link_id,from_node_id,to_node_id,link_type,directed,length,lanes,capacity,free_speed,vdf_fftt,vdf_alpha,vdf_beta,allowed_uses
1,1,66,movement,1,1.0,1,600.0,30,2.0,0.15,4.0,auto
2,1,73,movement,1,1.0,1,600.0,30,2.0,0.15,4.0,auto
3,1,65,waiting,1,1.0,1,100000.0,30,0.5,0.15,4.0,auto
4,2,67,movement,1,1.0,1,600.0,30,2.0,0.15,4.0,auto
5,2,74,movement,1,1.0,1,600.0,30,2.0,0.15,4.0,auto
6,2,65,movement,1,1.0,1,600.0,30,2.0,0.15,4.0,auto
7,2,66,waiting,1,1.0,1,100000.0,30,0.5,0.15,4.0,auto
8,3,68,movement,1,1.0,1,600.0,30,2.0,0.15,4.0,auto
9,3,75,movement,1,1.0,1,600.0,30,2.0,0.15,4.0,auto
10,3,66,movement,1,1.0,1,600.0,30,2.0,0.15,4.0,auto
11,3,67,waiting,1,1.0,1,100000.0,30,0.5,0.15,4.0,auto
12,4,69,movement,1,1.0,1,600.0,30,2.0,0.15,4.0,auto
13,4,76,movement,1,1.0,1,600.0,30,2.0,0.15,4.0,auto
14,4,67,movement,1,1.0,1,600.0,30,2.0,0.15,4.0,auto
15,4,68,waiting,1,1.0,1,100000.0,30,0.5,0.15,4.0,auto
16,5,70,movement,1,1.0,1,600.0,30,2.0,0.15,4.0,auto
17,5,77,movement,1,1.0,1,600.0,30,2.0,0.15,4.0,auto
18,5,68,movement,1,1.0,1,600.0,30,2.0,0.15,4.0,auto
19,5,69,waiting,1,1.0,1,100000.0,30,0.5,0.15,4.0,auto
20,6,71,movement,1,1.0,1,600.0,30,2.0,0.15,4.0,auto
21,6,78,movement,1,1.0,1,600.0,30,2.0,0.15,4.0,auto
22,6,69,movement,1,1.0,1,600.0,30,2.0,0.15,4.0,auto
23,6,70,waiting,1,1.0,1,100000.0,30,0.5,0.15,4.0,auto
24,7,72,movement,1,1.0,1,600.0,30,2.0,0.15,4.0,auto
25,7,79,movement,1,1.0,1,600.0,30,2.0,0.15,4.0,auto
26,7,70,movement,1,1.0,1,600.0,30,2.0,0.15,4.0,auto
27,7,71,waiting,1,1.0,1,100000.0,30,0.5,0.15,4.0,auto
28,8,80,movement,1,1.0,1,600.0,30,2.0,0.15,4.0,auto
29,8,71,movement,1,1.0,1,600.0,30,2.0,0.15,4.0,auto
30,8,72,waiting,1,1.0,1,100000.0,30,0.5,0.15,4.0,auto
31,9,74,movement,1,1.0,1,600.0,30,2.0,0.15,4.0,auto
32,9,81,movement,1,1.0,1,600.0,30,2.0,0.15,4.0,auto
33,9,65,movement,1,1.0,1,600.0,30,2.0,0.15,4.0,auto
34,9,73,waiting,1,1.0,1,100000.0,30,0.5,0.15,4.0,auto
35,10,75,movement,1,1.0,1,600.0,30,2.0,0.15,4.0,auto
36,10,82,movement,1,1.0,1,600.0,30,2.0,0.15,4.0,auto
37,10,73,movement,1,1.0,1,600.0,30,2.0,0.15,4.0,auto
38,10,66,movement,1,1.0,1,600.0,30,2.0,0.15,4.0,auto
39,10,74,waiting,1,1.0,1,100000.0,30,0.5,0.15,4.0,auto
40,11,76,movement,1,1.0,1,600.0,30,2.0,0.15,4.0,auto
41,11,83,movement,1,1.0,1,600.0,30,2.0,0.15,4.0,auto
42,11,74,movement,1,1.0,1,600.0,30,2.0,0.15,4.0,auto
43,11,67,movement,1,1.0,1,600.0,30,2.0,0.15,4.0,auto
44,11,75,waiting,1,1.0,1,100000.0,30,0.5,0.15,4.0,auto
45,12,77,movement,1,1.0,1,600.0,30,2.0,0.15,4.0,auto
46,12,84,movement,1,1.0,1,600.0,30,2.0,0.15,4.0,auto
47,12,75,movement,1,1.0,1,600.0,30,2.0,0.15,4.0,auto
48,12,68,movement,1,1.0,1,600.0,30,2.0,0.15,4.0,auto
49,12,76,waiting,1,1.0,1,100000.0,30,0.5,0.15,4.0,auto
50,13,78,movement,1,1.0,1,600.0,30,2.0,0.15,4.0,auto
51,13,85,movement,1,1.0,1,600.0,30,2.0,0.15,4.0,auto
52,13,76,movement,1,1.0,1,600.0,30,2.0,0.15,4.0,auto
53,13,69,movement,1,1.0,1,600.0,30,2.0,0.15,4.0,auto
54,13,77,waiting,1,1.0,1,100000.0,30,0.5,0.15,4.0,auto
55,14,79,movement,1,1.0,1,600.0,30,2.0,0.15,4.0,auto
56,14,86,movement,1,1.0,1,600.0,30,2.0,0.15,4.0,auto
57,14,77,movement,1,1.0,1,600.0,30,2.0,0.15,4.0,auto
58,14,70,movement,1,1.0,1,600.0,30,2.0,0.15,4.0,auto
59,14,78,waiting,1,1.0,1,100000.0,30,0.5,0.15,4.0,auto
60,15,80,movement,1,1.0,1,600.0,30,2.0,0.15,4.0,auto
61,15,87,movement,1,1.0,1,600.0,30,2.0,0.15,4.0,auto
62,15,78,movement,1,1.0,1,600.0,30,2.0,0.15,4.0,auto
63,15,71,movement,1,1.0,1,600.0,30,2.0,0.15,4.0,auto
64,15,79,waiting,1,1.0,1,100000.0,30,0.5,0.15,4.0,auto
65,16,88,movement,1,1.0,1,600.0,30,2.0,0.15,4.0,auto
66,16,79,movement,1,1.0,1,600.0,30,2.0,0.15,4.0,auto
67,16,72,movement,1,1.0,1,600.0,30,2.0,0.15,4.0,auto
68,16,80,waiting,1,1.0,1,100000.0,30,0.5,0.15,4.0,auto
69,17,82,movement,1,1.0,1,600.0,30,2.0,0.15,4.0,auto
70,17,89,movement,1,1.0,1,600.0,30,2.0,0.15,4.0,auto
71,17,73,movement,1,1.0,1,600.0,30,2.0,0.15,4.0,auto
72,17,81,waiting,1,1.0,1,100000.0,30,0.5,0.15,4.0,auto
73,18,83,movement,1,1.0,1,600.0,30,2.0,0.15,4.0,auto
74,18,90,movement,1,1.0,1,600.0,30,2.0,0.15,4.0,auto
75,18,81,movement,1,1.0,1,600.0,30,2.0,0.15,4.0,auto
76,18,74,movement,1,1.0,1,600.0,30,2.0,0.15,4.0,auto
77,18,82,waiting,1,1.0,1,100000.0,30,0.5,0.15,4.0,auto
78,19,84,movement,1,1.0,1,600.0,30,2.0,0.15,4.0,auto
79,19,91,movement,1,1.0,1,600.0,30,2.0,0.15,4.0,auto
80,19,82,movement,1,1.0,1,600.0,30,2.0,0.15,4.0,auto
81,19,75,movement,1,1.0,1,600.0,30,2.0,0.15,4.0,auto
82,19,83,waiting,1,1.0,1,100000.0,30,0.5,0.15,4.0,auto
83,20,85,movement,1,1.0,1,600.0,30,2.0,0.15,4.0,auto
84,20,92,movement,1,1.0,1,600.0,30,2.0,0.15,4.0,auto
85,20,83,movement,1,1.0,1,600.0,30,2.0,0.15,4.0,auto
86,20,76,movement,1,1.0,1,600.0,30,2.0,0.15,4.0,auto
87,20,84,waiting,1,1.0,1,100000.0,30,0.5,0.15,4.0,auto
88,21,86,movement,1,1.0,1,600.0,30,2.0,0.15,4.0,auto
89,21,93,movement,1,1.0,1,600.0,30,2.0,0.15,4.0,auto
90,21,84,movement,1,1.0,1,600.0,30,2.0,0.15,4.0,auto
91,21,77,movement,1,1.0,1,600.0,30,2.0,0.15,4.0,auto
92,21,85,waiting,1,1.0,1,100000.0,30,0.5,0.15,4.0,auto
93,22,87,movement,1,1.0,1,600.0,30,2.0,0.15,4.0,auto
94,22,94,movement,1,1.0,1,600.0,30,2.0,0.15,4.0,auto
95,22,85,movement,1,1.0,1,600.0,30,2.0,0.15,4.0,auto
96,22,78,movement,1,1.0,1,600.0,30,2.0,0.15,4.0,auto
97,22,86,waiting,1,1.0,1,100000.0,30,0.5,0.15,4.0,auto
98,23,88,movement,1,1.0,1,600.0,30,2.0,0.15,4.0,auto
99,23,95,movement,1,1.0,1,600.0,30,2.0,0.15,4.0,auto
100,23,86,movement,1,1.0,1,600.0,30,2.0,0.15,4.0,auto
101,23,79,movement,1,1.0,1,600.0,30,2.0,0.15,4.0,auto
102,23,87,waiting,1,1.0,1,100000.0,30,0.5,0.15,4.0,auto
103,24,96,movement,1,1.0,1,600.0,30,2.0,0.15,4.0,auto
104,24,87,movement,1,1.0,1,600.0,30,2.0,0.15,4.0,auto
105,24,80,movement,1,1.0,1,600.0,30,2.0,0.15,4.0,auto
106,24,88,waiting,1,1.0,1,100000.0,30,0.5,0.15,4.0,auto
107,25,90,movement,1,1.0,1,600.0,30,2.0,0.15,4.0,auto
108,25,97,movement,1,1.0,1,600.0,30,2.0,0.15,4.0,auto
109,25,81,movement,1,1.0,1,600.0,30,2.0,0.15,4.0,auto
110,25,89,waiting,1,1.0,1,100000.0,30,0.5,0.15,4.0,auto
111,26,91,movement,1,1.0,1,600.0,30,2.0,0.15,4.0,auto
112,26,98,movement,1,1.0,1,600.0,30,2.0,0.15,4.0,auto
113,26,89,movement,1,1.0,1,600.0,30,2.0,0.15,4.0,auto
114,26,82,movement,1,1.0,1,600.0,30,2.0,0.15,4.0,auto
115,26,90,waiting,1,1.0,1,100000.0,30,0.5,0.15,4.0,auto
116,27,92,movement,1,1.0,1,600.0,30,2.0,0.15,4.0,auto
117,27,99,movement,1,1.0,1,600.0,30,2.0,0.15,4.0,auto
118,27,90,movement,1,1.0,1,600.0,30,2.0,0.15,4.0,auto
119,27,83,movement,1,1.0,1,600.0,30,2.0,0.15,4.0,auto
120,27,91,waiting,1,1.0,1,100000.0,30,0.5,0.15,4.0,auto
121,28,93,movement,1,1.0,1,600.0,30,2.0,0.15,4.0,auto
122,28,100,movement,1,1.0,1,600.0,30,2.0,0.15,4.0,auto
123,28,91,movement,1,1.0,1,600.0,30,2.0,0.15,4.0,auto
124,28,84,movement,1,1.0,1,600.0,30,2.0,0.15,4.0,auto
125,28,92,waiting,1,1.0,1,100000.0,30,0.5,0.15,4.0,auto
126,29,94,movement,1,1.0,1,600.0,30,2.0,0.15,4.0,auto
127,29,101,movement,1,1.0,1,600.0,30,2.0,0.15,4.0,auto
128,29,92,movement,1,1.0,1,600.0,30,2.0,0.15,4.0,auto
129,29,85,movement,1,1.0,1,600.0,30,2.0,0.15,4.0,auto
130,29,93,waiting,1,1.0,1,100000.0,30,0.5,0.15,4.0,auto
131,30,95,movement,1,1.0,1,600.0,30,2.0,0.15,4.0,auto
132,30,102,movement,1,1.0,1,600.0,30,2.0,0.15,4.0,auto
133,30,93,movement,1,1.0,1,600.0,30,2.0,0.15,4.0,auto
134,30,86,movement,1,1.0,1,600.0,30,2.0,0.15,4.0,auto
135,30,94,waiting,1,1.0,1,100000.0,30,0.5,0.15,4.0,auto
136,31,96,movement,1,1.0,1,600.0,30,2.0,0.15,4.0,auto
137,31,103,movement,1,1.0,1,600.0,30,2.0,0.15,4.0,auto
138,31,94,movement,1,1.0,1,600.0,30,2.0,0.15,4.0,auto
139,31,87,movement,1,1.0,1,600.0,30,2.0,0.15,4.0,auto
140,31,95,waiting,1,1.0,1,100000.0,30,0.5,0.15,4.0,auto
141,32,104,movement,1,1.0,1,600.0,30,2.0,0.15,4.0,auto
142,32,95,movement,1,1.0,1,600.0,30,2.0,0.15,4.0,auto
143,32,88,movement,1,1.0,1,600.0,30,2.0,0.15,4.0,auto
144,32,96,waiting,1,1.0,1,100000.0,30,0.5,0.15,4.0,auto
145,33,98,movement,1,1.0,1,600.0,30,2.0,0.15,4.0,auto
146,33,105,movement,1,1.0,1,600.0,30,2.0,0.15,4.0,auto
147,33,89,movement,1,1.0,1,600.0,30,2.0,0.15,4.0,auto
148,33,97,waiting,1,1.0,1,100000.0,30,0.5,0.15,4.0,auto
149,34,99,movement,1,1.0,1,600.0,30,2.0,0.15,4.0,auto
150,34,106,movement,1,1.0,1,600.0,30,2.0,0.15,4.0,auto
151,34,97,movement,1,1.0,1,600.0,30,2.0,0.15,4.0,auto
152,34,90,movement,1,1.0,1,600.0,30,2.0,0.15,4.0,auto
153,34,98,waiting,1,1.0,1,100000.0,30,0.5,0.15,4.0,auto
154,35,100,movement,1,1.0,1,600.0,30,2.0,0.15,4.0,auto
155,35,107,movement,1,1.0,1,600.0,30,2.0,0.15,4.0,auto
156,35,98,movement,1,1.0,1,600.0,30,2.0,0.15,4.0,auto
157,35,91,movement,1,1.0,1,600.0,30,2.0,0.15,4.0,auto
158,35,99,waiting,1,1.0,1,100000.0,30,0.5,0.15,4.0,auto
159,36,101,movement,1,1.0,1,600.0,30,2.0,0.15,4.0,auto
160,36,108,movement,1,1.0,1,600.0,30,2.0,0.15,4.0,auto
161,36,99,movement,1,1.0,1,600.0,30,2.0,0.15,4.0,auto
162,36,92,movement,1,1.0,1,600.0,30,2.0,0.15,4.0,auto
163,36,100,waiting,1,1.0,1,100000.0,30,0.5,0.15,4.0,auto
164,37,102,movement,1,1.0,1,600.0,30,2.0,0.15,4.0,auto
165,37,109,movement,1,1.0,1,600.0,30,2.0,0.15,4.0,auto
166,37,100,movement,1,1.0,1,600.0,30,2.0,0.15,4.0,auto
167,37,93,movement,1,1.0,1,600.0,30,2.0,0.15,4.0,auto
168,37,101,waiting,1,1.0,1,100000.0,30,0.5,0.15,4.0,auto
169,38,103,movement,1,1.0,1,600.0,30,2.0,0.15,4.0,auto
170,38,110,movement,1,1.0,1,600.0,30,2.0,0.15,4.0,auto
171,38,101,movement,1,1.0,1,600.0,30,2.0,0.15,4.0,auto
172,38,94,movement,1,1.0,1,600.0,30,2.0,0.15,4.0,auto
173,38,102,waiting,1,1.0,1,100000.0,30,0.5,0.15,4.0,auto
174,39,104,movement,1,1.0,1,600.0,30,2.0,0.15,4.0,auto
175,39,111,movement,1,1.0,1,600.0,30,2.0,0.15,4.0,auto
176,39,102,movement,1,1.0,1,600.0,30,2.0,0.15,4.0,auto
177,39,95,movement,1,1.0,1,600.0,30,2.0,0.15,4.0,auto
178,39,103,waiting,1,1.0,1,100000.0,30,0.5,0.15,4.0,auto
179,40,112,movement,1,1.0,1,600.0,30,2.0,0.15,4.0,auto
180,40,103,movement,1,1.0,1,600.0,30,2.0,0.15,4.0,auto
181,40,96,movement,1,1.0,1,600.0,30,2.0,0.15,4.0,auto
182,40,104,waiting,1,1.0,1,100000.0,30,0.5,0.15,4.0,auto
183,41,106,movement,1,1.0,1,600.0,30,2.0,0.15,4.0,auto
184,41,113,movement,1,1.0,1,600.0,30,2.0,0.15,4.0,auto
185,41,97,movement,1,1.0,1,600.0,30,2.0,0.15,4.0,auto
186,41,105,waiting,1,1.0,1,100000.0,30,0.5,0.15,4.0,auto
187,42,107,movement,1,1.0,1,600.0,30,2.0,0.15,4.0,auto
188,42,114,movement,1,1.0,1,600.0,30,2.0,0.15,4.0,auto
189,42,105,movement,1,1.0,1,600.0,30,2.0,0.15,4.0,auto
190,42,98,movement,1,1.0,1,600.0,30,2.0,0.15,4.0,auto
191,42,106,waiting,1,1.0,1,100000.0,30,0.5,0.15,4.0,auto
192,43,108,movement,1,1.0,1,600.0,30,2.0,0.15,4.0,auto
193,43,115,movement,1,1.0,1,600.0,30,2.0,0.15,4.0,auto
194,43,106,movement,1,1.0,1,600.0,30,2.0,0.15,4.0,auto
195,43,99,movement,1,1.0,1,600.0,30,2.0,0.15,4.0,auto
196,43,107,waiting,1,1.0,1,100000.0,30,0.5,0.15,4.0,auto
197,44,109,movement,1,1.0,1,600.0,30,2.0,0.15,4.0,auto
198,44,116,movement,1,1.0,1,600.0,30,2.0,0.15,4.0,auto
199,44,107,movement,1,1.0,1,600.0,30,2.0,0.15,4.0,auto
200,44,100,movement,1,1.0,1,600.0,30,2.0,0.15,4.0,auto
201,44,108,waiting,1,1.0,1,100000.0,30,0.5,0.15,4.0,auto
202,45,110,movement,1,1.0,1,600.0,30,2.0,0.15,4.0,auto
203,45,117,movement,1,1.0,1,600.0,30,2.0,0.15,4.0,auto
204,45,108,movement,1,1.0,1,600.0,30,2.0,0.15,4.0,auto
205,45,101,movement,1,1.0,1,600.0,30,2.0,0.15,4.0,auto
206,45,109,waiting,1,1.0,1,100000.0,30,0.5,0.15,4.0,auto
207,46,111,movement,1,1.0,1,600.0,30,2.0,0.15,4.0,auto
208,46,118,movement,1,1.0,1,600.0,30,2.0,0.15,4.0,auto
209,46,109,movement,1,1.0,1,600.0,30,2.0,0.15,4.0,auto
210,46,102,movement,1,1.0,1,600.0,30,2.0,0.15,4.0,auto
211,46,110,waiting,1,1.0,1,100000.0,30,0.5,0.15,4.0,auto
212,47,112,movement,1,1.0,1,600.0,30,2.0,0.15,4.0,auto
213,47,119,movement,1,1.0,1,600.0,30,2.0,0.15,4.0,auto
214,47,110,movement,1,1.0,1,600.0,30,2.0,0.15,4.0,auto
215,47,103,movement,1,1.0,1,600.0,30,2.0,0.15,4.0,auto
216,47,111,waiting,1,1.0,1,100000.0,30,0.5,0.15,4.0,auto
217,48,120,movement,1,1.0,1,600.0,30,2.0,0.15,4.0,auto
218,48,111,movement,1,1.0,1,600.0,30,2.0,0.15,4.0,auto
219,48,104,movement,1,1.0,1,600.0,30,2.0,0.15,4.0,auto
220,48,112,waiting,1,1.0,1,100000.0,30,0.5,0.15,4.0,auto
221,49,114,movement,1,1.0,1,600.0,30,2.0,0.15,4.0,auto
222,49,121,movement,1,1.0,1,600.0,30,2.0,0.15,4.0,auto
223,49,105,movement,1,1.0,1,600.0,30,2.0,0.15,4.0,auto
224,49,113,waiting,1,1.0,1,100000.0,30,0.5,0.15,4.0,auto
225,50,115,movement,1,1.0,1,600.0,30,2.0,0.15,4.0,auto
226,50,122,movement,1,1.0,1,600.0,30,2.0,0.15,4.0,auto
227,50,113,movement,1,1.0,1,600.0,30,2.0,0.15,4.0,auto
228,50,106,movement,1,1.0,1,600.0,30,2.0,0.15,4.0,auto
229,50,114,waiting,1,1.0,1,100000.0,30,0.5,0.15,4.0,auto
230,51,116,movement,1,1.0,1,600.0,30,2.0,0.15,4.0,auto
231,51,123,movement,1,1.0,1,600.0,30,2.0,0.15,4.0,auto
232,51,114,movement,1,1.0,1,600.0,30,2.0,0.15,4.0,auto
233,51,107,movement,1,1.0,1,600.0,30,2.0,0.15,4.0,auto
234,51,115,waiting,1,1.0,1,100000.0,30,0.5,0.15,4.0,auto
235,52,117,movement,1,1.0,1,600.0,30,2.0,0.15,4.0,auto
236,52,124,movement,1,1.0,1,600.0,30,2.0,0.15,4.0,auto
237,52,115,movement,1,1.0,1,600.0,30,2.0,0.15,4.0,auto
238,52,108,movement,1,1.0,1,600.0,30,2.0,0.15,4.0,auto
239,52,116,waiting,1,1.0,1,100000.0,30,0.5,0.15,4.0,auto
240,53,118,movement,1,1.0,1,600.0,30,2.0,0.15,4.0,auto
241,53,125,movement,1,1.0,1,600.0,30,2.0,0.15,4.0,auto
242,53,116,movement,1,1.0,1,600.0,30,2.0,0.15,4.0,auto
243,53,109,movement,1,1.0,1,600.0,30,2.0,0.15,4.0,auto
244,53,117,waiting,1,1.0,1,100000.0,30,0.5,0.15,4.0,auto
245,54,119,movement,1,1.0,1,600.0,30,2.0,0.15,4.0,auto
246,54,126,movement,1,1.0,1,600.0,30,2.0,0.15,4.0,auto
247,54,117,movement,1,1.0,1,600.0,30,2.0,0.15,4.0,auto
248,54,110,movement,1,1.0,1,600.0,30,2.0,0.15,4.0,auto
249,54,118,waiting,1,1.0,1,100000.0,30,0.5,0.15,4.0,auto
250,55,120,movement,1,1.0,1,600.0,30,2.0,0.15,4.0,auto
251,55,127,movement,1,1.0,1,600.0,30,2.0,0.15,4.0,auto
252,55,118,movement,1,1.0,1,600.0,30,2.0,0.15,4.0,auto
253,55,111,movement,1,1.0,1,600.0,30,2.0,0.15,4.0,auto
254,55,119,waiting,1,1.0,1,100000.0,30,0.5,0.15,4.0,auto
255,56,128,movement,1,1.0,1,600.0,30,2.0,0.15,4.0,auto
256,56,119,movement,1,1.0,1,600.0,30,2.0,0.15,4.0,auto
257,56,112,movement,1,1.0,1,600.0,30,2.0,0.15,4.0,auto
258,56,120,waiting,1,1.0,1,100000.0,30,0.5,0.15,4.0,auto
259,57,122,movement,1,1.0,1,600.0,30,2.0,0.15,4.0,auto
260,57,113,movement,1,1.0,1,600.0,30,2.0,0.15,4.0,auto
261,57,121,waiting,1,1.0,1,100000.0,30,0.5,0.15,4.0,auto
262,58,123,movement,1,1.0,1,600.0,30,2.0,0.15,4.0,auto
263,58,121,movement,1,1.0,1,600.0,30,2.0,0.15,4.0,auto
264,58,114,movement,1,1.0,1,600.0,30,2.0,0.15,4.0,auto
265,58,122,waiting,1,1.0,1,100000.0,30,0.5,0.15,4.0,auto
266,59,124,movement,1,1.0,1,600.0,30,2.0,0.15,4.0,auto
267,59,122,movement,1,1.0,1,600.0,30,2.0,0.15,4.0,auto
268,59,115,movement,1,1.0,1,600.0,30,2.0,0.15,4.0,auto
269,59,123,waiting,1,1.0,1,100000.0,30,0.5,0.15,4.0,auto
270,60,125,movement,1,1.0,1,600.0,30,2.0,0.15,4.0,auto
271,60,123,movement,1,1.0,1,600.0,30,2.0,0.15,4.0,auto
272,60,116,movement,1,1.0,1,600.0,30,2.0,0.15,4.0,auto
273,60,124,waiting,1,1.0,1,100000.0,30,0.5,0.15,4.0,auto
274,61,126,movement,1,1.0,1,600.0,30,2.0,0.15,4.0,auto
275,61,124,movement,1,1.0,1,600.0,30,2.0,0.15,4.0,auto
276,61,117,movement,1,1.0,1,600.0,30,2.0,0.15,4.0,auto
277,61,125,waiting,1,1.0,1,100000.0,30,0.5,0.15,4.0,auto
278,62,127,movement,1,1.0,1,600.0,30,2.0,0.15,4.0,auto
279,62,125,movement,1,1.0,1,600.0,30,2.0,0.15,4.0,auto
280,62,118,movement,1,1.0,1,600.0,30,2.0,0.15,4.0,auto
281,62,126,waiting,1,1.0,1,100000.0,30,0.5,0.15,4.0,auto
282,63,128,movement,1,1.0,1,600.0,30,2.0,0.15,4.0,auto
283,63,126,movement,1,1.0,1,600.0,30,2.0,0.15,4.0,auto
284,63,119,movement,1,1.0,1,600.0,30,2.0,0.15,4.0,auto
285,63,127,waiting,1,1.0,1,100000.0,30,0.5,0.15,4.0,auto
286,64,127,movement,1,1.0,1,600.0,30,2.0,0.15,4.0,auto
287,64,120,movement,1,1.0,1,600.0,30,2.0,0.15,4.0,auto
288,64,128,waiting,1,1.0,1,100000.0,30,0.5,0.15,4.0,auto
289,65,130,movement,1,1.0,1,600.0,30,2.0,0.15,4.0,auto
290,65,137,movement,1,1.0,1,600.0,30,2.0,0.15,4.0,auto
291,65,129,waiting,1,1.0,1,100000.0,30,0.5,0.15,4.0,auto
292,66,131,movement,1,1.0,1,600.0,30,2.0,0.15,4.0,auto
293,66,138,movement,1,1.0,1,600.0,30,2.0,0.15,4.0,auto
294,66,129,movement,1,1.0,1,600.0,30,2.0,0.15,4.0,auto
295,66,130,waiting,1,1.0,1,100000.0,30,0.5,0.15,4.0,auto
296,67,132,movement,1,1.0,1,600.0,30,2.0,0.15,4.0,auto
297,67,139,movement,1,1.0,1,600.0,30,2.0,0.15,4.0,auto
298,67,130,movement,1,1.0,1,600.0,30,2.0,0.15,4.0,auto
299,67,131,waiting,1,1.0,1,100000.0,30,0.5,0.15,4.0,auto
300,68,133,movement,1,1.0,1,600.0,30,2.0,0.15,4.0,auto
301,68,140,movement,1,1.0,1,600.0,30,2.0,0.15,4.0,auto
302,68,131,movement,1,1.0,1,600.0,30,2.0,0.15,4.0,auto
303,68,132,waiting,1,1.0,1,100000.0,30,0.5,0.15,4.0,auto
304,69,134,movement,1,1.0,1,600.0,30,2.0,0.15,4.0,auto
305,69,141,movement,1,1.0,1,600.0,30,2.0,0.15,4.0,auto
306,69,132,movement,1,1.0,1,600.0,30,2.0,0.15,4.0,auto
307,69,133,waiting,1,1.0,1,100000.0,30,0.5,0.15,4.0,auto
308,70,135,movement,1,1.0,1,600.0,30,2.0,0.15,4.0,auto
309,70,142,movement,1,1.0,1,600.0,30,2.0,0.15,4.0,auto
310,70,133,movement,1,1.0,1,600.0,30,2.0,0.15,4.0,auto
311,70,134,waiting,1,1.0,1,100000.0,30,0.5,0.15,4.0,auto
312,71,136,movement,1,1.0,1,600.0,30,2.0,0.15,4.0,auto
313,71,143,movement,1,1.0,1,600.0,30,2.0,0.15,4.0,auto
314,71,134,movement,1,1.0,1,600.0,30,2.0,0.15,4.0,auto
315,71,135,waiting,1,1.0,1,100000.0,30,0.5,0.15,4.0,auto
316,72,144,movement,1,1.0,1,600.0,30,2.0,0.15,4.0,auto
317,72,135,movement,1,1.0,1,600.0,30,2.0,0.15,4.0,auto
318,72,136,waiting,1,1.0,1,100000.0,30,0.5,0.15,4.0,auto
319,73,138,movement,1,1.0,1,600.0,30,2.0,0.15,4.0,auto
320,73,145,movement,1,1.0,1,600.0,30,2.0,0.15,4.0,auto
321,73,129,movement,1,1.0,1,600.0,30,2.0,0.15,4.0,auto
322,73,137,waiting,1,1.0,1,100000.0,30,0.5,0.15,4.0,auto
323,74,139,movement,1,1.0,1,600.0,30,2.0,0.15,4.0,auto
324,74,146,movement,1,1.0,1,600.0,30,2.0,0.15,4.0,auto
325,74,137,movement,1,1.0,1,600.0,30,2.0,0.15,4.0,auto
326,74,130,movement,1,1.0,1,600.0,30,2.0,0.15,4.0,auto
327,74,138,waiting,1,1.0,1,100000.0,30,0.5,0.15,4.0,auto
328,75,140,movement,1,1.0,1,600.0,30,2.0,0.15,4.0,auto
329,75,147,movement,1,1.0,1,600.0,30,2.0,0.15,4.0,auto
330,75,138,movement,1,1.0,1,600.0,30,2.0,0.15,4.0,auto
331,75,131,movement,1,1.0,1,600.0,30,2.0,0.15,4.0,auto
332,75,139,waiting,1,1.0,1,100000.0,30,0.5,0.15,4.0,auto
333,76,141,movement,1,1.0,1,600.0,30,2.0,0.15,4.0,auto
334,76,148,movement,1,1.0,1,600.0,30,2.0,0.15,4.0,auto
335,76,139,movement,1,1.0,1,600.0,30,2.0,0.15,4.0,auto
336,76,132,movement,1,1.0,1,600.0,30,2.0,0.15,4.0,auto
337,76,140,waiting,1,1.0,1,100000.0,30,0.5,0.15,4.0,auto
338,77,142,movement,1,1.0,1,600.0,30,2.0,0.15,4.0,auto
339,77,149,movement,1,1.0,1,600.0,30,2.0,0.15,4.0,auto
340,77,140,movement,1,1.0,1,600.0,30,2.0,0.15,4.0,auto
341,77,133,movement,1,1.0,1,600.0,30,2.0,0.15,4.0,auto
342,77,141,waiting,1,1.0,1,100000.0,30,0.5,0.15,4.0,auto
343,78,143,movement,1,1.0,1,600.0,30,2.0,0.15,4.0,auto
344,78,150,movement,1,1.0,1,600.0,30,2.0,0.15,4.0,auto
345,78,141,movement,1,1.0,1,600.0,30,2.0,0.15,4.0,auto
346,78,134,movement,1,1.0,1,600.0,30,2.0,0.15,4.0,auto
347,78,142,waiting,1,1.0,1,100000.0,30,0.5,0.15,4.0,auto
348,79,144,movement,1,1.0,1,600.0,30,2.0,0.15,4.0,auto
349,79,151,movement,1,1.0,1,600.0,30,2.0,0.15,4.0,auto
350,79,142,movement,1,1.0,1,600.0,30,2.0,0.15,4.0,auto
351,79,135,movement,1,1.0,1,600.0,30,2.0,0.15,4.0,auto
352,79,143,waiting,1,1.0,1,100000.0,30,0.5,0.15,4.0,auto
353,80,152,movement,1,1.0,1,600.0,30,2.0,0.15,4.0,auto
354,80,143,movement,1,1.0,1,600.0,30,2.0,0.15,4.0,auto
355,80,136,movement,1,1.0,1,600.0,30,2.0,0.15,4.0,auto
356,80,144,waiting,1,1.0,1,100000.0,30,0.5,0.15,4.0,auto
357,81,146,movement,1,1.0,1,600.0,30,2.0,0.15,4.0,auto
358,81,153,movement,1,1.0,1,600.0,30,2.0,0.15,4.0,auto
359,81,137,movement,1,1.0,1,600.0,30,2.0,0.15,4.0,auto
360,81,145,waiting,1,1.0,1,100000.0,30,0.5,0.15,4.0,auto
361,82,147,movement,1,1.0,1,600.0,30,2.0,0.15,4.0,auto
362,82,154,movement,1,1.0,1,600.0,30,2.0,0.15,4.0,auto
363,82,145,movement,1,1.0,1,600.0,30,2.0,0.15,4.0,auto
364,82,138,movement,1,1.0,1,600.0,30,2.0,0.15,4.0,auto
365,82,146,waiting,1,1.0,1,100000.0,30,0.5,0.15,4.0,auto
366,83,148,movement,1,1.0,1,600.0,30,2.0,0.15,4.0,auto
367,83,155,movement,1,1.0,1,600.0,30,2.0,0.15,4.0,auto
368,83,146,movement,1,1.0,1,600.0,30,2.0,0.15,4.0,auto
369,83,139,movement,1,1.0,1,600.0,30,2.0,0.15,4.0,auto
370,83,147,waiting,1,1.0,1,100000.0,30,0.5,0.15,4.0,auto
371,84,149,movement,1,1.0,1,600.0,30,2.0,0.15,4.0,auto
372,84,156,movement,1,1.0,1,600.0,30,2.0,0.15,4.0,auto
373,84,147,movement,1,1.0,1,600.0,30,2.0,0.15,4.0,auto
374,84,140,movement,1,1.0,1,600.0,30,2.0,0.15,4.0,auto
375,84,148,waiting,1,1.0,1,100000.0,30,0.5,0.15,4.0,auto
376,85,150,movement,1,1.0,1,600.0,30,2.0,0.15,4.0,auto
377,85,157,movement,1,1.0,1,600.0,30,2.0,0.15,4.0,auto
378,85,148,movement,1,1.0,1,600.0,30,2.0,0.15,4.0,auto
379,85,141,movement,1,1.0,1,600.0,30,2.0,0.15,4.0,auto
380,85,149,waiting,1,1.0,1,100000.0,30,0.5,0.15,4.0,auto
381,86,151,movement,1,1.0,1,600.0,30,2.0,0.15,4.0,auto
382,86,158,movement,1,1.0,1,600.0,30,2.0,0.15,4.0,auto
383,86,149,movement,1,1.0,1,600.0,30,2.0,0.15,4.0,auto
384,86,142,movement,1,1.0,1,600.0,30,2.0,0.15,4.0,auto
385,86,150,waiting,1,1.0,1,100000.0,30,0.5,0.15,4.0,auto
386,87,152,movement,1,1.0,1,600.0,30,2.0,0.15,4.0,auto
387,87,159,movement,1,1.0,1,600.0,30,2.0,0.15,4.0,auto
388,87,150,movement,1,1.0,1,600.0,30,2.0,0.15,4.0,auto
389,87,143,movement,1,1.0,1,600.0,30,2.0,0.15,4.0,auto
390,87,151,waiting,1,1.0,1,100000.0,30,0.5,0.15,4.0,auto
391,88,160,movement,1,1.0,1,600.0,30,2.0,0.15,4.0,auto
392,88,151,movement,1,1.0,1,600.0,30,2.0,0.15,4.0,auto
393,88,144,movement,1,1.0,1,600.0,30,2.0,0.15,4.0,auto
394,88,152,waiting,1,1.0,1,100000.0,30,0.5,0.15,4.0,auto
395,89,154,movement,1,1.0,1,600.0,30,2.0,0.15,4.0,auto
396,89,161,movement,1,1.0,1,600.0,30,2.0,0.15,4.0,auto
397,89,145,movement,1,1.0,1,600.0,30,2.0,0.15,4.0,auto
398,89,153,waiting,1,1.0,1,100000.0,30,0.5,0.15,4.0,auto
399,90,155,movement,1,1.0,1,600.0,30,2.0,0.15,4.0,auto
400,90,162,movement,1,1.0,1,600.0,30,2.0,0.15,4.0,auto
401,90,153,movement,1,1.0,1,600.0,30,2.0,0.15,4.0,auto
402,90,146,movement,1,1.0,1,600.0,30,2.0,0.15,4.0,auto
403,90,154,waiting,1,1.0,1,100000.0,30,0.5,0.15,4.0,auto
404,91,156,movement,1,1.0,1,600.0,30,2.0,0.15,4.0,auto
405,91,163,movement,1,1.0,1,600.0,30,2.0,0.15,4.0,auto
406,91,154,movement,1,1.0,1,600.0,30,2.0,0.15,4.0,auto
407,91,147,movement,1,1.0,1,600.0,30,2.0,0.15,4.0,auto
408,91,155,waiting,1,1.0,1,100000.0,30,0.5,0.15,4.0,auto
409,92,157,movement,1,1.0,1,600.0,30,2.0,0.15,4.0,auto
410,92,164,movement,1,1.0,1,600.0,30,2.0,0.15,4.0,auto
411,92,155,movement,1,1.0,1,600.0,30,2.0,0.15,4.0,auto
412,92,148,movement,1,1.0,1,600.0,30,2.0,0.15,4.0,auto
413,92,156,waiting,1,1.0,1,100000.0,30,0.5,0.15,4.0,auto
414,93,158,movement,1,1.0,1,600.0,30,2.0,0.15,4.0,auto
415,93,165,movement,1,1.0,1,600.0,30,2.0,0.15,4.0,auto
416,93,156,movement,1,1.0,1,600.0,30,2.0,0.15,4.0,auto
417,93,149,movement,1,1.0,1,600.0,30,2.0,0.15,4.0,auto
418,93,157,waiting,1,1.0,1,100000.0,30,0.5,0.15,4.0,auto
419,94,159,movement,1,1.0,1,600.0,30,2.0,0.15,4.0,auto
420,94,166,movement,1,1.0,1,600.0,30,2.0,0.15,4.0,auto
421,94,157,movement,1,1.0,1,600.0,30,2.0,0.15,4.0,auto
422,94,150,movement,1,1.0,1,600.0,30,2.0,0.15,4.0,auto
423,94,158,waiting,1,1.0,1,100000.0,30,0.5,0.15,4.0,auto
424,95,160,movement,1,1.0,1,600.0,30,2.0,0.15,4.0,auto
425,95,167,movement,1,1.0,1,600.0,30,2.0,0.15,4.0,auto
426,95,158,movement,1,1.0,1,600.0,30,2.0,0.15,4.0,auto
427,95,151,movement,1,1.0,1,600.0,30,2.0,0.15,4.0,auto
428,95,159,waiting,1,1.0,1,100000.0,30,0.5,0.15,4.0,auto
429,96,168,movement,1,1.0,1,600.0,30,2.0,0.15,4.0,auto
430,96,159,movement,1,1.0,1,600.0,30,2.0,0.15,4.0,auto
431,96,152,movement,1,1.0,1,600.0,30,2.0,0.15,4.0,auto
432,96,160,waiting,1,1.0,1,100000.0,30,0.5,0.15,4.0,auto
433,97,162,movement,1,1.0,1,600.0,30,2.0,0.15,4.0,auto
434,97,169,movement,1,1.0,1,600.0,30,2.0,0.15,4.0,auto
435,97,153,movement,1,1.0,1,600.0,30,2.0,0.15,4.0,auto
436,97,161,waiting,1,1.0,1,100000.0,30,0.5,0.15,4.0,auto
437,98,163,movement,1,1.0,1,600.0,30,2.0,0.15,4.0,auto
438,98,170,movement,1,1.0,1,600.0,30,2.0,0.15,4.0,auto
439,98,161,movement,1,1.0,1,600.0,30,2.0,0.15,4.0,auto
440,98,154,movement,1,1.0,1,600.0,30,2.0,0.15,4.0,auto
441,98,162,waiting,1,1.0,1,100000.0,30,0.5,0.15,4.0,auto
442,99,164,movement,1,1.0,1,600.0,30,2.0,0.15,4.0,auto
443,99,171,movement,1,1.0,1,600.0,30,2.0,0.15,4.0,auto
444,99,162,movement,1,1.0,1,600.0,30,2.0,0.15,4.0,auto
445,99,155,movement,1,1.0,1,600.0,30,2.0,0.15,4.0,auto
446,99,163,waiting,1,1.0,1,100000.0,30,0.5,0.15,4.0,auto
447,100,165,movement,1,1.0,1,600.0,30,2.0,0.15,4.0,auto
448,100,172,movement,1,1.0,1,600.0,30,2.0,0.15,4.0,auto
449,100,163,movement,1,1.0,1,600.0,30,2.0,0.15,4.0,auto
450,100,156,movement,1,1.0,1,600.0,30,2.0,0.15,4.0,auto
451,100,164,waiting,1,1.0,1,100000.0,30,0.5,0.15,4.0,auto
452,101,166,movement,1,1.0,1,600.0,30,2.0,0.15,4.0,auto
453,101,173,movement,1,1.0,1,600.0,30,2.0,0.15,4.0,auto
454,101,164,movement,1,1.0,1,600.0,30,2.0,0.15,4.0,auto
455,101,157,movement,1,1.0,1,600.0,30,2.0,0.15,4.0,auto
456,101,165,waiting,1,1.0,1,100000.0,30,0.5,0.15,4.0,auto
457,102,167,movement,1,1.0,1,600.0,30,2.0,0.15,4.0,auto
458,102,174,movement,1,1.0,1,600.0,30,2.0,0.15,4.0,auto
459,102,165,movement,1,1.0,1,600.0,30,2.0,0.15,4.0,auto
460,102,158,movement,1,1.0,1,600.0,30,2.0,0.15,4.0,auto
461,102,166,waiting,1,1.0,1,100000.0,30,0.5,0.15,4.0,auto
462,103,168,movement,1,1.0,1,600.0,30,2.0,0.15,4.0,auto
463,103,175,movement,1,1.0,1,600.0,30,2.0,0.15,4.0,auto
464,103,166,movement,1,1.0,1,600.0,30,2.0,0.15,4.0,auto
465,103,159,movement,1,1.0,1,600.0,30,2.0,0.15,4.0,auto
466,103,167,waiting,1,1.0,1,100000.0,30,0.5,0.15,4.0,auto
467,104,176,movement,1,1.0,1,600.0,30,2.0,0.15,4.0,auto
468,104,167,movement,1,1.0,1,600.0,30,2.0,0.15,4.0,auto
469,104,160,movement,1,1.0,1,600.0,30,2.0,0.15,4.0,auto
470,104,168,waiting,1,1.0,1,100000.0,30,0.5,0.15,4.0,auto
471,105,170,movement,1,1.0,1,600.0,30,2.0,0.15,4.0,auto
472,105,177,movement,1,1.0,1,600.0,30,2.0,0.15,4.0,auto
473,105,161,movement,1,1.0,1,600.0,30,2.0,0.15,4.0,auto
474,105,169,waiting,1,1.0,1,100000.0,30,0.5,0.15,4.0,auto
475,106,171,movement,1,1.0,1,600.0,30,2.0,0.15,4.0,auto
476,106,178,movement,1,1.0,1,600.0,30,2.0,0.15,4.0,auto
477,106,169,movement,1,1.0,1,600.0,30,2.0,0.15,4.0,auto
478,106,162,movement,1,1.0,1,600.0,30,2.0,0.15,4.0,auto
479,106,170,waiting,1,1.0,1,100000.0,30,0.5,0.15,4.0,auto
480,107,172,movement,1,1.0,1,600.0,30,2.0,0.15,4.0,auto
481,107,179,movement,1,1.0,1,600.0,30,2.0,0.15,4.0,auto
482,107,170,movement,1,1.0,1,600.0,30,2.0,0.15,4.0,auto
483,107,163,movement,1,1.0,1,600.0,30,2.0,0.15,4.0,auto
484,107,171,waiting,1,1.0,1,100000.0,30,0.5,0.15,4.0,auto
485,108,173,movement,1,1.0,1,600.0,30,2.0,0.15,4.0,auto
486,108,180,movement,1,1.0,1,600.0,30,2.0,0.15,4.0,auto
487,108,171,movement,1,1.0,1,600.0,30,2.0,0.15,4.0,auto
488,108,164,movement,1,1.0,1,600.0,30,2.0,0.15,4.0,auto
489,108,172,waiting,1,1.0,1,100000.0,30,0.5,0.15,4.0,auto
490,109,174,movement,1,1.0,1,600.0,30,2.0,0.15,4.0,auto
491,109,181,movement,1,1.0,1,600.0,30,2.0,0.15,4.0,auto
492,109,172,movement,1,1.0,1,600.0,30,2.0,0.15,4.0,auto
493,109,165,movement,1,1.0,1,600.0,30,2.0,0.15,4.0,auto
494,109,173,waiting,1,1.0,1,100000.0,30,0.5,0.15,4.0,auto
495,110,175,movement,1,1.0,1,600.0,30,2.0,0.15,4.0,auto
496,110,182,movement,1,1.0,1,600.0,30,2.0,0.15,4.0,auto
497,110,173,movement,1,1.0,1,600.0,30,2.0,0.15,4.0,auto
498,110,166,movement,1,1.0,1,600.0,30,2.0,0.15,4.0,auto
499,110,174,waiting,1,1.0,1,100000.0,30,0.5,0.15,4.0,auto
500,111,176,movement,1,1.0,1,600.0,30,2.0,0.15,4.0,auto
501,111,183,movement,1,1.0,1,600.0,30,2.0,0.15,4.0,auto
502,111,174,movement,1,1.0,1,600.0,30,2.0,0.15,4.0,auto
503,111,167,movement,1,1.0,1,600.0,30,2.0,0.15,4.0,auto
504,111,175,waiting,1,1.0,1,100000.0,30,0.5,0.15,4.0,auto
505,112,184,movement,1,1.0,1,600.0,30,2.0,0.15,4.0,auto
506,112,175,movement,1,1.0,1,600.0,30,2.0,0.15,4.0,auto
507,112,168,movement,1,1.0,1,600.0,30,2.0,0.15,4.0,auto
508,112,176,waiting,1,1.0,1,100000.0,30,0.5,0.15,4.0,auto
509,113,178,movement,1,1.0,1,600.0,30,2.0,0.15,4.0,auto
510,113,185,movement,1,1.0,1,600.0,30,2.0,0.15,4.0,auto
511,113,169,movement,1,1.0,1,600.0,30,2.0,0.15,4.0,auto
512,113,177,waiting,1,1.0,1,100000.0,30,0.5,0.15,4.0,auto
513,114,179,movement,1,1.0,1,600.0,30,2.0,0.15,4.0,auto
514,114,186,movement,1,1.0,1,600.0,30,2.0,0.15,4.0,auto
515,114,177,movement,1,1.0,1,600.0,30,2.0,0.15,4.0,auto
516,114,170,movement,1,1.0,1,600.0,30,2.0,0.15,4.0,auto
517,114,178,waiting,1,1.0,1,100000.0,30,0.5,0.15,4.0,auto
518,115,180,movement,1,1.0,1,600.0,30,2.0,0.15,4.0,auto
519,115,187,movement,1,1.0,1,600.0,30,2.0,0.15,4.0,auto
520,115,178,movement,1,1.0,1,600.0,30,2.0,0.15,4.0,auto
521,115,171,movement,1,1.0,1,600.0,30,2.0,0.15,4.0,auto
522,115,179,waiting,1,1.0,1,100000.0,30,0.5,0.15,4.0,auto
523,116,181,movement,1,1.0,1,600.0,30,2.0,0.15,4.0,auto
524,116,188,movement,1,1.0,1,600.0,30,2.0,0.15,4.0,auto
525,116,179,movement,1,1.0,1,600.0,30,2.0,0.15,4.0,auto
526,116,172,movement,1,1.0,1,600.0,30,2.0,0.15,4.0,auto
527,116,180,waiting,1,1.0,1,100000.0,30,0.5,0.15,4.0,auto
528,117,182,movement,1,1.0,1,600.0,30,2.0,0.15,4.0,auto
529,117,189,movement,1,1.0,1,600.0,30,2.0,0.15,4.0,auto
530,117,180,movement,1,1.0,1,600.0,30,2.0,0.15,4.0,auto
531,117,173,movement,1,1.0,1,600.0,30,2.0,0.15,4.0,auto
532,117,181,waiting,1,1.0,1,100000.0,30,0.5,0.15,4.0,auto
533,118,183,movement,1,1.0,1,600.0,30,2.0,0.15,4.0,auto
534,118,190,movement,1,1.0,1,600.0,30,2.0,0.15,4.0,auto
535,118,181,movement,1,1.0,1,600.0,30,2.0,0.15,4.0,auto
536,118,174,movement,1,1.0,1,600.0,30,2.0,0.15,4.0,auto
537,118,182,waiting,1,1.0,1,100000.0,30,0.5,0.15,4.0,auto
538,119,184,movement,1,1.0,1,600.0,30,2.0,0.15,4.0,auto
539,119,191,movement,1,1.0,1,600.0,30,2.0,0.15,4.0,auto
540,119,182,movement,1,1.0,1,600.0,30,2.0,0.15,4.0,auto
541,119,175,movement,1,1.0,1,600.0,30,2.0,0.15,4.0,auto
542,119,183,waiting,1,1.0,1,100000.0,30,0.5,0.15,4.0,auto
543,120,192,movement,1,1.0,1,600.0,30,2.0,0.15,4.0,auto
544,120,183,movement,1,1.0,1,600.0,30,2.0,0.15,4.0,auto
545,120,176,movement,1,1.0,1,600.0,30,2.0,0.15,4.0,auto
546,120,184,waiting,1,1.0,1,100000.0,30,0.5,0.15,4.0,auto
547,121,186,movement,1,1.0,1,600.0,30,2.0,0.15,4.0,auto
548,121,177,movement,1,1.0,1,600.0,30,2.0,0.15,4.0,auto
549,121,185,waiting,1,1.0,1,100000.0,30,0.5,0.15,4.0,auto
550,122,187,movement,1,1.0,1,600.0,30,2.0,0.15,4.0,auto
551,122,185,movement,1,1.0,1,600.0,30,2.0,0.15,4.0,auto
552,122,178,movement,1,1.0,1,600.0,30,2.0,0.15,4.0,auto
553,122,186,waiting,1,1.0,1,100000.0,30,0.5,0.15,4.0,auto
554,123,188,movement,1,1.0,1,600.0,30,2.0,0.15,4.0,auto
555,123,186,movement,1,1.0,1,600.0,30,2.0,0.15,4.0,auto
556,123,179,movement,1,1.0,1,600.0,30,2.0,0.15,4.0,auto
557,123,187,waiting,1,1.0,1,100000.0,30,0.5,0.15,4.0,auto
558,124,189,movement,1,1.0,1,600.0,30,2.0,0.15,4.0,auto
559,124,187,movement,1,1.0,1,600.0,30,2.0,0.15,4.0,auto
560,124,180,movement,1,1.0,1,600.0,30,2.0,0.15,4.0,auto
561,124,188,waiting,1,1.0,1,100000.0,30,0.5,0.15,4.0,auto
562,125,190,movement,1,1.0,1,600.0,30,2.0,0.15,4.0,auto
563,125,188,movement,1,1.0,1,600.0,30,2.0,0.15,4.0,auto
564,125,181,movement,1,1.0,1,600.0,30,2.0,0.15,4.0,auto
565,125,189,waiting,1,1.0,1,100000.0,30,0.5,0.15,4.0,auto
566,126,191,movement,1,1.0,1,600.0,30,2.0,0.15,4.0,auto
567,126,189,movement,1,1.0,1,600.0,30,2.0,0.15,4.0,auto
568,126,182,movement,1,1.0,1,600.0,30,2.0,0.15,4.0,auto
569,126,190,waiting,1,1.0,1,100000.0,30,0.5,0.15,4.0,auto
570,127,192,movement,1,1.0,1,600.0,30,2.0,0.15,4.0,auto
571,127,190,movement,1,1.0,1,600.0,30,2.0,0.15,4.0,auto
572,127,183,movement,1,1.0,1,600.0,30,2.0,0.15,4.0,auto
573,127,191,waiting,1,1.0,1,100000.0,30,0.5,0.15,4.0,auto
574,128,191,movement,1,1.0,1,600.0,30,2.0,0.15,4.0,auto
575,128,184,movement,1,1.0,1,600.0,30,2.0,0.15,4.0,auto
576,128,192,waiting,1,1.0,1,100000.0,30,0.5,0.15,4.0,auto
577,129,194,movement,1,1.0,1,600.0,30,2.0,0.15,4.0,auto
578,129,201,movement,1,1.0,1,600.0,30,2.0,0.15,4.0,auto
579,129,193,waiting,1,1.0,1,100000.0,30,0.5,0.15,4.0,auto
580,130,195,movement,1,1.0,1,600.0,30,2.0,0.15,4.0,auto
581,130,202,movement,1,1.0,1,600.0,30,2.0,0.15,4.0,auto
582,130,193,movement,1,1.0,1,600.0,30,2.0,0.15,4.0,auto
583,130,194,waiting,1,1.0,1,100000.0,30,0.5,0.15,4.0,auto
584,131,196,movement,1,1.0,1,600.0,30,2.0,0.15,4.0,auto
585,131,203,movement,1,1.0,1,600.0,30,2.0,0.15,4.0,auto
586,131,194,movement,1,1.0,1,600.0,30,2.0,0.15,4.0,auto
587,131,195,waiting,1,1.0,1,100000.0,30,0.5,0.15,4.0,auto
588,132,197,movement,1,1.0,1,600.0,30,2.0,0.15,4.0,auto
589,132,204,movement,1,1.0,1,600.0,30,2.0,0.15,4.0,auto
590,132,195,movement,1,1.0,1,600.0,30,2.0,0.15,4.0,auto
591,132,196,waiting,1,1.0,1,100000.0,30,0.5,0.15,4.0,auto
592,133,198,movement,1,1.0,1,600.0,30,2.0,0.15,4.0,auto
593,133,205,movement,1,1.0,1,600.0,30,2.0,0.15,4.0,auto
594,133,196,movement,1,1.0,1,600.0,30,2.0,0.15,4.0,auto
595,133,197,waiting,1,1.0,1,100000.0,30,0.5,0.15,4.0,auto
596,134,199,movement,1,1.0,1,600.0,30,2.0,0.15,4.0,auto
597,134,206,movement,1,1.0,1,600.0,30,2.0,0.15,4.0,auto
598,134,197,movement,1,1.0,1,600.0,30,2.0,0.15,4.0,auto
599,134,198,waiting,1,1.0,1,100000.0,30,0.5,0.15,4.0,auto
600,135,200,movement,1,1.0,1,600.0,30,2.0,0.15,4.0,auto
601,135,207,movement,1,1.0,1,600.0,30,2.0,0.15,4.0,auto
602,135,198,movement,1,1.0,1,600.0,30,2.0,0.15,4.0,auto
603,135,199,waiting,1,1.0,1,100000.0,30,0.5,0.15,4.0,auto
604,136,208,movement,1,1.0,1,600.0,30,2.0,0.15,4.0,auto
605,136,199,movement,1,1.0,1,600.0,30,2.0,0.15,4.0,auto
606,136,200,waiting,1,1.0,1,100000.0,30,0.5,0.15,4.0,auto
607,137,202,movement,1,1.0,1,600.0,30,2.0,0.15,4.0,auto
608,137,209,movement,1,1.0,1,600.0,30,2.0,0.15,4.0,auto
609,137,193,movement,1,1.0,1,600.0,30,2.0,0.15,4.0,auto
610,137,201,waiting,1,1.0,1,100000.0,30,0.5,0.15,4.0,auto
611,138,203,movement,1,1.0,1,600.0,30,2.0,0.15,4.0,auto
612,138,210,movement,1,1.0,1,600.0,30,2.0,0.15,4.0,auto
613,138,201,movement,1,1.0,1,600.0,30,2.0,0.15,4.0,auto
614,138,194,movement,1,1.0,1,600.0,30,2.0,0.15,4.0,auto
615,138,202,waiting,1,1.0,1,100000.0,30,0.5,0.15,4.0,auto
616,139,204,movement,1,1.0,1,600.0,30,2.0,0.15,4.0,auto
617,139,211,movement,1,1.0,1,600.0,30,2.0,0.15,4.0,auto
618,139,202,movement,1,1.0,1,600.0,30,2.0,0.15,4.0,auto
619,139,195,movement,1,1.0,1,600.0,30,2.0,0.15,4.0,auto
620,139,203,waiting,1,1.0,1,100000.0,30,0.5,0.15,4.0,auto
621,140,205,movement,1,1.0,1,600.0,30,2.0,0.15,4.0,auto
622,140,212,movement,1,1.0,1,600.0,30,2.0,0.15,4.0,auto
623,140,203,movement,1,1.0,1,600.0,30,2.0,0.15,4.0,auto
624,140,196,movement,1,1.0,1,600.0,30,2.0,0.15,4.0,auto
625,140,204,waiting,1,1.0,1,100000.0,30,0.5,0.15,4.0,auto
626,141,206,movement,1,1.0,1,600.0,30,2.0,0.15,4.0,auto
627,141,213,movement,1,1.0,1,600.0,30,2.0,0.15,4.0,auto
628,141,204,movement,1,1.0,1,600.0,30,2.0,0.15,4.0,auto
629,141,197,movement,1,1.0,1,600.0,30,2.0,0.15,4.0,auto
630,141,205,waiting,1,1.0,1,100000.0,30,0.5,0.15,4.0,auto
631,142,207,movement,1,1.0,1,600.0,30,2.0,0.15,4.0,auto
632,142,214,movement,1,1.0,1,600.0,30,2.0,0.15,4.0,auto
633,142,205,movement,1,1.0,1,600.0,30,2.0,0.15,4.0,auto
634,142,198,movement,1,1.0,1,600.0,30,2.0,0.15,4.0,auto
635,142,206,waiting,1,1.0,1,100000.0,30,0.5,0.15,4.0,auto
636,143,208,movement,1,1.0,1,600.0,30,2.0,0.15,4.0,auto
637,143,215,movement,1,1.0,1,600.0,30,2.0,0.15,4.0,auto
638,143,206,movement,1,1.0,1,600.0,30,2.0,0.15,4.0,auto
639,143,199,movement,1,1.0,1,600.0,30,2.0,0.15,4.0,auto
640,143,207,waiting,1,1.0,1,100000.0,30,0.5,0.15,4.0,auto
641,144,216,movement,1,1.0,1,600.0,30,2.0,0.15,4.0,auto
642,144,207,movement,1,1.0,1,600.0,30,2.0,0.15,4.0,auto
643,144,200,movement,1,1.0,1,600.0,30,2.0,0.15,4.0,auto
644,144,208,waiting,1,1.0,1,100000.0,30,0.5,0.15,4.0,auto
645,145,210,movement,1,1.0,1,600.0,30,2.0,0.15,4.0,auto
646,145,217,movement,1,1.0,1,600.0,30,2.0,0.15,4.0,auto
647,145,201,movement,1,1.0,1,600.0,30,2.0,0.15,4.0,auto
648,145,209,waiting,1,1.0,1,100000.0,30,0.5,0.15,4.0,auto
649,146,211,movement,1,1.0,1,600.0,30,2.0,0.15,4.0,auto
650,146,218,movement,1,1.0,1,600.0,30,2.0,0.15,4.0,auto
651,146,209,movement,1,1.0,1,600.0,30,2.0,0.15,4.0,auto
652,146,202,movement,1,1.0,1,600.0,30,2.0,0.15,4.0,auto
653,146,210,waiting,1,1.0,1,100000.0,30,0.5,0.15,4.0,auto
654,147,212,movement,1,1.0,1,600.0,30,2.0,0.15,4.0,auto
655,147,219,movement,1,1.0,1,600.0,30,2.0,0.15,4.0,auto
656,147,210,movement,1,1.0,1,600.0,30,2.0,0.15,4.0,auto
657,147,203,movement,1,1.0,1,600.0,30,2.0,0.15,4.0,auto
658,147,211,waiting,1,1.0,1,100000.0,30,0.5,0.15,4.0,auto
659,148,213,movement,1,1.0,1,600.0,30,2.0,0.15,4.0,auto
660,148,220,movement,1,1.0,1,600.0,30,2.0,0.15,4.0,auto
661,148,211,movement,1,1.0,1,600.0,30,2.0,0.15,4.0,auto
662,148,204,movement,1,1.0,1,600.0,30,2.0,0.15,4.0,auto
663,148,212,waiting,1,1.0,1,100000.0,30,0.5,0.15,4.0,auto
664,149,214,movement,1,1.0,1,600.0,30,2.0,0.15,4.0,auto
665,149,221,movement,1,1.0,1,600.0,30,2.0,0.15,4.0,auto
666,149,212,movement,1,1.0,1,600.0,30,2.0,0.15,4.0,auto
667,149,205,movement,1,1.0,1,600.0,30,2.0,0.15,4.0,auto
668,149,213,waiting,1,1.0,1,100000.0,30,0.5,0.15,4.0,auto
669,150,215,movement,1,1.0,1,600.0,30,2.0,0.15,4.0,auto
670,150,222,movement,1,1.0,1,600.0,30,2.0,0.15,4.0,auto
671,150,213,movement,1,1.0,1,600.0,30,2.0,0.15,4.0,auto
672,150,206,movement,1,1.0,1,600.0,30,2.0,0.15,4.0,auto
673,150,214,waiting,1,1.0,1,100000.0,30,0.5,0.15,4.0,auto
674,151,216,movement,1,1.0,1,600.0,30,2.0,0.15,4.0,auto
675,151,223,movement,1,1.0,1,600.0,30,2.0,0.15,4.0,auto
676,151,214,movement,1,1.0,1,600.0,30,2.0,0.15,4.0,auto
677,151,207,movement,1,1.0,1,600.0,30,2.0,0.15,4.0,auto
678,151,215,waiting,1,1.0,1,100000.0,30,0.5,0.15,4.0,auto
679,152,224,movement,1,1.0,1,600.0,30,2.0,0.15,4.0,auto
680,152,215,movement,1,1.0,1,600.0,30,2.0,0.15,4.0,auto
681,152,208,movement,1,1.0,1,600.0,30,2.0,0.15,4.0,auto
682,152,216,waiting,1,1.0,1,100000.0,30,0.5,0.15,4.0,auto
683,153,218,movement,1,1.0,1,600.0,30,2.0,0.15,4.0,auto
684,153,225,movement,1,1.0,1,600.0,30,2.0,0.15,4.0,auto
685,153,209,movement,1,1.0,1,600.0,30,2.0,0.15,4.0,auto
686,153,217,waiting,1,1.0,1,100000.0,30,0.5,0.15,4.0,auto
687,154,219,movement,1,1.0,1,600.0,30,2.0,0.15,4.0,auto
688,154,226,movement,1,1.0,1,600.0,30,2.0,0.15,4.0,auto
689,154,217,movement,1,1.0,1,600.0,30,2.0,0.15,4.0,auto
690,154,210,movement,1,1.0,1,600.0,30,2.0,0.15,4.0,auto
691,154,218,waiting,1,1.0,1,100000.0,30,0.5,0.15,4.0,auto
692,155,220,movement,1,1.0,1,600.0,30,2.0,0.15,4.0,auto
693,155,227,movement,1,1.0,1,600.0,30,2.0,0.15,4.0,auto
694,155,218,movement,1,1.0,1,600.0,30,2.0,0.15,4.0,auto
695,155,211,movement,1,1.0,1,600.0,30,2.0,0.15,4.0,auto
696,155,219,waiting,1,1.0,1,100000.0,30,0.5,0.15,4.0,auto
697,156,221,movement,1,1.0,1,600.0,30,2.0,0.15,4.0,auto
698,156,228,movement,1,1.0,1,600.0,30,2.0,0.15,4.0,auto
699,156,219,movement,1,1.0,1,600.0,30,2.0,0.15,4.0,auto
700,156,212,movement,1,1.0,1,600.0,30,2.0,0.15,4.0,auto
701,156,220,waiting,1,1.0,1,100000.0,30,0.5,0.15,4.0,auto
702,157,222,movement,1,1.0,1,600.0,30,2.0,0.15,4.0,auto
703,157,229,movement,1,1.0,1,600.0,30,2.0,0.15,4.0,auto
704,157,220,movement,1,1.0,1,600.0,30,2.0,0.15,4.0,auto
705,157,213,movement,1,1.0,1,600.0,30,2.0,0.15,4.0,auto
706,157,221,waiting,1,1.0,1,100000.0,30,0.5,0.15,4.0,auto
707,158,223,movement,1,1.0,1,600.0,30,2.0,0.15,4.0,auto
708,158,230,movement,1,1.0,1,600.0,30,2.0,0.15,4.0,auto
709,158,221,movement,1,1.0,1,600.0,30,2.0,0.15,4.0,auto
710,158,214,movement,1,1.0,1,600.0,30,2.0,0.15,4.0,auto
711,158,222,waiting,1,1.0,1,100000.0,30,0.5,0.15,4.0,auto
712,159,224,movement,1,1.0,1,600.0,30,2.0,0.15,4.0,auto
713,159,231,movement,1,1.0,1,600.0,30,2.0,0.15,4.0,auto
714,159,222,movement,1,1.0,1,600.0,30,2.0,0.15,4.0,auto
715,159,215,movement,1,1.0,1,600.0,30,2.0,0.15,4.0,auto
716,159,223,waiting,1,1.0,1,100000.0,30,0.5,0.15,4.0,auto
717,160,232,movement,1,1.0,1,600.0,30,2.0,0.15,4.0,auto
718,160,223,movement,1,1.0,1,600.0,30,2.0,0.15,4.0,auto
719,160,216,movement,1,1.0,1,600.0,30,2.0,0.15,4.0,auto
720,160,224,waiting,1,1.0,1,100000.0,30,0.5,0.15,4.0,auto
721,161,226,movement,1,1.0,1,600.0,30,2.0,0.15,4.0,auto
722,161,233,movement,1,1.0,1,600.0,30,2.0,0.15,4.0,auto
723,161,217,movement,1,1.0,1,600.0,30,2.0,0.15,4.0,auto
724,161,225,waiting,1,1.0,1,100000.0,30,0.5,0.15,4.0,auto
725,162,227,movement,1,1.0,1,600.0,30,2.0,0.15,4.0,auto
726,162,234,movement,1,1.0,1,600.0,30,2.0,0.15,4.0,auto
727,162,225,movement,1,1.0,1,600.0,30,2.0,0.15,4.0,auto
728,162,218,movement,1,1.0,1,600.0,30,2.0,0.15,4.0,auto
729,162,226,waiting,1,1.0,1,100000.0,30,0.5,0.15,4.0,auto
730,163,228,movement,1,1.0,1,600.0,30,2.0,0.15,4.0,auto
731,163,235,movement,1,1.0,1,600.0,30,2.0,0.15,4.0,auto
732,163,226,movement,1,1.0,1,600.0,30,2.0,0.15,4.0,auto
733,163,219,movement,1,1.0,1,600.0,30,2.0,0.15,4.0,auto
734,163,227,waiting,1,1.0,1,100000.0,30,0.5,0.15,4.0,auto
735,164,229,movement,1,1.0,1,600.0,30,2.0,0.15,4.0,auto
736,164,236,movement,1,1.0,1,600.0,30,2.0,0.15,4.0,auto
737,164,227,movement,1,1.0,1,600.0,30,2.0,0.15,4.0,auto
738,164,220,movement,1,1.0,1,600.0,30,2.0,0.15,4.0,auto
739,164,228,waiting,1,1.0,1,100000.0,30,0.5,0.15,4.0,auto
740,165,230,movement,1,1.0,1,600.0,30,2.0,0.15,4.0,auto
741,165,237,movement,1,1.0,1,600.0,30,2.0,0.15,4.0,auto
742,165,228,movement,1,1.0,1,600.0,30,2.0,0.15,4.0,auto
743,165,221,movement,1,1.0,1,600.0,30,2.0,0.15,4.0,auto
744,165,229,waiting,1,1.0,1,100000.0,30,0.5,0.15,4.0,auto
745,166,231,movement,1,1.0,1,600.0,30,2.0,0.15,4.0,auto
746,166,238,movement,1,1.0,1,600.0,30,2.0,0.15,4.0,auto
747,166,229,movement,1,1.0,1,600.0,30,2.0,0.15,4.0,auto
748,166,222,movement,1,1.0,1,600.0,30,2.0,0.15,4.0,auto
749,166,230,waiting,1,1.0,1,100000.0,30,0.5,0.15,4.0,auto
750,167,232,movement,1,1.0,1,600.0,30,2.0,0.15,4.0,auto
751,167,239,movement,1,1.0,1,600.0,30,2.0,0.15,4.0,auto
752,167,230,movement,1,1.0,1,600.0,30,2.0,0.15,4.0,auto
753,167,223,movement,1,1.0,1,600.0,30,2.0,0.15,4.0,auto
754,167,231,waiting,1,1.0,1,100000.0,30,0.5,0.15,4.0,auto
755,168,240,movement,1,1.0,1,600.0,30,2.0,0.15,4.0,auto
756,168,231,movement,1,1.0,1,600.0,30,2.0,0.15,4.0,auto
757,168,224,movement,1,1.0,1,600.0,30,2.0,0.15,4.0,auto
758,168,232,waiting,1,1.0,1,100000.0,30,0.5,0.15,4.0,auto
759,169,234,movement,1,1.0,1,600.0,30,2.0,0.15,4.0,auto
760,169,241,movement,1,1.0,1,600.0,30,2.0,0.15,4.0,auto
761,169,225,movement,1,1.0,1,600.0,30,2.0,0.15,4.0,auto
762,169,233,waiting,1,1.0,1,100000.0,30,0.5,0.15,4.0,auto
763,170,235,movement,1,1.0,1,600.0,30,2.0,0.15,4.0,auto
764,170,242,movement,1,1.0,1,600.0,30,2.0,0.15,4.0,auto
765,170,233,movement,1,1.0,1,600.0,30,2.0,0.15,4.0,auto
766,170,226,movement,1,1.0,1,600.0,30,2.0,0.15,4.0,auto
767,170,234,waiting,1,1.0,1,100000.0,30,0.5,0.15,4.0,auto
768,171,236,movement,1,1.0,1,600.0,30,2.0,0.15,4.0,auto
769,171,243,movement,1,1.0,1,600.0,30,2.0,0.15,4.0,auto
770,171,234,movement,1,1.0,1,600.0,30,2.0,0.15,4.0,auto
771,171,227,movement,1,1.0,1,600.0,30,2.0,0.15,4.0,auto
772,171,235,waiting,1,1.0,1,100000.0,30,0.5,0.15,4.0,auto
773,172,237,movement,1,1.0,1,600.0,30,2.0,0.15,4.0,auto
774,172,244,movement,1,1.0,1,600.0,30,2.0,0.15,4.0,auto
775,172,235,movement,1,1.0,1,600.0,30,2.0,0.15,4.0,auto
776,172,228,movement,1,1.0,1,600.0,30,2.0,0.15,4.0,auto
777,172,236,waiting,1,1.0,1,100000.0,30,0.5,0.15,4.0,auto
778,173,238,movement,1,1.0,1,600.0,30,2.0,0.15,4.0,auto
779,173,245,movement,1,1.0,1,600.0,30,2.0,0.15,4.0,auto
780,173,236,movement,1,1.0,1,600.0,30,2.0,0.15,4.0,auto
781,173,229,movement,1,1.0,1,600.0,30,2.0,0.15,4.0,auto
782,173,237,waiting,1,1.0,1,100000.0,30,0.5,0.15,4.0,auto
783,174,239,movement,1,1.0,1,600.0,30,2.0,0.15,4.0,auto
784,174,246,movement,1,1.0,1,600.0,30,2.0,0.15,4.0,auto
785,174,237,movement,1,1.0,1,600.0,30,2.0,0.15,4.0,auto
786,174,230,movement,1,1.0,1,600.0,30,2.0,0.15,4.0,auto
787,174,238,waiting,1,1.0,1,100000.0,30,0.5,0.15,4.0,auto
788,175,240,movement,1,1.0,1,600.0,30,2.0,0.15,4.0,auto
789,175,247,movement,1,1.0,1,600.0,30,2.0,0.15,4.0,auto
790,175,238,movement,1,1.0,1,600.0,30,2.0,0.15,4.0,auto
791,175,231,movement,1,1.0,1,600.0,30,2.0,0.15,4.0,auto
792,175,239,waiting,1,1.0,1,100000.0,30,0.5,0.15,4.0,auto
793,176,248,movement,1,1.0,1,600.0,30,2.0,0.15,4.0,auto
794,176,239,movement,1,1.0,1,600.0,30,2.0,0.15,4.0,auto
795,176,232,movement,1,1.0,1,600.0,30,2.0,0.15,4.0,auto
796,176,240,waiting,1,1.0,1,100000.0,30,0.5,0.15,4.0,auto
797,177,242,movement,1,1.0,1,600.0,30,2.0,0.15,4.0,auto
798,177,249,movement,1,1.0,1,600.0,30,2.0,0.15,4.0,auto
799,177,233,movement,1,1.0,1,600.0,30,2.0,0.15,4.0,auto
800,177,241,waiting,1,1.0,1,100000.0,30,0.5,0.15,4.0,auto
801,178,243,movement,1,1.0,1,600.0,30,2.0,0.15,4.0,auto
802,178,250,movement,1,1.0,1,600.0,30,2.0,0.15,4.0,auto
803,178,241,movement,1,1.0,1,600.0,30,2.0,0.15,4.0,auto
804,178,234,movement,1,1.0,1,600.0,30,2.0,0.15,4.0,auto
805,178,242,waiting,1,1.0,1,100000.0,30,0.5,0.15,4.0,auto
806,179,244,movement,1,1.0,1,600.0,30,2.0,0.15,4.0,auto
807,179,251,movement,1,1.0,1,600.0,30,2.0,0.15,4.0,auto
808,179,242,movement,1,1.0,1,600.0,30,2.0,0.15,4.0,auto
809,179,235,movement,1,1.0,1,600.0,30,2.0,0.15,4.0,auto
810,179,243,waiting,1,1.0,1,100000.0,30,0.5,0.15,4.0,auto
811,180,245,movement,1,1.0,1,600.0,30,2.0,0.15,4.0,auto
812,180,252,movement,1,1.0,1,600.0,30,2.0,0.15,4.0,auto
813,180,243,movement,1,1.0,1,600.0,30,2.0,0.15,4.0,auto
814,180,236,movement,1,1.0,1,600.0,30,2.0,0.15,4.0,auto
815,180,244,waiting,1,1.0,1,100000.0,30,0.5,0.15,4.0,auto
816,181,246,movement,1,1.0,1,600.0,30,2.0,0.15,4.0,auto
817,181,253,movement,1,1.0,1,600.0,30,2.0,0.15,4.0,auto
818,181,244,movement,1,1.0,1,600.0,30,2.0,0.15,4.0,auto
819,181,237,movement,1,1.0,1,600.0,30,2.0,0.15,4.0,auto
820,181,245,waiting,1,1.0,1,100000.0,30,0.5,0.15,4.0,auto
821,182,247,movement,1,1.0,1,600.0,30,2.0,0.15,4.0,auto
822,182,254,movement,1,1.0,1,600.0,30,2.0,0.15,4.0,auto
823,182,245,movement,1,1.0,1,600.0,30,2.0,0.15,4.0,auto
824,182,238,movement,1,1.0,1,600.0,30,2.0,0.15,4.0,auto
825,182,246,waiting,1,1.0,1,100000.0,30,0.5,0.15,4.0,auto
826,183,248,movement,1,1.0,1,600.0,30,2.0,0.15,4.0,auto
827,183,255,movement,1,1.0,1,600.0,30,2.0,0.15,4.0,auto
828,183,246,movement,1,1.0,1,600.0,30,2.0,0.15,4.0,auto
829,183,239,movement,1,1.0,1,600.0,30,2.0,0.15,4.0,auto
830,183,247,waiting,1,1.0,1,100000.0,30,0.5,0.15,4.0,auto
831,184,256,movement,1,1.0,1,600.0,30,2.0,0.15,4.0,auto
832,184,247,movement,1,1.0,1,600.0,30,2.0,0.15,4.0,auto
833,184,240,movement,1,1.0,1,600.0,30,2.0,0.15,4.0,auto
834,184,248,waiting,1,1.0,1,100000.0,30,0.5,0.15,4.0,auto
835,185,250,movement,1,1.0,1,600.0,30,2.0,0.15,4.0,auto
836,185,241,movement,1,1.0,1,600.0,30,2.0,0.15,4.0,auto
837,185,249,waiting,1,1.0,1,100000.0,30,0.5,0.15,4.0,auto
838,186,251,movement,1,1.0,1,600.0,30,2.0,0.15,4.0,auto
839,186,249,movement,1,1.0,1,600.0,30,2.0,0.15,4.0,auto
840,186,242,movement,1,1.0,1,600.0,30,2.0,0.15,4.0,auto
841,186,250,waiting,1,1.0,1,100000.0,30,0.5,0.15,4.0,auto
842,187,252,movement,1,1.0,1,600.0,30,2.0,0.15,4.0,auto
843,187,250,movement,1,1.0,1,600.0,30,2.0,0.15,4.0,auto
844,187,243,movement,1,1.0,1,600.0,30,2.0,0.15,4.0,auto
845,187,251,waiting,1,1.0,1,100000.0,30,0.5,0.15,4.0,auto
846,188,253,movement,1,1.0,1,600.0,30,2.0,0.15,4.0,auto
847,188,251,movement,1,1.0,1,600.0,30,2.0,0.15,4.0,auto
848,188,244,movement,1,1.0,1,600.0,30,2.0,0.15,4.0,auto
849,188,252,waiting,1,1.0,1,100000.0,30,0.5,0.15,4.0,auto
850,189,254,movement,1,1.0,1,600.0,30,2.0,0.15,4.0,auto
851,189,252,movement,1,1.0,1,600.0,30,2.0,0.15,4.0,auto
852,189,245,movement,1,1.0,1,600.0,30,2.0,0.15,4.0,auto
853,189,253,waiting,1,1.0,1,100000.0,30,0.5,0.15,4.0,auto
854,190,255,movement,1,1.0,1,600.0,30,2.0,0.15,4.0,auto
855,190,253,movement,1,1.0,1,600.0,30,2.0,0.15,4.0,auto
856,190,246,movement,1,1.0,1,600.0,30,2.0,0.15,4.0,auto
857,190,254,waiting,1,1.0,1,100000.0,30,0.5,0.15,4.0,auto
858,191,256,movement,1,1.0,1,600.0,30,2.0,0.15,4.0,auto
859,191,254,movement,1,1.0,1,600.0,30,2.0,0.15,4.0,auto
860,191,247,movement,1,1.0,1,600.0,30,2.0,0.15,4.0,auto
861,191,255,waiting,1,1.0,1,100000.0,30,0.5,0.15,4.0,auto
862,192,255,movement,1,1.0,1,600.0,30,2.0,0.15,4.0,auto
863,192,248,movement,1,1.0,1,600.0,30,2.0,0.15,4.0,auto
864,192,256,waiting,1,1.0,1,100000.0,30,0.5,0.15,4.0,auto
865,193,258,movement,1,1.0,1,600.0,30,2.0,0.15,4.0,auto
866,193,265,movement,1,1.0,1,600.0,30,2.0,0.15,4.0,auto
867,193,257,waiting,1,1.0,1,100000.0,30,0.5,0.15,4.0,auto
868,194,259,movement,1,1.0,1,600.0,30,2.0,0.15,4.0,auto
869,194,266,movement,1,1.0,1,600.0,30,2.0,0.15,4.0,auto
870,194,257,movement,1,1.0,1,600.0,30,2.0,0.15,4.0,auto
871,194,258,waiting,1,1.0,1,100000.0,30,0.5,0.15,4.0,auto
872,195,260,movement,1,1.0,1,600.0,30,2.0,0.15,4.0,auto
873,195,267,movement,1,1.0,1,600.0,30,2.0,0.15,4.0,auto
874,195,258,movement,1,1.0,1,600.0,30,2.0,0.15,4.0,auto
875,195,259,waiting,1,1.0,1,100000.0,30,0.5,0.15,4.0,auto
876,196,261,movement,1,1.0,1,600.0,30,2.0,0.15,4.0,auto
877,196,268,movement,1,1.0,1,600.0,30,2.0,0.15,4.0,auto
878,196,259,movement,1,1.0,1,600.0,30,2.0,0.15,4.0,auto
879,196,260,waiting,1,1.0,1,100000.0,30,0.5,0.15,4.0,auto
880,197,262,movement,1,1.0,1,600.0,30,2.0,0.15,4.0,auto
881,197,269,movement,1,1.0,1,600.0,30,2.0,0.15,4.0,auto
882,197,260,movement,1,1.0,1,600.0,30,2.0,0.15,4.0,auto
883,197,261,waiting,1,1.0,1,100000.0,30,0.5,0.15,4.0,auto
884,198,263,movement,1,1.0,1,600.0,30,2.0,0.15,4.0,auto
885,198,270,movement,1,1.0,1,600.0,30,2.0,0.15,4.0,auto
886,198,261,movement,1,1.0,1,600.0,30,2.0,0.15,4.0,auto
887,198,262,waiting,1,1.0,1,100000.0,30,0.5,0.15,4.0,auto
888,199,264,movement,1,1.0,1,600.0,30,2.0,0.15,4.0,auto
889,199,271,movement,1,1.0,1,600.0,30,2.0,0.15,4.0,auto
890,199,262,movement,1,1.0,1,600.0,30,2.0,0.15,4.0,auto
891,199,263,waiting,1,1.0,1,100000.0,30,0.5,0.15,4.0,auto
892,200,272,movement,1,1.0,1,600.0,30,2.0,0.15,4.0,auto
893,200,263,movement,1,1.0,1,600.0,30,2.0,0.15,4.0,auto
894,200,264,waiting,1,1.0,1,100000.0,30,0.5,0.15,4.0,auto
895,201,266,movement,1,1.0,1,600.0,30,2.0,0.15,4.0,auto
896,201,273,movement,1,1.0,1,600.0,30,2.0,0.15,4.0,auto
897,201,257,movement,1,1.0,1,600.0,30,2.0,0.15,4.0,auto
898,201,265,waiting,1,1.0,1,100000.0,30,0.5,0.15,4.0,auto
899,202,267,movement,1,1.0,1,600.0,30,2.0,0.15,4.0,auto
900,202,274,movement,1,1.0,1,600.0,30,2.0,0.15,4.0,auto
901,202,265,movement,1,1.0,1,600.0,30,2.0,0.15,4.0,auto
902,202,258,movement,1,1.0,1,600.0,30,2.0,0.15,4.0,auto
903,202,266,waiting,1,1.0,1,100000.0,30,0.5,0.15,4.0,auto
904,203,268,movement,1,1.0,1,600.0,30,2.0,0.15,4.0,auto
905,203,275,movement,1,1.0,1,600.0,30,2.0,0.15,4.0,auto
906,203,266,movement,1,1.0,1,600.0,30,2.0,0.15,4.0,auto
907,203,259,movement,1,1.0,1,600.0,30,2.0,0.15,4.0,auto
908,203,267,waiting,1,1.0,1,100000.0,30,0.5,0.15,4.0,auto
909,204,269,movement,1,1.0,1,600.0,30,2.0,0.15,4.0,auto
910,204,276,movement,1,1.0,1,600.0,30,2.0,0.15,4.0,auto
911,204,267,movement,1,1.0,1,600.0,30,2.0,0.15,4.0,auto
912,204,260,movement,1,1.0,1,600.0,30,2.0,0.15,4.0,auto
913,204,268,waiting,1,1.0,1,100000.0,30,0.5,0.15,4.0,auto
914,205,270,movement,1,1.0,1,600.0,30,2.0,0.15,4.0,auto
915,205,277,movement,1,1.0,1,600.0,30,2.0,0.15,4.0,auto
916,205,268,movement,1,1.0,1,600.0,30,2.0,0.15,4.0,auto
917,205,261,movement,1,1.0,1,600.0,30,2.0,0.15,4.0,auto
918,205,269,waiting,1,1.0,1,100000.0,30,0.5,0.15,4.0,auto
919,206,271,movement,1,1.0,1,600.0,30,2.0,0.15,4.0,auto
920,206,278,movement,1,1.0,1,600.0,30,2.0,0.15,4.0,auto
921,206,269,movement,1,1.0,1,600.0,30,2.0,0.15,4.0,auto
922,206,262,movement,1,1.0,1,600.0,30,2.0,0.15,4.0,auto
923,206,270,waiting,1,1.0,1,100000.0,30,0.5,0.15,4.0,auto
924,207,272,movement,1,1.0,1,600.0,30,2.0,0.15,4.0,auto
925,207,279,movement,1,1.0,1,600.0,30,2.0,0.15,4.0,auto
926,207,270,movement,1,1.0,1,600.0,30,2.0,0.15,4.0,auto
927,207,263,movement,1,1.0,1,600.0,30,2.0,0.15,4.0,auto
928,207,271,waiting,1,1.0,1,100000.0,30,0.5,0.15,4.0,auto
929,208,280,movement,1,1.0,1,600.0,30,2.0,0.15,4.0,auto
930,208,271,movement,1,1.0,1,600.0,30,2.0,0.15,4.0,auto
931,208,264,movement,1,1.0,1,600.0,30,2.0,0.15,4.0,auto
932,208,272,waiting,1,1.0,1,100000.0,30,0.5,0.15,4.0,auto
933,209,274,movement,1,1.0,1,600.0,30,2.0,0.15,4.0,auto
934,209,281,movement,1,1.0,1,600.0,30,2.0,0.15,4.0,auto
935,209,265,movement,1,1.0,1,600.0,30,2.0,0.15,4.0,auto
936,209,273,waiting,1,1.0,1,100000.0,30,0.5,0.15,4.0,auto
937,210,275,movement,1,1.0,1,600.0,30,2.0,0.15,4.0,auto
938,210,282,movement,1,1.0,1,600.0,30,2.0,0.15,4.0,auto
939,210,273,movement,1,1.0,1,600.0,30,2.0,0.15,4.0,auto
940,210,266,movement,1,1.0,1,600.0,30,2.0,0.15,4.0,auto
941,210,274,waiting,1,1.0,1,100000.0,30,0.5,0.15,4.0,auto
942,211,276,movement,1,1.0,1,600.0,30,2.0,0.15,4.0,auto
943,211,283,movement,1,1.0,1,600.0,30,2.0,0.15,4.0,auto
944,211,274,movement,1,1.0,1,600.0,30,2.0,0.15,4.0,auto
945,211,267,movement,1,1.0,1,600.0,30,2.0,0.15,4.0,auto
946,211,275,waiting,1,1.0,1,100000.0,30,0.5,0.15,4.0,auto
947,212,277,movement,1,1.0,1,600.0,30,2.0,0.15,4.0,auto
948,212,284,movement,1,1.0,1,600.0,30,2.0,0.15,4.0,auto
949,212,275,movement,1,1.0,1,600.0,30,2.0,0.15,4.0,auto
950,212,268,movement,1,1.0,1,600.0,30,2.0,0.15,4.0,auto
951,212,276,waiting,1,1.0,1,100000.0,30,0.5,0.15,4.0,auto
952,213,278,movement,1,1.0,1,600.0,30,2.0,0.15,4.0,auto
953,213,285,movement,1,1.0,1,600.0,30,2.0,0.15,4.0,auto
954,213,276,movement,1,1.0,1,600.0,30,2.0,0.15,4.0,auto
955,213,269,movement,1,1.0,1,600.0,30,2.0,0.15,4.0,auto
956,213,277,waiting,1,1.0,1,100000.0,30,0.5,0.15,4.0,auto
957,214,279,movement,1,1.0,1,600.0,30,2.0,0.15,4.0,auto
958,214,286,movement,1,1.0,1,600.0,30,2.0,0.15,4.0,auto
959,214,277,movement,1,1.0,1,600.0,30,2.0,0.15,4.0,auto
960,214,270,movement,1,1.0,1,600.0,30,2.0,0.15,4.0,auto
961,214,278,waiting,1,1.0,1,100000.0,30,0.5,0.15,4.0,auto
962,215,280,movement,1,1.0,1,600.0,30,2.0,0.15,4.0,auto
963,215,287,movement,1,1.0,1,600.0,30,2.0,0.15,4.0,auto
964,215,278,movement,1,1.0,1,600.0,30,2.0,0.15,4.0,auto
965,215,271,movement,1,1.0,1,600.0,30,2.0,0.15,4.0,auto
966,215,279,waiting,1,1.0,1,100000.0,30,0.5,0.15,4.0,auto
967,216,288,movement,1,1.0,1,600.0,30,2.0,0.15,4.0,auto
968,216,279,movement,1,1.0,1,600.0,30,2.0,0.15,4.0,auto
969,216,272,movement,1,1.0,1,600.0,30,2.0,0.15,4.0,auto
970,216,280,waiting,1,1.0,1,100000.0,30,0.5,0.15,4.0,auto
971,217,282,movement,1,1.0,1,600.0,30,2.0,0.15,4.0,auto
972,217,289,movement,1,1.0,1,600.0,30,2.0,0.15,4.0,auto
973,217,273,movement,1,1.0,1,600.0,30,2.0,0.15,4.0,auto
974,217,281,waiting,1,1.0,1,100000.0,30,0.5,0.15,4.0,auto
975,218,283,movement,1,1.0,1,600.0,30,2.0,0.15,4.0,auto
976,218,290,movement,1,1.0,1,600.0,30,2.0,0.15,4.0,auto
977,218,281,movement,1,1.0,1,600.0,30,2.0,0.15,4.0,auto
978,218,274,movement,1,1.0,1,600.0,30,2.0,0.15,4.0,auto
979,218,282,waiting,1,1.0,1,100000.0,30,0.5,0.15,4.0,auto
980,219,284,movement,1,1.0,1,600.0,30,2.0,0.15,4.0,auto
981,219,291,movement,1,1.0,1,600.0,30,2.0,0.15,4.0,auto
982,219,282,movement,1,1.0,1,600.0,30,2.0,0.15,4.0,auto
983,219,275,movement,1,1.0,1,600.0,30,2.0,0.15,4.0,auto
984,219,283,waiting,1,1.0,1,100000.0,30,0.5,0.15,4.0,auto
985,220,285,movement,1,1.0,1,600.0,30,2.0,0.15,4.0,auto
986,220,292,movement,1,1.0,1,600.0,30,2.0,0.15,4.0,auto
987,220,283,movement,1,1.0,1,600.0,30,2.0,0.15,4.0,auto
988,220,276,movement,1,1.0,1,600.0,30,2.0,0.15,4.0,auto
989,220,284,waiting,1,1.0,1,100000.0,30,0.5,0.15,4.0,auto
990,221,286,movement,1,1.0,1,600.0,30,2.0,0.15,4.0,auto
991,221,293,movement,1,1.0,1,600.0,30,2.0,0.15,4.0,auto
992,221,284,movement,1,1.0,1,600.0,30,2.0,0.15,4.0,auto
993,221,277,movement,1,1.0,1,600.0,30,2.0,0.15,4.0,auto
994,221,285,waiting,1,1.0,1,100000.0,30,0.5,0.15,4.0,auto
995,222,287,movement,1,1.0,1,600.0,30,2.0,0.15,4.0,auto
996,222,294,movement,1,1.0,1,600.0,30,2.0,0.15,4.0,auto
997,222,285,movement,1,1.0,1,600.0,30,2.0,0.15,4.0,auto
998,222,278,movement,1,1.0,1,600.0,30,2.0,0.15,4.0,auto
999,222,286,waiting,1,1.0,1,100000.0,30,0.5,0.15,4.0,auto
1000,223,288,movement,1,1.0,1,600.0,30,2.0,0.15,4.0,auto
1001,223,295,movement,1,1.0,1,600.0,30,2.0,0.15,4.0,auto
1002,223,286,movement,1,1.0,1,600.0,30,2.0,0.15,4.0,auto
1003,223,279,movement,1,1.0,1,600.0,30,2.0,0.15,4.0,auto
1004,223,287,waiting,1,1.0,1,100000.0,30,0.5,0.15,4.0,auto
1005,224,296,movement,1,1.0,1,600.0,30,2.0,0.15,4.0,auto
1006,224,287,movement,1,1.0,1,600.0,30,2.0,0.15,4.0,auto
1007,224,280,movement,1,1.0,1,600.0,30,2.0,0.15,4.0,auto
1008,224,288,waiting,1,1.0,1,100000.0,30,0.5,0.15,4.0,auto
1009,225,290,movement,1,1.0,1,600.0,30,2.0,0.15,4.0,auto
1010,225,297,movement,1,1.0,1,600.0,30,2.0,0.15,4.0,auto
1011,225,281,movement,1,1.0,1,600.0,30,2.0,0.15,4.0,auto
1012,225,289,waiting,1,1.0,1,100000.0,30,0.5,0.15,4.0,auto
1013,226,291,movement,1,1.0,1,600.0,30,2.0,0.15,4.0,auto
1014,226,298,movement,1,1.0,1,600.0,30,2.0,0.15,4.0,auto
1015,226,289,movement,1,1.0,1,600.0,30,2.0,0.15,4.0,auto
1016,226,282,movement,1,1.0,1,600.0,30,2.0,0.15,4.0,auto
1017,226,290,waiting,1,1.0,1,100000.0,30,0.5,0.15,4.0,auto
1018,227,292,movement,1,1.0,1,600.0,30,2.0,0.15,4.0,auto
1019,227,299,movement,1,1.0,1,600.0,30,2.0,0.15,4.0,auto
1020,227,290,movement,1,1.0,1,600.0,30,2.0,0.15,4.0,auto
1021,227,283,movement,1,1.0,1,600.0,30,2.0,0.15,4.0,auto
1022,227,291,waiting,1,1.0,1,100000.0,30,0.5,0.15,4.0,auto
1023,228,293,movement,1,1.0,1,600.0,30,2.0,0.15,4.0,auto
1024,228,300,movement,1,1.0,1,600.0,30,2.0,0.15,4.0,auto
1025,228,291,movement,1,1.0,1,600.0,30,2.0,0.15,4.0,auto
1026,228,284,movement,1,1.0,1,600.0,30,2.0,0.15,4.0,auto
1027,228,292,waiting,1,1.0,1,100000.0,30,0.5,0.15,4.0,auto
1028,229,294,movement,1,1.0,1,600.0,30,2.0,0.15,4.0,auto
1029,229,301,movement,1,1.0,1,600.0,30,2.0,0.15,4.0,auto
1030,229,292,movement,1,1.0,1,600.0,30,2.0,0.15,4.0,auto
1031,229,285,movement,1,1.0,1,600.0,30,2.0,0.15,4.0,auto
1032,229,293,waiting,1,1.0,1,100000.0,30,0.5,0.15,4.0,auto
1033,230,295,movement,1,1.0,1,600.0,30,2.0,0.15,4.0,auto
1034,230,302,movement,1,1.0,1,600.0,30,2.0,0.15,4.0,auto
1035,230,293,movement,1,1.0,1,600.0,30,2.0,0.15,4.0,auto
1036,230,286,movement,1,1.0,1,600.0,30,2.0,0.15,4.0,auto
1037,230,294,waiting,1,1.0,1,100000.0,30,0.5,0.15,4.0,auto
1038,231,296,movement,1,1.0,1,600.0,30,2.0,0.15,4.0,auto
1039,231,303,movement,1,1.0,1,600.0,30,2.0,0.15,4.0,auto
1040,231,294,movement,1,1.0,1,600.0,30,2.0,0.15,4.0,auto
1041,231,287,movement,1,1.0,1,600.0,30,2.0,0.15,4.0,auto
1042,231,295,waiting,1,1.0,1,100000.0,30,0.5,0.15,4.0,auto
1043,232,304,movement,1,1.0,1,600.0,30,2.0,0.15,4.0,auto
1044,232,295,movement,1,1.0,1,600.0,30,2.0,0.15,4.0,auto
1045,232,288,movement,1,1.0,1,600.0,30,2.0,0.15,4.0,auto
1046,232,296,waiting,1,1.0,1,100000.0,30,0.5,0.15,4.0,auto
1047,233,298,movement,1,1.0,1,600.0,30,2.0,0.15,4.0,auto
1048,233,305,movement,1,1.0,1,600.0,30,2.0,0.15,4.0,auto
1049,233,289,movement,1,1.0,1,600.0,30,2.0,0.15,4.0,auto
1050,233,297,waiting,1,1.0,1,100000.0,30,0.5,0.15,4.0,auto
1051,234,299,movement,1,1.0,1,600.0,30,2.0,0.15,4.0,auto
1052,234,306,movement,1,1.0,1,600.0,30,2.0,0.15,4.0,auto
1053,234,297,movement,1,1.0,1,600.0,30,2.0,0.15,4.0,auto
1054,234,290,movement,1,1.0,1,600.0,30,2.0,0.15,4.0,auto
1055,234,298,waiting,1,1.0,1,100000.0,30,0.5,0.15,4.0,auto
1056,235,300,movement,1,1.0,1,600.0,30,2.0,0.15,4.0,auto
1057,235,307,movement,1,1.0,1,600.0,30,2.0,0.15,4.0,auto
1058,235,298,movement,1,1.0,1,600.0,30,2.0,0.15,4.0,auto
1059,235,291,movement,1,1.0,1,600.0,30,2.0,0.15,4.0,auto
1060,235,299,waiting,1,1.0,1,100000.0,30,0.5,0.15,4.0,auto
1061,236,301,movement,1,1.0,1,600.0,30,2.0,0.15,4.0,auto
1062,236,308,movement,1,1.0,1,600.0,30,2.0,0.15,4.0,auto
1063,236,299,movement,1,1.0,1,600.0,30,2.0,0.15,4.0,auto
1064,236,292,movement,1,1.0,1,600.0,30,2.0,0.15,4.0,auto
1065,236,300,waiting,1,1.0,1,100000.0,30,0.5,0.15,4.0,auto
1066,237,302,movement,1,1.0,1,600.0,30,2.0,0.15,4.0,auto
1067,237,309,movement,1,1.0,1,600.0,30,2.0,0.15,4.0,auto
1068,237,300,movement,1,1.0,1,600.0,30,2.0,0.15,4.0,auto
1069,237,293,movement,1,1.0,1,600.0,30,2.0,0.15,4.0,auto
1070,237,301,waiting,1,1.0,1,100000.0,30,0.5,0.15,4.0,auto
1071,238,303,movement,1,1.0,1,600.0,30,2.0,0.15,4.0,auto
1072,238,310,movement,1,1.0,1,600.0,30,2.0,0.15,4.0,auto
1073,238,301,movement,1,1.0,1,600.0,30,2.0,0.15,4.0,auto
1074,238,294,movement,1,1.0,1,600.0,30,2.0,0.15,4.0,auto
1075,238,302,waiting,1,1.0,1,100000.0,30,0.5,0.15,4.0,auto
1076,239,304,movement,1,1.0,1,600.0,30,2.0,0.15,4.0,auto
1077,239,311,movement,1,1.0,1,600.0,30,2.0,0.15,4.0,auto
1078,239,302,movement,1,1.0,1,600.0,30,2.0,0.15,4.0,auto
1079,239,295,movement,1,1.0,1,600.0,30,2.0,0.15,4.0,auto
1080,239,303,waiting,1,1.0,1,100000.0,30,0.5,0.15,4.0,auto
1081,240,312,movement,1,1.0,1,600.0,30,2.0,0.15,4.0,auto
1082,240,303,movement,1,1.0,1,600.0,30,2.0,0.15,4.0,auto
1083,240,296,movement,1,1.0,1,600.0,30,2.0,0.15,4.0,auto
1084,240,304,waiting,1,1.0,1,100000.0,30,0.5,0.15,4.0,auto
1085,241,306,movement,1,1.0,1,600.0,30,2.0,0.15,4.0,auto
1086,241,313,movement,1,1.0,1,600.0,30,2.0,0.15,4.0,auto
1087,241,297,movement,1,1.0,1,600.0,30,2.0,0.15,4.0,auto
1088,241,305,waiting,1,1.0,1,100000.0,30,0.5,0.15,4.0,auto
1089,242,307,movement,1,1.0,1,600.0,30,2.0,0.15,4.0,auto
1090,242,314,movement,1,1.0,1,600.0,30,2.0,0.15,4.0,auto
1091,242,305,movement,1,1.0,1,600.0,30,2.0,0.15,4.0,auto
1092,242,298,movement,1,1.0,1,600.0,30,2.0,0.15,4.0,auto
1093,242,306,waiting,1,1.0,1,100000.0,30,0.5,0.15,4.0,auto
1094,243,308,movement,1,1.0,1,600.0,30,2.0,0.15,4.0,auto
1095,243,315,movement,1,1.0,1,600.0,30,2.0,0.15,4.0,auto
1096,243,306,movement,1,1.0,1,600.0,30,2.0,0.15,4.0,auto
1097,243,299,movement,1,1.0,1,600.0,30,2.0,0.15,4.0,auto
1098,243,307,waiting,1,1.0,1,100000.0,30,0.5,0.15,4.0,auto
1099,244,309,movement,1,1.0,1,600.0,30,2.0,0.15,4.0,auto
1100,244,316,movement,1,1.0,1,600.0,30,2.0,0.15,4.0,auto
1101,244,307,movement,1,1.0,1,600.0,30,2.0,0.15,4.0,auto
1102,244,300,movement,1,1.0,1,600.0,30,2.0,0.15,4.0,auto
1103,244,308,waiting,1,1.0,1,100000.0,30,0.5,0.15,4.0,auto
1104,245,310,movement,1,1.0,1,600.0,30,2.0,0.15,4.0,auto
1105,245,317,movement,1,1.0,1,600.0,30,2.0,0.15,4.0,auto
1106,245,308,movement,1,1.0,1,600.0,30,2.0,0.15,4.0,auto
1107,245,301,movement,1,1.0,1,600.0,30,2.0,0.15,4.0,auto
1108,245,309,waiting,1,1.0,1,100000.0,30,0.5,0.15,4.0,auto
1109,246,311,movement,1,1.0,1,600.0,30,2.0,0.15,4.0,auto
1110,246,318,movement,1,1.0,1,600.0,30,2.0,0.15,4.0,auto
1111,246,309,movement,1,1.0,1,600.0,30,2.0,0.15,4.0,auto
1112,246,302,movement,1,1.0,1,600.0,30,2.0,0.15,4.0,auto
1113,246,310,waiting,1,1.0,1,100000.0,30,0.5,0.15,4.0,auto
1114,247,312,movement,1,1.0,1,600.0,30,2.0,0.15,4.0,auto
1115,247,319,movement,1,1.0,1,600.0,30,2.0,0.15,4.0,auto
1116,247,310,movement,1,1.0,1,600.0,30,2.0,0.15,4.0,auto
1117,247,303,movement,1,1.0,1,600.0,30,2.0,0.15,4.0,auto
1118,247,311,waiting,1,1.0,1,100000.0,30,0.5,0.15,4.0,auto
1119,248,320,movement,1,1.0,1,600.0,30,2.0,0.15,4.0,auto
1120,248,311,movement,1,1.0,1,600.0,30,2.0,0.15,4.0,auto
1121,248,304,movement,1,1.0,1,600.0,30,2.0,0.15,4.0,auto
1122,248,312,waiting,1,1.0,1,100000.0,30,0.5,0.15,4.0,auto
1123,249,314,movement,1,1.0,1,600.0,30,2.0,0.15,4.0,auto
1124,249,305,movement,1,1.0,1,600.0,30,2.0,0.15,4.0,auto
1125,249,313,waiting,1,1.0,1,100000.0,30,0.5,0.15,4.0,auto
1126,250,315,movement,1,1.0,1,600.0,30,2.0,0.15,4.0,auto
1127,250,313,movement,1,1.0,1,600.0,30,2.0,0.15,4.0,auto
1128,250,306,movement,1,1.0,1,600.0,30,2.0,0.15,4.0,auto
1129,250,314,waiting,1,1.0,1,100000.0,30,0.5,0.15,4.0,auto
1130,251,316,movement,1,1.0,1,600.0,30,2.0,0.15,4.0,auto
1131,251,314,movement,1,1.0,1,600.0,30,2.0,0.15,4.0,auto
1132,251,307,movement,1,1.0,1,600.0,30,2.0,0.15,4.0,auto
1133,251,315,waiting,1,1.0,1,100000.0,30,0.5,0.15,4.0,auto
1134,252,317,movement,1,1.0,1,600.0,30,2.0,0.15,4.0,auto
1135,252,315,movement,1,1.0,1,600.0,30,2.0,0.15,4.0,auto
1136,252,308,movement,1,1.0,1,600.0,30,2.0,0.15,4.0,auto
1137,252,316,waiting,1,1.0,1,100000.0,30,0.5,0.15,4.0,auto
1138,253,318,movement,1,1.0,1,600.0,30,2.0,0.15,4.0,auto
1139,253,316,movement,1,1.0,1,600.0,30,2.0,0.15,4.0,auto
1140,253,309,movement,1,1.0,1,600.0,30,2.0,0.15,4.0,auto
1141,253,317,waiting,1,1.0,1,100000.0,30,0.5,0.15,4.0,auto
1142,254,319,movement,1,1.0,1,600.0,30,2.0,0.15,4.0,auto
1143,254,317,movement,1,1.0,1,600.0,30,2.0,0.15,4.0,auto
1144,254,310,movement,1,1.0,1,600.0,30,2.0,0.15,4.0,auto
1145,254,318,waiting,1,1.0,1,100000.0,30,0.5,0.15,4.0,auto
1146,255,320,movement,1,1.0,1,600.0,30,2.0,0.15,4.0,auto
1147,255,318,movement,1,1.0,1,600.0,30,2.0,0.15,4.0,auto
1148,255,311,movement,1,1.0,1,600.0,30,2.0,0.15,4.0,auto
1149,255,319,waiting,1,1.0,1,100000.0,30,0.5,0.15,4.0,auto
1150,256,319,movement,1,1.0,1,600.0,30,2.0,0.15,4.0,auto
1151,256,312,movement,1,1.0,1,600.0,30,2.0,0.15,4.0,auto
1152,256,320,waiting,1,1.0,1,100000.0,30,0.5,0.15,4.0,auto
1153,257,322,movement,1,1.0,1,600.0,30,2.0,0.15,4.0,auto
1154,257,329,movement,1,1.0,1,600.0,30,2.0,0.15,4.0,auto
1155,257,321,waiting,1,1.0,1,100000.0,30,0.5,0.15,4.0,auto
1156,258,323,movement,1,1.0,1,600.0,30,2.0,0.15,4.0,auto
1157,258,330,movement,1,1.0,1,600.0,30,2.0,0.15,4.0,auto
1158,258,321,movement,1,1.0,1,600.0,30,2.0,0.15,4.0,auto
1159,258,322,waiting,1,1.0,1,100000.0,30,0.5,0.15,4.0,auto
1160,259,324,movement,1,1.0,1,600.0,30,2.0,0.15,4.0,auto
1161,259,331,movement,1,1.0,1,600.0,30,2.0,0.15,4.0,auto
1162,259,322,movement,1,1.0,1,600.0,30,2.0,0.15,4.0,auto
1163,259,323,waiting,1,1.0,1,100000.0,30,0.5,0.15,4.0,auto
1164,260,325,movement,1,1.0,1,600.0,30,2.0,0.15,4.0,auto
1165,260,332,movement,1,1.0,1,600.0,30,2.0,0.15,4.0,auto
1166,260,323,movement,1,1.0,1,600.0,30,2.0,0.15,4.0,auto
1167,260,324,waiting,1,1.0,1,100000.0,30,0.5,0.15,4.0,auto
1168,261,326,movement,1,1.0,1,600.0,30,2.0,0.15,4.0,auto
1169,261,333,movement,1,1.0,1,600.0,30,2.0,0.15,4.0,auto
1170,261,324,movement,1,1.0,1,600.0,30,2.0,0.15,4.0,auto
1171,261,325,waiting,1,1.0,1,100000.0,30,0.5,0.15,4.0,auto
1172,262,327,movement,1,1.0,1,600.0,30,2.0,0.15,4.0,auto
1173,262,334,movement,1,1.0,1,600.0,30,2.0,0.15,4.0,auto
1174,262,325,movement,1,1.0,1,600.0,30,2.0,0.15,4.0,auto
1175,262,326,waiting,1,1.0,1,100000.0,30,0.5,0.15,4.0,auto
1176,263,328,movement,1,1.0,1,600.0,30,2.0,0.15,4.0,auto
1177,263,335,movement,1,1.0,1,600.0,30,2.0,0.15,4.0,auto
1178,263,326,movement,1,1.0,1,600.0,30,2.0,0.15,4.0,auto
1179,263,327,waiting,1,1.0,1,100000.0,30,0.5,0.15,4.0,auto
1180,264,336,movement,1,1.0,1,600.0,30,2.0,0.15,4.0,auto
1181,264,327,movement,1,1.0,1,600.0,30,2.0,0.15,4.0,auto
1182,264,328,waiting,1,1.0,1,100000.0,30,0.5,0.15,4.0,auto
1183,265,330,movement,1,1.0,1,600.0,30,2.0,0.15,4.0,auto
1184,265,337,movement,1,1.0,1,600.0,30,2.0,0.15,4.0,auto
1185,265,321,movement,1,1.0,1,600.0,30,2.0,0.15,4.0,auto
1186,265,329,waiting,1,1.0,1,100000.0,30,0.5,0.15,4.0,auto
1187,266,331,movement,1,1.0,1,600.0,30,2.0,0.15,4.0,auto
1188,266,338,movement,1,1.0,1,600.0,30,2.0,0.15,4.0,auto
1189,266,329,movement,1,1.0,1,600.0,30,2.0,0.15,4.0,auto
1190,266,322,movement,1,1.0,1,600.0,30,2.0,0.15,4.0,auto
1191,266,330,waiting,1,1.0,1,100000.0,30,0.5,0.15,4.0,auto
1192,267,332,movement,1,1.0,1,600.0,30,2.0,0.15,4.0,auto
1193,267,339,movement,1,1.0,1,600.0,30,2.0,0.15,4.0,auto
1194,267,330,movement,1,1.0,1,600.0,30,2.0,0.15,4.0,auto
1195,267,323,movement,1,1.0,1,600.0,30,2.0,0.15,4.0,auto
1196,267,331,waiting,1,1.0,1,100000.0,30,0.5,0.15,4.0,auto
1197,268,333,movement,1,1.0,1,600.0,30,2.0,0.15,4.0,auto
1198,268,340,movement,1,1.0,1,600.0,30,2.0,0.15,4.0,auto
1199,268,331,movement,1,1.0,1,600.0,30,2.0,0.15,4.0,auto
1200,268,324,movement,1,1.0,1,600.0,30,2.0,0.15,4.0,auto
1201,268,332,waiting,1,1.0,1,100000.0,30,0.5,0.15,4.0,auto
1202,269,334,movement,1,1.0,1,600.0,30,2.0,0.15,4.0,auto
1203,269,341,movement,1,1.0,1,600.0,30,2.0,0.15,4.0,auto
1204,269,332,movement,1,1.0,1,600.0,30,2.0,0.15,4.0,auto
1205,269,325,movement,1,1.0,1,600.0,30,2.0,0.15,4.0,auto
1206,269,333,waiting,1,1.0,1,100000.0,30,0.5,0.15,4.0,auto
1207,270,335,movement,1,1.0,1,600.0,30,2.0,0.15,4.0,auto
1208,270,342,movement,1,1.0,1,600.0,30,2.0,0.15,4.0,auto
1209,270,333,movement,1,1.0,1,600.0,30,2.0,0.15,4.0,auto
1210,270,326,movement,1,1.0,1,600.0,30,2.0,0.15,4.0,auto
1211,270,334,waiting,1,1.0,1,100000.0,30,0.5,0.15,4.0,auto
1212,271,336,movement,1,1.0,1,600.0,30,2.0,0.15,4.0,auto
1213,271,343,movement,1,1.0,1,600.0,30,2.0,0.15,4.0,auto
1214,271,334,movement,1,1.0,1,600.0,30,2.0,0.15,4.0,auto
1215,271,327,movement,1,1.0,1,600.0,30,2.0,0.15,4.0,auto
1216,271,335,waiting,1,1.0,1,100000.0,30,0.5,0.15,4.0,auto
1217,272,344,movement,1,1.0,1,600.0,30,2.0,0.15,4.0,auto
1218,272,335,movement,1,1.0,1,600.0,30,2.0,0.15,4.0,auto
1219,272,328,movement,1,1.0,1,600.0,30,2.0,0.15,4.0,auto
1220,272,336,waiting,1,1.0,1,100000.0,30,0.5,0.15,4.0,auto
1221,273,338,movement,1,1.0,1,600.0,30,2.0,0.15,4.0,auto
1222,273,345,movement,1,1.0,1,600.0,30,2.0,0.15,4.0,auto
1223,273,329,movement,1,1.0,1,600.0,30,2.0,0.15,4.0,auto
1224,273,337,waiting,1,1.0,1,100000.0,30,0.5,0.15,4.0,auto
1225,274,339,movement,1,1.0,1,600.0,30,2.0,0.15,4.0,auto
1226,274,346,movement,1,1.0,1,600.0,30,2.0,0.15,4.0,auto
1227,274,337,movement,1,1.0,1,600.0,30,2.0,0.15,4.0,auto
1228,274,330,movement,1,1.0,1,600.0,30,2.0,0.15,4.0,auto
1229,274,338,waiting,1,1.0,1,100000.0,30,0.5,0.15,4.0,auto
1230,275,340,movement,1,1.0,1,600.0,30,2.0,0.15,4.0,auto
1231,275,347,movement,1,1.0,1,600.0,30,2.0,0.15,4.0,auto
1232,275,338,movement,1,1.0,1,600.0,30,2.0,0.15,4.0,auto
1233,275,331,movement,1,1.0,1,600.0,30,2.0,0.15,4.0,auto
1234,275,339,waiting,1,1.0,1,100000.0,30,0.5,0.15,4.0,auto
1235,276,341,movement,1,1.0,1,600.0,30,2.0,0.15,4.0,auto
1236,276,348,movement,1,1.0,1,600.0,30,2.0,0.15,4.0,auto
1237,276,339,movement,1,1.0,1,600.0,30,2.0,0.15,4.0,auto
1238,276,332,movement,1,1.0,1,600.0,30,2.0,0.15,4.0,auto
1239,276,340,waiting,1,1.0,1,100000.0,30,0.5,0.15,4.0,auto
1240,277,342,movement,1,1.0,1,600.0,30,2.0,0.15,4.0,auto
1241,277,349,movement,1,1.0,1,600.0,30,2.0,0.15,4.0,auto
1242,277,340,movement,1,1.0,1,600.0,30,2.0,0.15,4.0,auto
1243,277,333,movement,1,1.0,1,600.0,30,2.0,0.15,4.0,auto
1244,277,341,waiting,1,1.0,1,100000.0,30,0.5,0.15,4.0,auto
1245,278,343,movement,1,1.0,1,600.0,30,2.0,0.15,4.0,auto
1246,278,350,movement,1,1.0,1,600.0,30,2.0,0.15,4.0,auto
1247,278,341,movement,1,1.0,1,600.0,30,2.0,0.15,4.0,auto
1248,278,334,movement,1,1.0,1,600.0,30,2.0,0.15,4.0,auto
1249,278,342,waiting,1,1.0,1,100000.0,30,0.5,0.15,4.0,auto
1250,279,344,movement,1,1.0,1,600.0,30,2.0,0.15,4.0,auto
1251,279,351,movement,1,1.0,1,600.0,30,2.0,0.15,4.0,auto
1252,279,342,movement,1,1.0,1,600.0,30,2.0,0.15,4.0,auto
1253,279,335,movement,1,1.0,1,600.0,30,2.0,0.15,4.0,auto
1254,279,343,waiting,1,1.0,1,100000.0,30,0.5,0.15,4.0,auto
1255,280,352,movement,1,1.0,1,600.0,30,2.0,0.15,4.0,auto
1256,280,343,movement,1,1.0,1,600.0,30,2.0,0.15,4.0,auto
1257,280,336,movement,1,1.0,1,600.0,30,2.0,0.15,4.0,auto
1258,280,344,waiting,1,1.0,1,100000.0,30,0.5,0.15,4.0,auto
1259,281,346,movement,1,1.0,1,600.0,30,2.0,0.15,4.0,auto
1260,281,353,movement,1,1.0,1,600.0,30,2.0,0.15,4.0,auto
1261,281,337,movement,1,1.0,1,600.0,30,2.0,0.15,4.0,auto
1262,281,345,waiting,1,1.0,1,100000.0,30,0.5,0.15,4.0,auto
1263,282,347,movement,1,1.0,1,600.0,30,2.0,0.15,4.0,auto
1264,282,354,movement,1,1.0,1,600.0,30,2.0,0.15,4.0,auto
1265,282,345,movement,1,1.0,1,600.0,30,2.0,0.15,4.0,auto
1266,282,338,movement,1,1.0,1,600.0,30,2.0,0.15,4.0,auto
1267,282,346,waiting,1,1.0,1,100000.0,30,0.5,0.15,4.0,auto
1268,283,348,movement,1,1.0,1,600.0,30,2.0,0.15,4.0,auto
1269,283,355,movement,1,1.0,1,600.0,30,2.0,0.15,4.0,auto
1270,283,346,movement,1,1.0,1,600.0,30,2.0,0.15,4.0,auto
1271,283,339,movement,1,1.0,1,600.0,30,2.0,0.15,4.0,auto
1272,283,347,waiting,1,1.0,1,100000.0,30,0.5,0.15,4.0,auto
1273,284,349,movement,1,1.0,1,600.0,30,2.0,0.15,4.0,auto
1274,284,356,movement,1,1.0,1,600.0,30,2.0,0.15,4.0,auto
1275,284,347,movement,1,1.0,1,600.0,30,2.0,0.15,4.0,auto
1276,284,340,movement,1,1.0,1,600.0,30,2.0,0.15,4.0,auto
1277,284,348,waiting,1,1.0,1,100000.0,30,0.5,0.15,4.0,auto
1278,285,350,movement,1,1.0,1,600.0,30,2.0,0.15,4.0,auto
1279,285,357,movement,1,1.0,1,600.0,30,2.0,0.15,4.0,auto
1280,285,348,movement,1,1.0,1,600.0,30,2.0,0.15,4.0,auto
1281,285,341,movement,1,1.0,1,600.0,30,2.0,0.15,4.0,auto
1282,285,349,waiting,1,1.0,1,100000.0,30,0.5,0.15,4.0,auto
1283,286,351,movement,1,1.0,1,600.0,30,2.0,0.15,4.0,auto
1284,286,358,movement,1,1.0,1,600.0,30,2.0,0.15,4.0,auto
1285,286,349,movement,1,1.0,1,600.0,30,2.0,0.15,4.0,auto
1286,286,342,movement,1,1.0,1,600.0,30,2.0,0.15,4.0,auto
1287,286,350,waiting,1,1.0,1,100000.0,30,0.5,0.15,4.0,auto
1288,287,352,movement,1,1.0,1,600.0,30,2.0,0.15,4.0,auto
1289,287,359,movement,1,1.0,1,600.0,30,2.0,0.15,4.0,auto
1290,287,350,movement,1,1.0,1,600.0,30,2.0,0.15,4.0,auto
1291,287,343,movement,1,1.0,1,600.0,30,2.0,0.15,4.0,auto
1292,287,351,waiting,1,1.0,1,100000.0,30,0.5,0.15,4.0,auto
1293,288,360,movement,1,1.0,1,600.0,30,2.0,0.15,4.0,auto
1294,288,351,movement,1,1.0,1,600.0,30,2.0,0.15,4.0,auto
1295,288,344,movement,1,1.0,1,600.0,30,2.0,0.15,4.0,auto
1296,288,352,waiting,1,1.0,1,100000.0,30,0.5,0.15,4.0,auto
1297,289,354,movement,1,1.0,1,600.0,30,2.0,0.15,4.0,auto
1298,289,361,movement,1,1.0,1,600.0,30,2.0,0.15,4.0,auto
1299,289,345,movement,1,1.0,1,600.0,30,2.0,0.15,4.0,auto
1300,289,353,waiting,1,1.0,1,100000.0,30,0.5,0.15,4.0,auto
1301,290,355,movement,1,1.0,1,600.0,30,2.0,0.15,4.0,auto
1302,290,362,movement,1,1.0,1,600.0,30,2.0,0.15,4.0,auto
1303,290,353,movement,1,1.0,1,600.0,30,2.0,0.15,4.0,auto
1304,290,346,movement,1,1.0,1,600.0,30,2.0,0.15,4.0,auto
1305,290,354,waiting,1,1.0,1,100000.0,30,0.5,0.15,4.0,auto
1306,291,356,movement,1,1.0,1,600.0,30,2.0,0.15,4.0,auto
1307,291,363,movement,1,1.0,1,600.0,30,2.0,0.15,4.0,auto
1308,291,354,movement,1,1.0,1,600.0,30,2.0,0.15,4.0,auto
1309,291,347,movement,1,1.0,1,600.0,30,2.0,0.15,4.0,auto
1310,291,355,waiting,1,1.0,1,100000.0,30,0.5,0.15,4.0,auto
1311,292,357,movement,1,1.0,1,600.0,30,2.0,0.15,4.0,auto
1312,292,364,movement,1,1.0,1,600.0,30,2.0,0.15,4.0,auto
1313,292,355,movement,1,1.0,1,600.0,30,2.0,0.15,4.0,auto
1314,292,348,movement,1,1.0,1,600.0,30,2.0,0.15,4.0,auto
1315,292,356,waiting,1,1.0,1,100000.0,30,0.5,0.15,4.0,auto
1316,293,358,movement,1,1.0,1,600.0,30,2.0,0.15,4.0,auto
1317,293,365,movement,1,1.0,1,600.0,30,2.0,0.15,4.0,auto
1318,293,356,movement,1,1.0,1,600.0,30,2.0,0.15,4.0,auto
1319,293,349,movement,1,1.0,1,600.0,30,2.0,0.15,4.0,auto
1320,293,357,waiting,1,1.0,1,100000.0,30,0.5,0.15,4.0,auto
1321,294,359,movement,1,1.0,1,600.0,30,2.0,0.15,4.0,auto
1322,294,366,movement,1,1.0,1,600.0,30,2.0,0.15,4.0,auto
1323,294,357,movement,1,1.0,1,600.0,30,2.0,0.15,4.0,auto
1324,294,350,movement,1,1.0,1,600.0,30,2.0,0.15,4.0,auto
1325,294,358,waiting,1,1.0,1,100000.0,30,0.5,0.15,4.0,auto
1326,295,360,movement,1,1.0,1,600.0,30,2.0,0.15,4.0,auto
1327,295,367,movement,1,1.0,1,600.0,30,2.0,0.15,4.0,auto
1328,295,358,movement,1,1.0,1,600.0,30,2.0,0.15,4.0,auto
1329,295,351,movement,1,1.0,1,600.0,30,2.0,0.15,4.0,auto
1330,295,359,waiting,1,1.0,1,100000.0,30,0.5,0.15,4.0,auto
1331,296,368,movement,1,1.0,1,600.0,30,2.0,0.15,4.0,auto
1332,296,359,movement,1,1.0,1,600.0,30,2.0,0.15,4.0,auto
1333,296,352,movement,1,1.0,1,600.0,30,2.0,0.15,4.0,auto
1334,296,360,waiting,1,1.0,1,100000.0,30,0.5,0.15,4.0,auto
1335,297,362,movement,1,1.0,1,600.0,30,2.0,0.15,4.0,auto
1336,297,369,movement,1,1.0,1,600.0,30,2.0,0.15,4.0,auto
1337,297,353,movement,1,1.0,1,600.0,30,2.0,0.15,4.0,auto
1338,297,361,waiting,1,1.0,1,100000.0,30,0.5,0.15,4.0,auto
1339,298,363,movement,1,1.0,1,600.0,30,2.0,0.15,4.0,auto
1340,298,370,movement,1,1.0,1,600.0,30,2.0,0.15,4.0,auto
1341,298,361,movement,1,1.0,1,600.0,30,2.0,0.15,4.0,auto
1342,298,354,movement,1,1.0,1,600.0,30,2.0,0.15,4.0,auto
1343,298,362,waiting,1,1.0,1,100000.0,30,0.5,0.15,4.0,auto
1344,299,364,movement,1,1.0,1,600.0,30,2.0,0.15,4.0,auto
1345,299,371,movement,1,1.0,1,600.0,30,2.0,0.15,4.0,auto
1346,299,362,movement,1,1.0,1,600.0,30,2.0,0.15,4.0,auto
1347,299,355,movement,1,1.0,1,600.0,30,2.0,0.15,4.0,auto
1348,299,363,waiting,1,1.0,1,100000.0,30,0.5,0.15,4.0,auto
1349,300,365,movement,1,1.0,1,600.0,30,2.0,0.15,4.0,auto
1350,300,372,movement,1,1.0,1,600.0,30,2.0,0.15,4.0,auto
1351,300,363,movement,1,1.0,1,600.0,30,2.0,0.15,4.0,auto
1352,300,356,movement,1,1.0,1,600.0,30,2.0,0.15,4.0,auto
1353,300,364,waiting,1,1.0,1,100000.0,30,0.5,0.15,4.0,auto
1354,301,366,movement,1,1.0,1,600.0,30,2.0,0.15,4.0,auto
1355,301,373,movement,1,1.0,1,600.0,30,2.0,0.15,4.0,auto
1356,301,364,movement,1,1.0,1,600.0,30,2.0,0.15,4.0,auto
1357,301,357,movement,1,1.0,1,600.0,30,2.0,0.15,4.0,auto
1358,301,365,waiting,1,1.0,1,100000.0,30,0.5,0.15,4.0,auto
1359,302,367,movement,1,1.0,1,600.0,30,2.0,0.15,4.0,auto
1360,302,374,movement,1,1.0,1,600.0,30,2.0,0.15,4.0,auto
1361,302,365,movement,1,1.0,1,600.0,30,2.0,0.15,4.0,auto
1362,302,358,movement,1,1.0,1,600.0,30,2.0,0.15,4.0,auto
1363,302,366,waiting,1,1.0,1,100000.0,30,0.5,0.15,4.0,auto
1364,303,368,movement,1,1.0,1,600.0,30,2.0,0.15,4.0,auto
1365,303,375,movement,1,1.0,1,600.0,30,2.0,0.15,4.0,auto
1366,303,366,movement,1,1.0,1,600.0,30,2.0,0.15,4.0,auto
1367,303,359,movement,1,1.0,1,600.0,30,2.0,0.15,4.0,auto
1368,303,367,waiting,1,1.0,1,100000.0,30,0.5,0.15,4.0,auto
1369,304,376,movement,1,1.0,1,600.0,30,2.0,0.15,4.0,auto
1370,304,367,movement,1,1.0,1,600.0,30,2.0,0.15,4.0,auto
1371,304,360,movement,1,1.0,1,600.0,30,2.0,0.15,4.0,auto
1372,304,368,waiting,1,1.0,1,100000.0,30,0.5,0.15,4.0,auto
1373,305,370,movement,1,1.0,1,600.0,30,2.0,0.15,4.0,auto
1374,305,377,movement,1,1.0,1,600.0,30,2.0,0.15,4.0,auto
1375,305,361,movement,1,1.0,1,600.0,30,2.0,0.15,4.0,auto
1376,305,369,waiting,1,1.0,1,100000.0,30,0.5,0.15,4.0,auto
1377,306,371,movement,1,1.0,1,600.0,30,2.0,0.15,4.0,auto
1378,306,378,movement,1,1.0,1,600.0,30,2.0,0.15,4.0,auto
1379,306,369,movement,1,1.0,1,600.0,30,2.0,0.15,4.0,auto
1380,306,362,movement,1,1.0,1,600.0,30,2.0,0.15,4.0,auto
1381,306,370,waiting,1,1.0,1,100000.0,30,0.5,0.15,4.0,auto
1382,307,372,movement,1,1.0,1,600.0,30,2.0,0.15,4.0,auto
1383,307,379,movement,1,1.0,1,600.0,30,2.0,0.15,4.0,auto
1384,307,370,movement,1,1.0,1,600.0,30,2.0,0.15,4.0,auto
1385,307,363,movement,1,1.0,1,600.0,30,2.0,0.15,4.0,auto
1386,307,371,waiting,1,1.0,1,100000.0,30,0.5,0.15,4.0,auto
1387,308,373,movement,1,1.0,1,600.0,30,2.0,0.15,4.0,auto
1388,308,380,movement,1,1.0,1,600.0,30,2.0,0.15,4.0,auto
1389,308,371,movement,1,1.0,1,600.0,30,2.0,0.15,4.0,auto
1390,308,364,movement,1,1.0,1,600.0,30,2.0,0.15,4.0,auto
1391,308,372,waiting,1,1.0,1,100000.0,30,0.5,0.15,4.0,auto
1392,309,374,movement,1,1.0,1,600.0,30,2.0,0.15,4.0,auto
1393,309,381,movement,1,1.0,1,600.0,30,2.0,0.15,4.0,auto
1394,309,372,movement,1,1.0,1,600.0,30,2.0,0.15,4.0,auto
1395,309,365,movement,1,1.0,1,600.0,30,2.0,0.15,4.0,auto
1396,309,373,waiting,1,1.0,1,100000.0,30,0.5,0.15,4.0,auto
1397,310,375,movement,1,1.0,1,600.0,30,2.0,0.15,4.0,auto
1398,310,382,movement,1,1.0,1,600.0,30,2.0,0.15,4.0,auto
1399,310,373,movement,1,1.0,1,600.0,30,2.0,0.15,4.0,auto
1400,310,366,movement,1,1.0,1,600.0,30,2.0,0.15,4.0,auto
1401,310,374,waiting,1,1.0,1,100000.0,30,0.5,0.15,4.0,auto
1402,311,376,movement,1,1.0,1,600.0,30,2.0,0.15,4.0,auto
1403,311,383,movement,1,1.0,1,600.0,30,2.0,0.15,4.0,auto
1404,311,374,movement,1,1.0,1,600.0,30,2.0,0.15,4.0,auto
1405,311,367,movement,1,1.0,1,600.0,30,2.0,0.15,4.0,auto
1406,311,375,waiting,1,1.0,1,100000.0,30,0.5,0.15,4.0,auto
1407,312,384,movement,1,1.0,1,600.0,30,2.0,0.15,4.0,auto
1408,312,375,movement,1,1.0,1,600.0,30,2.0,0.15,4.0,auto
1409,312,368,movement,1,1.0,1,600.0,30,2.0,0.15,4.0,auto
1410,312,376,waiting,1,1.0,1,100000.0,30,0.5,0.15,4.0,auto
1411,313,378,movement,1,1.0,1,600.0,30,2.0,0.15,4.0,auto
1412,313,369,movement,1,1.0,1,600.0,30,2.0,0.15,4.0,auto
1413,313,377,waiting,1,1.0,1,100000.0,30,0.5,0.15,4.0,auto
1414,314,379,movement,1,1.0,1,600.0,30,2.0,0.15,4.0,auto
1415,314,377,movement,1,1.0,1,600.0,30,2.0,0.15,4.0,auto
1416,314,370,movement,1,1.0,1,600.0,30,2.0,0.15,4.0,auto
1417,314,378,waiting,1,1.0,1,100000.0,30,0.5,0.15,4.0,auto
1418,315,380,movement,1,1.0,1,600.0,30,2.0,0.15,4.0,auto
1419,315,378,movement,1,1.0,1,600.0,30,2.0,0.15,4.0,auto
1420,315,371,movement,1,1.0,1,600.0,30,2.0,0.15,4.0,auto
1421,315,379,waiting,1,1.0,1,100000.0,30,0.5,0.15,4.0,auto
1422,316,381,movement,1,1.0,1,600.0,30,2.0,0.15,4.0,auto
1423,316,379,movement,1,1.0,1,600.0,30,2.0,0.15,4.0,auto
1424,316,372,movement,1,1.0,1,600.0,30,2.0,0.15,4.0,auto
1425,316,380,waiting,1,1.0,1,100000.0,30,0.5,0.15,4.0,auto
1426,317,382,movement,1,1.0,1,600.0,30,2.0,0.15,4.0,auto
1427,317,380,movement,1,1.0,1,600.0,30,2.0,0.15,4.0,auto
1428,317,373,movement,1,1.0,1,600.0,30,2.0,0.15,4.0,auto
1429,317,381,waiting,1,1.0,1,100000.0,30,0.5,0.15,4.0,auto
1430,318,383,movement,1,1.0,1,600.0,30,2.0,0.15,4.0,auto
1431,318,381,movement,1,1.0,1,600.0,30,2.0,0.15,4.0,auto
1432,318,374,movement,1,1.0,1,600.0,30,2.0,0.15,4.0,auto
1433,318,382,waiting,1,1.0,1,100000.0,30,0.5,0.15,4.0,auto
1434,319,384,movement,1,1.0,1,600.0,30,2.0,0.15,4.0,auto
1435,319,382,movement,1,1.0,1,600.0,30,2.0,0.15,4.0,auto
1436,319,375,movement,1,1.0,1,600.0,30,2.0,0.15,4.0,auto
1437,319,383,waiting,1,1.0,1,100000.0,30,0.5,0.15,4.0,auto
1438,320,383,movement,1,1.0,1,600.0,30,2.0,0.15,4.0,auto
1439,320,376,movement,1,1.0,1,600.0,30,2.0,0.15,4.0,auto
1440,320,384,waiting,1,1.0,1,100000.0,30,0.5,0.15,4.0,auto
1441,321,386,movement,1,1.0,1,600.0,30,2.0,0.15,4.0,auto
1442,321,393,movement,1,1.0,1,600.0,30,2.0,0.15,4.0,auto
1443,321,385,waiting,1,1.0,1,100000.0,30,0.5,0.15,4.0,auto
1444,322,387,movement,1,1.0,1,600.0,30,2.0,0.15,4.0,auto
1445,322,394,movement,1,1.0,1,600.0,30,2.0,0.15,4.0,auto
1446,322,385,movement,1,1.0,1,600.0,30,2.0,0.15,4.0,auto
1447,322,386,waiting,1,1.0,1,100000.0,30,0.5,0.15,4.0,auto
1448,323,388,movement,1,1.0,1,600.0,30,2.0,0.15,4.0,auto
1449,323,395,movement,1,1.0,1,600.0,30,2.0,0.15,4.0,auto
1450,323,386,movement,1,1.0,1,600.0,30,2.0,0.15,4.0,auto
1451,323,387,waiting,1,1.0,1,100000.0,30,0.5,0.15,4.0,auto
1452,324,389,movement,1,1.0,1,600.0,30,2.0,0.15,4.0,auto
1453,324,396,movement,1,1.0,1,600.0,30,2.0,0.15,4.0,auto
1454,324,387,movement,1,1.0,1,600.0,30,2.0,0.15,4.0,auto
1455,324,388,waiting,1,1.0,1,100000.0,30,0.5,0.15,4.0,auto
1456,325,390,movement,1,1.0,1,600.0,30,2.0,0.15,4.0,auto
1457,325,397,movement,1,1.0,1,600.0,30,2.0,0.15,4.0,auto
1458,325,388,movement,1,1.0,1,600.0,30,2.0,0.15,4.0,auto
1459,325,389,waiting,1,1.0,1,100000.0,30,0.5,0.15,4.0,auto
1460,326,391,movement,1,1.0,1,600.0,30,2.0,0.15,4.0,auto
1461,326,398,movement,1,1.0,1,600.0,30,2.0,0.15,4.0,auto
1462,326,389,movement,1,1.0,1,600.0,30,2.0,0.15,4.0,auto
1463,326,390,waiting,1,1.0,1,100000.0,30,0.5,0.15,4.0,auto
1464,327,392,movement,1,1.0,1,600.0,30,2.0,0.15,4.0,auto
1465,327,399,movement,1,1.0,1,600.0,30,2.0,0.15,4.0,auto
1466,327,390,movement,1,1.0,1,600.0,30,2.0,0.15,4.0,auto
1467,327,391,waiting,1,1.0,1,100000.0,30,0.5,0.15,4.0,auto
1468,328,400,movement,1,1.0,1,600.0,30,2.0,0.15,4.0,auto
1469,328,391,movement,1,1.0,1,600.0,30,2.0,0.15,4.0,auto
1470,328,392,waiting,1,1.0,1,100000.0,30,0.5,0.15,4.0,auto
1471,329,394,movement,1,1.0,1,600.0,30,2.0,0.15,4.0,auto
1472,329,401,movement,1,1.0,1,600.0,30,2.0,0.15,4.0,auto
1473,329,385,movement,1,1.0,1,600.0,30,2.0,0.15,4.0,auto
1474,329,393,waiting,1,1.0,1,100000.0,30,0.5,0.15,4.0,auto
1475,330,395,movement,1,1.0,1,600.0,30,2.0,0.15,4.0,auto
1476,330,402,movement,1,1.0,1,600.0,30,2.0,0.15,4.0,auto
1477,330,393,movement,1,1.0,1,600.0,30,2.0,0.15,4.0,auto
1478,330,386,movement,1,1.0,1,600.0,30,2.0,0.15,4.0,auto
1479,330,394,waiting,1,1.0,1,100000.0,30,0.5,0.15,4.0,auto
1480,331,396,movement,1,1.0,1,600.0,30,2.0,0.15,4.0,auto
1481,331,403,movement,1,1.0,1,600.0,30,2.0,0.15,4.0,auto
1482,331,394,movement,1,1.0,1,600.0,30,2.0,0.15,4.0,auto
1483,331,387,movement,1,1.0,1,600.0,30,2.0,0.15,4.0,auto
1484,331,395,waiting,1,1.0,1,100000.0,30,0.5,0.15,4.0,auto
1485,332,397,movement,1,1.0,1,600.0,30,2.0,0.15,4.0,auto
1486,332,404,movement,1,1.0,1,600.0,30,2.0,0.15,4.0,auto
1487,332,395,movement,1,1.0,1,600.0,30,2.0,0.15,4.0,auto
1488,332,388,movement,1,1.0,1,600.0,30,2.0,0.15,4.0,auto
1489,332,396,waiting,1,1.0,1,100000.0,30,0.5,0.15,4.0,auto
1490,333,398,movement,1,1.0,1,600.0,30,2.0,0.15,4.0,auto
1491,333,405,movement,1,1.0,1,600.0,30,2.0,0.15,4.0,auto
1492,333,396,movement,1,1.0,1,600.0,30,2.0,0.15,4.0,auto
1493,333,389,movement,1,1.0,1,600.0,30,2.0,0.15,4.0,auto
1494,333,397,waiting,1,1.0,1,100000.0,30,0.5,0.15,4.0,auto
1495,334,399,movement,1,1.0,1,600.0,30,2.0,0.15,4.0,auto
1496,334,406,movement,1,1.0,1,600.0,30,2.0,0.15,4.0,auto
1497,334,397,movement,1,1.0,1,600.0,30,2.0,0.15,4.0,auto
1498,334,390,movement,1,1.0,1,600.0,30,2.0,0.15,4.0,auto
1499,334,398,waiting,1,1.0,1,100000.0,30,0.5,0.15,4.0,auto
1500,335,400,movement,1,1.0,1,600.0,30,2.0,0.15,4.0,auto
1501,335,407,movement,1,1.0,1,600.0,30,2.0,0.15,4.0,auto
1502,335,398,movement,1,1.0,1,600.0,30,2.0,0.15,4.0,auto
1503,335,391,movement,1,1.0,1,600.0,30,2.0,0.15,4.0,auto
1504,335,399,waiting,1,1.0,1,100000.0,30,0.5,0.15,4.0,auto
1505,336,408,movement,1,1.0,1,600.0,30,2.0,0.15,4.0,auto
1506,336,399,movement,1,1.0,1,600.0,30,2.0,0.15,4.0,auto
1507,336,392,movement,1,1.0,1,600.0,30,2.0,0.15,4.0,auto
1508,336,400,waiting,1,1.0,1,100000.0,30,0.5,0.15,4.0,auto
1509,337,402,movement,1,1.0,1,600.0,30,2.0,0.15,4.0,auto
1510,337,409,movement,1,1.0,1,600.0,30,2.0,0.15,4.0,auto
1511,337,393,movement,1,1.0,1,600.0,30,2.0,0.15,4.0,auto
1512,337,401,waiting,1,1.0,1,100000.0,30,0.5,0.15,4.0,auto
1513,338,403,movement,1,1.0,1,600.0,30,2.0,0.15,4.0,auto
1514,338,410,movement,1,1.0,1,600.0,30,2.0,0.15,4.0,auto
1515,338,401,movement,1,1.0,1,600.0,30,2.0,0.15,4.0,auto
1516,338,394,movement,1,1.0,1,600.0,30,2.0,0.15,4.0,auto
1517,338,402,waiting,1,1.0,1,100000.0,30,0.5,0.15,4.0,auto
1518,339,404,movement,1,1.0,1,600.0,30,2.0,0.15,4.0,auto
1519,339,411,movement,1,1.0,1,600.0,30,2.0,0.15,4.0,auto
1520,339,402,movement,1,1.0,1,600.0,30,2.0,0.15,4.0,auto
1521,339,395,movement,1,1.0,1,600.0,30,2.0,0.15,4.0,auto
1522,339,403,waiting,1,1.0,1,100000.0,30,0.5,0.15,4.0,auto
1523,340,405,movement,1,1.0,1,600.0,30,2.0,0.15,4.0,auto
1524,340,412,movement,1,1.0,1,600.0,30,2.0,0.15,4.0,auto
1525,340,403,movement,1,1.0,1,600.0,30,2.0,0.15,4.0,auto
1526,340,396,movement,1,1.0,1,600.0,30,2.0,0.15,4.0,auto
1527,340,404,waiting,1,1.0,1,100000.0,30,0.5,0.15,4.0,auto
1528,341,406,movement,1,1.0,1,600.0,30,2.0,0.15,4.0,auto
1529,341,413,movement,1,1.0,1,600.0,30,2.0,0.15,4.0,auto
1530,341,404,movement,1,1.0,1,600.0,30,2.0,0.15,4.0,auto
1531,341,397,movement,1,1.0,1,600.0,30,2.0,0.15,4.0,auto
1532,341,405,waiting,1,1.0,1,100000.0,30,0.5,0.15,4.0,auto
1533,342,407,movement,1,1.0,1,600.0,30,2.0,0.15,4.0,auto
1534,342,414,movement,1,1.0,1,600.0,30,2.0,0.15,4.0,auto
1535,342,405,movement,1,1.0,1,600.0,30,2.0,0.15,4.0,auto
1536,342,398,movement,1,1.0,1,600.0,30,2.0,0.15,4.0,auto
1537,342,406,waiting,1,1.0,1,100000.0,30,0.5,0.15,4.0,auto
1538,343,408,movement,1,1.0,1,600.0,30,2.0,0.15,4.0,auto
1539,343,415,movement,1,1.0,1,600.0,30,2.0,0.15,4.0,auto
1540,343,406,movement,1,1.0,1,600.0,30,2.0,0.15,4.0,auto
1541,343,399,movement,1,1.0,1,600.0,30,2.0,0.15,4.0,auto
1542,343,407,waiting,1,1.0,1,100000.0,30,0.5,0.15,4.0,auto
1543,344,416,movement,1,1.0,1,600.0,30,2.0,0.15,4.0,auto
1544,344,407,movement,1,1.0,1,600.0,30,2.0,0.15,4.0,auto
1545,344,400,movement,1,1.0,1,600.0,30,2.0,0.15,4.0,auto
1546,344,408,waiting,1,1.0,1,100000.0,30,0.5,0.15,4.0,auto
1547,345,410,movement,1,1.0,1,600.0,30,2.0,0.15,4.0,auto
1548,345,417,movement,1,1.0,1,600.0,30,2.0,0.15,4.0,auto
1549,345,401,movement,1,1.0,1,600.0,30,2.0,0.15,4.0,auto
1550,345,409,waiting,1,1.0,1,100000.0,30,0.5,0.15,4.0,auto
1551,346,411,movement,1,1.0,1,600.0,30,2.0,0.15,4.0,auto
1552,346,418,movement,1,1.0,1,600.0,30,2.0,0.15,4.0,auto
1553,346,409,movement,1,1.0,1,600.0,30,2.0,0.15,4.0,auto
1554,346,402,movement,1,1.0,1,600.0,30,2.0,0.15,4.0,auto
1555,346,410,waiting,1,1.0,1,100000.0,30,0.5,0.15,4.0,auto
1556,347,412,movement,1,1.0,1,600.0,30,2.0,0.15,4.0,auto
1557,347,419,movement,1,1.0,1,600.0,30,2.0,0.15,4.0,auto
1558,347,410,movement,1,1.0,1,600.0,30,2.0,0.15,4.0,auto
1559,347,403,movement,1,1.0,1,600.0,30,2.0,0.15,4.0,auto
1560,347,411,waiting,1,1.0,1,100000.0,30,0.5,0.15,4.0,auto
1561,348,413,movement,1,1.0,1,600.0,30,2.0,0.15,4.0,auto
1562,348,420,movement,1,1.0,1,600.0,30,2.0,0.15,4.0,auto
1563,348,411,movement,1,1.0,1,600.0,30,2.0,0.15,4.0,auto
1564,348,404,movement,1,1.0,1,600.0,30,2.0,0.15,4.0,auto
1565,348,412,waiting,1,1.0,1,100000.0,30,0.5,0.15,4.0,auto
1566,349,414,movement,1,1.0,1,600.0,30,2.0,0.15,4.0,auto
1567,349,421,movement,1,1.0,1,600.0,30,2.0,0.15,4.0,auto
1568,349,412,movement,1,1.0,1,600.0,30,2.0,0.15,4.0,auto
1569,349,405,movement,1,1.0,1,600.0,30,2.0,0.15,4.0,auto
1570,349,413,waiting,1,1.0,1,100000.0,30,0.5,0.15,4.0,auto
1571,350,415,movement,1,1.0,1,600.0,30,2.0,0.15,4.0,auto
1572,350,422,movement,1,1.0,1,600.0,30,2.0,0.15,4.0,auto
1573,350,413,movement,1,1.0,1,600.0,30,2.0,0.15,4.0,auto
1574,350,406,movement,1,1.0,1,600.0,30,2.0,0.15,4.0,auto
1575,350,414,waiting,1,1.0,1,100000.0,30,0.5,0.15,4.0,auto
1576,351,416,movement,1,1.0,1,600.0,30,2.0,0.15,4.0,auto
1577,351,423,movement,1,1.0,1,600.0,30,2.0,0.15,4.0,auto
1578,351,414,movement,1,1.0,1,600.0,30,2.0,0.15,4.0,auto
1579,351,407,movement,1,1.0,1,600.0,30,2.0,0.15,4.0,auto
1580,351,415,waiting,1,1.0,1,100000.0,30,0.5,0.15,4.0,auto
1581,352,424,movement,1,1.0,1,600.0,30,2.0,0.15,4.0,auto
1582,352,415,movement,1,1.0,1,600.0,30,2.0,0.15,4.0,auto
1583,352,408,movement,1,1.0,1,600.0,30,2.0,0.15,4.0,auto
1584,352,416,waiting,1,1.0,1,100000.0,30,0.5,0.15,4.0,auto
1585,353,418,movement,1,1.0,1,600.0,30,2.0,0.15,4.0,auto
1586,353,425,movement,1,1.0,1,600.0,30,2.0,0.15,4.0,auto
1587,353,409,movement,1,1.0,1,600.0,30,2.0,0.15,4.0,auto
1588,353,417,waiting,1,1.0,1,100000.0,30,0.5,0.15,4.0,auto
1589,354,419,movement,1,1.0,1,600.0,30,2.0,0.15,4.0,auto
1590,354,426,movement,1,1.0,1,600.0,30,2.0,0.15,4.0,auto
1591,354,417,movement,1,1.0,1,600.0,30,2.0,0.15,4.0,auto
1592,354,410,movement,1,1.0,1,600.0,30,2.0,0.15,4.0,auto
1593,354,418,waiting,1,1.0,1,100000.0,30,0.5,0.15,4.0,auto
1594,355,420,movement,1,1.0,1,600.0,30,2.0,0.15,4.0,auto
1595,355,427,movement,1,1.0,1,600.0,30,2.0,0.15,4.0,auto
1596,355,418,movement,1,1.0,1,600.0,30,2.0,0.15,4.0,auto
1597,355,411,movement,1,1.0,1,600.0,30,2.0,0.15,4.0,auto
1598,355,419,waiting,1,1.0,1,100000.0,30,0.5,0.15,4.0,auto
1599,356,421,movement,1,1.0,1,600.0,30,2.0,0.15,4.0,auto
1600,356,428,movement,1,1.0,1,600.0,30,2.0,0.15,4.0,auto
1601,356,419,movement,1,1.0,1,600.0,30,2.0,0.15,4.0,auto
1602,356,412,movement,1,1.0,1,600.0,30,2.0,0.15,4.0,auto
1603,356,420,waiting,1,1.0,1,100000.0,30,0.5,0.15,4.0,auto
1604,357,422,movement,1,1.0,1,600.0,30,2.0,0.15,4.0,auto
1605,357,429,movement,1,1.0,1,600.0,30,2.0,0.15,4.0,auto
1606,357,420,movement,1,1.0,1,600.0,30,2.0,0.15,4.0,auto
1607,357,413,movement,1,1.0,1,600.0,30,2.0,0.15,4.0,auto
1608,357,421,waiting,1,1.0,1,100000.0,30,0.5,0.15,4.0,auto
1609,358,423,movement,1,1.0,1,600.0,30,2.0,0.15,4.0,auto
1610,358,430,movement,1,1.0,1,600.0,30,2.0,0.15,4.0,auto
1611,358,421,movement,1,1.0,1,600.0,30,2.0,0.15,4.0,auto
1612,358,414,movement,1,1.0,1,600.0,30,2.0,0.15,4.0,auto
1613,358,422,waiting,1,1.0,1,100000.0,30,0.5,0.15,4.0,auto
1614,359,424,movement,1,1.0,1,600.0,30,2.0,0.15,4.0,auto
1615,359,431,movement,1,1.0,1,600.0,30,2.0,0.15,4.0,auto
1616,359,422,movement,1,1.0,1,600.0,30,2.0,0.15,4.0,auto
1617,359,415,movement,1,1.0,1,600.0,30,2.0,0.15,4.0,auto
1618,359,423,waiting,1,1.0,1,100000.0,30,0.5,0.15,4.0,auto
1619,360,432,movement,1,1.0,1,600.0,30,2.0,0.15,4.0,auto
1620,360,423,movement,1,1.0,1,600.0,30,2.0,0.15,4.0,auto
1621,360,416,movement,1,1.0,1,600.0,30,2.0,0.15,4.0,auto
1622,360,424,waiting,1,1.0,1,100000.0,30,0.5,0.15,4.0,auto
1623,361,426,movement,1,1.0,1,600.0,30,2.0,0.15,4.0,auto
1624,361,433,movement,1,1.0,1,600.0,30,2.0,0.15,4.0,auto
1625,361,417,movement,1,1.0,1,600.0,30,2.0,0.15,4.0,auto
1626,361,425,waiting,1,1.0,1,100000.0,30,0.5,0.15,4.0,auto
1627,362,427,movement,1,1.0,1,600.0,30,2.0,0.15,4.0,auto
1628,362,434,movement,1,1.0,1,600.0,30,2.0,0.15,4.0,auto
1629,362,425,movement,1,1.0,1,600.0,30,2.0,0.15,4.0,auto
1630,362,418,movement,1,1.0,1,600.0,30,2.0,0.15,4.0,auto
1631,362,426,waiting,1,1.0,1,100000.0,30,0.5,0.15,4.0,auto
1632,363,428,movement,1,1.0,1,600.0,30,2.0,0.15,4.0,auto
1633,363,435,movement,1,1.0,1,600.0,30,2.0,0.15,4.0,auto
1634,363,426,movement,1,1.0,1,600.0,30,2.0,0.15,4.0,auto
1635,363,419,movement,1,1.0,1,600.0,30,2.0,0.15,4.0,auto
1636,363,427,waiting,1,1.0,1,100000.0,30,0.5,0.15,4.0,auto
1637,364,429,movement,1,1.0,1,600.0,30,2.0,0.15,4.0,auto
1638,364,436,movement,1,1.0,1,600.0,30,2.0,0.15,4.0,auto
1639,364,427,movement,1,1.0,1,600.0,30,2.0,0.15,4.0,auto
1640,364,420,movement,1,1.0,1,600.0,30,2.0,0.15,4.0,auto
1641,364,428,waiting,1,1.0,1,100000.0,30,0.5,0.15,4.0,auto
1642,365,430,movement,1,1.0,1,600.0,30,2.0,0.15,4.0,auto
1643,365,437,movement,1,1.0,1,600.0,30,2.0,0.15,4.0,auto
1644,365,428,movement,1,1.0,1,600.0,30,2.0,0.15,4.0,auto
1645,365,421,movement,1,1.0,1,600.0,30,2.0,0.15,4.0,auto
1646,365,429,waiting,1,1.0,1,100000.0,30,0.5,0.15,4.0,auto
1647,366,431,movement,1,1.0,1,600.0,30,2.0,0.15,4.0,auto
1648,366,438,movement,1,1.0,1,600.0,30,2.0,0.15,4.0,auto
1649,366,429,movement,1,1.0,1,600.0,30,2.0,0.15,4.0,auto
1650,366,422,movement,1,1.0,1,600.0,30,2.0,0.15,4.0,auto
1651,366,430,waiting,1,1.0,1,100000.0,30,0.5,0.15,4.0,auto
1652,367,432,movement,1,1.0,1,600.0,30,2.0,0.15,4.0,auto
1653,367,439,movement,1,1.0,1,600.0,30,2.0,0.15,4.0,auto
1654,367,430,movement,1,1.0,1,600.0,30,2.0,0.15,4.0,auto
1655,367,423,movement,1,1.0,1,600.0,30,2.0,0.15,4.0,auto
1656,367,431,waiting,1,1.0,1,100000.0,30,0.5,0.15,4.0,auto
1657,368,440,movement,1,1.0,1,600.0,30,2.0,0.15,4.0,auto
1658,368,431,movement,1,1.0,1,600.0,30,2.0,0.15,4.0,auto
1659,368,424,movement,1,1.0,1,600.0,30,2.0,0.15,4.0,auto
1660,368,432,waiting,1,1.0,1,100000.0,30,0.5,0.15,4.0,auto
1661,369,434,movement,1,1.0,1,600.0,30,2.0,0.15,4.0,auto
1662,369,441,movement,1,1.0,1,600.0,30,2.0,0.15,4.0,auto
1663,369,425,movement,1,1.0,1,600.0,30,2.0,0.15,4.0,auto
1664,369,433,waiting,1,1.0,1,100000.0,30,0.5,0.15,4.0,auto
1665,370,435,movement,1,1.0,1,600.0,30,2.0,0.15,4.0,auto
1666,370,442,movement,1,1.0,1,600.0,30,2.0,0.15,4.0,auto
1667,370,433,movement,1,1.0,1,600.0,30,2.0,0.15,4.0,auto
1668,370,426,movement,1,1.0,1,600.0,30,2.0,0.15,4.0,auto
1669,370,434,waiting,1,1.0,1,100000.0,30,0.5,0.15,4.0,auto
1670,371,436,movement,1,1.0,1,600.0,30,2.0,0.15,4.0,auto
1671,371,443,movement,1,1.0,1,600.0,30,2.0,0.15,4.0,auto
1672,371,434,movement,1,1.0,1,600.0,30,2.0,0.15,4.0,auto
1673,371,427,movement,1,1.0,1,600.0,30,2.0,0.15,4.0,auto
1674,371,435,waiting,1,1.0,1,100000.0,30,0.5,0.15,4.0,auto
1675,372,437,movement,1,1.0,1,600.0,30,2.0,0.15,4.0,auto
1676,372,444,movement,1,1.0,1,600.0,30,2.0,0.15,4.0,auto
1677,372,435,movement,1,1.0,1,600.0,30,2.0,0.15,4.0,auto
1678,372,428,movement,1,1.0,1,600.0,30,2.0,0.15,4.0,auto
1679,372,436,waiting,1,1.0,1,100000.0,30,0.5,0.15,4.0,auto
1680,373,438,movement,1,1.0,1,600.0,30,2.0,0.15,4.0,auto
1681,373,445,movement,1,1.0,1,600.0,30,2.0,0.15,4.0,auto
1682,373,436,movement,1,1.0,1,600.0,30,2.0,0.15,4.0,auto
1683,373,429,movement,1,1.0,1,600.0,30,2.0,0.15,4.0,auto
1684,373,437,waiting,1,1.0,1,100000.0,30,0.5,0.15,4.0,auto
1685,374,439,movement,1,1.0,1,600.0,30,2.0,0.15,4.0,auto
1686,374,446,movement,1,1.0,1,600.0,30,2.0,0.15,4.0,auto
1687,374,437,movement,1,1.0,1,600.0,30,2.0,0.15,4.0,auto
1688,374,430,movement,1,1.0,1,600.0,30,2.0,0.15,4.0,auto
1689,374,438,waiting,1,1.0,1,100000.0,30,0.5,0.15,4.0,auto
1690,375,440,movement,1,1.0,1,600.0,30,2.0,0.15,4.0,auto
1691,375,447,movement,1,1.0,1,600.0,30,2.0,0.15,4.0,auto
1692,375,438,movement,1,1.0,1,600.0,30,2.0,0.15,4.0,auto
1693,375,431,movement,1,1.0,1,600.0,30,2.0,0.15,4.0,auto
1694,375,439,waiting,1,1.0,1,100000.0,30,0.5,0.15,4.0,auto
1695,376,448,movement,1,1.0,1,600.0,30,2.0,0.15,4.0,auto
1696,376,439,movement,1,1.0,1,600.0,30,2.0,0.15,4.0,auto
1697,376,432,movement,1,1.0,1,600.0,30,2.0,0.15,4.0,auto
1698,376,440,waiting,1,1.0,1,100000.0,30,0.5,0.15,4.0,auto
1699,377,442,movement,1,1.0,1,600.0,30,2.0,0.15,4.0,auto
1700,377,433,movement,1,1.0,1,600.0,30,2.0,0.15,4.0,auto
1701,377,441,waiting,1,1.0,1,100000.0,30,0.5,0.15,4.0,auto
1702,378,443,movement,1,1.0,1,600.0,30,2.0,0.15,4.0,auto
1703,378,441,movement,1,1.0,1,600.0,30,2.0,0.15,4.0,auto
1704,378,434,movement,1,1.0,1,600.0,30,2.0,0.15,4.0,auto
1705,378,442,waiting,1,1.0,1,100000.0,30,0.5,0.15,4.0,auto
1706,379,444,movement,1,1.0,1,600.0,30,2.0,0.15,4.0,auto
1707,379,442,movement,1,1.0,1,600.0,30,2.0,0.15,4.0,auto
1708,379,435,movement,1,1.0,1,600.0,30,2.0,0.15,4.0,auto
1709,379,443,waiting,1,1.0,1,100000.0,30,0.5,0.15,4.0,auto
1710,380,445,movement,1,1.0,1,600.0,30,2.0,0.15,4.0,auto
1711,380,443,movement,1,1.0,1,600.0,30,2.0,0.15,4.0,auto
1712,380,436,movement,1,1.0,1,600.0,30,2.0,0.15,4.0,auto
1713,380,444,waiting,1,1.0,1,100000.0,30,0.5,0.15,4.0,auto
1714,381,446,movement,1,1.0,1,600.0,30,2.0,0.15,4.0,auto
1715,381,444,movement,1,1.0,1,600.0,30,2.0,0.15,4.0,auto
1716,381,437,movement,1,1.0,1,600.0,30,2.0,0.15,4.0,auto
1717,381,445,waiting,1,1.0,1,100000.0,30,0.5,0.15,4.0,auto
1718,382,447,movement,1,1.0,1,600.0,30,2.0,0.15,4.0,auto
1719,382,445,movement,1,1.0,1,600.0,30,2.0,0.15,4.0,auto
1720,382,438,movement,1,1.0,1,600.0,30,2.0,0.15,4.0,auto
1721,382,446,waiting,1,1.0,1,100000.0,30,0.5,0.15,4.0,auto
1722,383,448,movement,1,1.0,1,600.0,30,2.0,0.15,4.0,auto
1723,383,446,movement,1,1.0,1,600.0,30,2.0,0.15,4.0,auto
1724,383,439,movement,1,1.0,1,600.0,30,2.0,0.15,4.0,auto
1725,383,447,waiting,1,1.0,1,100000.0,30,0.5,0.15,4.0,auto
1726,384,447,movement,1,1.0,1,600.0,30,2.0,0.15,4.0,auto
1727,384,440,movement,1,1.0,1,600.0,30,2.0,0.15,4.0,auto
1728,384,448,waiting,1,1.0,1,100000.0,30,0.5,0.15,4.0,auto
1729,385,450,movement,1,1.0,1,600.0,30,2.0,0.15,4.0,auto
1730,385,457,movement,1,1.0,1,600.0,30,2.0,0.15,4.0,auto
1731,385,449,waiting,1,1.0,1,100000.0,30,0.5,0.15,4.0,auto
1732,386,451,movement,1,1.0,1,600.0,30,2.0,0.15,4.0,auto
1733,386,458,movement,1,1.0,1,600.0,30,2.0,0.15,4.0,auto
1734,386,449,movement,1,1.0,1,600.0,30,2.0,0.15,4.0,auto
1735,386,450,waiting,1,1.0,1,100000.0,30,0.5,0.15,4.0,auto
1736,387,452,movement,1,1.0,1,600.0,30,2.0,0.15,4.0,auto
1737,387,459,movement,1,1.0,1,600.0,30,2.0,0.15,4.0,auto
1738,387,450,movement,1,1.0,1,600.0,30,2.0,0.15,4.0,auto
1739,387,451,waiting,1,1.0,1,100000.0,30,0.5,0.15,4.0,auto
1740,388,453,movement,1,1.0,1,600.0,30,2.0,0.15,4.0,auto
1741,388,460,movement,1,1.0,1,600.0,30,2.0,0.15,4.0,auto
1742,388,451,movement,1,1.0,1,600.0,30,2.0,0.15,4.0,auto
1743,388,452,waiting,1,1.0,1,100000.0,30,0.5,0.15,4.0,auto
1744,389,454,movement,1,1.0,1,600.0,30,2.0,0.15,4.0,auto
1745,389,461,movement,1,1.0,1,600.0,30,2.0,0.15,4.0,auto
1746,389,452,movement,1,1.0,1,600.0,30,2.0,0.15,4.0,auto
1747,389,453,waiting,1,1.0,1,100000.0,30,0.5,0.15,4.0,auto
1748,390,455,movement,1,1.0,1,600.0,30,2.0,0.15,4.0,auto
1749,390,462,movement,1,1.0,1,600.0,30,2.0,0.15,4.0,auto
1750,390,453,movement,1,1.0,1,600.0,30,2.0,0.15,4.0,auto
1751,390,454,waiting,1,1.0,1,100000.0,30,0.5,0.15,4.0,auto
1752,391,456,movement,1,1.0,1,600.0,30,2.0,0.15,4.0,auto
1753,391,463,movement,1,1.0,1,600.0,30,2.0,0.15,4.0,auto
1754,391,454,movement,1,1.0,1,600.0,30,2.0,0.15,4.0,auto
1755,391,455,waiting,1,1.0,1,100000.0,30,0.5,0.15,4.0,auto
1756,392,464,movement,1,1.0,1,600.0,30,2.0,0.15,4.0,auto
1757,392,455,movement,1,1.0,1,600.0,30,2.0,0.15,4.0,auto
1758,392,456,waiting,1,1.0,1,100000.0,30,0.5,0.15,4.0,auto
1759,393,458,movement,1,1.0,1,600.0,30,2.0,0.15,4.0,auto
1760,393,465,movement,1,1.0,1,600.0,30,2.0,0.15,4.0,auto
1761,393,449,movement,1,1.0,1,600.0,30,2.0,0.15,4.0,auto
1762,393,457,waiting,1,1.0,1,100000.0,30,0.5,0.15,4.0,auto
1763,394,459,movement,1,1.0,1,600.0,30,2.0,0.15,4.0,auto
1764,394,466,movement,1,1.0,1,600.0,30,2.0,0.15,4.0,auto
1765,394,457,movement,1,1.0,1,600.0,30,2.0,0.15,4.0,auto
1766,394,450,movement,1,1.0,1,600.0,30,2.0,0.15,4.0,auto
1767,394,458,waiting,1,1.0,1,100000.0,30,0.5,0.15,4.0,auto
1768,395,460,movement,1,1.0,1,600.0,30,2.0,0.15,4.0,auto
1769,395,467,movement,1,1.0,1,600.0,30,2.0,0.15,4.0,auto
1770,395,458,movement,1,1.0,1,600.0,30,2.0,0.15,4.0,auto
1771,395,451,movement,1,1.0,1,600.0,30,2.0,0.15,4.0,auto
1772,395,459,waiting,1,1.0,1,100000.0,30,0.5,0.15,4.0,auto
1773,396,461,movement,1,1.0,1,600.0,30,2.0,0.15,4.0,auto
1774,396,468,movement,1,1.0,1,600.0,30,2.0,0.15,4.0,auto
1775,396,459,movement,1,1.0,1,600.0,30,2.0,0.15,4.0,auto
1776,396,452,movement,1,1.0,1,600.0,30,2.0,0.15,4.0,auto
1777,396,460,waiting,1,1.0,1,100000.0,30,0.5,0.15,4.0,auto
1778,397,462,movement,1,1.0,1,600.0,30,2.0,0.15,4.0,auto
1779,397,469,movement,1,1.0,1,600.0,30,2.0,0.15,4.0,auto
1780,397,460,movement,1,1.0,1,600.0,30,2.0,0.15,4.0,auto
1781,397,453,movement,1,1.0,1,600.0,30,2.0,0.15,4.0,auto
1782,397,461,waiting,1,1.0,1,100000.0,30,0.5,0.15,4.0,auto
1783,398,463,movement,1,1.0,1,600.0,30,2.0,0.15,4.0,auto
1784,398,470,movement,1,1.0,1,600.0,30,2.0,0.15,4.0,auto
1785,398,461,movement,1,1.0,1,600.0,30,2.0,0.15,4.0,auto
1786,398,454,movement,1,1.0,1,600.0,30,2.0,0.15,4.0,auto
1787,398,462,waiting,1,1.0,1,100000.0,30,0.5,0.15,4.0,auto
1788,399,464,movement,1,1.0,1,600.0,30,2.0,0.15,4.0,auto
1789,399,471,movement,1,1.0,1,600.0,30,2.0,0.15,4.0,auto
1790,399,462,movement,1,1.0,1,600.0,30,2.0,0.15,4.0,auto
1791,399,455,movement,1,1.0,1,600.0,30,2.0,0.15,4.0,auto
1792,399,463,waiting,1,1.0,1,100000.0,30,0.5,0.15,4.0,auto
1793,400,472,movement,1,1.0,1,600.0,30,2.0,0.15,4.0,auto
1794,400,463,movement,1,1.0,1,600.0,30,2.0,0.15,4.0,auto
1795,400,456,movement,1,1.0,1,600.0,30,2.0,0.15,4.0,auto
1796,400,464,waiting,1,1.0,1,100000.0,30,0.5,0.15,4.0,auto
1797,401,466,movement,1,1.0,1,600.0,30,2.0,0.15,4.0,auto
1798,401,473,movement,1,1.0,1,600.0,30,2.0,0.15,4.0,auto
1799,401,457,movement,1,1.0,1,600.0,30,2.0,0.15,4.0,auto
1800,401,465,waiting,1,1.0,1,100000.0,30,0.5,0.15,4.0,auto
1801,402,467,movement,1,1.0,1,600.0,30,2.0,0.15,4.0,auto
1802,402,474,movement,1,1.0,1,600.0,30,2.0,0.15,4.0,auto
1803,402,465,movement,1,1.0,1,600.0,30,2.0,0.15,4.0,auto
1804,402,458,movement,1,1.0,1,600.0,30,2.0,0.15,4.0,auto
1805,402,466,waiting,1,1.0,1,100000.0,30,0.5,0.15,4.0,auto
1806,403,468,movement,1,1.0,1,600.0,30,2.0,0.15,4.0,auto
1807,403,475,movement,1,1.0,1,600.0,30,2.0,0.15,4.0,auto
1808,403,466,movement,1,1.0,1,600.0,30,2.0,0.15,4.0,auto
1809,403,459,movement,1,1.0,1,600.0,30,2.0,0.15,4.0,auto
1810,403,467,waiting,1,1.0,1,100000.0,30,0.5,0.15,4.0,auto
1811,404,469,movement,1,1.0,1,600.0,30,2.0,0.15,4.0,auto
1812,404,476,movement,1,1.0,1,600.0,30,2.0,0.15,4.0,auto
1813,404,467,movement,1,1.0,1,600.0,30,2.0,0.15,4.0,auto
1814,404,460,movement,1,1.0,1,600.0,30,2.0,0.15,4.0,auto
1815,404,468,waiting,1,1.0,1,100000.0,30,0.5,0.15,4.0,auto
1816,405,470,movement,1,1.0,1,600.0,30,2.0,0.15,4.0,auto
1817,405,477,movement,1,1.0,1,600.0,30,2.0,0.15,4.0,auto
1818,405,468,movement,1,1.0,1,600.0,30,2.0,0.15,4.0,auto
1819,405,461,movement,1,1.0,1,600.0,30,2.0,0.15,4.0,auto
1820,405,469,waiting,1,1.0,1,100000.0,30,0.5,0.15,4.0,auto
1821,406,471,movement,1,1.0,1,600.0,30,2.0,0.15,4.0,auto
1822,406,478,movement,1,1.0,1,600.0,30,2.0,0.15,4.0,auto
1823,406,469,movement,1,1.0,1,600.0,30,2.0,0.15,4.0,auto
1824,406,462,movement,1,1.0,1,600.0,30,2.0,0.15,4.0,auto
1825,406,470,waiting,1,1.0,1,100000.0,30,0.5,0.15,4.0,auto
1826,407,472,movement,1,1.0,1,600.0,30,2.0,0.15,4.0,auto
1827,407,479,movement,1,1.0,1,600.0,30,2.0,0.15,4.0,auto
1828,407,470,movement,1,1.0,1,600.0,30,2.0,0.15,4.0,auto
1829,407,463,movement,1,1.0,1,600.0,30,2.0,0.15,4.0,auto
1830,407,471,waiting,1,1.0,1,100000.0,30,0.5,0.15,4.0,auto
1831,408,480,movement,1,1.0,1,600.0,30,2.0,0.15,4.0,auto
1832,408,471,movement,1,1.0,1,600.0,30,2.0,0.15,4.0,auto
1833,408,464,movement,1,1.0,1,600.0,30,2.0,0.15,4.0,auto
1834,408,472,waiting,1,1.0,1,100000.0,30,0.5,0.15,4.0,auto
1835,409,474,movement,1,1.0,1,600.0,30,2.0,0.15,4.0,auto
1836,409,481,movement,1,1.0,1,600.0,30,2.0,0.15,4.0,auto
1837,409,465,movement,1,1.0,1,600.0,30,2.0,0.15,4.0,auto
1838,409,473,waiting,1,1.0,1,100000.0,30,0.5,0.15,4.0,auto
1839,410,475,movement,1,1.0,1,600.0,30,2.0,0.15,4.0,auto
1840,410,482,movement,1,1.0,1,600.0,30,2.0,0.15,4.0,auto
1841,410,473,movement,1,1.0,1,600.0,30,2.0,0.15,4.0,auto
1842,410,466,movement,1,1.0,1,600.0,30,2.0,0.15,4.0,auto
1843,410,474,waiting,1,1.0,1,100000.0,30,0.5,0.15,4.0,auto
1844,411,476,movement,1,1.0,1,600.0,30,2.0,0.15,4.0,auto
1845,411,483,movement,1,1.0,1,600.0,30,2.0,0.15,4.0,auto
1846,411,474,movement,1,1.0,1,600.0,30,2.0,0.15,4.0,auto
1847,411,467,movement,1,1.0,1,600.0,30,2.0,0.15,4.0,auto
1848,411,475,waiting,1,1.0,1,100000.0,30,0.5,0.15,4.0,auto
1849,412,477,movement,1,1.0,1,600.0,30,2.0,0.15,4.0,auto
1850,412,484,movement,1,1.0,1,600.0,30,2.0,0.15,4.0,auto
1851,412,475,movement,1,1.0,1,600.0,30,2.0,0.15,4.0,auto
1852,412,468,movement,1,1.0,1,600.0,30,2.0,0.15,4.0,auto
1853,412,476,waiting,1,1.0,1,100000.0,30,0.5,0.15,4.0,auto
1854,413,478,movement,1,1.0,1,600.0,30,2.0,0.15,4.0,auto
1855,413,485,movement,1,1.0,1,600.0,30,2.0,0.15,4.0,auto
1856,413,476,movement,1,1.0,1,600.0,30,2.0,0.15,4.0,auto
1857,413,469,movement,1,1.0,1,600.0,30,2.0,0.15,4.0,auto
1858,413,477,waiting,1,1.0,1,100000.0,30,0.5,0.15,4.0,auto
1859,414,479,movement,1,1.0,1,600.0,30,2.0,0.15,4.0,auto
1860,414,486,movement,1,1.0,1,600.0,30,2.0,0.15,4.0,auto
1861,414,477,movement,1,1.0,1,600.0,30,2.0,0.15,4.0,auto
1862,414,470,movement,1,1.0,1,600.0,30,2.0,0.15,4.0,auto
1863,414,478,waiting,1,1.0,1,100000.0,30,0.5,0.15,4.0,auto
1864,415,480,movement,1,1.0,1,600.0,30,2.0,0.15,4.0,auto
1865,415,487,movement,1,1.0,1,600.0,30,2.0,0.15,4.0,auto
1866,415,478,movement,1,1.0,1,600.0,30,2.0,0.15,4.0,auto
1867,415,471,movement,1,1.0,1,600.0,30,2.0,0.15,4.0,auto
1868,415,479,waiting,1,1.0,1,100000.0,30,0.5,0.15,4.0,auto
1869,416,488,movement,1,1.0,1,600.0,30,2.0,0.15,4.0,auto
1870,416,479,movement,1,1.0,1,600.0,30,2.0,0.15,4.0,auto
1871,416,472,movement,1,1.0,1,600.0,30,2.0,0.15,4.0,auto
1872,416,480,waiting,1,1.0,1,100000.0,30,0.5,0.15,4.0,auto
1873,417,482,movement,1,1.0,1,600.0,30,2.0,0.15,4.0,auto
1874,417,489,movement,1,1.0,1,600.0,30,2.0,0.15,4.0,auto
1875,417,473,movement,1,1.0,1,600.0,30,2.0,0.15,4.0,auto
1876,417,481,waiting,1,1.0,1,100000.0,30,0.5,0.15,4.0,auto
1877,418,483,movement,1,1.0,1,600.0,30,2.0,0.15,4.0,auto
1878,418,490,movement,1,1.0,1,600.0,30,2.0,0.15,4.0,auto
1879,418,481,movement,1,1.0,1,600.0,30,2.0,0.15,4.0,auto
1880,418,474,movement,1,1.0,1,600.0,30,2.0,0.15,4.0,auto
1881,418,482,waiting,1,1.0,1,100000.0,30,0.5,0.15,4.0,auto
1882,419,484,movement,1,1.0,1,600.0,30,2.0,0.15,4.0,auto
1883,419,491,movement,1,1.0,1,600.0,30,2.0,0.15,4.0,auto
1884,419,482,movement,1,1.0,1,600.0,30,2.0,0.15,4.0,auto
1885,419,475,movement,1,1.0,1,600.0,30,2.0,0.15,4.0,auto
1886,419,483,waiting,1,1.0,1,100000.0,30,0.5,0.15,4.0,auto
1887,420,485,movement,1,1.0,1,600.0,30,2.0,0.15,4.0,auto
1888,420,492,movement,1,1.0,1,600.0,30,2.0,0.15,4.0,auto
1889,420,483,movement,1,1.0,1,600.0,30,2.0,0.15,4.0,auto
1890,420,476,movement,1,1.0,1,600.0,30,2.0,0.15,4.0,auto
1891,420,484,waiting,1,1.0,1,100000.0,30,0.5,0.15,4.0,auto
1892,421,486,movement,1,1.0,1,600.0,30,2.0,0.15,4.0,auto
1893,421,493,movement,1,1.0,1,600.0,30,2.0,0.15,4.0,auto
1894,421,484,movement,1,1.0,1,600.0,30,2.0,0.15,4.0,auto
1895,421,477,movement,1,1.0,1,600.0,30,2.0,0.15,4.0,auto
1896,421,485,waiting,1,1.0,1,100000.0,30,0.5,0.15,4.0,auto
1897,422,487,movement,1,1.0,1,600.0,30,2.0,0.15,4.0,auto
1898,422,494,movement,1,1.0,1,600.0,30,2.0,0.15,4.0,auto
1899,422,485,movement,1,1.0,1,600.0,30,2.0,0.15,4.0,auto
1900,422,478,movement,1,1.0,1,600.0,30,2.0,0.15,4.0,auto
1901,422,486,waiting,1,1.0,1,100000.0,30,0.5,0.15,4.0,auto
1902,423,488,movement,1,1.0,1,600.0,30,2.0,0.15,4.0,auto
1903,423,495,movement,1,1.0,1,600.0,30,2.0,0.15,4.0,auto
1904,423,486,movement,1,1.0,1,600.0,30,2.0,0.15,4.0,auto
1905,423,479,movement,1,1.0,1,600.0,30,2.0,0.15,4.0,auto
1906,423,487,waiting,1,1.0,1,100000.0,30,0.5,0.15,4.0,auto
1907,424,496,movement,1,1.0,1,600.0,30,2.0,0.15,4.0,auto
1908,424,487,movement,1,1.0,1,600.0,30,2.0,0.15,4.0,auto
1909,424,480,movement,1,1.0,1,600.0,30,2.0,0.15,4.0,auto
1910,424,488,waiting,1,1.0,1,100000.0,30,0.5,0.15,4.0,auto
1911,425,490,movement,1,1.0,1,600.0,30,2.0,0.15,4.0,auto
1912,425,497,movement,1,1.0,1,600.0,30,2.0,0.15,4.0,auto
1913,425,481,movement,1,1.0,1,600.0,30,2.0,0.15,4.0,auto
1914,425,489,waiting,1,1.0,1,100000.0,30,0.5,0.15,4.0,auto
1915,426,491,movement,1,1.0,1,600.0,30,2.0,0.15,4.0,auto
1916,426,498,movement,1,1.0,1,600.0,30,2.0,0.15,4.0,auto
1917,426,489,movement,1,1.0,1,600.0,30,2.0,0.15,4.0,auto
1918,426,482,movement,1,1.0,1,600.0,30,2.0,0.15,4.0,auto
1919,426,490,waiting,1,1.0,1,100000.0,30,0.5,0.15,4.0,auto
1920,427,492,movement,1,1.0,1,600.0,30,2.0,0.15,4.0,auto
1921,427,499,movement,1,1.0,1,600.0,30,2.0,0.15,4.0,auto
1922,427,490,movement,1,1.0,1,600.0,30,2.0,0.15,4.0,auto
1923,427,483,movement,1,1.0,1,600.0,30,2.0,0.15,4.0,auto
1924,427,491,waiting,1,1.0,1,100000.0,30,0.5,0.15,4.0,auto
1925,428,493,movement,1,1.0,1,600.0,30,2.0,0.15,4.0,auto
1926,428,500,movement,1,1.0,1,600.0,30,2.0,0.15,4.0,auto
1927,428,491,movement,1,1.0,1,600.0,30,2.0,0.15,4.0,auto
1928,428,484,movement,1,1.0,1,600.0,30,2.0,0.15,4.0,auto
1929,428,492,waiting,1,1.0,1,100000.0,30,0.5,0.15,4.0,auto
1930,429,494,movement,1,1.0,1,600.0,30,2.0,0.15,4.0,auto
1931,429,501,movement,1,1.0,1,600.0,30,2.0,0.15,4.0,auto
1932,429,492,movement,1,1.0,1,600.0,30,2.0,0.15,4.0,auto
1933,429,485,movement,1,1.0,1,600.0,30,2.0,0.15,4.0,auto
1934,429,493,waiting,1,1.0,1,100000.0,30,0.5,0.15,4.0,auto
1935,430,495,movement,1,1.0,1,600.0,30,2.0,0.15,4.0,auto
1936,430,502,movement,1,1.0,1,600.0,30,2.0,0.15,4.0,auto
1937,430,493,movement,1,1.0,1,600.0,30,2.0,0.15,4.0,auto
1938,430,486,movement,1,1.0,1,600.0,30,2.0,0.15,4.0,auto
1939,430,494,waiting,1,1.0,1,100000.0,30,0.5,0.15,4.0,auto
1940,431,496,movement,1,1.0,1,600.0,30,2.0,0.15,4.0,auto
1941,431,503,movement,1,1.0,1,600.0,30,2.0,0.15,4.0,auto
1942,431,494,movement,1,1.0,1,600.0,30,2.0,0.15,4.0,auto
1943,431,487,movement,1,1.0,1,600.0,30,2.0,0.15,4.0,auto
1944,431,495,waiting,1,1.0,1,100000.0,30,0.5,0.15,4.0,auto
1945,432,504,movement,1,1.0,1,600.0,30,2.0,0.15,4.0,auto
1946,432,495,movement,1,1.0,1,600.0,30,2.0,0.15,4.0,auto
1947,432,488,movement,1,1.0,1,600.0,30,2.0,0.15,4.0,auto
1948,432,496,waiting,1,1.0,1,100000.0,30,0.5,0.15,4.0,auto
1949,433,498,movement,1,1.0,1,600.0,30,2.0,0.15,4.0,auto
1950,433,505,movement,1,1.0,1,600.0,30,2.0,0.15,4.0,auto
1951,433,489,movement,1,1.0,1,600.0,30,2.0,0.15,4.0,auto
1952,433,497,waiting,1,1.0,1,100000.0,30,0.5,0.15,4.0,auto
1953,434,499,movement,1,1.0,1,600.0,30,2.0,0.15,4.0,auto
1954,434,506,movement,1,1.0,1,600.0,30,2.0,0.15,4.0,auto
1955,434,497,movement,1,1.0,1,600.0,30,2.0,0.15,4.0,auto
1956,434,490,movement,1,1.0,1,600.0,30,2.0,0.15,4.0,auto
1957,434,498,waiting,1,1.0,1,100000.0,30,0.5,0.15,4.0,auto
1958,435,500,movement,1,1.0,1,600.0,30,2.0,0.15,4.0,auto
1959,435,507,movement,1,1.0,1,600.0,30,2.0,0.15,4.0,auto
1960,435,498,movement,1,1.0,1,600.0,30,2.0,0.15,4.0,auto
1961,435,491,movement,1,1.0,1,600.0,30,2.0,0.15,4.0,auto
1962,435,499,waiting,1,1.0,1,100000.0,30,0.5,0.15,4.0,auto
1963,436,501,movement,1,1.0,1,600.0,30,2.0,0.15,4.0,auto
1964,436,508,movement,1,1.0,1,600.0,30,2.0,0.15,4.0,auto
1965,436,499,movement,1,1.0,1,600.0,30,2.0,0.15,4.0,auto
1966,436,492,movement,1,1.0,1,600.0,30,2.0,0.15,4.0,auto
1967,436,500,waiting,1,1.0,1,100000.0,30,0.5,0.15,4.0,auto
1968,437,502,movement,1,1.0,1,600.0,30,2.0,0.15,4.0,auto
1969,437,509,movement,1,1.0,1,600.0,30,2.0,0.15,4.0,auto
1970,437,500,movement,1,1.0,1,600.0,30,2.0,0.15,4.0,auto
1971,437,493,movement,1,1.0,1,600.0,30,2.0,0.15,4.0,auto
1972,437,501,waiting,1,1.0,1,100000.0,30,0.5,0.15,4.0,auto
1973,438,503,movement,1,1.0,1,600.0,30,2.0,0.15,4.0,auto
1974,438,510,movement,1,1.0,1,600.0,30,2.0,0.15,4.0,auto
1975,438,501,movement,1,1.0,1,600.0,30,2.0,0.15,4.0,auto
1976,438,494,movement,1,1.0,1,600.0,30,2.0,0.15,4.0,auto
1977,438,502,waiting,1,1.0,1,100000.0,30,0.5,0.15,4.0,auto
1978,439,504,movement,1,1.0,1,600.0,30,2.0,0.15,4.0,auto
1979,439,511,movement,1,1.0,1,600.0,30,2.0,0.15,4.0,auto
1980,439,502,movement,1,1.0,1,600.0,30,2.0,0.15,4.0,auto
1981,439,495,movement,1,1.0,1,600.0,30,2.0,0.15,4.0,auto
1982,439,503,waiting,1,1.0,1,100000.0,30,0.5,0.15,4.0,auto
1983,440,512,movement,1,1.0,1,600.0,30,2.0,0.15,4.0,auto
1984,440,503,movement,1,1.0,1,600.0,30,2.0,0.15,4.0,auto
1985,440,496,movement,1,1.0,1,600.0,30,2.0,0.15,4.0,auto
1986,440,504,waiting,1,1.0,1,100000.0,30,0.5,0.15,4.0,auto
1987,441,506,movement,1,1.0,1,600.0,30,2.0,0.15,4.0,auto
1988,441,497,movement,1,1.0,1,600.0,30,2.0,0.15,4.0,auto
1989,441,505,waiting,1,1.0,1,100000.0,30,0.5,0.15,4.0,auto
1990,442,507,movement,1,1.0,1,600.0,30,2.0,0.15,4.0,auto
1991,442,505,movement,1,1.0,1,600.0,30,2.0,0.15,4.0,auto
1992,442,498,movement,1,1.0,1,600.0,30,2.0,0.15,4.0,auto
1993,442,506,waiting,1,1.0,1,100000.0,30,0.5,0.15,4.0,auto
1994,443,508,movement,1,1.0,1,600.0,30,2.0,0.15,4.0,auto
1995,443,506,movement,1,1.0,1,600.0,30,2.0,0.15,4.0,auto
1996,443,499,movement,1,1.0,1,600.0,30,2.0,0.15,4.0,auto
1997,443,507,waiting,1,1.0,1,100000.0,30,0.5,0.15,4.0,auto
1998,444,509,movement,1,1.0,1,600.0,30,2.0,0.15,4.0,auto
1999,444,507,movement,1,1.0,1,600.0,30,2.0,0.15,4.0,auto
2000,444,500,movement,1,1.0,1,600.0,30,2.0,0.15,4.0,auto
2001,444,508,waiting,1,1.0,1,100000.0,30,0.5,0.15,4.0,auto
2002,445,510,movement,1,1.0,1,600.0,30,2.0,0.15,4.0,auto
2003,445,508,movement,1,1.0,1,600.0,30,2.0,0.15,4.0,auto
2004,445,501,movement,1,1.0,1,600.0,30,2.0,0.15,4.0,auto
2005,445,509,waiting,1,1.0,1,100000.0,30,0.5,0.15,4.0,auto
2006,446,511,movement,1,1.0,1,600.0,30,2.0,0.15,4.0,auto
2007,446,509,movement,1,1.0,1,600.0,30,2.0,0.15,4.0,auto
2008,446,502,movement,1,1.0,1,600.0,30,2.0,0.15,4.0,auto
2009,446,510,waiting,1,1.0,1,100000.0,30,0.5,0.15,4.0,auto
2010,447,512,movement,1,1.0,1,600.0,30,2.0,0.15,4.0,auto
2011,447,510,movement,1,1.0,1,600.0,30,2.0,0.15,4.0,auto
2012,447,503,movement,1,1.0,1,600.0,30,2.0,0.15,4.0,auto
2013,447,511,waiting,1,1.0,1,100000.0,30,0.5,0.15,4.0,auto
2014,448,511,movement,1,1.0,1,600.0,30,2.0,0.15,4.0,auto
2015,448,504,movement,1,1.0,1,600.0,30,2.0,0.15,4.0,auto
2016,448,512,waiting,1,1.0,1,100000.0,30,0.5,0.15,4.0,auto
2017,449,514,movement,1,1.0,1,600.0,30,2.0,0.15,4.0,auto
2018,449,521,movement,1,1.0,1,600.0,30,2.0,0.15,4.0,auto
2019,449,513,waiting,1,1.0,1,100000.0,30,0.5,0.15,4.0,auto
2020,450,515,movement,1,1.0,1,600.0,30,2.0,0.15,4.0,auto
2021,450,522,movement,1,1.0,1,600.0,30,2.0,0.15,4.0,auto
2022,450,513,movement,1,1.0,1,600.0,30,2.0,0.15,4.0,auto
2023,450,514,waiting,1,1.0,1,100000.0,30,0.5,0.15,4.0,auto
2024,451,516,movement,1,1.0,1,600.0,30,2.0,0.15,4.0,auto
2025,451,523,movement,1,1.0,1,600.0,30,2.0,0.15,4.0,auto
2026,451,514,movement,1,1.0,1,600.0,30,2.0,0.15,4.0,auto
2027,451,515,waiting,1,1.0,1,100000.0,30,0.5,0.15,4.0,auto
2028,452,517,movement,1,1.0,1,600.0,30,2.0,0.15,4.0,auto
2029,452,524,movement,1,1.0,1,600.0,30,2.0,0.15,4.0,auto
2030,452,515,movement,1,1.0,1,600.0,30,2.0,0.15,4.0,auto
2031,452,516,waiting,1,1.0,1,100000.0,30,0.5,0.15,4.0,auto
2032,453,518,movement,1,1.0,1,600.0,30,2.0,0.15,4.0,auto
2033,453,525,movement,1,1.0,1,600.0,30,2.0,0.15,4.0,auto
2034,453,516,movement,1,1.0,1,600.0,30,2.0,0.15,4.0,auto
2035,453,517,waiting,1,1.0,1,100000.0,30,0.5,0.15,4.0,auto
2036,454,519,movement,1,1.0,1,600.0,30,2.0,0.15,4.0,auto
2037,454,526,movement,1,1.0,1,600.0,30,2.0,0.15,4.0,auto
2038,454,517,movement,1,1.0,1,600.0,30,2.0,0.15,4.0,auto
2039,454,518,waiting,1,1.0,1,100000.0,30,0.5,0.15,4.0,auto
2040,455,520,movement,1,1.0,1,600.0,30,2.0,0.15,4.0,auto
2041,455,527,movement,1,1.0,1,600.0,30,2.0,0.15,4.0,auto
2042,455,518,movement,1,1.0,1,600.0,30,2.0,0.15,4.0,auto
2043,455,519,waiting,1,1.0,1,100000.0,30,0.5,0.15,4.0,auto
2044,456,528,movement,1,1.0,1,600.0,30,2.0,0.15,4.0,auto
2045,456,519,movement,1,1.0,1,600.0,30,2.0,0.15,4.0,auto
2046,456,520,waiting,1,1.0,1,100000.0,30,0.5,0.15,4.0,auto
2047,457,522,movement,1,1.0,1,600.0,30,2.0,0.15,4.0,auto
2048,457,529,movement,1,1.0,1,600.0,30,2.0,0.15,4.0,auto
2049,457,513,movement,1,1.0,1,600.0,30,2.0,0.15,4.0,auto
2050,457,521,waiting,1,1.0,1,100000.0,30,0.5,0.15,4.0,auto
2051,458,523,movement,1,1.0,1,600.0,30,2.0,0.15,4.0,auto
2052,458,530,movement,1,1.0,1,600.0,30,2.0,0.15,4.0,auto
2053,458,521,movement,1,1.0,1,600.0,30,2.0,0.15,4.0,auto
2054,458,514,movement,1,1.0,1,600.0,30,2.0,0.15,4.0,auto
2055,458,522,waiting,1,1.0,1,100000.0,30,0.5,0.15,4.0,auto
2056,459,524,movement,1,1.0,1,600.0,30,2.0,0.15,4.0,auto
2057,459,531,movement,1,1.0,1,600.0,30,2.0,0.15,4.0,auto
2058,459,522,movement,1,1.0,1,600.0,30,2.0,0.15,4.0,auto
2059,459,515,movement,1,1.0,1,600.0,30,2.0,0.15,4.0,auto
2060,459,523,waiting,1,1.0,1,100000.0,30,0.5,0.15,4.0,auto
2061,460,525,movement,1,1.0,1,600.0,30,2.0,0.15,4.0,auto
2062,460,532,movement,1,1.0,1,600.0,30,2.0,0.15,4.0,auto
2063,460,523,movement,1,1.0,1,600.0,30,2.0,0.15,4.0,auto
2064,460,516,movement,1,1.0,1,600.0,30,2.0,0.15,4.0,auto
2065,460,524,waiting,1,1.0,1,100000.0,30,0.5,0.15,4.0,auto
2066,461,526,movement,1,1.0,1,600.0,30,2.0,0.15,4.0,auto
2067,461,533,movement,1,1.0,1,600.0,30,2.0,0.15,4.0,auto
2068,461,524,movement,1,1.0,1,600.0,30,2.0,0.15,4.0,auto
2069,461,517,movement,1,1.0,1,600.0,30,2.0,0.15,4.0,auto
2070,461,525,waiting,1,1.0,1,100000.0,30,0.5,0.15,4.0,auto
2071,462,527,movement,1,1.0,1,600.0,30,2.0,0.15,4.0,auto
2072,462,534,movement,1,1.0,1,600.0,30,2.0,0.15,4.0,auto
2073,462,525,movement,1,1.0,1,600.0,30,2.0,0.15,4.0,auto
2074,462,518,movement,1,1.0,1,600.0,30,2.0,0.15,4.0,auto
2075,462,526,waiting,1,1.0,1,100000.0,30,0.5,0.15,4.0,auto
2076,463,528,movement,1,1.0,1,600.0,30,2.0,0.15,4.0,auto
2077,463,535,movement,1,1.0,1,600.0,30,2.0,0.15,4.0,auto
2078,463,526,movement,1,1.0,1,600.0,30,2.0,0.15,4.0,auto
2079,463,519,movement,1,1.0,1,600.0,30,2.0,0.15,4.0,auto
2080,463,527,waiting,1,1.0,1,100000.0,30,0.5,0.15,4.0,auto
2081,464,536,movement,1,1.0,1,600.0,30,2.0,0.15,4.0,auto
2082,464,527,movement,1,1.0,1,600.0,30,2.0,0.15,4.0,auto
2083,464,520,movement,1,1.0,1,600.0,30,2.0,0.15,4.0,auto
2084,464,528,waiting,1,1.0,1,100000.0,30,0.5,0.15,4.0,auto
2085,465,530,movement,1,1.0,1,600.0,30,2.0,0.15,4.0,auto
2086,465,537,movement,1,1.0,1,600.0,30,2.0,0.15,4.0,auto
2087,465,521,movement,1,1.0,1,600.0,30,2.0,0.15,4.0,auto
2088,465,529,waiting,1,1.0,1,100000.0,30,0.5,0.15,4.0,auto
2089,466,531,movement,1,1.0,1,600.0,30,2.0,0.15,4.0,auto
2090,466,538,movement,1,1.0,1,600.0,30,2.0,0.15,4.0,auto
2091,466,529,movement,1,1.0,1,600.0,30,2.0,0.15,4.0,auto
2092,466,522,movement,1,1.0,1,600.0,30,2.0,0.15,4.0,auto
2093,466,530,waiting,1,1.0,1,100000.0,30,0.5,0.15,4.0,auto
2094,467,532,movement,1,1.0,1,600.0,30,2.0,0.15,4.0,auto
2095,467,539,movement,1,1.0,1,600.0,30,2.0,0.15,4.0,auto
2096,467,530,movement,1,1.0,1,600.0,30,2.0,0.15,4.0,auto
2097,467,523,movement,1,1.0,1,600.0,30,2.0,0.15,4.0,auto
2098,467,531,waiting,1,1.0,1,100000.0,30,0.5,0.15,4.0,auto
2099,468,533,movement,1,1.0,1,600.0,30,2.0,0.15,4.0,auto
2100,468,540,movement,1,1.0,1,600.0,30,2.0,0.15,4.0,auto
2101,468,531,movement,1,1.0,1,600.0,30,2.0,0.15,4.0,auto
2102,468,524,movement,1,1.0,1,600.0,30,2.0,0.15,4.0,auto
2103,468,532,waiting,1,1.0,1,100000.0,30,0.5,0.15,4.0,auto
2104,469,534,movement,1,1.0,1,600.0,30,2.0,0.15,4.0,auto
2105,469,541,movement,1,1.0,1,600.0,30,2.0,0.15,4.0,auto
2106,469,532,movement,1,1.0,1,600.0,30,2.0,0.15,4.0,auto
2107,469,525,movement,1,1.0,1,600.0,30,2.0,0.15,4.0,auto
2108,469,533,waiting,1,1.0,1,100000.0,30,0.5,0.15,4.0,auto
2109,470,535,movement,1,1.0,1,600.0,30,2.0,0.15,4.0,auto
2110,470,542,movement,1,1.0,1,600.0,30,2.0,0.15,4.0,auto
2111,470,533,movement,1,1.0,1,600.0,30,2.0,0.15,4.0,auto
2112,470,526,movement,1,1.0,1,600.0,30,2.0,0.15,4.0,auto
2113,470,534,waiting,1,1.0,1,100000.0,30,0.5,0.15,4.0,auto
2114,471,536,movement,1,1.0,1,600.0,30,2.0,0.15,4.0,auto
2115,471,543,movement,1,1.0,1,600.0,30,2.0,0.15,4.0,auto
2116,471,534,movement,1,1.0,1,600.0,30,2.0,0.15,4.0,auto
2117,471,527,movement,1,1.0,1,600.0,30,2.0,0.15,4.0,auto
2118,471,535,waiting,1,1.0,1,100000.0,30,0.5,0.15,4.0,auto
2119,472,544,movement,1,1.0,1,600.0,30,2.0,0.15,4.0,auto
2120,472,535,movement,1,1.0,1,600.0,30,2.0,0.15,4.0,auto
2121,472,528,movement,1,1.0,1,600.0,30,2.0,0.15,4.0,auto
2122,472,536,waiting,1,1.0,1,100000.0,30,0.5,0.15,4.0,auto
2123,473,538,movement,1,1.0,1,600.0,30,2.0,0.15,4.0,auto
2124,473,545,movement,1,1.0,1,600.0,30,2.0,0.15,4.0,auto
2125,473,529,movement,1,1.0,1,600.0,30,2.0,0.15,4.0,auto
2126,473,537,waiting,1,1.0,1,100000.0,30,0.5,0.15,4.0,auto
2127,474,539,movement,1,1.0,1,600.0,30,2.0,0.15,4.0,auto
2128,474,546,movement,1,1.0,1,600.0,30,2.0,0.15,4.0,auto
2129,474,537,movement,1,1.0,1,600.0,30,2.0,0.15,4.0,auto
2130,474,530,movement,1,1.0,1,600.0,30,2.0,0.15,4.0,auto
2131,474,538,waiting,1,1.0,1,100000.0,30,0.5,0.15,4.0,auto
2132,475,540,movement,1,1.0,1,600.0,30,2.0,0.15,4.0,auto
2133,475,547,movement,1,1.0,1,600.0,30,2.0,0.15,4.0,auto
2134,475,538,movement,1,1.0,1,600.0,30,2.0,0.15,4.0,auto
2135,475,531,movement,1,1.0,1,600.0,30,2.0,0.15,4.0,auto
2136,475,539,waiting,1,1.0,1,100000.0,30,0.5,0.15,4.0,auto
2137,476,541,movement,1,1.0,1,600.0,30,2.0,0.15,4.0,auto
2138,476,548,movement,1,1.0,1,600.0,30,2.0,0.15,4.0,auto
2139,476,539,movement,1,1.0,1,600.0,30,2.0,0.15,4.0,auto
2140,476,532,movement,1,1.0,1,600.0,30,2.0,0.15,4.0,auto
2141,476,540,waiting,1,1.0,1,100000.0,30,0.5,0.15,4.0,auto
2142,477,542,movement,1,1.0,1,600.0,30,2.0,0.15,4.0,auto
2143,477,549,movement,1,1.0,1,600.0,30,2.0,0.15,4.0,auto
2144,477,540,movement,1,1.0,1,600.0,30,2.0,0.15,4.0,auto
2145,477,533,movement,1,1.0,1,600.0,30,2.0,0.15,4.0,auto
2146,477,541,waiting,1,1.0,1,100000.0,30,0.5,0.15,4.0,auto
2147,478,543,movement,1,1.0,1,600.0,30,2.0,0.15,4.0,auto
2148,478,550,movement,1,1.0,1,600.0,30,2.0,0.15,4.0,auto
2149,478,541,movement,1,1.0,1,600.0,30,2.0,0.15,4.0,auto
2150,478,534,movement,1,1.0,1,600.0,30,2.0,0.15,4.0,auto
2151,478,542,waiting,1,1.0,1,100000.0,30,0.5,0.15,4.0,auto
2152,479,544,movement,1,1.0,1,600.0,30,2.0,0.15,4.0,auto
2153,479,551,movement,1,1.0,1,600.0,30,2.0,0.15,4.0,auto
2154,479,542,movement,1,1.0,1,600.0,30,2.0,0.15,4.0,auto
2155,479,535,movement,1,1.0,1,600.0,30,2.0,0.15,4.0,auto
2156,479,543,waiting,1,1.0,1,100000.0,30,0.5,0.15,4.0,auto
2157,480,552,movement,1,1.0,1,600.0,30,2.0,0.15,4.0,auto
2158,480,543,movement,1,1.0,1,600.0,30,2.0,0.15,4.0,auto
2159,480,536,movement,1,1.0,1,600.0,30,2.0,0.15,4.0,auto
2160,480,544,waiting,1,1.0,1,100000.0,30,0.5,0.15,4.0,auto
2161,481,546,movement,1,1.0,1,600.0,30,2.0,0.15,4.0,auto
2162,481,553,movement,1,1.0,1,600.0,30,2.0,0.15,4.0,auto
2163,481,537,movement,1,1.0,1,600.0,30,2.0,0.15,4.0,auto
2164,481,545,waiting,1,1.0,1,100000.0,30,0.5,0.15,4.0,auto
2165,482,547,movement,1,1.0,1,600.0,30,2.0,0.15,4.0,auto
2166,482,554,movement,1,1.0,1,600.0,30,2.0,0.15,4.0,auto
2167,482,545,movement,1,1.0,1,600.0,30,2.0,0.15,4.0,auto
2168,482,538,movement,1,1.0,1,600.0,30,2.0,0.15,4.0,auto
2169,482,546,waiting,1,1.0,1,100000.0,30,0.5,0.15,4.0,auto
2170,483,548,movement,1,1.0,1,600.0,30,2.0,0.15,4.0,auto
2171,483,555,movement,1,1.0,1,600.0,30,2.0,0.15,4.0,auto
2172,483,546,movement,1,1.0,1,600.0,30,2.0,0.15,4.0,auto
2173,483,539,movement,1,1.0,1,600.0,30,2.0,0.15,4.0,auto
2174,483,547,waiting,1,1.0,1,100000.0,30,0.5,0.15,4.0,auto
2175,484,549,movement,1,1.0,1,600.0,30,2.0,0.15,4.0,auto
2176,484,556,movement,1,1.0,1,600.0,30,2.0,0.15,4.0,auto
2177,484,547,movement,1,1.0,1,600.0,30,2.0,0.15,4.0,auto
2178,484,540,movement,1,1.0,1,600.0,30,2.0,0.15,4.0,auto
2179,484,548,waiting,1,1.0,1,100000.0,30,0.5,0.15,4.0,auto
2180,485,550,movement,1,1.0,1,600.0,30,2.0,0.15,4.0,auto
2181,485,557,movement,1,1.0,1,600.0,30,2.0,0.15,4.0,auto
2182,485,548,movement,1,1.0,1,600.0,30,2.0,0.15,4.0,auto
2183,485,541,movement,1,1.0,1,600.0,30,2.0,0.15,4.0,auto
2184,485,549,waiting,1,1.0,1,100000.0,30,0.5,0.15,4.0,auto
2185,486,551,movement,1,1.0,1,600.0,30,2.0,0.15,4.0,auto
2186,486,558,movement,1,1.0,1,600.0,30,2.0,0.15,4.0,auto
2187,486,549,movement,1,1.0,1,600.0,30,2.0,0.15,4.0,auto
2188,486,542,movement,1,1.0,1,600.0,30,2.0,0.15,4.0,auto
2189,486,550,waiting,1,1.0,1,100000.0,30,0.5,0.15,4.0,auto
2190,487,552,movement,1,1.0,1,600.0,30,2.0,0.15,4.0,auto
2191,487,559,movement,1,1.0,1,600.0,30,2.0,0.15,4.0,auto
2192,487,550,movement,1,1.0,1,600.0,30,2.0,0.15,4.0,auto
2193,487,543,movement,1,1.0,1,600.0,30,2.0,0.15,4.0,auto
2194,487,551,waiting,1,1.0,1,100000.0,30,0.5,0.15,4.0,auto
2195,488,560,movement,1,1.0,1,600.0,30,2.0,0.15,4.0,auto
2196,488,551,movement,1,1.0,1,600.0,30,2.0,0.15,4.0,auto
2197,488,544,movement,1,1.0,1,600.0,30,2.0,0.15,4.0,auto
2198,488,552,waiting,1,1.0,1,100000.0,30,0.5,0.15,4.0,auto
2199,489,554,movement,1,1.0,1,600.0,30,2.0,0.15,4.0,auto
2200,489,561,movement,1,1.0,1,600.0,30,2.0,0.15,4.0,auto
2201,489,545,movement,1,1.0,1,600.0,30,2.0,0.15,4.0,auto
2202,489,553,waiting,1,1.0,1,100000.0,30,0.5,0.15,4.0,auto
2203,490,555,movement,1,1.0,1,600.0,30,2.0,0.15,4.0,auto
2204,490,562,movement,1,1.0,1,600.0,30,2.0,0.15,4.0,auto
2205,490,553,movement,1,1.0,1,600.0,30,2.0,0.15,4.0,auto
2206,490,546,movement,1,1.0,1,600.0,30,2.0,0.15,4.0,auto
2207,490,554,waiting,1,1.0,1,100000.0,30,0.5,0.15,4.0,auto
2208,491,556,movement,1,1.0,1,600.0,30,2.0,0.15,4.0,auto
2209,491,563,movement,1,1.0,1,600.0,30,2.0,0.15,4.0,auto
2210,491,554,movement,1,1.0,1,600.0,30,2.0,0.15,4.0,auto
2211,491,547,movement,1,1.0,1,600.0,30,2.0,0.15,4.0,auto
2212,491,555,waiting,1,1.0,1,100000.0,30,0.5,0.15,4.0,auto
2213,492,557,movement,1,1.0,1,600.0,30,2.0,0.15,4.0,auto
2214,492,564,movement,1,1.0,1,600.0,30,2.0,0.15,4.0,auto
2215,492,555,movement,1,1.0,1,600.0,30,2.0,0.15,4.0,auto
2216,492,548,movement,1,1.0,1,600.0,30,2.0,0.15,4.0,auto
2217,492,556,waiting,1,1.0,1,100000.0,30,0.5,0.15,4.0,auto
2218,493,558,movement,1,1.0,1,600.0,30,2.0,0.15,4.0,auto
2219,493,565,movement,1,1.0,1,600.0,30,2.0,0.15,4.0,auto
2220,493,556,movement,1,1.0,1,600.0,30,2.0,0.15,4.0,auto
2221,493,549,movement,1,1.0,1,600.0,30,2.0,0.15,4.0,auto
2222,493,557,waiting,1,1.0,1,100000.0,30,0.5,0.15,4.0,auto
2223,494,559,movement,1,1.0,1,600.0,30,2.0,0.15,4.0,auto
2224,494,566,movement,1,1.0,1,600.0,30,2.0,0.15,4.0,auto
2225,494,557,movement,1,1.0,1,600.0,30,2.0,0.15,4.0,auto
2226,494,550,movement,1,1.0,1,600.0,30,2.0,0.15,4.0,auto
2227,494,558,waiting,1,1.0,1,100000.0,30,0.5,0.15,4.0,auto
2228,495,560,movement,1,1.0,1,600.0,30,2.0,0.15,4.0,auto
2229,495,567,movement,1,1.0,1,600.0,30,2.0,0.15,4.0,auto
2230,495,558,movement,1,1.0,1,600.0,30,2.0,0.15,4.0,auto
2231,495,551,movement,1,1.0,1,600.0,30,2.0,0.15,4.0,auto
2232,495,559,waiting,1,1.0,1,100000.0,30,0.5,0.15,4.0,auto
2233,496,568,movement,1,1.0,1,600.0,30,2.0,0.15,4.0,auto
2234,496,559,movement,1,1.0,1,600.0,30,2.0,0.15,4.0,auto
2235,496,552,movement,1,1.0,1,600.0,30,2.0,0.15,4.0,auto
2236,496,560,waiting,1,1.0,1,100000.0,30,0.5,0.15,4.0,auto
2237,497,562,movement,1,1.0,1,600.0,30,2.0,0.15,4.0,auto
2238,497,569,movement,1,1.0,1,600.0,30,2.0,0.15,4.0,auto
2239,497,553,movement,1,1.0,1,600.0,30,2.0,0.15,4.0,auto
2240,497,561,waiting,1,1.0,1,100000.0,30,0.5,0.15,4.0,auto
2241,498,563,movement,1,1.0,1,600.0,30,2.0,0.15,4.0,auto
2242,498,570,movement,1,1.0,1,600.0,30,2.0,0.15,4.0,auto
2243,498,561,movement,1,1.0,1,600.0,30,2.0,0.15,4.0,auto
2244,498,554,movement,1,1.0,1,600.0,30,2.0,0.15,4.0,auto
2245,498,562,waiting,1,1.0,1,100000.0,30,0.5,0.15,4.0,auto
2246,499,564,movement,1,1.0,1,600.0,30,2.0,0.15,4.0,auto
2247,499,571,movement,1,1.0,1,600.0,30,2.0,0.15,4.0,auto
2248,499,562,movement,1,1.0,1,600.0,30,2.0,0.15,4.0,auto
2249,499,555,movement,1,1.0,1,600.0,30,2.0,0.15,4.0,auto
2250,499,563,waiting,1,1.0,1,100000.0,30,0.5,0.15,4.0,auto
2251,500,565,movement,1,1.0,1,600.0,30,2.0,0.15,4.0,auto
2252,500,572,movement,1,1.0,1,600.0,30,2.0,0.15,4.0,auto
2253,500,563,movement,1,1.0,1,600.0,30,2.0,0.15,4.0,auto
2254,500,556,movement,1,1.0,1,600.0,30,2.0,0.15,4.0,auto
2255,500,564,waiting,1,1.0,1,100000.0,30,0.5,0.15,4.0,auto
2256,501,566,movement,1,1.0,1,600.0,30,2.0,0.15,4.0,auto
2257,501,573,movement,1,1.0,1,600.0,30,2.0,0.15,4.0,auto
2258,501,564,movement,1,1.0,1,600.0,30,2.0,0.15,4.0,auto
2259,501,557,movement,1,1.0,1,600.0,30,2.0,0.15,4.0,auto
2260,501,565,waiting,1,1.0,1,100000.0,30,0.5,0.15,4.0,auto
2261,502,567,movement,1,1.0,1,600.0,30,2.0,0.15,4.0,auto
2262,502,574,movement,1,1.0,1,600.0,30,2.0,0.15,4.0,auto
2263,502,565,movement,1,1.0,1,600.0,30,2.0,0.15,4.0,auto
2264,502,558,movement,1,1.0,1,600.0,30,2.0,0.15,4.0,auto
2265,502,566,waiting,1,1.0,1,100000.0,30,0.5,0.15,4.0,auto
2266,503,568,movement,1,1.0,1,600.0,30,2.0,0.15,4.0,auto
2267,503,575,movement,1,1.0,1,600.0,30,2.0,0.15,4.0,auto
2268,503,566,movement,1,1.0,1,600.0,30,2.0,0.15,4.0,auto
2269,503,559,movement,1,1.0,1,600.0,30,2.0,0.15,4.0,auto
2270,503,567,waiting,1,1.0,1,100000.0,30,0.5,0.15,4.0,auto
2271,504,576,movement,1,1.0,1,600.0,30,2.0,0.15,4.0,auto
2272,504,567,movement,1,1.0,1,600.0,30,2.0,0.15,4.0,auto
2273,504,560,movement,1,1.0,1,600.0,30,2.0,0.15,4.0,auto
2274,504,568,waiting,1,1.0,1,100000.0,30,0.5,0.15,4.0,auto
2275,505,570,movement,1,1.0,1,600.0,30,2.0,0.15,4.0,auto
2276,505,561,movement,1,1.0,1,600.0,30,2.0,0.15,4.0,auto
2277,505,569,waiting,1,1.0,1,100000.0,30,0.5,0.15,4.0,auto
2278,506,571,movement,1,1.0,1,600.0,30,2.0,0.15,4.0,auto
2279,506,569,movement,1,1.0,1,600.0,30,2.0,0.15,4.0,auto
2280,506,562,movement,1,1.0,1,600.0,30,2.0,0.15,4.0,auto
2281,506,570,waiting,1,1.0,1,100000.0,30,0.5,0.15,4.0,auto
2282,507,572,movement,1,1.0,1,600.0,30,2.0,0.15,4.0,auto
2283,507,570,movement,1,1.0,1,600.0,30,2.0,0.15,4.0,auto
2284,507,563,movement,1,1.0,1,600.0,30,2.0,0.15,4.0,auto
2285,507,571,waiting,1,1.0,1,100000.0,30,0.5,0.15,4.0,auto
2286,508,573,movement,1,1.0,1,600.0,30,2.0,0.15,4.0,auto
2287,508,571,movement,1,1.0,1,600.0,30,2.0,0.15,4.0,auto
2288,508,564,movement,1,1.0,1,600.0,30,2.0,0.15,4.0,auto
2289,508,572,waiting,1,1.0,1,100000.0,30,0.5,0.15,4.0,auto
2290,509,574,movement,1,1.0,1,600.0,30,2.0,0.15,4.0,auto
2291,509,572,movement,1,1.0,1,600.0,30,2.0,0.15,4.0,auto
2292,509,565,movement,1,1.0,1,600.0,30,2.0,0.15,4.0,auto
2293,509,573,waiting,1,1.0,1,100000.0,30,0.5,0.15,4.0,auto
2294,510,575,movement,1,1.0,1,600.0,30,2.0,0.15,4.0,auto
2295,510,573,movement,1,1.0,1,600.0,30,2.0,0.15,4.0,auto
2296,510,566,movement,1,1.0,1,600.0,30,2.0,0.15,4.0,auto
2297,510,574,waiting,1,1.0,1,100000.0,30,0.5,0.15,4.0,auto
2298,511,576,movement,1,1.0,1,600.0,30,2.0,0.15,4.0,auto
2299,511,574,movement,1,1.0,1,600.0,30,2.0,0.15,4.0,auto
2300,511,567,movement,1,1.0,1,600.0,30,2.0,0.15,4.0,auto
2301,511,575,waiting,1,1.0,1,100000.0,30,0.5,0.15,4.0,auto
2302,512,575,movement,1,1.0,1,600.0,30,2.0,0.15,4.0,auto
2303,512,568,movement,1,1.0,1,600.0,30,2.0,0.15,4.0,auto
2304,512,576,waiting,1,1.0,1,100000.0,30,0.5,0.15,4.0,auto
2305,513,578,movement,1,1.0,1,600.0,30,2.0,0.15,4.0,auto
2306,513,585,movement,1,1.0,1,600.0,30,2.0,0.15,4.0,auto
2307,513,577,waiting,1,1.0,1,100000.0,30,0.5,0.15,4.0,auto
2308,514,579,movement,1,1.0,1,600.0,30,2.0,0.15,4.0,auto
2309,514,586,movement,1,1.0,1,600.0,30,2.0,0.15,4.0,auto
2310,514,577,movement,1,1.0,1,600.0,30,2.0,0.15,4.0,auto
2311,514,578,waiting,1,1.0,1,100000.0,30,0.5,0.15,4.0,auto
2312,515,580,movement,1,1.0,1,600.0,30,2.0,0.15,4.0,auto
2313,515,587,movement,1,1.0,1,600.0,30,2.0,0.15,4.0,auto
2314,515,578,movement,1,1.0,1,600.0,30,2.0,0.15,4.0,auto
2315,515,579,waiting,1,1.0,1,100000.0,30,0.5,0.15,4.0,auto
2316,516,581,movement,1,1.0,1,600.0,30,2.0,0.15,4.0,auto
2317,516,588,movement,1,1.0,1,600.0,30,2.0,0.15,4.0,auto
2318,516,579,movement,1,1.0,1,600.0,30,2.0,0.15,4.0,auto
2319,516,580,waiting,1,1.0,1,100000.0,30,0.5,0.15,4.0,auto
2320,517,582,movement,1,1.0,1,600.0,30,2.0,0.15,4.0,auto
2321,517,589,movement,1,1.0,1,600.0,30,2.0,0.15,4.0,auto
2322,517,580,movement,1,1.0,1,600.0,30,2.0,0.15,4.0,auto
2323,517,581,waiting,1,1.0,1,100000.0,30,0.5,0.15,4.0,auto
2324,518,583,movement,1,1.0,1,600.0,30,2.0,0.15,4.0,auto
2325,518,590,movement,1,1.0,1,600.0,30,2.0,0.15,4.0,auto
2326,518,581,movement,1,1.0,1,600.0,30,2.0,0.15,4.0,auto
2327,518,582,waiting,1,1.0,1,100000.0,30,0.5,0.15,4.0,auto
2328,519,584,movement,1,1.0,1,600.0,30,2.0,0.15,4.0,auto
2329,519,591,movement,1,1.0,1,600.0,30,2.0,0.15,4.0,auto
2330,519,582,movement,1,1.0,1,600.0,30,2.0,0.15,4.0,auto
2331,519,583,waiting,1,1.0,1,100000.0,30,0.5,0.15,4.0,auto
2332,520,592,movement,1,1.0,1,600.0,30,2.0,0.15,4.0,auto
2333,520,583,movement,1,1.0,1,600.0,30,2.0,0.15,4.0,auto
2334,520,584,waiting,1,1.0,1,100000.0,30,0.5,0.15,4.0,auto
2335,521,586,movement,1,1.0,1,600.0,30,2.0,0.15,4.0,auto
2336,521,593,movement,1,1.0,1,600.0,30,2.0,0.15,4.0,auto
2337,521,577,movement,1,1.0,1,600.0,30,2.0,0.15,4.0,auto
2338,521,585,waiting,1,1.0,1,100000.0,30,0.5,0.15,4.0,auto
2339,522,587,movement,1,1.0,1,600.0,30,2.0,0.15,4.0,auto
2340,522,594,movement,1,1.0,1,600.0,30,2.0,0.15,4.0,auto
2341,522,585,movement,1,1.0,1,600.0,30,2.0,0.15,4.0,auto
2342,522,578,movement,1,1.0,1,600.0,30,2.0,0.15,4.0,auto
2343,522,586,waiting,1,1.0,1,100000.0,30,0.5,0.15,4.0,auto
2344,523,588,movement,1,1.0,1,600.0,30,2.0,0.15,4.0,auto
2345,523,595,movement,1,1.0,1,600.0,30,2.0,0.15,4.0,auto
2346,523,586,movement,1,1.0,1,600.0,30,2.0,0.15,4.0,auto
2347,523,579,movement,1,1.0,1,600.0,30,2.0,0.15,4.0,auto
2348,523,587,waiting,1,1.0,1,100000.0,30,0.5,0.15,4.0,auto
2349,524,589,movement,1,1.0,1,600.0,30,2.0,0.15,4.0,auto
2350,524,596,movement,1,1.0,1,600.0,30,2.0,0.15,4.0,auto
2351,524,587,movement,1,1.0,1,600.0,30,2.0,0.15,4.0,auto
2352,524,580,movement,1,1.0,1,600.0,30,2.0,0.15,4.0,auto
2353,524,588,waiting,1,1.0,1,100000.0,30,0.5,0.15,4.0,auto
2354,525,590,movement,1,1.0,1,600.0,30,2.0,0.15,4.0,auto
2355,525,597,movement,1,1.0,1,600.0,30,2.0,0.15,4.0,auto
2356,525,588,movement,1,1.0,1,600.0,30,2.0,0.15,4.0,auto
2357,525,581,movement,1,1.0,1,600.0,30,2.0,0.15,4.0,auto
2358,525,589,waiting,1,1.0,1,100000.0,30,0.5,0.15,4.0,auto
2359,526,591,movement,1,1.0,1,600.0,30,2.0,0.15,4.0,auto
2360,526,598,movement,1,1.0,1,600.0,30,2.0,0.15,4.0,auto
2361,526,589,movement,1,1.0,1,600.0,30,2.0,0.15,4.0,auto
2362,526,582,movement,1,1.0,1,600.0,30,2.0,0.15,4.0,auto
2363,526,590,waiting,1,1.0,1,100000.0,30,0.5,0.15,4.0,auto
2364,527,592,movement,1,1.0,1,600.0,30,2.0,0.15,4.0,auto
2365,527,599,movement,1,1.0,1,600.0,30,2.0,0.15,4.0,auto
2366,527,590,movement,1,1.0,1,600.0,30,2.0,0.15,4.0,auto
2367,527,583,movement,1,1.0,1,600.0,30,2.0,0.15,4.0,auto
2368,527,591,waiting,1,1.0,1,100000.0,30,0.5,0.15,4.0,auto
2369,528,600,movement,1,1.0,1,600.0,30,2.0,0.15,4.0,auto
2370,528,591,movement,1,1.0,1,600.0,30,2.0,0.15,4.0,auto
2371,528,584,movement,1,1.0,1,600.0,30,2.0,0.15,4.0,auto
2372,528,592,waiting,1,1.0,1,100000.0,30,0.5,0.15,4.0,auto
2373,529,594,movement,1,1.0,1,600.0,30,2.0,0.15,4.0,auto
2374,529,601,movement,1,1.0,1,600.0,30,2.0,0.15,4.0,auto
2375,529,585,movement,1,1.0,1,600.0,30,2.0,0.15,4.0,auto
2376,529,593,waiting,1,1.0,1,100000.0,30,0.5,0.15,4.0,auto
2377,530,595,movement,1,1.0,1,600.0,30,2.0,0.15,4.0,auto
2378,530,602,movement,1,1.0,1,600.0,30,2.0,0.15,4.0,auto
2379,530,593,movement,1,1.0,1,600.0,30,2.0,0.15,4.0,auto
2380,530,586,movement,1,1.0,1,600.0,30,2.0,0.15,4.0,auto
2381,530,594,waiting,1,1.0,1,100000.0,30,0.5,0.15,4.0,auto
2382,531,596,movement,1,1.0,1,600.0,30,2.0,0.15,4.0,auto
2383,531,603,movement,1,1.0,1,600.0,30,2.0,0.15,4.0,auto
2384,531,594,movement,1,1.0,1,600.0,30,2.0,0.15,4.0,auto
2385,531,587,movement,1,1.0,1,600.0,30,2.0,0.15,4.0,auto
2386,531,595,waiting,1,1.0,1,100000.0,30,0.5,0.15,4.0,auto
2387,532,597,movement,1,1.0,1,600.0,30,2.0,0.15,4.0,auto
2388,532,604,movement,1,1.0,1,600.0,30,2.0,0.15,4.0,auto
2389,532,595,movement,1,1.0,1,600.0,30,2.0,0.15,4.0,auto
2390,532,588,movement,1,1.0,1,600.0,30,2.0,0.15,4.0,auto
2391,532,596,waiting,1,1.0,1,100000.0,30,0.5,0.15,4.0,auto
2392,533,598,movement,1,1.0,1,600.0,30,2.0,0.15,4.0,auto
2393,533,605,movement,1,1.0,1,600.0,30,2.0,0.15,4.0,auto
2394,533,596,movement,1,1.0,1,600.0,30,2.0,0.15,4.0,auto
2395,533,589,movement,1,1.0,1,600.0,30,2.0,0.15,4.0,auto
2396,533,597,waiting,1,1.0,1,100000.0,30,0.5,0.15,4.0,auto
2397,534,599,movement,1,1.0,1,600.0,30,2.0,0.15,4.0,auto
2398,534,606,movement,1,1.0,1,600.0,30,2.0,0.15,4.0,auto
2399,534,597,movement,1,1.0,1,600.0,30,2.0,0.15,4.0,auto
2400,534,590,movement,1,1.0,1,600.0,30,2.0,0.15,4.0,auto
2401,534,598,waiting,1,1.0,1,100000.0,30,0.5,0.15,4.0,auto
2402,535,600,movement,1,1.0,1,600.0,30,2.0,0.15,4.0,auto
2403,535,607,movement,1,1.0,1,600.0,30,2.0,0.15,4.0,auto
2404,535,598,movement,1,1.0,1,600.0,30,2.0,0.15,4.0,auto
2405,535,591,movement,1,1.0,1,600.0,30,2.0,0.15,4.0,auto
2406,535,599,waiting,1,1.0,1,100000.0,30,0.5,0.15,4.0,auto
2407,536,608,movement,1,1.0,1,600.0,30,2.0,0.15,4.0,auto
2408,536,599,movement,1,1.0,1,600.0,30,2.0,0.15,4.0,auto
2409,536,592,movement,1,1.0,1,600.0,30,2.0,0.15,4.0,auto
2410,536,600,waiting,1,1.0,1,100000.0,30,0.5,0.15,4.0,auto
2411,537,602,movement,1,1.0,1,600.0,30,2.0,0.15,4.0,auto
2412,537,609,movement,1,1.0,1,600.0,30,2.0,0.15,4.0,auto
2413,537,593,movement,1,1.0,1,600.0,30,2.0,0.15,4.0,auto
2414,537,601,waiting,1,1.0,1,100000.0,30,0.5,0.15,4.0,auto
2415,538,603,movement,1,1.0,1,600.0,30,2.0,0.15,4.0,auto
2416,538,610,movement,1,1.0,1,600.0,30,2.0,0.15,4.0,auto
2417,538,601,movement,1,1.0,1,600.0,30,2.0,0.15,4.0,auto
2418,538,594,movement,1,1.0,1,600.0,30,2.0,0.15,4.0,auto
2419,538,602,waiting,1,1.0,1,100000.0,30,0.5,0.15,4.0,auto
2420,539,604,movement,1,1.0,1,600.0,30,2.0,0.15,4.0,auto
2421,539,611,movement,1,1.0,1,600.0,30,2.0,0.15,4.0,auto
2422,539,602,movement,1,1.0,1,600.0,30,2.0,0.15,4.0,auto
2423,539,595,movement,1,1.0,1,600.0,30,2.0,0.15,4.0,auto
2424,539,603,waiting,1,1.0,1,100000.0,30,0.5,0.15,4.0,auto
2425,540,605,movement,1,1.0,1,600.0,30,2.0,0.15,4.0,auto
2426,540,612,movement,1,1.0,1,600.0,30,2.0,0.15,4.0,auto
2427,540,603,movement,1,1.0,1,600.0,30,2.0,0.15,4.0,auto
2428,540,596,movement,1,1.0,1,600.0,30,2.0,0.15,4.0,auto
2429,540,604,waiting,1,1.0,1,100000.0,30,0.5,0.15,4.0,auto
2430,541,606,movement,1,1.0,1,600.0,30,2.0,0.15,4.0,auto
2431,541,613,movement,1,1.0,1,600.0,30,2.0,0.15,4.0,auto
2432,541,604,movement,1,1.0,1,600.0,30,2.0,0.15,4.0,auto
2433,541,597,movement,1,1.0,1,600.0,30,2.0,0.15,4.0,auto
2434,541,605,waiting,1,1.0,1,100000.0,30,0.5,0.15,4.0,auto
2435,542,607,movement,1,1.0,1,600.0,30,2.0,0.15,4.0,auto
2436,542,614,movement,1,1.0,1,600.0,30,2.0,0.15,4.0,auto
2437,542,605,movement,1,1.0,1,600.0,30,2.0,0.15,4.0,auto
2438,542,598,movement,1,1.0,1,600.0,30,2.0,0.15,4.0,auto
2439,542,606,waiting,1,1.0,1,100000.0,30,0.5,0.15,4.0,auto
2440,543,608,movement,1,1.0,1,600.0,30,2.0,0.15,4.0,auto
2441,543,615,movement,1,1.0,1,600.0,30,2.0,0.15,4.0,auto
2442,543,606,movement,1,1.0,1,600.0,30,2.0,0.15,4.0,auto
2443,543,599,movement,1,1.0,1,600.0,30,2.0,0.15,4.0,auto
2444,543,607,waiting,1,1.0,1,100000.0,30,0.5,0.15,4.0,auto
2445,544,616,movement,1,1.0,1,600.0,30,2.0,0.15,4.0,auto
2446,544,607,movement,1,1.0,1,600.0,30,2.0,0.15,4.0,auto
2447,544,600,movement,1,1.0,1,600.0,30,2.0,0.15,4.0,auto
2448,544,608,waiting,1,1.0,1,100000.0,30,0.5,0.15,4.0,auto
2449,545,610,movement,1,1.0,1,600.0,30,2.0,0.15,4.0,auto
2450,545,617,movement,1,1.0,1,600.0,30,2.0,0.15,4.0,auto
2451,545,601,movement,1,1.0,1,600.0,30,2.0,0.15,4.0,auto
2452,545,609,waiting,1,1.0,1,100000.0,30,0.5,0.15,4.0,auto
2453,546,611,movement,1,1.0,1,600.0,30,2.0,0.15,4.0,auto
2454,546,618,movement,1,1.0,1,600.0,30,2.0,0.15,4.0,auto
2455,546,609,movement,1,1.0,1,600.0,30,2.0,0.15,4.0,auto
2456,546,602,movement,1,1.0,1,600.0,30,2.0,0.15,4.0,auto
2457,546,610,waiting,1,1.0,1,100000.0,30,0.5,0.15,4.0,auto
2458,547,612,movement,1,1.0,1,600.0,30,2.0,0.15,4.0,auto
2459,547,619,movement,1,1.0,1,600.0,30,2.0,0.15,4.0,auto
2460,547,610,movement,1,1.0,1,600.0,30,2.0,0.15,4.0,auto
2461,547,603,movement,1,1.0,1,600.0,30,2.0,0.15,4.0,auto
2462,547,611,waiting,1,1.0,1,100000.0,30,0.5,0.15,4.0,auto
2463,548,613,movement,1,1.0,1,600.0,30,2.0,0.15,4.0,auto
2464,548,620,movement,1,1.0,1,600.0,30,2.0,0.15,4.0,auto
2465,548,611,movement,1,1.0,1,600.0,30,2.0,0.15,4.0,auto
2466,548,604,movement,1,1.0,1,600.0,30,2.0,0.15,4.0,auto
2467,548,612,waiting,1,1.0,1,100000.0,30,0.5,0.15,4.0,auto
2468,549,614,movement,1,1.0,1,600.0,30,2.0,0.15,4.0,auto
2469,549,621,movement,1,1.0,1,600.0,30,2.0,0.15,4.0,auto
2470,549,612,movement,1,1.0,1,600.0,30,2.0,0.15,4.0,auto
2471,549,605,movement,1,1.0,1,600.0,30,2.0,0.15,4.0,auto
2472,549,613,waiting,1,1.0,1,100000.0,30,0.5,0.15,4.0,auto
2473,550,615,movement,1,1.0,1,600.0,30,2.0,0.15,4.0,auto
2474,550,622,movement,1,1.0,1,600.0,30,2.0,0.15,4.0,auto
2475,550,613,movement,1,1.0,1,600.0,30,2.0,0.15,4.0,auto
2476,550,606,movement,1,1.0,1,600.0,30,2.0,0.15,4.0,auto
2477,550,614,waiting,1,1.0,1,100000.0,30,0.5,0.15,4.0,auto
2478,551,616,movement,1,1.0,1,600.0,30,2.0,0.15,4.0,auto
2479,551,623,movement,1,1.0,1,600.0,30,2.0,0.15,4.0,auto
2480,551,614,movement,1,1.0,1,600.0,30,2.0,0.15,4.0,auto
2481,551,607,movement,1,1.0,1,600.0,30,2.0,0.15,4.0,auto
2482,551,615,waiting,1,1.0,1,100000.0,30,0.5,0.15,4.0,auto
2483,552,624,movement,1,1.0,1,600.0,30,2.0,0.15,4.0,auto
2484,552,615,movement,1,1.0,1,600.0,30,2.0,0.15,4.0,auto
2485,552,608,movement,1,1.0,1,600.0,30,2.0,0.15,4.0,auto
2486,552,616,waiting,1,1.0,1,100000.0,30,0.5,0.15,4.0,auto
2487,553,618,movement,1,1.0,1,600.0,30,2.0,0.15,4.0,auto
2488,553,625,movement,1,1.0,1,600.0,30,2.0,0.15,4.0,auto
2489,553,609,movement,1,1.0,1,600.0,30,2.0,0.15,4.0,auto
2490,553,617,waiting,1,1.0,1,100000.0,30,0.5,0.15,4.0,auto
2491,554,619,movement,1,1.0,1,600.0,30,2.0,0.15,4.0,auto
2492,554,626,movement,1,1.0,1,600.0,30,2.0,0.15,4.0,auto
2493,554,617,movement,1,1.0,1,600.0,30,2.0,0.15,4.0,auto
2494,554,610,movement,1,1.0,1,600.0,30,2.0,0.15,4.0,auto
2495,554,618,waiting,1,1.0,1,100000.0,30,0.5,0.15,4.0,auto
2496,555,620,movement,1,1.0,1,600.0,30,2.0,0.15,4.0,auto
2497,555,627,movement,1,1.0,1,600.0,30,2.0,0.15,4.0,auto
2498,555,618,movement,1,1.0,1,600.0,30,2.0,0.15,4.0,auto
2499,555,611,movement,1,1.0,1,600.0,30,2.0,0.15,4.0,auto
2500,555,619,waiting,1,1.0,1,100000.0,30,0.5,0.15,4.0,auto
2501,556,621,movement,1,1.0,1,600.0,30,2.0,0.15,4.0,auto
2502,556,628,movement,1,1.0,1,600.0,30,2.0,0.15,4.0,auto
2503,556,619,movement,1,1.0,1,600.0,30,2.0,0.15,4.0,auto
2504,556,612,movement,1,1.0,1,600.0,30,2.0,0.15,4.0,auto
2505,556,620,waiting,1,1.0,1,100000.0,30,0.5,0.15,4.0,auto
2506,557,622,movement,1,1.0,1,600.0,30,2.0,0.15,4.0,auto
2507,557,629,movement,1,1.0,1,600.0,30,2.0,0.15,4.0,auto
2508,557,620,movement,1,1.0,1,600.0,30,2.0,0.15,4.0,auto
2509,557,613,movement,1,1.0,1,600.0,30,2.0,0.15,4.0,auto
2510,557,621,waiting,1,1.0,1,100000.0,30,0.5,0.15,4.0,auto
2511,558,623,movement,1,1.0,1,600.0,30,2.0,0.15,4.0,auto
2512,558,630,movement,1,1.0,1,600.0,30,2.0,0.15,4.0,auto
2513,558,621,movement,1,1.0,1,600.0,30,2.0,0.15,4.0,auto
2514,558,614,movement,1,1.0,1,600.0,30,2.0,0.15,4.0,auto
2515,558,622,waiting,1,1.0,1,100000.0,30,0.5,0.15,4.0,auto
2516,559,624,movement,1,1.0,1,600.0,30,2.0,0.15,4.0,auto
2517,559,631,movement,1,1.0,1,600.0,30,2.0,0.15,4.0,auto
2518,559,622,movement,1,1.0,1,600.0,30,2.0,0.15,4.0,auto
2519,559,615,movement,1,1.0,1,600.0,30,2.0,0.15,4.0,auto
2520,559,623,waiting,1,1.0,1,100000.0,30,0.5,0.15,4.0,auto
2521,560,632,movement,1,1.0,1,600.0,30,2.0,0.15,4.0,auto
2522,560,623,movement,1,1.0,1,600.0,30,2.0,0.15,4.0,auto
2523,560,616,movement,1,1.0,1,600.0,30,2.0,0.15,4.0,auto
2524,560,624,waiting,1,1.0,1,100000.0,30,0.5,0.15,4.0,auto
2525,561,626,movement,1,1.0,1,600.0,30,2.0,0.15,4.0,auto
2526,561,633,movement,1,1.0,1,600.0,30,2.0,0.15,4.0,auto
2527,561,617,movement,1,1.0,1,600.0,30,2.0,0.15,4.0,auto
2528,561,625,waiting,1,1.0,1,100000.0,30,0.5,0.15,4.0,auto
2529,562,627,movement,1,1.0,1,600.0,30,2.0,0.15,4.0,auto
2530,562,634,movement,1,1.0,1,600.0,30,2.0,0.15,4.0,auto
2531,562,625,movement,1,1.0,1,600.0,30,2.0,0.15,4.0,auto
2532,562,618,movement,1,1.0,1,600.0,30,2.0,0.15,4.0,auto
2533,562,626,waiting,1,1.0,1,100000.0,30,0.5,0.15,4.0,auto
2534,563,628,movement,1,1.0,1,600.0,30,2.0,0.15,4.0,auto
2535,563,635,movement,1,1.0,1,600.0,30,2.0,0.15,4.0,auto
2536,563,626,movement,1,1.0,1,600.0,30,2.0,0.15,4.0,auto
2537,563,619,movement,1,1.0,1,600.0,30,2.0,0.15,4.0,auto
2538,563,627,waiting,1,1.0,1,100000.0,30,0.5,0.15,4.0,auto
2539,564,629,movement,1,1.0,1,600.0,30,2.0,0.15,4.0,auto
2540,564,636,movement,1,1.0,1,600.0,30,2.0,0.15,4.0,auto
2541,564,627,movement,1,1.0,1,600.0,30,2.0,0.15,4.0,auto
2542,564,620,movement,1,1.0,1,600.0,30,2.0,0.15,4.0,auto
2543,564,628,waiting,1,1.0,1,100000.0,30,0.5,0.15,4.0,auto
2544,565,630,movement,1,1.0,1,600.0,30,2.0,0.15,4.0,auto
2545,565,637,movement,1,1.0,1,600.0,30,2.0,0.15,4.0,auto
2546,565,628,movement,1,1.0,1,600.0,30,2.0,0.15,4.0,auto
2547,565,621,movement,1,1.0,1,600.0,30,2.0,0.15,4.0,auto
2548,565,629,waiting,1,1.0,1,100000.0,30,0.5,0.15,4.0,auto
2549,566,631,movement,1,1.0,1,600.0,30,2.0,0.15,4.0,auto
2550,566,638,movement,1,1.0,1,600.0,30,2.0,0.15,4.0,auto
2551,566,629,movement,1,1.0,1,600.0,30,2.0,0.15,4.0,auto
2552,566,622,movement,1,1.0,1,600.0,30,2.0,0.15,4.0,auto
2553,566,630,waiting,1,1.0,1,100000.0,30,0.5,0.15,4.0,auto
2554,567,632,movement,1,1.0,1,600.0,30,2.0,0.15,4.0,auto
2555,567,639,movement,1,1.0,1,600.0,30,2.0,0.15,4.0,auto
2556,567,630,movement,1,1.0,1,600.0,30,2.0,0.15,4.0,auto
2557,567,623,movement,1,1.0,1,600.0,30,2.0,0.15,4.0,auto
2558,567,631,waiting,1,1.0,1,100000.0,30,0.5,0.15,4.0,auto
2559,568,640,movement,1,1.0,1,600.0,30,2.0,0.15,4.0,auto
2560,568,631,movement,1,1.0,1,600.0,30,2.0,0.15,4.0,auto
2561,568,624,movement,1,1.0,1,600.0,30,2.0,0.15,4.0,auto
2562,568,632,waiting,1,1.0,1,100000.0,30,0.5,0.15,4.0,auto
2563,569,634,movement,1,1.0,1,600.0,30,2.0,0.15,4.0,auto
2564,569,625,movement,1,1.0,1,600.0,30,2.0,0.15,4.0,auto
2565,569,633,waiting,1,1.0,1,100000.0,30,0.5,0.15,4.0,auto
2566,570,635,movement,1,1.0,1,600.0,30,2.0,0.15,4.0,auto
2567,570,633,movement,1,1.0,1,600.0,30,2.0,0.15,4.0,auto
2568,570,626,movement,1,1.0,1,600.0,30,2.0,0.15,4.0,auto
2569,570,634,waiting,1,1.0,1,100000.0,30,0.5,0.15,4.0,auto
2570,571,636,movement,1,1.0,1,600.0,30,2.0,0.15,4.0,auto
2571,571,634,movement,1,1.0,1,600.0,30,2.0,0.15,4.0,auto
2572,571,627,movement,1,1.0,1,600.0,30,2.0,0.15,4.0,auto
2573,571,635,waiting,1,1.0,1,100000.0,30,0.5,0.15,4.0,auto
2574,572,637,movement,1,1.0,1,600.0,30,2.0,0.15,4.0,auto
2575,572,635,movement,1,1.0,1,600.0,30,2.0,0.15,4.0,auto
2576,572,628,movement,1,1.0,1,600.0,30,2.0,0.15,4.0,auto
2577,572,636,waiting,1,1.0,1,100000.0,30,0.5,0.15,4.0,auto
2578,573,638,movement,1,1.0,1,600.0,30,2.0,0.15,4.0,auto
2579,573,636,movement,1,1.0,1,600.0,30,2.0,0.15,4.0,auto
2580,573,629,movement,1,1.0,1,600.0,30,2.0,0.15,4.0,auto
2581,573,637,waiting,1,1.0,1,100000.0,30,0.5,0.15,4.0,auto
2582,574,639,movement,1,1.0,1,600.0,30,2.0,0.15,4.0,auto
2583,574,637,movement,1,1.0,1,600.0,30,2.0,0.15,4.0,auto
2584,574,630,movement,1,1.0,1,600.0,30,2.0,0.15,4.0,auto
2585,574,638,waiting,1,1.0,1,100000.0,30,0.5,0.15,4.0,auto
2586,575,640,movement,1,1.0,1,600.0,30,2.0,0.15,4.0,auto
2587,575,638,movement,1,1.0,1,600.0,30,2.0,0.15,4.0,auto
2588,575,631,movement,1,1.0,1,600.0,30,2.0,0.15,4.0,auto
2589,575,639,waiting,1,1.0,1,100000.0,30,0.5,0.15,4.0,auto
2590,576,639,movement,1,1.0,1,600.0,30,2.0,0.15,4.0,auto
2591,576,632,movement,1,1.0,1,600.0,30,2.0,0.15,4.0,auto
2592,576,640,waiting,1,1.0,1,100000.0,30,0.5,0.15,4.0,auto
2593,577,642,movement,1,1.0,1,600.0,30,2.0,0.15,4.0,auto
2594,577,649,movement,1,1.0,1,600.0,30,2.0,0.15,4.0,auto
2595,577,641,waiting,1,1.0,1,100000.0,30,0.5,0.15,4.0,auto
2596,578,643,movement,1,1.0,1,600.0,30,2.0,0.15,4.0,auto
2597,578,650,movement,1,1.0,1,600.0,30,2.0,0.15,4.0,auto
2598,578,641,movement,1,1.0,1,600.0,30,2.0,0.15,4.0,auto
2599,578,642,waiting,1,1.0,1,100000.0,30,0.5,0.15,4.0,auto
2600,579,644,movement,1,1.0,1,600.0,30,2.0,0.15,4.0,auto
2601,579,651,movement,1,1.0,1,600.0,30,2.0,0.15,4.0,auto
2602,579,642,movement,1,1.0,1,600.0,30,2.0,0.15,4.0,auto
2603,579,643,waiting,1,1.0,1,100000.0,30,0.5,0.15,4.0,auto
2604,580,645,movement,1,1.0,1,600.0,30,2.0,0.15,4.0,auto
2605,580,652,movement,1,1.0,1,600.0,30,2.0,0.15,4.0,auto
2606,580,643,movement,1,1.0,1,600.0,30,2.0,0.15,4.0,auto
2607,580,644,waiting,1,1.0,1,100000.0,30,0.5,0.15,4.0,auto
2608,581,646,movement,1,1.0,1,600.0,30,2.0,0.15,4.0,auto
2609,581,653,movement,1,1.0,1,600.0,30,2.0,0.15,4.0,auto
2610,581,644,movement,1,1.0,1,600.0,30,2.0,0.15,4.0,auto
2611,581,645,waiting,1,1.0,1,100000.0,30,0.5,0.15,4.0,auto
2612,582,647,movement,1,1.0,1,600.0,30,2.0,0.15,4.0,auto
2613,582,654,movement,1,1.0,1,600.0,30,2.0,0.15,4.0,auto
2614,582,645,movement,1,1.0,1,600.0,30,2.0,0.15,4.0,auto
2615,582,646,waiting,1,1.0,1,100000.0,30,0.5,0.15,4.0,auto
2616,583,648,movement,1,1.0,1,600.0,30,2.0,0.15,4.0,auto
2617,583,655,movement,1,1.0,1,600.0,30,2.0,0.15,4.0,auto
2618,583,646,movement,1,1.0,1,600.0,30,2.0,0.15,4.0,auto
2619,583,647,waiting,1,1.0,1,100000.0,30,0.5,0.15,4.0,auto
2620,584,656,movement,1,1.0,1,600.0,30,2.0,0.15,4.0,auto
2621,584,647,movement,1,1.0,1,600.0,30,2.0,0.15,4.0,auto
2622,584,648,waiting,1,1.0,1,100000.0,30,0.5,0.15,4.0,auto
2623,585,650,movement,1,1.0,1,600.0,30,2.0,0.15,4.0,auto
2624,585,657,movement,1,1.0,1,600.0,30,2.0,0.15,4.0,auto
2625,585,641,movement,1,1.0,1,600.0,30,2.0,0.15,4.0,auto
2626,585,649,waiting,1,1.0,1,100000.0,30,0.5,0.15,4.0,auto
2627,586,651,movement,1,1.0,1,600.0,30,2.0,0.15,4.0,auto
2628,586,658,movement,1,1.0,1,600.0,30,2.0,0.15,4.0,auto
2629,586,649,movement,1,1.0,1,600.0,30,2.0,0.15,4.0,auto
2630,586,642,movement,1,1.0,1,600.0,30,2.0,0.15,4.0,auto
2631,586,650,waiting,1,1.0,1,100000.0,30,0.5,0.15,4.0,auto
2632,587,652,movement,1,1.0,1,600.0,30,2.0,0.15,4.0,auto
2633,587,659,movement,1,1.0,1,600.0,30,2.0,0.15,4.0,auto
2634,587,650,movement,1,1.0,1,600.0,30,2.0,0.15,4.0,auto
2635,587,643,movement,1,1.0,1,600.0,30,2.0,0.15,4.0,auto
2636,587,651,waiting,1,1.0,1,100000.0,30,0.5,0.15,4.0,auto
2637,588,653,movement,1,1.0,1,600.0,30,2.0,0.15,4.0,auto
2638,588,660,movement,1,1.0,1,600.0,30,2.0,0.15,4.0,auto
2639,588,651,movement,1,1.0,1,600.0,30,2.0,0.15,4.0,auto
2640,588,644,movement,1,1.0,1,600.0,30,2.0,0.15,4.0,auto
2641,588,652,waiting,1,1.0,1,100000.0,30,0.5,0.15,4.0,auto
2642,589,654,movement,1,1.0,1,600.0,30,2.0,0.15,4.0,auto
2643,589,661,movement,1,1.0,1,600.0,30,2.0,0.15,4.0,auto
2644,589,652,movement,1,1.0,1,600.0,30,2.0,0.15,4.0,auto
2645,589,645,movement,1,1.0,1,600.0,30,2.0,0.15,4.0,auto
2646,589,653,waiting,1,1.0,1,100000.0,30,0.5,0.15,4.0,auto
2647,590,655,movement,1,1.0,1,600.0,30,2.0,0.15,4.0,auto
2648,590,662,movement,1,1.0,1,600.0,30,2.0,0.15,4.0,auto
2649,590,653,movement,1,1.0,1,600.0,30,2.0,0.15,4.0,auto
2650,590,646,movement,1,1.0,1,600.0,30,2.0,0.15,4.0,auto
2651,590,654,waiting,1,1.0,1,100000.0,30,0.5,0.15,4.0,auto
2652,591,656,movement,1,1.0,1,600.0,30,2.0,0.15,4.0,auto
2653,591,663,movement,1,1.0,1,600.0,30,2.0,0.15,4.0,auto
2654,591,654,movement,1,1.0,1,600.0,30,2.0,0.15,4.0,auto
2655,591,647,movement,1,1.0,1,600.0,30,2.0,0.15,4.0,auto
2656,591,655,waiting,1,1.0,1,100000.0,30,0.5,0.15,4.0,auto
2657,592,664,movement,1,1.0,1,600.0,30,2.0,0.15,4.0,auto
2658,592,655,movement,1,1.0,1,600.0,30,2.0,0.15,4.0,auto
2659,592,648,movement,1,1.0,1,600.0,30,2.0,0.15,4.0,auto
2660,592,656,waiting,1,1.0,1,100000.0,30,0.5,0.15,4.0,auto
2661,593,658,movement,1,1.0,1,600.0,30,2.0,0.15,4.0,auto
2662,593,665,movement,1,1.0,1,600.0,30,2.0,0.15,4.0,auto
2663,593,649,movement,1,1.0,1,600.0,30,2.0,0.15,4.0,auto
2664,593,657,waiting,1,1.0,1,100000.0,30,0.5,0.15,4.0,auto
2665,594,659,movement,1,1.0,1,600.0,30,2.0,0.15,4.0,auto
2666,594,666,movement,1,1.0,1,600.0,30,2.0,0.15,4.0,auto
2667,594,657,movement,1,1.0,1,600.0,30,2.0,0.15,4.0,auto
2668,594,650,movement,1,1.0,1,600.0,30,2.0,0.15,4.0,auto
2669,594,658,waiting,1,1.0,1,100000.0,30,0.5,0.15,4.0,auto
2670,595,660,movement,1,1.0,1,600.0,30,2.0,0.15,4.0,auto
2671,595,667,movement,1,1.0,1,600.0,30,2.0,0.15,4.0,auto
2672,595,658,movement,1,1.0,1,600.0,30,2.0,0.15,4.0,auto
2673,595,651,movement,1,1.0,1,600.0,30,2.0,0.15,4.0,auto
2674,595,659,waiting,1,1.0,1,100000.0,30,0.5,0.15,4.0,auto
2675,596,661,movement,1,1.0,1,600.0,30,2.0,0.15,4.0,auto
2676,596,668,movement,1,1.0,1,600.0,30,2.0,0.15,4.0,auto
2677,596,659,movement,1,1.0,1,600.0,30,2.0,0.15,4.0,auto
2678,596,652,movement,1,1.0,1,600.0,30,2.0,0.15,4.0,auto
2679,596,660,waiting,1,1.0,1,100000.0,30,0.5,0.15,4.0,auto
2680,597,662,movement,1,1.0,1,600.0,30,2.0,0.15,4.0,auto
2681,597,669,movement,1,1.0,1,600.0,30,2.0,0.15,4.0,auto
2682,597,660,movement,1,1.0,1,600.0,30,2.0,0.15,4.0,auto
2683,597,653,movement,1,1.0,1,600.0,30,2.0,0.15,4.0,auto
2684,597,661,waiting,1,1.0,1,100000.0,30,0.5,0.15,4.0,auto
2685,598,663,movement,1,1.0,1,600.0,30,2.0,0.15,4.0,auto
2686,598,670,movement,1,1.0,1,600.0,30,2.0,0.15,4.0,auto
2687,598,661,movement,1,1.0,1,600.0,30,2.0,0.15,4.0,auto
2688,598,654,movement,1,1.0,1,600.0,30,2.0,0.15,4.0,auto
2689,598,662,waiting,1,1.0,1,100000.0,30,0.5,0.15,4.0,auto
2690,599,664,movement,1,1.0,1,600.0,30,2.0,0.15,4.0,auto
2691,599,671,movement,1,1.0,1,600.0,30,2.0,0.15,4.0,auto
2692,599,662,movement,1,1.0,1,600.0,30,2.0,0.15,4.0,auto
2693,599,655,movement,1,1.0,1,600.0,30,2.0,0.15,4.0,auto
2694,599,663,waiting,1,1.0,1,100000.0,30,0.5,0.15,4.0,auto
2695,600,672,movement,1,1.0,1,600.0,30,2.0,0.15,4.0,auto
2696,600,663,movement,1,1.0,1,600.0,30,2.0,0.15,4.0,auto
2697,600,656,movement,1,1.0,1,600.0,30,2.0,0.15,4.0,auto
2698,600,664,waiting,1,1.0,1,100000.0,30,0.5,0.15,4.0,auto
2699,601,666,movement,1,1.0,1,600.0,30,2.0,0.15,4.0,auto
2700,601,673,movement,1,1.0,1,600.0,30,2.0,0.15,4.0,auto
2701,601,657,movement,1,1.0,1,600.0,30,2.0,0.15,4.0,auto
2702,601,665,waiting,1,1.0,1,100000.0,30,0.5,0.15,4.0,auto
2703,602,667,movement,1,1.0,1,600.0,30,2.0,0.15,4.0,auto
2704,602,674,movement,1,1.0,1,600.0,30,2.0,0.15,4.0,auto
2705,602,665,movement,1,1.0,1,600.0,30,2.0,0.15,4.0,auto
2706,602,658,movement,1,1.0,1,600.0,30,2.0,0.15,4.0,auto
2707,602,666,waiting,1,1.0,1,100000.0,30,0.5,0.15,4.0,auto
2708,603,668,movement,1,1.0,1,600.0,30,2.0,0.15,4.0,auto
2709,603,675,movement,1,1.0,1,600.0,30,2.0,0.15,4.0,auto
2710,603,666,movement,1,1.0,1,600.0,30,2.0,0.15,4.0,auto
2711,603,659,movement,1,1.0,1,600.0,30,2.0,0.15,4.0,auto
2712,603,667,waiting,1,1.0,1,100000.0,30,0.5,0.15,4.0,auto
2713,604,669,movement,1,1.0,1,600.0,30,2.0,0.15,4.0,auto
2714,604,676,movement,1,1.0,1,600.0,30,2.0,0.15,4.0,auto
2715,604,667,movement,1,1.0,1,600.0,30,2.0,0.15,4.0,auto
2716,604,660,movement,1,1.0,1,600.0,30,2.0,0.15,4.0,auto
2717,604,668,waiting,1,1.0,1,100000.0,30,0.5,0.15,4.0,auto
2718,605,670,movement,1,1.0,1,600.0,30,2.0,0.15,4.0,auto
2719,605,677,movement,1,1.0,1,600.0,30,2.0,0.15,4.0,auto
2720,605,668,movement,1,1.0,1,600.0,30,2.0,0.15,4.0,auto
2721,605,661,movement,1,1.0,1,600.0,30,2.0,0.15,4.0,auto
2722,605,669,waiting,1,1.0,1,100000.0,30,0.5,0.15,4.0,auto
2723,606,671,movement,1,1.0,1,600.0,30,2.0,0.15,4.0,auto
2724,606,678,movement,1,1.0,1,600.0,30,2.0,0.15,4.0,auto
2725,606,669,movement,1,1.0,1,600.0,30,2.0,0.15,4.0,auto
2726,606,662,movement,1,1.0,1,600.0,30,2.0,0.15,4.0,auto
2727,606,670,waiting,1,1.0,1,100000.0,30,0.5,0.15,4.0,auto
2728,607,672,movement,1,1.0,1,600.0,30,2.0,0.15,4.0,auto
2729,607,679,movement,1,1.0,1,600.0,30,2.0,0.15,4.0,auto
2730,607,670,movement,1,1.0,1,600.0,30,2.0,0.15,4.0,auto
2731,607,663,movement,1,1.0,1,600.0,30,2.0,0.15,4.0,auto
2732,607,671,waiting,1,1.0,1,100000.0,30,0.5,0.15,4.0,auto
2733,608,680,movement,1,1.0,1,600.0,30,2.0,0.15,4.0,auto
2734,608,671,movement,1,1.0,1,600.0,30,2.0,0.15,4.0,auto
2735,608,664,movement,1,1.0,1,600.0,30,2.0,0.15,4.0,auto
2736,608,672,waiting,1,1.0,1,100000.0,30,0.5,0.15,4.0,auto
2737,609,674,movement,1,1.0,1,600.0,30,2.0,0.15,4.0,auto
2738,609,681,movement,1,1.0,1,600.0,30,2.0,0.15,4.0,auto
2739,609,665,movement,1,1.0,1,600.0,30,2.0,0.15,4.0,auto
2740,609,673,waiting,1,1.0,1,100000.0,30,0.5,0.15,4.0,auto
2741,610,675,movement,1,1.0,1,600.0,30,2.0,0.15,4.0,auto
2742,610,682,movement,1,1.0,1,600.0,30,2.0,0.15,4.0,auto
2743,610,673,movement,1,1.0,1,600.0,30,2.0,0.15,4.0,auto
2744,610,666,movement,1,1.0,1,600.0,30,2.0,0.15,4.0,auto
2745,610,674,waiting,1,1.0,1,100000.0,30,0.5,0.15,4.0,auto
2746,611,676,movement,1,1.0,1,600.0,30,2.0,0.15,4.0,auto
2747,611,683,movement,1,1.0,1,600.0,30,2.0,0.15,4.0,auto
2748,611,674,movement,1,1.0,1,600.0,30,2.0,0.15,4.0,auto
2749,611,667,movement,1,1.0,1,600.0,30,2.0,0.15,4.0,auto
2750,611,675,waiting,1,1.0,1,100000.0,30,0.5,0.15,4.0,auto
2751,612,677,movement,1,1.0,1,600.0,30,2.0,0.15,4.0,auto
2752,612,684,movement,1,1.0,1,600.0,30,2.0,0.15,4.0,auto
2753,612,675,movement,1,1.0,1,600.0,30,2.0,0.15,4.0,auto
2754,612,668,movement,1,1.0,1,600.0,30,2.0,0.15,4.0,auto
2755,612,676,waiting,1,1.0,1,100000.0,30,0.5,0.15,4.0,auto
2756,613,678,movement,1,1.0,1,600.0,30,2.0,0.15,4.0,auto
2757,613,685,movement,1,1.0,1,600.0,30,2.0,0.15,4.0,auto
2758,613,676,movement,1,1.0,1,600.0,30,2.0,0.15,4.0,auto
2759,613,669,movement,1,1.0,1,600.0,30,2.0,0.15,4.0,auto
2760,613,677,waiting,1,1.0,1,100000.0,30,0.5,0.15,4.0,auto
2761,614,679,movement,1,1.0,1,600.0,30,2.0,0.15,4.0,auto
2762,614,686,movement,1,1.0,1,600.0,30,2.0,0.15,4.0,auto
2763,614,677,movement,1,1.0,1,600.0,30,2.0,0.15,4.0,auto
2764,614,670,movement,1,1.0,1,600.0,30,2.0,0.15,4.0,auto
2765,614,678,waiting,1,1.0,1,100000.0,30,0.5,0.15,4.0,auto
2766,615,680,movement,1,1.0,1,600.0,30,2.0,0.15,4.0,auto
2767,615,687,movement,1,1.0,1,600.0,30,2.0,0.15,4.0,auto
2768,615,678,movement,1,1.0,1,600.0,30,2.0,0.15,4.0,auto
2769,615,671,movement,1,1.0,1,600.0,30,2.0,0.15,4.0,auto
2770,615,679,waiting,1,1.0,1,100000.0,30,0.5,0.15,4.0,auto
2771,616,688,movement,1,1.0,1,600.0,30,2.0,0.15,4.0,auto
2772,616,679,movement,1,1.0,1,600.0,30,2.0,0.15,4.0,auto
2773,616,672,movement,1,1.0,1,600.0,30,2.0,0.15,4.0,auto
2774,616,680,waiting,1,1.0,1,100000.0,30,0.5,0.15,4.0,auto
2775,617,682,movement,1,1.0,1,600.0,30,2.0,0.15,4.0,auto
2776,617,689,movement,1,1.0,1,600.0,30,2.0,0.15,4.0,auto
2777,617,673,movement,1,1.0,1,600.0,30,2.0,0.15,4.0,auto
2778,617,681,waiting,1,1.0,1,100000.0,30,0.5,0.15,4.0,auto
2779,618,683,movement,1,1.0,1,600.0,30,2.0,0.15,4.0,auto
2780,618,690,movement,1,1.0,1,600.0,30,2.0,0.15,4.0,auto
2781,618,681,movement,1,1.0,1,600.0,30,2.0,0.15,4.0,auto
2782,618,674,movement,1,1.0,1,600.0,30,2.0,0.15,4.0,auto
2783,618,682,waiting,1,1.0,1,100000.0,30,0.5,0.15,4.0,auto
2784,619,684,movement,1,1.0,1,600.0,30,2.0,0.15,4.0,auto
2785,619,691,movement,1,1.0,1,600.0,30,2.0,0.15,4.0,auto
2786,619,682,movement,1,1.0,1,600.0,30,2.0,0.15,4.0,auto
2787,619,675,movement,1,1.0,1,600.0,30,2.0,0.15,4.0,auto
2788,619,683,waiting,1,1.0,1,100000.0,30,0.5,0.15,4.0,auto
2789,620,685,movement,1,1.0,1,600.0,30,2.0,0.15,4.0,auto
2790,620,692,movement,1,1.0,1,600.0,30,2.0,0.15,4.0,auto
2791,620,683,movement,1,1.0,1,600.0,30,2.0,0.15,4.0,auto
2792,620,676,movement,1,1.0,1,600.0,30,2.0,0.15,4.0,auto
2793,620,684,waiting,1,1.0,1,100000.0,30,0.5,0.15,4.0,auto
2794,621,686,movement,1,1.0,1,600.0,30,2.0,0.15,4.0,auto
2795,621,693,movement,1,1.0,1,600.0,30,2.0,0.15,4.0,auto
2796,621,684,movement,1,1.0,1,600.0,30,2.0,0.15,4.0,auto
2797,621,677,movement,1,1.0,1,600.0,30,2.0,0.15,4.0,auto
2798,621,685,waiting,1,1.0,1,100000.0,30,0.5,0.15,4.0,auto
2799,622,687,movement,1,1.0,1,600.0,30,2.0,0.15,4.0,auto
2800,622,694,movement,1,1.0,1,600.0,30,2.0,0.15,4.0,auto
2801,622,685,movement,1,1.0,1,600.0,30,2.0,0.15,4.0,auto
2802,622,678,movement,1,1.0,1,600.0,30,2.0,0.15,4.0,auto
2803,622,686,waiting,1,1.0,1,100000.0,30,0.5,0.15,4.0,auto
2804,623,688,movement,1,1.0,1,600.0,30,2.0,0.15,4.0,auto
2805,623,695,movement,1,1.0,1,600.0,30,2.0,0.15,4.0,auto
2806,623,686,movement,1,1.0,1,600.0,30,2.0,0.15,4.0,auto
2807,623,679,movement,1,1.0,1,600.0,30,2.0,0.15,4.0,auto
2808,623,687,waiting,1,1.0,1,100000.0,30,0.5,0.15,4.0,auto
2809,624,696,movement,1,1.0,1,600.0,30,2.0,0.15,4.0,auto
2810,624,687,movement,1,1.0,1,600.0,30,2.0,0.15,4.0,auto
2811,624,680,movement,1,1.0,1,600.0,30,2.0,0.15,4.0,auto
2812,624,688,waiting,1,1.0,1,100000.0,30,0.5,0.15,4.0,auto
2813,625,690,movement,1,1.0,1,600.0,30,2.0,0.15,4.0,auto
2814,625,697,movement,1,1.0,1,600.0,30,2.0,0.15,4.0,auto
2815,625,681,movement,1,1.0,1,600.0,30,2.0,0.15,4.0,auto
2816,625,689,waiting,1,1.0,1,100000.0,30,0.5,0.15,4.0,auto
2817,626,691,movement,1,1.0,1,600.0,30,2.0,0.15,4.0,auto
2818,626,698,movement,1,1.0,1,600.0,30,2.0,0.15,4.0,auto
2819,626,689,movement,1,1.0,1,600.0,30,2.0,0.15,4.0,auto
2820,626,682,movement,1,1.0,1,600.0,30,2.0,0.15,4.0,auto
2821,626,690,waiting,1,1.0,1,100000.0,30,0.5,0.15,4.0,auto
2822,627,692,movement,1,1.0,1,600.0,30,2.0,0.15,4.0,auto
2823,627,699,movement,1,1.0,1,600.0,30,2.0,0.15,4.0,auto
2824,627,690,movement,1,1.0,1,600.0,30,2.0,0.15,4.0,auto
2825,627,683,movement,1,1.0,1,600.0,30,2.0,0.15,4.0,auto
2826,627,691,waiting,1,1.0,1,100000.0,30,0.5,0.15,4.0,auto
2827,628,693,movement,1,1.0,1,600.0,30,2.0,0.15,4.0,auto
2828,628,700,movement,1,1.0,1,600.0,30,2.0,0.15,4.0,auto
2829,628,691,movement,1,1.0,1,600.0,30,2.0,0.15,4.0,auto
2830,628,684,movement,1,1.0,1,600.0,30,2.0,0.15,4.0,auto
2831,628,692,waiting,1,1.0,1,100000.0,30,0.5,0.15,4.0,auto
2832,629,694,movement,1,1.0,1,600.0,30,2.0,0.15,4.0,auto
2833,629,701,movement,1,1.0,1,600.0,30,2.0,0.15,4.0,auto
2834,629,692,movement,1,1.0,1,600.0,30,2.0,0.15,4.0,auto
2835,629,685,movement,1,1.0,1,600.0,30,2.0,0.15,4.0,auto
2836,629,693,waiting,1,1.0,1,100000.0,30,0.5,0.15,4.0,auto
2837,630,695,movement,1,1.0,1,600.0,30,2.0,0.15,4.0,auto
2838,630,702,movement,1,1.0,1,600.0,30,2.0,0.15,4.0,auto
2839,630,693,movement,1,1.0,1,600.0,30,2.0,0.15,4.0,auto
2840,630,686,movement,1,1.0,1,600.0,30,2.0,0.15,4.0,auto
2841,630,694,waiting,1,1.0,1,100000.0,30,0.5,0.15,4.0,auto
2842,631,696,movement,1,1.0,1,600.0,30,2.0,0.15,4.0,auto
2843,631,703,movement,1,1.0,1,600.0,30,2.0,0.15,4.0,auto
2844,631,694,movement,1,1.0,1,600.0,30,2.0,0.15,4.0,auto
2845,631,687,movement,1,1.0,1,600.0,30,2.0,0.15,4.0,auto
2846,631,695,waiting,1,1.0,1,100000.0,30,0.5,0.15,4.0,auto
2847,632,704,movement,1,1.0,1,600.0,30,2.0,0.15,4.0,auto
2848,632,695,movement,1,1.0,1,600.0,30,2.0,0.15,4.0,auto
2849,632,688,movement,1,1.0,1,600.0,30,2.0,0.15,4.0,auto
2850,632,696,waiting,1,1.0,1,100000.0,30,0.5,0.15,4.0,auto
2851,633,698,movement,1,1.0,1,600.0,30,2.0,0.15,4.0,auto
2852,633,689,movement,1,1.0,1,600.0,30,2.0,0.15,4.0,auto
2853,633,697,waiting,1,1.0,1,100000.0,30,0.5,0.15,4.0,auto
2854,634,699,movement,1,1.0,1,600.0,30,2.0,0.15,4.0,auto
2855,634,697,movement,1,1.0,1,600.0,30,2.0,0.15,4.0,auto
2856,634,690,movement,1,1.0,1,600.0,30,2.0,0.15,4.0,auto
2857,634,698,waiting,1,1.0,1,100000.0,30,0.5,0.15,4.0,auto
2858,635,700,movement,1,1.0,1,600.0,30,2.0,0.15,4.0,auto
2859,635,698,movement,1,1.0,1,600.0,30,2.0,0.15,4.0,auto
2860,635,691,movement,1,1.0,1,600.0,30,2.0,0.15,4.0,auto
2861,635,699,waiting,1,1.0,1,100000.0,30,0.5,0.15,4.0,auto
2862,636,701,movement,1,1.0,1,600.0,30,2.0,0.15,4.0,auto
2863,636,699,movement,1,1.0,1,600.0,30,2.0,0.15,4.0,auto
2864,636,692,movement,1,1.0,1,600.0,30,2.0,0.15,4.0,auto
2865,636,700,waiting,1,1.0,1,100000.0,30,0.5,0.15,4.0,auto
2866,637,702,movement,1,1.0,1,600.0,30,2.0,0.15,4.0,auto
2867,637,700,movement,1,1.0,1,600.0,30,2.0,0.15,4.0,auto
2868,637,693,movement,1,1.0,1,600.0,30,2.0,0.15,4.0,auto
2869,637,701,waiting,1,1.0,1,100000.0,30,0.5,0.15,4.0,auto
2870,638,703,movement,1,1.0,1,600.0,30,2.0,0.15,4.0,auto
2871,638,701,movement,1,1.0,1,600.0,30,2.0,0.15,4.0,auto
2872,638,694,movement,1,1.0,1,600.0,30,2.0,0.15,4.0,auto
2873,638,702,waiting,1,1.0,1,100000.0,30,0.5,0.15,4.0,auto
2874,639,704,movement,1,1.0,1,600.0,30,2.0,0.15,4.0,auto
2875,639,702,movement,1,1.0,1,600.0,30,2.0,0.15,4.0,auto
2876,639,695,movement,1,1.0,1,600.0,30,2.0,0.15,4.0,auto
2877,639,703,waiting,1,1.0,1,100000.0,30,0.5,0.15,4.0,auto
2878,640,703,movement,1,1.0,1,600.0,30,2.0,0.15,4.0,auto
2879,640,696,movement,1,1.0,1,600.0,30,2.0,0.15,4.0,auto
2880,640,704,waiting,1,1.0,1,100000.0,30,0.5,0.15,4.0,auto
2881,641,706,movement,1,1.0,1,600.0,30,2.0,0.15,4.0,auto
2882,641,713,movement,1,1.0,1,600.0,30,2.0,0.15,4.0,auto
2883,641,705,waiting,1,1.0,1,100000.0,30,0.5,0.15,4.0,auto
2884,642,707,movement,1,1.0,1,600.0,30,2.0,0.15,4.0,auto
2885,642,714,movement,1,1.0,1,600.0,30,2.0,0.15,4.0,auto
2886,642,705,movement,1,1.0,1,600.0,30,2.0,0.15,4.0,auto
2887,642,706,waiting,1,1.0,1,100000.0,30,0.5,0.15,4.0,auto
2888,643,708,movement,1,1.0,1,600.0,30,2.0,0.15,4.0,auto
2889,643,715,movement,1,1.0,1,600.0,30,2.0,0.15,4.0,auto
2890,643,706,movement,1,1.0,1,600.0,30,2.0,0.15,4.0,auto
2891,643,707,waiting,1,1.0,1,100000.0,30,0.5,0.15,4.0,auto
2892,644,709,movement,1,1.0,1,600.0,30,2.0,0.15,4.0,auto
2893,644,716,movement,1,1.0,1,600.0,30,2.0,0.15,4.0,auto
2894,644,707,movement,1,1.0,1,600.0,30,2.0,0.15,4.0,auto
2895,644,708,waiting,1,1.0,1,100000.0,30,0.5,0.15,4.0,auto
2896,645,710,movement,1,1.0,1,600.0,30,2.0,0.15,4.0,auto
2897,645,717,movement,1,1.0,1,600.0,30,2.0,0.15,4.0,auto
2898,645,708,movement,1,1.0,1,600.0,30,2.0,0.15,4.0,auto
2899,645,709,waiting,1,1.0,1,100000.0,30,0.5,0.15,4.0,auto
2900,646,711,movement,1,1.0,1,600.0,30,2.0,0.15,4.0,auto
2901,646,718,movement,1,1.0,1,600.0,30,2.0,0.15,4.0,auto
2902,646,709,movement,1,1.0,1,600.0,30,2.0,0.15,4.0,auto
2903,646,710,waiting,1,1.0,1,100000.0,30,0.5,0.15,4.0,auto
2904,647,712,movement,1,1.0,1,600.0,30,2.0,0.15,4.0,auto
2905,647,719,movement,1,1.0,1,600.0,30,2.0,0.15,4.0,auto
2906,647,710,movement,1,1.0,1,600.0,30,2.0,0.15,4.0,auto
2907,647,711,waiting,1,1.0,1,100000.0,30,0.5,0.15,4.0,auto
2908,648,720,movement,1,1.0,1,600.0,30,2.0,0.15,4.0,auto
2909,648,711,movement,1,1.0,1,600.0,30,2.0,0.15,4.0,auto
2910,648,712,waiting,1,1.0,1,100000.0,30,0.5,0.15,4.0,auto
2911,649,714,movement,1,1.0,1,600.0,30,2.0,0.15,4.0,auto
2912,649,721,movement,1,1.0,1,600.0,30,2.0,0.15,4.0,auto
2913,649,705,movement,1,1.0,1,600.0,30,2.0,0.15,4.0,auto
2914,649,713,waiting,1,1.0,1,100000.0,30,0.5,0.15,4.0,auto
2915,650,715,movement,1,1.0,1,600.0,30,2.0,0.15,4.0,auto
2916,650,722,movement,1,1.0,1,600.0,30,2.0,0.15,4.0,auto
2917,650,713,movement,1,1.0,1,600.0,30,2.0,0.15,4.0,auto
2918,650,706,movement,1,1.0,1,600.0,30,2.0,0.15,4.0,auto
2919,650,714,waiting,1,1.0,1,100000.0,30,0.5,0.15,4.0,auto
2920,651,716,movement,1,1.0,1,600.0,30,2.0,0.15,4.0,auto
2921,651,723,movement,1,1.0,1,600.0,30,2.0,0.15,4.0,auto
2922,651,714,movement,1,1.0,1,600.0,30,2.0,0.15,4.0,auto
2923,651,707,movement,1,1.0,1,600.0,30,2.0,0.15,4.0,auto
2924,651,715,waiting,1,1.0,1,100000.0,30,0.5,0.15,4.0,auto
2925,652,717,movement,1,1.0,1,600.0,30,2.0,0.15,4.0,auto
2926,652,724,movement,1,1.0,1,600.0,30,2.0,0.15,4.0,auto
2927,652,715,movement,1,1.0,1,600.0,30,2.0,0.15,4.0,auto
2928,652,708,movement,1,1.0,1,600.0,30,2.0,0.15,4.0,auto
2929,652,716,waiting,1,1.0,1,100000.0,30,0.5,0.15,4.0,auto
2930,653,718,movement,1,1.0,1,600.0,30,2.0,0.15,4.0,auto
2931,653,725,movement,1,1.0,1,600.0,30,2.0,0.15,4.0,auto
2932,653,716,movement,1,1.0,1,600.0,30,2.0,0.15,4.0,auto
2933,653,709,movement,1,1.0,1,600.0,30,2.0,0.15,4.0,auto
2934,653,717,waiting,1,1.0,1,100000.0,30,0.5,0.15,4.0,auto
2935,654,719,movement,1,1.0,1,600.0,30,2.0,0.15,4.0,auto
2936,654,726,movement,1,1.0,1,600.0,30,2.0,0.15,4.0,auto
2937,654,717,movement,1,1.0,1,600.0,30,2.0,0.15,4.0,auto
2938,654,710,movement,1,1.0,1,600.0,30,2.0,0.15,4.0,auto
2939,654,718,waiting,1,1.0,1,100000.0,30,0.5,0.15,4.0,auto
2940,655,720,movement,1,1.0,1,600.0,30,2.0,0.15,4.0,auto
2941,655,727,movement,1,1.0,1,600.0,30,2.0,0.15,4.0,auto
2942,655,718,movement,1,1.0,1,600.0,30,2.0,0.15,4.0,auto
2943,655,711,movement,1,1.0,1,600.0,30,2.0,0.15,4.0,auto
2944,655,719,waiting,1,1.0,1,100000.0,30,0.5,0.15,4.0,auto
2945,656,728,movement,1,1.0,1,600.0,30,2.0,0.15,4.0,auto
2946,656,719,movement,1,1.0,1,600.0,30,2.0,0.15,4.0,auto
2947,656,712,movement,1,1.0,1,600.0,30,2.0,0.15,4.0,auto
2948,656,720,waiting,1,1.0,1,100000.0,30,0.5,0.15,4.0,auto
2949,657,722,movement,1,1.0,1,600.0,30,2.0,0.15,4.0,auto
2950,657,729,movement,1,1.0,1,600.0,30,2.0,0.15,4.0,auto
2951,657,713,movement,1,1.0,1,600.0,30,2.0,0.15,4.0,auto
2952,657,721,waiting,1,1.0,1,100000.0,30,0.5,0.15,4.0,auto
2953,658,723,movement,1,1.0,1,600.0,30,2.0,0.15,4.0,auto
2954,658,730,movement,1,1.0,1,600.0,30,2.0,0.15,4.0,auto
2955,658,721,movement,1,1.0,1,600.0,30,2.0,0.15,4.0,auto
2956,658,714,movement,1,1.0,1,600.0,30,2.0,0.15,4.0,auto
2957,658,722,waiting,1,1.0,1,100000.0,30,0.5,0.15,4.0,auto
2958,659,724,movement,1,1.0,1,600.0,30,2.0,0.15,4.0,auto
2959,659,731,movement,1,1.0,1,600.0,30,2.0,0.15,4.0,auto
2960,659,722,movement,1,1.0,1,600.0,30,2.0,0.15,4.0,auto
2961,659,715,movement,1,1.0,1,600.0,30,2.0,0.15,4.0,auto
2962,659,723,waiting,1,1.0,1,100000.0,30,0.5,0.15,4.0,auto
2963,660,725,movement,1,1.0,1,600.0,30,2.0,0.15,4.0,auto
2964,660,732,movement,1,1.0,1,600.0,30,2.0,0.15,4.0,auto
2965,660,723,movement,1,1.0,1,600.0,30,2.0,0.15,4.0,auto
2966,660,716,movement,1,1.0,1,600.0,30,2.0,0.15,4.0,auto
2967,660,724,waiting,1,1.0,1,100000.0,30,0.5,0.15,4.0,auto
2968,661,726,movement,1,1.0,1,600.0,30,2.0,0.15,4.0,auto
2969,661,733,movement,1,1.0,1,600.0,30,2.0,0.15,4.0,auto
2970,661,724,movement,1,1.0,1,600.0,30,2.0,0.15,4.0,auto
2971,661,717,movement,1,1.0,1,600.0,30,2.0,0.15,4.0,auto
2972,661,725,waiting,1,1.0,1,100000.0,30,0.5,0.15,4.0,auto
2973,662,727,movement,1,1.0,1,600.0,30,2.0,0.15,4.0,auto
2974,662,734,movement,1,1.0,1,600.0,30,2.0,0.15,4.0,auto
2975,662,725,movement,1,1.0,1,600.0,30,2.0,0.15,4.0,auto
2976,662,718,movement,1,1.0,1,600.0,30,2.0,0.15,4.0,auto
2977,662,726,waiting,1,1.0,1,100000.0,30,0.5,0.15,4.0,auto
2978,663,728,movement,1,1.0,1,600.0,30,2.0,0.15,4.0,auto
2979,663,735,movement,1,1.0,1,600.0,30,2.0,0.15,4.0,auto
2980,663,726,movement,1,1.0,1,600.0,30,2.0,0.15,4.0,auto
2981,663,719,movement,1,1.0,1,600.0,30,2.0,0.15,4.0,auto
2982,663,727,waiting,1,1.0,1,100000.0,30,0.5,0.15,4.0,auto
2983,664,736,movement,1,1.0,1,600.0,30,2.0,0.15,4.0,auto
2984,664,727,movement,1,1.0,1,600.0,30,2.0,0.15,4.0,auto
2985,664,720,movement,1,1.0,1,600.0,30,2.0,0.15,4.0,auto
2986,664,728,waiting,1,1.0,1,100000.0,30,0.5,0.15,4.0,auto
2987,665,730,movement,1,1.0,1,600.0,30,2.0,0.15,4.0,auto
2988,665,737,movement,1,1.0,1,600.0,30,2.0,0.15,4.0,auto
2989,665,721,movement,1,1.0,1,600.0,30,2.0,0.15,4.0,auto
2990,665,729,waiting,1,1.0,1,100000.0,30,0.5,0.15,4.0,auto
2991,666,731,movement,1,1.0,1,600.0,30,2.0,0.15,4.0,auto
2992,666,738,movement,1,1.0,1,600.0,30,2.0,0.15,4.0,auto
2993,666,729,movement,1,1.0,1,600.0,30,2.0,0.15,4.0,auto
2994,666,722,movement,1,1.0,1,600.0,30,2.0,0.15,4.0,auto
2995,666,730,waiting,1,1.0,1,100000.0,30,0.5,0.15,4.0,auto
2996,667,732,movement,1,1.0,1,600.0,30,2.0,0.15,4.0,auto
2997,667,739,movement,1,1.0,1,600.0,30,2.0,0.15,4.0,auto
2998,667,730,movement,1,1.0,1,600.0,30,2.0,0.15,4.0,auto
2999,667,723,movement,1,1.0,1,600.0,30,2.0,0.15,4.0,auto
3000,667,731,waiting,1,1.0,1,100000.0,30,0.5,0.15,4.0,auto
3001,668,733,movement,1,1.0,1,600.0,30,2.0,0.15,4.0,auto
3002,668,740,movement,1,1.0,1,600.0,30,2.0,0.15,4.0,auto
3003,668,731,movement,1,1.0,1,600.0,30,2.0,0.15,4.0,auto
3004,668,724,movement,1,1.0,1,600.0,30,2.0,0.15,4.0,auto
3005,668,732,waiting,1,1.0,1,100000.0,30,0.5,0.15,4.0,auto
3006,669,734,movement,1,1.0,1,600.0,30,2.0,0.15,4.0,auto
3007,669,741,movement,1,1.0,1,600.0,30,2.0,0.15,4.0,auto
3008,669,732,movement,1,1.0,1,600.0,30,2.0,0.15,4.0,auto
3009,669,725,movement,1,1.0,1,600.0,30,2.0,0.15,4.0,auto
3010,669,733,waiting,1,1.0,1,100000.0,30,0.5,0.15,4.0,auto
3011,670,735,movement,1,1.0,1,600.0,30,2.0,0.15,4.0,auto
3012,670,742,movement,1,1.0,1,600.0,30,2.0,0.15,4.0,auto
3013,670,733,movement,1,1.0,1,600.0,30,2.0,0.15,4.0,auto
3014,670,726,movement,1,1.0,1,600.0,30,2.0,0.15,4.0,auto
3015,670,734,waiting,1,1.0,1,100000.0,30,0.5,0.15,4.0,auto
3016,671,736,movement,1,1.0,1,600.0,30,2.0,0.15,4.0,auto
3017,671,743,movement,1,1.0,1,600.0,30,2.0,0.15,4.0,auto
3018,671,734,movement,1,1.0,1,600.0,30,2.0,0.15,4.0,auto
3019,671,727,movement,1,1.0,1,600.0,30,2.0,0.15,4.0,auto
3020,671,735,waiting,1,1.0,1,100000.0,30,0.5,0.15,4.0,auto
3021,672,744,movement,1,1.0,1,600.0,30,2.0,0.15,4.0,auto
3022,672,735,movement,1,1.0,1,600.0,30,2.0,0.15,4.0,auto
3023,672,728,movement,1,1.0,1,600.0,30,2.0,0.15,4.0,auto
3024,672,736,waiting,1,1.0,1,100000.0,30,0.5,0.15,4.0,auto
3025,673,738,movement,1,1.0,1,600.0,30,2.0,0.15,4.0,auto
3026,673,745,movement,1,1.0,1,600.0,30,2.0,0.15,4.0,auto
3027,673,729,movement,1,1.0,1,600.0,30,2.0,0.15,4.0,auto
3028,673,737,waiting,1,1.0,1,100000.0,30,0.5,0.15,4.0,auto
3029,674,739,movement,1,1.0,1,600.0,30,2.0,0.15,4.0,auto
3030,674,746,movement,1,1.0,1,600.0,30,2.0,0.15,4.0,auto
3031,674,737,movement,1,1.0,1,600.0,30,2.0,0.15,4.0,auto
3032,674,730,movement,1,1.0,1,600.0,30,2.0,0.15,4.0,auto
3033,674,738,waiting,1,1.0,1,100000.0,30,0.5,0.15,4.0,auto
3034,675,740,movement,1,1.0,1,600.0,30,2.0,0.15,4.0,auto
3035,675,747,movement,1,1.0,1,600.0,30,2.0,0.15,4.0,auto
3036,675,738,movement,1,1.0,1,600.0,30,2.0,0.15,4.0,auto
3037,675,731,movement,1,1.0,1,600.0,30,2.0,0.15,4.0,auto
3038,675,739,waiting,1,1.0,1,100000.0,30,0.5,0.15,4.0,auto
3039,676,741,movement,1,1.0,1,600.0,30,2.0,0.15,4.0,auto
3040,676,748,movement,1,1.0,1,600.0,30,2.0,0.15,4.0,auto
3041,676,739,movement,1,1.0,1,600.0,30,2.0,0.15,4.0,auto
3042,676,732,movement,1,1.0,1,600.0,30,2.0,0.15,4.0,auto
3043,676,740,waiting,1,1.0,1,100000.0,30,0.5,0.15,4.0,auto
3044,677,742,movement,1,1.0,1,600.0,30,2.0,0.15,4.0,auto
3045,677,749,movement,1,1.0,1,600.0,30,2.0,0.15,4.0,auto
3046,677,740,movement,1,1.0,1,600.0,30,2.0,0.15,4.0,auto
3047,677,733,movement,1,1.0,1,600.0,30,2.0,0.15,4.0,auto
3048,677,741,waiting,1,1.0,1,100000.0,30,0.5,0.15,4.0,auto
3049,678,743,movement,1,1.0,1,600.0,30,2.0,0.15,4.0,auto
3050,678,750,movement,1,1.0,1,600.0,30,2.0,0.15,4.0,auto
3051,678,741,movement,1,1.0,1,600.0,30,2.0,0.15,4.0,auto
3052,678,734,movement,1,1.0,1,600.0,30,2.0,0.15,4.0,auto
3053,678,742,waiting,1,1.0,1,100000.0,30,0.5,0.15,4.0,auto
3054,679,744,movement,1,1.0,1,600.0,30,2.0,0.15,4.0,auto
3055,679,751,movement,1,1.0,1,600.0,30,2.0,0.15,4.0,auto
3056,679,742,movement,1,1.0,1,600.0,30,2.0,0.15,4.0,auto
3057,679,735,movement,1,1.0,1,600.0,30,2.0,0.15,4.0,auto
3058,679,743,waiting,1,1.0,1,100000.0,30,0.5,0.15,4.0,auto
3059,680,752,movement,1,1.0,1,600.0,30,2.0,0.15,4.0,auto
3060,680,743,movement,1,1.0,1,600.0,30,2.0,0.15,4.0,auto
3061,680,736,movement,1,1.0,1,600.0,30,2.0,0.15,4.0,auto
3062,680,744,waiting,1,1.0,1,100000.0,30,0.5,0.15,4.0,auto
3063,681,746,movement,1,1.0,1,600.0,30,2.0,0.15,4.0,auto
3064,681,753,movement,1,1.0,1,600.0,30,2.0,0.15,4.0,auto
3065,681,737,movement,1,1.0,1,600.0,30,2.0,0.15,4.0,auto
3066,681,745,waiting,1,1.0,1,100000.0,30,0.5,0.15,4.0,auto
3067,682,747,movement,1,1.0,1,600.0,30,2.0,0.15,4.0,auto
3068,682,754,movement,1,1.0,1,600.0,30,2.0,0.15,4.0,auto
3069,682,745,movement,1,1.0,1,600.0,30,2.0,0.15,4.0,auto
3070,682,738,movement,1,1.0,1,600.0,30,2.0,0.15,4.0,auto
3071,682,746,waiting,1,1.0,1,100000.0,30,0.5,0.15,4.0,auto
3072,683,748,movement,1,1.0,1,600.0,30,2.0,0.15,4.0,auto
3073,683,755,movement,1,1.0,1,600.0,30,2.0,0.15,4.0,auto
3074,683,746,movement,1,1.0,1,600.0,30,2.0,0.15,4.0,auto
3075,683,739,movement,1,1.0,1,600.0,30,2.0,0.15,4.0,auto
3076,683,747,waiting,1,1.0,1,100000.0,30,0.5,0.15,4.0,auto
3077,684,749,movement,1,1.0,1,600.0,30,2.0,0.15,4.0,auto
3078,684,756,movement,1,1.0,1,600.0,30,2.0,0.15,4.0,auto
3079,684,747,movement,1,1.0,1,600.0,30,2.0,0.15,4.0,auto
3080,684,740,movement,1,1.0,1,600.0,30,2.0,0.15,4.0,auto
3081,684,748,waiting,1,1.0,1,100000.0,30,0.5,0.15,4.0,auto
3082,685,750,movement,1,1.0,1,600.0,30,2.0,0.15,4.0,auto
3083,685,757,movement,1,1.0,1,600.0,30,2.0,0.15,4.0,auto
3084,685,748,movement,1,1.0,1,600.0,30,2.0,0.15,4.0,auto
3085,685,741,movement,1,1.0,1,600.0,30,2.0,0.15,4.0,auto
3086,685,749,waiting,1,1.0,1,100000.0,30,0.5,0.15,4.0,auto
3087,686,751,movement,1,1.0,1,600.0,30,2.0,0.15,4.0,auto
3088,686,758,movement,1,1.0,1,600.0,30,2.0,0.15,4.0,auto
3089,686,749,movement,1,1.0,1,600.0,30,2.0,0.15,4.0,auto
3090,686,742,movement,1,1.0,1,600.0,30,2.0,0.15,4.0,auto
3091,686,750,waiting,1,1.0,1,100000.0,30,0.5,0.15,4.0,auto
3092,687,752,movement,1,1.0,1,600.0,30,2.0,0.15,4.0,auto
3093,687,759,movement,1,1.0,1,600.0,30,2.0,0.15,4.0,auto
3094,687,750,movement,1,1.0,1,600.0,30,2.0,0.15,4.0,auto
3095,687,743,movement,1,1.0,1,600.0,30,2.0,0.15,4.0,auto
3096,687,751,waiting,1,1.0,1,100000.0,30,0.5,0.15,4.0,auto
3097,688,760,movement,1,1.0,1,600.0,30,2.0,0.15,4.0,auto
3098,688,751,movement,1,1.0,1,600.0,30,2.0,0.15,4.0,auto
3099,688,744,movement,1,1.0,1,600.0,30,2.0,0.15,4.0,auto
3100,688,752,waiting,1,1.0,1,100000.0,30,0.5,0.15,4.0,auto
3101,689,754,movement,1,1.0,1,600.0,30,2.0,0.15,4.0,auto
3102,689,761,movement,1,1.0,1,600.0,30,2.0,0.15,4.0,auto
3103,689,745,movement,1,1.0,1,600.0,30,2.0,0.15,4.0,auto
3104,689,753,waiting,1,1.0,1,100000.0,30,0.5,0.15,4.0,auto
3105,690,755,movement,1,1.0,1,600.0,30,2.0,0.15,4.0,auto
3106,690,762,movement,1,1.0,1,600.0,30,2.0,0.15,4.0,auto
3107,690,753,movement,1,1.0,1,600.0,30,2.0,0.15,4.0,auto
3108,690,746,movement,1,1.0,1,600.0,30,2.0,0.15,4.0,auto
3109,690,754,waiting,1,1.0,1,100000.0,30,0.5,0.15,4.0,auto
3110,691,756,movement,1,1.0,1,600.0,30,2.0,0.15,4.0,auto
3111,691,763,movement,1,1.0,1,600.0,30,2.0,0.15,4.0,auto
3112,691,754,movement,1,1.0,1,600.0,30,2.0,0.15,4.0,auto
3113,691,747,movement,1,1.0,1,600.0,30,2.0,0.15,4.0,auto
3114,691,755,waiting,1,1.0,1,100000.0,30,0.5,0.15,4.0,auto
3115,692,757,movement,1,1.0,1,600.0,30,2.0,0.15,4.0,auto
3116,692,764,movement,1,1.0,1,600.0,30,2.0,0.15,4.0,auto
3117,692,755,movement,1,1.0,1,600.0,30,2.0,0.15,4.0,auto
3118,692,748,movement,1,1.0,1,600.0,30,2.0,0.15,4.0,auto
3119,692,756,waiting,1,1.0,1,100000.0,30,0.5,0.15,4.0,auto
3120,693,758,movement,1,1.0,1,600.0,30,2.0,0.15,4.0,auto
3121,693,765,movement,1,1.0,1,600.0,30,2.0,0.15,4.0,auto
3122,693,756,movement,1,1.0,1,600.0,30,2.0,0.15,4.0,auto
3123,693,749,movement,1,1.0,1,600.0,30,2.0,0.15,4.0,auto
3124,693,757,waiting,1,1.0,1,100000.0,30,0.5,0.15,4.0,auto
3125,694,759,movement,1,1.0,1,600.0,30,2.0,0.15,4.0,auto
3126,694,766,movement,1,1.0,1,600.0,30,2.0,0.15,4.0,auto
3127,694,757,movement,1,1.0,1,600.0,30,2.0,0.15,4.0,auto
3128,694,750,movement,1,1.0,1,600.0,30,2.0,0.15,4.0,auto
3129,694,758,waiting,1,1.0,1,100000.0,30,0.5,0.15,4.0,auto
3130,695,760,movement,1,1.0,1,600.0,30,2.0,0.15,4.0,auto
3131,695,767,movement,1,1.0,1,600.0,30,2.0,0.15,4.0,auto
3132,695,758,movement,1,1.0,1,600.0,30,2.0,0.15,4.0,auto
3133,695,751,movement,1,1.0,1,600.0,30,2.0,0.15,4.0,auto
3134,695,759,waiting,1,1.0,1,100000.0,30,0.5,0.15,4.0,auto
3135,696,768,movement,1,1.0,1,600.0,30,2.0,0.15,4.0,auto
3136,696,759,movement,1,1.0,1,600.0,30,2.0,0.15,4.0,auto
3137,696,752,movement,1,1.0,1,600.0,30,2.0,0.15,4.0,auto
3138,696,760,waiting,1,1.0,1,100000.0,30,0.5,0.15,4.0,auto
3139,697,762,movement,1,1.0,1,600.0,30,2.0,0.15,4.0,auto
3140,697,753,movement,1,1.0,1,600.0,30,2.0,0.15,4.0,auto
3141,697,761,waiting,1,1.0,1,100000.0,30,0.5,0.15,4.0,auto
3142,698,763,movement,1,1.0,1,600.0,30,2.0,0.15,4.0,auto
3143,698,761,movement,1,1.0,1,600.0,30,2.0,0.15,4.0,auto
3144,698,754,movement,1,1.0,1,600.0,30,2.0,0.15,4.0,auto
3145,698,762,waiting,1,1.0,1,100000.0,30,0.5,0.15,4.0,auto
3146,699,764,movement,1,1.0,1,600.0,30,2.0,0.15,4.0,auto
3147,699,762,movement,1,1.0,1,600.0,30,2.0,0.15,4.0,auto
3148,699,755,movement,1,1.0,1,600.0,30,2.0,0.15,4.0,auto
3149,699,763,waiting,1,1.0,1,100000.0,30,0.5,0.15,4.0,auto
3150,700,765,movement,1,1.0,1,600.0,30,2.0,0.15,4.0,auto
3151,700,763,movement,1,1.0,1,600.0,30,2.0,0.15,4.0,auto
3152,700,756,movement,1,1.0,1,600.0,30,2.0,0.15,4.0,auto
3153,700,764,waiting,1,1.0,1,100000.0,30,0.5,0.15,4.0,auto
3154,701,766,movement,1,1.0,1,600.0,30,2.0,0.15,4.0,auto
3155,701,764,movement,1,1.0,1,600.0,30,2.0,0.15,4.0,auto
3156,701,757,movement,1,1.0,1,600.0,30,2.0,0.15,4.0,auto
3157,701,765,waiting,1,1.0,1,100000.0,30,0.5,0.15,4.0,auto
3158,702,767,movement,1,1.0,1,600.0,30,2.0,0.15,4.0,auto
3159,702,765,movement,1,1.0,1,600.0,30,2.0,0.15,4.0,auto
3160,702,758,movement,1,1.0,1,600.0,30,2.0,0.15,4.0,auto
3161,702,766,waiting,1,1.0,1,100000.0,30,0.5,0.15,4.0,auto
3162,703,768,movement,1,1.0,1,600.0,30,2.0,0.15,4.0,auto
3163,703,766,movement,1,1.0,1,600.0,30,2.0,0.15,4.0,auto
3164,703,759,movement,1,1.0,1,600.0,30,2.0,0.15,4.0,auto
3165,703,767,waiting,1,1.0,1,100000.0,30,0.5,0.15,4.0,auto
3166,704,767,movement,1,1.0,1,600.0,30,2.0,0.15,4.0,auto
3167,704,760,movement,1,1.0,1,600.0,30,2.0,0.15,4.0,auto
3168,704,768,waiting,1,1.0,1,100000.0,30,0.5,0.15,4.0,auto
3169,705,770,movement,1,1.0,1,600.0,30,2.0,0.15,4.0,auto
3170,705,777,movement,1,1.0,1,600.0,30,2.0,0.15,4.0,auto
3171,705,769,waiting,1,1.0,1,100000.0,30,0.5,0.15,4.0,auto
3172,706,771,movement,1,1.0,1,600.0,30,2.0,0.15,4.0,auto
3173,706,778,movement,1,1.0,1,600.0,30,2.0,0.15,4.0,auto
3174,706,769,movement,1,1.0,1,600.0,30,2.0,0.15,4.0,auto
3175,706,770,waiting,1,1.0,1,100000.0,30,0.5,0.15,4.0,auto
3176,707,772,movement,1,1.0,1,600.0,30,2.0,0.15,4.0,auto
3177,707,779,movement,1,1.0,1,600.0,30,2.0,0.15,4.0,auto
3178,707,770,movement,1,1.0,1,600.0,30,2.0,0.15,4.0,auto
3179,707,771,waiting,1,1.0,1,100000.0,30,0.5,0.15,4.0,auto
3180,708,773,movement,1,1.0,1,600.0,30,2.0,0.15,4.0,auto
3181,708,780,movement,1,1.0,1,600.0,30,2.0,0.15,4.0,auto
3182,708,771,movement,1,1.0,1,600.0,30,2.0,0.15,4.0,auto
3183,708,772,waiting,1,1.0,1,100000.0,30,0.5,0.15,4.0,auto
3184,709,774,movement,1,1.0,1,600.0,30,2.0,0.15,4.0,auto
3185,709,781,movement,1,1.0,1,600.0,30,2.0,0.15,4.0,auto
3186,709,772,movement,1,1.0,1,600.0,30,2.0,0.15,4.0,auto
3187,709,773,waiting,1,1.0,1,100000.0,30,0.5,0.15,4.0,auto
3188,710,775,movement,1,1.0,1,600.0,30,2.0,0.15,4.0,auto
3189,710,782,movement,1,1.0,1,600.0,30,2.0,0.15,4.0,auto
3190,710,773,movement,1,1.0,1,600.0,30,2.0,0.15,4.0,auto
3191,710,774,waiting,1,1.0,1,100000.0,30,0.5,0.15,4.0,auto
3192,711,776,movement,1,1.0,1,600.0,30,2.0,0.15,4.0,auto
3193,711,783,movement,1,1.0,1,600.0,30,2.0,0.15,4.0,auto
3194,711,774,movement,1,1.0,1,600.0,30,2.0,0.15,4.0,auto
3195,711,775,waiting,1,1.0,1,100000.0,30,0.5,0.15,4.0,auto
3196,712,784,movement,1,1.0,1,600.0,30,2.0,0.15,4.0,auto
3197,712,775,movement,1,1.0,1,600.0,30,2.0,0.15,4.0,auto
3198,712,776,waiting,1,1.0,1,100000.0,30,0.5,0.15,4.0,auto
3199,713,778,movement,1,1.0,1,600.0,30,2.0,0.15,4.0,auto
3200,713,785,movement,1,1.0,1,600.0,30,2.0,0.15,4.0,auto
3201,713,769,movement,1,1.0,1,600.0,30,2.0,0.15,4.0,auto
3202,713,777,waiting,1,1.0,1,100000.0,30,0.5,0.15,4.0,auto
3203,714,779,movement,1,1.0,1,600.0,30,2.0,0.15,4.0,auto
3204,714,786,movement,1,1.0,1,600.0,30,2.0,0.15,4.0,auto
3205,714,777,movement,1,1.0,1,600.0,30,2.0,0.15,4.0,auto
3206,714,770,movement,1,1.0,1,600.0,30,2.0,0.15,4.0,auto
3207,714,778,waiting,1,1.0,1,100000.0,30,0.5,0.15,4.0,auto
3208,715,780,movement,1,1.0,1,600.0,30,2.0,0.15,4.0,auto
3209,715,787,movement,1,1.0,1,600.0,30,2.0,0.15,4.0,auto
3210,715,778,movement,1,1.0,1,600.0,30,2.0,0.15,4.0,auto
3211,715,771,movement,1,1.0,1,600.0,30,2.0,0.15,4.0,auto
3212,715,779,waiting,1,1.0,1,100000.0,30,0.5,0.15,4.0,auto
3213,716,781,movement,1,1.0,1,600.0,30,2.0,0.15,4.0,auto
3214,716,788,movement,1,1.0,1,600.0,30,2.0,0.15,4.0,auto
3215,716,779,movement,1,1.0,1,600.0,30,2.0,0.15,4.0,auto
3216,716,772,movement,1,1.0,1,600.0,30,2.0,0.15,4.0,auto
3217,716,780,waiting,1,1.0,1,100000.0,30,0.5,0.15,4.0,auto
3218,717,782,movement,1,1.0,1,600.0,30,2.0,0.15,4.0,auto
3219,717,789,movement,1,1.0,1,600.0,30,2.0,0.15,4.0,auto
3220,717,780,movement,1,1.0,1,600.0,30,2.0,0.15,4.0,auto
3221,717,773,movement,1,1.0,1,600.0,30,2.0,0.15,4.0,auto
3222,717,781,waiting,1,1.0,1,100000.0,30,0.5,0.15,4.0,auto
3223,718,783,movement,1,1.0,1,600.0,30,2.0,0.15,4.0,auto
3224,718,790,movement,1,1.0,1,600.0,30,2.0,0.15,4.0,auto
3225,718,781,movement,1,1.0,1,600.0,30,2.0,0.15,4.0,auto
3226,718,774,movement,1,1.0,1,600.0,30,2.0,0.15,4.0,auto
3227,718,782,waiting,1,1.0,1,100000.0,30,0.5,0.15,4.0,auto
3228,719,784,movement,1,1.0,1,600.0,30,2.0,0.15,4.0,auto
3229,719,791,movement,1,1.0,1,600.0,30,2.0,0.15,4.0,auto
3230,719,782,movement,1,1.0,1,600.0,30,2.0,0.15,4.0,auto
3231,719,775,movement,1,1.0,1,600.0,30,2.0,0.15,4.0,auto
3232,719,783,waiting,1,1.0,1,100000.0,30,0.5,0.15,4.0,auto
3233,720,792,movement,1,1.0,1,600.0,30,2.0,0.15,4.0,auto
3234,720,783,movement,1,1.0,1,600.0,30,2.0,0.15,4.0,auto
3235,720,776,movement,1,1.0,1,600.0,30,2.0,0.15,4.0,auto
3236,720,784,waiting,1,1.0,1,100000.0,30,0.5,0.15,4.0,auto
3237,721,786,movement,1,1.0,1,600.0,30,2.0,0.15,4.0,auto
3238,721,793,movement,1,1.0,1,600.0,30,2.0,0.15,4.0,auto
3239,721,777,movement,1,1.0,1,600.0,30,2.0,0.15,4.0,auto
3240,721,785,waiting,1,1.0,1,100000.0,30,0.5,0.15,4.0,auto
3241,722,787,movement,1,1.0,1,600.0,30,2.0,0.15,4.0,auto
3242,722,794,movement,1,1.0,1,600.0,30,2.0,0.15,4.0,auto
3243,722,785,movement,1,1.0,1,600.0,30,2.0,0.15,4.0,auto
3244,722,778,movement,1,1.0,1,600.0,30,2.0,0.15,4.0,auto
3245,722,786,waiting,1,1.0,1,100000.0,30,0.5,0.15,4.0,auto
3246,723,788,movement,1,1.0,1,600.0,30,2.0,0.15,4.0,auto
3247,723,795,movement,1,1.0,1,600.0,30,2.0,0.15,4.0,auto
3248,723,786,movement,1,1.0,1,600.0,30,2.0,0.15,4.0,auto
3249,723,779,movement,1,1.0,1,600.0,30,2.0,0.15,4.0,auto
3250,723,787,waiting,1,1.0,1,100000.0,30,0.5,0.15,4.0,auto
3251,724,789,movement,1,1.0,1,600.0,30,2.0,0.15,4.0,auto
3252,724,796,movement,1,1.0,1,600.0,30,2.0,0.15,4.0,auto
3253,724,787,movement,1,1.0,1,600.0,30,2.0,0.15,4.0,auto
3254,724,780,movement,1,1.0,1,600.0,30,2.0,0.15,4.0,auto
3255,724,788,waiting,1,1.0,1,100000.0,30,0.5,0.15,4.0,auto
3256,725,790,movement,1,1.0,1,600.0,30,2.0,0.15,4.0,auto
3257,725,797,movement,1,1.0,1,600.0,30,2.0,0.15,4.0,auto
3258,725,788,movement,1,1.0,1,600.0,30,2.0,0.15,4.0,auto
3259,725,781,movement,1,1.0,1,600.0,30,2.0,0.15,4.0,auto
3260,725,789,waiting,1,1.0,1,100000.0,30,0.5,0.15,4.0,auto
3261,726,791,movement,1,1.0,1,600.0,30,2.0,0.15,4.0,auto
3262,726,798,movement,1,1.0,1,600.0,30,2.0,0.15,4.0,auto
3263,726,789,movement,1,1.0,1,600.0,30,2.0,0.15,4.0,auto
3264,726,782,movement,1,1.0,1,600.0,30,2.0,0.15,4.0,auto
3265,726,790,waiting,1,1.0,1,100000.0,30,0.5,0.15,4.0,auto
3266,727,792,movement,1,1.0,1,600.0,30,2.0,0.15,4.0,auto
3267,727,799,movement,1,1.0,1,600.0,30,2.0,0.15,4.0,auto
3268,727,790,movement,1,1.0,1,600.0,30,2.0,0.15,4.0,auto
3269,727,783,movement,1,1.0,1,600.0,30,2.0,0.15,4.0,auto
3270,727,791,waiting,1,1.0,1,100000.0,30,0.5,0.15,4.0,auto
3271,728,800,movement,1,1.0,1,600.0,30,2.0,0.15,4.0,auto
3272,728,791,movement,1,1.0,1,600.0,30,2.0,0.15,4.0,auto
3273,728,784,movement,1,1.0,1,600.0,30,2.0,0.15,4.0,auto
3274,728,792,waiting,1,1.0,1,100000.0,30,0.5,0.15,4.0,auto
3275,729,794,movement,1,1.0,1,600.0,30,2.0,0.15,4.0,auto
3276,729,801,movement,1,1.0,1,600.0,30,2.0,0.15,4.0,auto
3277,729,785,movement,1,1.0,1,600.0,30,2.0,0.15,4.0,auto
3278,729,793,waiting,1,1.0,1,100000.0,30,0.5,0.15,4.0,auto
3279,730,795,movement,1,1.0,1,600.0,30,2.0,0.15,4.0,auto
3280,730,802,movement,1,1.0,1,600.0,30,2.0,0.15,4.0,auto
3281,730,793,movement,1,1.0,1,600.0,30,2.0,0.15,4.0,auto
3282,730,786,movement,1,1.0,1,600.0,30,2.0,0.15,4.0,auto
3283,730,794,waiting,1,1.0,1,100000.0,30,0.5,0.15,4.0,auto
3284,731,796,movement,1,1.0,1,600.0,30,2.0,0.15,4.0,auto
3285,731,803,movement,1,1.0,1,600.0,30,2.0,0.15,4.0,auto
3286,731,794,movement,1,1.0,1,600.0,30,2.0,0.15,4.0,auto
3287,731,787,movement,1,1.0,1,600.0,30,2.0,0.15,4.0,auto
3288,731,795,waiting,1,1.0,1,100000.0,30,0.5,0.15,4.0,auto
3289,732,797,movement,1,1.0,1,600.0,30,2.0,0.15,4.0,auto
3290,732,804,movement,1,1.0,1,600.0,30,2.0,0.15,4.0,auto
3291,732,795,movement,1,1.0,1,600.0,30,2.0,0.15,4.0,auto
3292,732,788,movement,1,1.0,1,600.0,30,2.0,0.15,4.0,auto
3293,732,796,waiting,1,1.0,1,100000.0,30,0.5,0.15,4.0,auto
3294,733,798,movement,1,1.0,1,600.0,30,2.0,0.15,4.0,auto
3295,733,805,movement,1,1.0,1,600.0,30,2.0,0.15,4.0,auto
3296,733,796,movement,1,1.0,1,600.0,30,2.0,0.15,4.0,auto
3297,733,789,movement,1,1.0,1,600.0,30,2.0,0.15,4.0,auto
3298,733,797,waiting,1,1.0,1,100000.0,30,0.5,0.15,4.0,auto
3299,734,799,movement,1,1.0,1,600.0,30,2.0,0.15,4.0,auto
3300,734,806,movement,1,1.0,1,600.0,30,2.0,0.15,4.0,auto
3301,734,797,movement,1,1.0,1,600.0,30,2.0,0.15,4.0,auto
3302,734,790,movement,1,1.0,1,600.0,30,2.0,0.15,4.0,auto
3303,734,798,waiting,1,1.0,1,100000.0,30,0.5,0.15,4.0,auto
3304,735,800,movement,1,1.0,1,600.0,30,2.0,0.15,4.0,auto
3305,735,807,movement,1,1.0,1,600.0,30,2.0,0.15,4.0,auto
3306,735,798,movement,1,1.0,1,600.0,30,2.0,0.15,4.0,auto
3307,735,791,movement,1,1.0,1,600.0,30,2.0,0.15,4.0,auto
3308,735,799,waiting,1,1.0,1,100000.0,30,0.5,0.15,4.0,auto
3309,736,808,movement,1,1.0,1,600.0,30,2.0,0.15,4.0,auto
3310,736,799,movement,1,1.0,1,600.0,30,2.0,0.15,4.0,auto
3311,736,792,movement,1,1.0,1,600.0,30,2.0,0.15,4.0,auto
3312,736,800,waiting,1,1.0,1,100000.0,30,0.5,0.15,4.0,auto
3313,737,802,movement,1,1.0,1,600.0,30,2.0,0.15,4.0,auto
3314,737,809,movement,1,1.0,1,600.0,30,2.0,0.15,4.0,auto
3315,737,793,movement,1,1.0,1,600.0,30,2.0,0.15,4.0,auto
3316,737,801,waiting,1,1.0,1,100000.0,30,0.5,0.15,4.0,auto
3317,738,803,movement,1,1.0,1,600.0,30,2.0,0.15,4.0,auto
3318,738,810,movement,1,1.0,1,600.0,30,2.0,0.15,4.0,auto
3319,738,801,movement,1,1.0,1,600.0,30,2.0,0.15,4.0,auto
3320,738,794,movement,1,1.0,1,600.0,30,2.0,0.15,4.0,auto
3321,738,802,waiting,1,1.0,1,100000.0,30,0.5,0.15,4.0,auto
3322,739,804,movement,1,1.0,1,600.0,30,2.0,0.15,4.0,auto
3323,739,811,movement,1,1.0,1,600.0,30,2.0,0.15,4.0,auto
3324,739,802,movement,1,1.0,1,600.0,30,2.0,0.15,4.0,auto
3325,739,795,movement,1,1.0,1,600.0,30,2.0,0.15,4.0,auto
3326,739,803,waiting,1,1.0,1,100000.0,30,0.5,0.15,4.0,auto
3327,740,805,movement,1,1.0,1,600.0,30,2.0,0.15,4.0,auto
3328,740,812,movement,1,1.0,1,600.0,30,2.0,0.15,4.0,auto
3329,740,803,movement,1,1.0,1,600.0,30,2.0,0.15,4.0,auto
3330,740,796,movement,1,1.0,1,600.0,30,2.0,0.15,4.0,auto
3331,740,804,waiting,1,1.0,1,100000.0,30,0.5,0.15,4.0,auto
3332,741,806,movement,1,1.0,1,600.0,30,2.0,0.15,4.0,auto
3333,741,813,movement,1,1.0,1,600.0,30,2.0,0.15,4.0,auto
3334,741,804,movement,1,1.0,1,600.0,30,2.0,0.15,4.0,auto
3335,741,797,movement,1,1.0,1,600.0,30,2.0,0.15,4.0,auto
3336,741,805,waiting,1,1.0,1,100000.0,30,0.5,0.15,4.0,auto
3337,742,807,movement,1,1.0,1,600.0,30,2.0,0.15,4.0,auto
3338,742,814,movement,1,1.0,1,600.0,30,2.0,0.15,4.0,auto
3339,742,805,movement,1,1.0,1,600.0,30,2.0,0.15,4.0,auto
3340,742,798,movement,1,1.0,1,600.0,30,2.0,0.15,4.0,auto
3341,742,806,waiting,1,1.0,1,100000.0,30,0.5,0.15,4.0,auto
3342,743,808,movement,1,1.0,1,600.0,30,2.0,0.15,4.0,auto
3343,743,815,movement,1,1.0,1,600.0,30,2.0,0.15,4.0,auto
3344,743,806,movement,1,1.0,1,600.0,30,2.0,0.15,4.0,auto
3345,743,799,movement,1,1.0,1,600.0,30,2.0,0.15,4.0,auto
3346,743,807,waiting,1,1.0,1,100000.0,30,0.5,0.15,4.0,auto
3347,744,816,movement,1,1.0,1,600.0,30,2.0,0.15,4.0,auto
3348,744,807,movement,1,1.0,1,600.0,30,2.0,0.15,4.0,auto
3349,744,800,movement,1,1.0,1,600.0,30,2.0,0.15,4.0,auto
3350,744,808,waiting,1,1.0,1,100000.0,30,0.5,0.15,4.0,auto
3351,745,810,movement,1,1.0,1,600.0,30,2.0,0.15,4.0,auto
3352,745,817,movement,1,1.0,1,600.0,30,2.0,0.15,4.0,auto
3353,745,801,movement,1,1.0,1,600.0,30,2.0,0.15,4.0,auto
3354,745,809,waiting,1,1.0,1,100000.0,30,0.5,0.15,4.0,auto
3355,746,811,movement,1,1.0,1,600.0,30,2.0,0.15,4.0,auto
3356,746,818,movement,1,1.0,1,600.0,30,2.0,0.15,4.0,auto
3357,746,809,movement,1,1.0,1,600.0,30,2.0,0.15,4.0,auto
3358,746,802,movement,1,1.0,1,600.0,30,2.0,0.15,4.0,auto
3359,746,810,waiting,1,1.0,1,100000.0,30,0.5,0.15,4.0,auto
3360,747,812,movement,1,1.0,1,600.0,30,2.0,0.15,4.0,auto
3361,747,819,movement,1,1.0,1,600.0,30,2.0,0.15,4.0,auto
3362,747,810,movement,1,1.0,1,600.0,30,2.0,0.15,4.0,auto
3363,747,803,movement,1,1.0,1,600.0,30,2.0,0.15,4.0,auto
3364,747,811,waiting,1,1.0,1,100000.0,30,0.5,0.15,4.0,auto
3365,748,813,movement,1,1.0,1,600.0,30,2.0,0.15,4.0,auto
3366,748,820,movement,1,1.0,1,600.0,30,2.0,0.15,4.0,auto
3367,748,811,movement,1,1.0,1,600.0,30,2.0,0.15,4.0,auto
3368,748,804,movement,1,1.0,1,600.0,30,2.0,0.15,4.0,auto
3369,748,812,waiting,1,1.0,1,100000.0,30,0.5,0.15,4.0,auto
3370,749,814,movement,1,1.0,1,600.0,30,2.0,0.15,4.0,auto
3371,749,821,movement,1,1.0,1,600.0,30,2.0,0.15,4.0,auto
3372,749,812,movement,1,1.0,1,600.0,30,2.0,0.15,4.0,auto
3373,749,805,movement,1,1.0,1,600.0,30,2.0,0.15,4.0,auto
3374,749,813,waiting,1,1.0,1,100000.0,30,0.5,0.15,4.0,auto
3375,750,815,movement,1,1.0,1,600.0,30,2.0,0.15,4.0,auto
3376,750,822,movement,1,1.0,1,600.0,30,2.0,0.15,4.0,auto
3377,750,813,movement,1,1.0,1,600.0,30,2.0,0.15,4.0,auto
3378,750,806,movement,1,1.0,1,600.0,30,2.0,0.15,4.0,auto
3379,750,814,waiting,1,1.0,1,100000.0,30,0.5,0.15,4.0,auto
3380,751,816,movement,1,1.0,1,600.0,30,2.0,0.15,4.0,auto
3381,751,823,movement,1,1.0,1,600.0,30,2.0,0.15,4.0,auto
3382,751,814,movement,1,1.0,1,600.0,30,2.0,0.15,4.0,auto
3383,751,807,movement,1,1.0,1,600.0,30,2.0,0.15,4.0,auto
3384,751,815,waiting,1,1.0,1,100000.0,30,0.5,0.15,4.0,auto
3385,752,824,movement,1,1.0,1,600.0,30,2.0,0.15,4.0,auto
3386,752,815,movement,1,1.0,1,600.0,30,2.0,0.15,4.0,auto
3387,752,808,movement,1,1.0,1,600.0,30,2.0,0.15,4.0,auto
3388,752,816,waiting,1,1.0,1,100000.0,30,0.5,0.15,4.0,auto
3389,753,818,movement,1,1.0,1,600.0,30,2.0,0.15,4.0,auto
3390,753,825,movement,1,1.0,1,600.0,30,2.0,0.15,4.0,auto
3391,753,809,movement,1,1.0,1,600.0,30,2.0,0.15,4.0,auto
3392,753,817,waiting,1,1.0,1,100000.0,30,0.5,0.15,4.0,auto
3393,754,819,movement,1,1.0,1,600.0,30,2.0,0.15,4.0,auto
3394,754,826,movement,1,1.0,1,600.0,30,2.0,0.15,4.0,auto
3395,754,817,movement,1,1.0,1,600.0,30,2.0,0.15,4.0,auto
3396,754,810,movement,1,1.0,1,600.0,30,2.0,0.15,4.0,auto
3397,754,818,waiting,1,1.0,1,100000.0,30,0.5,0.15,4.0,auto
3398,755,820,movement,1,1.0,1,600.0,30,2.0,0.15,4.0,auto
3399,755,827,movement,1,1.0,1,600.0,30,2.0,0.15,4.0,auto
3400,755,818,movement,1,1.0,1,600.0,30,2.0,0.15,4.0,auto
3401,755,811,movement,1,1.0,1,600.0,30,2.0,0.15,4.0,auto
3402,755,819,waiting,1,1.0,1,100000.0,30,0.5,0.15,4.0,auto
3403,756,821,movement,1,1.0,1,600.0,30,2.0,0.15,4.0,auto
3404,756,828,movement,1,1.0,1,600.0,30,2.0,0.15,4.0,auto
3405,756,819,movement,1,1.0,1,600.0,30,2.0,0.15,4.0,auto
3406,756,812,movement,1,1.0,1,600.0,30,2.0,0.15,4.0,auto
3407,756,820,waiting,1,1.0,1,100000.0,30,0.5,0.15,4.0,auto
3408,757,822,movement,1,1.0,1,600.0,30,2.0,0.15,4.0,auto
3409,757,829,movement,1,1.0,1,600.0,30,2.0,0.15,4.0,auto
3410,757,820,movement,1,1.0,1,600.0,30,2.0,0.15,4.0,auto
3411,757,813,movement,1,1.0,1,600.0,30,2.0,0.15,4.0,auto
3412,757,821,waiting,1,1.0,1,100000.0,30,0.5,0.15,4.0,auto
3413,758,823,movement,1,1.0,1,600.0,30,2.0,0.15,4.0,auto
3414,758,830,movement,1,1.0,1,600.0,30,2.0,0.15,4.0,auto
3415,758,821,movement,1,1.0,1,600.0,30,2.0,0.15,4.0,auto
3416,758,814,movement,1,1.0,1,600.0,30,2.0,0.15,4.0,auto
3417,758,822,waiting,1,1.0,1,100000.0,30,0.5,0.15,4.0,auto
3418,759,824,movement,1,1.0,1,600.0,30,2.0,0.15,4.0,auto
3419,759,831,movement,1,1.0,1,600.0,30,2.0,0.15,4.0,auto
3420,759,822,movement,1,1.0,1,600.0,30,2.0,0.15,4.0,auto
3421,759,815,movement,1,1.0,1,600.0,30,2.0,0.15,4.0,auto
3422,759,823,waiting,1,1.0,1,100000.0,30,0.5,0.15,4.0,auto
3423,760,832,movement,1,1.0,1,600.0,30,2.0,0.15,4.0,auto
3424,760,823,movement,1,1.0,1,600.0,30,2.0,0.15,4.0,auto
3425,760,816,movement,1,1.0,1,600.0,30,2.0,0.15,4.0,auto
3426,760,824,waiting,1,1.0,1,100000.0,30,0.5,0.15,4.0,auto
3427,761,826,movement,1,1.0,1,600.0,30,2.0,0.15,4.0,auto
3428,761,817,movement,1,1.0,1,600.0,30,2.0,0.15,4.0,auto
3429,761,825,waiting,1,1.0,1,100000.0,30,0.5,0.15,4.0,auto
3430,762,827,movement,1,1.0,1,600.0,30,2.0,0.15,4.0,auto
3431,762,825,movement,1,1.0,1,600.0,30,2.0,0.15,4.0,auto
3432,762,818,movement,1,1.0,1,600.0,30,2.0,0.15,4.0,auto
3433,762,826,waiting,1,1.0,1,100000.0,30,0.5,0.15,4.0,auto
3434,763,828,movement,1,1.0,1,600.0,30,2.0,0.15,4.0,auto
3435,763,826,movement,1,1.0,1,600.0,30,2.0,0.15,4.0,auto
3436,763,819,movement,1,1.0,1,600.0,30,2.0,0.15,4.0,auto
3437,763,827,waiting,1,1.0,1,100000.0,30,0.5,0.15,4.0,auto
3438,764,829,movement,1,1.0,1,600.0,30,2.0,0.15,4.0,auto
3439,764,827,movement,1,1.0,1,600.0,30,2.0,0.15,4.0,auto
3440,764,820,movement,1,1.0,1,600.0,30,2.0,0.15,4.0,auto
3441,764,828,waiting,1,1.0,1,100000.0,30,0.5,0.15,4.0,auto
3442,765,830,movement,1,1.0,1,600.0,30,2.0,0.15,4.0,auto
3443,765,828,movement,1,1.0,1,600.0,30,2.0,0.15,4.0,auto
3444,765,821,movement,1,1.0,1,600.0,30,2.0,0.15,4.0,auto
3445,765,829,waiting,1,1.0,1,100000.0,30,0.5,0.15,4.0,auto
3446,766,831,movement,1,1.0,1,600.0,30,2.0,0.15,4.0,auto
3447,766,829,movement,1,1.0,1,600.0,30,2.0,0.15,4.0,auto
3448,766,822,movement,1,1.0,1,600.0,30,2.0,0.15,4.0,auto
3449,766,830,waiting,1,1.0,1,100000.0,30,0.5,0.15,4.0,auto
3450,767,832,movement,1,1.0,1,600.0,30,2.0,0.15,4.0,auto
3451,767,830,movement,1,1.0,1,600.0,30,2.0,0.15,4.0,auto
3452,767,823,movement,1,1.0,1,600.0,30,2.0,0.15,4.0,auto
3453,767,831,waiting,1,1.0,1,100000.0,30,0.5,0.15,4.0,auto
3454,768,831,movement,1,1.0,1,600.0,30,2.0,0.15,4.0,auto
3455,768,824,movement,1,1.0,1,600.0,30,2.0,0.15,4.0,auto
3456,768,832,waiting,1,1.0,1,100000.0,30,0.5,0.15,4.0,auto
3457,769,834,movement,1,1.0,1,600.0,30,2.0,0.15,4.0,auto
3458,769,841,movement,1,1.0,1,600.0,30,2.0,0.15,4.0,auto
3459,769,833,waiting,1,1.0,1,100000.0,30,0.5,0.15,4.0,auto
3460,770,835,movement,1,1.0,1,600.0,30,2.0,0.15,4.0,auto
3461,770,842,movement,1,1.0,1,600.0,30,2.0,0.15,4.0,auto
3462,770,833,movement,1,1.0,1,600.0,30,2.0,0.15,4.0,auto
3463,770,834,waiting,1,1.0,1,100000.0,30,0.5,0.15,4.0,auto
3464,771,836,movement,1,1.0,1,600.0,30,2.0,0.15,4.0,auto
3465,771,843,movement,1,1.0,1,600.0,30,2.0,0.15,4.0,auto
3466,771,834,movement,1,1.0,1,600.0,30,2.0,0.15,4.0,auto
3467,771,835,waiting,1,1.0,1,100000.0,30,0.5,0.15,4.0,auto
3468,772,837,movement,1,1.0,1,600.0,30,2.0,0.15,4.0,auto
3469,772,844,movement,1,1.0,1,600.0,30,2.0,0.15,4.0,auto
3470,772,835,movement,1,1.0,1,600.0,30,2.0,0.15,4.0,auto
3471,772,836,waiting,1,1.0,1,100000.0,30,0.5,0.15,4.0,auto
3472,773,838,movement,1,1.0,1,600.0,30,2.0,0.15,4.0,auto
3473,773,845,movement,1,1.0,1,600.0,30,2.0,0.15,4.0,auto
3474,773,836,movement,1,1.0,1,600.0,30,2.0,0.15,4.0,auto
3475,773,837,waiting,1,1.0,1,100000.0,30,0.5,0.15,4.0,auto
3476,774,839,movement,1,1.0,1,600.0,30,2.0,0.15,4.0,auto
3477,774,846,movement,1,1.0,1,600.0,30,2.0,0.15,4.0,auto
3478,774,837,movement,1,1.0,1,600.0,30,2.0,0.15,4.0,auto
3479,774,838,waiting,1,1.0,1,100000.0,30,0.5,0.15,4.0,auto
3480,775,840,movement,1,1.0,1,600.0,30,2.0,0.15,4.0,auto
3481,775,847,movement,1,1.0,1,600.0,30,2.0,0.15,4.0,auto
3482,775,838,movement,1,1.0,1,600.0,30,2.0,0.15,4.0,auto
3483,775,839,waiting,1,1.0,1,100000.0,30,0.5,0.15,4.0,auto
3484,776,848,movement,1,1.0,1,600.0,30,2.0,0.15,4.0,auto
3485,776,839,movement,1,1.0,1,600.0,30,2.0,0.15,4.0,auto
3486,776,840,waiting,1,1.0,1,100000.0,30,0.5,0.15,4.0,auto
3487,777,842,movement,1,1.0,1,600.0,30,2.0,0.15,4.0,auto
3488,777,849,movement,1,1.0,1,600.0,30,2.0,0.15,4.0,auto
3489,777,833,movement,1,1.0,1,600.0,30,2.0,0.15,4.0,auto
3490,777,841,waiting,1,1.0,1,100000.0,30,0.5,0.15,4.0,auto
3491,778,843,movement,1,1.0,1,600.0,30,2.0,0.15,4.0,auto
3492,778,850,movement,1,1.0,1,600.0,30,2.0,0.15,4.0,auto
3493,778,841,movement,1,1.0,1,600.0,30,2.0,0.15,4.0,auto
3494,778,834,movement,1,1.0,1,600.0,30,2.0,0.15,4.0,auto
3495,778,842,waiting,1,1.0,1,100000.0,30,0.5,0.15,4.0,auto
3496,779,844,movement,1,1.0,1,600.0,30,2.0,0.15,4.0,auto
3497,779,851,movement,1,1.0,1,600.0,30,2.0,0.15,4.0,auto
3498,779,842,movement,1,1.0,1,600.0,30,2.0,0.15,4.0,auto
3499,779,835,movement,1,1.0,1,600.0,30,2.0,0.15,4.0,auto
3500,779,843,waiting,1,1.0,1,100000.0,30,0.5,0.15,4.0,auto
3501,780,845,movement,1,1.0,1,600.0,30,2.0,0.15,4.0,auto
3502,780,852,movement,1,1.0,1,600.0,30,2.0,0.15,4.0,auto
3503,780,843,movement,1,1.0,1,600.0,30,2.0,0.15,4.0,auto
3504,780,836,movement,1,1.0,1,600.0,30,2.0,0.15,4.0,auto
3505,780,844,waiting,1,1.0,1,100000.0,30,0.5,0.15,4.0,auto
3506,781,846,movement,1,1.0,1,600.0,30,2.0,0.15,4.0,auto
3507,781,853,movement,1,1.0,1,600.0,30,2.0,0.15,4.0,auto
3508,781,844,movement,1,1.0,1,600.0,30,2.0,0.15,4.0,auto
3509,781,837,movement,1,1.0,1,600.0,30,2.0,0.15,4.0,auto
3510,781,845,waiting,1,1.0,1,100000.0,30,0.5,0.15,4.0,auto
3511,782,847,movement,1,1.0,1,600.0,30,2.0,0.15,4.0,auto
3512,782,854,movement,1,1.0,1,600.0,30,2.0,0.15,4.0,auto
3513,782,845,movement,1,1.0,1,600.0,30,2.0,0.15,4.0,auto
3514,782,838,movement,1,1.0,1,600.0,30,2.0,0.15,4.0,auto
3515,782,846,waiting,1,1.0,1,100000.0,30,0.5,0.15,4.0,auto
3516,783,848,movement,1,1.0,1,600.0,30,2.0,0.15,4.0,auto
3517,783,855,movement,1,1.0,1,600.0,30,2.0,0.15,4.0,auto
3518,783,846,movement,1,1.0,1,600.0,30,2.0,0.15,4.0,auto
3519,783,839,movement,1,1.0,1,600.0,30,2.0,0.15,4.0,auto
3520,783,847,waiting,1,1.0,1,100000.0,30,0.5,0.15,4.0,auto
3521,784,856,movement,1,1.0,1,600.0,30,2.0,0.15,4.0,auto
3522,784,847,movement,1,1.0,1,600.0,30,2.0,0.15,4.0,auto
3523,784,840,movement,1,1.0,1,600.0,30,2.0,0.15,4.0,auto
3524,784,848,waiting,1,1.0,1,100000.0,30,0.5,0.15,4.0,auto
3525,785,850,movement,1,1.0,1,600.0,30,2.0,0.15,4.0,auto
3526,785,857,movement,1,1.0,1,600.0,30,2.0,0.15,4.0,auto
3527,785,841,movement,1,1.0,1,600.0,30,2.0,0.15,4.0,auto
3528,785,849,waiting,1,1.0,1,100000.0,30,0.5,0.15,4.0,auto
3529,786,851,movement,1,1.0,1,600.0,30,2.0,0.15,4.0,auto
3530,786,858,movement,1,1.0,1,600.0,30,2.0,0.15,4.0,auto
3531,786,849,movement,1,1.0,1,600.0,30,2.0,0.15,4.0,auto
3532,786,842,movement,1,1.0,1,600.0,30,2.0,0.15,4.0,auto
3533,786,850,waiting,1,1.0,1,100000.0,30,0.5,0.15,4.0,auto
3534,787,852,movement,1,1.0,1,600.0,30,2.0,0.15,4.0,auto
3535,787,859,movement,1,1.0,1,600.0,30,2.0,0.15,4.0,auto
3536,787,850,movement,1,1.0,1,600.0,30,2.0,0.15,4.0,auto
3537,787,843,movement,1,1.0,1,600.0,30,2.0,0.15,4.0,auto
3538,787,851,waiting,1,1.0,1,100000.0,30,0.5,0.15,4.0,auto
3539,788,853,movement,1,1.0,1,600.0,30,2.0,0.15,4.0,auto
3540,788,860,movement,1,1.0,1,600.0,30,2.0,0.15,4.0,auto
3541,788,851,movement,1,1.0,1,600.0,30,2.0,0.15,4.0,auto
3542,788,844,movement,1,1.0,1,600.0,30,2.0,0.15,4.0,auto
3543,788,852,waiting,1,1.0,1,100000.0,30,0.5,0.15,4.0,auto
3544,789,854,movement,1,1.0,1,600.0,30,2.0,0.15,4.0,auto
3545,789,861,movement,1,1.0,1,600.0,30,2.0,0.15,4.0,auto
3546,789,852,movement,1,1.0,1,600.0,30,2.0,0.15,4.0,auto
3547,789,845,movement,1,1.0,1,600.0,30,2.0,0.15,4.0,auto
3548,789,853,waiting,1,1.0,1,100000.0,30,0.5,0.15,4.0,auto
3549,790,855,movement,1,1.0,1,600.0,30,2.0,0.15,4.0,auto
3550,790,862,movement,1,1.0,1,600.0,30,2.0,0.15,4.0,auto
3551,790,853,movement,1,1.0,1,600.0,30,2.0,0.15,4.0,auto
3552,790,846,movement,1,1.0,1,600.0,30,2.0,0.15,4.0,auto
3553,790,854,waiting,1,1.0,1,100000.0,30,0.5,0.15,4.0,auto
3554,791,856,movement,1,1.0,1,600.0,30,2.0,0.15,4.0,auto
3555,791,863,movement,1,1.0,1,600.0,30,2.0,0.15,4.0,auto
3556,791,854,movement,1,1.0,1,600.0,30,2.0,0.15,4.0,auto
3557,791,847,movement,1,1.0,1,600.0,30,2.0,0.15,4.0,auto
3558,791,855,waiting,1,1.0,1,100000.0,30,0.5,0.15,4.0,auto
3559,792,864,movement,1,1.0,1,600.0,30,2.0,0.15,4.0,auto
3560,792,855,movement,1,1.0,1,600.0,30,2.0,0.15,4.0,auto
3561,792,848,movement,1,1.0,1,600.0,30,2.0,0.15,4.0,auto
3562,792,856,waiting,1,1.0,1,100000.0,30,0.5,0.15,4.0,auto
3563,793,858,movement,1,1.0,1,600.0,30,2.0,0.15,4.0,auto
3564,793,865,movement,1,1.0,1,600.0,30,2.0,0.15,4.0,auto
3565,793,849,movement,1,1.0,1,600.0,30,2.0,0.15,4.0,auto
3566,793,857,waiting,1,1.0,1,100000.0,30,0.5,0.15,4.0,auto
3567,794,859,movement,1,1.0,1,600.0,30,2.0,0.15,4.0,auto
3568,794,866,movement,1,1.0,1,600.0,30,2.0,0.15,4.0,auto
3569,794,857,movement,1,1.0,1,600.0,30,2.0,0.15,4.0,auto
3570,794,850,movement,1,1.0,1,600.0,30,2.0,0.15,4.0,auto
3571,794,858,waiting,1,1.0,1,100000.0,30,0.5,0.15,4.0,auto
3572,795,860,movement,1,1.0,1,600.0,30,2.0,0.15,4.0,auto
3573,795,867,movement,1,1.0,1,600.0,30,2.0,0.15,4.0,auto
3574,795,858,movement,1,1.0,1,600.0,30,2.0,0.15,4.0,auto
3575,795,851,movement,1,1.0,1,600.0,30,2.0,0.15,4.0,auto
3576,795,859,waiting,1,1.0,1,100000.0,30,0.5,0.15,4.0,auto
3577,796,861,movement,1,1.0,1,600.0,30,2.0,0.15,4.0,auto
3578,796,868,movement,1,1.0,1,600.0,30,2.0,0.15,4.0,auto
3579,796,859,movement,1,1.0,1,600.0,30,2.0,0.15,4.0,auto
3580,796,852,movement,1,1.0,1,600.0,30,2.0,0.15,4.0,auto
3581,796,860,waiting,1,1.0,1,100000.0,30,0.5,0.15,4.0,auto
3582,797,862,movement,1,1.0,1,600.0,30,2.0,0.15,4.0,auto
3583,797,869,movement,1,1.0,1,600.0,30,2.0,0.15,4.0,auto
3584,797,860,movement,1,1.0,1,600.0,30,2.0,0.15,4.0,auto
3585,797,853,movement,1,1.0,1,600.0,30,2.0,0.15,4.0,auto
3586,797,861,waiting,1,1.0,1,100000.0,30,0.5,0.15,4.0,auto
3587,798,863,movement,1,1.0,1,600.0,30,2.0,0.15,4.0,auto
3588,798,870,movement,1,1.0,1,600.0,30,2.0,0.15,4.0,auto
3589,798,861,movement,1,1.0,1,600.0,30,2.0,0.15,4.0,auto
3590,798,854,movement,1,1.0,1,600.0,30,2.0,0.15,4.0,auto
3591,798,862,waiting,1,1.0,1,100000.0,30,0.5,0.15,4.0,auto
3592,799,864,movement,1,1.0,1,600.0,30,2.0,0.15,4.0,auto
3593,799,871,movement,1,1.0,1,600.0,30,2.0,0.15,4.0,auto
3594,799,862,movement,1,1.0,1,600.0,30,2.0,0.15,4.0,auto
3595,799,855,movement,1,1.0,1,600.0,30,2.0,0.15,4.0,auto
3596,799,863,waiting,1,1.0,1,100000.0,30,0.5,0.15,4.0,auto
3597,800,872,movement,1,1.0,1,600.0,30,2.0,0.15,4.0,auto
3598,800,863,movement,1,1.0,1,600.0,30,2.0,0.15,4.0,auto
3599,800,856,movement,1,1.0,1,600.0,30,2.0,0.15,4.0,auto
3600,800,864,waiting,1,1.0,1,100000.0,30,0.5,0.15,4.0,auto
3601,801,866,movement,1,1.0,1,600.0,30,2.0,0.15,4.0,auto
3602,801,873,movement,1,1.0,1,600.0,30,2.0,0.15,4.0,auto
3603,801,857,movement,1,1.0,1,600.0,30,2.0,0.15,4.0,auto
3604,801,865,waiting,1,1.0,1,100000.0,30,0.5,0.15,4.0,auto
3605,802,867,movement,1,1.0,1,600.0,30,2.0,0.15,4.0,auto
3606,802,874,movement,1,1.0,1,600.0,30,2.0,0.15,4.0,auto
3607,802,865,movement,1,1.0,1,600.0,30,2.0,0.15,4.0,auto
3608,802,858,movement,1,1.0,1,600.0,30,2.0,0.15,4.0,auto
3609,802,866,waiting,1,1.0,1,100000.0,30,0.5,0.15,4.0,auto
3610,803,868,movement,1,1.0,1,600.0,30,2.0,0.15,4.0,auto
3611,803,875,movement,1,1.0,1,600.0,30,2.0,0.15,4.0,auto
3612,803,866,movement,1,1.0,1,600.0,30,2.0,0.15,4.0,auto
3613,803,859,movement,1,1.0,1,600.0,30,2.0,0.15,4.0,auto
3614,803,867,waiting,1,1.0,1,100000.0,30,0.5,0.15,4.0,auto
3615,804,869,movement,1,1.0,1,600.0,30,2.0,0.15,4.0,auto
3616,804,876,movement,1,1.0,1,600.0,30,2.0,0.15,4.0,auto
3617,804,867,movement,1,1.0,1,600.0,30,2.0,0.15,4.0,auto
3618,804,860,movement,1,1.0,1,600.0,30,2.0,0.15,4.0,auto
3619,804,868,waiting,1,1.0,1,100000.0,30,0.5,0.15,4.0,auto
3620,805,870,movement,1,1.0,1,600.0,30,2.0,0.15,4.0,auto
3621,805,877,movement,1,1.0,1,600.0,30,2.0,0.15,4.0,auto
3622,805,868,movement,1,1.0,1,600.0,30,2.0,0.15,4.0,auto
3623,805,861,movement,1,1.0,1,600.0,30,2.0,0.15,4.0,auto
3624,805,869,waiting,1,1.0,1,100000.0,30,0.5,0.15,4.0,auto
3625,806,871,movement,1,1.0,1,600.0,30,2.0,0.15,4.0,auto
3626,806,878,movement,1,1.0,1,600.0,30,2.0,0.15,4.0,auto
3627,806,869,movement,1,1.0,1,600.0,30,2.0,0.15,4.0,auto
3628,806,862,movement,1,1.0,1,600.0,30,2.0,0.15,4.0,auto
3629,806,870,waiting,1,1.0,1,100000.0,30,0.5,0.15,4.0,auto
3630,807,872,movement,1,1.0,1,600.0,30,2.0,0.15,4.0,auto
3631,807,879,movement,1,1.0,1,600.0,30,2.0,0.15,4.0,auto
3632,807,870,movement,1,1.0,1,600.0,30,2.0,0.15,4.0,auto
3633,807,863,movement,1,1.0,1,600.0,30,2.0,0.15,4.0,auto
3634,807,871,waiting,1,1.0,1,100000.0,30,0.5,0.15,4.0,auto
3635,808,880,movement,1,1.0,1,600.0,30,2.0,0.15,4.0,auto
3636,808,871,movement,1,1.0,1,600.0,30,2.0,0.15,4.0,auto
3637,808,864,movement,1,1.0,1,600.0,30,2.0,0.15,4.0,auto
3638,808,872,waiting,1,1.0,1,100000.0,30,0.5,0.15,4.0,auto
3639,809,874,movement,1,1.0,1,600.0,30,2.0,0.15,4.0,auto
3640,809,881,movement,1,1.0,1,600.0,30,2.0,0.15,4.0,auto
3641,809,865,movement,1,1.0,1,600.0,30,2.0,0.15,4.0,auto
3642,809,873,waiting,1,1.0,1,100000.0,30,0.5,0.15,4.0,auto
3643,810,875,movement,1,1.0,1,600.0,30,2.0,0.15,4.0,auto
3644,810,882,movement,1,1.0,1,600.0,30,2.0,0.15,4.0,auto
3645,810,873,movement,1,1.0,1,600.0,30,2.0,0.15,4.0,auto
3646,810,866,movement,1,1.0,1,600.0,30,2.0,0.15,4.0,auto
3647,810,874,waiting,1,1.0,1,100000.0,30,0.5,0.15,4.0,auto
3648,811,876,movement,1,1.0,1,600.0,30,2.0,0.15,4.0,auto
3649,811,883,movement,1,1.0,1,600.0,30,2.0,0.15,4.0,auto
3650,811,874,movement,1,1.0,1,600.0,30,2.0,0.15,4.0,auto
3651,811,867,movement,1,1.0,1,600.0,30,2.0,0.15,4.0,auto
3652,811,875,waiting,1,1.0,1,100000.0,30,0.5,0.15,4.0,auto
3653,812,877,movement,1,1.0,1,600.0,30,2.0,0.15,4.0,auto
3654,812,884,movement,1,1.0,1,600.0,30,2.0,0.15,4.0,auto
3655,812,875,movement,1,1.0,1,600.0,30,2.0,0.15,4.0,auto
3656,812,868,movement,1,1.0,1,600.0,30,2.0,0.15,4.0,auto
3657,812,876,waiting,1,1.0,1,100000.0,30,0.5,0.15,4.0,auto
3658,813,878,movement,1,1.0,1,600.0,30,2.0,0.15,4.0,auto
3659,813,885,movement,1,1.0,1,600.0,30,2.0,0.15,4.0,auto
3660,813,876,movement,1,1.0,1,600.0,30,2.0,0.15,4.0,auto
3661,813,869,movement,1,1.0,1,600.0,30,2.0,0.15,4.0,auto
3662,813,877,waiting,1,1.0,1,100000.0,30,0.5,0.15,4.0,auto
3663,814,879,movement,1,1.0,1,600.0,30,2.0,0.15,4.0,auto
3664,814,886,movement,1,1.0,1,600.0,30,2.0,0.15,4.0,auto
3665,814,877,movement,1,1.0,1,600.0,30,2.0,0.15,4.0,auto
3666,814,870,movement,1,1.0,1,600.0,30,2.0,0.15,4.0,auto
3667,814,878,waiting,1,1.0,1,100000.0,30,0.5,0.15,4.0,auto
3668,815,880,movement,1,1.0,1,600.0,30,2.0,0.15,4.0,auto
3669,815,887,movement,1,1.0,1,600.0,30,2.0,0.15,4.0,auto
3670,815,878,movement,1,1.0,1,600.0,30,2.0,0.15,4.0,auto
3671,815,871,movement,1,1.0,1,600.0,30,2.0,0.15,4.0,auto
3672,815,879,waiting,1,1.0,1,100000.0,30,0.5,0.15,4.0,auto
3673,816,888,movement,1,1.0,1,600.0,30,2.0,0.15,4.0,auto
3674,816,879,movement,1,1.0,1,600.0,30,2.0,0.15,4.0,auto
3675,816,872,movement,1,1.0,1,600.0,30,2.0,0.15,4.0,auto
3676,816,880,waiting,1,1.0,1,100000.0,30,0.5,0.15,4.0,auto
3677,817,882,movement,1,1.0,1,600.0,30,2.0,0.15,4.0,auto
3678,817,889,movement,1,1.0,1,600.0,30,2.0,0.15,4.0,auto
3679,817,873,movement,1,1.0,1,600.0,30,2.0,0.15,4.0,auto
3680,817,881,waiting,1,1.0,1,100000.0,30,0.5,0.15,4.0,auto
3681,818,883,movement,1,1.0,1,600.0,30,2.0,0.15,4.0,auto
3682,818,890,movement,1,1.0,1,600.0,30,2.0,0.15,4.0,auto
3683,818,881,movement,1,1.0,1,600.0,30,2.0,0.15,4.0,auto
3684,818,874,movement,1,1.0,1,600.0,30,2.0,0.15,4.0,auto
3685,818,882,waiting,1,1.0,1,100000.0,30,0.5,0.15,4.0,auto
3686,819,884,movement,1,1.0,1,600.0,30,2.0,0.15,4.0,auto
3687,819,891,movement,1,1.0,1,600.0,30,2.0,0.15,4.0,auto
3688,819,882,movement,1,1.0,1,600.0,30,2.0,0.15,4.0,auto
3689,819,875,movement,1,1.0,1,600.0,30,2.0,0.15,4.0,auto
3690,819,883,waiting,1,1.0,1,100000.0,30,0.5,0.15,4.0,auto
3691,820,885,movement,1,1.0,1,600.0,30,2.0,0.15,4.0,auto
3692,820,892,movement,1,1.0,1,600.0,30,2.0,0.15,4.0,auto
3693,820,883,movement,1,1.0,1,600.0,30,2.0,0.15,4.0,auto
3694,820,876,movement,1,1.0,1,600.0,30,2.0,0.15,4.0,auto
3695,820,884,waiting,1,1.0,1,100000.0,30,0.5,0.15,4.0,auto
3696,821,886,movement,1,1.0,1,600.0,30,2.0,0.15,4.0,auto
3697,821,893,movement,1,1.0,1,600.0,30,2.0,0.15,4.0,auto
3698,821,884,movement,1,1.0,1,600.0,30,2.0,0.15,4.0,auto
3699,821,877,movement,1,1.0,1,600.0,30,2.0,0.15,4.0,auto
3700,821,885,waiting,1,1.0,1,100000.0,30,0.5,0.15,4.0,auto
3701,822,887,movement,1,1.0,1,600.0,30,2.0,0.15,4.0,auto
3702,822,894,movement,1,1.0,1,600.0,30,2.0,0.15,4.0,auto
3703,822,885,movement,1,1.0,1,600.0,30,2.0,0.15,4.0,auto
3704,822,878,movement,1,1.0,1,600.0,30,2.0,0.15,4.0,auto
3705,822,886,waiting,1,1.0,1,100000.0,30,0.5,0.15,4.0,auto
3706,823,888,movement,1,1.0,1,600.0,30,2.0,0.15,4.0,auto
3707,823,895,movement,1,1.0,1,600.0,30,2.0,0.15,4.0,auto
3708,823,886,movement,1,1.0,1,600.0,30,2.0,0.15,4.0,auto
3709,823,879,movement,1,1.0,1,600.0,30,2.0,0.15,4.0,auto
3710,823,887,waiting,1,1.0,1,100000.0,30,0.5,0.15,4.0,auto
3711,824,896,movement,1,1.0,1,600.0,30,2.0,0.15,4.0,auto
3712,824,887,movement,1,1.0,1,600.0,30,2.0,0.15,4.0,auto
3713,824,880,movement,1,1.0,1,600.0,30,2.0,0.15,4.0,auto
3714,824,888,waiting,1,1.0,1,100000.0,30,0.5,0.15,4.0,auto
3715,825,890,movement,1,1.0,1,600.0,30,2.0,0.15,4.0,auto
3716,825,881,movement,1,1.0,1,600.0,30,2.0,0.15,4.0,auto
3717,825,889,waiting,1,1.0,1,100000.0,30,0.5,0.15,4.0,auto
3718,826,891,movement,1,1.0,1,600.0,30,2.0,0.15,4.0,auto
3719,826,889,movement,1,1.0,1,600.0,30,2.0,0.15,4.0,auto
3720,826,882,movement,1,1.0,1,600.0,30,2.0,0.15,4.0,auto
3721,826,890,waiting,1,1.0,1,100000.0,30,0.5,0.15,4.0,auto
3722,827,892,movement,1,1.0,1,600.0,30,2.0,0.15,4.0,auto
3723,827,890,movement,1,1.0,1,600.0,30,2.0,0.15,4.0,auto
3724,827,883,movement,1,1.0,1,600.0,30,2.0,0.15,4.0,auto
3725,827,891,waiting,1,1.0,1,100000.0,30,0.5,0.15,4.0,auto
3726,828,893,movement,1,1.0,1,600.0,30,2.0,0.15,4.0,auto
3727,828,891,movement,1,1.0,1,600.0,30,2.0,0.15,4.0,auto
3728,828,884,movement,1,1.0,1,600.0,30,2.0,0.15,4.0,auto
3729,828,892,waiting,1,1.0,1,100000.0,30,0.5,0.15,4.0,auto
3730,829,894,movement,1,1.0,1,600.0,30,2.0,0.15,4.0,auto
3731,829,892,movement,1,1.0,1,600.0,30,2.0,0.15,4.0,auto
3732,829,885,movement,1,1.0,1,600.0,30,2.0,0.15,4.0,auto
3733,829,893,waiting,1,1.0,1,100000.0,30,0.5,0.15,4.0,auto
3734,830,895,movement,1,1.0,1,600.0,30,2.0,0.15,4.0,auto
3735,830,893,movement,1,1.0,1,600.0,30,2.0,0.15,4.0,auto
3736,830,886,movement,1,1.0,1,600.0,30,2.0,0.15,4.0,auto
3737,830,894,waiting,1,1.0,1,100000.0,30,0.5,0.15,4.0,auto
3738,831,896,movement,1,1.0,1,600.0,30,2.0,0.15,4.0,auto
3739,831,894,movement,1,1.0,1,600.0,30,2.0,0.15,4.0,auto
3740,831,887,movement,1,1.0,1,600.0,30,2.0,0.15,4.0,auto
3741,831,895,waiting,1,1.0,1,100000.0,30,0.5,0.15,4.0,auto
3742,832,895,movement,1,1.0,1,600.0,30,2.0,0.15,4.0,auto
3743,832,888,movement,1,1.0,1,600.0,30,2.0,0.15,4.0,auto
3744,832,896,waiting,1,1.0,1,100000.0,30,0.5,0.15,4.0,auto
3745,833,898,movement,1,1.0,1,600.0,30,2.0,0.15,4.0,auto
3746,833,905,movement,1,1.0,1,600.0,30,2.0,0.15,4.0,auto
3747,833,897,waiting,1,1.0,1,100000.0,30,0.5,0.15,4.0,auto
3748,834,899,movement,1,1.0,1,600.0,30,2.0,0.15,4.0,auto
3749,834,906,movement,1,1.0,1,600.0,30,2.0,0.15,4.0,auto
3750,834,897,movement,1,1.0,1,600.0,30,2.0,0.15,4.0,auto
3751,834,898,waiting,1,1.0,1,100000.0,30,0.5,0.15,4.0,auto
3752,835,900,movement,1,1.0,1,600.0,30,2.0,0.15,4.0,auto
3753,835,907,movement,1,1.0,1,600.0,30,2.0,0.15,4.0,auto
3754,835,898,movement,1,1.0,1,600.0,30,2.0,0.15,4.0,auto
3755,835,899,waiting,1,1.0,1,100000.0,30,0.5,0.15,4.0,auto
3756,836,901,movement,1,1.0,1,600.0,30,2.0,0.15,4.0,auto
3757,836,908,movement,1,1.0,1,600.0,30,2.0,0.15,4.0,auto
3758,836,899,movement,1,1.0,1,600.0,30,2.0,0.15,4.0,auto
3759,836,900,waiting,1,1.0,1,100000.0,30,0.5,0.15,4.0,auto
3760,837,902,movement,1,1.0,1,600.0,30,2.0,0.15,4.0,auto
3761,837,909,movement,1,1.0,1,600.0,30,2.0,0.15,4.0,auto
3762,837,900,movement,1,1.0,1,600.0,30,2.0,0.15,4.0,auto
3763,837,901,waiting,1,1.0,1,100000.0,30,0.5,0.15,4.0,auto
3764,838,903,movement,1,1.0,1,600.0,30,2.0,0.15,4.0,auto
3765,838,910,movement,1,1.0,1,600.0,30,2.0,0.15,4.0,auto
3766,838,901,movement,1,1.0,1,600.0,30,2.0,0.15,4.0,auto
3767,838,902,waiting,1,1.0,1,100000.0,30,0.5,0.15,4.0,auto
3768,839,904,movement,1,1.0,1,600.0,30,2.0,0.15,4.0,auto
3769,839,911,movement,1,1.0,1,600.0,30,2.0,0.15,4.0,auto
3770,839,902,movement,1,1.0,1,600.0,30,2.0,0.15,4.0,auto
3771,839,903,waiting,1,1.0,1,100000.0,30,0.5,0.15,4.0,auto
3772,840,912,movement,1,1.0,1,600.0,30,2.0,0.15,4.0,auto
3773,840,903,movement,1,1.0,1,600.0,30,2.0,0.15,4.0,auto
3774,840,904,waiting,1,1.0,1,100000.0,30,0.5,0.15,4.0,auto
3775,841,906,movement,1,1.0,1,600.0,30,2.0,0.15,4.0,auto
3776,841,913,movement,1,1.0,1,600.0,30,2.0,0.15,4.0,auto
3777,841,897,movement,1,1.0,1,600.0,30,2.0,0.15,4.0,auto
3778,841,905,waiting,1,1.0,1,100000.0,30,0.5,0.15,4.0,auto
3779,842,907,movement,1,1.0,1,600.0,30,2.0,0.15,4.0,auto
3780,842,914,movement,1,1.0,1,600.0,30,2.0,0.15,4.0,auto
3781,842,905,movement,1,1.0,1,600.0,30,2.0,0.15,4.0,auto
3782,842,898,movement,1,1.0,1,600.0,30,2.0,0.15,4.0,auto
3783,842,906,waiting,1,1.0,1,100000.0,30,0.5,0.15,4.0,auto
3784,843,908,movement,1,1.0,1,600.0,30,2.0,0.15,4.0,auto
3785,843,915,movement,1,1.0,1,600.0,30,2.0,0.15,4.0,auto
3786,843,906,movement,1,1.0,1,600.0,30,2.0,0.15,4.0,auto
3787,843,899,movement,1,1.0,1,600.0,30,2.0,0.15,4.0,auto
3788,843,907,waiting,1,1.0,1,100000.0,30,0.5,0.15,4.0,auto
3789,844,909,movement,1,1.0,1,600.0,30,2.0,0.15,4.0,auto
3790,844,916,movement,1,1.0,1,600.0,30,2.0,0.15,4.0,auto
3791,844,907,movement,1,1.0,1,600.0,30,2.0,0.15,4.0,auto
3792,844,900,movement,1,1.0,1,600.0,30,2.0,0.15,4.0,auto
3793,844,908,waiting,1,1.0,1,100000.0,30,0.5,0.15,4.0,auto
3794,845,910,movement,1,1.0,1,600.0,30,2.0,0.15,4.0,auto
3795,845,917,movement,1,1.0,1,600.0,30,2.0,0.15,4.0,auto
3796,845,908,movement,1,1.0,1,600.0,30,2.0,0.15,4.0,auto
3797,845,901,movement,1,1.0,1,600.0,30,2.0,0.15,4.0,auto
3798,845,909,waiting,1,1.0,1,100000.0,30,0.5,0.15,4.0,auto
3799,846,911,movement,1,1.0,1,600.0,30,2.0,0.15,4.0,auto
3800,846,918,movement,1,1.0,1,600.0,30,2.0,0.15,4.0,auto
3801,846,909,movement,1,1.0,1,600.0,30,2.0,0.15,4.0,auto
3802,846,902,movement,1,1.0,1,600.0,30,2.0,0.15,4.0,auto
3803,846,910,waiting,1,1.0,1,100000.0,30,0.5,0.15,4.0,auto
3804,847,912,movement,1,1.0,1,600.0,30,2.0,0.15,4.0,auto
3805,847,919,movement,1,1.0,1,600.0,30,2.0,0.15,4.0,auto
3806,847,910,movement,1,1.0,1,600.0,30,2.0,0.15,4.0,auto
3807,847,903,movement,1,1.0,1,600.0,30,2.0,0.15,4.0,auto
3808,847,911,waiting,1,1.0,1,100000.0,30,0.5,0.15,4.0,auto
3809,848,920,movement,1,1.0,1,600.0,30,2.0,0.15,4.0,auto
3810,848,911,movement,1,1.0,1,600.0,30,2.0,0.15,4.0,auto
3811,848,904,movement,1,1.0,1,600.0,30,2.0,0.15,4.0,auto
3812,848,912,waiting,1,1.0,1,100000.0,30,0.5,0.15,4.0,auto
3813,849,914,movement,1,1.0,1,600.0,30,2.0,0.15,4.0,auto
3814,849,921,movement,1,1.0,1,600.0,30,2.0,0.15,4.0,auto
3815,849,905,movement,1,1.0,1,600.0,30,2.0,0.15,4.0,auto
3816,849,913,waiting,1,1.0,1,100000.0,30,0.5,0.15,4.0,auto
3817,850,915,movement,1,1.0,1,600.0,30,2.0,0.15,4.0,auto
3818,850,922,movement,1,1.0,1,600.0,30,2.0,0.15,4.0,auto
3819,850,913,movement,1,1.0,1,600.0,30,2.0,0.15,4.0,auto
3820,850,906,movement,1,1.0,1,600.0,30,2.0,0.15,4.0,auto
3821,850,914,waiting,1,1.0,1,100000.0,30,0.5,0.15,4.0,auto
3822,851,916,movement,1,1.0,1,600.0,30,2.0,0.15,4.0,auto
3823,851,923,movement,1,1.0,1,600.0,30,2.0,0.15,4.0,auto
3824,851,914,movement,1,1.0,1,600.0,30,2.0,0.15,4.0,auto
3825,851,907,movement,1,1.0,1,600.0,30,2.0,0.15,4.0,auto
3826,851,915,waiting,1,1.0,1,100000.0,30,0.5,0.15,4.0,auto
3827,852,917,movement,1,1.0,1,600.0,30,2.0,0.15,4.0,auto
3828,852,924,movement,1,1.0,1,600.0,30,2.0,0.15,4.0,auto
3829,852,915,movement,1,1.0,1,600.0,30,2.0,0.15,4.0,auto
3830,852,908,movement,1,1.0,1,600.0,30,2.0,0.15,4.0,auto
3831,852,916,waiting,1,1.0,1,100000.0,30,0.5,0.15,4.0,auto
3832,853,918,movement,1,1.0,1,600.0,30,2.0,0.15,4.0,auto
3833,853,925,movement,1,1.0,1,600.0,30,2.0,0.15,4.0,auto
3834,853,916,movement,1,1.0,1,600.0,30,2.0,0.15,4.0,auto
3835,853,909,movement,1,1.0,1,600.0,30,2.0,0.15,4.0,auto
3836,853,917,waiting,1,1.0,1,100000.0,30,0.5,0.15,4.0,auto
3837,854,919,movement,1,1.0,1,600.0,30,2.0,0.15,4.0,auto
3838,854,926,movement,1,1.0,1,600.0,30,2.0,0.15,4.0,auto
3839,854,917,movement,1,1.0,1,600.0,30,2.0,0.15,4.0,auto
3840,854,910,movement,1,1.0,1,600.0,30,2.0,0.15,4.0,auto
3841,854,918,waiting,1,1.0,1,100000.0,30,0.5,0.15,4.0,auto
3842,855,920,movement,1,1.0,1,600.0,30,2.0,0.15,4.0,auto
3843,855,927,movement,1,1.0,1,600.0,30,2.0,0.15,4.0,auto
3844,855,918,movement,1,1.0,1,600.0,30,2.0,0.15,4.0,auto
3845,855,911,movement,1,1.0,1,600.0,30,2.0,0.15,4.0,auto
3846,855,919,waiting,1,1.0,1,100000.0,30,0.5,0.15,4.0,auto
3847,856,928,movement,1,1.0,1,600.0,30,2.0,0.15,4.0,auto
3848,856,919,movement,1,1.0,1,600.0,30,2.0,0.15,4.0,auto
3849,856,912,movement,1,1.0,1,600.0,30,2.0,0.15,4.0,auto
3850,856,920,waiting,1,1.0,1,100000.0,30,0.5,0.15,4.0,auto
3851,857,922,movement,1,1.0,1,600.0,30,2.0,0.15,4.0,auto
3852,857,929,movement,1,1.0,1,600.0,30,2.0,0.15,4.0,auto
3853,857,913,movement,1,1.0,1,600.0,30,2.0,0.15,4.0,auto
3854,857,921,waiting,1,1.0,1,100000.0,30,0.5,0.15,4.0,auto
3855,858,923,movement,1,1.0,1,600.0,30,2.0,0.15,4.0,auto
3856,858,930,movement,1,1.0,1,600.0,30,2.0,0.15,4.0,auto
3857,858,921,movement,1,1.0,1,600.0,30,2.0,0.15,4.0,auto
3858,858,914,movement,1,1.0,1,600.0,30,2.0,0.15,4.0,auto
3859,858,922,waiting,1,1.0,1,100000.0,30,0.5,0.15,4.0,auto
3860,859,924,movement,1,1.0,1,600.0,30,2.0,0.15,4.0,auto
3861,859,931,movement,1,1.0,1,600.0,30,2.0,0.15,4.0,auto
3862,859,922,movement,1,1.0,1,600.0,30,2.0,0.15,4.0,auto
3863,859,915,movement,1,1.0,1,600.0,30,2.0,0.15,4.0,auto
3864,859,923,waiting,1,1.0,1,100000.0,30,0.5,0.15,4.0,auto
3865,860,925,movement,1,1.0,1,600.0,30,2.0,0.15,4.0,auto
3866,860,932,movement,1,1.0,1,600.0,30,2.0,0.15,4.0,auto
3867,860,923,movement,1,1.0,1,600.0,30,2.0,0.15,4.0,auto
3868,860,916,movement,1,1.0,1,600.0,30,2.0,0.15,4.0,auto
3869,860,924,waiting,1,1.0,1,100000.0,30,0.5,0.15,4.0,auto
3870,861,926,movement,1,1.0,1,600.0,30,2.0,0.15,4.0,auto
3871,861,933,movement,1,1.0,1,600.0,30,2.0,0.15,4.0,auto
3872,861,924,movement,1,1.0,1,600.0,30,2.0,0.15,4.0,auto
3873,861,917,movement,1,1.0,1,600.0,30,2.0,0.15,4.0,auto
3874,861,925,waiting,1,1.0,1,100000.0,30,0.5,0.15,4.0,auto
3875,862,927,movement,1,1.0,1,600.0,30,2.0,0.15,4.0,auto
3876,862,934,movement,1,1.0,1,600.0,30,2.0,0.15,4.0,auto
3877,862,925,movement,1,1.0,1,600.0,30,2.0,0.15,4.0,auto
3878,862,918,movement,1,1.0,1,600.0,30,2.0,0.15,4.0,auto
3879,862,926,waiting,1,1.0,1,100000.0,30,0.5,0.15,4.0,auto
3880,863,928,movement,1,1.0,1,600.0,30,2.0,0.15,4.0,auto
3881,863,935,movement,1,1.0,1,600.0,30,2.0,0.15,4.0,auto
3882,863,926,movement,1,1.0,1,600.0,30,2.0,0.15,4.0,auto
3883,863,919,movement,1,1.0,1,600.0,30,2.0,0.15,4.0,auto
3884,863,927,waiting,1,1.0,1,100000.0,30,0.5,0.15,4.0,auto
3885,864,936,movement,1,1.0,1,600.0,30,2.0,0.15,4.0,auto
3886,864,927,movement,1,1.0,1,600.0,30,2.0,0.15,4.0,auto
3887,864,920,movement,1,1.0,1,600.0,30,2.0,0.15,4.0,auto
3888,864,928,waiting,1,1.0,1,100000.0,30,0.5,0.15,4.0,auto
3889,865,930,movement,1,1.0,1,600.0,30,2.0,0.15,4.0,auto
3890,865,937,movement,1,1.0,1,600.0,30,2.0,0.15,4.0,auto
3891,865,921,movement,1,1.0,1,600.0,30,2.0,0.15,4.0,auto
3892,865,929,waiting,1,1.0,1,100000.0,30,0.5,0.15,4.0,auto
3893,866,931,movement,1,1.0,1,600.0,30,2.0,0.15,4.0,auto
3894,866,938,movement,1,1.0,1,600.0,30,2.0,0.15,4.0,auto
3895,866,929,movement,1,1.0,1,600.0,30,2.0,0.15,4.0,auto
3896,866,922,movement,1,1.0,1,600.0,30,2.0,0.15,4.0,auto
3897,866,930,waiting,1,1.0,1,100000.0,30,0.5,0.15,4.0,auto
3898,867,932,movement,1,1.0,1,600.0,30,2.0,0.15,4.0,auto
3899,867,939,movement,1,1.0,1,600.0,30,2.0,0.15,4.0,auto
3900,867,930,movement,1,1.0,1,600.0,30,2.0,0.15,4.0,auto
3901,867,923,movement,1,1.0,1,600.0,30,2.0,0.15,4.0,auto
3902,867,931,waiting,1,1.0,1,100000.0,30,0.5,0.15,4.0,auto
3903,868,933,movement,1,1.0,1,600.0,30,2.0,0.15,4.0,auto
3904,868,940,movement,1,1.0,1,600.0,30,2.0,0.15,4.0,auto
3905,868,931,movement,1,1.0,1,600.0,30,2.0,0.15,4.0,auto
3906,868,924,movement,1,1.0,1,600.0,30,2.0,0.15,4.0,auto
3907,868,932,waiting,1,1.0,1,100000.0,30,0.5,0.15,4.0,auto
3908,869,934,movement,1,1.0,1,600.0,30,2.0,0.15,4.0,auto
3909,869,941,movement,1,1.0,1,600.0,30,2.0,0.15,4.0,auto
3910,869,932,movement,1,1.0,1,600.0,30,2.0,0.15,4.0,auto
3911,869,925,movement,1,1.0,1,600.0,30,2.0,0.15,4.0,auto
3912,869,933,waiting,1,1.0,1,100000.0,30,0.5,0.15,4.0,auto
3913,870,935,movement,1,1.0,1,600.0,30,2.0,0.15,4.0,auto
3914,870,942,movement,1,1.0,1,600.0,30,2.0,0.15,4.0,auto
3915,870,933,movement,1,1.0,1,600.0,30,2.0,0.15,4.0,auto
3916,870,926,movement,1,1.0,1,600.0,30,2.0,0.15,4.0,auto
3917,870,934,waiting,1,1.0,1,100000.0,30,0.5,0.15,4.0,auto
3918,871,936,movement,1,1.0,1,600.0,30,2.0,0.15,4.0,auto
3919,871,943,movement,1,1.0,1,600.0,30,2.0,0.15,4.0,auto
3920,871,934,movement,1,1.0,1,600.0,30,2.0,0.15,4.0,auto
3921,871,927,movement,1,1.0,1,600.0,30,2.0,0.15,4.0,auto
3922,871,935,waiting,1,1.0,1,100000.0,30,0.5,0.15,4.0,auto
3923,872,944,movement,1,1.0,1,600.0,30,2.0,0.15,4.0,auto
3924,872,935,movement,1,1.0,1,600.0,30,2.0,0.15,4.0,auto
3925,872,928,movement,1,1.0,1,600.0,30,2.0,0.15,4.0,auto
3926,872,936,waiting,1,1.0,1,100000.0,30,0.5,0.15,4.0,auto
3927,873,938,movement,1,1.0,1,600.0,30,2.0,0.15,4.0,auto
3928,873,945,movement,1,1.0,1,600.0,30,2.0,0.15,4.0,auto
3929,873,929,movement,1,1.0,1,600.0,30,2.0,0.15,4.0,auto
3930,873,937,waiting,1,1.0,1,100000.0,30,0.5,0.15,4.0,auto
3931,874,939,movement,1,1.0,1,600.0,30,2.0,0.15,4.0,auto
3932,874,946,movement,1,1.0,1,600.0,30,2.0,0.15,4.0,auto
3933,874,937,movement,1,1.0,1,600.0,30,2.0,0.15,4.0,auto
3934,874,930,movement,1,1.0,1,600.0,30,2.0,0.15,4.0,auto
3935,874,938,waiting,1,1.0,1,100000.0,30,0.5,0.15,4.0,auto
3936,875,940,movement,1,1.0,1,600.0,30,2.0,0.15,4.0,auto
3937,875,947,movement,1,1.0,1,600.0,30,2.0,0.15,4.0,auto
3938,875,938,movement,1,1.0,1,600.0,30,2.0,0.15,4.0,auto
3939,875,931,movement,1,1.0,1,600.0,30,2.0,0.15,4.0,auto
3940,875,939,waiting,1,1.0,1,100000.0,30,0.5,0.15,4.0,auto
3941,876,941,movement,1,1.0,1,600.0,30,2.0,0.15,4.0,auto
3942,876,948,movement,1,1.0,1,600.0,30,2.0,0.15,4.0,auto
3943,876,939,movement,1,1.0,1,600.0,30,2.0,0.15,4.0,auto
3944,876,932,movement,1,1.0,1,600.0,30,2.0,0.15,4.0,auto
3945,876,940,waiting,1,1.0,1,100000.0,30,0.5,0.15,4.0,auto
3946,877,942,movement,1,1.0,1,600.0,30,2.0,0.15,4.0,auto
3947,877,949,movement,1,1.0,1,600.0,30,2.0,0.15,4.0,auto
3948,877,940,movement,1,1.0,1,600.0,30,2.0,0.15,4.0,auto
3949,877,933,movement,1,1.0,1,600.0,30,2.0,0.15,4.0,auto
3950,877,941,waiting,1,1.0,1,100000.0,30,0.5,0.15,4.0,auto
3951,878,943,movement,1,1.0,1,600.0,30,2.0,0.15,4.0,auto
3952,878,950,movement,1,1.0,1,600.0,30,2.0,0.15,4.0,auto
3953,878,941,movement,1,1.0,1,600.0,30,2.0,0.15,4.0,auto
3954,878,934,movement,1,1.0,1,600.0,30,2.0,0.15,4.0,auto
3955,878,942,waiting,1,1.0,1,100000.0,30,0.5,0.15,4.0,auto
3956,879,944,movement,1,1.0,1,600.0,30,2.0,0.15,4.0,auto
3957,879,951,movement,1,1.0,1,600.0,30,2.0,0.15,4.0,auto
3958,879,942,movement,1,1.0,1,600.0,30,2.0,0.15,4.0,auto
3959,879,935,movement,1,1.0,1,600.0,30,2.0,0.15,4.0,auto
3960,879,943,waiting,1,1.0,1,100000.0,30,0.5,0.15,4.0,auto
3961,880,952,movement,1,1.0,1,600.0,30,2.0,0.15,4.0,auto
3962,880,943,movement,1,1.0,1,600.0,30,2.0,0.15,4.0,auto
3963,880,936,movement,1,1.0,1,600.0,30,2.0,0.15,4.0,auto
3964,880,944,waiting,1,1.0,1,100000.0,30,0.5,0.15,4.0,auto
3965,881,946,movement,1,1.0,1,600.0,30,2.0,0.15,4.0,auto
3966,881,953,movement,1,1.0,1,600.0,30,2.0,0.15,4.0,auto
3967,881,937,movement,1,1.0,1,600.0,30,2.0,0.15,4.0,auto
3968,881,945,waiting,1,1.0,1,100000.0,30,0.5,0.15,4.0,auto
3969,882,947,movement,1,1.0,1,600.0,30,2.0,0.15,4.0,auto
3970,882,954,movement,1,1.0,1,600.0,30,2.0,0.15,4.0,auto
3971,882,945,movement,1,1.0,1,600.0,30,2.0,0.15,4.0,auto
3972,882,938,movement,1,1.0,1,600.0,30,2.0,0.15,4.0,auto
3973,882,946,waiting,1,1.0,1,100000.0,30,0.5,0.15,4.0,auto
3974,883,948,movement,1,1.0,1,600.0,30,2.0,0.15,4.0,auto
3975,883,955,movement,1,1.0,1,600.0,30,2.0,0.15,4.0,auto
3976,883,946,movement,1,1.0,1,600.0,30,2.0,0.15,4.0,auto
3977,883,939,movement,1,1.0,1,600.0,30,2.0,0.15,4.0,auto
3978,883,947,waiting,1,1.0,1,100000.0,30,0.5,0.15,4.0,auto
3979,884,949,movement,1,1.0,1,600.0,30,2.0,0.15,4.0,auto
3980,884,956,movement,1,1.0,1,600.0,30,2.0,0.15,4.0,auto
3981,884,947,movement,1,1.0,1,600.0,30,2.0,0.15,4.0,auto
3982,884,940,movement,1,1.0,1,600.0,30,2.0,0.15,4.0,auto
3983,884,948,waiting,1,1.0,1,100000.0,30,0.5,0.15,4.0,auto
3984,885,950,movement,1,1.0,1,600.0,30,2.0,0.15,4.0,auto
3985,885,957,movement,1,1.0,1,600.0,30,2.0,0.15,4.0,auto
3986,885,948,movement,1,1.0,1,600.0,30,2.0,0.15,4.0,auto
3987,885,941,movement,1,1.0,1,600.0,30,2.0,0.15,4.0,auto
3988,885,949,waiting,1,1.0,1,100000.0,30,0.5,0.15,4.0,auto
3989,886,951,movement,1,1.0,1,600.0,30,2.0,0.15,4.0,auto
3990,886,958,movement,1,1.0,1,600.0,30,2.0,0.15,4.0,auto
3991,886,949,movement,1,1.0,1,600.0,30,2.0,0.15,4.0,auto
3992,886,942,movement,1,1.0,1,600.0,30,2.0,0.15,4.0,auto
3993,886,950,waiting,1,1.0,1,100000.0,30,0.5,0.15,4.0,auto
3994,887,952,movement,1,1.0,1,600.0,30,2.0,0.15,4.0,auto
3995,887,959,movement,1,1.0,1,600.0,30,2.0,0.15,4.0,auto
3996,887,950,movement,1,1.0,1,600.0,30,2.0,0.15,4.0,auto
3997,887,943,movement,1,1.0,1,600.0,30,2.0,0.15,4.0,auto
3998,887,951,waiting,1,1.0,1,100000.0,30,0.5,0.15,4.0,auto
3999,888,960,movement,1,1.0,1,600.0,30,2.0,0.15,4.0,auto
4000,888,951,movement,1,1.0,1,600.0,30,2.0,0.15,4.0,auto
4001,888,944,movement,1,1.0,1,600.0,30,2.0,0.15,4.0,auto
4002,888,952,waiting,1,1.0,1,100000.0,30,0.5,0.15,4.0,auto
4003,889,954,movement,1,1.0,1,600.0,30,2.0,0.15,4.0,auto
4004,889,945,movement,1,1.0,1,600.0,30,2.0,0.15,4.0,auto
4005,889,953,waiting,1,1.0,1,100000.0,30,0.5,0.15,4.0,auto
4006,890,955,movement,1,1.0,1,600.0,30,2.0,0.15,4.0,auto
4007,890,953,movement,1,1.0,1,600.0,30,2.0,0.15,4.0,auto
4008,890,946,movement,1,1.0,1,600.0,30,2.0,0.15,4.0,auto
4009,890,954,waiting,1,1.0,1,100000.0,30,0.5,0.15,4.0,auto
4010,891,956,movement,1,1.0,1,600.0,30,2.0,0.15,4.0,auto
4011,891,954,movement,1,1.0,1,600.0,30,2.0,0.15,4.0,auto
4012,891,947,movement,1,1.0,1,600.0,30,2.0,0.15,4.0,auto
4013,891,955,waiting,1,1.0,1,100000.0,30,0.5,0.15,4.0,auto
4014,892,957,movement,1,1.0,1,600.0,30,2.0,0.15,4.0,auto
4015,892,955,movement,1,1.0,1,600.0,30,2.0,0.15,4.0,auto
4016,892,948,movement,1,1.0,1,600.0,30,2.0,0.15,4.0,auto
4017,892,956,waiting,1,1.0,1,100000.0,30,0.5,0.15,4.0,auto
4018,893,958,movement,1,1.0,1,600.0,30,2.0,0.15,4.0,auto
4019,893,956,movement,1,1.0,1,600.0,30,2.0,0.15,4.0,auto
4020,893,949,movement,1,1.0,1,600.0,30,2.0,0.15,4.0,auto
4021,893,957,waiting,1,1.0,1,100000.0,30,0.5,0.15,4.0,auto
4022,894,959,movement,1,1.0,1,600.0,30,2.0,0.15,4.0,auto
4023,894,957,movement,1,1.0,1,600.0,30,2.0,0.15,4.0,auto
4024,894,950,movement,1,1.0,1,600.0,30,2.0,0.15,4.0,auto
4025,894,958,waiting,1,1.0,1,100000.0,30,0.5,0.15,4.0,auto
4026,895,960,movement,1,1.0,1,600.0,30,2.0,0.15,4.0,auto
4027,895,958,movement,1,1.0,1,600.0,30,2.0,0.15,4.0,auto
4028,895,951,movement,1,1.0,1,600.0,30,2.0,0.15,4.0,auto
4029,895,959,waiting,1,1.0,1,100000.0,30,0.5,0.15,4.0,auto
4030,896,959,movement,1,1.0,1,600.0,30,2.0,0.15,4.0,auto
4031,896,952,movement,1,1.0,1,600.0,30,2.0,0.15,4.0,auto
4032,896,960,waiting,1,1.0,1,100000.0,30,0.5,0.15,4.0,auto
4033,897,962,movement,1,1.0,1,600.0,30,2.0,0.15,4.0,auto
4034,897,969,movement,1,1.0,1,600.0,30,2.0,0.15,4.0,auto
4035,897,961,waiting,1,1.0,1,100000.0,30,0.5,0.15,4.0,auto
4036,898,963,movement,1,1.0,1,600.0,30,2.0,0.15,4.0,auto
4037,898,970,movement,1,1.0,1,600.0,30,2.0,0.15,4.0,auto
4038,898,961,movement,1,1.0,1,600.0,30,2.0,0.15,4.0,auto
4039,898,962,waiting,1,1.0,1,100000.0,30,0.5,0.15,4.0,auto
4040,899,964,movement,1,1.0,1,600.0,30,2.0,0.15,4.0,auto
4041,899,971,movement,1,1.0,1,600.0,30,2.0,0.15,4.0,auto
4042,899,962,movement,1,1.0,1,600.0,30,2.0,0.15,4.0,auto
4043,899,963,waiting,1,1.0,1,100000.0,30,0.5,0.15,4.0,auto
4044,900,965,movement,1,1.0,1,600.0,30,2.0,0.15,4.0,auto
4045,900,972,movement,1,1.0,1,600.0,30,2.0,0.15,4.0,auto
4046,900,963,movement,1,1.0,1,600.0,30,2.0,0.15,4.0,auto
4047,900,964,waiting,1,1.0,1,100000.0,30,0.5,0.15,4.0,auto
4048,901,966,movement,1,1.0,1,600.0,30,2.0,0.15,4.0,auto
4049,901,973,movement,1,1.0,1,600.0,30,2.0,0.15,4.0,auto
4050,901,964,movement,1,1.0,1,600.0,30,2.0,0.15,4.0,auto
4051,901,965,waiting,1,1.0,1,100000.0,30,0.5,0.15,4.0,auto
4052,902,967,movement,1,1.0,1,600.0,30,2.0,0.15,4.0,auto
4053,902,974,movement,1,1.0,1,600.0,30,2.0,0.15,4.0,auto
4054,902,965,movement,1,1.0,1,600.0,30,2.0,0.15,4.0,auto
4055,902,966,waiting,1,1.0,1,100000.0,30,0.5,0.15,4.0,auto
4056,903,968,movement,1,1.0,1,600.0,30,2.0,0.15,4.0,auto
4057,903,975,movement,1,1.0,1,600.0,30,2.0,0.15,4.0,auto
4058,903,966,movement,1,1.0,1,600.0,30,2.0,0.15,4.0,auto
4059,903,967,waiting,1,1.0,1,100000.0,30,0.5,0.15,4.0,auto
4060,904,976,movement,1,1.0,1,600.0,30,2.0,0.15,4.0,auto
4061,904,967,movement,1,1.0,1,600.0,30,2.0,0.15,4.0,auto
4062,904,968,waiting,1,1.0,1,100000.0,30,0.5,0.15,4.0,auto
4063,905,970,movement,1,1.0,1,600.0,30,2.0,0.15,4.0,auto
4064,905,977,movement,1,1.0,1,600.0,30,2.0,0.15,4.0,auto
4065,905,961,movement,1,1.0,1,600.0,30,2.0,0.15,4.0,auto
4066,905,969,waiting,1,1.0,1,100000.0,30,0.5,0.15,4.0,auto
4067,906,971,movement,1,1.0,1,600.0,30,2.0,0.15,4.0,auto
4068,906,978,movement,1,1.0,1,600.0,30,2.0,0.15,4.0,auto
4069,906,969,movement,1,1.0,1,600.0,30,2.0,0.15,4.0,auto
4070,906,962,movement,1,1.0,1,600.0,30,2.0,0.15,4.0,auto
4071,906,970,waiting,1,1.0,1,100000.0,30,0.5,0.15,4.0,auto
4072,907,972,movement,1,1.0,1,600.0,30,2.0,0.15,4.0,auto
4073,907,979,movement,1,1.0,1,600.0,30,2.0,0.15,4.0,auto
4074,907,970,movement,1,1.0,1,600.0,30,2.0,0.15,4.0,auto
4075,907,963,movement,1,1.0,1,600.0,30,2.0,0.15,4.0,auto
4076,907,971,waiting,1,1.0,1,100000.0,30,0.5,0.15,4.0,auto
4077,908,973,movement,1,1.0,1,600.0,30,2.0,0.15,4.0,auto
4078,908,980,movement,1,1.0,1,600.0,30,2.0,0.15,4.0,auto
4079,908,971,movement,1,1.0,1,600.0,30,2.0,0.15,4.0,auto
4080,908,964,movement,1,1.0,1,600.0,30,2.0,0.15,4.0,auto
4081,908,972,waiting,1,1.0,1,100000.0,30,0.5,0.15,4.0,auto
4082,909,974,movement,1,1.0,1,600.0,30,2.0,0.15,4.0,auto
4083,909,981,movement,1,1.0,1,600.0,30,2.0,0.15,4.0,auto
4084,909,972,movement,1,1.0,1,600.0,30,2.0,0.15,4.0,auto
4085,909,965,movement,1,1.0,1,600.0,30,2.0,0.15,4.0,auto
4086,909,973,waiting,1,1.0,1,100000.0,30,0.5,0.15,4.0,auto
4087,910,975,movement,1,1.0,1,600.0,30,2.0,0.15,4.0,auto
4088,910,982,movement,1,1.0,1,600.0,30,2.0,0.15,4.0,auto
4089,910,973,movement,1,1.0,1,600.0,30,2.0,0.15,4.0,auto
4090,910,966,movement,1,1.0,1,600.0,30,2.0,0.15,4.0,auto
4091,910,974,waiting,1,1.0,1,100000.0,30,0.5,0.15,4.0,auto
4092,911,976,movement,1,1.0,1,600.0,30,2.0,0.15,4.0,auto
4093,911,983,movement,1,1.0,1,600.0,30,2.0,0.15,4.0,auto
4094,911,974,movement,1,1.0,1,600.0,30,2.0,0.15,4.0,auto
4095,911,967,movement,1,1.0,1,600.0,30,2.0,0.15,4.0,auto
4096,911,975,waiting,1,1.0,1,100000.0,30,0.5,0.15,4.0,auto
4097,912,984,movement,1,1.0,1,600.0,30,2.0,0.15,4.0,auto
4098,912,975,movement,1,1.0,1,600.0,30,2.0,0.15,4.0,auto
4099,912,968,movement,1,1.0,1,600.0,30,2.0,0.15,4.0,auto
4100,912,976,waiting,1,1.0,1,100000.0,30,0.5,0.15,4.0,auto
4101,913,978,movement,1,1.0,1,600.0,30,2.0,0.15,4.0,auto
4102,913,985,movement,1,1.0,1,600.0,30,2.0,0.15,4.0,auto
4103,913,969,movement,1,1.0,1,600.0,30,2.0,0.15,4.0,auto
4104,913,977,waiting,1,1.0,1,100000.0,30,0.5,0.15,4.0,auto
4105,914,979,movement,1,1.0,1,600.0,30,2.0,0.15,4.0,auto
4106,914,986,movement,1,1.0,1,600.0,30,2.0,0.15,4.0,auto
4107,914,977,movement,1,1.0,1,600.0,30,2.0,0.15,4.0,auto
4108,914,970,movement,1,1.0,1,600.0,30,2.0,0.15,4.0,auto
4109,914,978,waiting,1,1.0,1,100000.0,30,0.5,0.15,4.0,auto
4110,915,980,movement,1,1.0,1,600.0,30,2.0,0.15,4.0,auto
4111,915,987,movement,1,1.0,1,600.0,30,2.0,0.15,4.0,auto
4112,915,978,movement,1,1.0,1,600.0,30,2.0,0.15,4.0,auto
4113,915,971,movement,1,1.0,1,600.0,30,2.0,0.15,4.0,auto
4114,915,979,waiting,1,1.0,1,100000.0,30,0.5,0.15,4.0,auto
4115,916,981,movement,1,1.0,1,600.0,30,2.0,0.15,4.0,auto
4116,916,988,movement,1,1.0,1,600.0,30,2.0,0.15,4.0,auto
4117,916,979,movement,1,1.0,1,600.0,30,2.0,0.15,4.0,auto
4118,916,972,movement,1,1.0,1,600.0,30,2.0,0.15,4.0,auto
4119,916,980,waiting,1,1.0,1,100000.0,30,0.5,0.15,4.0,auto
4120,917,982,movement,1,1.0,1,600.0,30,2.0,0.15,4.0,auto
4121,917,989,movement,1,1.0,1,600.0,30,2.0,0.15,4.0,auto
4122,917,980,movement,1,1.0,1,600.0,30,2.0,0.15,4.0,auto
4123,917,973,movement,1,1.0,1,600.0,30,2.0,0.15,4.0,auto
4124,917,981,waiting,1,1.0,1,100000.0,30,0.5,0.15,4.0,auto
4125,918,983,movement,1,1.0,1,600.0,30,2.0,0.15,4.0,auto
4126,918,990,movement,1,1.0,1,600.0,30,2.0,0.15,4.0,auto
4127,918,981,movement,1,1.0,1,600.0,30,2.0,0.15,4.0,auto
4128,918,974,movement,1,1.0,1,600.0,30,2.0,0.15,4.0,auto
4129,918,982,waiting,1,1.0,1,100000.0,30,0.5,0.15,4.0,auto
4130,919,984,movement,1,1.0,1,600.0,30,2.0,0.15,4.0,auto
4131,919,991,movement,1,1.0,1,600.0,30,2.0,0.15,4.0,auto
4132,919,982,movement,1,1.0,1,600.0,30,2.0,0.15,4.0,auto
4133,919,975,movement,1,1.0,1,600.0,30,2.0,0.15,4.0,auto
4134,919,983,waiting,1,1.0,1,100000.0,30,0.5,0.15,4.0,auto
4135,920,992,movement,1,1.0,1,600.0,30,2.0,0.15,4.0,auto
4136,920,983,movement,1,1.0,1,600.0,30,2.0,0.15,4.0,auto
4137,920,976,movement,1,1.0,1,600.0,30,2.0,0.15,4.0,auto
4138,920,984,waiting,1,1.0,1,100000.0,30,0.5,0.15,4.0,auto
4139,921,986,movement,1,1.0,1,600.0,30,2.0,0.15,4.0,auto
4140,921,993,movement,1,1.0,1,600.0,30,2.0,0.15,4.0,auto
4141,921,977,movement,1,1.0,1,600.0,30,2.0,0.15,4.0,auto
4142,921,985,waiting,1,1.0,1,100000.0,30,0.5,0.15,4.0,auto
4143,922,987,movement,1,1.0,1,600.0,30,2.0,0.15,4.0,auto
4144,922,994,movement,1,1.0,1,600.0,30,2.0,0.15,4.0,auto
4145,922,985,movement,1,1.0,1,600.0,30,2.0,0.15,4.0,auto
4146,922,978,movement,1,1.0,1,600.0,30,2.0,0.15,4.0,auto
4147,922,986,waiting,1,1.0,1,100000.0,30,0.5,0.15,4.0,auto
4148,923,988,movement,1,1.0,1,600.0,30,2.0,0.15,4.0,auto
4149,923,995,movement,1,1.0,1,600.0,30,2.0,0.15,4.0,auto
4150,923,986,movement,1,1.0,1,600.0,30,2.0,0.15,4.0,auto
4151,923,979,movement,1,1.0,1,600.0,30,2.0,0.15,4.0,auto
4152,923,987,waiting,1,1.0,1,100000.0,30,0.5,0.15,4.0,auto
4153,924,989,movement,1,1.0,1,600.0,30,2.0,0.15,4.0,auto
4154,924,996,movement,1,1.0,1,600.0,30,2.0,0.15,4.0,auto
4155,924,987,movement,1,1.0,1,600.0,30,2.0,0.15,4.0,auto
4156,924,980,movement,1,1.0,1,600.0,30,2.0,0.15,4.0,auto
4157,924,988,waiting,1,1.0,1,100000.0,30,0.5,0.15,4.0,auto
4158,925,990,movement,1,1.0,1,600.0,30,2.0,0.15,4.0,auto
4159,925,997,movement,1,1.0,1,600.0,30,2.0,0.15,4.0,auto
4160,925,988,movement,1,1.0,1,600.0,30,2.0,0.15,4.0,auto
4161,925,981,movement,1,1.0,1,600.0,30,2.0,0.15,4.0,auto
4162,925,989,waiting,1,1.0,1,100000.0,30,0.5,0.15,4.0,auto
4163,926,991,movement,1,1.0,1,600.0,30,2.0,0.15,4.0,auto
4164,926,998,movement,1,1.0,1,600.0,30,2.0,0.15,4.0,auto
4165,926,989,movement,1,1.0,1,600.0,30,2.0,0.15,4.0,auto
4166,926,982,movement,1,1.0,1,600.0,30,2.0,0.15,4.0,auto
4167,926,990,waiting,1,1.0,1,100000.0,30,0.5,0.15,4.0,auto
4168,927,992,movement,1,1.0,1,600.0,30,2.0,0.15,4.0,auto
4169,927,999,movement,1,1.0,1,600.0,30,2.0,0.15,4.0,auto
4170,927,990,movement,1,1.0,1,600.0,30,2.0,0.15,4.0,auto
4171,927,983,movement,1,1.0,1,600.0,30,2.0,0.15,4.0,auto
4172,927,991,waiting,1,1.0,1,100000.0,30,0.5,0.15,4.0,auto
4173,928,1000,movement,1,1.0,1,600.0,30,2.0,0.15,4.0,auto
4174,928,991,movement,1,1.0,1,600.0,30,2.0,0.15,4.0,auto
4175,928,984,movement,1,1.0,1,600.0,30,2.0,0.15,4.0,auto
4176,928,992,waiting,1,1.0,1,100000.0,30,0.5,0.15,4.0,auto
4177,929,994,movement,1,1.0,1,600.0,30,2.0,0.15,4.0,auto
4178,929,1001,movement,1,1.0,1,600.0,30,2.0,0.15,4.0,auto
4179,929,985,movement,1,1.0,1,600.0,30,2.0,0.15,4.0,auto
4180,929,993,waiting,1,1.0,1,100000.0,30,0.5,0.15,4.0,auto
4181,930,995,movement,1,1.0,1,600.0,30,2.0,0.15,4.0,auto
4182,930,1002,movement,1,1.0,1,600.0,30,2.0,0.15,4.0,auto
4183,930,993,movement,1,1.0,1,600.0,30,2.0,0.15,4.0,auto
4184,930,986,movement,1,1.0,1,600.0,30,2.0,0.15,4.0,auto
4185,930,994,waiting,1,1.0,1,100000.0,30,0.5,0.15,4.0,auto
4186,931,996,movement,1,1.0,1,600.0,30,2.0,0.15,4.0,auto
4187,931,1003,movement,1,1.0,1,600.0,30,2.0,0.15,4.0,auto
4188,931,994,movement,1,1.0,1,600.0,30,2.0,0.15,4.0,auto
4189,931,987,movement,1,1.0,1,600.0,30,2.0,0.15,4.0,auto
4190,931,995,waiting,1,1.0,1,100000.0,30,0.5,0.15,4.0,auto
4191,932,997,movement,1,1.0,1,600.0,30,2.0,0.15,4.0,auto
4192,932,1004,movement,1,1.0,1,600.0,30,2.0,0.15,4.0,auto
4193,932,995,movement,1,1.0,1,600.0,30,2.0,0.15,4.0,auto
4194,932,988,movement,1,1.0,1,600.0,30,2.0,0.15,4.0,auto
4195,932,996,waiting,1,1.0,1,100000.0,30,0.5,0.15,4.0,auto
4196,933,998,movement,1,1.0,1,600.0,30,2.0,0.15,4.0,auto
4197,933,1005,movement,1,1.0,1,600.0,30,2.0,0.15,4.0,auto
4198,933,996,movement,1,1.0,1,600.0,30,2.0,0.15,4.0,auto
4199,933,989,movement,1,1.0,1,600.0,30,2.0,0.15,4.0,auto
4200,933,997,waiting,1,1.0,1,100000.0,30,0.5,0.15,4.0,auto
4201,934,999,movement,1,1.0,1,600.0,30,2.0,0.15,4.0,auto
4202,934,1006,movement,1,1.0,1,600.0,30,2.0,0.15,4.0,auto
4203,934,997,movement,1,1.0,1,600.0,30,2.0,0.15,4.0,auto
4204,934,990,movement,1,1.0,1,600.0,30,2.0,0.15,4.0,auto
4205,934,998,waiting,1,1.0,1,100000.0,30,0.5,0.15,4.0,auto
4206,935,1000,movement,1,1.0,1,600.0,30,2.0,0.15,4.0,auto
4207,935,1007,movement,1,1.0,1,600.0,30,2.0,0.15,4.0,auto
4208,935,998,movement,1,1.0,1,600.0,30,2.0,0.15,4.0,auto
4209,935,991,movement,1,1.0,1,600.0,30,2.0,0.15,4.0,auto
4210,935,999,waiting,1,1.0,1,100000.0,30,0.5,0.15,4.0,auto
4211,936,1008,movement,1,1.0,1,600.0,30,2.0,0.15,4.0,auto
4212,936,999,movement,1,1.0,1,600.0,30,2.0,0.15,4.0,auto
4213,936,992,movement,1,1.0,1,600.0,30,2.0,0.15,4.0,auto
4214,936,1000,waiting,1,1.0,1,100000.0,30,0.5,0.15,4.0,auto
4215,937,1002,movement,1,1.0,1,600.0,30,2.0,0.15,4.0,auto
4216,937,1009,movement,1,1.0,1,600.0,30,2.0,0.15,4.0,auto
4217,937,993,movement,1,1.0,1,600.0,30,2.0,0.15,4.0,auto
4218,937,1001,waiting,1,1.0,1,100000.0,30,0.5,0.15,4.0,auto
4219,938,1003,movement,1,1.0,1,600.0,30,2.0,0.15,4.0,auto
4220,938,1010,movement,1,1.0,1,600.0,30,2.0,0.15,4.0,auto
4221,938,1001,movement,1,1.0,1,600.0,30,2.0,0.15,4.0,auto
4222,938,994,movement,1,1.0,1,600.0,30,2.0,0.15,4.0,auto
4223,938,1002,waiting,1,1.0,1,100000.0,30,0.5,0.15,4.0,auto
4224,939,1004,movement,1,1.0,1,600.0,30,2.0,0.15,4.0,auto
4225,939,1011,movement,1,1.0,1,600.0,30,2.0,0.15,4.0,auto
4226,939,1002,movement,1,1.0,1,600.0,30,2.0,0.15,4.0,auto
4227,939,995,movement,1,1.0,1,600.0,30,2.0,0.15,4.0,auto
4228,939,1003,waiting,1,1.0,1,100000.0,30,0.5,0.15,4.0,auto
4229,940,1005,movement,1,1.0,1,600.0,30,2.0,0.15,4.0,auto
4230,940,1012,movement,1,1.0,1,600.0,30,2.0,0.15,4.0,auto
4231,940,1003,movement,1,1.0,1,600.0,30,2.0,0.15,4.0,auto
4232,940,996,movement,1,1.0,1,600.0,30,2.0,0.15,4.0,auto
4233,940,1004,waiting,1,1.0,1,100000.0,30,0.5,0.15,4.0,auto
4234,941,1006,movement,1,1.0,1,600.0,30,2.0,0.15,4.0,auto
4235,941,1013,movement,1,1.0,1,600.0,30,2.0,0.15,4.0,auto
4236,941,1004,movement,1,1.0,1,600.0,30,2.0,0.15,4.0,auto
4237,941,997,movement,1,1.0,1,600.0,30,2.0,0.15,4.0,auto
4238,941,1005,waiting,1,1.0,1,100000.0,30,0.5,0.15,4.0,auto
4239,942,1007,movement,1,1.0,1,600.0,30,2.0,0.15,4.0,auto
4240,942,1014,movement,1,1.0,1,600.0,30,2.0,0.15,4.0,auto
4241,942,1005,movement,1,1.0,1,600.0,30,2.0,0.15,4.0,auto
4242,942,998,movement,1,1.0,1,600.0,30,2.0,0.15,4.0,auto
4243,942,1006,waiting,1,1.0,1,100000.0,30,0.5,0.15,4.0,auto
4244,943,1008,movement,1,1.0,1,600.0,30,2.0,0.15,4.0,auto
4245,943,1015,movement,1,1.0,1,600.0,30,2.0,0.15,4.0,auto
4246,943,1006,movement,1,1.0,1,600.0,30,2.0,0.15,4.0,auto
4247,943,999,movement,1,1.0,1,600.0,30,2.0,0.15,4.0,auto
4248,943,1007,waiting,1,1.0,1,100000.0,30,0.5,0.15,4.0,auto
4249,944,1016,movement,1,1.0,1,600.0,30,2.0,0.15,4.0,auto
4250,944,1007,movement,1,1.0,1,600.0,30,2.0,0.15,4.0,auto
4251,944,1000,movement,1,1.0,1,600.0,30,2.0,0.15,4.0,auto
4252,944,1008,waiting,1,1.0,1,100000.0,30,0.5,0.15,4.0,auto
4253,945,1010,movement,1,1.0,1,600.0,30,2.0,0.15,4.0,auto
4254,945,1017,movement,1,1.0,1,600.0,30,2.0,0.15,4.0,auto
4255,945,1001,movement,1,1.0,1,600.0,30,2.0,0.15,4.0,auto
4256,945,1009,waiting,1,1.0,1,100000.0,30,0.5,0.15,4.0,auto
4257,946,1011,movement,1,1.0,1,600.0,30,2.0,0.15,4.0,auto
4258,946,1018,movement,1,1.0,1,600.0,30,2.0,0.15,4.0,auto
4259,946,1009,movement,1,1.0,1,600.0,30,2.0,0.15,4.0,auto
4260,946,1002,movement,1,1.0,1,600.0,30,2.0,0.15,4.0,auto
4261,946,1010,waiting,1,1.0,1,100000.0,30,0.5,0.15,4.0,auto
4262,947,1012,movement,1,1.0,1,600.0,30,2.0,0.15,4.0,auto
4263,947,1019,movement,1,1.0,1,600.0,30,2.0,0.15,4.0,auto
4264,947,1010,movement,1,1.0,1,600.0,30,2.0,0.15,4.0,auto
4265,947,1003,movement,1,1.0,1,600.0,30,2.0,0.15,4.0,auto
4266,947,1011,waiting,1,1.0,1,100000.0,30,0.5,0.15,4.0,auto
4267,948,1013,movement,1,1.0,1,600.0,30,2.0,0.15,4.0,auto
4268,948,1020,movement,1,1.0,1,600.0,30,2.0,0.15,4.0,auto
4269,948,1011,movement,1,1.0,1,600.0,30,2.0,0.15,4.0,auto
4270,948,1004,movement,1,1.0,1,600.0,30,2.0,0.15,4.0,auto
4271,948,1012,waiting,1,1.0,1,100000.0,30,0.5,0.15,4.0,auto
4272,949,1014,movement,1,1.0,1,600.0,30,2.0,0.15,4.0,auto
4273,949,1021,movement,1,1.0,1,600.0,30,2.0,0.15,4.0,auto
4274,949,1012,movement,1,1.0,1,600.0,30,2.0,0.15,4.0,auto
4275,949,1005,movement,1,1.0,1,600.0,30,2.0,0.15,4.0,auto
4276,949,1013,waiting,1,1.0,1,100000.0,30,0.5,0.15,4.0,auto
4277,950,1015,movement,1,1.0,1,600.0,30,2.0,0.15,4.0,auto
4278,950,1022,movement,1,1.0,1,600.0,30,2.0,0.15,4.0,auto
4279,950,1013,movement,1,1.0,1,600.0,30,2.0,0.15,4.0,auto
4280,950,1006,movement,1,1.0,1,600.0,30,2.0,0.15,4.0,auto
4281,950,1014,waiting,1,1.0,1,100000.0,30,0.5,0.15,4.0,auto
4282,951,1016,movement,1,1.0,1,600.0,30,2.0,0.15,4.0,auto
4283,951,1023,movement,1,1.0,1,600.0,30,2.0,0.15,4.0,auto
4284,951,1014,movement,1,1.0,1,600.0,30,2.0,0.15,4.0,auto
4285,951,1007,movement,1,1.0,1,600.0,30,2.0,0.15,4.0,auto
4286,951,1015,waiting,1,1.0,1,100000.0,30,0.5,0.15,4.0,auto
4287,952,1024,movement,1,1.0,1,600.0,30,2.0,0.15,4.0,auto
4288,952,1015,movement,1,1.0,1,600.0,30,2.0,0.15,4.0,auto
4289,952,1008,movement,1,1.0,1,600.0,30,2.0,0.15,4.0,auto
4290,952,1016,waiting,1,1.0,1,100000.0,30,0.5,0.15,4.0,auto
4291,953,1018,movement,1,1.0,1,600.0,30,2.0,0.15,4.0,auto
4292,953,1009,movement,1,1.0,1,600.0,30,2.0,0.15,4.0,auto
4293,953,1017,waiting,1,1.0,1,100000.0,30,0.5,0.15,4.0,auto
4294,954,1019,movement,1,1.0,1,600.0,30,2.0,0.15,4.0,auto
4295,954,1017,movement,1,1.0,1,600.0,30,2.0,0.15,4.0,auto
4296,954,1010,movement,1,1.0,1,600.0,30,2.0,0.15,4.0,auto
4297,954,1018,waiting,1,1.0,1,100000.0,30,0.5,0.15,4.0,auto
4298,955,1020,movement,1,1.0,1,600.0,30,2.0,0.15,4.0,auto
4299,955,1018,movement,1,1.0,1,600.0,30,2.0,0.15,4.0,auto
4300,955,1011,movement,1,1.0,1,600.0,30,2.0,0.15,4.0,auto
4301,955,1019,waiting,1,1.0,1,100000.0,30,0.5,0.15,4.0,auto
4302,956,1021,movement,1,1.0,1,600.0,30,2.0,0.15,4.0,auto
4303,956,1019,movement,1,1.0,1,600.0,30,2.0,0.15,4.0,auto
4304,956,1012,movement,1,1.0,1,600.0,30,2.0,0.15,4.0,auto
4305,956,1020,waiting,1,1.0,1,100000.0,30,0.5,0.15,4.0,auto
4306,957,1022,movement,1,1.0,1,600.0,30,2.0,0.15,4.0,auto
4307,957,1020,movement,1,1.0,1,600.0,30,2.0,0.15,4.0,auto
4308,957,1013,movement,1,1.0,1,600.0,30,2.0,0.15,4.0,auto
4309,957,1021,waiting,1,1.0,1,100000.0,30,0.5,0.15,4.0,auto
4310,958,1023,movement,1,1.0,1,600.0,30,2.0,0.15,4.0,auto
4311,958,1021,movement,1,1.0,1,600.0,30,2.0,0.15,4.0,auto
4312,958,1014,movement,1,1.0,1,600.0,30,2.0,0.15,4.0,auto
4313,958,1022,waiting,1,1.0,1,100000.0,30,0.5,0.15,4.0,auto
4314,959,1024,movement,1,1.0,1,600.0,30,2.0,0.15,4.0,auto
4315,959,1022,movement,1,1.0,1,600.0,30,2.0,0.15,4.0,auto
4316,959,1015,movement,1,1.0,1,600.0,30,2.0,0.15,4.0,auto
4317,959,1023,waiting,1,1.0,1,100000.0,30,0.5,0.15,4.0,auto
4318,960,1023,movement,1,1.0,1,600.0,30,2.0,0.15,4.0,auto
4319,960,1016,movement,1,1.0,1,600.0,30,2.0,0.15,4.0,auto
4320,960,1024,waiting,1,1.0,1,100000.0,30,0.5,0.15,4.0,auto
4321,961,1026,movement,1,1.0,1,600.0,30,2.0,0.15,4.0,auto
4322,961,1033,movement,1,1.0,1,600.0,30,2.0,0.15,4.0,auto
4323,961,1025,waiting,1,1.0,1,100000.0,30,0.5,0.15,4.0,auto
4324,962,1027,movement,1,1.0,1,600.0,30,2.0,0.15,4.0,auto
4325,962,1034,movement,1,1.0,1,600.0,30,2.0,0.15,4.0,auto
4326,962,1025,movement,1,1.0,1,600.0,30,2.0,0.15,4.0,auto
4327,962,1026,waiting,1,1.0,1,100000.0,30,0.5,0.15,4.0,auto
4328,963,1028,movement,1,1.0,1,600.0,30,2.0,0.15,4.0,auto
4329,963,1035,movement,1,1.0,1,600.0,30,2.0,0.15,4.0,auto
4330,963,1026,movement,1,1.0,1,600.0,30,2.0,0.15,4.0,auto
4331,963,1027,waiting,1,1.0,1,100000.0,30,0.5,0.15,4.0,auto
4332,964,1029,movement,1,1.0,1,600.0,30,2.0,0.15,4.0,auto
4333,964,1036,movement,1,1.0,1,600.0,30,2.0,0.15,4.0,auto
4334,964,1027,movement,1,1.0,1,600.0,30,2.0,0.15,4.0,auto
4335,964,1028,waiting,1,1.0,1,100000.0,30,0.5,0.15,4.0,auto
4336,965,1030,movement,1,1.0,1,600.0,30,2.0,0.15,4.0,auto
4337,965,1037,movement,1,1.0,1,600.0,30,2.0,0.15,4.0,auto
4338,965,1028,movement,1,1.0,1,600.0,30,2.0,0.15,4.0,auto
4339,965,1029,waiting,1,1.0,1,100000.0,30,0.5,0.15,4.0,auto
4340,966,1031,movement,1,1.0,1,600.0,30,2.0,0.15,4.0,auto
4341,966,1038,movement,1,1.0,1,600.0,30,2.0,0.15,4.0,auto
4342,966,1029,movement,1,1.0,1,600.0,30,2.0,0.15,4.0,auto
4343,966,1030,waiting,1,1.0,1,100000.0,30,0.5,0.15,4.0,auto
4344,967,1032,movement,1,1.0,1,600.0,30,2.0,0.15,4.0,auto
4345,967,1039,movement,1,1.0,1,600.0,30,2.0,0.15,4.0,auto
4346,967,1030,movement,1,1.0,1,600.0,30,2.0,0.15,4.0,auto
4347,967,1031,waiting,1,1.0,1,100000.0,30,0.5,0.15,4.0,auto
4348,968,1040,movement,1,1.0,1,600.0,30,2.0,0.15,4.0,auto
4349,968,1031,movement,1,1.0,1,600.0,30,2.0,0.15,4.0,auto
4350,968,1032,waiting,1,1.0,1,100000.0,30,0.5,0.15,4.0,auto
4351,969,1034,movement,1,1.0,1,600.0,30,2.0,0.15,4.0,auto
4352,969,1041,movement,1,1.0,1,600.0,30,2.0,0.15,4.0,auto
4353,969,1025,movement,1,1.0,1,600.0,30,2.0,0.15,4.0,auto
4354,969,1033,waiting,1,1.0,1,100000.0,30,0.5,0.15,4.0,auto
4355,970,1035,movement,1,1.0,1,600.0,30,2.0,0.15,4.0,auto
4356,970,1042,movement,1,1.0,1,600.0,30,2.0,0.15,4.0,auto
4357,970,1033,movement,1,1.0,1,600.0,30,2.0,0.15,4.0,auto
4358,970,1026,movement,1,1.0,1,600.0,30,2.0,0.15,4.0,auto
4359,970,1034,waiting,1,1.0,1,100000.0,30,0.5,0.15,4.0,auto
4360,971,1036,movement,1,1.0,1,600.0,30,2.0,0.15,4.0,auto
4361,971,1043,movement,1,1.0,1,600.0,30,2.0,0.15,4.0,auto
4362,971,1034,movement,1,1.0,1,600.0,30,2.0,0.15,4.0,auto
4363,971,1027,movement,1,1.0,1,600.0,30,2.0,0.15,4.0,auto
4364,971,1035,waiting,1,1.0,1,100000.0,30,0.5,0.15,4.0,auto
4365,972,1037,movement,1,1.0,1,600.0,30,2.0,0.15,4.0,auto
4366,972,1044,movement,1,1.0,1,600.0,30,2.0,0.15,4.0,auto
4367,972,1035,movement,1,1.0,1,600.0,30,2.0,0.15,4.0,auto
4368,972,1028,movement,1,1.0,1,600.0,30,2.0,0.15,4.0,auto
4369,972,1036,waiting,1,1.0,1,100000.0,30,0.5,0.15,4.0,auto
4370,973,1038,movement,1,1.0,1,600.0,30,2.0,0.15,4.0,auto
4371,973,1045,movement,1,1.0,1,600.0,30,2.0,0.15,4.0,auto
4372,973,1036,movement,1,1.0,1,600.0,30,2.0,0.15,4.0,auto
4373,973,1029,movement,1,1.0,1,600.0,30,2.0,0.15,4.0,auto
4374,973,1037,waiting,1,1.0,1,100000.0,30,0.5,0.15,4.0,auto
4375,974,1039,movement,1,1.0,1,600.0,30,2.0,0.15,4.0,auto
4376,974,1046,movement,1,1.0,1,600.0,30,2.0,0.15,4.0,auto
4377,974,1037,movement,1,1.0,1,600.0,30,2.0,0.15,4.0,auto
4378,974,1030,movement,1,1.0,1,600.0,30,2.0,0.15,4.0,auto
4379,974,1038,waiting,1,1.0,1,100000.0,30,0.5,0.15,4.0,auto
4380,975,1040,movement,1,1.0,1,600.0,30,2.0,0.15,4.0,auto
4381,975,1047,movement,1,1.0,1,600.0,30,2.0,0.15,4.0,auto
4382,975,1038,movement,1,1.0,1,600.0,30,2.0,0.15,4.0,auto
4383,975,1031,movement,1,1.0,1,600.0,30,2.0,0.15,4.0,auto
4384,975,1039,waiting,1,1.0,1,100000.0,30,0.5,0.15,4.0,auto
4385,976,1048,movement,1,1.0,1,600.0,30,2.0,0.15,4.0,auto
4386,976,1039,movement,1,1.0,1,600.0,30,2.0,0.15,4.0,auto
4387,976,1032,movement,1,1.0,1,600.0,30,2.0,0.15,4.0,auto
4388,976,1040,waiting,1,1.0,1,100000.0,30,0.5,0.15,4.0,auto
4389,977,1042,movement,1,1.0,1,600.0,30,2.0,0.15,4.0,auto
4390,977,1049,movement,1,1.0,1,600.0,30,2.0,0.15,4.0,auto
4391,977,1033,movement,1,1.0,1,600.0,30,2.0,0.15,4.0,auto
4392,977,1041,waiting,1,1.0,1,100000.0,30,0.5,0.15,4.0,auto
4393,978,1043,movement,1,1.0,1,600.0,30,2.0,0.15,4.0,auto
4394,978,1050,movement,1,1.0,1,600.0,30,2.0,0.15,4.0,auto
4395,978,1041,movement,1,1.0,1,600.0,30,2.0,0.15,4.0,auto
4396,978,1034,movement,1,1.0,1,600.0,30,2.0,0.15,4.0,auto
4397,978,1042,waiting,1,1.0,1,100000.0,30,0.5,0.15,4.0,auto
4398,979,1044,movement,1,1.0,1,600.0,30,2.0,0.15,4.0,auto
4399,979,1051,movement,1,1.0,1,600.0,30,2.0,0.15,4.0,auto
4400,979,1042,movement,1,1.0,1,600.0,30,2.0,0.15,4.0,auto
4401,979,1035,movement,1,1.0,1,600.0,30,2.0,0.15,4.0,auto
4402,979,1043,waiting,1,1.0,1,100000.0,30,0.5,0.15,4.0,auto
4403,980,1045,movement,1,1.0,1,600.0,30,2.0,0.15,4.0,auto
4404,980,1052,movement,1,1.0,1,600.0,30,2.0,0.15,4.0,auto
4405,980,1043,movement,1,1.0,1,600.0,30,2.0,0.15,4.0,auto
4406,980,1036,movement,1,1.0,1,600.0,30,2.0,0.15,4.0,auto
4407,980,1044,waiting,1,1.0,1,100000.0,30,0.5,0.15,4.0,auto
4408,981,1046,movement,1,1.0,1,600.0,30,2.0,0.15,4.0,auto
4409,981,1053,movement,1,1.0,1,600.0,30,2.0,0.15,4.0,auto
4410,981,1044,movement,1,1.0,1,600.0,30,2.0,0.15,4.0,auto
4411,981,1037,movement,1,1.0,1,600.0,30,2.0,0.15,4.0,auto
4412,981,1045,waiting,1,1.0,1,100000.0,30,0.5,0.15,4.0,auto
4413,982,1047,movement,1,1.0,1,600.0,30,2.0,0.15,4.0,auto
4414,982,1054,movement,1,1.0,1,600.0,30,2.0,0.15,4.0,auto
4415,982,1045,movement,1,1.0,1,600.0,30,2.0,0.15,4.0,auto
4416,982,1038,movement,1,1.0,1,600.0,30,2.0,0.15,4.0,auto
4417,982,1046,waiting,1,1.0,1,100000.0,30,0.5,0.15,4.0,auto
4418,983,1048,movement,1,1.0,1,600.0,30,2.0,0.15,4.0,auto
4419,983,1055,movement,1,1.0,1,600.0,30,2.0,0.15,4.0,auto
4420,983,1046,movement,1,1.0,1,600.0,30,2.0,0.15,4.0,auto
4421,983,1039,movement,1,1.0,1,600.0,30,2.0,0.15,4.0,auto
4422,983,1047,waiting,1,1.0,1,100000.0,30,0.5,0.15,4.0,auto
4423,984,1056,movement,1,1.0,1,600.0,30,2.0,0.15,4.0,auto
4424,984,1047,movement,1,1.0,1,600.0,30,2.0,0.15,4.0,auto
4425,984,1040,movement,1,1.0,1,600.0,30,2.0,0.15,4.0,auto
4426,984,1048,waiting,1,1.0,1,100000.0,30,0.5,0.15,4.0,auto
4427,985,1050,movement,1,1.0,1,600.0,30,2.0,0.15,4.0,auto
4428,985,1057,movement,1,1.0,1,600.0,30,2.0,0.15,4.0,auto
4429,985,1041,movement,1,1.0,1,600.0,30,2.0,0.15,4.0,auto
4430,985,1049,waiting,1,1.0,1,100000.0,30,0.5,0.15,4.0,auto
4431,986,1051,movement,1,1.0,1,600.0,30,2.0,0.15,4.0,auto
4432,986,1058,movement,1,1.0,1,600.0,30,2.0,0.15,4.0,auto
4433,986,1049,movement,1,1.0,1,600.0,30,2.0,0.15,4.0,auto
4434,986,1042,movement,1,1.0,1,600.0,30,2.0,0.15,4.0,auto
4435,986,1050,waiting,1,1.0,1,100000.0,30,0.5,0.15,4.0,auto
4436,987,1052,movement,1,1.0,1,600.0,30,2.0,0.15,4.0,auto
4437,987,1059,movement,1,1.0,1,600.0,30,2.0,0.15,4.0,auto
4438,987,1050,movement,1,1.0,1,600.0,30,2.0,0.15,4.0,auto
4439,987,1043,movement,1,1.0,1,600.0,30,2.0,0.15,4.0,auto
4440,987,1051,waiting,1,1.0,1,100000.0,30,0.5,0.15,4.0,auto
4441,988,1053,movement,1,1.0,1,600.0,30,2.0,0.15,4.0,auto
4442,988,1060,movement,1,1.0,1,600.0,30,2.0,0.15,4.0,auto
4443,988,1051,movement,1,1.0,1,600.0,30,2.0,0.15,4.0,auto
4444,988,1044,movement,1,1.0,1,600.0,30,2.0,0.15,4.0,auto
4445,988,1052,waiting,1,1.0,1,100000.0,30,0.5,0.15,4.0,auto
4446,989,1054,movement,1,1.0,1,600.0,30,2.0,0.15,4.0,auto
4447,989,1061,movement,1,1.0,1,600.0,30,2.0,0.15,4.0,auto
4448,989,1052,movement,1,1.0,1,600.0,30,2.0,0.15,4.0,auto
4449,989,1045,movement,1,1.0,1,600.0,30,2.0,0.15,4.0,auto
4450,989,1053,waiting,1,1.0,1,100000.0,30,0.5,0.15,4.0,auto
4451,990,1055,movement,1,1.0,1,600.0,30,2.0,0.15,4.0,auto
4452,990,1062,movement,1,1.0,1,600.0,30,2.0,0.15,4.0,auto
4453,990,1053,movement,1,1.0,1,600.0,30,2.0,0.15,4.0,auto
4454,990,1046,movement,1,1.0,1,600.0,30,2.0,0.15,4.0,auto
4455,990,1054,waiting,1,1.0,1,100000.0,30,0.5,0.15,4.0,auto
4456,991,1056,movement,1,1.0,1,600.0,30,2.0,0.15,4.0,auto
4457,991,1063,movement,1,1.0,1,600.0,30,2.0,0.15,4.0,auto
4458,991,1054,movement,1,1.0,1,600.0,30,2.0,0.15,4.0,auto
4459,991,1047,movement,1,1.0,1,600.0,30,2.0,0.15,4.0,auto
4460,991,1055,waiting,1,1.0,1,100000.0,30,0.5,0.15,4.0,auto
4461,992,1064,movement,1,1.0,1,600.0,30,2.0,0.15,4.0,auto
4462,992,1055,movement,1,1.0,1,600.0,30,2.0,0.15,4.0,auto
4463,992,1048,movement,1,1.0,1,600.0,30,2.0,0.15,4.0,auto
4464,992,1056,waiting,1,1.0,1,100000.0,30,0.5,0.15,4.0,auto
4465,993,1058,movement,1,1.0,1,600.0,30,2.0,0.15,4.0,auto
4466,993,1065,movement,1,1.0,1,600.0,30,2.0,0.15,4.0,auto
4467,993,1049,movement,1,1.0,1,600.0,30,2.0,0.15,4.0,auto
4468,993,1057,waiting,1,1.0,1,100000.0,30,0.5,0.15,4.0,auto
4469,994,1059,movement,1,1.0,1,600.0,30,2.0,0.15,4.0,auto
4470,994,1066,movement,1,1.0,1,600.0,30,2.0,0.15,4.0,auto
4471,994,1057,movement,1,1.0,1,600.0,30,2.0,0.15,4.0,auto
4472,994,1050,movement,1,1.0,1,600.0,30,2.0,0.15,4.0,auto
4473,994,1058,waiting,1,1.0,1,100000.0,30,0.5,0.15,4.0,auto
4474,995,1060,movement,1,1.0,1,600.0,30,2.0,0.15,4.0,auto
4475,995,1067,movement,1,1.0,1,600.0,30,2.0,0.15,4.0,auto
4476,995,1058,movement,1,1.0,1,600.0,30,2.0,0.15,4.0,auto
4477,995,1051,movement,1,1.0,1,600.0,30,2.0,0.15,4.0,auto
4478,995,1059,waiting,1,1.0,1,100000.0,30,0.5,0.15,4.0,auto
4479,996,1061,movement,1,1.0,1,600.0,30,2.0,0.15,4.0,auto
4480,996,1068,movement,1,1.0,1,600.0,30,2.0,0.15,4.0,auto
4481,996,1059,movement,1,1.0,1,600.0,30,2.0,0.15,4.0,auto
4482,996,1052,movement,1,1.0,1,600.0,30,2.0,0.15,4.0,auto
4483,996,1060,waiting,1,1.0,1,100000.0,30,0.5,0.15,4.0,auto
4484,997,1062,movement,1,1.0,1,600.0,30,2.0,0.15,4.0,auto
4485,997,1069,movement,1,1.0,1,600.0,30,2.0,0.15,4.0,auto
4486,997,1060,movement,1,1.0,1,600.0,30,2.0,0.15,4.0,auto
4487,997,1053,movement,1,1.0,1,600.0,30,2.0,0.15,4.0,auto
4488,997,1061,waiting,1,1.0,1,100000.0,30,0.5,0.15,4.0,auto
4489,998,1063,movement,1,1.0,1,600.0,30,2.0,0.15,4.0,auto
4490,998,1070,movement,1,1.0,1,600.0,30,2.0,0.15,4.0,auto
4491,998,1061,movement,1,1.0,1,600.0,30,2.0,0.15,4.0,auto
4492,998,1054,movement,1,1.0,1,600.0,30,2.0,0.15,4.0,auto
4493,998,1062,waiting,1,1.0,1,100000.0,30,0.5,0.15,4.0,auto
4494,999,1064,movement,1,1.0,1,600.0,30,2.0,0.15,4.0,auto
4495,999,1071,movement,1,1.0,1,600.0,30,2.0,0.15,4.0,auto
4496,999,1062,movement,1,1.0,1,600.0,30,2.0,0.15,4.0,auto
4497,999,1055,movement,1,1.0,1,600.0,30,2.0,0.15,4.0,auto
4498,999,1063,waiting,1,1.0,1,100000.0,30,0.5,0.15,4.0,auto
4499,1000,1072,movement,1,1.0,1,600.0,30,2.0,0.15,4.0,auto
4500,1000,1063,movement,1,1.0,1,600.0,30,2.0,0.15,4.0,auto
4501,1000,1056,movement,1,1.0,1,600.0,30,2.0,0.15,4.0,auto
4502,1000,1064,waiting,1,1.0,1,100000.0,30,0.5,0.15,4.0,auto
4503,1001,1066,movement,1,1.0,1,600.0,30,2.0,0.15,4.0,auto
4504,1001,1073,movement,1,1.0,1,600.0,30,2.0,0.15,4.0,auto
4505,1001,1057,movement,1,1.0,1,600.0,30,2.0,0.15,4.0,auto
4506,1001,1065,waiting,1,1.0,1,100000.0,30,0.5,0.15,4.0,auto
4507,1002,1067,movement,1,1.0,1,600.0,30,2.0,0.15,4.0,auto
4508,1002,1074,movement,1,1.0,1,600.0,30,2.0,0.15,4.0,auto
4509,1002,1065,movement,1,1.0,1,600.0,30,2.0,0.15,4.0,auto
4510,1002,1058,movement,1,1.0,1,600.0,30,2.0,0.15,4.0,auto
4511,1002,1066,waiting,1,1.0,1,100000.0,30,0.5,0.15,4.0,auto
4512,1003,1068,movement,1,1.0,1,600.0,30,2.0,0.15,4.0,auto
4513,1003,1075,movement,1,1.0,1,600.0,30,2.0,0.15,4.0,auto
4514,1003,1066,movement,1,1.0,1,600.0,30,2.0,0.15,4.0,auto
4515,1003,1059,movement,1,1.0,1,600.0,30,2.0,0.15,4.0,auto
4516,1003,1067,waiting,1,1.0,1,100000.0,30,0.5,0.15,4.0,auto
4517,1004,1069,movement,1,1.0,1,600.0,30,2.0,0.15,4.0,auto
4518,1004,1076,movement,1,1.0,1,600.0,30,2.0,0.15,4.0,auto
4519,1004,1067,movement,1,1.0,1,600.0,30,2.0,0.15,4.0,auto
4520,1004,1060,movement,1,1.0,1,600.0,30,2.0,0.15,4.0,auto
4521,1004,1068,waiting,1,1.0,1,100000.0,30,0.5,0.15,4.0,auto
4522,1005,1070,movement,1,1.0,1,600.0,30,2.0,0.15,4.0,auto
4523,1005,1077,movement,1,1.0,1,600.0,30,2.0,0.15,4.0,auto
4524,1005,1068,movement,1,1.0,1,600.0,30,2.0,0.15,4.0,auto
4525,1005,1061,movement,1,1.0,1,600.0,30,2.0,0.15,4.0,auto
4526,1005,1069,waiting,1,1.0,1,100000.0,30,0.5,0.15,4.0,auto
4527,1006,1071,movement,1,1.0,1,600.0,30,2.0,0.15,4.0,auto
4528,1006,1078,movement,1,1.0,1,600.0,30,2.0,0.15,4.0,auto
4529,1006,1069,movement,1,1.0,1,600.0,30,2.0,0.15,4.0,auto
4530,1006,1062,movement,1,1.0,1,600.0,30,2.0,0.15,4.0,auto
4531,1006,1070,waiting,1,1.0,1,100000.0,30,0.5,0.15,4.0,auto
4532,1007,1072,movement,1,1.0,1,600.0,30,2.0,0.15,4.0,auto
4533,1007,1079,movement,1,1.0,1,600.0,30,2.0,0.15,4.0,auto
4534,1007,1070,movement,1,1.0,1,600.0,30,2.0,0.15,4.0,auto
4535,1007,1063,movement,1,1.0,1,600.0,30,2.0,0.15,4.0,auto
4536,1007,1071,waiting,1,1.0,1,100000.0,30,0.5,0.15,4.0,auto
4537,1008,1080,movement,1,1.0,1,600.0,30,2.0,0.15,4.0,auto
4538,1008,1071,movement,1,1.0,1,600.0,30,2.0,0.15,4.0,auto
4539,1008,1064,movement,1,1.0,1,600.0,30,2.0,0.15,4.0,auto
4540,1008,1072,waiting,1,1.0,1,100000.0,30,0.5,0.15,4.0,auto
4541,1009,1074,movement,1,1.0,1,600.0,30,2.0,0.15,4.0,auto
4542,1009,1081,movement,1,1.0,1,600.0,30,2.0,0.15,4.0,auto
4543,1009,1065,movement,1,1.0,1,600.0,30,2.0,0.15,4.0,auto
4544,1009,1073,waiting,1,1.0,1,100000.0,30,0.5,0.15,4.0,auto
4545,1010,1075,movement,1,1.0,1,600.0,30,2.0,0.15,4.0,auto
4546,1010,1082,movement,1,1.0,1,600.0,30,2.0,0.15,4.0,auto
4547,1010,1073,movement,1,1.0,1,600.0,30,2.0,0.15,4.0,auto
4548,1010,1066,movement,1,1.0,1,600.0,30,2.0,0.15,4.0,auto
4549,1010,1074,waiting,1,1.0,1,100000.0,30,0.5,0.15,4.0,auto
4550,1011,1076,movement,1,1.0,1,600.0,30,2.0,0.15,4.0,auto
4551,1011,1083,movement,1,1.0,1,600.0,30,2.0,0.15,4.0,auto
4552,1011,1074,movement,1,1.0,1,600.0,30,2.0,0.15,4.0,auto
4553,1011,1067,movement,1,1.0,1,600.0,30,2.0,0.15,4.0,auto
4554,1011,1075,waiting,1,1.0,1,100000.0,30,0.5,0.15,4.0,auto
4555,1012,1077,movement,1,1.0,1,600.0,30,2.0,0.15,4.0,auto
4556,1012,1084,movement,1,1.0,1,600.0,30,2.0,0.15,4.0,auto
4557,1012,1075,movement,1,1.0,1,600.0,30,2.0,0.15,4.0,auto
4558,1012,1068,movement,1,1.0,1,600.0,30,2.0,0.15,4.0,auto
4559,1012,1076,waiting,1,1.0,1,100000.0,30,0.5,0.15,4.0,auto
4560,1013,1078,movement,1,1.0,1,600.0,30,2.0,0.15,4.0,auto
4561,1013,1085,movement,1,1.0,1,600.0,30,2.0,0.15,4.0,auto
4562,1013,1076,movement,1,1.0,1,600.0,30,2.0,0.15,4.0,auto
4563,1013,1069,movement,1,1.0,1,600.0,30,2.0,0.15,4.0,auto
4564,1013,1077,waiting,1,1.0,1,100000.0,30,0.5,0.15,4.0,auto
4565,1014,1079,movement,1,1.0,1,600.0,30,2.0,0.15,4.0,auto
4566,1014,1086,movement,1,1.0,1,600.0,30,2.0,0.15,4.0,auto
4567,1014,1077,movement,1,1.0,1,600.0,30,2.0,0.15,4.0,auto
4568,1014,1070,movement,1,1.0,1,600.0,30,2.0,0.15,4.0,auto
4569,1014,1078,waiting,1,1.0,1,100000.0,30,0.5,0.15,4.0,auto
4570,1015,1080,movement,1,1.0,1,600.0,30,2.0,0.15,4.0,auto
4571,1015,1087,movement,1,1.0,1,600.0,30,2.0,0.15,4.0,auto
4572,1015,1078,movement,1,1.0,1,600.0,30,2.0,0.15,4.0,auto
4573,1015,1071,movement,1,1.0,1,600.0,30,2.0,0.15,4.0,auto
4574,1015,1079,waiting,1,1.0,1,100000.0,30,0.5,0.15,4.0,auto
4575,1016,1088,movement,1,1.0,1,600.0,30,2.0,0.15,4.0,auto
4576,1016,1079,movement,1,1.0,1,600.0,30,2.0,0.15,4.0,auto
4577,1016,1072,movement,1,1.0,1,600.0,30,2.0,0.15,4.0,auto
4578,1016,1080,waiting,1,1.0,1,100000.0,30,0.5,0.15,4.0,auto
4579,1017,1082,movement,1,1.0,1,600.0,30,2.0,0.15,4.0,auto
4580,1017,1073,movement,1,1.0,1,600.0,30,2.0,0.15,4.0,auto
4581,1017,1081,waiting,1,1.0,1,100000.0,30,0.5,0.15,4.0,auto
4582,1018,1083,movement,1,1.0,1,600.0,30,2.0,0.15,4.0,auto
4583,1018,1081,movement,1,1.0,1,600.0,30,2.0,0.15,4.0,auto
4584,1018,1074,movement,1,1.0,1,600.0,30,2.0,0.15,4.0,auto
4585,1018,1082,waiting,1,1.0,1,100000.0,30,0.5,0.15,4.0,auto
4586,1019,1084,movement,1,1.0,1,600.0,30,2.0,0.15,4.0,auto
4587,1019,1082,movement,1,1.0,1,600.0,30,2.0,0.15,4.0,auto
4588,1019,1075,movement,1,1.0,1,600.0,30,2.0,0.15,4.0,auto
4589,1019,1083,waiting,1,1.0,1,100000.0,30,0.5,0.15,4.0,auto
4590,1020,1085,movement,1,1.0,1,600.0,30,2.0,0.15,4.0,auto
4591,1020,1083,movement,1,1.0,1,600.0,30,2.0,0.15,4.0,auto
4592,1020,1076,movement,1,1.0,1,600.0,30,2.0,0.15,4.0,auto
4593,1020,1084,waiting,1,1.0,1,100000.0,30,0.5,0.15,4.0,auto
4594,1021,1086,movement,1,1.0,1,600.0,30,2.0,0.15,4.0,auto
4595,1021,1084,movement,1,1.0,1,600.0,30,2.0,0.15,4.0,auto
4596,1021,1077,movement,1,1.0,1,600.0,30,2.0,0.15,4.0,auto
4597,1021,1085,waiting,1,1.0,1,100000.0,30,0.5,0.15,4.0,auto
4598,1022,1087,movement,1,1.0,1,600.0,30,2.0,0.15,4.0,auto
4599,1022,1085,movement,1,1.0,1,600.0,30,2.0,0.15,4.0,auto
4600,1022,1078,movement,1,1.0,1,600.0,30,2.0,0.15,4.0,auto
4601,1022,1086,waiting,1,1.0,1,100000.0,30,0.5,0.15,4.0,auto
4602,1023,1088,movement,1,1.0,1,600.0,30,2.0,0.15,4.0,auto
4603,1023,1086,movement,1,1.0,1,600.0,30,2.0,0.15,4.0,auto
4604,1023,1079,movement,1,1.0,1,600.0,30,2.0,0.15,4.0,auto
4605,1023,1087,waiting,1,1.0,1,100000.0,30,0.5,0.15,4.0,auto
4606,1024,1087,movement,1,1.0,1,600.0,30,2.0,0.15,4.0,auto
4607,1024,1080,movement,1,1.0,1,600.0,30,2.0,0.15,4.0,auto
4608,1024,1088,waiting,1,1.0,1,100000.0,30,0.5,0.15,4.0,auto
4609,1025,1090,movement,1,1.0,1,600.0,30,2.0,0.15,4.0,auto
4610,1025,1097,movement,1,1.0,1,600.0,30,2.0,0.15,4.0,auto
4611,1025,1089,waiting,1,1.0,1,100000.0,30,0.5,0.15,4.0,auto
4612,1026,1091,movement,1,1.0,1,600.0,30,2.0,0.15,4.0,auto
4613,1026,1098,movement,1,1.0,1,600.0,30,2.0,0.15,4.0,auto
4614,1026,1089,movement,1,1.0,1,600.0,30,2.0,0.15,4.0,auto
4615,1026,1090,waiting,1,1.0,1,100000.0,30,0.5,0.15,4.0,auto
4616,1027,1092,movement,1,1.0,1,600.0,30,2.0,0.15,4.0,auto
4617,1027,1099,movement,1,1.0,1,600.0,30,2.0,0.15,4.0,auto
4618,1027,1090,movement,1,1.0,1,600.0,30,2.0,0.15,4.0,auto
4619,1027,1091,waiting,1,1.0,1,100000.0,30,0.5,0.15,4.0,auto
4620,1028,1093,movement,1,1.0,1,600.0,30,2.0,0.15,4.0,auto
4621,1028,1100,movement,1,1.0,1,600.0,30,2.0,0.15,4.0,auto
4622,1028,1091,movement,1,1.0,1,600.0,30,2.0,0.15,4.0,auto
4623,1028,1092,waiting,1,1.0,1,100000.0,30,0.5,0.15,4.0,auto
4624,1029,1094,movement,1,1.0,1,600.0,30,2.0,0.15,4.0,auto
4625,1029,1101,movement,1,1.0,1,600.0,30,2.0,0.15,4.0,auto
4626,1029,1092,movement,1,1.0,1,600.0,30,2.0,0.15,4.0,auto
4627,1029,1093,waiting,1,1.0,1,100000.0,30,0.5,0.15,4.0,auto
4628,1030,1095,movement,1,1.0,1,600.0,30,2.0,0.15,4.0,auto
4629,1030,1102,movement,1,1.0,1,600.0,30,2.0,0.15,4.0,auto
4630,1030,1093,movement,1,1.0,1,600.0,30,2.0,0.15,4.0,auto
4631,1030,1094,waiting,1,1.0,1,100000.0,30,0.5,0.15,4.0,auto
4632,1031,1096,movement,1,1.0,1,600.0,30,2.0,0.15,4.0,auto
4633,1031,1103,movement,1,1.0,1,600.0,30,2.0,0.15,4.0,auto
4634,1031,1094,movement,1,1.0,1,600.0,30,2.0,0.15,4.0,auto
4635,1031,1095,waiting,1,1.0,1,100000.0,30,0.5,0.15,4.0,auto
4636,1032,1104,movement,1,1.0,1,600.0,30,2.0,0.15,4.0,auto
4637,1032,1095,movement,1,1.0,1,600.0,30,2.0,0.15,4.0,auto
4638,1032,1096,waiting,1,1.0,1,100000.0,30,0.5,0.15,4.0,auto
4639,1033,1098,movement,1,1.0,1,600.0,30,2.0,0.15,4.0,auto
4640,1033,1105,movement,1,1.0,1,600.0,30,2.0,0.15,4.0,auto
4641,1033,1089,movement,1,1.0,1,600.0,30,2.0,0.15,4.0,auto
4642,1033,1097,waiting,1,1.0,1,100000.0,30,0.5,0.15,4.0,auto
4643,1034,1099,movement,1,1.0,1,600.0,30,2.0,0.15,4.0,auto
4644,1034,1106,movement,1,1.0,1,600.0,30,2.0,0.15,4.0,auto
4645,1034,1097,movement,1,1.0,1,600.0,30,2.0,0.15,4.0,auto
4646,1034,1090,movement,1,1.0,1,600.0,30,2.0,0.15,4.0,auto
4647,1034,1098,waiting,1,1.0,1,100000.0,30,0.5,0.15,4.0,auto
4648,1035,1100,movement,1,1.0,1,600.0,30,2.0,0.15,4.0,auto
4649,1035,1107,movement,1,1.0,1,600.0,30,2.0,0.15,4.0,auto
4650,1035,1098,movement,1,1.0,1,600.0,30,2.0,0.15,4.0,auto
4651,1035,1091,movement,1,1.0,1,600.0,30,2.0,0.15,4.0,auto
4652,1035,1099,waiting,1,1.0,1,100000.0,30,0.5,0.15,4.0,auto
4653,1036,1101,movement,1,1.0,1,600.0,30,2.0,0.15,4.0,auto
4654,1036,1108,movement,1,1.0,1,600.0,30,2.0,0.15,4.0,auto
4655,1036,1099,movement,1,1.0,1,600.0,30,2.0,0.15,4.0,auto
4656,1036,1092,movement,1,1.0,1,600.0,30,2.0,0.15,4.0,auto
4657,1036,1100,waiting,1,1.0,1,100000.0,30,0.5,0.15,4.0,auto
4658,1037,1102,movement,1,1.0,1,600.0,30,2.0,0.15,4.0,auto
4659,1037,1109,movement,1,1.0,1,600.0,30,2.0,0.15,4.0,auto
4660,1037,1100,movement,1,1.0,1,600.0,30,2.0,0.15,4.0,auto
4661,1037,1093,movement,1,1.0,1,600.0,30,2.0,0.15,4.0,auto
4662,1037,1101,waiting,1,1.0,1,100000.0,30,0.5,0.15,4.0,auto
4663,1038,1103,movement,1,1.0,1,600.0,30,2.0,0.15,4.0,auto
4664,1038,1110,movement,1,1.0,1,600.0,30,2.0,0.15,4.0,auto
4665,1038,1101,movement,1,1.0,1,600.0,30,2.0,0.15,4.0,auto
4666,1038,1094,movement,1,1.0,1,600.0,30,2.0,0.15,4.0,auto
4667,1038,1102,waiting,1,1.0,1,100000.0,30,0.5,0.15,4.0,auto
4668,1039,1104,movement,1,1.0,1,600.0,30,2.0,0.15,4.0,auto
4669,1039,1111,movement,1,1.0,1,600.0,30,2.0,0.15,4.0,auto
4670,1039,1102,movement,1,1.0,1,600.0,30,2.0,0.15,4.0,auto
4671,1039,1095,movement,1,1.0,1,600.0,30,2.0,0.15,4.0,auto
4672,1039,1103,waiting,1,1.0,1,100000.0,30,0.5,0.15,4.0,auto
4673,1040,1112,movement,1,1.0,1,600.0,30,2.0,0.15,4.0,auto
4674,1040,1103,movement,1,1.0,1,600.0,30,2.0,0.15,4.0,auto
4675,1040,1096,movement,1,1.0,1,600.0,30,2.0,0.15,4.0,auto
4676,1040,1104,waiting,1,1.0,1,100000.0,30,0.5,0.15,4.0,auto
4677,1041,1106,movement,1,1.0,1,600.0,30,2.0,0.15,4.0,auto
4678,1041,1113,movement,1,1.0,1,600.0,30,2.0,0.15,4.0,auto
4679,1041,1097,movement,1,1.0,1,600.0,30,2.0,0.15,4.0,auto
4680,1041,1105,waiting,1,1.0,1,100000.0,30,0.5,0.15,4.0,auto
4681,1042,1107,movement,1,1.0,1,600.0,30,2.0,0.15,4.0,auto
4682,1042,1114,movement,1,1.0,1,600.0,30,2.0,0.15,4.0,auto
4683,1042,1105,movement,1,1.0,1,600.0,30,2.0,0.15,4.0,auto
4684,1042,1098,movement,1,1.0,1,600.0,30,2.0,0.15,4.0,auto
4685,1042,1106,waiting,1,1.0,1,100000.0,30,0.5,0.15,4.0,auto
4686,1043,1108,movement,1,1.0,1,600.0,30,2.0,0.15,4.0,auto
4687,1043,1115,movement,1,1.0,1,600.0,30,2.0,0.15,4.0,auto
4688,1043,1106,movement,1,1.0,1,600.0,30,2.0,0.15,4.0,auto
4689,1043,1099,movement,1,1.0,1,600.0,30,2.0,0.15,4.0,auto
4690,1043,1107,waiting,1,1.0,1,100000.0,30,0.5,0.15,4.0,auto
4691,1044,1109,movement,1,1.0,1,600.0,30,2.0,0.15,4.0,auto
4692,1044,1116,movement,1,1.0,1,600.0,30,2.0,0.15,4.0,auto
4693,1044,1107,movement,1,1.0,1,600.0,30,2.0,0.15,4.0,auto
4694,1044,1100,movement,1,1.0,1,600.0,30,2.0,0.15,4.0,auto
4695,1044,1108,waiting,1,1.0,1,100000.0,30,0.5,0.15,4.0,auto
4696,1045,1110,movement,1,1.0,1,600.0,30,2.0,0.15,4.0,auto
4697,1045,1117,movement,1,1.0,1,600.0,30,2.0,0.15,4.0,auto
4698,1045,1108,movement,1,1.0,1,600.0,30,2.0,0.15,4.0,auto
4699,1045,1101,movement,1,1.0,1,600.0,30,2.0,0.15,4.0,auto
4700,1045,1109,waiting,1,1.0,1,100000.0,30,0.5,0.15,4.0,auto
4701,1046,1111,movement,1,1.0,1,600.0,30,2.0,0.15,4.0,auto
4702,1046,1118,movement,1,1.0,1,600.0,30,2.0,0.15,4.0,auto
4703,1046,1109,movement,1,1.0,1,600.0,30,2.0,0.15,4.0,auto
4704,1046,1102,movement,1,1.0,1,600.0,30,2.0,0.15,4.0,auto
4705,1046,1110,waiting,1,1.0,1,100000.0,30,0.5,0.15,4.0,auto
4706,1047,1112,movement,1,1.0,1,600.0,30,2.0,0.15,4.0,auto
4707,1047,1119,movement,1,1.0,1,600.0,30,2.0,0.15,4.0,auto
4708,1047,1110,movement,1,1.0,1,600.0,30,2.0,0.15,4.0,auto
4709,1047,1103,movement,1,1.0,1,600.0,30,2.0,0.15,4.0,auto
4710,1047,1111,waiting,1,1.0,1,100000.0,30,0.5,0.15,4.0,auto
4711,1048,1120,movement,1,1.0,1,600.0,30,2.0,0.15,4.0,auto
4712,1048,1111,movement,1,1.0,1,600.0,30,2.0,0.15,4.0,auto
4713,1048,1104,movement,1,1.0,1,600.0,30,2.0,0.15,4.0,auto
4714,1048,1112,waiting,1,1.0,1,100000.0,30,0.5,0.15,4.0,auto
4715,1049,1114,movement,1,1.0,1,600.0,30,2.0,0.15,4.0,auto
4716,1049,1121,movement,1,1.0,1,600.0,30,2.0,0.15,4.0,auto
4717,1049,1105,movement,1,1.0,1,600.0,30,2.0,0.15,4.0,auto
4718,1049,1113,waiting,1,1.0,1,100000.0,30,0.5,0.15,4.0,auto
4719,1050,1115,movement,1,1.0,1,600.0,30,2.0,0.15,4.0,auto
4720,1050,1122,movement,1,1.0,1,600.0,30,2.0,0.15,4.0,auto
4721,1050,1113,movement,1,1.0,1,600.0,30,2.0,0.15,4.0,auto
4722,1050,1106,movement,1,1.0,1,600.0,30,2.0,0.15,4.0,auto
4723,1050,1114,waiting,1,1.0,1,100000.0,30,0.5,0.15,4.0,auto
4724,1051,1116,movement,1,1.0,1,600.0,30,2.0,0.15,4.0,auto
4725,1051,1123,movement,1,1.0,1,600.0,30,2.0,0.15,4.0,auto
4726,1051,1114,movement,1,1.0,1,600.0,30,2.0,0.15,4.0,auto
4727,1051,1107,movement,1,1.0,1,600.0,30,2.0,0.15,4.0,auto
4728,1051,1115,waiting,1,1.0,1,100000.0,30,0.5,0.15,4.0,auto
4729,1052,1117,movement,1,1.0,1,600.0,30,2.0,0.15,4.0,auto
4730,1052,1124,movement,1,1.0,1,600.0,30,2.0,0.15,4.0,auto
4731,1052,1115,movement,1,1.0,1,600.0,30,2.0,0.15,4.0,auto
4732,1052,1108,movement,1,1.0,1,600.0,30,2.0,0.15,4.0,auto
4733,1052,1116,waiting,1,1.0,1,100000.0,30,0.5,0.15,4.0,auto
4734,1053,1118,movement,1,1.0,1,600.0,30,2.0,0.15,4.0,auto
4735,1053,1125,movement,1,1.0,1,600.0,30,2.0,0.15,4.0,auto
4736,1053,1116,movement,1,1.0,1,600.0,30,2.0,0.15,4.0,auto
4737,1053,1109,movement,1,1.0,1,600.0,30,2.0,0.15,4.0,auto
4738,1053,1117,waiting,1,1.0,1,100000.0,30,0.5,0.15,4.0,auto
4739,1054,1119,movement,1,1.0,1,600.0,30,2.0,0.15,4.0,auto
4740,1054,1126,movement,1,1.0,1,600.0,30,2.0,0.15,4.0,auto
4741,1054,1117,movement,1,1.0,1,600.0,30,2.0,0.15,4.0,auto
4742,1054,1110,movement,1,1.0,1,600.0,30,2.0,0.15,4.0,auto
4743,1054,1118,waiting,1,1.0,1,100000.0,30,0.5,0.15,4.0,auto
4744,1055,1120,movement,1,1.0,1,600.0,30,2.0,0.15,4.0,auto
4745,1055,1127,movement,1,1.0,1,600.0,30,2.0,0.15,4.0,auto
4746,1055,1118,movement,1,1.0,1,600.0,30,2.0,0.15,4.0,auto
4747,1055,1111,movement,1,1.0,1,600.0,30,2.0,0.15,4.0,auto
4748,1055,1119,waiting,1,1.0,1,100000.0,30,0.5,0.15,4.0,auto
4749,1056,1128,movement,1,1.0,1,600.0,30,2.0,0.15,4.0,auto
4750,1056,1119,movement,1,1.0,1,600.0,30,2.0,0.15,4.0,auto
4751,1056,1112,movement,1,1.0,1,600.0,30,2.0,0.15,4.0,auto
4752,1056,1120,waiting,1,1.0,1,100000.0,30,0.5,0.15,4.0,auto
4753,1057,1122,movement,1,1.0,1,600.0,30,2.0,0.15,4.0,auto
4754,1057,1129,movement,1,1.0,1,600.0,30,2.0,0.15,4.0,auto
4755,1057,1113,movement,1,1.0,1,600.0,30,2.0,0.15,4.0,auto
4756,1057,1121,waiting,1,1.0,1,100000.0,30,0.5,0.15,4.0,auto
4757,1058,1123,movement,1,1.0,1,600.0,30,2.0,0.15,4.0,auto
4758,1058,1130,movement,1,1.0,1,600.0,30,2.0,0.15,4.0,auto
4759,1058,1121,movement,1,1.0,1,600.0,30,2.0,0.15,4.0,auto
4760,1058,1114,movement,1,1.0,1,600.0,30,2.0,0.15,4.0,auto
4761,1058,1122,waiting,1,1.0,1,100000.0,30,0.5,0.15,4.0,auto
4762,1059,1124,movement,1,1.0,1,600.0,30,2.0,0.15,4.0,auto
4763,1059,1131,movement,1,1.0,1,600.0,30,2.0,0.15,4.0,auto
4764,1059,1122,movement,1,1.0,1,600.0,30,2.0,0.15,4.0,auto
4765,1059,1115,movement,1,1.0,1,600.0,30,2.0,0.15,4.0,auto
4766,1059,1123,waiting,1,1.0,1,100000.0,30,0.5,0.15,4.0,auto
4767,1060,1125,movement,1,1.0,1,600.0,30,2.0,0.15,4.0,auto
4768,1060,1132,movement,1,1.0,1,600.0,30,2.0,0.15,4.0,auto
4769,1060,1123,movement,1,1.0,1,600.0,30,2.0,0.15,4.0,auto
4770,1060,1116,movement,1,1.0,1,600.0,30,2.0,0.15,4.0,auto
4771,1060,1124,waiting,1,1.0,1,100000.0,30,0.5,0.15,4.0,auto
4772,1061,1126,movement,1,1.0,1,600.0,30,2.0,0.15,4.0,auto
4773,1061,1133,movement,1,1.0,1,600.0,30,2.0,0.15,4.0,auto
4774,1061,1124,movement,1,1.0,1,600.0,30,2.0,0.15,4.0,auto
4775,1061,1117,movement,1,1.0,1,600.0,30,2.0,0.15,4.0,auto
4776,1061,1125,waiting,1,1.0,1,100000.0,30,0.5,0.15,4.0,auto
4777,1062,1127,movement,1,1.0,1,600.0,30,2.0,0.15,4.0,auto
4778,1062,1134,movement,1,1.0,1,600.0,30,2.0,0.15,4.0,auto
4779,1062,1125,movement,1,1.0,1,600.0,30,2.0,0.15,4.0,auto
4780,1062,1118,movement,1,1.0,1,600.0,30,2.0,0.15,4.0,auto
4781,1062,1126,waiting,1,1.0,1,100000.0,30,0.5,0.15,4.0,auto
4782,1063,1128,movement,1,1.0,1,600.0,30,2.0,0.15,4.0,auto
4783,1063,1135,movement,1,1.0,1,600.0,30,2.0,0.15,4.0,auto
4784,1063,1126,movement,1,1.0,1,600.0,30,2.0,0.15,4.0,auto
4785,1063,1119,movement,1,1.0,1,600.0,30,2.0,0.15,4.0,auto
4786,1063,1127,waiting,1,1.0,1,100000.0,30,0.5,0.15,4.0,auto
4787,1064,1136,movement,1,1.0,1,600.0,30,2.0,0.15,4.0,auto
4788,1064,1127,movement,1,1.0,1,600.0,30,2.0,0.15,4.0,auto
4789,1064,1120,movement,1,1.0,1,600.0,30,2.0,0.15,4.0,auto
4790,1064,1128,waiting,1,1.0,1,100000.0,30,0.5,0.15,4.0,auto
4791,1065,1130,movement,1,1.0,1,600.0,30,2.0,0.15,4.0,auto
4792,1065,1137,movement,1,1.0,1,600.0,30,2.0,0.15,4.0,auto
4793,1065,1121,movement,1,1.0,1,600.0,30,2.0,0.15,4.0,auto
4794,1065,1129,waiting,1,1.0,1,100000.0,30,0.5,0.15,4.0,auto
4795,1066,1131,movement,1,1.0,1,600.0,30,2.0,0.15,4.0,auto
4796,1066,1138,movement,1,1.0,1,600.0,30,2.0,0.15,4.0,auto
4797,1066,1129,movement,1,1.0,1,600.0,30,2.0,0.15,4.0,auto
4798,1066,1122,movement,1,1.0,1,600.0,30,2.0,0.15,4.0,auto
4799,1066,1130,waiting,1,1.0,1,100000.0,30,0.5,0.15,4.0,auto
4800,1067,1132,movement,1,1.0,1,600.0,30,2.0,0.15,4.0,auto
4801,1067,1139,movement,1,1.0,1,600.0,30,2.0,0.15,4.0,auto
4802,1067,1130,movement,1,1.0,1,600.0,30,2.0,0.15,4.0,auto
4803,1067,1123,movement,1,1.0,1,600.0,30,2.0,0.15,4.0,auto
4804,1067,1131,waiting,1,1.0,1,100000.0,30,0.5,0.15,4.0,auto
4805,1068,1133,movement,1,1.0,1,600.0,30,2.0,0.15,4.0,auto
4806,1068,1140,movement,1,1.0,1,600.0,30,2.0,0.15,4.0,auto
4807,1068,1131,movement,1,1.0,1,600.0,30,2.0,0.15,4.0,auto
4808,1068,1124,movement,1,1.0,1,600.0,30,2.0,0.15,4.0,auto
4809,1068,1132,waiting,1,1.0,1,100000.0,30,0.5,0.15,4.0,auto
4810,1069,1134,movement,1,1.0,1,600.0,30,2.0,0.15,4.0,auto
4811,1069,1141,movement,1,1.0,1,600.0,30,2.0,0.15,4.0,auto
4812,1069,1132,movement,1,1.0,1,600.0,30,2.0,0.15,4.0,auto
4813,1069,1125,movement,1,1.0,1,600.0,30,2.0,0.15,4.0,auto
4814,1069,1133,waiting,1,1.0,1,100000.0,30,0.5,0.15,4.0,auto
4815,1070,1135,movement,1,1.0,1,600.0,30,2.0,0.15,4.0,auto
4816,1070,1142,movement,1,1.0,1,600.0,30,2.0,0.15,4.0,auto
4817,1070,1133,movement,1,1.0,1,600.0,30,2.0,0.15,4.0,auto
4818,1070,1126,movement,1,1.0,1,600.0,30,2.0,0.15,4.0,auto
4819,1070,1134,waiting,1,1.0,1,100000.0,30,0.5,0.15,4.0,auto
4820,1071,1136,movement,1,1.0,1,600.0,30,2.0,0.15,4.0,auto
4821,1071,1143,movement,1,1.0,1,600.0,30,2.0,0.15,4.0,auto
4822,1071,1134,movement,1,1.0,1,600.0,30,2.0,0.15,4.0,auto
4823,1071,1127,movement,1,1.0,1,600.0,30,2.0,0.15,4.0,auto
4824,1071,1135,waiting,1,1.0,1,100000.0,30,0.5,0.15,4.0,auto
4825,1072,1144,movement,1,1.0,1,600.0,30,2.0,0.15,4.0,auto
4826,1072,1135,movement,1,1.0,1,600.0,30,2.0,0.15,4.0,auto
4827,1072,1128,movement,1,1.0,1,600.0,30,2.0,0.15,4.0,auto
4828,1072,1136,waiting,1,1.0,1,100000.0,30,0.5,0.15,4.0,auto
4829,1073,1138,movement,1,1.0,1,600.0,30,2.0,0.15,4.0,auto
4830,1073,1145,movement,1,1.0,1,600.0,30,2.0,0.15,4.0,auto
4831,1073,1129,movement,1,1.0,1,600.0,30,2.0,0.15,4.0,auto
4832,1073,1137,waiting,1,1.0,1,100000.0,30,0.5,0.15,4.0,auto
4833,1074,1139,movement,1,1.0,1,600.0,30,2.0,0.15,4.0,auto
4834,1074,1146,movement,1,1.0,1,600.0,30,2.0,0.15,4.0,auto
4835,1074,1137,movement,1,1.0,1,600.0,30,2.0,0.15,4.0,auto
4836,1074,1130,movement,1,1.0,1,600.0,30,2.0,0.15,4.0,auto
4837,1074,1138,waiting,1,1.0,1,100000.0,30,0.5,0.15,4.0,auto
4838,1075,1140,movement,1,1.0,1,600.0,30,2.0,0.15,4.0,auto
4839,1075,1147,movement,1,1.0,1,600.0,30,2.0,0.15,4.0,auto
4840,1075,1138,movement,1,1.0,1,600.0,30,2.0,0.15,4.0,auto
4841,1075,1131,movement,1,1.0,1,600.0,30,2.0,0.15,4.0,auto
4842,1075,1139,waiting,1,1.0,1,100000.0,30,0.5,0.15,4.0,auto
4843,1076,1141,movement,1,1.0,1,600.0,30,2.0,0.15,4.0,auto
4844,1076,1148,movement,1,1.0,1,600.0,30,2.0,0.15,4.0,auto
4845,1076,1139,movement,1,1.0,1,600.0,30,2.0,0.15,4.0,auto
4846,1076,1132,movement,1,1.0,1,600.0,30,2.0,0.15,4.0,auto
4847,1076,1140,waiting,1,1.0,1,100000.0,30,0.5,0.15,4.0,auto
4848,1077,1142,movement,1,1.0,1,600.0,30,2.0,0.15,4.0,auto
4849,1077,1149,movement,1,1.0,1,600.0,30,2.0,0.15,4.0,auto
4850,1077,1140,movement,1,1.0,1,600.0,30,2.0,0.15,4.0,auto
4851,1077,1133,movement,1,1.0,1,600.0,30,2.0,0.15,4.0,auto
4852,1077,1141,waiting,1,1.0,1,100000.0,30,0.5,0.15,4.0,auto
4853,1078,1143,movement,1,1.0,1,600.0,30,2.0,0.15,4.0,auto
4854,1078,1150,movement,1,1.0,1,600.0,30,2.0,0.15,4.0,auto
4855,1078,1141,movement,1,1.0,1,600.0,30,2.0,0.15,4.0,auto
4856,1078,1134,movement,1,1.0,1,600.0,30,2.0,0.15,4.0,auto
4857,1078,1142,waiting,1,1.0,1,100000.0,30,0.5,0.15,4.0,auto
4858,1079,1144,movement,1,1.0,1,600.0,30,2.0,0.15,4.0,auto
4859,1079,1151,movement,1,1.0,1,600.0,30,2.0,0.15,4.0,auto
4860,1079,1142,movement,1,1.0,1,600.0,30,2.0,0.15,4.0,auto
4861,1079,1135,movement,1,1.0,1,600.0,30,2.0,0.15,4.0,auto
4862,1079,1143,waiting,1,1.0,1,100000.0,30,0.5,0.15,4.0,auto
4863,1080,1152,movement,1,1.0,1,600.0,30,2.0,0.15,4.0,auto
4864,1080,1143,movement,1,1.0,1,600.0,30,2.0,0.15,4.0,auto
4865,1080,1136,movement,1,1.0,1,600.0,30,2.0,0.15,4.0,auto
4866,1080,1144,waiting,1,1.0,1,100000.0,30,0.5,0.15,4.0,auto
4867,1081,1146,movement,1,1.0,1,600.0,30,2.0,0.15,4.0,auto
4868,1081,1137,movement,1,1.0,1,600.0,30,2.0,0.15,4.0,auto
4869,1081,1145,waiting,1,1.0,1,100000.0,30,0.5,0.15,4.0,auto
4870,1082,1147,movement,1,1.0,1,600.0,30,2.0,0.15,4.0,auto
4871,1082,1145,movement,1,1.0,1,600.0,30,2.0,0.15,4.0,auto
4872,1082,1138,movement,1,1.0,1,600.0,30,2.0,0.15,4.0,auto
4873,1082,1146,waiting,1,1.0,1,100000.0,30,0.5,0.15,4.0,auto
4874,1083,1148,movement,1,1.0,1,600.0,30,2.0,0.15,4.0,auto
4875,1083,1146,movement,1,1.0,1,600.0,30,2.0,0.15,4.0,auto
4876,1083,1139,movement,1,1.0,1,600.0,30,2.0,0.15,4.0,auto
4877,1083,1147,waiting,1,1.0,1,100000.0,30,0.5,0.15,4.0,auto
4878,1084,1149,movement,1,1.0,1,600.0,30,2.0,0.15,4.0,auto
4879,1084,1147,movement,1,1.0,1,600.0,30,2.0,0.15,4.0,auto
4880,1084,1140,movement,1,1.0,1,600.0,30,2.0,0.15,4.0,auto
4881,1084,1148,waiting,1,1.0,1,100000.0,30,0.5,0.15,4.0,auto
4882,1085,1150,movement,1,1.0,1,600.0,30,2.0,0.15,4.0,auto
4883,1085,1148,movement,1,1.0,1,600.0,30,2.0,0.15,4.0,auto
4884,1085,1141,movement,1,1.0,1,600.0,30,2.0,0.15,4.0,auto
4885,1085,1149,waiting,1,1.0,1,100000.0,30,0.5,0.15,4.0,auto
4886,1086,1151,movement,1,1.0,1,600.0,30,2.0,0.15,4.0,auto
4887,1086,1149,movement,1,1.0,1,600.0,30,2.0,0.15,4.0,auto
4888,1086,1142,movement,1,1.0,1,600.0,30,2.0,0.15,4.0,auto
4889,1086,1150,waiting,1,1.0,1,100000.0,30,0.5,0.15,4.0,auto
4890,1087,1152,movement,1,1.0,1,600.0,30,2.0,0.15,4.0,auto
4891,1087,1150,movement,1,1.0,1,600.0,30,2.0,0.15,4.0,auto
4892,1087,1143,movement,1,1.0,1,600.0,30,2.0,0.15,4.0,auto
4893,1087,1151,waiting,1,1.0,1,100000.0,30,0.5,0.15,4.0,auto
4894,1088,1151,movement,1,1.0,1,600.0,30,2.0,0.15,4.0,auto
4895,1088,1144,movement,1,1.0,1,600.0,30,2.0,0.15,4.0,auto
4896,1088,1152,waiting,1,1.0,1,100000.0,30,0.5,0.15,4.0,auto
4897,1089,1154,movement,1,1.0,1,600.0,30,2.0,0.15,4.0,auto
4898,1089,1161,movement,1,1.0,1,600.0,30,2.0,0.15,4.0,auto
4899,1089,1153,waiting,1,1.0,1,100000.0,30,0.5,0.15,4.0,auto
4900,1090,1155,movement,1,1.0,1,600.0,30,2.0,0.15,4.0,auto
4901,1090,1162,movement,1,1.0,1,600.0,30,2.0,0.15,4.0,auto
4902,1090,1153,movement,1,1.0,1,600.0,30,2.0,0.15,4.0,auto
4903,1090,1154,waiting,1,1.0,1,100000.0,30,0.5,0.15,4.0,auto
4904,1091,1156,movement,1,1.0,1,600.0,30,2.0,0.15,4.0,auto
4905,1091,1163,movement,1,1.0,1,600.0,30,2.0,0.15,4.0,auto
4906,1091,1154,movement,1,1.0,1,600.0,30,2.0,0.15,4.0,auto
4907,1091,1155,waiting,1,1.0,1,100000.0,30,0.5,0.15,4.0,auto
4908,1092,1157,movement,1,1.0,1,600.0,30,2.0,0.15,4.0,auto
4909,1092,1164,movement,1,1.0,1,600.0,30,2.0,0.15,4.0,auto
4910,1092,1155,movement,1,1.0,1,600.0,30,2.0,0.15,4.0,auto
4911,1092,1156,waiting,1,1.0,1,100000.0,30,0.5,0.15,4.0,auto
4912,1093,1158,movement,1,1.0,1,600.0,30,2.0,0.15,4.0,auto
4913,1093,1165,movement,1,1.0,1,600.0,30,2.0,0.15,4.0,auto
4914,1093,1156,movement,1,1.0,1,600.0,30,2.0,0.15,4.0,auto
4915,1093,1157,waiting,1,1.0,1,100000.0,30,0.5,0.15,4.0,auto
4916,1094,1159,movement,1,1.0,1,600.0,30,2.0,0.15,4.0,auto
4917,1094,1166,movement,1,1.0,1,600.0,30,2.0,0.15,4.0,auto
4918,1094,1157,movement,1,1.0,1,600.0,30,2.0,0.15,4.0,auto
4919,1094,1158,waiting,1,1.0,1,100000.0,30,0.5,0.15,4.0,auto
4920,1095,1160,movement,1,1.0,1,600.0,30,2.0,0.15,4.0,auto
4921,1095,1167,movement,1,1.0,1,600.0,30,2.0,0.15,4.0,auto
4922,1095,1158,movement,1,1.0,1,600.0,30,2.0,0.15,4.0,auto
4923,1095,1159,waiting,1,1.0,1,100000.0,30,0.5,0.15,4.0,auto
4924,1096,1168,movement,1,1.0,1,600.0,30,2.0,0.15,4.0,auto
4925,1096,1159,movement,1,1.0,1,600.0,30,2.0,0.15,4.0,auto
4926,1096,1160,waiting,1,1.0,1,100000.0,30,0.5,0.15,4.0,auto
4927,1097,1162,movement,1,1.0,1,600.0,30,2.0,0.15,4.0,auto
4928,1097,1169,movement,1,1.0,1,600.0,30,2.0,0.15,4.0,auto
4929,1097,1153,movement,1,1.0,1,600.0,30,2.0,0.15,4.0,auto
4930,1097,1161,waiting,1,1.0,1,100000.0,30,0.5,0.15,4.0,auto
4931,1098,1163,movement,1,1.0,1,600.0,30,2.0,0.15,4.0,auto
4932,1098,1170,movement,1,1.0,1,600.0,30,2.0,0.15,4.0,auto
4933,1098,1161,movement,1,1.0,1,600.0,30,2.0,0.15,4.0,auto
4934,1098,1154,movement,1,1.0,1,600.0,30,2.0,0.15,4.0,auto
4935,1098,1162,waiting,1,1.0,1,100000.0,30,0.5,0.15,4.0,auto
4936,1099,1164,movement,1,1.0,1,600.0,30,2.0,0.15,4.0,auto
4937,1099,1171,movement,1,1.0,1,600.0,30,2.0,0.15,4.0,auto
4938,1099,1162,movement,1,1.0,1,600.0,30,2.0,0.15,4.0,auto
4939,1099,1155,movement,1,1.0,1,600.0,30,2.0,0.15,4.0,auto
4940,1099,1163,waiting,1,1.0,1,100000.0,30,0.5,0.15,4.0,auto
4941,1100,1165,movement,1,1.0,1,600.0,30,2.0,0.15,4.0,auto
4942,1100,1172,movement,1,1.0,1,600.0,30,2.0,0.15,4.0,auto
4943,1100,1163,movement,1,1.0,1,600.0,30,2.0,0.15,4.0,auto
4944,1100,1156,movement,1,1.0,1,600.0,30,2.0,0.15,4.0,auto
4945,1100,1164,waiting,1,1.0,1,100000.0,30,0.5,0.15,4.0,auto
4946,1101,1166,movement,1,1.0,1,600.0,30,2.0,0.15,4.0,auto
4947,1101,1173,movement,1,1.0,1,600.0,30,2.0,0.15,4.0,auto
4948,1101,1164,movement,1,1.0,1,600.0,30,2.0,0.15,4.0,auto
4949,1101,1157,movement,1,1.0,1,600.0,30,2.0,0.15,4.0,auto
4950,1101,1165,waiting,1,1.0,1,100000.0,30,0.5,0.15,4.0,auto
4951,1102,1167,movement,1,1.0,1,600.0,30,2.0,0.15,4.0,auto
4952,1102,1174,movement,1,1.0,1,600.0,30,2.0,0.15,4.0,auto
4953,1102,1165,movement,1,1.0,1,600.0,30,2.0,0.15,4.0,auto
4954,1102,1158,movement,1,1.0,1,600.0,30,2.0,0.15,4.0,auto
4955,1102,1166,waiting,1,1.0,1,100000.0,30,0.5,0.15,4.0,auto
4956,1103,1168,movement,1,1.0,1,600.0,30,2.0,0.15,4.0,auto
4957,1103,1175,movement,1,1.0,1,600.0,30,2.0,0.15,4.0,auto
4958,1103,1166,movement,1,1.0,1,600.0,30,2.0,0.15,4.0,auto
4959,1103,1159,movement,1,1.0,1,600.0,30,2.0,0.15,4.0,auto
4960,1103,1167,waiting,1,1.0,1,100000.0,30,0.5,0.15,4.0,auto
4961,1104,1176,movement,1,1.0,1,600.0,30,2.0,0.15,4.0,auto
4962,1104,1167,movement,1,1.0,1,600.0,30,2.0,0.15,4.0,auto
4963,1104,1160,movement,1,1.0,1,600.0,30,2.0,0.15,4.0,auto
4964,1104,1168,waiting,1,1.0,1,100000.0,30,0.5,0.15,4.0,auto
4965,1105,1170,movement,1,1.0,1,600.0,30,2.0,0.15,4.0,auto
4966,1105,1177,movement,1,1.0,1,600.0,30,2.0,0.15,4.0,auto
4967,1105,1161,movement,1,1.0,1,600.0,30,2.0,0.15,4.0,auto
4968,1105,1169,waiting,1,1.0,1,100000.0,30,0.5,0.15,4.0,auto
4969,1106,1171,movement,1,1.0,1,600.0,30,2.0,0.15,4.0,auto
4970,1106,1178,movement,1,1.0,1,600.0,30,2.0,0.15,4.0,auto
4971,1106,1169,movement,1,1.0,1,600.0,30,2.0,0.15,4.0,auto
4972,1106,1162,movement,1,1.0,1,600.0,30,2.0,0.15,4.0,auto
4973,1106,1170,waiting,1,1.0,1,100000.0,30,0.5,0.15,4.0,auto
4974,1107,1172,movement,1,1.0,1,600.0,30,2.0,0.15,4.0,auto
4975,1107,1179,movement,1,1.0,1,600.0,30,2.0,0.15,4.0,auto
4976,1107,1170,movement,1,1.0,1,600.0,30,2.0,0.15,4.0,auto
4977,1107,1163,movement,1,1.0,1,600.0,30,2.0,0.15,4.0,auto
4978,1107,1171,waiting,1,1.0,1,100000.0,30,0.5,0.15,4.0,auto
4979,1108,1173,movement,1,1.0,1,600.0,30,2.0,0.15,4.0,auto
4980,1108,1180,movement,1,1.0,1,600.0,30,2.0,0.15,4.0,auto
4981,1108,1171,movement,1,1.0,1,600.0,30,2.0,0.15,4.0,auto
4982,1108,1164,movement,1,1.0,1,600.0,30,2.0,0.15,4.0,auto
4983,1108,1172,waiting,1,1.0,1,100000.0,30,0.5,0.15,4.0,auto
4984,1109,1174,movement,1,1.0,1,600.0,30,2.0,0.15,4.0,auto
4985,1109,1181,movement,1,1.0,1,600.0,30,2.0,0.15,4.0,auto
4986,1109,1172,movement,1,1.0,1,600.0,30,2.0,0.15,4.0,auto
4987,1109,1165,movement,1,1.0,1,600.0,30,2.0,0.15,4.0,auto
4988,1109,1173,waiting,1,1.0,1,100000.0,30,0.5,0.15,4.0,auto
4989,1110,1175,movement,1,1.0,1,600.0,30,2.0,0.15,4.0,auto
4990,1110,1182,movement,1,1.0,1,600.0,30,2.0,0.15,4.0,auto
4991,1110,1173,movement,1,1.0,1,600.0,30,2.0,0.15,4.0,auto
4992,1110,1166,movement,1,1.0,1,600.0,30,2.0,0.15,4.0,auto
4993,1110,1174,waiting,1,1.0,1,100000.0,30,0.5,0.15,4.0,auto
4994,1111,1176,movement,1,1.0,1,600.0,30,2.0,0.15,4.0,auto
4995,1111,1183,movement,1,1.0,1,600.0,30,2.0,0.15,4.0,auto
4996,1111,1174,movement,1,1.0,1,600.0,30,2.0,0.15,4.0,auto
4997,1111,1167,movement,1,1.0,1,600.0,30,2.0,0.15,4.0,auto
4998,1111,1175,waiting,1,1.0,1,100000.0,30,0.5,0.15,4.0,auto
4999,1112,1184,movement,1,1.0,1,600.0,30,2.0,0.15,4.0,auto
5000,1112,1175,movement,1,1.0,1,600.0,30,2.0,0.15,4.0,auto
5001,1112,1168,movement,1,1.0,1,600.0,30,2.0,0.15,4.0,auto
5002,1112,1176,waiting,1,1.0,1,100000.0,30,0.5,0.15,4.0,auto
5003,1113,1178,movement,1,1.0,1,600.0,30,2.0,0.15,4.0,auto
5004,1113,1185,movement,1,1.0,1,600.0,30,2.0,0.15,4.0,auto
5005,1113,1169,movement,1,1.0,1,600.0,30,2.0,0.15,4.0,auto
5006,1113,1177,waiting,1,1.0,1,100000.0,30,0.5,0.15,4.0,auto
5007,1114,1179,movement,1,1.0,1,600.0,30,2.0,0.15,4.0,auto
5008,1114,1186,movement,1,1.0,1,600.0,30,2.0,0.15,4.0,auto
5009,1114,1177,movement,1,1.0,1,600.0,30,2.0,0.15,4.0,auto
5010,1114,1170,movement,1,1.0,1,600.0,30,2.0,0.15,4.0,auto
5011,1114,1178,waiting,1,1.0,1,100000.0,30,0.5,0.15,4.0,auto
5012,1115,1180,movement,1,1.0,1,600.0,30,2.0,0.15,4.0,auto
5013,1115,1187,movement,1,1.0,1,600.0,30,2.0,0.15,4.0,auto
5014,1115,1178,movement,1,1.0,1,600.0,30,2.0,0.15,4.0,auto
5015,1115,1171,movement,1,1.0,1,600.0,30,2.0,0.15,4.0,auto
5016,1115,1179,waiting,1,1.0,1,100000.0,30,0.5,0.15,4.0,auto
5017,1116,1181,movement,1,1.0,1,600.0,30,2.0,0.15,4.0,auto
5018,1116,1188,movement,1,1.0,1,600.0,30,2.0,0.15,4.0,auto
5019,1116,1179,movement,1,1.0,1,600.0,30,2.0,0.15,4.0,auto
5020,1116,1172,movement,1,1.0,1,600.0,30,2.0,0.15,4.0,auto
5021,1116,1180,waiting,1,1.0,1,100000.0,30,0.5,0.15,4.0,auto
5022,1117,1182,movement,1,1.0,1,600.0,30,2.0,0.15,4.0,auto
5023,1117,1189,movement,1,1.0,1,600.0,30,2.0,0.15,4.0,auto
5024,1117,1180,movement,1,1.0,1,600.0,30,2.0,0.15,4.0,auto
5025,1117,1173,movement,1,1.0,1,600.0,30,2.0,0.15,4.0,auto
5026,1117,1181,waiting,1,1.0,1,100000.0,30,0.5,0.15,4.0,auto
5027,1118,1183,movement,1,1.0,1,600.0,30,2.0,0.15,4.0,auto
5028,1118,1190,movement,1,1.0,1,600.0,30,2.0,0.15,4.0,auto
5029,1118,1181,movement,1,1.0,1,600.0,30,2.0,0.15,4.0,auto
5030,1118,1174,movement,1,1.0,1,600.0,30,2.0,0.15,4.0,auto
5031,1118,1182,waiting,1,1.0,1,100000.0,30,0.5,0.15,4.0,auto
5032,1119,1184,movement,1,1.0,1,600.0,30,2.0,0.15,4.0,auto
5033,1119,1191,movement,1,1.0,1,600.0,30,2.0,0.15,4.0,auto
5034,1119,1182,movement,1,1.0,1,600.0,30,2.0,0.15,4.0,auto
5035,1119,1175,movement,1,1.0,1,600.0,30,2.0,0.15,4.0,auto
5036,1119,1183,waiting,1,1.0,1,100000.0,30,0.5,0.15,4.0,auto
5037,1120,1192,movement,1,1.0,1,600.0,30,2.0,0.15,4.0,auto
5038,1120,1183,movement,1,1.0,1,600.0,30,2.0,0.15,4.0,auto
5039,1120,1176,movement,1,1.0,1,600.0,30,2.0,0.15,4.0,auto
5040,1120,1184,waiting,1,1.0,1,100000.0,30,0.5,0.15,4.0,auto
5041,1121,1186,movement,1,1.0,1,600.0,30,2.0,0.15,4.0,auto
5042,1121,1193,movement,1,1.0,1,600.0,30,2.0,0.15,4.0,auto
5043,1121,1177,movement,1,1.0,1,600.0,30,2.0,0.15,4.0,auto
5044,1121,1185,waiting,1,1.0,1,100000.0,30,0.5,0.15,4.0,auto
5045,1122,1187,movement,1,1.0,1,600.0,30,2.0,0.15,4.0,auto
5046,1122,1194,movement,1,1.0,1,600.0,30,2.0,0.15,4.0,auto
5047,1122,1185,movement,1,1.0,1,600.0,30,2.0,0.15,4.0,auto
5048,1122,1178,movement,1,1.0,1,600.0,30,2.0,0.15,4.0,auto
5049,1122,1186,waiting,1,1.0,1,100000.0,30,0.5,0.15,4.0,auto
5050,1123,1188,movement,1,1.0,1,600.0,30,2.0,0.15,4.0,auto
5051,1123,1195,movement,1,1.0,1,600.0,30,2.0,0.15,4.0,auto
5052,1123,1186,movement,1,1.0,1,600.0,30,2.0,0.15,4.0,auto
5053,1123,1179,movement,1,1.0,1,600.0,30,2.0,0.15,4.0,auto
5054,1123,1187,waiting,1,1.0,1,100000.0,30,0.5,0.15,4.0,auto
5055,1124,1189,movement,1,1.0,1,600.0,30,2.0,0.15,4.0,auto
5056,1124,1196,movement,1,1.0,1,600.0,30,2.0,0.15,4.0,auto
5057,1124,1187,movement,1,1.0,1,600.0,30,2.0,0.15,4.0,auto
5058,1124,1180,movement,1,1.0,1,600.0,30,2.0,0.15,4.0,auto
5059,1124,1188,waiting,1,1.0,1,100000.0,30,0.5,0.15,4.0,auto
5060,1125,1190,movement,1,1.0,1,600.0,30,2.0,0.15,4.0,auto
5061,1125,1197,movement,1,1.0,1,600.0,30,2.0,0.15,4.0,auto
5062,1125,1188,movement,1,1.0,1,600.0,30,2.0,0.15,4.0,auto
5063,1125,1181,movement,1,1.0,1,600.0,30,2.0,0.15,4.0,auto
5064,1125,1189,waiting,1,1.0,1,100000.0,30,0.5,0.15,4.0,auto
5065,1126,1191,movement,1,1.0,1,600.0,30,2.0,0.15,4.0,auto
5066,1126,1198,movement,1,1.0,1,600.0,30,2.0,0.15,4.0,auto
5067,1126,1189,movement,1,1.0,1,600.0,30,2.0,0.15,4.0,auto
5068,1126,1182,movement,1,1.0,1,600.0,30,2.0,0.15,4.0,auto
5069,1126,1190,waiting,1,1.0,1,100000.0,30,0.5,0.15,4.0,auto
5070,1127,1192,movement,1,1.0,1,600.0,30,2.0,0.15,4.0,auto
5071,1127,1199,movement,1,1.0,1,600.0,30,2.0,0.15,4.0,auto
5072,1127,1190,movement,1,1.0,1,600.0,30,2.0,0.15,4.0,auto
5073,1127,1183,movement,1,1.0,1,600.0,30,2.0,0.15,4.0,auto
5074,1127,1191,waiting,1,1.0,1,100000.0,30,0.5,0.15,4.0,auto
5075,1128,1200,movement,1,1.0,1,600.0,30,2.0,0.15,4.0,auto
5076,1128,1191,movement,1,1.0,1,600.0,30,2.0,0.15,4.0,auto
5077,1128,1184,movement,1,1.0,1,600.0,30,2.0,0.15,4.0,auto
5078,1128,1192,waiting,1,1.0,1,100000.0,30,0.5,0.15,4.0,auto
5079,1129,1194,movement,1,1.0,1,600.0,30,2.0,0.15,4.0,auto
5080,1129,1201,movement,1,1.0,1,600.0,30,2.0,0.15,4.0,auto
5081,1129,1185,movement,1,1.0,1,600.0,30,2.0,0.15,4.0,auto
5082,1129,1193,waiting,1,1.0,1,100000.0,30,0.5,0.15,4.0,auto
5083,1130,1195,movement,1,1.0,1,600.0,30,2.0,0.15,4.0,auto
5084,1130,1202,movement,1,1.0,1,600.0,30,2.0,0.15,4.0,auto
5085,1130,1193,movement,1,1.0,1,600.0,30,2.0,0.15,4.0,auto
5086,1130,1186,movement,1,1.0,1,600.0,30,2.0,0.15,4.0,auto
5087,1130,1194,waiting,1,1.0,1,100000.0,30,0.5,0.15,4.0,auto
5088,1131,1196,movement,1,1.0,1,600.0,30,2.0,0.15,4.0,auto
5089,1131,1203,movement,1,1.0,1,600.0,30,2.0,0.15,4.0,auto
5090,1131,1194,movement,1,1.0,1,600.0,30,2.0,0.15,4.0,auto
5091,1131,1187,movement,1,1.0,1,600.0,30,2.0,0.15,4.0,auto
5092,1131,1195,waiting,1,1.0,1,100000.0,30,0.5,0.15,4.0,auto
5093,1132,1197,movement,1,1.0,1,600.0,30,2.0,0.15,4.0,auto
5094,1132,1204,movement,1,1.0,1,600.0,30,2.0,0.15,4.0,auto
5095,1132,1195,movement,1,1.0,1,600.0,30,2.0,0.15,4.0,auto
5096,1132,1188,movement,1,1.0,1,600.0,30,2.0,0.15,4.0,auto
5097,1132,1196,waiting,1,1.0,1,100000.0,30,0.5,0.15,4.0,auto
5098,1133,1198,movement,1,1.0,1,600.0,30,2.0,0.15,4.0,auto
5099,1133,1205,movement,1,1.0,1,600.0,30,2.0,0.15,4.0,auto
5100,1133,1196,movement,1,1.0,1,600.0,30,2.0,0.15,4.0,auto
5101,1133,1189,movement,1,1.0,1,600.0,30,2.0,0.15,4.0,auto
5102,1133,1197,waiting,1,1.0,1,100000.0,30,0.5,0.15,4.0,auto
5103,1134,1199,movement,1,1.0,1,600.0,30,2.0,0.15,4.0,auto
5104,1134,1206,movement,1,1.0,1,600.0,30,2.0,0.15,4.0,auto
5105,1134,1197,movement,1,1.0,1,600.0,30,2.0,0.15,4.0,auto
5106,1134,1190,movement,1,1.0,1,600.0,30,2.0,0.15,4.0,auto
5107,1134,1198,waiting,1,1.0,1,100000.0,30,0.5,0.15,4.0,auto
5108,1135,1200,movement,1,1.0,1,600.0,30,2.0,0.15,4.0,auto
5109,1135,1207,movement,1,1.0,1,600.0,30,2.0,0.15,4.0,auto
5110,1135,1198,movement,1,1.0,1,600.0,30,2.0,0.15,4.0,auto
5111,1135,1191,movement,1,1.0,1,600.0,30,2.0,0.15,4.0,auto
5112,1135,1199,waiting,1,1.0,1,100000.0,30,0.5,0.15,4.0,auto
5113,1136,1208,movement,1,1.0,1,600.0,30,2.0,0.15,4.0,auto
5114,1136,1199,movement,1,1.0,1,600.0,30,2.0,0.15,4.0,auto
5115,1136,1192,movement,1,1.0,1,600.0,30,2.0,0.15,4.0,auto
5116,1136,1200,waiting,1,1.0,1,100000.0,30,0.5,0.15,4.0,auto
5117,1137,1202,movement,1,1.0,1,600.0,30,2.0,0.15,4.0,auto
5118,1137,1209,movement,1,1.0,1,600.0,30,2.0,0.15,4.0,auto
5119,1137,1193,movement,1,1.0,1,600.0,30,2.0,0.15,4.0,auto
5120,1137,1201,waiting,1,1.0,1,100000.0,30,0.5,0.15,4.0,auto
5121,1138,1203,movement,1,1.0,1,600.0,30,2.0,0.15,4.0,auto
5122,1138,1210,movement,1,1.0,1,600.0,30,2.0,0.15,4.0,auto
5123,1138,1201,movement,1,1.0,1,600.0,30,2.0,0.15,4.0,auto
5124,1138,1194,movement,1,1.0,1,600.0,30,2.0,0.15,4.0,auto
5125,1138,1202,waiting,1,1.0,1,100000.0,30,0.5,0.15,4.0,auto
5126,1139,1204,movement,1,1.0,1,600.0,30,2.0,0.15,4.0,auto
5127,1139,1211,movement,1,1.0,1,600.0,30,2.0,0.15,4.0,auto
5128,1139,1202,movement,1,1.0,1,600.0,30,2.0,0.15,4.0,auto
5129,1139,1195,movement,1,1.0,1,600.0,30,2.0,0.15,4.0,auto
5130,1139,1203,waiting,1,1.0,1,100000.0,30,0.5,0.15,4.0,auto
5131,1140,1205,movement,1,1.0,1,600.0,30,2.0,0.15,4.0,auto
5132,1140,1212,movement,1,1.0,1,600.0,30,2.0,0.15,4.0,auto
5133,1140,1203,movement,1,1.0,1,600.0,30,2.0,0.15,4.0,auto
5134,1140,1196,movement,1,1.0,1,600.0,30,2.0,0.15,4.0,auto
5135,1140,1204,waiting,1,1.0,1,100000.0,30,0.5,0.15,4.0,auto
5136,1141,1206,movement,1,1.0,1,600.0,30,2.0,0.15,4.0,auto
5137,1141,1213,movement,1,1.0,1,600.0,30,2.0,0.15,4.0,auto
5138,1141,1204,movement,1,1.0,1,600.0,30,2.0,0.15,4.0,auto
5139,1141,1197,movement,1,1.0,1,600.0,30,2.0,0.15,4.0,auto
5140,1141,1205,waiting,1,1.0,1,100000.0,30,0.5,0.15,4.0,auto
5141,1142,1207,movement,1,1.0,1,600.0,30,2.0,0.15,4.0,auto
5142,1142,1214,movement,1,1.0,1,600.0,30,2.0,0.15,4.0,auto
5143,1142,1205,movement,1,1.0,1,600.0,30,2.0,0.15,4.0,auto
5144,1142,1198,movement,1,1.0,1,600.0,30,2.0,0.15,4.0,auto
5145,1142,1206,waiting,1,1.0,1,100000.0,30,0.5,0.15,4.0,auto
5146,1143,1208,movement,1,1.0,1,600.0,30,2.0,0.15,4.0,auto
5147,1143,1215,movement,1,1.0,1,600.0,30,2.0,0.15,4.0,auto
5148,1143,1206,movement,1,1.0,1,600.0,30,2.0,0.15,4.0,auto
5149,1143,1199,movement,1,1.0,1,600.0,30,2.0,0.15,4.0,auto
5150,1143,1207,waiting,1,1.0,1,100000.0,30,0.5,0.15,4.0,auto
5151,1144,1216,movement,1,1.0,1,600.0,30,2.0,0.15,4.0,auto
5152,1144,1207,movement,1,1.0,1,600.0,30,2.0,0.15,4.0,auto
5153,1144,1200,movement,1,1.0,1,600.0,30,2.0,0.15,4.0,auto
5154,1144,1208,waiting,1,1.0,1,100000.0,30,0.5,0.15,4.0,auto
5155,1145,1210,movement,1,1.0,1,600.0,30,2.0,0.15,4.0,auto
5156,1145,1201,movement,1,1.0,1,600.0,30,2.0,0.15,4.0,auto
5157,1145,1209,waiting,1,1.0,1,100000.0,30,0.5,0.15,4.0,auto
5158,1146,1211,movement,1,1.0,1,600.0,30,2.0,0.15,4.0,auto
5159,1146,1209,movement,1,1.0,1,600.0,30,2.0,0.15,4.0,auto
5160,1146,1202,movement,1,1.0,1,600.0,30,2.0,0.15,4.0,auto
5161,1146,1210,waiting,1,1.0,1,100000.0,30,0.5,0.15,4.0,auto
5162,1147,1212,movement,1,1.0,1,600.0,30,2.0,0.15,4.0,auto
5163,1147,1210,movement,1,1.0,1,600.0,30,2.0,0.15,4.0,auto
5164,1147,1203,movement,1,1.0,1,600.0,30,2.0,0.15,4.0,auto
5165,1147,1211,waiting,1,1.0,1,100000.0,30,0.5,0.15,4.0,auto
5166,1148,1213,movement,1,1.0,1,600.0,30,2.0,0.15,4.0,auto
5167,1148,1211,movement,1,1.0,1,600.0,30,2.0,0.15,4.0,auto
5168,1148,1204,movement,1,1.0,1,600.0,30,2.0,0.15,4.0,auto
5169,1148,1212,waiting,1,1.0,1,100000.0,30,0.5,0.15,4.0,auto
5170,1149,1214,movement,1,1.0,1,600.0,30,2.0,0.15,4.0,auto
5171,1149,1212,movement,1,1.0,1,600.0,30,2.0,0.15,4.0,auto
5172,1149,1205,movement,1,1.0,1,600.0,30,2.0,0.15,4.0,auto
5173,1149,1213,waiting,1,1.0,1,100000.0,30,0.5,0.15,4.0,auto
5174,1150,1215,movement,1,1.0,1,600.0,30,2.0,0.15,4.0,auto
5175,1150,1213,movement,1,1.0,1,600.0,30,2.0,0.15,4.0,auto
5176,1150,1206,movement,1,1.0,1,600.0,30,2.0,0.15,4.0,auto
5177,1150,1214,waiting,1,1.0,1,100000.0,30,0.5,0.15,4.0,auto
5178,1151,1216,movement,1,1.0,1,600.0,30,2.0,0.15,4.0,auto
5179,1151,1214,movement,1,1.0,1,600.0,30,2.0,0.15,4.0,auto
5180,1151,1207,movement,1,1.0,1,600.0,30,2.0,0.15,4.0,auto
5181,1151,1215,waiting,1,1.0,1,100000.0,30,0.5,0.15,4.0,auto
5182,1152,1215,movement,1,1.0,1,600.0,30,2.0,0.15,4.0,auto
5183,1152,1208,movement,1,1.0,1,600.0,30,2.0,0.15,4.0,auto
5184,1152,1216,waiting,1,1.0,1,100000.0,30,0.5,0.15,4.0,auto
5185,1153,1218,movement,1,1.0,1,600.0,30,2.0,0.15,4.0,auto
5186,1153,1225,movement,1,1.0,1,600.0,30,2.0,0.15,4.0,auto
5187,1153,1217,waiting,1,1.0,1,100000.0,30,0.5,0.15,4.0,auto
5188,1154,1219,movement,1,1.0,1,600.0,30,2.0,0.15,4.0,auto
5189,1154,1226,movement,1,1.0,1,600.0,30,2.0,0.15,4.0,auto
5190,1154,1217,movement,1,1.0,1,600.0,30,2.0,0.15,4.0,auto
5191,1154,1218,waiting,1,1.0,1,100000.0,30,0.5,0.15,4.0,auto
5192,1155,1220,movement,1,1.0,1,600.0,30,2.0,0.15,4.0,auto
5193,1155,1227,movement,1,1.0,1,600.0,30,2.0,0.15,4.0,auto
5194,1155,1218,movement,1,1.0,1,600.0,30,2.0,0.15,4.0,auto
5195,1155,1219,waiting,1,1.0,1,100000.0,30,0.5,0.15,4.0,auto
5196,1156,1221,movement,1,1.0,1,600.0,30,2.0,0.15,4.0,auto
5197,1156,1228,movement,1,1.0,1,600.0,30,2.0,0.15,4.0,auto
5198,1156,1219,movement,1,1.0,1,600.0,30,2.0,0.15,4.0,auto
5199,1156,1220,waiting,1,1.0,1,100000.0,30,0.5,0.15,4.0,auto
5200,1157,1222,movement,1,1.0,1,600.0,30,2.0,0.15,4.0,auto
5201,1157,1229,movement,1,1.0,1,600.0,30,2.0,0.15,4.0,auto
5202,1157,1220,movement,1,1.0,1,600.0,30,2.0,0.15,4.0,auto
5203,1157,1221,waiting,1,1.0,1,100000.0,30,0.5,0.15,4.0,auto
5204,1158,1223,movement,1,1.0,1,600.0,30,2.0,0.15,4.0,auto
5205,1158,1230,movement,1,1.0,1,600.0,30,2.0,0.15,4.0,auto
5206,1158,1221,movement,1,1.0,1,600.0,30,2.0,0.15,4.0,auto
5207,1158,1222,waiting,1,1.0,1,100000.0,30,0.5,0.15,4.0,auto
5208,1159,1224,movement,1,1.0,1,600.0,30,2.0,0.15,4.0,auto
5209,1159,1231,movement,1,1.0,1,600.0,30,2.0,0.15,4.0,auto
5210,1159,1222,movement,1,1.0,1,600.0,30,2.0,0.15,4.0,auto
5211,1159,1223,waiting,1,1.0,1,100000.0,30,0.5,0.15,4.0,auto
5212,1160,1232,movement,1,1.0,1,600.0,30,2.0,0.15,4.0,auto
5213,1160,1223,movement,1,1.0,1,600.0,30,2.0,0.15,4.0,auto
5214,1160,1224,waiting,1,1.0,1,100000.0,30,0.5,0.15,4.0,auto
5215,1161,1226,movement,1,1.0,1,600.0,30,2.0,0.15,4.0,auto
5216,1161,1233,movement,1,1.0,1,600.0,30,2.0,0.15,4.0,auto
5217,1161,1217,movement,1,1.0,1,600.0,30,2.0,0.15,4.0,auto
5218,1161,1225,waiting,1,1.0,1,100000.0,30,0.5,0.15,4.0,auto
5219,1162,1227,movement,1,1.0,1,600.0,30,2.0,0.15,4.0,auto
5220,1162,1234,movement,1,1.0,1,600.0,30,2.0,0.15,4.0,auto
5221,1162,1225,movement,1,1.0,1,600.0,30,2.0,0.15,4.0,auto
5222,1162,1218,movement,1,1.0,1,600.0,30,2.0,0.15,4.0,auto
5223,1162,1226,waiting,1,1.0,1,100000.0,30,0.5,0.15,4.0,auto
5224,1163,1228,movement,1,1.0,1,600.0,30,2.0,0.15,4.0,auto
5225,1163,1235,movement,1,1.0,1,600.0,30,2.0,0.15,4.0,auto
5226,1163,1226,movement,1,1.0,1,600.0,30,2.0,0.15,4.0,auto
5227,1163,1219,movement,1,1.0,1,600.0,30,2.0,0.15,4.0,auto
5228,1163,1227,waiting,1,1.0,1,100000.0,30,0.5,0.15,4.0,auto
5229,1164,1229,movement,1,1.0,1,600.0,30,2.0,0.15,4.0,auto
5230,1164,1236,movement,1,1.0,1,600.0,30,2.0,0.15,4.0,auto
5231,1164,1227,movement,1,1.0,1,600.0,30,2.0,0.15,4.0,auto
5232,1164,1220,movement,1,1.0,1,600.0,30,2.0,0.15,4.0,auto
5233,1164,1228,waiting,1,1.0,1,100000.0,30,0.5,0.15,4.0,auto
5234,1165,1230,movement,1,1.0,1,600.0,30,2.0,0.15,4.0,auto
5235,1165,1237,movement,1,1.0,1,600.0,30,2.0,0.15,4.0,auto
5236,1165,1228,movement,1,1.0,1,600.0,30,2.0,0.15,4.0,auto
5237,1165,1221,movement,1,1.0,1,600.0,30,2.0,0.15,4.0,auto
5238,1165,1229,waiting,1,1.0,1,100000.0,30,0.5,0.15,4.0,auto
5239,1166,1231,movement,1,1.0,1,600.0,30,2.0,0.15,4.0,auto
5240,1166,1238,movement,1,1.0,1,600.0,30,2.0,0.15,4.0,auto
5241,1166,1229,movement,1,1.0,1,600.0,30,2.0,0.15,4.0,auto
5242,1166,1222,movement,1,1.0,1,600.0,30,2.0,0.15,4.0,auto
5243,1166,1230,waiting,1,1.0,1,100000.0,30,0.5,0.15,4.0,auto
5244,1167,1232,movement,1,1.0,1,600.0,30,2.0,0.15,4.0,auto
5245,1167,1239,movement,1,1.0,1,600.0,30,2.0,0.15,4.0,auto
5246,1167,1230,movement,1,1.0,1,600.0,30,2.0,0.15,4.0,auto
5247,1167,1223,movement,1,1.0,1,600.0,30,2.0,0.15,4.0,auto
5248,1167,1231,waiting,1,1.0,1,100000.0,30,0.5,0.15,4.0,auto
5249,1168,1240,movement,1,1.0,1,600.0,30,2.0,0.15,4.0,auto
5250,1168,1231,movement,1,1.0,1,600.0,30,2.0,0.15,4.0,auto
5251,1168,1224,movement,1,1.0,1,600.0,30,2.0,0.15,4.0,auto
5252,1168,1232,waiting,1,1.0,1,100000.0,30,0.5,0.15,4.0,auto
5253,1169,1234,movement,1,1.0,1,600.0,30,2.0,0.15,4.0,auto
5254,1169,1241,movement,1,1.0,1,600.0,30,2.0,0.15,4.0,auto
5255,1169,1225,movement,1,1.0,1,600.0,30,2.0,0.15,4.0,auto
5256,1169,1233,waiting,1,1.0,1,100000.0,30,0.5,0.15,4.0,auto
5257,1170,1235,movement,1,1.0,1,600.0,30,2.0,0.15,4.0,auto
5258,1170,1242,movement,1,1.0,1,600.0,30,2.0,0.15,4.0,auto
5259,1170,1233,movement,1,1.0,1,600.0,30,2.0,0.15,4.0,auto
5260,1170,1226,movement,1,1.0,1,600.0,30,2.0,0.15,4.0,auto
5261,1170,1234,waiting,1,1.0,1,100000.0,30,0.5,0.15,4.0,auto
5262,1171,1236,movement,1,1.0,1,600.0,30,2.0,0.15,4.0,auto
5263,1171,1243,movement,1,1.0,1,600.0,30,2.0,0.15,4.0,auto
5264,1171,1234,movement,1,1.0,1,600.0,30,2.0,0.15,4.0,auto
5265,1171,1227,movement,1,1.0,1,600.0,30,2.0,0.15,4.0,auto
5266,1171,1235,waiting,1,1.0,1,100000.0,30,0.5,0.15,4.0,auto
5267,1172,1237,movement,1,1.0,1,600.0,30,2.0,0.15,4.0,auto
5268,1172,1244,movement,1,1.0,1,600.0,30,2.0,0.15,4.0,auto
5269,1172,1235,movement,1,1.0,1,600.0,30,2.0,0.15,4.0,auto
5270,1172,1228,movement,1,1.0,1,600.0,30,2.0,0.15,4.0,auto
5271,1172,1236,waiting,1,1.0,1,100000.0,30,0.5,0.15,4.0,auto
5272,1173,1238,movement,1,1.0,1,600.0,30,2.0,0.15,4.0,auto
5273,1173,1245,movement,1,1.0,1,600.0,30,2.0,0.15,4.0,auto
5274,1173,1236,movement,1,1.0,1,600.0,30,2.0,0.15,4.0,auto
5275,1173,1229,movement,1,1.0,1,600.0,30,2.0,0.15,4.0,auto
5276,1173,1237,waiting,1,1.0,1,100000.0,30,0.5,0.15,4.0,auto
5277,1174,1239,movement,1,1.0,1,600.0,30,2.0,0.15,4.0,auto
5278,1174,1246,movement,1,1.0,1,600.0,30,2.0,0.15,4.0,auto
5279,1174,1237,movement,1,1.0,1,600.0,30,2.0,0.15,4.0,auto
5280,1174,1230,movement,1,1.0,1,600.0,30,2.0,0.15,4.0,auto
5281,1174,1238,waiting,1,1.0,1,100000.0,30,0.5,0.15,4.0,auto
5282,1175,1240,movement,1,1.0,1,600.0,30,2.0,0.15,4.0,auto
5283,1175,1247,movement,1,1.0,1,600.0,30,2.0,0.15,4.0,auto
5284,1175,1238,movement,1,1.0,1,600.0,30,2.0,0.15,4.0,auto
5285,1175,1231,movement,1,1.0,1,600.0,30,2.0,0.15,4.0,auto
5286,1175,1239,waiting,1,1.0,1,100000.0,30,0.5,0.15,4.0,auto
5287,1176,1248,movement,1,1.0,1,600.0,30,2.0,0.15,4.0,auto
5288,1176,1239,movement,1,1.0,1,600.0,30,2.0,0.15,4.0,auto
5289,1176,1232,movement,1,1.0,1,600.0,30,2.0,0.15,4.0,auto
5290,1176,1240,waiting,1,1.0,1,100000.0,30,0.5,0.15,4.0,auto
5291,1177,1242,movement,1,1.0,1,600.0,30,2.0,0.15,4.0,auto
5292,1177,1249,movement,1,1.0,1,600.0,30,2.0,0.15,4.0,auto
5293,1177,1233,movement,1,1.0,1,600.0,30,2.0,0.15,4.0,auto
5294,1177,1241,waiting,1,1.0,1,100000.0,30,0.5,0.15,4.0,auto
5295,1178,1243,movement,1,1.0,1,600.0,30,2.0,0.15,4.0,auto
5296,1178,1250,movement,1,1.0,1,600.0,30,2.0,0.15,4.0,auto
5297,1178,1241,movement,1,1.0,1,600.0,30,2.0,0.15,4.0,auto
5298,1178,1234,movement,1,1.0,1,600.0,30,2.0,0.15,4.0,auto
5299,1178,1242,waiting,1,1.0,1,100000.0,30,0.5,0.15,4.0,auto
5300,1179,1244,movement,1,1.0,1,600.0,30,2.0,0.15,4.0,auto
5301,1179,1251,movement,1,1.0,1,600.0,30,2.0,0.15,4.0,auto
5302,1179,1242,movement,1,1.0,1,600.0,30,2.0,0.15,4.0,auto
5303,1179,1235,movement,1,1.0,1,600.0,30,2.0,0.15,4.0,auto
5304,1179,1243,waiting,1,1.0,1,100000.0,30,0.5,0.15,4.0,auto
5305,1180,1245,movement,1,1.0,1,600.0,30,2.0,0.15,4.0,auto
5306,1180,1252,movement,1,1.0,1,600.0,30,2.0,0.15,4.0,auto
5307,1180,1243,movement,1,1.0,1,600.0,30,2.0,0.15,4.0,auto
5308,1180,1236,movement,1,1.0,1,600.0,30,2.0,0.15,4.0,auto
5309,1180,1244,waiting,1,1.0,1,100000.0,30,0.5,0.15,4.0,auto
5310,1181,1246,movement,1,1.0,1,600.0,30,2.0,0.15,4.0,auto
5311,1181,1253,movement,1,1.0,1,600.0,30,2.0,0.15,4.0,auto
5312,1181,1244,movement,1,1.0,1,600.0,30,2.0,0.15,4.0,auto
5313,1181,1237,movement,1,1.0,1,600.0,30,2.0,0.15,4.0,auto
5314,1181,1245,waiting,1,1.0,1,100000.0,30,0.5,0.15,4.0,auto
5315,1182,1247,movement,1,1.0,1,600.0,30,2.0,0.15,4.0,auto
5316,1182,1254,movement,1,1.0,1,600.0,30,2.0,0.15,4.0,auto
5317,1182,1245,movement,1,1.0,1,600.0,30,2.0,0.15,4.0,auto
5318,1182,1238,movement,1,1.0,1,600.0,30,2.0,0.15,4.0,auto
5319,1182,1246,waiting,1,1.0,1,100000.0,30,0.5,0.15,4.0,auto
5320,1183,1248,movement,1,1.0,1,600.0,30,2.0,0.15,4.0,auto
5321,1183,1255,movement,1,1.0,1,600.0,30,2.0,0.15,4.0,auto
5322,1183,1246,movement,1,1.0,1,600.0,30,2.0,0.15,4.0,auto
5323,1183,1239,movement,1,1.0,1,600.0,30,2.0,0.15,4.0,auto
5324,1183,1247,waiting,1,1.0,1,100000.0,30,0.5,0.15,4.0,auto
5325,1184,1256,movement,1,1.0,1,600.0,30,2.0,0.15,4.0,auto
5326,1184,1247,movement,1,1.0,1,600.0,30,2.0,0.15,4.0,auto
5327,1184,1240,movement,1,1.0,1,600.0,30,2.0,0.15,4.0,auto
5328,1184,1248,waiting,1,1.0,1,100000.0,30,0.5,0.15,4.0,auto
5329,1185,1250,movement,1,1.0,1,600.0,30,2.0,0.15,4.0,auto
5330,1185,1257,movement,1,1.0,1,600.0,30,2.0,0.15,4.0,auto
5331,1185,1241,movement,1,1.0,1,600.0,30,2.0,0.15,4.0,auto
5332,1185,1249,waiting,1,1.0,1,100000.0,30,0.5,0.15,4.0,auto
5333,1186,1251,movement,1,1.0,1,600.0,30,2.0,0.15,4.0,auto
5334,1186,1258,movement,1,1.0,1,600.0,30,2.0,0.15,4.0,auto
5335,1186,1249,movement,1,1.0,1,600.0,30,2.0,0.15,4.0,auto
5336,1186,1242,movement,1,1.0,1,600.0,30,2.0,0.15,4.0,auto
5337,1186,1250,waiting,1,1.0,1,100000.0,30,0.5,0.15,4.0,auto
5338,1187,1252,movement,1,1.0,1,600.0,30,2.0,0.15,4.0,auto
5339,1187,1259,movement,1,1.0,1,600.0,30,2.0,0.15,4.0,auto
5340,1187,1250,movement,1,1.0,1,600.0,30,2.0,0.15,4.0,auto
5341,1187,1243,movement,1,1.0,1,600.0,30,2.0,0.15,4.0,auto
5342,1187,1251,waiting,1,1.0,1,100000.0,30,0.5,0.15,4.0,auto
5343,1188,1253,movement,1,1.0,1,600.0,30,2.0,0.15,4.0,auto
5344,1188,1260,movement,1,1.0,1,600.0,30,2.0,0.15,4.0,auto
5345,1188,1251,movement,1,1.0,1,600.0,30,2.0,0.15,4.0,auto
5346,1188,1244,movement,1,1.0,1,600.0,30,2.0,0.15,4.0,auto
5347,1188,1252,waiting,1,1.0,1,100000.0,30,0.5,0.15,4.0,auto
5348,1189,1254,movement,1,1.0,1,600.0,30,2.0,0.15,4.0,auto
5349,1189,1261,movement,1,1.0,1,600.0,30,2.0,0.15,4.0,auto
5350,1189,1252,movement,1,1.0,1,600.0,30,2.0,0.15,4.0,auto
5351,1189,1245,movement,1,1.0,1,600.0,30,2.0,0.15,4.0,auto
5352,1189,1253,waiting,1,1.0,1,100000.0,30,0.5,0.15,4.0,auto
5353,1190,1255,movement,1,1.0,1,600.0,30,2.0,0.15,4.0,auto
5354,1190,1262,movement,1,1.0,1,600.0,30,2.0,0.15,4.0,auto
5355,1190,1253,movement,1,1.0,1,600.0,30,2.0,0.15,4.0,auto
5356,1190,1246,movement,1,1.0,1,600.0,30,2.0,0.15,4.0,auto
5357,1190,1254,waiting,1,1.0,1,100000.0,30,0.5,0.15,4.0,auto
5358,1191,1256,movement,1,1.0,1,600.0,30,2.0,0.15,4.0,auto
5359,1191,1263,movement,1,1.0,1,600.0,30,2.0,0.15,4.0,auto
5360,1191,1254,movement,1,1.0,1,600.0,30,2.0,0.15,4.0,auto
5361,1191,1247,movement,1,1.0,1,600.0,30,2.0,0.15,4.0,auto
5362,1191,1255,waiting,1,1.0,1,100000.0,30,0.5,0.15,4.0,auto
5363,1192,1264,movement,1,1.0,1,600.0,30,2.0,0.15,4.0,auto
5364,1192,1255,movement,1,1.0,1,600.0,30,2.0,0.15,4.0,auto
5365,1192,1248,movement,1,1.0,1,600.0,30,2.0,0.15,4.0,auto
5366,1192,1256,waiting,1,1.0,1,100000.0,30,0.5,0.15,4.0,auto
5367,1193,1258,movement,1,1.0,1,600.0,30,2.0,0.15,4.0,auto
5368,1193,1265,movement,1,1.0,1,600.0,30,2.0,0.15,4.0,auto
5369,1193,1249,movement,1,1.0,1,600.0,30,2.0,0.15,4.0,auto
5370,1193,1257,waiting,1,1.0,1,100000.0,30,0.5,0.15,4.0,auto
5371,1194,1259,movement,1,1.0,1,600.0,30,2.0,0.15,4.0,auto
5372,1194,1266,movement,1,1.0,1,600.0,30,2.0,0.15,4.0,auto
5373,1194,1257,movement,1,1.0,1,600.0,30,2.0,0.15,4.0,auto
5374,1194,1250,movement,1,1.0,1,600.0,30,2.0,0.15,4.0,auto
5375,1194,1258,waiting,1,1.0,1,100000.0,30,0.5,0.15,4.0,auto
5376,1195,1260,movement,1,1.0,1,600.0,30,2.0,0.15,4.0,auto
5377,1195,1267,movement,1,1.0,1,600.0,30,2.0,0.15,4.0,auto
5378,1195,1258,movement,1,1.0,1,600.0,30,2.0,0.15,4.0,auto
5379,1195,1251,movement,1,1.0,1,600.0,30,2.0,0.15,4.0,auto
5380,1195,1259,waiting,1,1.0,1,100000.0,30,0.5,0.15,4.0,auto
5381,1196,1261,movement,1,1.0,1,600.0,30,2.0,0.15,4.0,auto
5382,1196,1268,movement,1,1.0,1,600.0,30,2.0,0.15,4.0,auto
5383,1196,1259,movement,1,1.0,1,600.0,30,2.0,0.15,4.0,auto
5384,1196,1252,movement,1,1.0,1,600.0,30,2.0,0.15,4.0,auto
5385,1196,1260,waiting,1,1.0,1,100000.0,30,0.5,0.15,4.0,auto
5386,1197,1262,movement,1,1.0,1,600.0,30,2.0,0.15,4.0,auto
5387,1197,1269,movement,1,1.0,1,600.0,30,2.0,0.15,4.0,auto
5388,1197,1260,movement,1,1.0,1,600.0,30,2.0,0.15,4.0,auto
5389,1197,1253,movement,1,1.0,1,600.0,30,2.0,0.15,4.0,auto
5390,1197,1261,waiting,1,1.0,1,100000.0,30,0.5,0.15,4.0,auto
5391,1198,1263,movement,1,1.0,1,600.0,30,2.0,0.15,4.0,auto
5392,1198,1270,movement,1,1.0,1,600.0,30,2.0,0.15,4.0,auto
5393,1198,1261,movement,1,1.0,1,600.0,30,2.0,0.15,4.0,auto
5394,1198,1254,movement,1,1.0,1,600.0,30,2.0,0.15,4.0,auto
5395,1198,1262,waiting,1,1.0,1,100000.0,30,0.5,0.15,4.0,auto
5396,1199,1264,movement,1,1.0,1,600.0,30,2.0,0.15,4.0,auto
5397,1199,1271,movement,1,1.0,1,600.0,30,2.0,0.15,4.0,auto
5398,1199,1262,movement,1,1.0,1,600.0,30,2.0,0.15,4.0,auto
5399,1199,1255,movement,1,1.0,1,600.0,30,2.0,0.15,4.0,auto
5400,1199,1263,waiting,1,1.0,1,100000.0,30,0.5,0.15,4.0,auto
5401,1200,1272,movement,1,1.0,1,600.0,30,2.0,0.15,4.0,auto
5402,1200,1263,movement,1,1.0,1,600.0,30,2.0,0.15,4.0,auto
5403,1200,1256,movement,1,1.0,1,600.0,30,2.0,0.15,4.0,auto
5404,1200,1264,waiting,1,1.0,1,100000.0,30,0.5,0.15,4.0,auto
5405,1201,1266,movement,1,1.0,1,600.0,30,2.0,0.15,4.0,auto
5406,1201,1273,movement,1,1.0,1,600.0,30,2.0,0.15,4.0,auto
5407,1201,1257,movement,1,1.0,1,600.0,30,2.0,0.15,4.0,auto
5408,1201,1265,waiting,1,1.0,1,100000.0,30,0.5,0.15,4.0,auto
5409,1202,1267,movement,1,1.0,1,600.0,30,2.0,0.15,4.0,auto
5410,1202,1274,movement,1,1.0,1,600.0,30,2.0,0.15,4.0,auto
5411,1202,1265,movement,1,1.0,1,600.0,30,2.0,0.15,4.0,auto
5412,1202,1258,movement,1,1.0,1,600.0,30,2.0,0.15,4.0,auto
5413,1202,1266,waiting,1,1.0,1,100000.0,30,0.5,0.15,4.0,auto
5414,1203,1268,movement,1,1.0,1,600.0,30,2.0,0.15,4.0,auto
5415,1203,1275,movement,1,1.0,1,600.0,30,2.0,0.15,4.0,auto
5416,1203,1266,movement,1,1.0,1,600.0,30,2.0,0.15,4.0,auto
5417,1203,1259,movement,1,1.0,1,600.0,30,2.0,0.15,4.0,auto
5418,1203,1267,waiting,1,1.0,1,100000.0,30,0.5,0.15,4.0,auto
5419,1204,1269,movement,1,1.0,1,600.0,30,2.0,0.15,4.0,auto
5420,1204,1276,movement,1,1.0,1,600.0,30,2.0,0.15,4.0,auto
5421,1204,1267,movement,1,1.0,1,600.0,30,2.0,0.15,4.0,auto
5422,1204,1260,movement,1,1.0,1,600.0,30,2.0,0.15,4.0,auto
5423,1204,1268,waiting,1,1.0,1,100000.0,30,0.5,0.15,4.0,auto
5424,1205,1270,movement,1,1.0,1,600.0,30,2.0,0.15,4.0,auto
5425,1205,1277,movement,1,1.0,1,600.0,30,2.0,0.15,4.0,auto
5426,1205,1268,movement,1,1.0,1,600.0,30,2.0,0.15,4.0,auto
5427,1205,1261,movement,1,1.0,1,600.0,30,2.0,0.15,4.0,auto
5428,1205,1269,waiting,1,1.0,1,100000.0,30,0.5,0.15,4.0,auto
5429,1206,1271,movement,1,1.0,1,600.0,30,2.0,0.15,4.0,auto
5430,1206,1278,movement,1,1.0,1,600.0,30,2.0,0.15,4.0,auto
5431,1206,1269,movement,1,1.0,1,600.0,30,2.0,0.15,4.0,auto
5432,1206,1262,movement,1,1.0,1,600.0,30,2.0,0.15,4.0,auto
5433,1206,1270,waiting,1,1.0,1,100000.0,30,0.5,0.15,4.0,auto
5434,1207,1272,movement,1,1.0,1,600.0,30,2.0,0.15,4.0,auto
5435,1207,1279,movement,1,1.0,1,600.0,30,2.0,0.15,4.0,auto
5436,1207,1270,movement,1,1.0,1,600.0,30,2.0,0.15,4.0,auto
5437,1207,1263,movement,1,1.0,1,600.0,30,2.0,0.15,4.0,auto
5438,1207,1271,waiting,1,1.0,1,100000.0,30,0.5,0.15,4.0,auto
5439,1208,1280,movement,1,1.0,1,600.0,30,2.0,0.15,4.0,auto
5440,1208,1271,movement,1,1.0,1,600.0,30,2.0,0.15,4.0,auto
5441,1208,1264,movement,1,1.0,1,600.0,30,2.0,0.15,4.0,auto
5442,1208,1272,waiting,1,1.0,1,100000.0,30,0.5,0.15,4.0,auto
5443,1209,1274,movement,1,1.0,1,600.0,30,2.0,0.15,4.0,auto
5444,1209,1265,movement,1,1.0,1,600.0,30,2.0,0.15,4.0,auto
5445,1209,1273,waiting,1,1.0,1,100000.0,30,0.5,0.15,4.0,auto
5446,1210,1275,movement,1,1.0,1,600.0,30,2.0,0.15,4.0,auto
5447,1210,1273,movement,1,1.0,1,600.0,30,2.0,0.15,4.0,auto
5448,1210,1266,movement,1,1.0,1,600.0,30,2.0,0.15,4.0,auto
5449,1210,1274,waiting,1,1.0,1,100000.0,30,0.5,0.15,4.0,auto
5450,1211,1276,movement,1,1.0,1,600.0,30,2.0,0.15,4.0,auto
5451,1211,1274,movement,1,1.0,1,600.0,30,2.0,0.15,4.0,auto
5452,1211,1267,movement,1,1.0,1,600.0,30,2.0,0.15,4.0,auto
5453,1211,1275,waiting,1,1.0,1,100000.0,30,0.5,0.15,4.0,auto
5454,1212,1277,movement,1,1.0,1,600.0,30,2.0,0.15,4.0,auto
5455,1212,1275,movement,1,1.0,1,600.0,30,2.0,0.15,4.0,auto
5456,1212,1268,movement,1,1.0,1,600.0,30,2.0,0.15,4.0,auto
5457,1212,1276,waiting,1,1.0,1,100000.0,30,0.5,0.15,4.0,auto
5458,1213,1278,movement,1,1.0,1,600.0,30,2.0,0.15,4.0,auto
5459,1213,1276,movement,1,1.0,1,600.0,30,2.0,0.15,4.0,auto
5460,1213,1269,movement,1,1.0,1,600.0,30,2.0,0.15,4.0,auto
5461,1213,1277,waiting,1,1.0,1,100000.0,30,0.5,0.15,4.0,auto
5462,1214,1279,movement,1,1.0,1,600.0,30,2.0,0.15,4.0,auto
5463,1214,1277,movement,1,1.0,1,600.0,30,2.0,0.15,4.0,auto
5464,1214,1270,movement,1,1.0,1,600.0,30,2.0,0.15,4.0,auto
5465,1214,1278,waiting,1,1.0,1,100000.0,30,0.5,0.15,4.0,auto
5466,1215,1280,movement,1,1.0,1,600.0,30,2.0,0.15,4.0,auto
5467,1215,1278,movement,1,1.0,1,600.0,30,2.0,0.15,4.0,auto
5468,1215,1271,movement,1,1.0,1,600.0,30,2.0,0.15,4.0,auto
5469,1215,1279,waiting,1,1.0,1,100000.0,30,0.5,0.15,4.0,auto
5470,1216,1279,movement,1,1.0,1,600.0,30,2.0,0.15,4.0,auto
5471,1216,1272,movement,1,1.0,1,600.0,30,2.0,0.15,4.0,auto
5472,1216,1280,waiting,1,1.0,1,100000.0,30,0.5,0.15,4.0,auto
5473,1217,1282,movement,1,1.0,1,600.0,30,2.0,0.15,4.0,auto
5474,1217,1289,movement,1,1.0,1,600.0,30,2.0,0.15,4.0,auto
5475,1217,1281,waiting,1,1.0,1,100000.0,30,0.5,0.15,4.0,auto
5476,1218,1283,movement,1,1.0,1,600.0,30,2.0,0.15,4.0,auto
5477,1218,1290,movement,1,1.0,1,600.0,30,2.0,0.15,4.0,auto
5478,1218,1281,movement,1,1.0,1,600.0,30,2.0,0.15,4.0,auto
5479,1218,1282,waiting,1,1.0,1,100000.0,30,0.5,0.15,4.0,auto
5480,1219,1284,movement,1,1.0,1,600.0,30,2.0,0.15,4.0,auto
5481,1219,1291,movement,1,1.0,1,600.0,30,2.0,0.15,4.0,auto
5482,1219,1282,movement,1,1.0,1,600.0,30,2.0,0.15,4.0,auto
5483,1219,1283,waiting,1,1.0,1,100000.0,30,0.5,0.15,4.0,auto
5484,1220,1285,movement,1,1.0,1,600.0,30,2.0,0.15,4.0,auto
5485,1220,1292,movement,1,1.0,1,600.0,30,2.0,0.15,4.0,auto
5486,1220,1283,movement,1,1.0,1,600.0,30,2.0,0.15,4.0,auto
5487,1220,1284,waiting,1,1.0,1,100000.0,30,0.5,0.15,4.0,auto
5488,1221,1286,movement,1,1.0,1,600.0,30,2.0,0.15,4.0,auto
5489,1221,1293,movement,1,1.0,1,600.0,30,2.0,0.15,4.0,auto
5490,1221,1284,movement,1,1.0,1,600.0,30,2.0,0.15,4.0,auto
5491,1221,1285,waiting,1,1.0,1,100000.0,30,0.5,0.15,4.0,auto
5492,1222,1287,movement,1,1.0,1,600.0,30,2.0,0.15,4.0,auto
5493,1222,1294,movement,1,1.0,1,600.0,30,2.0,0.15,4.0,auto
5494,1222,1285,movement,1,1.0,1,600.0,30,2.0,0.15,4.0,auto
5495,1222,1286,waiting,1,1.0,1,100000.0,30,0.5,0.15,4.0,auto
5496,1223,1288,movement,1,1.0,1,600.0,30,2.0,0.15,4.0,auto
5497,1223,1295,movement,1,1.0,1,600.0,30,2.0,0.15,4.0,auto
5498,1223,1286,movement,1,1.0,1,600.0,30,2.0,0.15,4.0,auto
5499,1223,1287,waiting,1,1.0,1,100000.0,30,0.5,0.15,4.0,auto
5500,1224,1296,movement,1,1.0,1,600.0,30,2.0,0.15,4.0,auto
5501,1224,1287,movement,1,1.0,1,600.0,30,2.0,0.15,4.0,auto
5502,1224,1288,waiting,1,1.0,1,100000.0,30,0.5,0.15,4.0,auto
5503,1225,1290,movement,1,1.0,1,600.0,30,2.0,0.15,4.0,auto
5504,1225,1297,movement,1,1.0,1,600.0,30,2.0,0.15,4.0,auto
5505,1225,1281,movement,1,1.0,1,600.0,30,2.0,0.15,4.0,auto
5506,1225,1289,waiting,1,1.0,1,100000.0,30,0.5,0.15,4.0,auto
5507,1226,1291,movement,1,1.0,1,600.0,30,2.0,0.15,4.0,auto
5508,1226,1298,movement,1,1.0,1,600.0,30,2.0,0.15,4.0,auto
5509,1226,1289,movement,1,1.0,1,600.0,30,2.0,0.15,4.0,auto
5510,1226,1282,movement,1,1.0,1,600.0,30,2.0,0.15,4.0,auto
5511,1226,1290,waiting,1,1.0,1,100000.0,30,0.5,0.15,4.0,auto
5512,1227,1292,movement,1,1.0,1,600.0,30,2.0,0.15,4.0,auto
5513,1227,1299,movement,1,1.0,1,600.0,30,2.0,0.15,4.0,auto
5514,1227,1290,movement,1,1.0,1,600.0,30,2.0,0.15,4.0,auto
5515,1227,1283,movement,1,1.0,1,600.0,30,2.0,0.15,4.0,auto
5516,1227,1291,waiting,1,1.0,1,100000.0,30,0.5,0.15,4.0,auto
5517,1228,1293,movement,1,1.0,1,600.0,30,2.0,0.15,4.0,auto
5518,1228,1300,movement,1,1.0,1,600.0,30,2.0,0.15,4.0,auto
5519,1228,1291,movement,1,1.0,1,600.0,30,2.0,0.15,4.0,auto
5520,1228,1284,movement,1,1.0,1,600.0,30,2.0,0.15,4.0,auto
5521,1228,1292,waiting,1,1.0,1,100000.0,30,0.5,0.15,4.0,auto
5522,1229,1294,movement,1,1.0,1,600.0,30,2.0,0.15,4.0,auto
5523,1229,1301,movement,1,1.0,1,600.0,30,2.0,0.15,4.0,auto
5524,1229,1292,movement,1,1.0,1,600.0,30,2.0,0.15,4.0,auto
5525,1229,1285,movement,1,1.0,1,600.0,30,2.0,0.15,4.0,auto
5526,1229,1293,waiting,1,1.0,1,100000.0,30,0.5,0.15,4.0,auto
5527,1230,1295,movement,1,1.0,1,600.0,30,2.0,0.15,4.0,auto
5528,1230,1302,movement,1,1.0,1,600.0,30,2.0,0.15,4.0,auto
5529,1230,1293,movement,1,1.0,1,600.0,30,2.0,0.15,4.0,auto
5530,1230,1286,movement,1,1.0,1,600.0,30,2.0,0.15,4.0,auto
5531,1230,1294,waiting,1,1.0,1,100000.0,30,0.5,0.15,4.0,auto
5532,1231,1296,movement,1,1.0,1,600.0,30,2.0,0.15,4.0,auto
5533,1231,1303,movement,1,1.0,1,600.0,30,2.0,0.15,4.0,auto
5534,1231,1294,movement,1,1.0,1,600.0,30,2.0,0.15,4.0,auto
5535,1231,1287,movement,1,1.0,1,600.0,30,2.0,0.15,4.0,auto
5536,1231,1295,waiting,1,1.0,1,100000.0,30,0.5,0.15,4.0,auto
5537,1232,1304,movement,1,1.0,1,600.0,30,2.0,0.15,4.0,auto
5538,1232,1295,movement,1,1.0,1,600.0,30,2.0,0.15,4.0,auto
5539,1232,1288,movement,1,1.0,1,600.0,30,2.0,0.15,4.0,auto
5540,1232,1296,waiting,1,1.0,1,100000.0,30,0.5,0.15,4.0,auto
5541,1233,1298,movement,1,1.0,1,600.0,30,2.0,0.15,4.0,auto
5542,1233,1305,movement,1,1.0,1,600.0,30,2.0,0.15,4.0,auto
5543,1233,1289,movement,1,1.0,1,600.0,30,2.0,0.15,4.0,auto
5544,1233,1297,waiting,1,1.0,1,100000.0,30,0.5,0.15,4.0,auto
5545,1234,1299,movement,1,1.0,1,600.0,30,2.0,0.15,4.0,auto
5546,1234,1306,movement,1,1.0,1,600.0,30,2.0,0.15,4.0,auto
5547,1234,1297,movement,1,1.0,1,600.0,30,2.0,0.15,4.0,auto
5548,1234,1290,movement,1,1.0,1,600.0,30,2.0,0.15,4.0,auto
5549,1234,1298,waiting,1,1.0,1,100000.0,30,0.5,0.15,4.0,auto
5550,1235,1300,movement,1,1.0,1,600.0,30,2.0,0.15,4.0,auto
5551,1235,1307,movement,1,1.0,1,600.0,30,2.0,0.15,4.0,auto
5552,1235,1298,movement,1,1.0,1,600.0,30,2.0,0.15,4.0,auto
5553,1235,1291,movement,1,1.0,1,600.0,30,2.0,0.15,4.0,auto
5554,1235,1299,waiting,1,1.0,1,100000.0,30,0.5,0.15,4.0,auto
5555,1236,1301,movement,1,1.0,1,600.0,30,2.0,0.15,4.0,auto
5556,1236,1308,movement,1,1.0,1,600.0,30,2.0,0.15,4.0,auto
5557,1236,1299,movement,1,1.0,1,600.0,30,2.0,0.15,4.0,auto
5558,1236,1292,movement,1,1.0,1,600.0,30,2.0,0.15,4.0,auto
5559,1236,1300,waiting,1,1.0,1,100000.0,30,0.5,0.15,4.0,auto
5560,1237,1302,movement,1,1.0,1,600.0,30,2.0,0.15,4.0,auto
5561,1237,1309,movement,1,1.0,1,600.0,30,2.0,0.15,4.0,auto
5562,1237,1300,movement,1,1.0,1,600.0,30,2.0,0.15,4.0,auto
5563,1237,1293,movement,1,1.0,1,600.0,30,2.0,0.15,4.0,auto
5564,1237,1301,waiting,1,1.0,1,100000.0,30,0.5,0.15,4.0,auto
5565,1238,1303,movement,1,1.0,1,600.0,30,2.0,0.15,4.0,auto
5566,1238,1310,movement,1,1.0,1,600.0,30,2.0,0.15,4.0,auto
5567,1238,1301,movement,1,1.0,1,600.0,30,2.0,0.15,4.0,auto
5568,1238,1294,movement,1,1.0,1,600.0,30,2.0,0.15,4.0,auto
5569,1238,1302,waiting,1,1.0,1,100000.0,30,0.5,0.15,4.0,auto
5570,1239,1304,movement,1,1.0,1,600.0,30,2.0,0.15,4.0,auto
5571,1239,1311,movement,1,1.0,1,600.0,30,2.0,0.15,4.0,auto
5572,1239,1302,movement,1,1.0,1,600.0,30,2.0,0.15,4.0,auto
5573,1239,1295,movement,1,1.0,1,600.0,30,2.0,0.15,4.0,auto
5574,1239,1303,waiting,1,1.0,1,100000.0,30,0.5,0.15,4.0,auto
5575,1240,1312,movement,1,1.0,1,600.0,30,2.0,0.15,4.0,auto
5576,1240,1303,movement,1,1.0,1,600.0,30,2.0,0.15,4.0,auto
5577,1240,1296,movement,1,1.0,1,600.0,30,2.0,0.15,4.0,auto
5578,1240,1304,waiting,1,1.0,1,100000.0,30,0.5,0.15,4.0,auto
5579,1241,1306,movement,1,1.0,1,600.0,30,2.0,0.15,4.0,auto
5580,1241,1313,movement,1,1.0,1,600.0,30,2.0,0.15,4.0,auto
5581,1241,1297,movement,1,1.0,1,600.0,30,2.0,0.15,4.0,auto
5582,1241,1305,waiting,1,1.0,1,100000.0,30,0.5,0.15,4.0,auto
5583,1242,1307,movement,1,1.0,1,600.0,30,2.0,0.15,4.0,auto
5584,1242,1314,movement,1,1.0,1,600.0,30,2.0,0.15,4.0,auto
5585,1242,1305,movement,1,1.0,1,600.0,30,2.0,0.15,4.0,auto
5586,1242,1298,movement,1,1.0,1,600.0,30,2.0,0.15,4.0,auto
5587,1242,1306,waiting,1,1.0,1,100000.0,30,0.5,0.15,4.0,auto
5588,1243,1308,movement,1,1.0,1,600.0,30,2.0,0.15,4.0,auto
5589,1243,1315,movement,1,1.0,1,600.0,30,2.0,0.15,4.0,auto
5590,1243,1306,movement,1,1.0,1,600.0,30,2.0,0.15,4.0,auto
5591,1243,1299,movement,1,1.0,1,600.0,30,2.0,0.15,4.0,auto
5592,1243,1307,waiting,1,1.0,1,100000.0,30,0.5,0.15,4.0,auto
5593,1244,1309,movement,1,1.0,1,600.0,30,2.0,0.15,4.0,auto
5594,1244,1316,movement,1,1.0,1,600.0,30,2.0,0.15,4.0,auto
5595,1244,1307,movement,1,1.0,1,600.0,30,2.0,0.15,4.0,auto
5596,1244,1300,movement,1,1.0,1,600.0,30,2.0,0.15,4.0,auto
5597,1244,1308,waiting,1,1.0,1,100000.0,30,0.5,0.15,4.0,auto
5598,1245,1310,movement,1,1.0,1,600.0,30,2.0,0.15,4.0,auto
5599,1245,1317,movement,1,1.0,1,600.0,30,2.0,0.15,4.0,auto
5600,1245,1308,movement,1,1.0,1,600.0,30,2.0,0.15,4.0,auto
5601,1245,1301,movement,1,1.0,1,600.0,30,2.0,0.15,4.0,auto
5602,1245,1309,waiting,1,1.0,1,100000.0,30,0.5,0.15,4.0,auto
5603,1246,1311,movement,1,1.0,1,600.0,30,2.0,0.15,4.0,auto
5604,1246,1318,movement,1,1.0,1,600.0,30,2.0,0.15,4.0,auto
5605,1246,1309,movement,1,1.0,1,600.0,30,2.0,0.15,4.0,auto
5606,1246,1302,movement,1,1.0,1,600.0,30,2.0,0.15,4.0,auto
5607,1246,1310,waiting,1,1.0,1,100000.0,30,0.5,0.15,4.0,auto
5608,1247,1312,movement,1,1.0,1,600.0,30,2.0,0.15,4.0,auto
5609,1247,1319,movement,1,1.0,1,600.0,30,2.0,0.15,4.0,auto
5610,1247,1310,movement,1,1.0,1,600.0,30,2.0,0.15,4.0,auto
5611,1247,1303,movement,1,1.0,1,600.0,30,2.0,0.15,4.0,auto
5612,1247,1311,waiting,1,1.0,1,100000.0,30,0.5,0.15,4.0,auto
5613,1248,1320,movement,1,1.0,1,600.0,30,2.0,0.15,4.0,auto
5614,1248,1311,movement,1,1.0,1,600.0,30,2.0,0.15,4.0,auto
5615,1248,1304,movement,1,1.0,1,600.0,30,2.0,0.15,4.0,auto
5616,1248,1312,waiting,1,1.0,1,100000.0,30,0.5,0.15,4.0,auto
5617,1249,1314,movement,1,1.0,1,600.0,30,2.0,0.15,4.0,auto
5618,1249,1321,movement,1,1.0,1,600.0,30,2.0,0.15,4.0,auto
5619,1249,1305,movement,1,1.0,1,600.0,30,2.0,0.15,4.0,auto
5620,1249,1313,waiting,1,1.0,1,100000.0,30,0.5,0.15,4.0,auto
5621,1250,1315,movement,1,1.0,1,600.0,30,2.0,0.15,4.0,auto
5622,1250,1322,movement,1,1.0,1,600.0,30,2.0,0.15,4.0,auto
5623,1250,1313,movement,1,1.0,1,600.0,30,2.0,0.15,4.0,auto
5624,1250,1306,movement,1,1.0,1,600.0,30,2.0,0.15,4.0,auto
5625,1250,1314,waiting,1,1.0,1,100000.0,30,0.5,0.15,4.0,auto
5626,1251,1316,movement,1,1.0,1,600.0,30,2.0,0.15,4.0,auto
5627,1251,1323,movement,1,1.0,1,600.0,30,2.0,0.15,4.0,auto
5628,1251,1314,movement,1,1.0,1,600.0,30,2.0,0.15,4.0,auto
5629,1251,1307,movement,1,1.0,1,600.0,30,2.0,0.15,4.0,auto
5630,1251,1315,waiting,1,1.0,1,100000.0,30,0.5,0.15,4.0,auto
5631,1252,1317,movement,1,1.0,1,600.0,30,2.0,0.15,4.0,auto
5632,1252,1324,movement,1,1.0,1,600.0,30,2.0,0.15,4.0,auto
5633,1252,1315,movement,1,1.0,1,600.0,30,2.0,0.15,4.0,auto
5634,1252,1308,movement,1,1.0,1,600.0,30,2.0,0.15,4.0,auto
5635,1252,1316,waiting,1,1.0,1,100000.0,30,0.5,0.15,4.0,auto
5636,1253,1318,movement,1,1.0,1,600.0,30,2.0,0.15,4.0,auto
5637,1253,1325,movement,1,1.0,1,600.0,30,2.0,0.15,4.0,auto
5638,1253,1316,movement,1,1.0,1,600.0,30,2.0,0.15,4.0,auto
5639,1253,1309,movement,1,1.0,1,600.0,30,2.0,0.15,4.0,auto
5640,1253,1317,waiting,1,1.0,1,100000.0,30,0.5,0.15,4.0,auto
5641,1254,1319,movement,1,1.0,1,600.0,30,2.0,0.15,4.0,auto
5642,1254,1326,movement,1,1.0,1,600.0,30,2.0,0.15,4.0,auto
5643,1254,1317,movement,1,1.0,1,600.0,30,2.0,0.15,4.0,auto
5644,1254,1310,movement,1,1.0,1,600.0,30,2.0,0.15,4.0,auto
5645,1254,1318,waiting,1,1.0,1,100000.0,30,0.5,0.15,4.0,auto
5646,1255,1320,movement,1,1.0,1,600.0,30,2.0,0.15,4.0,auto
5647,1255,1327,movement,1,1.0,1,600.0,30,2.0,0.15,4.0,auto
5648,1255,1318,movement,1,1.0,1,600.0,30,2.0,0.15,4.0,auto
5649,1255,1311,movement,1,1.0,1,600.0,30,2.0,0.15,4.0,auto
5650,1255,1319,waiting,1,1.0,1,100000.0,30,0.5,0.15,4.0,auto
5651,1256,1328,movement,1,1.0,1,600.0,30,2.0,0.15,4.0,auto
5652,1256,1319,movement,1,1.0,1,600.0,30,2.0,0.15,4.0,auto
5653,1256,1312,movement,1,1.0,1,600.0,30,2.0,0.15,4.0,auto
5654,1256,1320,waiting,1,1.0,1,100000.0,30,0.5,0.15,4.0,auto
5655,1257,1322,movement,1,1.0,1,600.0,30,2.0,0.15,4.0,auto
5656,1257,1329,movement,1,1.0,1,600.0,30,2.0,0.15,4.0,auto
5657,1257,1313,movement,1,1.0,1,600.0,30,2.0,0.15,4.0,auto
5658,1257,1321,waiting,1,1.0,1,100000.0,30,0.5,0.15,4.0,auto
5659,1258,1323,movement,1,1.0,1,600.0,30,2.0,0.15,4.0,auto
5660,1258,1330,movement,1,1.0,1,600.0,30,2.0,0.15,4.0,auto
5661,1258,1321,movement,1,1.0,1,600.0,30,2.0,0.15,4.0,auto
5662,1258,1314,movement,1,1.0,1,600.0,30,2.0,0.15,4.0,auto
5663,1258,1322,waiting,1,1.0,1,100000.0,30,0.5,0.15,4.0,auto
5664,1259,1324,movement,1,1.0,1,600.0,30,2.0,0.15,4.0,auto
5665,1259,1331,movement,1,1.0,1,600.0,30,2.0,0.15,4.0,auto
5666,1259,1322,movement,1,1.0,1,600.0,30,2.0,0.15,4.0,auto
5667,1259,1315,movement,1,1.0,1,600.0,30,2.0,0.15,4.0,auto
5668,1259,1323,waiting,1,1.0,1,100000.0,30,0.5,0.15,4.0,auto
5669,1260,1325,movement,1,1.0,1,600.0,30,2.0,0.15,4.0,auto
5670,1260,1332,movement,1,1.0,1,600.0,30,2.0,0.15,4.0,auto
5671,1260,1323,movement,1,1.0,1,600.0,30,2.0,0.15,4.0,auto
5672,1260,1316,movement,1,1.0,1,600.0,30,2.0,0.15,4.0,auto
5673,1260,1324,waiting,1,1.0,1,100000.0,30,0.5,0.15,4.0,auto
5674,1261,1326,movement,1,1.0,1,600.0,30,2.0,0.15,4.0,auto
5675,1261,1333,movement,1,1.0,1,600.0,30,2.0,0.15,4.0,auto
5676,1261,1324,movement,1,1.0,1,600.0,30,2.0,0.15,4.0,auto
5677,1261,1317,movement,1,1.0,1,600.0,30,2.0,0.15,4.0,auto
5678,1261,1325,waiting,1,1.0,1,100000.0,30,0.5,0.15,4.0,auto
5679,1262,1327,movement,1,1.0,1,600.0,30,2.0,0.15,4.0,auto
5680,1262,1334,movement,1,1.0,1,600.0,30,2.0,0.15,4.0,auto
5681,1262,1325,movement,1,1.0,1,600.0,30,2.0,0.15,4.0,auto
5682,1262,1318,movement,1,1.0,1,600.0,30,2.0,0.15,4.0,auto
5683,1262,1326,waiting,1,1.0,1,100000.0,30,0.5,0.15,4.0,auto
5684,1263,1328,movement,1,1.0,1,600.0,30,2.0,0.15,4.0,auto
5685,1263,1335,movement,1,1.0,1,600.0,30,2.0,0.15,4.0,auto
5686,1263,1326,movement,1,1.0,1,600.0,30,2.0,0.15,4.0,auto
5687,1263,1319,movement,1,1.0,1,600.0,30,2.0,0.15,4.0,auto
5688,1263,1327,waiting,1,1.0,1,100000.0,30,0.5,0.15,4.0,auto
5689,1264,1336,movement,1,1.0,1,600.0,30,2.0,0.15,4.0,auto
5690,1264,1327,movement,1,1.0,1,600.0,30,2.0,0.15,4.0,auto
5691,1264,1320,movement,1,1.0,1,600.0,30,2.0,0.15,4.0,auto
5692,1264,1328,waiting,1,1.0,1,100000.0,30,0.5,0.15,4.0,auto
5693,1265,1330,movement,1,1.0,1,600.0,30,2.0,0.15,4.0,auto
5694,1265,1337,movement,1,1.0,1,600.0,30,2.0,0.15,4.0,auto
5695,1265,1321,movement,1,1.0,1,600.0,30,2.0,0.15,4.0,auto
5696,1265,1329,waiting,1,1.0,1,100000.0,30,0.5,0.15,4.0,auto
5697,1266,1331,movement,1,1.0,1,600.0,30,2.0,0.15,4.0,auto
5698,1266,1338,movement,1,1.0,1,600.0,30,2.0,0.15,4.0,auto
5699,1266,1329,movement,1,1.0,1,600.0,30,2.0,0.15,4.0,auto
5700,1266,1322,movement,1,1.0,1,600.0,30,2.0,0.15,4.0,auto
5701,1266,1330,waiting,1,1.0,1,100000.0,30,0.5,0.15,4.0,auto
5702,1267,1332,movement,1,1.0,1,600.0,30,2.0,0.15,4.0,auto
5703,1267,1339,movement,1,1.0,1,600.0,30,2.0,0.15,4.0,auto
5704,1267,1330,movement,1,1.0,1,600.0,30,2.0,0.15,4.0,auto
5705,1267,1323,movement,1,1.0,1,600.0,30,2.0,0.15,4.0,auto
5706,1267,1331,waiting,1,1.0,1,100000.0,30,0.5,0.15,4.0,auto
5707,1268,1333,movement,1,1.0,1,600.0,30,2.0,0.15,4.0,auto
5708,1268,1340,movement,1,1.0,1,600.0,30,2.0,0.15,4.0,auto
5709,1268,1331,movement,1,1.0,1,600.0,30,2.0,0.15,4.0,auto
5710,1268,1324,movement,1,1.0,1,600.0,30,2.0,0.15,4.0,auto
5711,1268,1332,waiting,1,1.0,1,100000.0,30,0.5,0.15,4.0,auto
5712,1269,1334,movement,1,1.0,1,600.0,30,2.0,0.15,4.0,auto
5713,1269,1341,movement,1,1.0,1,600.0,30,2.0,0.15,4.0,auto
5714,1269,1332,movement,1,1.0,1,600.0,30,2.0,0.15,4.0,auto
5715,1269,1325,movement,1,1.0,1,600.0,30,2.0,0.15,4.0,auto
5716,1269,1333,waiting,1,1.0,1,100000.0,30,0.5,0.15,4.0,auto
5717,1270,1335,movement,1,1.0,1,600.0,30,2.0,0.15,4.0,auto
5718,1270,1342,movement,1,1.0,1,600.0,30,2.0,0.15,4.0,auto
5719,1270,1333,movement,1,1.0,1,600.0,30,2.0,0.15,4.0,auto
5720,1270,1326,movement,1,1.0,1,600.0,30,2.0,0.15,4.0,auto
5721,1270,1334,waiting,1,1.0,1,100000.0,30,0.5,0.15,4.0,auto
5722,1271,1336,movement,1,1.0,1,600.0,30,2.0,0.15,4.0,auto
5723,1271,1343,movement,1,1.0,1,600.0,30,2.0,0.15,4.0,auto
5724,1271,1334,movement,1,1.0,1,600.0,30,2.0,0.15,4.0,auto
5725,1271,1327,movement,1,1.0,1,600.0,30,2.0,0.15,4.0,auto
5726,1271,1335,waiting,1,1.0,1,100000.0,30,0.5,0.15,4.0,auto
5727,1272,1344,movement,1,1.0,1,600.0,30,2.0,0.15,4.0,auto
5728,1272,1335,movement,1,1.0,1,600.0,30,2.0,0.15,4.0,auto
5729,1272,1328,movement,1,1.0,1,600.0,30,2.0,0.15,4.0,auto
5730,1272,1336,waiting,1,1.0,1,100000.0,30,0.5,0.15,4.0,auto
5731,1273,1338,movement,1,1.0,1,600.0,30,2.0,0.15,4.0,auto
5732,1273,1329,movement,1,1.0,1,600.0,30,2.0,0.15,4.0,auto
5733,1273,1337,waiting,1,1.0,1,100000.0,30,0.5,0.15,4.0,auto
5734,1274,1339,movement,1,1.0,1,600.0,30,2.0,0.15,4.0,auto
5735,1274,1337,movement,1,1.0,1,600.0,30,2.0,0.15,4.0,auto
5736,1274,1330,movement,1,1.0,1,600.0,30,2.0,0.15,4.0,auto
5737,1274,1338,waiting,1,1.0,1,100000.0,30,0.5,0.15,4.0,auto
5738,1275,1340,movement,1,1.0,1,600.0,30,2.0,0.15,4.0,auto
5739,1275,1338,movement,1,1.0,1,600.0,30,2.0,0.15,4.0,auto
5740,1275,1331,movement,1,1.0,1,600.0,30,2.0,0.15,4.0,auto
5741,1275,1339,waiting,1,1.0,1,100000.0,30,0.5,0.15,4.0,auto
5742,1276,1341,movement,1,1.0,1,600.0,30,2.0,0.15,4.0,auto
5743,1276,1339,movement,1,1.0,1,600.0,30,2.0,0.15,4.0,auto
5744,1276,1332,movement,1,1.0,1,600.0,30,2.0,0.15,4.0,auto
5745,1276,1340,waiting,1,1.0,1,100000.0,30,0.5,0.15,4.0,auto
5746,1277,1342,movement,1,1.0,1,600.0,30,2.0,0.15,4.0,auto
5747,1277,1340,movement,1,1.0,1,600.0,30,2.0,0.15,4.0,auto
5748,1277,1333,movement,1,1.0,1,600.0,30,2.0,0.15,4.0,auto
5749,1277,1341,waiting,1,1.0,1,100000.0,30,0.5,0.15,4.0,auto
5750,1278,1343,movement,1,1.0,1,600.0,30,2.0,0.15,4.0,auto
5751,1278,1341,movement,1,1.0,1,600.0,30,2.0,0.15,4.0,auto
5752,1278,1334,movement,1,1.0,1,600.0,30,2.0,0.15,4.0,auto
5753,1278,1342,waiting,1,1.0,1,100000.0,30,0.5,0.15,4.0,auto
5754,1279,1344,movement,1,1.0,1,600.0,30,2.0,0.15,4.0,auto
5755,1279,1342,movement,1,1.0,1,600.0,30,2.0,0.15,4.0,auto
5756,1279,1335,movement,1,1.0,1,600.0,30,2.0,0.15,4.0,auto
5757,1279,1343,waiting,1,1.0,1,100000.0,30,0.5,0.15,4.0,auto
5758,1280,1343,movement,1,1.0,1,600.0,30,2.0,0.15,4.0,auto
5759,1280,1336,movement,1,1.0,1,600.0,30,2.0,0.15,4.0,auto
5760,1280,1344,waiting,1,1.0,1,100000.0,30,0.5,0.15,4.0,auto
5761,1281,1346,movement,1,1.0,1,600.0,30,2.0,0.15,4.0,auto
5762,1281,1353,movement,1,1.0,1,600.0,30,2.0,0.15,4.0,auto
5763,1281,1345,waiting,1,1.0,1,100000.0,30,0.5,0.15,4.0,auto
5764,1282,1347,movement,1,1.0,1,600.0,30,2.0,0.15,4.0,auto
5765,1282,1354,movement,1,1.0,1,600.0,30,2.0,0.15,4.0,auto
5766,1282,1345,movement,1,1.0,1,600.0,30,2.0,0.15,4.0,auto
5767,1282,1346,waiting,1,1.0,1,100000.0,30,0.5,0.15,4.0,auto
5768,1283,1348,movement,1,1.0,1,600.0,30,2.0,0.15,4.0,auto
5769,1283,1355,movement,1,1.0,1,600.0,30,2.0,0.15,4.0,auto
5770,1283,1346,movement,1,1.0,1,600.0,30,2.0,0.15,4.0,auto
5771,1283,1347,waiting,1,1.0,1,100000.0,30,0.5,0.15,4.0,auto
5772,1284,1349,movement,1,1.0,1,600.0,30,2.0,0.15,4.0,auto
5773,1284,1356,movement,1,1.0,1,600.0,30,2.0,0.15,4.0,auto
5774,1284,1347,movement,1,1.0,1,600.0,30,2.0,0.15,4.0,auto
5775,1284,1348,waiting,1,1.0,1,100000.0,30,0.5,0.15,4.0,auto
5776,1285,1350,movement,1,1.0,1,600.0,30,2.0,0.15,4.0,auto
5777,1285,1357,movement,1,1.0,1,600.0,30,2.0,0.15,4.0,auto
5778,1285,1348,movement,1,1.0,1,600.0,30,2.0,0.15,4.0,auto
5779,1285,1349,waiting,1,1.0,1,100000.0,30,0.5,0.15,4.0,auto
5780,1286,1351,movement,1,1.0,1,600.0,30,2.0,0.15,4.0,auto
5781,1286,1358,movement,1,1.0,1,600.0,30,2.0,0.15,4.0,auto
5782,1286,1349,movement,1,1.0,1,600.0,30,2.0,0.15,4.0,auto
5783,1286,1350,waiting,1,1.0,1,100000.0,30,0.5,0.15,4.0,auto
5784,1287,1352,movement,1,1.0,1,600.0,30,2.0,0.15,4.0,auto
5785,1287,1359,movement,1,1.0,1,600.0,30,2.0,0.15,4.0,auto
5786,1287,1350,movement,1,1.0,1,600.0,30,2.0,0.15,4.0,auto
5787,1287,1351,waiting,1,1.0,1,100000.0,30,0.5,0.15,4.0,auto
5788,1288,1360,movement,1,1.0,1,600.0,30,2.0,0.15,4.0,auto
5789,1288,1351,movement,1,1.0,1,600.0,30,2.0,0.15,4.0,auto
5790,1288,1352,waiting,1,1.0,1,100000.0,30,0.5,0.15,4.0,auto
5791,1289,1354,movement,1,1.0,1,600.0,30,2.0,0.15,4.0,auto
5792,1289,1361,movement,1,1.0,1,600.0,30,2.0,0.15,4.0,auto
5793,1289,1345,movement,1,1.0,1,600.0,30,2.0,0.15,4.0,auto
5794,1289,1353,waiting,1,1.0,1,100000.0,30,0.5,0.15,4.0,auto
5795,1290,1355,movement,1,1.0,1,600.0,30,2.0,0.15,4.0,auto
5796,1290,1362,movement,1,1.0,1,600.0,30,2.0,0.15,4.0,auto
5797,1290,1353,movement,1,1.0,1,600.0,30,2.0,0.15,4.0,auto
5798,1290,1346,movement,1,1.0,1,600.0,30,2.0,0.15,4.0,auto
5799,1290,1354,waiting,1,1.0,1,100000.0,30,0.5,0.15,4.0,auto
5800,1291,1356,movement,1,1.0,1,600.0,30,2.0,0.15,4.0,auto
5801,1291,1363,movement,1,1.0,1,600.0,30,2.0,0.15,4.0,auto
5802,1291,1354,movement,1,1.0,1,600.0,30,2.0,0.15,4.0,auto
5803,1291,1347,movement,1,1.0,1,600.0,30,2.0,0.15,4.0,auto
5804,1291,1355,waiting,1,1.0,1,100000.0,30,0.5,0.15,4.0,auto
5805,1292,1357,movement,1,1.0,1,600.0,30,2.0,0.15,4.0,auto
5806,1292,1364,movement,1,1.0,1,600.0,30,2.0,0.15,4.0,auto
5807,1292,1355,movement,1,1.0,1,600.0,30,2.0,0.15,4.0,auto
5808,1292,1348,movement,1,1.0,1,600.0,30,2.0,0.15,4.0,auto
5809,1292,1356,waiting,1,1.0,1,100000.0,30,0.5,0.15,4.0,auto
5810,1293,1358,movement,1,1.0,1,600.0,30,2.0,0.15,4.0,auto
5811,1293,1365,movement,1,1.0,1,600.0,30,2.0,0.15,4.0,auto
5812,1293,1356,movement,1,1.0,1,600.0,30,2.0,0.15,4.0,auto
5813,1293,1349,movement,1,1.0,1,600.0,30,2.0,0.15,4.0,auto
5814,1293,1357,waiting,1,1.0,1,100000.0,30,0.5,0.15,4.0,auto
5815,1294,1359,movement,1,1.0,1,600.0,30,2.0,0.15,4.0,auto
5816,1294,1366,movement,1,1.0,1,600.0,30,2.0,0.15,4.0,auto
5817,1294,1357,movement,1,1.0,1,600.0,30,2.0,0.15,4.0,auto
5818,1294,1350,movement,1,1.0,1,600.0,30,2.0,0.15,4.0,auto
5819,1294,1358,waiting,1,1.0,1,100000.0,30,0.5,0.15,4.0,auto
5820,1295,1360,movement,1,1.0,1,600.0,30,2.0,0.15,4.0,auto
5821,1295,1367,movement,1,1.0,1,600.0,30,2.0,0.15,4.0,auto
5822,1295,1358,movement,1,1.0,1,600.0,30,2.0,0.15,4.0,auto
5823,1295,1351,movement,1,1.0,1,600.0,30,2.0,0.15,4.0,auto
5824,1295,1359,waiting,1,1.0,1,100000.0,30,0.5,0.15,4.0,auto
5825,1296,1368,movement,1,1.0,1,600.0,30,2.0,0.15,4.0,auto
5826,1296,1359,movement,1,1.0,1,600.0,30,2.0,0.15,4.0,auto
5827,1296,1352,movement,1,1.0,1,600.0,30,2.0,0.15,4.0,auto
5828,1296,1360,waiting,1,1.0,1,100000.0,30,0.5,0.15,4.0,auto
5829,1297,1362,movement,1,1.0,1,600.0,30,2.0,0.15,4.0,auto
5830,1297,1369,movement,1,1.0,1,600.0,30,2.0,0.15,4.0,auto
5831,1297,1353,movement,1,1.0,1,600.0,30,2.0,0.15,4.0,auto
5832,1297,1361,waiting,1,1.0,1,100000.0,30,0.5,0.15,4.0,auto
5833,1298,1363,movement,1,1.0,1,600.0,30,2.0,0.15,4.0,auto
5834,1298,1370,movement,1,1.0,1,600.0,30,2.0,0.15,4.0,auto
5835,1298,1361,movement,1,1.0,1,600.0,30,2.0,0.15,4.0,auto
5836,1298,1354,movement,1,1.0,1,600.0,30,2.0,0.15,4.0,auto
5837,1298,1362,waiting,1,1.0,1,100000.0,30,0.5,0.15,4.0,auto
5838,1299,1364,movement,1,1.0,1,600.0,30,2.0,0.15,4.0,auto
5839,1299,1371,movement,1,1.0,1,600.0,30,2.0,0.15,4.0,auto
5840,1299,1362,movement,1,1.0,1,600.0,30,2.0,0.15,4.0,auto
5841,1299,1355,movement,1,1.0,1,600.0,30,2.0,0.15,4.0,auto
5842,1299,1363,waiting,1,1.0,1,100000.0,30,0.5,0.15,4.0,auto
5843,1300,1365,movement,1,1.0,1,600.0,30,2.0,0.15,4.0,auto
5844,1300,1372,movement,1,1.0,1,600.0,30,2.0,0.15,4.0,auto
5845,1300,1363,movement,1,1.0,1,600.0,30,2.0,0.15,4.0,auto
5846,1300,1356,movement,1,1.0,1,600.0,30,2.0,0.15,4.0,auto
5847,1300,1364,waiting,1,1.0,1,100000.0,30,0.5,0.15,4.0,auto
5848,1301,1366,movement,1,1.0,1,600.0,30,2.0,0.15,4.0,auto
5849,1301,1373,movement,1,1.0,1,600.0,30,2.0,0.15,4.0,auto
5850,1301,1364,movement,1,1.0,1,600.0,30,2.0,0.15,4.0,auto
5851,1301,1357,movement,1,1.0,1,600.0,30,2.0,0.15,4.0,auto
5852,1301,1365,waiting,1,1.0,1,100000.0,30,0.5,0.15,4.0,auto
5853,1302,1367,movement,1,1.0,1,600.0,30,2.0,0.15,4.0,auto
5854,1302,1374,movement,1,1.0,1,600.0,30,2.0,0.15,4.0,auto
5855,1302,1365,movement,1,1.0,1,600.0,30,2.0,0.15,4.0,auto
5856,1302,1358,movement,1,1.0,1,600.0,30,2.0,0.15,4.0,auto
5857,1302,1366,waiting,1,1.0,1,100000.0,30,0.5,0.15,4.0,auto
5858,1303,1368,movement,1,1.0,1,600.0,30,2.0,0.15,4.0,auto
5859,1303,1375,movement,1,1.0,1,600.0,30,2.0,0.15,4.0,auto
5860,1303,1366,movement,1,1.0,1,600.0,30,2.0,0.15,4.0,auto
5861,1303,1359,movement,1,1.0,1,600.0,30,2.0,0.15,4.0,auto
5862,1303,1367,waiting,1,1.0,1,100000.0,30,0.5,0.15,4.0,auto
5863,1304,1376,movement,1,1.0,1,600.0,30,2.0,0.15,4.0,auto
5864,1304,1367,movement,1,1.0,1,600.0,30,2.0,0.15,4.0,auto
5865,1304,1360,movement,1,1.0,1,600.0,30,2.0,0.15,4.0,auto
5866,1304,1368,waiting,1,1.0,1,100000.0,30,0.5,0.15,4.0,auto
5867,1305,1370,movement,1,1.0,1,600.0,30,2.0,0.15,4.0,auto
5868,1305,1377,movement,1,1.0,1,600.0,30,2.0,0.15,4.0,auto
5869,1305,1361,movement,1,1.0,1,600.0,30,2.0,0.15,4.0,auto
5870,1305,1369,waiting,1,1.0,1,100000.0,30,0.5,0.15,4.0,auto
5871,1306,1371,movement,1,1.0,1,600.0,30,2.0,0.15,4.0,auto
5872,1306,1378,movement,1,1.0,1,600.0,30,2.0,0.15,4.0,auto
5873,1306,1369,movement,1,1.0,1,600.0,30,2.0,0.15,4.0,auto
5874,1306,1362,movement,1,1.0,1,600.0,30,2.0,0.15,4.0,auto
5875,1306,1370,waiting,1,1.0,1,100000.0,30,0.5,0.15,4.0,auto
5876,1307,1372,movement,1,1.0,1,600.0,30,2.0,0.15,4.0,auto
5877,1307,1379,movement,1,1.0,1,600.0,30,2.0,0.15,4.0,auto
5878,1307,1370,movement,1,1.0,1,600.0,30,2.0,0.15,4.0,auto
5879,1307,1363,movement,1,1.0,1,600.0,30,2.0,0.15,4.0,auto
5880,1307,1371,waiting,1,1.0,1,100000.0,30,0.5,0.15,4.0,auto
5881,1308,1373,movement,1,1.0,1,600.0,30,2.0,0.15,4.0,auto
5882,1308,1380,movement,1,1.0,1,600.0,30,2.0,0.15,4.0,auto
5883,1308,1371,movement,1,1.0,1,600.0,30,2.0,0.15,4.0,auto
5884,1308,1364,movement,1,1.0,1,600.0,30,2.0,0.15,4.0,auto
5885,1308,1372,waiting,1,1.0,1,100000.0,30,0.5,0.15,4.0,auto
5886,1309,1374,movement,1,1.0,1,600.0,30,2.0,0.15,4.0,auto
5887,1309,1381,movement,1,1.0,1,600.0,30,2.0,0.15,4.0,auto
5888,1309,1372,movement,1,1.0,1,600.0,30,2.0,0.15,4.0,auto
5889,1309,1365,movement,1,1.0,1,600.0,30,2.0,0.15,4.0,auto
5890,1309,1373,waiting,1,1.0,1,100000.0,30,0.5,0.15,4.0,auto
5891,1310,1375,movement,1,1.0,1,600.0,30,2.0,0.15,4.0,auto
5892,1310,1382,movement,1,1.0,1,600.0,30,2.0,0.15,4.0,auto
5893,1310,1373,movement,1,1.0,1,600.0,30,2.0,0.15,4.0,auto
5894,1310,1366,movement,1,1.0,1,600.0,30,2.0,0.15,4.0,auto
5895,1310,1374,waiting,1,1.0,1,100000.0,30,0.5,0.15,4.0,auto
5896,1311,1376,movement,1,1.0,1,600.0,30,2.0,0.15,4.0,auto
5897,1311,1383,movement,1,1.0,1,600.0,30,2.0,0.15,4.0,auto
5898,1311,1374,movement,1,1.0,1,600.0,30,2.0,0.15,4.0,auto
5899,1311,1367,movement,1,1.0,1,600.0,30,2.0,0.15,4.0,auto
5900,1311,1375,waiting,1,1.0,1,100000.0,30,0.5,0.15,4.0,auto
5901,1312,1384,movement,1,1.0,1,600.0,30,2.0,0.15,4.0,auto
5902,1312,1375,movement,1,1.0,1,600.0,30,2.0,0.15,4.0,auto
5903,1312,1368,movement,1,1.0,1,600.0,30,2.0,0.15,4.0,auto
5904,1312,1376,waiting,1,1.0,1,100000.0,30,0.5,0.15,4.0,auto
5905,1313,1378,movement,1,1.0,1,600.0,30,2.0,0.15,4.0,auto
5906,1313,1385,movement,1,1.0,1,600.0,30,2.0,0.15,4.0,auto
5907,1313,1369,movement,1,1.0,1,600.0,30,2.0,0.15,4.0,auto
5908,1313,1377,waiting,1,1.0,1,100000.0,30,0.5,0.15,4.0,auto
5909,1314,1379,movement,1,1.0,1,600.0,30,2.0,0.15,4.0,auto
5910,1314,1386,movement,1,1.0,1,600.0,30,2.0,0.15,4.0,auto
5911,1314,1377,movement,1,1.0,1,600.0,30,2.0,0.15,4.0,auto
5912,1314,1370,movement,1,1.0,1,600.0,30,2.0,0.15,4.0,auto
5913,1314,1378,waiting,1,1.0,1,100000.0,30,0.5,0.15,4.0,auto
5914,1315,1380,movement,1,1.0,1,600.0,30,2.0,0.15,4.0,auto
5915,1315,1387,movement,1,1.0,1,600.0,30,2.0,0.15,4.0,auto
5916,1315,1378,movement,1,1.0,1,600.0,30,2.0,0.15,4.0,auto
5917,1315,1371,movement,1,1.0,1,600.0,30,2.0,0.15,4.0,auto
5918,1315,1379,waiting,1,1.0,1,100000.0,30,0.5,0.15,4.0,auto
5919,1316,1381,movement,1,1.0,1,600.0,30,2.0,0.15,4.0,auto
5920,1316,1388,movement,1,1.0,1,600.0,30,2.0,0.15,4.0,auto
5921,1316,1379,movement,1,1.0,1,600.0,30,2.0,0.15,4.0,auto
5922,1316,1372,movement,1,1.0,1,600.0,30,2.0,0.15,4.0,auto
5923,1316,1380,waiting,1,1.0,1,100000.0,30,0.5,0.15,4.0,auto
5924,1317,1382,movement,1,1.0,1,600.0,30,2.0,0.15,4.0,auto
5925,1317,1389,movement,1,1.0,1,600.0,30,2.0,0.15,4.0,auto
5926,1317,1380,movement,1,1.0,1,600.0,30,2.0,0.15,4.0,auto
5927,1317,1373,movement,1,1.0,1,600.0,30,2.0,0.15,4.0,auto
5928,1317,1381,waiting,1,1.0,1,100000.0,30,0.5,0.15,4.0,auto
5929,1318,1383,movement,1,1.0,1,600.0,30,2.0,0.15,4.0,auto
5930,1318,1390,movement,1,1.0,1,600.0,30,2.0,0.15,4.0,auto
5931,1318,1381,movement,1,1.0,1,600.0,30,2.0,0.15,4.0,auto
5932,1318,1374,movement,1,1.0,1,600.0,30,2.0,0.15,4.0,auto
5933,1318,1382,waiting,1,1.0,1,100000.0,30,0.5,0.15,4.0,auto
5934,1319,1384,movement,1,1.0,1,600.0,30,2.0,0.15,4.0,auto
5935,1319,1391,movement,1,1.0,1,600.0,30,2.0,0.15,4.0,auto
5936,1319,1382,movement,1,1.0,1,600.0,30,2.0,0.15,4.0,auto
5937,1319,1375,movement,1,1.0,1,600.0,30,2.0,0.15,4.0,auto
5938,1319,1383,waiting,1,1.0,1,100000.0,30,0.5,0.15,4.0,auto
5939,1320,1392,movement,1,1.0,1,600.0,30,2.0,0.15,4.0,auto
5940,1320,1383,movement,1,1.0,1,600.0,30,2.0,0.15,4.0,auto
5941,1320,1376,movement,1,1.0,1,600.0,30,2.0,0.15,4.0,auto
5942,1320,1384,waiting,1,1.0,1,100000.0,30,0.5,0.15,4.0,auto
5943,1321,1386,movement,1,1.0,1,600.0,30,2.0,0.15,4.0,auto
5944,1321,1393,movement,1,1.0,1,600.0,30,2.0,0.15,4.0,auto
5945,1321,1377,movement,1,1.0,1,600.0,30,2.0,0.15,4.0,auto
5946,1321,1385,waiting,1,1.0,1,100000.0,30,0.5,0.15,4.0,auto
5947,1322,1387,movement,1,1.0,1,600.0,30,2.0,0.15,4.0,auto
5948,1322,1394,movement,1,1.0,1,600.0,30,2.0,0.15,4.0,auto
5949,1322,1385,movement,1,1.0,1,600.0,30,2.0,0.15,4.0,auto
5950,1322,1378,movement,1,1.0,1,600.0,30,2.0,0.15,4.0,auto
5951,1322,1386,waiting,1,1.0,1,100000.0,30,0.5,0.15,4.0,auto
5952,1323,1388,movement,1,1.0,1,600.0,30,2.0,0.15,4.0,auto
5953,1323,1395,movement,1,1.0,1,600.0,30,2.0,0.15,4.0,auto
5954,1323,1386,movement,1,1.0,1,600.0,30,2.0,0.15,4.0,auto
5955,1323,1379,movement,1,1.0,1,600.0,30,2.0,0.15,4.0,auto
5956,1323,1387,waiting,1,1.0,1,100000.0,30,0.5,0.15,4.0,auto
5957,1324,1389,movement,1,1.0,1,600.0,30,2.0,0.15,4.0,auto
5958,1324,1396,movement,1,1.0,1,600.0,30,2.0,0.15,4.0,auto
5959,1324,1387,movement,1,1.0,1,600.0,30,2.0,0.15,4.0,auto
5960,1324,1380,movement,1,1.0,1,600.0,30,2.0,0.15,4.0,auto
5961,1324,1388,waiting,1,1.0,1,100000.0,30,0.5,0.15,4.0,auto
5962,1325,1390,movement,1,1.0,1,600.0,30,2.0,0.15,4.0,auto
5963,1325,1397,movement,1,1.0,1,600.0,30,2.0,0.15,4.0,auto
5964,1325,1388,movement,1,1.0,1,600.0,30,2.0,0.15,4.0,auto
5965,1325,1381,movement,1,1.0,1,600.0,30,2.0,0.15,4.0,auto
5966,1325,1389,waiting,1,1.0,1,100000.0,30,0.5,0.15,4.0,auto
5967,1326,1391,movement,1,1.0,1,600.0,30,2.0,0.15,4.0,auto
5968,1326,1398,movement,1,1.0,1,600.0,30,2.0,0.15,4.0,auto
5969,1326,1389,movement,1,1.0,1,600.0,30,2.0,0.15,4.0,auto
5970,1326,1382,movement,1,1.0,1,600.0,30,2.0,0.15,4.0,auto
5971,1326,1390,waiting,1,1.0,1,100000.0,30,0.5,0.15,4.0,auto
5972,1327,1392,movement,1,1.0,1,600.0,30,2.0,0.15,4.0,auto
5973,1327,1399,movement,1,1.0,1,600.0,30,2.0,0.15,4.0,auto
5974,1327,1390,movement,1,1.0,1,600.0,30,2.0,0.15,4.0,auto
5975,1327,1383,movement,1,1.0,1,600.0,30,2.0,0.15,4.0,auto
5976,1327,1391,waiting,1,1.0,1,100000.0,30,0.5,0.15,4.0,auto
5977,1328,1400,movement,1,1.0,1,600.0,30,2.0,0.15,4.0,auto
5978,1328,1391,movement,1,1.0,1,600.0,30,2.0,0.15,4.0,auto
5979,1328,1384,movement,1,1.0,1,600.0,30,2.0,0.15,4.0,auto
5980,1328,1392,waiting,1,1.0,1,100000.0,30,0.5,0.15,4.0,auto
5981,1329,1394,movement,1,1.0,1,600.0,30,2.0,0.15,4.0,auto
5982,1329,1401,movement,1,1.0,1,600.0,30,2.0,0.15,4.0,auto
5983,1329,1385,movement,1,1.0,1,600.0,30,2.0,0.15,4.0,auto
5984,1329,1393,waiting,1,1.0,1,100000.0,30,0.5,0.15,4.0,auto
5985,1330,1395,movement,1,1.0,1,600.0,30,2.0,0.15,4.0,auto
5986,1330,1402,movement,1,1.0,1,600.0,30,2.0,0.15,4.0,auto
5987,1330,1393,movement,1,1.0,1,600.0,30,2.0,0.15,4.0,auto
5988,1330,1386,movement,1,1.0,1,600.0,30,2.0,0.15,4.0,auto
5989,1330,1394,waiting,1,1.0,1,100000.0,30,0.5,0.15,4.0,auto
5990,1331,1396,movement,1,1.0,1,600.0,30,2.0,0.15,4.0,auto
5991,1331,1403,movement,1,1.0,1,600.0,30,2.0,0.15,4.0,auto
5992,1331,1394,movement,1,1.0,1,600.0,30,2.0,0.15,4.0,auto
5993,1331,1387,movement,1,1.0,1,600.0,30,2.0,0.15,4.0,auto
5994,1331,1395,waiting,1,1.0,1,100000.0,30,0.5,0.15,4.0,auto
5995,1332,1397,movement,1,1.0,1,600.0,30,2.0,0.15,4.0,auto
5996,1332,1404,movement,1,1.0,1,600.0,30,2.0,0.15,4.0,auto
5997,1332,1395,movement,1,1.0,1,600.0,30,2.0,0.15,4.0,auto
5998,1332,1388,movement,1,1.0,1,600.0,30,2.0,0.15,4.0,auto
5999,1332,1396,waiting,1,1.0,1,100000.0,30,0.5,0.15,4.0,auto
6000,1333,1398,movement,1,1.0,1,600.0,30,2.0,0.15,4.0,auto
6001,1333,1405,movement,1,1.0,1,600.0,30,2.0,0.15,4.0,auto
6002,1333,1396,movement,1,1.0,1,600.0,30,2.0,0.15,4.0,auto
6003,1333,1389,movement,1,1.0,1,600.0,30,2.0,0.15,4.0,auto
6004,1333,1397,waiting,1,1.0,1,100000.0,30,0.5,0.15,4.0,auto
6005,1334,1399,movement,1,1.0,1,600.0,30,2.0,0.15,4.0,auto
6006,1334,1406,movement,1,1.0,1,600.0,30,2.0,0.15,4.0,auto
6007,1334,1397,movement,1,1.0,1,600.0,30,2.0,0.15,4.0,auto
6008,1334,1390,movement,1,1.0,1,600.0,30,2.0,0.15,4.0,auto
6009,1334,1398,waiting,1,1.0,1,100000.0,30,0.5,0.15,4.0,auto
6010,1335,1400,movement,1,1.0,1,600.0,30,2.0,0.15,4.0,auto
6011,1335,1407,movement,1,1.0,1,600.0,30,2.0,0.15,4.0,auto
6012,1335,1398,movement,1,1.0,1,600.0,30,2.0,0.15,4.0,auto
6013,1335,1391,movement,1,1.0,1,600.0,30,2.0,0.15,4.0,auto
6014,1335,1399,waiting,1,1.0,1,100000.0,30,0.5,0.15,4.0,auto
6015,1336,1408,movement,1,1.0,1,600.0,30,2.0,0.15,4.0,auto
6016,1336,1399,movement,1,1.0,1,600.0,30,2.0,0.15,4.0,auto
6017,1336,1392,movement,1,1.0,1,600.0,30,2.0,0.15,4.0,auto
6018,1336,1400,waiting,1,1.0,1,100000.0,30,0.5,0.15,4.0,auto
6019,1337,1402,movement,1,1.0,1,600.0,30,2.0,0.15,4.0,auto
6020,1337,1393,movement,1,1.0,1,600.0,30,2.0,0.15,4.0,auto
6021,1337,1401,waiting,1,1.0,1,100000.0,30,0.5,0.15,4.0,auto
6022,1338,1403,movement,1,1.0,1,600.0,30,2.0,0.15,4.0,auto
6023,1338,1401,movement,1,1.0,1,600.0,30,2.0,0.15,4.0,auto
6024,1338,1394,movement,1,1.0,1,600.0,30,2.0,0.15,4.0,auto
6025,1338,1402,waiting,1,1.0,1,100000.0,30,0.5,0.15,4.0,auto
6026,1339,1404,movement,1,1.0,1,600.0,30,2.0,0.15,4.0,auto
6027,1339,1402,movement,1,1.0,1,600.0,30,2.0,0.15,4.0,auto
6028,1339,1395,movement,1,1.0,1,600.0,30,2.0,0.15,4.0,auto
6029,1339,1403,waiting,1,1.0,1,100000.0,30,0.5,0.15,4.0,auto
6030,1340,1405,movement,1,1.0,1,600.0,30,2.0,0.15,4.0,auto
6031,1340,1403,movement,1,1.0,1,600.0,30,2.0,0.15,4.0,auto
6032,1340,1396,movement,1,1.0,1,600.0,30,2.0,0.15,4.0,auto
6033,1340,1404,waiting,1,1.0,1,100000.0,30,0.5,0.15,4.0,auto
6034,1341,1406,movement,1,1.0,1,600.0,30,2.0,0.15,4.0,auto
6035,1341,1404,movement,1,1.0,1,600.0,30,2.0,0.15,4.0,auto
6036,1341,1397,movement,1,1.0,1,600.0,30,2.0,0.15,4.0,auto
6037,1341,1405,waiting,1,1.0,1,100000.0,30,0.5,0.15,4.0,auto
6038,1342,1407,movement,1,1.0,1,600.0,30,2.0,0.15,4.0,auto
6039,1342,1405,movement,1,1.0,1,600.0,30,2.0,0.15,4.0,auto
6040,1342,1398,movement,1,1.0,1,600.0,30,2.0,0.15,4.0,auto
6041,1342,1406,waiting,1,1.0,1,100000.0,30,0.5,0.15,4.0,auto
6042,1343,1408,movement,1,1.0,1,600.0,30,2.0,0.15,4.0,auto
6043,1343,1406,movement,1,1.0,1,600.0,30,2.0,0.15,4.0,auto
6044,1343,1399,movement,1,1.0,1,600.0,30,2.0,0.15,4.0,auto
6045,1343,1407,waiting,1,1.0,1,100000.0,30,0.5,0.15,4.0,auto
6046,1344,1407,movement,1,1.0,1,600.0,30,2.0,0.15,4.0,auto
6047,1344,1400,movement,1,1.0,1,600.0,30,2.0,0.15,4.0,auto
6048,1344,1408,waiting,1,1.0,1,100000.0,30,0.5,0.15,4.0,auto
6049,1345,1410,movement,1,1.0,1,600.0,30,2.0,0.15,4.0,auto
6050,1345,1417,movement,1,1.0,1,600.0,30,2.0,0.15,4.0,auto
6051,1345,1409,waiting,1,1.0,1,100000.0,30,0.5,0.15,4.0,auto
6052,1346,1411,movement,1,1.0,1,600.0,30,2.0,0.15,4.0,auto
6053,1346,1418,movement,1,1.0,1,600.0,30,2.0,0.15,4.0,auto
6054,1346,1409,movement,1,1.0,1,600.0,30,2.0,0.15,4.0,auto
6055,1346,1410,waiting,1,1.0,1,100000.0,30,0.5,0.15,4.0,auto
6056,1347,1412,movement,1,1.0,1,600.0,30,2.0,0.15,4.0,auto
6057,1347,1419,movement,1,1.0,1,600.0,30,2.0,0.15,4.0,auto
6058,1347,1410,movement,1,1.0,1,600.0,30,2.0,0.15,4.0,auto
6059,1347,1411,waiting,1,1.0,1,100000.0,30,0.5,0.15,4.0,auto
6060,1348,1413,movement,1,1.0,1,600.0,30,2.0,0.15,4.0,auto
6061,1348,1420,movement,1,1.0,1,600.0,30,2.0,0.15,4.0,auto
6062,1348,1411,movement,1,1.0,1,600.0,30,2.0,0.15,4.0,auto
6063,1348,1412,waiting,1,1.0,1,100000.0,30,0.5,0.15,4.0,auto
6064,1349,1414,movement,1,1.0,1,600.0,30,2.0,0.15,4.0,auto
6065,1349,1421,movement,1,1.0,1,600.0,30,2.0,0.15,4.0,auto
6066,1349,1412,movement,1,1.0,1,600.0,30,2.0,0.15,4.0,auto
6067,1349,1413,waiting,1,1.0,1,100000.0,30,0.5,0.15,4.0,auto
6068,1350,1415,movement,1,1.0,1,600.0,30,2.0,0.15,4.0,auto
6069,1350,1422,movement,1,1.0,1,600.0,30,2.0,0.15,4.0,auto
6070,1350,1413,movement,1,1.0,1,600.0,30,2.0,0.15,4.0,auto
6071,1350,1414,waiting,1,1.0,1,100000.0,30,0.5,0.15,4.0,auto
6072,1351,1416,movement,1,1.0,1,600.0,30,2.0,0.15,4.0,auto
6073,1351,1423,movement,1,1.0,1,600.0,30,2.0,0.15,4.0,auto
6074,1351,1414,movement,1,1.0,1,600.0,30,2.0,0.15,4.0,auto
6075,1351,1415,waiting,1,1.0,1,100000.0,30,0.5,0.15,4.0,auto
6076,1352,1424,movement,1,1.0,1,600.0,30,2.0,0.15,4.0,auto
6077,1352,1415,movement,1,1.0,1,600.0,30,2.0,0.15,4.0,auto
6078,1352,1416,waiting,1,1.0,1,100000.0,30,0.5,0.15,4.0,auto
6079,1353,1418,movement,1,1.0,1,600.0,30,2.0,0.15,4.0,auto
6080,1353,1425,movement,1,1.0,1,600.0,30,2.0,0.15,4.0,auto
6081,1353,1409,movement,1,1.0,1,600.0,30,2.0,0.15,4.0,auto
6082,1353,1417,waiting,1,1.0,1,100000.0,30,0.5,0.15,4.0,auto
6083,1354,1419,movement,1,1.0,1,600.0,30,2.0,0.15,4.0,auto
6084,1354,1426,movement,1,1.0,1,600.0,30,2.0,0.15,4.0,auto
6085,1354,1417,movement,1,1.0,1,600.0,30,2.0,0.15,4.0,auto
6086,1354,1410,movement,1,1.0,1,600.0,30,2.0,0.15,4.0,auto
6087,1354,1418,waiting,1,1.0,1,100000.0,30,0.5,0.15,4.0,auto
6088,1355,1420,movement,1,1.0,1,600.0,30,2.0,0.15,4.0,auto
6089,1355,1427,movement,1,1.0,1,600.0,30,2.0,0.15,4.0,auto
6090,1355,1418,movement,1,1.0,1,600.0,30,2.0,0.15,4.0,auto
6091,1355,1411,movement,1,1.0,1,600.0,30,2.0,0.15,4.0,auto
6092,1355,1419,waiting,1,1.0,1,100000.0,30,0.5,0.15,4.0,auto
6093,1356,1421,movement,1,1.0,1,600.0,30,2.0,0.15,4.0,auto
6094,1356,1428,movement,1,1.0,1,600.0,30,2.0,0.15,4.0,auto
6095,1356,1419,movement,1,1.0,1,600.0,30,2.0,0.15,4.0,auto
6096,1356,1412,movement,1,1.0,1,600.0,30,2.0,0.15,4.0,auto
6097,1356,1420,waiting,1,1.0,1,100000.0,30,0.5,0.15,4.0,auto
6098,1357,1422,movement,1,1.0,1,600.0,30,2.0,0.15,4.0,auto
6099,1357,1429,movement,1,1.0,1,600.0,30,2.0,0.15,4.0,auto
6100,1357,1420,movement,1,1.0,1,600.0,30,2.0,0.15,4.0,auto
6101,1357,1413,movement,1,1.0,1,600.0,30,2.0,0.15,4.0,auto
6102,1357,1421,waiting,1,1.0,1,100000.0,30,0.5,0.15,4.0,auto
6103,1358,1423,movement,1,1.0,1,600.0,30,2.0,0.15,4.0,auto
6104,1358,1430,movement,1,1.0,1,600.0,30,2.0,0.15,4.0,auto
6105,1358,1421,movement,1,1.0,1,600.0,30,2.0,0.15,4.0,auto
6106,1358,1414,movement,1,1.0,1,600.0,30,2.0,0.15,4.0,auto
6107,1358,1422,waiting,1,1.0,1,100000.0,30,0.5,0.15,4.0,auto
6108,1359,1424,movement,1,1.0,1,600.0,30,2.0,0.15,4.0,auto
6109,1359,1431,movement,1,1.0,1,600.0,30,2.0,0.15,4.0,auto
6110,1359,1422,movement,1,1.0,1,600.0,30,2.0,0.15,4.0,auto
6111,1359,1415,movement,1,1.0,1,600.0,30,2.0,0.15,4.0,auto
6112,1359,1423,waiting,1,1.0,1,100000.0,30,0.5,0.15,4.0,auto
6113,1360,1432,movement,1,1.0,1,600.0,30,2.0,0.15,4.0,auto
6114,1360,1423,movement,1,1.0,1,600.0,30,2.0,0.15,4.0,auto
6115,1360,1416,movement,1,1.0,1,600.0,30,2.0,0.15,4.0,auto
6116,1360,1424,waiting,1,1.0,1,100000.0,30,0.5,0.15,4.0,auto
6117,1361,1426,movement,1,1.0,1,600.0,30,2.0,0.15,4.0,auto
6118,1361,1433,movement,1,1.0,1,600.0,30,2.0,0.15,4.0,auto
6119,1361,1417,movement,1,1.0,1,600.0,30,2.0,0.15,4.0,auto
6120,1361,1425,waiting,1,1.0,1,100000.0,30,0.5,0.15,4.0,auto
6121,1362,1427,movement,1,1.0,1,600.0,30,2.0,0.15,4.0,auto
6122,1362,1434,movement,1,1.0,1,600.0,30,2.0,0.15,4.0,auto
6123,1362,1425,movement,1,1.0,1,600.0,30,2.0,0.15,4.0,auto
6124,1362,1418,movement,1,1.0,1,600.0,30,2.0,0.15,4.0,auto
6125,1362,1426,waiting,1,1.0,1,100000.0,30,0.5,0.15,4.0,auto
6126,1363,1428,movement,1,1.0,1,600.0,30,2.0,0.15,4.0,auto
6127,1363,1435,movement,1,1.0,1,600.0,30,2.0,0.15,4.0,auto
6128,1363,1426,movement,1,1.0,1,600.0,30,2.0,0.15,4.0,auto
6129,1363,1419,movement,1,1.0,1,600.0,30,2.0,0.15,4.0,auto
6130,1363,1427,waiting,1,1.0,1,100000.0,30,0.5,0.15,4.0,auto
6131,1364,1429,movement,1,1.0,1,600.0,30,2.0,0.15,4.0,auto
6132,1364,1436,movement,1,1.0,1,600.0,30,2.0,0.15,4.0,auto
6133,1364,1427,movement,1,1.0,1,600.0,30,2.0,0.15,4.0,auto
6134,1364,1420,movement,1,1.0,1,600.0,30,2.0,0.15,4.0,auto
6135,1364,1428,waiting,1,1.0,1,100000.0,30,0.5,0.15,4.0,auto
6136,1365,1430,movement,1,1.0,1,600.0,30,2.0,0.15,4.0,auto
6137,1365,1437,movement,1,1.0,1,600.0,30,2.0,0.15,4.0,auto
6138,1365,1428,movement,1,1.0,1,600.0,30,2.0,0.15,4.0,auto
6139,1365,1421,movement,1,1.0,1,600.0,30,2.0,0.15,4.0,auto
6140,1365,1429,waiting,1,1.0,1,100000.0,30,0.5,0.15,4.0,auto
6141,1366,1431,movement,1,1.0,1,600.0,30,2.0,0.15,4.0,auto
6142,1366,1438,movement,1,1.0,1,600.0,30,2.0,0.15,4.0,auto
6143,1366,1429,movement,1,1.0,1,600.0,30,2.0,0.15,4.0,auto
6144,1366,1422,movement,1,1.0,1,600.0,30,2.0,0.15,4.0,auto
6145,1366,1430,waiting,1,1.0,1,100000.0,30,0.5,0.15,4.0,auto
6146,1367,1432,movement,1,1.0,1,600.0,30,2.0,0.15,4.0,auto
6147,1367,1439,movement,1,1.0,1,600.0,30,2.0,0.15,4.0,auto
6148,1367,1430,movement,1,1.0,1,600.0,30,2.0,0.15,4.0,auto
6149,1367,1423,movement,1,1.0,1,600.0,30,2.0,0.15,4.0,auto
6150,1367,1431,waiting,1,1.0,1,100000.0,30,0.5,0.15,4.0,auto
6151,1368,1440,movement,1,1.0,1,600.0,30,2.0,0.15,4.0,auto
6152,1368,1431,movement,1,1.0,1,600.0,30,2.0,0.15,4.0,auto
6153,1368,1424,movement,1,1.0,1,600.0,30,2.0,0.15,4.0,auto
6154,1368,1432,waiting,1,1.0,1,100000.0,30,0.5,0.15,4.0,auto
6155,1369,1434,movement,1,1.0,1,600.0,30,2.0,0.15,4.0,auto
6156,1369,1441,movement,1,1.0,1,600.0,30,2.0,0.15,4.0,auto
6157,1369,1425,movement,1,1.0,1,600.0,30,2.0,0.15,4.0,auto
6158,1369,1433,waiting,1,1.0,1,100000.0,30,0.5,0.15,4.0,auto
6159,1370,1435,movement,1,1.0,1,600.0,30,2.0,0.15,4.0,auto
6160,1370,1442,movement,1,1.0,1,600.0,30,2.0,0.15,4.0,auto
6161,1370,1433,movement,1,1.0,1,600.0,30,2.0,0.15,4.0,auto
6162,1370,1426,movement,1,1.0,1,600.0,30,2.0,0.15,4.0,auto
6163,1370,1434,waiting,1,1.0,1,100000.0,30,0.5,0.15,4.0,auto
6164,1371,1436,movement,1,1.0,1,600.0,30,2.0,0.15,4.0,auto
6165,1371,1443,movement,1,1.0,1,600.0,30,2.0,0.15,4.0,auto
6166,1371,1434,movement,1,1.0,1,600.0,30,2.0,0.15,4.0,auto
6167,1371,1427,movement,1,1.0,1,600.0,30,2.0,0.15,4.0,auto
6168,1371,1435,waiting,1,1.0,1,100000.0,30,0.5,0.15,4.0,auto
6169,1372,1437,movement,1,1.0,1,600.0,30,2.0,0.15,4.0,auto
6170,1372,1444,movement,1,1.0,1,600.0,30,2.0,0.15,4.0,auto
6171,1372,1435,movement,1,1.0,1,600.0,30,2.0,0.15,4.0,auto
6172,1372,1428,movement,1,1.0,1,600.0,30,2.0,0.15,4.0,auto
6173,1372,1436,waiting,1,1.0,1,100000.0,30,0.5,0.15,4.0,auto
6174,1373,1438,movement,1,1.0,1,600.0,30,2.0,0.15,4.0,auto
6175,1373,1445,movement,1,1.0,1,600.0,30,2.0,0.15,4.0,auto
6176,1373,1436,movement,1,1.0,1,600.0,30,2.0,0.15,4.0,auto
6177,1373,1429,movement,1,1.0,1,600.0,30,2.0,0.15,4.0,auto
6178,1373,1437,waiting,1,1.0,1,100000.0,30,0.5,0.15,4.0,auto
6179,1374,1439,movement,1,1.0,1,600.0,30,2.0,0.15,4.0,auto
6180,1374,1446,movement,1,1.0,1,600.0,30,2.0,0.15,4.0,auto
6181,1374,1437,movement,1,1.0,1,600.0,30,2.0,0.15,4.0,auto
6182,1374,1430,movement,1,1.0,1,600.0,30,2.0,0.15,4.0,auto
6183,1374,1438,waiting,1,1.0,1,100000.0,30,0.5,0.15,4.0,auto
6184,1375,1440,movement,1,1.0,1,600.0,30,2.0,0.15,4.0,auto
6185,1375,1447,movement,1,1.0,1,600.0,30,2.0,0.15,4.0,auto
6186,1375,1438,movement,1,1.0,1,600.0,30,2.0,0.15,4.0,auto
6187,1375,1431,movement,1,1.0,1,600.0,30,2.0,0.15,4.0,auto
6188,1375,1439,waiting,1,1.0,1,100000.0,30,0.5,0.15,4.0,auto
6189,1376,1448,movement,1,1.0,1,600.0,30,2.0,0.15,4.0,auto
6190,1376,1439,movement,1,1.0,1,600.0,30,2.0,0.15,4.0,auto
6191,1376,1432,movement,1,1.0,1,600.0,30,2.0,0.15,4.0,auto
6192,1376,1440,waiting,1,1.0,1,100000.0,30,0.5,0.15,4.0,auto
6193,1377,1442,movement,1,1.0,1,600.0,30,2.0,0.15,4.0,auto
6194,1377,1449,movement,1,1.0,1,600.0,30,2.0,0.15,4.0,auto
6195,1377,1433,movement,1,1.0,1,600.0,30,2.0,0.15,4.0,auto
6196,1377,1441,waiting,1,1.0,1,100000.0,30,0.5,0.15,4.0,auto
6197,1378,1443,movement,1,1.0,1,600.0,30,2.0,0.15,4.0,auto
6198,1378,1450,movement,1,1.0,1,600.0,30,2.0,0.15,4.0,auto
6199,1378,1441,movement,1,1.0,1,600.0,30,2.0,0.15,4.0,auto
6200,1378,1434,movement,1,1.0,1,600.0,30,2.0,0.15,4.0,auto
6201,1378,1442,waiting,1,1.0,1,100000.0,30,0.5,0.15,4.0,auto
6202,1379,1444,movement,1,1.0,1,600.0,30,2.0,0.15,4.0,auto
6203,1379,1451,movement,1,1.0,1,600.0,30,2.0,0.15,4.0,auto
6204,1379,1442,movement,1,1.0,1,600.0,30,2.0,0.15,4.0,auto
6205,1379,1435,movement,1,1.0,1,600.0,30,2.0,0.15,4.0,auto
6206,1379,1443,waiting,1,1.0,1,100000.0,30,0.5,0.15,4.0,auto
6207,1380,1445,movement,1,1.0,1,600.0,30,2.0,0.15,4.0,auto
6208,1380,1452,movement,1,1.0,1,600.0,30,2.0,0.15,4.0,auto
6209,1380,1443,movement,1,1.0,1,600.0,30,2.0,0.15,4.0,auto
6210,1380,1436,movement,1,1.0,1,600.0,30,2.0,0.15,4.0,auto
6211,1380,1444,waiting,1,1.0,1,100000.0,30,0.5,0.15,4.0,auto
6212,1381,1446,movement,1,1.0,1,600.0,30,2.0,0.15,4.0,auto
6213,1381,1453,movement,1,1.0,1,600.0,30,2.0,0.15,4.0,auto
6214,1381,1444,movement,1,1.0,1,600.0,30,2.0,0.15,4.0,auto
6215,1381,1437,movement,1,1.0,1,600.0,30,2.0,0.15,4.0,auto
6216,1381,1445,waiting,1,1.0,1,100000.0,30,0.5,0.15,4.0,auto
6217,1382,1447,movement,1,1.0,1,600.0,30,2.0,0.15,4.0,auto
6218,1382,1454,movement,1,1.0,1,600.0,30,2.0,0.15,4.0,auto
6219,1382,1445,movement,1,1.0,1,600.0,30,2.0,0.15,4.0,auto
6220,1382,1438,movement,1,1.0,1,600.0,30,2.0,0.15,4.0,auto
6221,1382,1446,waiting,1,1.0,1,100000.0,30,0.5,0.15,4.0,auto
6222,1383,1448,movement,1,1.0,1,600.0,30,2.0,0.15,4.0,auto
6223,1383,1455,movement,1,1.0,1,600.0,30,2.0,0.15,4.0,auto
6224,1383,1446,movement,1,1.0,1,600.0,30,2.0,0.15,4.0,auto
6225,1383,1439,movement,1,1.0,1,600.0,30,2.0,0.15,4.0,auto
6226,1383,1447,waiting,1,1.0,1,100000.0,30,0.5,0.15,4.0,auto
6227,1384,1456,movement,1,1.0,1,600.0,30,2.0,0.15,4.0,auto
6228,1384,1447,movement,1,1.0,1,600.0,30,2.0,0.15,4.0,auto
6229,1384,1440,movement,1,1.0,1,600.0,30,2.0,0.15,4.0,auto
6230,1384,1448,waiting,1,1.0,1,100000.0,30,0.5,0.15,4.0,auto
6231,1385,1450,movement,1,1.0,1,600.0,30,2.0,0.15,4.0,auto
6232,1385,1457,movement,1,1.0,1,600.0,30,2.0,0.15,4.0,auto
6233,1385,1441,movement,1,1.0,1,600.0,30,2.0,0.15,4.0,auto
6234,1385,1449,waiting,1,1.0,1,100000.0,30,0.5,0.15,4.0,auto
6235,1386,1451,movement,1,1.0,1,600.0,30,2.0,0.15,4.0,auto
6236,1386,1458,movement,1,1.0,1,600.0,30,2.0,0.15,4.0,auto
6237,1386,1449,movement,1,1.0,1,600.0,30,2.0,0.15,4.0,auto
6238,1386,1442,movement,1,1.0,1,600.0,30,2.0,0.15,4.0,auto
6239,1386,1450,waiting,1,1.0,1,100000.0,30,0.5,0.15,4.0,auto
6240,1387,1452,movement,1,1.0,1,600.0,30,2.0,0.15,4.0,auto
6241,1387,1459,movement,1,1.0,1,600.0,30,2.0,0.15,4.0,auto
6242,1387,1450,movement,1,1.0,1,600.0,30,2.0,0.15,4.0,auto
6243,1387,1443,movement,1,1.0,1,600.0,30,2.0,0.15,4.0,auto
6244,1387,1451,waiting,1,1.0,1,100000.0,30,0.5,0.15,4.0,auto
6245,1388,1453,movement,1,1.0,1,600.0,30,2.0,0.15,4.0,auto
6246,1388,1460,movement,1,1.0,1,600.0,30,2.0,0.15,4.0,auto
6247,1388,1451,movement,1,1.0,1,600.0,30,2.0,0.15,4.0,auto
6248,1388,1444,movement,1,1.0,1,600.0,30,2.0,0.15,4.0,auto
6249,1388,1452,waiting,1,1.0,1,100000.0,30,0.5,0.15,4.0,auto
6250,1389,1454,movement,1,1.0,1,600.0,30,2.0,0.15,4.0,auto
6251,1389,1461,movement,1,1.0,1,600.0,30,2.0,0.15,4.0,auto
6252,1389,1452,movement,1,1.0,1,600.0,30,2.0,0.15,4.0,auto
6253,1389,1445,movement,1,1.0,1,600.0,30,2.0,0.15,4.0,auto
6254,1389,1453,waiting,1,1.0,1,100000.0,30,0.5,0.15,4.0,auto
6255,1390,1455,movement,1,1.0,1,600.0,30,2.0,0.15,4.0,auto
6256,1390,1462,movement,1,1.0,1,600.0,30,2.0,0.15,4.0,auto
6257,1390,1453,movement,1,1.0,1,600.0,30,2.0,0.15,4.0,auto
6258,1390,1446,movement,1,1.0,1,600.0,30,2.0,0.15,4.0,auto
6259,1390,1454,waiting,1,1.0,1,100000.0,30,0.5,0.15,4.0,auto
6260,1391,1456,movement,1,1.0,1,600.0,30,2.0,0.15,4.0,auto
6261,1391,1463,movement,1,1.0,1,600.0,30,2.0,0.15,4.0,auto
6262,1391,1454,movement,1,1.0,1,600.0,30,2.0,0.15,4.0,auto
6263,1391,1447,movement,1,1.0,1,600.0,30,2.0,0.15,4.0,auto
6264,1391,1455,waiting,1,1.0,1,100000.0,30,0.5,0.15,4.0,auto
6265,1392,1464,movement,1,1.0,1,600.0,30,2.0,0.15,4.0,auto
6266,1392,1455,movement,1,1.0,1,600.0,30,2.0,0.15,4.0,auto
6267,1392,1448,movement,1,1.0,1,600.0,30,2.0,0.15,4.0,auto
6268,1392,1456,waiting,1,1.0,1,100000.0,30,0.5,0.15,4.0,auto
6269,1393,1458,movement,1,1.0,1,600.0,30,2.0,0.15,4.0,auto
6270,1393,1465,movement,1,1.0,1,600.0,30,2.0,0.15,4.0,auto
6271,1393,1449,movement,1,1.0,1,600.0,30,2.0,0.15,4.0,auto
6272,1393,1457,waiting,1,1.0,1,100000.0,30,0.5,0.15,4.0,auto
6273,1394,1459,movement,1,1.0,1,600.0,30,2.0,0.15,4.0,auto
6274,1394,1466,movement,1,1.0,1,600.0,30,2.0,0.15,4.0,auto
6275,1394,1457,movement,1,1.0,1,600.0,30,2.0,0.15,4.0,auto
6276,1394,1450,movement,1,1.0,1,600.0,30,2.0,0.15,4.0,auto
6277,1394,1458,waiting,1,1.0,1,100000.0,30,0.5,0.15,4.0,auto
6278,1395,1460,movement,1,1.0,1,600.0,30,2.0,0.15,4.0,auto
6279,1395,1467,movement,1,1.0,1,600.0,30,2.0,0.15,4.0,auto
6280,1395,1458,movement,1,1.0,1,600.0,30,2.0,0.15,4.0,auto
6281,1395,1451,movement,1,1.0,1,600.0,30,2.0,0.15,4.0,auto
6282,1395,1459,waiting,1,1.0,1,100000.0,30,0.5,0.15,4.0,auto
6283,1396,1461,movement,1,1.0,1,600.0,30,2.0,0.15,4.0,auto
6284,1396,1468,movement,1,1.0,1,600.0,30,2.0,0.15,4.0,auto
6285,1396,1459,movement,1,1.0,1,600.0,30,2.0,0.15,4.0,auto
6286,1396,1452,movement,1,1.0,1,600.0,30,2.0,0.15,4.0,auto
6287,1396,1460,waiting,1,1.0,1,100000.0,30,0.5,0.15,4.0,auto
6288,1397,1462,movement,1,1.0,1,600.0,30,2.0,0.15,4.0,auto
6289,1397,1469,movement,1,1.0,1,600.0,30,2.0,0.15,4.0,auto
6290,1397,1460,movement,1,1.0,1,600.0,30,2.0,0.15,4.0,auto
6291,1397,1453,movement,1,1.0,1,600.0,30,2.0,0.15,4.0,auto
6292,1397,1461,waiting,1,1.0,1,100000.0,30,0.5,0.15,4.0,auto
6293,1398,1463,movement,1,1.0,1,600.0,30,2.0,0.15,4.0,auto
6294,1398,1470,movement,1,1.0,1,600.0,30,2.0,0.15,4.0,auto
6295,1398,1461,movement,1,1.0,1,600.0,30,2.0,0.15,4.0,auto
6296,1398,1454,movement,1,1.0,1,600.0,30,2.0,0.15,4.0,auto
6297,1398,1462,waiting,1,1.0,1,100000.0,30,0.5,0.15,4.0,auto
6298,1399,1464,movement,1,1.0,1,600.0,30,2.0,0.15,4.0,auto
6299,1399,1471,movement,1,1.0,1,600.0,30,2.0,0.15,4.0,auto
6300,1399,1462,movement,1,1.0,1,600.0,30,2.0,0.15,4.0,auto
6301,1399,1455,movement,1,1.0,1,600.0,30,2.0,0.15,4.0,auto
6302,1399,1463,waiting,1,1.0,1,100000.0,30,0.5,0.15,4.0,auto
6303,1400,1472,movement,1,1.0,1,600.0,30,2.0,0.15,4.0,auto
6304,1400,1463,movement,1,1.0,1,600.0,30,2.0,0.15,4.0,auto
6305,1400,1456,movement,1,1.0,1,600.0,30,2.0,0.15,4.0,auto
6306,1400,1464,waiting,1,1.0,1,100000.0,30,0.5,0.15,4.0,auto
6307,1401,1466,movement,1,1.0,1,600.0,30,2.0,0.15,4.0,auto
6308,1401,1457,movement,1,1.0,1,600.0,30,2.0,0.15,4.0,auto
6309,1401,1465,waiting,1,1.0,1,100000.0,30,0.5,0.15,4.0,auto
6310,1402,1467,movement,1,1.0,1,600.0,30,2.0,0.15,4.0,auto
6311,1402,1465,movement,1,1.0,1,600.0,30,2.0,0.15,4.0,auto
6312,1402,1458,movement,1,1.0,1,600.0,30,2.0,0.15,4.0,auto
6313,1402,1466,waiting,1,1.0,1,100000.0,30,0.5,0.15,4.0,auto
6314,1403,1468,movement,1,1.0,1,600.0,30,2.0,0.15,4.0,auto
6315,1403,1466,movement,1,1.0,1,600.0,30,2.0,0.15,4.0,auto
6316,1403,1459,movement,1,1.0,1,600.0,30,2.0,0.15,4.0,auto
6317,1403,1467,waiting,1,1.0,1,100000.0,30,0.5,0.15,4.0,auto
6318,1404,1469,movement,1,1.0,1,600.0,30,2.0,0.15,4.0,auto
6319,1404,1467,movement,1,1.0,1,600.0,30,2.0,0.15,4.0,auto
6320,1404,1460,movement,1,1.0,1,600.0,30,2.0,0.15,4.0,auto
6321,1404,1468,waiting,1,1.0,1,100000.0,30,0.5,0.15,4.0,auto
6322,1405,1470,movement,1,1.0,1,600.0,30,2.0,0.15,4.0,auto
6323,1405,1468,movement,1,1.0,1,600.0,30,2.0,0.15,4.0,auto
6324,1405,1461,movement,1,1.0,1,600.0,30,2.0,0.15,4.0,auto
6325,1405,1469,waiting,1,1.0,1,100000.0,30,0.5,0.15,4.0,auto
6326,1406,1471,movement,1,1.0,1,600.0,30,2.0,0.15,4.0,auto
6327,1406,1469,movement,1,1.0,1,600.0,30,2.0,0.15,4.0,auto
6328,1406,1462,movement,1,1.0,1,600.0,30,2.0,0.15,4.0,auto
6329,1406,1470,waiting,1,1.0,1,100000.0,30,0.5,0.15,4.0,auto
6330,1407,1472,movement,1,1.0,1,600.0,30,2.0,0.15,4.0,auto
6331,1407,1470,movement,1,1.0,1,600.0,30,2.0,0.15,4.0,auto
6332,1407,1463,movement,1,1.0,1,600.0,30,2.0,0.15,4.0,auto
6333,1407,1471,waiting,1,1.0,1,100000.0,30,0.5,0.15,4.0,auto
6334,1408,1471,movement,1,1.0,1,600.0,30,2.0,0.15,4.0,auto
6335,1408,1464,movement,1,1.0,1,600.0,30,2.0,0.15,4.0,auto
6336,1408,1472,waiting,1,1.0,1,100000.0,30,0.5,0.15,4.0,auto
6337,1409,1474,movement,1,1.0,1,600.0,30,2.0,0.15,4.0,auto
6338,1409,1481,movement,1,1.0,1,600.0,30,2.0,0.15,4.0,auto
6339,1409,1473,waiting,1,1.0,1,100000.0,30,0.5,0.15,4.0,auto
6340,1410,1475,movement,1,1.0,1,600.0,30,2.0,0.15,4.0,auto
6341,1410,1482,movement,1,1.0,1,600.0,30,2.0,0.15,4.0,auto
6342,1410,1473,movement,1,1.0,1,600.0,30,2.0,0.15,4.0,auto
6343,1410,1474,waiting,1,1.0,1,100000.0,30,0.5,0.15,4.0,auto
6344,1411,1476,movement,1,1.0,1,600.0,30,2.0,0.15,4.0,auto
6345,1411,1483,movement,1,1.0,1,600.0,30,2.0,0.15,4.0,auto
6346,1411,1474,movement,1,1.0,1,600.0,30,2.0,0.15,4.0,auto
6347,1411,1475,waiting,1,1.0,1,100000.0,30,0.5,0.15,4.0,auto
6348,1412,1477,movement,1,1.0,1,600.0,30,2.0,0.15,4.0,auto
6349,1412,1484,movement,1,1.0,1,600.0,30,2.0,0.15,4.0,auto
6350,1412,1475,movement,1,1.0,1,600.0,30,2.0,0.15,4.0,auto
6351,1412,1476,waiting,1,1.0,1,100000.0,30,0.5,0.15,4.0,auto
6352,1413,1478,movement,1,1.0,1,600.0,30,2.0,0.15,4.0,auto
6353,1413,1485,movement,1,1.0,1,600.0,30,2.0,0.15,4.0,auto
6354,1413,1476,movement,1,1.0,1,600.0,30,2.0,0.15,4.0,auto
6355,1413,1477,waiting,1,1.0,1,100000.0,30,0.5,0.15,4.0,auto
6356,1414,1479,movement,1,1.0,1,600.0,30,2.0,0.15,4.0,auto
6357,1414,1486,movement,1,1.0,1,600.0,30,2.0,0.15,4.0,auto
6358,1414,1477,movement,1,1.0,1,600.0,30,2.0,0.15,4.0,auto
6359,1414,1478,waiting,1,1.0,1,100000.0,30,0.5,0.15,4.0,auto
6360,1415,1480,movement,1,1.0,1,600.0,30,2.0,0.15,4.0,auto
6361,1415,1487,movement,1,1.0,1,600.0,30,2.0,0.15,4.0,auto
6362,1415,1478,movement,1,1.0,1,600.0,30,2.0,0.15,4.0,auto
6363,1415,1479,waiting,1,1.0,1,100000.0,30,0.5,0.15,4.0,auto
6364,1416,1488,movement,1,1.0,1,600.0,30,2.0,0.15,4.0,auto
6365,1416,1479,movement,1,1.0,1,600.0,30,2.0,0.15,4.0,auto
6366,1416,1480,waiting,1,1.0,1,100000.0,30,0.5,0.15,4.0,auto
6367,1417,1482,movement,1,1.0,1,600.0,30,2.0,0.15,4.0,auto
6368,1417,1489,movement,1,1.0,1,600.0,30,2.0,0.15,4.0,auto
6369,1417,1473,movement,1,1.0,1,600.0,30,2.0,0.15,4.0,auto
6370,1417,1481,waiting,1,1.0,1,100000.0,30,0.5,0.15,4.0,auto
6371,1418,1483,movement,1,1.0,1,600.0,30,2.0,0.15,4.0,auto
6372,1418,1490,movement,1,1.0,1,600.0,30,2.0,0.15,4.0,auto
6373,1418,1481,movement,1,1.0,1,600.0,30,2.0,0.15,4.0,auto
6374,1418,1474,movement,1,1.0,1,600.0,30,2.0,0.15,4.0,auto
6375,1418,1482,waiting,1,1.0,1,100000.0,30,0.5,0.15,4.0,auto
6376,1419,1484,movement,1,1.0,1,600.0,30,2.0,0.15,4.0,auto
6377,1419,1491,movement,1,1.0,1,600.0,30,2.0,0.15,4.0,auto
6378,1419,1482,movement,1,1.0,1,600.0,30,2.0,0.15,4.0,auto
6379,1419,1475,movement,1,1.0,1,600.0,30,2.0,0.15,4.0,auto
6380,1419,1483,waiting,1,1.0,1,100000.0,30,0.5,0.15,4.0,auto
6381,1420,1485,movement,1,1.0,1,600.0,30,2.0,0.15,4.0,auto
6382,1420,1492,movement,1,1.0,1,600.0,30,2.0,0.15,4.0,auto
6383,1420,1483,movement,1,1.0,1,600.0,30,2.0,0.15,4.0,auto
6384,1420,1476,movement,1,1.0,1,600.0,30,2.0,0.15,4.0,auto
6385,1420,1484,waiting,1,1.0,1,100000.0,30,0.5,0.15,4.0,auto
6386,1421,1486,movement,1,1.0,1,600.0,30,2.0,0.15,4.0,auto
6387,1421,1493,movement,1,1.0,1,600.0,30,2.0,0.15,4.0,auto
6388,1421,1484,movement,1,1.0,1,600.0,30,2.0,0.15,4.0,auto
6389,1421,1477,movement,1,1.0,1,600.0,30,2.0,0.15,4.0,auto
6390,1421,1485,waiting,1,1.0,1,100000.0,30,0.5,0.15,4.0,auto
6391,1422,1487,movement,1,1.0,1,600.0,30,2.0,0.15,4.0,auto
6392,1422,1494,movement,1,1.0,1,600.0,30,2.0,0.15,4.0,auto
6393,1422,1485,movement,1,1.0,1,600.0,30,2.0,0.15,4.0,auto
6394,1422,1478,movement,1,1.0,1,600.0,30,2.0,0.15,4.0,auto
6395,1422,1486,waiting,1,1.0,1,100000.0,30,0.5,0.15,4.0,auto
6396,1423,1488,movement,1,1.0,1,600.0,30,2.0,0.15,4.0,auto
6397,1423,1495,movement,1,1.0,1,600.0,30,2.0,0.15,4.0,auto
6398,1423,1486,movement,1,1.0,1,600.0,30,2.0,0.15,4.0,auto
6399,1423,1479,movement,1,1.0,1,600.0,30,2.0,0.15,4.0,auto
6400,1423,1487,waiting,1,1.0,1,100000.0,30,0.5,0.15,4.0,auto
6401,1424,1496,movement,1,1.0,1,600.0,30,2.0,0.15,4.0,auto
6402,1424,1487,movement,1,1.0,1,600.0,30,2.0,0.15,4.0,auto
6403,1424,1480,movement,1,1.0,1,600.0,30,2.0,0.15,4.0,auto
6404,1424,1488,waiting,1,1.0,1,100000.0,30,0.5,0.15,4.0,auto
6405,1425,1490,movement,1,1.0,1,600.0,30,2.0,0.15,4.0,auto
6406,1425,1497,movement,1,1.0,1,600.0,30,2.0,0.15,4.0,auto
6407,1425,1481,movement,1,1.0,1,600.0,30,2.0,0.15,4.0,auto
6408,1425,1489,waiting,1,1.0,1,100000.0,30,0.5,0.15,4.0,auto
6409,1426,1491,movement,1,1.0,1,600.0,30,2.0,0.15,4.0,auto
6410,1426,1498,movement,1,1.0,1,600.0,30,2.0,0.15,4.0,auto
6411,1426,1489,movement,1,1.0,1,600.0,30,2.0,0.15,4.0,auto
6412,1426,1482,movement,1,1.0,1,600.0,30,2.0,0.15,4.0,auto
6413,1426,1490,waiting,1,1.0,1,100000.0,30,0.5,0.15,4.0,auto
6414,1427,1492,movement,1,1.0,1,600.0,30,2.0,0.15,4.0,auto
6415,1427,1499,movement,1,1.0,1,600.0,30,2.0,0.15,4.0,auto
6416,1427,1490,movement,1,1.0,1,600.0,30,2.0,0.15,4.0,auto
6417,1427,1483,movement,1,1.0,1,600.0,30,2.0,0.15,4.0,auto
6418,1427,1491,waiting,1,1.0,1,100000.0,30,0.5,0.15,4.0,auto
6419,1428,1493,movement,1,1.0,1,600.0,30,2.0,0.15,4.0,auto
6420,1428,1500,movement,1,1.0,1,600.0,30,2.0,0.15,4.0,auto
6421,1428,1491,movement,1,1.0,1,600.0,30,2.0,0.15,4.0,auto
6422,1428,1484,movement,1,1.0,1,600.0,30,2.0,0.15,4.0,auto
6423,1428,1492,waiting,1,1.0,1,100000.0,30,0.5,0.15,4.0,auto
6424,1429,1494,movement,1,1.0,1,600.0,30,2.0,0.15,4.0,auto
6425,1429,1501,movement,1,1.0,1,600.0,30,2.0,0.15,4.0,auto
6426,1429,1492,movement,1,1.0,1,600.0,30,2.0,0.15,4.0,auto
6427,1429,1485,movement,1,1.0,1,600.0,30,2.0,0.15,4.0,auto
6428,1429,1493,waiting,1,1.0,1,100000.0,30,0.5,0.15,4.0,auto
6429,1430,1495,movement,1,1.0,1,600.0,30,2.0,0.15,4.0,auto
6430,1430,1502,movement,1,1.0,1,600.0,30,2.0,0.15,4.0,auto
6431,1430,1493,movement,1,1.0,1,600.0,30,2.0,0.15,4.0,auto
6432,1430,1486,movement,1,1.0,1,600.0,30,2.0,0.15,4.0,auto
6433,1430,1494,waiting,1,1.0,1,100000.0,30,0.5,0.15,4.0,auto
6434,1431,1496,movement,1,1.0,1,600.0,30,2.0,0.15,4.0,auto
6435,1431,1503,movement,1,1.0,1,600.0,30,2.0,0.15,4.0,auto
6436,1431,1494,movement,1,1.0,1,600.0,30,2.0,0.15,4.0,auto
6437,1431,1487,movement,1,1.0,1,600.0,30,2.0,0.15,4.0,auto
6438,1431,1495,waiting,1,1.0,1,100000.0,30,0.5,0.15,4.0,auto
6439,1432,1504,movement,1,1.0,1,600.0,30,2.0,0.15,4.0,auto
6440,1432,1495,movement,1,1.0,1,600.0,30,2.0,0.15,4.0,auto
6441,1432,1488,movement,1,1.0,1,600.0,30,2.0,0.15,4.0,auto
6442,1432,1496,waiting,1,1.0,1,100000.0,30,0.5,0.15,4.0,auto
6443,1433,1498,movement,1,1.0,1,600.0,30,2.0,0.15,4.0,auto
6444,1433,1505,movement,1,1.0,1,600.0,30,2.0,0.15,4.0,auto
6445,1433,1489,movement,1,1.0,1,600.0,30,2.0,0.15,4.0,auto
6446,1433,1497,waiting,1,1.0,1,100000.0,30,0.5,0.15,4.0,auto
6447,1434,1499,movement,1,1.0,1,600.0,30,2.0,0.15,4.0,auto
6448,1434,1506,movement,1,1.0,1,600.0,30,2.0,0.15,4.0,auto
6449,1434,1497,movement,1,1.0,1,600.0,30,2.0,0.15,4.0,auto
6450,1434,1490,movement,1,1.0,1,600.0,30,2.0,0.15,4.0,auto
6451,1434,1498,waiting,1,1.0,1,100000.0,30,0.5,0.15,4.0,auto
6452,1435,1500,movement,1,1.0,1,600.0,30,2.0,0.15,4.0,auto
6453,1435,1507,movement,1,1.0,1,600.0,30,2.0,0.15,4.0,auto
6454,1435,1498,movement,1,1.0,1,600.0,30,2.0,0.15,4.0,auto
6455,1435,1491,movement,1,1.0,1,600.0,30,2.0,0.15,4.0,auto
6456,1435,1499,waiting,1,1.0,1,100000.0,30,0.5,0.15,4.0,auto
6457,1436,1501,movement,1,1.0,1,600.0,30,2.0,0.15,4.0,auto
6458,1436,1508,movement,1,1.0,1,600.0,30,2.0,0.15,4.0,auto
6459,1436,1499,movement,1,1.0,1,600.0,30,2.0,0.15,4.0,auto
6460,1436,1492,movement,1,1.0,1,600.0,30,2.0,0.15,4.0,auto
6461,1436,1500,waiting,1,1.0,1,100000.0,30,0.5,0.15,4.0,auto
6462,1437,1502,movement,1,1.0,1,600.0,30,2.0,0.15,4.0,auto
6463,1437,1509,movement,1,1.0,1,600.0,30,2.0,0.15,4.0,auto
6464,1437,1500,movement,1,1.0,1,600.0,30,2.0,0.15,4.0,auto
6465,1437,1493,movement,1,1.0,1,600.0,30,2.0,0.15,4.0,auto
6466,1437,1501,waiting,1,1.0,1,100000.0,30,0.5,0.15,4.0,auto
6467,1438,1503,movement,1,1.0,1,600.0,30,2.0,0.15,4.0,auto
6468,1438,1510,movement,1,1.0,1,600.0,30,2.0,0.15,4.0,auto
6469,1438,1501,movement,1,1.0,1,600.0,30,2.0,0.15,4.0,auto
6470,1438,1494,movement,1,1.0,1,600.0,30,2.0,0.15,4.0,auto
6471,1438,1502,waiting,1,1.0,1,100000.0,30,0.5,0.15,4.0,auto
6472,1439,1504,movement,1,1.0,1,600.0,30,2.0,0.15,4.0,auto
6473,1439,1511,movement,1,1.0,1,600.0,30,2.0,0.15,4.0,auto
6474,1439,1502,movement,1,1.0,1,600.0,30,2.0,0.15,4.0,auto
6475,1439,1495,movement,1,1.0,1,600.0,30,2.0,0.15,4.0,auto
6476,1439,1503,waiting,1,1.0,1,100000.0,30,0.5,0.15,4.0,auto
6477,1440,1512,movement,1,1.0,1,600.0,30,2.0,0.15,4.0,auto
6478,1440,1503,movement,1,1.0,1,600.0,30,2.0,0.15,4.0,auto
6479,1440,1496,movement,1,1.0,1,600.0,30,2.0,0.15,4.0,auto
6480,1440,1504,waiting,1,1.0,1,100000.0,30,0.5,0.15,4.0,auto
6481,1441,1506,movement,1,1.0,1,600.0,30,2.0,0.15,4.0,auto
6482,1441,1513,movement,1,1.0,1,600.0,30,2.0,0.15,4.0,auto
6483,1441,1497,movement,1,1.0,1,600.0,30,2.0,0.15,4.0,auto
6484,1441,1505,waiting,1,1.0,1,100000.0,30,0.5,0.15,4.0,auto
6485,1442,1507,movement,1,1.0,1,600.0,30,2.0,0.15,4.0,auto
6486,1442,1514,movement,1,1.0,1,600.0,30,2.0,0.15,4.0,auto
6487,1442,1505,movement,1,1.0,1,600.0,30,2.0,0.15,4.0,auto
6488,1442,1498,movement,1,1.0,1,600.0,30,2.0,0.15,4.0,auto
6489,1442,1506,waiting,1,1.0,1,100000.0,30,0.5,0.15,4.0,auto
6490,1443,1508,movement,1,1.0,1,600.0,30,2.0,0.15,4.0,auto
6491,1443,1515,movement,1,1.0,1,600.0,30,2.0,0.15,4.0,auto
6492,1443,1506,movement,1,1.0,1,600.0,30,2.0,0.15,4.0,auto
6493,1443,1499,movement,1,1.0,1,600.0,30,2.0,0.15,4.0,auto
6494,1443,1507,waiting,1,1.0,1,100000.0,30,0.5,0.15,4.0,auto
6495,1444,1509,movement,1,1.0,1,600.0,30,2.0,0.15,4.0,auto
6496,1444,1516,movement,1,1.0,1,600.0,30,2.0,0.15,4.0,auto
6497,1444,1507,movement,1,1.0,1,600.0,30,2.0,0.15,4.0,auto
6498,1444,1500,movement,1,1.0,1,600.0,30,2.0,0.15,4.0,auto
6499,1444,1508,waiting,1,1.0,1,100000.0,30,0.5,0.15,4.0,auto
6500,1445,1510,movement,1,1.0,1,600.0,30,2.0,0.15,4.0,auto
6501,1445,1517,movement,1,1.0,1,600.0,30,2.0,0.15,4.0,auto
6502,1445,1508,movement,1,1.0,1,600.0,30,2.0,0.15,4.0,auto
6503,1445,1501,movement,1,1.0,1,600.0,30,2.0,0.15,4.0,auto
6504,1445,1509,waiting,1,1.0,1,100000.0,30,0.5,0.15,4.0,auto
6505,1446,1511,movement,1,1.0,1,600.0,30,2.0,0.15,4.0,auto
6506,1446,1518,movement,1,1.0,1,600.0,30,2.0,0.15,4.0,auto
6507,1446,1509,movement,1,1.0,1,600.0,30,2.0,0.15,4.0,auto
6508,1446,1502,movement,1,1.0,1,600.0,30,2.0,0.15,4.0,auto
6509,1446,1510,waiting,1,1.0,1,100000.0,30,0.5,0.15,4.0,auto
6510,1447,1512,movement,1,1.0,1,600.0,30,2.0,0.15,4.0,auto
6511,1447,1519,movement,1,1.0,1,600.0,30,2.0,0.15,4.0,auto
6512,1447,1510,movement,1,1.0,1,600.0,30,2.0,0.15,4.0,auto
6513,1447,1503,movement,1,1.0,1,600.0,30,2.0,0.15,4.0,auto
6514,1447,1511,waiting,1,1.0,1,100000.0,30,0.5,0.15,4.0,auto
6515,1448,1520,movement,1,1.0,1,600.0,30,2.0,0.15,4.0,auto
6516,1448,1511,movement,1,1.0,1,600.0,30,2.0,0.15,4.0,auto
6517,1448,1504,movement,1,1.0,1,600.0,30,2.0,0.15,4.0,auto
6518,1448,1512,waiting,1,1.0,1,100000.0,30,0.5,0.15,4.0,auto
6519,1449,1514,movement,1,1.0,1,600.0,30,2.0,0.15,4.0,auto
6520,1449,1521,movement,1,1.0,1,600.0,30,2.0,0.15,4.0,auto
6521,1449,1505,movement,1,1.0,1,600.0,30,2.0,0.15,4.0,auto
6522,1449,1513,waiting,1,1.0,1,100000.0,30,0.5,0.15,4.0,auto
6523,1450,1515,movement,1,1.0,1,600.0,30,2.0,0.15,4.0,auto
6524,1450,1522,movement,1,1.0,1,600.0,30,2.0,0.15,4.0,auto
6525,1450,1513,movement,1,1.0,1,600.0,30,2.0,0.15,4.0,auto
6526,1450,1506,movement,1,1.0,1,600.0,30,2.0,0.15,4.0,auto
6527,1450,1514,waiting,1,1.0,1,100000.0,30,0.5,0.15,4.0,auto
6528,1451,1516,movement,1,1.0,1,600.0,30,2.0,0.15,4.0,auto
6529,1451,1523,movement,1,1.0,1,600.0,30,2.0,0.15,4.0,auto
6530,1451,1514,movement,1,1.0,1,600.0,30,2.0,0.15,4.0,auto
6531,1451,1507,movement,1,1.0,1,600.0,30,2.0,0.15,4.0,auto
6532,1451,1515,waiting,1,1.0,1,100000.0,30,0.5,0.15,4.0,auto
6533,1452,1517,movement,1,1.0,1,600.0,30,2.0,0.15,4.0,auto
6534,1452,1524,movement,1,1.0,1,600.0,30,2.0,0.15,4.0,auto
6535,1452,1515,movement,1,1.0,1,600.0,30,2.0,0.15,4.0,auto
6536,1452,1508,movement,1,1.0,1,600.0,30,2.0,0.15,4.0,auto
6537,1452,1516,waiting,1,1.0,1,100000.0,30,0.5,0.15,4.0,auto
6538,1453,1518,movement,1,1.0,1,600.0,30,2.0,0.15,4.0,auto
6539,1453,1525,movement,1,1.0,1,600.0,30,2.0,0.15,4.0,auto
6540,1453,1516,movement,1,1.0,1,600.0,30,2.0,0.15,4.0,auto
6541,1453,1509,movement,1,1.0,1,600.0,30,2.0,0.15,4.0,auto
6542,1453,1517,waiting,1,1.0,1,100000.0,30,0.5,0.15,4.0,auto
6543,1454,1519,movement,1,1.0,1,600.0,30,2.0,0.15,4.0,auto
6544,1454,1526,movement,1,1.0,1,600.0,30,2.0,0.15,4.0,auto
6545,1454,1517,movement,1,1.0,1,600.0,30,2.0,0.15,4.0,auto
6546,1454,1510,movement,1,1.0,1,600.0,30,2.0,0.15,4.0,auto
6547,1454,1518,waiting,1,1.0,1,100000.0,30,0.5,0.15,4.0,auto
6548,1455,1520,movement,1,1.0,1,600.0,30,2.0,0.15,4.0,auto
6549,1455,1527,movement,1,1.0,1,600.0,30,2.0,0.15,4.0,auto
6550,1455,1518,movement,1,1.0,1,600.0,30,2.0,0.15,4.0,auto
6551,1455,1511,movement,1,1.0,1,600.0,30,2.0,0.15,4.0,auto
6552,1455,1519,waiting,1,1.0,1,100000.0,30,0.5,0.15,4.0,auto
6553,1456,1528,movement,1,1.0,1,600.0,30,2.0,0.15,4.0,auto
6554,1456,1519,movement,1,1.0,1,600.0,30,2.0,0.15,4.0,auto
6555,1456,1512,movement,1,1.0,1,600.0,30,2.0,0.15,4.0,auto
6556,1456,1520,waiting,1,1.0,1,100000.0,30,0.5,0.15,4.0,auto
6557,1457,1522,movement,1,1.0,1,600.0,30,2.0,0.15,4.0,auto
6558,1457,1529,movement,1,1.0,1,600.0,30,2.0,0.15,4.0,auto
6559,1457,1513,movement,1,1.0,1,600.0,30,2.0,0.15,4.0,auto
6560,1457,1521,waiting,1,1.0,1,100000.0,30,0.5,0.15,4.0,auto
6561,1458,1523,movement,1,1.0,1,600.0,30,2.0,0.15,4.0,auto
6562,1458,1530,movement,1,1.0,1,600.0,30,2.0,0.15,4.0,auto
6563,1458,1521,movement,1,1.0,1,600.0,30,2.0,0.15,4.0,auto
6564,1458,1514,movement,1,1.0,1,600.0,30,2.0,0.15,4.0,auto
6565,1458,1522,waiting,1,1.0,1,100000.0,30,0.5,0.15,4.0,auto
6566,1459,1524,movement,1,1.0,1,600.0,30,2.0,0.15,4.0,auto
6567,1459,1531,movement,1,1.0,1,600.0,30,2.0,0.15,4.0,auto
6568,1459,1522,movement,1,1.0,1,600.0,30,2.0,0.15,4.0,auto
6569,1459,1515,movement,1,1.0,1,600.0,30,2.0,0.15,4.0,auto
6570,1459,1523,waiting,1,1.0,1,100000.0,30,0.5,0.15,4.0,auto
6571,1460,1525,movement,1,1.0,1,600.0,30,2.0,0.15,4.0,auto
6572,1460,1532,movement,1,1.0,1,600.0,30,2.0,0.15,4.0,auto
6573,1460,1523,movement,1,1.0,1,600.0,30,2.0,0.15,4.0,auto
6574,1460,1516,movement,1,1.0,1,600.0,30,2.0,0.15,4.0,auto
6575,1460,1524,waiting,1,1.0,1,100000.0,30,0.5,0.15,4.0,auto
6576,1461,1526,movement,1,1.0,1,600.0,30,2.0,0.15,4.0,auto
6577,1461,1533,movement,1,1.0,1,600.0,30,2.0,0.15,4.0,auto
6578,1461,1524,movement,1,1.0,1,600.0,30,2.0,0.15,4.0,auto
6579,1461,1517,movement,1,1.0,1,600.0,30,2.0,0.15,4.0,auto
6580,1461,1525,waiting,1,1.0,1,100000.0,30,0.5,0.15,4.0,auto
6581,1462,1527,movement,1,1.0,1,600.0,30,2.0,0.15,4.0,auto
6582,1462,1534,movement,1,1.0,1,600.0,30,2.0,0.15,4.0,auto
6583,1462,1525,movement,1,1.0,1,600.0,30,2.0,0.15,4.0,auto
6584,1462,1518,movement,1,1.0,1,600.0,30,2.0,0.15,4.0,auto
6585,1462,1526,waiting,1,1.0,1,100000.0,30,0.5,0.15,4.0,auto
6586,1463,1528,movement,1,1.0,1,600.0,30,2.0,0.15,4.0,auto
6587,1463,1535,movement,1,1.0,1,600.0,30,2.0,0.15,4.0,auto
6588,1463,1526,movement,1,1.0,1,600.0,30,2.0,0.15,4.0,auto
6589,1463,1519,movement,1,1.0,1,600.0,30,2.0,0.15,4.0,auto
6590,1463,1527,waiting,1,1.0,1,100000.0,30,0.5,0.15,4.0,auto
6591,1464,1536,movement,1,1.0,1,600.0,30,2.0,0.15,4.0,auto
6592,1464,1527,movement,1,1.0,1,600.0,30,2.0,0.15,4.0,auto
6593,1464,1520,movement,1,1.0,1,600.0,30,2.0,0.15,4.0,auto
6594,1464,1528,waiting,1,1.0,1,100000.0,30,0.5,0.15,4.0,auto
6595,1465,1530,movement,1,1.0,1,600.0,30,2.0,0.15,4.0,auto
6596,1465,1521,movement,1,1.0,1,600.0,30,2.0,0.15,4.0,auto
6597,1465,1529,waiting,1,1.0,1,100000.0,30,0.5,0.15,4.0,auto
6598,1466,1531,movement,1,1.0,1,600.0,30,2.0,0.15,4.0,auto
6599,1466,1529,movement,1,1.0,1,600.0,30,2.0,0.15,4.0,auto
6600,1466,1522,movement,1,1.0,1,600.0,30,2.0,0.15,4.0,auto
6601,1466,1530,waiting,1,1.0,1,100000.0,30,0.5,0.15,4.0,auto
6602,1467,1532,movement,1,1.0,1,600.0,30,2.0,0.15,4.0,auto
6603,1467,1530,movement,1,1.0,1,600.0,30,2.0,0.15,4.0,auto
6604,1467,1523,movement,1,1.0,1,600.0,30,2.0,0.15,4.0,auto
6605,1467,1531,waiting,1,1.0,1,100000.0,30,0.5,0.15,4.0,auto
6606,1468,1533,movement,1,1.0,1,600.0,30,2.0,0.15,4.0,auto
6607,1468,1531,movement,1,1.0,1,600.0,30,2.0,0.15,4.0,auto
6608,1468,1524,movement,1,1.0,1,600.0,30,2.0,0.15,4.0,auto
6609,1468,1532,waiting,1,1.0,1,100000.0,30,0.5,0.15,4.0,auto
6610,1469,1534,movement,1,1.0,1,600.0,30,2.0,0.15,4.0,auto
6611,1469,1532,movement,1,1.0,1,600.0,30,2.0,0.15,4.0,auto
6612,1469,1525,movement,1,1.0,1,600.0,30,2.0,0.15,4.0,auto
6613,1469,1533,waiting,1,1.0,1,100000.0,30,0.5,0.15,4.0,auto
6614,1470,1535,movement,1,1.0,1,600.0,30,2.0,0.15,4.0,auto
6615,1470,1533,movement,1,1.0,1,600.0,30,2.0,0.15,4.0,auto
6616,1470,1526,movement,1,1.0,1,600.0,30,2.0,0.15,4.0,auto
6617,1470,1534,waiting,1,1.0,1,100000.0,30,0.5,0.15,4.0,auto
6618,1471,1536,movement,1,1.0,1,600.0,30,2.0,0.15,4.0,auto
6619,1471,1534,movement,1,1.0,1,600.0,30,2.0,0.15,4.0,auto
6620,1471,1527,movement,1,1.0,1,600.0,30,2.0,0.15,4.0,auto
6621,1471,1535,waiting,1,1.0,1,100000.0,30,0.5,0.15,4.0,auto
6622,1472,1535,movement,1,1.0,1,600.0,30,2.0,0.15,4.0,auto
6623,1472,1528,movement,1,1.0,1,600.0,30,2.0,0.15,4.0,auto
6624,1472,1536,waiting,1,1.0,1,100000.0,30,0.5,0.15,4.0,auto
6625,1473,1538,movement,1,1.0,1,600.0,30,2.0,0.15,4.0,auto
6626,1473,1545,movement,1,1.0,1,600.0,30,2.0,0.15,4.0,auto
6627,1473,1537,waiting,1,1.0,1,100000.0,30,0.5,0.15,4.0,auto
6628,1474,1539,movement,1,1.0,1,600.0,30,2.0,0.15,4.0,auto
6629,1474,1546,movement,1,1.0,1,600.0,30,2.0,0.15,4.0,auto
6630,1474,1537,movement,1,1.0,1,600.0,30,2.0,0.15,4.0,auto
6631,1474,1538,waiting,1,1.0,1,100000.0,30,0.5,0.15,4.0,auto
6632,1475,1540,movement,1,1.0,1,600.0,30,2.0,0.15,4.0,auto
6633,1475,1547,movement,1,1.0,1,600.0,30,2.0,0.15,4.0,auto
6634,1475,1538,movement,1,1.0,1,600.0,30,2.0,0.15,4.0,auto
6635,1475,1539,waiting,1,1.0,1,100000.0,30,0.5,0.15,4.0,auto
6636,1476,1541,movement,1,1.0,1,600.0,30,2.0,0.15,4.0,auto
6637,1476,1548,movement,1,1.0,1,600.0,30,2.0,0.15,4.0,auto
6638,1476,1539,movement,1,1.0,1,600.0,30,2.0,0.15,4.0,auto
6639,1476,1540,waiting,1,1.0,1,100000.0,30,0.5,0.15,4.0,auto
6640,1477,1542,movement,1,1.0,1,600.0,30,2.0,0.15,4.0,auto
6641,1477,1549,movement,1,1.0,1,600.0,30,2.0,0.15,4.0,auto
6642,1477,1540,movement,1,1.0,1,600.0,30,2.0,0.15,4.0,auto
6643,1477,1541,waiting,1,1.0,1,100000.0,30,0.5,0.15,4.0,auto
6644,1478,1543,movement,1,1.0,1,600.0,30,2.0,0.15,4.0,auto
6645,1478,1550,movement,1,1.0,1,600.0,30,2.0,0.15,4.0,auto
6646,1478,1541,movement,1,1.0,1,600.0,30,2.0,0.15,4.0,auto
6647,1478,1542,waiting,1,1.0,1,100000.0,30,0.5,0.15,4.0,auto
6648,1479,1544,movement,1,1.0,1,600.0,30,2.0,0.15,4.0,auto
6649,1479,1551,movement,1,1.0,1,600.0,30,2.0,0.15,4.0,auto
6650,1479,1542,movement,1,1.0,1,600.0,30,2.0,0.15,4.0,auto
6651,1479,1543,waiting,1,1.0,1,100000.0,30,0.5,0.15,4.0,auto
6652,1480,1552,movement,1,1.0,1,600.0,30,2.0,0.15,4.0,auto
6653,1480,1543,movement,1,1.0,1,600.0,30,2.0,0.15,4.0,auto
6654,1480,1544,waiting,1,1.0,1,100000.0,30,0.5,0.15,4.0,auto
6655,1481,1546,movement,1,1.0,1,600.0,30,2.0,0.15,4.0,auto
6656,1481,1553,movement,1,1.0,1,600.0,30,2.0,0.15,4.0,auto
6657,1481,1537,movement,1,1.0,1,600.0,30,2.0,0.15,4.0,auto
6658,1481,1545,waiting,1,1.0,1,100000.0,30,0.5,0.15,4.0,auto
6659,1482,1547,movement,1,1.0,1,600.0,30,2.0,0.15,4.0,auto
6660,1482,1554,movement,1,1.0,1,600.0,30,2.0,0.15,4.0,auto
6661,1482,1545,movement,1,1.0,1,600.0,30,2.0,0.15,4.0,auto
6662,1482,1538,movement,1,1.0,1,600.0,30,2.0,0.15,4.0,auto
6663,1482,1546,waiting,1,1.0,1,100000.0,30,0.5,0.15,4.0,auto
6664,1483,1548,movement,1,1.0,1,600.0,30,2.0,0.15,4.0,auto
6665,1483,1555,movement,1,1.0,1,600.0,30,2.0,0.15,4.0,auto
6666,1483,1546,movement,1,1.0,1,600.0,30,2.0,0.15,4.0,auto
6667,1483,1539,movement,1,1.0,1,600.0,30,2.0,0.15,4.0,auto
6668,1483,1547,waiting,1,1.0,1,100000.0,30,0.5,0.15,4.0,auto
6669,1484,1549,movement,1,1.0,1,600.0,30,2.0,0.15,4.0,auto
6670,1484,1556,movement,1,1.0,1,600.0,30,2.0,0.15,4.0,auto
6671,1484,1547,movement,1,1.0,1,600.0,30,2.0,0.15,4.0,auto
6672,1484,1540,movement,1,1.0,1,600.0,30,2.0,0.15,4.0,auto
6673,1484,1548,waiting,1,1.0,1,100000.0,30,0.5,0.15,4.0,auto
6674,1485,1550,movement,1,1.0,1,600.0,30,2.0,0.15,4.0,auto
6675,1485,1557,movement,1,1.0,1,600.0,30,2.0,0.15,4.0,auto
6676,1485,1548,movement,1,1.0,1,600.0,30,2.0,0.15,4.0,auto
6677,1485,1541,movement,1,1.0,1,600.0,30,2.0,0.15,4.0,auto
6678,1485,1549,waiting,1,1.0,1,100000.0,30,0.5,0.15,4.0,auto
6679,1486,1551,movement,1,1.0,1,600.0,30,2.0,0.15,4.0,auto
6680,1486,1558,movement,1,1.0,1,600.0,30,2.0,0.15,4.0,auto
6681,1486,1549,movement,1,1.0,1,600.0,30,2.0,0.15,4.0,auto
6682,1486,1542,movement,1,1.0,1,600.0,30,2.0,0.15,4.0,auto
6683,1486,1550,waiting,1,1.0,1,100000.0,30,0.5,0.15,4.0,auto
6684,1487,1552,movement,1,1.0,1,600.0,30,2.0,0.15,4.0,auto
6685,1487,1559,movement,1,1.0,1,600.0,30,2.0,0.15,4.0,auto
6686,1487,1550,movement,1,1.0,1,600.0,30,2.0,0.15,4.0,auto
6687,1487,1543,movement,1,1.0,1,600.0,30,2.0,0.15,4.0,auto
6688,1487,1551,waiting,1,1.0,1,100000.0,30,0.5,0.15,4.0,auto
6689,1488,1560,movement,1,1.0,1,600.0,30,2.0,0.15,4.0,auto
6690,1488,1551,movement,1,1.0,1,600.0,30,2.0,0.15,4.0,auto
6691,1488,1544,movement,1,1.0,1,600.0,30,2.0,0.15,4.0,auto
6692,1488,1552,waiting,1,1.0,1,100000.0,30,0.5,0.15,4.0,auto
6693,1489,1554,movement,1,1.0,1,600.0,30,2.0,0.15,4.0,auto
6694,1489,1561,movement,1,1.0,1,600.0,30,2.0,0.15,4.0,auto
6695,1489,1545,movement,1,1.0,1,600.0,30,2.0,0.15,4.0,auto
6696,1489,1553,waiting,1,1.0,1,100000.0,30,0.5,0.15,4.0,auto
6697,1490,1555,movement,1,1.0,1,600.0,30,2.0,0.15,4.0,auto
6698,1490,1562,movement,1,1.0,1,600.0,30,2.0,0.15,4.0,auto
6699,1490,1553,movement,1,1.0,1,600.0,30,2.0,0.15,4.0,auto
6700,1490,1546,movement,1,1.0,1,600.0,30,2.0,0.15,4.0,auto
6701,1490,1554,waiting,1,1.0,1,100000.0,30,0.5,0.15,4.0,auto
6702,1491,1556,movement,1,1.0,1,600.0,30,2.0,0.15,4.0,auto
6703,1491,1563,movement,1,1.0,1,600.0,30,2.0,0.15,4.0,auto
6704,1491,1554,movement,1,1.0,1,600.0,30,2.0,0.15,4.0,auto
6705,1491,1547,movement,1,1.0,1,600.0,30,2.0,0.15,4.0,auto
6706,1491,1555,waiting,1,1.0,1,100000.0,30,0.5,0.15,4.0,auto
6707,1492,1557,movement,1,1.0,1,600.0,30,2.0,0.15,4.0,auto
6708,1492,1564,movement,1,1.0,1,600.0,30,2.0,0.15,4.0,auto
6709,1492,1555,movement,1,1.0,1,600.0,30,2.0,0.15,4.0,auto
6710,1492,1548,movement,1,1.0,1,600.0,30,2.0,0.15,4.0,auto
6711,1492,1556,waiting,1,1.0,1,100000.0,30,0.5,0.15,4.0,auto
6712,1493,1558,movement,1,1.0,1,600.0,30,2.0,0.15,4.0,auto
6713,1493,1565,movement,1,1.0,1,600.0,30,2.0,0.15,4.0,auto
6714,1493,1556,movement,1,1.0,1,600.0,30,2.0,0.15,4.0,auto
6715,1493,1549,movement,1,1.0,1,600.0,30,2.0,0.15,4.0,auto
6716,1493,1557,waiting,1,1.0,1,100000.0,30,0.5,0.15,4.0,auto
6717,1494,1559,movement,1,1.0,1,600.0,30,2.0,0.15,4.0,auto
6718,1494,1566,movement,1,1.0,1,600.0,30,2.0,0.15,4.0,auto
6719,1494,1557,movement,1,1.0,1,600.0,30,2.0,0.15,4.0,auto
6720,1494,1550,movement,1,1.0,1,600.0,30,2.0,0.15,4.0,auto
6721,1494,1558,waiting,1,1.0,1,100000.0,30,0.5,0.15,4.0,auto
6722,1495,1560,movement,1,1.0,1,600.0,30,2.0,0.15,4.0,auto
6723,1495,1567,movement,1,1.0,1,600.0,30,2.0,0.15,4.0,auto
6724,1495,1558,movement,1,1.0,1,600.0,30,2.0,0.15,4.0,auto
6725,1495,1551,movement,1,1.0,1,600.0,30,2.0,0.15,4.0,auto
6726,1495,1559,waiting,1,1.0,1,100000.0,30,0.5,0.15,4.0,auto
6727,1496,1568,movement,1,1.0,1,600.0,30,2.0,0.15,4.0,auto
6728,1496,1559,movement,1,1.0,1,600.0,30,2.0,0.15,4.0,auto
6729,1496,1552,movement,1,1.0,1,600.0,30,2.0,0.15,4.0,auto
6730,1496,1560,waiting,1,1.0,1,100000.0,30,0.5,0.15,4.0,auto
6731,1497,1562,movement,1,1.0,1,600.0,30,2.0,0.15,4.0,auto
6732,1497,1569,movement,1,1.0,1,600.0,30,2.0,0.15,4.0,auto
6733,1497,1553,movement,1,1.0,1,600.0,30,2.0,0.15,4.0,auto
6734,1497,1561,waiting,1,1.0,1,100000.0,30,0.5,0.15,4.0,auto
6735,1498,1563,movement,1,1.0,1,600.0,30,2.0,0.15,4.0,auto
6736,1498,1570,movement,1,1.0,1,600.0,30,2.0,0.15,4.0,auto
6737,1498,1561,movement,1,1.0,1,600.0,30,2.0,0.15,4.0,auto
6738,1498,1554,movement,1,1.0,1,600.0,30,2.0,0.15,4.0,auto
6739,1498,1562,waiting,1,1.0,1,100000.0,30,0.5,0.15,4.0,auto
6740,1499,1564,movement,1,1.0,1,600.0,30,2.0,0.15,4.0,auto
6741,1499,1571,movement,1,1.0,1,600.0,30,2.0,0.15,4.0,auto
6742,1499,1562,movement,1,1.0,1,600.0,30,2.0,0.15,4.0,auto
6743,1499,1555,movement,1,1.0,1,600.0,30,2.0,0.15,4.0,auto
6744,1499,1563,waiting,1,1.0,1,100000.0,30,0.5,0.15,4.0,auto
6745,1500,1565,movement,1,1.0,1,600.0,30,2.0,0.15,4.0,auto
6746,1500,1572,movement,1,1.0,1,600.0,30,2.0,0.15,4.0,auto
6747,1500,1563,movement,1,1.0,1,600.0,30,2.0,0.15,4.0,auto
6748,1500,1556,movement,1,1.0,1,600.0,30,2.0,0.15,4.0,auto
6749,1500,1564,waiting,1,1.0,1,100000.0,30,0.5,0.15,4.0,auto
6750,1501,1566,movement,1,1.0,1,600.0,30,2.0,0.15,4.0,auto
6751,1501,1573,movement,1,1.0,1,600.0,30,2.0,0.15,4.0,auto
6752,1501,1564,movement,1,1.0,1,600.0,30,2.0,0.15,4.0,auto
6753,1501,1557,movement,1,1.0,1,600.0,30,2.0,0.15,4.0,auto
6754,1501,1565,waiting,1,1.0,1,100000.0,30,0.5,0.15,4.0,auto
6755,1502,1567,movement,1,1.0,1,600.0,30,2.0,0.15,4.0,auto
6756,1502,1574,movement,1,1.0,1,600.0,30,2.0,0.15,4.0,auto
6757,1502,1565,movement,1,1.0,1,600.0,30,2.0,0.15,4.0,auto
6758,1502,1558,movement,1,1.0,1,600.0,30,2.0,0.15,4.0,auto
6759,1502,1566,waiting,1,1.0,1,100000.0,30,0.5,0.15,4.0,auto
6760,1503,1568,movement,1,1.0,1,600.0,30,2.0,0.15,4.0,auto
6761,1503,1575,movement,1,1.0,1,600.0,30,2.0,0.15,4.0,auto
6762,1503,1566,movement,1,1.0,1,600.0,30,2.0,0.15,4.0,auto
6763,1503,1559,movement,1,1.0,1,600.0,30,2.0,0.15,4.0,auto
6764,1503,1567,waiting,1,1.0,1,100000.0,30,0.5,0.15,4.0,auto
6765,1504,1576,movement,1,1.0,1,600.0,30,2.0,0.15,4.0,auto
6766,1504,1567,movement,1,1.0,1,600.0,30,2.0,0.15,4.0,auto
6767,1504,1560,movement,1,1.0,1,600.0,30,2.0,0.15,4.0,auto
6768,1504,1568,waiting,1,1.0,1,100000.0,30,0.5,0.15,4.0,auto
6769,1505,1570,movement,1,1.0,1,600.0,30,2.0,0.15,4.0,auto
6770,1505,1577,movement,1,1.0,1,600.0,30,2.0,0.15,4.0,auto
6771,1505,1561,movement,1,1.0,1,600.0,30,2.0,0.15,4.0,auto
6772,1505,1569,waiting,1,1.0,1,100000.0,30,0.5,0.15,4.0,auto
6773,1506,1571,movement,1,1.0,1,600.0,30,2.0,0.15,4.0,auto
6774,1506,1578,movement,1,1.0,1,600.0,30,2.0,0.15,4.0,auto
6775,1506,1569,movement,1,1.0,1,600.0,30,2.0,0.15,4.0,auto
6776,1506,1562,movement,1,1.0,1,600.0,30,2.0,0.15,4.0,auto
6777,1506,1570,waiting,1,1.0,1,100000.0,30,0.5,0.15,4.0,auto
6778,1507,1572,movement,1,1.0,1,600.0,30,2.0,0.15,4.0,auto
6779,1507,1579,movement,1,1.0,1,600.0,30,2.0,0.15,4.0,auto
6780,1507,1570,movement,1,1.0,1,600.0,30,2.0,0.15,4.0,auto
6781,1507,1563,movement,1,1.0,1,600.0,30,2.0,0.15,4.0,auto
6782,1507,1571,waiting,1,1.0,1,100000.0,30,0.5,0.15,4.0,auto
6783,1508,1573,movement,1,1.0,1,600.0,30,2.0,0.15,4.0,auto
6784,1508,1580,movement,1,1.0,1,600.0,30,2.0,0.15,4.0,auto
6785,1508,1571,movement,1,1.0,1,600.0,30,2.0,0.15,4.0,auto
6786,1508,1564,movement,1,1.0,1,600.0,30,2.0,0.15,4.0,auto
6787,1508,1572,waiting,1,1.0,1,100000.0,30,0.5,0.15,4.0,auto
6788,1509,1574,movement,1,1.0,1,600.0,30,2.0,0.15,4.0,auto
6789,1509,1581,movement,1,1.0,1,600.0,30,2.0,0.15,4.0,auto
6790,1509,1572,movement,1,1.0,1,600.0,30,2.0,0.15,4.0,auto
6791,1509,1565,movement,1,1.0,1,600.0,30,2.0,0.15,4.0,auto
6792,1509,1573,waiting,1,1.0,1,100000.0,30,0.5,0.15,4.0,auto
6793,1510,1575,movement,1,1.0,1,600.0,30,2.0,0.15,4.0,auto
6794,1510,1582,movement,1,1.0,1,600.0,30,2.0,0.15,4.0,auto
6795,1510,1573,movement,1,1.0,1,600.0,30,2.0,0.15,4.0,auto
6796,1510,1566,movement,1,1.0,1,600.0,30,2.0,0.15,4.0,auto
6797,1510,1574,waiting,1,1.0,1,100000.0,30,0.5,0.15,4.0,auto
6798,1511,1576,movement,1,1.0,1,600.0,30,2.0,0.15,4.0,auto
6799,1511,1583,movement,1,1.0,1,600.0,30,2.0,0.15,4.0,auto
6800,1511,1574,movement,1,1.0,1,600.0,30,2.0,0.15,4.0,auto
6801,1511,1567,movement,1,1.0,1,600.0,30,2.0,0.15,4.0,auto
6802,1511,1575,waiting,1,1.0,1,100000.0,30,0.5,0.15,4.0,auto
6803,1512,1584,movement,1,1.0,1,600.0,30,2.0,0.15,4.0,auto
6804,1512,1575,movement,1,1.0,1,600.0,30,2.0,0.15,4.0,auto
6805,1512,1568,movement,1,1.0,1,600.0,30,2.0,0.15,4.0,auto
6806,1512,1576,waiting,1,1.0,1,100000.0,30,0.5,0.15,4.0,auto
6807,1513,1578,movement,1,1.0,1,600.0,30,2.0,0.15,4.0,auto
6808,1513,1585,movement,1,1.0,1,600.0,30,2.0,0.15,4.0,auto
6809,1513,1569,movement,1,1.0,1,600.0,30,2.0,0.15,4.0,auto
6810,1513,1577,waiting,1,1.0,1,100000.0,30,0.5,0.15,4.0,auto
6811,1514,1579,movement,1,1.0,1,600.0,30,2.0,0.15,4.0,auto
6812,1514,1586,movement,1,1.0,1,600.0,30,2.0,0.15,4.0,auto
6813,1514,1577,movement,1,1.0,1,600.0,30,2.0,0.15,4.0,auto
6814,1514,1570,movement,1,1.0,1,600.0,30,2.0,0.15,4.0,auto
6815,1514,1578,waiting,1,1.0,1,100000.0,30,0.5,0.15,4.0,auto
6816,1515,1580,movement,1,1.0,1,600.0,30,2.0,0.15,4.0,auto
6817,1515,1587,movement,1,1.0,1,600.0,30,2.0,0.15,4.0,auto
6818,1515,1578,movement,1,1.0,1,600.0,30,2.0,0.15,4.0,auto
6819,1515,1571,movement,1,1.0,1,600.0,30,2.0,0.15,4.0,auto
6820,1515,1579,waiting,1,1.0,1,100000.0,30,0.5,0.15,4.0,auto
6821,1516,1581,movement,1,1.0,1,600.0,30,2.0,0.15,4.0,auto
6822,1516,1588,movement,1,1.0,1,600.0,30,2.0,0.15,4.0,auto
6823,1516,1579,movement,1,1.0,1,600.0,30,2.0,0.15,4.0,auto
6824,1516,1572,movement,1,1.0,1,600.0,30,2.0,0.15,4.0,auto
6825,1516,1580,waiting,1,1.0,1,100000.0,30,0.5,0.15,4.0,auto
6826,1517,1582,movement,1,1.0,1,600.0,30,2.0,0.15,4.0,auto
6827,1517,1589,movement,1,1.0,1,600.0,30,2.0,0.15,4.0,auto
6828,1517,1580,movement,1,1.0,1,600.0,30,2.0,0.15,4.0,auto
6829,1517,1573,movement,1,1.0,1,600.0,30,2.0,0.15,4.0,auto
6830,1517,1581,waiting,1,1.0,1,100000.0,30,0.5,0.15,4.0,auto
6831,1518,1583,movement,1,1.0,1,600.0,30,2.0,0.15,4.0,auto
6832,1518,1590,movement,1,1.0,1,600.0,30,2.0,0.15,4.0,auto
6833,1518,1581,movement,1,1.0,1,600.0,30,2.0,0.15,4.0,auto
6834,1518,1574,movement,1,1.0,1,600.0,30,2.0,0.15,4.0,auto
6835,1518,1582,waiting,1,1.0,1,100000.0,30,0.5,0.15,4.0,auto
6836,1519,1584,movement,1,1.0,1,600.0,30,2.0,0.15,4.0,auto
6837,1519,1591,movement,1,1.0,1,600.0,30,2.0,0.15,4.0,auto
6838,1519,1582,movement,1,1.0,1,600.0,30,2.0,0.15,4.0,auto
6839,1519,1575,movement,1,1.0,1,600.0,30,2.0,0.15,4.0,auto
6840,1519,1583,waiting,1,1.0,1,100000.0,30,0.5,0.15,4.0,auto
6841,1520,1592,movement,1,1.0,1,600.0,30,2.0,0.15,4.0,auto
6842,1520,1583,movement,1,1.0,1,600.0,30,2.0,0.15,4.0,auto
6843,1520,1576,movement,1,1.0,1,600.0,30,2.0,0.15,4.0,auto
6844,1520,1584,waiting,1,1.0,1,100000.0,30,0.5,0.15,4.0,auto
6845,1521,1586,movement,1,1.0,1,600.0,30,2.0,0.15,4.0,auto
6846,1521,1593,movement,1,1.0,1,600.0,30,2.0,0.15,4.0,auto
6847,1521,1577,movement,1,1.0,1,600.0,30,2.0,0.15,4.0,auto
6848,1521,1585,waiting,1,1.0,1,100000.0,30,0.5,0.15,4.0,auto
6849,1522,1587,movement,1,1.0,1,600.0,30,2.0,0.15,4.0,auto
6850,1522,1594,movement,1,1.0,1,600.0,30,2.0,0.15,4.0,auto
6851,1522,1585,movement,1,1.0,1,600.0,30,2.0,0.15,4.0,auto
6852,1522,1578,movement,1,1.0,1,600.0,30,2.0,0.15,4.0,auto
6853,1522,1586,waiting,1,1.0,1,100000.0,30,0.5,0.15,4.0,auto
6854,1523,1588,movement,1,1.0,1,600.0,30,2.0,0.15,4.0,auto
6855,1523,1595,movement,1,1.0,1,600.0,30,2.0,0.15,4.0,auto
6856,1523,1586,movement,1,1.0,1,600.0,30,2.0,0.15,4.0,auto
6857,1523,1579,movement,1,1.0,1,600.0,30,2.0,0.15,4.0,auto
6858,1523,1587,waiting,1,1.0,1,100000.0,30,0.5,0.15,4.0,auto
6859,1524,1589,movement,1,1.0,1,600.0,30,2.0,0.15,4.0,auto
6860,1524,1596,movement,1,1.0,1,600.0,30,2.0,0.15,4.0,auto
6861,1524,1587,movement,1,1.0,1,600.0,30,2.0,0.15,4.0,auto
6862,1524,1580,movement,1,1.0,1,600.0,30,2.0,0.15,4.0,auto
6863,1524,1588,waiting,1,1.0,1,100000.0,30,0.5,0.15,4.0,auto
6864,1525,1590,movement,1,1.0,1,600.0,30,2.0,0.15,4.0,auto
6865,1525,1597,movement,1,1.0,1,600.0,30,2.0,0.15,4.0,auto
6866,1525,1588,movement,1,1.0,1,600.0,30,2.0,0.15,4.0,auto
6867,1525,1581,movement,1,1.0,1,600.0,30,2.0,0.15,4.0,auto
6868,1525,1589,waiting,1,1.0,1,100000.0,30,0.5,0.15,4.0,auto
6869,1526,1591,movement,1,1.0,1,600.0,30,2.0,0.15,4.0,auto
6870,1526,1598,movement,1,1.0,1,600.0,30,2.0,0.15,4.0,auto
6871,1526,1589,movement,1,1.0,1,600.0,30,2.0,0.15,4.0,auto
6872,1526,1582,movement,1,1.0,1,600.0,30,2.0,0.15,4.0,auto
6873,1526,1590,waiting,1,1.0,1,100000.0,30,0.5,0.15,4.0,auto
6874,1527,1592,movement,1,1.0,1,600.0,30,2.0,0.15,4.0,auto
6875,1527,1599,movement,1,1.0,1,600.0,30,2.0,0.15,4.0,auto
6876,1527,1590,movement,1,1.0,1,600.0,30,2.0,0.15,4.0,auto
6877,1527,1583,movement,1,1.0,1,600.0,30,2.0,0.15,4.0,auto
6878,1527,1591,waiting,1,1.0,1,100000.0,30,0.5,0.15,4.0,auto
6879,1528,1600,movement,1,1.0,1,600.0,30,2.0,0.15,4.0,auto
6880,1528,1591,movement,1,1.0,1,600.0,30,2.0,0.15,4.0,auto
6881,1528,1584,movement,1,1.0,1,600.0,30,2.0,0.15,4.0,auto
6882,1528,1592,waiting,1,1.0,1,100000.0,30,0.5,0.15,4.0,auto
6883,1529,1594,movement,1,1.0,1,600.0,30,2.0,0.15,4.0,auto
6884,1529,1585,movement,1,1.0,1,600.0,30,2.0,0.15,4.0,auto
6885,1529,1593,waiting,1,1.0,1,100000.0,30,0.5,0.15,4.0,auto
6886,1530,1595,movement,1,1.0,1,600.0,30,2.0,0.15,4.0,auto
6887,1530,1593,movement,1,1.0,1,600.0,30,2.0,0.15,4.0,auto
6888,1530,1586,movement,1,1.0,1,600.0,30,2.0,0.15,4.0,auto
6889,1530,1594,waiting,1,1.0,1,100000.0,30,0.5,0.15,4.0,auto
6890,1531,1596,movement,1,1.0,1,600.0,30,2.0,0.15,4.0,auto
6891,1531,1594,movement,1,1.0,1,600.0,30,2.0,0.15,4.0,auto
6892,1531,1587,movement,1,1.0,1,600.0,30,2.0,0.15,4.0,auto
6893,1531,1595,waiting,1,1.0,1,100000.0,30,0.5,0.15,4.0,auto
6894,1532,1597,movement,1,1.0,1,600.0,30,2.0,0.15,4.0,auto
6895,1532,1595,movement,1,1.0,1,600.0,30,2.0,0.15,4.0,auto
6896,1532,1588,movement,1,1.0,1,600.0,30,2.0,0.15,4.0,auto
6897,1532,1596,waiting,1,1.0,1,100000.0,30,0.5,0.15,4.0,auto
6898,1533,1598,movement,1,1.0,1,600.0,30,2.0,0.15,4.0,auto
6899,1533,1596,movement,1,1.0,1,600.0,30,2.0,0.15,4.0,auto
6900,1533,1589,movement,1,1.0,1,600.0,30,2.0,0.15,4.0,auto
6901,1533,1597,waiting,1,1.0,1,100000.0,30,0.5,0.15,4.0,auto
6902,1534,1599,movement,1,1.0,1,600.0,30,2.0,0.15,4.0,auto
6903,1534,1597,movement,1,1.0,1,600.0,30,2.0,0.15,4.0,auto
6904,1534,1590,movement,1,1.0,1,600.0,30,2.0,0.15,4.0,auto
6905,1534,1598,waiting,1,1.0,1,100000.0,30,0.5,0.15,4.0,auto
6906,1535,1600,movement,1,1.0,1,600.0,30,2.0,0.15,4.0,auto
6907,1535,1598,movement,1,1.0,1,600.0,30,2.0,0.15,4.0,auto
6908,1535,1591,movement,1,1.0,1,600.0,30,2.0,0.15,4.0,auto
6909,1535,1599,waiting,1,1.0,1,100000.0,30,0.5,0.15,4.0,auto
6910,1536,1599,movement,1,1.0,1,600.0,30,2.0,0.15,4.0,auto
6911,1536,1592,movement,1,1.0,1,600.0,30,2.0,0.15,4.0,auto
6912,1536,1600,waiting,1,1.0,1,100000.0,30,0.5,0.15,4.0,auto
6913,1537,1602,movement,1,1.0,1,600.0,30,2.0,0.15,4.0,auto
6914,1537,1609,movement,1,1.0,1,600.0,30,2.0,0.15,4.0,auto
6915,1537,1601,waiting,1,1.0,1,100000.0,30,0.5,0.15,4.0,auto
6916,1538,1603,movement,1,1.0,1,600.0,30,2.0,0.15,4.0,auto
6917,1538,1610,movement,1,1.0,1,600.0,30,2.0,0.15,4.0,auto
6918,1538,1601,movement,1,1.0,1,600.0,30,2.0,0.15,4.0,auto
6919,1538,1602,waiting,1,1.0,1,100000.0,30,0.5,0.15,4.0,auto
6920,1539,1604,movement,1,1.0,1,600.0,30,2.0,0.15,4.0,auto
6921,1539,1611,movement,1,1.0,1,600.0,30,2.0,0.15,4.0,auto
6922,1539,1602,movement,1,1.0,1,600.0,30,2.0,0.15,4.0,auto
6923,1539,1603,waiting,1,1.0,1,100000.0,30,0.5,0.15,4.0,auto
6924,1540,1605,movement,1,1.0,1,600.0,30,2.0,0.15,4.0,auto
6925,1540,1612,movement,1,1.0,1,600.0,30,2.0,0.15,4.0,auto
6926,1540,1603,movement,1,1.0,1,600.0,30,2.0,0.15,4.0,auto
6927,1540,1604,waiting,1,1.0,1,100000.0,30,0.5,0.15,4.0,auto
6928,1541,1606,movement,1,1.0,1,600.0,30,2.0,0.15,4.0,auto
6929,1541,1613,movement,1,1.0,1,600.0,30,2.0,0.15,4.0,auto
6930,1541,1604,movement,1,1.0,1,600.0,30,2.0,0.15,4.0,auto
6931,1541,1605,waiting,1,1.0,1,100000.0,30,0.5,0.15,4.0,auto
6932,1542,1607,movement,1,1.0,1,600.0,30,2.0,0.15,4.0,auto
6933,1542,1614,movement,1,1.0,1,600.0,30,2.0,0.15,4.0,auto
6934,1542,1605,movement,1,1.0,1,600.0,30,2.0,0.15,4.0,auto
6935,1542,1606,waiting,1,1.0,1,100000.0,30,0.5,0.15,4.0,auto
6936,1543,1608,movement,1,1.0,1,600.0,30,2.0,0.15,4.0,auto
6937,1543,1615,movement,1,1.0,1,600.0,30,2.0,0.15,4.0,auto
6938,1543,1606,movement,1,1.0,1,600.0,30,2.0,0.15,4.0,auto
6939,1543,1607,waiting,1,1.0,1,100000.0,30,0.5,0.15,4.0,auto
6940,1544,1616,movement,1,1.0,1,600.0,30,2.0,0.15,4.0,auto
6941,1544,1607,movement,1,1.0,1,600.0,30,2.0,0.15,4.0,auto
6942,1544,1608,waiting,1,1.0,1,100000.0,30,0.5,0.15,4.0,auto
6943,1545,1610,movement,1,1.0,1,600.0,30,2.0,0.15,4.0,auto
6944,1545,1617,movement,1,1.0,1,600.0,30,2.0,0.15,4.0,auto
6945,1545,1601,movement,1,1.0,1,600.0,30,2.0,0.15,4.0,auto
6946,1545,1609,waiting,1,1.0,1,100000.0,30,0.5,0.15,4.0,auto
6947,1546,1611,movement,1,1.0,1,600.0,30,2.0,0.15,4.0,auto
6948,1546,1618,movement,1,1.0,1,600.0,30,2.0,0.15,4.0,auto
6949,1546,1609,movement,1,1.0,1,600.0,30,2.0,0.15,4.0,auto
6950,1546,1602,movement,1,1.0,1,600.0,30,2.0,0.15,4.0,auto
6951,1546,1610,waiting,1,1.0,1,100000.0,30,0.5,0.15,4.0,auto
6952,1547,1612,movement,1,1.0,1,600.0,30,2.0,0.15,4.0,auto
6953,1547,1619,movement,1,1.0,1,600.0,30,2.0,0.15,4.0,auto
6954,1547,1610,movement,1,1.0,1,600.0,30,2.0,0.15,4.0,auto
6955,1547,1603,movement,1,1.0,1,600.0,30,2.0,0.15,4.0,auto
6956,1547,1611,waiting,1,1.0,1,100000.0,30,0.5,0.15,4.0,auto
6957,1548,1613,movement,1,1.0,1,600.0,30,2.0,0.15,4.0,auto
6958,1548,1620,movement,1,1.0,1,600.0,30,2.0,0.15,4.0,auto
6959,1548,1611,movement,1,1.0,1,600.0,30,2.0,0.15,4.0,auto
6960,1548,1604,movement,1,1.0,1,600.0,30,2.0,0.15,4.0,auto
6961,1548,1612,waiting,1,1.0,1,100000.0,30,0.5,0.15,4.0,auto
6962,1549,1614,movement,1,1.0,1,600.0,30,2.0,0.15,4.0,auto
6963,1549,1621,movement,1,1.0,1,600.0,30,2.0,0.15,4.0,auto
6964,1549,1612,movement,1,1.0,1,600.0,30,2.0,0.15,4.0,auto
6965,1549,1605,movement,1,1.0,1,600.0,30,2.0,0.15,4.0,auto
6966,1549,1613,waiting,1,1.0,1,100000.0,30,0.5,0.15,4.0,auto
6967,1550,1615,movement,1,1.0,1,600.0,30,2.0,0.15,4.0,auto
6968,1550,1622,movement,1,1.0,1,600.0,30,2.0,0.15,4.0,auto
6969,1550,1613,movement,1,1.0,1,600.0,30,2.0,0.15,4.0,auto
6970,1550,1606,movement,1,1.0,1,600.0,30,2.0,0.15,4.0,auto
6971,1550,1614,waiting,1,1.0,1,100000.0,30,0.5,0.15,4.0,auto
6972,1551,1616,movement,1,1.0,1,600.0,30,2.0,0.15,4.0,auto
6973,1551,1623,movement,1,1.0,1,600.0,30,2.0,0.15,4.0,auto
6974,1551,1614,movement,1,1.0,1,600.0,30,2.0,0.15,4.0,auto
6975,1551,1607,movement,1,1.0,1,600.0,30,2.0,0.15,4.0,auto
6976,1551,1615,waiting,1,1.0,1,100000.0,30,0.5,0.15,4.0,auto
6977,1552,1624,movement,1,1.0,1,600.0,30,2.0,0.15,4.0,auto
6978,1552,1615,movement,1,1.0,1,600.0,30,2.0,0.15,4.0,auto
6979,1552,1608,movement,1,1.0,1,600.0,30,2.0,0.15,4.0,auto
6980,1552,1616,waiting,1,1.0,1,100000.0,30,0.5,0.15,4.0,auto
6981,1553,1618,movement,1,1.0,1,600.0,30,2.0,0.15,4.0,auto
6982,1553,1625,movement,1,1.0,1,600.0,30,2.0,0.15,4.0,auto
6983,1553,1609,movement,1,1.0,1,600.0,30,2.0,0.15,4.0,auto
6984,1553,1617,waiting,1,1.0,1,100000.0,30,0.5,0.15,4.0,auto
6985,1554,1619,movement,1,1.0,1,600.0,30,2.0,0.15,4.0,auto
6986,1554,1626,movement,1,1.0,1,600.0,30,2.0,0.15,4.0,auto
6987,1554,1617,movement,1,1.0,1,600.0,30,2.0,0.15,4.0,auto
6988,1554,1610,movement,1,1.0,1,600.0,30,2.0,0.15,4.0,auto
6989,1554,1618,waiting,1,1.0,1,100000.0,30,0.5,0.15,4.0,auto
6990,1555,1620,movement,1,1.0,1,600.0,30,2.0,0.15,4.0,auto
6991,1555,1627,movement,1,1.0,1,600.0,30,2.0,0.15,4.0,auto
6992,1555,1618,movement,1,1.0,1,600.0,30,2.0,0.15,4.0,auto
6993,1555,1611,movement,1,1.0,1,600.0,30,2.0,0.15,4.0,auto
6994,1555,1619,waiting,1,1.0,1,100000.0,30,0.5,0.15,4.0,auto
6995,1556,1621,movement,1,1.0,1,600.0,30,2.0,0.15,4.0,auto
6996,1556,1628,movement,1,1.0,1,600.0,30,2.0,0.15,4.0,auto
6997,1556,1619,movement,1,1.0,1,600.0,30,2.0,0.15,4.0,auto
6998,1556,1612,movement,1,1.0,1,600.0,30,2.0,0.15,4.0,auto
6999,1556,1620,waiting,1,1.0,1,100000.0,30,0.5,0.15,4.0,auto
7000,1557,1622,movement,1,1.0,1,600.0,30,2.0,0.15,4.0,auto
7001,1557,1629,movement,1,1.0,1,600.0,30,2.0,0.15,4.0,auto
7002,1557,1620,movement,1,1.0,1,600.0,30,2.0,0.15,4.0,auto
7003,1557,1613,movement,1,1.0,1,600.0,30,2.0,0.15,4.0,auto
7004,1557,1621,waiting,1,1.0,1,100000.0,30,0.5,0.15,4.0,auto
7005,1558,1623,movement,1,1.0,1,600.0,30,2.0,0.15,4.0,auto
7006,1558,1630,movement,1,1.0,1,600.0,30,2.0,0.15,4.0,auto
7007,1558,1621,movement,1,1.0,1,600.0,30,2.0,0.15,4.0,auto
7008,1558,1614,movement,1,1.0,1,600.0,30,2.0,0.15,4.0,auto
7009,1558,1622,waiting,1,1.0,1,100000.0,30,0.5,0.15,4.0,auto
7010,1559,1624,movement,1,1.0,1,600.0,30,2.0,0.15,4.0,auto
7011,1559,1631,movement,1,1.0,1,600.0,30,2.0,0.15,4.0,auto
7012,1559,1622,movement,1,1.0,1,600.0,30,2.0,0.15,4.0,auto
7013,1559,1615,movement,1,1.0,1,600.0,30,2.0,0.15,4.0,auto
7014,1559,1623,waiting,1,1.0,1,100000.0,30,0.5,0.15,4.0,auto
7015,1560,1632,movement,1,1.0,1,600.0,30,2.0,0.15,4.0,auto
7016,1560,1623,movement,1,1.0,1,600.0,30,2.0,0.15,4.0,auto
7017,1560,1616,movement,1,1.0,1,600.0,30,2.0,0.15,4.0,auto
7018,1560,1624,waiting,1,1.0,1,100000.0,30,0.5,0.15,4.0,auto
7019,1561,1626,movement,1,1.0,1,600.0,30,2.0,0.15,4.0,auto
7020,1561,1633,movement,1,1.0,1,600.0,30,2.0,0.15,4.0,auto
7021,1561,1617,movement,1,1.0,1,600.0,30,2.0,0.15,4.0,auto
7022,1561,1625,waiting,1,1.0,1,100000.0,30,0.5,0.15,4.0,auto
7023,1562,1627,movement,1,1.0,1,600.0,30,2.0,0.15,4.0,auto
7024,1562,1634,movement,1,1.0,1,600.0,30,2.0,0.15,4.0,auto
7025,1562,1625,movement,1,1.0,1,600.0,30,2.0,0.15,4.0,auto
7026,1562,1618,movement,1,1.0,1,600.0,30,2.0,0.15,4.0,auto
7027,1562,1626,waiting,1,1.0,1,100000.0,30,0.5,0.15,4.0,auto
7028,1563,1628,movement,1,1.0,1,600.0,30,2.0,0.15,4.0,auto
7029,1563,1635,movement,1,1.0,1,600.0,30,2.0,0.15,4.0,auto
7030,1563,1626,movement,1,1.0,1,600.0,30,2.0,0.15,4.0,auto
7031,1563,1619,movement,1,1.0,1,600.0,30,2.0,0.15,4.0,auto
7032,1563,1627,waiting,1,1.0,1,100000.0,30,0.5,0.15,4.0,auto
7033,1564,1629,movement,1,1.0,1,600.0,30,2.0,0.15,4.0,auto
7034,1564,1636,movement,1,1.0,1,600.0,30,2.0,0.15,4.0,auto
7035,1564,1627,movement,1,1.0,1,600.0,30,2.0,0.15,4.0,auto
7036,1564,1620,movement,1,1.0,1,600.0,30,2.0,0.15,4.0,auto
7037,1564,1628,waiting,1,1.0,1,100000.0,30,0.5,0.15,4.0,auto
7038,1565,1630,movement,1,1.0,1,600.0,30,2.0,0.15,4.0,auto
7039,1565,1637,movement,1,1.0,1,600.0,30,2.0,0.15,4.0,auto
7040,1565,1628,movement,1,1.0,1,600.0,30,2.0,0.15,4.0,auto
7041,1565,1621,movement,1,1.0,1,600.0,30,2.0,0.15,4.0,auto
7042,1565,1629,waiting,1,1.0,1,100000.0,30,0.5,0.15,4.0,auto
7043,1566,1631,movement,1,1.0,1,600.0,30,2.0,0.15,4.0,auto
7044,1566,1638,movement,1,1.0,1,600.0,30,2.0,0.15,4.0,auto
7045,1566,1629,movement,1,1.0,1,600.0,30,2.0,0.15,4.0,auto
7046,1566,1622,movement,1,1.0,1,600.0,30,2.0,0.15,4.0,auto
7047,1566,1630,waiting,1,1.0,1,100000.0,30,0.5,0.15,4.0,auto
7048,1567,1632,movement,1,1.0,1,600.0,30,2.0,0.15,4.0,auto
7049,1567,1639,movement,1,1.0,1,600.0,30,2.0,0.15,4.0,auto
7050,1567,1630,movement,1,1.0,1,600.0,30,2.0,0.15,4.0,auto
7051,1567,1623,movement,1,1.0,1,600.0,30,2.0,0.15,4.0,auto
7052,1567,1631,waiting,1,1.0,1,100000.0,30,0.5,0.15,4.0,auto
7053,1568,1640,movement,1,1.0,1,600.0,30,2.0,0.15,4.0,auto
7054,1568,1631,movement,1,1.0,1,600.0,30,2.0,0.15,4.0,auto
7055,1568,1624,movement,1,1.0,1,600.0,30,2.0,0.15,4.0,auto
7056,1568,1632,waiting,1,1.0,1,100000.0,30,0.5,0.15,4.0,auto
7057,1569,1634,movement,1,1.0,1,600.0,30,2.0,0.15,4.0,auto
7058,1569,1641,movement,1,1.0,1,600.0,30,2.0,0.15,4.0,auto
7059,1569,1625,movement,1,1.0,1,600.0,30,2.0,0.15,4.0,auto
7060,1569,1633,waiting,1,1.0,1,100000.0,30,0.5,0.15,4.0,auto
7061,1570,1635,movement,1,1.0,1,600.0,30,2.0,0.15,4.0,auto
7062,1570,1642,movement,1,1.0,1,600.0,30,2.0,0.15,4.0,auto
7063,1570,1633,movement,1,1.0,1,600.0,30,2.0,0.15,4.0,auto
7064,1570,1626,movement,1,1.0,1,600.0,30,2.0,0.15,4.0,auto
7065,1570,1634,waiting,1,1.0,1,100000.0,30,0.5,0.15,4.0,auto
7066,1571,1636,movement,1,1.0,1,600.0,30,2.0,0.15,4.0,auto
7067,1571,1643,movement,1,1.0,1,600.0,30,2.0,0.15,4.0,auto
7068,1571,1634,movement,1,1.0,1,600.0,30,2.0,0.15,4.0,auto
7069,1571,1627,movement,1,1.0,1,600.0,30,2.0,0.15,4.0,auto
7070,1571,1635,waiting,1,1.0,1,100000.0,30,0.5,0.15,4.0,auto
7071,1572,1637,movement,1,1.0,1,600.0,30,2.0,0.15,4.0,auto
7072,1572,1644,movement,1,1.0,1,600.0,30,2.0,0.15,4.0,auto
7073,1572,1635,movement,1,1.0,1,600.0,30,2.0,0.15,4.0,auto
7074,1572,1628,movement,1,1.0,1,600.0,30,2.0,0.15,4.0,auto
7075,1572,1636,waiting,1,1.0,1,100000.0,30,0.5,0.15,4.0,auto
7076,1573,1638,movement,1,1.0,1,600.0,30,2.0,0.15,4.0,auto
7077,1573,1645,movement,1,1.0,1,600.0,30,2.0,0.15,4.0,auto
7078,1573,1636,movement,1,1.0,1,600.0,30,2.0,0.15,4.0,auto
7079,1573,1629,movement,1,1.0,1,600.0,30,2.0,0.15,4.0,auto
7080,1573,1637,waiting,1,1.0,1,100000.0,30,0.5,0.15,4.0,auto
7081,1574,1639,movement,1,1.0,1,600.0,30,2.0,0.15,4.0,auto
7082,1574,1646,movement,1,1.0,1,600.0,30,2.0,0.15,4.0,auto
7083,1574,1637,movement,1,1.0,1,600.0,30,2.0,0.15,4.0,auto
7084,1574,1630,movement,1,1.0,1,600.0,30,2.0,0.15,4.0,auto
7085,1574,1638,waiting,1,1.0,1,100000.0,30,0.5,0.15,4.0,auto
7086,1575,1640,movement,1,1.0,1,600.0,30,2.0,0.15,4.0,auto
7087,1575,1647,movement,1,1.0,1,600.0,30,2.0,0.15,4.0,auto
7088,1575,1638,movement,1,1.0,1,600.0,30,2.0,0.15,4.0,auto
7089,1575,1631,movement,1,1.0,1,600.0,30,2.0,0.15,4.0,auto
7090,1575,1639,waiting,1,1.0,1,100000.0,30,0.5,0.15,4.0,auto
7091,1576,1648,movement,1,1.0,1,600.0,30,2.0,0.15,4.0,auto
7092,1576,1639,movement,1,1.0,1,600.0,30,2.0,0.15,4.0,auto
7093,1576,1632,movement,1,1.0,1,600.0,30,2.0,0.15,4.0,auto
7094,1576,1640,waiting,1,1.0,1,100000.0,30,0.5,0.15,4.0,auto
7095,1577,1642,movement,1,1.0,1,600.0,30,2.0,0.15,4.0,auto
7096,1577,1649,movement,1,1.0,1,600.0,30,2.0,0.15,4.0,auto
7097,1577,1633,movement,1,1.0,1,600.0,30,2.0,0.15,4.0,auto
7098,1577,1641,waiting,1,1.0,1,100000.0,30,0.5,0.15,4.0,auto
7099,1578,1643,movement,1,1.0,1,600.0,30,2.0,0.15,4.0,auto
7100,1578,1650,movement,1,1.0,1,600.0,30,2.0,0.15,4.0,auto
7101,1578,1641,movement,1,1.0,1,600.0,30,2.0,0.15,4.0,auto
7102,1578,1634,movement,1,1.0,1,600.0,30,2.0,0.15,4.0,auto
7103,1578,1642,waiting,1,1.0,1,100000.0,30,0.5,0.15,4.0,auto
7104,1579,1644,movement,1,1.0,1,600.0,30,2.0,0.15,4.0,auto
7105,1579,1651,movement,1,1.0,1,600.0,30,2.0,0.15,4.0,auto
7106,1579,1642,movement,1,1.0,1,600.0,30,2.0,0.15,4.0,auto
7107,1579,1635,movement,1,1.0,1,600.0,30,2.0,0.15,4.0,auto
7108,1579,1643,waiting,1,1.0,1,100000.0,30,0.5,0.15,4.0,auto
7109,1580,1645,movement,1,1.0,1,600.0,30,2.0,0.15,4.0,auto
7110,1580,1652,movement,1,1.0,1,600.0,30,2.0,0.15,4.0,auto
7111,1580,1643,movement,1,1.0,1,600.0,30,2.0,0.15,4.0,auto
7112,1580,1636,movement,1,1.0,1,600.0,30,2.0,0.15,4.0,auto
7113,1580,1644,waiting,1,1.0,1,100000.0,30,0.5,0.15,4.0,auto
7114,1581,1646,movement,1,1.0,1,600.0,30,2.0,0.15,4.0,auto
7115,1581,1653,movement,1,1.0,1,600.0,30,2.0,0.15,4.0,auto
7116,1581,1644,movement,1,1.0,1,600.0,30,2.0,0.15,4.0,auto
7117,1581,1637,movement,1,1.0,1,600.0,30,2.0,0.15,4.0,auto
7118,1581,1645,waiting,1,1.0,1,100000.0,30,0.5,0.15,4.0,auto
7119,1582,1647,movement,1,1.0,1,600.0,30,2.0,0.15,4.0,auto
7120,1582,1654,movement,1,1.0,1,600.0,30,2.0,0.15,4.0,auto
7121,1582,1645,movement,1,1.0,1,600.0,30,2.0,0.15,4.0,auto
7122,1582,1638,movement,1,1.0,1,600.0,30,2.0,0.15,4.0,auto
7123,1582,1646,waiting,1,1.0,1,100000.0,30,0.5,0.15,4.0,auto
7124,1583,1648,movement,1,1.0,1,600.0,30,2.0,0.15,4.0,auto
7125,1583,1655,movement,1,1.0,1,600.0,30,2.0,0.15,4.0,auto
7126,1583,1646,movement,1,1.0,1,600.0,30,2.0,0.15,4.0,auto
7127,1583,1639,movement,1,1.0,1,600.0,30,2.0,0.15,4.0,auto
7128,1583,1647,waiting,1,1.0,1,100000.0,30,0.5,0.15,4.0,auto
7129,1584,1656,movement,1,1.0,1,600.0,30,2.0,0.15,4.0,auto
7130,1584,1647,movement,1,1.0,1,600.0,30,2.0,0.15,4.0,auto
7131,1584,1640,movement,1,1.0,1,600.0,30,2.0,0.15,4.0,auto
7132,1584,1648,waiting,1,1.0,1,100000.0,30,0.5,0.15,4.0,auto
7133,1585,1650,movement,1,1.0,1,600.0,30,2.0,0.15,4.0,auto
7134,1585,1657,movement,1,1.0,1,600.0,30,2.0,0.15,4.0,auto
7135,1585,1641,movement,1,1.0,1,600.0,30,2.0,0.15,4.0,auto
7136,1585,1649,waiting,1,1.0,1,100000.0,30,0.5,0.15,4.0,auto
7137,1586,1651,movement,1,1.0,1,600.0,30,2.0,0.15,4.0,auto
7138,1586,1658,movement,1,1.0,1,600.0,30,2.0,0.15,4.0,auto
7139,1586,1649,movement,1,1.0,1,600.0,30,2.0,0.15,4.0,auto
7140,1586,1642,movement,1,1.0,1,600.0,30,2.0,0.15,4.0,auto
7141,1586,1650,waiting,1,1.0,1,100000.0,30,0.5,0.15,4.0,auto
7142,1587,1652,movement,1,1.0,1,600.0,30,2.0,0.15,4.0,auto
7143,1587,1659,movement,1,1.0,1,600.0,30,2.0,0.15,4.0,auto
7144,1587,1650,movement,1,1.0,1,600.0,30,2.0,0.15,4.0,auto
7145,1587,1643,movement,1,1.0,1,600.0,30,2.0,0.15,4.0,auto
7146,1587,1651,waiting,1,1.0,1,100000.0,30,0.5,0.15,4.0,auto
7147,1588,1653,movement,1,1.0,1,600.0,30,2.0,0.15,4.0,auto
7148,1588,1660,movement,1,1.0,1,600.0,30,2.0,0.15,4.0,auto
7149,1588,1651,movement,1,1.0,1,600.0,30,2.0,0.15,4.0,auto
7150,1588,1644,movement,1,1.0,1,600.0,30,2.0,0.15,4.0,auto
7151,1588,1652,waiting,1,1.0,1,100000.0,30,0.5,0.15,4.0,auto
7152,1589,1654,movement,1,1.0,1,600.0,30,2.0,0.15,4.0,auto
7153,1589,1661,movement,1,1.0,1,600.0,30,2.0,0.15,4.0,auto
7154,1589,1652,movement,1,1.0,1,600.0,30,2.0,0.15,4.0,auto
7155,1589,1645,movement,1,1.0,1,600.0,30,2.0,0.15,4.0,auto
7156,1589,1653,waiting,1,1.0,1,100000.0,30,0.5,0.15,4.0,auto
7157,1590,1655,movement,1,1.0,1,600.0,30,2.0,0.15,4.0,auto
7158,1590,1662,movement,1,1.0,1,600.0,30,2.0,0.15,4.0,auto
7159,1590,1653,movement,1,1.0,1,600.0,30,2.0,0.15,4.0,auto
7160,1590,1646,movement,1,1.0,1,600.0,30,2.0,0.15,4.0,auto
7161,1590,1654,waiting,1,1.0,1,100000.0,30,0.5,0.15,4.0,auto
7162,1591,1656,movement,1,1.0,1,600.0,30,2.0,0.15,4.0,auto
7163,1591,1663,movement,1,1.0,1,600.0,30,2.0,0.15,4.0,auto
7164,1591,1654,movement,1,1.0,1,600.0,30,2.0,0.15,4.0,auto
7165,1591,1647,movement,1,1.0,1,600.0,30,2.0,0.15,4.0,auto
7166,1591,1655,waiting,1,1.0,1,100000.0,30,0.5,0.15,4.0,auto
7167,1592,1664,movement,1,1.0,1,600.0,30,2.0,0.15,4.0,auto
7168,1592,1655,movement,1,1.0,1,600.0,30,2.0,0.15,4.0,auto
7169,1592,1648,movement,1,1.0,1,600.0,30,2.0,0.15,4.0,auto
7170,1592,1656,waiting,1,1.0,1,100000.0,30,0.5,0.15,4.0,auto
7171,1593,1658,movement,1,1.0,1,600.0,30,2.0,0.15,4.0,auto
7172,1593,1649,movement,1,1.0,1,600.0,30,2.0,0.15,4.0,auto
7173,1593,1657,waiting,1,1.0,1,100000.0,30,0.5,0.15,4.0,auto
7174,1594,1659,movement,1,1.0,1,600.0,30,2.0,0.15,4.0,auto
7175,1594,1657,movement,1,1.0,1,600.0,30,2.0,0.15,4.0,auto
7176,1594,1650,movement,1,1.0,1,600.0,30,2.0,0.15,4.0,auto
7177,1594,1658,waiting,1,1.0,1,100000.0,30,0.5,0.15,4.0,auto
7178,1595,1660,movement,1,1.0,1,600.0,30,2.0,0.15,4.0,auto
7179,1595,1658,movement,1,1.0,1,600.0,30,2.0,0.15,4.0,auto
7180,1595,1651,movement,1,1.0,1,600.0,30,2.0,0.15,4.0,auto
7181,1595,1659,waiting,1,1.0,1,100000.0,30,0.5,0.15,4.0,auto
7182,1596,1661,movement,1,1.0,1,600.0,30,2.0,0.15,4.0,auto
7183,1596,1659,movement,1,1.0,1,600.0,30,2.0,0.15,4.0,auto
7184,1596,1652,movement,1,1.0,1,600.0,30,2.0,0.15,4.0,auto
7185,1596,1660,waiting,1,1.0,1,100000.0,30,0.5,0.15,4.0,auto
7186,1597,1662,movement,1,1.0,1,600.0,30,2.0,0.15,4.0,auto
7187,1597,1660,movement,1,1.0,1,600.0,30,2.0,0.15,4.0,auto
7188,1597,1653,movement,1,1.0,1,600.0,30,2.0,0.15,4.0,auto
7189,1597,1661,waiting,1,1.0,1,100000.0,30,0.5,0.15,4.0,auto
7190,1598,1663,movement,1,1.0,1,600.0,30,2.0,0.15,4.0,auto
7191,1598,1661,movement,1,1.0,1,600.0,30,2.0,0.15,4.0,auto
7192,1598,1654,movement,1,1.0,1,600.0,30,2.0,0.15,4.0,auto
7193,1598,1662,waiting,1,1.0,1,100000.0,30,0.5,0.15,4.0,auto
7194,1599,1664,movement,1,1.0,1,600.0,30,2.0,0.15,4.0,auto
7195,1599,1662,movement,1,1.0,1,600.0,30,2.0,0.15,4.0,auto
7196,1599,1655,movement,1,1.0,1,600.0,30,2.0,0.15,4.0,auto
7197,1599,1663,waiting,1,1.0,1,100000.0,30,0.5,0.15,4.0,auto
7198,1600,1663,movement,1,1.0,1,600.0,30,2.0,0.15,4.0,auto
7199,1600,1656,movement,1,1.0,1,600.0,30,2.0,0.15,4.0,auto
7200,1600,1664,waiting,1,1.0,1,100000.0,30,0.5,0.15,4.0,auto
7201,1601,1666,movement,1,1.0,1,600.0,30,2.0,0.15,4.0,auto
7202,1601,1673,movement,1,1.0,1,600.0,30,2.0,0.15,4.0,auto
7203,1601,1665,waiting,1,1.0,1,100000.0,30,0.5,0.15,4.0,auto
7204,1602,1667,movement,1,1.0,1,600.0,30,2.0,0.15,4.0,auto
7205,1602,1674,movement,1,1.0,1,600.0,30,2.0,0.15,4.0,auto
7206,1602,1665,movement,1,1.0,1,600.0,30,2.0,0.15,4.0,auto
7207,1602,1666,waiting,1,1.0,1,100000.0,30,0.5,0.15,4.0,auto
7208,1603,1668,movement,1,1.0,1,600.0,30,2.0,0.15,4.0,auto
7209,1603,1675,movement,1,1.0,1,600.0,30,2.0,0.15,4.0,auto
7210,1603,1666,movement,1,1.0,1,600.0,30,2.0,0.15,4.0,auto
7211,1603,1667,waiting,1,1.0,1,100000.0,30,0.5,0.15,4.0,auto
7212,1604,1669,movement,1,1.0,1,600.0,30,2.0,0.15,4.0,auto
7213,1604,1676,movement,1,1.0,1,600.0,30,2.0,0.15,4.0,auto
7214,1604,1667,movement,1,1.0,1,600.0,30,2.0,0.15,4.0,auto
7215,1604,1668,waiting,1,1.0,1,100000.0,30,0.5,0.15,4.0,auto
7216,1605,1670,movement,1,1.0,1,600.0,30,2.0,0.15,4.0,auto
7217,1605,1677,movement,1,1.0,1,600.0,30,2.0,0.15,4.0,auto
7218,1605,1668,movement,1,1.0,1,600.0,30,2.0,0.15,4.0,auto
7219,1605,1669,waiting,1,1.0,1,100000.0,30,0.5,0.15,4.0,auto
7220,1606,1671,movement,1,1.0,1,600.0,30,2.0,0.15,4.0,auto
7221,1606,1678,movement,1,1.0,1,600.0,30,2.0,0.15,4.0,auto
7222,1606,1669,movement,1,1.0,1,600.0,30,2.0,0.15,4.0,auto
7223,1606,1670,waiting,1,1.0,1,100000.0,30,0.5,0.15,4.0,auto
7224,1607,1672,movement,1,1.0,1,600.0,30,2.0,0.15,4.0,auto
7225,1607,1679,movement,1,1.0,1,600.0,30,2.0,0.15,4.0,auto
7226,1607,1670,movement,1,1.0,1,600.0,30,2.0,0.15,4.0,auto
7227,1607,1671,waiting,1,1.0,1,100000.0,30,0.5,0.15,4.0,auto
7228,1608,1680,movement,1,1.0,1,600.0,30,2.0,0.15,4.0,auto
7229,1608,1671,movement,1,1.0,1,600.0,30,2.0,0.15,4.0,auto
7230,1608,1672,waiting,1,1.0,1,100000.0,30,0.5,0.15,4.0,auto
7231,1609,1674,movement,1,1.0,1,600.0,30,2.0,0.15,4.0,auto
7232,1609,1681,movement,1,1.0,1,600.0,30,2.0,0.15,4.0,auto
7233,1609,1665,movement,1,1.0,1,600.0,30,2.0,0.15,4.0,auto
7234,1609,1673,waiting,1,1.0,1,100000.0,30,0.5,0.15,4.0,auto
7235,1610,1675,movement,1,1.0,1,600.0,30,2.0,0.15,4.0,auto
7236,1610,1682,movement,1,1.0,1,600.0,30,2.0,0.15,4.0,auto
7237,1610,1673,movement,1,1.0,1,600.0,30,2.0,0.15,4.0,auto
7238,1610,1666,movement,1,1.0,1,600.0,30,2.0,0.15,4.0,auto
7239,1610,1674,waiting,1,1.0,1,100000.0,30,0.5,0.15,4.0,auto
7240,1611,1676,movement,1,1.0,1,600.0,30,2.0,0.15,4.0,auto
7241,1611,1683,movement,1,1.0,1,600.0,30,2.0,0.15,4.0,auto
7242,1611,1674,movement,1,1.0,1,600.0,30,2.0,0.15,4.0,auto
7243,1611,1667,movement,1,1.0,1,600.0,30,2.0,0.15,4.0,auto
7244,1611,1675,waiting,1,1.0,1,100000.0,30,0.5,0.15,4.0,auto
7245,1612,1677,movement,1,1.0,1,600.0,30,2.0,0.15,4.0,auto
7246,1612,1684,movement,1,1.0,1,600.0,30,2.0,0.15,4.0,auto
7247,1612,1675,movement,1,1.0,1,600.0,30,2.0,0.15,4.0,auto
7248,1612,1668,movement,1,1.0,1,600.0,30,2.0,0.15,4.0,auto
7249,1612,1676,waiting,1,1.0,1,100000.0,30,0.5,0.15,4.0,auto
7250,1613,1678,movement,1,1.0,1,600.0,30,2.0,0.15,4.0,auto
7251,1613,1685,movement,1,1.0,1,600.0,30,2.0,0.15,4.0,auto
7252,1613,1676,movement,1,1.0,1,600.0,30,2.0,0.15,4.0,auto
7253,1613,1669,movement,1,1.0,1,600.0,30,2.0,0.15,4.0,auto
7254,1613,1677,waiting,1,1.0,1,100000.0,30,0.5,0.15,4.0,auto
7255,1614,1679,movement,1,1.0,1,600.0,30,2.0,0.15,4.0,auto
7256,1614,1686,movement,1,1.0,1,600.0,30,2.0,0.15,4.0,auto
7257,1614,1677,movement,1,1.0,1,600.0,30,2.0,0.15,4.0,auto
7258,1614,1670,movement,1,1.0,1,600.0,30,2.0,0.15,4.0,auto
7259,1614,1678,waiting,1,1.0,1,100000.0,30,0.5,0.15,4.0,auto
7260,1615,1680,movement,1,1.0,1,600.0,30,2.0,0.15,4.0,auto
7261,1615,1687,movement,1,1.0,1,600.0,30,2.0,0.15,4.0,auto
7262,1615,1678,movement,1,1.0,1,600.0,30,2.0,0.15,4.0,auto
7263,1615,1671,movement,1,1.0,1,600.0,30,2.0,0.15,4.0,auto
7264,1615,1679,waiting,1,1.0,1,100000.0,30,0.5,0.15,4.0,auto
7265,1616,1688,movement,1,1.0,1,600.0,30,2.0,0.15,4.0,auto
7266,1616,1679,movement,1,1.0,1,600.0,30,2.0,0.15,4.0,auto
7267,1616,1672,movement,1,1.0,1,600.0,30,2.0,0.15,4.0,auto
7268,1616,1680,waiting,1,1.0,1,100000.0,30,0.5,0.15,4.0,auto
7269,1617,1682,movement,1,1.0,1,600.0,30,2.0,0.15,4.0,auto
7270,1617,1689,movement,1,1.0,1,600.0,30,2.0,0.15,4.0,auto
7271,1617,1673,movement,1,1.0,1,600.0,30,2.0,0.15,4.0,auto
7272,1617,1681,waiting,1,1.0,1,100000.0,30,0.5,0.15,4.0,auto
7273,1618,1683,movement,1,1.0,1,600.0,30,2.0,0.15,4.0,auto
7274,1618,1690,movement,1,1.0,1,600.0,30,2.0,0.15,4.0,auto
7275,1618,1681,movement,1,1.0,1,600.0,30,2.0,0.15,4.0,auto
7276,1618,1674,movement,1,1.0,1,600.0,30,2.0,0.15,4.0,auto
7277,1618,1682,waiting,1,1.0,1,100000.0,30,0.5,0.15,4.0,auto
7278,1619,1684,movement,1,1.0,1,600.0,30,2.0,0.15,4.0,auto
7279,1619,1691,movement,1,1.0,1,600.0,30,2.0,0.15,4.0,auto
7280,1619,1682,movement,1,1.0,1,600.0,30,2.0,0.15,4.0,auto
7281,1619,1675,movement,1,1.0,1,600.0,30,2.0,0.15,4.0,auto
7282,1619,1683,waiting,1,1.0,1,100000.0,30,0.5,0.15,4.0,auto
7283,1620,1685,movement,1,1.0,1,600.0,30,2.0,0.15,4.0,auto
7284,1620,1692,movement,1,1.0,1,600.0,30,2.0,0.15,4.0,auto
7285,1620,1683,movement,1,1.0,1,600.0,30,2.0,0.15,4.0,auto
7286,1620,1676,movement,1,1.0,1,600.0,30,2.0,0.15,4.0,auto
7287,1620,1684,waiting,1,1.0,1,100000.0,30,0.5,0.15,4.0,auto
7288,1621,1686,movement,1,1.0,1,600.0,30,2.0,0.15,4.0,auto
7289,1621,1693,movement,1,1.0,1,600.0,30,2.0,0.15,4.0,auto
7290,1621,1684,movement,1,1.0,1,600.0,30,2.0,0.15,4.0,auto
7291,1621,1677,movement,1,1.0,1,600.0,30,2.0,0.15,4.0,auto
7292,1621,1685,waiting,1,1.0,1,100000.0,30,0.5,0.15,4.0,auto
7293,1622,1687,movement,1,1.0,1,600.0,30,2.0,0.15,4.0,auto
7294,1622,1694,movement,1,1.0,1,600.0,30,2.0,0.15,4.0,auto
7295,1622,1685,movement,1,1.0,1,600.0,30,2.0,0.15,4.0,auto
7296,1622,1678,movement,1,1.0,1,600.0,30,2.0,0.15,4.0,auto
7297,1622,1686,waiting,1,1.0,1,100000.0,30,0.5,0.15,4.0,auto
7298,1623,1688,movement,1,1.0,1,600.0,30,2.0,0.15,4.0,auto
7299,1623,1695,movement,1,1.0,1,600.0,30,2.0,0.15,4.0,auto
7300,1623,1686,movement,1,1.0,1,600.0,30,2.0,0.15,4.0,auto
7301,1623,1679,movement,1,1.0,1,600.0,30,2.0,0.15,4.0,auto
7302,1623,1687,waiting,1,1.0,1,100000.0,30,0.5,0.15,4.0,auto
7303,1624,1696,movement,1,1.0,1,600.0,30,2.0,0.15,4.0,auto
7304,1624,1687,movement,1,1.0,1,600.0,30,2.0,0.15,4.0,auto
7305,1624,1680,movement,1,1.0,1,600.0,30,2.0,0.15,4.0,auto
7306,1624,1688,waiting,1,1.0,1,100000.0,30,0.5,0.15,4.0,auto
7307,1625,1690,movement,1,1.0,1,600.0,30,2.0,0.15,4.0,auto
7308,1625,1697,movement,1,1.0,1,600.0,30,2.0,0.15,4.0,auto
7309,1625,1681,movement,1,1.0,1,600.0,30,2.0,0.15,4.0,auto
7310,1625,1689,waiting,1,1.0,1,100000.0,30,0.5,0.15,4.0,auto
7311,1626,1691,movement,1,1.0,1,600.0,30,2.0,0.15,4.0,auto
7312,1626,1698,movement,1,1.0,1,600.0,30,2.0,0.15,4.0,auto
7313,1626,1689,movement,1,1.0,1,600.0,30,2.0,0.15,4.0,auto
7314,1626,1682,movement,1,1.0,1,600.0,30,2.0,0.15,4.0,auto
7315,1626,1690,waiting,1,1.0,1,100000.0,30,0.5,0.15,4.0,auto
7316,1627,1692,movement,1,1.0,1,600.0,30,2.0,0.15,4.0,auto
7317,1627,1699,movement,1,1.0,1,600.0,30,2.0,0.15,4.0,auto
7318,1627,1690,movement,1,1.0,1,600.0,30,2.0,0.15,4.0,auto
7319,1627,1683,movement,1,1.0,1,600.0,30,2.0,0.15,4.0,auto
7320,1627,1691,waiting,1,1.0,1,100000.0,30,0.5,0.15,4.0,auto
7321,1628,1693,movement,1,1.0,1,600.0,30,2.0,0.15,4.0,auto
7322,1628,1700,movement,1,1.0,1,600.0,30,2.0,0.15,4.0,auto
7323,1628,1691,movement,1,1.0,1,600.0,30,2.0,0.15,4.0,auto
7324,1628,1684,movement,1,1.0,1,600.0,30,2.0,0.15,4.0,auto
7325,1628,1692,waiting,1,1.0,1,100000.0,30,0.5,0.15,4.0,auto
7326,1629,1694,movement,1,1.0,1,600.0,30,2.0,0.15,4.0,auto
7327,1629,1701,movement,1,1.0,1,600.0,30,2.0,0.15,4.0,auto
7328,1629,1692,movement,1,1.0,1,600.0,30,2.0,0.15,4.0,auto
7329,1629,1685,movement,1,1.0,1,600.0,30,2.0,0.15,4.0,auto
7330,1629,1693,waiting,1,1.0,1,100000.0,30,0.5,0.15,4.0,auto
7331,1630,1695,movement,1,1.0,1,600.0,30,2.0,0.15,4.0,auto
7332,1630,1702,movement,1,1.0,1,600.0,30,2.0,0.15,4.0,auto
7333,1630,1693,movement,1,1.0,1,600.0,30,2.0,0.15,4.0,auto
7334,1630,1686,movement,1,1.0,1,600.0,30,2.0,0.15,4.0,auto
7335,1630,1694,waiting,1,1.0,1,100000.0,30,0.5,0.15,4.0,auto
7336,1631,1696,movement,1,1.0,1,600.0,30,2.0,0.15,4.0,auto
7337,1631,1703,movement,1,1.0,1,600.0,30,2.0,0.15,4.0,auto
7338,1631,1694,movement,1,1.0,1,600.0,30,2.0,0.15,4.0,auto
7339,1631,1687,movement,1,1.0,1,600.0,30,2.0,0.15,4.0,auto
7340,1631,1695,waiting,1,1.0,1,100000.0,30,0.5,0.15,4.0,auto
7341,1632,1704,movement,1,1.0,1,600.0,30,2.0,0.15,4.0,auto
7342,1632,1695,movement,1,1.0,1,600.0,30,2.0,0.15,4.0,auto
7343,1632,1688,movement,1,1.0,1,600.0,30,2.0,0.15,4.0,auto
7344,1632,1696,waiting,1,1.0,1,100000.0,30,0.5,0.15,4.0,auto
7345,1633,1698,movement,1,1.0,1,600.0,30,2.0,0.15,4.0,auto
7346,1633,1705,movement,1,1.0,1,600.0,30,2.0,0.15,4.0,auto
7347,1633,1689,movement,1,1.0,1,600.0,30,2.0,0.15,4.0,auto
7348,1633,1697,waiting,1,1.0,1,100000.0,30,0.5,0.15,4.0,auto
7349,1634,1699,movement,1,1.0,1,600.0,30,2.0,0.15,4.0,auto
7350,1634,1706,movement,1,1.0,1,600.0,30,2.0,0.15,4.0,auto
7351,1634,1697,movement,1,1.0,1,600.0,30,2.0,0.15,4.0,auto
7352,1634,1690,movement,1,1.0,1,600.0,30,2.0,0.15,4.0,auto
7353,1634,1698,waiting,1,1.0,1,100000.0,30,0.5,0.15,4.0,auto
7354,1635,1700,movement,1,1.0,1,600.0,30,2.0,0.15,4.0,auto
7355,1635,1707,movement,1,1.0,1,600.0,30,2.0,0.15,4.0,auto
7356,1635,1698,movement,1,1.0,1,600.0,30,2.0,0.15,4.0,auto
7357,1635,1691,movement,1,1.0,1,600.0,30,2.0,0.15,4.0,auto
7358,1635,1699,waiting,1,1.0,1,100000.0,30,0.5,0.15,4.0,auto
7359,1636,1701,movement,1,1.0,1,600.0,30,2.0,0.15,4.0,auto
7360,1636,1708,movement,1,1.0,1,600.0,30,2.0,0.15,4.0,auto
7361,1636,1699,movement,1,1.0,1,600.0,30,2.0,0.15,4.0,auto
7362,1636,1692,movement,1,1.0,1,600.0,30,2.0,0.15,4.0,auto
7363,1636,1700,waiting,1,1.0,1,100000.0,30,0.5,0.15,4.0,auto
7364,1637,1702,movement,1,1.0,1,600.0,30,2.0,0.15,4.0,auto
7365,1637,1709,movement,1,1.0,1,600.0,30,2.0,0.15,4.0,auto
7366,1637,1700,movement,1,1.0,1,600.0,30,2.0,0.15,4.0,auto
7367,1637,1693,movement,1,1.0,1,600.0,30,2.0,0.15,4.0,auto
7368,1637,1701,waiting,1,1.0,1,100000.0,30,0.5,0.15,4.0,auto
7369,1638,1703,movement,1,1.0,1,600.0,30,2.0,0.15,4.0,auto
7370,1638,1710,movement,1,1.0,1,600.0,30,2.0,0.15,4.0,auto
7371,1638,1701,movement,1,1.0,1,600.0,30,2.0,0.15,4.0,auto
7372,1638,1694,movement,1,1.0,1,600.0,30,2.0,0.15,4.0,auto
7373,1638,1702,waiting,1,1.0,1,100000.0,30,0.5,0.15,4.0,auto
7374,1639,1704,movement,1,1.0,1,600.0,30,2.0,0.15,4.0,auto
7375,1639,1711,movement,1,1.0,1,600.0,30,2.0,0.15,4.0,auto
7376,1639,1702,movement,1,1.0,1,600.0,30,2.0,0.15,4.0,auto
7377,1639,1695,movement,1,1.0,1,600.0,30,2.0,0.15,4.0,auto
7378,1639,1703,waiting,1,1.0,1,100000.0,30,0.5,0.15,4.0,auto
7379,1640,1712,movement,1,1.0,1,600.0,30,2.0,0.15,4.0,auto
7380,1640,1703,movement,1,1.0,1,600.0,30,2.0,0.15,4.0,auto
7381,1640,1696,movement,1,1.0,1,600.0,30,2.0,0.15,4.0,auto
7382,1640,1704,waiting,1,1.0,1,100000.0,30,0.5,0.15,4.0,auto
7383,1641,1706,movement,1,1.0,1,600.0,30,2.0,0.15,4.0,auto
7384,1641,1713,movement,1,1.0,1,600.0,30,2.0,0.15,4.0,auto
7385,1641,1697,movement,1,1.0,1,600.0,30,2.0,0.15,4.0,auto
7386,1641,1705,waiting,1,1.0,1,100000.0,30,0.5,0.15,4.0,auto
7387,1642,1707,movement,1,1.0,1,600.0,30,2.0,0.15,4.0,auto
7388,1642,1714,movement,1,1.0,1,600.0,30,2.0,0.15,4.0,auto
7389,1642,1705,movement,1,1.0,1,600.0,30,2.0,0.15,4.0,auto
7390,1642,1698,movement,1,1.0,1,600.0,30,2.0,0.15,4.0,auto
7391,1642,1706,waiting,1,1.0,1,100000.0,30,0.5,0.15,4.0,auto
7392,1643,1708,movement,1,1.0,1,600.0,30,2.0,0.15,4.0,auto
7393,1643,1715,movement,1,1.0,1,600.0,30,2.0,0.15,4.0,auto
7394,1643,1706,movement,1,1.0,1,600.0,30,2.0,0.15,4.0,auto
7395,1643,1699,movement,1,1.0,1,600.0,30,2.0,0.15,4.0,auto
7396,1643,1707,waiting,1,1.0,1,100000.0,30,0.5,0.15,4.0,auto
7397,1644,1709,movement,1,1.0,1,600.0,30,2.0,0.15,4.0,auto
7398,1644,1716,movement,1,1.0,1,600.0,30,2.0,0.15,4.0,auto
7399,1644,1707,movement,1,1.0,1,600.0,30,2.0,0.15,4.0,auto
7400,1644,1700,movement,1,1.0,1,600.0,30,2.0,0.15,4.0,auto
7401,1644,1708,waiting,1,1.0,1,100000.0,30,0.5,0.15,4.0,auto
7402,1645,1710,movement,1,1.0,1,600.0,30,2.0,0.15,4.0,auto
7403,1645,1717,movement,1,1.0,1,600.0,30,2.0,0.15,4.0,auto
7404,1645,1708,movement,1,1.0,1,600.0,30,2.0,0.15,4.0,auto
7405,1645,1701,movement,1,1.0,1,600.0,30,2.0,0.15,4.0,auto
7406,1645,1709,waiting,1,1.0,1,100000.0,30,0.5,0.15,4.0,auto
7407,1646,1711,movement,1,1.0,1,600.0,30,2.0,0.15,4.0,auto
7408,1646,1718,movement,1,1.0,1,600.0,30,2.0,0.15,4.0,auto
7409,1646,1709,movement,1,1.0,1,600.0,30,2.0,0.15,4.0,auto
7410,1646,1702,movement,1,1.0,1,600.0,30,2.0,0.15,4.0,auto
7411,1646,1710,waiting,1,1.0,1,100000.0,30,0.5,0.15,4.0,auto
7412,1647,1712,movement,1,1.0,1,600.0,30,2.0,0.15,4.0,auto
7413,1647,1719,movement,1,1.0,1,600.0,30,2.0,0.15,4.0,auto
7414,1647,1710,movement,1,1.0,1,600.0,30,2.0,0.15,4.0,auto
7415,1647,1703,movement,1,1.0,1,600.0,30,2.0,0.15,4.0,auto
7416,1647,1711,waiting,1,1.0,1,100000.0,30,0.5,0.15,4.0,auto
7417,1648,1720,movement,1,1.0,1,600.0,30,2.0,0.15,4.0,auto
7418,1648,1711,movement,1,1.0,1,600.0,30,2.0,0.15,4.0,auto
7419,1648,1704,movement,1,1.0,1,600.0,30,2.0,0.15,4.0,auto
7420,1648,1712,waiting,1,1.0,1,100000.0,30,0.5,0.15,4.0,auto
7421,1649,1714,movement,1,1.0,1,600.0,30,2.0,0.15,4.0,auto
7422,1649,1721,movement,1,1.0,1,600.0,30,2.0,0.15,4.0,auto
7423,1649,1705,movement,1,1.0,1,600.0,30,2.0,0.15,4.0,auto
7424,1649,1713,waiting,1,1.0,1,100000.0,30,0.5,0.15,4.0,auto
7425,1650,1715,movement,1,1.0,1,600.0,30,2.0,0.15,4.0,auto
7426,1650,1722,movement,1,1.0,1,600.0,30,2.0,0.15,4.0,auto
7427,1650,1713,movement,1,1.0,1,600.0,30,2.0,0.15,4.0,auto
7428,1650,1706,movement,1,1.0,1,600.0,30,2.0,0.15,4.0,auto
7429,1650,1714,waiting,1,1.0,1,100000.0,30,0.5,0.15,4.0,auto
7430,1651,1716,movement,1,1.0,1,600.0,30,2.0,0.15,4.0,auto
7431,1651,1723,movement,1,1.0,1,600.0,30,2.0,0.15,4.0,auto
7432,1651,1714,movement,1,1.0,1,600.0,30,2.0,0.15,4.0,auto
7433,1651,1707,movement,1,1.0,1,600.0,30,2.0,0.15,4.0,auto
7434,1651,1715,waiting,1,1.0,1,100000.0,30,0.5,0.15,4.0,auto
7435,1652,1717,movement,1,1.0,1,600.0,30,2.0,0.15,4.0,auto
7436,1652,1724,movement,1,1.0,1,600.0,30,2.0,0.15,4.0,auto
7437,1652,1715,movement,1,1.0,1,600.0,30,2.0,0.15,4.0,auto
7438,1652,1708,movement,1,1.0,1,600.0,30,2.0,0.15,4.0,auto
7439,1652,1716,waiting,1,1.0,1,100000.0,30,0.5,0.15,4.0,auto
7440,1653,1718,movement,1,1.0,1,600.0,30,2.0,0.15,4.0,auto
7441,1653,1725,movement,1,1.0,1,600.0,30,2.0,0.15,4.0,auto
7442,1653,1716,movement,1,1.0,1,600.0,30,2.0,0.15,4.0,auto
7443,1653,1709,movement,1,1.0,1,600.0,30,2.0,0.15,4.0,auto
7444,1653,1717,waiting,1,1.0,1,100000.0,30,0.5,0.15,4.0,auto
7445,1654,1719,movement,1,1.0,1,600.0,30,2.0,0.15,4.0,auto
7446,1654,1726,movement,1,1.0,1,600.0,30,2.0,0.15,4.0,auto
7447,1654,1717,movement,1,1.0,1,600.0,30,2.0,0.15,4.0,auto
7448,1654,1710,movement,1,1.0,1,600.0,30,2.0,0.15,4.0,auto
7449,1654,1718,waiting,1,1.0,1,100000.0,30,0.5,0.15,4.0,auto
7450,1655,1720,movement,1,1.0,1,600.0,30,2.0,0.15,4.0,auto
7451,1655,1727,movement,1,1.0,1,600.0,30,2.0,0.15,4.0,auto
7452,1655,1718,movement,1,1.0,1,600.0,30,2.0,0.15,4.0,auto
7453,1655,1711,movement,1,1.0,1,600.0,30,2.0,0.15,4.0,auto
7454,1655,1719,waiting,1,1.0,1,100000.0,30,0.5,0.15,4.0,auto
7455,1656,1728,movement,1,1.0,1,600.0,30,2.0,0.15,4.0,auto
7456,1656,1719,movement,1,1.0,1,600.0,30,2.0,0.15,4.0,auto
7457,1656,1712,movement,1,1.0,1,600.0,30,2.0,0.15,4.0,auto
7458,1656,1720,waiting,1,1.0,1,100000.0,30,0.5,0.15,4.0,auto
7459,1657,1722,movement,1,1.0,1,600.0,30,2.0,0.15,4.0,auto
7460,1657,1713,movement,1,1.0,1,600.0,30,2.0,0.15,4.0,auto
7461,1657,1721,waiting,1,1.0,1,100000.0,30,0.5,0.15,4.0,auto
7462,1658,1723,movement,1,1.0,1,600.0,30,2.0,0.15,4.0,auto
7463,1658,1721,movement,1,1.0,1,600.0,30,2.0,0.15,4.0,auto
7464,1658,1714,movement,1,1.0,1,600.0,30,2.0,0.15,4.0,auto
7465,1658,1722,waiting,1,1.0,1,100000.0,30,0.5,0.15,4.0,auto
7466,1659,1724,movement,1,1.0,1,600.0,30,2.0,0.15,4.0,auto
7467,1659,1722,movement,1,1.0,1,600.0,30,2.0,0.15,4.0,auto
7468,1659,1715,movement,1,1.0,1,600.0,30,2.0,0.15,4.0,auto
7469,1659,1723,waiting,1,1.0,1,100000.0,30,0.5,0.15,4.0,auto
7470,1660,1725,movement,1,1.0,1,600.0,30,2.0,0.15,4.0,auto
7471,1660,1723,movement,1,1.0,1,600.0,30,2.0,0.15,4.0,auto
7472,1660,1716,movement,1,1.0,1,600.0,30,2.0,0.15,4.0,auto
7473,1660,1724,waiting,1,1.0,1,100000.0,30,0.5,0.15,4.0,auto
7474,1661,1726,movement,1,1.0,1,600.0,30,2.0,0.15,4.0,auto
7475,1661,1724,movement,1,1.0,1,600.0,30,2.0,0.15,4.0,auto
7476,1661,1717,movement,1,1.0,1,600.0,30,2.0,0.15,4.0,auto
7477,1661,1725,waiting,1,1.0,1,100000.0,30,0.5,0.15,4.0,auto
7478,1662,1727,movement,1,1.0,1,600.0,30,2.0,0.15,4.0,auto
7479,1662,1725,movement,1,1.0,1,600.0,30,2.0,0.15,4.0,auto
7480,1662,1718,movement,1,1.0,1,600.0,30,2.0,0.15,4.0,auto
7481,1662,1726,waiting,1,1.0,1,100000.0,30,0.5,0.15,4.0,auto
7482,1663,1728,movement,1,1.0,1,600.0,30,2.0,0.15,4.0,auto
7483,1663,1726,movement,1,1.0,1,600.0,30,2.0,0.15,4.0,auto
7484,1663,1719,movement,1,1.0,1,600.0,30,2.0,0.15,4.0,auto
7485,1663,1727,waiting,1,1.0,1,100000.0,30,0.5,0.15,4.0,auto
7486,1664,1727,movement,1,1.0,1,600.0,30,2.0,0.15,4.0,auto
7487,1664,1720,movement,1,1.0,1,600.0,30,2.0,0.15,4.0,auto
7488,1664,1728,waiting,1,1.0,1,100000.0,30,0.5,0.15,4.0,auto
7489,1665,1730,movement,1,1.0,1,600.0,30,2.0,0.15,4.0,auto
7490,1665,1737,movement,1,1.0,1,600.0,30,2.0,0.15,4.0,auto
7491,1665,1729,waiting,1,1.0,1,100000.0,30,0.5,0.15,4.0,auto
7492,1666,1731,movement,1,1.0,1,600.0,30,2.0,0.15,4.0,auto
7493,1666,1738,movement,1,1.0,1,600.0,30,2.0,0.15,4.0,auto
7494,1666,1729,movement,1,1.0,1,600.0,30,2.0,0.15,4.0,auto
7495,1666,1730,waiting,1,1.0,1,100000.0,30,0.5,0.15,4.0,auto
7496,1667,1732,movement,1,1.0,1,600.0,30,2.0,0.15,4.0,auto
7497,1667,1739,movement,1,1.0,1,600.0,30,2.0,0.15,4.0,auto
7498,1667,1730,movement,1,1.0,1,600.0,30,2.0,0.15,4.0,auto
7499,1667,1731,waiting,1,1.0,1,100000.0,30,0.5,0.15,4.0,auto
7500,1668,1733,movement,1,1.0,1,600.0,30,2.0,0.15,4.0,auto
7501,1668,1740,movement,1,1.0,1,600.0,30,2.0,0.15,4.0,auto
7502,1668,1731,movement,1,1.0,1,600.0,30,2.0,0.15,4.0,auto
7503,1668,1732,waiting,1,1.0,1,100000.0,30,0.5,0.15,4.0,auto
7504,1669,1734,movement,1,1.0,1,600.0,30,2.0,0.15,4.0,auto
7505,1669,1741,movement,1,1.0,1,600.0,30,2.0,0.15,4.0,auto
7506,1669,1732,movement,1,1.0,1,600.0,30,2.0,0.15,4.0,auto
7507,1669,1733,waiting,1,1.0,1,100000.0,30,0.5,0.15,4.0,auto
7508,1670,1735,movement,1,1.0,1,600.0,30,2.0,0.15,4.0,auto
7509,1670,1742,movement,1,1.0,1,600.0,30,2.0,0.15,4.0,auto
7510,1670,1733,movement,1,1.0,1,600.0,30,2.0,0.15,4.0,auto
7511,1670,1734,waiting,1,1.0,1,100000.0,30,0.5,0.15,4.0,auto
7512,1671,1736,movement,1,1.0,1,600.0,30,2.0,0.15,4.0,auto
7513,1671,1743,movement,1,1.0,1,600.0,30,2.0,0.15,4.0,auto
7514,1671,1734,movement,1,1.0,1,600.0,30,2.0,0.15,4.0,auto
7515,1671,1735,waiting,1,1.0,1,100000.0,30,0.5,0.15,4.0,auto
7516,1672,1744,movement,1,1.0,1,600.0,30,2.0,0.15,4.0,auto
7517,1672,1735,movement,1,1.0,1,600.0,30,2.0,0.15,4.0,auto
7518,1672,1736,waiting,1,1.0,1,100000.0,30,0.5,0.15,4.0,auto
7519,1673,1738,movement,1,1.0,1,600.0,30,2.0,0.15,4.0,auto
7520,1673,1745,movement,1,1.0,1,600.0,30,2.0,0.15,4.0,auto
7521,1673,1729,movement,1,1.0,1,600.0,30,2.0,0.15,4.0,auto
7522,1673,1737,waiting,1,1.0,1,100000.0,30,0.5,0.15,4.0,auto
7523,1674,1739,movement,1,1.0,1,600.0,30,2.0,0.15,4.0,auto
7524,1674,1746,movement,1,1.0,1,600.0,30,2.0,0.15,4.0,auto
7525,1674,1737,movement,1,1.0,1,600.0,30,2.0,0.15,4.0,auto
7526,1674,1730,movement,1,1.0,1,600.0,30,2.0,0.15,4.0,auto
7527,1674,1738,waiting,1,1.0,1,100000.0,30,0.5,0.15,4.0,auto
7528,1675,1740,movement,1,1.0,1,600.0,30,2.0,0.15,4.0,auto
7529,1675,1747,movement,1,1.0,1,600.0,30,2.0,0.15,4.0,auto
7530,1675,1738,movement,1,1.0,1,600.0,30,2.0,0.15,4.0,auto
7531,1675,1731,movement,1,1.0,1,600.0,30,2.0,0.15,4.0,auto
7532,1675,1739,waiting,1,1.0,1,100000.0,30,0.5,0.15,4.0,auto
7533,1676,1741,movement,1,1.0,1,600.0,30,2.0,0.15,4.0,auto
7534,1676,1748,movement,1,1.0,1,600.0,30,2.0,0.15,4.0,auto
7535,1676,1739,movement,1,1.0,1,600.0,30,2.0,0.15,4.0,auto
7536,1676,1732,movement,1,1.0,1,600.0,30,2.0,0.15,4.0,auto
7537,1676,1740,waiting,1,1.0,1,100000.0,30,0.5,0.15,4.0,auto
7538,1677,1742,movement,1,1.0,1,600.0,30,2.0,0.15,4.0,auto
7539,1677,1749,movement,1,1.0,1,600.0,30,2.0,0.15,4.0,auto
7540,1677,1740,movement,1,1.0,1,600.0,30,2.0,0.15,4.0,auto
7541,1677,1733,movement,1,1.0,1,600.0,30,2.0,0.15,4.0,auto
7542,1677,1741,waiting,1,1.0,1,100000.0,30,0.5,0.15,4.0,auto
7543,1678,1743,movement,1,1.0,1,600.0,30,2.0,0.15,4.0,auto
7544,1678,1750,movement,1,1.0,1,600.0,30,2.0,0.15,4.0,auto
7545,1678,1741,movement,1,1.0,1,600.0,30,2.0,0.15,4.0,auto
7546,1678,1734,movement,1,1.0,1,600.0,30,2.0,0.15,4.0,auto
7547,1678,1742,waiting,1,1.0,1,100000.0,30,0.5,0.15,4.0,auto
7548,1679,1744,movement,1,1.0,1,600.0,30,2.0,0.15,4.0,auto
7549,1679,1751,movement,1,1.0,1,600.0,30,2.0,0.15,4.0,auto
7550,1679,1742,movement,1,1.0,1,600.0,30,2.0,0.15,4.0,auto
7551,1679,1735,movement,1,1.0,1,600.0,30,2.0,0.15,4.0,auto
7552,1679,1743,waiting,1,1.0,1,100000.0,30,0.5,0.15,4.0,auto
7553,1680,1752,movement,1,1.0,1,600.0,30,2.0,0.15,4.0,auto
7554,1680,1743,movement,1,1.0,1,600.0,30,2.0,0.15,4.0,auto
7555,1680,1736,movement,1,1.0,1,600.0,30,2.0,0.15,4.0,auto
7556,1680,1744,waiting,1,1.0,1,100000.0,30,0.5,0.15,4.0,auto
7557,1681,1746,movement,1,1.0,1,600.0,30,2.0,0.15,4.0,auto
7558,1681,1753,movement,1,1.0,1,600.0,30,2.0,0.15,4.0,auto
7559,1681,1737,movement,1,1.0,1,600.0,30,2.0,0.15,4.0,auto
7560,1681,1745,waiting,1,1.0,1,100000.0,30,0.5,0.15,4.0,auto
7561,1682,1747,movement,1,1.0,1,600.0,30,2.0,0.15,4.0,auto
7562,1682,1754,movement,1,1.0,1,600.0,30,2.0,0.15,4.0,auto
7563,1682,1745,movement,1,1.0,1,600.0,30,2.0,0.15,4.0,auto
7564,1682,1738,movement,1,1.0,1,600.0,30,2.0,0.15,4.0,auto
7565,1682,1746,waiting,1,1.0,1,100000.0,30,0.5,0.15,4.0,auto
7566,1683,1748,movement,1,1.0,1,600.0,30,2.0,0.15,4.0,auto
7567,1683,1755,movement,1,1.0,1,600.0,30,2.0,0.15,4.0,auto
7568,1683,1746,movement,1,1.0,1,600.0,30,2.0,0.15,4.0,auto
7569,1683,1739,movement,1,1.0,1,600.0,30,2.0,0.15,4.0,auto
7570,1683,1747,waiting,1,1.0,1,100000.0,30,0.5,0.15,4.0,auto
7571,1684,1749,movement,1,1.0,1,600.0,30,2.0,0.15,4.0,auto
7572,1684,1756,movement,1,1.0,1,600.0,30,2.0,0.15,4.0,auto
7573,1684,1747,movement,1,1.0,1,600.0,30,2.0,0.15,4.0,auto
7574,1684,1740,movement,1,1.0,1,600.0,30,2.0,0.15,4.0,auto
7575,1684,1748,waiting,1,1.0,1,100000.0,30,0.5,0.15,4.0,auto
7576,1685,1750,movement,1,1.0,1,600.0,30,2.0,0.15,4.0,auto
7577,1685,1757,movement,1,1.0,1,600.0,30,2.0,0.15,4.0,auto
7578,1685,1748,movement,1,1.0,1,600.0,30,2.0,0.15,4.0,auto
7579,1685,1741,movement,1,1.0,1,600.0,30,2.0,0.15,4.0,auto
7580,1685,1749,waiting,1,1.0,1,100000.0,30,0.5,0.15,4.0,auto
7581,1686,1751,movement,1,1.0,1,600.0,30,2.0,0.15,4.0,auto
7582,1686,1758,movement,1,1.0,1,600.0,30,2.0,0.15,4.0,auto
7583,1686,1749,movement,1,1.0,1,600.0,30,2.0,0.15,4.0,auto
7584,1686,1742,movement,1,1.0,1,600.0,30,2.0,0.15,4.0,auto
7585,1686,1750,waiting,1,1.0,1,100000.0,30,0.5,0.15,4.0,auto
7586,1687,1752,movement,1,1.0,1,600.0,30,2.0,0.15,4.0,auto
7587,1687,1759,movement,1,1.0,1,600.0,30,2.0,0.15,4.0,auto
7588,1687,1750,movement,1,1.0,1,600.0,30,2.0,0.15,4.0,auto
7589,1687,1743,movement,1,1.0,1,600.0,30,2.0,0.15,4.0,auto
7590,1687,1751,waiting,1,1.0,1,100000.0,30,0.5,0.15,4.0,auto
7591,1688,1760,movement,1,1.0,1,600.0,30,2.0,0.15,4.0,auto
7592,1688,1751,movement,1,1.0,1,600.0,30,2.0,0.15,4.0,auto
7593,1688,1744,movement,1,1.0,1,600.0,30,2.0,0.15,4.0,auto
7594,1688,1752,waiting,1,1.0,1,100000.0,30,0.5,0.15,4.0,auto
7595,1689,1754,movement,1,1.0,1,600.0,30,2.0,0.15,4.0,auto
7596,1689,1761,movement,1,1.0,1,600.0,30,2.0,0.15,4.0,auto
7597,1689,1745,movement,1,1.0,1,600.0,30,2.0,0.15,4.0,auto
7598,1689,1753,waiting,1,1.0,1,100000.0,30,0.5,0.15,4.0,auto
7599,1690,1755,movement,1,1.0,1,600.0,30,2.0,0.15,4.0,auto
7600,1690,1762,movement,1,1.0,1,600.0,30,2.0,0.15,4.0,auto
7601,1690,1753,movement,1,1.0,1,600.0,30,2.0,0.15,4.0,auto
7602,1690,1746,movement,1,1.0,1,600.0,30,2.0,0.15,4.0,auto
7603,1690,1754,waiting,1,1.0,1,100000.0,30,0.5,0.15,4.0,auto
7604,1691,1756,movement,1,1.0,1,600.0,30,2.0,0.15,4.0,auto
7605,1691,1763,movement,1,1.0,1,600.0,30,2.0,0.15,4.0,auto
7606,1691,1754,movement,1,1.0,1,600.0,30,2.0,0.15,4.0,auto
7607,1691,1747,movement,1,1.0,1,600.0,30,2.0,0.15,4.0,auto
7608,1691,1755,waiting,1,1.0,1,100000.0,30,0.5,0.15,4.0,auto
7609,1692,1757,movement,1,1.0,1,600.0,30,2.0,0.15,4.0,auto
7610,1692,1764,movement,1,1.0,1,600.0,30,2.0,0.15,4.0,auto
7611,1692,1755,movement,1,1.0,1,600.0,30,2.0,0.15,4.0,auto
7612,1692,1748,movement,1,1.0,1,600.0,30,2.0,0.15,4.0,auto
7613,1692,1756,waiting,1,1.0,1,100000.0,30,0.5,0.15,4.0,auto
7614,1693,1758,movement,1,1.0,1,600.0,30,2.0,0.15,4.0,auto
7615,1693,1765,movement,1,1.0,1,600.0,30,2.0,0.15,4.0,auto
7616,1693,1756,movement,1,1.0,1,600.0,30,2.0,0.15,4.0,auto
7617,1693,1749,movement,1,1.0,1,600.0,30,2.0,0.15,4.0,auto
7618,1693,1757,waiting,1,1.0,1,100000.0,30,0.5,0.15,4.0,auto
7619,1694,1759,movement,1,1.0,1,600.0,30,2.0,0.15,4.0,auto
7620,1694,1766,movement,1,1.0,1,600.0,30,2.0,0.15,4.0,auto
7621,1694,1757,movement,1,1.0,1,600.0,30,2.0,0.15,4.0,auto
7622,1694,1750,movement,1,1.0,1,600.0,30,2.0,0.15,4.0,auto
7623,1694,1758,waiting,1,1.0,1,100000.0,30,0.5,0.15,4.0,auto
7624,1695,1760,movement,1,1.0,1,600.0,30,2.0,0.15,4.0,auto
7625,1695,1767,movement,1,1.0,1,600.0,30,2.0,0.15,4.0,auto
7626,1695,1758,movement,1,1.0,1,600.0,30,2.0,0.15,4.0,auto
7627,1695,1751,movement,1,1.0,1,600.0,30,2.0,0.15,4.0,auto
7628,1695,1759,waiting,1,1.0,1,100000.0,30,0.5,0.15,4.0,auto
7629,1696,1768,movement,1,1.0,1,600.0,30,2.0,0.15,4.0,auto
7630,1696,1759,movement,1,1.0,1,600.0,30,2.0,0.15,4.0,auto
7631,1696,1752,movement,1,1.0,1,600.0,30,2.0,0.15,4.0,auto
7632,1696,1760,waiting,1,1.0,1,100000.0,30,0.5,0.15,4.0,auto
7633,1697,1762,movement,1,1.0,1,600.0,30,2.0,0.15,4.0,auto
7634,1697,1769,movement,1,1.0,1,600.0,30,2.0,0.15,4.0,auto
7635,1697,1753,movement,1,1.0,1,600.0,30,2.0,0.15,4.0,auto
7636,1697,1761,waiting,1,1.0,1,100000.0,30,0.5,0.15,4.0,auto
7637,1698,1763,movement,1,1.0,1,600.0,30,2.0,0.15,4.0,auto
7638,1698,1770,movement,1,1.0,1,600.0,30,2.0,0.15,4.0,auto
7639,1698,1761,movement,1,1.0,1,600.0,30,2.0,0.15,4.0,auto
7640,1698,1754,movement,1,1.0,1,600.0,30,2.0,0.15,4.0,auto
7641,1698,1762,waiting,1,1.0,1,100000.0,30,0.5,0.15,4.0,auto
7642,1699,1764,movement,1,1.0,1,600.0,30,2.0,0.15,4.0,auto
7643,1699,1771,movement,1,1.0,1,600.0,30,2.0,0.15,4.0,auto
7644,1699,1762,movement,1,1.0,1,600.0,30,2.0,0.15,4.0,auto
7645,1699,1755,movement,1,1.0,1,600.0,30,2.0,0.15,4.0,auto
7646,1699,1763,waiting,1,1.0,1,100000.0,30,0.5,0.15,4.0,auto
7647,1700,1765,movement,1,1.0,1,600.0,30,2.0,0.15,4.0,auto
7648,1700,1772,movement,1,1.0,1,600.0,30,2.0,0.15,4.0,auto
7649,1700,1763,movement,1,1.0,1,600.0,30,2.0,0.15,4.0,auto
7650,1700,1756,movement,1,1.0,1,600.0,30,2.0,0.15,4.0,auto
7651,1700,1764,waiting,1,1.0,1,100000.0,30,0.5,0.15,4.0,auto
7652,1701,1766,movement,1,1.0,1,600.0,30,2.0,0.15,4.0,auto
7653,1701,1773,movement,1,1.0,1,600.0,30,2.0,0.15,4.0,auto
7654,1701,1764,movement,1,1.0,1,600.0,30,2.0,0.15,4.0,auto
7655,1701,1757,movement,1,1.0,1,600.0,30,2.0,0.15,4.0,auto
7656,1701,1765,waiting,1,1.0,1,100000.0,30,0.5,0.15,4.0,auto
7657,1702,1767,movement,1,1.0,1,600.0,30,2.0,0.15,4.0,auto
7658,1702,1774,movement,1,1.0,1,600.0,30,2.0,0.15,4.0,auto
7659,1702,1765,movement,1,1.0,1,600.0,30,2.0,0.15,4.0,auto
7660,1702,1758,movement,1,1.0,1,600.0,30,2.0,0.15,4.0,auto
7661,1702,1766,waiting,1,1.0,1,100000.0,30,0.5,0.15,4.0,auto
7662,1703,1768,movement,1,1.0,1,600.0,30,2.0,0.15,4.0,auto
7663,1703,1775,movement,1,1.0,1,600.0,30,2.0,0.15,4.0,auto
7664,1703,1766,movement,1,1.0,1,600.0,30,2.0,0.15,4.0,auto
7665,1703,1759,movement,1,1.0,1,600.0,30,2.0,0.15,4.0,auto
7666,1703,1767,waiting,1,1.0,1,100000.0,30,0.5,0.15,4.0,auto
7667,1704,1776,movement,1,1.0,1,600.0,30,2.0,0.15,4.0,auto
7668,1704,1767,movement,1,1.0,1,600.0,30,2.0,0.15,4.0,auto
7669,1704,1760,movement,1,1.0,1,600.0,30,2.0,0.15,4.0,auto
7670,1704,1768,waiting,1,1.0,1,100000.0,30,0.5,0.15,4.0,auto
7671,1705,1770,movement,1,1.0,1,600.0,30,2.0,0.15,4.0,auto
7672,1705,1777,movement,1,1.0,1,600.0,30,2.0,0.15,4.0,auto
7673,1705,1761,movement,1,1.0,1,600.0,30,2.0,0.15,4.0,auto
7674,1705,1769,waiting,1,1.0,1,100000.0,30,0.5,0.15,4.0,auto
7675,1706,1771,movement,1,1.0,1,600.0,30,2.0,0.15,4.0,auto
7676,1706,1778,movement,1,1.0,1,600.0,30,2.0,0.15,4.0,auto
7677,1706,1769,movement,1,1.0,1,600.0,30,2.0,0.15,4.0,auto
7678,1706,1762,movement,1,1.0,1,600.0,30,2.0,0.15,4.0,auto
7679,1706,1770,waiting,1,1.0,1,100000.0,30,0.5,0.15,4.0,auto
7680,1707,1772,movement,1,1.0,1,600.0,30,2.0,0.15,4.0,auto
7681,1707,1779,movement,1,1.0,1,600.0,30,2.0,0.15,4.0,auto
7682,1707,1770,movement,1,1.0,1,600.0,30,2.0,0.15,4.0,auto
7683,1707,1763,movement,1,1.0,1,600.0,30,2.0,0.15,4.0,auto
7684,1707,1771,waiting,1,1.0,1,100000.0,30,0.5,0.15,4.0,auto
7685,1708,1773,movement,1,1.0,1,600.0,30,2.0,0.15,4.0,auto
7686,1708,1780,movement,1,1.0,1,600.0,30,2.0,0.15,4.0,auto
7687,1708,1771,movement,1,1.0,1,600.0,30,2.0,0.15,4.0,auto
7688,1708,1764,movement,1,1.0,1,600.0,30,2.0,0.15,4.0,auto
7689,1708,1772,waiting,1,1.0,1,100000.0,30,0.5,0.15,4.0,auto
7690,1709,1774,movement,1,1.0,1,600.0,30,2.0,0.15,4.0,auto
7691,1709,1781,movement,1,1.0,1,600.0,30,2.0,0.15,4.0,auto
7692,1709,1772,movement,1,1.0,1,600.0,30,2.0,0.15,4.0,auto
7693,1709,1765,movement,1,1.0,1,600.0,30,2.0,0.15,4.0,auto
7694,1709,1773,waiting,1,1.0,1,100000.0,30,0.5,0.15,4.0,auto
7695,1710,1775,movement,1,1.0,1,600.0,30,2.0,0.15,4.0,auto
7696,1710,1782,movement,1,1.0,1,600.0,30,2.0,0.15,4.0,auto
7697,1710,1773,movement,1,1.0,1,600.0,30,2.0,0.15,4.0,auto
7698,1710,1766,movement,1,1.0,1,600.0,30,2.0,0.15,4.0,auto
7699,1710,1774,waiting,1,1.0,1,100000.0,30,0.5,0.15,4.0,auto
7700,1711,1776,movement,1,1.0,1,600.0,30,2.0,0.15,4.0,auto
7701,1711,1783,movement,1,1.0,1,600.0,30,2.0,0.15,4.0,auto
7702,1711,1774,movement,1,1.0,1,600.0,30,2.0,0.15,4.0,auto
7703,1711,1767,movement,1,1.0,1,600.0,30,2.0,0.15,4.0,auto
7704,1711,1775,waiting,1,1.0,1,100000.0,30,0.5,0.15,4.0,auto
7705,1712,1784,movement,1,1.0,1,600.0,30,2.0,0.15,4.0,auto
7706,1712,1775,movement,1,1.0,1,600.0,30,2.0,0.15,4.0,auto
7707,1712,1768,movement,1,1.0,1,600.0,30,2.0,0.15,4.0,auto
7708,1712,1776,waiting,1,1.0,1,100000.0,30,0.5,0.15,4.0,auto
7709,1713,1778,movement,1,1.0,1,600.0,30,2.0,0.15,4.0,auto
7710,1713,1785,movement,1,1.0,1,600.0,30,2.0,0.15,4.0,auto
7711,1713,1769,movement,1,1.0,1,600.0,30,2.0,0.15,4.0,auto
7712,1713,1777,waiting,1,1.0,1,100000.0,30,0.5,0.15,4.0,auto
7713,1714,1779,movement,1,1.0,1,600.0,30,2.0,0.15,4.0,auto
7714,1714,1786,movement,1,1.0,1,600.0,30,2.0,0.15,4.0,auto
7715,1714,1777,movement,1,1.0,1,600.0,30,2.0,0.15,4.0,auto
7716,1714,1770,movement,1,1.0,1,600.0,30,2.0,0.15,4.0,auto
7717,1714,1778,waiting,1,1.0,1,100000.0,30,0.5,0.15,4.0,auto
7718,1715,1780,movement,1,1.0,1,600.0,30,2.0,0.15,4.0,auto
7719,1715,1787,movement,1,1.0,1,600.0,30,2.0,0.15,4.0,auto
7720,1715,1778,movement,1,1.0,1,600.0,30,2.0,0.15,4.0,auto
7721,1715,1771,movement,1,1.0,1,600.0,30,2.0,0.15,4.0,auto
7722,1715,1779,waiting,1,1.0,1,100000.0,30,0.5,0.15,4.0,auto
7723,1716,1781,movement,1,1.0,1,600.0,30,2.0,0.15,4.0,auto
7724,1716,1788,movement,1,1.0,1,600.0,30,2.0,0.15,4.0,auto
7725,1716,1779,movement,1,1.0,1,600.0,30,2.0,0.15,4.0,auto
7726,1716,1772,movement,1,1.0,1,600.0,30,2.0,0.15,4.0,auto
7727,1716,1780,waiting,1,1.0,1,100000.0,30,0.5,0.15,4.0,auto
7728,1717,1782,movement,1,1.0,1,600.0,30,2.0,0.15,4.0,auto
7729,1717,1789,movement,1,1.0,1,600.0,30,2.0,0.15,4.0,auto
7730,1717,1780,movement,1,1.0,1,600.0,30,2.0,0.15,4.0,auto
7731,1717,1773,movement,1,1.0,1,600.0,30,2.0,0.15,4.0,auto
7732,1717,1781,waiting,1,1.0,1,100000.0,30,0.5,0.15,4.0,auto
7733,1718,1783,movement,1,1.0,1,600.0,30,2.0,0.15,4.0,auto
7734,1718,1790,movement,1,1.0,1,600.0,30,2.0,0.15,4.0,auto
7735,1718,1781,movement,1,1.0,1,600.0,30,2.0,0.15,4.0,auto
7736,1718,1774,movement,1,1.0,1,600.0,30,2.0,0.15,4.0,auto
7737,1718,1782,waiting,1,1.0,1,100000.0,30,0.5,0.15,4.0,auto
7738,1719,1784,movement,1,1.0,1,600.0,30,2.0,0.15,4.0,auto
7739,1719,1791,movement,1,1.0,1,600.0,30,2.0,0.15,4.0,auto
7740,1719,1782,movement,1,1.0,1,600.0,30,2.0,0.15,4.0,auto
7741,1719,1775,movement,1,1.0,1,600.0,30,2.0,0.15,4.0,auto
7742,1719,1783,waiting,1,1.0,1,100000.0,30,0.5,0.15,4.0,auto
7743,1720,1792,movement,1,1.0,1,600.0,30,2.0,0.15,4.0,auto
7744,1720,1783,movement,1,1.0,1,600.0,30,2.0,0.15,4.0,auto
7745,1720,1776,movement,1,1.0,1,600.0,30,2.0,0.15,4.0,auto
7746,1720,1784,waiting,1,1.0,1,100000.0,30,0.5,0.15,4.0,auto
7747,1721,1786,movement,1,1.0,1,600.0,30,2.0,0.15,4.0,auto
7748,1721,1777,movement,1,1.0,1,600.0,30,2.0,0.15,4.0,auto
7749,1721,1785,waiting,1,1.0,1,100000.0,30,0.5,0.15,4.0,auto
7750,1722,1787,movement,1,1.0,1,600.0,30,2.0,0.15,4.0,auto
7751,1722,1785,movement,1,1.0,1,600.0,30,2.0,0.15,4.0,auto
7752,1722,1778,movement,1,1.0,1,600.0,30,2.0,0.15,4.0,auto
7753,1722,1786,waiting,1,1.0,1,100000.0,30,0.5,0.15,4.0,auto
7754,1723,1788,movement,1,1.0,1,600.0,30,2.0,0.15,4.0,auto
7755,1723,1786,movement,1,1.0,1,600.0,30,2.0,0.15,4.0,auto
7756,1723,1779,movement,1,1.0,1,600.0,30,2.0,0.15,4.0,auto
7757,1723,1787,waiting,1,1.0,1,100000.0,30,0.5,0.15,4.0,auto
7758,1724,1789,movement,1,1.0,1,600.0,30,2.0,0.15,4.0,auto
7759,1724,1787,movement,1,1.0,1,600.0,30,2.0,0.15,4.0,auto
7760,1724,1780,movement,1,1.0,1,600.0,30,2.0,0.15,4.0,auto
7761,1724,1788,waiting,1,1.0,1,100000.0,30,0.5,0.15,4.0,auto
7762,1725,1790,movement,1,1.0,1,600.0,30,2.0,0.15,4.0,auto
7763,1725,1788,movement,1,1.0,1,600.0,30,2.0,0.15,4.0,auto
7764,1725,1781,movement,1,1.0,1,600.0,30,2.0,0.15,4.0,auto
7765,1725,1789,waiting,1,1.0,1,100000.0,30,0.5,0.15,4.0,auto
7766,1726,1791,movement,1,1.0,1,600.0,30,2.0,0.15,4.0,auto
7767,1726,1789,movement,1,1.0,1,600.0,30,2.0,0.15,4.0,auto
7768,1726,1782,movement,1,1.0,1,600.0,30,2.0,0.15,4.0,auto
7769,1726,1790,waiting,1,1.0,1,100000.0,30,0.5,0.15,4.0,auto
7770,1727,1792,movement,1,1.0,1,600.0,30,2.0,0.15,4.0,auto
7771,1727,1790,movement,1,1.0,1,600.0,30,2.0,0.15,4.0,auto
7772,1727,1783,movement,1,1.0,1,600.0,30,2.0,0.15,4.0,auto
7773,1727,1791,waiting,1,1.0,1,100000.0,30,0.5,0.15,4.0,auto
7774,1728,1791,movement,1,1.0,1,600.0,30,2.0,0.15,4.0,auto
7775,1728,1784,movement,1,1.0,1,600.0,30,2.0,0.15,4.0,auto
7776,1728,1792,waiting,1,1.0,1,100000.0,30,0.5,0.15,4.0,auto
7777,1729,1794,movement,1,1.0,1,600.0,30,2.0,0.15,4.0,auto
7778,1729,1801,movement,1,1.0,1,600.0,30,2.0,0.15,4.0,auto
7779,1729,1793,waiting,1,1.0,1,100000.0,30,0.5,0.15,4.0,auto
7780,1730,1795,movement,1,1.0,1,600.0,30,2.0,0.15,4.0,auto
7781,1730,1802,movement,1,1.0,1,600.0,30,2.0,0.15,4.0,auto
7782,1730,1793,movement,1,1.0,1,600.0,30,2.0,0.15,4.0,auto
7783,1730,1794,waiting,1,1.0,1,100000.0,30,0.5,0.15,4.0,auto
7784,1731,1796,movement,1,1.0,1,600.0,30,2.0,0.15,4.0,auto
7785,1731,1803,movement,1,1.0,1,600.0,30,2.0,0.15,4.0,auto
7786,1731,1794,movement,1,1.0,1,600.0,30,2.0,0.15,4.0,auto
7787,1731,1795,waiting,1,1.0,1,100000.0,30,0.5,0.15,4.0,auto
7788,1732,1797,movement,1,1.0,1,600.0,30,2.0,0.15,4.0,auto
7789,1732,1804,movement,1,1.0,1,600.0,30,2.0,0.15,4.0,auto
7790,1732,1795,movement,1,1.0,1,600.0,30,2.0,0.15,4.0,auto
7791,1732,1796,waiting,1,1.0,1,100000.0,30,0.5,0.15,4.0,auto
7792,1733,1798,movement,1,1.0,1,600.0,30,2.0,0.15,4.0,auto
7793,1733,1805,movement,1,1.0,1,600.0,30,2.0,0.15,4.0,auto
7794,1733,1796,movement,1,1.0,1,600.0,30,2.0,0.15,4.0,auto
7795,1733,1797,waiting,1,1.0,1,100000.0,30,0.5,0.15,4.0,auto
7796,1734,1799,movement,1,1.0,1,600.0,30,2.0,0.15,4.0,auto
7797,1734,1806,movement,1,1.0,1,600.0,30,2.0,0.15,4.0,auto
7798,1734,1797,movement,1,1.0,1,600.0,30,2.0,0.15,4.0,auto
7799,1734,1798,waiting,1,1.0,1,100000.0,30,0.5,0.15,4.0,auto
7800,1735,1800,movement,1,1.0,1,600.0,30,2.0,0.15,4.0,auto
7801,1735,1807,movement,1,1.0,1,600.0,30,2.0,0.15,4.0,auto
7802,1735,1798,movement,1,1.0,1,600.0,30,2.0,0.15,4.0,auto
7803,1735,1799,waiting,1,1.0,1,100000.0,30,0.5,0.15,4.0,auto
7804,1736,1808,movement,1,1.0,1,600.0,30,2.0,0.15,4.0,auto
7805,1736,1799,movement,1,1.0,1,600.0,30,2.0,0.15,4.0,auto
7806,1736,1800,waiting,1,1.0,1,100000.0,30,0.5,0.15,4.0,auto
7807,1737,1802,movement,1,1.0,1,600.0,30,2.0,0.15,4.0,auto
7808,1737,1809,movement,1,1.0,1,600.0,30,2.0,0.15,4.0,auto
7809,1737,1793,movement,1,1.0,1,600.0,30,2.0,0.15,4.0,auto
7810,1737,1801,waiting,1,1.0,1,100000.0,30,0.5,0.15,4.0,auto
7811,1738,1803,movement,1,1.0,1,600.0,30,2.0,0.15,4.0,auto
7812,1738,1810,movement,1,1.0,1,600.0,30,2.0,0.15,4.0,auto
7813,1738,1801,movement,1,1.0,1,600.0,30,2.0,0.15,4.0,auto
7814,1738,1794,movement,1,1.0,1,600.0,30,2.0,0.15,4.0,auto
7815,1738,1802,waiting,1,1.0,1,100000.0,30,0.5,0.15,4.0,auto
7816,1739,1804,movement,1,1.0,1,600.0,30,2.0,0.15,4.0,auto
7817,1739,1811,movement,1,1.0,1,600.0,30,2.0,0.15,4.0,auto
7818,1739,1802,movement,1,1.0,1,600.0,30,2.0,0.15,4.0,auto
7819,1739,1795,movement,1,1.0,1,600.0,30,2.0,0.15,4.0,auto
7820,1739,1803,waiting,1,1.0,1,100000.0,30,0.5,0.15,4.0,auto
7821,1740,1805,movement,1,1.0,1,600.0,30,2.0,0.15,4.0,auto
7822,1740,1812,movement,1,1.0,1,600.0,30,2.0,0.15,4.0,auto
7823,1740,1803,movement,1,1.0,1,600.0,30,2.0,0.15,4.0,auto
7824,1740,1796,movement,1,1.0,1,600.0,30,2.0,0.15,4.0,auto
7825,1740,1804,waiting,1,1.0,1,100000.0,30,0.5,0.15,4.0,auto
7826,1741,1806,movement,1,1.0,1,600.0,30,2.0,0.15,4.0,auto
7827,1741,1813,movement,1,1.0,1,600.0,30,2.0,0.15,4.0,auto
7828,1741,1804,movement,1,1.0,1,600.0,30,2.0,0.15,4.0,auto
7829,1741,1797,movement,1,1.0,1,600.0,30,2.0,0.15,4.0,auto
7830,1741,1805,waiting,1,1.0,1,100000.0,30,0.5,0.15,4.0,auto
7831,1742,1807,movement,1,1.0,1,600.0,30,2.0,0.15,4.0,auto
7832,1742,1814,movement,1,1.0,1,600.0,30,2.0,0.15,4.0,auto
7833,1742,1805,movement,1,1.0,1,600.0,30,2.0,0.15,4.0,auto
7834,1742,1798,movement,1,1.0,1,600.0,30,2.0,0.15,4.0,auto
7835,1742,1806,waiting,1,1.0,1,100000.0,30,0.5,0.15,4.0,auto
7836,1743,1808,movement,1,1.0,1,600.0,30,2.0,0.15,4.0,auto
7837,1743,1815,movement,1,1.0,1,600.0,30,2.0,0.15,4.0,auto
7838,1743,1806,movement,1,1.0,1,600.0,30,2.0,0.15,4.0,auto
7839,1743,1799,movement,1,1.0,1,600.0,30,2.0,0.15,4.0,auto
7840,1743,1807,waiting,1,1.0,1,100000.0,30,0.5,0.15,4.0,auto
7841,1744,1816,movement,1,1.0,1,600.0,30,2.0,0.15,4.0,auto
7842,1744,1807,movement,1,1.0,1,600.0,30,2.0,0.15,4.0,auto
7843,1744,1800,movement,1,1.0,1,600.0,30,2.0,0.15,4.0,auto
7844,1744,1808,waiting,1,1.0,1,100000.0,30,0.5,0.15,4.0,auto
7845,1745,1810,movement,1,1.0,1,600.0,30,2.0,0.15,4.0,auto
7846,1745,1817,movement,1,1.0,1,600.0,30,2.0,0.15,4.0,auto
7847,1745,1801,movement,1,1.0,1,600.0,30,2.0,0.15,4.0,auto
7848,1745,1809,waiting,1,1.0,1,100000.0,30,0.5,0.15,4.0,auto
7849,1746,1811,movement,1,1.0,1,600.0,30,2.0,0.15,4.0,auto
7850,1746,1818,movement,1,1.0,1,600.0,30,2.0,0.15,4.0,auto
7851,1746,1809,movement,1,1.0,1,600.0,30,2.0,0.15,4.0,auto
7852,1746,1802,movement,1,1.0,1,600.0,30,2.0,0.15,4.0,auto
7853,1746,1810,waiting,1,1.0,1,100000.0,30,0.5,0.15,4.0,auto
7854,1747,1812,movement,1,1.0,1,600.0,30,2.0,0.15,4.0,auto
7855,1747,1819,movement,1,1.0,1,600.0,30,2.0,0.15,4.0,auto
7856,1747,1810,movement,1,1.0,1,600.0,30,2.0,0.15,4.0,auto
7857,1747,1803,movement,1,1.0,1,600.0,30,2.0,0.15,4.0,auto
7858,1747,1811,waiting,1,1.0,1,100000.0,30,0.5,0.15,4.0,auto
7859,1748,1813,movement,1,1.0,1,600.0,30,2.0,0.15,4.0,auto
7860,1748,1820,movement,1,1.0,1,600.0,30,2.0,0.15,4.0,auto
7861,1748,1811,movement,1,1.0,1,600.0,30,2.0,0.15,4.0,auto
7862,1748,1804,movement,1,1.0,1,600.0,30,2.0,0.15,4.0,auto
7863,1748,1812,waiting,1,1.0,1,100000.0,30,0.5,0.15,4.0,auto
7864,1749,1814,movement,1,1.0,1,600.0,30,2.0,0.15,4.0,auto
7865,1749,1821,movement,1,1.0,1,600.0,30,2.0,0.15,4.0,auto
7866,1749,1812,movement,1,1.0,1,600.0,30,2.0,0.15,4.0,auto
7867,1749,1805,movement,1,1.0,1,600.0,30,2.0,0.15,4.0,auto
7868,1749,1813,waiting,1,1.0,1,100000.0,30,0.5,0.15,4.0,auto
7869,1750,1815,movement,1,1.0,1,600.0,30,2.0,0.15,4.0,auto
7870,1750,1822,movement,1,1.0,1,600.0,30,2.0,0.15,4.0,auto
7871,1750,1813,movement,1,1.0,1,600.0,30,2.0,0.15,4.0,auto
7872,1750,1806,movement,1,1.0,1,600.0,30,2.0,0.15,4.0,auto
7873,1750,1814,waiting,1,1.0,1,100000.0,30,0.5,0.15,4.0,auto
7874,1751,1816,movement,1,1.0,1,600.0,30,2.0,0.15,4.0,auto
7875,1751,1823,movement,1,1.0,1,600.0,30,2.0,0.15,4.0,auto
7876,1751,1814,movement,1,1.0,1,600.0,30,2.0,0.15,4.0,auto
7877,1751,1807,movement,1,1.0,1,600.0,30,2.0,0.15,4.0,auto
7878,1751,1815,waiting,1,1.0,1,100000.0,30,0.5,0.15,4.0,auto
7879,1752,1824,movement,1,1.0,1,600.0,30,2.0,0.15,4.0,auto
7880,1752,1815,movement,1,1.0,1,600.0,30,2.0,0.15,4.0,auto
7881,1752,1808,movement,1,1.0,1,600.0,30,2.0,0.15,4.0,auto
7882,1752,1816,waiting,1,1.0,1,100000.0,30,0.5,0.15,4.0,auto
7883,1753,1818,movement,1,1.0,1,600.0,30,2.0,0.15,4.0,auto
7884,1753,1825,movement,1,1.0,1,600.0,30,2.0,0.15,4.0,auto
7885,1753,1809,movement,1,1.0,1,600.0,30,2.0,0.15,4.0,auto
7886,1753,1817,waiting,1,1.0,1,100000.0,30,0.5,0.15,4.0,auto
7887,1754,1819,movement,1,1.0,1,600.0,30,2.0,0.15,4.0,auto
7888,1754,1826,movement,1,1.0,1,600.0,30,2.0,0.15,4.0,auto
7889,1754,1817,movement,1,1.0,1,600.0,30,2.0,0.15,4.0,auto
7890,1754,1810,movement,1,1.0,1,600.0,30,2.0,0.15,4.0,auto
7891,1754,1818,waiting,1,1.0,1,100000.0,30,0.5,0.15,4.0,auto
7892,1755,1820,movement,1,1.0,1,600.0,30,2.0,0.15,4.0,auto
7893,1755,1827,movement,1,1.0,1,600.0,30,2.0,0.15,4.0,auto
7894,1755,1818,movement,1,1.0,1,600.0,30,2.0,0.15,4.0,auto
7895,1755,1811,movement,1,1.0,1,600.0,30,2.0,0.15,4.0,auto
7896,1755,1819,waiting,1,1.0,1,100000.0,30,0.5,0.15,4.0,auto
7897,1756,1821,movement,1,1.0,1,600.0,30,2.0,0.15,4.0,auto
7898,1756,1828,movement,1,1.0,1,600.0,30,2.0,0.15,4.0,auto
7899,1756,1819,movement,1,1.0,1,600.0,30,2.0,0.15,4.0,auto
7900,1756,1812,movement,1,1.0,1,600.0,30,2.0,0.15,4.0,auto
7901,1756,1820,waiting,1,1.0,1,100000.0,30,0.5,0.15,4.0,auto
7902,1757,1822,movement,1,1.0,1,600.0,30,2.0,0.15,4.0,auto
7903,1757,1829,movement,1,1.0,1,600.0,30,2.0,0.15,4.0,auto
7904,1757,1820,movement,1,1.0,1,600.0,30,2.0,0.15,4.0,auto
7905,1757,1813,movement,1,1.0,1,600.0,30,2.0,0.15,4.0,auto
7906,1757,1821,waiting,1,1.0,1,100000.0,30,0.5,0.15,4.0,auto
7907,1758,1823,movement,1,1.0,1,600.0,30,2.0,0.15,4.0,auto
7908,1758,1830,movement,1,1.0,1,600.0,30,2.0,0.15,4.0,auto
7909,1758,1821,movement,1,1.0,1,600.0,30,2.0,0.15,4.0,auto
7910,1758,1814,movement,1,1.0,1,600.0,30,2.0,0.15,4.0,auto
7911,1758,1822,waiting,1,1.0,1,100000.0,30,0.5,0.15,4.0,auto
7912,1759,1824,movement,1,1.0,1,600.0,30,2.0,0.15,4.0,auto
7913,1759,1831,movement,1,1.0,1,600.0,30,2.0,0.15,4.0,auto
7914,1759,1822,movement,1,1.0,1,600.0,30,2.0,0.15,4.0,auto
7915,1759,1815,movement,1,1.0,1,600.0,30,2.0,0.15,4.0,auto
7916,1759,1823,waiting,1,1.0,1,100000.0,30,0.5,0.15,4.0,auto
7917,1760,1832,movement,1,1.0,1,600.0,30,2.0,0.15,4.0,auto
7918,1760,1823,movement,1,1.0,1,600.0,30,2.0,0.15,4.0,auto
7919,1760,1816,movement,1,1.0,1,600.0,30,2.0,0.15,4.0,auto
7920,1760,1824,waiting,1,1.0,1,100000.0,30,0.5,0.15,4.0,auto
7921,1761,1826,movement,1,1.0,1,600.0,30,2.0,0.15,4.0,auto
7922,1761,1833,movement,1,1.0,1,600.0,30,2.0,0.15,4.0,auto
7923,1761,1817,movement,1,1.0,1,600.0,30,2.0,0.15,4.0,auto
7924,1761,1825,waiting,1,1.0,1,100000.0,30,0.5,0.15,4.0,auto
7925,1762,1827,movement,1,1.0,1,600.0,30,2.0,0.15,4.0,auto
7926,1762,1834,movement,1,1.0,1,600.0,30,2.0,0.15,4.0,auto
7927,1762,1825,movement,1,1.0,1,600.0,30,2.0,0.15,4.0,auto
7928,1762,1818,movement,1,1.0,1,600.0,30,2.0,0.15,4.0,auto
7929,1762,1826,waiting,1,1.0,1,100000.0,30,0.5,0.15,4.0,auto
7930,1763,1828,movement,1,1.0,1,600.0,30,2.0,0.15,4.0,auto
7931,1763,1835,movement,1,1.0,1,600.0,30,2.0,0.15,4.0,auto
7932,1763,1826,movement,1,1.0,1,600.0,30,2.0,0.15,4.0,auto
7933,1763,1819,movement,1,1.0,1,600.0,30,2.0,0.15,4.0,auto
7934,1763,1827,waiting,1,1.0,1,100000.0,30,0.5,0.15,4.0,auto
7935,1764,1829,movement,1,1.0,1,600.0,30,2.0,0.15,4.0,auto
7936,1764,1836,movement,1,1.0,1,600.0,30,2.0,0.15,4.0,auto
7937,1764,1827,movement,1,1.0,1,600.0,30,2.0,0.15,4.0,auto
7938,1764,1820,movement,1,1.0,1,600.0,30,2.0,0.15,4.0,auto
7939,1764,1828,waiting,1,1.0,1,100000.0,30,0.5,0.15,4.0,auto
7940,1765,1830,movement,1,1.0,1,600.0,30,2.0,0.15,4.0,auto
7941,1765,1837,movement,1,1.0,1,600.0,30,2.0,0.15,4.0,auto
7942,1765,1828,movement,1,1.0,1,600.0,30,2.0,0.15,4.0,auto
7943,1765,1821,movement,1,1.0,1,600.0,30,2.0,0.15,4.0,auto
7944,1765,1829,waiting,1,1.0,1,100000.0,30,0.5,0.15,4.0,auto
7945,1766,1831,movement,1,1.0,1,600.0,30,2.0,0.15,4.0,auto
7946,1766,1838,movement,1,1.0,1,600.0,30,2.0,0.15,4.0,auto
7947,1766,1829,movement,1,1.0,1,600.0,30,2.0,0.15,4.0,auto
7948,1766,1822,movement,1,1.0,1,600.0,30,2.0,0.15,4.0,auto
7949,1766,1830,waiting,1,1.0,1,100000.0,30,0.5,0.15,4.0,auto
7950,1767,1832,movement,1,1.0,1,600.0,30,2.0,0.15,4.0,auto
7951,1767,1839,movement,1,1.0,1,600.0,30,2.0,0.15,4.0,auto
7952,1767,1830,movement,1,1.0,1,600.0,30,2.0,0.15,4.0,auto
7953,1767,1823,movement,1,1.0,1,600.0,30,2.0,0.15,4.0,auto
7954,1767,1831,waiting,1,1.0,1,100000.0,30,0.5,0.15,4.0,auto
7955,1768,1840,movement,1,1.0,1,600.0,30,2.0,0.15,4.0,auto
7956,1768,1831,movement,1,1.0,1,600.0,30,2.0,0.15,4.0,auto
7957,1768,1824,movement,1,1.0,1,600.0,30,2.0,0.15,4.0,auto
7958,1768,1832,waiting,1,1.0,1,100000.0,30,0.5,0.15,4.0,auto
7959,1769,1834,movement,1,1.0,1,600.0,30,2.0,0.15,4.0,auto
7960,1769,1841,movement,1,1.0,1,600.0,30,2.0,0.15,4.0,auto
7961,1769,1825,movement,1,1.0,1,600.0,30,2.0,0.15,4.0,auto
7962,1769,1833,waiting,1,1.0,1,100000.0,30,0.5,0.15,4.0,auto
7963,1770,1835,movement,1,1.0,1,600.0,30,2.0,0.15,4.0,auto
7964,1770,1842,movement,1,1.0,1,600.0,30,2.0,0.15,4.0,auto
7965,1770,1833,movement,1,1.0,1,600.0,30,2.0,0.15,4.0,auto
7966,1770,1826,movement,1,1.0,1,600.0,30,2.0,0.15,4.0,auto
7967,1770,1834,waiting,1,1.0,1,100000.0,30,0.5,0.15,4.0,auto
7968,1771,1836,movement,1,1.0,1,600.0,30,2.0,0.15,4.0,auto
7969,1771,1843,movement,1,1.0,1,600.0,30,2.0,0.15,4.0,auto
7970,1771,1834,movement,1,1.0,1,600.0,30,2.0,0.15,4.0,auto
7971,1771,1827,movement,1,1.0,1,600.0,30,2.0,0.15,4.0,auto
7972,1771,1835,waiting,1,1.0,1,100000.0,30,0.5,0.15,4.0,auto
7973,1772,1837,movement,1,1.0,1,600.0,30,2.0,0.15,4.0,auto
7974,1772,1844,movement,1,1.0,1,600.0,30,2.0,0.15,4.0,auto
7975,1772,1835,movement,1,1.0,1,600.0,30,2.0,0.15,4.0,auto
7976,1772,1828,movement,1,1.0,1,600.0,30,2.0,0.15,4.0,auto
7977,1772,1836,waiting,1,1.0,1,100000.0,30,0.5,0.15,4.0,auto
7978,1773,1838,movement,1,1.0,1,600.0,30,2.0,0.15,4.0,auto
7979,1773,1845,movement,1,1.0,1,600.0,30,2.0,0.15,4.0,auto
7980,1773,1836,movement,1,1.0,1,600.0,30,2.0,0.15,4.0,auto
7981,1773,1829,movement,1,1.0,1,600.0,30,2.0,0.15,4.0,auto
7982,1773,1837,waiting,1,1.0,1,100000.0,30,0.5,0.15,4.0,auto
7983,1774,1839,movement,1,1.0,1,600.0,30,2.0,0.15,4.0,auto
7984,1774,1846,movement,1,1.0,1,600.0,30,2.0,0.15,4.0,auto
7985,1774,1837,movement,1,1.0,1,600.0,30,2.0,0.15,4.0,auto
7986,1774,1830,movement,1,1.0,1,600.0,30,2.0,0.15,4.0,auto
7987,1774,1838,waiting,1,1.0,1,100000.0,30,0.5,0.15,4.0,auto
7988,1775,1840,movement,1,1.0,1,600.0,30,2.0,0.15,4.0,auto
7989,1775,1847,movement,1,1.0,1,600.0,30,2.0,0.15,4.0,auto
7990,1775,1838,movement,1,1.0,1,600.0,30,2.0,0.15,4.0,auto
7991,1775,1831,movement,1,1.0,1,600.0,30,2.0,0.15,4.0,auto
7992,1775,1839,waiting,1,1.0,1,100000.0,30,0.5,0.15,4.0,auto
7993,1776,1848,movement,1,1.0,1,600.0,30,2.0,0.15,4.0,auto
7994,1776,1839,movement,1,1.0,1,600.0,30,2.0,0.15,4.0,auto
7995,1776,1832,movement,1,1.0,1,600.0,30,2.0,0.15,4.0,auto
7996,1776,1840,waiting,1,1.0,1,100000.0,30,0.5,0.15,4.0,auto
7997,1777,1842,movement,1,1.0,1,600.0,30,2.0,0.15,4.0,auto
7998,1777,1849,movement,1,1.0,1,600.0,30,2.0,0.15,4.0,auto
7999,1777,1833,movement,1,1.0,1,600.0,30,2.0,0.15,4.0,auto
8000,1777,1841,waiting,1,1.0,1,100000.0,30,0.5,0.15,4.0,auto
8001,1778,1843,movement,1,1.0,1,600.0,30,2.0,0.15,4.0,auto
8002,1778,1850,movement,1,1.0,1,600.0,30,2.0,0.15,4.0,auto
8003,1778,1841,movement,1,1.0,1,600.0,30,2.0,0.15,4.0,auto
8004,1778,1834,movement,1,1.0,1,600.0,30,2.0,0.15,4.0,auto
8005,1778,1842,waiting,1,1.0,1,100000.0,30,0.5,0.15,4.0,auto
8006,1779,1844,movement,1,1.0,1,600.0,30,2.0,0.15,4.0,auto
8007,1779,1851,movement,1,1.0,1,600.0,30,2.0,0.15,4.0,auto
8008,1779,1842,movement,1,1.0,1,600.0,30,2.0,0.15,4.0,auto
8009,1779,1835,movement,1,1.0,1,600.0,30,2.0,0.15,4.0,auto
8010,1779,1843,waiting,1,1.0,1,100000.0,30,0.5,0.15,4.0,auto
8011,1780,1845,movement,1,1.0,1,600.0,30,2.0,0.15,4.0,auto
8012,1780,1852,movement,1,1.0,1,600.0,30,2.0,0.15,4.0,auto
8013,1780,1843,movement,1,1.0,1,600.0,30,2.0,0.15,4.0,auto
8014,1780,1836,movement,1,1.0,1,600.0,30,2.0,0.15,4.0,auto
8015,1780,1844,waiting,1,1.0,1,100000.0,30,0.5,0.15,4.0,auto
8016,1781,1846,movement,1,1.0,1,600.0,30,2.0,0.15,4.0,auto
8017,1781,1853,movement,1,1.0,1,600.0,30,2.0,0.15,4.0,auto
8018,1781,1844,movement,1,1.0,1,600.0,30,2.0,0.15,4.0,auto
8019,1781,1837,movement,1,1.0,1,600.0,30,2.0,0.15,4.0,auto
8020,1781,1845,waiting,1,1.0,1,100000.0,30,0.5,0.15,4.0,auto
8021,1782,1847,movement,1,1.0,1,600.0,30,2.0,0.15,4.0,auto
8022,1782,1854,movement,1,1.0,1,600.0,30,2.0,0.15,4.0,auto
8023,1782,1845,movement,1,1.0,1,600.0,30,2.0,0.15,4.0,auto
8024,1782,1838,movement,1,1.0,1,600.0,30,2.0,0.15,4.0,auto
8025,1782,1846,waiting,1,1.0,1,100000.0,30,0.5,0.15,4.0,auto
8026,1783,1848,movement,1,1.0,1,600.0,30,2.0,0.15,4.0,auto
8027,1783,1855,movement,1,1.0,1,600.0,30,2.0,0.15,4.0,auto
8028,1783,1846,movement,1,1.0,1,600.0,30,2.0,0.15,4.0,auto
8029,1783,1839,movement,1,1.0,1,600.0,30,2.0,0.15,4.0,auto
8030,1783,1847,waiting,1,1.0,1,100000.0,30,0.5,0.15,4.0,auto
8031,1784,1856,movement,1,1.0,1,600.0,30,2.0,0.15,4.0,auto
8032,1784,1847,movement,1,1.0,1,600.0,30,2.0,0.15,4.0,auto
8033,1784,1840,movement,1,1.0,1,600.0,30,2.0,0.15,4.0,auto
8034,1784,1848,waiting,1,1.0,1,100000.0,30,0.5,0.15,4.0,auto
8035,1785,1850,movement,1,1.0,1,600.0,30,2.0,0.15,4.0,auto
8036,1785,1841,movement,1,1.0,1,600.0,30,2.0,0.15,4.0,auto
8037,1785,1849,waiting,1,1.0,1,100000.0,30,0.5,0.15,4.0,auto
8038,1786,1851,movement,1,1.0,1,600.0,30,2.0,0.15,4.0,auto
8039,1786,1849,movement,1,1.0,1,600.0,30,2.0,0.15,4.0,auto
8040,1786,1842,movement,1,1.0,1,600.0,30,2.0,0.15,4.0,auto
8041,1786,1850,waiting,1,1.0,1,100000.0,30,0.5,0.15,4.0,auto
8042,1787,1852,movement,1,1.0,1,600.0,30,2.0,0.15,4.0,auto
8043,1787,1850,movement,1,1.0,1,600.0,30,2.0,0.15,4.0,auto
8044,1787,1843,movement,1,1.0,1,600.0,30,2.0,0.15,4.0,auto
8045,1787,1851,waiting,1,1.0,1,100000.0,30,0.5,0.15,4.0,auto
8046,1788,1853,movement,1,1.0,1,600.0,30,2.0,0.15,4.0,auto
8047,1788,1851,movement,1,1.0,1,600.0,30,2.0,0.15,4.0,auto
8048,1788,1844,movement,1,1.0,1,600.0,30,2.0,0.15,4.0,auto
8049,1788,1852,waiting,1,1.0,1,100000.0,30,0.5,0.15,4.0,auto
8050,1789,1854,movement,1,1.0,1,600.0,30,2.0,0.15,4.0,auto
8051,1789,1852,movement,1,1.0,1,600.0,30,2.0,0.15,4.0,auto
8052,1789,1845,movement,1,1.0,1,600.0,30,2.0,0.15,4.0,auto
8053,1789,1853,waiting,1,1.0,1,100000.0,30,0.5,0.15,4.0,auto
8054,1790,1855,movement,1,1.0,1,600.0,30,2.0,0.15,4.0,auto
8055,1790,1853,movement,1,1.0,1,600.0,30,2.0,0.15,4.0,auto
8056,1790,1846,movement,1,1.0,1,600.0,30,2.0,0.15,4.0,auto
8057,1790,1854,waiting,1,1.0,1,100000.0,30,0.5,0.15,4.0,auto
8058,1791,1856,movement,1,1.0,1,600.0,30,2.0,0.15,4.0,auto
8059,1791,1854,movement,1,1.0,1,600.0,30,2.0,0.15,4.0,auto
8060,1791,1847,movement,1,1.0,1,600.0,30,2.0,0.15,4.0,auto
8061,1791,1855,waiting,1,1.0,1,100000.0,30,0.5,0.15,4.0,auto
8062,1792,1855,movement,1,1.0,1,600.0,30,2.0,0.15,4.0,auto
8063,1792,1848,movement,1,1.0,1,600.0,30,2.0,0.15,4.0,auto
8064,1792,1856,waiting,1,1.0,1,100000.0,30,0.5,0.15,4.0,auto
8065,1793,1858,movement,1,1.0,1,600.0,30,2.0,0.15,4.0,auto
8066,1793,1865,movement,1,1.0,1,600.0,30,2.0,0.15,4.0,auto
8067,1793,1857,waiting,1,1.0,1,100000.0,30,0.5,0.15,4.0,auto
8068,1794,1859,movement,1,1.0,1,600.0,30,2.0,0.15,4.0,auto
8069,1794,1866,movement,1,1.0,1,600.0,30,2.0,0.15,4.0,auto
8070,1794,1857,movement,1,1.0,1,600.0,30,2.0,0.15,4.0,auto
8071,1794,1858,waiting,1,1.0,1,100000.0,30,0.5,0.15,4.0,auto
8072,1795,1860,movement,1,1.0,1,600.0,30,2.0,0.15,4.0,auto
8073,1795,1867,movement,1,1.0,1,600.0,30,2.0,0.15,4.0,auto
8074,1795,1858,movement,1,1.0,1,600.0,30,2.0,0.15,4.0,auto
8075,1795,1859,waiting,1,1.0,1,100000.0,30,0.5,0.15,4.0,auto
8076,1796,1861,movement,1,1.0,1,600.0,30,2.0,0.15,4.0,auto
8077,1796,1868,movement,1,1.0,1,600.0,30,2.0,0.15,4.0,auto
8078,1796,1859,movement,1,1.0,1,600.0,30,2.0,0.15,4.0,auto
8079,1796,1860,waiting,1,1.0,1,100000.0,30,0.5,0.15,4.0,auto
8080,1797,1862,movement,1,1.0,1,600.0,30,2.0,0.15,4.0,auto
8081,1797,1869,movement,1,1.0,1,600.0,30,2.0,0.15,4.0,auto
8082,1797,1860,movement,1,1.0,1,600.0,30,2.0,0.15,4.0,auto
8083,1797,1861,waiting,1,1.0,1,100000.0,30,0.5,0.15,4.0,auto
8084,1798,1863,movement,1,1.0,1,600.0,30,2.0,0.15,4.0,auto
8085,1798,1870,movement,1,1.0,1,600.0,30,2.0,0.15,4.0,auto
8086,1798,1861,movement,1,1.0,1,600.0,30,2.0,0.15,4.0,auto
8087,1798,1862,waiting,1,1.0,1,100000.0,30,0.5,0.15,4.0,auto
8088,1799,1864,movement,1,1.0,1,600.0,30,2.0,0.15,4.0,auto
8089,1799,1871,movement,1,1.0,1,600.0,30,2.0,0.15,4.0,auto
8090,1799,1862,movement,1,1.0,1,600.0,30,2.0,0.15,4.0,auto
8091,1799,1863,waiting,1,1.0,1,100000.0,30,0.5,0.15,4.0,auto
8092,1800,1872,movement,1,1.0,1,600.0,30,2.0,0.15,4.0,auto
8093,1800,1863,movement,1,1.0,1,600.0,30,2.0,0.15,4.0,auto
8094,1800,1864,waiting,1,1.0,1,100000.0,30,0.5,0.15,4.0,auto
8095,1801,1866,movement,1,1.0,1,600.0,30,2.0,0.15,4.0,auto
8096,1801,1873,movement,1,1.0,1,600.0,30,2.0,0.15,4.0,auto
8097,1801,1857,movement,1,1.0,1,600.0,30,2.0,0.15,4.0,auto
8098,1801,1865,waiting,1,1.0,1,100000.0,30,0.5,0.15,4.0,auto
8099,1802,1867,movement,1,1.0,1,600.0,30,2.0,0.15,4.0,auto
8100,1802,1874,movement,1,1.0,1,600.0,30,2.0,0.15,4.0,auto
8101,1802,1865,movement,1,1.0,1,600.0,30,2.0,0.15,4.0,auto
8102,1802,1858,movement,1,1.0,1,600.0,30,2.0,0.15,4.0,auto
8103,1802,1866,waiting,1,1.0,1,100000.0,30,0.5,0.15,4.0,auto
8104,1803,1868,movement,1,1.0,1,600.0,30,2.0,0.15,4.0,auto
8105,1803,1875,movement,1,1.0,1,600.0,30,2.0,0.15,4.0,auto
8106,1803,1866,movement,1,1.0,1,600.0,30,2.0,0.15,4.0,auto
8107,1803,1859,movement,1,1.0,1,600.0,30,2.0,0.15,4.0,auto
8108,1803,1867,waiting,1,1.0,1,100000.0,30,0.5,0.15,4.0,auto
8109,1804,1869,movement,1,1.0,1,600.0,30,2.0,0.15,4.0,auto
8110,1804,1876,movement,1,1.0,1,600.0,30,2.0,0.15,4.0,auto
8111,1804,1867,movement,1,1.0,1,600.0,30,2.0,0.15,4.0,auto
8112,1804,1860,movement,1,1.0,1,600.0,30,2.0,0.15,4.0,auto
8113,1804,1868,waiting,1,1.0,1,100000.0,30,0.5,0.15,4.0,auto
8114,1805,1870,movement,1,1.0,1,600.0,30,2.0,0.15,4.0,auto
8115,1805,1877,movement,1,1.0,1,600.0,30,2.0,0.15,4.0,auto
8116,1805,1868,movement,1,1.0,1,600.0,30,2.0,0.15,4.0,auto
8117,1805,1861,movement,1,1.0,1,600.0,30,2.0,0.15,4.0,auto
8118,1805,1869,waiting,1,1.0,1,100000.0,30,0.5,0.15,4.0,auto
8119,1806,1871,movement,1,1.0,1,600.0,30,2.0,0.15,4.0,auto
8120,1806,1878,movement,1,1.0,1,600.0,30,2.0,0.15,4.0,auto
8121,1806,1869,movement,1,1.0,1,600.0,30,2.0,0.15,4.0,auto
8122,1806,1862,movement,1,1.0,1,600.0,30,2.0,0.15,4.0,auto
8123,1806,1870,waiting,1,1.0,1,100000.0,30,0.5,0.15,4.0,auto
8124,1807,1872,movement,1,1.0,1,600.0,30,2.0,0.15,4.0,auto
8125,1807,1879,movement,1,1.0,1,600.0,30,2.0,0.15,4.0,auto
8126,1807,1870,movement,1,1.0,1,600.0,30,2.0,0.15,4.0,auto
8127,1807,1863,movement,1,1.0,1,600.0,30,2.0,0.15,4.0,auto
8128,1807,1871,waiting,1,1.0,1,100000.0,30,0.5,0.15,4.0,auto
8129,1808,1880,movement,1,1.0,1,600.0,30,2.0,0.15,4.0,auto
8130,1808,1871,movement,1,1.0,1,600.0,30,2.0,0.15,4.0,auto
8131,1808,1864,movement,1,1.0,1,600.0,30,2.0,0.15,4.0,auto
8132,1808,1872,waiting,1,1.0,1,100000.0,30,0.5,0.15,4.0,auto
8133,1809,1874,movement,1,1.0,1,600.0,30,2.0,0.15,4.0,auto
8134,1809,1881,movement,1,1.0,1,600.0,30,2.0,0.15,4.0,auto
8135,1809,1865,movement,1,1.0,1,600.0,30,2.0,0.15,4.0,auto
8136,1809,1873,waiting,1,1.0,1,100000.0,30,0.5,0.15,4.0,auto
8137,1810,1875,movement,1,1.0,1,600.0,30,2.0,0.15,4.0,auto
8138,1810,1882,movement,1,1.0,1,600.0,30,2.0,0.15,4.0,auto
8139,1810,1873,movement,1,1.0,1,600.0,30,2.0,0.15,4.0,auto
8140,1810,1866,movement,1,1.0,1,600.0,30,2.0,0.15,4.0,auto
8141,1810,1874,waiting,1,1.0,1,100000.0,30,0.5,0.15,4.0,auto
8142,1811,1876,movement,1,1.0,1,600.0,30,2.0,0.15,4.0,auto
8143,1811,1883,movement,1,1.0,1,600.0,30,2.0,0.15,4.0,auto
8144,1811,1874,movement,1,1.0,1,600.0,30,2.0,0.15,4.0,auto
8145,1811,1867,movement,1,1.0,1,600.0,30,2.0,0.15,4.0,auto
8146,1811,1875,waiting,1,1.0,1,100000.0,30,0.5,0.15,4.0,auto
8147,1812,1877,movement,1,1.0,1,600.0,30,2.0,0.15,4.0,auto
8148,1812,1884,movement,1,1.0,1,600.0,30,2.0,0.15,4.0,auto
8149,1812,1875,movement,1,1.0,1,600.0,30,2.0,0.15,4.0,auto
8150,1812,1868,movement,1,1.0,1,600.0,30,2.0,0.15,4.0,auto
8151,1812,1876,waiting,1,1.0,1,100000.0,30,0.5,0.15,4.0,auto
8152,1813,1878,movement,1,1.0,1,600.0,30,2.0,0.15,4.0,auto
8153,1813,1885,movement,1,1.0,1,600.0,30,2.0,0.15,4.0,auto
8154,1813,1876,movement,1,1.0,1,600.0,30,2.0,0.15,4.0,auto
8155,1813,1869,movement,1,1.0,1,600.0,30,2.0,0.15,4.0,auto
8156,1813,1877,waiting,1,1.0,1,100000.0,30,0.5,0.15,4.0,auto
8157,1814,1879,movement,1,1.0,1,600.0,30,2.0,0.15,4.0,auto
8158,1814,1886,movement,1,1.0,1,600.0,30,2.0,0.15,4.0,auto
8159,1814,1877,movement,1,1.0,1,600.0,30,2.0,0.15,4.0,auto
8160,1814,1870,movement,1,1.0,1,600.0,30,2.0,0.15,4.0,auto
8161,1814,1878,waiting,1,1.0,1,100000.0,30,0.5,0.15,4.0,auto
8162,1815,1880,movement,1,1.0,1,600.0,30,2.0,0.15,4.0,auto
8163,1815,1887,movement,1,1.0,1,600.0,30,2.0,0.15,4.0,auto
8164,1815,1878,movement,1,1.0,1,600.0,30,2.0,0.15,4.0,auto
8165,1815,1871,movement,1,1.0,1,600.0,30,2.0,0.15,4.0,auto
8166,1815,1879,waiting,1,1.0,1,100000.0,30,0.5,0.15,4.0,auto
8167,1816,1888,movement,1,1.0,1,600.0,30,2.0,0.15,4.0,auto
8168,1816,1879,movement,1,1.0,1,600.0,30,2.0,0.15,4.0,auto
8169,1816,1872,movement,1,1.0,1,600.0,30,2.0,0.15,4.0,auto
8170,1816,1880,waiting,1,1.0,1,100000.0,30,0.5,0.15,4.0,auto
8171,1817,1882,movement,1,1.0,1,600.0,30,2.0,0.15,4.0,auto
8172,1817,1889,movement,1,1.0,1,600.0,30,2.0,0.15,4.0,auto
8173,1817,1873,movement,1,1.0,1,600.0,30,2.0,0.15,4.0,auto
8174,1817,1881,waiting,1,1.0,1,100000.0,30,0.5,0.15,4.0,auto
8175,1818,1883,movement,1,1.0,1,600.0,30,2.0,0.15,4.0,auto
8176,1818,1890,movement,1,1.0,1,600.0,30,2.0,0.15,4.0,auto
8177,1818,1881,movement,1,1.0,1,600.0,30,2.0,0.15,4.0,auto
8178,1818,1874,movement,1,1.0,1,600.0,30,2.0,0.15,4.0,auto
8179,1818,1882,waiting,1,1.0,1,100000.0,30,0.5,0.15,4.0,auto
8180,1819,1884,movement,1,1.0,1,600.0,30,2.0,0.15,4.0,auto
8181,1819,1891,movement,1,1.0,1,600.0,30,2.0,0.15,4.0,auto
8182,1819,1882,movement,1,1.0,1,600.0,30,2.0,0.15,4.0,auto
8183,1819,1875,movement,1,1.0,1,600.0,30,2.0,0.15,4.0,auto
8184,1819,1883,waiting,1,1.0,1,100000.0,30,0.5,0.15,4.0,auto
8185,1820,1885,movement,1,1.0,1,600.0,30,2.0,0.15,4.0,auto
8186,1820,1892,movement,1,1.0,1,600.0,30,2.0,0.15,4.0,auto
8187,1820,1883,movement,1,1.0,1,600.0,30,2.0,0.15,4.0,auto
8188,1820,1876,movement,1,1.0,1,600.0,30,2.0,0.15,4.0,auto
8189,1820,1884,waiting,1,1.0,1,100000.0,30,0.5,0.15,4.0,auto
8190,1821,1886,movement,1,1.0,1,600.0,30,2.0,0.15,4.0,auto
8191,1821,1893,movement,1,1.0,1,600.0,30,2.0,0.15,4.0,auto
8192,1821,1884,movement,1,1.0,1,600.0,30,2.0,0.15,4.0,auto
8193,1821,1877,movement,1,1.0,1,600.0,30,2.0,0.15,4.0,auto
8194,1821,1885,waiting,1,1.0,1,100000.0,30,0.5,0.15,4.0,auto
8195,1822,1887,movement,1,1.0,1,600.0,30,2.0,0.15,4.0,auto
8196,1822,1894,movement,1,1.0,1,600.0,30,2.0,0.15,4.0,auto
8197,1822,1885,movement,1,1.0,1,600.0,30,2.0,0.15,4.0,auto
8198,1822,1878,movement,1,1.0,1,600.0,30,2.0,0.15,4.0,auto
8199,1822,1886,waiting,1,1.0,1,100000.0,30,0.5,0.15,4.0,auto
8200,1823,1888,movement,1,1.0,1,600.0,30,2.0,0.15,4.0,auto
8201,1823,1895,movement,1,1.0,1,600.0,30,2.0,0.15,4.0,auto
8202,1823,1886,movement,1,1.0,1,600.0,30,2.0,0.15,4.0,auto
8203,1823,1879,movement,1,1.0,1,600.0,30,2.0,0.15,4.0,auto
8204,1823,1887,waiting,1,1.0,1,100000.0,30,0.5,0.15,4.0,auto
8205,1824,1896,movement,1,1.0,1,600.0,30,2.0,0.15,4.0,auto
8206,1824,1887,movement,1,1.0,1,600.0,30,2.0,0.15,4.0,auto
8207,1824,1880,movement,1,1.0,1,600.0,30,2.0,0.15,4.0,auto
8208,1824,1888,waiting,1,1.0,1,100000.0,30,0.5,0.15,4.0,auto
8209,1825,1890,movement,1,1.0,1,600.0,30,2.0,0.15,4.0,auto
8210,1825,1897,movement,1,1.0,1,600.0,30,2.0,0.15,4.0,auto
8211,1825,1881,movement,1,1.0,1,600.0,30,2.0,0.15,4.0,auto
8212,1825,1889,waiting,1,1.0,1,100000.0,30,0.5,0.15,4.0,auto
8213,1826,1891,movement,1,1.0,1,600.0,30,2.0,0.15,4.0,auto
8214,1826,1898,movement,1,1.0,1,600.0,30,2.0,0.15,4.0,auto
8215,1826,1889,movement,1,1.0,1,600.0,30,2.0,0.15,4.0,auto
8216,1826,1882,movement,1,1.0,1,600.0,30,2.0,0.15,4.0,auto
8217,1826,1890,waiting,1,1.0,1,100000.0,30,0.5,0.15,4.0,auto
8218,1827,1892,movement,1,1.0,1,600.0,30,2.0,0.15,4.0,auto
8219,1827,1899,movement,1,1.0,1,600.0,30,2.0,0.15,4.0,auto
8220,1827,1890,movement,1,1.0,1,600.0,30,2.0,0.15,4.0,auto
8221,1827,1883,movement,1,1.0,1,600.0,30,2.0,0.15,4.0,auto
8222,1827,1891,waiting,1,1.0,1,100000.0,30,0.5,0.15,4.0,auto
8223,1828,1893,movement,1,1.0,1,600.0,30,2.0,0.15,4.0,auto
8224,1828,1900,movement,1,1.0,1,600.0,30,2.0,0.15,4.0,auto
8225,1828,1891,movement,1,1.0,1,600.0,30,2.0,0.15,4.0,auto
8226,1828,1884,movement,1,1.0,1,600.0,30,2.0,0.15,4.0,auto
8227,1828,1892,waiting,1,1.0,1,100000.0,30,0.5,0.15,4.0,auto
8228,1829,1894,movement,1,1.0,1,600.0,30,2.0,0.15,4.0,auto
8229,1829,1901,movement,1,1.0,1,600.0,30,2.0,0.15,4.0,auto
8230,1829,1892,movement,1,1.0,1,600.0,30,2.0,0.15,4.0,auto
8231,1829,1885,movement,1,1.0,1,600.0,30,2.0,0.15,4.0,auto
8232,1829,1893,waiting,1,1.0,1,100000.0,30,0.5,0.15,4.0,auto
8233,1830,1895,movement,1,1.0,1,600.0,30,2.0,0.15,4.0,auto
8234,1830,1902,movement,1,1.0,1,600.0,30,2.0,0.15,4.0,auto
8235,1830,1893,movement,1,1.0,1,600.0,30,2.0,0.15,4.0,auto
8236,1830,1886,movement,1,1.0,1,600.0,30,2.0,0.15,4.0,auto
8237,1830,1894,waiting,1,1.0,1,100000.0,30,0.5,0.15,4.0,auto
8238,1831,1896,movement,1,1.0,1,600.0,30,2.0,0.15,4.0,auto
8239,1831,1903,movement,1,1.0,1,600.0,30,2.0,0.15,4.0,auto
8240,1831,1894,movement,1,1.0,1,600.0,30,2.0,0.15,4.0,auto
8241,1831,1887,movement,1,1.0,1,600.0,30,2.0,0.15,4.0,auto
8242,1831,1895,waiting,1,1.0,1,100000.0,30,0.5,0.15,4.0,auto
8243,1832,1904,movement,1,1.0,1,600.0,30,2.0,0.15,4.0,auto
8244,1832,1895,movement,1,1.0,1,600.0,30,2.0,0.15,4.0,auto
8245,1832,1888,movement,1,1.0,1,600.0,30,2.0,0.15,4.0,auto
8246,1832,1896,waiting,1,1.0,1,100000.0,30,0.5,0.15,4.0,auto
8247,1833,1898,movement,1,1.0,1,600.0,30,2.0,0.15,4.0,auto
8248,1833,1905,movement,1,1.0,1,600.0,30,2.0,0.15,4.0,auto
8249,1833,1889,movement,1,1.0,1,600.0,30,2.0,0.15,4.0,auto
8250,1833,1897,waiting,1,1.0,1,100000.0,30,0.5,0.15,4.0,auto
8251,1834,1899,movement,1,1.0,1,600.0,30,2.0,0.15,4.0,auto
8252,1834,1906,movement,1,1.0,1,600.0,30,2.0,0.15,4.0,auto
8253,1834,1897,movement,1,1.0,1,600.0,30,2.0,0.15,4.0,auto
8254,1834,1890,movement,1,1.0,1,600.0,30,2.0,0.15,4.0,auto
8255,1834,1898,waiting,1,1.0,1,100000.0,30,0.5,0.15,4.0,auto
8256,1835,1900,movement,1,1.0,1,600.0,30,2.0,0.15,4.0,auto
8257,1835,1907,movement,1,1.0,1,600.0,30,2.0,0.15,4.0,auto
8258,1835,1898,movement,1,1.0,1,600.0,30,2.0,0.15,4.0,auto
8259,1835,1891,movement,1,1.0,1,600.0,30,2.0,0.15,4.0,auto
8260,1835,1899,waiting,1,1.0,1,100000.0,30,0.5,0.15,4.0,auto
8261,1836,1901,movement,1,1.0,1,600.0,30,2.0,0.15,4.0,auto
8262,1836,1908,movement,1,1.0,1,600.0,30,2.0,0.15,4.0,auto
8263,1836,1899,movement,1,1.0,1,600.0,30,2.0,0.15,4.0,auto
8264,1836,1892,movement,1,1.0,1,600.0,30,2.0,0.15,4.0,auto
8265,1836,1900,waiting,1,1.0,1,100000.0,30,0.5,0.15,4.0,auto
8266,1837,1902,movement,1,1.0,1,600.0,30,2.0,0.15,4.0,auto
8267,1837,1909,movement,1,1.0,1,600.0,30,2.0,0.15,4.0,auto
8268,1837,1900,movement,1,1.0,1,600.0,30,2.0,0.15,4.0,auto
8269,1837,1893,movement,1,1.0,1,600.0,30,2.0,0.15,4.0,auto
8270,1837,1901,waiting,1,1.0,1,100000.0,30,0.5,0.15,4.0,auto
8271,1838,1903,movement,1,1.0,1,600.0,30,2.0,0.15,4.0,auto
8272,1838,1910,movement,1,1.0,1,600.0,30,2.0,0.15,4.0,auto
8273,1838,1901,movement,1,1.0,1,600.0,30,2.0,0.15,4.0,auto
8274,1838,1894,movement,1,1.0,1,600.0,30,2.0,0.15,4.0,auto
8275,1838,1902,waiting,1,1.0,1,100000.0,30,0.5,0.15,4.0,auto
8276,1839,1904,movement,1,1.0,1,600.0,30,2.0,0.15,4.0,auto
8277,1839,1911,movement,1,1.0,1,600.0,30,2.0,0.15,4.0,auto
8278,1839,1902,movement,1,1.0,1,600.0,30,2.0,0.15,4.0,auto
8279,1839,1895,movement,1,1.0,1,600.0,30,2.0,0.15,4.0,auto
8280,1839,1903,waiting,1,1.0,1,100000.0,30,0.5,0.15,4.0,auto
8281,1840,1912,movement,1,1.0,1,600.0,30,2.0,0.15,4.0,auto
8282,1840,1903,movement,1,1.0,1,600.0,30,2.0,0.15,4.0,auto
8283,1840,1896,movement,1,1.0,1,600.0,30,2.0,0.15,4.0,auto
8284,1840,1904,waiting,1,1.0,1,100000.0,30,0.5,0.15,4.0,auto
8285,1841,1906,movement,1,1.0,1,600.0,30,2.0,0.15,4.0,auto
8286,1841,1913,movement,1,1.0,1,600.0,30,2.0,0.15,4.0,auto
8287,1841,1897,movement,1,1.0,1,600.0,30,2.0,0.15,4.0,auto
8288,1841,1905,waiting,1,1.0,1,100000.0,30,0.5,0.15,4.0,auto
8289,1842,1907,movement,1,1.0,1,600.0,30,2.0,0.15,4.0,auto
8290,1842,1914,movement,1,1.0,1,600.0,30,2.0,0.15,4.0,auto
8291,1842,1905,movement,1,1.0,1,600.0,30,2.0,0.15,4.0,auto
8292,1842,1898,movement,1,1.0,1,600.0,30,2.0,0.15,4.0,auto
8293,1842,1906,waiting,1,1.0,1,100000.0,30,0.5,0.15,4.0,auto
8294,1843,1908,movement,1,1.0,1,600.0,30,2.0,0.15,4.0,auto
8295,1843,1915,movement,1,1.0,1,600.0,30,2.0,0.15,4.0,auto
8296,1843,1906,movement,1,1.0,1,600.0,30,2.0,0.15,4.0,auto
8297,1843,1899,movement,1,1.0,1,600.0,30,2.0,0.15,4.0,auto
8298,1843,1907,waiting,1,1.0,1,100000.0,30,0.5,0.15,4.0,auto
8299,1844,1909,movement,1,1.0,1,600.0,30,2.0,0.15,4.0,auto
8300,1844,1916,movement,1,1.0,1,600.0,30,2.0,0.15,4.0,auto
8301,1844,1907,movement,1,1.0,1,600.0,30,2.0,0.15,4.0,auto
8302,1844,1900,movement,1,1.0,1,600.0,30,2.0,0.15,4.0,auto
8303,1844,1908,waiting,1,1.0,1,100000.0,30,0.5,0.15,4.0,auto
8304,1845,1910,movement,1,1.0,1,600.0,30,2.0,0.15,4.0,auto
8305,1845,1917,movement,1,1.0,1,600.0,30,2.0,0.15,4.0,auto
8306,1845,1908,movement,1,1.0,1,600.0,30,2.0,0.15,4.0,auto
8307,1845,1901,movement,1,1.0,1,600.0,30,2.0,0.15,4.0,auto
8308,1845,1909,waiting,1,1.0,1,100000.0,30,0.5,0.15,4.0,auto
8309,1846,1911,movement,1,1.0,1,600.0,30,2.0,0.15,4.0,auto
8310,1846,1918,movement,1,1.0,1,600.0,30,2.0,0.15,4.0,auto
8311,1846,1909,movement,1,1.0,1,600.0,30,2.0,0.15,4.0,auto
8312,1846,1902,movement,1,1.0,1,600.0,30,2.0,0.15,4.0,auto
8313,1846,1910,waiting,1,1.0,1,100000.0,30,0.5,0.15,4.0,auto
8314,1847,1912,movement,1,1.0,1,600.0,30,2.0,0.15,4.0,auto
8315,1847,1919,movement,1,1.0,1,600.0,30,2.0,0.15,4.0,auto
8316,1847,1910,movement,1,1.0,1,600.0,30,2.0,0.15,4.0,auto
8317,1847,1903,movement,1,1.0,1,600.0,30,2.0,0.15,4.0,auto
8318,1847,1911,waiting,1,1.0,1,100000.0,30,0.5,0.15,4.0,auto
8319,1848,1920,movement,1,1.0,1,600.0,30,2.0,0.15,4.0,auto
8320,1848,1911,movement,1,1.0,1,600.0,30,2.0,0.15,4.0,auto
8321,1848,1904,movement,1,1.0,1,600.0,30,2.0,0.15,4.0,auto
8322,1848,1912,waiting,1,1.0,1,100000.0,30,0.5,0.15,4.0,auto
8323,1849,1914,movement,1,1.0,1,600.0,30,2.0,0.15,4.0,auto
8324,1849,1905,movement,1,1.0,1,600.0,30,2.0,0.15,4.0,auto
8325,1849,1913,waiting,1,1.0,1,100000.0,30,0.5,0.15,4.0,auto
8326,1850,1915,movement,1,1.0,1,600.0,30,2.0,0.15,4.0,auto
8327,1850,1913,movement,1,1.0,1,600.0,30,2.0,0.15,4.0,auto
8328,1850,1906,movement,1,1.0,1,600.0,30,2.0,0.15,4.0,auto
8329,1850,1914,waiting,1,1.0,1,100000.0,30,0.5,0.15,4.0,auto
8330,1851,1916,movement,1,1.0,1,600.0,30,2.0,0.15,4.0,auto
8331,1851,1914,movement,1,1.0,1,600.0,30,2.0,0.15,4.0,auto
8332,1851,1907,movement,1,1.0,1,600.0,30,2.0,0.15,4.0,auto
8333,1851,1915,waiting,1,1.0,1,100000.0,30,0.5,0.15,4.0,auto
8334,1852,1917,movement,1,1.0,1,600.0,30,2.0,0.15,4.0,auto
8335,1852,1915,movement,1,1.0,1,600.0,30,2.0,0.15,4.0,auto
8336,1852,1908,movement,1,1.0,1,600.0,30,2.0,0.15,4.0,auto
8337,1852,1916,waiting,1,1.0,1,100000.0,30,0.5,0.15,4.0,auto
8338,1853,1918,movement,1,1.0,1,600.0,30,2.0,0.15,4.0,auto
8339,1853,1916,movement,1,1.0,1,600.0,30,2.0,0.15,4.0,auto
8340,1853,1909,movement,1,1.0,1,600.0,30,2.0,0.15,4.0,auto
8341,1853,1917,waiting,1,1.0,1,100000.0,30,0.5,0.15,4.0,auto
8342,1854,1919,movement,1,1.0,1,600.0,30,2.0,0.15,4.0,auto
8343,1854,1917,movement,1,1.0,1,600.0,30,2.0,0.15,4.0,auto
8344,1854,1910,movement,1,1.0,1,600.0,30,2.0,0.15,4.0,auto
8345,1854,1918,waiting,1,1.0,1,100000.0,30,0.5,0.15,4.0,auto
8346,1855,1920,movement,1,1.0,1,600.0,30,2.0,0.15,4.0,auto
8347,1855,1918,movement,1,1.0,1,600.0,30,2.0,0.15,4.0,auto
8348,1855,1911,movement,1,1.0,1,600.0,30,2.0,0.15,4.0,auto
8349,1855,1919,waiting,1,1.0,1,100000.0,30,0.5,0.15,4.0,auto
8350,1856,1919,movement,1,1.0,1,600.0,30,2.0,0.15,4.0,auto
8351,1856,1912,movement,1,1.0,1,600.0,30,2.0,0.15,4.0,auto
8352,1856,1920,waiting,1,1.0,1,100000.0,30,0.5,0.15,4.0,auto
8353,90001,1,centroid_connector,1,1.0,1,100000.0,30,0.1,0.15,4.0,auto
8354,90001,65,centroid_connector,1,1.0,1,100000.0,30,0.1,0.15,4.0,auto
8355,90001,129,centroid_connector,1,1.0,1,100000.0,30,0.1,0.15,4.0,auto
8356,90001,193,centroid_connector,1,1.0,1,100000.0,30,0.1,0.15,4.0,auto
8357,90001,257,centroid_connector,1,1.0,1,100000.0,30,0.1,0.15,4.0,auto
8358,90001,321,centroid_connector,1,1.0,1,100000.0,30,0.1,0.15,4.0,auto
8359,90001,385,centroid_connector,1,1.0,1,100000.0,30,0.1,0.15,4.0,auto
8360,90001,449,centroid_connector,1,1.0,1,100000.0,30,0.1,0.15,4.0,auto
8361,90001,513,centroid_connector,1,1.0,1,100000.0,30,0.1,0.15,4.0,auto
8362,90001,577,centroid_connector,1,1.0,1,100000.0,30,0.1,0.15,4.0,auto
8363,90001,641,centroid_connector,1,1.0,1,100000.0,30,0.1,0.15,4.0,auto
8364,90001,705,centroid_connector,1,1.0,1,100000.0,30,0.1,0.15,4.0,auto
8365,90001,769,centroid_connector,1,1.0,1,100000.0,30,0.1,0.15,4.0,auto
8366,90001,833,centroid_connector,1,1.0,1,100000.0,30,0.1,0.15,4.0,auto
8367,90001,897,centroid_connector,1,1.0,1,100000.0,30,0.1,0.15,4.0,auto
8368,64,90002,centroid_connector,1,1.0,1,100000.0,30,0.1,0.15,4.0,auto
8369,128,90002,centroid_connector,1,1.0,1,100000.0,30,0.1,0.15,4.0,auto
8370,192,90002,centroid_connector,1,1.0,1,100000.0,30,0.1,0.15,4.0,auto
8371,256,90002,centroid_connector,1,1.0,1,100000.0,30,0.1,0.15,4.0,auto
8372,320,90002,centroid_connector,1,1.0,1,100000.0,30,0.1,0.15,4.0,auto
8373,384,90002,centroid_connector,1,1.0,1,100000.0,30,0.1,0.15,4.0,auto
8374,448,90002,centroid_connector,1,1.0,1,100000.0,30,0.1,0.15,4.0,auto
8375,512,90002,centroid_connector,1,1.0,1,100000.0,30,0.1,0.15,4.0,auto
8376,576,90002,centroid_connector,1,1.0,1,100000.0,30,0.1,0.15,4.0,auto
8377,640,90002,centroid_connector,1,1.0,1,100000.0,30,0.1,0.15,4.0,auto
8378,704,90002,centroid_connector,1,1.0,1,100000.0,30,0.1,0.15,4.0,auto
8379,768,90002,centroid_connector,1,1.0,1,100000.0,30,0.1,0.15,4.0,auto
8380,832,90002,centroid_connector,1,1.0,1,100000.0,30,0.1,0.15,4.0,auto
8381,896,90002,centroid_connector,1,1.0,1,100000.0,30,0.1,0.15,4.0,auto
8382,960,90002,centroid_connector,1,1.0,1,100000.0,30,0.1,0.15,4.0,auto
8383,1024,90002,centroid_connector,1,1.0,1,100000.0,30,0.1,0.15,4.0,auto
8384,1088,90002,centroid_connector,1,1.0,1,100000.0,30,0.1,0.15,4.0,auto
8385,1152,90002,centroid_connector,1,1.0,1,100000.0,30,0.1,0.15,4.0,auto
8386,1216,90002,centroid_connector,1,1.0,1,100000.0,30,0.1,0.15,4.0,auto
8387,1280,90002,centroid_connector,1,1.0,1,100000.0,30,0.1,0.15,4.0,auto
8388,1344,90002,centroid_connector,1,1.0,1,100000.0,30,0.1,0.15,4.0,auto
8389,1408,90002,centroid_connector,1,1.0,1,100000.0,30,0.1,0.15,4.0,auto
8390,1472,90002,centroid_connector,1,1.0,1,100000.0,30,0.1,0.15,4.0,auto
8391,1536,90002,centroid_connector,1,1.0,1,100000.0,30,0.1,0.15,4.0,auto
8392,1600,90002,centroid_connector,1,1.0,1,100000.0,30,0.1,0.15,4.0,auto
8393,1664,90002,centroid_connector,1,1.0,1,100000.0,30,0.1,0.15,4.0,auto
8394,1728,90002,centroid_connector,1,1.0,1,100000.0,30,0.1,0.15,4.0,auto
8395,1792,90002,centroid_connector,1,1.0,1,100000.0,30,0.1,0.15,4.0,auto
8396,1856,90002,centroid_connector,1,1.0,1,100000.0,30,0.1,0.15,4.0,auto
8397,1920,90002,centroid_connector,1,1.0,1,100000.0,30,0.1,0.15,4.0,auto
