link_id,from_node_id,to_node_id,link_type,directed,length,lanes,capacity,free_speed,vdf_fftt,vdf_alpha,vdf_beta,allowed_uses
1,1,27,movement,1,1.0,1,600.0,30,2.0,0.15,4.0,auto
2,1,31,movement,1,1.0,1,600.0,30,2.0,0.15,4.0,auto
3,1,26,waiting,1,1.0,1,100000.0,30,0.5,0.15,4.0,auto
4,2,28,movement,1,1.0,1,600.0,30,2.0,0.15,4.0,auto
5,2,32,movement,1,1.0,1,600.0,30,2.0,0.15,4.0,auto
6,2,26,movement,1,1.0,1,600.0,30,2.0,0.15,4.0,auto
7,2,27,waiting,1,1.0,1,100000.0,30,0.5,0.15,4.0,auto
8,3,29,movement,1,1.0,1,600.0,30,2.0,0.15,4.0,auto
9,3,33,movement,1,1.0,1,600.0,30,2.0,0.15,4.0,auto
10,3,27,movement,1,1.0,1,600.0,30,2.0,0.15,4.0,auto
11,3,28,waiting,1,1.0,1,100000.0,30,0.5,0.15,4.0,auto
12,4,30,movement,1,1.0,1,600.0,30,2.0,0.15,4.0,auto
13,4,34,movement,1,1.0,1,600.0,30,2.0,0.15,4.0,auto
14,4,28,movement,1,1.0,1,600.0,30,2.0,0.15,4.0,auto
15,4,29,waiting,1,1.0,1,100000.0,30,0.5,0.15,4.0,auto
16,5,35,movement,1,1.0,1,600.0,30,2.0,0.15,4.0,auto
17,5,29,movement,1,1.0,1,600.0,30,2.0,0.15,4.0,auto
18,5,30,waiting,1,1.0,1,100000.0,30,0.5,0.15,4.0,auto
19,6,32,movement,1,1.0,1,600.0,30,2.0,0.15,4.0,auto
20,6,36,movement,1,1.0,1,600.0,30,2.0,0.15,4.0,auto
21,6,26,movement,1,1.0,1,600.0,30,2.0,0.15,4.0,auto
22,6,31,waiting,1,1.0,1,100000.0,30,0.5,0.15,4.0,auto
23,7,33,movement,1,1.0,1,600.0,30,2.0,0.15,4.0,auto
24,7,37,movement,1,1.0,1,600.0,30,2.0,0.15,4.0,auto
25,7,31,movement,1,1.0,1,600.0,30,2.0,0.15,4.0,auto
26,7,27,movement,1,1.0,1,600.0,30,2.0,0.15,4.0,auto
27,7,32,waiting,1,1.0,1,100000.0,30,0.5,0.15,4.0,auto
28,8,34,movement,1,1.0,1,600.0,30,2.0,0.15,4.0,auto
29,8,38,movement,1,1.0,1,600.0,30,2.0,0.15,4.0,auto
30,8,32,movement,1,1.0,1,600.0,30,2.0,0.15,4.0,auto
31,8,28,movement,1,1.0,1,600.0,30,2.0,0.15,4.0,auto
32,8,33,waiting,1,1.0,1,100000.0,30,0.5,0.15,4.0,auto
33,9,35,movement,1,1.0,1,600.0,30,2.0,0.15,4.0,auto
34,9,39,movement,1,1.0,1,600.0,30,2.0,0.15,4.0,auto
35,9,33,movement,1,1.0,1,600.0,30,2.0,0.15,4.0,auto
36,9,29,movement,1,1.0,1,600.0,30,2.0,0.15,4.0,auto
37,9,34,waiting,1,1.0,1,100000.0,30,0.5,0.15,4.0,auto
38,10,40,movement,1,1.0,1,600.0,30,2.0,0.15,4.0,auto
39,10,34,movement,1,1.0,1,600.0,30,2.0,0.15,4.0,auto
40,10,30,movement,1,1.0,1,600.0,30,2.0,0.15,4.0,auto
41,10,35,waiting,1,1.0,1,100000.0,30,0.5,0.15,4.0,auto
42,11,37,movement,1,1.0,1,600.0,30,2.0,0.15,4.0,auto
43,11,41,movement,1,1.0,1,600.0,30,2.0,0.15,4.0,auto
44,11,31,movement,1,1.0,1,600.0,30,2.0,0.15,4.0,auto
45,11,36,waiting,1,1.0,1,100000.0,30,0.5,0.15,4.0,auto
46,12,38,movement,1,1.0,1,600.0,30,2.0,0.15,4.0,auto
47,12,42,movement,1,1.0,1,600.0,30,2.0,0.15,4.0,auto
48,12,36,movement,1,1.0,1,600.0,30,2.0,0.15,4.0,auto
49,12,32,movement,1,1.0,1,600.0,30,2.0,0.15,4.0,auto
50,12,37,waiting,1,1.0,1,100000.0,30,0.5,0.15,4.0,auto
51,13,39,movement,1,1.0,1,600.0,30,2.0,0.15,4.0,auto
52,13,43,movement,1,1.0,1,600.0,30,2.0,0.15,4.0,auto
53,13,37,movement,1,1.0,1,600.0,30,2.0,0.15,4.0,auto
54,13,33,movement,1,1.0,1,600.0,30,2.0,0.15,4.0,auto
55,13,38,waiting,1,1.0,1,100000.0,30,0.5,0.15,4.0,auto
56,14,40,movement,1,1.0,1,600.0,30,2.0,0.15,4.0,auto
57,14,44,movement,1,1.0,1,600.0,30,2.0,0.15,4.0,auto
58,14,38,movement,1,1.0,1,600.0,30,2.0,0.15,4.0,auto
59,14,34,movement,1,1.0,1,600.0,30,2.0,0.15,4.0,auto
60,14,39,waiting,1,1.0,1,100000.0,30,0.5,0.15,4.0,auto
61,15,45,movement,1,1.0,1,600.0,30,2.0,0.15,4.0,auto
62,15,39,movement,1,1.0,1,600.0,30,2.0,0.15,4.0,auto
63,15,35,movement,1,1.0,1,600.0,30,2.0,0.15,4.0,auto
64,15,40,waiting,1,1.0,1,100000.0,30,0.5,0.15,4.0,auto
65,16,42,movement,1,1.0,1,600.0,30,2.0,0.15,4.0,auto
66,16,46,movement,1,1.0,1,600.0,30,2.0,0.15,4.0,auto
67,16,36,movement,1,1.0,1,600.0,30,2.0,0.15,4.0,auto
68,16,41,waiting,1,1.0,1,100000.0,30,0.5,0.15,4.0,auto
69,17,43,movement,1,1.0,1,600.0,30,2.0,0.15,4.0,auto
70,17,47,movement,1,1.0,1,600.0,30,2.0,0.15,4.0,auto
71,17,41,movement,1,1.0,1,600.0,30,2.0,0.15,4.0,auto
72,17,37,movement,1,1.0,1,600.0,30,2.0,0.15,4.0,auto
73,17,42,waiting,1,1.0,1,100000.0,30,0.5,0.15,4.0,auto
74,18,44,movement,1,1.0,1,600.0,30,2.0,0.15,4.0,auto
75,18,48,movement,1,1.0,1,600.0,30,2.0,0.15,4.0,auto
76,18,42,movement,1,1.0,1,600.0,30,2.0,0.15,4.0,auto
77,18,38,movement,1,1.0,1,600.0,30,2.0,0.15,4.0,auto
78,18,43,waiting,1,1.0,1,100000.0,30,0.5,0.15,4.0,auto
79,19,45,movement,1,1.0,1,600.0,30,2.0,0.15,4.0,auto
80,19,49,movement,1,1.0,1,600.0,30,2.0,0.15,4.0,auto
81,19,43,movement,1,1.0,1,600.0,30,2.0,0.15,4.0,auto
82,19,39,movement,1,1.0,1,600.0,30,2.0,0.15,4.0,auto
83,19,44,waiting,1,1.0,1,100000.0,30,0.5,0.15,4.0,auto
84,20,50,movement,1,1.0,1,600.0,30,2.0,0.15,4.0,auto
85,20,44,movement,1,1.0,1,600.0,30,2.0,0.15,4.0,auto
86,20,40,movement,1,1.0,1,600.0,30,2.0,0.15,4.0,auto
87,20,45,waiting,1,1.0,1,100000.0,30,0.5,0.15,4.0,auto
88,21,47,movement,1,1.0,1,600.0,30,2.0,0.15,4.0,auto
89,21,41,movement,1,1.0,1,600.0,30,2.0,0.15,4.0,auto
90,21,46,waiting,1,1.0,1,100000.0,30,0.5,0.15,4.0,auto
91,22,48,movement,1,1.0,1,600.0,30,2.0,0.15,4.0,auto
92,22,46,movement,1,1.0,1,600.0,30,2.0,0.15,4.0,auto
93,22,42,movement,1,1.0,1,600.0,30,2.0,0.15,4.0,auto
94,22,47,waiting,1,1.0,1,100000.0,30,0.5,0.15,4.0,auto
95,23,49,movement,1,1.0,1,600.0,30,2.0,0.15,4.0,auto
96,23,47,movement,1,1.0,1,600.0,30,2.0,0.15,4.0,auto
97,23,43,movement,1,1.0,1,600.0,30,2.0,0.15,4.0,auto
98,23,48,waiting,1,1.0,1,100000.0,30,0.5,0.15,4.0,auto
99,24,50,movement,1,1.0,1,600.0,30,2.0,0.15,4.0,auto
100,24,48,movement,1,1.0,1,600.0,30,2.0,0.15,4.0,auto
101,24,44,movement,1,1.0,1,600.0,30,2.0,0.15,4.0,auto
102,24,49,waiting,1,1.0,1,100000.0,30,0.5,0.15,4.0,auto
103,25,49,movement,1,1.0,1,600.0,30,2.0,0.15,4.0,auto
104,25,45,movement,1,1.0,1,600.0,30,2.0,0.15,4.0,auto
105,25,50,waiting,1,1.0,1,100000.0,30,0.5,0.15,4.0,auto
106,26,52,movement,1,1.0,1,600.0,30,2.0,0.15,4.0,auto
107,26,56,movement,1,1.0,1,600.0,30,2.0,0.15,4.0,auto
108,26,51,waiting,1,1.0,1,100000.0,30,0.5,0.15,4.0,auto
109,27,53,movement,1,1.0,1,600.0,30,2.0,0.15,4.0,auto
110,27,57,movement,1,1.0,1,600.0,30,2.0,0.15,4.0,auto
111,27,51,movement,1,1.0,1,600.0,30,2.0,0.15,4.0,auto
112,27,52,waiting,1,1.0,1,100000.0,30,0.5,0.15,4.0,auto
113,28,54,movement,1,1.0,1,600.0,30,2.0,0.15,4.0,auto
114,28,58,movement,1,1.0,1,600.0,30,2.0,0.15,4.0,auto
115,28,52,movement,1,1.0,1,600.0,30,2.0,0.15,4.0,auto
116,28,53,waiting,1,1.0,1,100000.0,30,0.5,0.15,4.0,auto
117,29,55,movement,1,1.0,1,600.0,30,2.0,0.15,4.0,auto
118,29,59,movement,1,1.0,1,600.0,30,2.0,0.15,4.0,auto
119,29,53,movement,1,1.0,1,600.0,30,2.0,0.15,4.0,auto
120,29,54,waiting,1,1.0,1,100000.0,30,0.5,0.15,4.0,auto
121,30,60,movement,1,1.0,1,600.0,30,2.0,0.15,4.0,auto
122,30,54,movement,1,1.0,1,600.0,30,2.0,0.15,4.0,auto
123,30,55,waiting,1,1.0,1,100000.0,30,0.5,0.15,4.0,auto
124,31,57,movement,1,1.0,1,600.0,30,2.0,0.15,4.0,auto
125,31,61,movement,1,1.0,1,600.0,30,2.0,0.15,4.0,auto
126,31,51,movement,1,1.0,1,600.0,30,2.0,0.15,4.0,auto
127,31,56,waiting,1,1.0,1,100000.0,30,0.5,0.15,4.0,auto
128,32,58,movement,1,1.0,1,600.0,30,2.0,0.15,4.0,auto
129,32,62,movement,1,1.0,1,600.0,30,2.0,0.15,4.0,auto
130,32,56,movement,1,1.0,1,600.0,30,2.0,0.15,4.0,auto
131,32,52,movement,1,1.0,1,600.0,30,2.0,0.15,4.0,auto
132,32,57,waiting,1,1.0,1,100000.0,30,0.5,0.15,4.0,auto
133,33,59,movement,1,1.0,1,600.0,30,2.0,0.15,4.0,auto
134,33,63,movement,1,1.0,1,600.0,30,2.0,0.15,4.0,auto
135,33,57,movement,1,1.0,1,600.0,30,2.0,0.15,4.0,auto
136,33,53,movement,1,1.0,1,600.0,30,2.0,0.15,4.0,auto
137,33,58,waiting,1,1.0,1,100000.0,30,0.5,0.15,4.0,auto
138,34,60,movement,1,1.0,1,600.0,30,2.0,0.15,4.0,auto
139,34,64,movement,1,1.0,1,600.0,30,2.0,0.15,4.0,auto
140,34,58,movement,1,1.0,1,600.0,30,2.0,0.15,4.0,auto
141,34,54,movement,1,1.0,1,600.0,30,2.0,0.15,4.0,auto
142,34,59,waiting,1,1.0,1,100000.0,30,0.5,0.15,4.0,auto
143,35,65,movement,1,1.0,1,600.0,30,2.0,0.15,4.0,auto
144,35,59,movement,1,1.0,1,600.0,30,2.0,0.15,4.0,auto
145,35,55,movement,1,1.0,1,600.0,30,2.0,0.15,4.0,auto
146,35,60,waiting,1,1.0,1,100000.0,30,0.5,0.15,4.0,auto
147,36,62,movement,1,1.0,1,600.0,30,2.0,0.15,4.0,auto
148,36,66,movement,1,1.0,1,600.0,30,2.0,0.15,4.0,auto
149,36,56,movement,1,1.0,1,600.0,30,2.0,0.15,4.0,auto
150,36,61,waiting,1,1.0,1,100000.0,30,0.5,0.15,4.0,auto
151,37,63,movement,1,1.0,1,600.0,30,2.0,0.15,4.0,auto
152,37,67,movement,1,1.0,1,600.0,30,2.0,0.15,4.0,auto
153,37,61,movement,1,1.0,1,600.0,30,2.0,0.15,4.0,auto
154,37,57,movement,1,1.0,1,600.0,30,2.0,0.15,4.0,auto
155,37,62,waiting,1,1.0,1,100000.0,30,0.5,0.15,4.0,auto
156,38,64,movement,1,1.0,1,600.0,30,2.0,0.15,4.0,auto
157,38,68,movement,1,1.0,1,600.0,30,2.0,0.15,4.0,auto
158,38,62,movement,1,1.0,1,600.0,30,2.0,0.15,4.0,auto
159,38,58,movement,1,1.0,1,600.0,30,2.0,0.15,4.0,auto
160,38,63,waiting,1,1.0,1,100000.0,30,0.5,0.15,4.0,auto
161,39,65,movement,1,1.0,1,600.0,30,2.0,0.15,4.0,auto
162,39,69,movement,1,1.0,1,600.0,30,2.0,0.15,4.0,auto
163,39,63,movement,1,1.0,1,600.0,30,2.0,0.15,4.0,auto
164,39,59,movement,1,1.0,1,600.0,30,2.0,0.15,4.0,auto
165,39,64,waiting,1,1.0,1,100000.0,30,0.5,0.15,4.0,auto
166,40,70,movement,1,1.0,1,600.0,30,2.0,0.15,4.0,auto
167,40,64,movement,1,1.0,1,600.0,30,2.0,0.15,4.0,auto
168,40,60,movement,1,1.0,1,600.0,30,2.0,0.15,4.0,auto
169,40,65,waiting,1,1.0,1,100000.0,30,0.5,0.15,4.0,auto
170,41,67,movement,1,1.0,1,600.0,30,2.0,0.15,4.0,auto
171,41,71,movement,1,1.0,1,600.0,30,2.0,0.15,4.0,auto
172,41,61,movement,1,1.0,1,600.0,30,2.0,0.15,4.0,auto
173,41,66,waiting,1,1.0,1,100000.0,30,0.5,0.15,4.0,auto
174,42,68,movement,1,1.0,1,600.0,30,2.0,0.15,4.0,auto
175,42,72,movement,1,1.0,1,600.0,30,2.0,0.15,4.0,auto
176,42,66,movement,1,1.0,1,600.0,30,2.0,0.15,4.0,auto
177,42,62,movement,1,1.0,1,600.0,30,2.0,0.15,4.0,auto
178,42,67,waiting,1,1.0,1,100000.0,30,0.5,0.15,4.0,auto
179,43,69,movement,1,1.0,1,600.0,30,2.0,0.15,4.0,auto
180,43,73,movement,1,1.0,1,600.0,30,2.0,0.15,4.0,auto
181,43,67,movement,1,1.0,1,600.0,30,2.0,0.15,4.0,auto
182,43,63,movement,1,1.0,1,600.0,30,2.0,0.15,4.0,auto
183,43,68,waiting,1,1.0,1,100000.0,30,0.5,0.15,4.0,auto
184,44,70,movement,1,1.0,1,600.0,30,2.0,0.15,4.0,auto
185,44,74,movement,1,1.0,1,600.0,30,2.0,0.15,4.0,auto
186,44,68,movement,1,1.0,1,600.0,30,2.0,0.15,4.0,auto
187,44,64,movement,1,1.0,1,600.0,30,2.0,0.15,4.0,auto
188,44,69,waiting,1,1.0,1,100000.0,30,0.5,0.15,4.0,auto
189,45,75,movement,1,1.0,1,600.0,30,2.0,0.15,4.0,auto
190,45,69,movement,1,1.0,1,600.0,30,2.0,0.15,4.0,auto
191,45,65,movement,1,1.0,1,600.0,30,2.0,0.15,4.0,auto
192,45,70,waiting,1,1.0,1,100000.0,30,0.5,0.15,4.0,auto
193,46,72,movement,1,1.0,1,600.0,30,2.0,0.15,4.0,auto
194,46,66,movement,1,1.0,1,600.0,30,2.0,0.15,4.0,auto
195,46,71,waiting,1,1.0,1,100000.0,30,0.5,0.15,4.0,auto
196,47,73,movement,1,1.0,1,600.0,30,2.0,0.15,4.0,auto
197,47,71,movement,1,1.0,1,600.0,30,2.0,0.15,4.0,auto
198,47,67,movement,1,1.0,1,600.0,30,2.0,0.15,4.0,auto
199,47,72,waiting,1,1.0,1,100000.0,30,0.5,0.15,4.0,auto
200,48,74,movement,1,1.0,1,600.0,30,2.0,0.15,4.0,auto
201,48,72,movement,1,1.0,1,600.0,30,2.0,0.15,4.0,auto
202,48,68,movement,1,1.0,1,600.0,30,2.0,0.15,4.0,auto
203,48,73,waiting,1,1.0,1,100000.0,30,0.5,0.15,4.0,auto
204,49,75,movement,1,1.0,1,600.0,30,2.0,0.15,4.0,auto
205,49,73,movement,1,1.0,1,600.0,30,2.0,0.15,4.0,auto
206,49,69,movement,1,1.0,1,600.0,30,2.0,0.15,4.0,auto
207,49,74,waiting,1,1.0,1,100000.0,30,0.5,0.15,4.0,auto
208,50,74,movement,1,1.0,1,600.0,30,2.0,0.15,4.0,auto
209,50,70,movement,1,1.0,1,600.0,30,2.0,0.15,4.0,auto
210,50,75,waiting,1,1.0,1,100000.0,30,0.5,0.15,4.0,auto
211,51,77,movement,1,1.0,1,600.0,30,2.0,0.15,4.0,auto
212,51,81,movement,1,1.0,1,600.0,30,2.0,0.15,4.0,auto
213,51,76,waiting,1,1.0,1,100000.0,30,0.5,0.15,4.0,auto
214,52,78,movement,1,1.0,1,600.0,30,2.0,0.15,4.0,auto
215,52,82,movement,1,1.0,1,600.0,30,2.0,0.15,4.0,auto
216,52,76,movement,1,1.0,1,600.0,30,2.0,0.15,4.0,auto
217,52,77,waiting,1,1.0,1,100000.0,30,0.5,0.15,4.0,auto
218,53,79,movement,1,1.0,1,600.0,30,2.0,0.15,4.0,auto
219,53,83,movement,1,1.0,1,600.0,30,2.0,0.15,4.0,auto
220,53,77,movement,1,1.0,1,600.0,30,2.0,0.15,4.0,auto
221,53,78,waiting,1,1.0,1,100000.0,30,0.5,0.15,4.0,auto
222,54,80,movement,1,1.0,1,600.0,30,2.0,0.15,4.0,auto
223,54,84,movement,1,1.0,1,600.0,30,2.0,0.15,4.0,auto
224,54,78,movement,1,1.0,1,600.0,30,2.0,0.15,4.0,auto
225,54,79,waiting,1,1.0,1,100000.0,30,0.5,0.15,4.0,auto
226,55,85,movement,1,1.0,1,600.0,30,2.0,0.15,4.0,auto
227,55,79,movement,1,1.0,1,600.0,30,2.0,0.15,4.0,auto
228,55,80,waiting,1,1.0,1,100000.0,30,0.5,0.15,4.0,auto
229,56,82,movement,1,1.0,1,600.0,30,2.0,0.15,4.0,auto
230,56,86,movement,1,1.0,1,600.0,30,2.0,0.15,4.0,auto
231,56,76,movement,1,1.0,1,600.0,30,2.0,0.15,4.0,auto
232,56,81,waiting,1,1.0,1,100000.0,30,0.5,0.15,4.0,auto
233,57,83,movement,1,1.0,1,600.0,30,2.0,0.15,4.0,auto
234,57,87,movement,1,1.0,1,600.0,30,2.0,0.15,4.0,auto
235,57,81,movement,1,1.0,1,600.0,30,2.0,0.15,4.0,auto
236,57,77,movement,1,1.0,1,600.0,30,2.0,0.15,4.0,auto
237,57,82,waiting,1,1.0,1,100000.0,30,0.5,0.15,4.0,auto
238,58,84,movement,1,1.0,1,600.0,30,2.0,0.15,4.0,auto
239,58,88,movement,1,1.0,1,600.0,30,2.0,0.15,4.0,auto
240,58,82,movement,1,1.0,1,600.0,30,2.0,0.15,4.0,auto
241,58,78,movement,1,1.0,1,600.0,30,2.0,0.15,4.0,auto
242,58,83,waiting,1,1.0,1,100000.0,30,0.5,0.15,4.0,auto
243,59,85,movement,1,1.0,1,600.0,30,2.0,0.15,4.0,auto
244,59,89,movement,1,1.0,1,600.0,30,2.0,0.15,4.0,auto
245,59,83,movement,1,1.0,1,600.0,30,2.0,0.15,4.0,auto
246,59,79,movement,1,1.0,1,600.0,30,2.0,0.15,4.0,auto
247,59,84,waiting,1,1.0,1,100000.0,30,0.5,0.15,4.0,auto
248,60,90,movement,1,1.0,1,600.0,30,2.0,0.15,4.0,auto
249,60,84,movement,1,1.0,1,600.0,30,2.0,0.15,4.0,auto
250,60,80,movement,1,1.0,1,600.0,30,2.0,0.15,4.0,auto
251,60,85,waiting,1,1.0,1,100000.0,30,0.5,0.15,4.0,auto
252,61,87,movement,1,1.0,1,600.0,30,2.0,0.15,4.0,auto
253,61,91,movement,1,1.0,1,600.0,30,2.0,0.15,4.0,auto
254,61,81,movement,1,1.0,1,600.0,30,2.0,0.15,4.0,auto
255,61,86,waiting,1,1.0,1,100000.0,30,0.5,0.15,4.0,auto
256,62,88,movement,1,1.0,1,600.0,30,2.0,0.15,4.0,auto
257,62,92,movement,1,1.0,1,600.0,30,2.0,0.15,4.0,auto
258,62,86,movement,1,1.0,1,600.0,30,2.0,0.15,4.0,auto
259,62,82,movement,1,1.0,1,600.0,30,2.0,0.15,4.0,auto
260,62,87,waiting,1,1.0,1,100000.0,30,0.5,0.15,4.0,auto
261,63,89,movement,1,1.0,1,600.0,30,2.0,0.15,4.0,auto
262,63,93,movement,1,1.0,1,600.0,30,2.0,0.15,4.0,auto
263,63,87,movement,1,1.0,1,600.0,30,2.0,0.15,4.0,auto
264,63,83,movement,1,1.0,1,600.0,30,2.0,0.15,4.0,auto
265,63,88,waiting,1,1.0,1,100000.0,30,0.5,0.15,4.0,auto
266,64,90,movement,1,1.0,1,600.0,30,2.0,0.15,4.0,auto
267,64,94,movement,1,1.0,1,600.0,30,2.0,0.15,4.0,auto
268,64,88,movement,1,1.0,1,600.0,30,2.0,0.15,4.0,auto
269,64,84,movement,1,1.0,1,600.0,30,2.0,0.15,4.0,auto
270,64,89,waiting,1,1.0,1,100000.0,30,0.5,0.15,4.0,auto
271,65,95,movement,1,1.0,1,600.0,30,2.0,0.15,4.0,auto
272,65,89,movement,1,1.0,1,600.0,30,2.0,0.15,4.0,auto
273,65,85,movement,1,1.0,1,600.0,30,2.0,0.15,4.0,auto
274,65,90,waiting,1,1.0,1,100000.0,30,0.5,0.15,4.0,auto
275,66,92,movement,1,1.0,1,600.0,30,2.0,0.15,4.0,auto
276,66,96,movement,1,1.0,1,600.0,30,2.0,0.15,4.0,auto
277,66,86,movement,1,1.0,1,600.0,30,2.0,0.15,4.0,auto
278,66,91,waiting,1,1.0,1,100000.0,30,0.5,0.15,4.0,auto
279,67,93,movement,1,1.0,1,600.0,30,2.0,0.15,4.0,auto
280,67,97,movement,1,1.0,1,600.0,30,2.0,0.15,4.0,auto
281,67,91,movement,1,1.0,1,600.0,30,2.0,0.15,4.0,auto
282,67,87,movement,1,1.0,1,600.0,30,2.0,0.15,4.0,auto
283,67,92,waiting,1,1.0,1,100000.0,30,0.5,0.15,4.0,auto
284,68,94,movement,1,1.0,1,600.0,30,2.0,0.15,4.0,auto
285,68,98,movement,1,1.0,1,600.0,30,2.0,0.15,4.0,auto
286,68,92,movement,1,1.0,1,600.0,30,2.0,0.15,4.0,auto
287,68,88,movement,1,1.0,1,600.0,30,2.0,0.15,4.0,auto
288,68,93,waiting,1,1.0,1,100000.0,30,0.5,0.15,4.0,auto
289,69,95,movement,1,1.0,1,600.0,30,2.0,0.15,4.0,auto
290,69,99,movement,1,1.0,1,600.0,30,2.0,0.15,4.0,auto
291,69,93,movement,1,1.0,1,600.0,30,2.0,0.15,4.0,auto
292,69,89,movement,1,1.0,1,600.0,30,2.0,0.15,4.0,auto
293,69,94,waiting,1,1.0,1,100000.0,30,0.5,0.15,4.0,auto
294,70,100,movement,1,1.0,1,600.0,30,2.0,0.15,4.0,auto
295,70,94,movement,1,1.0,1,600.0,30,2.0,0.15,4.0,auto
296,70,90,movement,1,1.0,1,600.0,30,2.0,0.15,4.0,auto
297,70,95,waiting,1,1.0,1,100000.0,30,0.5,0.15,4.0,auto
298,71,97,movement,1,1.0,1,600.0,30,2.0,0.15,4.0,auto
299,71,91,movement,1,1.0,1,600.0,30,2.0,0.15,4.0,auto
300,71,96,waiting,1,1.0,1,100000.0,30,0.5,0.15,4.0,auto
301,72,98,movement,1,1.0,1,600.0,30,2.0,0.15,4.0,auto
302,72,96,movement,1,1.0,1,600.0,30,2.0,0.15,4.0,auto
303,72,92,movement,1,1.0,1,600.0,30,2.0,0.15,4.0,auto
304,72,97,waiting,1,1.0,1,100000.0,30,0.5,0.15,4.0,auto
305,73,99,movement,1,1.0,1,600.0,30,2.0,0.15,4.0,auto
306,73,97,movement,1,1.0,1,600.0,30,2.0,0.15,4.0,auto
307,73,93,movement,1,1.0,1,600.0,30,2.0,0.15,4.0,auto
308,73,98,waiting,1,1.0,1,100000.0,30,0.5,0.15,4.0,auto
309,74,100,movement,1,1.0,1,600.0,30,2.0,0.15,4.0,auto
310,74,98,movement,1,1.0,1,600.0,30,2.0,0.15,4.0,auto
311,74,94,movement,1,1.0,1,600.0,30,2.0,0.15,4.0,auto
312,74,99,waiting,1,1.0,1,100000.0,30,0.5,0.15,4.0,auto
313,75,99,movement,1,1.0,1,600.0,30,2.0,0.15,4.0,auto
314,75,95,movement,1,1.0,1,600.0,30,2.0,0.15,4.0,auto
315,75,100,waiting,1,1.0,1,100000.0,30,0.5,0.15,4.0,auto
316,76,102,movement,1,1.0,1,600.0,30,2.0,0.15,4.0,auto
317,76,106,movement,1,1.0,1,600.0,30,2.0,0.15,4.0,auto
318,76,101,waiting,1,1.0,1,100000.0,30,0.5,0.15,4.0,auto
319,77,103,movement,1,1.0,1,600.0,30,2.0,0.15,4.0,auto
320,77,107,movement,1,1.0,1,600.0,30,2.0,0.15,4.0,auto
321,77,101,movement,1,1.0,1,600.0,30,2.0,0.15,4.0,auto
322,77,102,waiting,1,1.0,1,100000.0,30,0.5,0.15,4.0,auto
323,78,104,movement,1,1.0,1,600.0,30,2.0,0.15,4.0,auto
324,78,108,movement,1,1.0,1,600.0,30,2.0,0.15,4.0,auto
325,78,102,movement,1,1.0,1,600.0,30,2.0,0.15,4.0,auto
326,78,103,waiting,1,1.0,1,100000.0,30,0.5,0.15,4.0,auto
327,79,105,movement,1,1.0,1,600.0,30,2.0,0.15,4.0,auto
328,79,109,movement,1,1.0,1,600.0,30,2.0,0.15,4.0,auto
329,79,103,movement,1,1.0,1,600.0,30,2.0,0.15,4.0,auto
330,79,104,waiting,1,1.0,1,100000.0,30,0.5,0.15,4.0,auto
331,80,110,movement,1,1.0,1,600.0,30,2.0,0.15,4.0,auto
332,80,104,movement,1,1.0,1,600.0,30,2.0,0.15,4.0,auto
333,80,105,waiting,1,1.0,1,100000.0,30,0.5,0.15,4.0,auto
334,81,107,movement,1,1.0,1,600.0,30,2.0,0.15,4.0,auto
335,81,111,movement,1,1.0,1,600.0,30,2.0,0.15,4.0,auto
336,81,101,movement,1,1.0,1,600.0,30,2.0,0.15,4.0,auto
337,81,106,waiting,1,1.0,1,100000.0,30,0.5,0.15,4.0,auto
338,82,108,movement,1,1.0,1,600.0,30,2.0,0.15,4.0,auto
339,82,112,movement,1,1.0,1,600.0,30,2.0,0.15,4.0,auto
340,82,106,movement,1,1.0,1,600.0,30,2.0,0.15,4.0,auto
341,82,102,movement,1,1.0,1,600.0,30,2.0,0.15,4.0,auto
342,82,107,waiting,1,1.0,1,100000.0,30,0.5,0.15,4.0,auto
343,83,109,movement,1,1.0,1,600.0,30,2.0,0.15,4.0,auto
344,83,113,movement,1,1.0,1,600.0,30,2.0,0.15,4.0,auto
345,83,107,movement,1,1.0,1,600.0,30,2.0,0.15,4.0,auto
346,83,103,movement,1,1.0,1,600.0,30,2.0,0.15,4.0,auto
347,83,108,waiting,1,1.0,1,100000.0,30,0.5,0.15,4.0,auto
348,84,110,movement,1,1.0,1,600.0,30,2.0,0.15,4.0,auto
349,84,114,movement,1,1.0,1,600.0,30,2.0,0.15,4.0,auto
350,84,108,movement,1,1.0,1,600.0,30,2.0,0.15,4.0,auto
351,84,104,movement,1,1.0,1,600.0,30,2.0,0.15,4.0,auto
352,84,109,waiting,1,1.0,1,100000.0,30,0.5,0.15,4.0,auto
353,85,115,movement,1,1.0,1,600.0,30,2.0,0.15,4.0,auto
354,85,109,movement,1,1.0,1,600.0,30,2.0,0.15,4.0,auto
355,85,105,movement,1,1.0,1,600.0,30,2.0,0.15,4.0,auto
356,85,110,waiting,1,1.0,1,100000.0,30,0.5,0.15,4.0,auto
357,86,112,movement,1,1.0,1,600.0,30,2.0,0.15,4.0,auto
358,86,116,movement,1,1.0,1,600.0,30,2.0,0.15,4.0,auto
359,86,106,movement,1,1.0,1,600.0,30,2.0,0.15,4.0,auto
360,86,111,waiting,1,1.0,1,100000.0,30,0.5,0.15,4.0,auto
361,87,113,movement,1,1.0,1,600.0,30,2.0,0.15,4.0,auto
362,87,117,movement,1,1.0,1,600.0,30,2.0,0.15,4.0,auto
363,87,111,movement,1,1.0,1,600.0,30,2.0,0.15,4.0,auto
364,87,107,movement,1,1.0,1,600.0,30,2.0,0.15,4.0,auto
365,87,112,waiting,1,1.0,1,100000.0,30,0.5,0.15,4.0,auto
366,88,114,movement,1,1.0,1,600.0,30,2.0,0.15,4.0,auto
367,88,118,movement,1,1.0,1,600.0,30,2.0,0.15,4.0,auto
368,88,112,movement,1,1.0,1,600.0,30,2.0,0.15,4.0,auto
369,88,108,movement,1,1.0,1,600.0,30,2.0,0.15,4.0,auto
370,88,113,waiting,1,1.0,1,100000.0,30,0.5,0.15,4.0,auto
371,89,115,movement,1,1.0,1,600.0,30,2.0,0.15,4.0,auto
372,89,119,movement,1,1.0,1,600.0,30,2.0,0.15,4.0,auto
373,89,113,movement,1,1.0,1,600.0,30,2.0,0.15,4.0,auto
374,89,109,movement,1,1.0,1,600.0,30,2.0,0.15,4.0,auto
375,89,114,waiting,1,1.0,1,100000.0,30,0.5,0.15,4.0,auto
376,90,120,movement,1,1.0,1,600.0,30,2.0,0.15,4.0,auto
377,90,114,movement,1,1.0,1,600.0,30,2.0,0.15,4.0,auto
378,90,110,movement,1,1.0,1,600.0,30,2.0,0.15,4.0,auto
379,90,115,waiting,1,1.0,1,100000.0,30,0.5,0.15,4.0,auto
380,91,117,movement,1,1.0,1,600.0,30,2.0,0.15,4.0,auto
381,91,121,movement,1,1.0,1,600.0,30,2.0,0.15,4.0,auto
382,91,111,movement,1,1.0,1,600.0,30,2.0,0.15,4.0,auto
383,91,116,waiting,1,1.0,1,100000.0,30,0.5,0.15,4.0,auto
384,92,118,movement,1,1.0,1,600.0,30,2.0,0.15,4.0,auto
385,92,122,movement,1,1.0,1,600.0,30,2.0,0.15,4.0,auto
386,92,116,movement,1,1.0,1,600.0,30,2.0,0.15,4.0,auto
387,92,112,movement,1,1.0,1,600.0,30,2.0,0.15,4.0,auto
388,92,117,waiting,1,1.0,1,100000.0,30,0.5,0.15,4.0,auto
389,93,119,movement,1,1.0,1,600.0,30,2.0,0.15,4.0,auto
390,93,123,movement,1,1.0,1,600.0,30,2.0,0.15,4.0,auto
391,93,117,movement,1,1.0,1,600.0,30,2.0,0.15,4.0,auto
392,93,113,movement,1,1.0,1,600.0,30,2.0,0.15,4.0,auto
393,93,118,waiting,1,1.0,1,100000.0,30,0.5,0.15,4.0,auto
394,94,120,movement,1,1.0,1,600.0,30,2.0,0.15,4.0,auto
395,94,124,movement,1,1.0,1,600.0,30,2.0,0.15,4.0,auto
396,94,118,movement,1,1.0,1,600.0,30,2.0,0.15,4.0,auto
397,94,114,movement,1,1.0,1,600.0,30,2.0,0.15,4.0,auto
398,94,119,waiting,1,1.0,1,100000.0,30,0.5,0.15,4.0,auto
399,95,125,movement,1,1.0,1,600.0,30,2.0,0.15,4.0,auto
400,95,119,movement,1,1.0,1,600.0,30,2.0,0.15,4.0,auto
401,95,115,movement,1,1.0,1,600.0,30,2.0,0.15,4.0,auto
402,95,120,waiting,1,1.0,1,100000.0,30,0.5,0.15,4.0,auto
403,96,122,movement,1,1.0,1,600.0,30,2.0,0.15,4.0,auto
404,96,116,movement,1,1.0,1,600.0,30,2.0,0.15,4.0,auto
405,96,121,waiting,1,1.0,1,100000.0,30,0.5,0.15,4.0,auto
406,97,123,movement,1,1.0,1,600.0,30,2.0,0.15,4.0,auto
407,97,121,movement,1,1.0,1,600.0,30,2.0,0.15,4.0,auto
408,97,117,movement,1,1.0,1,600.0,30,2.0,0.15,4.0,auto
409,97,122,waiting,1,1.0,1,100000.0,30,0.5,0.15,4.0,auto
410,98,124,movement,1,1.0,1,600.0,30,2.0,0.15,4.0,auto
411,98,122,movement,1,1.0,1,600.0,30,2.0,0.15,4.0,auto
412,98,118,movement,1,1.0,1,600.0,30,2.0,0.15,4.0,auto
413,98,123,waiting,1,1.0,1,100000.0,30,0.5,0.15,4.0,auto
414,99,125,movement,1,1.0,1,600.0,30,2.0,0.15,4.0,auto
415,99,123,movement,1,1.0,1,600.0,30,2.0,0.15,4.0,auto
416,99,119,movement,1,1.0,1,600.0,30,2.0,0.15,4.0,auto
417,99,124,waiting,1,1.0,1,100000.0,30,0.5,0.15,4.0,auto
418,100,124,movement,1,1.0,1,600.0,30,2.0,0.15,4.0,auto
419,100,120,movement,1,1.0,1,600.0,30,2.0,0.15,4.0,auto
420,100,125,waiting,1,1.0,1,100000.0,30,0.5,0.15,4.0,auto
421,101,127,movement,1,1.0,1,600.0,30,2.0,0.15,4.0,auto
422,101,131,movement,1,1.0,1,600.0,30,2.0,0.15,4.0,auto
423,101,126,waiting,1,1.0,1,100000.0,30,0.5,0.15,4.0,auto
424,102,128,movement,1,1.0,1,600.0,30,2.0,0.15,4.0,auto
425,102,132,movement,1,1.0,1,600.0,30,2.0,0.15,4.0,auto
426,102,126,movement,1,1.0,1,600.0,30,2.0,0.15,4.0,auto
427,102,127,waiting,1,1.0,1,100000.0,30,0.5,0.15,4.0,auto
428,103,129,movement,1,1.0,1,600.0,30,2.0,0.15,4.0,auto
429,103,133,movement,1,1.0,1,600.0,30,2.0,0.15,4.0,auto
430,103,127,movement,1,1.0,1,600.0,30,2.0,0.15,4.0,auto
431,103,128,waiting,1,1.0,1,100000.0,30,0.5,0.15,4.0,auto
432,104,130,movement,1,1.0,1,600.0,30,2.0,0.15,4.0,auto
433,104,134,movement,1,1.0,1,600.0,30,2.0,0.15,4.0,auto
434,104,128,movement,1,1.0,1,600.0,30,2.0,0.15,4.0,auto
435,104,129,waiting,1,1.0,1,100000.0,30,0.5,0.15,4.0,auto
436,105,135,movement,1,1.0,1,600.0,30,2.0,0.15,4.0,auto
437,105,129,movement,1,1.0,1,600.0,30,2.0,0.15,4.0,auto
438,105,130,waiting,1,1.0,1,100000.0,30,0.5,0.15,4.0,auto
439,106,132,movement,1,1.0,1,600.0,30,2.0,0.15,4.0,auto
440,106,136,movement,1,1.0,1,600.0,30,2.0,0.15,4.0,auto
441,106,126,movement,1,1.0,1,600.0,30,2.0,0.15,4.0,auto
442,106,131,waiting,1,1.0,1,100000.0,30,0.5,0.15,4.0,auto
443,107,133,movement,1,1.0,1,600.0,30,2.0,0.15,4.0,auto
444,107,137,movement,1,1.0,1,600.0,30,2.0,0.15,4.0,auto
445,107,131,movement,1,1.0,1,600.0,30,2.0,0.15,4.0,auto
446,107,127,movement,1,1.0,1,600.0,30,2.0,0.15,4.0,auto
447,107,132,waiting,1,1.0,1,100000.0,30,0.5,0.15,4.0,auto
448,108,134,movement,1,1.0,1,600.0,30,2.0,0.15,4.0,auto
449,108,138,movement,1,1.0,1,600.0,30,2.0,0.15,4.0,auto
450,108,132,movement,1,1.0,1,600.0,30,2.0,0.15,4.0,auto
451,108,128,movement,1,1.0,1,600.0,30,2.0,0.15,4.0,auto
452,108,133,waiting,1,1.0,1,100000.0,30,0.5,0.15,4.0,auto
453,109,135,movement,1,1.0,1,600.0,30,2.0,0.15,4.0,auto
454,109,139,movement,1,1.0,1,600.0,30,2.0,0.15,4.0,auto
455,109,133,movement,1,1.0,1,600.0,30,2.0,0.15,4.0,auto
456,109,129,movement,1,1.0,1,600.0,30,2.0,0.15,4.0,auto
457,109,134,waiting,1,1.0,1,100000.0,30,0.5,0.15,4.0,auto
458,110,140,movement,1,1.0,1,600.0,30,2.0,0.15,4.0,auto
459,110,134,movement,1,1.0,1,600.0,30,2.0,0.15,4.0,auto
460,110,130,movement,1,1.0,1,600.0,30,2.0,0.15,4.0,auto
461,110,135,waiting,1,1.0,1,100000.0,30,0.5,0.15,4.0,auto
462,111,137,movement,1,1.0,1,600.0,30,2.0,0.15,4.0,auto
463,111,141,movement,1,1.0,1,600.0,30,2.0,0.15,4.0,auto
464,111,131,movement,1,1.0,1,600.0,30,2.0,0.15,4.0,auto
465,111,136,waiting,1,1.0,1,100000.0,30,0.5,0.15,4.0,auto
466,112,138,movement,1,1.0,1,600.0,30,2.0,0.15,4.0,auto
467,112,142,movement,1,1.0,1,600.0,30,2.0,0.15,4.0,auto
468,112,136,movement,1,1.0,1,600.0,30,2.0,0.15,4.0,auto
469,112,132,movement,1,1.0,1,600.0,30,2.0,0.15,4.0,auto
470,112,137,waiting,1,1.0,1,100000.0,30,0.5,0.15,4.0,auto
471,113,139,movement,1,1.0,1,600.0,30,2.0,0.15,4.0,auto
472,113,143,movement,1,1.0,1,600.0,30,2.0,0.15,4.0,auto
473,113,137,movement,1,1.0,1,600.0,30,2.0,0.15,4.0,auto
474,113,133,movement,1,1.0,1,600.0,30,2.0,0.15,4.0,auto
475,113,138,waiting,1,1.0,1,100000.0,30,0.5,0.15,4.0,auto
476,114,140,movement,1,1.0,1,600.0,30,2.0,0.15,4.0,auto
477,114,144,movement,1,1.0,1,600.0,30,2.0,0.15,4.0,auto
478,114,138,movement,1,1.0,1,600.0,30,2.0,0.15,4.0,auto
479,114,134,movement,1,1.0,1,600.0,30,2.0,0.15,4.0,auto
480,114,139,waiting,1,1.0,1,100000.0,30,0.5,0.15,4.0,auto
481,115,145,movement,1,1.0,1,600.0,30,2.0,0.15,4.0,auto
482,115,139,movement,1,1.0,1,600.0,30,2.0,0.15,4.0,auto
483,115,135,movement,1,1.0,1,600.0,30,2.0,0.15,4.0,auto
484,115,140,waiting,1,1.0,1,100000.0,30,0.5,0.15,4.0,auto
485,116,142,movement,1,1.0,1,600.0,30,2.0,0.15,4.0,auto
486,116,146,movement,1,1.0,1,600.0,30,2.0,0.15,4.0,auto
487,116,136,movement,1,1.0,1,600.0,30,2.0,0.15,4.0,auto
488,116,141,waiting,1,1.0,1,100000.0,30,0.5,0.15,4.0,auto
489,117,143,movement,1,1.0,1,600.0,30,2.0,0.15,4.0,auto
490,117,147,movement,1,1.0,1,600.0,30,2.0,0.15,4.0,auto
491,117,141,movement,1,1.0,1,600.0,30,2.0,0.15,4.0,auto
492,117,137,movement,1,1.0,1,600.0,30,2.0,0.15,4.0,auto
493,117,142,waiting,1,1.0,1,100000.0,30,0.5,0.15,4.0,auto
494,118,144,movement,1,1.0,1,600.0,30,2.0,0.15,4.0,auto
495,118,148,movement,1,1.0,1,600.0,30,2.0,0.15,4.0,auto
496,118,142,movement,1,1.0,1,600.0,30,2.0,0.15,4.0,auto
497,118,138,movement,1,1.0,1,600.0,30,2.0,0.15,4.0,auto
498,118,143,waiting,1,1.0,1,100000.0,30,0.5,0.15,4.0,auto
499,119,145,movement,1,1.0,1,600.0,30,2.0,0.15,4.0,auto
500,119,149,movement,1,1.0,1,600.0,30,2.0,0.15,4.0,auto
501,119,143,movement,1,1.0,1,600.0,30,2.0,0.15,4.0,auto
502,119,139,movement,1,1.0,1,600.0,30,2.0,0.15,4.0,auto
503,119,144,waiting,1,1.0,1,100000.0,30,0.5,0.15,4.0,auto
504,120,150,movement,1,1.0,1,600.0,30,2.0,0.15,4.0,auto
505,120,144,movement,1,1.0,1,600.0,30,2.0,0.15,4.0,auto
506,120,140,movement,1,1.0,1,600.0,30,2.0,0.15,4.0,auto
507,120,145,waiting,1,1.0,1,100000.0,30,0.5,0.15,4.0,auto
508,121,147,movement,1,1.0,1,600.0,30,2.0,0.15,4.0,auto
509,121,141,movement,1,1.0,1,600.0,30,2.0,0.15,4.0,auto
510,121,146,waiting,1,1.0,1,100000.0,30,0.5,0.15,4.0,auto
511,122,148,movement,1,1.0,1,600.0,30,2.0,0.15,4.0,auto
512,122,146,movement,1,1.0,1,600.0,30,2.0,0.15,4.0,auto
513,122,142,movement,1,1.0,1,600.0,30,2.0,0.15,4.0,auto
514,122,147,waiting,1,1.0,1,100000.0,30,0.5,0.15,4.0,auto
515,123,149,movement,1,1.0,1,600.0,30,2.0,0.15,4.0,auto
516,123,147,movement,1,1.0,1,600.0,30,2.0,0.15,4.0,auto
517,123,143,movement,1,1.0,1,600.0,30,2.0,0.15,4.0,auto
518,123,148,waiting,1,1.0,1,100000.0,30,0.5,0.15,4.0,auto
519,124,150,movement,1,1.0,1,600.0,30,2.0,0.15,4.0,auto
520,124,148,movement,1,1.0,1,600.0,30,2.0,0.15,4.0,auto
521,124,144,movement,1,1.0,1,600.0,30,2.0,0.15,4.0,auto
522,124,149,waiting,1,1.0,1,100000.0,30,0.5,0.15,4.0,auto
523,125,149,movement,1,1.0,1,600.0,30,2.0,0.15,4.0,auto
524,125,145,movement,1,1.0,1,600.0,30,2.0,0.15,4.0,auto
525,125,150,waiting,1,1.0,1,100000.0,30,0.5,0.15,4.0,auto
526,126,152,movement,1,1.0,1,600.0,30,2.0,0.15,4.0,auto
527,126,156,movement,1,1.0,1,600.0,30,2.0,0.15,4.0,auto
528,126,151,waiting,1,1.0,1,100000.0,30,0.5,0.15,4.0,auto
529,127,153,movement,1,1.0,1,600.0,30,2.0,0.15,4.0,auto
530,127,157,movement,1,1.0,1,600.0,30,2.0,0.15,4.0,auto
531,127,151,movement,1,1.0,1,600.0,30,2.0,0.15,4.0,auto
532,127,152,waiting,1,1.0,1,100000.0,30,0.5,0.15,4.0,auto
533,128,154,movement,1,1.0,1,600.0,30,2.0,0.15,4.0,auto
534,128,158,movement,1,1.0,1,600.0,30,2.0,0.15,4.0,auto
535,128,152,movement,1,1.0,1,600.0,30,2.0,0.15,4.0,auto
536,128,153,waiting,1,1.0,1,100000.0,30,0.5,0.15,4.0,auto
537,129,155,movement,1,1.0,1,600.0,30,2.0,0.15,4.0,auto
538,129,159,movement,1,1.0,1,600.0,30,2.0,0.15,4.0,auto
539,129,153,movement,1,1.0,1,600.0,30,2.0,0.15,4.0,auto
540,129,154,waiting,1,1.0,1,100000.0,30,0.5,0.15,4.0,auto
541,130,160,movement,1,1.0,1,600.0,30,2.0,0.15,4.0,auto
542,130,154,movement,1,1.0,1,600.0,30,2.0,0.15,4.0,auto
543,130,155,waiting,1,1.0,1,100000.0,30,0.5,0.15,4.0,auto
544,131,157,movement,1,1.0,1,600.0,30,2.0,0.15,4.0,auto
545,131,161,movement,1,1.0,1,600.0,30,2.0,0.15,4.0,auto
546,131,151,movement,1,1.0,1,600.0,30,2.0,0.15,4.0,auto
547,131,156,waiting,1,1.0,1,100000.0,30,0.5,0.15,4.0,auto
548,132,158,movement,1,1.0,1,600.0,30,2.0,0.15,4.0,auto
549,132,162,movement,1,1.0,1,600.0,30,2.0,0.15,4.0,auto
550,132,156,movement,1,1.0,1,600.0,30,2.0,0.15,4.0,auto
551,132,152,movement,1,1.0,1,600.0,30,2.0,0.15,4.0,auto
552,132,157,waiting,1,1.0,1,100000.0,30,0.5,0.15,4.0,auto
553,133,159,movement,1,1.0,1,600.0,30,2.0,0.15,4.0,auto
554,133,163,movement,1,1.0,1,600.0,30,2.0,0.15,4.0,auto
555,133,157,movement,1,1.0,1,600.0,30,2.0,0.15,4.0,auto
556,133,153,movement,1,1.0,1,600.0,30,2.0,0.15,4.0,auto
557,133,158,waiting,1,1.0,1,100000.0,30,0.5,0.15,4.0,auto
558,134,160,movement,1,1.0,1,600.0,30,2.0,0.15,4.0,auto
559,134,164,movement,1,1.0,1,600.0,30,2.0,0.15,4.0,auto
560,134,158,movement,1,1.0,1,600.0,30,2.0,0.15,4.0,auto
561,134,154,movement,1,1.0,1,600.0,30,2.0,0.15,4.0,auto
562,134,159,waiting,1,1.0,1,100000.0,30,0.5,0.15,4.0,auto
563,135,165,movement,1,1.0,1,600.0,30,2.0,0.15,4.0,auto
564,135,159,movement,1,1.0,1,600.0,30,2.0,0.15,4.0,auto
565,135,155,movement,1,1.0,1,600.0,30,2.0,0.15,4.0,auto
566,135,160,waiting,1,1.0,1,100000.0,30,0.5,0.15,4.0,auto
567,136,162,movement,1,1.0,1,600.0,30,2.0,0.15,4.0,auto
568,136,166,movement,1,1.0,1,600.0,30,2.0,0.15,4.0,auto
569,136,156,movement,1,1.0,1,600.0,30,2.0,0.15,4.0,auto
570,136,161,waiting,1,1.0,1,100000.0,30,0.5,0.15,4.0,auto
571,137,163,movement,1,1.0,1,600.0,30,2.0,0.15,4.0,auto
572,137,167,movement,1,1.0,1,600.0,30,2.0,0.15,4.0,auto
573,137,161,movement,1,1.0,1,600.0,30,2.0,0.15,4.0,auto
574,137,157,movement,1,1.0,1,600.0,30,2.0,0.15,4.0,auto
575,137,162,waiting,1,1.0,1,100000.0,30,0.5,0.15,4.0,auto
576,138,164,movement,1,1.0,1,600.0,30,2.0,0.15,4.0,auto
577,138,168,movement,1,1.0,1,600.0,30,2.0,0.15,4.0,auto
578,138,162,movement,1,1.0,1,600.0,30,2.0,0.15,4.0,auto
579,138,158,movement,1,1.0,1,600.0,30,2.0,0.15,4.0,auto
580,138,163,waiting,1,1.0,1,100000.0,30,0.5,0.15,4.0,auto
581,139,165,movement,1,1.0,1,600.0,30,2.0,0.15,4.0,auto
582,139,169,movement,1,1.0,1,600.0,30,2.0,0.15,4.0,auto
583,139,163,movement,1,1.0,1,600.0,30,2.0,0.15,4.0,auto
584,139,159,movement,1,1.0,1,600.0,30,2.0,0.15,4.0,auto
585,139,164,waiting,1,1.0,1,100000.0,30,0.5,0.15,4.0,auto
586,140,170,movement,1,1.0,1,600.0,30,2.0,0.15,4.0,auto
587,140,164,movement,1,1.0,1,600.0,30,2.0,0.15,4.0,auto
588,140,160,movement,1,1.0,1,600.0,30,2.0,0.15,4.0,auto
589,140,165,waiting,1,1.0,1,100000.0,30,0.5,0.15,4.0,auto
590,141,167,movement,1,1.0,1,600.0,30,2.0,0.15,4.0,auto
591,141,171,movement,1,1.0,1,600.0,30,2.0,0.15,4.0,auto
592,141,161,movement,1,1.0,1,600.0,30,2.0,0.15,4.0,auto
593,141,166,waiting,1,1.0,1,100000.0,30,0.5,0.15,4.0,auto
594,142,168,movement,1,1.0,1,600.0,30,2.0,0.15,4.0,auto
595,142,172,movement,1,1.0,1,600.0,30,2.0,0.15,4.0,auto
596,142,166,movement,1,1.0,1,600.0,30,2.0,0.15,4.0,auto
597,142,162,movement,1,1.0,1,600.0,30,2.0,0.15,4.0,auto
598,142,167,waiting,1,1.0,1,100000.0,30,0.5,0.15,4.0,auto
599,143,169,movement,1,1.0,1,600.0,30,2.0,0.15,4.0,auto
600,143,173,movement,1,1.0,1,600.0,30,2.0,0.15,4.0,auto
601,143,167,movement,1,1.0,1,600.0,30,2.0,0.15,4.0,auto
602,143,163,movement,1,1.0,1,600.0,30,2.0,0.15,4.0,auto
603,143,168,waiting,1,1.0,1,100000.0,30,0.5,0.15,4.0,auto
604,144,170,movement,1,1.0,1,600.0,30,2.0,0.15,4.0,auto
605,144,174,movement,1,1.0,1,600.0,30,2.0,0.15,4.0,auto
606,144,168,movement,1,1.0,1,600.0,30,2.0,0.15,4.0,auto
607,144,164,movement,1,1.0,1,600.0,30,2.0,0.15,4.0,auto
608,144,169,waiting,1,1.0,1,100000.0,30,0.5,0.15,4.0,auto
609,145,175,movement,1,1.0,1,600.0,30,2.0,0.15,4.0,auto
610,145,169,movement,1,1.0,1,600.0,30,2.0,0.15,4.0,auto
611,145,165,movement,1,1.0,1,600.0,30,2.0,0.15,4.0,auto
612,145,170,waiting,1,1.0,1,100000.0,30,0.5,0.15,4.0,auto
613,146,172,movement,1,1.0,1,600.0,30,2.0,0.15,4.0,auto
614,146,166,movement,1,1.0,1,600.0,30,2.0,0.15,4.0,auto
615,146,171,waiting,1,1.0,1,100000.0,30,0.5,0.15,4.0,auto
616,147,173,movement,1,1.0,1,600.0,30,2.0,0.15,4.0,auto
617,147,171,movement,1,1.0,1,600.0,30,2.0,0.15,4.0,auto
618,147,167,movement,1,1.0,1,600.0,30,2.0,0.15,4.0,auto
619,147,172,waiting,1,1.0,1,100000.0,30,0.5,0.15,4.0,auto
620,148,174,movement,1,1.0,1,600.0,30,2.0,0.15,4.0,auto
621,148,172,movement,1,1.0,1,600.0,30,2.0,0.15,4.0,auto
622,148,168,movement,1,1.0,1,600.0,30,2.0,0.15,4.0,auto
623,148,173,waiting,1,1.0,1,100000.0,30,0.5,0.15,4.0,auto
624,149,175,movement,1,1.0,1,600.0,30,2.0,0.15,4.0,auto
625,149,173,movement,1,1.0,1,600.0,30,2.0,0.15,4.0,auto
626,149,169,movement,1,1.0,1,600.0,30,2.0,0.15,4.0,auto
627,149,174,waiting,1,1.0,1,100000.0,30,0.5,0.15,4.0,auto
628,150,174,movement,1,1.0,1,600.0,30,2.0,0.15,4.0,auto
629,150,170,movement,1,1.0,1,600.0,30,2.0,0.15,4.0,auto
630,150,175,waiting,1,1.0,1,100000.0,30,0.5,0.15,4.0,auto
631,151,177,movement,1,1.0,1,600.0,30,2.0,0.15,4.0,auto
632,151,181,movement,1,1.0,1,600.0,30,2.0,0.15,4.0,auto
633,151,176,waiting,1,1.0,1,100000.0,30,0.5,0.15,4.0,auto
634,152,178,movement,1,1.0,1,600.0,30,2.0,0.15,4.0,auto
635,152,182,movement,1,1.0,1,600.0,30,2.0,0.15,4.0,auto
636,152,176,movement,1,1.0,1,600.0,30,2.0,0.15,4.0,auto
637,152,177,waiting,1,1.0,1,100000.0,30,0.5,0.15,4.0,auto
638,153,179,movement,1,1.0,1,600.0,30,2.0,0.15,4.0,auto
639,153,183,movement,1,1.0,1,600.0,30,2.0,0.15,4.0,auto
640,153,177,movement,1,1.0,1,600.0,30,2.0,0.15,4.0,auto
641,153,178,waiting,1,1.0,1,100000.0,30,0.5,0.15,4.0,auto
642,154,180,movement,1,1.0,1,600.0,30,2.0,0.15,4.0,auto
643,154,184,movement,1,1.0,1,600.0,30,2.0,0.15,4.0,auto
644,154,178,movement,1,1.0,1,600.0,30,2.0,0.15,4.0,auto
645,154,179,waiting,1,1.0,1,100000.0,30,0.5,0.15,4.0,auto
646,155,185,movement,1,1.0,1,600.0,30,2.0,0.15,4.0,auto
647,155,179,movement,1,1.0,1,600.0,30,2.0,0.15,4.0,auto
648,155,180,waiting,1,1.0,1,100000.0,30,0.5,0.15,4.0,auto
649,156,182,movement,1,1.0,1,600.0,30,2.0,0.15,4.0,auto
650,156,186,movement,1,1.0,1,600.0,30,2.0,0.15,4.0,auto
651,156,176,movement,1,1.0,1,600.0,30,2.0,0.15,4.0,auto
652,156,181,waiting,1,1.0,1,100000.0,30,0.5,0.15,4.0,auto
653,157,183,movement,1,1.0,1,600.0,30,2.0,0.15,4.0,auto
654,157,187,movement,1,1.0,1,600.0,30,2.0,0.15,4.0,auto
655,157,181,movement,1,1.0,1,600.0,30,2.0,0.15,4.0,auto
656,157,177,movement,1,1.0,1,600.0,30,2.0,0.15,4.0,auto
657,157,182,waiting,1,1.0,1,100000.0,30,0.5,0.15,4.0,auto
658,158,184,movement,1,1.0,1,600.0,30,2.0,0.15,4.0,auto
659,158,188,movement,1,1.0,1,600.0,30,2.0,0.15,4.0,auto
660,158,182,movement,1,1.0,1,600.0,30,2.0,0.15,4.0,auto
661,158,178,movement,1,1.0,1,600.0,30,2.0,0.15,4.0,auto
662,158,183,waiting,1,1.0,1,100000.0,30,0.5,0.15,4.0,auto
663,159,185,movement,1,1.0,1,600.0,30,2.0,0.15,4.0,auto
664,159,189,movement,1,1.0,1,600.0,30,2.0,0.15,4.0,auto
665,159,183,movement,1,1.0,1,600.0,30,2.0,0.15,4.0,auto
666,159,179,movement,1,1.0,1,600.0,30,2.0,0.15,4.0,auto
667,159,184,waiting,1,1.0,1,100000.0,30,0.5,0.15,4.0,auto
668,160,190,movement,1,1.0,1,600.0,30,2.0,0.15,4.0,auto
669,160,184,movement,1,1.0,1,600.0,30,2.0,0.15,4.0,auto
670,160,180,movement,1,1.0,1,600.0,30,2.0,0.15,4.0,auto
671,160,185,waiting,1,1.0,1,100000.0,30,0.5,0.15,4.0,auto
672,161,187,movement,1,1.0,1,600.0,30,2.0,0.15,4.0,auto
673,161,191,movement,1,1.0,1,600.0,30,2.0,0.15,4.0,auto
674,161,181,movement,1,1.0,1,600.0,30,2.0,0.15,4.0,auto
675,161,186,waiting,1,1.0,1,100000.0,30,0.5,0.15,4.0,auto
676,162,188,movement,1,1.0,1,600.0,30,2.0,0.15,4.0,auto
677,162,192,movement,1,1.0,1,600.0,30,2.0,0.15,4.0,auto
678,162,186,movement,1,1.0,1,600.0,30,2.0,0.15,4.0,auto
679,162,182,movement,1,1.0,1,600.0,30,2.0,0.15,4.0,auto
680,162,187,waiting,1,1.0,1,100000.0,30,0.5,0.15,4.0,auto
681,163,189,movement,1,1.0,1,600.0,30,2.0,0.15,4.0,auto
682,163,193,movement,1,1.0,1,600.0,30,2.0,0.15,4.0,auto
683,163,187,movement,1,1.0,1,600.0,30,2.0,0.15,4.0,auto
684,163,183,movement,1,1.0,1,600.0,30,2.0,0.15,4.0,auto
685,163,188,waiting,1,1.0,1,100000.0,30,0.5,0.15,4.0,auto
686,164,190,movement,1,1.0,1,600.0,30,2.0,0.15,4.0,auto
687,164,194,movement,1,1.0,1,600.0,30,2.0,0.15,4.0,auto
688,164,188,movement,1,1.0,1,600.0,30,2.0,0.15,4.0,auto
689,164,184,movement,1,1.0,1,600.0,30,2.0,0.15,4.0,auto
690,164,189,waiting,1,1.0,1,100000.0,30,0.5,0.15,4.0,auto
691,165,195,movement,1,1.0,1,600.0,30,2.0,0.15,4.0,auto
692,165,189,movement,1,1.0,1,600.0,30,2.0,0.15,4.0,auto
693,165,185,movement,1,1.0,1,600.0,30,2.0,0.15,4.0,auto
694,165,190,waiting,1,1.0,1,100000.0,30,0.5,0.15,4.0,auto
695,166,192,movement,1,1.0,1,600.0,30,2.0,0.15,4.0,auto
696,166,196,movement,1,1.0,1,600.0,30,2.0,0.15,4.0,auto
697,166,186,movement,1,1.0,1,600.0,30,2.0,0.15,4.0,auto
698,166,191,waiting,1,1.0,1,100000.0,30,0.5,0.15,4.0,auto
699,167,193,movement,1,1.0,1,600.0,30,2.0,0.15,4.0,auto
700,167,197,movement,1,1.0,1,600.0,30,2.0,0.15,4.0,auto
701,167,191,movement,1,1.0,1,600.0,30,2.0,0.15,4.0,auto
702,167,187,movement,1,1.0,1,600.0,30,2.0,0.15,4.0,auto
703,167,192,waiting,1,1.0,1,100000.0,30,0.5,0.15,4.0,auto
704,168,194,movement,1,1.0,1,600.0,30,2.0,0.15,4.0,auto
705,168,198,movement,1,1.0,1,600.0,30,2.0,0.15,4.0,auto
706,168,192,movement,1,1.0,1,600.0,30,2.0,0.15,4.0,auto
707,168,188,movement,1,1.0,1,600.0,30,2.0,0.15,4.0,auto
708,168,193,waiting,1,1.0,1,100000.0,30,0.5,0.15,4.0,auto
709,169,195,movement,1,1.0,1,600.0,30,2.0,0.15,4.0,auto
710,169,199,movement,1,1.0,1,600.0,30,2.0,0.15,4.0,auto
711,169,193,movement,1,1.0,1,600.0,30,2.0,0.15,4.0,auto
712,169,189,movement,1,1.0,1,600.0,30,2.0,0.15,4.0,auto
713,169,194,waiting,1,1.0,1,100000.0,30,0.5,0.15,4.0,auto
714,170,200,movement,1,1.0,1,600.0,30,2.0,0.15,4.0,auto
715,170,194,movement,1,1.0,1,600.0,30,2.0,0.15,4.0,auto
716,170,190,movement,1,1.0,1,600.0,30,2.0,0.15,4.0,auto
717,170,195,waiting,1,1.0,1,100000.0,30,0.5,0.15,4.0,auto
718,171,197,movement,1,1.0,1,600.0,30,2.0,0.15,4.0,auto
719,171,191,movement,1,1.0,1,600.0,30,2.0,0.15,4.0,auto
720,171,196,waiting,1,1.0,1,100000.0,30,0.5,0.15,4.0,auto
721,172,198,movement,1,1.0,1,600.0,30,2.0,0.15,4.0,auto
722,172,196,movement,1,1.0,1,600.0,30,2.0,0.15,4.0,auto
723,172,192,movement,1,1.0,1,600.0,30,2.0,0.15,4.0,auto
724,172,197,waiting,1,1.0,1,100000.0,30,0.5,0.15,4.0,auto
725,173,199,movement,1,1.0,1,600.0,30,2.0,0.15,4.0,auto
726,173,197,movement,1,1.0,1,600.0,30,2.0,0.15,4.0,auto
727,173,193,movement,1,1.0,1,600.0,30,2.0,0.15,4.0,auto
728,173,198,waiting,1,1.0,1,100000.0,30,0.5,0.15,4.0,auto
729,174,200,movement,1,1.0,1,600.0,30,2.0,0.15,4.0,auto
730,174,198,movement,1,1.0,1,600.0,30,2.0,0.15,4.0,auto
731,174,194,movement,1,1.0,1,600.0,30,2.0,0.15,4.0,auto
732,174,199,waiting,1,1.0,1,100000.0,30,0.5,0.15,4.0,auto
733,175,199,movement,1,1.0,1,600.0,30,2.0,0.15,4.0,auto
734,175,195,movement,1,1.0,1,600.0,30,2.0,0.15,4.0,auto
735,175,200,waiting,1,1.0,1,100000.0,30,0.5,0.15,4.0,auto
736,176,202,movement,1,1.0,1,600.0,30,2.0,0.15,4.0,auto
737,176,206,movement,1,1.0,1,600.0,30,2.0,0.15,4.0,auto
738,176,201,waiting,1,1.0,1,100000.0,30,0.5,0.15,4.0,auto
739,177,203,movement,1,1.0,1,600.0,30,2.0,0.15,4.0,auto
740,177,207,movement,1,1.0,1,600.0,30,2.0,0.15,4.0,auto
741,177,201,movement,1,1.0,1,600.0,30,2.0,0.15,4.0,auto
742,177,202,waiting,1,1.0,1,100000.0,30,0.5,0.15,4.0,auto
743,178,204,movement,1,1.0,1,600.0,30,2.0,0.15,4.0,auto
744,178,208,movement,1,1.0,1,600.0,30,2.0,0.15,4.0,auto
745,178,202,movement,1,1.0,1,600.0,30,2.0,0.15,4.0,auto
746,178,203,waiting,1,1.0,1,100000.0,30,0.5,0.15,4.0,auto
747,179,205,movement,1,1.0,1,600.0,30,2.0,0.15,4.0,auto
748,179,209,movement,1,1.0,1,600.0,30,2.0,0.15,4.0,auto
749,179,203,movement,1,1.0,1,600.0,30,2.0,0.15,4.0,auto
750,179,204,waiting,1,1.0,1,100000.0,30,0.5,0.15,4.0,auto
751,180,210,movement,1,1.0,1,600.0,30,2.0,0.15,4.0,auto
752,180,204,movement,1,1.0,1,600.0,30,2.0,0.15,4.0,auto
753,180,205,waiting,1,1.0,1,100000.0,30,0.5,0.15,4.0,auto
754,181,207,movement,1,1.0,1,600.0,30,2.0,0.15,4.0,auto
755,181,211,movement,1,1.0,1,600.0,30,2.0,0.15,4.0,auto
756,181,201,movement,1,1.0,1,600.0,30,2.0,0.15,4.0,auto
757,181,206,waiting,1,1.0,1,100000.0,30,0.5,0.15,4.0,auto
758,182,208,movement,1,1.0,1,600.0,30,2.0,0.15,4.0,auto
759,182,212,movement,1,1.0,1,600.0,30,2.0,0.15,4.0,auto
760,182,206,movement,1,1.0,1,600.0,30,2.0,0.15,4.0,auto
761,182,202,movement,1,1.0,1,600.0,30,2.0,0.15,4.0,auto
762,182,207,waiting,1,1.0,1,100000.0,30,0.5,0.15,4.0,auto
763,183,209,movement,1,1.0,1,600.0,30,2.0,0.15,4.0,auto
764,183,213,movement,1,1.0,1,600.0,30,2.0,0.15,4.0,auto
765,183,207,movement,1,1.0,1,600.0,30,2.0,0.15,4.0,auto
766,183,203,movement,1,1.0,1,600.0,30,2.0,0.15,4.0,auto
767,183,208,waiting,1,1.0,1,100000.0,30,0.5,0.15,4.0,auto
768,184,210,movement,1,1.0,1,600.0,30,2.0,0.15,4.0,auto
769,184,214,movement,1,1.0,1,600.0,30,2.0,0.15,4.0,auto
770,184,208,movement,1,1.0,1,600.0,30,2.0,0.15,4.0,auto
771,184,204,movement,1,1.0,1,600.0,30,2.0,0.15,4.0,auto
772,184,209,waiting,1,1.0,1,100000.0,30,0.5,0.15,4.0,auto
773,185,215,movement,1,1.0,1,600.0,30,2.0,0.15,4.0,auto
774,185,209,movement,1,1.0,1,600.0,30,2.0,0.15,4.0,auto
775,185,205,movement,1,1.0,1,600.0,30,2.0,0.15,4.0,auto
776,185,210,waiting,1,1.0,1,100000.0,30,0.5,0.15,4.0,auto
777,186,212,movement,1,1.0,1,600.0,30,2.0,0.15,4.0,auto
778,186,216,movement,1,1.0,1,600.0,30,2.0,0.15,4.0,auto
779,186,206,movement,1,1.0,1,600.0,30,2.0,0.15,4.0,auto
780,186,211,waiting,1,1.0,1,100000.0,30,0.5,0.15,4.0,auto
781,187,213,movement,1,1.0,1,600.0,30,2.0,0.15,4.0,auto
782,187,217,movement,1,1.0,1,600.0,30,2.0,0.15,4.0,auto
783,187,211,movement,1,1.0,1,600.0,30,2.0,0.15,4.0,auto
784,187,207,movement,1,1.0,1,600.0,30,2.0,0.15,4.0,auto
785,187,212,waiting,1,1.0,1,100000.0,30,0.5,0.15,4.0,auto
786,188,214,movement,1,1.0,1,600.0,30,2.0,0.15,4.0,auto
787,188,218,movement,1,1.0,1,600.0,30,2.0,0.15,4.0,auto
788,188,212,movement,1,1.0,1,600.0,30,2.0,0.15,4.0,auto
789,188,208,movement,1,1.0,1,600.0,30,2.0,0.15,4.0,auto
790,188,213,waiting,1,1.0,1,100000.0,30,0.5,0.15,4.0,auto
791,189,215,movement,1,1.0,1,600.0,30,2.0,0.15,4.0,auto
792,189,219,movement,1,1.0,1,600.0,30,2.0,0.15,4.0,auto
793,189,213,movement,1,1.0,1,600.0,30,2.0,0.15,4.0,auto
794,189,209,movement,1,1.0,1,600.0,30,2.0,0.15,4.0,auto
795,189,214,waiting,1,1.0,1,100000.0,30,0.5,0.15,4.0,auto
796,190,220,movement,1,1.0,1,600.0,30,2.0,0.15,4.0,auto
797,190,214,movement,1,1.0,1,600.0,30,2.0,0.15,4.0,auto
798,190,210,movement,1,1.0,1,600.0,30,2.0,0.15,4.0,auto
799,190,215,waiting,1,1.0,1,100000.0,30,0.5,0.15,4.0,auto
800,191,217,movement,1,1.0,1,600.0,30,2.0,0.15,4.0,auto
801,191,221,movement,1,1.0,1,600.0,30,2.0,0.15,4.0,auto
802,191,211,movement,1,1.0,1,600.0,30,2.0,0.15,4.0,auto
803,191,216,waiting,1,1.0,1,100000.0,30,0.5,0.15,4.0,auto
804,192,218,movement,1,1.0,1,600.0,30,2.0,0.15,4.0,auto
805,192,222,movement,1,1.0,1,600.0,30,2.0,0.15,4.0,auto
806,192,216,movement,1,1.0,1,600.0,30,2.0,0.15,4.0,auto
807,192,212,movement,1,1.0,1,600.0,30,2.0,0.15,4.0,auto
808,192,217,waiting,1,1.0,1,100000.0,30,0.5,0.15,4.0,auto
809,193,219,movement,1,1.0,1,600.0,30,2.0,0.15,4.0,auto
810,193,223,movement,1,1.0,1,600.0,30,2.0,0.15,4.0,auto
811,193,217,movement,1,1.0,1,600.0,30,2.0,0.15,4.0,auto
812,193,213,movement,1,1.0,1,600.0,30,2.0,0.15,4.0,auto
813,193,218,waiting,1,1.0,1,100000.0,30,0.5,0.15,4.0,auto
814,194,220,movement,1,1.0,1,600.0,30,2.0,0.15,4.0,auto
815,194,224,movement,1,1.0,1,600.0,30,2.0,0.15,4.0,auto
816,194,218,movement,1,1.0,1,600.0,30,2.0,0.15,4.0,auto
817,194,214,movement,1,1.0,1,600.0,30,2.0,0.15,4.0,auto
818,194,219,waiting,1,1.0,1,100000.0,30,0.5,0.15,4.0,auto
819,195,225,movement,1,1.0,1,600.0,30,2.0,0.15,4.0,auto
820,195,219,movement,1,1.0,1,600.0,30,2.0,0.15,4.0,auto
821,195,215,movement,1,1.0,1,600.0,30,2.0,0.15,4.0,auto
822,195,220,waiting,1,1.0,1,100000.0,30,0.5,0.15,4.0,auto
823,196,222,movement,1,1.0,1,600.0,30,2.0,0.15,4.0,auto
824,196,216,movement,1,1.0,1,600.0,30,2.0,0.15,4.0,auto
825,196,221,waiting,1,1.0,1,100000.0,30,0.5,0.15,4.0,auto
826,197,223,movement,1,1.0,1,600.0,30,2.0,0.15,4.0,auto
827,197,221,movement,1,1.0,1,600.0,30,2.0,0.15,4.0,auto
828,197,217,movement,1,1.0,1,600.0,30,2.0,0.15,4.0,auto
829,197,222,waiting,1,1.0,1,100000.0,30,0.5,0.15,4.0,auto
830,198,224,movement,1,1.0,1,600.0,30,2.0,0.15,4.0,auto
831,198,222,movement,1,1.0,1,600.0,30,2.0,0.15,4.0,auto
832,198,218,movement,1,1.0,1,600.0,30,2.0,0.15,4.0,auto
833,198,223,waiting,1,1.0,1,100000.0,30,0.5,0.15,4.0,auto
834,199,225,movement,1,1.0,1,600.0,30,2.0,0.15,4.0,auto
835,199,223,movement,1,1.0,1,600.0,30,2.0,0.15,4.0,auto
836,199,219,movement,1,1.0,1,600.0,30,2.0,0.15,4.0,auto
837,199,224,waiting,1,1.0,1,100000.0,30,0.5,0.15,4.0,auto
838,200,224,movement,1,1.0,1,600.0,30,2.0,0.15,4.0,auto
839,200,220,movement,1,1.0,1,600.0,30,2.0,0.15,4.0,auto
840,200,225,waiting,1,1.0,1,100000.0,30,0.5,0.15,4.0,auto
841,201,227,movement,1,1.0,1,600.0,30,2.0,0.15,4.0,auto
842,201,231,movement,1,1.0,1,600.0,30,2.0,0.15,4.0,auto
843,201,226,waiting,1,1.0,1,100000.0,30,0.5,0.15,4.0,auto
844,202,228,movement,1,1.0,1,600.0,30,2.0,0.15,4.0,auto
845,202,232,movement,1,1.0,1,600.0,30,2.0,0.15,4.0,auto
846,202,226,movement,1,1.0,1,600.0,30,2.0,0.15,4.0,auto
847,202,227,waiting,1,1.0,1,100000.0,30,0.5,0.15,4.0,auto
848,203,229,movement,1,1.0,1,600.0,30,2.0,0.15,4.0,auto
849,203,233,movement,1,1.0,1,600.0,30,2.0,0.15,4.0,auto
850,203,227,movement,1,1.0,1,600.0,30,2.0,0.15,4.0,auto
851,203,228,waiting,1,1.0,1,100000.0,30,0.5,0.15,4.0,auto
852,204,230,movement,1,1.0,1,600.0,30,2.0,0.15,4.0,auto
853,204,234,movement,1,1.0,1,600.0,30,2.0,0.15,4.0,auto
854,204,228,movement,1,1.0,1,600.0,30,2.0,0.15,4.0,auto
855,204,229,waiting,1,1.0,1,100000.0,30,0.5,0.15,4.0,auto
856,205,235,movement,1,1.0,1,600.0,30,2.0,0.15,4.0,auto
857,205,229,movement,1,1.0,1,600.0,30,2.0,0.15,4.0,auto
858,205,230,waiting,1,1.0,1,100000.0,30,0.5,0.15,4.0,auto
859,206,232,movement,1,1.0,1,600.0,30,2.0,0.15,4.0,auto
860,206,236,movement,1,1.0,1,600.0,30,2.0,0.15,4.0,auto
861,206,226,movement,1,1.0,1,600.0,30,2.0,0.15,4.0,auto
862,206,231,waiting,1,1.0,1,100000.0,30,0.5,0.15,4.0,auto
863,207,233,movement,1,1.0,1,600.0,30,2.0,0.15,4.0,auto
864,207,237,movement,1,1.0,1,600.0,30,2.0,0.15,4.0,auto
865,207,231,movement,1,1.0,1,600.0,30,2.0,0.15,4.0,auto
866,207,227,movement,1,1.0,1,600.0,30,2.0,0.15,4.0,auto
867,207,232,waiting,1,1.0,1,100000.0,30,0.5,0.15,4.0,auto
868,208,234,movement,1,1.0,1,600.0,30,2.0,0.15,4.0,auto
869,208,238,movement,1,1.0,1,600.0,30,2.0,0.15,4.0,auto
870,208,232,movement,1,1.0,1,600.0,30,2.0,0.15,4.0,auto
871,208,228,movement,1,1.0,1,600.0,30,2.0,0.15,4.0,auto
872,208,233,waiting,1,1.0,1,100000.0,30,0.5,0.15,4.0,auto
873,209,235,movement,1,1.0,1,600.0,30,2.0,0.15,4.0,auto
874,209,239,movement,1,1.0,1,600.0,30,2.0,0.15,4.0,auto
875,209,233,movement,1,1.0,1,600.0,30,2.0,0.15,4.0,auto
876,209,229,movement,1,1.0,1,600.0,30,2.0,0.15,4.0,auto
877,209,234,waiting,1,1.0,1,100000.0,30,0.5,0.15,4.0,auto
878,210,240,movement,1,1.0,1,600.0,30,2.0,0.15,4.0,auto
879,210,234,movement,1,1.0,1,600.0,30,2.0,0.15,4.0,auto
880,210,230,movement,1,1.0,1,600.0,30,2.0,0.15,4.0,auto
881,210,235,waiting,1,1.0,1,100000.0,30,0.5,0.15,4.0,auto
882,211,237,movement,1,1.0,1,600.0,30,2.0,0.15,4.0,auto
883,211,241,movement,1,1.0,1,600.0,30,2.0,0.15,4.0,auto
884,211,231,movement,1,1.0,1,600.0,30,2.0,0.15,4.0,auto
885,211,236,waiting,1,1.0,1,100000.0,30,0.5,0.15,4.0,auto
886,212,238,movement,1,1.0,1,600.0,30,2.0,0.15,4.0,auto
887,212,242,movement,1,1.0,1,600.0,30,2.0,0.15,4.0,auto
888,212,236,movement,1,1.0,1,600.0,30,2.0,0.15,4.0,auto
889,212,232,movement,1,1.0,1,600.0,30,2.0,0.15,4.0,auto
890,212,237,waiting,1,1.0,1,100000.0,30,0.5,0.15,4.0,auto
891,213,239,movement,1,1.0,1,600.0,30,2.0,0.15,4.0,auto
892,213,243,movement,1,1.0,1,600.0,30,2.0,0.15,4.0,auto
893,213,237,movement,1,1.0,1,600.0,30,2.0,0.15,4.0,auto
894,213,233,movement,1,1.0,1,600.0,30,2.0,0.15,4.0,auto
895,213,238,waiting,1,1.0,1,100000.0,30,0.5,0.15,4.0,auto
896,214,240,movement,1,1.0,1,600.0,30,2.0,0.15,4.0,auto
897,214,244,movement,1,1.0,1,600.0,30,2.0,0.15,4.0,auto
898,214,238,movement,1,1.0,1,600.0,30,2.0,0.15,4.0,auto
899,214,234,movement,1,1.0,1,600.0,30,2.0,0.15,4.0,auto
900,214,239,waiting,1,1.0,1,100000.0,30,0.5,0.15,4.0,auto
901,215,245,movement,1,1.0,1,600.0,30,2.0,0.15,4.0,auto
902,215,239,movement,1,1.0,1,600.0,30,2.0,0.15,4.0,auto
903,215,235,movement,1,1.0,1,600.0,30,2.0,0.15,4.0,auto
904,215,240,waiting,1,1.0,1,100000.0,30,0.5,0.15,4.0,auto
905,216,242,movement,1,1.0,1,600.0,30,2.0,0.15,4.0,auto
906,216,246,movement,1,1.0,1,600.0,30,2.0,0.15,4.0,auto
907,216,236,movement,1,1.0,1,600.0,30,2.0,0.15,4.0,auto
908,216,241,waiting,1,1.0,1,100000.0,30,0.5,0.15,4.0,auto
909,217,243,movement,1,1.0,1,600.0,30,2.0,0.15,4.0,auto
910,217,247,movement,1,1.0,1,600.0,30,2.0,0.15,4.0,auto
911,217,241,movement,1,1.0,1,600.0,30,2.0,0.15,4.0,auto
912,217,237,movement,1,1.0,1,600.0,30,2.0,0.15,4.0,auto
913,217,242,waiting,1,1.0,1,100000.0,30,0.5,0.15,4.0,auto
914,218,244,movement,1,1.0,1,600.0,30,2.0,0.15,4.0,auto
915,218,248,movement,1,1.0,1,600.0,30,2.0,0.15,4.0,auto
916,218,242,movement,1,1.0,1,600.0,30,2.0,0.15,4.0,auto
917,218,238,movement,1,1.0,1,600.0,30,2.0,0.15,4.0,auto
918,218,243,waiting,1,1.0,1,100000.0,30,0.5,0.15,4.0,auto
919,219,245,movement,1,1.0,1,600.0,30,2.0,0.15,4.0,auto
920,219,249,movement,1,1.0,1,600.0,30,2.0,0.15,4.0,auto
921,219,243,movement,1,1.0,1,600.0,30,2.0,0.15,4.0,auto
922,219,239,movement,1,1.0,1,600.0,30,2.0,0.15,4.0,auto
923,219,244,waiting,1,1.0,1,100000.0,30,0.5,0.15,4.0,auto
924,220,250,movement,1,1.0,1,600.0,30,2.0,0.15,4.0,auto
925,220,244,movement,1,1.0,1,600.0,30,2.0,0.15,4.0,auto
926,220,240,movement,1,1.0,1,600.0,30,2.0,0.15,4.0,auto
927,220,245,waiting,1,1.0,1,100000.0,30,0.5,0.15,4.0,auto
928,221,247,movement,1,1.0,1,600.0,30,2.0,0.15,4.0,auto
929,221,241,movement,1,1.0,1,600.0,30,2.0,0.15,4.0,auto
930,221,246,waiting,1,1.0,1,100000.0,30,0.5,0.15,4.0,auto
931,222,248,movement,1,1.0,1,600.0,30,2.0,0.15,4.0,auto
932,222,246,movement,1,1.0,1,600.0,30,2.0,0.15,4.0,auto
933,222,242,movement,1,1.0,1,600.0,30,2.0,0.15,4.0,auto
934,222,247,waiting,1,1.0,1,100000.0,30,0.5,0.15,4.0,auto
935,223,249,movement,1,1.0,1,600.0,30,2.0,0.15,4.0,auto
936,223,247,movement,1,1.0,1,600.0,30,2.0,0.15,4.0,auto
937,223,243,movement,1,1.0,1,600.0,30,2.0,0.15,4.0,auto
938,223,248,waiting,1,1.0,1,100000.0,30,0.5,0.15,4.0,auto
939,224,250,movement,1,1.0,1,600.0,30,2.0,0.15,4.0,auto
940,224,248,movement,1,1.0,1,600.0,30,2.0,0.15,4.0,auto
941,224,244,movement,1,1.0,1,600.0,30,2.0,0.15,4.0,auto
942,224,249,waiting,1,1.0,1,100000.0,30,0.5,0.15,4.0,auto
943,225,249,movement,1,1.0,1,600.0,30,2.0,0.15,4.0,auto
944,225,245,movement,1,1.0,1,600.0,30,2.0,0.15,4.0,auto
945,225,250,waiting,1,1.0,1,100000.0,30,0.5,0.15,4.0,auto
946,226,252,movement,1,1.0,1,600.0,30,2.0,0.15,4.0,auto
947,226,256,movement,1,1.0,1,600.0,30,2.0,0.15,4.0,auto
948,226,251,waiting,1,1.0,1,100000.0,30,0.5,0.15,4.0,auto
949,227,253,movement,1,1.0,1,600.0,30,2.0,0.15,4.0,auto
950,227,257,movement,1,1.0,1,600.0,30,2.0,0.15,4.0,auto
951,227,251,movement,1,1.0,1,600.0,30,2.0,0.15,4.0,auto
952,227,252,waiting,1,1.0,1,100000.0,30,0.5,0.15,4.0,auto
953,228,254,movement,1,1.0,1,600.0,30,2.0,0.15,4.0,auto
954,228,258,movement,1,1.0,1,600.0,30,2.0,0.15,4.0,auto
955,228,252,movement,1,1.0,1,600.0,30,2.0,0.15,4.0,auto
956,228,253,waiting,1,1.0,1,100000.0,30,0.5,0.15,4.0,auto
957,229,255,movement,1,1.0,1,600.0,30,2.0,0.15,4.0,auto
958,229,259,movement,1,1.0,1,600.0,30,2.0,0.15,4.0,auto
959,229,253,movement,1,1.0,1,600.0,30,2.0,0.15,4.0,auto
960,229,254,waiting,1,1.0,1,100000.0,30,0.5,0.15,4.0,auto
961,230,260,movement,1,1.0,1,600.0,30,2.0,0.15,4.0,auto
962,230,254,movement,1,1.0,1,600.0,30,2.0,0.15,4.0,auto
963,230,255,waiting,1,1.0,1,100000.0,30,0.5,0.15,4.0,auto
964,231,257,movement,1,1.0,1,600.0,30,2.0,0.15,4.0,auto
965,231,261,movement,1,1.0,1,600.0,30,2.0,0.15,4.0,auto
966,231,251,movement,1,1.0,1,600.0,30,2.0,0.15,4.0,auto
967,231,256,waiting,1,1.0,1,100000.0,30,0.5,0.15,4.0,auto
968,232,258,movement,1,1.0,1,600.0,30,2.0,0.15,4.0,auto
969,232,262,movement,1,1.0,1,600.0,30,2.0,0.15,4.0,auto
970,232,256,movement,1,1.0,1,600.0,30,2.0,0.15,4.0,auto
971,232,252,movement,1,1.0,1,600.0,30,2.0,0.15,4.0,auto
972,232,257,waiting,1,1.0,1,100000.0,30,0.5,0.15,4.0,auto
973,233,259,movement,1,1.0,1,600.0,30,2.0,0.15,4.0,auto
974,233,263,movement,1,1.0,1,600.0,30,2.0,0.15,4.0,auto
975,233,257,movement,1,1.0,1,600.0,30,2.0,0.15,4.0,auto
976,233,253,movement,1,1.0,1,600.0,30,2.0,0.15,4.0,auto
977,233,258,waiting,1,1.0,1,100000.0,30,0.5,0.15,4.0,auto
978,234,260,movement,1,1.0,1,600.0,30,2.0,0.15,4.0,auto
979,234,264,movement,1,1.0,1,600.0,30,2.0,0.15,4.0,auto
980,234,258,movement,1,1.0,1,600.0,30,2.0,0.15,4.0,auto
981,234,254,movement,1,1.0,1,600.0,30,2.0,0.15,4.0,auto
982,234,259,waiting,1,1.0,1,100000.0,30,0.5,0.15,4.0,auto
983,235,265,movement,1,1.0,1,600.0,30,2.0,0.15,4.0,auto
984,235,259,movement,1,1.0,1,600.0,30,2.0,0.15,4.0,auto
985,235,255,movement,1,1.0,1,600.0,30,2.0,0.15,4.0,auto
986,235,260,waiting,1,1.0,1,100000.0,30,0.5,0.15,4.0,auto
987,236,262,movement,1,1.0,1,600.0,30,2.0,0.15,4.0,auto
988,236,266,movement,1,1.0,1,600.0,30,2.0,0.15,4.0,auto
989,236,256,movement,1,1.0,1,600.0,30,2.0,0.15,4.0,auto
990,236,261,waiting,1,1.0,1,100000.0,30,0.5,0.15,4.0,auto
991,237,263,movement,1,1.0,1,600.0,30,2.0,0.15,4.0,auto
992,237,267,movement,1,1.0,1,600.0,30,2.0,0.15,4.0,auto
993,237,261,movement,1,1.0,1,600.0,30,2.0,0.15,4.0,auto
994,237,257,movement,1,1.0,1,600.0,30,2.0,0.15,4.0,auto
995,237,262,waiting,1,1.0,1,100000.0,30,0.5,0.15,4.0,auto
996,238,264,movement,1,1.0,1,600.0,30,2.0,0.15,4.0,auto
997,238,268,movement,1,1.0,1,600.0,30,2.0,0.15,4.0,auto
998,238,262,movement,1,1.0,1,600.0,30,2.0,0.15,4.0,auto
999,238,258,movement,1,1.0,1,600.0,30,2.0,0.15,4.0,auto
1000,238,263,waiting,1,1.0,1,100000.0,30,0.5,0.15,4.0,auto
1001,239,265,movement,1,1.0,1,600.0,30,2.0,0.15,4.0,auto
1002,239,269,movement,1,1.0,1,600.0,30,2.0,0.15,4.0,auto
1003,239,263,movement,1,1.0,1,600.0,30,2.0,0.15,4.0,auto
1004,239,259,movement,1,1.0,1,600.0,30,2.0,0.15,4.0,auto
1005,239,264,waiting,1,1.0,1,100000.0,30,0.5,0.15,4.0,auto
1006,240,270,movement,1,1.0,1,600.0,30,2.0,0.15,4.0,auto
1007,240,264,movement,1,1.0,1,600.0,30,2.0,0.15,4.0,auto
1008,240,260,movement,1,1.0,1,600.0,30,2.0,0.15,4.0,auto
1009,240,265,waiting,1,1.0,1,100000.0,30,0.5,0.15,4.0,auto
1010,241,267,movement,1,1.0,1,600.0,30,2.0,0.15,4.0,auto
1011,241,271,movement,1,1.0,1,600.0,30,2.0,0.15,4.0,auto
1012,241,261,movement,1,1.0,1,600.0,30,2.0,0.15,4.0,auto
1013,241,266,waiting,1,1.0,1,100000.0,30,0.5,0.15,4.0,auto
1014,242,268,movement,1,1.0,1,600.0,30,2.0,0.15,4.0,auto
1015,242,272,movement,1,1.0,1,600.0,30,2.0,0.15,4.0,auto
1016,242,266,movement,1,1.0,1,600.0,30,2.0,0.15,4.0,auto
1017,242,262,movement,1,1.0,1,600.0,30,2.0,0.15,4.0,auto
1018,242,267,waiting,1,1.0,1,100000.0,30,0.5,0.15,4.0,auto
1019,243,269,movement,1,1.0,1,600.0,30,2.0,0.15,4.0,auto
1020,243,273,movement,1,1.0,1,600.0,30,2.0,0.15,4.0,auto
1021,243,267,movement,1,1.0,1,600.0,30,2.0,0.15,4.0,auto
1022,243,263,movement,1,1.0,1,600.0,30,2.0,0.15,4.0,auto
1023,243,268,waiting,1,1.0,1,100000.0,30,0.5,0.15,4.0,auto
1024,244,270,movement,1,1.0,1,600.0,30,2.0,0.15,4.0,auto
1025,244,274,movement,1,1.0,1,600.0,30,2.0,0.15,4.0,auto
1026,244,268,movement,1,1.0,1,600.0,30,2.0,0.15,4.0,auto
1027,244,264,movement,1,1.0,1,600.0,30,2.0,0.15,4.0,auto
1028,244,269,waiting,1,1.0,1,100000.0,30,0.5,0.15,4.0,auto
1029,245,275,movement,1,1.0,1,600.0,30,2.0,0.15,4.0,auto
1030,245,269,movement,1,1.0,1,600.0,30,2.0,0.15,4.0,auto
1031,245,265,movement,1,1.0,1,600.0,30,2.0,0.15,4.0,auto
1032,245,270,waiting,1,1.0,1,100000.0,30,0.5,0.15,4.0,auto
1033,246,272,movement,1,1.0,1,600.0,30,2.0,0.15,4.0,auto
1034,246,266,movement,1,1.0,1,600.0,30,2.0,0.15,4.0,auto
1035,246,271,waiting,1,1.0,1,100000.0,30,0.5,0.15,4.0,auto
1036,247,273,movement,1,1.0,1,600.0,30,2.0,0.15,4.0,auto
1037,247,271,movement,1,1.0,1,600.0,30,2.0,0.15,4.0,auto
1038,247,267,movement,1,1.0,1,600.0,30,2.0,0.15,4.0,auto
1039,247,272,waiting,1,1.0,1,100000.0,30,0.5,0.15,4.0,auto
1040,248,274,movement,1,1.0,1,600.0,30,2.0,0.15,4.0,auto
1041,248,272,movement,1,1.0,1,600.0,30,2.0,0.15,4.0,auto
1042,248,268,movement,1,1.0,1,600.0,30,2.0,0.15,4.0,auto
1043,248,273,waiting,1,1.0,1,100000.0,30,0.5,0.15,4.0,auto
1044,249,275,movement,1,1.0,1,600.0,30,2.0,0.15,4.0,auto
1045,249,273,movement,1,1.0,1,600.0,30,2.0,0.15,4.0,auto
1046,249,269,movement,1,1.0,1,600.0,30,2.0,0.15,4.0,auto
1047,249,274,waiting,1,1.0,1,100000.0,30,0.5,0.15,4.0,auto
1048,250,274,movement,1,1.0,1,600.0,30,2.0,0.15,4.0,auto
1049,250,270,movement,1,1.0,1,600.0,30,2.0,0.15,4.0,auto
1050,250,275,waiting,1,1.0,1,100000.0,30,0.5,0.15,4.0,auto
1051,251,277,movement,1,1.0,1,600.0,30,2.0,0.15,4.0,auto
1052,251,281,movement,1,1.0,1,600.0,30,2.0,0.15,4.0,auto
1053,251,276,waiting,1,1.0,1,100000.0,30,0.5,0.15,4.0,auto
1054,252,278,movement,1,1.0,1,600.0,30,2.0,0.15,4.0,auto
1055,252,282,movement,1,1.0,1,600.0,30,2.0,0.15,4.0,auto
1056,252,276,movement,1,1.0,1,600.0,30,2.0,0.15,4.0,auto
1057,252,277,waiting,1,1.0,1,100000.0,30,0.5,0.15,4.0,auto
1058,253,279,movement,1,1.0,1,600.0,30,2.0,0.15,4.0,auto
1059,253,283,movement,1,1.0,1,600.0,30,2.0,0.15,4.0,auto
1060,253,277,movement,1,1.0,1,600.0,30,2.0,0.15,4.0,auto
1061,253,278,waiting,1,1.0,1,100000.0,30,0.5,0.15,4.0,auto
1062,254,280,movement,1,1.0,1,600.0,30,2.0,0.15,4.0,auto
1063,254,284,movement,1,1.0,1,600.0,30,2.0,0.15,4.0,auto
1064,254,278,movement,1,1.0,1,600.0,30,2.0,0.15,4.0,auto
1065,254,279,waiting,1,1.0,1,100000.0,30,0.5,0.15,4.0,auto
1066,255,285,movement,1,1.0,1,600.0,30,2.0,0.15,4.0,auto
1067,255,279,movement,1,1.0,1,600.0,30,2.0,0.15,4.0,auto
1068,255,280,waiting,1,1.0,1,100000.0,30,0.5,0.15,4.0,auto
1069,256,282,movement,1,1.0,1,600.0,30,2.0,0.15,4.0,auto
1070,256,286,movement,1,1.0,1,600.0,30,2.0,0.15,4.0,auto
1071,256,276,movement,1,1.0,1,600.0,30,2.0,0.15,4.0,auto
1072,256,281,waiting,1,1.0,1,100000.0,30,0.5,0.15,4.0,auto
1073,257,283,movement,1,1.0,1,600.0,30,2.0,0.15,4.0,auto
1074,257,287,movement,1,1.0,1,600.0,30,2.0,0.15,4.0,auto
1075,257,281,movement,1,1.0,1,600.0,30,2.0,0.15,4.0,auto
1076,257,277,movement,1,1.0,1,600.0,30,2.0,0.15,4.0,auto
1077,257,282,waiting,1,1.0,1,100000.0,30,0.5,0.15,4.0,auto
1078,258,284,movement,1,1.0,1,600.0,30,2.0,0.15,4.0,auto
1079,258,288,movement,1,1.0,1,600.0,30,2.0,0.15,4.0,auto
1080,258,282,movement,1,1.0,1,600.0,30,2.0,0.15,4.0,auto
1081,258,278,movement,1,1.0,1,600.0,30,2.0,0.15,4.0,auto
1082,258,283,waiting,1,1.0,1,100000.0,30,0.5,0.15,4.0,auto
1083,259,285,movement,1,1.0,1,600.0,30,2.0,0.15,4.0,auto
1084,259,289,movement,1,1.0,1,600.0,30,2.0,0.15,4.0,auto
1085,259,283,movement,1,1.0,1,600.0,30,2.0,0.15,4.0,auto
1086,259,279,movement,1,1.0,1,600.0,30,2.0,0.15,4.0,auto
1087,259,284,waiting,1,1.0,1,100000.0,30,0.5,0.15,4.0,auto
1088,260,290,movement,1,1.0,1,600.0,30,2.0,0.15,4.0,auto
1089,260,284,movement,1,1.0,1,600.0,30,2.0,0.15,4.0,auto
1090,260,280,movement,1,1.0,1,600.0,30,2.0,0.15,4.0,auto
1091,260,285,waiting,1,1.0,1,100000.0,30,0.5,0.15,4.0,auto
1092,261,287,movement,1,1.0,1,600.0,30,2.0,0.15,4.0,auto
1093,261,291,movement,1,1.0,1,600.0,30,2.0,0.15,4.0,auto
1094,261,281,movement,1,1.0,1,600.0,30,2.0,0.15,4.0,auto
1095,261,286,waiting,1,1.0,1,100000.0,30,0.5,0.15,4.0,auto
1096,262,288,movement,1,1.0,1,600.0,30,2.0,0.15,4.0,auto
1097,262,292,movement,1,1.0,1,600.0,30,2.0,0.15,4.0,auto
1098,262,286,movement,1,1.0,1,600.0,30,2.0,0.15,4.0,auto
1099,262,282,movement,1,1.0,1,600.0,30,2.0,0.15,4.0,auto
1100,262,287,waiting,1,1.0,1,100000.0,30,0.5,0.15,4.0,auto
1101,263,289,movement,1,1.0,1,600.0,30,2.0,0.15,4.0,auto
1102,263,293,movement,1,1.0,1,600.0,30,2.0,0.15,4.0,auto
1103,263,287,movement,1,1.0,1,600.0,30,2.0,0.15,4.0,auto
1104,263,283,movement,1,1.0,1,600.0,30,2.0,0.15,4.0,auto
1105,263,288,waiting,1,1.0,1,100000.0,30,0.5,0.15,4.0,auto
1106,264,290,movement,1,1.0,1,600.0,30,2.0,0.15,4.0,auto
1107,264,294,movement,1,1.0,1,600.0,30,2.0,0.15,4.0,auto
1108,264,288,movement,1,1.0,1,600.0,30,2.0,0.15,4.0,auto
1109,264,284,movement,1,1.0,1,600.0,30,2.0,0.15,4.0,auto
1110,264,289,waiting,1,1.0,1,100000.0,30,0.5,0.15,4.0,auto
1111,265,295,movement,1,1.0,1,600.0,30,2.0,0.15,4.0,auto
1112,265,289,movement,1,1.0,1,600.0,30,2.0,0.15,4.0,auto
1113,265,285,movement,1,1.0,1,600.0,30,2.0,0.15,4.0,auto
1114,265,290,waiting,1,1.0,1,100000.0,30,0.5,0.15,4.0,auto
1115,266,292,movement,1,1.0,1,600.0,30,2.0,0.15,4.0,auto
1116,266,296,movement,1,1.0,1,600.0,30,2.0,0.15,4.0,auto
1117,266,286,movement,1,1.0,1,600.0,30,2.0,0.15,4.0,auto
1118,266,291,waiting,1,1.0,1,100000.0,30,0.5,0.15,4.0,auto
1119,267,293,movement,1,1.0,1,600.0,30,2.0,0.15,4.0,auto
1120,267,297,movement,1,1.0,1,600.0,30,2.0,0.15,4.0,auto
1121,267,291,movement,1,1.0,1,600.0,30,2.0,0.15,4.0,auto
1122,267,287,movement,1,1.0,1,600.0,30,2.0,0.15,4.0,auto
1123,267,292,waiting,1,1.0,1,100000.0,30,0.5,0.15,4.0,auto
1124,268,294,movement,1,1.0,1,600.0,30,2.0,0.15,4.0,auto
1125,268,298,movement,1,1.0,1,600.0,30,2.0,0.15,4.0,auto
1126,268,292,movement,1,1.0,1,600.0,30,2.0,0.15,4.0,auto
1127,268,288,movement,1,1.0,1,600.0,30,2.0,0.15,4.0,auto
1128,268,293,waiting,1,1.0,1,100000.0,30,0.5,0.15,4.0,auto
1129,269,295,movement,1,1.0,1,600.0,30,2.0,0.15,4.0,auto
1130,269,299,movement,1,1.0,1,600.0,30,2.0,0.15,4.0,auto
1131,269,293,movement,1,1.0,1,600.0,30,2.0,0.15,4.0,auto
1132,269,289,movement,1,1.0,1,600.0,30,2.0,0.15,4.0,auto
1133,269,294,waiting,1,1.0,1,100000.0,30,0.5,0.15,4.0,auto
1134,270,300,movement,1,1.0,1,600.0,30,2.0,0.15,4.0,auto
1135,270,294,movement,1,1.0,1,600.0,30,2.0,0.15,4.0,auto
1136,270,290,movement,1,1.0,1,600.0,30,2.0,0.15,4.0,auto
1137,270,295,waiting,1,1.0,1,100000.0,30,0.5,0.15,4.0,auto
1138,271,297,movement,1,1.0,1,600.0,30,2.0,0.15,4.0,auto
1139,271,291,movement,1,1.0,1,600.0,30,2.0,0.15,4.0,auto
1140,271,296,waiting,1,1.0,1,100000.0,30,0.5,0.15,4.0,auto
1141,272,298,movement,1,1.0,1,600.0,30,2.0,0.15,4.0,auto
1142,272,296,movement,1,1.0,1,600.0,30,2.0,0.15,4.0,auto
1143,272,292,movement,1,1.0,1,600.0,30,2.0,0.15,4.0,auto
1144,272,297,waiting,1,1.0,1,100000.0,30,0.5,0.15,4.0,auto
1145,273,299,movement,1,1.0,1,600.0,30,2.0,0.15,4.0,auto
1146,273,297,movement,1,1.0,1,600.0,30,2.0,0.15,4.0,auto
1147,273,293,movement,1,1.0,1,600.0,30,2.0,0.15,4.0,auto
1148,273,298,waiting,1,1.0,1,100000.0,30,0.5,0.15,4.0,auto
1149,274,300,movement,1,1.0,1,600.0,30,2.0,0.15,4.0,auto
1150,274,298,movement,1,1.0,1,600.0,30,2.0,0.15,4.0,auto
1151,274,294,movement,1,1.0,1,600.0,30,2.0,0.15,4.0,auto
1152,274,299,waiting,1,1.0,1,100000.0,30,0.5,0.15,4.0,auto
1153,275,299,movement,1,1.0,1,600.0,30,2.0,0.15,4.0,auto
1154,275,295,movement,1,1.0,1,600.0,30,2.0,0.15,4.0,auto
1155,275,300,waiting,1,1.0,1,100000.0,30,0.5,0.15,4.0,auto
1156,276,302,movement,1,1.0,1,600.0,30,2.0,0.15,4.0,auto
1157,276,306,movement,1,1.0,1,600.0,30,2.0,0.15,4.0,auto
1158,276,301,waiting,1,1.0,1,100000.0,30,0.5,0.15,4.0,auto
1159,277,303,movement,1,1.0,1,600.0,30,2.0,0.15,4.0,auto
1160,277,307,movement,1,1.0,1,600.0,30,2.0,0.15,4.0,auto
1161,277,301,movement,1,1.0,1,600.0,30,2.0,0.15,4.0,auto
1162,277,302,waiting,1,1.0,1,100000.0,30,0.5,0.15,4.0,auto
1163,278,304,movement,1,1.0,1,600.0,30,2.0,0.15,4.0,auto
1164,278,308,movement,1,1.0,1,600.0,30,2.0,0.15,4.0,auto
1165,278,302,movement,1,1.0,1,600.0,30,2.0,0.15,4.0,auto
1166,278,303,waiting,1,1.0,1,100000.0,30,0.5,0.15,4.0,auto
1167,279,305,movement,1,1.0,1,600.0,30,2.0,0.15,4.0,auto
1168,279,309,movement,1,1.0,1,600.0,30,2.0,0.15,4.0,auto
1169,279,303,movement,1,1.0,1,600.0,30,2.0,0.15,4.0,auto
1170,279,304,waiting,1,1.0,1,100000.0,30,0.5,0.15,4.0,auto
1171,280,310,movement,1,1.0,1,600.0,30,2.0,0.15,4.0,auto
1172,280,304,movement,1,1.0,1,600.0,30,2.0,0.15,4.0,auto
1173,280,305,waiting,1,1.0,1,100000.0,30,0.5,0.15,4.0,auto
1174,281,307,movement,1,1.0,1,600.0,30,2.0,0.15,4.0,auto
1175,281,311,movement,1,1.0,1,600.0,30,2.0,0.15,4.0,auto
1176,281,301,movement,1,1.0,1,600.0,30,2.0,0.15,4.0,auto
1177,281,306,waiting,1,1.0,1,100000.0,30,0.5,0.15,4.0,auto
1178,282,308,movement,1,1.0,1,600.0,30,2.0,0.15,4.0,auto
1179,282,312,movement,1,1.0,1,600.0,30,2.0,0.15,4.0,auto
1180,282,306,movement,1,1.0,1,600.0,30,2.0,0.15,4.0,auto
1181,282,302,movement,1,1.0,1,600.0,30,2.0,0.15,4.0,auto
1182,282,307,waiting,1,1.0,1,100000.0,30,0.5,0.15,4.0,auto
1183,283,309,movement,1,1.0,1,600.0,30,2.0,0.15,4.0,auto
1184,283,313,movement,1,1.0,1,600.0,30,2.0,0.15,4.0,auto
1185,283,307,movement,1,1.0,1,600.0,30,2.0,0.15,4.0,auto
1186,283,303,movement,1,1.0,1,600.0,30,2.0,0.15,4.0,auto
1187,283,308,waiting,1,1.0,1,100000.0,30,0.5,0.15,4.0,auto
1188,284,310,movement,1,1.0,1,600.0,30,2.0,0.15,4.0,auto
1189,284,314,movement,1,1.0,1,600.0,30,2.0,0.15,4.0,auto
1190,284,308,movement,1,1.0,1,600.0,30,2.0,0.15,4.0,auto
1191,284,304,movement,1,1.0,1,600.0,30,2.0,0.15,4.0,auto
1192,284,309,waiting,1,1.0,1,100000.0,30,0.5,0.15,4.0,auto
1193,285,315,movement,1,1.0,1,600.0,30,2.0,0.15,4.0,auto
1194,285,309,movement,1,1.0,1,600.0,30,2.0,0.15,4.0,auto
1195,285,305,movement,1,1.0,1,600.0,30,2.0,0.15,4.0,auto
1196,285,310,waiting,1,1.0,1,100000.0,30,0.5,0.15,4.0,auto
1197,286,312,movement,1,1.0,1,600.0,30,2.0,0.15,4.0,auto
1198,286,316,movement,1,1.0,1,600.0,30,2.0,0.15,4.0,auto
1199,286,306,movement,1,1.0,1,600.0,30,2.0,0.15,4.0,auto
1200,286,311,waiting,1,1.0,1,100000.0,30,0.5,0.15,4.0,auto
1201,287,313,movement,1,1.0,1,600.0,30,2.0,0.15,4.0,auto
1202,287,317,movement,1,1.0,1,600.0,30,2.0,0.15,4.0,auto
1203,287,311,movement,1,1.0,1,600.0,30,2.0,0.15,4.0,auto
1204,287,307,movement,1,1.0,1,600.0,30,2.0,0.15,4.0,auto
1205,287,312,waiting,1,1.0,1,100000.0,30,0.5,0.15,4.0,auto
1206,288,314,movement,1,1.0,1,600.0,30,2.0,0.15,4.0,auto
1207,288,318,movement,1,1.0,1,600.0,30,2.0,0.15,4.0,auto
1208,288,312,movement,1,1.0,1,600.0,30,2.0,0.15,4.0,auto
1209,288,308,movement,1,1.0,1,600.0,30,2.0,0.15,4.0,auto
1210,288,313,waiting,1,1.0,1,100000.0,30,0.5,0.15,4.0,auto
1211,289,315,movement,1,1.0,1,600.0,30,2.0,0.15,4.0,auto
1212,289,319,movement,1,1.0,1,600.0,30,2.0,0.15,4.0,auto
1213,289,313,movement,1,1.0,1,600.0,30,2.0,0.15,4.0,auto
1214,289,309,movement,1,1.0,1,600.0,30,2.0,0.15,4.0,auto
1215,289,314,waiting,1,1.0,1,100000.0,30,0.5,0.15,4.0,auto
1216,290,320,movement,1,1.0,1,600.0,30,2.0,0.15,4.0,auto
1217,290,314,movement,1,1.0,1,600.0,30,2.0,0.15,4.0,auto
1218,290,310,movement,1,1.0,1,600.0,30,2.0,0.15,4.0,auto
1219,290,315,waiting,1,1.0,1,100000.0,30,0.5,0.15,4.0,auto
1220,291,317,movement,1,1.0,1,600.0,30,2.0,0.15,4.0,auto
1221,291,321,movement,1,1.0,1,600.0,30,2.0,0.15,4.0,auto
1222,291,311,movement,1,1.0,1,600.0,30,2.0,0.15,4.0,auto
1223,291,316,waiting,1,1.0,1,100000.0,30,0.5,0.15,4.0,auto
1224,292,318,movement,1,1.0,1,600.0,30,2.0,0.15,4.0,auto
1225,292,322,movement,1,1.0,1,600.0,30,2.0,0.15,4.0,auto
1226,292,316,movement,1,1.0,1,600.0,30,2.0,0.15,4.0,auto
1227,292,312,movement,1,1.0,1,600.0,30,2.0,0.15,4.0,auto
1228,292,317,waiting,1,1.0,1,100000.0,30,0.5,0.15,4.0,auto
1229,293,319,movement,1,1.0,1,600.0,30,2.0,0.15,4.0,auto
1230,293,323,movement,1,1.0,1,600.0,30,2.0,0.15,4.0,auto
1231,293,317,movement,1,1.0,1,600.0,30,2.0,0.15,4.0,auto
1232,293,313,movement,1,1.0,1,600.0,30,2.0,0.15,4.0,auto
1233,293,318,waiting,1,1.0,1,100000.0,30,0.5,0.15,4.0,auto
1234,294,320,movement,1,1.0,1,600.0,30,2.0,0.15,4.0,auto
1235,294,324,movement,1,1.0,1,600.0,30,2.0,0.15,4.0,auto
1236,294,318,movement,1,1.0,1,600.0,30,2.0,0.15,4.0,auto
1237,294,314,movement,1,1.0,1,600.0,30,2.0,0.15,4.0,auto
1238,294,319,waiting,1,1.0,1,100000.0,30,0.5,0.15,4.0,auto
1239,295,325,movement,1,1.0,1,600.0,30,2.0,0.15,4.0,auto
1240,295,319,movement,1,1.0,1,600.0,30,2.0,0.15,4.0,auto
1241,295,315,movement,1,1.0,1,600.0,30,2.0,0.15,4.0,auto
1242,295,320,waiting,1,1.0,1,100000.0,30,0.5,0.15,4.0,auto
1243,296,322,movement,1,1.0,1,600.0,30,2.0,0.15,4.0,auto
1244,296,316,movement,1,1.0,1,600.0,30,2.0,0.15,4.0,auto
1245,296,321,waiting,1,1.0,1,100000.0,30,0.5,0.15,4.0,auto
1246,297,323,movement,1,1.0,1,600.0,30,2.0,0.15,4.0,auto
1247,297,321,movement,1,1.0,1,600.0,30,2.0,0.15,4.0,auto
1248,297,317,movement,1,1.0,1,600.0,30,2.0,0.15,4.0,auto
1249,297,322,waiting,1,1.0,1,100000.0,30,0.5,0.15,4.0,auto
1250,298,324,movement,1,1.0,1,600.0,30,2.0,0.15,4.0,auto
1251,298,322,movement,1,1.0,1,600.0,30,2.0,0.15,4.0,auto
1252,298,318,movement,1,1.0,1,600.0,30,2.0,0.15,4.0,auto
1253,298,323,waiting,1,1.0,1,100000.0,30,0.5,0.15,4.0,auto
1254,299,325,movement,1,1.0,1,600.0,30,2.0,0.15,4.0,auto
1255,299,323,movement,1,1.0,1,600.0,30,2.0,0.15,4.0,auto
1256,299,319,movement,1,1.0,1,600.0,30,2.0,0.15,4.0,auto
1257,299,324,waiting,1,1.0,1,100000.0,30,0.5,0.15,4.0,auto
1258,300,324,movement,1,1.0,1,600.0,30,2.0,0.15,4.0,auto
1259,300,320,movement,1,1.0,1,600.0,30,2.0,0.15,4.0,auto
1260,300,325,waiting,1,1.0,1,100000.0,30,0.5,0.15,4.0,auto
1261,301,327,movement,1,1.0,1,600.0,30,2.0,0.15,4.0,auto
1262,301,331,movement,1,1.0,1,600.0,30,2.0,0.15,4.0,auto
1263,301,326,waiting,1,1.0,1,100000.0,30,0.5,0.15,4.0,auto
1264,302,328,movement,1,1.0,1,600.0,30,2.0,0.15,4.0,auto
1265,302,332,movement,1,1.0,1,600.0,30,2.0,0.15,4.0,auto
1266,302,326,movement,1,1.0,1,600.0,30,2.0,0.15,4.0,auto
1267,302,327,waiting,1,1.0,1,100000.0,30,0.5,0.15,4.0,auto
1268,303,329,movement,1,1.0,1,600.0,30,2.0,0.15,4.0,auto
1269,303,333,movement,1,1.0,1,600.0,30,2.0,0.15,4.0,auto
1270,303,327,movement,1,1.0,1,600.0,30,2.0,0.15,4.0,auto
1271,303,328,waiting,1,1.0,1,100000.0,30,0.5,0.15,4.0,auto
1272,304,330,movement,1,1.0,1,600.0,30,2.0,0.15,4.0,auto
1273,304,334,movement,1,1.0,1,600.0,30,2.0,0.15,4.0,auto
1274,304,328,movement,1,1.0,1,600.0,30,2.0,0.15,4.0,auto
1275,304,329,waiting,1,1.0,1,100000.0,30,0.5,0.15,4.0,auto
1276,305,335,movement,1,1.0,1,600.0,30,2.0,0.15,4.0,auto
1277,305,329,movement,1,1.0,1,600.0,30,2.0,0.15,4.0,auto
1278,305,330,waiting,1,1.0,1,100000.0,30,0.5,0.15,4.0,auto
1279,306,332,movement,1,1.0,1,600.0,30,2.0,0.15,4.0,auto
1280,306,336,movement,1,1.0,1,600.0,30,2.0,0.15,4.0,auto
1281,306,326,movement,1,1.0,1,600.0,30,2.0,0.15,4.0,auto
1282,306,331,waiting,1,1.0,1,100000.0,30,0.5,0.15,4.0,auto
1283,307,333,movement,1,1.0,1,600.0,30,2.0,0.15,4.0,auto
1284,307,337,movement,1,1.0,1,600.0,30,2.0,0.15,4.0,auto
1285,307,331,movement,1,1.0,1,600.0,30,2.0,0.15,4.0,auto
1286,307,327,movement,1,1.0,1,600.0,30,2.0,0.15,4.0,auto
1287,307,332,waiting,1,1.0,1,100000.0,30,0.5,0.15,4.0,auto
1288,308,334,movement,1,1.0,1,600.0,30,2.0,0.15,4.0,auto
1289,308,338,movement,1,1.0,1,600.0,30,2.0,0.15,4.0,auto
1290,308,332,movement,1,1.0,1,600.0,30,2.0,0.15,4.0,auto
1291,308,328,movement,1,1.0,1,600.0,30,2.0,0.15,4.0,auto
1292,308,333,waiting,1,1.0,1,100000.0,30,0.5,0.15,4.0,auto
1293,309,335,movement,1,1.0,1,600.0,30,2.0,0.15,4.0,auto
1294,309,339,movement,1,1.0,1,600.0,30,2.0,0.15,4.0,auto
1295,309,333,movement,1,1.0,1,600.0,30,2.0,0.15,4.0,auto
1296,309,329,movement,1,1.0,1,600.0,30,2.0,0.15,4.0,auto
1297,309,334,waiting,1,1.0,1,100000.0,30,0.5,0.15,4.0,auto
1298,310,340,movement,1,1.0,1,600.0,30,2.0,0.15,4.0,auto
1299,310,334,movement,1,1.0,1,600.0,30,2.0,0.15,4.0,auto
1300,310,330,movement,1,1.0,1,600.0,30,2.0,0.15,4.0,auto
1301,310,335,waiting,1,1.0,1,100000.0,30,0.5,0.15,4.0,auto
1302,311,337,movement,1,1.0,1,600.0,30,2.0,0.15,4.0,auto
1303,311,341,movement,1,1.0,1,600.0,30,2.0,0.15,4.0,auto
1304,311,331,movement,1,1.0,1,600.0,30,2.0,0.15,4.0,auto
1305,311,336,waiting,1,1.0,1,100000.0,30,0.5,0.15,4.0,auto
1306,312,338,movement,1,1.0,1,600.0,30,2.0,0.15,4.0,auto
1307,312,342,movement,1,1.0,1,600.0,30,2.0,0.15,4.0,auto
1308,312,336,movement,1,1.0,1,600.0,30,2.0,0.15,4.0,auto
1309,312,332,movement,1,1.0,1,600.0,30,2.0,0.15,4.0,auto
1310,312,337,waiting,1,1.0,1,100000.0,30,0.5,0.15,4.0,auto
1311,313,339,movement,1,1.0,1,600.0,30,2.0,0.15,4.0,auto
1312,313,343,movement,1,1.0,1,600.0,30,2.0,0.15,4.0,auto
1313,313,337,movement,1,1.0,1,600.0,30,2.0,0.15,4.0,auto
1314,313,333,movement,1,1.0,1,600.0,30,2.0,0.15,4.0,auto
1315,313,338,waiting,1,1.0,1,100000.0,30,0.5,0.15,4.0,auto
1316,314,340,movement,1,1.0,1,600.0,30,2.0,0.15,4.0,auto
1317,314,344,movement,1,1.0,1,600.0,30,2.0,0.15,4.0,auto
1318,314,338,movement,1,1.0,1,600.0,30,2.0,0.15,4.0,auto
1319,314,334,movement,1,1.0,1,600.0,30,2.0,0.15,4.0,auto
1320,314,339,waiting,1,1.0,1,100000.0,30,0.5,0.15,4.0,auto
1321,315,345,movement,1,1.0,1,600.0,30,2.0,0.15,4.0,auto
1322,315,339,movement,1,1.0,1,600.0,30,2.0,0.15,4.0,auto
1323,315,335,movement,1,1.0,1,600.0,30,2.0,0.15,4.0,auto
1324,315,340,waiting,1,1.0,1,100000.0,30,0.5,0.15,4.0,auto
1325,316,342,movement,1,1.0,1,600.0,30,2.0,0.15,4.0,auto
1326,316,346,movement,1,1.0,1,600.0,30,2.0,0.15,4.0,auto
1327,316,336,movement,1,1.0,1,600.0,30,2.0,0.15,4.0,auto
1328,316,341,waiting,1,1.0,1,100000.0,30,0.5,0.15,4.0,auto
1329,317,343,movement,1,1.0,1,600.0,30,2.0,0.15,4.0,auto
1330,317,347,movement,1,1.0,1,600.0,30,2.0,0.15,4.0,auto
1331,317,341,movement,1,1.0,1,600.0,30,2.0,0.15,4.0,auto
1332,317,337,movement,1,1.0,1,600.0,30,2.0,0.15,4.0,auto
1333,317,342,waiting,1,1.0,1,100000.0,30,0.5,0.15,4.0,auto
1334,318,344,movement,1,1.0,1,600.0,30,2.0,0.15,4.0,auto
1335,318,348,movement,1,1.0,1,600.0,30,2.0,0.15,4.0,auto
1336,318,342,movement,1,1.0,1,600.0,30,2.0,0.15,4.0,auto
1337,318,338,movement,1,1.0,1,600.0,30,2.0,0.15,4.0,auto
1338,318,343,waiting,1,1.0,1,100000.0,30,0.5,0.15,4.0,auto
1339,319,345,movement,1,1.0,1,600.0,30,2.0,0.15,4.0,auto
1340,319,349,movement,1,1.0,1,600.0,30,2.0,0.15,4.0,auto
1341,319,343,movement,1,1.0,1,600.0,30,2.0,0.15,4.0,auto
1342,319,339,movement,1,1.0,1,600.0,30,2.0,0.15,4.0,auto
1343,319,344,waiting,1,1.0,1,100000.0,30,0.5,0.15,4.0,auto
1344,320,350,movement,1,1.0,1,600.0,30,2.0,0.15,4.0,auto
1345,320,344,movement,1,1.0,1,600.0,30,2.0,0.15,4.0,auto
1346,320,340,movement,1,1.0,1,600.0,30,2.0,0.15,4.0,auto
1347,320,345,waiting,1,1.0,1,100000.0,30,0.5,0.15,4.0,auto
1348,321,347,movement,1,1.0,1,600.0,30,2.0,0.15,4.0,auto
1349,321,341,movement,1,1.0,1,600.0,30,2.0,0.15,4.0,auto
1350,321,346,waiting,1,1.0,1,100000.0,30,0.5,0.15,4.0,auto
1351,322,348,movement,1,1.0,1,600.0,30,2.0,0.15,4.0,auto
1352,322,346,movement,1,1.0,1,600.0,30,2.0,0.15,4.0,auto
1353,322,342,movement,1,1.0,1,600.0,30,2.0,0.15,4.0,auto
1354,322,347,waiting,1,1.0,1,100000.0,30,0.5,0.15,4.0,auto
1355,323,349,movement,1,1.0,1,600.0,30,2.0,0.15,4.0,auto
1356,323,347,movement,1,1.0,1,600.0,30,2.0,0.15,4.0,auto
1357,323,343,movement,1,1.0,1,600.0,30,2.0,0.15,4.0,auto
1358,323,348,waiting,1,1.0,1,100000.0,30,0.5,0.15,4.0,auto
1359,324,350,movement,1,1.0,1,600.0,30,2.0,0.15,4.0,auto
1360,324,348,movement,1,1.0,1,600.0,30,2.0,0.15,4.0,auto
1361,324,344,movement,1,1.0,1,600.0,30,2.0,0.15,4.0,auto
1362,324,349,waiting,1,1.0,1,100000.0,30,0.5,0.15,4.0,auto
1363,325,349,movement,1,1.0,1,600.0,30,2.0,0.15,4.0,auto
1364,325,345,movement,1,1.0,1,600.0,30,2.0,0.15,4.0,auto
1365,325,350,waiting,1,1.0,1,100000.0,30,0.5,0.15,4.0,auto
1366,326,352,movement,1,1.0,1,600.0,30,2.0,0.15,4.0,auto
1367,326,356,movement,1,1.0,1,600.0,30,2.0,0.15,4.0,auto
1368,326,351,waiting,1,1.0,1,100000.0,30,0.5,0.15,4.0,auto
1369,327,353,movement,1,1.0,1,600.0,30,2.0,0.15,4.0,auto
1370,327,357,movement,1,1.0,1,600.0,30,2.0,0.15,4.0,auto
1371,327,351,movement,1,1.0,1,600.0,30,2.0,0.15,4.0,auto
1372,327,352,waiting,1,1.0,1,100000.0,30,0.5,0.15,4.0,auto
1373,328,354,movement,1,1.0,1,600.0,30,2.0,0.15,4.0,auto
1374,328,358,movement,1,1.0,1,600.0,30,2.0,0.15,4.0,auto
1375,328,352,movement,1,1.0,1,600.0,30,2.0,0.15,4.0,auto
1376,328,353,waiting,1,1.0,1,100000.0,30,0.5,0.15,4.0,auto
1377,329,355,movement,1,1.0,1,600.0,30,2.0,0.15,4.0,auto
1378,329,359,movement,1,1.0,1,600.0,30,2.0,0.15,4.0,auto
1379,329,353,movement,1,1.0,1,600.0,30,2.0,0.15,4.0,auto
1380,329,354,waiting,1,1.0,1,100000.0,30,0.5,0.15,4.0,auto
1381,330,360,movement,1,1.0,1,600.0,30,2.0,0.15,4.0,auto
1382,330,354,movement,1,1.0,1,600.0,30,2.0,0.15,4.0,auto
1383,330,355,waiting,1,1.0,1,100000.0,30,0.5,0.15,4.0,auto
1384,331,357,movement,1,1.0,1,600.0,30,2.0,0.15,4.0,auto
1385,331,361,movement,1,1.0,1,600.0,30,2.0,0.15,4.0,auto
1386,331,351,movement,1,1.0,1,600.0,30,2.0,0.15,4.0,auto
1387,331,356,waiting,1,1.0,1,100000.0,30,0.5,0.15,4.0,auto
1388,332,358,movement,1,1.0,1,600.0,30,2.0,0.15,4.0,auto
1389,332,362,movement,1,1.0,1,600.0,30,2.0,0.15,4.0,auto
1390,332,356,movement,1,1.0,1,600.0,30,2.0,0.15,4.0,auto
1391,332,352,movement,1,1.0,1,600.0,30,2.0,0.15,4.0,auto
1392,332,357,waiting,1,1.0,1,100000.0,30,0.5,0.15,4.0,auto
1393,333,359,movement,1,1.0,1,600.0,30,2.0,0.15,4.0,auto
1394,333,363,movement,1,1.0,1,600.0,30,2.0,0.15,4.0,auto
1395,333,357,movement,1,1.0,1,600.0,30,2.0,0.15,4.0,auto
1396,333,353,movement,1,1.0,1,600.0,30,2.0,0.15,4.0,auto
1397,333,358,waiting,1,1.0,1,100000.0,30,0.5,0.15,4.0,auto
1398,334,360,movement,1,1.0,1,600.0,30,2.0,0.15,4.0,auto
1399,334,364,movement,1,1.0,1,600.0,30,2.0,0.15,4.0,auto
1400,334,358,movement,1,1.0,1,600.0,30,2.0,0.15,4.0,auto
1401,334,354,movement,1,1.0,1,600.0,30,2.0,0.15,4.0,auto
1402,334,359,waiting,1,1.0,1,100000.0,30,0.5,0.15,4.0,auto
1403,335,365,movement,1,1.0,1,600.0,30,2.0,0.15,4.0,auto
1404,335,359,movement,1,1.0,1,600.0,30,2.0,0.15,4.0,auto
1405,335,355,movement,1,1.0,1,600.0,30,2.0,0.15,4.0,auto
1406,335,360,waiting,1,1.0,1,100000.0,30,0.5,0.15,4.0,auto
1407,336,362,movement,1,1.0,1,600.0,30,2.0,0.15,4.0,auto
1408,336,366,movement,1,1.0,1,600.0,30,2.0,0.15,4.0,auto
1409,336,356,movement,1,1.0,1,600.0,30,2.0,0.15,4.0,auto
1410,336,361,waiting,1,1.0,1,100000.0,30,0.5,0.15,4.0,auto
1411,337,363,movement,1,1.0,1,600.0,30,2.0,0.15,4.0,auto
1412,337,367,movement,1,1.0,1,600.0,30,2.0,0.15,4.0,auto
1413,337,361,movement,1,1.0,1,600.0,30,2.0,0.15,4.0,auto
1414,337,357,movement,1,1.0,1,600.0,30,2.0,0.15,4.0,auto
1415,337,362,waiting,1,1.0,1,100000.0,30,0.5,0.15,4.0,auto
1416,338,364,movement,1,1.0,1,600.0,30,2.0,0.15,4.0,auto
1417,338,368,movement,1,1.0,1,600.0,30,2.0,0.15,4.0,auto
1418,338,362,movement,1,1.0,1,600.0,30,2.0,0.15,4.0,auto
1419,338,358,movement,1,1.0,1,600.0,30,2.0,0.15,4.0,auto
1420,338,363,waiting,1,1.0,1,100000.0,30,0.5,0.15,4.0,auto
1421,339,365,movement,1,1.0,1,600.0,30,2.0,0.15,4.0,auto
1422,339,369,movement,1,1.0,1,600.0,30,2.0,0.15,4.0,auto
1423,339,363,movement,1,1.0,1,600.0,30,2.0,0.15,4.0,auto
1424,339,359,movement,1,1.0,1,600.0,30,2.0,0.15,4.0,auto
1425,339,364,waiting,1,1.0,1,100000.0,30,0.5,0.15,4.0,auto
1426,340,370,movement,1,1.0,1,600.0,30,2.0,0.15,4.0,auto
1427,340,364,movement,1,1.0,1,600.0,30,2.0,0.15,4.0,auto
1428,340,360,movement,1,1.0,1,600.0,30,2.0,0.15,4.0,auto
1429,340,365,waiting,1,1.0,1,100000.0,30,0.5,0.15,4.0,auto
1430,341,367,movement,1,1.0,1,600.0,30,2.0,0.15,4.0,auto
1431,341,371,movement,1,1.0,1,600.0,30,2.0,0.15,4.0,auto
1432,341,361,movement,1,1.0,1,600.0,30,2.0,0.15,4.0,auto
1433,341,366,waiting,1,1.0,1,100000.0,30,0.5,0.15,4.0,auto
1434,342,368,movement,1,1.0,1,600.0,30,2.0,0.15,4.0,auto
1435,342,372,movement,1,1.0,1,600.0,30,2.0,0.15,4.0,auto
1436,342,366,movement,1,1.0,1,600.0,30,2.0,0.15,4.0,auto
1437,342,362,movement,1,1.0,1,600.0,30,2.0,0.15,4.0,auto
1438,342,367,waiting,1,1.0,1,100000.0,30,0.5,0.15,4.0,auto
1439,343,369,movement,1,1.0,1,600.0,30,2.0,0.15,4.0,auto
1440,343,373,movement,1,1.0,1,600.0,30,2.0,0.15,4.0,auto
1441,343,367,movement,1,1.0,1,600.0,30,2.0,0.15,4.0,auto
1442,343,363,movement,1,1.0,1,600.0,30,2.0,0.15,4.0,auto
1443,343,368,waiting,1,1.0,1,100000.0,30,0.5,0.15,4.0,auto
1444,344,370,movement,1,1.0,1,600.0,30,2.0,0.15,4.0,auto
1445,344,374,movement,1,1.0,1,600.0,30,2.0,0.15,4.0,auto
1446,344,368,movement,1,1.0,1,600.0,30,2.0,0.15,4.0,auto
1447,344,364,movement,1,1.0,1,600.0,30,2.0,0.15,4.0,auto
1448,344,369,waiting,1,1.0,1,100000.0,30,0.5,0.15,4.0,auto
1449,345,375,movement,1,1.0,1,600.0,30,2.0,0.15,4.0,auto
1450,345,369,movement,1,1.0,1,600.0,30,2.0,0.15,4.0,auto
1451,345,365,movement,1,1.0,1,600.0,30,2.0,0.15,4.0,auto
1452,345,370,waiting,1,1.0,1,100000.0,30,0.5,0.15,4.0,auto
1453,346,372,movement,1,1.0,1,600.0,30,2.0,0.15,4.0,auto
1454,346,366,movement,1,1.0,1,600.0,30,2.0,0.15,4.0,auto
1455,346,371,waiting,1,1.0,1,100000.0,30,0.5,0.15,4.0,auto
1456,347,373,movement,1,1.0,1,600.0,30,2.0,0.15,4.0,auto
1457,347,371,movement,1,1.0,1,600.0,30,2.0,0.15,4.0,auto
1458,347,367,movement,1,1.0,1,600.0,30,2.0,0.15,4.0,auto
1459,347,372,waiting,1,1.0,1,100000.0,30,0.5,0.15,4.0,auto
1460,348,374,movement,1,1.0,1,600.0,30,2.0,0.15,4.0,auto
1461,348,372,movement,1,1.0,1,600.0,30,2.0,0.15,4.0,auto
1462,348,368,movement,1,1.0,1,600.0,30,2.0,0.15,4.0,auto
1463,348,373,waiting,1,1.0,1,100000.0,30,0.5,0.15,4.0,auto
1464,349,375,movement,1,1.0,1,600.0,30,2.0,0.15,4.0,auto
1465,349,373,movement,1,1.0,1,600.0,30,2.0,0.15,4.0,auto
1466,349,369,movement,1,1.0,1,600.0,30,2.0,0.15,4.0,auto
1467,349,374,waiting,1,1.0,1,100000.0,30,0.5,0.15,4.0,auto
1468,350,374,movement,1,1.0,1,600.0,30,2.0,0.15,4.0,auto
1469,350,370,movement,1,1.0,1,600.0,30,2.0,0.15,4.0,auto
1470,350,375,waiting,1,1.0,1,100000.0,30,0.5,0.15,4.0,auto
1471,351,377,movement,1,1.0,1,600.0,30,2.0,0.15,4.0,auto
1472,351,381,movement,1,1.0,1,600.0,30,2.0,0.15,4.0,auto
1473,351,376,waiting,1,1.0,1,100000.0,30,0.5,0.15,4.0,auto
1474,352,378,movement,1,1.0,1,600.0,30,2.0,0.15,4.0,auto
1475,352,382,movement,1,1.0,1,600.0,30,2.0,0.15,4.0,auto
1476,352,376,movement,1,1.0,1,600.0,30,2.0,0.15,4.0,auto
1477,352,377,waiting,1,1.0,1,100000.0,30,0.5,0.15,4.0,auto
1478,353,379,movement,1,1.0,1,600.0,30,2.0,0.15,4.0,auto
1479,353,383,movement,1,1.0,1,600.0,30,2.0,0.15,4.0,auto
1480,353,377,movement,1,1.0,1,600.0,30,2.0,0.15,4.0,auto
1481,353,378,waiting,1,1.0,1,100000.0,30,0.5,0.15,4.0,auto
1482,354,380,movement,1,1.0,1,600.0,30,2.0,0.15,4.0,auto
1483,354,384,movement,1,1.0,1,600.0,30,2.0,0.15,4.0,auto
1484,354,378,movement,1,1.0,1,600.0,30,2.0,0.15,4.0,auto
1485,354,379,waiting,1,1.0,1,100000.0,30,0.5,0.15,4.0,auto
1486,355,385,movement,1,1.0,1,600.0,30,2.0,0.15,4.0,auto
1487,355,379,movement,1,1.0,1,600.0,30,2.0,0.15,4.0,auto
1488,355,380,waiting,1,1.0,1,100000.0,30,0.5,0.15,4.0,auto
1489,356,382,movement,1,1.0,1,600.0,30,2.0,0.15,4.0,auto
1490,356,386,movement,1,1.0,1,600.0,30,2.0,0.15,4.0,auto
1491,356,376,movement,1,1.0,1,600.0,30,2.0,0.15,4.0,auto
1492,356,381,waiting,1,1.0,1,100000.0,30,0.5,0.15,4.0,auto
1493,357,383,movement,1,1.0,1,600.0,30,2.0,0.15,4.0,auto
1494,357,387,movement,1,1.0,1,600.0,30,2.0,0.15,4.0,auto
1495,357,381,movement,1,1.0,1,600.0,30,2.0,0.15,4.0,auto
1496,357,377,movement,1,1.0,1,600.0,30,2.0,0.15,4.0,auto
1497,357,382,waiting,1,1.0,1,100000.0,30,0.5,0.15,4.0,auto
1498,358,384,movement,1,1.0,1,600.0,30,2.0,0.15,4.0,auto
1499,358,388,movement,1,1.0,1,600.0,30,2.0,0.15,4.0,auto
1500,358,382,movement,1,1.0,1,600.0,30,2.0,0.15,4.0,auto
1501,358,378,movement,1,1.0,1,600.0,30,2.0,0.15,4.0,auto
1502,358,383,waiting,1,1.0,1,100000.0,30,0.5,0.15,4.0,auto
1503,359,385,movement,1,1.0,1,600.0,30,2.0,0.15,4.0,auto
1504,359,389,movement,1,1.0,1,600.0,30,2.0,0.15,4.0,auto
1505,359,383,movement,1,1.0,1,600.0,30,2.0,0.15,4.0,auto
1506,359,379,movement,1,1.0,1,600.0,30,2.0,0.15,4.0,auto
1507,359,384,waiting,1,1.0,1,100000.0,30,0.5,0.15,4.0,auto
1508,360,390,movement,1,1.0,1,600.0,30,2.0,0.15,4.0,auto
1509,360,384,movement,1,1.0,1,600.0,30,2.0,0.15,4.0,auto
1510,360,380,movement,1,1.0,1,600.0,30,2.0,0.15,4.0,auto
1511,360,385,waiting,1,1.0,1,100000.0,30,0.5,0.15,4.0,auto
1512,361,387,movement,1,1.0,1,600.0,30,2.0,0.15,4.0,auto
1513,361,391,movement,1,1.0,1,600.0,30,2.0,0.15,4.0,auto
1514,361,381,movement,1,1.0,1,600.0,30,2.0,0.15,4.0,auto
1515,361,386,waiting,1,1.0,1,100000.0,30,0.5,0.15,4.0,auto
1516,362,388,movement,1,1.0,1,600.0,30,2.0,0.15,4.0,auto
1517,362,392,movement,1,1.0,1,600.0,30,2.0,0.15,4.0,auto
1518,362,386,movement,1,1.0,1,600.0,30,2.0,0.15,4.0,auto
1519,362,382,movement,1,1.0,1,600.0,30,2.0,0.15,4.0,auto
1520,362,387,waiting,1,1.0,1,100000.0,30,0.5,0.15,4.0,auto
1521,363,389,movement,1,1.0,1,600.0,30,2.0,0.15,4.0,auto
1522,363,393,movement,1,1.0,1,600.0,30,2.0,0.15,4.0,auto
1523,363,387,movement,1,1.0,1,600.0,30,2.0,0.15,4.0,auto
1524,363,383,movement,1,1.0,1,600.0,30,2.0,0.15,4.0,auto
1525,363,388,waiting,1,1.0,1,100000.0,30,0.5,0.15,4.0,auto
1526,364,390,movement,1,1.0,1,600.0,30,2.0,0.15,4.0,auto
1527,364,394,movement,1,1.0,1,600.0,30,2.0,0.15,4.0,auto
1528,364,388,movement,1,1.0,1,600.0,30,2.0,0.15,4.0,auto
1529,364,384,movement,1,1.0,1,600.0,30,2.0,0.15,4.0,auto
1530,364,389,waiting,1,1.0,1,100000.0,30,0.5,0.15,4.0,auto
1531,365,395,movement,1,1.0,1,600.0,30,2.0,0.15,4.0,auto
1532,365,389,movement,1,1.0,1,600.0,30,2.0,0.15,4.0,auto
1533,365,385,movement,1,1.0,1,600.0,30,2.0,0.15,4.0,auto
1534,365,390,waiting,1,1.0,1,100000.0,30,0.5,0.15,4.0,auto
1535,366,392,movement,1,1.0,1,600.0,30,2.0,0.15,4.0,auto
1536,366,396,movement,1,1.0,1,600.0,30,2.0,0.15,4.0,auto
1537,366,386,movement,1,1.0,1,600.0,30,2.0,0.15,4.0,auto
1538,366,391,waiting,1,1.0,1,100000.0,30,0.5,0.15,4.0,auto
1539,367,393,movement,1,1.0,1,600.0,30,2.0,0.15,4.0,auto
1540,367,397,movement,1,1.0,1,600.0,30,2.0,0.15,4.0,auto
1541,367,391,movement,1,1.0,1,600.0,30,2.0,0.15,4.0,auto
1542,367,387,movement,1,1.0,1,600.0,30,2.0,0.15,4.0,auto
1543,367,392,waiting,1,1.0,1,100000.0,30,0.5,0.15,4.0,auto
1544,368,394,movement,1,1.0,1,600.0,30,2.0,0.15,4.0,auto
1545,368,398,movement,1,1.0,1,600.0,30,2.0,0.15,4.0,auto
1546,368,392,movement,1,1.0,1,600.0,30,2.0,0.15,4.0,auto
1547,368,388,movement,1,1.0,1,600.0,30,2.0,0.15,4.0,auto
1548,368,393,waiting,1,1.0,1,100000.0,30,0.5,0.15,4.0,auto
1549,369,395,movement,1,1.0,1,600.0,30,2.0,0.15,4.0,auto
1550,369,399,movement,1,1.0,1,600.0,30,2.0,0.15,4.0,auto
1551,369,393,movement,1,1.0,1,600.0,30,2.0,0.15,4.0,auto
1552,369,389,movement,1,1.0,1,600.0,30,2.0,0.15,4.0,auto
1553,369,394,waiting,1,1.0,1,100000.0,30,0.5,0.15,4.0,auto
1554,370,400,movement,1,1.0,1,600.0,30,2.0,0.15,4.0,auto
1555,370,394,movement,1,1.0,1,600.0,30,2.0,0.15,4.0,auto
1556,370,390,movement,1,1.0,1,600.0,30,2.0,0.15,4.0,auto
1557,370,395,waiting,1,1.0,1,100000.0,30,0.5,0.15,4.0,auto
1558,371,397,movement,1,1.0,1,600.0,30,2.0,0.15,4.0,auto
1559,371,391,movement,1,1.0,1,600.0,30,2.0,0.15,4.0,auto
1560,371,396,waiting,1,1.0,1,100000.0,30,0.5,0.15,4.0,auto
1561,372,398,movement,1,1.0,1,600.0,30,2.0,0.15,4.0,auto
1562,372,396,movement,1,1.0,1,600.0,30,2.0,0.15,4.0,auto
1563,372,392,movement,1,1.0,1,600.0,30,2.0,0.15,4.0,auto
1564,372,397,waiting,1,1.0,1,100000.0,30,0.5,0.15,4.0,auto
1565,373,399,movement,1,1.0,1,600.0,30,2.0,0.15,4.0,auto
1566,373,397,movement,1,1.0,1,600.0,30,2.0,0.15,4.0,auto
1567,373,393,movement,1,1.0,1,600.0,30,2.0,0.15,4.0,auto
1568,373,398,waiting,1,1.0,1,100000.0,30,0.5,0.15,4.0,auto
1569,374,400,movement,1,1.0,1,600.0,30,2.0,0.15,4.0,auto
1570,374,398,movement,1,1.0,1,600.0,30,2.0,0.15,4.0,auto
1571,374,394,movement,1,1.0,1,600.0,30,2.0,0.15,4.0,auto
1572,374,399,waiting,1,1.0,1,100000.0,30,0.5,0.15,4.0,auto
1573,375,399,movement,1,1.0,1,600.0,30,2.0,0.15,4.0,auto
1574,375,395,movement,1,1.0,1,600.0,30,2.0,0.15,4.0,auto
1575,375,400,waiting,1,1.0,1,100000.0,30,0.5,0.15,4.0,auto
1576,376,402,movement,1,1.0,1,600.0,30,2.0,0.15,4.0,auto
1577,376,406,movement,1,1.0,1,600.0,30,2.0,0.15,4.0,auto
1578,376,401,waiting,1,1.0,1,100000.0,30,0.5,0.15,4.0,auto
1579,377,403,movement,1,1.0,1,600.0,30,2.0,0.15,4.0,auto
1580,377,407,movement,1,1.0,1,600.0,30,2.0,0.15,4.0,auto
1581,377,401,movement,1,1.0,1,600.0,30,2.0,0.15,4.0,auto
1582,377,402,waiting,1,1.0,1,100000.0,30,0.5,0.15,4.0,auto
1583,378,404,movement,1,1.0,1,600.0,30,2.0,0.15,4.0,auto
1584,378,408,movement,1,1.0,1,600.0,30,2.0,0.15,4.0,auto
1585,378,402,movement,1,1.0,1,600.0,30,2.0,0.15,4.0,auto
1586,378,403,waiting,1,1.0,1,100000.0,30,0.5,0.15,4.0,auto
1587,379,405,movement,1,1.0,1,600.0,30,2.0,0.15,4.0,auto
1588,379,409,movement,1,1.0,1,600.0,30,2.0,0.15,4.0,auto
1589,379,403,movement,1,1.0,1,600.0,30,2.0,0.15,4.0,auto
1590,379,404,waiting,1,1.0,1,100000.0,30,0.5,0.15,4.0,auto
1591,380,410,movement,1,1.0,1,600.0,30,2.0,0.15,4.0,auto
1592,380,404,movement,1,1.0,1,600.0,30,2.0,0.15,4.0,auto
1593,380,405,waiting,1,1.0,1,100000.0,30,0.5,0.15,4.0,auto
1594,381,407,movement,1,1.0,1,600.0,30,2.0,0.15,4.0,auto
1595,381,411,movement,1,1.0,1,600.0,30,2.0,0.15,4.0,auto
1596,381,401,movement,1,1.0,1,600.0,30,2.0,0.15,4.0,auto
1597,381,406,waiting,1,1.0,1,100000.0,30,0.5,0.15,4.0,auto
1598,382,408,movement,1,1.0,1,600.0,30,2.0,0.15,4.0,auto
1599,382,412,movement,1,1.0,1,600.0,30,2.0,0.15,4.0,auto
1600,382,406,movement,1,1.0,1,600.0,30,2.0,0.15,4.0,auto
1601,382,402,movement,1,1.0,1,600.0,30,2.0,0.15,4.0,auto
1602,382,407,waiting,1,1.0,1,100000.0,30,0.5,0.15,4.0,auto
1603,383,409,movement,1,1.0,1,600.0,30,2.0,0.15,4.0,auto
1604,383,413,movement,1,1.0,1,600.0,30,2.0,0.15,4.0,auto
1605,383,407,movement,1,1.0,1,600.0,30,2.0,0.15,4.0,auto
1606,383,403,movement,1,1.0,1,600.0,30,2.0,0.15,4.0,auto
1607,383,408,waiting,1,1.0,1,100000.0,30,0.5,0.15,4.0,auto
1608,384,410,movement,1,1.0,1,600.0,30,2.0,0.15,4.0,auto
1609,384,414,movement,1,1.0,1,600.0,30,2.0,0.15,4.0,auto
1610,384,408,movement,1,1.0,1,600.0,30,2.0,0.15,4.0,auto
1611,384,404,movement,1,1.0,1,600.0,30,2.0,0.15,4.0,auto
1612,384,409,waiting,1,1.0,1,100000.0,30,0.5,0.15,4.0,auto
1613,385,415,movement,1,1.0,1,600.0,30,2.0,0.15,4.0,auto
1614,385,409,movement,1,1.0,1,600.0,30,2.0,0.15,4.0,auto
1615,385,405,movement,1,1.0,1,600.0,30,2.0,0.15,4.0,auto
1616,385,410,waiting,1,1.0,1,100000.0,30,0.5,0.15,4.0,auto
1617,386,412,movement,1,1.0,1,600.0,30,2.0,0.15,4.0,auto
1618,386,416,movement,1,1.0,1,600.0,30,2.0,0.15,4.0,auto
1619,386,406,movement,1,1.0,1,600.0,30,2.0,0.15,4.0,auto
1620,386,411,waiting,1,1.0,1,100000.0,30,0.5,0.15,4.0,auto
1621,387,413,movement,1,1.0,1,600.0,30,2.0,0.15,4.0,auto
1622,387,417,movement,1,1.0,1,600.0,30,2.0,0.15,4.0,auto
1623,387,411,movement,1,1.0,1,600.0,30,2.0,0.15,4.0,auto
1624,387,407,movement,1,1.0,1,600.0,30,2.0,0.15,4.0,auto
1625,387,412,waiting,1,1.0,1,100000.0,30,0.5,0.15,4.0,auto
1626,388,414,movement,1,1.0,1,600.0,30,2.0,0.15,4.0,auto
1627,388,418,movement,1,1.0,1,600.0,30,2.0,0.15,4.0,auto
1628,388,412,movement,1,1.0,1,600.0,30,2.0,0.15,4.0,auto
1629,388,408,movement,1,1.0,1,600.0,30,2.0,0.15,4.0,auto
1630,388,413,waiting,1,1.0,1,100000.0,30,0.5,0.15,4.0,auto
1631,389,415,movement,1,1.0,1,600.0,30,2.0,0.15,4.0,auto
1632,389,419,movement,1,1.0,1,600.0,30,2.0,0.15,4.0,auto
1633,389,413,movement,1,1.0,1,600.0,30,2.0,0.15,4.0,auto
1634,389,409,movement,1,1.0,1,600.0,30,2.0,0.15,4.0,auto
1635,389,414,waiting,1,1.0,1,100000.0,30,0.5,0.15,4.0,auto
1636,390,420,movement,1,1.0,1,600.0,30,2.0,0.15,4.0,auto
1637,390,414,movement,1,1.0,1,600.0,30,2.0,0.15,4.0,auto
1638,390,410,movement,1,1.0,1,600.0,30,2.0,0.15,4.0,auto
1639,390,415,waiting,1,1.0,1,100000.0,30,0.5,0.15,4.0,auto
1640,391,417,movement,1,1.0,1,600.0,30,2.0,0.15,4.0,auto
1641,391,421,movement,1,1.0,1,600.0,30,2.0,0.15,4.0,auto
1642,391,411,movement,1,1.0,1,600.0,30,2.0,0.15,4.0,auto
1643,391,416,waiting,1,1.0,1,100000.0,30,0.5,0.15,4.0,auto
1644,392,418,movement,1,1.0,1,600.0,30,2.0,0.15,4.0,auto
1645,392,422,movement,1,1.0,1,600.0,30,2.0,0.15,4.0,auto
1646,392,416,movement,1,1.0,1,600.0,30,2.0,0.15,4.0,auto
1647,392,412,movement,1,1.0,1,600.0,30,2.0,0.15,4.0,auto
1648,392,417,waiting,1,1.0,1,100000.0,30,0.5,0.15,4.0,auto
1649,393,419,movement,1,1.0,1,600.0,30,2.0,0.15,4.0,auto
1650,393,423,movement,1,1.0,1,600.0,30,2.0,0.15,4.0,auto
1651,393,417,movement,1,1.0,1,600.0,30,2.0,0.15,4.0,auto
1652,393,413,movement,1,1.0,1,600.0,30,2.0,0.15,4.0,auto
1653,393,418,waiting,1,1.0,1,100000.0,30,0.5,0.15,4.0,auto
1654,394,420,movement,1,1.0,1,600.0,30,2.0,0.15,4.0,auto
1655,394,424,movement,1,1.0,1,600.0,30,2.0,0.15,4.0,auto
1656,394,418,movement,1,1.0,1,600.0,30,2.0,0.15,4.0,auto
1657,394,414,movement,1,1.0,1,600.0,30,2.0,0.15,4.0,auto
1658,394,419,waiting,1,1.0,1,100000.0,30,0.5,0.15,4.0,auto
1659,395,425,movement,1,1.0,1,600.0,30,2.0,0.15,4.0,auto
1660,395,419,movement,1,1.0,1,600.0,30,2.0,0.15,4.0,auto
1661,395,415,movement,1,1.0,1,600.0,30,2.0,0.15,4.0,auto
1662,395,420,waiting,1,1.0,1,100000.0,30,0.5,0.15,4.0,auto
1663,396,422,movement,1,1.0,1,600.0,30,2.0,0.15,4.0,auto
1664,396,416,movement,1,1.0,1,600.0,30,2.0,0.15,4.0,auto
1665,396,421,waiting,1,1.0,1,100000.0,30,0.5,0.15,4.0,auto
1666,397,423,movement,1,1.0,1,600.0,30,2.0,0.15,4.0,auto
1667,397,421,movement,1,1.0,1,600.0,30,2.0,0.15,4.0,auto
1668,397,417,movement,1,1.0,1,600.0,30,2.0,0.15,4.0,auto
1669,397,422,waiting,1,1.0,1,100000.0,30,0.5,0.15,4.0,auto
1670,398,424,movement,1,1.0,1,600.0,30,2.0,0.15,4.0,auto
1671,398,422,movement,1,1.0,1,600.0,30,2.0,0.15,4.0,auto
1672,398,418,movement,1,1.0,1,600.0,30,2.0,0.15,4.0,auto
1673,398,423,waiting,1,1.0,1,100000.0,30,0.5,0.15,4.0,auto
1674,399,425,movement,1,1.0,1,600.0,30,2.0,0.15,4.0,auto
1675,399,423,movement,1,1.0,1,600.0,30,2.0,0.15,4.0,auto
1676,399,419,movement,1,1.0,1,600.0,30,2.0,0.15,4.0,auto
1677,399,424,waiting,1,1.0,1,100000.0,30,0.5,0.15,4.0,auto
1678,400,424,movement,1,1.0,1,600.0,30,2.0,0.15,4.0,auto
1679,400,420,movement,1,1.0,1,600.0,30,2.0,0.15,4.0,auto
1680,400,425,waiting,1,1.0,1,100000.0,30,0.5,0.15,4.0,auto
1681,401,427,movement,1,1.0,1,600.0,30,2.0,0.15,4.0,auto
1682,401,431,movement,1,1.0,1,600.0,30,2.0,0.15,4.0,auto
1683,401,426,waiting,1,1.0,1,100000.0,30,0.5,0.15,4.0,auto
1684,402,428,movement,1,1.0,1,600.0,30,2.0,0.15,4.0,auto
1685,402,432,movement,1,1.0,1,600.0,30,2.0,0.15,4.0,auto
1686,402,426,movement,1,1.0,1,600.0,30,2.0,0.15,4.0,auto
1687,402,427,waiting,1,1.0,1,100000.0,30,0.5,0.15,4.0,auto
1688,403,429,movement,1,1.0,1,600.0,30,2.0,0.15,4.0,auto
1689,403,433,movement,1,1.0,1,600.0,30,2.0,0.15,4.0,auto
1690,403,427,movement,1,1.0,1,600.0,30,2.0,0.15,4.0,auto
1691,403,428,waiting,1,1.0,1,100000.0,30,0.5,0.15,4.0,auto
1692,404,430,movement,1,1.0,1,600.0,30,2.0,0.15,4.0,auto
1693,404,434,movement,1,1.0,1,600.0,30,2.0,0.15,4.0,auto
1694,404,428,movement,1,1.0,1,600.0,30,2.0,0.15,4.0,auto
1695,404,429,waiting,1,1.0,1,100000.0,30,0.5,0.15,4.0,auto
1696,405,435,movement,1,1.0,1,600.0,30,2.0,0.15,4.0,auto
1697,405,429,movement,1,1.0,1,600.0,30,2.0,0.15,4.0,auto
1698,405,430,waiting,1,1.0,1,100000.0,30,0.5,0.15,4.0,auto
1699,406,432,movement,1,1.0,1,600.0,30,2.0,0.15,4.0,auto
1700,406,436,movement,1,1.0,1,600.0,30,2.0,0.15,4.0,auto
1701,406,426,movement,1,1.0,1,600.0,30,2.0,0.15,4.0,auto
1702,406,431,waiting,1,1.0,1,100000.0,30,0.5,0.15,4.0,auto
1703,407,433,movement,1,1.0,1,600.0,30,2.0,0.15,4.0,auto
1704,407,437,movement,1,1.0,1,600.0,30,2.0,0.15,4.0,auto
1705,407,431,movement,1,1.0,1,600.0,30,2.0,0.15,4.0,auto
1706,407,427,movement,1,1.0,1,600.0,30,2.0,0.15,4.0,auto
1707,407,432,waiting,1,1.0,1,100000.0,30,0.5,0.15,4.0,auto
1708,408,434,movement,1,1.0,1,600.0,30,2.0,0.15,4.0,auto
1709,408,438,movement,1,1.0,1,600.0,30,2.0,0.15,4.0,auto
1710,408,432,movement,1,1.0,1,600.0,30,2.0,0.15,4.0,auto
1711,408,428,movement,1,1.0,1,600.0,30,2.0,0.15,4.0,auto
1712,408,433,waiting,1,1.0,1,100000.0,30,0.5,0.15,4.0,auto
1713,409,435,movement,1,1.0,1,600.0,30,2.0,0.15,4.0,auto
1714,409,439,movement,1,1.0,1,600.0,30,2.0,0.15,4.0,auto
1715,409,433,movement,1,1.0,1,600.0,30,2.0,0.15,4.0,auto
1716,409,429,movement,1,1.0,1,600.0,30,2.0,0.15,4.0,auto
1717,409,434,waiting,1,1.0,1,100000.0,30,0.5,0.15,4.0,auto
1718,410,440,movement,1,1.0,1,600.0,30,2.0,0.15,4.0,auto
1719,410,434,movement,1,1.0,1,600.0,30,2.0,0.15,4.0,auto
1720,410,430,movement,1,1.0,1,600.0,30,2.0,0.15,4.0,auto
1721,410,435,waiting,1,1.0,1,100000.0,30,0.5,0.15,4.0,auto
1722,411,437,movement,1,1.0,1,600.0,30,2.0,0.15,4.0,auto
1723,411,441,movement,1,1.0,1,600.0,30,2.0,0.15,4.0,auto
1724,411,431,movement,1,1.0,1,600.0,30,2.0,0.15,4.0,auto
1725,411,436,waiting,1,1.0,1,100000.0,30,0.5,0.15,4.0,auto
1726,412,438,movement,1,1.0,1,600.0,30,2.0,0.15,4.0,auto
1727,412,442,movement,1,1.0,1,600.0,30,2.0,0.15,4.0,auto
1728,412,436,movement,1,1.0,1,600.0,30,2.0,0.15,4.0,auto
1729,412,432,movement,1,1.0,1,600.0,30,2.0,0.15,4.0,auto
1730,412,437,waiting,1,1.0,1,100000.0,30,0.5,0.15,4.0,auto
1731,413,439,movement,1,1.0,1,600.0,30,2.0,0.15,4.0,auto
1732,413,443,movement,1,1.0,1,600.0,30,2.0,0.15,4.0,auto
1733,413,437,movement,1,1.0,1,600.0,30,2.0,0.15,4.0,auto
1734,413,433,movement,1,1.0,1,600.0,30,2.0,0.15,4.0,auto
1735,413,438,waiting,1,1.0,1,100000.0,30,0.5,0.15,4.0,auto
1736,414,440,movement,1,1.0,1,600.0,30,2.0,0.15,4.0,auto
1737,414,444,movement,1,1.0,1,600.0,30,2.0,0.15,4.0,auto
1738,414,438,movement,1,1.0,1,600.0,30,2.0,0.15,4.0,auto
1739,414,434,movement,1,1.0,1,600.0,30,2.0,0.15,4.0,auto
1740,414,439,waiting,1,1.0,1,100000.0,30,0.5,0.15,4.0,auto
1741,415,445,movement,1,1.0,1,600.0,30,2.0,0.15,4.0,auto
1742,415,439,movement,1,1.0,1,600.0,30,2.0,0.15,4.0,auto
1743,415,435,movement,1,1.0,1,600.0,30,2.0,0.15,4.0,auto
1744,415,440,waiting,1,1.0,1,100000.0,30,0.5,0.15,4.0,auto
1745,416,442,movement,1,1.0,1,600.0,30,2.0,0.15,4.0,auto
1746,416,446,movement,1,1.0,1,600.0,30,2.0,0.15,4.0,auto
1747,416,436,movement,1,1.0,1,600.0,30,2.0,0.15,4.0,auto
1748,416,441,waiting,1,1.0,1,100000.0,30,0.5,0.15,4.0,auto
1749,417,443,movement,1,1.0,1,600.0,30,2.0,0.15,4.0,auto
1750,417,447,movement,1,1.0,1,600.0,30,2.0,0.15,4.0,auto
1751,417,441,movement,1,1.0,1,600.0,30,2.0,0.15,4.0,auto
1752,417,437,movement,1,1.0,1,600.0,30,2.0,0.15,4.0,auto
1753,417,442,waiting,1,1.0,1,100000.0,30,0.5,0.15,4.0,auto
1754,418,444,movement,1,1.0,1,600.0,30,2.0,0.15,4.0,auto
1755,418,448,movement,1,1.0,1,600.0,30,2.0,0.15,4.0,auto
1756,418,442,movement,1,1.0,1,600.0,30,2.0,0.15,4.0,auto
1757,418,438,movement,1,1.0,1,600.0,30,2.0,0.15,4.0,auto
1758,418,443,waiting,1,1.0,1,100000.0,30,0.5,0.15,4.0,auto
1759,419,445,movement,1,1.0,1,600.0,30,2.0,0.15,4.0,auto
1760,419,449,movement,1,1.0,1,600.0,30,2.0,0.15,4.0,auto
1761,419,443,movement,1,1.0,1,600.0,30,2.0,0.15,4.0,auto
1762,419,439,movement,1,1.0,1,600.0,30,2.0,0.15,4.0,auto
1763,419,444,waiting,1,1.0,1,100000.0,30,0.5,0.15,4.0,auto
1764,420,450,movement,1,1.0,1,600.0,30,2.0,0.15,4.0,auto
1765,420,444,movement,1,1.0,1,600.0,30,2.0,0.15,4.0,auto
1766,420,440,movement,1,1.0,1,600.0,30,2.0,0.15,4.0,auto
1767,420,445,waiting,1,1.0,1,100000.0,30,0.5,0.15,4.0,auto
1768,421,447,movement,1,1.0,1,600.0,30,2.0,0.15,4.0,auto
1769,421,441,movement,1,1.0,1,600.0,30,2.0,0.15,4.0,auto
1770,421,446,waiting,1,1.0,1,100000.0,30,0.5,0.15,4.0,auto
1771,422,448,movement,1,1.0,1,600.0,30,2.0,0.15,4.0,auto
1772,422,446,movement,1,1.0,1,600.0,30,2.0,0.15,4.0,auto
1773,422,442,movement,1,1.0,1,600.0,30,2.0,0.15,4.0,auto
1774,422,447,waiting,1,1.0,1,100000.0,30,0.5,0.15,4.0,auto
1775,423,449,movement,1,1.0,1,600.0,30,2.0,0.15,4.0,auto
1776,423,447,movement,1,1.0,1,600.0,30,2.0,0.15,4.0,auto
1777,423,443,movement,1,1.0,1,600.0,30,2.0,0.15,4.0,auto
1778,423,448,waiting,1,1.0,1,100000.0,30,0.5,0.15,4.0,auto
1779,424,450,movement,1,1.0,1,600.0,30,2.0,0.15,4.0,auto
1780,424,448,movement,1,1.0,1,600.0,30,2.0,0.15,4.0,auto
1781,424,444,movement,1,1.0,1,600.0,30,2.0,0.15,4.0,auto
1782,424,449,waiting,1,1.0,1,100000.0,30,0.5,0.15,4.0,auto
1783,425,449,movement,1,1.0,1,600.0,30,2.0,0.15,4.0,auto
1784,425,445,movement,1,1.0,1,600.0,30,2.0,0.15,4.0,auto
1785,425,450,waiting,1,1.0,1,100000.0,30,0.5,0.15,4.0,auto
1786,426,452,movement,1,1.0,1,600.0,30,2.0,0.15,4.0,auto
1787,426,456,movement,1,1.0,1,600.0,30,2.0,0.15,4.0,auto
1788,426,451,waiting,1,1.0,1,100000.0,30,0.5,0.15,4.0,auto
1789,427,453,movement,1,1.0,1,600.0,30,2.0,0.15,4.0,auto
1790,427,457,movement,1,1.0,1,600.0,30,2.0,0.15,4.0,auto
1791,427,451,movement,1,1.0,1,600.0,30,2.0,0.15,4.0,auto
1792,427,452,waiting,1,1.0,1,100000.0,30,0.5,0.15,4.0,auto
1793,428,454,movement,1,1.0,1,600.0,30,2.0,0.15,4.0,auto
1794,428,458,movement,1,1.0,1,600.0,30,2.0,0.15,4.0,auto
1795,428,452,movement,1,1.0,1,600.0,30,2.0,0.15,4.0,auto
1796,428,453,waiting,1,1.0,1,100000.0,30,0.5,0.15,4.0,auto
1797,429,455,movement,1,1.0,1,600.0,30,2.0,0.15,4.0,auto
1798,429,459,movement,1,1.0,1,600.0,30,2.0,0.15,4.0,auto
1799,429,453,movement,1,1.0,1,600.0,30,2.0,0.15,4.0,auto
1800,429,454,waiting,1,1.0,1,100000.0,30,0.5,0.15,4.0,auto
1801,430,460,movement,1,1.0,1,600.0,30,2.0,0.15,4.0,auto
1802,430,454,movement,1,1.0,1,600.0,30,2.0,0.15,4.0,auto
1803,430,455,waiting,1,1.0,1,100000.0,30,0.5,0.15,4.0,auto
1804,431,457,movement,1,1.0,1,600.0,30,2.0,0.15,4.0,auto
1805,431,461,movement,1,1.0,1,600.0,30,2.0,0.15,4.0,auto
1806,431,451,movement,1,1.0,1,600.0,30,2.0,0.15,4.0,auto
1807,431,456,waiting,1,1.0,1,100000.0,30,0.5,0.15,4.0,auto
1808,432,458,movement,1,1.0,1,600.0,30,2.0,0.15,4.0,auto
1809,432,462,movement,1,1.0,1,600.0,30,2.0,0.15,4.0,auto
1810,432,456,movement,1,1.0,1,600.0,30,2.0,0.15,4.0,auto
1811,432,452,movement,1,1.0,1,600.0,30,2.0,0.15,4.0,auto
1812,432,457,waiting,1,1.0,1,100000.0,30,0.5,0.15,4.0,auto
1813,433,459,movement,1,1.0,1,600.0,30,2.0,0.15,4.0,auto
1814,433,463,movement,1,1.0,1,600.0,30,2.0,0.15,4.0,auto
1815,433,457,movement,1,1.0,1,600.0,30,2.0,0.15,4.0,auto
1816,433,453,movement,1,1.0,1,600.0,30,2.0,0.15,4.0,auto
1817,433,458,waiting,1,1.0,1,100000.0,30,0.5,0.15,4.0,auto
1818,434,460,movement,1,1.0,1,600.0,30,2.0,0.15,4.0,auto
1819,434,464,movement,1,1.0,1,600.0,30,2.0,0.15,4.0,auto
1820,434,458,movement,1,1.0,1,600.0,30,2.0,0.15,4.0,auto
1821,434,454,movement,1,1.0,1,600.0,30,2.0,0.15,4.0,auto
1822,434,459,waiting,1,1.0,1,100000.0,30,0.5,0.15,4.0,auto
1823,435,465,movement,1,1.0,1,600.0,30,2.0,0.15,4.0,auto
1824,435,459,movement,1,1.0,1,600.0,30,2.0,0.15,4.0,auto
1825,435,455,movement,1,1.0,1,600.0,30,2.0,0.15,4.0,auto
1826,435,460,waiting,1,1.0,1,100000.0,30,0.5,0.15,4.0,auto
1827,436,462,movement,1,1.0,1,600.0,30,2.0,0.15,4.0,auto
1828,436,466,movement,1,1.0,1,600.0,30,2.0,0.15,4.0,auto
1829,436,456,movement,1,1.0,1,600.0,30,2.0,0.15,4.0,auto
1830,436,461,waiting,1,1.0,1,100000.0,30,0.5,0.15,4.0,auto
1831,437,463,movement,1,1.0,1,600.0,30,2.0,0.15,4.0,auto
1832,437,467,movement,1,1.0,1,600.0,30,2.0,0.15,4.0,auto
1833,437,461,movement,1,1.0,1,600.0,30,2.0,0.15,4.0,auto
1834,437,457,movement,1,1.0,1,600.0,30,2.0,0.15,4.0,auto
1835,437,462,waiting,1,1.0,1,100000.0,30,0.5,0.15,4.0,auto
1836,438,464,movement,1,1.0,1,600.0,30,2.0,0.15,4.0,auto
1837,438,468,movement,1,1.0,1,600.0,30,2.0,0.15,4.0,auto
1838,438,462,movement,1,1.0,1,600.0,30,2.0,0.15,4.0,auto
1839,438,458,movement,1,1.0,1,600.0,30,2.0,0.15,4.0,auto
1840,438,463,waiting,1,1.0,1,100000.0,30,0.5,0.15,4.0,auto
1841,439,465,movement,1,1.0,1,600.0,30,2.0,0.15,4.0,auto
1842,439,469,movement,1,1.0,1,600.0,30,2.0,0.15,4.0,auto
1843,439,463,movement,1,1.0,1,600.0,30,2.0,0.15,4.0,auto
1844,439,459,movement,1,1.0,1,600.0,30,2.0,0.15,4.0,auto
1845,439,464,waiting,1,1.0,1,100000.0,30,0.5,0.15,4.0,auto
1846,440,470,movement,1,1.0,1,600.0,30,2.0,0.15,4.0,auto
1847,440,464,movement,1,1.0,1,600.0,30,2.0,0.15,4.0,auto
1848,440,460,movement,1,1.0,1,600.0,30,2.0,0.15,4.0,auto
1849,440,465,waiting,1,1.0,1,100000.0,30,0.5,0.15,4.0,auto
1850,441,467,movement,1,1.0,1,600.0,30,2.0,0.15,4.0,auto
1851,441,471,movement,1,1.0,1,600.0,30,2.0,0.15,4.0,auto
1852,441,461,movement,1,1.0,1,600.0,30,2.0,0.15,4.0,auto
1853,441,466,waiting,1,1.0,1,100000.0,30,0.5,0.15,4.0,auto
1854,442,468,movement,1,1.0,1,600.0,30,2.0,0.15,4.0,auto
1855,442,472,movement,1,1.0,1,600.0,30,2.0,0.15,4.0,auto
1856,442,466,movement,1,1.0,1,600.0,30,2.0,0.15,4.0,auto
1857,442,462,movement,1,1.0,1,600.0,30,2.0,0.15,4.0,auto
1858,442,467,waiting,1,1.0,1,100000.0,30,0.5,0.15,4.0,auto
1859,443,469,movement,1,1.0,1,600.0,30,2.0,0.15,4.0,auto
1860,443,473,movement,1,1.0,1,600.0,30,2.0,0.15,4.0,auto
1861,443,467,movement,1,1.0,1,600.0,30,2.0,0.15,4.0,auto
1862,443,463,movement,1,1.0,1,600.0,30,2.0,0.15,4.0,auto
1863,443,468,waiting,1,1.0,1,100000.0,30,0.5,0.15,4.0,auto
1864,444,470,movement,1,1.0,1,600.0,30,2.0,0.15,4.0,auto
1865,444,474,movement,1,1.0,1,600.0,30,2.0,0.15,4.0,auto
1866,444,468,movement,1,1.0,1,600.0,30,2.0,0.15,4.0,auto
1867,444,464,movement,1,1.0,1,600.0,30,2.0,0.15,4.0,auto
1868,444,469,waiting,1,1.0,1,100000.0,30,0.5,0.15,4.0,auto
1869,445,475,movement,1,1.0,1,600.0,30,2.0,0.15,4.0,auto
1870,445,469,movement,1,1.0,1,600.0,30,2.0,0.15,4.0,auto
1871,445,465,movement,1,1.0,1,600.0,30,2.0,0.15,4.0,auto
1872,445,470,waiting,1,1.0,1,100000.0,30,0.5,0.15,4.0,auto
1873,446,472,movement,1,1.0,1,600.0,30,2.0,0.15,4.0,auto
1874,446,466,movement,1,1.0,1,600.0,30,2.0,0.15,4.0,auto
1875,446,471,waiting,1,1.0,1,100000.0,30,0.5,0.15,4.0,auto
1876,447,473,movement,1,1.0,1,600.0,30,2.0,0.15,4.0,auto
1877,447,471,movement,1,1.0,1,600.0,30,2.0,0.15,4.0,auto
1878,447,467,movement,1,1.0,1,600.0,30,2.0,0.15,4.0,auto
1879,447,472,waiting,1,1.0,1,100000.0,30,0.5,0.15,4.0,auto
1880,448,474,movement,1,1.0,1,600.0,30,2.0,0.15,4.0,auto
1881,448,472,movement,1,1.0,1,600.0,30,2.0,0.15,4.0,auto
1882,448,468,movement,1,1.0,1,600.0,30,2.0,0.15,4.0,auto
1883,448,473,waiting,1,1.0,1,100000.0,30,0.5,0.15,4.0,auto
1884,449,475,movement,1,1.0,1,600.0,30,2.0,0.15,4.0,auto
1885,449,473,movement,1,1.0,1,600.0,30,2.0,0.15,4.0,auto
1886,449,469,movement,1,1.0,1,600.0,30,2.0,0.15,4.0,auto
1887,449,474,waiting,1,1.0,1,100000.0,30,0.5,0.15,4.0,auto
1888,450,474,movement,1,1.0,1,600.0,30,2.0,0.15,4.0,auto
1889,450,470,movement,1,1.0,1,600.0,30,2.0,0.15,4.0,auto
1890,450,475,waiting,1,1.0,1,100000.0,30,0.5,0.15,4.0,auto
1891,451,477,movement,1,1.0,1,600.0,30,2.0,0.15,4.0,auto
1892,451,481,movement,1,1.0,1,600.0,30,2.0,0.15,4.0,auto
1893,451,476,waiting,1,1.0,1,100000.0,30,0.5,0.15,4.0,auto
1894,452,478,movement,1,1.0,1,600.0,30,2.0,0.15,4.0,auto
1895,452,482,movement,1,1.0,1,600.0,30,2.0,0.15,4.0,auto
1896,452,476,movement,1,1.0,1,600.0,30,2.0,0.15,4.0,auto
1897,452,477,waiting,1,1.0,1,100000.0,30,0.5,0.15,4.0,auto
1898,453,479,movement,1,1.0,1,600.0,30,2.0,0.15,4.0,auto
1899,453,483,movement,1,1.0,1,600.0,30,2.0,0.15,4.0,auto
1900,453,477,movement,1,1.0,1,600.0,30,2.0,0.15,4.0,auto
1901,453,478,waiting,1,1.0,1,100000.0,30,0.5,0.15,4.0,auto
1902,454,480,movement,1,1.0,1,600.0,30,2.0,0.15,4.0,auto
1903,454,484,movement,1,1.0,1,600.0,30,2.0,0.15,4.0,auto
1904,454,478,movement,1,1.0,1,600.0,30,2.0,0.15,4.0,auto
1905,454,479,waiting,1,1.0,1,100000.0,30,0.5,0.15,4.0,auto
1906,455,485,movement,1,1.0,1,600.0,30,2.0,0.15,4.0,auto
1907,455,479,movement,1,1.0,1,600.0,30,2.0,0.15,4.0,auto
1908,455,480,waiting,1,1.0,1,100000.0,30,0.5,0.15,4.0,auto
1909,456,482,movement,1,1.0,1,600.0,30,2.0,0.15,4.0,auto
1910,456,486,movement,1,1.0,1,600.0,30,2.0,0.15,4.0,auto
1911,456,476,movement,1,1.0,1,600.0,30,2.0,0.15,4.0,auto
1912,456,481,waiting,1,1.0,1,100000.0,30,0.5,0.15,4.0,auto
1913,457,483,movement,1,1.0,1,600.0,30,2.0,0.15,4.0,auto
1914,457,487,movement,1,1.0,1,600.0,30,2.0,0.15,4.0,auto
1915,457,481,movement,1,1.0,1,600.0,30,2.0,0.15,4.0,auto
1916,457,477,movement,1,1.0,1,600.0,30,2.0,0.15,4.0,auto
1917,457,482,waiting,1,1.0,1,100000.0,30,0.5,0.15,4.0,auto
1918,458,484,movement,1,1.0,1,600.0,30,2.0,0.15,4.0,auto
1919,458,488,movement,1,1.0,1,600.0,30,2.0,0.15,4.0,auto
1920,458,482,movement,1,1.0,1,600.0,30,2.0,0.15,4.0,auto
1921,458,478,movement,1,1.0,1,600.0,30,2.0,0.15,4.0,auto
1922,458,483,waiting,1,1.0,1,100000.0,30,0.5,0.15,4.0,auto
1923,459,485,movement,1,1.0,1,600.0,30,2.0,0.15,4.0,auto
1924,459,489,movement,1,1.0,1,600.0,30,2.0,0.15,4.0,auto
1925,459,483,movement,1,1.0,1,600.0,30,2.0,0.15,4.0,auto
1926,459,479,movement,1,1.0,1,600.0,30,2.0,0.15,4.0,auto
1927,459,484,waiting,1,1.0,1,100000.0,30,0.5,0.15,4.0,auto
1928,460,490,movement,1,1.0,1,600.0,30,2.0,0.15,4.0,auto
1929,460,484,movement,1,1.0,1,600.0,30,2.0,0.15,4.0,auto
1930,460,480,movement,1,1.0,1,600.0,30,2.0,0.15,4.0,auto
1931,460,485,waiting,1,1.0,1,100000.0,30,0.5,0.15,4.0,auto
1932,461,487,movement,1,1.0,1,600.0,30,2.0,0.15,4.0,auto
1933,461,491,movement,1,1.0,1,600.0,30,2.0,0.15,4.0,auto
1934,461,481,movement,1,1.0,1,600.0,30,2.0,0.15,4.0,auto
1935,461,486,waiting,1,1.0,1,100000.0,30,0.5,0.15,4.0,auto
1936,462,488,movement,1,1.0,1,600.0,30,2.0,0.15,4.0,auto
1937,462,492,movement,1,1.0,1,600.0,30,2.0,0.15,4.0,auto
1938,462,486,movement,1,1.0,1,600.0,30,2.0,0.15,4.0,auto
1939,462,482,movement,1,1.0,1,600.0,30,2.0,0.15,4.0,auto
1940,462,487,waiting,1,1.0,1,100000.0,30,0.5,0.15,4.0,auto
1941,463,489,movement,1,1.0,1,600.0,30,2.0,0.15,4.0,auto
1942,463,493,movement,1,1.0,1,600.0,30,2.0,0.15,4.0,auto
1943,463,487,movement,1,1.0,1,600.0,30,2.0,0.15,4.0,auto
1944,463,483,movement,1,1.0,1,600.0,30,2.0,0.15,4.0,auto
1945,463,488,waiting,1,1.0,1,100000.0,30,0.5,0.15,4.0,auto
1946,464,490,movement,1,1.0,1,600.0,30,2.0,0.15,4.0,auto
1947,464,494,movement,1,1.0,1,600.0,30,2.0,0.15,4.0,auto
1948,464,488,movement,1,1.0,1,600.0,30,2.0,0.15,4.0,auto
1949,464,484,movement,1,1.0,1,600.0,30,2.0,0.15,4.0,auto
1950,464,489,waiting,1,1.0,1,100000.0,30,0.5,0.15,4.0,auto
1951,465,495,movement,1,1.0,1,600.0,30,2.0,0.15,4.0,auto
1952,465,489,movement,1,1.0,1,600.0,30,2.0,0.15,4.0,auto
1953,465,485,movement,1,1.0,1,600.0,30,2.0,0.15,4.0,auto
1954,465,490,waiting,1,1.0,1,100000.0,30,0.5,0.15,4.0,auto
1955,466,492,movement,1,1.0,1,600.0,30,2.0,0.15,4.0,auto
1956,466,496,movement,1,1.0,1,600.0,30,2.0,0.15,4.0,auto
1957,466,486,movement,1,1.0,1,600.0,30,2.0,0.15,4.0,auto
1958,466,491,waiting,1,1.0,1,100000.0,30,0.5,0.15,4.0,auto
1959,467,493,movement,1,1.0,1,600.0,30,2.0,0.15,4.0,auto
1960,467,497,movement,1,1.0,1,600.0,30,2.0,0.15,4.0,auto
1961,467,491,movement,1,1.0,1,600.0,30,2.0,0.15,4.0,auto
1962,467,487,movement,1,1.0,1,600.0,30,2.0,0.15,4.0,auto
1963,467,492,waiting,1,1.0,1,100000.0,30,0.5,0.15,4.0,auto
1964,468,494,movement,1,1.0,1,600.0,30,2.0,0.15,4.0,auto
1965,468,498,movement,1,1.0,1,600.0,30,2.0,0.15,4.0,auto
1966,468,492,movement,1,1.0,1,600.0,30,2.0,0.15,4.0,auto
1967,468,488,movement,1,1.0,1,600.0,30,2.0,0.15,4.0,auto
1968,468,493,waiting,1,1.0,1,100000.0,30,0.5,0.15,4.0,auto
1969,469,495,movement,1,1.0,1,600.0,30,2.0,0.15,4.0,auto
1970,469,499,movement,1,1.0,1,600.0,30,2.0,0.15,4.0,auto
1971,469,493,movement,1,1.0,1,600.0,30,2.0,0.15,4.0,auto
1972,469,489,movement,1,1.0,1,600.0,30,2.0,0.15,4.0,auto
1973,469,494,waiting,1,1.0,1,100000.0,30,0.5,0.15,4.0,auto
1974,470,500,movement,1,1.0,1,600.0,30,2.0,0.15,4.0,auto
1975,470,494,movement,1,1.0,1,600.0,30,2.0,0.15,4.0,auto
1976,470,490,movement,1,1.0,1,600.0,30,2.0,0.15,4.0,auto
1977,470,495,waiting,1,1.0,1,100000.0,30,0.5,0.15,4.0,auto
1978,471,497,movement,1,1.0,1,600.0,30,2.0,0.15,4.0,auto
1979,471,491,movement,1,1.0,1,600.0,30,2.0,0.15,4.0,auto
1980,471,496,waiting,1,1.0,1,100000.0,30,0.5,0.15,4.0,auto
1981,472,498,movement,1,1.0,1,600.0,30,2.0,0.15,4.0,auto
1982,472,496,movement,1,1.0,1,600.0,30,2.0,0.15,4.0,auto
1983,472,492,movement,1,1.0,1,600.0,30,2.0,0.15,4.0,auto
1984,472,497,waiting,1,1.0,1,100000.0,30,0.5,0.15,4.0,auto
1985,473,499,movement,1,1.0,1,600.0,30,2.0,0.15,4.0,auto
1986,473,497,movement,1,1.0,1,600.0,30,2.0,0.15,4.0,auto
1987,473,493,movement,1,1.0,1,600.0,30,2.0,0.15,4.0,auto
1988,473,498,waiting,1,1.0,1,100000.0,30,0.5,0.15,4.0,auto
1989,474,500,movement,1,1.0,1,600.0,30,2.0,0.15,4.0,auto
1990,474,498,movement,1,1.0,1,600.0,30,2.0,0.15,4.0,auto
1991,474,494,movement,1,1.0,1,600.0,30,2.0,0.15,4.0,auto
1992,474,499,waiting,1,1.0,1,100000.0,30,0.5,0.15,4.0,auto
1993,475,499,movement,1,1.0,1,600.0,30,2.0,0.15,4.0,auto
1994,475,495,movement,1,1.0,1,600.0,30,2.0,0.15,4.0,auto
1995,475,500,waiting,1,1.0,1,100000.0,30,0.5,0.15,4.0,auto
1996,90001,1,centroid_connector,1,1.0,1,100000.0,30,0.1,0.15,4.0,auto
1997,90001,26,centroid_connector,1,1.0,1,100000.0,30,0.1,0.15,4.0,auto
1998,90001,51,centroid_connector,1,1.0,1,100000.0,30,0.1,0.15,4.0,auto
1999,90001,76,centroid_connector,1,1.0,1,100000.0,30,0.1,0.15,4.0,auto
2000,90001,101,centroid_connector,1,1.0,1,100000.0,30,0.1,0.15,4.0,auto
2001,90001,126,centroid_connector,1,1.0,1,100000.0,30,0.1,0.15,4.0,auto
2002,90001,151,centroid_connector,1,1.0,1,100000.0,30,0.1,0.15,4.0,auto
2003,90001,176,centroid_connector,1,1.0,1,100000.0,30,0.1,0.15,4.0,auto
2004,90001,201,centroid_connector,1,1.0,1,100000.0,30,0.1,0.15,4.0,auto
2005,90001,226,centroid_connector,1,1.0,1,100000.0,30,0.1,0.15,4.0,auto
2006,25,90002,centroid_connector,1,1.0,1,100000.0,30,0.1,0.15,4.0,auto
2007,50,90002,centroid_connector,1,1.0,1,100000.0,30,0.1,0.15,4.0,auto
2008,75,90002,centroid_connector,1,1.0,1,100000.0,30,0.1,0.15,4.0,auto
2009,100,90002,centroid_connector,1,1.0,1,100000.0,30,0.1,0.15,4.0,auto
2010,125,90002,centroid_connector,1,1.0,1,100000.0,30,0.1,0.15,4.0,auto
2011,150,90002,centroid_connector,1,1.0,1,100000.0,30,0.1,0.15,4.0,auto
2012,175,90002,centroid_connector,1,1.0,1,100000.0,30,0.1,0.15,4.0,auto
2013,200,90002,centroid_connector,1,1.0,1,100000.0,30,0.1,0.15,4.0,auto
2014,225,90002,centroid_connector,1,1.0,1,100000.0,30,0.1,0.15,4.0,auto
2015,250,90002,centroid_connector,1,1.0,1,100000.0,30,0.1,0.15,4.0,auto
2016,275,90002,centroid_connector,1,1.0,1,100000.0,30,0.1,0.15,4.0,auto
2017,300,90002,centroid_connector,1,1.0,1,100000.0,30,0.1,0.15,4.0,auto
2018,325,90002,centroid_connector,1,1.0,1,100000.0,30,0.1,0.15,4.0,auto
2019,350,90002,centroid_connector,1,1.0,1,100000.0,30,0.1,0.15,4.0,auto
2020,375,90002,centroid_connector,1,1.0,1,100000.0,30,0.1,0.15,4.0,auto
2021,400,90002,centroid_connector,1,1.0,1,100000.0,30,0.1,0.15,4.0,auto
2022,425,90002,centroid_connector,1,1.0,1,100000.0,30,0.1,0.15,4.0,auto
2023,450,90002,centroid_connector,1,1.0,1,100000.0,30,0.1,0.15,4.0,auto
2024,475,90002,centroid_connector,1,1.0,1,100000.0,30,0.1,0.15,4.0,auto
2025,500,90002,centroid_connector,1,1.0,1,100000.0,30,0.1,0.15,4.0,auto
