from_node_id,to_node_id,volume,travel_time
1,10293,1380.42,1.17
2,10294,1271.61,1.17
3,10295,154.18,1.17
4,10296,1223.55,1.17
5,10297,353.92,1.17
6,10298,732.01,1.17
7,10299,570.54,1.17
8,10300,161.22,1.17
9,10301,689.51,1.17
10,10302,209.47,1.17
11,10303,195.67,1.17
12,10304,210.27,1.17
13,10305,106.56,1.17
14,10306,428.57,1.17
15,10307,111.86,1.17
16,10308,198.84,1.17
17,10309,0.03,1.17
18,10310,540.23,1.17
19,10311,446.66,1.17
20,10312,141.04,1.17
21,10313,563.11,1.17
22,10314,1593.46,1.17
23,10315,440.25,1.17
24,10316,534.23,1.17
25,10317,493.92,1.17
26,10318,692.28,1.17
27,10319,507.37,1.17
28,10320,976.86,1.17
29,10321,429.62,1.17
30,10322,243.97,1.17
31,10323,363.3,1.17
32,10324,1990.47,1.17
33,10325,1619.63,1.17
34,10326,2193.06,1.17
35,10327,923.53,1.17
36,10328,2128.05,1.17
37,10329,2438.97,1.17
38,10330,1566.86,1.17
39,10331,4524.87,1.17
40,10332,1914.75,1.17
41,10333,3974.05,1.17
42,10334,2321.34,1.17
43,10335,3322.34,1.17
44,10336,779.17,1.17
45,10337,2540.96,1.17
46,10338,3831.61,1.17
47,10339,4205.77,1.17
48,10340,2153.96,1.17
49,10341,3603.1,1.17
50,10342,4770.6,1.17
51,10343,1880.99,1.17
52,10344,2315.65,1.17
53,10345,3222.06,1.17
54,4051,513.52,1.17
55,2447,653.42,1.17
56,4053,537.25,1.17
57,4056,321.57,1.17
58,4065,935.98,1.17
59,2462,624.75,1.17
60,4100,572.97,1.17
61,10352,165.87,1.17
62,7517,173.68,1.17
63,9339,489.1,1.17
64,10353,339.92,1.17
65,10354,1219.66,1.17
66,9912,891.34,1.17
67,4726,105.36,1.17
68,9340,130.77,1.17
69,2547,634.04,1.17
70,2548,619.68,1.17
71,10357,1261.43,1.17
72,9918,450.96,1.17
73,10355,208.76,1.17
74,2645,862.11,1.17
75,2683,2041.33,1.17
76,2702,1117.61,1.17
77,4363,1081.31,1.17
78,2485,761.35,1.17
79,4738,269.23,1.17
80,2650,630.22,1.17
81,4414,2490.86,1.17
82,10361,2209.2,1.17
83,10362,755.14,1.17
84,4474,672.45,1.17
85,4324,88.25,1.17
86,2675,715.56,1.17
87,4505,683.32,1.17
88,2780,639.79,1.17
89,4530,609.21,1.17
90,4336,38.08,1.17
91,4344,146.76,1.17
92,4513,101.51,1.17
93,9345,387.11,1.17
94,10365,184.3,1.17
95,4544,122.73,1.17
96,4338,35.68,1.17
97,4642,31.19,1.17
98,10364,0.69,1.17
99,2500,64.74,1.17
100,2514,166.76,1.17
101,2426,674.21,1.17
102,6438,419.59,1.17
103,2556,650.21,1.17
104,10348,1758.1,1.17
105,6629,1052.78,1.17
106,6759,626.23,1.17
107,10347,191.8,1.17
108,2555,925.55,1.17
109,8842,1561.48,1.17
110,10349,3871.49,1.17
111,10351,707.56,1.17
112,6763,489.85,1.17
113,6918,425.68,1.17
114,12840,615.4,1.17
115,4328,484.89,1.17
116,6933,829.47,1.17
117,4329,846.97,1.17
118,7025,475.06,1.17
119,7029,305.94,1.17
120,7032,427.66,1.17
121,10368,518.85,1.17
122,9232,22.55,1.17
123,9237,319.11,1.17
124,4362,1.47,1.17
125,7470,839.01,1.17
126,2029,598.34,1.17
127,8053,270.81,1.17
128,7518,471.56,1.17
129,2552,420.98,1.17
130,10346,3048.4,1.17
131,10350,1987.27,1.17
132,10358,1539.25,1.17
133,10366,2226.29,1.17
134,10370,1170.12,1.17
135,10371,1027.9,1.17
136,10372,2543.73,1.17
137,10373,1535.58,1.17
138,10374,1836.22,1.17
139,10375,2100.66,1.17
140,10376,1941.94,1.17
141,10377,2413.7,1.17
142,10378,1149.56,1.17
143,10379,1338.21,1.17
144,10380,1403.9,1.17
145,10381,1609.68,1.17
146,10382,562.66,1.17
147,10383,2177.57,1.17
148,10384,1747.9,1.17
149,10385,1228.81,1.17
150,10386,1453.41,1.17
151,10387,3189.3,1.17
152,10388,1522.28,1.17
153,10389,1836.42,1.17
154,10390,1048.54,1.17
155,10391,1698.57,1.17
156,10392,1355.14,1.17
157,10393,357.61,1.17
158,10394,1931.02,1.17
159,10395,1835.87,1.17
160,10396,1272.61,1.17
161,10397,1633.97,1.17
162,10398,861.47,1.17
163,10399,1403.94,1.17
164,10400,1545.39,1.17
165,10401,2128.07,1.17
166,10402,1203.74,1.17
167,10403,1998.27,1.17
168,10404,1121.48,1.17
169,10405,1639.63,1.17
170,10406,1533.94,1.17
171,10407,1613.6,1.17
172,10408,779.9,1.17
173,10409,1559.8,1.17
174,10410,1677.97,1.17
175,10411,1354.47,1.17
176,10412,731.44,1.17
177,10413,1282.55,1.17
178,10414,1040.14,1.17
179,10415,1001.39,1.17
180,10416,1084.41,1.17
181,10417,1174.62,1.17
182,10418,722.9,1.17
183,10419,812.05,1.17
184,10420,1024.49,1.17
185,10421,676.25,1.17
186,10422,782.65,1.17
187,10423,916.2,1.17
188,10424,786.65,1.17
189,10425,747.98,1.17
190,10426,1125.85,1.17
191,10427,1157.01,1.17
192,10428,82.49,1.17
193,10429,209.39,1.17
194,10430,600.29,1.17
195,10431,1022.87,1.17
196,10432,1124.59,1.17
197,10433,1045.82,1.17
198,10434,5.6,1.17
199,10435,23.99,1.17
200,10436,642.96,1.17
201,10437,671.25,1.17
202,10438,1084.67,1.17
203,10439,264.0,1.17
204,10440,22.4,1.17
205,10441,604.99,1.17
206,10442,661.19,1.17
207,10443,434.05,1.17
208,10444,1152.17,1.17
209,10445,594.46,1.17
210,10446,123.98,1.17
211,10447,3.29,1.17
212,10448,578.85,1.17
213,10449,198.93,1.17
214,10450,850.12,1.17
215,10451,616.49,1.17
216,10452,499.66,1.17
217,10453,464.03,1.17
218,10454,611.84,1.17
219,10455,575.9,1.17
220,10456,507.37,1.17
221,10457,489.53,1.17
222,10458,919.1,1.17
223,10459,1211.55,1.17
224,10460,668.46,1.17
225,10461,793.47,1.17
226,10462,375.49,1.17
227,10463,464.71,1.17
228,10464,648.01,1.17
229,10465,219.67,1.17
230,10466,374.04,1.17
231,10467,547.29,1.17
232,10468,553.41,1.17
233,10469,514.94,1.17
234,10470,528.2,1.17
235,10471,624.23,1.17
236,10472,389.08,1.17
237,10473,340.21,1.17
238,10474,180.09,1.17
239,10475,349.25,1.17
240,10476,193.71,1.17
241,10477,544.96,1.17
242,10478,515.29,1.17
243,10479,526.27,1.17
244,10480,235.68,1.17
245,10481,140.94,1.17
246,10482,24.11,1.17
247,10483,531.53,1.17
248,10484,510.63,1.17
249,10485,634.37,1.17
250,10486,937.4,1.17
251,10487,509.8,1.17
252,10488,105.95,1.17
253,10489,541.88,1.17
254,10490,369.78,1.17
255,10491,577.37,1.17
256,10807,239.26,1.17
257,10813,34.33,1.17
258,10493,988.44,1.17
259,10494,810.53,1.17
260,10495,750.65,1.17
261,10492,719.99,1.17
262,10812,446.34,1.17
263,10496,2037.49,1.17
264,10497,1031.06,1.17
265,10498,825.06,1.17
266,10499,190.22,1.17
267,10500,389.8,1.17
268,11189,103.47,1.17
269,10501,264.97,1.17
270,10502,460.01,1.17
271,10503,376.93,1.17
272,10504,522.2,1.17
273,10505,336.04,1.17
274,10506,329.22,1.17
275,10507,311.94,1.17
276,10508,570.2,1.17
277,10509,516.5,1.17
278,10510,730.67,1.17
279,10511,597.06,1.17
280,10512,826.01,1.17
281,10513,1022.5,1.17
282,10514,462.99,1.17
283,10515,528.29,1.17
284,10516,25.1,1.17
285,10517,844.1,1.17
286,10518,398.78,1.17
287,10519,526.52,1.17
288,10520,460.46,1.17
289,10521,827.85,1.17
290,10522,440.28,1.17
291,10523,1436.36,1.17
292,10524,1280.5,1.17
293,10525,739.98,1.17
294,10526,1018.89,1.17
295,10527,1008.44,1.17
296,10528,1146.43,1.17
297,10529,1565.61,1.17
298,10530,1035.72,1.17
299,10531,1350.64,1.17
300,10532,1173.88,1.17
301,10533,1297.68,1.17
302,10534,1654.49,1.17
303,10535,1537.61,1.17
304,10536,1050.41,1.17
305,10537,1087.55,1.17
306,10538,1341.24,1.17
307,10539,513.77,1.17
308,10540,696.57,1.17
309,10541,775.02,1.17
310,10542,805.08,1.17
311,10543,1270.71,1.17
312,10544,2273.43,1.17
313,10545,958.15,1.17
314,10546,1164.12,1.17
315,10547,678.0,1.17
316,10548,1405.83,1.17
317,10549,1444.75,1.17
318,10550,2685.45,1.17
319,10551,1367.89,1.17
320,10552,1388.44,1.17
321,10553,1425.89,1.17
322,10554,992.55,1.17
323,10555,2379.08,1.17
324,10556,2769.65,1.17
325,10557,1296.75,1.17
326,10558,1728.41,1.17
327,10559,1658.76,1.17
328,10560,1783.31,1.17
329,10561,3434.24,1.17
330,10562,2827.68,1.17
331,10563,1380.31,1.17
332,10564,1679.34,1.17
333,10565,2089.3,1.17
334,10566,1960.37,1.17
335,10567,2325.54,1.17
336,10568,2296.43,1.17
337,10569,1816.65,1.17
338,10570,1724.87,1.17
339,10571,2491.87,1.17
340,10572,2458.64,1.17
341,10573,3831.43,1.17
342,10574,2617.5,1.17
343,10575,1442.05,1.17
344,10576,1837.76,1.17
345,10577,1646.78,1.17
346,10578,2324.37,1.17
347,10579,2913.53,1.17
348,10580,3104.9,1.17
349,10581,1037.12,1.17
350,10582,1900.32,1.17
351,10583,2609.49,1.17
352,10584,2110.35,1.17
353,10585,2721.42,1.17
354,10586,2168.02,1.17
355,10587,2118.96,1.17
356,10588,2178.57,1.17
357,10589,2205.52,1.17
358,10590,1674.08,1.17
359,10591,1263.58,1.17
360,10592,1177.63,1.17
361,10593,1691.33,1.17
362,10594,1595.72,1.17
363,10595,1925.56,1.17
364,10596,1761.65,1.17
365,10597,2512.99,1.17
366,10598,1533.73,1.17
367,10599,1933.16,1.17
368,10600,2172.73,1.17
369,10601,2162.67,1.17
370,10602,1629.01,1.17
371,10603,2176.47,1.17
372,10604,1559.2,1.17
373,10605,1150.98,1.17
374,10606,1274.09,1.17
375,10607,1432.02,1.17
376,10608,1737.95,1.17
377,10609,3732.25,1.17
378,10610,2191.97,1.17
379,10611,1303.6,1.17
380,10612,1115.22,1.17
381,10613,919.34,1.17
382,10614,427.76,1.17
383,10615,809.59,1.17
384,10616,1181.77,1.17
385,10617,682.45,1.17
386,10618,12.14,1.17
387,10619,1016.38,1.17
388,10620,1176.73,1.17
389,10621,1210.42,1.17
390,10622,2567.68,1.17
391,10623,750.82,1.17
392,10624,1401.57,1.17
393,10625,1330.43,1.17
394,10626,1541.73,1.17
395,10627,1454.69,1.17
396,10628,1725.41,1.17
397,10629,1400.08,1.17
398,10630,1569.24,1.17
399,10631,887.81,1.17
400,10632,1739.17,1.17
401,10633,1741.18,1.17
402,10634,2392.38,1.17
403,10635,1240.74,1.17
404,10636,1064.85,1.17
405,10637,731.0,1.17
406,10638,1311.83,1.17
407,10639,1337.34,1.17
408,10640,1804.02,1.17
409,10641,944.34,1.17
410,10642,1042.09,1.17
411,10643,1230.8,1.17
412,10644,1347.03,1.17
413,10645,1851.55,1.17
414,10646,1017.24,1.17
415,10647,808.92,1.17
416,10648,797.42,1.17
417,10649,746.46,1.17
418,10650,1250.34,1.17
419,10651,889.39,1.17
420,10652,888.55,1.17
421,10653,858.75,1.17
422,10654,957.91,1.17
423,10655,901.17,1.17
424,10656,1137.04,1.17
425,10657,527.63,1.17
426,10658,678.22,1.17
427,10659,1286.44,1.17
428,10660,689.58,1.17
429,10661,824.15,1.17
430,10662,1472.21,1.17
431,10663,777.86,1.17
432,10664,1335.57,1.17
433,10665,1119.84,1.17
434,10666,1254.23,1.17
435,10667,752.65,1.17
436,10668,1207.73,1.17
437,10669,1109.96,1.17
438,10670,831.46,1.17
439,10671,473.23,1.17
440,10672,226.66,1.17
441,10673,352.34,1.17
442,10674,594.63,1.17
443,10675,883.35,1.17
444,10676,658.22,1.17
445,10677,421.89,1.17
446,10678,398.68,1.17
447,10679,681.2,1.17
448,10680,523.49,1.17
449,10681,803.24,1.17
450,10682,508.52,1.17
451,10683,354.63,1.17
452,10684,300.41,1.17
453,10685,537.28,1.17
454,10686,399.95,1.17
455,10687,353.29,1.17
456,10688,666.08,1.17
457,10689,0.0,1.17
458,10690,21.48,1.17
459,10691,668.7,1.17
460,10692,446.21,1.17
461,10693,352.33,1.17
462,10694,209.18,1.17
463,10695,37.75,1.17
464,10696,197.51,1.17
465,10697,496.69,1.17
466,10698,705.55,1.17
467,10699,514.11,1.17
468,10700,628.36,1.17
469,10701,486.66,1.17
470,10702,998.32,1.17
471,10703,449.56,1.17
472,10704,154.22,1.17
473,10705,391.6,1.17
474,10706,114.22,1.17
475,10707,691.06,1.17
476,10708,81.21,1.17
477,10709,299.46,1.17
478,10710,384.24,1.17
479,10711,322.75,1.17
480,10712,364.96,1.17
481,10713,713.01,1.17
482,10714,565.01,1.17
483,10715,391.89,1.17
484,10716,60.38,1.17
485,10717,445.4,1.17
486,10718,291.63,1.17
487,10719,425.68,1.17
488,10720,45.53,1.17
489,10721,26.65,1.17
490,10722,565.33,1.17
491,10723,580.72,1.17
492,10724,431.45,1.17
493,10725,7.54,1.17
494,10726,725.05,1.17
495,10727,283.51,1.17
496,10728,450.28,1.17
497,10729,136.96,1.17
498,10730,501.64,1.17
499,10731,562.97,1.17
500,2308,41.67,1.17
501,1914,92.26,1.17
502,10733,215.3,1.17
503,10734,150.89,1.17
504,2359,343.33,1.17
505,10732,989.08,1.17
506,10735,344.95,1.17
507,10736,535.25,1.17
508,10737,328.22,1.17
509,10738,0.0,1.17
510,10739,46.98,1.17
511,10740,348.12,1.17
512,10741,521.7,1.17
513,10742,560.41,1.17
514,10743,4.9,1.17
515,10744,9.96,1.17
516,10745,438.91,1.17
517,10746,249.43,1.17
518,10747,567.89,1.17
519,10748,835.44,1.17
520,10918,625.32,1.17
521,10925,1192.61,1.17
522,10750,473.27,1.17
523,10751,744.47,1.17
524,10752,696.45,1.17
525,10753,102.39,1.17
526,10749,527.51,1.17
527,10919,594.53,1.17
528,10754,564.64,1.17
529,10755,705.62,1.17
530,10756,234.54,1.17
531,10757,430.69,1.17
532,11190,633.09,1.17
533,11192,530.96,1.17
534,10759,393.4,1.17
535,10760,376.35,1.17
536,10761,51.29,1.17
537,10762,131.15,1.17
538,10758,168.99,1.17
539,11191,378.2,1.17
540,10763,646.91,1.17
541,10764,308.71,1.17
542,10765,284.66,1.17
543,10766,310.35,1.17
544,10767,1833.72,1.17
545,10768,721.4,1.17
546,10769,152.34,1.17
547,10770,839.91,1.17
548,10771,262.76,1.17
549,10772,549.43,1.17
550,10773,337.37,1.17
551,10774,748.03,1.17
552,10775,179.37,1.17
553,10776,794.6,1.17
554,10777,181.01,1.17
555,10778,472.48,1.17
556,10779,892.61,1.17
557,10780,687.32,1.17
558,10781,589.08,1.17
559,10782,760.78,1.17
560,10783,1164.81,1.17
561,10784,609.3,1.17
562,10785,1890.24,1.17
563,10786,1580.57,1.17
564,10787,1009.11,1.17
565,10788,649.31,1.17
566,10789,1326.01,1.17
567,10790,383.97,1.17
568,10791,692.76,1.17
569,10792,570.61,1.17
570,10793,1045.39,1.17
571,10794,883.12,1.17
572,10795,1385.96,1.17
573,10796,890.29,1.17
574,10797,762.17,1.17
575,10798,714.79,1.17
576,10799,1041.93,1.17
577,10800,104.8,1.17
578,10801,746.07,1.17
579,10802,979.36,1.17
580,10803,561.24,1.17
581,10804,808.5,1.17
582,10805,1236.66,1.17
583,10283,0.0,1.17
584,10806,4214.73,1.17
585,10808,349.12,1.17
586,10809,470.14,1.17
587,10810,1778.0,1.17
588,10811,1008.82,1.17
589,10814,641.91,1.17
590,10815,782.95,1.17
591,10816,2417.89,1.17
592,10817,1419.78,1.17
593,10818,2.93,1.17
594,10819,270.91,1.17
595,10820,476.05,1.17
596,10821,617.86,1.17
597,10822,825.97,1.17
598,10823,1726.82,1.17
599,10824,991.73,1.17
600,10825,500.84,1.17
601,10826,1233.59,1.17
602,10827,1414.3,1.17
603,10828,689.0,1.17
604,10829,1346.16,1.17
605,10830,519.29,1.17
606,10831,1264.36,1.17
607,10832,1058.96,1.17
608,10833,1299.03,1.17
609,10834,927.77,1.17
610,10835,1675.85,1.17
611,10836,1456.9,1.17
612,10837,857.45,1.17
613,10838,1252.32,1.17
614,10839,2141.98,1.17
615,10840,175.05,1.17
616,10841,1228.16,1.17
617,10842,665.93,1.17
618,10843,804.46,1.17
619,10844,1019.42,1.17
620,10845,1497.47,1.17
621,10846,513.11,1.17
622,10847,728.26,1.17
623,10848,769.58,1.17
624,10849,1251.2,1.17
625,10850,1147.47,1.17
626,10851,1241.29,1.17
627,10852,574.75,1.17
628,10853,1439.74,1.17
629,10854,276.16,1.17
630,10855,949.0,1.17
631,10856,1584.96,1.17
632,10857,1413.02,1.17
633,10858,1086.69,1.17
634,10859,1645.05,1.17
635,10860,79.95,1.17
636,10861,800.66,1.17
637,10862,1142.35,1.17
638,10863,1138.85,1.17
639,10864,106.74,1.17
640,10865,401.58,1.17
641,10866,179.11,1.17
642,10867,747.12,1.17
643,10868,495.67,1.17
644,10869,687.78,1.17
645,10870,327.62,1.17
646,10871,1333.96,1.17
647,10872,36.12,1.17
648,10873,185.04,1.17
649,10874,869.22,1.17
650,10875,889.87,1.17
651,10876,335.38,1.17
652,10877,554.41,1.17
653,10878,764.68,1.17
654,10879,890.11,1.17
655,10880,1066.22,1.17
656,10881,1022.75,1.17
657,10882,773.71,1.17
658,10883,623.51,1.17
659,10884,491.9,1.17
660,10885,451.34,1.17
661,10886,1025.58,1.17
662,10887,10.06,1.17
663,10888,488.43,1.17
664,10889,303.23,1.17
665,10890,317.01,1.17
666,10891,470.67,1.17
667,10892,1109.07,1.17
668,10893,414.93,1.17
669,10894,15.38,1.17
670,10895,805.0,1.17
671,10896,327.61,1.17
672,10897,794.22,1.17
673,10898,112.09,1.17
674,10899,234.99,1.17
675,10900,56.2,1.17
676,10901,682.36,1.17
677,10902,216.61,1.17
678,10903,127.6,1.17
679,10904,175.91,1.17
680,10905,517.77,1.17
681,10906,151.91,1.17
682,10907,815.92,1.17
683,10908,206.14,1.17
684,10909,217.5,1.17
685,10910,324.5,1.17
686,10911,260.99,1.17
687,10912,1001.94,1.17
688,10913,1100.11,1.17
689,10914,70.68,1.17
690,10915,646.22,1.17
691,11193,725.95,1.17
692,11195,736.27,1.17
693,10916,747.33,1.17
694,11194,701.9,1.17
695,10920,0.4,1.17
696,10921,173.96,1.17
697,10917,1888.78,1.17
698,10926,256.57,1.17
699,10927,556.46,1.17
700,10928,1179.2,1.17
701,10929,511.53,1.17
702,10930,100.31,1.17
703,2289,467.01,1.17
704,10931,695.8,1.17
705,2288,526.59,1.17
706,2290,1225.56,1.17
707,10932,435.58,1.17
708,10933,1477.28,1.17
709,10934,2537.45,1.17
710,10935,235.65,1.17
711,10936,766.45,1.17
712,10937,1172.98,1.17
713,11196,853.81,1.17
714,11768,696.35,1.17
715,10939,1138.55,1.17
716,10940,1068.92,1.17
717,10941,769.0,1.17
718,10942,141.65,1.17
719,10938,2123.29,1.17
720,11197,763.83,1.17
721,10943,1073.99,1.17
722,10944,787.91,1.17
723,10945,883.81,1.17
724,10946,598.37,1.17
725,10947,640.09,1.17
726,10948,814.0,1.17
727,10949,617.03,1.17
728,10950,709.41,1.17
729,11769,864.99,1.17
730,11771,259.82,1.17
731,10952,493.0,1.17
732,10953,843.75,1.17
733,10954,823.09,1.17
734,10955,263.48,1.17
735,10951,529.57,1.17
736,11770,1657.57,1.17
737,10956,1067.89,1.17
738,10957,910.39,1.17
739,10958,468.44,1.17
740,10959,1005.21,1.17
741,10964,583.07,1.17
742,9090,511.16,1.17
743,10960,759.0,1.17
744,10961,962.28,1.17
745,10962,712.97,1.17
746,10963,815.08,1.17
747,3900,830.86,1.17
748,10278,146.48,1.17
749,10965,1021.5,1.17
750,11772,1519.93,1.17
751,10966,724.98,1.17
752,10967,657.05,1.17
753,10968,459.19,1.17
754,10969,713.25,1.17
755,10970,290.05,1.17
756,10971,451.55,1.17
757,10972,1513.06,1.17
758,10973,1335.68,1.17
759,10974,811.6,1.17
760,10975,505.84,1.17
761,10976,1284.02,1.17
762,10977,1250.68,1.17
763,10978,1195.47,1.17
764,10979,1570.84,1.17
765,10980,546.68,1.17
766,10981,1410.13,1.17
767,10982,679.43,1.17
768,10983,570.06,1.17
769,10984,780.09,1.17
770,10985,1082.48,1.17
771,10986,1921.11,1.17
772,10987,288.71,1.17
773,10988,458.92,1.17
774,10989,1364.11,1.17
775,9347,746.28,1.17
776,10990,1690.61,1.17
777,9012,600.92,1.17
778,3844,1386.16,1.17
779,10991,1558.46,1.17
780,10992,249.61,1.17
781,10993,571.35,1.17
782,10994,781.39,1.17
783,10995,846.23,1.17
784,10996,362.64,1.17
785,10997,576.94,1.17
786,10998,1664.99,1.17
787,10999,591.39,1.17
788,11000,601.33,1.17
789,11773,327.85,1.17
790,11775,634.11,1.17
791,11002,741.3,1.17
792,11003,914.11,1.17
793,11001,90.91,1.17
794,11774,2213.62,1.17
795,11004,432.48,1.17
796,11005,826.69,1.17
797,11006,2029.83,1.17
798,11007,441.16,1.17
799,10280,466.48,1.17
800,11776,81.21,1.17
801,11778,702.95,1.17
802,3872,382.25,1.17
803,12036,569.85,1.17
804,11008,527.7,1.17
805,11777,440.37,1.17
806,8294,1374.63,1.17
807,8293,659.8,1.17
808,11010,1361.37,1.17
809,11011,787.27,1.17
810,10923,950.49,1.17
811,10922,1701.32,1.17
812,3876,574.98,1.17
813,11009,829.41,1.17
814,11012,758.39,1.17
815,11013,722.55,1.17
816,10924,520.78,1.17
817,11014,625.25,1.17
818,12302,988.39,1.17
819,11015,933.27,1.17
820,11779,847.53,1.17
821,11781,1089.59,1.17
822,11017,2467.46,1.17
823,12033,423.24,1.17
824,8506,392.91,1.17
825,11016,603.45,1.17
826,11780,381.66,1.17
827,11018,59.64,1.17
828,11019,142.21,1.17
829,11020,1147.88,1.17
830,11021,41.99,1.17
831,11022,146.52,1.17
832,11023,285.34,1.17
833,11024,1.69,1.17
834,11025,187.19,1.17
835,11026,477.49,1.17
836,11027,946.87,1.17
837,11028,11.03,1.17
838,11029,9.88,1.17
839,11030,1799.92,1.17
840,11031,838.32,1.17
841,11032,2421.42,1.17
842,11033,365.05,1.17
843,11034,1104.69,1.17
844,11782,776.36,1.17
845,11784,842.59,1.17
846,11035,816.55,1.17
847,11783,858.97,1.17
848,11039,274.07,1.17
849,11040,109.67,1.17
850,11041,204.71,1.17
851,11036,912.82,1.17
852,11037,272.8,1.17
853,11038,98.74,1.17
854,11045,379.79,1.17
855,11046,753.12,1.17
856,11047,399.08,1.17
857,11048,851.48,1.17
858,11049,897.51,1.17
859,11050,0.0,1.17
860,11051,239.5,1.17
861,11052,454.66,1.17
862,11053,655.17,1.17
863,11054,700.34,1.17
864,11055,1406.86,1.17
865,11056,4.81,1.17
866,11057,234.44,1.17
867,11058,382.51,1.17
868,11059,832.73,1.17
869,11060,520.76,1.17
870,11061,740.16,1.17
871,11062,590.14,1.17
872,11063,372.4,1.17
873,11064,807.31,1.17
874,11065,655.52,1.17
875,11066,189.33,1.17
876,11067,294.16,1.17
877,11068,652.5,1.17
878,11069,786.8,1.17
879,11070,984.68,1.17
880,11071,938.15,1.17
881,11072,477.39,1.17
882,11073,1258.27,1.17
883,11074,510.54,1.17
884,11075,591.91,1.17
885,11076,711.66,1.17
886,11077,1153.0,1.17
887,11078,544.02,1.17
888,11079,872.91,1.17
889,11080,715.16,1.17
890,11081,374.25,1.17
891,11082,762.94,1.17
892,11083,1012.52,1.17
893,11084,711.12,1.17
894,11085,877.13,1.17
895,11086,849.59,1.17
896,11087,457.55,1.17
897,11088,699.28,1.17
898,11089,765.73,1.17
899,11090,738.99,1.17
900,11091,865.8,1.17
901,11092,634.9,1.17
902,11093,610.58,1.17
903,11094,718.7,1.17
904,11095,579.28,1.17
905,11096,485.24,1.17
906,11097,665.23,1.17
907,11098,731.35,1.17
908,11099,1360.39,1.17
909,11100,496.66,1.17
910,11101,1059.11,1.17
911,11102,854.83,1.17
912,11103,1726.06,1.17
913,11104,826.66,1.17
914,11105,1054.88,1.17
915,11106,1652.05,1.17
916,11107,819.36,1.17
917,11108,623.55,1.17
918,11109,1914.4,1.17
919,11110,208.09,1.17
920,11111,497.34,1.17
921,11112,345.6,1.17
922,11113,480.79,1.17
923,11114,316.61,1.17
924,11115,213.49,1.17
925,11116,247.54,1.17
926,11117,491.02,1.17
927,11118,740.19,1.17
928,11119,757.7,1.17
929,11120,761.58,1.17
930,11121,479.72,1.17
931,11122,901.5,1.17
932,11123,377.17,1.17
933,11124,948.9,1.17
934,11125,814.52,1.17
935,11126,595.33,1.17
936,11127,789.51,1.17
937,11128,712.33,1.17
938,11129,378.73,1.17
939,11130,535.05,1.17
940,11131,972.66,1.17
941,11132,492.1,1.17
942,11133,947.68,1.17
943,11134,449.56,1.17
944,11135,659.38,1.17
945,11136,517.88,1.17
946,11137,803.95,1.17
947,11138,439.73,1.17
948,11139,772.85,1.17
949,11140,278.98,1.17
950,11141,621.95,1.17
951,11142,856.61,1.17
952,11143,598.38,1.17
953,11144,889.68,1.17
954,11145,563.25,1.17
955,11146,798.46,1.17
956,11147,415.0,1.17
957,11148,362.19,1.17
958,11149,446.65,1.17
959,11150,468.9,1.17
960,11151,558.87,1.17
961,11152,406.61,1.17
962,11042,405.32,1.17
963,11043,252.26,1.17
964,11044,816.61,1.17
965,7077,76.25,1.17
966,2257,0.0,1.17
967,11785,366.41,1.17
968,11787,91.39,1.17
969,11154,1964.74,1.17
970,11155,2337.87,1.17
971,11153,288.92,1.17
972,11786,264.16,1.17
973,11156,955.49,1.17
974,9786,423.8,1.17
975,11157,576.14,1.17
976,9789,435.59,1.17
977,12349,135.49,1.17
978,6344,427.89,1.17
979,9787,865.05,1.17
980,9788,793.67,1.17
981,6345,540.92,1.17
982,11159,2098.27,1.17
983,3939,590.81,1.17
984,10282,667.29,1.17
985,11161,1780.38,1.17
986,9776,791.98,1.17
987,6362,539.61,1.17
988,11162,49.66,1.17
989,11163,357.95,1.17
990,11164,1256.08,1.17
991,11165,499.9,1.17
992,11166,384.95,1.17
993,11167,327.23,1.17
994,11168,346.64,1.17
995,11169,318.24,1.17
996,11170,614.66,1.17
997,11171,516.05,1.17
998,11172,665.93,1.17
999,11173,191.38,1.17
1000,11174,268.08,1.17
1001,11175,803.71,1.17
1002,11176,1031.85,1.17
1003,11177,755.76,1.17
1004,11178,619.72,1.17
1005,11179,481.82,1.17
1006,11180,456.07,1.17
1007,11181,450.59,1.17
1008,11182,608.92,1.17
1009,11183,981.71,1.17
1010,11184,703.46,1.17
1011,11185,343.55,1.17
1012,11186,669.97,1.17
1013,11187,1660.35,1.17
1014,11188,1136.62,1.17
1015,11788,507.88,1.17
1016,11790,804.95,1.17
1017,11791,1099.79,1.17
1018,11793,252.18,1.17
1019,11200,2358.43,1.17
1020,11198,1057.07,1.17
1021,11789,855.35,1.17
1022,11199,1024.74,1.17
1023,11792,690.67,1.17
1024,11201,2639.84,1.17
1025,11202,2318.44,1.17
1026,11203,2677.0,1.17
1027,11204,2677.46,1.17
1028,11205,785.56,1.17
1029,11206,2652.33,1.17
1030,11207,15.73,1.17
1031,11208,829.54,1.17
1032,11209,1233.17,1.17
1033,11210,106.95,1.17
1034,11211,268.59,1.17
1035,11212,1473.67,1.17
1036,11213,727.09,1.17
1037,11214,657.97,1.17
1038,11215,999.06,1.17
1039,11216,243.31,1.17
1040,11217,2017.48,1.17
1041,11218,1019.73,1.17
1042,11219,0.19,1.17
1043,11220,888.13,1.17
1044,11221,629.15,1.17
1045,11222,188.89,1.17
1046,11223,1401.86,1.17
1047,11224,397.19,1.17
1048,11794,165.2,1.17
1049,11796,22.88,1.17
1050,11797,101.02,1.17
1051,11799,436.75,1.17
1052,11800,86.47,1.17
1053,11802,496.0,1.17
1054,11225,38.97,1.17
1055,11795,189.07,1.17
1056,11226,1067.48,1.17
1057,11798,783.14,1.17
1058,11227,380.92,1.17
1059,11801,605.55,1.17
1060,11803,4.48,1.17
1061,11805,28.9,1.17
1062,11806,187.94,1.17
1063,11808,474.13,1.17
1064,11809,891.25,1.17
1065,11811,1078.24,1.17
1066,11228,47.21,1.17
1067,11804,188.55,1.17
1068,11229,1274.56,1.17
1069,11807,87.17,1.17
1070,11230,406.3,1.17
1071,11810,362.66,1.17
1072,9835,129.57,1.17
1073,11231,332.13,1.17
1074,11232,497.71,1.17
1075,11233,787.61,1.17
1076,7542,604.37,1.17
1077,4672,391.19,1.17
1078,11234,306.09,1.17
1079,11235,777.46,1.17
1080,11236,0.0,1.17
1081,11237,1017.9,1.17
1082,11238,1419.01,1.17
1083,11239,83.67,1.17
1084,11240,567.91,1.17
1085,11241,1321.17,1.17
1086,11242,248.07,1.17
1087,11243,477.03,1.17
1088,11244,141.81,1.17
1089,11245,13.47,1.17
1090,11246,454.92,1.17
1091,11247,707.52,1.17
1092,11248,588.88,1.17
1093,11249,83.19,1.17
1094,11250,594.32,1.17
1095,11251,1027.13,1.17
1096,11252,999.58,1.17
1097,11253,42.61,1.17
1098,11254,901.96,1.17
1099,11255,1148.05,1.17
1100,11256,1561.26,1.17
1101,11257,673.32,1.17
1102,11258,772.89,1.17
1103,11259,1165.37,1.17
1104,11260,37.74,1.17
1105,11261,853.63,1.17
1106,11262,1197.15,1.17
1107,11263,161.18,1.17
1108,11264,934.12,1.17
1109,11265,1245.94,1.17
1110,11266,242.58,1.17
1111,11267,1087.05,1.17
1112,11268,287.45,1.17
1113,11269,614.02,1.17
1114,11270,386.1,1.17
1115,11271,14.16,1.17
1116,11272,331.83,1.17
1117,11273,299.15,1.17
1118,11274,398.79,1.17
1119,11275,45.6,1.17
1120,11276,79.66,1.17
1121,11277,538.21,1.17
1122,11278,123.43,1.17
1123,11279,82.79,1.17
1124,11280,445.21,1.17
1125,11281,198.45,1.17
1126,11282,47.45,1.17
1127,11283,146.89,1.17
1128,11284,189.75,1.17
1129,11285,83.37,1.17
1130,11286,361.35,1.17
1131,11287,162.27,1.17
1132,11288,326.38,1.17
1133,11289,246.3,1.17
1134,11290,219.92,1.17
1135,11291,170.52,1.17
1136,11292,192.65,1.17
1137,11293,795.25,1.17
1138,11294,305.89,1.17
1139,11295,132.95,1.17
1140,11296,309.18,1.17
1141,11297,180.92,1.17
1142,11298,379.09,1.17
1143,11299,813.4,1.17
1144,11300,178.3,1.17
1145,11301,550.99,1.17
1146,11302,528.16,1.17
1147,11303,501.02,1.17
1148,11304,394.26,1.17
1149,11305,190.73,1.17
1150,11306,881.6,1.17
1151,11307,536.53,1.17
1152,11308,826.9,1.17
1153,11309,426.29,1.17
1154,11310,321.68,1.17
1155,11311,579.24,1.17
1156,11312,129.41,1.17
1157,11313,104.03,1.17
1158,11314,63.33,1.17
1159,11315,372.12,1.17
1160,11316,400.14,1.17
1161,11317,406.32,1.17
1162,11318,1158.75,1.17
1163,11319,267.53,1.17
1164,8338,51.55,1.17
1165,8341,447.93,1.17
1166,11321,1316.47,1.17
1167,11320,36.54,1.17
1168,3228,96.47,1.17
1169,11322,1271.27,1.17
1170,11323,402.61,1.17
1171,11324,1319.57,1.17
1172,11325,379.94,1.17
1173,11326,433.23,1.17
1174,11327,1494.73,1.17
1175,11328,1168.29,1.17
1176,8162,723.25,1.17
1177,8117,231.8,1.17
1178,11330,562.88,1.17
1179,11329,882.63,1.17
1180,8130,407.46,1.17
1181,11331,2875.21,1.17
1182,11332,1587.77,1.17
1183,11333,305.83,1.17
1184,11334,1767.15,1.17
1185,11335,843.08,1.17
1186,11336,134.87,1.17
1187,11337,361.09,1.17
1188,11338,1211.0,1.17
1189,11339,953.46,1.17
1190,11340,1450.37,1.17
1191,11341,2358.72,1.17
1192,11342,877.85,1.17
1193,11343,1067.94,1.17
1194,11344,103.81,1.17
1195,11345,15.86,1.17
1196,11346,506.92,1.17
1197,11347,164.43,1.17
1198,11348,90.99,1.17
1199,11349,295.15,1.17
1200,11350,465.29,1.17
1201,11351,693.62,1.17
1202,11352,303.2,1.17
1203,11353,414.35,1.17
1204,11354,680.83,1.17
1205,11355,2362.28,1.17
1206,11356,1088.51,1.17
1207,11357,269.01,1.17
1208,11358,425.78,1.17
1209,11359,749.33,1.17
1210,11360,933.96,1.17
1211,11361,57.41,1.17
1212,11362,23.04,1.17
1213,11363,133.06,1.17
1214,11364,99.43,1.17
1215,11365,45.32,1.17
1216,11366,787.72,1.17
1217,11367,78.03,1.17
1218,11368,146.64,1.17
1219,11369,1162.7,1.17
1220,11370,401.35,1.17
1221,11371,295.95,1.17
1222,11372,361.52,1.17
1223,11373,1525.11,1.17
1224,11374,1288.04,1.17
1225,11375,186.02,1.17
1226,11376,818.66,1.17
1227,11377,715.85,1.17
1228,11378,354.94,1.17
1229,11379,37.09,1.17
1230,11380,396.84,1.17
1231,11381,0.95,1.17
1232,11382,208.37,1.17
1233,11383,359.32,1.17
1234,11384,405.5,1.17
1235,11385,922.83,1.17
1236,11386,683.05,1.17
1237,11387,349.79,1.17
1238,11388,485.64,1.17
1239,11389,159.4,1.17
1240,11390,335.27,1.17
1241,11391,106.51,1.17
1242,11392,35.39,1.17
1243,11393,336.68,1.17
1244,11394,517.38,1.17
1245,11395,267.41,1.17
1246,11396,1140.51,1.17
1247,11397,264.78,1.17
1248,11398,797.42,1.17
1249,11399,471.51,1.17
1250,11400,268.41,1.17
1251,11401,156.92,1.17
1252,11402,1180.77,1.17
1253,11499,46.65,1.17
1254,11500,407.79,1.17
1255,11501,1429.16,1.17
1256,11502,63.53,1.17
1257,12446,76.29,1.17
1258,12486,373.38,1.17
1259,11504,2087.51,1.17
1260,12448,140.95,1.17
1261,12449,1338.32,1.17
1262,11505,539.57,1.17
1263,11506,1373.5,1.17
1264,11507,428.37,1.17
1265,11508,163.13,1.17
1266,11509,185.53,1.17
1267,11510,565.18,1.17
1268,11511,226.96,1.17
1269,11512,231.59,1.17
1270,11513,574.88,1.17
1271,11514,785.64,1.17
1272,11515,681.68,1.17
1273,11516,1197.46,1.17
1274,11517,68.16,1.17
1275,11518,304.24,1.17
1276,11519,956.75,1.17
1277,11520,1364.59,1.17
1278,11521,1280.65,1.17
1279,11522,377.46,1.17
1280,11523,793.21,1.17
1281,11524,545.78,1.17
1282,11525,880.06,1.17
1283,11526,288.42,1.17
1284,11527,0.0,1.17
1285,11528,409.53,1.17
1286,11529,257.9,1.17
1287,11530,180.3,1.17
1288,11531,8.44,1.17
1289,11532,423.11,1.17
1290,11533,489.27,1.17
1291,11534,12.9,1.17
1292,11535,161.24,1.17
1293,11536,327.63,1.17
1294,11537,455.58,1.17
1295,11538,117.35,1.17
1296,11539,381.25,1.17
1297,11540,494.73,1.17
1298,11541,418.25,1.17
1299,12652,534.45,1.17
1300,12655,534.04,1.17
1301,11543,1831.89,1.17
1302,9754,1184.39,1.17
1303,9172,710.29,1.17
1304,11544,116.07,1.17
1305,12718,466.29,1.17
1306,11545,914.21,1.17
1307,11546,835.2,1.17
1308,12766,177.55,1.17
1309,12763,187.1,1.17
1310,11547,71.52,1.17
1311,11548,1800.74,1.17
1312,11549,1099.7,1.17
1313,11550,129.47,1.17
1314,11551,893.16,1.17
1315,11552,289.47,1.17
1316,11553,3.19,1.17
1317,11554,263.67,1.17
1318,11555,502.5,1.17
1319,11556,76.96,1.17
1320,11557,71.98,1.17
1321,11558,201.46,1.17
1322,11559,202.21,1.17
1323,11560,143.28,1.17
1324,11561,562.46,1.17
1325,11562,233.1,1.17
1326,11563,604.12,1.17
1327,11564,590.51,1.17
1328,11565,831.27,1.17
1329,11566,720.06,1.17
1330,11567,868.11,1.17
1331,11568,907.74,1.17
1332,11569,738.17,1.17
1333,11570,400.59,1.17
1334,11571,456.05,1.17
1335,11572,678.66,1.17
1336,11573,1038.3,1.17
1337,11574,1070.45,1.17
1338,11575,1238.24,1.17
1339,11576,475.23,1.17
1340,11577,279.66,1.17
1341,11578,315.14,1.17
1342,11579,798.41,1.17
1343,11580,1368.25,1.17
1344,11581,822.11,1.17
1345,11582,39.11,1.17
1346,11583,256.96,1.17
1347,11584,771.13,1.17
1348,11585,486.7,1.17
1349,11586,547.12,1.17
1350,11587,242.18,1.17
1351,11588,102.61,1.17
1352,11589,46.68,1.17
1353,11590,88.21,1.17
1354,11591,57.49,1.17
1355,11592,264.03,1.17
1356,11593,91.08,1.17
1357,11594,170.47,1.17
1358,11595,63.58,1.17
1359,11596,267.36,1.17
1360,11597,323.94,1.17
1361,11598,475.53,1.17
1362,11599,285.0,1.17
1363,11600,391.95,1.17
1364,11601,427.85,1.17
1365,11602,111.32,1.17
1366,11603,152.52,1.17
1367,11604,34.26,1.17
1368,11605,115.27,1.17
1369,11606,309.68,1.17
1370,11607,349.55,1.17
1371,11608,208.92,1.17
1372,11609,66.54,1.17
1373,11610,105.92,1.17
1374,11611,155.44,1.17
1375,11612,311.77,1.17
1376,11613,76.41,1.17
1377,11614,128.39,1.17
1378,11615,24.84,1.17
1379,11616,36.47,1.17
1380,11617,75.91,1.17
1381,11618,77.72,1.17
1382,11619,129.7,1.17
1383,11620,52.4,1.17
1384,11621,59.91,1.17
1385,11622,30.95,1.17
1386,11623,33.93,1.17
1387,11624,107.84,1.17
1388,11625,56.77,1.17
1389,11626,25.05,1.17
1390,11627,60.25,1.17
1391,11628,224.81,1.17
1392,11415,328.78,1.17
1393,11416,103.11,1.17
1394,11403,24.64,1.17
1395,11417,50.74,1.17
1396,11418,412.59,1.17
1397,11404,80.97,1.17
1398,11405,235.82,1.17
1399,11419,455.08,1.17
1400,11420,94.12,1.17
1401,11421,66.38,1.17
1402,11406,816.38,1.17
1403,11422,328.35,1.17
1404,11423,309.92,1.17
1405,11424,437.05,1.17
1406,11407,358.64,1.17
1407,11425,112.28,1.17
1408,11426,1474.44,1.17
1409,11427,1423.47,1.17
1410,11408,229.35,1.17
1411,11428,53.63,1.17
1412,11429,156.48,1.17
1413,11430,521.16,1.17
1414,11409,151.44,1.17
1415,11431,275.01,1.17
1416,11432,138.5,1.17
1417,11433,114.03,1.17
1418,11410,694.5,1.17
1419,11434,1106.34,1.17
1420,11435,583.81,1.17
1421,11436,361.03,1.17
1422,11411,413.58,1.17
1423,3505,419.93,1.17
1424,3517,835.4,1.17
1425,11438,1016.88,1.17
1426,11439,1133.75,1.17
1427,11412,394.53,1.17
1428,6475,659.39,1.17
1429,3531,1092.98,1.17
1430,11440,743.65,1.17
1431,11441,195.58,1.17
1432,11442,1042.78,1.17
1433,11413,1180.14,1.17
1434,11443,325.83,1.17
1435,11444,1499.01,1.17
1436,11445,530.64,1.17
1437,11414,147.99,1.17
1438,11446,255.39,1.17
1439,11447,31.18,1.17
1440,11448,75.44,1.17
1441,11449,55.57,1.17
1442,11450,67.19,1.17
1443,11451,412.61,1.17
1444,11452,685.75,1.17
1445,11453,141.62,1.17
1446,11454,1647.37,1.17
1447,11455,287.4,1.17
1448,11456,62.56,1.17
1449,11457,47.23,1.17
1450,11458,356.77,1.17
1451,11459,75.98,1.17
1452,11460,53.69,1.17
1453,11461,33.32,1.17
1454,11462,186.82,1.17
1455,11463,87.59,1.17
1456,11464,911.76,1.17
1457,11465,763.02,1.17
1458,11466,46.24,1.17
1459,11467,39.24,1.17
1460,11468,55.23,1.17
1461,11469,85.36,1.17
1462,11470,56.15,1.17
1463,11471,82.84,1.17
1464,11472,86.93,1.17
1465,11473,47.33,1.17
1466,11474,118.44,1.17
1467,11475,84.55,1.17
1468,11476,128.04,1.17
1469,11477,72.06,1.17
1470,11478,100.59,1.17
1471,11479,227.53,1.17
1472,11480,65.82,1.17
1473,11481,102.03,1.17
1474,11482,162.47,1.17
1475,11483,31.99,1.17
1476,11484,36.61,1.17
1477,11485,177.15,1.17
1478,11486,789.11,1.17
1479,11487,53.63,1.17
1480,11488,351.63,1.17
1481,11489,12.64,1.17
1482,11490,65.59,1.17
1483,11491,34.66,1.17
1484,11492,101.96,1.17
1485,11493,22.86,1.17
1486,11494,953.68,1.17
1487,11495,32.14,1.17
1488,11496,143.27,1.17
1489,11497,26.78,1.17
1490,11498,37.24,1.17
1491,11629,275.36,1.17
1492,11630,77.36,1.17
1493,11631,53.15,1.17
1494,11632,27.38,1.17
1495,11633,1307.0,1.17
1496,11814,611.05,1.17
1497,11634,304.18,1.17
1498,11812,153.72,1.17
1499,11813,256.66,1.17
1500,11815,113.37,1.17
1501,11635,218.63,1.17
1502,11816,112.75,1.17
1503,11636,49.99,1.17
1504,11637,321.6,1.17
1505,11638,36.73,1.17
1506,11639,144.93,1.17
1507,11640,43.18,1.17
1508,11641,126.99,1.17
1509,11819,43.85,1.17
1510,11642,681.31,1.17
1511,11817,276.97,1.17
1512,11818,228.82,1.17
1513,11820,468.5,1.17
1514,11643,46.86,1.17
1515,11821,53.27,1.17
1516,11644,17.77,1.17
1517,11645,47.51,1.17
1518,11646,51.23,1.17
1519,11647,96.94,1.17
1520,11648,30.57,1.17
1521,11649,1060.64,1.17
1522,11650,318.43,1.17
1523,11651,224.89,1.17
1524,11652,306.08,1.17
1525,11653,740.48,1.17
1526,11654,938.99,1.17
1527,11655,59.61,1.17
1528,11656,377.06,1.17
1529,11657,271.35,1.17
1530,11658,67.9,1.17
1531,11659,110.1,1.17
1532,11660,44.6,1.17
1533,11661,67.28,1.17
1534,11662,44.36,1.17
1535,11663,39.37,1.17
1536,11664,27.51,1.17
1537,11665,506.67,1.17
1538,11666,339.0,1.17
1539,11667,607.8,1.17
1540,11668,1140.63,1.17
1541,11669,179.03,1.17
1542,11670,88.91,1.17
1543,11671,439.23,1.17
1544,11672,42.57,1.17
1545,11673,156.44,1.17
1546,11674,98.53,1.17
1547,11675,201.38,1.17
1548,11676,347.49,1.17
1549,11677,335.77,1.17
1550,11678,313.9,1.17
1551,11679,823.5,1.17
1552,11680,366.48,1.17
1553,11681,337.32,1.17
1554,11682,143.49,1.17
1555,11683,231.68,1.17
1556,11684,242.09,1.17
1557,11685,92.93,1.17
1558,11686,273.36,1.17
1559,11687,48.26,1.17
1560,11688,27.38,1.17
1561,11689,49.64,1.17
1562,11690,22.68,1.17
1563,11691,18.25,1.17
1564,11692,1250.87,1.17
1565,11824,1070.63,1.17
1566,11693,2165.01,1.17
1567,11822,268.8,1.17
1568,11823,1248.55,1.17
1569,11825,670.38,1.17
1570,4619,1.2,1.17
1571,4603,4.72,1.17
1572,11826,1301.43,1.17
1573,11695,253.91,1.17
1574,4601,2.16,1.17
1575,11694,0.65,1.17
1576,11696,88.79,1.17
1577,11697,778.73,1.17
1578,11698,195.22,1.17
1579,11699,90.38,1.17
1580,11700,131.31,1.17
1581,11701,1325.93,1.17
1582,11702,862.76,1.17
1583,11703,652.4,1.17
1584,11704,447.44,1.17
1585,11705,960.46,1.17
1586,11706,735.48,1.17
1587,11707,832.56,1.17
1588,11708,353.68,1.17
1589,11709,330.93,1.17
1590,11710,153.36,1.17
1591,11711,970.0,1.17
1592,11712,710.28,1.17
1593,11713,1053.66,1.17
1594,11714,973.32,1.17
1595,11715,414.03,1.17
1596,11716,255.86,1.17
1597,11717,738.19,1.17
1598,11718,751.55,1.17
1599,11719,620.14,1.17
1600,11720,633.9,1.17
1601,11721,383.84,1.17
1602,11722,375.42,1.17
1603,11723,180.48,1.17
1604,11724,202.33,1.17
1605,11725,123.73,1.17
1606,11726,367.45,1.17
1607,11727,162.66,1.17
1608,11728,117.28,1.17
1609,11827,505.52,1.17
1610,11829,1.39,1.17
1611,11730,328.51,1.17
1612,11731,188.74,1.17
1613,11729,1.16,1.17
1614,11828,0.56,1.17
1615,11732,150.93,1.17
1616,11733,101.75,1.17
1617,11734,149.11,1.17
1618,11735,14.37,1.17
1619,11736,11.14,1.17
1620,11737,2.88,1.17
1621,11738,58.29,1.17
1622,11739,42.23,1.17
1623,11740,70.37,1.17
1624,11741,26.51,1.17
1625,11742,89.89,1.17
1626,11743,27.99,1.17
1627,11744,214.23,1.17
1628,11745,1130.24,1.17
1629,11746,165.7,1.17
1630,11747,133.82,1.17
1631,11748,720.98,1.17
1632,11749,444.32,1.17
1633,11750,223.62,1.17
1634,11751,1534.18,1.17
1635,11752,12.58,1.17
1636,11832,661.8,1.17
1637,11753,1607.78,1.17
1638,11830,11.95,1.17
1639,11831,671.71,1.17
1640,11833,475.77,1.17
1641,11754,25.5,1.17
1642,11834,252.86,1.17
1643,11755,294.66,1.17
1644,11756,747.94,1.17
1645,11757,150.16,1.17
1646,11758,71.39,1.17
1647,11759,67.83,1.17
1648,11760,134.6,1.17
1649,11761,12.46,1.17
1650,11762,40.52,1.17
1651,11763,818.58,1.17
1652,11764,537.38,1.17
1653,11765,276.97,1.17
1654,11766,128.76,1.17
1655,11767,35.22,1.17
1656,11863,809.97,1.17
1657,11882,2052.38,1.17
1658,10148,1996.17,1.17
1659,11865,669.87,1.17
1660,10146,797.5,1.17
1661,11884,2356.09,1.17
1662,5806,2053.5,1.17
1663,10181,1555.88,1.17
1664,10176,1546.49,1.17
1665,11887,76.08,1.17
1666,11909,259.09,1.17
1667,11911,993.77,1.17
1668,11928,1913.8,1.17
1669,11868,1587.42,1.17
1670,11888,1620.08,1.17
1671,11889,2394.61,1.17
1672,11890,1423.29,1.17
1673,11912,3313.44,1.17
1674,11913,2649.24,1.17
1675,11870,1250.27,1.17
1676,11891,1655.53,1.17
1677,10197,1659.24,1.17
1678,10195,2208.9,1.17
1679,11893,1152.09,1.17
1680,11915,862.87,1.17
1681,11916,3270.69,1.17
1682,12308,1975.94,1.17
1683,12000,1772.02,1.17
1684,11872,821.2,1.17
1685,11894,1670.5,1.17
1686,11895,2775.88,1.17
1687,11896,1741.7,1.17
1688,11918,797.02,1.17
1689,11919,2585.5,1.17
1690,11920,1200.93,1.17
1691,6243,2067.23,1.17
1692,11873,903.31,1.17
1693,11897,734.7,1.17
1694,11898,1264.81,1.17
1695,11899,610.41,1.17
1696,11921,2606.33,1.17
1697,11922,1574.68,1.17
1698,11874,789.98,1.17
1699,11900,572.16,1.17
1700,11901,1205.34,1.17
1701,6010,1264.56,1.17
1702,11923,2461.54,1.17
1703,6031,570.32,1.17
1704,11930,571.19,1.17
1705,11903,676.85,1.17
1706,11904,281.24,1.17
1707,11905,356.74,1.17
1708,11877,300.25,1.17
1709,11906,1699.75,1.17
1710,11925,1657.92,1.17
1711,11992,1555.99,1.17
1712,11931,657.02,1.17
1713,11908,568.91,1.17
1714,11927,1325.45,1.17
1715,11932,261.24,1.17
1716,11835,1138.79,1.17
1717,11836,882.04,1.17
1718,11837,3242.09,1.17
1719,2854,132.28,1.17
1720,4273,246.84,1.17
1721,4285,69.56,1.17
1722,11838,173.22,1.17
1723,11839,558.7,1.17
1724,11840,157.81,1.17
1725,11841,213.79,1.17
1726,11842,112.14,1.17
1727,11843,132.46,1.17
1728,11844,54.58,1.17
1729,11845,567.51,1.17
1730,11846,601.53,1.17
1731,11848,269.88,1.17
1732,11850,1557.96,1.17
1733,11852,791.75,1.17
1734,11853,102.53,1.17
1735,11854,180.95,1.17
1736,11856,589.18,1.17
1737,11857,52.33,1.17
1738,11858,61.27,1.17
1739,11859,332.29,1.17
1740,12020,100.18,1.17
1741,6762,744.76,1.17
1742,6771,108.04,1.17
1743,6778,373.54,1.17
1744,10226,135.79,1.17
1745,10237,170.09,1.17
1746,10244,664.58,1.17
1747,10250,4443.09,1.17
1748,10251,449.4,1.17
1749,6782,505.08,1.17
1750,10230,154.49,1.17
1751,10234,269.69,1.17
1752,10246,338.9,1.17
1753,10254,3678.11,1.17
1754,10232,844.28,1.17
1755,10263,312.7,1.17
1756,10264,333.42,1.17
1757,11933,7392.9,1.17
1758,11934,619.12,1.17
1759,11935,1758.38,1.17
1760,11936,1488.29,1.17
1761,9881,725.0,1.17
1762,12027,651.52,1.17
1763,11937,682.5,1.17
1764,12028,325.69,1.17
1765,6830,82.17,1.17
1766,11938,505.25,1.17
1767,11939,778.95,1.17
1768,6846,164.37,1.17
1769,12014,301.89,1.17
1770,11940,769.84,1.17
1771,3734,1688.78,1.17
1772,4018,712.94,1.17
1773,11941,86.02,1.17
1774,11942,364.86,1.17
1775,4200,1280.31,1.17
1776,6323,4498.89,1.17
1776,10124,1869.05,1.17
1777,12009,1035.09,1.17
1778,7031,1804.43,1.17
1779,9872,0.0,1.17
1780,9883,0.0,1.17
1781,6845,0.0,1.17
1782,7614,0.0,1.17
1783,9425,0.0,1.17
1784,9526,0.0,1.17
1785,10275,0.0,1.17
1786,6987,0.0,1.17
1787,7001,0.0,1.17
1788,6264,0.0,1.17
1789,10124,0.0,1.17
1790,6323,0.0,1.17
1791,10462,430.2382769,1.17
1791,10463,1286.231897,1.17
1791,12973,1076.762376,1.17
1792,1821,41.05,1.17
1792,4238,1625.303122,1.17
1792,11563,467.106319,1.17
1792,11564,2190.368953,1.17
1793,2577,395.021541,1.17
1793,2630,240.35,1.17
1793,10456,1534.578067,1.17
1793,10457,1168.560114,1.17
1794,1799,768.9584482,1.17
1794,1800,720.0001691,1.17
1794,12882,669.552882,1.17
1795,1797,0.0,1.17
1795,1798,130.325324,1.17
1795,10457,82.23,1.17
1796,1797,217.1699709,1.17
1796,10457,1225.517038,1.17
1796,10458,1096.380143,1.17
1797,1795,34.755324,1.17
1797,1796,142.5563448,1.17
1797,1801,216.6831318,1.17
1797,10464,411.8746469,1.17
1798,1795,82.23,1.17
1798,10463,1685.360653,1.17
1798,10464,1320.185257,1.17
1798,10469,475.6456068,1.17
1799,1794,328.2953855,1.17
1799,4236,345.0284482,1.17
1799,11562,423.93,1.17
1800,1794,684.72,1.17
1800,4237,413.9476656,1.17
1800,11569,334.1125035,1.17
1801,1797,255.7163448,1.17
1801,1807,427.1628346,1.17
1801,5117,477.5031318,1.17
1801,10458,789.0908253,1.17
1802,2733,1208.976675,1.17
1802,5123,706.03,1.17
1802,10458,1067.599868,1.17
1802,12915,399.21,1.17
1803,2732,587.2144934,1.17
1803,2733,430.09,1.17
1803,12916,7456.956056,1.17
1804,2732,580.86,1.17
1804,2733,642.34,1.17
1804,5124,6092.766716,1.17
1805,1803,7389.657247,1.17
1805,2734,590.5564587,1.17
1805,2735,382.7768016,1.17
1806,2180,5623.662024,1.17
1806,2734,854.38,1.17
1806,2735,785.64,1.17
1807,1801,599.7971701,1.17
1807,5110,1669.329473,1.17
1807,5111,2200.950393,1.17
1808,1809,848.1106728,1.17
1808,1886,834.8305983,1.17
1808,5111,2243.506643,1.17
1808,10314,1869.926034,1.17
1809,1808,699.6869129,1.17
1809,1811,1021.167162,1.17
1809,10312,816.0150009,1.17
1809,10459,437.9,1.17
1810,1824,612.3079118,1.17
1810,4238,1546.871845,1.17
1810,11569,821.5852098,1.17
1810,11570,655.7458499,1.17
1811,1809,974.3619139,1.17
1811,1812,1135.353132,1.17
1811,3996,221.9906728,1.17
1811,10459,256.3,1.17
1812,1811,948.1167008,1.17
1812,2732,1580.503326,1.17
1812,10310,1099.090227,1.17
1812,10453,1044.282341,1.17
1813,1816,51.44,1.17
1813,2633,536.4774123,1.17
1813,10310,1014.958482,1.17
1813,12928,417.7001652,1.17
1814,5127,861.8569255,1.17
1814,10311,154.5981445,1.17
1814,12928,1071.478462,1.17
1815,1821,107.986319,1.17
1815,6496,293.7895311,1.17
1815,11570,166.54,1.17
1816,1813,49.63735092,1.17
1816,1817,310.2549009,1.17
1816,1820,95.16684575,1.17
1816,3996,282.545213,1.17
1817,1816,326.2720588,1.17
1817,2637,96.75264908,1.17
1817,5125,452.3006728,1.17
1817,10313,345.0912988,1.17
1818,1819,644.9499935,1.17
1818,5126,900.3713321,1.17
1818,5808,909.8415421,1.17
1818,11867,408.6575118,1.17
1819,1818,588.9413733,1.17
1819,5125,526.1799935,1.17
1819,11868,255.8905108,1.17
1820,1816,125.911579,1.17
1820,9636,262.720502,1.17
1820,10312,723.88,1.17
1820,10313,633.1313447,1.17
1821,1792,107.986319,1.17
1821,1815,41.05,1.17
1822,1836,127.4777133,1.17
1822,11574,2244.786618,1.17
1822,11575,235.699045,1.17
1823,1822,1473.406618,1.17
1823,1838,477.0836886,1.17
1823,1839,227.385601,1.17
1823,11575,86.51,1.17
1824,1810,734.4831775,1.17
1824,1828,665.3979118,1.17
1824,1832,68.86,1.17
1825,1826,1325.632589,1.17
1825,5112,1888.989189,1.17
1825,11868,1560.38479,1.17
1825,12261,479.5480453,1.17
1826,1825,1911.831262,1.17
1826,5808,471.5767662,1.17
1826,11869,623.5165986,1.17
1826,11888,723.6186682,1.17
1827,2279,80.08,1.17
1827,2281,747.8931482,1.17
1827,10932,928.4204741,1.17
1827,10935,595.71,1.17
1828,1824,803.3431775,1.17
1828,1835,182.9408135,1.17
1828,1838,883.8627723,1.17
1828,11575,217.09,1.17
1829,2333,157.1981704,1.17
1829,4986,359.35,1.17
1829,6472,25.4,1.17
1829,10935,478.3351724,1.17
1830,2285,587.1323011,1.17
1830,2295,0.0,1.17
1830,4985,2144.650765,1.17
1830,10936,1615.426164,1.17
1831,2286,197.09,1.17
1831,2293,300.6592335,1.17
1831,10936,1136.454183,1.17
1831,12941,1525.072103,1.17
1832,1824,53.09,1.17
1832,1835,163.5663188,1.17
1832,11570,355.533681,1.17
1833,2297,505.565047,1.17
1833,10937,951.0180022,1.17
1833,11651,436.9,1.17
1834,2297,430.6828424,1.17
1834,2723,388.41,1.17
1834,9658,81.46,1.17
1834,10719,458.24,1.17
1835,1828,63.57,1.17
1835,1832,286.673681,1.17
1835,4677,182.9408135,1.17
1835,11576,205.0251837,1.17
1836,1822,800.869045,1.17
1836,1839,811.8233681,1.17
1836,11580,439.8877133,1.17
1837,2723,65.83,1.17
1837,10714,151.25,1.17
1837,10715,149.2770698,1.17
1837,10719,51.14,1.17
1838,1823,925.1662771,1.17
1838,1828,845.0589771,1.17
1838,11576,809.1492922,1.17
1838,11582,692.7679118,1.17
1839,1823,945.885446,1.17
1839,11581,728.073864,1.17
1840,9652,1482.445519,1.17
1840,10708,1470.6,1.17
1840,10715,155.59,1.17
1840,12950,472.4471576,1.17
1841,9652,1396.251258,1.17
1841,10089,1663.881097,1.17
1841,10710,1654.880924,1.17
1841,10716,1039.048846,1.17
1842,1843,11.71,1.17
1842,8872,50.41706641,1.17
1842,12957,0.0,1.17
1843,1842,50.41706641,1.17
1843,2013,1575.115853,1.17
1843,8328,2092.712904,1.17
1844,1851,662.2754602,1.17
1844,11228,559.8223393,1.17
1844,11582,739.6913977,1.17
1845,1846,663.0406342,1.17
1845,4258,184.0501487,1.17
1845,6510,141.946895,1.17
1845,12918,859.8096479,1.17
1846,1845,738.5609925,1.17
1846,4258,947.954786,1.17
1846,10161,1692.677617,1.17
1847,1856,363.7,1.17
1847,1916,286.06,1.17
1847,2607,781.812228,1.17
1847,2608,320.022327,1.17
1848,1849,1372.871388,1.17
1848,10161,903.3116809,1.17
1848,11588,330.6275287,1.17
1849,1848,1196.37921,1.17
1849,4674,1158.747617,1.17
1849,4675,214.1237704,1.17
1850,1851,343.3059423,1.17
1850,11587,464.7006337,1.17
1850,11588,207.6637704,1.17
1851,1844,799.1844801,1.17
1851,1850,176.493105,1.17
1851,4674,720.8883201,1.17
1852,2612,564.1462345,1.17
1852,2613,571.6332446,1.17
1852,10466,837.0899185,1.17
1852,12960,1029.912341,1.17
1853,4674,813.7947727,1.17
1853,9834,0.0,1.17
1853,9835,928.5264844,1.17
1854,1864,414.49,1.17
1854,2176,1941.134256,1.17
1854,2613,846.1548474,1.17
1854,2726,537.7132446,1.17
1855,2721,1286.716762,1.17
1855,10472,105.61,1.17
1855,10478,1285.760344,1.17
1856,1847,485.072327,1.17
1856,2720,199.68,1.17
1856,10724,1024.14,1.17
1856,10728,964.87,1.17
1857,1858,817.8648531,1.17
1857,1929,219.93,1.17
1857,2720,552.8546481,1.17
1857,10478,738.6940537,1.17
1858,1857,944.0087019,1.17
1858,1859,501.1973046,1.17
1858,2687,636.6069088,1.17
1858,10485,649.2958293,1.17
1859,1858,309.1078851,1.17
1859,1862,132.2334349,1.17
1859,10478,542.7827081,1.17
1860,3489,287.8057184,1.17
1860,3499,604.4486749,1.17
1860,3500,580.5138327,1.17
1860,3536,9.54,1.17
1861,1866,368.0119396,1.17
1861,3538,211.1223279,1.17
1862,1859,45.73540345,1.17
1862,1863,684.5804651,1.17
1862,10479,173.5065014,1.17
1862,10485,290.5334349,1.17
1863,1862,335.9565014,1.17
1863,9640,763.0904651,1.17
1863,10478,0.0,1.17
1864,1854,439.0074938,1.17
1864,2614,490.8106167,1.17
1864,2721,834.6108647,1.17
1864,10472,962.1104734,1.17
1865,9640,335.9565014,1.17
1865,10472,1725.571259,1.17
1865,10473,946.1427766,1.17
1866,1861,211.1223279,1.17
1866,3540,219.5219396,1.17
1866,3541,170.68,1.17
1867,2615,156.32,1.17
1867,5108,0.0,1.17
1867,10466,620.5045187,1.17
1867,12962,797.8045282,1.17
1868,1875,205.7235683,1.17
1868,1892,258.1707977,1.17
1868,3541,651.6041086,1.17
1869,1880,309.9076043,1.17
1869,3502,367.2560647,1.17
1870,2178,1485.409326,1.17
1870,2728,2643.65963,1.17
1870,2729,1267.690541,1.17
1871,1874,316.6,1.17
1871,2728,1517.337421,1.17
1871,5102,1136.342286,1.17
1871,10467,554.4961372,1.17
1872,1873,301.220168,1.17
1872,1874,577.4284017,1.17
1872,10468,695.0468842,1.17
1873,1872,416.7654582,1.17
1873,1883,318.280168,1.17
1873,5104,86.42,1.17
1873,10474,194.73,1.17
1874,1871,517.7555448,1.17
1874,1872,699.3651915,1.17
1874,10474,472.9446361,1.17
1875,1868,640.0889149,1.17
1875,11464,205.7235683,1.17
1876,1879,307.9246361,1.17
1876,10474,833.5769708,1.17
1876,10475,42.9,1.17
1877,3467,140.8426517,1.17
1877,3487,337.66,1.17
1877,3502,575.526973,1.17
1877,9319,680.3869807,1.17
1878,2414,347.989886,1.17
1878,2631,1498.599656,1.17
1878,10480,1856.359554,1.17
1879,1876,635.4931385,1.17
1879,1944,370.2127899,1.17
1879,9638,304.175213,1.17
1879,10481,667.5439416,1.17
1880,1869,367.2560647,1.17
1880,3503,12.75,1.17
1880,11464,297.1576043,1.17
1881,1882,903.425213,1.17
1881,5073,586.4857749,1.17
1881,5106,135.6103342,1.17
1882,1881,666.4061091,1.17
1882,1883,771.9989712,1.17
1882,10475,439.475213,1.17
1883,1873,485.3454582,1.17
1883,1882,552.5257749,1.17
1883,10469,497.7972785,1.17
1884,11825,1391.436165,1.17
1884,12736,2208.65,1.17
1885,2181,10550.69401,1.17
1885,2736,1111.145012,1.17
1885,2737,748.4480454,1.17
1886,1808,1160.545774,1.17
1886,1891,623.536142,1.17
1886,2736,1569.75052,1.17
1886,10471,1115.095213,1.17
1887,2736,892.2235414,1.17
1887,2737,1191.48,1.17
1887,5790,8892.498399,1.17
1888,2737,2188.826813,1.17
1888,10318,1566.32,1.17
1888,10483,670.7530717,1.17
1889,3517,1120.8552,1.17
1889,3529,560.9786121,1.17
1889,3531,986.9165017,1.17
1890,2016,193.6442271,1.17
1890,10316,506.9394942,1.17
1890,10318,990.5234427,1.17
1890,10319,763.4634689,1.17
1891,1886,779.7197862,1.17
1891,10314,756.3352675,1.17
1891,10316,251.97,1.17
1892,1868,173.3031508,1.17
1892,3542,135.2741096,1.17
1892,7288,227.26,1.17
1892,12245,513.2290838,1.17
1893,3531,498.4355157,1.17
1893,3532,537.024729,1.17
1893,7287,1134.290857,1.17
1893,10031,334.9745868,1.17
1894,2920,848.151876,1.17
1894,2921,627.9808651,1.17
1894,5789,10430.02351,1.17
1895,2654,8603.593724,1.17
1895,2920,520.6295734,1.17
1895,2921,1139.735356,1.17
1896,2921,2432.795267,1.17
1896,11871,821.6723022,1.17
1896,11872,1569.626461,1.17
1896,11891,579.85,1.17
1897,4731,760.9075343,1.17
1897,7534,687.5005652,1.17
1898,2011,0.0,1.17
1898,7021,968.1886619,1.17
1898,10358,2266.391698,1.17
1899,4956,446.1576937,1.17
1899,7312,308.4606666,1.17
1899,7315,629.4010453,1.17
1899,11679,640.74,1.17
1900,3569,1327.691277,1.17
1900,3570,877.1200494,1.17
1900,11414,264.0804414,1.17
1901,3497,559.158317,1.17
1901,11465,1122.112325,1.17
1901,11466,62.63069597,1.17
1902,1904,20.74,1.17
1902,4946,319.7486992,1.17
1902,11653,406.54,1.17
1903,3550,271.7419245,1.17
1903,3561,873.7324525,1.17
1903,11466,383.4963365,1.17
1904,1902,75.02869921,1.17
1904,11653,535.3515332,1.17
1904,11656,610.3202262,1.17
1905,3254,742.3353613,1.17
1905,3774,477.2842816,1.17
1905,3775,2.94,1.17
1906,2214,167.21,1.17
1906,2331,1435.561232,1.17
1906,4905,314.59,1.17
1907,1967,260.2025439,1.17
1907,4905,1217.269361,1.17
1907,10731,1213.880498,1.17
1907,11654,533.5537915,1.17
1908,1911,75.71481973,1.17
1908,3771,122.9032058,1.17
1908,3776,141.1595775,1.17
1908,11589,137.0402115,1.17
1909,1910,1516.503568,1.17
1909,2454,1709.964689,1.17
1909,2455,654.7951724,1.17
1909,12641,3386.532672,1.17
1910,1909,1081.130639,1.17
1910,2454,37.01,1.17
1910,2455,403.1630403,1.17
1910,10898,2793.964975,1.17
1911,1908,161.6202115,1.17
1911,1915,273.2380227,1.17
1911,11590,555.3174012,1.17
1912,1913,432.3875203,1.17
1912,2413,503.98,1.17
1912,10732,1512.13199,1.17
1912,10733,978.085096,1.17
1912,10735,1398.845394,1.17
1913,1912,208.0,1.17
1913,1914,553.7375203,1.17
1913,10733,280.66,1.17
1914,501,56.16,1.17
1914,1913,488.66,1.17
1914,2226,391.7856108,1.17
1914,10727,762.6627566,1.17
1914,10729,635.48,1.17
1915,1911,706.4276127,1.17
1915,3560,186.6506268,1.17
1915,3561,427.6395753,1.17
1916,1847,592.5685283,1.17
1916,1917,183.46,1.17
1916,10727,82.78112437,1.17
1916,10730,186.68,1.17
1917,1916,236.4157596,1.17
1917,1929,270.34,1.17
1917,10728,1150.571181,1.17
1917,10730,924.39,1.17
1918,1919,495.5716795,1.17
1918,3782,74.07,1.17
1918,3783,467.4762723,1.17
1918,3784,159.6646415,1.17
1919,1918,485.1601319,1.17
1919,1921,460.3656876,1.17
1919,3777,621.1253613,1.17
1919,3781,360.199678,1.17
1920,1922,82.33,1.17
1920,1928,743.81,1.17
1920,10729,559.270847,1.17
1920,10730,412.3046264,1.17
1921,1919,253.43,1.17
1921,1924,361.7070513,1.17
1921,3777,140.93,1.17
1921,11591,265.7565932,1.17
1922,1920,165.1607334,1.17
1922,10733,42.82,1.17
1922,10734,116.02,1.17
1923,2680,1323.431873,1.17
1923,10734,140.1707334,1.17
1923,10735,1261.91,1.17
1924,1921,181.67,1.17
1924,3776,167.8632058,1.17
1924,3778,381.8670513,1.17
1924,3787,206.5038035,1.17
1925,11592,409.223203,1.17
1925,12447,322.7287325,1.17
1925,12516,564.2643702,1.17
1926,1930,298.1706609,1.17
1926,1931,269.2794584,1.17
1926,3783,488.1216795,1.17
1926,11593,421.1056113,1.17
1927,1933,184.18,1.17
1927,1934,815.9053945,1.17
1927,10490,531.97,1.17
1927,10494,303.3933444,1.17
1928,1920,823.31474,1.17
1928,1929,307.97,1.17
1928,1932,643.48,1.17
1928,10490,352.38,1.17
1929,1857,276.38,1.17
1929,1917,302.8911115,1.17
1929,1928,246.51,1.17
1929,10484,275.33,1.17
1930,1926,279.1970513,1.17
1930,1931,2.78,1.17
1930,3803,150.64,1.17
1930,3809,448.3712427,1.17
1931,1926,251.8,1.17
1931,1930,4.45,1.17
1931,3805,272.0594584,1.17
1932,1928,725.76474,1.17
1932,1933,1145.740344,1.17
1932,2685,0.5,1.17
1932,10488,904.4888908,1.17
1933,1927,186.98,1.17
1933,1932,1623.233631,1.17
1933,1934,958.7603437,1.17
1934,1927,623.8633444,1.17
1934,1933,1439.053631,1.17
1934,10491,1066.505394,1.17
1934,10495,708.1603437,1.17
1935,1936,296.4481352,1.17
1935,1941,36.1,1.17
1935,3806,322.9394584,1.17
1936,1935,359.0394584,1.17
1936,3805,274.54,1.17
1936,3811,139.351413,1.17
1937,1938,885.07,1.17
1937,5030,731.72,1.17
1937,10494,781.8766556,1.17
1937,10495,2075.053068,1.17
1938,1937,1256.625354,1.17
1938,1939,158.89,1.17
1938,10492,1053.25,1.17
1939,1938,168.18,1.17
1939,2719,804.178314,1.17
1939,10807,905.3068522,1.17
1940,2631,0.0,1.17
1940,2687,28.97246753,1.17
1940,10485,314.9928972,1.17
1940,10489,231.37,1.17
1941,1935,39.86813518,1.17
1941,3807,115.3032284,1.17
1941,11594,108.16,1.17
1942,1943,258.6593054,1.17
1942,2631,1442.825361,1.17
1942,2686,1281.739374,1.17
1942,10489,172.4611244,1.17
1943,1942,265.1908425,1.17
1943,2632,258.6593054,1.17
1943,2686,0.0,1.17
1944,1879,399.0593054,1.17
1944,2632,544.3308425,1.17
1944,10486,499.48,1.17
1945,3806,256.58,1.17
1945,3807,389.01,1.17
1945,11517,443.7326869,1.17
1946,10486,271.62,1.17
1946,10807,1624.547697,1.17
1946,10812,792.4345267,1.17
1946,10813,1114.360883,1.17
1947,1986,0.0,1.17
1947,2740,988.2,1.17
1947,10812,1632.089181,1.17
1947,10813,196.759407,1.17
1948,1949,261.69,1.17
1948,1950,226.89,1.17
1948,10486,610.3736634,1.17
1949,1948,323.3436634,1.17
1949,1950,358.8114783,1.17
1949,1951,551.7751915,1.17
1949,10487,736.3507266,1.17
1950,1948,287.03,1.17
1950,1949,649.6907266,1.17
1950,2754,469.5921857,1.17
1950,10813,657.5134804,1.17
1951,1949,219.1946361,1.17
1951,2403,551.7751915,1.17
1951,3992,0.0,1.17
1952,1954,2571.00932,1.17
1952,2456,72.27,1.17
1952,2457,1208.76,1.17
1952,10889,3598.588429,1.17
1953,1955,540.6265288,1.17
1953,2016,0.0,1.17
1953,2367,437.3034712,1.17
1953,10318,1281.178397,1.17
1954,1952,2372.608429,1.17
1954,2456,0.0,1.17
1954,2457,559.0413453,1.17
1954,12593,3509.079262,1.17
1955,1953,569.6918549,1.17
1955,1957,727.8140081,1.17
1955,10320,929.8553945,1.17
1955,10487,587.8746405,1.17
1956,2164,10705.79519,1.17
1957,1955,647.972456,1.17
1957,1958,661.9840081,1.17
1957,2365,680.5055522,1.17
1957,10321,339.87,1.17
1958,1957,626.0194222,1.17
1958,1962,234.0254733,1.17
1958,10493,628.6185348,1.17
1959,1956,10705.79519,1.17
1960,1961,8172.920296,1.17
1961,2167,8172.920296,1.17
1962,1958,609.2986356,1.17
1962,2739,1747.165645,1.17
1962,7490,1265.81,1.17
1962,10498,167.31,1.17
1963,3825,75.09,1.17
1963,3826,317.911841,1.17
1963,3829,294.1732251,1.17
1963,11595,415.6070513,1.17
1964,1968,99.34141302,1.17
1964,1969,17.78,1.17
1964,3823,0.0,1.17
1965,1968,95.79,1.17
1965,1971,433.9029487,1.17
1965,1996,385.8334951,1.17
1965,12553,125.55,1.17
1966,2083,1884.786075,1.17
1966,5082,1104.868846,1.17
1966,10697,669.22518,1.17
1966,10698,719.8656225,1.17
1967,1907,524.8777508,1.17
1967,10737,608.9627701,1.17
1967,11657,471.7992321,1.17
1968,1964,17.78,1.17
1968,1965,251.291413,1.17
1968,3830,78.01,1.17
1969,1964,99.34141302,1.17
1969,1971,99.04,1.17
1969,3824,67.57,1.17
1970,2413,1105.647417,1.17
1970,5023,1786.304606,1.17
1970,10740,1532.958518,1.17
1970,10746,343.17,1.17
1971,1965,306.1920821,1.17
1971,1969,49.79,1.17
1971,1977,532.9429487,1.17
1972,2361,1159.932297,1.17
1972,2682,1438.468029,1.17
1972,2717,757.3456496,1.17
1972,5025,130.95,1.17
1973,1974,383.15,1.17
1973,2717,740.49,1.17
1973,5556,7.55,1.17
1974,1973,631.596587,1.17
1974,2360,141.26,1.17
1974,5616,241.89,1.17
1975,1976,51.2,1.17
1975,5026,360.86,1.17
1975,5030,1420.861236,1.17
1975,10496,686.77,1.17
1976,1975,89.99,1.17
1976,1978,0.0,1.17
1976,5031,16.19,1.17
1976,5036,51.2,1.17
1977,1971,355.9820821,1.17
1977,1984,470.1169792,1.17
1977,12549,140.390437,1.17
1978,1976,16.19,1.17
1978,1980,28.29,1.17
1978,10496,1572.68,1.17
1978,10497,1721.673939,1.17
1979,1980,400.43,1.17
1979,1981,40.41,1.17
1979,2360,240.5069519,1.17
1979,10496,512.19,1.17
1980,1978,30.96446819,1.17
1980,1979,593.1669519,1.17
1980,1983,374.946938,1.17
1980,11633,373.96,1.17
1981,1979,159.53,1.17
1981,2833,297.26,1.17
1981,5616,470.0930481,1.17
1982,1983,407.0155457,1.17
1982,11633,195.3230481,1.17
1982,11814,195.76,1.17
1983,1980,420.9069519,1.17
1983,1982,49.39,1.17
1983,5027,489.9610703,1.17
1983,10497,541.5544615,1.17
1984,1977,392.8165495,1.17
1984,11517,470.1169792,1.17
1984,12552,0.0,1.17
1985,5033,789.263303,1.17
1985,5036,89.99,1.17
1985,10497,548.1645267,1.17
1986,1947,402.25059,1.17
1986,1989,0.0,1.17
1986,2037,1627.299471,1.17
1986,5028,1506.365635,1.17
1987,1990,466.1739767,1.17
1987,10857,1236.103656,1.17
1987,10862,2388.016807,1.17
1987,10863,1904.670596,1.17
1988,2210,404.1004174,1.17
1988,8558,1744.675539,1.17
1988,10855,1630.317135,1.17
1989,1986,337.803893,1.17
1989,2038,266.14,1.17
1989,5027,470.179838,1.17
1990,1987,727.5987485,1.17
1990,2747,248.9140339,1.17
1990,10869,427.0169362,1.17
1991,6408,4.09,1.17
1991,6412,185.4129487,1.17
1991,11597,121.35,1.17
1992,3828,202.9570513,1.17
1992,6407,276.8793831,1.17
1992,6408,2.03,1.17
1993,10864,2285.237827,1.17
1993,10870,244.3609689,1.17
1993,10871,1063.01879,1.17
1993,12551,1127.49122,1.17
1994,5029,449.5505986,1.17
1994,7301,296.26,1.17
1994,10498,617.2190301,1.17
1995,1996,412.0629487,1.17
1995,6412,603.82,1.17
1995,11598,893.578437,1.17
1996,1965,408.7029487,1.17
1996,1995,381.5834951,1.17
1996,6410,21.02,1.17
1996,6411,18.96,1.17
1997,2738,2340.581364,1.17
1997,5130,2179.964606,1.17
1997,10322,645.99,1.17
1998,5130,2965.743034,1.17
1998,5983,1691.589515,1.17
1998,11873,565.1650902,1.17
1998,11874,317.32,1.17
1999,5241,81.24039239,1.17
1999,5258,292.3996076,1.17
1999,5260,312.6125324,1.17
1999,5275,29.69,1.17
2000,5246,409.4976989,1.17
2000,5265,324.01,1.17
2000,5266,196.6825324,1.17
2000,11660,365.13,1.17
2001,5612,429.83,1.17
2001,5632,524.2074561,1.17
2001,11819,418.455342,1.17
2002,5640,250.64,1.17
2002,5641,158.51,1.17
2002,5666,193.86,1.17
2002,7318,134.8571913,1.17
2003,5635,31.66,1.17
2003,5643,100.05,1.17
2003,11818,250.57,1.17
2004,5643,205.9843504,1.17
2004,5645,37.24,1.17
2004,5650,70.91,1.17
2005,5646,132.46,1.17
2005,5650,149.37,1.17
2005,11813,68.67,1.17
2005,11816,42.52,1.17
2006,5674,182.129951,1.17
2006,5675,375.38,1.17
2006,5706,382.57,1.17
2007,6421,898.3042729,1.17
2007,6422,274.3530389,1.17
2007,11598,485.51,1.17
2008,5388,541.65,1.17
2008,5400,0.24,1.17
2008,5401,175.9758822,1.17
2008,6762,362.2741178,1.17
2009,5364,176.6071913,1.17
2009,5722,144.87,1.17
2009,6502,661.53,1.17
2010,2014,4.99,1.17
2010,6423,0.0,1.17
2010,6425,418.1356823,1.17
2010,11599,150.95,1.17
2011,1898,286.0547534,1.17
2011,7022,1768.092512,1.17
2011,7878,1990.424002,1.17
2012,5806,922.3731524,1.17
2012,5808,137.1691117,1.17
2012,11867,1621.60919,1.17
2013,1843,2143.12997,1.17
2013,2022,200.2906677,1.17
2013,10366,1779.905447,1.17
2014,2010,20.48,1.17
2014,2015,68.43,1.17
2014,6426,91.23485322,1.17
2015,2014,111.7148532,1.17
2015,4047,14.94,1.17
2015,11599,180.75,1.17
2015,11601,434.7893831,1.17
2016,1890,314.2438845,1.17
2016,1953,242.5799653,1.17
2016,2017,0.0,1.17
2016,10320,193.6442271,1.17
2017,2016,37.09828755,1.17
2017,2392,132.450177,1.17
2017,10319,290.713274,1.17
2018,2100,5826.373268,1.17
2018,4904,1182.464849,1.17
2019,2103,10247.07342,1.17
2020,2100,175.8298724,1.17
2021,2020,175.8298724,1.17
2022,2013,266.9166601,1.17
2022,2023,200.2906677,1.17
2022,7021,1903.321887,1.17
2022,7132,1503.043758,1.17
2023,2022,266.9166601,1.17
2023,2040,1396.414342,1.17
2023,7023,2239.695778,1.17
2023,7470,478.7785408,1.17
2024,2025,411.9116928,1.17
2025,4906,411.9116928,1.17
2026,4006,10.52,1.17
2026,6413,391.1193831,1.17
2026,6414,154.9841956,1.17
2026,11597,313.31,1.17
2027,2039,342.46,1.17
2027,6424,82.3,1.17
2027,11600,301.6730389,1.17
2027,12646,557.3241956,1.17
2028,2029,128.82,1.17
2028,7184,0.0,1.17
2028,7470,57.87,1.17
2028,10367,47.61093336,1.17
2029,126,287.56,1.17
2029,2028,33.03,1.17
2029,7032,1086.747001,1.17
2029,8058,826.3435786,1.17
2030,2031,0.0,1.17
2030,7132,1779.88912,1.17
2030,7167,1353.480972,1.17
2031,2030,0.0,1.17
2031,7167,1334.698404,1.17
2031,10370,1561.941594,1.17
2032,7167,1833.565047,1.17
2032,7184,1046.944705,1.17
2032,7470,414.0896399,1.17
2032,12573,772.982916,1.17
2033,2174,8282.366912,1.17
2034,2033,8282.366912,1.17
2035,2036,7303.25567,1.17
2036,5052,7303.25567,1.17
2037,1986,1506.365635,1.17
2037,2038,1432.279838,1.17
2037,2186,3659.017394,1.17
2037,10498,660.9046055,1.17
2038,1989,807.983731,1.17
2038,2037,1971.296189,1.17
2038,5029,271.31,1.17
2038,11634,1403.98,1.17
2039,2027,400.9430389,1.17
2039,6428,171.88,1.17
2039,11602,287.39,1.17
2039,12644,250.2356823,1.17
2040,2023,1574.526485,1.17
2040,7167,2529.25506,1.17
2040,7470,1048.348118,1.17
2041,7184,1404.222115,1.17
2041,7189,965.5447046,1.17
2041,8995,81.4,1.17
2042,2043,931.4463549,1.17
2042,6420,0.0,1.17
2042,6421,546.93,1.17
2043,2042,546.93,1.17
2043,11541,662.3180414,1.17
2043,12631,269.1283135,1.17
2044,6439,356.5398136,1.17
2044,6443,138.9201221,1.17
2044,11601,322.93,1.17
2045,2070,252.91,1.17
2045,6430,12.12,1.17
2045,11602,305.6330389,1.17
2046,5219,1581.879805,1.17
2046,12710,2304.026872,1.17
2047,2046,1001.41706,1.17
2047,12709,0.0,1.17
2048,8239,8349.442548,1.17
2049,2387,5640.05656,1.17
2049,2913,1366.26533,1.17
2050,2051,1344.463667,1.17
2050,6708,2022.466951,1.17
2050,7473,1768.351599,1.17
2050,8324,1432.729229,1.17
2051,2050,1993.929077,1.17
2051,2056,1208.941676,1.17
2051,7461,667.1352003,1.17
2051,8324,695.8500435,1.17
2052,2053,1289.22,1.17
2053,12926,1289.22,1.17
2054,2055,1266.426742,1.17
2055,2263,1266.426742,1.17
2056,2051,1681.682071,1.17
2056,2057,1243.799945,1.17
2056,7461,2035.610058,1.17
2056,8322,1802.760676,1.17
2057,2056,1793.446859,1.17
2057,7499,13.17854772,1.17
2057,7557,1249.934373,1.17
2057,7565,1826.890794,1.17
2058,11861,3681.037002,1.17
2058,11862,3394.217159,1.17
2059,2389,7190.692548,1.17
2060,10154,5640.05656,1.17
2061,2127,0.0,1.17
2061,2877,1844.492179,1.17
2061,12589,1800.552667,1.17
2062,2855,833.6607341,1.17
2063,2062,833.6607341,1.17
2064,2065,3.47,1.17
2064,7508,906.4182282,1.17
2064,10375,1513.51796,1.17
2064,12614,427.7514442,1.17
2065,2064,425.2488175,1.17
2065,7567,1909.846408,1.17
2065,7568,1825.928718,1.17
2066,2219,1038.902509,1.17
2067,2066,1038.902509,1.17
2068,6909,304.43,1.17
2068,8311,195.6284597,1.17
2068,10611,434.8200546,1.17
2069,2084,147.8755672,1.17
2069,8696,923.115231,1.17
2069,10165,5.338186378,1.17
2069,10613,548.3217508,1.17
2070,2045,284.8030389,1.17
2070,2071,66.6201221,1.17
2070,2155,308.52,1.17
2070,6442,100.1506776,1.17
2071,2070,37.65,1.17
2071,6445,486.4370832,1.17
2071,11604,224.41,1.17
2072,3222,9203.769825,1.17
2072,4510,1037.174782,1.17
2073,2144,8731.465915,1.17
2074,2073,8731.465915,1.17
2075,2076,10017.79682,1.17
2076,2141,10017.79682,1.17
2077,2078,9834.957257,1.17
2078,2212,9834.957257,1.17
2079,2080,10266.44912,1.17
2080,2428,10266.44912,1.17
2081,2082,11827.48092,1.17
2082,2126,11827.48092,1.17
2083,1966,1377.840542,1.17
2083,2322,1852.725636,1.17
2083,10691,1100.734788,1.17
2083,10692,973.1324461,1.17
2084,2069,402.8932816,1.17
2084,2085,147.8755672,1.17
2084,4431,24.27446498,1.17
2085,2084,427.1677466,1.17
2085,10613,1768.379498,1.17
2085,10614,1246.519025,1.17
2086,2088,187.163514,1.17
2086,7670,721.4025205,1.17
2086,9626,357.4803233,1.17
2086,10629,471.0474213,1.17
2087,7670,2626.920906,1.17
2087,10077,866.1664227,1.17
2087,10635,2571.514731,1.17
2088,2086,106.8686321,1.17
2088,9627,499.633514,1.17
2088,10077,596.6659829,1.17
2089,2090,1150.151425,1.17
2089,9627,589.8115557,1.17
2089,10076,715.0068068,1.17
2089,10636,271.1365951,1.17
2090,2089,1375.364003,1.17
2090,8364,2953.640333,1.17
2090,10637,3625.339539,1.17
2091,7787,0.0,1.17
2091,10644,2789.339888,1.17
2091,10650,1939.864627,1.17
2092,2093,206.9023289,1.17
2092,2119,0.0,1.17
2092,7640,1572.046356,1.17
2092,10389,1265.226069,1.17
2093,2092,0.0,1.17
2093,7639,2527.388947,1.17
2093,7641,2426.765073,1.17
2094,4490,969.95,1.17
2094,8347,3798.925971,1.17
2095,2097,8526.538412,1.17
2096,2094,4768.875971,1.17
2096,4492,1322.235894,1.17
2097,10056,9736.027354,1.17
2098,4872,1056.232113,1.17
2098,10055,4945.971027,1.17
2099,2101,9654.40085,1.17
2100,2098,6002.20314,1.17
2101,2019,9242.489157,1.17
2101,2024,411.9116928,1.17
2102,2018,7008.838116,1.17
2102,7798,1872.011753,1.17
2103,7790,12064.08369,1.17
2104,7792,8880.849869,1.17
2105,10052,7081.644424,1.17
2105,10063,4982.439267,1.17
2106,8876,7432.225816,1.17
2107,2109,7238.214677,1.17
2107,8223,1367.116777,1.17
2108,2106,5931.405935,1.17
2108,8247,1678.13,1.17
2109,3926,9368.494677,1.17
2110,2108,7609.535935,1.17
2110,8260,1414.723287,1.17
2111,2112,10951.81861,1.17
2112,2113,278.0382449,1.17
2112,2123,8432.00644,1.17
2112,2124,2539.12942,1.17
2113,2114,1224.62,1.17
2113,2202,8705.122818,1.17
2114,2113,986.5103671,1.17
2114,2124,1173.619213,1.17
2114,2171,9024.259222,1.17
2115,2114,9598.939605,1.17
2115,12210,2325.251079,1.17
2116,2122,6559.288967,1.17
2117,2118,442.95,1.17
2117,2382,2371.258894,1.17
2118,2115,11924.19068,1.17
2119,2092,0.0,1.17
2119,2222,0.0,1.17
2119,7682,1745.773323,1.17
2119,7684,1492.843954,1.17
2120,2117,2814.208894,1.17
2120,4462,1126.15,1.17
2121,2129,0.2,1.17
2121,6449,250.96,1.17
2121,7612,321.8293831,1.17
2122,4462,2269.324479,1.17
2122,12359,7512.543159,1.17
2123,4462,8432.00644,1.17
2124,2112,297.3554942,1.17
2124,2114,360.8291971,1.17
2124,12209,9968.009029,1.17
2124,12213,3222.578671,1.17
2125,2118,11481.24068,1.17
2126,8546,2722.284849,1.17
2126,8550,9105.19607,1.17
2127,2061,0.0,1.17
2127,2877,823.0775082,1.17
2127,9206,0.0,1.17
2127,10882,958.4619253,1.17
2128,9206,0.0,1.17
2128,9210,431.6827776,1.17
2128,10881,1207.002322,1.17
2128,12587,1463.950692,1.17
2129,2121,0.91,1.17
2129,2158,526.9806776,1.17
2129,6452,314.3215982,1.17
2129,12800,152.9182042,1.17
2130,2154,8.56,1.17
2130,6453,4.58,1.17
2131,8551,0.0,1.17
2131,8552,1058.655324,1.17
2131,12153,10572.02559,1.17
2132,2134,8627.590105,1.17
2132,8551,941.2666831,1.17
2132,8552,172.1370306,1.17
2133,2136,3292.158891,1.17
2133,9032,7926.916492,1.17
2134,2135,2921.073221,1.17
2134,2210,6020.59355,1.17
2135,2134,314.0766659,1.17
2135,2137,9376.719839,1.17
2136,2131,9525.554311,1.17
2136,2133,137.67,1.17
2137,6635,6695.3672,1.17
2137,12143,2681.352639,1.17
2138,6636,904.8235801,1.17
2138,12143,4657.050185,1.17
2139,2210,4329.659289,1.17
2140,2133,11081.40538,1.17
2141,6638,8338.656596,1.17
2141,8559,1679.140222,1.17
2141,8563,0.0,1.17
2142,2074,8731.465915,1.17
2143,2075,10017.79682,1.17
2144,2146,6906.168439,1.17
2144,8570,1825.297476,1.17
2145,2143,8464.979779,1.17
2145,2211,2489.686301,1.17
2146,2148,8454.225983,1.17
2147,2145,10954.66608,1.17
2147,8584,357.4033199,1.17
2147,8587,1091.270572,1.17
2148,2150,8035.396055,1.17
2148,8584,808.0121761,1.17
2148,8587,778.4654636,1.17
2149,2147,10382.56501,1.17
2150,2346,2652.002083,1.17
2150,12717,5383.393972,1.17
2151,12639,1286.313164,1.17
2151,12640,1312.236942,1.17
2152,2449,2855.93213,1.17
2152,12636,1939.006793,1.17
2153,2321,468.8892825,1.17
2153,10916,220.91,1.17
2153,11193,810.8492224,1.17
2154,2130,4.58,1.17
2154,4231,322.8815982,1.17
2154,6452,418.6,1.17
2155,2070,296.4937165,1.17
2155,2158,427.41,1.17
2155,6444,34.95,1.17
2156,2149,7761.930805,1.17
2156,2151,1042.752999,1.17
2156,2448,843.0212334,1.17
2157,10887,957.0283958,1.17
2157,10893,680.1726559,1.17
2157,10894,1094.563189,1.17
2157,12774,1284.433812,1.17
2158,2129,462.5998025,1.17
2158,2155,255.9637165,1.17
2158,11604,487.1071586,1.17
2159,2156,9647.705037,1.17
2159,2452,702.9705478,1.17
2160,9208,1267.306189,1.17
2160,10880,1610.89391,1.17
2160,10887,922.5901641,1.17
2160,12584,2759.014592,1.17
2161,9208,1348.356417,1.17
2161,10881,1756.040707,1.17
2161,12581,1819.349489,1.17
2162,2581,0.0,1.17
2162,10433,1251.306377,1.17
2162,12796,378.43,1.17
2162,12797,531.1777414,1.17
2163,2172,281.86,1.17
2163,2230,1442.508862,1.17
2163,4140,428.45,1.17
2163,11607,675.03,1.17
2164,2159,10350.67559,1.17
2164,4532,355.1196016,1.17
2165,1960,8172.920296,1.17
2166,1959,10705.79519,1.17
2167,2887,1812.282741,1.17
2167,10042,6360.637555,1.17
2168,2915,1773.413949,1.17
2168,2916,1272.051276,1.17
2168,10044,6685.463543,1.17
2169,2915,1019.648999,1.17
2169,2916,1454.794836,1.17
2169,10037,9535.394169,1.17
2170,2110,9024.259222,1.17
2171,2170,9024.259222,1.17
2172,2163,414.55,1.17
2172,2194,476.1693224,1.17
2172,2247,217.21,1.17
2173,2225,783.7595722,1.17
2173,10908,487.1614372,1.17
2173,10909,737.3338253,1.17
2173,12658,114.180543,1.17
2174,2730,375.1848085,1.17
2174,10043,7907.182103,1.17
2175,2035,7303.25567,1.17
2176,5059,10952.99246,1.17
2177,2726,1718.714847,1.17
2177,5065,8490.113396,1.17
2178,2176,9011.858207,1.17
2179,2183,8377.506671,1.17
2180,2181,588.0819648,1.17
2180,2183,1952.560059,1.17
2180,2185,4825.145364,1.17
2181,2180,849.95,1.17
2181,2182,1921.200572,1.17
2181,5064,9622.187545,1.17
2182,1805,6694.014316,1.17
2182,2181,1254.562146,1.17
2182,2183,625.8841707,1.17
2183,1887,9335.95078,1.17
2183,2180,892.1753639,1.17
2183,2182,727.8247566,1.17
2184,2182,5925.435304,1.17
2184,2741,156.36,1.17
2185,2187,3814.437998,1.17
2185,2754,1187.647366,1.17
2186,2184,4854.657566,1.17
2186,2739,37.71,1.17
2186,2740,0.0,1.17
2187,2037,2578.875473,1.17
2187,2739,809.55,1.17
2187,2740,725.5179979,1.17
2188,2189,3358.436371,1.17
2188,6734,715.0615142,1.17
2189,2430,5682.512434,1.17
2190,2429,4801.006007,1.17
2191,2195,6107.344251,1.17
2191,4955,638.0222742,1.17
2192,9077,1050.323361,1.17
2192,11023,1120.601182,1.17
2192,11026,969.3764359,1.17
2192,12165,672.7664876,1.17
2193,2190,3871.955733,1.17
2193,4950,1208.691881,1.17
2194,2172,631.76,1.17
2194,2223,336.1,1.17
2194,4129,4.77,1.17
2194,11605,323.8293224,1.17
2195,9901,7913.899535,1.17
2196,2301,7695.327157,1.17
2196,6869,2264.470235,1.17
2197,9902,6331.011338,1.17
2198,7584,2144.288707,1.17
2198,12396,7511.887924,1.17
2199,2201,9794.493758,1.17
2200,2198,9656.176631,1.17
2200,7593,1151.895775,1.17
2201,2124,10136.02376,1.17
2202,12500,10808.07241,1.17
2203,2113,8665.194206,1.17
2203,2381,3914.87364,1.17
2204,2384,11714.55696,1.17
2205,8276,9226.603174,1.17
2205,8603,234.36,1.17
2206,12518,10965.94371,1.17
2207,8566,1106.820638,1.17
2207,8567,844.0969006,1.17
2207,12506,9200.785922,1.17
2208,2209,12098.25919,1.17
2208,8566,92.5763369,1.17
2208,8567,104.98,1.17
2209,2136,6371.065421,1.17
2209,2138,5561.873765,1.17
2209,8558,165.32,1.17
2210,2207,10754.35326,1.17
2211,2079,10266.44912,1.17
2212,4522,3182.531668,1.17
2212,12144,6652.425589,1.17
2213,2077,9834.957257,1.17
2214,1906,348.8236379,1.17
2214,2308,224.19,1.17
2214,10725,68.32,1.17
2214,10731,34.59,1.17
2215,2072,9464.187466,1.17
2216,8610,1832.451527,1.17
2216,9895,6602.624099,1.17
2217,9994,9934.73848,1.17
2218,2219,7327.906557,1.17
2218,8612,1011.631412,1.17
2219,2271,6704.189066,1.17
2219,2866,1662.62,1.17
2220,2063,833.6607341,1.17
2220,2217,8705.931147,1.17
2221,2222,0.0,1.17
2221,2277,0.0,1.17
2221,7725,391.2242287,1.17
2221,7728,331.7366036,1.17
2222,2119,0.0,1.17
2222,2221,0.0,1.17
2222,7683,517.3740155,1.17
2222,10395,415.8225186,1.17
2223,2194,243.1,1.17
2223,2242,366.7,1.17
2223,11605,41.41,1.17
2224,2163,765.25,1.17
2225,2173,515.4945674,1.17
2225,2229,415.2931816,1.17
2225,10902,979.506587,1.17
2225,12639,442.0870962,1.17
2226,1914,640.5221181,1.17
2226,6693,506.57,1.17
2226,10726,1103.085562,1.17
2226,10732,720.15,1.17
2227,2440,449.5396491,1.17
2227,10415,1653.997223,1.17
2227,12710,1599.163339,1.17
2228,12792,599.3298611,1.17
2228,12794,721.873659,1.17
2228,12795,0.0,1.17
2229,2225,646.084111,1.17
2229,10903,908.653655,1.17
2229,10909,724.0510316,1.17
2230,2247,44.91,1.17
2230,6515,1397.598862,1.17
2231,2232,1640.39,1.17
2231,2269,1790.993919,1.17
2232,9350,1976.262621,1.17
2233,2309,1055.352402,1.17
2233,2310,69.18,1.17
2233,2376,228.641228,1.17
2233,4536,1992.743529,1.17
2234,2242,9.61,1.17
2234,4232,56.9,1.17
2234,11606,47.48159822,1.17
2235,12794,7336.121592,1.17
2236,3246,4508.338641,1.17
2236,3583,3680.121232,1.17
2237,2246,121.1659597,1.17
2237,2255,255.9693224,1.17
2237,10073,341.1756698,1.17
2238,10910,583.1023451,1.17
2238,10911,446.8189672,1.17
2239,2244,0.0,1.17
2239,10911,560.7599315,1.17
2239,10912,820.3263917,1.17
2240,2255,372.2277566,1.17
2240,4241,303.9325294,1.17
2240,11606,137.75,1.17
2241,7489,648.1506877,1.17
2241,10921,417.318461,1.17
2241,12746,712.8079013,1.17
2242,2223,284.51,1.17
2242,2234,7.73,1.17
2242,4230,374.51,1.17
2243,2244,339.8478081,1.17
2243,10916,225.7835834,1.17
2243,10921,172.39,1.17
2244,2239,0.0,1.17
2244,2243,166.64,1.17
2244,10915,1621.935224,1.17
2244,11193,984.0481816,1.17
2245,2246,136.7756698,1.17
2245,11553,622.2710648,1.17
2245,11559,340.323796,1.17
2246,2237,50.55566978,1.17
2246,2245,304.1859597,1.17
2246,11606,86.22,1.17
2247,2172,194.3093224,1.17
2247,2224,44.72,1.17
2247,4241,262.12,1.17
2248,2254,402.9,1.17
2248,4242,254.693207,1.17
2248,11607,707.9837539,1.17
2249,2250,451.1216352,1.17
2249,2253,101.9005265,1.17
2249,12823,53.12350833,1.17
2250,2249,0.0,1.17
2250,2251,0.0,1.17
2250,12823,1035.054302,1.17
2250,12825,1417.926449,1.17
2251,2250,0.0,1.17
2251,2252,0.0,1.17
2251,12819,289.5627731,1.17
2251,12825,539.5989336,1.17
2252,2251,0.0,1.17
2252,2377,0.0,1.17
2252,12818,0.0,1.17
2252,12826,0.0,1.17
2253,2249,53.12350833,1.17
2253,10683,101.9005265,1.17
2253,10928,538.945461,1.17
2254,2248,525.088862,1.17
2254,2278,512.586793,1.17
2254,4246,33.7,1.17
2254,4247,143.66,1.17
2255,2237,441.4159597,1.17
2255,2240,406.3425294,1.17
2255,11608,226.2845496,1.17
2256,2257,468.2552597,1.17
2256,12742,277.9864281,1.17
2256,12808,42.8,1.17
2257,966,0.0,1.17
2257,2256,42.8,1.17
2257,11040,217.3153739,1.17
2257,11041,776.2579238,1.17
2258,4559,627.3886524,1.17
2258,11040,277.9214653,1.17
2258,12804,759.8253569,1.17
2259,4247,124.326793,1.17
2259,11577,186.0298403,1.17
2259,11608,325.9236446,1.17
2260,2261,422.0081114,1.17
2260,11825,2030.54,1.17
2260,12802,1353.301539,1.17
2261,2260,345.9453739,1.17
2261,11039,422.0081114,1.17
2262,2274,23.18,1.17
2262,11036,23.47,1.17
2262,11695,106.32,1.17
2263,2351,3606.059337,1.17
2263,2639,393.15,1.17
2264,2052,1289.22,1.17
2264,2350,1164.866113,1.17
2265,10135,685.6366305,1.17
2265,12926,617.3746438,1.17
2266,2580,1543.914868,1.17
2266,3398,3389.468199,1.17
2266,7498,2965.566108,1.17
2266,10423,1264.250169,1.17
2267,2268,2324.076063,1.17
2268,2189,2324.076063,1.17
2269,2270,1790.993919,1.17
2270,6713,1790.993919,1.17
2271,2856,2239.252989,1.17
2271,9896,4464.936077,1.17
2272,2220,7779.001054,1.17
2273,4762,352.29,1.17
2273,4893,0.0,1.17
2273,12885,237.0391267,1.17
2274,2262,48.24,1.17
2274,2276,0.93,1.17
2274,4578,0.0,1.17
2274,4893,22.25,1.17
2275,5219,1213.500547,1.17
2275,10420,209.5372742,1.17
2275,12705,1766.869263,1.17
2276,2274,2.08,1.17
2276,11666,320.98,1.17
2276,12886,380.4291267,1.17
2277,2221,0.0,1.17
2277,2343,66.24095152,1.17
2277,6728,432.6554224,1.17
2277,10401,255.7471722,1.17
2278,2254,606.698862,1.17
2278,2292,512.586793,1.17
2278,4249,0.0,1.17
2278,4250,0.0,1.17
2279,1827,122.57,1.17
2279,4997,80.08,1.17
2280,2281,757.45,1.17
2280,2285,731.4881704,1.17
2280,2333,78.82,1.17
2280,4983,83.42,1.17
2281,1827,472.6248659,1.17
2281,2280,592.47,1.17
2281,2282,534.166348,1.17
2281,2286,374.3551724,1.17
2282,2281,314.5832382,1.17
2282,2283,650.6327298,1.17
2282,2287,869.77,1.17
2282,10932,810.8036182,1.17
2283,2282,512.9392847,1.17
2283,2284,526.971122,1.17
2283,5012,431.6589289,1.17
2283,10933,683.5620577,1.17
2284,2283,308.2645393,1.17
2284,10929,561.401122,1.17
2284,10930,882.6317223,1.17
2285,1830,741.5281704,1.17
2285,2280,581.1423011,1.17
2285,2286,0.0,1.17
2285,4984,5.99,1.17
2286,1831,374.3551724,1.17
2286,2281,153.69,1.17
2286,2285,0.0,1.17
2286,2287,43.4,1.17
2287,2282,927.27,1.17
2287,2286,0.0,1.17
2287,12941,869.77,1.17
2288,705,650.69,1.17
2288,10930,360.7029885,1.17
2288,10933,801.0179423,1.17
2288,12942,985.6419,1.17
2289,703,256.7,1.17
2289,2290,1250.691515,1.17
2289,10931,488.2789529,1.17
2289,12893,1406.994558,1.17
2290,706,1642.43,1.17
2290,2289,1395.631175,1.17
2290,2291,775.5630346,1.17
2290,12942,832.6935838,1.17
2290,12943,566.4925803,1.17
2291,2290,1275.255155,1.17
2291,2293,143.702633,1.17
2291,10934,1130.724412,1.17
2291,12941,1202.937578,1.17
2292,2278,606.698862,1.17
2292,4254,17.17,1.17
2292,4255,171.3071734,1.17
2292,11978,464.9496196,1.17
2293,1831,50.91,1.17
2293,2291,502.6722259,1.17
2293,2294,235.232633,1.17
2294,2293,344.4529924,1.17
2294,2296,235.232633,1.17
2294,4999,0.0,1.17
2295,1830,0.0,1.17
2295,2398,0.0,1.17
2295,4999,0.0,1.17
2296,2294,344.4529924,1.17
2296,5000,141.6584114,1.17
2296,9677,137.99,1.17
2296,10937,378.962633,1.17
2297,1833,409.9753036,1.17
2297,1834,289.65,1.17
2297,2405,1170.52158,1.17
2297,4902,874.2433023,1.17
2298,2299,13027.36237,1.17
2298,6867,1747.104102,1.17
2299,2301,2153.154526,1.17
2299,3099,13672.63094,1.17
2300,2301,477.28,1.17
2300,2318,13261.3713,1.17
2301,2299,2753.049389,1.17
2301,10062,7572.712293,1.17
2302,2327,171.3071734,1.17
2302,4256,35.96,1.17
2302,4262,6.95,1.17
2302,12911,172.51,1.17
2303,2304,108.0814952,1.17
2303,2305,623.6647096,1.17
2303,11975,546.7501634,1.17
2303,11976,433.9364044,1.17
2304,2303,151.3318606,1.17
2304,4273,351.9397259,1.17
2304,11976,392.247434,1.17
2305,2303,741.0412453,1.17
2305,2327,757.3629403,1.17
2305,2332,428.1202741,1.17
2306,10689,138.8,1.17
2306,12832,726.3777023,1.17
2306,12833,516.5855909,1.17
2307,2598,0.0,1.17
2307,8871,38.78,1.17
2307,10684,869.9535332,1.17
2307,10685,1065.347188,1.17
2308,500,40.83,1.17
2308,2214,353.1336379,1.17
2308,2345,127.280049,1.17
2308,2359,6.03,1.17
2308,6692,285.61,1.17
2309,2233,88.32,1.17
2309,2376,14.81,1.17
2309,12654,10537.53063,1.17
2310,2233,973.1155053,1.17
2310,2312,7930.908171,1.17
2310,2376,680.2916633,1.17
2311,2309,8997.478228,1.17
2311,2884,1058.149823,1.17
2311,2885,214.9960917,1.17
2312,2314,7253.697243,1.17
2312,2884,661.3870107,1.17
2312,2885,528.0639174,1.17
2313,2311,8937.970155,1.17
2313,2882,907.1641923,1.17
2313,2883,776.81,1.17
2314,2316,8004.146043,1.17
2314,2882,297.1229893,1.17
2314,2883,0.0,1.17
2315,2313,10491.71435,1.17
2315,2878,444.2577289,1.17
2315,2879,1357.95256,1.17
2316,2878,827.10302,1.17
2316,2879,119.34,1.17
2316,9970,8411.233088,1.17
2317,2197,2705.809468,1.17
2317,2298,1115.84,1.17
2317,2318,1714.485465,1.17
2318,2397,13097.759,1.17
2318,6867,1878.097768,1.17
2319,2331,378.84,1.17
2319,4903,1257.009605,1.17
2319,11651,438.6005823,1.17
2320,10439,2083.014212,1.17
2320,12877,557.04,1.17
2320,12878,345.8248979,1.17
2320,12879,1246.225495,1.17
2321,2153,406.3883797,1.17
2321,11194,1168.496696,1.17
2321,11195,1188.060806,1.17
2322,2083,1415.319603,1.17
2322,2323,1700.118667,1.17
2322,8871,245.0530625,1.17
2322,10686,329.0987608,1.17
2323,2322,1357.895646,1.17
2323,2324,2124.46588,1.17
2323,10685,682.5421359,1.17
2323,10686,996.2641956,1.17
2324,2323,1621.816427,1.17
2324,2915,2434.512634,1.17
2324,10687,115.13,1.17
2325,2915,1651.959007,1.17
2325,2916,1971.690054,1.17
2325,10112,1893.273631,1.17
2325,10685,1652.34402,1.17
2326,10674,2172.549861,1.17
2326,10679,2140.779351,1.17
2327,2302,29.72,1.17
2327,2305,726.9190448,1.17
2327,12921,727.6429403,1.17
2328,4268,650.458862,1.17
2328,9386,330.5117693,1.17
2328,9387,378.3937986,1.17
2328,11836,518.2528266,1.17
2329,10656,3210.99188,1.17
2329,10662,2016.216676,1.17
2329,12672,1788.868585,1.17
2329,12679,921.7593732,1.17
2330,3838,911.6978019,1.17
2330,9665,215.6958062,1.17
2330,11023,1061.067524,1.17
2331,1906,424.53,1.17
2331,2319,1296.521232,1.17
2331,9658,230.13,1.17
2332,2305,575.9407053,1.17
2332,4262,0.0,1.17
2332,9387,428.1202741,1.17
2333,1829,44.96,1.17
2333,2280,222.4381704,1.17
2333,4982,244.63,1.17
2333,10935,431.3968221,1.17
2334,2881,704.8824214,1.17
2334,12810,356.2383101,1.17
2334,12887,160.38,1.17
2335,3934,1055.708685,1.17
2335,4084,874.580896,1.17
2335,11064,205.75,1.17
2335,11070,96.36,1.17
2336,2690,965.6249491,1.17
2336,11052,501.4106658,1.17
2336,11058,101.68,1.17
2337,8363,1602.876474,1.17
2337,11006,2096.892492,1.17
2337,12140,1642.663019,1.17
2337,12161,918.6091738,1.17
2338,2344,1187.569782,1.17
2338,2482,2726.849191,1.17
2338,12602,2611.55691,1.17
2339,2103,1817.010273,1.17
2339,7795,1636.271473,1.17
2339,7798,515.1194441,1.17
2340,2341,0.0,1.17
2340,7809,1876.625103,1.17
2340,7814,1620.563314,1.17
2341,2340,0.0,1.17
2341,2342,0.0,1.17
2341,7807,218.82,1.17
2341,10407,265.5662162,1.17
2342,2341,0.0,1.17
2342,2343,0.0,1.17
2342,7806,1809.479877,1.17
2342,7810,1475.799229,1.17
2343,2277,0.0,1.17
2343,2342,0.0,1.17
2343,7727,460.1730094,1.17
2343,7730,522.2683324,1.17
2344,2338,657.4548261,1.17
2344,2354,975.2996537,1.17
2344,11033,577.6033166,1.17
2345,2308,48.84,1.17
2345,10721,309.5985069,1.17
2345,10725,54.1,1.17
2345,10726,35.3,1.17
2346,2149,2620.634201,1.17
2346,4538,2652.002083,1.17
2347,2152,1212.250894,1.17
2347,4539,2620.634201,1.17
2347,6749,1580.991189,1.17
2348,6749,1714.959996,1.17
2348,12636,7480.218546,1.17
2349,6749,322.9695344,1.17
2349,12676,9395.34937,1.17
2350,2692,1164.866113,1.17
2351,10155,3606.059337,1.17
2352,2353,394.4015036,1.17
2352,11033,476.75,1.17
2352,12611,733.9385023,1.17
2353,2352,410.3083736,1.17
2353,2354,151.6433728,1.17
2353,2364,242.7581308,1.17
2354,2344,858.3693417,1.17
2354,2353,325.8240682,1.17
2354,2358,102.9095783,1.17
2354,6325,1024.033448,1.17
2355,4926,10.8,1.17
2355,10737,18.63,1.17
2355,10743,13.23,1.17
2356,10738,292.95,1.17
2356,10743,7.54,1.17
2356,10744,210.4425439,1.17
2357,10740,836.6935134,1.17
2357,10745,109.95,1.17
2357,11819,248.2374561,1.17
2358,2354,318.0240682,1.17
2358,2482,825.063504,1.17
2358,11034,414.5370765,1.17
2358,11208,1154.193192,1.17
2359,504,489.02,1.17
2359,2308,15.71,1.17
2359,6688,1414.143042,1.17
2359,10731,1442.373686,1.17
2359,10739,306.7474561,1.17
2360,1974,222.4146371,1.17
2360,1979,143.48,1.17
2360,2361,287.9664376,1.17
2360,5616,118.8543504,1.17
2361,1972,1189.103678,1.17
2361,2360,91.57435042,1.17
2361,5026,225.5392642,1.17
2361,10496,1222.359471,1.17
2362,2363,478.62,1.17
2362,7301,909.2196288,1.17
2362,10322,3.16,1.17
2363,2362,910.2996288,1.17
2363,6008,478.62,1.17
2364,2353,84.48430544,1.17
2364,6325,694.1468562,1.17
2364,6342,388.2781308,1.17
2364,11207,1064.713061,1.17
2365,1957,140.79,1.17
2365,2741,1190.855552,1.17
2365,10487,470.2438812,1.17
2365,10493,861.9480603,1.17
2366,9681,38.22652843,1.17
2366,9686,185.15,1.17
2366,11153,1302.799355,1.17
2367,1953,470.6365768,1.17
2367,2663,132.09,1.17
2367,10482,6.97,1.17
2367,10487,527.4037531,1.17
2368,2663,89.47028183,1.17
2368,5039,368.1745691,1.17
2368,10476,42.49,1.17
2368,10483,275.66,1.17
2369,5073,775.815213,1.17
2369,5110,129.18,1.17
2369,10471,816.9857749,1.17
2370,10296,140.47,1.17
2370,12721,1019.026155,1.17
2370,12724,509.2860803,1.17
2370,12725,270.8709381,1.17
2371,2375,687.3841261,1.17
2371,6346,528.9986046,1.17
2371,11210,44.29079495,1.17
2372,2757,484.4899994,1.17
2372,10693,462.3531045,1.17
2372,10699,442.6424782,1.17
2372,12156,535.8629551,1.17
2373,2375,21.69079495,1.17
2373,2409,1905.203431,1.17
2373,2423,223.0165341,1.17
2373,11213,2027.838787,1.17
2374,10448,261.0567921,1.17
2374,10694,1228.757984,1.17
2374,12859,453.6121202,1.17
2374,12958,888.3778847,1.17
2375,2371,573.2893996,1.17
2375,2373,262.9166857,1.17
2375,12685,424.4674404,1.17
2376,2233,931.3080242,1.17
2376,2309,587.83,1.17
2376,2310,95.91,1.17
2376,4537,923.7428913,1.17
2377,2252,0.0,1.17
2377,12747,755.0146737,1.17
2377,12826,637.5939537,1.17
2378,7433,458.7407198,1.17
2378,7775,401.0273729,1.17
2378,7855,305.2426332,1.17
2378,10293,408.8920831,1.17
2379,2394,573.852433,1.17
2379,2400,1466.783432,1.17
2379,9684,452.51,1.17
2380,2398,0.0,1.17
2380,5000,0.0,1.17
2381,2116,5146.32682,1.17
2381,8511,0.0,1.17
2381,8512,252.07,1.17
2382,2204,1746.547927,1.17
2382,8511,402.2509674,1.17
2382,8512,394.68,1.17
2383,2203,12580.06785,1.17
2383,12218,229.68,1.17
2383,12319,181.3685605,1.17
2384,12215,10598.33842,1.17
2384,12218,1160.929064,1.17
2384,12319,957.9580854,1.17
2385,7636,1150.078339,1.17
2385,12497,3832.360927,1.17
2386,2048,7190.692548,1.17
2387,2388,5640.05656,1.17
2388,2060,5640.05656,1.17
2389,2386,7190.692548,1.17
2390,4979,0.51,1.17
2390,4992,138.04,1.17
2390,5003,146.0106448,1.17
2390,11674,167.0981704,1.17
2391,6337,1244.329376,1.17
2391,6342,266.9096129,1.17
2391,9684,705.3767637,1.17
2391,11211,917.3732906,1.17
2392,2017,327.8115616,1.17
2392,10320,1013.992701,1.17
2392,11872,948.6967633,1.17
2393,10317,424.3134885,1.17
2393,10319,317.26,1.17
2394,2379,634.724571,1.17
2394,9683,366.4211676,1.17
2394,11214,511.2912654,1.17
2395,10442,511.8101044,1.17
2395,10448,655.4002597,1.17
2395,12859,585.1275591,1.17
2396,2298,13658.62647,1.17
2396,11778,298.46,1.17
2397,2416,2373.055869,1.17
2397,2420,10989.68079,1.17
2398,2295,0.0,1.17
2398,2380,0.0,1.17
2399,10920,0.0,1.17
2399,10926,0.32,1.17
2400,2379,1026.362433,1.17
2400,6338,284.1664561,1.17
2400,11212,1412.214825,1.17
2401,2831,759.2778626,1.17
2401,10701,1399.027521,1.17
2401,12946,1755.892372,1.17
2402,2717,437.16,1.17
2402,11642,441.6056496,1.17
2403,1951,219.1946361,1.17
2403,10481,551.7751915,1.17
2404,6338,964.3035554,1.17
2404,9685,272.9631331,1.17
2404,11209,736.770822,1.17
2405,2297,454.2739588,1.17
2405,2724,418.64,1.17
2405,7524,751.8815805,1.17
2406,7433,437.2584995,1.17
2406,9155,601.5294898,1.17
2406,10293,853.1108628,1.17
2407,2408,0.0,1.17
2407,2898,438.3061379,1.17
2407,6738,739.5225168,1.17
2407,7655,707.5014064,1.17
2408,2407,0.0,1.17
2408,7655,45.86,1.17
2408,7656,20.48,1.17
2409,2373,1957.74943,1.17
2409,9682,1362.214511,1.17
2409,11211,1032.268683,1.17
2409,11214,1831.599495,1.17
2410,2415,532.4123877,1.17
2410,6348,346.9423846,1.17
2410,11212,135.4291038,1.17
2411,2413,0.0,1.17
2411,9660,107.3872122,1.17
2411,10741,62.47,1.17
2412,2415,2453.634894,1.17
2412,2489,1027.668843,1.17
2412,11214,1469.295022,1.17
2413,1912,1105.647417,1.17
2413,1970,503.98,1.17
2413,2411,0.0,1.17
2414,1878,509.1041933,1.17
2414,10479,432.9388594,1.17
2414,10485,457.91,1.17
2415,2410,406.3414884,1.17
2415,2412,2159.726765,1.17
2415,6353,2047.293406,1.17
2416,2397,264.9776611,1.17
2416,10965,2909.314931,1.17
2416,11778,2128.110588,1.17
2417,6587,2956.736216,1.17
2417,9078,728.3659742,1.17
2417,11002,1299.912337,1.17
2417,11778,575.2694357,1.17
2418,6583,900.27,1.17
2418,8269,0.0,1.17
2418,9079,5.91,1.17
2418,11005,2044.436204,1.17
2419,2396,12016.99624,1.17
2420,2421,8619.272203,1.17
2420,6583,2370.408589,1.17
2421,3852,7839.098382,1.17
2421,6372,930.5221123,1.17
2421,6388,800.6216621,1.17
2422,2419,9721.07595,1.17
2422,6372,910.0261268,1.17
2422,6388,0.0,1.17
2423,2373,111.47,1.17
2423,2477,156.3304865,1.17
2423,6351,336.4890966,1.17
2424,7717,1545.160617,1.17
2424,7720,1860.130718,1.17
2424,7789,2108.128196,1.17
2424,10646,1376.878948,1.17
2425,2426,548.5937974,1.17
2425,6375,509.3008285,1.17
2425,6377,2433.773041,1.17
2425,6379,2487.970739,1.17
2426,101,371.99,1.17
2426,2425,873.3861819,1.17
2426,6377,1245.622185,1.17
2426,6386,716.7012854,1.17
2426,8755,900.7793004,1.17
2427,2450,603.7249681,1.17
2427,4396,714.7587585,1.17
2427,6336,567.7654112,1.17
2427,6341,701.0604708,1.17
2428,4504,1957.517047,1.17
2428,12145,9327.470403,1.17
2429,2231,3431.383919,1.17
2429,2431,954.5311887,1.17
2429,6652,771.8977523,1.17
2430,2191,6745.366525,1.17
2430,2434,665.6737198,1.17
2430,6652,0.0,1.17
2431,2429,356.8068527,1.17
2431,2432,954.5311887,1.17
2432,2431,356.8068527,1.17
2432,6652,954.5311887,1.17
2433,2434,1268.104172,1.17
2433,6652,665.6737198,1.17
2434,2430,1268.104172,1.17
2434,2433,665.6737198,1.17
2435,10840,2014.864002,1.17
2435,12404,7.91,1.17
2435,12776,1505.999216,1.17
2436,8450,211.4813836,1.17
2436,8451,1089.777927,1.17
2436,8901,0.0,1.17
2436,10505,735.4738799,1.17
2437,10863,2392.441584,1.17
2437,10864,1825.519954,1.17
2437,10870,78.59,1.17
2438,2443,3968.401375,1.17
2438,5217,6526.118301,1.17
2439,12138,11750.84337,1.17
2440,2227,40.55,1.17
2440,5216,919.3569837,1.17
2440,10421,449.5396491,1.17
2441,4008,3347.149028,1.17
2441,8364,2644.696153,1.17
2441,10632,1441.420776,1.17
2442,2444,1557.106503,1.17
2442,5216,4206.964522,1.17
2443,3245,5994.575879,1.17
2444,5203,7861.702078,1.17
2445,2439,6624.521859,1.17
2445,2443,2026.174505,1.17
2446,8893,708.5279268,1.17
2446,12358,364.3002258,1.17
2446,12359,1962.407296,1.17
2446,12360,2360.754584,1.17
2447,55,716.61,1.17
2447,2555,321.7454257,1.17
2447,4051,1194.403901,1.17
2447,4052,662.0152076,1.17
2448,2348,9195.178542,1.17
2449,2152,1182.485115,1.17
2449,2347,723.9446707,1.17
2449,12640,2469.888941,1.17
2450,2427,714.7587585,1.17
2450,6305,468.7073321,1.17
2450,6336,546.8896144,1.17
2450,10585,554.2295943,1.17
2451,2453,225.2882304,1.17
2451,6725,499.4279142,1.17
2451,6729,2259.654226,1.17
2451,6732,2909.088421,1.17
2452,2455,8709.162509,1.17
2453,2451,472.9025042,1.17
2453,4402,500.0716455,1.17
2453,4403,349.3427096,1.17
2453,6729,517.6238235,1.17
2454,1909,579.0355466,1.17
2454,1910,576.56,1.17
2454,2448,8352.157309,1.17
2455,1909,1726.366487,1.17
2455,1910,700.9014074,1.17
2455,2457,7339.852827,1.17
2456,1952,1138.79,1.17
2456,1954,938.0699425,1.17
2456,2454,7760.778166,1.17
2457,1952,87.19,1.17
2457,1954,0.0,1.17
2457,8217,9020.464172,1.17
2458,4345,602.9083627,1.17
2458,7517,1248.375756,1.17
2458,10352,722.2312051,1.17
2459,4345,603.7992339,1.17
2459,4754,11.6,1.17
2459,9340,393.8669058,1.17
2460,2646,619.9347384,1.17
2460,4726,447.9133604,1.17
2461,2462,361.3399944,1.17
2461,2796,0.0,1.17
2461,4063,327.0391315,1.17
2462,59,842.61,1.17
2462,2461,119.74,1.17
2462,9907,0.0,1.17
2462,9908,693.57,1.17
2463,2464,1388.614514,1.17
2463,4053,488.2548996,1.17
2463,4303,1563.650236,1.17
2463,8842,1295.743334,1.17
2464,2463,263.7916954,1.17
2464,4056,196.46,1.17
2464,4302,2343.362072,1.17
2464,8836,478.717355,1.17
2465,4061,254.52,1.17
2465,4063,440.8417541,1.17
2465,4299,449.0922934,1.17
2466,2467,786.5622536,1.17
2466,4260,794.4374498,1.17
2466,4310,728.3720222,1.17
2467,2466,863.9674498,1.17
2467,4312,0.0,1.17
2467,4399,435.625333,1.17
2467,9344,421.0869206,1.17
2468,4321,779.8343535,1.17
2468,4325,804.4340822,1.17
2468,4456,702.7057957,1.17
2469,7776,170.3555943,1.17
2469,9002,320.37,1.17
2469,11309,359.01,1.17
2469,11310,458.6582064,1.17
2470,7776,317.0,1.17
2470,12207,2602.220775,1.17
2471,3751,0.0,1.17
2471,3757,408.9297541,1.17
2471,4013,46.36,1.17
2471,11617,446.1215627,1.17
2472,5100,1622.523764,1.17
2472,5105,895.9144185,1.17
2473,2474,79.41,1.17
2473,5532,16.06,1.17
2473,6649,236.578862,1.17
2473,11842,258.95,1.17
2474,2473,36.51,1.17
2474,6650,79.13,1.17
2474,9397,149.672591,1.17
2474,11962,4.61,1.17
2475,2625,336.68,1.17
2475,2710,1105.554792,1.17
2475,2936,702.5045237,1.17
2476,9908,763.61,1.17
2476,9911,379.85,1.17
2476,9914,1271.134503,1.17
2477,2423,226.368862,1.17
2477,2487,25.3856789,1.17
2477,2499,130.9448076,1.17
2478,4952,1386.632731,1.17
2478,11025,1895.523264,1.17
2478,12166,1184.54933,1.17
2478,12170,642.3038494,1.17
2479,9230,1514.440727,1.17
2479,9913,506.63,1.17
2479,9914,829.7727635,1.17
2480,3879,1046.028012,1.17
2480,11028,1214.015066,1.17
2480,12161,915.7103301,1.17
2480,12191,778.3750364,1.17
2481,2482,716.9762802,1.17
2481,11031,944.2282415,1.17
2481,11782,640.1258269,1.17
2481,12176,409.6089424,1.17
2482,2338,2330.790884,1.17
2482,2358,1316.453978,1.17
2482,2481,972.4290151,1.17
2482,12157,2202.862473,1.17
2483,7484,49.72777791,1.17
2483,9915,50.55136402,1.17
2484,2485,298.6520454,1.17
2484,2759,1038.935707,1.17
2484,9919,520.8088238,1.17
2485,78,813.93,1.17
2485,2484,505.4781647,1.17
2485,4376,0.0,1.17
2485,4441,1425.927339,1.17
2485,9920,1364.819961,1.17
2486,2493,466.709016,1.17
2486,2547,78.45,1.17
2486,2798,0.0,1.17
2487,2477,0.0,1.17
2487,11213,41.05055201,1.17
2487,12828,35.0256789,1.17
2488,2505,1560.778031,1.17
2488,2516,0.0,1.17
2488,3433,1344.035107,1.17
2488,6384,404.3965159,1.17
2489,2412,662.0567161,1.17
2489,2503,588.4283912,1.17
2489,6352,361.4204518,1.17
2489,11218,212.23,1.17
2490,2519,1099.9004,1.17
2490,6399,586.688515,1.17
2490,6400,670.6003193,1.17
2490,11224,547.7461772,1.17
2491,2781,1163.977592,1.17
2491,4519,504.7329981,1.17
2491,4524,785.1467294,1.17
2492,2491,1322.174543,1.17
2492,9329,47.01411963,1.17
2492,9345,120.2454089,1.17
2493,2486,78.45,1.17
2493,2548,41.38,1.17
2493,9229,494.569016,1.17
2494,2495,46.22411963,1.17
2494,4524,1440.697847,1.17
2494,9329,1833.04882,1.17
2495,2494,51.82656645,1.17
2495,4533,757.7874437,1.17
2495,9327,496.8487833,1.17
2495,10365,577.0319706,1.17
2496,2497,0.0,1.17
2496,2500,1384.211636,1.17
2496,9328,1526.807847,1.17
2497,2496,0.0,1.17
2497,2498,0.0,1.17
2497,2507,302.7466027,1.17
2497,9327,4.83,1.17
2498,2497,0.0,1.17
2498,2514,2668.352675,1.17
2498,9326,2911.137219,1.17
2499,2477,226.368862,1.17
2499,11216,1924.725222,1.17
2499,12828,1609.498058,1.17
2500,99,26.05,1.17
2500,2496,1526.807847,1.17
2500,2507,11.79,1.17
2500,9232,1396.879554,1.17
2501,10131,1014.230024,1.17
2501,10149,414.5062564,1.17
2501,11884,1364.392304,1.17
2502,2503,1208.794273,1.17
2502,2910,1634.105062,1.17
2502,6352,1309.907644,1.17
2502,11217,1036.266431,1.17
2503,2489,276.4293186,1.17
2503,2502,1324.490683,1.17
2503,2911,114.2334841,1.17
2503,11218,941.8114702,1.17
2504,2911,49.79,1.17
2504,3601,168.44,1.17
2504,6373,317.3441824,1.17
2504,11221,679.8838297,1.17
2505,2488,662.8355368,1.17
2505,2509,1839.802076,1.17
2505,6384,502.3946811,1.17
2505,11180,2068.820895,1.17
2506,5836,687.624133,1.17
2506,10183,2200.925774,1.17
2506,10187,1393.828423,1.17
2506,11888,1169.074291,1.17
2507,2497,4.83,1.17
2507,2500,10.64791775,1.17
2507,2514,2.61,1.17
2507,4555,304.1486849,1.17
2508,5815,267.6872465,1.17
2508,5817,907.57,1.17
2508,5842,2.01,1.17
2508,10185,289.52,1.17
2509,2505,1479.817733,1.17
2509,2516,1027.02635,1.17
2509,6397,2492.507182,1.17
2510,5820,10.85,1.17
2510,5832,0.0,1.17
2510,10214,408.6684502,1.17
2511,5823,505.7942488,1.17
2511,5825,2151.399771,1.17
2511,5833,208.17,1.17
2512,5830,0.0,1.17
2512,10220,136.499091,1.17
2512,11914,1353.384506,1.17
2512,11929,1001.856034,1.17
2513,6194,0.0,1.17
2513,12311,829.850909,1.17
2513,12430,701.7245061,1.17
2514,100,203.24,1.17
2514,2498,2911.137219,1.17
2514,2507,5.48,1.17
2514,4556,2625.272675,1.17
2515,6381,0.0,1.17
2515,6382,1520.473093,1.17
2515,6383,1312.071759,1.17
2516,2488,493.0019607,1.17
2516,2509,652.7051067,1.17
2516,6383,534.024389,1.17
2517,6400,933.6818512,1.17
2517,11222,925.7023904,1.17
2517,11223,2140.966903,1.17
2517,11797,1807.342702,1.17
2518,2528,1581.46792,1.17
2518,4338,1072.287111,1.17
2518,4642,23.7,1.17
2519,2490,778.9061167,1.17
2519,6397,2450.792224,1.17
2519,6403,2142.631957,1.17
2519,12525,1084.932615,1.17
2520,5906,851.8736396,1.17
2520,10200,471.0645568,1.17
2520,12274,1054.30523,1.17
2521,2932,1262.383429,1.17
2521,5875,141.6654767,1.17
2521,10222,809.6107189,1.17
2521,11916,784.3752678,1.17
2522,5910,1255.742305,1.17
2522,5911,0.0,1.17
2522,11982,1252.558104,1.17
2523,2934,1653.798423,1.17
2523,5877,1354.715709,1.17
2523,10223,0.0,1.17
2523,11916,742.9256412,1.17
2524,5898,1871.855387,1.17
2524,5913,108.96,1.17
2524,5914,301.2940753,1.17
2524,11919,800.0369696,1.17
2525,5916,1532.290847,1.17
2525,5920,966.9229481,1.17
2525,6216,521.1347147,1.17
2525,12308,562.57,1.17
2526,6210,545.1778463,1.17
2526,6219,120.8707461,1.17
2526,6222,788.662014,1.17
2526,6223,163.8953087,1.17
2527,6200,987.6702212,1.17
2527,6203,202.88,1.17
2527,6204,163.1,1.17
2527,6209,614.202608,1.17
2528,4337,774.9657178,1.17
2528,4554,356.6747211,1.17
2528,7516,1627.043699,1.17
2529,10197,1622.572463,1.17
2529,11894,1204.912246,1.17
2529,11895,486.519171,1.17
2529,12419,1561.179563,1.17
2530,5940,983.293195,1.17
2530,5950,165.4076564,1.17
2530,5951,314.7529109,1.17
2530,5969,668.3450091,1.17
2531,2532,313.81,1.17
2531,6240,29.02,1.17
2531,11920,464.44,1.17
2531,12001,149.8072741,1.17
2532,2531,443.1372741,1.17
2532,6241,296.2228282,1.17
2532,6246,506.040351,1.17
2533,6240,30.98,1.17
2533,6241,39.33,1.17
2533,12002,270.8828282,1.17
2534,5984,2468.544134,1.17
2534,5985,2446.31,1.17
2534,6023,472.3995631,1.17
2534,11897,1743.353578,1.17
2535,5989,138.64,1.17
2535,6005,2385.264641,1.17
2535,6010,1996.738734,1.17
2535,6028,199.6403577,1.17
2536,6013,1079.555742,1.17
2536,6014,1714.232562,1.17
2536,6015,1258.684235,1.17
2536,11923,1378.769998,1.17
2537,5998,332.36,1.17
2537,6015,2220.781222,1.17
2537,6019,2094.792835,1.17
2537,11990,613.516508,1.17
2538,6022,533.8957769,1.17
2538,6250,0.0,1.17
2538,6264,194.6658667,1.17
2538,6268,0.0,1.17
2539,6040,896.1877634,1.17
2539,6072,1087.337337,1.17
2539,6073,885.7401202,1.17
2540,6081,583.9777183,1.17
2540,6092,0.0,1.17
2540,6094,279.147175,1.17
2540,11925,1158.812409,1.17
2541,6100,124.53,1.17
2541,6120,147.46,1.17
2541,6121,0.0,1.17
2541,11992,180.82,1.17
2542,2543,530.8356198,1.17
2542,6104,930.0239097,1.17
2542,6126,0.0,1.17
2542,6127,0.0,1.17
2543,2542,666.8463444,1.17
2543,6127,263.1775653,1.17
2543,6302,548.2356198,1.17
2543,11993,34.12,1.17
2544,4554,2150.566913,1.17
2544,10368,1627.043699,1.17
2545,2546,22.17,1.17
2545,7338,0.0,1.17
2545,8053,185.25,1.17
2546,2545,185.25,1.17
2546,2549,10.46,1.17
2546,7518,1522.304772,1.17
2546,10364,1684.311621,1.17
2547,69,644.15,1.17
2547,2486,466.709016,1.17
2547,4192,1319.531423,1.17
2548,70,530.07,1.17
2548,2493,32.19,1.17
2548,2714,745.94,1.17
2549,2546,28.59,1.17
2549,2550,296.0957107,1.17
2549,9232,1634.289848,1.17
2549,10369,1897.195778,1.17
2550,2549,373.5281147,1.17
2550,2551,330.6098131,1.17
2550,7435,572.8811617,1.17
2550,9233,771.0835616,1.17
2551,2550,225.2327956,1.17
2551,2552,161.61,1.17
2551,7437,1302.207864,1.17
2551,9234,1388.857201,1.17
2552,129,431.74,1.17
2552,2551,120.8968155,1.17
2552,7438,615.2717197,1.17
2552,9235,975.3006163,1.17
2553,2554,50.41,1.17
2553,7439,311.7960903,1.17
2554,7438,50.41,1.17
2555,108,360.85,1.17
2555,2447,438.4431157,1.17
2555,2556,164.1015704,1.17
2555,6438,1120.658597,1.17
2555,6594,990.2004006,1.17
2556,103,507.08,1.17
2556,2555,60.25926045,1.17
2556,6402,545.000792,1.17
2556,6434,1187.126351,1.17
2556,6594,300.8122877,1.17
2557,2850,1599.990142,1.17
2557,4616,649.5699068,1.17
2557,4740,1201.495931,1.17
2558,3087,544.97926,1.17
2558,4677,105.0288649,1.17
2558,11803,783.9172317,1.17
2558,11804,635.5295509,1.17
2559,4626,594.0377156,1.17
2559,4627,1098.030947,1.17
2559,10006,0.0,1.17
2560,2557,917.9650754,1.17
2560,2851,1808.807286,1.17
2560,4744,1425.364777,1.17
2561,2560,796.7698649,1.17
2561,2562,1068.398873,1.17
2562,2561,796.7698649,1.17
2562,4373,957.1606616,1.17
2562,7032,220.06,1.17
2562,10368,140.2982111,1.17
2563,2564,1063.849195,1.17
2563,7189,1828.388361,1.17
2564,2563,1388.532115,1.17
2564,7131,555.6364337,1.17
2564,7284,965.5447046,1.17
2565,2563,439.8562458,1.17
2565,7131,870.8122886,1.17
2565,8995,1070.183842,1.17
2566,2567,227.7862351,1.17
2566,12580,521.5397232,1.17
2566,12582,369.1369054,1.17
2567,2566,132.9627207,1.17
2567,10880,1085.622412,1.17
2567,12581,1687.157122,1.17
2568,2569,283.1741103,1.17
2568,7481,329.6785044,1.17
2568,10883,1438.766059,1.17
2568,12590,1682.761546,1.17
2569,2568,329.6785044,1.17
2569,10883,1207.743391,1.17
2569,10888,1468.983704,1.17
2570,2571,0.0,1.17
2570,12679,1796.217275,1.17
2570,12680,1513.979075,1.17
2571,2570,0.0,1.17
2571,2572,0.0,1.17
2571,10657,5.46,1.17
2571,12681,5.82,1.17
2572,2571,0.0,1.17
2572,2573,1155.601845,1.17
2572,10663,965.0213244,1.17
2572,12684,1393.267733,1.17
2573,2572,989.0348434,1.17
2573,10664,286.5394917,1.17
2573,12686,447.1256368,1.17
2573,12688,449.1867161,1.17
2574,5129,557.8031781,1.17
2574,10442,840.7591094,1.17
2574,10688,627.4667718,1.17
2575,12859,987.271932,1.17
2575,12862,694.7767784,1.17
2576,9218,0.0,1.17
2576,10449,794.7077099,1.17
2576,12966,737.6761229,1.17
2577,1793,378.4210297,1.17
2577,2578,0.0,1.17
2577,9218,0.0,1.17
2577,12906,395.021541,1.17
2578,2577,0.0,1.17
2578,9642,200.4,1.17
2578,10457,228.67,1.17
2578,12907,0.0,1.17
2579,7497,0.0,1.17
2579,10410,1564.176606,1.17
2579,12712,1023.836761,1.17
2580,2266,1026.564541,1.17
2580,7497,0.0,1.17
2580,10422,1543.914868,1.17
2581,2162,0.0,1.17
2581,2582,0.0,1.17
2581,2584,0.0,1.17
2582,2581,0.0,1.17
2582,3485,1356.612785,1.17
2582,12728,1061.822887,1.17
2583,10304,290.8053562,1.17
2583,10435,444.4871857,1.17
2584,2581,0.0,1.17
2584,10441,2250.525495,1.17
2584,12879,2051.38,1.17
2585,2587,0.0,1.17
2585,10304,0.0,1.17
2586,10305,412.0261745,1.17
2586,10307,306.54,1.17
2587,2585,0.0,1.17
2587,2588,0.0,1.17
2587,10306,423.22,1.17
2587,10307,492.9215102,1.17
2588,2587,0.0,1.17
2588,10306,991.1633215,1.17
2588,10308,742.4739852,1.17
2589,2590,542.5862773,1.17
2589,2599,12.68,1.17
2589,10417,122.97,1.17
2589,12720,313.14,1.17
2590,2589,412.9,1.17
2590,2595,0.0,1.17
2590,12721,542.5862773,1.17
2591,2592,0.0,1.17
2591,2595,1475.009082,1.17
2591,2599,1810.071655,1.17
2592,2591,0.0,1.17
2592,2593,0.0,1.17
2592,2595,0.0,1.17
2593,2592,0.0,1.17
2593,2594,0.0,1.17
2593,7856,195.96,1.17
2593,10296,43.17,1.17
2594,2593,0.0,1.17
2594,10295,743.8493258,1.17
2594,12722,522.4055791,1.17
2595,2590,0.0,1.17
2595,2591,1810.071655,1.17
2595,2592,0.0,1.17
2595,12721,1475.009082,1.17
2596,2597,173.85,1.17
2596,10298,216.46,1.17
2596,12729,0.0,1.17
2597,2596,216.46,1.17
2597,12730,1018.440225,1.17
2597,12731,879.8510112,1.17
2598,2307,262.3106179,1.17
2598,10678,1157.082623,1.17
2598,10685,1129.477531,1.17
2599,2589,16.09,1.17
2599,2591,1475.009082,1.17
2599,7850,1822.751655,1.17
2600,7523,457.0206248,1.17
2600,9677,672.2373517,1.17
2600,10937,686.7156996,1.17
2600,12944,165.1225042,1.17
2601,2602,0.0,1.17
2601,10717,408.9614385,1.17
2601,10718,302.0796808,1.17
2602,2601,0.0,1.17
2602,2609,0.0,1.17
2602,2684,0.0,1.17
2603,2604,0.0,1.17
2603,2606,0.0,1.17
2603,2610,0.0,1.17
2604,2603,0.0,1.17
2604,2605,0.0,1.17
2605,2604,0.0,1.17
2605,2609,0.0,1.17
2606,2603,0.0,1.17
2606,2607,0.0,1.17
2606,10718,298.7614385,1.17
2606,10724,299.5996808,1.17
2607,1847,385.27,1.17
2607,2606,0.0,1.17
2607,2608,0.0,1.17
2607,10718,785.4985283,1.17
2608,1847,288.6836997,1.17
2608,2607,3.686300275,1.17
2608,10723,320.022327,1.17
2609,2602,0.0,1.17
2609,2605,0.0,1.17
2609,2684,696.9085283,1.17
2609,10718,360.42,1.17
2610,2603,0.0,1.17
2610,2611,0.0,1.17
2611,2610,0.0,1.17
2611,2612,0.0,1.17
2611,2613,0.0,1.17
2612,1852,468.95,1.17
2612,2611,0.0,1.17
2612,10712,564.1462345,1.17
2613,1852,844.2699185,1.17
2613,1854,703.5632446,1.17
2613,2611,0.0,1.17
2613,2614,1.884928852,1.17
2614,1864,458.7675726,1.17
2614,2613,131.93,1.17
2614,2615,366.2395266,1.17
2614,10466,976.1463255,1.17
2615,1867,265.1182842,1.17
2615,2614,483.4507799,1.17
2615,10472,522.5595266,1.17
2616,2621,0.0,1.17
2616,5088,1588.823021,1.17
2616,10460,1493.233245,1.17
2617,2618,0.0,1.17
2618,5964,0.0,1.17
2619,2620,0.0,1.17
2620,2666,0.0,1.17
2621,2616,0.0,1.17
2621,2622,0.0,1.17
2621,5089,235.3770992,1.17
2621,5093,247.0976595,1.17
2622,2623,0.0,1.17
2622,5090,0.0,1.17
2622,5094,0.0,1.17
2623,5091,34.29,1.17
2623,5096,16.05,1.17
2624,5097,325.6696808,1.17
2624,10461,423.25,1.17
2625,2475,1098.439316,1.17
2625,2626,336.68,1.17
2626,5967,0.0,1.17
2626,6183,687.04,1.17
2627,2936,0.0,1.17
2628,2627,0.0,1.17
2629,2630,0.0,1.17
2629,12967,1366.567103,1.17
2629,12968,961.1007631,1.17
2630,1793,189.68,1.17
2630,5115,240.35,1.17
2631,1878,1721.965361,1.17
2631,1940,0.0,1.17
2631,1942,1189.009656,1.17
2631,2632,309.59,1.17
2632,1943,265.1908425,1.17
2632,1944,568.2493054,1.17
2632,2631,279.14,1.17
2633,1813,627.3284821,1.17
2633,2634,0.0,1.17
2633,10311,536.4774123,1.17
2634,2633,0.0,1.17
2634,2637,0.0,1.17
2635,2264,174.61,1.17
2636,2635,174.61,1.17
2637,1817,208.703364,1.17
2637,2634,0.0,1.17
2637,2638,0.0,1.17
2637,10311,112.9626491,1.17
2638,2637,82.03521953,1.17
2638,5125,73.60051083,1.17
2638,5126,47.31,1.17
2639,2640,393.15,1.17
2640,12926,393.15,1.17
2641,2873,0.0,1.17
2641,4313,441.4208356,1.17
2641,4735,989.8740536,1.17
2642,2870,668.0239348,1.17
2642,4324,1560.877902,1.17
2643,2645,1422.519119,1.17
2643,2875,2041.498718,1.17
2644,2678,3529.054672,1.17
2644,4270,841.9470999,1.17
2645,74,914.07,1.17
2645,2644,2305.353105,1.17
2645,2647,1507.288831,1.17
2646,2460,95.52435003,1.17
2646,2643,968.798978,1.17
2646,4138,539.8081239,1.17
2647,2873,731.5958542,1.17
2647,4407,1982.450663,1.17
2648,2644,2065.648668,1.17
2648,2647,1206.757686,1.17
2649,2648,1648.235855,1.17
2649,4410,2073.967345,1.17
2650,80,600.93,1.17
2650,2649,2742.178978,1.17
2650,4457,2832.808764,1.17
2651,2667,1869.05,1.17
2652,2668,433.5523925,1.17
2653,1894,10259.77124,1.17
2653,2923,238.7347581,1.17
2654,2657,7202.806337,1.17
2654,2922,834.6242241,1.17
2654,2923,799.1912582,1.17
2655,2653,8484.138405,1.17
2655,2924,333.0760886,1.17
2655,2925,0.0,1.17
2656,2925,778.0537291,1.17
2656,10188,442.5069853,1.17
2656,10193,330.5208007,1.17
2656,10194,641.3846205,1.17
2657,2660,6497.218396,1.17
2657,2924,401.95,1.17
2657,2925,533.5787418,1.17
2658,9897,6344.519924,1.17
2659,2655,7924.33944,1.17
2659,2926,808.8588801,1.17
2659,2927,1978.972825,1.17
2660,2661,7470.048197,1.17
2660,2926,226.1286905,1.17
2660,2927,1064.236131,1.17
2661,2670,7072.277551,1.17
2661,2928,811.126884,1.17
2662,2659,9381.158524,1.17
2662,2929,549.5714132,1.17
2663,2367,89.47028183,1.17
2663,2368,132.09,1.17
2663,10318,0.0,1.17
2664,4843,849.4097101,1.17
2664,4858,548.3676366,1.17
2664,6484,271.2249212,1.17
2664,11749,1000.219122,1.17
2665,2619,0.0,1.17
2665,10144,4355.433449,1.17
2666,2665,518.7567466,1.17
2666,5963,0.0,1.17
2667,2936,485.13,1.17
2667,10150,1861.934524,1.17
2668,2628,0.0,1.17
2668,6320,658.0423925,1.17
2669,2662,8939.594415,1.17
2669,2931,388.9194839,1.17
2669,2932,382.8635207,1.17
2670,2672,6221.978963,1.17
2670,2931,252.0028886,1.17
2670,2932,979.8009402,1.17
2671,2669,8152.193469,1.17
2671,2933,153.8,1.17
2671,2934,463.550909,1.17
2672,2933,681.7500937,1.17
2672,2934,1289.197371,1.17
2672,5889,5313.942798,1.17
2673,2650,2752.744691,1.17
2673,2770,643.3537136,1.17
2674,2673,1218.968172,1.17
2674,2675,1972.426291,1.17
2675,86,696.06,1.17
2675,2676,1965.075655,1.17
2675,4341,597.9424066,1.17
2675,4482,197.04,1.17
2676,4340,564.87,1.17
2676,4485,420.0917692,1.17
2676,9330,1959.585655,1.17
2677,2786,0.0,1.17
2677,4783,0.0,1.17
2678,2683,3595.713517,1.17
2678,2769,1041.22191,1.17
2678,4283,1424.203688,1.17
2679,6816,5248.123272,1.17
2680,1923,1210.81,1.17
2680,9659,0.0,1.17
2680,10736,1323.431873,1.17
2681,2682,0.0,1.17
2681,5025,120.92,1.17
2681,9659,0.0,1.17
2681,10748,51.2,1.17
2682,1972,1116.062297,1.17
2682,2681,0.0,1.17
2682,10748,1438.468029,1.17
2683,75,2273.68,1.17
2683,2695,2389.147334,1.17
2683,4287,2439.668658,1.17
2684,2602,0.0,1.17
2684,2609,360.42,1.17
2684,5048,696.9085283,1.17
2685,1932,0.48,1.17
2685,2686,0.0,1.17
2685,10489,258.75,1.17
2685,10491,242.05,1.17
2686,1942,1476.394667,1.17
2686,1943,0.0,1.17
2686,2685,0.0,1.17
2686,10807,1281.739374,1.17
2687,1858,1095.956006,1.17
2687,1940,19.25656512,1.17
2687,10484,617.3503437,1.17
2688,6101,957.1139097,1.17
2688,6102,0.0,1.17
2688,6107,543.4956198,1.17
2688,6126,0.0,1.17
2689,2690,371.4736208,1.17
2689,11046,2439.20246,1.17
2689,11047,2510.005979,1.17
2690,2336,499.5006658,1.17
2690,2689,588.7678417,1.17
2690,11053,1110.53857,1.17
2691,2263,2732.782596,1.17
2692,10143,1164.866113,1.17
2693,11785,2730.038692,1.17
2693,12033,2627.308296,1.17
2694,2697,0.0,1.17
2694,10830,2184.431275,1.17
2694,11074,1927.094845,1.17
2695,2701,2221.233834,1.17
2695,2767,1330.420651,1.17
2696,2893,515.9437934,1.17
2696,4581,1232.293349,1.17
2696,7419,750.263981,1.17
2696,11824,1004.342031,1.17
2697,2694,463.2723077,1.17
2697,2698,0.0,1.17
2697,12228,0.0,1.17
2698,2697,0.0,1.17
2698,11080,2095.418549,1.17
2698,12152,2749.059217,1.17
2699,5715,10.26777184,1.17
2699,5724,424.620049,1.17
2699,5725,209.11,1.17
2699,5737,11.38,1.17
2700,2718,413.6923364,1.17
2700,11079,791.4589978,1.17
2700,12219,745.3014185,1.17
2701,2702,1829.36718,1.17
2701,2766,692.1954046,1.17
2701,10356,872.5783587,1.17
2702,76,1377.18,1.17
2702,2711,1418.821474,1.17
2702,2765,2281.184319,1.17
2703,4891,383.4,1.17
2703,5007,511.6042224,1.17
2703,5009,347.2432417,1.17
2703,11669,425.20302,1.17
2704,2705,753.47,1.17
2704,2707,250.6,1.17
2704,11751,954.3678489,1.17
2705,2704,515.46,1.17
2705,2706,1025.084294,1.17
2705,4845,286.58,1.17
2706,2705,248.8716899,1.17
2706,12884,4140.044638,1.17
2707,2704,451.4478489,1.17
2707,4764,2236.16,1.17
2708,2667,478.0145237,1.17
2709,2708,478.0145237,1.17
2710,2475,561.17,1.17
2710,10215,2015.489298,1.17
2710,11914,690.05,1.17
2711,2712,2358.892331,1.17
2711,4349,1292.351474,1.17
2712,2714,1733.082221,1.17
2712,4347,834.3025252,1.17
2713,2712,208.4924154,1.17
2714,2715,1582.913662,1.17
2714,4226,896.1085594,1.17
2715,2716,2024.587749,1.17
2715,4208,1557.074906,1.17
2715,4217,1430.779367,1.17
2716,4763,0.0,1.17
2716,9335,2024.587749,1.17
2717,1972,1102.69,1.17
2717,1973,390.7,1.17
2717,2402,441.6056496,1.17
2718,2700,0.0,1.17
2718,2742,413.6923364,1.17
2719,1939,746.4168522,1.17
2719,10491,184.2,1.17
2719,10495,959.498314,1.17
2720,1856,249.83,1.17
2720,1857,625.4158293,1.17
2720,10728,303.0246481,1.17
2721,1855,1051.690344,1.17
2721,1864,802.4696808,1.17
2721,2726,1899.226762,1.17
2721,10724,1395.043766,1.17
2722,3124,744.8764087,1.17
2722,11227,1561.651041,1.17
2722,11808,816.2671297,1.17
2722,11809,962.2926288,1.17
2723,1834,579.5128424,1.17
2723,1837,154.4070698,1.17
2723,10720,394.6929302,1.17
2724,2405,250.75,1.17
2724,10713,925.9,1.17
2724,10714,510.0003131,1.17
2724,10719,410.9,1.17
2725,2727,115.144786,1.17
2725,2914,532.3540089,1.17
2725,10125,82.46,1.17
2725,11230,590.3164087,1.17
2726,1854,2596.921609,1.17
2726,2721,1558.733245,1.17
2727,2725,146.7941465,1.17
2727,2832,412.734786,1.17
2727,4640,335.4035608,1.17
2727,11807,995.7192123,1.17
2728,1870,1765.273656,1.17
2728,1871,1844.702406,1.17
2728,10473,1097.903766,1.17
2729,1870,1535.747176,1.17
2729,5062,1523.488084,1.17
2729,9639,2054.607942,1.17
2730,2731,941.562248,1.17
2730,12960,738.0304226,1.17
2731,2175,617.7921267,1.17
2731,2730,674.3504226,1.17
2731,10706,927.8761416,1.17
2732,1803,329.5248442,1.17
2732,1804,728.9186145,1.17
2732,1812,1621.972709,1.17
2732,2733,522.0598676,1.17
2733,1802,1594.489868,1.17
2733,1803,755.078459,1.17
2733,2732,453.8982157,1.17
2734,1805,905.32,1.17
2734,1806,306.4494732,1.17
2734,2735,584.86,1.17
2734,5110,1962.447558,1.17
2735,1805,763.6561912,1.17
2735,1806,343.4658347,1.17
2735,2734,517.5110994,1.17
2735,5109,1753.276802,1.17
2736,1885,620.3705268,1.17
2736,1886,2136.13149,1.17
2736,1887,896.6711601,1.17
2736,2737,448.77,1.17
2736,10316,487.1790688,1.17
2736,10471,0.0,1.17
2737,1885,1359.893029,1.17
2737,1887,743.58,1.17
2737,1888,1737.998045,1.17
2737,2736,619.9420048,1.17
2737,10477,650.7,1.17
2738,1997,1601.52,1.17
2738,7490,1514.514448,1.17
2738,10321,927.8069166,1.17
2739,1962,1310.04,1.17
2739,2186,874.7901718,1.17
2739,2187,170.3554733,1.17
2739,2740,717.8,1.17
2739,10493,37.71,1.17
2740,1947,1443.317998,1.17
2740,2186,358.56,1.17
2740,2187,129.15,1.17
2740,2739,500.49,1.17
2741,2184,1227.137738,1.17
2741,2365,667.1553639,1.17
2741,2754,407.89,1.17
2742,2718,0.0,1.17
2742,3924,421.8423364,1.17
2742,4493,260.0560409,1.17
2743,2751,430.2053748,1.17
2743,4495,94.26604094,1.17
2743,11085,437.4676187,1.17
2744,11504,674.9225535,1.17
2744,12201,364.8851328,1.17
2744,12202,786.3962073,1.17
2745,3979,2100.440112,1.17
2745,10542,781.4655911,1.17
2745,12335,769.2991996,1.17
2745,12336,1759.104277,1.17
2746,7468,1845.028243,1.17
2746,9097,444.26,1.17
2746,10769,2010.213949,1.17
2746,10772,740.7905143,1.17
2747,1990,386.4986995,1.17
2747,8973,171.8074034,1.17
2747,10868,1825.477607,1.17
2747,12550,1273.092526,1.17
2748,2749,1396.248994,1.17
2748,11018,77.03,1.17
2748,12202,228.1970294,1.17
2748,12484,945.0520598,1.17
2749,2748,927.5020598,1.17
2749,12168,876.0989936,1.17
2749,12172,805.6128098,1.17
2749,12173,129.7666567,1.17
2750,2751,398.1720332,1.17
2750,11086,1419.907116,1.17
2750,11091,1569.786741,1.17
2751,2743,429.3176187,1.17
2751,2750,288.8844004,1.17
2751,2752,828.377408,1.17
2752,2751,718.2020191,1.17
2752,7078,828.377408,1.17
2752,7556,0.0,1.17
2753,2752,718.2020191,1.17
2753,2867,1026.479107,1.17
2753,11080,2233.24952,1.17
2754,1950,933.2220021,1.17
2754,2185,176.94,1.17
2754,2741,954.9675495,1.17
2755,2756,304.4691348,1.17
2755,10453,789.1913599,1.17
2755,12916,1060.845156,1.17
2756,2755,1019.67136,1.17
2756,10452,529.6891348,1.17
2757,2372,443.3829551,1.17
2757,10699,755.6311497,1.17
2757,12898,1507.639415,1.17
2758,2713,208.4924154,1.17
2758,4363,954.1509083,1.17
2759,2484,819.4608692,1.17
2759,2758,342.8124154,1.17
2759,4374,2824.31119,1.17
2759,10357,2203.017471,1.17
2760,2779,3368.691074,1.17
2760,4437,2487.342011,1.17
2760,4441,733.7630675,1.17
2761,2760,276.350984,1.17
2761,2778,1513.246581,1.17
2762,2761,529.7369074,1.17
2763,2762,529.7369074,1.17
2763,2764,2568.417223,1.17
2764,2711,2232.422331,1.17
2764,2765,1274.437879,1.17
2765,2766,1605.431282,1.17
2765,4419,1950.190916,1.17
2766,2701,729.3323075,1.17
2766,2767,1525.811062,1.17
2766,4417,669.6701781,1.17
2767,2768,1748.139367,1.17
2767,4416,1108.092346,1.17
2768,2683,1465.452475,1.17
2768,2769,2274.79343,1.17
2769,2648,1624.170499,1.17
2769,2678,1373.338809,1.17
2769,4410,1749.994063,1.17
2770,2771,723.4948098,1.17
2770,4487,5.23,1.17
2770,4682,1129.291878,1.17
2771,2772,956.6076128,1.17
2771,4461,2173.104356,1.17
2772,2773,649.2776128,1.17
2772,4505,1677.520124,1.17
2773,2774,1156.787787,1.17
2773,4470,0.0,1.17
2774,2775,811.7876128,1.17
2774,4514,2750.387345,1.17
2775,2776,2991.383218,1.17
2775,4471,1016.739815,1.17
2776,2763,2047.608624,1.17
2776,10361,2299.616375,1.17
2777,2776,1355.841781,1.17
2778,2777,1355.841781,1.17
2778,10362,1727.692177,1.17
2779,2760,2944.754095,1.17
2779,2778,1570.287378,1.17
2779,4473,2464.646922,1.17
2780,88,611.93,1.17
2780,2775,3196.33542,1.17
2780,4514,1226.930295,1.17
2781,2780,3889.710742,1.17
2781,4517,2418.060231,1.17
2781,4521,3274.520513,1.17
2782,2783,0.0,1.17
2782,4501,5.23,1.17
2783,2782,0.0,1.17
2783,4499,0.0,1.17
2783,4791,0.0,1.17
2784,4494,1727.594827,1.17
2784,4499,0.0,1.17
2785,2784,1727.594827,1.17
2786,2677,0.0,1.17
2786,4786,0.0,1.17
2787,4199,2126.466688,1.17
2787,4754,0.0,1.17
2787,4763,0.0,1.17
2787,9337,2135.35238,1.17
2788,2789,1380.385563,1.17
2788,4303,1866.088382,1.17
2788,10353,2102.808561,1.17
2789,2790,2338.699982,1.17
2789,4795,1471.558838,1.17
2790,4076,906.0614484,1.17
2790,9336,2369.082436,1.17
2790,10353,792.9262047,1.17
2791,2792,403.7639005,1.17
2791,4081,1675.973011,1.17
2791,4299,497.7217541,1.17
2792,2791,464.13,1.17
2792,4077,131.290548,1.17
2792,9333,38.35,1.17
2792,10354,529.97,1.17
2793,4052,1388.57692,1.17
2793,4697,1614.30306,1.17
2794,9910,0.0,1.17
2795,2823,1330.721622,1.17
2795,8342,2318.301993,1.17
2795,8344,2458.776042,1.17
2796,2461,518.1591315,1.17
2796,2797,0.0,1.17
2796,4297,90.7,1.17
2797,2796,401.56,1.17
2798,2486,0.0,1.17
2798,4151,0.0,1.17
2798,4783,0.0,1.17
2799,4136,401.9483714,1.17
2799,4307,349.27,1.17
2799,4560,650.0581837,1.17
2800,7624,1139.857584,1.17
2800,7645,871.0754395,1.17
2800,8136,1196.829959,1.17
2801,4474,1368.915407,1.17
2801,4476,0.0,1.17
2801,4477,0.0,1.17
2802,7689,916.1087332,1.17
2802,7692,966.8880128,1.17
2802,8163,1001.563507,1.17
2803,7688,1012.904198,1.17
2803,7689,692.5894869,1.17
2803,7690,519.149439,1.17
2803,8152,2251.273133,1.17
2804,2468,367.52,1.17
2804,4326,485.7268974,1.17
2804,6933,446.6339243,1.17
2805,2804,249.88,1.17
2805,2807,1054.861192,1.17
2805,6929,737.9133638,1.17
2806,7623,1814.564872,1.17
2806,7644,1535.412049,1.17
2806,8120,215.52,1.17
2807,2805,836.1433638,1.17
2807,2808,143.0702228,1.17
2807,2810,298.8522595,1.17
2807,4326,0.0,1.17
2807,8050,1677.966538,1.17
2808,2807,1549.67528,1.17
2808,7879,14.86,1.17
2808,10359,774.3801549,1.17
2809,2805,119.62,1.17
2809,2810,1995.472382,1.17
2809,6927,1856.922914,1.17
2810,2809,1829.862914,1.17
2810,2811,1590.312225,1.17
2810,4332,1157.658124,1.17
2811,2808,137.76,1.17
2811,2810,2062.935268,1.17
2811,7877,175.5703897,1.17
2811,7878,1276.981836,1.17
2812,2809,70.46,1.17
2812,4332,1057.507183,1.17
2812,6916,781.6433508,1.17
2813,2812,70.46,1.17
2813,4334,2194.12601,1.17
2813,6916,1574.262838,1.17
2814,2867,1156.084962,1.17
2814,7556,283.5294405,1.17
2814,11086,1266.721283,1.17
2815,2816,1330.403241,1.17
2815,2817,2270.703773,1.17
2815,6916,1831.817274,1.17
2815,6924,2271.074745,1.17
2816,2815,1858.725155,1.17
2816,2817,136.653535,1.17
2816,2819,1330.403241,1.17
2816,4327,0.0,1.17
2817,2815,2244.166863,1.17
2817,2816,0.0,1.17
2817,2818,1995.492264,1.17
2817,12757,727.1186505,1.17
2818,2817,2551.618004,1.17
2818,2819,675.3626703,1.17
2818,6919,2081.561908,1.17
2819,2816,1946.47869,1.17
2819,6920,1512.443889,1.17
2819,12939,493.3220222,1.17
2820,2813,225.06,1.17
2820,4331,1277.27595,1.17
2820,6915,1213.440749,1.17
2821,7600,149.14,1.17
2821,8114,0.0,1.17
2821,8415,727.4533403,1.17
2822,2844,1769.007473,1.17
2822,4331,938.2931857,1.17
2822,4333,0.0,1.17
2822,7867,344.9340387,1.17
2823,6913,1238.440279,1.17
2823,6914,1151.221941,1.17
2823,12713,1485.174292,1.17
2824,2820,579.8575615,1.17
2824,6912,610.7094844,1.17
2824,7865,467.1821834,1.17
2825,2847,1960.473815,1.17
2825,7044,874.0832451,1.17
2825,7045,2641.373112,1.17
2825,7047,2190.669842,1.17
2825,8372,2322.241219,1.17
2826,2824,767.2492741,1.17
2826,2828,2431.438216,1.17
2826,6907,2.494336186,1.17
2826,8336,1940.225479,1.17
2827,2828,3053.360824,1.17
2827,8335,2886.81418,1.17
2828,2826,2289.187378,1.17
2828,2827,1950.44019,1.17
2828,7119,1245.171471,1.17
2829,6904,2472.235635,1.17
2829,6905,2215.114234,1.17
2829,12222,1215.647122,1.17
2830,2834,1627.133708,1.17
2830,6906,2013.058544,1.17
2830,7896,1372.557864,1.17
2831,2401,953.5752945,1.17
2831,12943,819.1474384,1.17
2831,12944,270.7098194,1.17
2832,2727,478.3279577,1.17
2832,4641,393.6256211,1.17
2832,4647,1302.053513,1.17
2832,11229,2004.088843,1.17
2833,1981,629.6230481,1.17
2833,5588,110.93,1.17
2833,11633,267.35,1.17
2834,2830,2832.596807,1.17
2834,7899,2332.202029,1.17
2835,2829,754.8602554,1.17
2835,6897,403.42638,1.17
2835,6901,567.217122,1.17
2836,2837,639.2626452,1.17
2836,6891,1876.15546,1.17
2836,7889,1366.655657,1.17
2837,2836,2277.762947,1.17
2837,7002,1540.578018,1.17
2837,7890,46.51248946,1.17
2837,12185,72.11739324,1.17
2838,2839,1113.196953,1.17
2838,12182,741.4726183,1.17
2839,2838,359.9990277,1.17
2839,6986,438.7235366,1.17
2839,7888,816.7709271,1.17
2840,2841,1849.493496,1.17
2840,8412,920.85,1.17
2840,12181,2604.621242,1.17
2841,2840,2847.471242,1.17
2841,8376,2109.923839,1.17
2842,6907,303.9140621,1.17
2842,7901,606.5748335,1.17
2842,10598,275.893072,1.17
2843,2914,525.9822622,1.17
2843,3005,618.0949302,1.17
2843,4627,725.0240089,1.17
2844,2822,1283.227224,1.17
2844,7865,204.95,1.17
2844,7866,0.0,1.17
2844,10358,2849.662401,1.17
2845,2846,2524.267402,1.17
2845,7048,1493.527147,1.17
2845,7055,3194.545166,1.17
2845,7056,643.4601826,1.17
2846,2845,2496.262095,1.17
2846,7047,2458.672153,1.17
2846,7048,639.4390759,1.17
2846,7052,753.8295744,1.17
2847,2825,1835.557628,1.17
2847,7045,199.22,1.17
2847,10607,2210.643815,1.17
2848,4379,1558.724667,1.17
2848,7458,2171.124415,1.17
2848,8252,1636.729461,1.17
2849,2853,2429.10276,1.17
2849,7462,2199.326966,1.17
2849,8248,611.3287335,1.17
2850,2557,821.8593874,1.17
2850,2851,1360.536353,1.17
2850,4613,1189.791521,1.17
2851,2560,1172.823305,1.17
2851,2561,1068.398873,1.17
2851,4550,1369.994909,1.17
2851,4664,728.5070631,1.17
2852,8068,7594.031502,1.17
2852,8078,4043.828082,1.17
2853,2849,1489.277831,1.17
2853,8250,1737.280562,1.17
2853,10370,1761.730934,1.17
2854,1719,58.96,1.17
2854,2868,829.9128132,1.17
2854,4264,563.3370883,1.17
2854,4286,18.13,1.17
2855,2220,1760.590827,1.17
2855,2866,2293.560596,1.17
2855,10081,1853.837593,1.17
2856,2865,2212.671345,1.17
2856,9896,783.1871948,1.17
2856,11797,1935.237959,1.17
2857,2858,3557.452878,1.17
2857,4580,2862.231943,1.17
2857,7422,0.0,1.17
2857,7428,0.0,1.17
2857,12734,254.3732692,1.17
2858,2857,1681.986274,1.17
2858,12735,2253.554611,1.17
2858,12802,1371.428267,1.17
2859,7570,1889.878346,1.17
2859,8091,1171.095997,1.17
2859,8422,1330.2016,1.17
2860,7571,495.2047099,1.17
2860,8096,387.867199,1.17
2860,8421,495.9684055,1.17
2861,8101,10379.26969,1.17
2862,2867,545.1297655,1.17
2862,11092,162.3507928,1.17
2862,12152,459.3762146,1.17
2863,4364,763.834898,1.17
2863,7513,348.72,1.17
2863,7515,1314.121534,1.17
2863,8079,817.1,1.17
2864,7514,973.8874106,1.17
2864,7521,576.5270696,1.17
2864,8085,612.466854,1.17
2865,2272,2064.028445,1.17
2865,2856,1258.083757,1.17
2865,4649,2143.466954,1.17
2866,2067,1038.902509,1.17
2866,2855,2135.638235,1.17
2866,11790,3050.746874,1.17
2867,2753,1124.642672,1.17
2867,2814,1266.721283,1.17
2867,2862,339.6298788,1.17
2867,7078,0.0,1.17
2868,2854,570.4070883,1.17
2868,2869,189.9604972,1.17
2868,2871,556.0596643,1.17
2868,4288,342.0515225,1.17
2869,2868,106.4783736,1.17
2869,2871,662.5173418,1.17
2869,10161,711.5545947,1.17
2870,2674,1213.248172,1.17
2870,10360,1262.385489,1.17
2871,2868,422.375214,1.17
2871,2869,521.5940975,1.17
2871,4662,603.8173418,1.17
2871,4663,614.7596643,1.17
2872,2873,1002.992956,1.17
2872,4407,617.2909884,1.17
2872,4735,398.6809414,1.17
2873,2641,638.5508356,1.17
2873,2874,1096.037975,1.17
2874,2645,2442.082817,1.17
2874,2875,736.8118381,1.17
2875,2460,562.3971343,1.17
2875,4727,2215.913422,1.17
2876,7599,518.7495611,1.17
2876,8100,193.65,1.17
2876,8416,301.26,1.17
2877,2061,1800.552667,1.17
2877,2127,958.4619253,1.17
2877,12584,2667.569687,1.17
2878,2315,875.8779198,1.17
2878,2316,1016.540065,1.17
2878,2879,622.7004055,1.17
2878,11042,1998.765352,1.17
2879,2315,175.07,1.17
2879,2316,336.99,1.17
2879,2878,727.4046029,1.17
2879,4566,2099.992966,1.17
2880,2886,355.8839069,1.17
2880,4637,644.1423962,1.17
2880,4667,631.2733069,1.17
2880,9825,621.5950229,1.17
2881,2334,187.6191833,1.17
2881,4559,354.7285132,1.17
2881,11037,191.76,1.17
2881,12808,907.2316878,1.17
2882,2313,130.23,1.17
2882,2314,423.25,1.17
2882,2883,194.44,1.17
2882,11149,1412.848563,1.17
2883,2313,0.0,1.17
2883,2314,624.3217894,1.17
2883,2882,208.5613813,1.17
2883,4562,971.25,1.17
2884,2311,895.2813801,1.17
2884,2312,424.73,1.17
2884,2885,1580.082642,1.17
2884,4552,3696.00622,1.17
2885,2311,437.3726071,1.17
2885,2312,87.51,1.17
2885,2884,1976.469387,1.17
2885,4551,2323.142651,1.17
2886,2880,649.6793488,1.17
2886,4636,197.836718,1.17
2886,4645,477.4407055,1.17
2886,4669,202.9705177,1.17
2887,2888,2083.020506,1.17
2887,9661,971.0433317,1.17
2887,10040,1151.601557,1.17
2887,11195,1731.140864,1.17
2888,2166,2796.086355,1.17
2888,2887,1488.178622,1.17
2888,10653,1364.076468,1.17
2889,4670,360.0167986,1.17
2889,4671,403.6734557,1.17
2889,9828,37.93689496,1.17
2890,7083,0.0,1.17
2890,10848,1528.618096,1.17
2890,10854,1395.216709,1.17
2891,2892,532.7540746,1.17
2891,11165,1959.333054,1.17
2891,11166,2063.190775,1.17
2892,2891,407.5530732,1.17
2892,3584,32.34381209,1.17
2892,12478,1447.332277,1.17
2893,2696,936.8020314,1.17
2893,4624,498.0799912,1.17
2893,11745,1019.498424,1.17
2894,2165,407.8815303,1.17
2894,10905,2984.420444,1.17
2894,12641,2025.14425,1.17
2894,12642,1429.557828,1.17
2895,7545,0.0,1.17
2895,7574,602.2142947,1.17
2895,7575,487.9506156,1.17
2895,7579,34.02,1.17
2896,7604,829.13,1.17
2896,7606,1865.169443,1.17
2896,7656,643.55,1.17
2897,4497,449.7352728,1.17
2897,4498,537.5736367,1.17
2897,7293,85.26,1.17
2897,7294,41.42,1.17
2898,2407,354.5099327,1.17
2898,7654,194.4416522,1.17
2898,7657,956.5745688,1.17
2899,11102,741.01392,1.17
2899,12537,750.5220842,1.17
2900,3599,107.7979379,1.17
2900,11169,518.1894932,1.17
2900,11175,862.2379065,1.17
2901,2903,386.5866731,1.17
2901,7544,338.4922918,1.17
2901,11175,217.08,1.17
2902,4271,685.1813315,1.17
2902,11980,902.6503381,1.17
2902,11981,121.3892947,1.17
2903,2904,1636.918639,1.17
2904,2905,1413.547451,1.17
2904,12467,510.2166006,1.17
2904,12468,597.7286033,1.17
2905,2906,688.0887933,1.17
2905,12469,1464.678604,1.17
2905,12470,1326.224042,1.17
2906,7621,688.0887933,1.17
2906,12469,485.0372631,1.17
2907,6356,1085.678468,1.17
2907,6357,1801.258675,1.17
2907,9248,927.9400512,1.17
2907,11215,962.0245714,1.17
2908,6365,711.2714918,1.17
2908,11217,1338.067585,1.17
2908,11220,558.4101033,1.17
2909,4277,96.19,1.17
2909,11976,357.1698677,1.17
2910,2502,1452.328433,1.17
2910,2911,100.5,1.17
2910,3422,1897.164958,1.17
2910,11217,190.8307586,1.17
2911,2503,49.79,1.17
2911,2504,214.7334841,1.17
2911,2910,0.0,1.17
2912,6351,234.6206696,1.17
2912,6352,76.63113448,1.17
2912,9682,373.3277275,1.17
2913,2048,1158.75,1.17
2913,10299,2129.002134,1.17
2913,11861,2865.94533,1.17
2914,2725,525.9822622,1.17
2914,2843,532.3540089,1.17
2915,2168,1083.139656,1.17
2915,2169,1832.551818,1.17
2915,2324,1726.483552,1.17
2915,2325,2237.359564,1.17
2916,2168,1135.55,1.17
2916,2169,2270.104083,1.17
2916,2325,1186.889314,1.17
2916,10679,2979.186966,1.17
2917,2918,809.4894523,1.17
2917,5806,782.2018408,1.17
2917,10175,758.6517261,1.17
2917,12256,1388.363893,1.17
2918,2917,530.3661437,1.17
2918,11866,602.4324552,1.17
2918,12405,847.9296394,1.17
2919,4282,127.5983736,1.17
2919,4293,169.8104972,1.17
2919,4652,111.3223302,1.17
2919,9399,16.45,1.17
2920,1894,286.16,1.17
2920,1895,631.69,1.17
2920,2921,138.5646438,1.17
2920,12271,1701.581449,1.17
2921,1894,1360.225012,1.17
2921,1895,739.7702543,1.17
2921,1896,1906.280865,1.17
2921,2920,332.8,1.17
2922,2653,1005.765924,1.17
2922,2654,233.0280955,1.17
2922,2923,698.5540631,1.17
2922,10197,1260.604224,1.17
2923,2653,1008.601666,1.17
2923,2922,659.0080955,1.17
2923,10193,1736.480079,1.17
2924,2655,514.6365022,1.17
2924,2657,229.9408005,1.17
2924,2925,384.2982434,1.17
2924,12411,1134.841266,1.17
2925,2655,378.2385513,1.17
2925,2656,917.8769853,1.17
2925,2657,0.0,1.17
2925,2924,399.8151778,1.17
2926,2659,1331.012621,1.17
2926,2660,324.6992508,1.17
2926,2927,4518.244389,1.17
2926,12413,1887.673676,1.17
2927,2659,0.0,1.17
2927,2660,1938.495372,1.17
2927,3338,5622.957973,1.17
2928,2661,413.3562379,1.17
2928,2929,982.2327537,1.17
2928,10200,299.9586872,1.17
2929,2662,991.1355226,1.17
2929,2928,413.3562379,1.17
2929,10196,1060.73961,1.17
2930,5820,3.92,1.17
2930,5822,148.97,1.17
2930,6181,673.5167466,1.17
2930,12283,0.0,1.17
2931,2669,443.104857,1.17
2931,2670,302.0135102,1.17
2931,2932,201.6670025,1.17
2931,11982,707.7349777,1.17
2932,2521,1564.331463,1.17
2932,2669,1116.079094,1.17
2932,2670,79.49173024,1.17
2932,2931,66.81260512,1.17
2933,2671,1487.53158,1.17
2933,2672,181.97,1.17
2933,2934,149.6029346,1.17
2933,5898,947.4100937,1.17
2934,2523,1902.351215,1.17
2934,2671,660.9971231,1.17
2934,2672,880.9413002,1.17
2934,2933,111.86,1.17
2935,2625,1098.439316,1.17
2935,6182,348.53,1.17
2936,2475,485.13,1.17
2936,2668,224.49,1.17
2936,2709,478.0145237,1.17
2937,3871,808.1521166,1.17
2937,11201,470.1109679,1.17
2937,12596,861.4350892,1.17
2938,11795,0.0,1.17
2938,11805,409.4702253,1.17
2938,11806,746.7445027,1.17
2939,2940,11.63,1.17
2939,3084,27.74,1.17
2939,6455,0.0,1.17
2939,11468,2.17,1.17
2940,2939,25.24,1.17
2940,2941,16.81,1.17
2940,6461,55.48,1.17
2940,11468,171.89,1.17
2941,2940,38.66,1.17
2941,2942,16.81,1.17
2941,2962,0.0,1.17
2942,2941,38.66,1.17
2942,2961,7.04,1.17
2942,11467,19.97,1.17
2943,4293,109.7983736,1.17
2943,4655,95.81601263,1.17
2943,10162,161.7104972,1.17
2943,11977,226.6681257,1.17
2944,4651,588.1510326,1.17
2944,4653,391.403186,1.17
2944,4654,571.0101666,1.17
2944,5157,357.0560262,1.17
2945,2946,3.55,1.17
2945,6457,1.85,1.17
2945,11484,7.6,1.17
2946,2945,5.85,1.17
2946,2947,3.84,1.17
2946,2957,1.06,1.17
2947,2946,6.91,1.17
2947,2948,3.84,1.17
2947,6458,0.0,1.17
2948,2947,6.91,1.17
2948,2955,23.59,1.17
2948,11483,8.51,1.17
2949,4632,354.0854324,1.17
2949,4643,371.4614475,1.17
2949,4644,572.7510279,1.17
2949,9826,369.3078712,1.17
2950,2951,38.71,1.17
2950,2953,102.92,1.17
2950,11483,0.0,1.17
2951,2950,102.92,1.17
2951,2952,38.71,1.17
2952,2951,102.92,1.17
2952,6460,38.71,1.17
2953,2950,38.71,1.17
2953,2954,102.92,1.17
2954,2953,38.71,1.17
2954,2955,103.6,1.17
2954,2975,1.02,1.17
2955,2948,4.67,1.17
2955,2954,39.73,1.17
2955,2956,92.45,1.17
2955,11485,33.04,1.17
2956,2955,33.53,1.17
2956,2957,0.0,1.17
2956,2958,92.45,1.17
2957,2946,0.29,1.17
2957,2956,0.0,1.17
2957,2959,1.06,1.17
2958,2956,33.53,1.17
2958,2959,36.99,1.17
2958,2978,101.44,1.17
2958,2979,92.45,1.17
2959,2957,0.29,1.17
2959,2958,101.44,1.17
2959,2960,38.05,1.17
2960,2959,101.73,1.17
2960,2961,1.06,1.17
2960,9614,232.49,1.17
2960,11484,106.54,1.17
2961,2942,3.16,1.17
2961,2960,0.29,1.17
2961,2962,1.02,1.17
2961,2972,7.08,1.17
2962,2941,0.0,1.17
2962,2961,0.26,1.17
2962,2963,1.02,1.17
2963,2962,0.26,1.17
2963,2964,165.69,1.17
2963,2970,262.26,1.17
2964,2963,262.52,1.17
2964,2966,186.13,1.17
2964,11468,80.53,1.17
2964,11470,196.37,1.17
2965,4619,391.1254324,1.17
2965,4621,0.0,1.17
2965,4623,0.24,1.17
2965,11747,407.4844262,1.17
2966,2964,267.03,1.17
2966,2968,0.0,1.17
2966,3108,186.13,1.17
2967,2968,3.07,1.17
2967,2988,0.0,1.17
2967,11448,6.19,1.17
2968,2966,0.0,1.17
2968,2967,6.19,1.17
2968,11470,3.07,1.17
2969,7427,200.61,1.17
2969,7428,171.78,1.17
2969,12801,212.2150582,1.17
2970,2963,164.67,1.17
2970,2971,273.54,1.17
2970,11470,3.51,1.17
2971,2970,168.18,1.17
2971,2972,273.54,1.17
2971,2985,0.0,1.17
2972,2961,3.19,1.17
2972,2971,168.18,1.17
2972,2981,280.55,1.17
2972,9614,0.0,1.17
2973,3287,34.19,1.17
2973,3290,485.2258996,1.17
2973,3291,261.17,1.17
2973,3302,118.885774,1.17
2974,2975,18.74,1.17
2974,3004,124.7,1.17
2974,6833,24.36,1.17
2975,2954,0.68,1.17
2975,2974,4.24,1.17
2975,3003,19.76,1.17
2976,3001,68.01,1.17
2976,3002,157.74,1.17
2976,3003,91.53,1.17
2976,11485,210.31,1.17
2977,3484,170.9639237,1.17
2977,3487,366.24,1.17
2977,3500,646.1486749,1.17
2977,7195,659.649909,1.17
2978,2958,36.99,1.17
2978,2979,121.81,1.17
2978,11485,204.96,1.17
2979,2958,33.53,1.17
2979,2978,103.52,1.17
2979,9173,214.26,1.17
2980,3350,360.74,1.17
2980,3351,91.86,1.17
2980,3370,870.3095888,1.17
2981,2972,171.3,1.17
2981,7210,448.77,1.17
2981,11469,187.7,1.17
2982,4046,14.69,1.17
2982,4047,26.27,1.17
2982,4062,79.39,1.17
2982,11620,84.14,1.17
2983,3632,578.63,1.17
2983,6516,0.0,1.17
2983,11940,430.91,1.17
2984,2985,92.33370904,1.17
2984,2993,84.79629096,1.17
2984,11469,166.83,1.17
2985,2971,0.0,1.17
2985,2984,97.15927846,1.17
2985,2986,92.33370904,1.17
2985,2993,0.0,1.17
2986,2985,97.15927846,1.17
2986,2987,97.69,1.17
2986,2990,282.833709,1.17
2987,2986,240.26,1.17
2987,2988,26.25,1.17
2987,11470,71.44,1.17
2988,2967,0.0,1.17
2988,2987,23.51,1.17
2988,2989,0.0,1.17
2988,7282,26.25,1.17
2989,2988,0.0,1.17
2989,2990,107.3392785,1.17
2989,3149,80.72370904,1.17
2990,2986,145.0892785,1.17
2990,2989,80.72370904,1.17
2990,2991,249.93,1.17
2991,2990,85.57,1.17
2991,2992,103.1507215,1.17
2991,3019,301.246291,1.17
2992,2991,99.13629096,1.17
2992,2993,69.67072154,1.17
2992,2994,33.48,1.17
2993,2984,69.67072154,1.17
2993,2985,0.0,1.17
2993,2992,84.79629096,1.17
2994,2992,14.34,1.17
2994,2995,33.64,1.17
2994,3021,0.4,1.17
2995,2994,14.74,1.17
2995,2996,13.69,1.17
2995,11471,68.28,1.17
2996,2995,35.2,1.17
2996,2997,0.0,1.17
2996,11469,13.69,1.17
2997,2996,0.0,1.17
2997,2998,0.0,1.17
2997,3025,459.4461118,1.17
2997,11486,278.667602,1.17
2998,2997,0.0,1.17
2998,2999,116.602398,1.17
2998,3000,0.0,1.17
2998,3026,413.2738882,1.17
2999,2998,413.2738882,1.17
2999,3000,0.0,1.17
2999,9173,18.67,1.17
2999,11486,97.932398,1.17
3000,2998,0.0,1.17
3000,2999,0.0,1.17
3000,3001,0.0,1.17
3001,2976,57.45,1.17
3001,3000,0.0,1.17
3001,3027,68.01,1.17
3002,2976,51.5,1.17
3002,3007,88.48,1.17
3002,11487,69.26,1.17
3003,2975,4.92,1.17
3003,2976,133.09,1.17
3003,3004,88.31,1.17
3004,2974,20.12,1.17
3004,3003,115.03,1.17
3004,3006,499.25,1.17
3004,11938,178.64,1.17
3005,2843,192.67,1.17
3005,4628,618.0949302,1.17
3005,10125,0.0,1.17
3006,3004,110.45,1.17
3006,3007,173.34,1.17
3006,3033,325.91,1.17
3007,3002,16.54,1.17
3007,3006,46.64,1.17
3007,3034,88.48,1.17
3007,11487,173.34,1.17
3008,3648,203.8114976,1.17
3008,3651,332.12,1.17
3008,3674,0.0,1.17
3009,3011,177.35,1.17
3009,3027,40.04,1.17
3009,3035,161.55,1.17
3009,11487,89.73,1.17
3010,4643,841.9957626,1.17
3010,4865,768.9606381,1.17
3010,9821,340.52,1.17
3011,3009,106.85,1.17
3011,3012,173.34,1.17
3011,3037,4.01,1.17
3012,3011,74.94,1.17
3012,3013,141.07,1.17
3012,3029,249.18,1.17
3012,3039,447.0,1.17
3013,3012,50.0,1.17
3013,3014,79.63,1.17
3013,3031,289.66,1.17
3013,3041,454.61,1.17
3014,3013,67.94,1.17
3014,3015,80.06,1.17
3014,3023,13.43,1.17
3014,3041,63.1,1.17
3015,3014,68.24,1.17
3015,3016,80.46,1.17
3015,3022,0.16,1.17
3016,3015,68.4,1.17
3016,3017,80.46,1.17
3016,3046,0.0,1.17
3017,3016,68.4,1.17
3017,3018,1.68,1.17
3017,3049,84.49,1.17
3018,3017,4.03,1.17
3018,3020,1.8,1.17
3018,3050,0.11,1.17
3019,2991,140.9007215,1.17
3019,3020,20.36,1.17
3019,3054,319.416291,1.17
3020,3018,4.14,1.17
3020,3019,23.88,1.17
3020,3021,16.45,1.17
3021,2994,0.16,1.17
3021,3020,22.31,1.17
3021,3022,16.85,1.17
3022,3015,0.4,1.17
3022,3021,22.47,1.17
3022,3023,16.45,1.17
3023,3014,63.53,1.17
3023,3022,22.31,1.17
3023,11471,29.88,1.17
3024,3060,0.0,1.17
3024,4034,185.0101221,1.17
3024,12016,69.54,1.17
3025,2997,278.667602,1.17
3025,3026,83.48,1.17
3025,11471,36.35,1.17
3025,11488,603.3661118,1.17
3026,2998,116.602398,1.17
3026,3025,127.71,1.17
3026,3027,201.88,1.17
3026,3028,218.3538882,1.17
3027,3001,57.45,1.17
3027,3009,144.43,1.17
3027,3026,108.05,1.17
3028,3026,59.742398,1.17
3028,3029,218.3538882,1.17
3028,3030,0.0,1.17
3029,3012,471.94,1.17
3029,3028,59.742398,1.17
3029,3030,189.437602,1.17
3030,3028,0.0,1.17
3030,3029,253.5861118,1.17
3030,3031,0.0,1.17
3030,11488,189.437602,1.17
3031,3013,393.17,1.17
3031,3030,0.0,1.17
3031,11488,289.66,1.17
3032,3216,1678.754381,1.17
3032,11231,0.0,1.17
3032,11804,1465.307026,1.17
3033,3006,63.81,1.17
3033,3034,60.05,1.17
3033,3077,582.11,1.17
3033,6899,0.0,1.17
3034,3007,16.54,1.17
3034,3033,256.2,1.17
3034,3035,43.51,1.17
3035,3009,42.87,1.17
3035,3034,167.72,1.17
3035,3036,104.15,1.17
3035,11487,5.01,1.17
3036,3035,4.37,1.17
3036,3037,0.2,1.17
3036,11489,104.16,1.17
3037,3011,31.91,1.17
3037,3036,0.01,1.17
3037,3038,4.21,1.17
3038,3037,31.92,1.17
3038,3039,216.91,1.17
3038,3045,1.2,1.17
3038,11490,450.01,1.17
3039,3012,216.91,1.17
3039,3038,447.0,1.17
3039,3040,0.0,1.17
3040,3039,0.0,1.17
3040,3041,284.85,1.17
3040,3042,517.71,1.17
3041,3013,271.72,1.17
3041,3014,13.13,1.17
3041,3040,517.71,1.17
3042,3040,284.85,1.17
3042,3046,538.71,1.17
3042,11473,10.61,1.17
3043,3762,63.26,1.17
3043,4001,28.38,1.17
3043,4002,266.8752592,1.17
3044,3045,4.56,1.17
3044,3068,0.0,1.17
3044,11473,1.36,1.17
3045,3038,1.17,1.17
3045,3044,1.36,1.17
3045,3070,3.39,1.17
3046,3016,0.0,1.17
3046,3042,288.78,1.17
3046,3047,538.71,1.17
3047,3046,288.78,1.17
3047,3048,19.8,1.17
3047,3065,518.91,1.17
3048,3047,13.13,1.17
3048,3049,3.19,1.17
3048,11474,23.47,1.17
3049,3017,70.08,1.17
3049,3048,5.28,1.17
3049,3050,80.68,1.17
3050,3018,0.12,1.17
3050,3049,68.36,1.17
3050,3051,80.79,1.17
3051,3050,68.48,1.17
3051,3059,0.0,1.17
3051,11472,80.79,1.17
3052,4842,471.6780354,1.17
3052,4843,620.9803618,1.17
3052,4850,768.3721359,1.17
3052,11751,391.5821511,1.17
3053,3054,176.9607215,1.17
3053,3056,316.206291,1.17
3053,11472,233.8161816,1.17
3054,3019,155.5507215,1.17
3054,3053,379.9324726,1.17
3054,3055,29.27,1.17
3055,3054,68.3761816,1.17
3055,3149,23.19,1.17
3055,3184,6.08,1.17
3056,3053,191.3907215,1.17
3056,3057,40.12,1.17
3056,3186,357.796291,1.17
3057,3056,41.59,1.17
3057,3058,240.5861816,1.17
3057,11472,49.17,1.17
3058,3057,90.76,1.17
3058,3059,44.65,1.17
3058,9662,195.9361816,1.17
3059,3051,0.0,1.17
3059,3058,43.95,1.17
3059,11474,44.65,1.17
3060,3024,0.0,1.17
3060,4054,0.0,1.17
3060,4055,0.0,1.17
3060,4079,0.0,1.17
3061,3062,299.104215,1.17
3061,3186,91.06,1.17
3061,9174,0.0,1.17
3062,3061,91.06,1.17
3062,6627,622.6882248,1.17
3062,9662,617.194215,1.17
3063,3064,305.8650008,1.17
3063,3248,75.51422602,1.17
3063,9662,508.25,1.17
3063,11474,38.43,1.17
3064,3063,522.294226,1.17
3064,3065,309.0650008,1.17
3064,3247,29.15577398,1.17
3065,3047,275.65,1.17
3065,3064,547.86,1.17
3065,3066,33.4150008,1.17
3066,3065,28.95,1.17
3066,3067,33.5450008,1.17
3066,7280,1.47,1.17
3067,3066,30.42,1.17
3067,3068,33.4150008,1.17
3067,3069,13.77,1.17
3067,11473,1.87,1.17
3068,3044,0.0,1.17
3068,3067,28.95,1.17
3068,3069,0.0,1.17
3068,3070,33.4150008,1.17
3069,3067,1.74,1.17
3069,3068,0.0,1.17
3069,3243,13.77,1.17
3070,3045,0.16,1.17
3070,3068,28.95,1.17
3070,3073,19.0150008,1.17
3070,11490,17.79,1.17
3071,4078,119.8767546,1.17
3071,4092,119.62,1.17
3072,3073,456.68,1.17
3072,3241,9.09,1.17
3072,11490,245.2,1.17
3073,3070,0.42,1.17
3073,3072,235.67,1.17
3073,3242,475.6950008,1.17
3074,3082,113.2,1.17
3074,11489,4.13,1.17
3074,11490,8.21,1.17
3075,4092,122.5967546,1.17
3075,4107,0.0,1.17
3075,4108,0.0,1.17
3075,11942,119.62,1.17
3076,3077,11.22,1.17
3076,3080,0.72,1.17
3076,11489,2.73,1.17
3077,3033,123.86,1.17
3077,3076,3.45,1.17
3077,3078,583.65,1.17
3078,3077,117.63,1.17
3078,3079,0.0,1.17
3078,3235,583.65,1.17
3079,3078,0.65,1.17
3079,3080,0.0,1.17
3079,3237,0.0,1.17
3080,3076,8.73,1.17
3080,3079,0.0,1.17
3080,3081,0.72,1.17
3081,3080,8.73,1.17
3081,3082,2.96,1.17
3081,3238,9.8,1.17
3082,3074,4.83,1.17
3082,3081,17.81,1.17
3082,3239,104.12,1.17
3083,3084,233.1079568,1.17
3083,3215,27.59,1.17
3083,6455,57.9,1.17
3084,2939,13.8,1.17
3084,3083,85.15,1.17
3084,3108,184.1479568,1.17
3084,11446,72.15,1.17
3085,3086,58.94,1.17
3085,9616,0.0,1.17
3085,11446,186.7985386,1.17
3086,3085,186.7985386,1.17
3086,3215,83.30795683,1.17
3086,7061,87.67,1.17
3086,9616,1.19,1.17
3087,2558,380.5847348,1.17
3087,3216,103.7295311,1.17
3087,4648,441.249729,1.17
3088,3094,1523.682922,1.17
3088,3114,794.28,1.17
3088,12382,599.971734,1.17
3089,3090,10.37,1.17
3089,3104,78.22350453,1.17
3089,3221,19.89,1.17
3089,11447,6.72,1.17
3090,3089,3.58,1.17
3090,3097,476.7181463,1.17
3090,3116,242.3,1.17
3091,6822,52.91,1.17
3091,9362,274.5418537,1.17
3092,3196,194.2756187,1.17
3092,9301,28.31382471,1.17
3092,9331,165.6862128,1.17
3093,3102,76.22681437,1.17
3093,3196,425.1517073,1.17
3093,11416,404.3080219,1.17
3094,2300,11519.55478,1.17
3095,3101,657.5249022,1.17
3095,9305,823.1962128,1.17
3095,9306,452.83,1.17
3096,3097,166.7245675,1.17
3096,3098,274.1361691,1.17
3096,9306,265.62,1.17
3096,11415,196.1165045,1.17
3097,3090,245.88,1.17
3097,3096,235.3365045,1.17
3097,3098,241.3816419,1.17
3098,3096,226.4,1.17
3098,3097,79.15543252,1.17
3098,3103,347.4,1.17
3098,3111,238.5878109,1.17
3099,3114,1692.760376,1.17
3099,7108,11979.87057,1.17
3100,3101,0.0,1.17
3100,11415,220.9345675,1.17
3100,11417,327.3765045,1.17
3101,3095,361.0060434,1.17
3101,3100,0.0,1.17
3101,3126,657.5249022,1.17
3102,3093,0.0,1.17
3102,3198,0.0,1.17
3102,11418,76.22681437,1.17
3103,3098,276.33,1.17
3103,3104,367.17,1.17
3103,3110,78.22350453,1.17
3104,3089,19.77,1.17
3104,3103,354.5535045,1.17
3104,3105,347.4,1.17
3105,3104,276.33,1.17
3105,3106,135.39,1.17
3105,3109,219.58,1.17
3106,3105,139.1,1.17
3106,9613,139.69,1.17
3106,11447,2.92,1.17
3107,3108,233.83,1.17
3107,3117,135.72,1.17
3107,9613,31.87,1.17
3108,2966,267.03,1.17
3108,3084,62.42,1.17
3108,3107,167.59,1.17
3108,11448,165.6179568,1.17
3109,3105,144.8,1.17
3109,3117,213.08,1.17
3109,9678,6.5,1.17
3110,3103,19.77,1.17
3110,3111,0.0,1.17
3110,3112,78.22350453,1.17
3111,3098,99.69543252,1.17
3111,3110,0.0,1.17
3111,3123,238.5878109,1.17
3112,3110,19.77,1.17
3112,3113,0.0,1.17
3112,3121,78.22350453,1.17
3113,3112,0.0,1.17
3113,9678,0.0,1.17
3113,11449,0.0,1.17
3114,3088,1547.75503,1.17
3114,7107,1236.298871,1.17
3114,10922,2462.968268,1.17
3115,4641,520.2438002,1.17
3115,4647,482.2361998,1.17
3115,11231,625.4997141,1.17
3116,3090,466.3481463,1.17
3116,3221,41.08,1.17
3116,12026,204.48,1.17
3117,3107,202.13,1.17
3117,3109,143.73,1.17
3117,9612,307.3985386,1.17
3117,9613,166.16,1.17
3118,3151,126.17,1.17
3118,9612,175.31,1.17
3118,9678,1.07,1.17
3118,11449,187.96,1.17
3119,8611,2428.298274,1.17
3119,11112,617.3907049,1.17
3119,12535,1964.795637,1.17
3120,3121,209.52,1.17
3120,3152,6.02,1.17
3120,11449,119.4,1.17
3121,3112,19.77,1.17
3121,3120,117.62,1.17
3121,3122,463.2497173,1.17
3121,3153,427.1216481,1.17
3122,3121,564.1616481,1.17
3122,3123,213.9162128,1.17
3122,3140,249.3335045,1.17
3123,3111,99.69543252,1.17
3123,3122,455.9016481,1.17
3123,3140,208.7108594,1.17
3123,11417,315.6862128,1.17
3124,2722,599.08,1.17
3124,11798,1553.309227,1.17
3124,11808,568.6330382,1.17
3125,3126,162.4162128,1.17
3125,3129,204.54,1.17
3125,11417,542.7046966,1.17
3126,3101,361.0060434,1.17
3126,3125,312.2434684,1.17
3126,3129,345.2814338,1.17
3127,3128,185.1165045,1.17
3127,3139,21.15078244,1.17
3127,11417,85.65456748,1.17
3128,3127,77.55534991,1.17
3128,3129,0.0,1.17
3128,3138,185.1165045,1.17
3129,3125,230.4612282,1.17
3129,3126,198.5898307,1.17
3129,3128,4.260782438,1.17
3129,3130,595.9439135,1.17
3129,3131,210.3502132,1.17
3130,3129,449.6502132,1.17
3130,3137,379.6020599,1.17
3130,9307,216.3418537,1.17
3131,3129,240.1343211,1.17
3131,11416,74.24016933,1.17
3131,11418,276.8916915,1.17
3132,3567,1259.469492,1.17
3132,11099,1164.079296,1.17
3132,11105,633.9883051,1.17
3133,3134,306.6832076,1.17
3133,3202,0.0,1.17
3133,9308,172.4403973,1.17
3134,3133,172.4403973,1.17
3134,3135,447.9332076,1.17
3134,9307,68.64978685,1.17
3135,3134,241.0901842,1.17
3135,3136,153.3138964,1.17
3135,10115,38.42,1.17
3135,11421,357.458083,1.17
3136,3135,198.6637872,1.17
3136,3137,244.0802132,1.17
3136,3159,532.9159562,1.17
3137,3130,244.0802132,1.17
3137,3136,379.6020599,1.17
3137,3138,0.0,1.17
3138,3128,73.29456748,1.17
3138,3137,0.0,1.17
3138,3139,0.0,1.17
3138,3158,185.1165045,1.17
3139,3127,12.36,1.17
3139,3138,0.0,1.17
3139,3156,21.15078244,1.17
3140,3122,108.26,1.17
3140,3123,130.9954325,1.17
3140,3141,458.044364,1.17
3141,3140,239.2554325,1.17
3141,3143,174.9392785,1.17
3141,11419,544.178073,1.17
3142,3143,84.40370904,1.17
3142,3145,204.6947516,1.17
3142,3153,95.83927846,1.17
3143,3141,163.003709,1.17
3143,3142,114.5192785,1.17
3143,6465,60.42,1.17
3144,3182,130.7706026,1.17
3144,9663,4.58,1.17
3144,11451,44.65,1.17
3145,3142,16.32,1.17
3145,3146,201.1547516,1.17
3145,9663,11.34,1.17
3146,3145,19.06,1.17
3146,3147,199.3747516,1.17
3146,3152,1.78,1.17
3147,3146,13.04,1.17
3147,3148,215.21,1.17
3147,3151,238.4862128,1.17
3147,3181,350.9716481,1.17
3148,3147,128.25,1.17
3148,3150,88.8,1.17
3148,11450,395.8903139,1.17
3149,2989,107.3392785,1.17
3149,3055,62.1361816,1.17
3149,3150,86.88370904,1.17
3149,7282,17.03,1.17
3150,3148,180.6803139,1.17
3150,3149,110.4892785,1.17
3150,3151,86.88370904,1.17
3150,9612,88.8,1.17
3151,3118,68.96,1.17
3151,3147,365.0968965,1.17
3151,3150,110.4892785,1.17
3151,3152,243.9399218,1.17
3152,3120,1.78,1.17
3152,3146,6.02,1.17
3152,3151,336.9461749,1.17
3152,3153,243.9399218,1.17
3153,3121,175.8562128,1.17
3153,3142,254.0984606,1.17
3153,3152,336.9461749,1.17
3154,11100,1158.713018,1.17
3154,11101,1299.803355,1.17
3154,11107,2103.62589,1.17
3155,3156,10.67,1.17
3155,3157,349.4516727,1.17
3155,11419,327.9754934,1.17
3156,3139,12.36,1.17
3156,3155,18.12078244,1.17
3156,11420,3.03,1.17
3157,3155,334.384711,1.17
3157,9309,206.2188357,1.17
3157,11420,444.3932386,1.17
3157,11423,632.8039199,1.17
3158,3138,73.29456748,1.17
3158,3159,649.4687792,1.17
3158,3160,295.001177,1.17
3158,11420,613.3552347,1.17
3159,3136,442.7440004,1.17
3159,3158,791.4252347,1.17
3159,11421,206.7247788,1.17
3160,3158,218.3547806,1.17
3160,9309,222.4480821,1.17
3160,9310,548.8600127,1.17
3161,3170,669.5467886,1.17
3161,9310,270.7932114,1.17
3161,11424,565.4786226,1.17
3162,9346,314.1798869,1.17
3162,11407,618.1641631,1.17
3162,11424,528.9429908,1.17
3163,9187,822.1927663,1.17
3163,9310,295.9428627,1.17
3163,11423,104.5419179,1.17
3164,3187,199.2469977,1.17
3164,4049,7628.468839,1.17
3165,3166,141.1473194,1.17
3165,9189,438.8988264,1.17
3165,11423,399.3586711,1.17
3166,3165,180.7932386,1.17
3166,3167,551.8419574,1.17
3166,11422,502.2383942,1.17
3167,3166,361.0910747,1.17
3167,3174,517.4944026,1.17
3167,9188,618.0835993,1.17
3167,9189,218.5654325,1.17
3168,3317,239.1211712,1.17
3168,11096,3481.338367,1.17
3168,12488,3298.776998,1.17
3169,3170,572.9692545,1.17
3169,9313,1599.311434,1.17
3169,11427,2195.349398,1.17
3170,3161,342.8097869,1.17
3170,3169,742.4160316,1.17
3170,3171,498.3106645,1.17
3170,7196,266.6047358,1.17
3171,3170,339.4739788,1.17
3171,3172,759.085422,1.17
3171,9313,961.9289684,1.17
3172,3171,961.2066237,1.17
3172,3173,166.77,1.17
3172,9312,709.945422,1.17
3172,11407,169.74,1.17
3173,3172,120.6,1.17
3173,9313,700.4007215,1.17
3173,11408,987.0025722,1.17
3174,3167,186.42,1.17
3174,3404,440.2144026,1.17
3174,3405,77.28,1.17
3175,11419,105.18,1.17
3175,11422,323.7414523,1.17
3175,11423,247.3871827,1.17
3176,3222,0.0,1.17
3176,4050,5029.285503,1.17
3177,3195,266.1840675,1.17
3177,9611,366.0749365,1.17
3177,11422,653.9097694,1.17
3177,11451,82.0,1.17
3178,3179,366.8849365,1.17
3178,3180,104.6462128,1.17
3178,3190,235.1949443,1.17
3178,9611,462.5782876,1.17
3179,3178,379.1382876,1.17
3179,3180,16.39,1.17
3179,3188,129.3967038,1.17
3179,9610,292.8249365,1.17
3180,3178,318.6349443,1.17
3180,3179,55.33670383,1.17
3180,3181,121.0362128,1.17
3181,3147,124.9862128,1.17
3181,3180,373.9716481,1.17
3181,3182,33.5,1.17
3182,3144,49.23,1.17
3182,3181,60.45,1.17
3182,9611,70.32060256,1.17
3183,3193,461.845725,1.17
3183,12570,4903.585782,1.17
3184,3055,6.24,1.17
3184,3185,175.56,1.17
3184,11450,90.93,1.17
3185,3184,84.85,1.17
3185,3186,530.6149365,1.17
3185,9610,364.006291,1.17
3186,3056,231.5107215,1.17
3186,3061,299.104215,1.17
3186,3185,448.856291,1.17
3187,3164,311.99,1.17
3187,3193,905.2771212,1.17
3187,12572,1627.530096,1.17
3188,3179,115.97,1.17
3188,3189,238.2347072,1.17
3188,11452,239.74,1.17
3189,3188,125.57,1.17
3189,3190,223.0080034,1.17
3189,7202,15.22670383,1.17
3190,3178,56.49621278,1.17
3190,3189,125.57,1.17
3190,3191,458.2029476,1.17
3191,3190,182.0662128,1.17
3191,3192,324.3994344,1.17
3191,11453,132.8437872,1.17
3191,11455,357.4990258,1.17
3192,3191,148.06,1.17
3192,7202,0.0,1.17
3192,7204,339.6261382,1.17
3193,3183,649.8594632,1.17
3193,3187,1528.163098,1.17
3193,3197,1164.752846,1.17
3194,3195,125.9937872,1.17
3194,9611,64.69,1.17
3194,11453,342.0475091,1.17
3195,3177,191.8432386,1.17
3195,3194,154.26491,1.17
3195,3400,111.9191575,1.17
3196,3092,9.01,1.17
3196,3093,480.5348362,1.17
3196,9304,416.1417073,1.17
3197,3193,1975.652562,1.17
3197,5942,0.0,1.17
3197,11120,1481.263956,1.17
3198,3102,0.0,1.17
3198,3199,249.0303973,1.17
3198,9304,0.0,1.17
3198,11404,470.0464698,1.17
3199,3198,470.0464698,1.17
3199,3200,223.597869,1.17
3199,9303,369.3525284,1.17
3200,3199,148.8247415,1.17
3200,3201,725.7117608,1.17
3200,11403,432.5313988,1.17
3201,3200,552.8535299,1.17
3201,8606,664.036393,1.17
3201,11404,90.39122822,1.17
3201,11405,475.4806888,1.17
3202,3133,0.0,1.17
3202,3203,0.0,1.17
3202,10115,432.9206888,1.17
3202,11405,318.9433899,1.17
3203,3202,0.0,1.17
3203,3204,428.2834572,1.17
3203,11405,615.6771406,1.17
3204,3203,615.6771406,1.17
3204,8604,809.8229086,1.17
3204,11406,411.3992785,1.17
3205,9346,370.081917,1.17
3205,10115,280.5233899,1.17
3205,11406,0.0,1.17
3206,3208,1378.866555,1.17
3206,3210,1294.856904,1.17
3206,12615,2258.511099,1.17
3207,3209,169.58986,1.17
3207,8605,398.45,1.17
3207,11383,214.17,1.17
3208,3206,1497.563777,1.17
3208,3210,643.791222,1.17
3208,11127,1775.736555,1.17
3209,3207,201.87,1.17
3209,11382,127.71986,1.17
3209,11384,41.87,1.17
3210,3206,760.9473217,1.17
3210,3208,396.87,1.17
3210,12570,6337.550351,1.17
3210,12613,2767.637873,1.17
3211,3213,1958.809048,1.17
3211,11144,1610.797411,1.17
3211,11145,363.24,1.17
3211,11151,26.9467955,1.17
3212,8312,624.0428092,1.17
3212,8320,108.71,1.17
3212,8835,144.79,1.17
3213,3211,1707.417411,1.17
3213,4552,3374.404764,1.17
3213,12637,2275.242051,1.17
3214,8277,1776.933647,1.17
3214,9688,794.9298413,1.17
3214,11356,765.0,1.17
3215,3083,83.30795683,1.17
3215,3086,27.59,1.17
3216,3032,1465.307026,1.17
3216,3087,0.0,1.17
3216,4641,0.0,1.17
3216,11229,1814.450827,1.17
3217,5151,626.8394371,1.17
3217,8220,1680.283082,1.17
3217,8251,253.84,1.17
3217,8829,604.527191,1.17
3218,7225,209.58,1.17
3218,8261,60.38249929,1.17
3218,8287,295.3971923,1.17
3219,8833,316.41,1.17
3219,8834,376.7990856,1.17
3220,8297,486.23,1.17
3220,8298,686.6453169,1.17
3220,11357,578.24,1.17
3220,11360,763.406785,1.17
3221,3089,74.02350453,1.17
3221,3116,131.88,1.17
3221,7061,57.71,1.17
3222,2213,9203.769825,1.17
3223,8632,65.69950083,1.17
3223,9288,30.36,1.17
3224,8685,911.6295447,1.17
3224,8698,0.0,1.17
3224,9743,1171.357612,1.17
3225,8492,206.5734726,1.17
3225,8496,367.40671,1.17
3225,11241,125.46,1.17
3226,4541,1128.475384,1.17
3226,11122,1089.554335,1.17
3226,11128,1288.602709,1.17
3227,8560,333.3867013,1.17
3227,8561,810.9001589,1.17
3227,8820,3.42,1.17
3228,1168,265.41,1.17
3228,3229,596.3867556,1.17
3228,8346,520.1592787,1.17
3228,8370,54.49,1.17
3229,3228,564.7148659,1.17
3229,8369,1813.204638,1.17
3229,8370,728.6400175,1.17
3230,3231,1052.341695,1.17
3230,7220,1054.65483,1.17
3230,8367,33.00000132,1.17
3230,8368,538.0755872,1.17
3231,3230,885.4512772,1.17
3231,3232,456.4533168,1.17
3231,7219,0.0,1.17
3231,11321,595.8883786,1.17
3232,3231,374.35,1.17
3232,8365,1062.44078,1.17
3232,8821,418.87,1.17
3233,7172,118.58,1.17
3233,8502,124.25,1.17
3233,8504,0.0,1.17
3234,6584,136.9129478,1.17
3234,8653,292.2493373,1.17
3234,8657,10.0,1.17
3234,8664,241.5442079,1.17
3235,3078,116.98,1.17
3235,3236,0.0,1.17
3235,3265,220.8909387,1.17
3235,6837,362.7590613,1.17
3236,3235,0.0,1.17
3236,3237,0.0,1.17
3236,3251,0.0,1.17
3237,3079,0.65,1.17
3237,3236,0.0,1.17
3237,3238,0.0,1.17
3238,3081,2.96,1.17
3238,3237,0.65,1.17
3238,3239,0.0,1.17
3238,11491,9.8,1.17
3239,3082,10.6,1.17
3239,3238,0.0,1.17
3239,3240,104.12,1.17
3240,3239,10.6,1.17
3240,3241,33.88,1.17
3240,11492,139.1350008,1.17
3241,3072,9.53,1.17
3241,3240,35.0150008,1.17
3241,3242,24.35,1.17
3242,3073,236.09,1.17
3242,3241,25.9250008,1.17
3242,3243,21.85,1.17
3242,3255,458.76,1.17
3243,3069,1.74,1.17
3243,3242,7.38,1.17
3243,3244,23.58,1.17
3243,3256,17.36,1.17
3244,3243,10.97,1.17
3244,3258,0.0,1.17
3244,7280,23.58,1.17
3245,2235,4330.522992,1.17
3245,3386,1664.052887,1.17
3246,2442,5764.071025,1.17
3247,3064,6.79,1.17
3247,3248,23.58,1.17
3247,7280,34.75577398,1.17
3248,3063,25.13,1.17
3248,3247,5.6,1.17
3248,3249,97.36422602,1.17
3249,3248,29.0,1.17
3249,3250,106.17,1.17
3249,3260,416.481397,1.17
3250,3249,346.567171,1.17
3250,6627,16.22,1.17
3250,9662,97.2,1.17
3250,11476,8.71,1.17
3251,3236,0.0,1.17
3251,3266,11.71,1.17
3251,11491,1.14,1.17
3252,3967,9178.142702,1.17
3253,3268,4.57,1.17
3253,11491,6.03,1.17
3253,11492,20.9,1.17
3254,1905,480.2242816,1.17
3254,3259,1390.30704,1.17
3254,3261,159.6348197,1.17
3255,3242,235.2,1.17
3255,3256,121.8543545,1.17
3255,3270,774.5792142,1.17
3256,3243,3.47,1.17
3256,3255,318.4592142,1.17
3256,3257,119.3043545,1.17
3256,3281,10.1,1.17
3257,3256,311.1992142,1.17
3257,3258,119.3043545,1.17
3257,3282,0.0,1.17
3258,3244,1.78,1.17
3258,3257,311.1992142,1.17
3258,11475,119.3043545,1.17
3259,5140,2727.312814,1.17
3260,3249,107.72,1.17
3260,3285,250.3321829,1.17
3260,11475,331.9692142,1.17
3260,11476,139.6643545,1.17
3261,3254,1287.83078,1.17
3261,11589,620.8648197,1.17
3262,3263,129.9943545,1.17
3262,3264,56.14,1.17
3262,11476,149.34,1.17
3263,3262,114.53,1.17
3263,3264,173.6194446,1.17
3263,6628,276.19,1.17
3264,3262,34.81,1.17
3264,3263,146.1956455,1.17
3264,3279,182.7294446,1.17
3264,3460,49.76,1.17
3265,3235,31.22,1.17
3265,3266,63.27,1.17
3265,3306,463.4909387,1.17
3266,3251,1.14,1.17
3266,3265,242.6,1.17
3266,3267,62.13,1.17
3267,3266,230.89,1.17
3267,3268,67.28,1.17
3267,11493,8.62,1.17
3268,3253,1.1,1.17
3268,3267,239.51,1.17
3268,3269,66.18,1.17
3269,3268,234.94,1.17
3269,3270,238.86,1.17
3269,11492,38.6,1.17
3270,3255,354.4143545,1.17
3270,3269,243.8649992,1.17
3270,3271,340.27,1.17
3270,9606,407.794215,1.17
3271,3270,136.51,1.17
3271,3272,348.64,1.17
3271,3281,0.92,1.17
3271,3289,1.73,1.17
3272,3271,137.38,1.17
3272,3283,0.0,1.17
3272,11477,348.64,1.17
3273,3261,758.32,1.17
3273,5131,809.63,1.17
3274,3275,42.05,1.17
3274,3283,0.0,1.17
3274,11477,10.65,1.17
3275,3274,10.65,1.17
3275,3276,52.19577398,1.17
3275,3284,49.5,1.17
3276,3275,9.81,1.17
3276,3287,50.98577398,1.17
3276,11478,1.21,1.17
3277,3974,9255.259601,1.17
3278,3279,175.6956455,1.17
3278,3294,163.4794446,1.17
3278,11478,24.69,1.17
3279,3264,147.8056455,1.17
3279,3278,187.4594446,1.17
3279,3280,35.88,1.17
3280,3279,12.72,1.17
3280,3295,21.06,1.17
3280,11457,41.48,1.17
3281,3256,0.92,1.17
3281,3271,10.1,1.17
3281,3282,0.0,1.17
3282,3257,0.0,1.17
3282,3281,0.0,1.17
3282,3283,0.0,1.17
3283,3272,0.0,1.17
3283,3274,0.0,1.17
3283,3282,0.0,1.17
3284,3275,60.48577398,1.17
3284,3285,0.0,1.17
3284,11475,49.5,1.17
3285,3260,47.0,1.17
3285,3284,0.0,1.17
3285,11478,250.3321829,1.17
3286,3287,107.8556455,1.17
3286,3290,459.1298854,1.17
3286,11477,169.2,1.17
3287,2973,104.9558886,1.17
3287,3276,8.66,1.17
3287,3286,62.73988542,1.17
3287,3288,133.3856455,1.17
3288,3287,116.71,1.17
3288,3292,166.9221829,1.17
3288,11478,153.1656455,1.17
3289,3271,0.05,1.17
3289,3290,265.8756455,1.17
3289,10288,409.135785,1.17
3290,2973,241.7,1.17
3290,3286,277.0556455,1.17
3290,3289,407.405785,1.17
3290,3305,494.12,1.17
3291,2973,494.605785,1.17
3291,3292,266.27,1.17
3291,3298,3.11,1.17
3292,3288,19.78,1.17
3292,3291,497.715785,1.17
3292,3293,429.8921829,1.17
3293,3292,514.195785,1.17
3293,3294,132.3971164,1.17
3293,3297,312.9050664,1.17
3294,3278,28.46,1.17
3294,3293,437.6218613,1.17
3294,3295,104.6471164,1.17
3295,3280,5.6,1.17
3295,3294,274.8524167,1.17
3295,3296,0.98,1.17
3295,3480,99.29711645,1.17
3296,3295,0.25,1.17
3296,3297,159.9739237,1.17
3296,11460,240.0328836,1.17
3297,3293,91.98392369,1.17
3297,3296,240.2828836,1.17
3297,3298,91.58,1.17
3297,3299,175.2221829,1.17
3298,3291,5.1,1.17
3298,3297,99.8,1.17
3298,3300,94.69,1.17
3299,3297,26.39,1.17
3299,3300,0.0,1.17
3299,3320,175.2221829,1.17
3300,3298,104.9,1.17
3300,3299,0.0,1.17
3300,3301,94.69,1.17
3301,3300,104.9,1.17
3301,3302,91.12,1.17
3301,3318,18.85,1.17
3302,2973,58.21,1.17
3302,3301,102.95,1.17
3302,3303,118.6138174,1.17
3302,3304,76.11195662,1.17
3303,3302,90.31001246,1.17
3303,3304,84.96381736,1.17
3303,3305,59.42,1.17
3304,3302,55.56998755,1.17
3304,3303,43.17001246,1.17
3304,11479,161.075774,1.17
3305,3290,210.05,1.17
3305,3303,72.91,1.17
3305,3314,527.77,1.17
3306,3265,94.49,1.17
3306,3307,298.23,1.17
3306,6840,606.1009387,1.17
3307,3306,343.53,1.17
3307,3337,3.32,1.17
3307,11493,296.15,1.17
3308,7510,5510.825897,1.17
3308,7630,2453.787669,1.17
3309,3310,127.87,1.17
3309,3329,196.29,1.17
3309,11493,340.03,1.17
3310,3309,283.52,1.17
3310,3330,0.0,1.17
3310,11494,127.87,1.17
3311,3315,1289.779761,1.17
3311,7941,514.7632298,1.17
3311,8620,492.2002433,1.17
3312,3333,127.4463159,1.17
3312,10289,344.1,1.17
3312,11494,404.99,1.17
3313,3314,16.48,1.17
3313,3322,327.57,1.17
3313,10289,299.44,1.17
3314,3305,257.19,1.17
3314,3313,30.86,1.17
3314,3316,225.8770387,1.17
3314,3323,351.6729613,1.17
3315,7939,10795.00272,1.17
3316,3314,46.91,1.17
3316,3324,188.8570387,1.17
3316,11479,37.02,1.17
3317,3168,112.41,1.17
3317,3991,3636.896341,1.17
3317,4503,3829.203014,1.17
3317,12488,680.8357217,1.17
3318,3301,17.23,1.17
3318,3319,29.26,1.17
3318,11479,13.43,1.17
3319,3318,30.66,1.17
3319,3320,19.89,1.17
3319,3326,23.62850235,1.17
3320,3299,26.39,1.17
3320,3319,20.27850235,1.17
3320,3321,195.1121829,1.17
3321,3320,46.66850235,1.17
3321,3328,181.8421829,1.17
3321,3491,13.27,1.17
3322,3313,268.58,1.17
3322,3323,283.86,1.17
3322,3335,256.8585024,1.17
3322,3350,611.7267762,1.17
3323,3314,274.44,1.17
3323,3322,368.3714637,1.17
3323,3324,9.42,1.17
3324,3316,3.29,1.17
3324,3323,16.69850235,1.17
3324,3325,107.47,1.17
3324,3351,358.7528126,1.17
3325,3324,186.5942763,1.17
3325,3326,28.63,1.17
3325,11479,105.71,1.17
3326,3319,24.64,1.17
3326,3325,45.32850235,1.17
3326,11480,39.91,1.17
3327,3328,26.39,1.17
3327,3353,175.2221829,1.17
3327,11480,0.0,1.17
3328,3321,31.5,1.17
3328,3327,175.2221829,1.17
3328,3492,6.62,1.17
3329,3309,66.92,1.17
3329,3330,194.08,1.17
3329,11495,5.87,1.17
3330,3310,0.0,1.17
3330,3329,59.8,1.17
3330,11496,194.08,1.17
3331,2926,4592.190827,1.17
3331,3361,433.0567108,1.17
3332,3333,54.17368411,1.17
3332,11494,119.16,1.17
3332,11496,142.11,1.17
3333,3312,105.6,1.17
3333,3332,0.0,1.17
3333,3334,181.62,1.17
3334,3333,105.6,1.17
3334,3335,170.6738148,1.17
3334,3346,293.8561852,1.17
3334,11496,82.92,1.17
3335,3322,305.8738148,1.17
3335,3334,65.74,1.17
3335,3348,191.1185024,1.17
3336,3337,0.48,1.17
3336,3339,1.57,1.17
3337,3307,9.11,1.17
3337,3336,1.57,1.17
3337,3340,0.0,1.17
3337,11495,2.18,1.17
3338,3357,733.5410853,1.17
3338,3379,5637.656888,1.17
3339,3336,0.48,1.17
3339,3340,0.0,1.17
3339,3355,1.57,1.17
3340,3337,0.0,1.17
3340,3339,0.0,1.17
3340,3341,0.0,1.17
3341,3340,0.0,1.17
3341,3342,17.7,1.17
3341,11495,8.95,1.17
3342,3341,8.95,1.17
3342,3343,5.95,1.17
3342,11498,21.24,1.17
3343,3342,3.54,1.17
3343,3344,140.88,1.17
3343,11496,109.31,1.17
3344,3343,103.36,1.17
3344,3345,168.49,1.17
3344,3365,319.9485024,1.17
3344,11498,21.25,1.17
3345,3344,200.3185024,1.17
3345,3346,260.06,1.17
3345,3366,325.2161852,1.17
3346,3334,122.78,1.17
3346,3345,486.3746875,1.17
3346,3347,137.28,1.17
3347,3346,192.5185024,1.17
3347,3348,137.28,1.17
3347,3368,0.0,1.17
3348,3335,135.2,1.17
3348,3347,192.5185024,1.17
3348,3349,2.43,1.17
3349,3348,1.75,1.17
3349,3350,8.49,1.17
3349,3369,5.27,1.17
3350,2980,529.5167762,1.17
3350,3322,419.21,1.17
3350,3349,6.67,1.17
3350,3351,90.7,1.17
3351,2980,340.7928126,1.17
3351,3324,101.34,1.17
3351,3350,65.14,1.17
3351,3352,97.33,1.17
3352,3351,63.29,1.17
3352,3353,140.16,1.17
3352,11480,16.57,1.17
3353,3327,26.39,1.17
3353,3352,79.86,1.17
3353,3354,193.56,1.17
3353,3371,121.8221828,1.17
3354,3353,78.88,1.17
3354,3371,0.0,1.17
3354,3556,193.56,1.17
3355,3339,0.48,1.17
3355,3356,6.93,1.17
3355,3358,5.91,1.17
3356,3355,4.72,1.17
3356,3360,0.38,1.17
3356,11498,6.55,1.17
3357,3338,748.24,1.17
3357,3361,975.77372,1.17
3357,10190,574.0293287,1.17
3358,3355,7.03,1.17
3358,3359,45.43,1.17
3358,6851,21.47,1.17
3359,3358,16.64,1.17
3359,3360,1.23,1.17
3359,3387,44.2,1.17
3360,3356,0.0,1.17
3360,3359,4.4,1.17
3360,11497,1.61,1.17
3361,3331,880.3124003,1.17
3361,3357,696.69,1.17
3361,10189,727.4484673,1.17
3362,3363,20.37,1.17
3362,3373,7.0,1.17
3362,11497,7.94,1.17
3363,3362,14.94,1.17
3363,3364,20.37,1.17
3363,3375,0.12,1.17
3364,3363,15.06,1.17
3364,3365,11.97,1.17
3364,11498,8.46,1.17
3365,3344,223.33,1.17
3365,3364,3.56,1.17
3365,3366,12.82,1.17
3365,3376,322.2685024,1.17
3366,3345,130.73,1.17
3366,3365,5.82,1.17
3366,3367,338.0361852,1.17
3367,3366,136.55,1.17
3367,3368,105.1061852,1.17
3367,3598,232.93,1.17
3368,3347,0.0,1.17
3368,3367,23.54,1.17
3368,11481,105.1061852,1.17
3369,3349,6.41,1.17
3369,3370,0.0,1.17
3369,11481,5.27,1.17
3370,2980,452.6,1.17
3370,3369,0.0,1.17
3370,3371,0.0,1.17
3370,11482,870.3095888,1.17
3371,3353,27.37,1.17
3371,3354,0.0,1.17
3371,3370,0.0,1.17
3371,3384,121.8221828,1.17
3372,3373,0.0,1.17
3372,3388,5.83,1.17
3372,11497,3.81,1.17
3373,3362,2.49,1.17
3373,3372,0.0,1.17
3373,3374,0.0,1.17
3373,3389,7.0,1.17
3374,3373,0.0,1.17
3374,3375,0.0,1.17
3374,3377,0.0,1.17
3375,3363,0.0,1.17
3375,3374,0.0,1.17
3375,3376,0.12,1.17
3376,3365,224.24,1.17
3376,3375,0.0,1.17
3376,3377,321.4485024,1.17
3376,3392,0.94,1.17
3377,3374,0.0,1.17
3377,3376,223.74,1.17
3377,3390,321.4485024,1.17
3378,3331,4144.935137,1.17
3378,3381,637.9373958,1.17
3379,3380,545.856802,1.17
3379,3401,5465.360086,1.17
3380,3379,373.56,1.17
3380,3381,967.0950429,1.17
3380,5813,1113.266802,1.17
3381,3378,512.1950429,1.17
3381,3380,1037.45,1.17
3381,5812,891.1773958,1.17
3382,3394,231.5673935,1.17
3382,11481,38.69,1.17
3382,11482,72.49,1.17
3383,3378,4270.67749,1.17
3383,3403,415.1323925,1.17
3384,3371,27.37,1.17
3384,3385,190.7921828,1.17
3384,11482,63.07120828,1.17
3385,3384,72.23120828,1.17
3385,3396,454.3424722,1.17
3385,3554,310.6151803,1.17
3386,3397,1030.07,1.17
3386,3482,633.9828874,1.17
3387,3359,12.24,1.17
3387,3388,0.0,1.17
3387,3592,44.2,1.17
3388,3372,3.81,1.17
3388,3387,0.0,1.17
3388,3389,0.0,1.17
3388,3593,5.83,1.17
3389,3373,2.49,1.17
3389,3388,0.0,1.17
3389,3390,0.0,1.17
3389,3391,7.0,1.17
3390,3377,223.74,1.17
3390,3389,0.0,1.17
3390,3391,321.4485024,1.17
3390,3392,0.0,1.17
3391,3389,2.49,1.17
3391,3390,223.74,1.17
3391,3594,328.4485024,1.17
3392,3376,0.5,1.17
3392,3390,0.0,1.17
3392,3596,0.94,1.17
3393,4272,344.38,1.17
3393,4275,215.74,1.17
3393,11839,371.6414952,1.17
3393,11956,607.9472079,1.17
3394,3382,64.37790323,1.17
3394,3395,154.9761852,1.17
3394,3602,109.6112083,1.17
3395,3394,14.31790323,1.17
3395,3606,1061.085774,1.17
3395,11482,499.7620968,1.17
3396,3385,252.4651803,1.17
3396,3558,1.92,1.17
3396,3611,458.0924722,1.17
3397,2266,4594.591232,1.17
3398,3482,611.4124984,1.17
3398,3486,2778.055701,1.17
3399,3400,357.1514584,1.17
3399,3423,215.4717567,1.17
3399,11453,67.65,1.17
3399,11455,384.7255977,1.17
3400,3195,65.84945136,1.17
3400,3399,444.8053578,1.17
3400,11456,292.282007,1.17
3401,3403,203.35,1.17
3401,10134,5877.2743,1.17
3402,11425,148.5,1.17
3402,11428,699.7965805,1.17
3402,11456,315.1062002,1.17
3403,3383,338.2841066,1.17
3403,3401,615.2642141,1.17
3403,10137,632.3623925,1.17
3403,10177,801.5025325,1.17
3404,3174,154.0318643,1.17
3404,3405,337.0520071,1.17
3404,11428,623.3433847,1.17
3405,3174,32.38813569,1.17
3405,3404,183.1289821,1.17
3405,11429,414.3320071,1.17
3406,3436,753.6428261,1.17
3406,7197,93.45,1.17
3406,11429,72.01,1.17
3406,11430,577.9385994,1.17
3407,3847,0.0,1.17
3407,8903,6.15,1.17
3407,9924,6455.290857,1.17
3408,3409,0.0,1.17
3408,3412,157.8132577,1.17
3408,9174,0.0,1.17
3409,3408,157.8132577,1.17
3409,3410,253.45,1.17
3409,9180,388.4312244,1.17
3410,3409,546.2444821,1.17
3410,9181,0.0,1.17
3410,9609,253.45,1.17
3411,3259,1337.005774,1.17
3412,3408,0.0,1.17
3412,6627,122.04,1.17
3412,9179,415.9532577,1.17
3413,9927,2729.681696,1.17
3414,3415,456.9668479,1.17
3414,3417,428.3514961,1.17
3414,11454,808.6785817,1.17
3415,3414,585.0669257,1.17
3415,3416,451.0768479,1.17
3415,9180,5.89,1.17
3416,3415,553.6385817,1.17
3416,3418,452.7768479,1.17
3416,9181,0.0,1.17
3417,3414,260.93,1.17
3417,3418,0.0,1.17
3417,3461,428.3514961,1.17
3418,3416,457.69,1.17
3418,3417,0.0,1.17
3418,3419,33.4713885,1.17
3418,3420,419.3054594,1.17
3419,3418,34.02,1.17
3419,3420,512.4723898,1.17
3419,7207,35.7013885,1.17
3419,9608,263.05,1.17
3420,3418,423.67,1.17
3420,3419,263.51,1.17
3420,3446,488.1905511,1.17
3420,9607,443.587298,1.17
3421,3423,436.596545,1.17
3421,7206,694.7437263,1.17
3421,11455,633.4014584,1.17
3422,2910,1643.159191,1.17
3422,3433,226.824094,1.17
3422,3435,1670.340864,1.17
3423,3399,84.01,1.17
3423,3421,383.7771062,1.17
3423,3424,652.0683017,1.17
3424,3423,467.7871062,1.17
3424,3425,71.28854159,1.17
3424,3429,627.5997601,1.17
3425,3424,80.60710616,1.17
3425,3426,75.31854159,1.17
3425,11456,8.18,1.17
3426,3425,65.54710616,1.17
3426,3427,324.0204059,1.17
3426,3431,600.8674244,1.17
3427,3426,654.8845305,1.17
3427,3428,148.7528751,1.17
3427,11428,293.8318643,1.17
3428,3427,90.99710616,1.17
3428,11429,484.997465,1.17
3428,11431,607.0971243,1.17
3429,3424,434.0,1.17
3429,3430,202.33,1.17
3429,11459,438.6497601,1.17
3430,3429,172.91,1.17
3430,3431,275.25,1.17
3430,3453,269.8071845,1.17
3431,3426,260.2318643,1.17
3431,3430,442.7171845,1.17
3431,3432,533.3902399,1.17
3432,3431,360.2218643,1.17
3432,3454,472.0246939,1.17
3432,11431,221.94,1.17
3433,2488,1965.174547,1.17
3433,3422,18.56944799,1.17
3433,3450,1325.465659,1.17
3434,3457,672.9928436,1.17
3434,11431,569.5289234,1.17
3434,11432,319.97,1.17
3435,3422,1624.589743,1.17
3435,3450,221.5064047,1.17
3435,6383,2170.1194,1.17
3436,3406,532.9885994,1.17
3436,3437,0.0,1.17
3436,11432,753.6428261,1.17
3437,3436,0.0,1.17
3437,3438,298.580613,1.17
3437,3440,470.1448699,1.17
3438,3437,470.1448699,1.17
3438,3439,206.3040813,1.17
3438,11430,298.580613,1.17
3439,3438,0.0,1.17
3439,3440,0.0,1.17
3439,3565,343.0909886,1.17
3440,3437,298.580613,1.17
3440,3439,136.7869073,1.17
3440,3441,470.1448699,1.17
3441,3440,435.3675203,1.17
3441,3442,216.1,1.17
3441,11433,617.2979625,1.17
3442,3441,283.94,1.17
3442,3443,716.1726528,1.17
3442,11432,675.9785994,1.17
3443,3442,544.0485994,1.17
3443,3444,58.38636252,1.17
3443,9154,666.9862903,1.17
3444,3443,48.75,1.17
3444,3445,223.920696,1.17
3444,3457,43.99,1.17
3445,3444,83.54,1.17
3445,3456,85.99,1.17
3445,11435,300.4885161,1.17
3446,3420,428.7361673,1.17
3446,3447,488.1905511,1.17
3446,9607,0.0,1.17
3447,3446,428.7361673,1.17
3447,3448,811.2805511,1.17
3447,3458,224.51,1.17
3448,3447,653.2461673,1.17
3448,3449,598.0986115,1.17
3448,3466,293.07828,1.17
3449,3448,550.5530205,1.17
3449,3468,593.1841548,1.17
3449,11462,373.62805,1.17
3450,3433,1738.350453,1.17
3450,3435,499.7785358,1.17
3450,11220,1546.972064,1.17
3451,3453,298.7092085,1.17
3451,11459,294.61,1.17
3451,11462,715.9954649,1.17
3452,3459,272.62,1.17
3452,3462,1080.218343,1.17
3452,3465,1106.45071,1.17
3452,11098,2540.503518,1.17
3453,3430,72.92,1.17
3453,3451,402.6435249,1.17
3453,3454,225.7892085,1.17
3454,3432,204.9318643,1.17
3454,3453,132.8363404,1.17
3454,3455,633.597562,1.17
3455,3454,273.5518643,1.17
3455,3456,420.41782,1.17
3455,3470,643.2882521,1.17
3456,3445,160.73782,1.17
3456,3455,260.6185101,1.17
3456,3457,457.7689234,1.17
3456,9318,323.63,1.17
3457,3434,501.7589234,1.17
3457,3444,174.7343335,1.17
3457,3456,498.2585101,1.17
3458,3447,323.09,1.17
3458,3461,125.61,1.17
3458,9607,258.4438327,1.17
3458,11458,542.487298,1.17
3459,3452,1142.200086,1.17
3459,3462,966.3191251,1.17
3459,9151,4444.958299,1.17
3460,3264,35.93,1.17
3460,3461,403.17,1.17
3460,11457,556.1205261,1.17
3460,11458,86.13919477,1.17
3461,3417,260.93,1.17
3461,3458,246.13,1.17
3461,3460,628.2297208,1.17
3461,6627,201.65,1.17
3462,3452,1483.090152,1.17
3462,3459,549.37,1.17
3462,8615,2426.61683,1.17
3463,3464,418.5121821,1.17
3463,3480,165.0183439,1.17
3463,11457,372.07,1.17
3464,3463,299.5,1.17
3464,7195,625.3050154,1.17
3464,11458,287.0838327,1.17
3464,11461,186.08,1.17
3465,3452,305.59,1.17
3465,3462,380.0793613,1.17
3465,3997,4991.911772,1.17
3466,3448,182.5894873,1.17
3466,3467,62.82,1.17
3466,11461,287.22828,1.17
3467,1877,356.3571845,1.17
3467,3466,79.49715943,1.17
3467,3468,75.17640883,1.17
3468,3449,527.1030889,1.17
3468,3467,307.368101,1.17
3468,3469,299.6469703,1.17
3469,3468,465.7575966,1.17
3469,9319,862.8605516,1.17
3469,11462,318.9435912,1.17
3470,3455,443.0418643,1.17
3470,9318,453.3725025,1.17
3470,9319,423.9797885,1.17
3470,11434,537.0816224,1.17
3471,3518,254.930006,1.17
3471,7200,351.0924964,1.17
3471,9318,491.9231648,1.17
3472,3475,0.0,1.17
3472,11792,1240.861483,1.17
3472,12558,1932.449007,1.17
3473,3474,731.9816997,1.17
3473,3478,433.6937372,1.17
3473,9154,552.9991705,1.17
3474,3473,986.6929077,1.17
3474,3477,714.3716997,1.17
3474,11433,17.61,1.17
3475,3472,0.0,1.17
3475,11792,1968.108358,1.17
3475,12557,2547.866623,1.17
3476,3477,337.5075227,1.17
3476,3565,182.7730927,1.17
3476,11433,544.9561564,1.17
3477,3474,804.3600171,1.17
3477,3476,294.320613,1.17
3477,3565,819.9216997,1.17
3477,11436,387.7375227,1.17
3478,3473,0.0,1.17
3478,3522,284.2522208,1.17
3478,9154,306.9669193,1.17
3478,11436,82.88,1.17
3479,3483,0.0,1.17
3479,4599,1629.747014,1.17
3479,11792,2608.825764,1.17
3480,3295,254.7724167,1.17
3480,3463,72.57,1.17
3480,7195,27.27,1.17
3480,11460,244.2154604,1.17
3481,3246,1255.732385,1.17
3481,3397,55.94,1.17
3482,3485,1183.402487,1.17
3482,3486,227.5428985,1.17
3482,12716,395.25,1.17
3483,3479,514.3986492,1.17
3483,11199,2097.909584,1.17
3483,11792,2534.877974,1.17
3484,2977,371.1,1.17
3484,11460,232.3539237,1.17
3484,11463,177.2983439,1.17
3485,2582,1061.822887,1.17
3485,3481,1311.672385,1.17
3485,3482,338.06,1.17
3486,2235,3005.5986,1.17
3487,1877,324.15,1.17
3487,2977,416.17,1.17
3487,3501,399.5419396,1.17
3487,11461,235.1223279,1.17
3488,3504,679.3146397,1.17
3488,3506,2108.531923,1.17
3488,11055,4110.195655,1.17
3489,1860,190.45,1.17
3489,3490,449.9840623,1.17
3489,11463,70.27,1.17
3490,3489,218.34,1.17
3490,3491,13.53850235,1.17
3490,3493,436.44556,1.17
3491,3321,15.16850235,1.17
3491,3490,12.69,1.17
3491,6483,0.58,1.17
3492,3328,5.11,1.17
3492,3493,212.27,1.17
3492,3495,436.44556,1.17
3493,3490,205.65,1.17
3493,3492,441.55556,1.17
3493,3494,6.62,1.17
3494,3493,5.11,1.17
3494,3495,0.0,1.17
3494,3496,6.62,1.17
3495,3492,205.65,1.17
3495,3494,0.0,1.17
3495,3552,436.44556,1.17
3496,3494,5.11,1.17
3496,3497,0.0,1.17
3496,3498,6.62,1.17
3497,1901,785.9923252,1.17
3497,3496,0.0,1.17
3497,3498,559.158317,1.17
3498,3496,5.11,1.17
3498,3497,785.9923252,1.17
3498,3499,538.218317,1.17
3498,3548,36.55,1.17
3499,1860,413.3338327,1.17
3499,3498,793.7323252,1.17
3499,3536,124.8844843,1.17
3500,1860,854.9543933,1.17
3500,2977,452.3738327,1.17
3500,3501,128.14,1.17
3501,3487,262.4923279,1.17
3501,3500,208.8057184,1.17
3501,3502,291.8744843,1.17
3501,3537,547.7555899,1.17
3502,1869,309.9076043,1.17
3502,1877,453.940549,1.17
3502,3501,470.8093687,1.17
3503,1880,64.6,1.17
3503,3505,316.766193,1.17
3503,11464,228.0,1.17
3504,3488,1102.677091,1.17
3504,3514,485.51,1.17
3504,11061,1681.221429,1.17
3505,1423,361.84,1.17
3505,3503,292.6,1.17
3505,3516,89.74,1.17
3505,11437,538.866193,1.17
3506,3488,3007.518565,1.17
3506,3514,925.7852961,1.17
3506,9767,2369.061923,1.17
3507,3508,77.87750357,1.17
3507,3512,436.9618643,1.17
3507,11437,498.1035829,1.17
3508,3507,85.29,1.17
3508,3509,248.6546723,1.17
3508,3512,233.44,1.17
3509,3508,318.73,1.17
3509,3510,559.1435957,1.17
3509,3517,343.960177,1.17
3509,7201,0.0,1.17
3510,3509,653.3315448,1.17
3510,3515,135.0489234,1.17
3510,3518,531.6275036,1.17
3511,3512,0.0,1.17
3511,3513,767.6202712,1.17
3511,11437,1142.863075,1.17
3512,3507,412.8135829,1.17
3512,3508,170.7771687,1.17
3512,3511,132.066651,1.17
3512,11434,670.4018643,1.17
3513,3511,1010.796424,1.17
3513,9319,960.6902712,1.17
3513,11434,145.9586115,1.17
3514,3504,1075.370146,1.17
3514,3506,260.53,1.17
3514,11060,1015.63019,1.17
3515,3510,269.154199,1.17
3515,7201,9.358632277,1.17
3515,9318,135.0489234,1.17
3516,3505,325.77,1.17
3516,3517,856.8210589,1.17
3516,3543,948.1856108,1.17
3517,1424,884.88,1.17
3517,1889,1547.895114,1.17
3517,3509,310.4889234,1.17
3517,3516,1090.565611,1.17
3517,11437,1078.152136,1.17
3518,3471,114.324597,1.17
3518,3510,491.710177,1.17
3518,3529,506.760006,1.17
3518,7199,279.7975036,1.17
3519,3520,304.8737114,1.17
3519,7199,299.5247741,1.17
3519,11435,370.2608363,1.17
3519,11438,636.2084452,1.17
3520,3519,410.62618,1.17
3520,3521,69.19,1.17
3520,7253,939.0507271,1.17
3520,9154,776.9469663,1.17
3521,3520,392.261618,1.17
3521,3522,51.24,1.17
3521,3528,17.95,1.17
3522,3478,24.76,1.17
3522,3521,392.261618,1.17
3522,3523,26.48,1.17
3523,3522,108.0093972,1.17
3523,3525,498.1575227,1.17
3523,11436,376.4460159,1.17
3524,4091,105.2394437,1.17
3524,7550,55.32,1.17
3524,11113,1308.108858,1.17
3524,11119,440.3991523,1.17
3525,3523,484.4554131,1.17
3525,3526,752.4376748,1.17
3525,3566,20.2,1.17
3525,11411,383.9804268,1.17
3526,3525,591.6510397,1.17
3526,3527,339.6363107,1.17
3526,9692,60.43,1.17
3526,11439,808.913567,1.17
3527,3526,404.3623801,1.17
3527,3528,868.3117508,1.17
3527,3535,559.4902014,1.17
3527,11439,1187.654715,1.17
3528,3521,0.0,1.17
3528,3527,972.6726483,1.17
3528,3535,0.0,1.17
3528,7254,949.3046147,1.17
3529,1889,468.4278624,1.17
3529,3518,306.51,1.17
3529,3532,467.7855051,1.17
3529,11438,991.8749972,1.17
3530,4502,584.9383829,1.17
3530,11090,850.4778304,1.17
3530,12485,849.6506569,1.17
3531,1429,1049.28,1.17
3531,1889,652.4273375,1.17
3531,1893,751.3875707,1.17
3531,3532,790.1844467,1.17
3532,1893,708.1578732,1.17
3532,3529,399.6063851,1.17
3532,3531,664.9473375,1.17
3532,3533,927.6027906,1.17
3533,3532,905.3197056,1.17
3533,3534,647.7536745,1.17
3533,10032,185.1168049,1.17
3533,11438,524.9623638,1.17
3534,3533,543.4205692,1.17
3534,3535,619.3444467,1.17
3534,7255,239.2834853,1.17
3534,10033,400.1491515,1.17
3535,3527,619.3444467,1.17
3535,3528,80.99286394,1.17
3535,3534,478.4973375,1.17
3536,1860,23.57,1.17
3536,3499,189.2836503,1.17
3536,3537,134.4244843,1.17
3537,3501,312.4368122,1.17
3537,3536,212.8536503,1.17
3537,3538,368.0119396,1.17
3538,1861,368.0119396,1.17
3538,3537,211.1223279,1.17
3538,3539,0.0,1.17
3539,3538,0.0,1.17
3539,3540,22.19,1.17
3539,3548,0.0,1.17
3540,1866,112.1163365,1.17
3540,3539,0.0,1.17
3540,3544,219.5219396,1.17
3541,1866,121.1959914,1.17
3541,1868,302.1064088,1.17
3541,3545,530.4081172,1.17
3542,1892,60.00011349,1.17
3542,7286,661.7143789,1.17
3542,11440,863.7573247,1.17
3543,3516,950.4710589,1.17
3543,6475,219.7023957,1.17
3543,7286,728.4832151,1.17
3544,3540,89.92633649,1.17
3544,3545,4.61,1.17
3544,3549,285.5119396,1.17
3545,3541,131.4264088,1.17
3545,3544,65.99,1.17
3545,3546,464.4181172,1.17
3546,3545,126.8164088,1.17
3546,3550,706.4505129,1.17
3546,12245,88.95,1.17
3547,10031,37.68,1.17
3547,10032,245.1132477,1.17
3547,12248,520.0913917,1.17
3548,3498,6.36,1.17
3548,3539,22.19,1.17
3548,3549,14.36,1.17
3549,3544,94.53633649,1.17
3549,3548,6.36,1.17
3549,11466,299.8719396,1.17
3550,1903,913.7105129,1.17
3550,3546,215.7664088,1.17
3550,12351,55.9755157,1.17
3551,3562,0.0,1.17
3551,3617,0.0,1.17
3551,11089,1384.24187,1.17
3551,11101,1506.245271,1.17
3552,3495,205.65,1.17
3552,3557,692.12556,1.17
3552,11465,303.2151803,1.17
3553,3560,262.3421794,1.17
3553,11465,186.6506268,1.17
3554,3385,393.9314976,1.17
3554,3555,359.1151803,1.17
3554,3558,263.1240623,1.17
3555,3554,657.05556,1.17
3555,3556,0.31,1.17
3555,3557,358.8051803,1.17
3556,3354,78.88,1.17
3556,3555,43.5,1.17
3556,3557,150.06,1.17
3557,3552,508.8651803,1.17
3557,3555,613.55556,1.17
3557,3556,78.57,1.17
3558,3396,5.41,1.17
3558,3554,48.5,1.17
3558,3767,265.0440623,1.17
3559,3560,0.0,1.17
3559,3771,905.5301458,1.17
3559,11465,686.7432058,1.17
3560,1915,262.3421794,1.17
3560,3553,186.6506268,1.17
3560,3559,0.0,1.17
3561,1903,295.697565,1.17
3561,1915,785.1376127,1.17
3561,11499,559.9972307,1.17
3562,3551,239.0756482,1.17
3562,3572,68.45937094,1.17
3562,11088,292.9814118,1.17
3562,11094,331.1993469,1.17
3563,8213,585.1162812,1.17
3563,8215,440.66,1.17
3563,11409,41.41,1.17
3564,3587,325.49,1.17
3564,9316,648.9341047,1.17
3564,11409,88.96,1.17
3565,3439,0.0,1.17
3565,3476,250.6355434,1.17
3565,3477,854.5900171,1.17
3565,11410,1345.785781,1.17
3566,3525,27.15,1.17
3566,9323,102.9102245,1.17
3566,11412,117.6525027,1.17
3567,3132,1388.858599,1.17
3567,11100,1542.382888,1.17
3567,12481,239.5853747,1.17
3568,3571,0.0,1.17
3568,9321,0.0,1.17
3568,9322,0.0,1.17
3569,1900,1141.200491,1.17
3569,7917,700.8210955,1.17
3569,11413,875.4963199,1.17
3570,1900,1225.324621,1.17
3570,11442,761.0703978,1.17
3570,12456,116.0496516,1.17
3571,3568,0.0,1.17
3571,9321,0.0,1.17
3571,11412,0.0,1.17
3572,3562,170.8905303,1.17
3572,3573,38.89012556,1.17
3572,4498,470.9788751,1.17
3572,12481,398.8334908,1.17
3573,3572,113.13,1.17
3573,7294,835.527265,1.17
3573,11099,670.3781459,1.17
3574,7454,435.5729333,1.17
3574,8224,687.630297,1.17
3574,11392,665.819022,1.17
3575,8866,65.14,1.17
3575,9731,458.1757751,1.17
3576,4929,627.8040422,1.17
3576,7278,574.5220198,1.17
3576,7912,0.0,1.17
3577,8086,1073.792537,1.17
3577,11263,1222.408267,1.17
3578,11263,661.8641368,1.17
3578,11267,1167.492374,1.17
3579,7239,2111.385301,1.17
3579,7240,216.6699859,1.17
3579,8162,1265.149617,1.17
3580,7249,50.32969232,1.17
3580,8065,481.2670346,1.17
3580,8066,1418.676964,1.17
3580,9676,552.093099,1.17
3581,7233,48.9502837,1.17
3581,8010,1435.950467,1.17
3581,8022,1116.840569,1.17
3582,7840,519.5088184,1.17
3582,7843,1341.251766,1.17
3582,9241,754.3276743,1.17
3582,9728,1120.168619,1.17
3583,3397,3508.581232,1.17
3583,3485,171.54,1.17
3584,2892,914.578202,1.17
3584,3585,6.59,1.17
3584,6390,25.75381209,1.17
3585,3584,430.1626242,1.17
3585,3591,276.4817367,1.17
3585,11171,464.282894,1.17
3585,12472,428.4489668,1.17
3586,7848,300.5623756,1.17
3586,9225,856.2657751,1.17
3586,11340,247.1700741,1.17
3587,3564,573.6441047,1.17
3587,9313,130.8,1.17
3587,11430,194.69,1.17
3588,7774,1229.92,1.17
3588,7779,360.1911595,1.17
3588,7780,982.3551406,1.17
3589,7771,779.42,1.17
3589,7774,1095.1863,1.17
3589,11303,472.98,1.17
3590,7729,0.67,1.17
3590,7733,0.0,1.17
3590,11304,1.28,1.17
3591,3585,82.50769639,1.17
3591,3599,831.3005446,1.17
3591,11170,1264.483669,1.17
3591,11176,879.0066886,1.17
3592,3387,12.24,1.17
3592,3593,0.0,1.17
3592,3619,44.2,1.17
3593,3388,3.81,1.17
3593,3592,0.0,1.17
3593,3594,0.0,1.17
3593,3620,5.83,1.17
3594,3391,226.23,1.17
3594,3593,0.0,1.17
3594,3595,0.0,1.17
3594,3622,328.4485024,1.17
3595,3594,0.0,1.17
3595,3596,5.12,1.17
3595,3624,0.0,1.17
3596,3392,0.5,1.17
3596,3595,0.0,1.17
3596,3597,6.06,1.17
3597,3596,0.5,1.17
3597,3598,5.12,1.17
3597,3625,0.94,1.17
3598,3367,113.01,1.17
3598,3597,0.0,1.17
3598,11609,238.05,1.17
3599,2900,635.5054333,1.17
3599,3591,505.003961,1.17
3599,12468,311.8751113,1.17
3600,3618,89.9,1.17
3600,3644,42.29120828,1.17
3600,11609,38.24,1.17
3601,2504,271.3,1.17
3601,6371,1036.53147,1.17
3601,11218,1064.262292,1.17
3602,3394,83.08,1.17
3602,3603,0.0,1.17
3602,3618,109.6112083,1.17
3603,3602,0.0,1.17
3603,3604,56.64,1.17
3603,11610,22.7,1.17
3604,3603,22.7,1.17
3604,3605,317.21,1.17
3604,3612,130.76,1.17
3605,3604,153.46,1.17
3605,3606,394.45,1.17
3605,3611,49.92,1.17
3606,3395,514.08,1.17
3606,3605,173.62,1.17
3606,3607,1255.295774,1.17
3607,3606,487.46,1.17
3607,3608,269.11,1.17
3607,3609,986.185774,1.17
3608,3607,371.75,1.17
3608,5133,706.99,1.17
3609,3411,1337.005774,1.17
3609,3607,115.71,1.17
3610,3649,608.9872079,1.17
3610,4276,0.56,1.17
3610,11956,541.54,1.17
3611,3396,252.7251803,1.17
3611,3605,107.0,1.17
3611,3613,351.0924722,1.17
3612,3604,260.57,1.17
3612,3614,130.76,1.17
3612,3616,0.0,1.17
3613,3611,202.8051803,1.17
3613,3614,351.0924722,1.17
3613,3767,0.0,1.17
3614,3612,260.57,1.17
3614,3613,202.8051803,1.17
3614,3615,113.2873258,1.17
3614,3643,323.8914976,1.17
3614,3772,295.1421828,1.17
3615,3614,241.85,1.17
3615,3616,36.21,1.17
3615,3646,77.07732583,1.17
3616,3612,0.0,1.17
3616,3615,64.62,1.17
3616,11610,36.21,1.17
3617,3551,365.5081793,1.17
3617,11090,51.64972432,1.17
3617,11095,51.73,1.17
3618,3600,80.53120828,1.17
3618,3602,83.08,1.17
3618,11610,43.39,1.17
3619,3592,12.24,1.17
3619,3620,0.68,1.17
3619,3627,45.33,1.17
3620,3593,3.81,1.17
3620,3619,1.13,1.17
3620,3621,4.7,1.17
3621,3620,3.13,1.17
3621,3622,0.0,1.17
3621,3628,4.7,1.17
3622,3594,226.23,1.17
3622,3621,0.0,1.17
3622,3623,328.4485024,1.17
3623,3622,226.23,1.17
3623,3624,5.12,1.17
3623,3629,328.4485024,1.17
3624,3595,5.12,1.17
3624,3623,0.0,1.17
3624,3625,0.0,1.17
3624,3633,0.0,1.17
3625,3597,0.5,1.17
3625,3624,0.0,1.17
3625,3637,0.94,1.17
3626,3631,0.0,1.17
3626,3918,256.28,1.17
3626,11097,130.1859462,1.17
3627,3619,12.92,1.17
3627,3628,33.85,1.17
3627,3630,64.08,1.17
3628,3621,3.13,1.17
3628,3627,18.75,1.17
3628,3629,38.55,1.17
3629,3623,231.35,1.17
3629,3628,21.88,1.17
3629,3632,314.3985024,1.17
3630,3627,46.77,1.17
3630,7028,248.68,1.17
3630,11940,393.18,1.17
3630,12014,104.44,1.17
3631,3626,0.0,1.17
3631,3916,0.0,1.17
3631,3919,2171.537276,1.17
3631,11098,1644.679107,1.17
3632,2983,430.91,1.17
3632,3629,200.63,1.17
3632,3633,491.38,1.17
3632,3655,190.35,1.17
3633,3624,0.0,1.17
3633,3632,311.2214976,1.17
3633,3634,474.7692198,1.17
3633,3636,16.61078018,1.17
3634,3633,311.2214976,1.17
3634,3635,114.2992198,1.17
3634,3637,0.5,1.17
3634,3647,361.41,1.17
3635,3634,90.07,1.17
3635,3636,0.0,1.17
3635,3659,130.91,1.17
3636,3633,0.0,1.17
3636,3635,16.61078018,1.17
3636,3658,0.0,1.17
3637,3625,0.5,1.17
3637,3634,0.94,1.17
3637,6520,0.0,1.17
3638,3648,274.67,1.17
3638,6520,0.0,1.17
3638,11609,140.78,1.17
3638,11611,27.55,1.17
3639,4048,0.0,1.17
3639,4091,221.6445279,1.17
3639,11112,669.7789235,1.17
3639,11118,208.5479891,1.17
3640,3651,79.39,1.17
3640,11611,66.69,1.17
3640,11612,76.79,1.17
3641,4003,1480.845638,1.17
3641,7553,263.4121244,1.17
3641,11117,1780.477339,1.17
3642,3643,182.22,1.17
3642,3646,122.35,1.17
3642,11612,207.82,1.17
3643,3614,268.8551803,1.17
3643,3642,153.4114659,1.17
3643,3653,315.3320794,1.17
3643,3781,190.7794182,1.17
3644,3600,21.05,1.17
3644,3645,62.75,1.17
3644,11611,67.63,1.17
3645,3644,25.33879172,1.17
3645,3646,54.88,1.17
3645,11610,50.97,1.17
3645,11612,53.77,1.17
3646,3615,177.23,1.17
3646,3642,54.40853411,1.17
3646,3645,22.66879172,1.17
3647,3634,221.6514976,1.17
3647,3648,361.41,1.17
3647,3661,0.0,1.17
3648,3008,332.12,1.17
3648,3638,154.35,1.17
3648,3647,221.6514976,1.17
3648,3673,256.83,1.17
3649,3610,542.1,1.17
3649,3650,688.4561903,1.17
3649,11947,168.1710176,1.17
3650,3649,537.05,1.17
3650,4278,143.57,1.17
3650,11840,544.8861903,1.17
3651,3008,203.8114976,1.17
3651,3640,56.29,1.17
3651,3652,650.8859134,1.17
3651,3675,339.6082121,1.17
3652,3651,464.0297097,1.17
3652,3653,650.8859134,1.17
3652,3662,0.0,1.17
3653,3643,280.7251803,1.17
3653,3652,464.0297097,1.17
3653,3663,144.0305818,1.17
3653,3782,537.1207331,1.17
3654,3655,108.96,1.17
3654,3664,595.62,1.17
3654,6516,0.0,1.17
3654,11940,375.03,1.17
3655,3632,109.02,1.17
3655,3654,190.21,1.17
3655,3656,0.14,1.17
3656,3655,0.06,1.17
3656,3657,0.0,1.17
3656,3667,0.14,1.17
3657,3656,0.0,1.17
3657,3658,0.0,1.17
3657,3669,0.0,1.17
3658,3636,0.0,1.17
3658,3657,0.0,1.17
3659,3635,90.07,1.17
3659,3660,130.91,1.17
3660,3659,90.07,1.17
3660,3671,0.0,1.17
3660,6521,130.91,1.17
3661,3647,0.0,1.17
3661,3672,130.91,1.17
3661,6521,90.07,1.17
3662,3652,0.0,1.17
3662,3663,8.32,1.17
3662,3677,10.83,1.17
3663,3653,166.96,1.17
3663,3662,10.83,1.17
3663,11593,133.2005818,1.17
3664,3654,483.99,1.17
3664,3665,0.0,1.17
3664,3679,595.62,1.17
3665,3664,0.0,1.17
3665,3666,0.0,1.17
3665,3680,0.0,1.17
3666,3665,0.0,1.17
3666,3667,0.0,1.17
3666,3681,0.0,1.17
3667,3656,0.06,1.17
3667,3666,0.0,1.17
3667,3668,0.14,1.17
3668,3667,0.06,1.17
3668,3669,0.0,1.17
3668,3686,0.14,1.17
3669,3657,0.0,1.17
3669,3668,0.0,1.17
3669,3671,0.0,1.17
3670,3676,557.8943813,1.17
3670,5479,388.693072,1.17
3670,11840,770.3027306,1.17
3671,3660,0.0,1.17
3671,3669,0.0,1.17
3671,3672,0.0,1.17
3672,3661,90.07,1.17
3672,3671,0.0,1.17
3672,3673,143.58,1.17
3672,3699,27.57,1.17
3673,3648,125.06,1.17
3673,3672,109.19,1.17
3673,3674,0.0,1.17
3673,3690,360.17,1.17
3674,3008,0.0,1.17
3674,3673,0.0,1.17
3674,3675,361.9459134,1.17
3674,3690,311.2182121,1.17
3675,3651,375.0559134,1.17
3675,3674,311.2182121,1.17
3675,3677,28.39,1.17
3676,3670,409.61,1.17
3676,4854,1100.887896,1.17
3676,11948,738.8383043,1.17
3677,3662,8.32,1.17
3677,3675,13.11,1.17
3677,3695,39.22,1.17
3678,3679,0.0,1.17
3678,3682,0.0,1.17
3679,3664,483.99,1.17
3679,3678,0.0,1.17
3679,3680,0.0,1.17
3679,3683,595.62,1.17
3680,3665,0.0,1.17
3680,3679,0.0,1.17
3680,3681,0.0,1.17
3681,3666,0.0,1.17
3681,3680,0.0,1.17
3681,3684,0.0,1.17
3682,3678,0.0,1.17
3682,3683,0.0,1.17
3682,3714,0.0,1.17
3683,3679,483.99,1.17
3683,3682,0.0,1.17
3683,3684,0.38,1.17
3683,3715,595.24,1.17
3684,3681,0.0,1.17
3684,3683,1.45,1.17
3684,3685,0.38,1.17
3684,3696,0.0,1.17
3685,3684,1.45,1.17
3685,3686,0.06,1.17
3685,3697,0.52,1.17
3686,3668,0.06,1.17
3686,3685,0.14,1.17
3686,3688,0.0,1.17
3687,4612,8.35,1.17
3687,10005,71.1605676,1.17
3687,10080,561.7428966,1.17
3688,3686,0.0,1.17
3688,3689,0.0,1.17
3689,3688,0.0,1.17
3689,3698,0.0,1.17
3690,3673,194.01,1.17
3690,3674,361.9459134,1.17
3690,3691,671.3882121,1.17
3691,3690,555.9559134,1.17
3691,3692,769.0240866,1.17
3691,11613,688.2938234,1.17
3692,3691,606.0156113,1.17
3692,3695,441.9940866,1.17
3692,11614,432.02,1.17
3693,3701,26.89,1.17
3693,4118,1781.552865,1.17
3693,11118,1298.337406,1.17
3694,3723,0.0,1.17
3694,4418,1379.218254,1.17
3694,11120,1523.083969,1.17
3695,3677,21.43,1.17
3695,3692,421.7556113,1.17
3695,3710,28.39,1.17
3695,11593,433.6740866,1.17
3696,3684,0.0,1.17
3696,3697,700.76,1.17
3696,3717,667.77,1.17
3697,3685,1.51,1.17
3697,3696,667.77,1.17
3697,3698,700.76,1.17
3697,3719,0.52,1.17
3698,3689,0.0,1.17
3698,3697,667.77,1.17
3698,3699,700.76,1.17
3699,3672,21.12,1.17
3699,3698,667.77,1.17
3699,3700,688.09,1.17
3700,3699,648.65,1.17
3700,3702,0.94,1.17
3700,11613,687.15,1.17
3701,3693,241.9388327,1.17
3701,4564,86.1,1.17
3701,6700,297.6894411,1.17
3701,7298,26.89,1.17
3702,3700,0.5,1.17
3702,3703,0.0,1.17
3702,3705,0.94,1.17
3703,3702,0.0,1.17
3703,3706,43.78382342,1.17
3703,11613,18.1,1.17
3704,4142,109.07,1.17
3704,5339,27.44,1.17
3704,9372,27.5,1.17
3704,11838,40.98,1.17
3705,3702,0.5,1.17
3705,3706,14.52,1.17
3705,3721,23.33382342,1.17
3706,3703,18.1,1.17
3706,3705,22.39382342,1.17
3706,3707,21.39,1.17
3707,3706,3.58,1.17
3707,3708,15.57,1.17
3707,3722,110.3507411,1.17
3707,11614,62.43,1.17
3708,3707,1.93,1.17
3708,3722,0.0,1.17
3708,3725,15.57,1.17
3709,3710,13.11,1.17
3709,3711,332.3292589,1.17
3709,11614,166.45,1.17
3710,3695,13.11,1.17
3710,3709,28.39,1.17
3710,3802,0.0,1.17
3711,3709,179.56,1.17
3711,3712,332.3292589,1.17
3711,3808,0.0,1.17
3712,3711,179.56,1.17
3712,3713,323.5492589,1.17
3712,3816,8.78,1.17
3713,3712,172.51,1.17
3713,3725,187.6861766,1.17
3713,3817,58.01,1.17
3713,3825,416.1292589,1.17
3714,3682,0.0,1.17
3714,3715,0.0,1.17
3714,3726,0.0,1.17
3715,3683,482.54,1.17
3715,3714,0.0,1.17
3715,3734,595.24,1.17
3716,3875,0.0,1.17
3716,10009,309.365214,1.17
3716,11201,358.39,1.17
3716,11810,102.3,1.17
3717,3696,700.76,1.17
3717,3718,91.96,1.17
3717,3734,844.12,1.17
3718,3717,176.35,1.17
3718,3719,0.06,1.17
3718,3736,0.14,1.17
3718,6518,91.96,1.17
3719,3697,1.51,1.17
3719,3718,0.14,1.17
3719,6517,0.38,1.17
3720,3721,92.34,1.17
3720,6517,1.45,1.17
3720,6518,176.35,1.17
3721,3705,15.02,1.17
3721,3720,177.8,1.17
3721,11615,115.6738234,1.17
3722,3707,64.08,1.17
3722,3708,0.0,1.17
3722,3724,110.3507411,1.17
3723,3694,0.0,1.17
3723,3804,0.0,1.17
3723,4401,0.0,1.17
3724,3722,64.08,1.17
3724,3725,123.22,1.17
3724,3741,113.1207411,1.17
3724,11615,180.0061766,1.17
3725,3708,1.93,1.17
3725,3713,150.59,1.17
3725,3724,178.7861766,1.17
3725,11616,11.75,1.17
3726,3714,0.0,1.17
3726,3727,0.0,1.17
3726,3728,0.0,1.17
3727,3726,0.0,1.17
3727,3728,0.0,1.17
3727,3745,0.0,1.17
3728,3726,0.0,1.17
3728,3727,0.0,1.17
3728,3729,0.0,1.17
3729,3728,0.0,1.17
3729,3731,0.0,1.17
3729,3732,0.0,1.17
3730,3731,405.6684373,1.17
3730,3732,781.15,1.17
3730,3754,448.9915627,1.17
3731,3729,0.0,1.17
3731,3730,447.0502459,1.17
3731,12015,405.6684373,1.17
3732,3729,0.0,1.17
3732,3730,854.66,1.17
3732,3733,781.15,1.17
3733,3732,854.66,1.17
3733,3734,784.12,1.17
3733,3735,2.48,1.17
3734,1771,1779.86,1.17
3734,3715,482.54,1.17
3734,3717,792.72,1.17
3734,3733,857.14,1.17
3735,3733,2.97,1.17
3735,3736,2.53,1.17
3735,3754,0.11,1.17
3736,3718,0.06,1.17
3736,3735,3.08,1.17
3736,6519,2.51,1.17
3737,3738,38.52,1.17
3737,3758,26.82,1.17
3737,6519,2.98,1.17
3738,3737,29.76,1.17
3738,3739,3.58,1.17
3738,11615,34.94,1.17
3739,3738,3.54,1.17
3739,3740,3.58,1.17
3739,3760,0.0,1.17
3740,3739,3.54,1.17
3740,3741,3.58,1.17
3740,3761,0.0,1.17
3741,3724,62.23,1.17
3741,3740,3.54,1.17
3741,3762,115.1407411,1.17
3741,11616,4.64,1.17
3742,4010,0.0,1.17
3742,11123,99.27,1.17
3742,12561,150.43,1.17
3743,3744,35.44,1.17
3743,3825,74.07,1.17
3743,11616,9.63,1.17
3744,3743,66.11,1.17
3744,3764,31.03,1.17
3744,3827,4.41,1.17
3745,3727,0.0,1.17
3745,3746,0.0,1.17
3746,3745,0.0,1.17
3746,4007,216.86,1.17
3746,12015,373.0267546,1.17
3747,3832,175.0880983,1.17
3747,4466,524.6278703,1.17
3747,5070,381.0843675,1.17
3747,12606,274.59,1.17
3748,9201,1169.948928,1.17
3748,11268,643.2174628,1.17
3748,11271,20.96,1.17
3749,3750,0.0,1.17
3749,4009,188.8084373,1.17
3749,12015,74.02349133,1.17
3750,3749,0.0,1.17
3750,3751,0.0,1.17
3750,3752,0.0,1.17
3751,2471,0.0,1.17
3751,3750,0.0,1.17
3751,3752,0.0,1.17
3752,3750,0.0,1.17
3752,3751,0.0,1.17
3752,3753,0.0,1.17
3753,3752,0.0,1.17
3753,3754,0.0,1.17
3753,3755,0.0,1.17
3754,3730,334.0997541,1.17
3754,3735,0.05,1.17
3754,3753,0.0,1.17
3754,3755,449.1015627,1.17
3755,3753,0.0,1.17
3755,3754,334.1497541,1.17
3755,3757,449.1015627,1.17
3756,3757,34.91,1.17
3756,3758,74.78,1.17
3757,2471,484.0115627,1.17
3757,3755,334.1497541,1.17
3757,3756,74.78,1.17
3758,3737,36.05,1.17
3758,3756,34.91,1.17
3758,3759,64.18,1.17
3758,11617,22.94,1.17
3759,3758,31.03,1.17
3759,3760,64.18,1.17
3759,4000,0.0,1.17
3760,3739,0.0,1.17
3760,3759,31.03,1.17
3760,3761,64.18,1.17
3761,3740,0.0,1.17
3761,3760,31.03,1.17
3761,3762,64.18,1.17
3762,3043,115.1407411,1.17
3762,3741,63.26,1.17
3762,3761,31.03,1.17
3762,3763,64.18,1.17
3763,3762,31.03,1.17
3763,3764,64.18,1.17
3763,3765,0.0,1.17
3764,3744,64.18,1.17
3764,3763,31.03,1.17
3764,3766,0.0,1.17
3765,3763,0.0,1.17
3765,3766,33.53,1.17
3765,4004,11.05,1.17
3766,3764,0.0,1.17
3766,3765,11.05,1.17
3766,3828,33.53,1.17
3767,3558,53.91,1.17
3767,3613,0.0,1.17
3767,3768,265.0440623,1.17
3768,3767,53.91,1.17
3768,3769,45.42,1.17
3768,3773,219.6240623,1.17
3769,3768,5.72,1.17
3769,3770,0.0,1.17
3769,11589,45.42,1.17
3770,3769,0.0,1.17
3770,3771,563.84,1.17
3770,9156,788.9505683,1.17
3771,1908,116.5795775,1.17
3771,3559,686.7432058,1.17
3771,3770,788.9505683,1.17
3772,3614,203.1385341,1.17
3772,3773,236.514226,1.17
3772,3777,326.4420192,1.17
3773,3768,48.19,1.17
3773,3772,285.0225964,1.17
3773,3774,188.324226,1.17
3774,1905,739.6253613,1.17
3774,3773,65.39853411,1.17
3774,3775,24.82422602,1.17
3774,3777,432.5857475,1.17
3775,1905,2.71,1.17
3775,3774,20.7,1.17
3775,3776,27.76422602,1.17
3776,1908,144.4532058,1.17
3776,1924,168.9238035,1.17
3776,3775,23.41,1.17
3777,1919,591.9298098,1.17
3777,1921,167.0979568,1.17
3777,3772,185.93,1.17
3777,3774,576.1253613,1.17
3778,1924,186.33,1.17
3778,3789,230.0399552,1.17
3778,11592,434.85537,1.17
3779,11501,25.7,1.17
3779,12477,108.9737789,1.17
3779,12479,304.1035832,1.17
3780,3791,76.95907311,1.17
3780,11507,655.5060348,1.17
3780,12490,1213.283943,1.17
3780,12496,1539.85,1.17
3781,1919,585.9193695,1.17
3781,3643,141.5414659,1.17
3781,3782,315.1089939,1.17
3782,1918,141.9807819,1.17
3782,3653,292.7282121,1.17
3782,3781,491.5907331,1.17
3782,3783,0.0,1.17
3783,1918,488.1216795,1.17
3783,1926,467.4762723,1.17
3783,3782,0.0,1.17
3784,1918,81.52,1.17
3784,3805,97.48327784,1.17
3784,11594,80.17136362,1.17
3785,3786,112.67,1.17
3785,11591,16.14,1.17
3785,11594,58.05,1.17
3786,3785,41.65,1.17
3786,3787,68.68,1.17
3786,3788,339.8165932,1.17
3786,11591,220.27,1.17
3787,1924,220.9432058,1.17
3787,3786,38.24,1.17
3787,3789,168.2638035,1.17
3788,3786,223.68,1.17
3788,3789,61.8,1.17
3788,11508,278.0165932,1.17
3789,3778,52.98831872,1.17
3789,3787,152.2632058,1.17
3789,3788,13.35,1.17
3789,3790,460.1037587,1.17
3790,3789,218.6015245,1.17
3790,11508,325.9916112,1.17
3790,12507,390.1038287,1.17
3791,3780,183.1456261,1.17
3791,9749,76.95907311,1.17
3791,12493,89.88,1.17
3791,12495,205.0680118,1.17
3792,12583,665.2830888,1.17
3792,12585,1041.155178,1.17
3792,12597,482.662355,1.17
3793,3794,843.06486,1.17
3793,3797,2105.028776,1.17
3794,3793,50.46,1.17
3794,3796,857.9020146,1.17
3794,7084,669.5550013,1.17
3795,3796,53.28,1.17
3795,10118,2760.908359,1.17
3796,3794,140.16,1.17
3796,3795,541.7064564,1.17
3796,11529,621.1855581,1.17
3797,3798,1055.518776,1.17
3797,7145,1247.08,1.17
3798,3797,197.57,1.17
3798,3800,1877.755883,1.17
3798,11523,1922.365505,1.17
3799,3795,2272.481903,1.17
3799,3800,70.19,1.17
3800,3798,945.8456267,1.17
3800,3799,980.4485546,1.17
3800,11528,945.067328,1.17
3801,11523,1940.166985,1.17
3801,12536,1725.005505,1.17
3802,3710,0.0,1.17
3802,3803,2.77,1.17
3802,3808,2.18,1.17
3803,1930,145.7505818,1.17
3803,3802,2.18,1.17
3803,11593,153.41,1.17
3804,3723,0.0,1.17
3804,4420,556.8878405,1.17
3804,4464,0.0,1.17
3804,11126,877.3523534,1.17
3805,1931,256.25,1.17
3805,1936,351.5527362,1.17
3805,3784,36.28,1.17
3806,1935,256.58,1.17
3806,1945,322.9394584,1.17
3806,3813,0.0,1.17
3807,1941,72.06,1.17
3807,1945,284.6932284,1.17
3807,11508,316.95,1.17
3808,3711,0.0,1.17
3808,3802,2.77,1.17
3808,3809,0.0,1.17
3808,3816,2.18,1.17
3809,1930,432.6170513,1.17
3809,3808,0.0,1.17
3809,3810,11.9,1.17
3809,3818,449.7512427,1.17
3810,3809,1.98,1.17
3810,3811,100.7,1.17
3810,3812,34.56,1.17
3811,1936,124.93,1.17
3811,3810,35.94,1.17
3811,3813,103.411413,1.17
3812,3810,89.4,1.17
3812,3813,0.0,1.17
3812,11596,34.56,1.17
3813,3806,0.0,1.17
3813,3811,24.23,1.17
3813,3812,0.0,1.17
3813,3815,103.411413,1.17
3814,3840,1415.923257,1.17
3814,4033,0.0,1.17
3814,11129,1398.086396,1.17
3815,3813,24.23,1.17
3815,3824,198.701413,1.17
3815,11596,43.71,1.17
3816,3712,7.05,1.17
3816,3808,2.77,1.17
3816,3817,10.96,1.17
3817,3713,32.41617658,1.17
3817,3816,9.82,1.17
3817,3818,64.02,1.17
3818,3809,443.9170513,1.17
3818,3817,37.28617658,1.17
3818,3819,33.43,1.17
3818,11595,447.2750661,1.17
3819,3818,32.13,1.17
3819,3820,33.43,1.17
3819,3821,0.0,1.17
3820,3819,32.13,1.17
3820,3822,89.19,1.17
3820,11596,63.46,1.17
3821,3819,0.0,1.17
3821,3829,0.0,1.17
3821,11595,0.0,1.17
3822,3820,30.03,1.17
3822,3823,0.37,1.17
3822,3830,89.51,1.17
3823,1964,0.0,1.17
3823,3822,0.32,1.17
3823,3824,0.37,1.17
3824,1969,198.381413,1.17
3824,3815,67.94,1.17
3824,3823,0.32,1.17
3825,1963,128.03,1.17
3825,3713,327.78,1.17
3825,3743,38.73,1.17
3825,3826,362.1692589,1.17
3826,1963,215.4070513,1.17
3826,3825,291.42,1.17
3826,3827,274.6193831,1.17
3826,6409,405.4617168,1.17
3827,3744,1.93,1.17
3827,3826,234.5570513,1.17
3827,3828,279.0293831,1.17
3828,1992,267.9793831,1.17
3828,3766,11.05,1.17
3828,3827,236.4870513,1.17
3829,1963,281.3,1.17
3829,3821,0.0,1.17
3829,3830,294.1732251,1.17
3830,1968,151.95,1.17
3830,3822,30.4,1.17
3830,3829,281.3,1.17
3830,6409,231.0432251,1.17
3831,11533,154.47,1.17
3831,11534,162.4437945,1.17
3831,12612,173.7000476,1.17
3832,3747,52.44252167,1.17
3832,4496,1306.794495,1.17
3832,11130,1147.556257,1.17
3833,3838,924.5314491,1.17
3833,8929,553.1954014,1.17
3833,11020,1193.856917,1.17
3834,3835,340.2702789,1.17
3834,11789,1469.365184,1.17
3834,12677,159.74,1.17
3834,12836,117.8254442,1.17
3835,3834,1106.647452,1.17
3835,4597,1070.63,1.17
3835,9818,340.2702789,1.17
3835,11202,2016.41707,1.17
3836,3842,0.0,1.17
3836,3884,0.0,1.17
3836,6754,0.0,1.17
3837,3838,497.3011975,1.17
3837,8929,420.2489426,1.17
3837,11022,831.2405519,1.17
3838,2330,1087.347524,1.17
3838,3833,533.6809048,1.17
3838,3837,300.0551505,1.17
3838,9007,1085.062019,1.17
3839,8907,506.9052041,1.17
3839,9043,435.4723371,1.17
3839,9044,686.73,1.17
3839,9045,1784.117993,1.17
3840,3814,1398.086396,1.17
3840,4021,0.0,1.17
3840,12604,1415.923257,1.17
3841,9048,137.25,1.17
3841,9050,346.776738,1.17
3841,10995,128.82,1.17
3842,3836,0.0,1.17
3842,11137,1522.4383,1.17
3842,11138,1807.773471,1.17
3843,3851,1150.948587,1.17
3843,9050,1106.255513,1.17
3843,10995,251.8,1.17
3844,778,1076.82,1.17
3844,9013,1603.362275,1.17
3844,9926,3069.789307,1.17
3844,10995,71.87,1.17
3845,4593,564.8730766,1.17
3845,4594,1057.867805,1.17
3845,7423,680.4863184,1.17
3845,9817,1419.589786,1.17
3846,3413,2729.681696,1.17
3846,3847,605.33,1.17
3846,8903,1205.133588,1.17
3847,3407,873.45,1.17
3847,3846,0.0,1.17
3847,8903,1318.322414,1.17
3847,10990,1470.16,1.17
3848,3849,486.5513838,1.17
3848,3851,18.89,1.17
3848,3854,9263.549119,1.17
3849,3848,1696.0,1.17
3849,3850,66.92,1.17
3849,3851,752.7067908,1.17
3849,10947,2921.707676,1.17
3850,3849,1491.094842,1.17
3850,3851,127.7211565,1.17
3850,9664,6415.742384,1.17
3851,3843,867.7350833,1.17
3851,3848,0.0,1.17
3851,3849,944.0614509,1.17
3851,3850,238.47,1.17
3852,3850,7729.168382,1.17
3852,3853,242.56,1.17
3853,3852,132.63,1.17
3853,3855,1558.20424,1.17
3853,10952,1691.410106,1.17
3854,2422,9404.164296,1.17
3854,3855,327.6480855,1.17
3855,3853,1743.980106,1.17
3855,3854,468.2632622,1.17
3855,10999,1788.62424,1.17
3856,3864,53.98,1.17
3856,9079,76.40741524,1.17
3856,10999,71.46,1.17
3857,9045,628.210682,1.17
3857,10992,331.26,1.17
3857,10996,141.8039855,1.17
3858,4648,0.0,1.17
3858,11807,1206.511052,1.17
3858,11808,1702.748851,1.17
3858,11809,0.0,1.17
3859,3860,76.57552913,1.17
3859,3862,1893.309142,1.17
3859,9045,1265.462337,1.17
3859,10996,104.85,1.17
3860,3859,1.03,1.17
3860,8908,150.86,1.17
3860,10997,320.52,1.17
3861,9047,107.69,1.17
3861,10997,77.89,1.17
3861,11775,449.5101537,1.17
3862,3859,1217.452337,1.17
3862,3863,406.8224858,1.17
3862,8905,0.0,1.17
3862,12084,1676.319651,1.17
3863,3862,330.6802488,1.17
3863,10997,340.27,1.17
3863,11775,624.3924858,1.17
3864,3856,134.3574152,1.17
3864,9078,1988.471704,1.17
3864,10998,2080.780819,1.17
3864,11775,216.39,1.17
3865,3866,360.4245141,1.17
3865,8910,627.5404395,1.17
3865,12084,220.0281704,1.17
3866,3865,108.61,1.17
3866,5980,866.541478,1.17
3866,11774,882.0930361,1.17
3867,3868,0.0,1.17
3867,8928,134.32,1.17
3867,11026,297.0691172,1.17
3868,3867,0.0,1.17
3868,12164,150.3232399,1.17
3868,12165,336.2625549,1.17
3869,3870,0.0,1.17
3869,4935,522.4432477,1.17
3869,12165,754.7903352,1.17
3870,3869,0.0,1.17
3870,4935,281.8667601,1.17
3870,11023,674.7002403,1.17
3871,2937,530.8203033,1.17
3871,11811,161.7858124,1.17
3871,12595,984.4015033,1.17
3872,802,499.41,1.17
3872,8290,914.5149673,1.17
3872,9668,323.0148476,1.17
3872,10279,392.7856298,1.17
3872,12034,1717.899934,1.17
3873,3875,0.0,1.17
3873,4597,1298.329172,1.17
3873,11201,1070.63,1.17
3874,11011,546.9237584,1.17
3874,11012,1120.804912,1.17
3874,11013,2181.659627,1.17
3875,3716,0.0,1.17
3875,3873,0.0,1.17
3875,9815,0.0,1.17
3876,812,310.14,1.17
3876,8294,21.42,1.17
3876,8916,2060.392181,1.17
3876,11009,348.37,1.17
3876,12083,1296.129902,1.17
3877,8916,312.9338555,1.17
3877,11009,138.59,1.17
3877,11015,483.6357823,1.17
3877,11779,56.56421774,1.17
3878,6625,606.8194758,1.17
3878,11027,684.8253167,1.17
3878,12191,738.4377379,1.17
3879,2480,1534.804902,1.17
3879,11031,670.3662802,1.17
3879,12160,375.6617319,1.17
3880,12186,400.9602903,1.17
3880,12187,1239.469967,1.17
3880,12602,699.9600972,1.17
3881,3883,0.0,1.17
3881,5072,1.19,1.17
3881,11129,7.18,1.17
3882,11032,509.6246855,1.17
3882,11035,1007.817954,1.17
3882,11782,1621.383624,1.17
3882,11784,1324.840802,1.17
3883,3881,0.0,1.17
3883,4531,0.0,1.17
3883,11130,1069.298367,1.17
3883,12608,527.7819017,1.17
3884,3836,0.0,1.17
3884,4535,0.0,1.17
3884,11131,238.27,1.17
3884,11137,50.74,1.17
3885,4424,127.8613967,1.17
3885,6757,0.0,1.17
3885,11127,1805.665,1.17
3885,11132,1761.226555,1.17
3886,4959,937.6710064,1.17
3886,11153,1081.225525,1.17
3886,11785,444.3556823,1.17
3887,5858,0.0,1.17
3887,9018,2169.851009,1.17
3887,10941,2187.623277,1.17
3888,9020,2189.874244,1.17
3888,10942,647.3014684,1.17
3888,11306,2350.494935,1.17
3888,11342,413.0288861,1.17
3889,6757,0.0,1.17
3889,11133,1781.264049,1.17
3889,11138,1600.279537,1.17
3890,3891,300.4598881,1.17
3890,9064,1049.105,1.17
3890,10766,569.1720634,1.17
3891,3890,429.4198522,1.17
3891,3892,300.4598881,1.17
3891,10766,0.0,1.17
3892,3891,429.4198522,1.17
3892,8203,381.484767,1.17
3892,9065,117.88,1.17
3893,3896,0.0,1.17
3893,11134,23.69,1.17
3893,12615,447.5366533,1.17
3894,3895,333.0596807,1.17
3894,7713,399.5082065,1.17
3894,10958,48.12,1.17
3895,3894,224.2209047,1.17
3895,6877,431.9196807,1.17
3895,10962,171.64,1.17
3896,3893,357.4566533,1.17
3896,3899,677.1434578,1.17
3896,12616,664.1375924,1.17
3897,3898,1071.481901,1.17
3897,9113,1815.773904,1.17
3897,10962,340.12,1.17
3898,3897,1506.363904,1.17
3898,8264,1452.800086,1.17
3898,10962,522.8,1.17
3899,3896,1021.594246,1.17
3899,3902,313.9948707,1.17
3899,6697,363.148587,1.17
3900,747,1394.12,1.17
3900,9086,1477.062478,1.17
3900,9116,2120.675315,1.17
3900,10278,110.28,1.17
3900,10963,254.2381853,1.17
3901,9088,1870.635958,1.17
3901,9671,112.7332212,1.17
3901,10951,421.6785738,1.17
3901,10959,1665.78489,1.17
3902,3899,304.1886362,1.17
3902,10890,701.47866,1.17
3902,10896,458.6685546,1.17
3903,3906,0.0,1.17
3903,6474,0.0,1.17
3903,6480,1641.329398,1.17
3903,12843,1049.993044,1.17
3904,3905,117.84,1.17
3904,9124,192.051469,1.17
3904,10781,48.58,1.17
3904,12051,178.68,1.17
3905,3904,83.35898929,1.17
3905,9125,1603.676411,1.17
3905,10515,2092.89697,1.17
3906,3903,0.0,1.17
3906,6481,530.2993372,1.17
3906,11145,101.1349179,1.17
3907,10515,315.2633241,1.17
3907,10516,2043.616725,1.17
3907,12052,2099.859549,1.17
3908,5781,0.0,1.17
3908,6755,342.810151,1.17
3908,10026,2157.826652,1.17
3908,11141,2068.325085,1.17
3909,5122,1638.234479,1.17
3909,5153,0.0,1.17
3909,7552,0.0,1.17
3909,11135,802.3452135,1.17
3910,3911,2088.692558,1.17
3910,10967,106.4712954,1.17
3910,12040,2193.899969,1.17
3911,3910,2066.108789,1.17
3911,10972,438.5280922,1.17
3911,12039,2189.576067,1.17
3912,3913,845.192037,1.17
3912,4589,700.0931918,1.17
3912,6492,874.2345404,1.17
3912,10006,0.0,1.17
3913,3912,355.3594823,1.17
3913,4581,176.3701923,1.17
3913,7423,1115.948117,1.17
3913,10008,268.344804,1.17
3914,4581,230.0939822,1.17
3914,4582,406.3441735,1.17
3915,10973,238.0728485,1.17
3915,10977,492.03,1.17
3915,12089,1336.166588,1.17
3915,12090,1557.979213,1.17
3916,3631,0.0,1.17
3916,10854,914.9618879,1.17
3916,11098,797.2225933,1.17
3917,10974,3.9,1.17
3917,10978,139.0230177,1.17
3917,12090,1335.5755,1.17
3917,12093,1604.634093,1.17
3918,3626,130.1859462,1.17
3918,3919,157.01,1.17
3918,11091,408.65,1.17
3919,3631,1644.679107,1.17
3919,3918,152.37,1.17
3919,3920,510.482874,1.17
3919,11086,1521.844402,1.17
3920,3919,320.7378234,1.17
3920,7083,13.16,1.17
3920,11092,497.322874,1.17
3921,10789,1998.148281,1.17
3921,12097,1219.249816,1.17
3922,3923,2191.838041,1.17
3922,12044,1488.929135,1.17
3922,12098,1963.627823,1.17
3923,3921,1998.148281,1.17
3923,12094,720.2146507,1.17
3923,12097,768.888838,1.17
3924,2742,260.0560409,1.17
3924,3928,54.57863135,1.17
3924,4495,421.8423364,1.17
3925,3926,677.7390894,1.17
3925,10791,1329.635518,1.17
3925,12105,1343.834567,1.17
3926,2111,10046.23377,1.17
3927,10791,669.1945167,1.17
3927,12101,757.2749121,1.17
3927,12254,940.5183622,1.17
3928,3924,0.0,1.17
3928,11080,1180.183221,1.17
3928,12232,1147.66136,1.17
3929,8247,3024.490165,1.17
3929,10785,865.3079106,1.17
3929,10791,566.9193552,1.17
3929,12107,1804.04728,1.17
3930,10797,243.630765,1.17
3930,10798,860.90278,1.17
3930,12314,1351.218057,1.17
3931,8941,541.5397201,1.17
3931,10805,687.1970624,1.17
3931,10811,169.93,1.17
3931,12318,1222.000077,1.17
3932,11071,1218.047792,1.17
3932,11072,1557.977831,1.17
3932,11078,637.2392581,1.17
3933,10983,143.5252468,1.17
3933,12243,635.609005,1.17
3933,12244,1659.23093,1.17
3934,2335,671.210896,1.17
3934,3935,1055.708685,1.17
3935,3934,671.210896,1.17
3935,11064,835.0193342,1.17
3935,11065,2296.616949,1.17
3936,6350,1186.530591,1.17
3936,9775,1690.764373,1.17
3936,9778,24.77,1.17
3937,10982,895.0900999,1.17
3937,12239,1219.249371,1.17
3938,10986,1805.08,1.17
3938,12239,3479.40312,1.17
3938,12307,3531.794557,1.17
3939,983,254.66,1.17
3939,9776,440.8660917,1.17
3939,9778,44.1,1.17
3939,9780,352.9734333,1.17
3939,9782,359.6906636,1.17
3940,6362,1285.703705,1.17
3940,9780,165.9314049,1.17
3940,9888,397.5156479,1.17
3940,10282,980.0384581,1.17
3941,9766,792.6082266,1.17
3941,11061,718.7379847,1.17
3941,11062,158.0857063,1.17
3942,9036,0.5,1.17
3942,9038,0.09,1.17
3942,10499,0.0,1.17
3943,3944,139.5645007,1.17
3943,4478,486.1844828,1.17
3943,11047,714.2498756,1.17
3944,3943,0.0,1.17
3944,3950,443.0384125,1.17
3944,11048,427.5510828,1.17
3944,11054,119.75,1.17
3945,9103,406.834529,1.17
3945,9106,127.44,1.17
3945,10503,65.03,1.17
3946,8315,557.1956513,1.17
3946,9102,220.57,1.17
3946,10503,864.7754819,1.17
3947,9034,33.11,1.17
3947,9040,112.8,1.17
3947,10500,53.93,1.17
3948,8456,103.1632858,1.17
3948,9145,1230.638951,1.17
3948,10513,1462.365247,1.17
3949,3953,0.0,1.17
3949,8456,0.0,1.17
3949,8794,0.0,1.17
3949,10514,10.21,1.17
3950,3944,0.0,1.17
3950,3956,0.0,1.17
3950,11049,3646.617056,1.17
3950,11055,3364.302993,1.17
3951,3952,0.0,1.17
3951,12029,71.58,1.17
3951,12031,52.48,1.17
3952,3951,0.0,1.17
3952,8794,0.0,1.17
3952,12030,852.8652266,1.17
3952,12031,673.9523215,1.17
3953,3949,0.0,1.17
3953,3954,0.0,1.17
3953,12032,7.89331197,1.17
3954,3953,7.89331197,1.17
3954,3955,0.0,1.17
3954,12070,16.53,1.17
3954,12072,0.0,1.17
3955,3954,0.0,1.17
3955,10520,1952.757025,1.17
3955,12070,2091.311154,1.17
3956,3950,0.0,1.17
3956,11056,3223.028944,1.17
3956,12355,2250.254815,1.17
3957,10518,207.1,1.17
3957,10524,376.791985,1.17
3957,12061,2142.657512,1.17
3957,12064,1609.730232,1.17
3958,8883,468.8204475,1.17
3958,10519,145.4071675,1.17
3958,12064,161.63,1.17
3959,3963,1353.163209,1.17
3959,3966,1014.840279,1.17
3959,11072,2145.010272,1.17
3960,3961,120.3271675,1.17
3960,10519,410.5704475,1.17
3960,12067,292.37,1.17
3960,12069,299.8,1.17
3961,3960,405.9704475,1.17
3961,10520,1079.758561,1.17
3961,12071,884.9694319,1.17
3962,3965,302.2817888,1.17
3962,10323,107.57,1.17
3962,12072,473.2279758,1.17
3962,12075,65.51,1.17
3963,3959,999.7888504,1.17
3963,3966,1224.704927,1.17
3963,4493,534.7514185,1.17
3963,11073,2417.87498,1.17
3964,10323,0.0,1.17
3964,12073,934.8980894,1.17
3964,12082,372.9798721,1.17
3965,3962,384.2179758,1.17
3965,10520,2425.769973,1.17
3965,12076,1717.49655,1.17
3966,3959,1145.221421,1.17
3966,3963,1599.46319,1.17
3966,3971,3766.212402,1.17
3966,12438,3416.923425,1.17
3967,3308,7964.613565,1.17
3967,3971,843.2025026,1.17
3967,3980,1928.137394,1.17
3968,8440,2200.568557,1.17
3968,10522,120.9080839,1.17
3968,10528,532.8791155,1.17
3968,12117,1980.071272,1.17
3969,3973,508.52,1.17
3969,8410,2489.831056,1.17
3969,10523,867.2411955,1.17
3969,12120,1452.018848,1.17
3970,3975,90.91,1.17
3970,8472,2009.865691,1.17
3970,10524,383.1236804,1.17
3970,12129,1927.158138,1.17
3971,3966,3663.446317,1.17
3971,3967,1341.620759,1.17
3971,3974,676.0048362,1.17
3971,3980,1748.586806,1.17
3972,10528,451.7704538,1.17
3972,12264,2506.084479,1.17
3972,12266,1733.781127,1.17
3973,3969,505.2568459,1.17
3973,7475,279.4823842,1.17
3973,12267,873.2164226,1.17
3974,3971,1882.384349,1.17
3974,3980,371.1086586,1.17
3974,12236,9197.853888,1.17
3975,3970,45.2,1.17
3975,3976,0.0,1.17
3975,10530,226.0365423,1.17
3975,12282,127.15,1.17
3976,3975,0.0,1.17
3976,12275,1422.198701,1.17
3976,12280,937.323604,1.17
3977,3978,0.0,1.17
3977,10536,1042.84934,1.17
3977,12278,966.082089,1.17
3978,3977,0.0,1.17
3978,3979,104.0594288,1.17
3978,8477,2071.664007,1.17
3978,12333,1466.822354,1.17
3979,2745,2006.782977,1.17
3979,3978,38.2,1.17
3979,10542,173.0094288,1.17
3979,12332,2106.950112,1.17
3980,3967,216.19,1.17
3980,3971,937.8594649,1.17
3980,3974,1520.082458,1.17
3980,4475,4047.832858,1.17
3981,8487,350.6275654,1.17
3981,10540,110.05,1.17
3981,12327,746.9661222,1.17
3982,3991,337.5808278,1.17
3982,3993,942.3446515,1.17
3982,11102,1024.658091,1.17
3983,5280,643.5949057,1.17
3983,5292,303.4990962,1.17
3983,10550,740.367184,1.17
3983,10556,550.7285305,1.17
3984,3986,87.74180105,1.17
3984,5077,2728.288242,1.17
3984,5363,1675.96595,1.17
3985,8457,607.81,1.17
3985,9142,284.7555002,1.17
3985,10512,395.7405506,1.17
3985,12063,288.8602983,1.17
3986,3984,383.5133647,1.17
3986,5363,1287.545013,1.17
3986,5371,996.102089,1.17
3986,10333,297.9310354,1.17
3987,3988,164.5491541,1.17
3987,3989,0.0,1.17
3987,12265,468.9423168,1.17
3988,3987,468.9423168,1.17
3988,8885,1178.604891,1.17
3988,12328,976.3676824,1.17
3989,3987,31.15915408,1.17
3989,12265,606.2352592,1.17
3989,12266,363.8832577,1.17
3990,9989,2011.342423,1.17
3990,10010,1670.574972,1.17
3990,12561,0.0,1.17
3991,3317,2981.253349,1.17
3991,3982,631.2858043,1.17
3991,3993,1326.305785,1.17
3991,7080,3146.233563,1.17
3992,1951,0.0,1.17
3992,5038,0.0,1.17
3993,3982,393.3722871,1.17
3993,3991,152.6930265,1.17
3993,3994,2268.650437,1.17
3994,3993,546.0653136,1.17
3994,3995,1632.63479,1.17
3994,3998,636.0156465,1.17
3995,7082,5731.48751,1.17
3996,1811,304.3087237,1.17
3996,1816,233.9806728,1.17
3996,10310,58.05,1.17
3996,10312,30.26,1.17
3997,12488,5152.831772,1.17
3998,3994,546.0653136,1.17
3998,3997,160.92,1.17
3998,11097,636.0156465,1.17
3999,4012,0.0,1.17
3999,4032,0.0,1.17
3999,12598,0.0,1.17
4000,3759,0.0,1.17
4000,4001,151.7345181,1.17
4000,11617,111.1326323,1.17
4001,3043,151.7345181,1.17
4001,4000,111.1326323,1.17
4001,4015,0.0,1.17
4002,3043,91.64,1.17
4002,4006,246.3152592,1.17
4002,11618,20.56,1.17
4003,3641,2043.889463,1.17
4003,4010,0.0,1.17
4003,11200,1480.845638,1.17
4004,3765,33.53,1.17
4004,4005,12.61,1.17
4004,11618,37.64,1.17
4005,4004,26.59,1.17
4005,6407,2.03,1.17
4005,11597,10.58,1.17
4006,2026,149.7641956,1.17
4006,4002,65.04,1.17
4006,4017,144.4110636,1.17
4006,11618,36.16,1.17
4007,3746,373.0267546,1.17
4007,4009,69.29,1.17
4007,4018,244.61,1.17
4008,2441,3081.014432,1.17
4008,10625,3447.179028,1.17
4008,10631,1049.75,1.17
4009,3749,74.02349133,1.17
4009,4007,27.75,1.17
4009,4013,69.29,1.17
4009,4020,188.8084373,1.17
4010,3742,0.0,1.17
4010,4003,0.0,1.17
4010,4570,236.6920109,1.17
4010,4575,225.27,1.17
4011,10980,697.4794852,1.17
4011,10984,190.05,1.17
4011,12237,593.2840384,1.17
4012,3999,0.0,1.17
4012,10014,999.3786959,1.17
4012,12604,876.268428,1.17
4013,2471,93.88,1.17
4013,4009,27.75,1.17
4013,4014,0.0,1.17
4013,4023,18.61,1.17
4014,4013,0.0,1.17
4014,4015,314.0970445,1.17
4014,11617,221.5771218,1.17
4015,4001,82.75263232,1.17
4015,4014,221.5771218,1.17
4015,4016,314.0970445,1.17
4016,4015,304.3297541,1.17
4016,4017,314.0970445,1.17
4016,4024,0.0,1.17
4017,4006,90.68,1.17
4017,4016,304.3297541,1.17
4017,4025,294.8723038,1.17
4017,6413,179.8858044,1.17
4018,1772,317.75,1.17
4018,4007,442.3167546,1.17
4018,4020,140.9098779,1.17
4018,12016,306.1501221,1.17
4019,4021,0.0,1.17
4019,5122,600.7391643,1.17
4019,12604,1244.295067,1.17
4020,4009,74.02349133,1.17
4020,4018,45.01,1.17
4020,4022,140.9098779,1.17
4020,4034,188.8084373,1.17
4021,3840,0.0,1.17
4021,4019,0.0,1.17
4021,7552,0.0,1.17
4022,4020,45.01,1.17
4022,4023,36.45,1.17
4022,4026,147.6598779,1.17
4023,4013,24.59,1.17
4023,4022,28.87,1.17
4023,4024,11.86,1.17
4024,4016,0.0,1.17
4024,4023,10.26,1.17
4024,4025,11.86,1.17
4025,4017,287.7697541,1.17
4025,4024,10.26,1.17
4025,4029,284.6123038,1.17
4026,4022,59.34,1.17
4026,4027,142.2898779,1.17
4026,4037,5.37,1.17
4027,4026,55.43,1.17
4027,4028,181.6098779,1.17
4027,11619,42.54,1.17
4028,4027,57.62,1.17
4028,4029,181.6098779,1.17
4028,4040,0.0,1.17
4029,4025,275.9097541,1.17
4029,4028,57.62,1.17
4029,4041,276.7523038,1.17
4029,11620,173.5198779,1.17
4030,4038,1973.854644,1.17
4030,4050,675.1477912,1.17
4030,11108,1832.631905,1.17
4031,4047,0.0,1.17
4031,11599,278.0398779,1.17
4031,11620,132.87,1.17
4032,3999,0.0,1.17
4032,4033,0.0,1.17
4032,12561,1295.385614,1.17
4032,12604,757.103118,1.17
4033,3814,0.0,1.17
4033,4032,0.0,1.17
4033,5066,0.0,1.17
4034,3024,69.54,1.17
4034,4020,74.02349133,1.17
4034,4035,373.8185594,1.17
4035,4034,143.5634913,1.17
4035,4042,373.8185594,1.17
4035,4055,0.0,1.17
4036,9983,2266.38049,1.17
4036,11111,984.0166627,1.17
4036,11188,1822.642246,1.17
4037,4026,3.91,1.17
4037,4042,10.9,1.17
4037,11619,4.19,1.17
4038,4030,1477.537452,1.17
4038,4049,487.2765687,1.17
4038,7079,3008.211317,1.17
4039,4040,0.0,1.17
4039,4044,44.58,1.17
4039,11619,19.43,1.17
4040,4028,0.0,1.17
4040,4039,0.08,1.17
4040,4041,0.0,1.17
4041,4029,260.4397541,1.17
4041,4040,0.08,1.17
4041,4046,276.6723038,1.17
4042,4035,143.5634913,1.17
4042,4037,8.1,1.17
4042,4043,321.5285594,1.17
4042,4057,63.19,1.17
4043,4042,100.9902459,1.17
4043,4044,0.0,1.17
4043,4058,321.6085594,1.17
4044,4039,19.43,1.17
4044,4043,0.08,1.17
4044,4045,44.5,1.17
4045,4044,19.43,1.17
4045,4046,35.52,1.17
4045,4059,60.15,1.17
4046,2982,33.77,1.17
4046,4041,260.4397541,1.17
4046,4045,15.65,1.17
4046,4060,275.7123038,1.17
4047,2015,26.27,1.17
4047,2982,14.94,1.17
4047,4031,0.0,1.17
4048,3639,0.0,1.17
4048,7553,121.2121595,1.17
4048,11112,449.99,1.17
4049,4038,1525.608724,1.17
4049,8579,6590.136683,1.17
4050,3183,4715.572044,1.17
4050,4030,988.8612509,1.17
4051,54,560.61,1.17
4051,2447,998.3259471,1.17
4051,6438,761.754749,1.17
4051,6763,765.9740744,1.17
4051,10352,1136.883517,1.17
4052,2447,804.5854713,1.17
4052,4053,1641.53419,1.17
4052,10348,663.1260449,1.17
4053,56,673.76,1.17
4053,2463,1435.356333,1.17
4053,4052,309.3516954,1.17
4053,4304,1092.389425,1.17
4053,6624,843.7167527,1.17
4054,3060,0.0,1.17
4054,9161,135.0267546,1.17
4054,11941,121.14,1.17
4055,3060,0.0,1.17
4055,4035,0.0,1.17
4055,4057,0.0,1.17
4055,4080,0.0,1.17
4056,57,294.18,1.17
4056,2464,1064.707513,1.17
4056,4061,830.5907174,1.17
4056,6626,688.8833946,1.17
4057,4042,50.67324542,1.17
4057,4055,0.0,1.17
4057,4058,19.16,1.17
4057,4067,72.85,1.17
4058,4043,100.9902459,1.17
4058,4057,9.66,1.17
4058,4059,340.6885594,1.17
4059,4045,54.95,1.17
4059,4058,110.5702459,1.17
4059,4060,48.0101221,1.17
4059,4069,330.6484373,1.17
4060,4046,258.6897541,1.17
4060,4059,17.49,1.17
4060,11622,323.7224259,1.17
4061,2465,722.9922934,1.17
4061,4056,146.79,1.17
4061,4295,1078.530305,1.17
4061,4300,707.9421736,1.17
4062,2982,76.64,1.17
4062,4070,68.4501221,1.17
4062,11622,91.77,1.17
4063,2461,50.4799944,1.17
4063,2465,254.52,1.17
4063,4065,2897.427129,1.17
4063,10349,3036.86383,1.17
4064,2796,207.2991315,1.17
4064,6664,8349.986063,1.17
4065,58,1116.05,1.17
4065,2462,22.1400056,1.17
4065,4063,2503.502945,1.17
4065,4298,3367.367124,1.17
4066,4088,8731.882399,1.17
4066,4297,0.0,1.17
4067,4057,69.83324542,1.17
4067,4082,70.33,1.17
4067,11621,2.52,1.17
4068,4074,1314.86408,1.17
4068,4690,1957.089117,1.17
4068,7517,803.8160084,1.17
4068,9339,233.05,1.17
4069,4059,125.8502459,1.17
4069,4071,323.0484373,1.17
4069,11621,7.6,1.17
4070,4062,29.49,1.17
4070,4103,51.65956947,1.17
4070,11601,52.9201221,1.17
4071,4069,103.8702459,1.17
4071,4072,391.6184373,1.17
4071,4083,24.53,1.17
4072,4071,128.4002459,1.17
4072,4099,229.217567,1.17
4072,11622,341.7197541,1.17
4072,11624,494.7031741,1.17
4073,11565,28.61,1.17
4073,11566,35.35,1.17
4073,12889,242.67,1.17
4074,4068,997.1270678,1.17
4074,9338,1474.49292,1.17
4074,10353,472.8859281,1.17
4075,4090,0.0,1.17
4075,11941,0.0,1.17
4076,2790,823.3086586,1.17
4076,4077,220.9941589,1.17
4076,4795,2025.416052,1.17
4077,2792,164.5560995,1.17
4077,4076,307.5569093,1.17
4077,4796,56.43805943,1.17
4077,9334,216.06,1.17
4078,3071,119.62,1.17
4078,4079,53.43,1.17
4078,11941,138.6567546,1.17
4079,3060,0.0,1.17
4079,4078,18.78,1.17
4079,4080,53.43,1.17
4080,4055,0.0,1.17
4080,4079,18.78,1.17
4080,4082,56.15,1.17
4080,4093,0.0,1.17
4081,2476,1278.704503,1.17
4081,4243,2270.241019,1.17
4081,4298,2996.577414,1.17
4082,4067,64.69324542,1.17
4082,4080,18.78,1.17
4082,4083,38.82,1.17
4082,11623,64.64,1.17
4083,4071,68.57,1.17
4083,4082,12.92,1.17
4083,4089,2.67,1.17
4083,11621,14.13,1.17
4084,2335,1222.213311,1.17
4084,4085,0.0,1.17
4084,11063,0.0,1.17
4084,11069,874.580896,1.17
4085,4084,0.0,1.17
4085,4488,1500.166244,1.17
4085,4489,1977.509412,1.17
4086,4064,8557.285195,1.17
4087,11075,2565.689799,1.17
4087,11081,132.28,1.17
4087,12424,1925.702098,1.17
4088,7487,8288.631035,1.17
4088,9922,443.251364,1.17
4089,4083,2.15,1.17
4089,4098,23.15,1.17
4089,11623,9.73,1.17
4090,4075,0.0,1.17
4090,4092,0.0,1.17
4090,4105,0.0,1.17
4091,3524,221.6445279,1.17
4091,3639,105.2394437,1.17
4091,4118,0.0,1.17
4091,11113,0.0,1.17
4092,3071,119.8767546,1.17
4092,3075,119.62,1.17
4092,4090,0.0,1.17
4092,4093,2.72,1.17
4093,4080,2.72,1.17
4093,4092,0.0,1.17
4093,4094,0.0,1.17
4093,4108,0.0,1.17
4094,4093,0.0,1.17
4094,4095,0.0,1.17
4094,4109,0.0,1.17
4095,4094,0.0,1.17
4095,4096,5.74,1.17
4095,4110,11.17,1.17
4096,4095,11.17,1.17
4096,4097,49.74,1.17
4096,11623,42.35324542,1.17
4097,4096,36.61324542,1.17
4097,4098,72.02,1.17
4097,4112,74.9,1.17
4098,4089,11.21,1.17
4098,4097,25.16,1.17
4098,4099,91.02,1.17
4099,4072,75.92,1.17
4099,4098,32.22,1.17
4099,4114,63.12,1.17
4099,11624,230.427567,1.17
4100,60,582.97,1.17
4100,9922,572.97,1.17
4101,4102,90.44932237,1.17
4101,9763,183.16,1.17
4101,11603,101.47,1.17
4102,4101,154.8,1.17
4102,4103,6.41,1.17
4102,6454,84.03932237,1.17
4103,4070,6.41,1.17
4103,4102,51.65956947,1.17
4103,6454,0.0,1.17
4104,4105,0.0,1.17
4104,4130,0.0,1.17
4105,4090,0.0,1.17
4105,4104,0.0,1.17
4105,4106,0.0,1.17
4106,4105,0.0,1.17
4106,4107,0.0,1.17
4107,3075,0.0,1.17
4107,4106,0.0,1.17
4107,4131,0.0,1.17
4108,3075,0.0,1.17
4108,4093,0.0,1.17
4108,4109,0.0,1.17
4109,4094,0.0,1.17
4109,4108,0.0,1.17
4109,4110,0.46,1.17
4109,4119,4.09,1.17
4110,4095,5.74,1.17
4110,4109,4.09,1.17
4110,4111,7.08,1.17
4111,4110,5.28,1.17
4111,4112,70.77,1.17
4111,4120,29.96,1.17
4112,4097,108.6332454,1.17
4112,4111,22.88,1.17
4112,4113,0.0,1.17
4112,4122,52.02,1.17
4113,4112,0.0,1.17
4113,4114,0.0,1.17
4113,4124,0.0,1.17
4114,4099,56.03,1.17
4114,4113,0.0,1.17
4114,4125,63.12,1.17
4114,6450,0.0,1.17
4115,4116,501.1007411,1.17
4115,4117,204.19,1.17
4115,11624,404.85,1.17
4116,4115,259.84,1.17
4116,4117,145.82,1.17
4116,7615,509.5307411,1.17
4116,9763,87.85932237,1.17
4117,4115,145.01,1.17
4117,4116,82.96932237,1.17
4117,6450,350.01,1.17
4118,3693,1325.227406,1.17
4118,4091,0.0,1.17
4118,11119,1781.552865,1.17
4119,4109,0.46,1.17
4119,4120,70.97,1.17
4119,4133,27.57,1.17
4120,4111,76.05,1.17
4120,4119,23.48,1.17
4120,4121,0.2,1.17
4120,4134,7.08,1.17
4121,4120,0.6,1.17
4121,4122,0.86,1.17
4121,4135,1.13,1.17
4122,4112,37.86324542,1.17
4122,4121,1.73,1.17
4122,4123,51.09,1.17
4123,4122,37.80324542,1.17
4123,4124,6.68,1.17
4123,4127,54.97,1.17
4124,4113,0.0,1.17
4124,4123,4.68,1.17
4124,4125,6.68,1.17
4125,4114,56.03,1.17
4125,4124,4.68,1.17
4125,4126,0.2,1.17
4125,4128,59.04,1.17
4126,4125,0.6,1.17
4126,4129,30.61,1.17
4126,4227,105.55,1.17
4127,4123,43.68324542,1.17
4127,4128,10.91,1.17
4127,11625,56.95,1.17
4128,4125,49.55,1.17
4128,4127,3.98,1.17
4128,4129,12.52,1.17
4128,11626,61.83,1.17
4129,2194,183.76,1.17
4129,4126,105.35,1.17
4129,4128,4.77,1.17
4129,4140,30.61,1.17
4130,4104,0.0,1.17
4130,4131,0.0,1.17
4130,4146,0.0,1.17
4131,4107,0.0,1.17
4131,4130,0.0,1.17
4131,4147,0.0,1.17
4131,11942,0.0,1.17
4132,4133,321.13,1.17
4132,4141,104.46,1.17
4132,11942,221.7267546,1.17
4133,4119,71.43,1.17
4133,4132,126.92,1.17
4133,4134,249.7,1.17
4134,4120,5.28,1.17
4134,4133,99.35,1.17
4134,4135,166.84,1.17
4134,4143,89.94,1.17
4135,4121,0.66,1.17
4135,4134,62.9,1.17
4135,4145,1.13,1.17
4135,11625,166.84,1.17
4136,2799,735.2281837,1.17
4136,4260,673.3422939,1.17
4136,10352,1273.953273,1.17
4136,12840,56.66553748,1.17
4137,4153,61.62,1.17
4137,11625,122.7832454,1.17
4137,11626,193.85,1.17
4138,2646,574.7098076,1.17
4138,4151,554.9181239,1.17
4138,9340,679.7792339,1.17
4139,4140,207.29,1.17
4139,4156,54.64,1.17
4139,11626,144.91,1.17
4140,2163,870.135108,1.17
4140,4129,276.59,1.17
4140,4139,96.99,1.17
4140,4156,342.99,1.17
4140,4172,25.68,1.17
4141,4132,94.80675458,1.17
4141,4143,0.0,1.17
4141,4149,104.46,1.17
4142,3704,40.98,1.17
4142,9389,109.07,1.17
4142,11955,0.0,1.17
4143,4134,41.73,1.17
4143,4141,0.0,1.17
4143,4144,89.94,1.17
4144,4143,41.73,1.17
4144,4145,0.91,1.17
4144,4150,91.15,1.17
4145,4135,0.66,1.17
4145,4144,1.21,1.17
4145,11625,0.25,1.17
4146,4130,0.0,1.17
4146,4147,0.0,1.17
4146,4157,0.0,1.17
4147,4131,0.0,1.17
4147,4146,0.0,1.17
4147,4148,0.0,1.17
4147,4158,0.0,1.17
4148,4147,0.0,1.17
4148,4149,0.0,1.17
4148,4159,0.0,1.17
4148,11942,0.0,1.17
4149,4141,94.80675458,1.17
4149,4148,0.0,1.17
4149,4160,104.46,1.17
4149,6505,0.0,1.17
4150,4144,42.64,1.17
4150,6505,0.0,1.17
4150,11627,91.15,1.17
4151,4138,564.4498076,1.17
4151,4154,1662.801811,1.17
4151,4165,368.06,1.17
4151,4283,1072.923889,1.17
4152,4153,2.64,1.17
4152,4155,127.73,1.17
4152,11627,54.5,1.17
4153,4137,45.78324542,1.17
4153,4152,2.11,1.17
4153,11628,59.51,1.17
4154,4151,1689.113696,1.17
4154,4182,1107.732669,1.17
4154,9339,1434.816089,1.17
4155,4152,52.39,1.17
4155,4169,175.98,1.17
4155,6508,322.8,1.17
4155,11628,607.2432454,1.17
4156,4139,47.92,1.17
4156,4140,630.92,1.17
4156,11628,397.63,1.17
4157,4146,0.0,1.17
4157,4158,0.0,1.17
4158,4147,0.0,1.17
4158,4157,0.0,1.17
4158,4159,0.0,1.17
4159,4148,0.0,1.17
4159,4158,0.0,1.17
4159,4160,0.0,1.17
4160,4149,94.80675458,1.17
4160,4159,0.0,1.17
4160,4162,65.35,1.17
4160,6506,39.11,1.17
4161,6506,32.46,1.17
4161,6507,52.97,1.17
4161,11627,10.05,1.17
4162,4160,62.34675458,1.17
4162,4163,65.35,1.17
4163,4162,62.34675458,1.17
4163,4164,65.35,1.17
4164,4163,62.34675458,1.17
4164,4177,370.8994257,1.17
4164,11963,367.9464266,1.17
4165,2547,1717.900439,1.17
4165,4154,635.9630976,1.17
4166,4167,0.0,1.17
4166,4180,70.22057426,1.17
4166,6508,508.74,1.17
4166,11963,332.9394257,1.17
4167,4166,0.0,1.17
4167,4168,76.17,1.17
4167,4181,60.17,1.17
4168,4167,60.17,1.17
4168,4169,76.17,1.17
4168,4175,0.0,1.17
4169,4155,96.65324542,1.17
4169,4168,60.17,1.17
4169,4170,252.15,1.17
4170,4169,156.8232454,1.17
4170,4171,551.94,1.17
4170,6509,348.243207,1.17
4171,4170,307.473207,1.17
4171,4173,493.93,1.17
4171,4174,58.01,1.17
4172,4140,315.115108,1.17
4172,4173,277.853207,1.17
4172,4242,185.414892,1.17
4173,4171,277.853207,1.17
4173,4172,493.93,1.17
4173,4174,0.0,1.17
4174,4171,29.62,1.17
4174,4173,0.0,1.17
4174,4245,58.01,1.17
4175,4168,0.0,1.17
4175,4176,348.243207,1.17
4175,6509,497.3832454,1.17
4176,4175,497.3832454,1.17
4176,4252,123.67,1.17
4176,11964,224.573207,1.17
4177,4164,430.2931812,1.17
4177,4178,0.0,1.17
4177,4183,370.8994257,1.17
4178,4177,0.0,1.17
4178,4179,0.0,1.17
4178,4180,259.4735734,1.17
4178,4184,130.3905743,1.17
4179,4178,0.0,1.17
4179,9366,224.573207,1.17
4179,11964,423.46,1.17
4180,4166,183.3035734,1.17
4180,4178,130.3905743,1.17
4180,4181,76.17,1.17
4181,4167,76.17,1.17
4181,4180,60.17,1.17
4182,4154,1932.897544,1.17
4182,4192,795.591102,1.17
4182,4199,1832.560226,1.17
4183,4177,430.2931812,1.17
4183,4196,370.8994257,1.17
4184,4178,259.4735734,1.17
4184,4185,64.96057426,1.17
4184,4186,65.43,1.17
4185,4184,204.1135734,1.17
4185,4196,19.23675458,1.17
4185,4197,75.84057426,1.17
4185,4211,0.0,1.17
4186,4184,55.36,1.17
4186,4211,290.003207,1.17
4186,9366,423.46,1.17
4187,9389,268.9967546,1.17
4187,11839,418.0,1.17
4187,11955,27.47,1.17
4188,4190,0.0,1.17
4188,4212,0.0,1.17
4189,4190,0.0,1.17
4189,4253,56.75324542,1.17
4189,4259,0.0,1.17
4190,4188,0.0,1.17
4190,4189,56.75324542,1.17
4190,4191,0.0,1.17
4190,4265,0.0,1.17
4191,4190,56.75324542,1.17
4191,4212,414.8285623,1.17
4191,4215,0.0,1.17
4191,4269,499.3418832,1.17
4192,4204,965.5543819,1.17
4192,4296,1149.568143,1.17
4193,4194,0.0,1.17
4194,4193,0.0,1.17
4194,4195,411.0564266,1.17
4194,4201,360.0194257,1.17
4195,4194,360.0194257,1.17
4195,4196,411.0564266,1.17
4195,4197,0.0,1.17
4196,4183,430.2931812,1.17
4196,4185,10.88,1.17
4196,4195,360.0194257,1.17
4197,4185,223.350328,1.17
4197,4195,0.0,1.17
4197,4198,75.84057426,1.17
4198,4197,223.350328,1.17
4198,4201,352.4123435,1.17
4198,4206,10.88,1.17
4198,4209,316.4418832,1.17
4199,2787,2123.75238,1.17
4199,4182,1799.783284,1.17
4199,4204,1641.88124,1.17
4199,4208,1181.868855,1.17
4200,1775,1067.5,1.17
4200,4201,931.6118832,1.17
4200,11943,0.0,1.17
4200,11965,348.6981168,1.17
4201,4194,411.0564266,1.17
4201,4198,520.5554566,1.17
4201,4200,712.4317693,1.17
4201,11965,0.0,1.17
4202,4203,0.0,1.17
4202,4219,0.0,1.17
4203,4202,0.0,1.17
4203,4220,41.0,1.17
4203,11965,57.99,1.17
4204,4199,1560.536485,1.17
4204,4210,475.8,1.17
4204,10356,1720.410351,1.17
4205,4206,307.6981168,1.17
4205,11965,297.0782307,1.17
4206,4198,19.23675458,1.17
4206,4205,297.0782307,1.17
4206,4207,318.5781168,1.17
4207,4206,316.3149853,1.17
4207,4209,42.05,1.17
4207,4223,349.4981168,1.17
4208,2715,1422.984707,1.17
4208,4199,1227.722361,1.17
4208,4210,2415.660018,1.17
4209,4198,287.4517693,1.17
4209,4207,30.92,1.17
4209,11966,358.4918832,1.17
4210,2548,647.14,1.17
4210,4347,2244.320018,1.17
4211,4185,0.0,1.17
4211,4186,478.82,1.17
4211,11966,290.003207,1.17
4212,4188,0.0,1.17
4212,4191,499.3418832,1.17
4212,4213,0.0,1.17
4212,11835,414.8285623,1.17
4213,4212,0.0,1.17
4213,4214,196.14,1.17
4213,11835,178.6,1.17
4214,4213,178.6,1.17
4214,4215,0.0,1.17
4214,4225,196.14,1.17
4215,4191,0.0,1.17
4215,4214,0.0,1.17
4215,4216,0.0,1.17
4216,4215,0.0,1.17
4216,4225,254.0182307,1.17
4216,11980,265.8481168,1.17
4217,2715,2006.543653,1.17
4217,4226,0.0,1.17
4217,4235,1245.152997,1.17
4217,4306,769.2349291,1.17
4217,9334,0.0,1.17
4218,4281,0.0,1.17
4218,5428,0.0,1.17
4218,11955,0.0,1.17
4219,4202,0.0,1.17
4219,4220,0.0,1.17
4219,9368,0.0,1.17
4220,4203,57.99,1.17
4220,4219,0.0,1.17
4220,9367,41.0,1.17
4221,4222,0.0,1.17
4221,9367,0.0,1.17
4221,9370,0.0,1.17
4222,4221,0.0,1.17
4222,4223,0.0,1.17
4223,4207,358.3649853,1.17
4223,4222,0.0,1.17
4223,4224,279.79,1.17
4223,4225,69.70811684,1.17
4224,4223,282.9467546,1.17
4224,11967,14.36,1.17
4224,11968,265.43,1.17
4225,4214,178.6,1.17
4225,4216,265.8481168,1.17
4225,4223,75.41823073,1.17
4226,4217,367.5485594,1.17
4226,4240,528.56,1.17
4227,4126,31.21,1.17
4227,4228,314.91,1.17
4227,6450,227.9793224,1.17
4227,6451,82.84,1.17
4228,4227,200.7793224,1.17
4228,4229,9.12,1.17
4228,11605,329.66,1.17
4229,4228,14.75,1.17
4229,4230,7.31,1.17
4229,6451,17.35,1.17
4230,2242,290.44,1.17
4230,4229,8.23,1.17
4230,4231,366.28,1.17
4231,2154,423.18,1.17
4231,4230,283.13,1.17
4231,4232,39.75159822,1.17
4232,2234,39.75159822,1.17
4232,4231,56.9,1.17
4233,4234,483.5258499,1.17
4233,11567,183.39,1.17
4233,12876,104.9283037,1.17
4234,4233,205.02,1.17
4234,11561,2165.029387,1.17
4234,11562,580.2250283,1.17
4234,11568,2091.294097,1.17
4235,4217,1220.296572,1.17
4235,4240,930.3474232,1.17
4235,4306,0.0,1.17
4235,9916,567.0555741,1.17
4236,1799,73.79781812,1.17
4236,4237,744.890045,1.17
4236,11562,622.8529022,1.17
4236,12959,136.42,1.17
4237,1800,99.4,1.17
4237,4236,464.0119741,1.17
4237,4238,568.9593746,1.17
4237,11563,589.8783359,1.17
4238,1792,1795.729714,1.17
4238,1810,1811.538972,1.17
4238,4237,133.8656552,1.17
4239,11566,104.7916963,1.17
4239,11567,275.84,1.17
4239,12881,134.1846661,1.17
4240,2758,819.8309083,1.17
4240,4235,728.4586108,1.17
4240,10357,813.0265149,1.17
4241,2240,262.6061583,1.17
4241,2247,239.0293224,1.17
4241,4244,174.5670487,1.17
4242,2248,182.894892,1.17
4242,4172,258.773207,1.17
4242,4246,2.52,1.17
4243,4081,2232.569972,1.17
4243,4306,486.3776287,1.17
4243,9915,49.72777791,1.17
4243,9916,1834.414754,1.17
4244,4241,110.15,1.17
4244,11607,103.123207,1.17
4244,11608,191.7738417,1.17
4245,4174,29.62,1.17
4245,4246,58.01,1.17
4245,4248,0.0,1.17
4246,2254,60.53,1.17
4246,4242,4.08,1.17
4246,4245,29.62,1.17
4246,4249,0.0,1.17
4247,2254,144.906793,1.17
4247,2259,124.85,1.17
4247,4250,18.81,1.17
4248,4245,0.0,1.17
4248,4249,0.0,1.17
4249,2278,0.0,1.17
4249,4246,0.0,1.17
4249,4248,0.0,1.17
4250,2278,0.0,1.17
4250,4247,20.58,1.17
4250,4251,18.81,1.17
4251,4250,20.58,1.17
4251,4256,0.0,1.17
4251,12914,18.81,1.17
4252,4176,73.92324542,1.17
4252,4253,123.67,1.17
4253,4189,0.0,1.17
4253,4252,73.92324542,1.17
4253,4254,123.67,1.17
4254,2292,123.67,1.17
4254,4253,17.17,1.17
4255,2292,29.72,1.17
4255,4256,266.2771734,1.17
4255,10163,3.120002878,1.17
4255,11979,3.119997122,1.17
4256,2302,266.2771734,1.17
4256,4251,0.0,1.17
4256,4255,35.96,1.17
4257,4258,1266.272534,1.17
4257,4263,33.88,1.17
4257,11837,1098.124935,1.17
4258,1845,236.6355504,1.17
4258,1846,1029.636983,1.17
4258,4257,1132.004935,1.17
4259,4189,0.0,1.17
4259,11978,0.0,1.17
4260,2466,777.0022536,1.17
4260,4136,874.4149012,1.17
4260,9342,1748.18734,1.17
4261,4262,0.0,1.17
4261,4267,6.24,1.17
4261,10163,47.485,1.17
4261,11979,47.485,1.17
4262,2302,77.54,1.17
4262,2332,0.0,1.17
4262,4261,0.0,1.17
4262,4268,6.95,1.17
4263,4257,99.27,1.17
4263,4264,764.8230256,1.17
4263,11837,753.905214,1.17
4264,2854,759.5528132,1.17
4264,4263,853.175214,1.17
4264,4285,115.6460126,1.17
4265,4190,0.0,1.17
4265,4266,0.0,1.17
4266,4265,0.0,1.17
4266,4267,116.2,1.17
4266,4269,46.57679299,1.17
4267,4261,94.97,1.17
4267,4266,46.57679299,1.17
4267,4268,424.6128266,1.17
4267,11978,594.148862,1.17
4268,2328,431.5628266,1.17
4268,4262,77.54,1.17
4268,4267,572.918862,1.17
4269,4191,471.5818077,1.17
4269,4266,116.2,1.17
4269,9386,383.1418832,1.17
4270,2643,2495.218858,1.17
4270,4138,650.3492339,1.17
4271,2902,794.6321074,1.17
4271,4272,685.1813315,1.17
4271,9374,0.0,1.17
4272,3393,366.1528266,1.17
4272,4271,794.6321074,1.17
4272,11839,319.0285048,1.17
4273,1720,109.35,1.17
4273,2304,543.5792947,1.17
4273,4274,1.04,1.17
4273,11981,282.4997259,1.17
4274,4273,0.56,1.17
4274,4276,1.04,1.17
4274,4277,0.0,1.17
4275,3393,174.4814952,1.17
4275,4276,0.0,1.17
4275,11981,215.74,1.17
4276,3610,1.04,1.17
4276,4274,0.56,1.17
4276,4275,0.0,1.17
4277,2909,357.1698677,1.17
4277,4274,0.0,1.17
4277,4278,96.19,1.17
4278,3650,97.29,1.17
4278,4277,357.1698677,1.17
4278,4279,0.95,1.17
4279,4278,215.6498677,1.17
4279,4291,156.6728629,1.17
4279,11840,256.3312629,1.17
4280,4294,548.7378071,1.17
4280,11948,501.9751415,1.17
4281,4218,0.0,1.17
4281,5431,378.9256187,1.17
4281,11839,350.988862,1.17
4282,2919,190.1004972,1.17
4282,4650,0.0,1.17
4282,11948,127.5983736,1.17
4283,2678,1158.745633,1.17
4283,4151,1424.203688,1.17
4283,4270,2303.620992,1.17
4283,4783,0.0,1.17
4284,4285,122.3658003,1.17
4284,4289,813.0587347,1.17
4284,11976,679.00067,1.17
4285,1721,28.64,1.17
4285,4264,400.213926,1.17
4285,4284,56.39,1.17
4285,4286,150.5260126,1.17
4285,4290,36.7,1.17
4286,2854,8.1,1.17
4286,4285,266.3281257,1.17
4286,11977,168.6560126,1.17
4287,4165,1985.803537,1.17
4287,4283,2389.442737,1.17
4288,2868,299.7123714,1.17
4288,4658,305.0931489,1.17
4288,10162,94.42461803,1.17
4288,11977,49.78375554,1.17
4289,4284,622.61067,1.17
4289,4290,0.0,1.17
4289,4291,813.0587347,1.17
4290,4285,98.57,1.17
4290,4289,0.0,1.17
4290,4292,36.7,1.17
4290,9399,0.0,1.17
4291,4279,257.4312629,1.17
4291,4289,622.61067,1.17
4291,4292,113.7523302,1.17
4291,4294,475.7751415,1.17
4292,4290,98.57,1.17
4292,4291,26.95,1.17
4292,4294,26.2,1.17
4292,9399,91.03233024,1.17
4293,2919,109.7983736,1.17
4293,2943,169.8104972,1.17
4294,4280,501.9751415,1.17
4294,4291,472.8878071,1.17
4294,4292,75.85,1.17
4295,4061,1208.214467,1.17
4295,6629,1585.623134,1.17
4295,6660,475.1683919,1.17
4296,2695,1162.507152,1.17
4296,4287,1935.577616,1.17
4297,2796,0.0,1.17
4297,9910,90.7,1.17
4298,4065,3175.652945,1.17
4298,4081,2636.979953,1.17
4298,4299,1179.33164,1.17
4299,2465,166.9417541,1.17
4299,2791,526.2122934,1.17
4299,4300,1432.99164,1.17
4300,4061,362.9295872,1.17
4300,4301,1669.862983,1.17
4300,4796,392.3263614,1.17
4301,4056,1673.289993,1.17
4301,4302,1678.68445,1.17
4302,2789,2429.873257,1.17
4302,4303,1592.173264,1.17
4303,2463,1466.845433,1.17
4303,2788,1860.106558,1.17
4303,4304,1694.959891,1.17
4304,2793,1576.447632,1.17
4304,4053,807.7138217,1.17
4304,4793,1030.019425,1.17
4305,6763,1526.652828,1.17
4305,8756,938.0294117,1.17
4305,8758,1808.45397,1.17
4305,10352,791.9055482,1.17
4306,4217,786.2470807,1.17
4306,4235,252.25,1.17
4306,4243,769.2349291,1.17
4306,9333,0.0,1.17
4307,2799,401.9483714,1.17
4307,4726,775.0388992,1.17
4308,4309,2146.947517,1.17
4308,4563,625.5458612,1.17
4309,4260,1931.824751,1.17
4309,4565,215.1227657,1.17
4310,4311,1357.641424,1.17
4310,4567,135.8796103,1.17
4311,4568,0.0,1.17
4311,10355,1952.400201,1.17
4312,2467,70.15,1.17
4312,4313,0.0,1.17
4312,4572,0.0,1.17
4313,2641,0.0,1.17
4313,4312,48.9,1.17
4313,4569,392.5208356,1.17
4314,4315,760.2548442,1.17
4314,4399,93.06,1.17
4314,4421,233.26,1.17
4315,4314,285.76,1.17
4315,4571,398.6809414,1.17
4315,4735,1030.614101,1.17
4316,4317,889.0031027,1.17
4316,4320,14705.93088,1.17
4317,4456,1839.025222,1.17
4318,4317,950.0221195,1.17
4318,4319,868.3090586,1.17
4319,4571,15089.39855,1.17
4320,4321,0.0,1.17
4320,4579,14705.93088,1.17
4321,4322,779.8343535,1.17
4322,2642,505.1043535,1.17
4322,4323,274.73,1.17
4323,4319,14221.08949,1.17
4324,85,93.83,1.17
4324,4325,130.7812848,1.17
4324,4335,1586.798539,1.17
4324,4341,215.72,1.17
4325,2468,829.9357957,1.17
4325,4324,9.625044507,1.17
4325,4326,116.5390146,1.17
4325,4481,804.4340822,1.17
4326,2804,256.8539243,1.17
4326,2807,351.495912,1.17
4326,4325,0.0,1.17
4326,7881,250.77,1.17
4327,2816,48.9,1.17
4327,4328,696.8569811,1.17
4327,12952,653.5921858,1.17
4328,115,523.01,1.17
4328,4327,653.5921858,1.17
4328,6924,192.6180985,1.17
4328,6929,921.6769811,1.17
4328,9343,276.39,1.17
4329,117,299.83,1.17
4329,4613,328.61,1.17
4329,7024,838.2423101,1.17
4329,10359,760.4018745,1.17
4330,2811,632.6562957,1.17
4330,4332,718.385726,1.17
4330,7871,491.1106767,1.17
4331,2820,938.2931857,1.17
4331,2822,1769.007473,1.17
4332,2812,781.6433508,1.17
4332,4330,0.0,1.17
4332,4334,620.6006768,1.17
4332,8201,1531.307006,1.17
4333,4330,0.0,1.17
4333,4334,1419.662838,1.17
4333,7866,2814.726687,1.17
4334,2813,1419.662838,1.17
4334,4331,0.0,1.17
4334,4333,2814.726687,1.17
4335,4336,1295.278442,1.17
4335,4340,71.0117683,1.17
4335,4481,531.9847534,1.17
4336,90,49.32,1.17
4336,4339,78.1,1.17
4336,4740,1224.998442,1.17
4337,2528,442.6771336,1.17
4337,4338,1514.496928,1.17
4337,4744,243.1564325,1.17
4338,96,42.3,1.17
4338,2518,691.1593765,1.17
4338,4339,1674.794197,1.17
4338,4740,1597.716397,1.17
4339,4336,19.06,1.17
4339,4340,1660.234197,1.17
4339,9330,73.61,1.17
4340,2676,393.4817692,1.17
4340,4335,246.02,1.17
4340,4341,1656.614196,1.17
4341,2675,294.29,1.17
4341,2870,1807.609726,1.17
4341,4324,368.3768766,1.17
4342,4482,2161.910233,1.17
4342,4483,626.8942311,1.17
4343,4342,2788.804464,1.17
4344,91,145.83,1.17
4344,4485,1971.758968,1.17
4344,9330,48.53,1.17
4345,2458,589.1188992,1.17
4345,2459,377.2669058,1.17
4345,4726,1061.978657,1.17
4345,10352,769.5982443,1.17
4346,7131,15.69,1.17
4346,8023,35.56,1.17
4346,8053,76.07,1.17
4347,2702,2130.208613,1.17
4347,10356,948.4139303,1.17
4348,7351,410.424898,1.17
4348,7424,859.4387672,1.17
4348,10372,368.2944908,1.17
4349,4363,1292.351474,1.17
4350,4351,1551.271287,1.17
4350,8075,5543.994164,1.17
4351,4350,2022.909035,1.17
4351,8067,5652.478812,1.17
4352,4353,1769.039978,1.17
4352,10103,6660.702988,1.17
4353,4352,1968.35,1.17
4353,8414,6208.27259,1.17
4354,4356,929.7587803,1.17
4354,4358,5730.944207,1.17
4355,10102,6124.11656,1.17
4356,4357,1231.880869,1.17
4356,10373,2169.829037,1.17
4357,4355,372.51,1.17
4357,4356,1240.070256,1.17
4357,7459,859.3708685,1.17
4358,4360,3605.21039,1.17
4358,4361,2125.733817,1.17
4359,4355,5751.60656,1.17
4360,4359,2090.733697,1.17
4360,7440,9822.692628,1.17
4361,4359,3660.872862,1.17
4361,7541,7571.491467,1.17
4362,124,11.11,1.17
4362,7440,183.4,1.17
4362,7441,65.19,1.17
4362,7459,909.5405938,1.17
4363,77,1304.32,1.17
4363,4374,377.79,1.17
4363,4435,1645.702383,1.17
4364,7424,763.834898,1.17
4365,4556,1542.017942,1.17
4365,9234,1406.883844,1.17
4365,9236,52.90945706,1.17
4366,4441,1134.377164,1.17
4366,4445,907.3949028,1.17
4366,4453,0.0,1.17
4367,2797,0.0,1.17
4368,4367,0.0,1.17
4368,6660,1474.665052,1.17
4368,10349,1305.838345,1.17
4369,4370,1196.795461,1.17
4369,7573,543.3179314,1.17
4369,10381,464.8315409,1.17
4370,4371,888.082998,1.17
4370,7572,1814.190067,1.17
4370,7574,604.7203219,1.17
4371,4372,262.04,1.17
4371,7526,854.58,1.17
4371,10377,862.0707929,1.17
4372,7525,1580.457913,1.17
4372,7538,1576.250427,1.17
4373,2565,1494.350087,1.17
4373,8023,65.87,1.17
4373,8058,79.88,1.17
4374,2759,2865.132011,1.17
4374,4437,2824.31119,1.17
4375,7568,1750.687076,1.17
4375,8422,1774.831023,1.17
4375,10376,495.6206336,1.17
4375,10380,158.0512327,1.17
4376,2485,0.0,1.17
4376,4381,0.0,1.17
4376,4393,0.0,1.17
4376,7485,92.57,1.17
4377,7296,420.87,1.17
4377,7495,193.1258904,1.17
4377,7513,120.66,1.17
4377,10376,403.1970854,1.17
4378,7559,1887.745349,1.17
4378,7560,1609.291453,1.17
4378,7561,58.53,1.17
4379,2848,3067.815282,1.17
4379,10616,2409.578197,1.17
4380,7457,845.7958435,1.17
4380,10609,570.1489433,1.17
4380,10615,875.3216996,1.17
4381,4376,92.57,1.17
4381,7486,8199.83526,1.17
4382,4383,690.6338606,1.17
4382,7056,922.6093606,1.17
4382,7060,1135.542715,1.17
4382,10609,758.7256875,1.17
4383,4382,576.9766299,1.17
4383,4384,1429.423375,1.17
4383,7010,2081.352841,1.17
4383,7055,2859.172138,1.17
4384,4383,1187.972338,1.17
4384,4385,1514.819128,1.17
4384,7005,547.9235566,1.17
4384,7009,737.178206,1.17
4385,4384,1322.009526,1.17
4385,7006,1360.439734,1.17
4385,7008,1544.858859,1.17
4385,10603,2261.880552,1.17
4386,4387,708.3717197,1.17
4386,7006,1356.577044,1.17
4386,7894,869.3637631,1.17
4386,7895,349.0651784,1.17
4387,4386,1068.274932,1.17
4387,6895,708.3717197,1.17
4388,4390,575.9873932,1.17
4388,6894,1130.061842,1.17
4388,6895,829.6856398,1.17
4388,6901,687.2785994,1.17
4389,4390,601.8999515,1.17
4389,6893,726.6250868,1.17
4390,2835,566.8399114,1.17
4390,4388,588.7422946,1.17
4390,4391,600.6581769,1.17
4391,4389,726.6250868,1.17
4391,4390,578.3530382,1.17
4391,4392,669.2248919,1.17
4392,4391,577.8679574,1.17
4392,6892,1581.948663,1.17
4392,6896,1201.923219,1.17
4392,10591,782.5966797,1.17
4393,4376,0.0,1.17
4393,4453,8523.624811,1.17
4394,4395,619.9924007,1.17
4394,6722,492.5730205,1.17
4394,6725,509.8474042,1.17
4394,10591,773.5864613,1.17
4395,4394,789.9474787,1.17
4395,4396,695.9427956,1.17
4395,6341,583.4670179,1.17
4395,6363,466.7488634,1.17
4396,2427,631.4049681,1.17
4396,4395,824.8608764,1.17
4396,4397,668.2627956,1.17
4396,6363,714.7587585,1.17
4397,4396,824.8608764,1.17
4397,4398,831.5481718,1.17
4397,6336,554.7642124,1.17
4397,6354,621.6138308,1.17
4398,4397,927.5159515,1.17
4398,6333,2098.993112,1.17
4398,6347,1926.340634,1.17
4398,10579,1059.439996,1.17
4399,2467,662.4474498,1.17
4399,4314,74.87,1.17
4399,4456,435.625333,1.17
4399,9343,98.76276552,1.17
4400,6196,657.6740399,1.17
4400,6198,608.1800567,1.17
4400,9014,1193.469825,1.17
4400,10579,987.3472523,1.17
4401,3723,0.0,1.17
4401,4418,0.0,1.17
4401,4420,0.0,1.17
4401,4564,0.0,1.17
4402,2453,424.7239459,1.17
4402,4403,169.0062971,1.17
4402,8351,500.0716455,1.17
4403,2453,565.8023818,1.17
4403,4402,0.0,1.17
4403,4404,312.7245275,1.17
4403,8352,205.6244792,1.17
4404,4403,319.0623818,1.17
4404,4405,472.0624168,1.17
4404,6369,947.3462403,1.17
4404,8355,1318.352068,1.17
4405,4404,480.4615268,1.17
4405,4406,452.2373225,1.17
4405,8356,382.6237974,1.17
4405,10586,511.5654391,1.17
4406,4405,537.6885714,1.17
4406,6368,1961.703633,1.17
4406,8357,1934.976706,1.17
4406,10580,560.810275,1.17
4407,2649,980.0242215,1.17
4407,4457,1619.71743,1.17
4408,4409,644.0284308,1.17
4408,8798,908.4777374,1.17
4408,8819,854.0037305,1.17
4408,10580,548.6411581,1.17
4409,4408,575.1306719,1.17
4409,8358,543.4634536,1.17
4409,8798,460.87,1.17
4409,10574,603.49137,1.17
4410,2769,1431.488031,1.17
4410,4414,2224.231483,1.17
4410,4682,1025.387785,1.17
4410,4786,0.0,1.17
4411,4412,561.8443408,1.17
4411,5947,967.1926863,1.17
4411,5971,1088.733841,1.17
4411,8014,851.7018626,1.17
4412,4411,566.8699932,1.17
4412,4413,540.6306032,1.17
4412,5814,1902.568618,1.17
4412,8787,2722.027179,1.17
4413,4412,566.8699932,1.17
4413,5804,2198.277036,1.17
4413,5807,1548.162502,1.17
4413,10562,788.1815906,1.17
4414,81,2780.67,1.17
4414,2768,1992.106538,1.17
4414,4416,2014.938326,1.17
4415,5580,1103.661587,1.17
4415,8979,803.0687612,1.17
4415,10556,811.6294311,1.17
4416,4417,1493.142389,1.17
4416,4467,1629.888283,1.17
4417,2766,627.1868607,1.17
4417,4419,1625.952308,1.17
4417,4470,513.0379519,1.17
4418,3694,1523.083969,1.17
4418,4401,0.0,1.17
4418,7550,0.0,1.17
4418,11119,1379.218254,1.17
4419,2763,1050.545506,1.17
4419,10361,2525.597718,1.17
4420,3804,877.3523534,1.17
4420,4401,0.0,1.17
4420,11125,556.8878405,1.17
4421,4314,725.9448442,1.17
4421,4316,15594.93398,1.17
4422,5849,224.9936415,1.17
4422,8779,581.2702603,1.17
4422,9021,593.0468784,1.17
4423,7990,561.7791291,1.17
4423,8300,396.0380642,1.17
4424,3885,1.41,1.17
4424,4463,0.0,1.17
4424,11121,127.8613967,1.17
4424,12571,0.0,1.17
4425,4426,523.0925951,1.17
4425,6718,462.3733024,1.17
4425,9634,717.0863618,1.17
4426,4425,550.1519664,1.17
4426,6298,917.6708474,1.17
4426,8383,987.7724624,1.17
4426,10584,787.4953836,1.17
4427,2764,938.442987,1.17
4428,4429,1698.265477,1.17
4428,6282,1112.809001,1.17
4428,6285,1677.176815,1.17
4428,6286,824.3626106,1.17
4429,4428,1582.376288,1.17
4429,6282,144.67,1.17
4429,8386,1866.809502,1.17
4429,10584,782.7348599,1.17
4430,5794,1058.935575,1.17
4430,7973,586.1631958,1.17
4430,10566,1235.299667,1.17
4431,2084,0.0,1.17
4431,8371,438.3898417,1.17
4431,8696,131.7680829,1.17
4431,10607,429.7702508,1.17
4432,5501,1638.703542,1.17
4432,5507,1162.715705,1.17
4432,10558,1773.056646,1.17
4433,7451,384.1033448,1.17
4433,10606,1321.145506,1.17
4433,10612,749.6803103,1.17
4434,6130,625.7537486,1.17
4434,8648,773.2684772,1.17
4434,10569,697.7061402,1.17
4434,10575,971.1112679,1.17
4435,2761,1259.860657,1.17
4435,4427,938.442987,1.17
4436,5861,874.9447149,1.17
4436,5864,670.4033943,1.17
4436,10563,887.7815151,1.17
4436,10569,748.8283149,1.17
4437,2760,2271.709928,1.17
4437,4374,2487.342011,1.17
4437,4435,552.6012615,1.17
4438,4439,838.2794412,1.17
4438,5747,613.5853538,1.17
4438,8524,757.7486954,1.17
4438,10563,626.4531744,1.17
4439,4438,403.89,1.17
4439,5489,759.7787614,1.17
4439,8522,1219.014439,1.17
4439,10557,1215.243325,1.17
4440,4442,749.7609304,1.17
4440,6908,2367.404583,1.17
4440,7036,2567.585813,1.17
4440,10120,577.3448653,1.17
4441,2485,1482.00666,1.17
4441,2760,1096.981146,1.17
4441,4366,907.3949028,1.17
4441,4474,1463.323358,1.17
4442,4440,406.9796976,1.17
4442,4446,6.318432077,1.17
4442,10877,743.4424983,1.17
4443,4444,169.2315679,1.17
4443,6908,2551.45183,1.17
4443,7546,2139.903375,1.17
4444,4443,55.12,1.17
4444,7527,454.9511604,1.17
4444,10877,725.4127192,1.17
4445,4366,0.0,1.17
4445,4381,8292.40526,1.17
4446,4442,0.0,1.17
4446,10871,1628.394637,1.17
4446,10877,91.98136229,1.17
4446,12551,1821.310208,1.17
4447,4448,1224.467279,1.17
4447,4451,1522.742807,1.17
4447,12511,1175.558449,1.17
4447,12512,1391.29062,1.17
4448,4447,1361.324756,1.17
4448,4449,515.1768322,1.17
4448,8541,476.7271262,1.17
4448,10851,347.19,1.17
4449,4448,397.2069292,1.17
4449,4450,77.79841597,1.17
4449,4454,764.1485001,1.17
4449,12457,416.3766463,1.17
4450,4449,127.5090007,1.17
4450,4455,414.3890275,1.17
4450,10846,558.6580635,1.17
4451,4447,1631.842365,1.17
4451,4452,545.3782693,1.17
4451,10850,1968.863653,1.17
4452,10851,724.3145961,1.17
4452,12452,600.5837074,1.17
4453,4366,1134.377164,1.17
4453,4477,7389.247647,1.17
4454,4449,608.8846586,1.17
4454,4455,1127.516417,1.17
4454,10851,722.6637862,1.17
4454,12453,474.7402328,1.17
4455,4450,489.4673697,1.17
4455,4454,802.2313054,1.17
4455,10839,774.9067694,1.17
4455,12453,139.74,1.17
4456,2468,1089.518436,1.17
4456,4399,668.1502153,1.17
4456,6933,1219.6877,1.17
4457,2674,1978.146291,1.17
4457,10360,2474.379904,1.17
4458,4460,230.5590275,1.17
4458,6256,623.1863349,1.17
4458,8531,1222.32528,1.17
4458,10847,590.4229031,1.17
4459,4460,2390.021776,1.17
4459,10847,307.8244425,1.17
4459,12462,1607.088726,1.17
4460,4458,180.0869499,1.17
4460,4459,1630.550119,1.17
4460,10841,2209.934826,1.17
4461,4414,2072.623381,1.17
4461,4682,1728.08928,1.17
4462,2081,11827.48092,1.17
4463,4424,0.0,1.17
4463,4464,0.0,1.17
4463,11126,1463.899376,1.17
4463,11132,564.810328,1.17
4464,3804,0.0,1.17
4464,4463,0.0,1.17
4464,7299,0.0,1.17
4465,4466,0.0,1.17
4465,7299,698.7719769,1.17
4465,11131,250.16,1.17
4466,3747,274.59,1.17
4466,4465,0.0,1.17
4466,11125,524.6278703,1.17
4467,2772,1370.190124,1.17
4467,4461,1627.608305,1.17
4468,8953,743.5057227,1.17
4468,8955,554.6349195,1.17
4468,10827,2075.790538,1.17
4468,10833,2372.552665,1.17
4469,8954,418.1643748,1.17
4469,8955,467.9416116,1.17
4469,10820,1078.730268,1.17
4470,2773,507.5101743,1.17
4470,4417,603.3645533,1.17
4470,4467,1367.910146,1.17
4471,10362,1016.739815,1.17
4472,10824,1080.029918,1.17
4472,11068,2214.214371,1.17
4472,11074,1191.384176,1.17
4473,2779,3610.997321,1.17
4473,4474,1053.177035,1.17
4473,4534,2974.113039,1.17
4474,84,682.52,1.17
4474,2801,0.0,1.17
4474,4441,1655.638495,1.17
4474,4473,1116.315676,1.17
4474,4543,2132.278512,1.17
4475,3980,2674.131923,1.17
4475,9767,3911.886132,1.17
4475,11066,152.844922,1.17
4475,11067,469.1249701,1.17
4476,2801,942.3863768,1.17
4476,4445,7385.010358,1.17
4477,2801,426.5290299,1.17
4477,4549,6962.718617,1.17
4478,3943,853.8143764,1.17
4478,11054,609.3166473,1.17
4478,12353,906.0266479,1.17
4479,4480,215.18,1.17
4479,8343,447.12,1.17
4479,8346,434.8002732,1.17
4480,4479,547.5202732,1.17
4480,11323,760.3102929,1.17
4481,4325,825.31857,1.17
4481,4335,65.45642477,1.17
4481,7881,1198.695149,1.17
4481,10363,1451.118266,1.17
4482,2673,2177.130233,1.17
4482,2675,473.8417702,1.17
4483,4587,5435.34496,1.17
4484,4343,798.8057787,1.17
4484,4500,5731.73813,1.17
4485,2676,585.99,1.17
4485,4343,1989.998685,1.17
4485,4501,216.9220525,1.17
4486,6334,422.2516563,1.17
4486,11051,1360.775512,1.17
4486,11052,784.4955086,1.17
4486,11057,1029.577736,1.17
4487,2770,981.9929739,1.17
4487,2782,5.23,1.17
4487,4482,292.0217702,1.17
4488,4085,1977.509412,1.17
4488,6364,556.5610426,1.17
4488,11069,698.8146259,1.17
4488,12424,676.2087422,1.17
4489,4085,1500.166244,1.17
4489,9764,281.5241024,1.17
4489,11070,1928.20531,1.17
4490,4491,1937.860114,1.17
4490,8111,1146.478113,1.17
4491,2095,856.6376736,1.17
4491,4490,804.6281134,1.17
4491,11327,1451.01758,1.17
4492,4683,1409.838105,1.17
4492,8122,503.9375941,1.17
4493,2742,8.15,1.17
4493,3963,388.3132539,1.17
4493,11079,794.8074594,1.17
4494,2771,2406.217159,1.17
4494,4487,622.3169777,1.17
4495,2743,11.45,1.17
4495,3924,314.6346723,1.17
4495,11080,1705.890015,1.17
4495,12438,1956.92057,1.17
4496,3832,1199.998778,1.17
4496,4531,0.0,1.17
4496,11131,1306.794495,1.17
4497,2897,486.7036367,1.17
4497,11093,1061.022538,1.17
4497,12425,1634.626128,1.17
4498,2897,109.82,1.17
4498,3572,540.1547757,1.17
4498,11088,118.55,1.17
4498,12427,575.9988751,1.17
4499,4483,4808.450729,1.17
4500,2785,931.2571493,1.17
4500,4512,4148.783214,1.17
4500,4750,651.6977664,1.17
4501,2782,0.0,1.17
4501,2785,796.3376781,1.17
4501,4485,401.06,1.17
4501,4513,148.1270472,1.17
4502,3530,584.2415611,1.17
4502,4503,353.1679138,1.17
4502,11084,684.6864777,1.17
4502,11096,437.5922431,1.17
4503,3317,3374.307152,1.17
4503,4502,203.9498026,1.17
4503,12439,3889.65627,1.17
4504,4508,1018.538325,1.17
4504,7297,1736.620166,1.17
4504,11103,2583.042295,1.17
4504,12540,1750.069933,1.17
4505,87,648.9,1.17
4505,4494,1300.939309,1.17
4505,4512,1718.562969,1.17
4506,4507,438.36,1.17
4506,8615,366.69,1.17
4506,11103,305.4077047,1.17
4507,2211,7776.762824,1.17
4508,4509,1018.538325,1.17
4509,2428,1018.538325,1.17
4510,4511,1037.174782,1.17
4511,8582,1037.174782,1.17
4512,4499,4808.450729,1.17
4512,4513,830.9677074,1.17
4512,4517,3435.325507,1.17
4513,92,57.56,1.17
4513,4501,1123.372673,1.17
4513,4512,277.0950559,1.17
4513,4519,977.5847546,1.17
4514,4505,1307.562154,1.17
4514,4517,2669.755485,1.17
4515,4516,47.76909313,1.17
4515,8967,0.0,1.17
4515,10862,0.0,1.17
4516,4515,0.0,1.17
4516,8968,1828.713499,1.17
4516,10857,1355.974561,1.17
4517,2781,4290.606492,1.17
4517,4512,2930.302704,1.17
4517,4519,1302.232026,1.17
4518,10882,439.23,1.17
4518,12587,1359.458002,1.17
4518,12588,1412.690033,1.17
4519,2491,833.2420083,1.17
4519,4513,1355.007729,1.17
4519,9345,1442.744772,1.17
4520,2780,505.6949724,1.17
4521,2781,4127.707402,1.17
4521,4524,1931.471687,1.17
4521,4530,1859.661179,1.17
4522,2146,1548.057544,1.17
4522,8614,1634.474124,1.17
4523,3465,4571.130423,1.17
4524,2491,298.440768,1.17
4524,2494,1781.222254,1.17
4524,4521,2062.830494,1.17
4524,4533,1297.566048,1.17
4525,4520,505.6949724,1.17
4525,4530,1407.322177,1.17
4526,4528,348.179386,1.17
4526,12217,783.8574931,1.17
4526,12321,976.2989439,1.17
4527,4528,1148.277713,1.17
4527,7921,10098.82026,1.17
4528,4526,1031.448478,1.17
4528,5085,1496.457099,1.17
4529,10828,432.3870192,1.17
4529,12368,1857.887204,1.17
4529,12369,418.2978276,1.17
4529,12407,2297.622689,1.17
4530,89,669.82,1.17
4530,4521,2581.489262,1.17
4530,4533,730.7930548,1.17
4530,4540,1597.711179,1.17
4531,3883,0.0,1.17
4531,4496,0.0,1.17
4531,4535,0.0,1.17
4532,10906,1632.292162,1.17
4532,10912,577.7251171,1.17
4533,2495,1105.51732,1.17
4533,4524,1282.7433,1.17
4533,4542,588.1460167,1.17
4534,4473,2903.330193,1.17
4534,4525,570.2297619,1.17
4534,4540,2689.094732,1.17
4535,3884,0.0,1.17
4535,4531,0.0,1.17
4535,4707,0.0,1.17
4536,2233,1353.17363,1.17
4536,4546,57.05,1.17
4536,10896,2066.643529,1.17
4537,2376,1615.048024,1.17
4537,4545,782.9538216,1.17
4537,10902,773.5280526,1.17
4537,12639,82.46684653,1.17
4538,2346,2620.634201,1.17
4538,4539,2652.002083,1.17
4539,2347,2652.002083,1.17
4539,4538,2620.634201,1.17
4540,4530,1703.62014,1.17
4540,4534,2942.536227,1.17
4540,4542,1701.186254,1.17
4540,7511,193.2037015,1.17
4541,3226,668.3627093,1.17
4541,12570,1052.605384,1.17
4541,12571,299.3372454,1.17
4541,12572,273.7777137,1.17
4542,4533,190.2600906,1.17
4542,4540,1556.072901,1.17
4542,7511,851.7226742,1.17
4542,10365,2789.859641,1.17
4543,4474,1028.886883,1.17
4543,4544,1779.970724,1.17
4543,7511,1489.18442,1.17
4544,95,137.6,1.17
4544,4543,1120.837139,1.17
4544,4547,0.0,1.17
4544,9325,2875.273617,1.17
4544,10365,673.2340906,1.17
4545,4537,762.2375886,1.17
4545,4546,1073.369065,1.17
4545,11146,1229.158066,1.17
4546,4536,73.9,1.17
4546,4545,978.7732272,1.17
4546,4552,500.1490649,1.17
4546,11139,730.3358232,1.17
4547,4544,1557.947021,1.17
4547,4548,0.0,1.17
4547,4549,0.0,1.17
4548,4476,8327.396734,1.17
4548,4547,1557.947021,1.17
4549,4547,0.0,1.17
4549,4557,6962.718617,1.17
4550,2851,1170.380511,1.17
4550,4613,1243.481066,1.17
4550,7025,1998.29391,1.17
4550,7032,621.7435786,1.17
4551,2885,2501.351994,1.17
4551,11146,399.17,1.17
4551,11152,153.0953497,1.17
4551,12657,2144.755367,1.17
4552,2884,2900.094022,1.17
4552,3213,3982.659462,1.17
4552,4546,754.0965653,1.17
4552,11151,472.62,1.17
4553,4561,714.2578835,1.17
4553,11150,197.12,1.17
4553,12657,563.5296327,1.17
4554,2528,734.5390847,1.17
4554,4642,1902.888968,1.17
4554,10364,368.1088407,1.17
4555,2507,2.22,1.17
4555,4556,1150.500142,1.17
4555,9236,864.0745899,1.17
4555,10364,505.6105514,1.17
4556,2514,2907.407219,1.17
4556,4365,1406.883844,1.17
4556,4555,978.7115788,1.17
4556,9238,851.8885352,1.17
4557,10107,9837.992233,1.17
4558,4307,790.6872706,1.17
4558,4692,14359.16679,1.17
4559,2258,1037.746822,1.17
4559,2881,148.9491833,1.17
4559,12808,478.4394691,1.17
4560,2799,264.1,1.17
4560,4565,16523.01546,1.17
4561,4553,457.4096327,1.17
4561,4562,813.0331707,1.17
4561,11043,524.8003673,1.17
4562,2883,832.8831707,1.17
4562,4561,982.21,1.17
4562,11042,24.13,1.17
4562,11150,69.7,1.17
4563,4308,433.5440973,1.17
4563,4558,15149.85406,1.17
4564,3701,141.1725936,1.17
4564,4401,0.0,1.17
4564,11119,495.9378703,1.17
4564,11125,340.12,1.17
4565,4309,0.0,1.17
4565,4567,16738.13823,1.17
4566,2879,1239.464603,1.17
4566,4574,0.0,1.17
4566,7068,0.0,1.17
4566,11148,2102.972966,1.17
4567,4310,765.1490116,1.17
4567,4572,16108.86882,1.17
4568,4311,594.7587774,1.17
4568,4563,14957.85229,1.17
4569,4313,0.0,1.17
4569,4568,15552.61107,1.17
4570,4010,225.27,1.17
4570,6753,295.5420109,1.17
4570,11117,107.22,1.17
4570,11123,20.12215949,1.17
4571,4315,327.989257,1.17
4571,4569,15160.09023,1.17
4572,4312,21.25,1.17
4572,4421,16087.61882,1.17
4573,4574,321.2671642,1.17
4573,7075,7.11,1.17
4573,11042,0.0,1.17
4574,4566,2.98,1.17
4574,4573,7.11,1.17
4574,7291,318.2871642,1.17
4575,4010,236.6920109,1.17
4575,11200,1607.675614,1.17
4575,12561,792.963118,1.17
4576,4589,1570.818128,1.17
4576,4610,0.0,1.17
4576,10006,48.19543078,1.17
4576,11233,1722.459059,1.17
4577,4578,95.44,1.17
4577,11695,923.6977774,1.17
4577,12930,346.08,1.17
4578,2274,0.0,1.17
4578,4577,92.44,1.17
4578,11698,95.44,1.17
4579,4587,614.2493353,1.17
4579,4607,189.1082317,1.17
4579,4630,16262.72459,1.17
4580,2857,2810.444212,1.17
4580,7421,2182.787483,1.17
4580,9838,0.0,1.17
4580,11823,775.8444598,1.17
4581,2696,821.8911568,1.17
4581,3913,539.1008837,1.17
4581,3914,406.3441735,1.17
4581,11692,923.2864477,1.17
4582,3914,230.0939822,1.17
4582,4583,406.3441735,1.17
4582,6488,0.0,1.17
4583,4582,230.0939822,1.17
4583,4584,560.9642711,1.17
4583,6489,383.1660178,1.17
4584,4583,613.26,1.17
4584,6490,1270.729138,1.17
4584,11693,1151.418296,1.17
4585,6491,0.0,1.17
4585,10029,1681.313847,1.17
4585,11693,597.3297733,1.17
4586,6491,0.0,1.17
4586,6755,144.7601682,1.17
4586,6760,0.0,1.17
4586,11206,168.958569,1.17
4587,4579,0.0,1.17
4587,4590,0.0,1.17
4587,7883,9237.389204,1.17
4588,5781,268.0764536,1.17
4588,7051,5.14,1.17
4588,11206,7.33,1.17
4589,3912,518.8750582,1.17
4589,4576,1678.306018,1.17
4589,7423,2033.068128,1.17
4589,11204,1624.703192,1.17
4590,4323,13946.35949,1.17
4590,4587,3187.794908,1.17
4590,4607,0.0,1.17
4591,4592,1785.040251,1.17
4591,4595,103.7,1.17
4591,6489,154.6200977,1.17
4591,11205,1726.5055,1.17
4592,4591,1447.039482,1.17
4592,4596,1592.169188,1.17
4592,7013,1957.108718,1.17
4592,12633,735.2141928,1.17
4593,3845,742.926878,1.17
4593,9816,312.313122,1.17
4593,11204,564.8730766,1.17
4594,3845,905.0891161,1.17
4594,4595,561.9399592,1.17
4594,9819,1071.25699,1.17
4594,11205,252.0708839,1.17
4595,4591,43.99953553,1.17
4595,4594,529.5140146,1.17
4595,9819,0.0,1.17
4595,11203,517.9404236,1.17
4596,4592,907.28266,1.17
4596,7054,252.1827463,1.17
4596,11203,1597.309188,1.17
4597,3835,1610.642294,1.17
4597,3873,1070.63,1.17
4597,9816,0.0,1.17
4598,4599,459.9493993,1.17
4598,11199,1897.754116,1.17
4598,11202,866.5793013,1.17
4599,3479,2608.825764,1.17
4599,4598,318.1444734,1.17
4599,4600,0.0,1.17
4599,7543,1311.602541,1.17
4600,4599,0.0,1.17
4600,12557,0.0,1.17
4600,12598,0.0,1.17
4601,1574,17.11,1.17
4601,4618,0.07,1.17
4601,7415,0.02,1.17
4601,11694,1769.430395,1.17
4601,11696,1630.930425,1.17
4602,4603,1920.32521,1.17
4602,7528,434.7344262,1.17
4602,10086,1695.35707,1.17
4603,1571,1.07,1.17
4603,4602,1294.771637,1.17
4603,4604,1117.038506,1.17
4603,4620,804.5567044,1.17
4604,4603,688.1528295,1.17
4604,4605,341.0168081,1.17
4604,11822,1117.038506,1.17
4605,4604,0.0,1.17
4605,4606,200.61,1.17
4605,7427,48.82505815,1.17
4605,9838,341.0168081,1.17
4606,4605,48.82505815,1.17
4606,10082,349.0747664,1.17
4606,10083,250.3300508,1.17
4606,11823,380.4251556,1.17
4607,4484,6530.543909,1.17
4607,4579,2360.151279,1.17
4607,4590,158.5,1.17
4608,4609,421.9354308,1.17
4608,4626,252.51257,1.17
4608,6492,0.0,1.17
4608,10006,212.173791,1.17
4609,4608,464.686361,1.17
4609,4625,376.5263772,1.17
4609,11692,961.1721167,1.17
4610,4576,0.0,1.17
4610,4611,77.73,1.17
4610,11233,95.75521404,1.17
4611,4610,95.75521404,1.17
4611,10009,285.55,1.17
4611,11204,683.6150582,1.17
4611,11810,1034.383192,1.17
4612,3687,337.3229283,1.17
4612,11198,322.0094324,1.17
4612,11801,320.0642792,1.17
4612,12595,8.35,1.17
4613,2850,959.3265447,1.17
4613,4329,542.202764,1.17
4613,4550,1219.712579,1.17
4613,10363,1491.758966,1.17
4614,9150,2249.62689,1.17
4614,11198,879.12,1.17
4614,12653,1168.801139,1.17
4615,11227,1055.081139,1.17
4615,11801,1293.951449,1.17
4615,11811,724.51,1.17
4615,12595,1998.47513,1.17
4616,4590,16975.6544,1.17
4617,6405,206.39,1.17
4617,11788,1487.228568,1.17
4617,11802,1405.496845,1.17
4618,4601,0.94,1.17
4618,4868,0.07,1.17
4618,11694,12.39,1.17
4619,1570,0.38,1.17
4619,2965,407.7244262,1.17
4619,4620,0.0,1.17
4619,7528,391.6554324,1.17
4620,4603,604.238808,1.17
4620,4619,0.0,1.17
4620,4623,804.5567044,1.17
4621,2965,0.0,1.17
4621,4629,27.3,1.17
4621,7528,21.3,1.17
4622,4867,484.08,1.17
4622,12884,766.4134924,1.17
4623,2965,0.18,1.17
4623,4620,604.238808,1.17
4623,4624,446.5975063,1.17
4623,4631,358.1991982,1.17
4624,2893,798.026122,1.17
4624,4623,484.1178861,1.17
4624,4631,192.26,1.17
4624,4634,745.2744392,1.17
4624,11822,492.4916571,1.17
4625,4609,539.236686,1.17
4625,4637,415.638431,1.17
4625,9831,806.6609492,1.17
4625,11745,557.1952438,1.17
4626,2559,930.0101975,1.17
4626,4608,373.74,1.17
4626,4638,129.1633217,1.17
4626,9831,385.7133166,1.17
4627,2559,594.0377156,1.17
4627,2843,1144.077192,1.17
4627,4640,1595.752814,1.17
4627,11233,1469.184611,1.17
4628,3005,192.67,1.17
4628,9152,1227.648562,1.17
4628,10125,51.38478596,1.17
4628,11230,529.22,1.17
4629,4621,21.3,1.17
4629,4643,101.21,1.17
4629,4865,144.0021511,1.17
4629,11747,431.14,1.17
4630,2850,812.8705742,1.17
4630,4664,15449.85401,1.17
4631,4623,120.3009218,1.17
4631,4624,356.8058535,1.17
4631,4633,375.4391982,1.17
4631,11747,175.02,1.17
4632,2949,363.3144262,1.17
4632,4633,123.2141465,1.17
4632,11747,417.2475836,1.17
4633,4631,139.7409218,1.17
4633,4632,63.16215115,1.17
4633,4634,118.9741465,1.17
4633,4644,379.6791982,1.17
4634,4624,732.6610439,1.17
4634,4633,74.43322123,1.17
4634,4635,592.1516135,1.17
4634,4645,301.6269722,1.17
4635,4634,313.7511162,1.17
4635,4636,905.8522482,1.17
4635,11745,200.976718,1.17
4636,2886,326.5506347,1.17
4636,4635,485.1978341,1.17
4636,4637,579.3016135,1.17
4637,2880,405.128431,1.17
4637,4625,644.1423962,1.17
4637,4636,287.3611162,1.17
4637,9830,589.8116135,1.17
4638,4626,165.415601,1.17
4638,4639,718.9749352,1.17
4638,9830,287.3611162,1.17
4639,4638,452.7767172,1.17
4639,4640,636.6716135,1.17
4639,11232,139.6733217,1.17
4640,2727,664.1854011,1.17
4640,4627,1171.392051,1.17
4640,4639,287.3611162,1.17
4640,4647,1510.869026,1.17
4641,2832,488.2768851,1.17
4641,3115,393.6256211,1.17
4641,3216,31.96691508,1.17
4642,97,33.84,1.17
4642,2518,17.38,1.17
4642,4344,1906.558968,1.17
4643,2949,578.7444728,1.17
4643,3010,738.3606381,1.17
4643,4629,122.04,1.17
4643,9820,141.2112898,1.17
4644,2949,368.4908537,1.17
4644,4633,128.4698517,1.17
4644,4645,657.9846902,1.17
4644,4657,297.3255359,1.17
4645,2886,526.0992317,1.17
4645,4634,522.8731489,1.17
4645,4644,479.2607055,1.17
4645,4661,430.6324306,1.17
4646,2560,1009.914214,1.17
4646,4616,16326.08449,1.17
4647,2832,1994.139915,1.17
4647,3115,231.874093,1.17
4647,4640,1065.979606,1.17
4647,11232,732.6095972,1.17
4648,3087,380.5847348,1.17
4648,3858,0.0,1.17
4648,11229,1422.691833,1.17
4648,11806,1950.389043,1.17
4649,2865,2623.360496,1.17
4649,10078,969.04977,1.17
4649,11226,1811.70964,1.17
4649,11795,501.5559122,1.17
4650,4282,0.0,1.17
4650,4651,0.0,1.17
4650,4652,0.0,1.17
4651,2944,599.0989264,1.17
4651,4650,0.0,1.17
4651,9820,265.6891906,1.17
4651,11748,322.461842,1.17
4652,2919,34.25,1.17
4652,4650,0.0,1.17
4652,4653,90.50233024,1.17
4652,4655,20.82,1.17
4653,2944,384.7039049,1.17
4653,4652,16.3,1.17
4653,4654,375.103186,1.17
4654,2944,560.5031539,1.17
4654,4653,294.2015747,1.17
4654,4656,37.86,1.17
4654,11746,908.2533526,1.17
4655,2943,218.5681257,1.17
4655,4652,17.95,1.17
4655,4658,18.31,1.17
4655,11746,191.8571226,1.17
4656,4654,6.02,1.17
4656,4657,20.58,1.17
4656,4660,69.24,1.17
4656,11746,322.1955359,1.17
4657,4644,20.58,1.17
4657,4656,297.3255359,1.17
4657,4661,5.993444931,1.17
4657,5157,0.0,1.17
4658,4288,185.7618743,1.17
4658,4655,108.87111,1.17
4658,4659,305.0931489,1.17
4658,4662,18.31,1.17
4659,4658,185.7618743,1.17
4659,4660,521.8131489,1.17
4659,4662,971.4630239,1.17
4659,11746,640.257606,1.17
4660,4656,30.89,1.17
4660,4659,197.6041355,1.17
4660,4661,521.8131489,1.17
4660,4668,110.15,1.17
4661,4645,521.8131489,1.17
4661,4657,0.0,1.17
4661,4660,238.5141355,1.17
4661,4669,198.1117401,1.17
4662,2871,419.4240975,1.17
4662,4658,108.87111,1.17
4662,4659,856.977606,1.17
4662,4663,570.3489264,1.17
4663,2871,524.545214,1.17
4663,4662,362.0313741,1.17
4663,4675,588.6589264,1.17
4663,9829,596.4496643,1.17
4664,8057,16178.36108,1.17
4665,4666,219.5517401,1.17
4665,4667,587.3258051,1.17
4665,4669,179.8796573,1.17
4665,11744,429.8246963,1.17
4666,4665,190.8596573,1.17
4666,4667,169.1571412,1.17
4666,4670,431.9803507,1.17
4667,2880,756.4829463,1.17
4667,4665,418.8446963,1.17
4667,4666,212.4286106,1.17
4668,4660,30.89,1.17
4668,4669,139.5138592,1.17
4668,11744,313.1205177,1.17
4669,2886,319.3935165,1.17
4669,4661,0.0,1.17
4669,4665,198.1117401,1.17
4669,4668,202.9705177,1.17
4670,2889,431.9803507,1.17
4670,4666,360.0167986,1.17
4670,9825,0.0,1.17
4671,2889,258.3964552,1.17
4671,4672,228.8834557,1.17
4671,4676,174.79,1.17
4672,1077,190.21,1.17
4672,4671,90.96568686,1.17
4672,4673,711.0825674,1.17
4672,9833,589.466574,1.17
4673,4672,376.6131183,1.17
4673,11231,523.2477331,1.17
4673,11232,235.0850509,1.17
4674,1849,887.044786,1.17
4674,1851,690.9845027,1.17
4674,1853,928.5264844,1.17
4674,4676,470.4187154,1.17
4674,7542,617.9350509,1.17
4675,1849,309.3344237,1.17
4675,4663,368.8413741,1.17
4675,4676,327.4013977,1.17
4675,9828,157.9003433,1.17
4676,4671,167.4307684,1.17
4676,4674,502.1913977,1.17
4676,4675,302.9879471,1.17
4676,7542,0.0,1.17
4677,1835,105.0288649,1.17
4677,2558,182.9408135,1.17
4678,11225,670.6320963,1.17
4678,11794,860.7765796,1.17
4678,11795,637.8092673,1.17
4679,4680,14.34,1.17
4679,9832,176.42,1.17
4679,11730,352.1366848,1.17
4679,11828,14.18,1.17
4680,4679,108.9066848,1.17
4680,4681,0.0,1.17
4680,4684,56.73,1.17
4680,5458,55.56,1.17
4681,4680,0.0,1.17
4681,4875,0.0,1.17
4681,5459,0.0,1.17
4682,2650,2792.953052,1.17
4682,2770,232.67,1.17
4682,4410,857.1458915,1.17
4682,4791,0.0,1.17
4683,2097,1209.488941,1.17
4683,4492,370.3875941,1.17
4683,8126,1409.838105,1.17
4684,4680,41.22,1.17
4684,4685,170.59,1.17
4684,11727,30.55,1.17
4684,11730,290.2637055,1.17
4685,4684,313.9937055,1.17
4685,4876,411.4125324,1.17
4685,4877,187.26,1.17
4685,11731,673.0074638,1.17
4686,4687,0.0,1.17
4686,11725,129.53,1.17
4686,11829,62.08,1.17
4687,4686,0.0,1.17
4687,4693,578.8903903,1.17
4687,11730,313.41,1.17
4688,4715,948.9097961,1.17
4688,7530,681.8901602,1.17
4688,11725,568.99,1.17
4689,4691,3.88,1.17
4689,11727,467.0864509,1.17
4689,11731,413.8626926,1.17
4690,2793,1426.432347,1.17
4690,4068,1239.179984,1.17
4690,4793,2291.505871,1.17
4691,4689,10.7,1.17
4691,4878,14.39,1.17
4691,11728,290.8210129,1.17
4691,11731,247.0898398,1.17
4692,4699,0.0,1.17
4692,8044,14359.16679,1.17
4693,4687,313.41,1.17
4693,4694,196.75,1.17
4693,7530,382.1403903,1.17
4694,4693,24.34,1.17
4694,4696,396.4288363,1.17
4694,7531,540.0371264,1.17
4694,11726,274.85,1.17
4695,4560,16137.05728,1.17
4696,4694,432.2264509,1.17
4696,11726,91.88,1.17
4696,11727,463.8726926,1.17
4697,4695,0.0,1.17
4697,8044,1614.30306,1.17
4698,4701,48.77177304,1.17
4698,11726,51.56822696,1.17
4698,11727,39.88,1.17
4698,11728,110.52,1.17
4699,4690,3000.029084,1.17
4700,4703,188.35,1.17
4700,8903,2572.593572,1.17
4700,11768,2529.606002,1.17
4701,4698,31.48,1.17
4701,4702,77.31,1.17
4701,11721,48.77177304,1.17
4702,4701,0.0,1.17
4702,4882,75.86,1.17
4702,6621,552.1910129,1.17
4702,11728,260.5498398,1.17
4703,4700,0.0,1.17
4703,9053,419.6216343,1.17
4703,10938,647.4352148,1.17
4704,4784,120.76,1.17
4704,6648,293.09,1.17
4704,11718,169.83,1.17
4705,4706,131.28,1.17
4705,4721,111.76,1.17
4705,11724,66.23,1.17
4706,4705,113.61,1.17
4706,7382,29.28,1.17
4706,7385,284.23,1.17
4706,11725,443.86,1.17
4707,4535,0.0,1.17
4707,7549,1587.1183,1.17
4707,11137,1600.419153,1.17
4708,4709,731.53,1.17
4708,6646,3854.61407,1.17
4709,6644,679.3562629,1.17
4709,11719,729.96,1.17
4710,6862,4277.82408,1.17
4711,4709,189.31,1.17
4711,6647,293.09,1.17
4712,4708,4586.14407,1.17
4712,6860,411.5,1.17
4713,6857,624.1005064,1.17
4713,6861,324.8092897,1.17
4714,4716,4057.720133,1.17
4714,6864,0.0,1.17
4715,4688,1155.29016,1.17
4715,6864,948.9097961,1.17
4716,4717,475.32,1.17
4716,6623,4404.992376,1.17
4717,4716,822.5922425,1.17
4717,4718,494.6775515,1.17
4717,11726,302.5638563,1.17
4718,4717,735.9560988,1.17
4718,4719,432.2775515,1.17
4718,6859,903.9176231,1.17
4719,4718,594.2976231,1.17
4719,6861,4672.83478,1.17
4720,4721,43.39,1.17
4720,7377,127.45,1.17
4720,11718,187.0512922,1.17
4721,4705,149.61,1.17
4721,4720,72.17,1.17
4721,4722,112.1062028,1.17
4721,11719,201.95,1.17
4722,4721,154.21,1.17
4722,4723,36.74620279,1.17
4722,6856,523.6862137,1.17
4723,4722,154.21,1.17
4723,7381,177.7362028,1.17
4723,7537,488.478227,1.17
4724,6858,168.6886761,1.17
4724,7381,0.0,1.17
4724,11720,21.31620279,1.17
4725,4733,530.1682718,1.17
4725,7380,216.1293513,1.17
4725,11720,584.0198961,1.17
4725,11721,267.9465889,1.17
4726,67,126.06,1.17
4726,2460,409.9266146,1.17
4726,4307,37.03,1.17
4726,4345,754.9179096,1.17
4726,4727,1062.356393,1.17
4727,4308,2338.949281,1.17
4727,10355,939.3205332,1.17
4728,4729,490.51,1.17
4728,6477,635.0852592,1.17
4728,7367,100.72,1.17
4728,7375,145.5712922,1.17
4729,4728,599.7812922,1.17
4729,4730,561.07,1.17
4729,7379,588.4624657,1.17
4730,4747,954.2847408,1.17
4730,7535,503.95,1.17
4731,4732,1305.009548,1.17
4731,7537,448.3262137,1.17
4732,4737,488.478227,1.17
4732,6685,816.5313206,1.17
4733,4725,679.846485,1.17
4733,4734,34.40341107,1.17
4733,6685,220.4593248,1.17
4733,11714,1006.507623,1.17
4734,4733,0.0,1.17
4734,7347,269.121773,1.17
4734,7348,9.83,1.17
4734,11721,90.25341107,1.17
4735,2872,659.9502454,1.17
4735,4315,626.8109414,1.17
4735,4738,1132.407909,1.17
4736,4729,1258.803758,1.17
4736,4742,471.05,1.17
4736,7367,141.835306,1.17
4737,1897,653.6794155,1.17
4737,4746,1394.89,1.17
4738,79,237.26,1.17
4738,2642,1723.797483,1.17
4738,4318,1818.331178,1.17
4739,6687,551.1089746,1.17
4739,7346,249.85,1.17
4739,7350,673.41,1.17
4739,11714,760.1246416,1.17
4740,2557,1711.231517,1.17
4740,4338,1383.505931,1.17
4740,4744,929.4733214,1.17
4741,7357,0.0,1.17
4741,7359,496.89,1.17
4741,7360,96.44,1.17
4741,7362,485.1927006,1.17
4741,7365,6.32,1.17
4741,7432,121.67,1.17
4742,4736,387.6162028,1.17
4742,4743,340.9185682,1.17
4742,7364,216.51,1.17
4743,4742,384.7562028,1.17
4743,7363,754.31,1.17
4743,11713,453.7712689,1.17
4744,2560,1172.629754,1.17
4744,4337,1425.364777,1.17
4745,1897,794.728684,1.17
4745,4746,953.95,1.17
4745,4749,128.53151,1.17
4745,7533,641.39,1.17
4746,4745,803.7426597,1.17
4746,4749,1142.256315,1.17
4746,6687,953.95,1.17
4747,4736,1321.872861,1.17
4747,11713,654.23,1.17
4748,4749,1126.762442,1.17
4748,7355,1835.667194,1.17
4748,11707,123.97,1.17
4748,11713,411.5513788,1.17
4749,4745,1126.762442,1.17
4749,4748,1270.787825,1.17
4750,2783,0.0,1.17
4750,4487,651.6977664,1.17
4751,7339,17.76,1.17
4751,11710,30.56,1.17
4752,4755,571.1421751,1.17
4752,7336,0.0,1.17
4752,11708,599.1,1.17
4753,7336,66.51,1.17
4753,11709,37.26,1.17
4754,2459,16.6,1.17
4754,2787,11.6,1.17
4754,4182,1653.53292,1.17
4755,4752,599.1,1.17
4755,7331,585.3521751,1.17
4755,7335,89.56,1.17
4756,7326,0.4,1.17
4756,7331,568.18,1.17
4756,11701,584.9521751,1.17
4757,4889,252.8,1.17
4757,7325,668.7660917,1.17
4757,7334,181.54,1.17
4758,4760,385.9618886,1.17
4758,4890,15.17,1.17
4758,7324,412.75,1.17
4759,7323,2.82,1.17
4759,7328,743.1,1.17
4759,12930,1139.056904,1.17
4760,4758,375.78,1.17
4760,4891,388.7818886,1.17
4760,7322,7.62,1.17
4761,4762,242.9791267,1.17
4761,11698,91.01,1.17
4761,12930,399.84,1.17
4762,2273,237.0391267,1.17
4762,4761,371.34,1.17
4762,7321,7.14,1.17
4763,2716,0.0,1.17
4763,2787,163.6393418,1.17
4763,4208,2327.423324,1.17
4764,4766,246.65,1.17
4764,4767,665.7,1.17
4764,4768,1485.82,1.17
4765,2706,3363.832034,1.17
4765,4766,0.0,1.17
4765,4767,195.03,1.17
4766,4764,0.0,1.17
4766,4765,438.7439166,1.17
4766,4767,234.44,1.17
4766,11831,443.81,1.17
4767,4764,162.01,1.17
4767,4765,790.6764276,1.17
4767,4766,197.16,1.17
4767,4792,1095.17,1.17
4768,4772,2184.713609,1.17
4769,4765,2329.44169,1.17
4769,4770,1041.31439,1.17
4770,4785,719.6704526,1.17
4770,11831,740.0562523,1.17
4771,4772,1.73,1.17
4771,4773,713.201138,1.17
4771,4775,2157.178834,1.17
4772,4771,365.5136087,1.17
4772,4774,612.87,1.17
4772,5421,1819.73,1.17
4773,4769,3370.75608,1.17
4773,4771,1037.025226,1.17
4773,4774,47.43,1.17
4774,4772,611.67,1.17
4774,4773,525.8349423,1.17
4774,6669,1478.14,1.17
4775,4777,392.94,1.17
4775,4778,124.53,1.17
4775,6647,3851.617817,1.17
4776,4774,1955.344942,1.17
4776,4777,2136.759128,1.17
4776,4778,317.24,1.17
4777,4775,2023.468982,1.17
4777,4776,257.13,1.17
4777,4778,515.33,1.17
4777,4787,2855.969128,1.17
4778,4775,188.44,1.17
4778,4776,131.55,1.17
4778,4777,326.27,1.17
4778,11723,957.1,1.17
4779,4780,15.59,1.17
4779,5419,170.85,1.17
4779,5427,0.0,1.17
4779,11834,116.02,1.17
4780,4779,7.69,1.17
4780,4781,15.59,1.17
4781,4780,7.69,1.17
4781,4782,112.8,1.17
4781,11834,51.83,1.17
4782,4781,59.52,1.17
4782,7385,143.35,1.17
4782,11755,43.77,1.17
4783,2677,0.0,1.17
4783,2798,0.0,1.17
4783,4283,0.0,1.17
4784,4704,93.51,1.17
4784,7373,31.75,1.17
4784,7382,99.19,1.17
4784,11723,44.38,1.17
4785,4768,698.8936087,1.17
4785,4770,0.0,1.17
4785,4803,0.0,1.17
4785,9814,301.2581382,1.17
4786,2786,0.0,1.17
4786,4410,0.0,1.17
4786,4791,0.0,1.17
4787,4777,2795.928982,1.17
4787,7386,0.0,1.17
4787,7387,1255.02557,1.17
4787,11711,1600.943558,1.17
4788,4789,2.19,1.17
4788,4790,114.67,1.17
4788,5548,352.1081382,1.17
4788,11830,231.6636087,1.17
4789,4788,1.06,1.17
4789,4790,0.0,1.17
4789,4805,2.19,1.17
4790,4788,56.09,1.17
4790,4789,0.0,1.17
4790,11752,114.67,1.17
4791,2783,0.0,1.17
4791,4682,0.0,1.17
4791,4786,0.0,1.17
4792,4767,1149.846428,1.17
4792,11753,558.8,1.17
4792,11833,833.37,1.17
4793,2788,1613.887511,1.17
4793,4074,1080.806223,1.17
4793,4304,626.8315629,1.17
4794,7397,336.68,1.17
4794,7403,259.22,1.17
4794,11717,0.0,1.17
4795,4301,1682.11146,1.17
4795,4796,1814.86343,1.17
4796,2791,1587.116372,1.17
4796,4077,392.3263614,1.17
4796,4300,284.1851176,1.17
4797,4798,0.33,1.17
4797,4800,0.23,1.17
4797,6705,1.53,1.17
4798,4797,1.29,1.17
4798,4799,0.33,1.17
4798,4802,0.0,1.17
4799,4798,1.29,1.17
4799,9853,2.76,1.17
4799,11754,1.07,1.17
4800,4797,0.24,1.17
4800,4801,0.23,1.17
4801,4800,0.24,1.17
4801,4802,0.0,1.17
4801,4804,0.23,1.17
4802,4798,0.0,1.17
4802,4801,0.0,1.17
4802,11754,0.0,1.17
4803,4785,0.0,1.17
4803,11754,0.0,1.17
4804,4801,0.24,1.17
4804,5550,0.7,1.17
4804,11830,0.58,1.17
4805,4789,1.06,1.17
4805,4806,2.19,1.17
4806,4805,1.06,1.17
4806,4807,0.0,1.17
4806,4812,2.19,1.17
4807,4806,0.0,1.17
4807,4815,59.41321845,1.17
4807,11752,51.68768556,1.17
4807,11832,22.54,1.17
4808,4809,745.4289824,1.17
4808,4817,212.1959428,1.17
4808,11832,337.8859373,1.17
4809,4808,550.08188,1.17
4809,7408,1003.134455,1.17
4809,7409,75.15143175,1.17
4809,7412,727.5374093,1.17
4810,10938,2395.621596,1.17
4810,10947,79.15,1.17
4810,10948,2151.879661,1.17
4811,7360,146.7714318,1.17
4811,7361,0.0,1.17
4811,7390,0.0,1.17
4811,11705,96.44,1.17
4812,4806,1.06,1.17
4812,4813,2.19,1.17
4812,5525,0.0,1.17
4813,4812,1.06,1.17
4813,4814,0.0,1.17
4813,4825,2.19,1.17
4814,4813,0.0,1.17
4814,4815,39.93768556,1.17
4814,11750,59.41321845,1.17
4815,4807,39.93768556,1.17
4815,4814,59.41321845,1.17
4815,4816,0.0,1.17
4816,4815,0.0,1.17
4816,4817,231.9387379,1.17
4816,4827,1134.770997,1.17
4816,11832,745.8125589,1.17
4817,4808,195.4087379,1.17
4817,4816,212.1959428,1.17
4817,4828,36.53,1.17
4818,4819,124.6630277,1.17
4818,4830,657.3884298,1.17
4818,7412,403.7369041,1.17
4819,4818,119.4410205,1.17
4819,4820,124.6630277,1.17
4819,4831,0.0,1.17
4819,7413,0.0,1.17
4820,4819,119.4410205,1.17
4820,4846,1481.732955,1.17
4820,7395,1644.161804,1.17
4820,11706,235.7530277,1.17
4821,8049,41.52831744,1.17
4821,8964,0.34,1.17
4821,8978,451.1135484,1.17
4822,7354,0.0,1.17
4822,7357,0.0,1.17
4822,7358,6.276300455,1.17
4823,4824,0.0,1.17
4823,7354,6.276300455,1.17
4823,7356,0.0,1.17
4824,4823,6.276300455,1.17
4824,7352,1951.927825,1.17
4824,7355,1539.661379,1.17
4825,4813,1.06,1.17
4825,4836,407.8495836,1.17
4825,5509,319.0645924,1.17
4825,11750,645.9603836,1.17
4826,4832,645.4407396,1.17
4826,4833,691.4423066,1.17
4826,10947,391.0160568,1.17
4827,4816,941.2212968,1.17
4827,4828,38.78302768,1.17
4827,4834,530.8562197,1.17
4827,11750,694.1637758,1.17
4828,4817,0.0,1.17
4828,4827,5.66,1.17
4828,4829,75.31302768,1.17
4829,4828,5.66,1.17
4829,4830,28.15302768,1.17
4829,4835,47.16,1.17
4830,4818,338.8099317,1.17
4830,4829,5.66,1.17
4830,4831,5.46,1.17
4830,4845,655.4684298,1.17
4831,4819,0.0,1.17
4831,4830,3.74,1.17
4831,4845,529.4386095,1.17
4831,4846,596.050922,1.17
4831,4847,361.5078254,1.17
4831,11702,40.45,1.17
4832,4826,321.9560568,1.17
4832,4833,55.02431378,1.17
4832,5860,645.4407396,1.17
4833,4826,69.06,1.17
4833,4832,0.0,1.17
4833,4844,364.9968608,1.17
4833,6589,381.4697596,1.17
4834,4827,347.1116264,1.17
4834,4835,0.0,1.17
4834,4841,530.8562197,1.17
4835,4829,0.0,1.17
4835,4834,54.05,1.17
4835,11751,47.16,1.17
4836,4825,321.604284,1.17
4836,4837,370.4895836,1.17
4836,4838,37.36,1.17
4837,4836,306.164284,1.17
4837,4838,390.5262034,1.17
4837,4854,805.7583043,1.17
4838,4836,15.44,1.17
4838,4837,435.2687207,1.17
4838,4839,392.9062034,1.17
4838,4856,43.36,1.17
4839,4838,441.5687207,1.17
4839,4840,441.0772052,1.17
4839,11750,2.08,1.17
4840,4839,384.3459025,1.17
4840,4841,0.0,1.17
4840,4842,390.8262034,1.17
4840,9824,50.25100178,1.17
4841,4834,293.0616264,1.17
4841,4840,0.0,1.17
4841,4842,530.8562197,1.17
4842,3052,402.2562034,1.17
4842,4840,384.3459025,1.17
4842,4841,293.0616264,1.17
4842,9823,598.9683527,1.17
4843,2664,1219.948714,1.17
4843,3052,564.1380837,1.17
4843,9823,285.2716264,1.17
4844,4833,0.0,1.17
4844,7019,0.0,1.17
4844,10953,364.9968608,1.17
4845,2705,824.7826036,1.17
4845,4830,316.1169041,1.17
4845,4831,631.040922,1.17
4845,4847,0.0,1.17
4845,4850,593.8852067,1.17
4846,4820,1452.531804,1.17
4846,4831,891.9864349,1.17
4846,7532,1314.562181,1.17
4846,11706,338.2369723,1.17
4847,4831,0.0,1.17
4847,4845,174.940771,1.17
4847,4848,0.0,1.17
4847,4851,219.6870544,1.17
4848,4847,33.12,1.17
4848,4849,0.0,1.17
4848,11699,1420.951491,1.17
4848,11702,1346.907767,1.17
4849,4848,0.0,1.17
4849,11703,1717.171379,1.17
4849,12929,2077.642854,1.17
4850,3052,779.5283972,1.17
4850,4845,719.397826,1.17
4850,4851,388.3092311,1.17
4850,4860,316.8033189,1.17
4851,4847,0.0,1.17
4851,4850,551.0265094,1.17
4851,11699,388.3092311,1.17
4852,4931,308.7994653,1.17
4852,7618,3.43,1.17
4852,8263,2443.769476,1.17
4852,9055,2087.741076,1.17
4853,4869,830.3,1.17
4853,9035,595.1715895,1.17
4853,9903,289.05,1.17
4854,3676,1061.868304,1.17
4854,4837,696.6904874,1.17
4854,4855,404.197409,1.17
4855,4854,256.11,1.17
4855,4856,377.057409,1.17
4855,4866,27.14,1.17
4856,4838,17.52,1.17
4856,4855,238.48,1.17
4856,4857,420.417409,1.17
4857,4856,256.0,1.17
4857,9822,398.727409,1.17
4857,11748,261.6176538,1.17
4858,2664,366.5001198,1.17
4858,9822,787.6276366,1.17
4858,9824,0.0,1.17
4858,11749,417.790133,1.17
4859,4860,271.2249212,1.17
4859,4867,0.0,1.17
4859,6484,319.0497664,1.17
4860,4850,290.7549212,1.17
4860,4859,319.0497664,1.17
4860,4861,19.43,1.17
4860,4868,0.0,1.17
4861,4860,41.20644752,1.17
4861,4862,0.0,1.17
4861,4868,19.43,1.17
4862,4861,5.986447521,1.17
4862,4863,30.67,1.17
4862,11696,1433.391491,1.17
4862,11699,1276.758536,1.17
4863,4862,25.26644752,1.17
4863,4864,47.15,1.17
4863,11700,100.33,1.17
4864,4863,69.66,1.17
4864,4870,2489.268314,1.17
4864,12929,2065.423267,1.17
4865,3010,825.8757626,1.17
4865,4629,330.4,1.17
4865,11749,912.9627893,1.17
4866,4855,17.63,1.17
4866,11748,27.14,1.17
4867,4622,766.4134924,1.17
4867,4859,0.0,1.17
4867,11749,484.08,1.17
4868,4618,13.33,1.17
4868,4860,0.0,1.17
4868,4861,35.22,1.17
4868,11696,6.1,1.17
4869,4853,746.9315895,1.17
4869,5148,686.3450437,1.17
4869,11310,1399.014521,1.17
4870,4864,2135.083267,1.17
4870,7414,2202.019411,1.17
4870,11696,369.6768867,1.17
4871,7636,1155.755652,1.17
4871,11308,446.139906,1.17
4871,12492,745.79,1.17
4872,4873,1553.135374,1.17
4872,8035,1210.543337,1.17
4872,10053,1145.140838,1.17
4873,2099,1466.97683,1.17
4873,4872,1772.514978,1.17
4873,11333,2291.328159,1.17
4874,9814,280.4812942,1.17
4874,11752,14.43,1.17
4874,11754,5.33,1.17
4874,11830,299.1281382,1.17
4875,4681,0.0,1.17
4875,4876,0.0,1.17
4875,4908,0.0,1.17
4875,5221,10.84360343,1.17
4876,4685,563.6711693,1.17
4876,4875,10.84360343,1.17
4876,4877,114.16,1.17
4876,4908,449.418929,1.17
4877,4685,399.81,1.17
4877,4876,48.85,1.17
4877,4878,175.1438698,1.17
4877,11681,151.47,1.17
4878,4691,45.11,1.17
4878,4877,108.18,1.17
4878,4879,136.5138698,1.17
4878,4941,53.02,1.17
4879,4878,51.69,1.17
4879,4880,136.5138698,1.17
4879,4881,0.0,1.17
4880,4879,51.69,1.17
4880,4881,38.9,1.17
4880,4882,159.0538698,1.17
4881,4879,0.0,1.17
4881,4880,22.54,1.17
4881,11728,38.9,1.17
4882,4702,67.14,1.17
4882,4880,90.59,1.17
4882,4883,158.6438698,1.17
4882,11678,86.02,1.17
4883,4882,56.66,1.17
4883,4884,6.38,1.17
4883,8869,51.16,1.17
4883,11722,176.3038698,1.17
4884,4883,6.77,1.17
4884,8869,496.2627484,1.17
4884,11716,575.8090723,1.17
4885,4886,21.06,1.17
4885,4975,264.64,1.17
4885,7341,348.06,1.17
4886,4885,30.7,1.17
4886,4887,0.0,1.17
4886,11710,21.06,1.17
4887,4886,0.0,1.17
4887,4888,113.0039083,1.17
4887,4987,81.65,1.17
4887,11704,140.56,1.17
4888,4887,64.32,1.17
4888,4889,0.0,1.17
4888,7334,0.0,1.17
4888,11672,113.0039083,1.17
4889,4757,319.88,1.17
4889,4888,0.0,1.17
4889,4890,1.2,1.17
4889,5001,251.6,1.17
4890,4758,36.97,1.17
4890,4889,0.0,1.17
4890,4891,1.2,1.17
4890,11669,15.17,1.17
4891,2703,388.7818886,1.17
4891,4760,383.4,1.17
4891,4890,0.0,1.17
4891,4892,1.2,1.17
4892,4891,0.0,1.17
4892,5009,7.14,1.17
4892,7321,20.25,1.17
4893,2273,0.0,1.17
4893,2274,46.16,1.17
4893,11698,75.59,1.17
4893,12885,70.34,1.17
4894,4895,1022.022748,1.17
4894,4896,681.879081,1.17
4894,8869,851.7290827,1.17
4895,4894,926.7988067,1.17
4895,4897,802.6252808,1.17
4895,7315,943.5376937,1.17
4896,4894,662.8993569,1.17
4896,6622,4665.263839,1.17
4897,4895,594.5702262,1.17
4897,4899,4651.817591,1.17
4898,4896,4646.284115,1.17
4899,6470,4651.817591,1.17
4900,4902,415.44,1.17
4900,4903,183.6,1.17
4900,6471,5557.277586,1.17
4901,4902,526.0147758,1.17
4901,4903,124.57,1.17
4901,5043,5941.633792,1.17
4902,2297,1353.868338,1.17
4902,4900,389.0039588,1.17
4902,4901,409.6493435,1.17
4902,4903,75.59,1.17
4903,2319,383.76,1.17
4903,4900,503.6370878,1.17
4903,4901,340.9589552,1.17
4903,4902,412.4135624,1.17
4904,2021,175.8298724,1.17
4904,4906,1467.07117,1.17
4904,11290,1123.580917,1.17
4905,1906,1144.007595,1.17
4905,1907,527.8518296,1.17
4905,4940,261.5760402,1.17
4906,2019,1004.584261,1.17
4906,4904,774.7415106,1.17
4906,11339,1172.464897,1.17
4907,4927,230.7572394,1.17
4907,4967,638.1821334,1.17
4907,11653,638.1,1.17
4908,4875,0.0,1.17
4908,4876,677.8311693,1.17
4908,4909,0.0,1.17
4908,5223,449.418929,1.17
4909,4908,0.0,1.17
4909,4910,0.0,1.17
4909,4930,155.6096076,1.17
4909,5224,117.25,1.17
4910,4909,0.0,1.17
4910,4911,0.0,1.17
4910,5225,79.68,1.17
4910,11682,115.9603924,1.17
4911,4910,0.0,1.17
4911,4912,0.0,1.17
4911,5226,0.0,1.17
4912,4911,0.0,1.17
4912,4913,0.0,1.17
4912,4932,0.0,1.17
4913,4912,0.0,1.17
4913,4914,0.0,1.17
4913,5227,4.69,1.17
4913,11683,7.27,1.17
4914,4913,0.0,1.17
4914,4915,0.0,1.17
4914,4934,18.7,1.17
4914,5228,30.5,1.17
4915,4914,0.0,1.17
4915,4916,0.0,1.17
4915,11655,0.0,1.17
4916,4915,0.0,1.17
4916,4917,256.6674676,1.17
4916,4936,265.1776989,1.17
4917,4916,265.1776989,1.17
4917,4918,0.0,1.17
4917,4937,223.36,1.17
4917,5230,388.2374676,1.17
4918,4917,0.0,1.17
4918,4919,8.87,1.17
4918,4938,15.79,1.17
4919,4918,15.79,1.17
4919,4920,0.0,1.17
4919,5231,8.87,1.17
4920,4919,0.0,1.17
4920,4921,42.54,1.17
4920,4922,2.5,1.17
4920,4939,84.26230115,1.17
4921,4920,77.21230115,1.17
4921,4922,0.0,1.17
4921,5233,42.54,1.17
4922,4920,7.05,1.17
4922,4921,0.0,1.17
4922,4923,2.5,1.17
4923,4922,7.05,1.17
4923,4924,32.03,1.17
4923,7305,31.62,1.17
4924,4923,38.67,1.17
4924,4925,11.64,1.17
4924,5235,34.09,1.17
4925,4924,11.61,1.17
4925,4926,10.34,1.17
4925,7306,17.71,1.17
4926,2355,29.43,1.17
4926,4925,15.62,1.17
4926,5236,11.59,1.17
4927,4907,62.05,1.17
4927,4928,177.0918296,1.17
4927,4970,319.1958239,1.17
4928,4927,282.280414,1.17
4928,4940,548.3496491,1.17
4928,11654,205.27,1.17
4929,3576,574.5220198,1.17
4929,11019,557.0826577,1.17
4929,12169,351.1388146,1.17
4930,4909,117.25,1.17
4930,4942,163.4857378,1.17
4930,11681,288.9738698,1.17
4930,11682,166.14,1.17
4931,4852,3.43,1.17
4931,7582,105.79,1.17
4931,8898,99.01442815,1.17
4931,10953,324.7394653,1.17
4932,4912,0.0,1.17
4932,4944,0.0,1.17
4932,11682,253.77,1.17
4932,11683,146.79,1.17
4933,8923,1037.031025,1.17
4933,11006,2777.893388,1.17
4933,11029,427.3390061,1.17
4934,4914,30.5,1.17
4934,11655,245.33,1.17
4934,11683,217.32,1.17
4935,3869,754.7903352,1.17
4935,3870,674.7002403,1.17
4935,11022,804.3100078,1.17
4936,4916,256.6674676,1.17
4936,4937,238.82,1.17
4936,11652,277.5676989,1.17
4936,11655,260.33,1.17
4937,4917,131.57,1.17
4937,4936,191.52,1.17
4937,4938,50.69,1.17
4937,4946,411.49,1.17
4938,4918,8.87,1.17
4938,4937,12.21130079,1.17
4938,4939,50.69,1.17
4938,4945,15.79,1.17
4939,4920,45.04,1.17
4939,4938,12.21130079,1.17
4939,4947,77.21230115,1.17
4939,7305,48.19,1.17
4940,4905,401.5761038,1.17
4940,4928,261.4066225,1.17
4940,11651,445.6529631,1.17
4941,4878,101.6,1.17
4941,4942,79.46,1.17
4941,11678,362.1357378,1.17
4941,11681,74.87,1.17
4942,4930,74.08,1.17
4942,4941,172.2157378,1.17
4942,7317,5.38,1.17
4943,4944,0.5,1.17
4943,7317,8.73,1.17
4943,9843,170.1103924,1.17
4943,11682,188.28,1.17
4944,4932,0.0,1.17
4944,4943,0.83,1.17
4944,9844,0.0,1.17
4944,9845,0.5,1.17
4945,4938,8.87,1.17
4945,4946,15.79,1.17
4945,4947,0.0,1.17
4946,1902,427.28,1.17
4946,4937,310.8786992,1.17
4946,4945,8.87,1.17
4947,4939,42.54,1.17
4947,4945,0.0,1.17
4947,11656,77.21230115,1.17
4948,2195,1806.555284,1.17
4948,4950,1653.268383,1.17
4948,9149,2107.038317,1.17
4949,4961,195.9,1.17
4949,7305,34.69130079,1.17
4949,11656,516.5379313,1.17
4949,11657,388.4502262,1.17
4950,4948,2221.708317,1.17
4950,8919,1780.408383,1.17
4951,4965,23.19,1.17
4951,4979,351.169586,1.17
4951,11677,180.4618296,1.17
4952,2190,929.0502739,1.17
4952,2478,1222.600546,1.17
4952,4955,736.0494758,1.17
4953,4954,272.7905144,1.17
4953,9849,346.249586,1.17
4953,11649,541.9690141,1.17
4953,11652,459.17,1.17
4954,4953,190.05,1.17
4954,4967,243.5785859,1.17
4954,4968,29.21192849,1.17
4955,4952,1501.067565,1.17
4955,11028,874.7788086,1.17
4956,1899,560.769081,1.17
4956,9847,558.4776937,1.17
4956,11679,157.6,1.17
4957,4958,504.9276937,1.17
4957,4966,174.67,1.17
4957,9847,718.369081,1.17
4958,4957,695.8396461,1.17
4958,9844,0.0,1.17
4958,11680,504.9276937,1.17
4959,3886,910.0916136,1.17
4959,9681,615.2860868,1.17
4959,11783,1084.570751,1.17
4960,11652,532.3402262,1.17
4960,11655,50.87746758,1.17
4960,11680,607.3196461,1.17
4961,4949,99.94,1.17
4961,11653,426.45,1.17
4961,11654,699.5247579,1.17
4962,4964,681.5612662,1.17
4962,9007,311.9643863,1.17
4962,10991,417.4150748,1.17
4963,4976,108.05,1.17
4963,7313,45.79,1.17
4963,11675,159.8005652,1.17
4964,4962,77.74,1.17
4964,9043,1280.083772,1.17
4964,10992,974.6533777,1.17
4965,4951,97.93,1.17
4965,4966,56.58,1.17
4965,7310,44.86056517,1.17
4966,4957,143.6494348,1.17
4966,4965,142.7905652,1.17
4966,7309,110.13,1.17
4967,4907,769.8918296,1.17
4967,4954,190.05,1.17
4967,11650,687.9188897,1.17
4968,4954,0.0,1.17
4968,7308,471.6932437,1.17
4968,11649,191.37,1.17
4969,4973,233.7772362,1.17
4969,7308,191.37,1.17
4969,11650,606.9032437,1.17
4970,4927,45.3,1.17
4970,11650,340.9672362,1.17
4970,11651,205.8906341,1.17
4971,5005,780.0972946,1.17
4971,5006,0.0,1.17
4971,8703,276.608283,1.17
4971,10547,1068.932402,1.17
4972,8482,1052.901572,1.17
4972,8484,2992.736517,1.17
4972,8486,1607.207385,1.17
4972,10539,2499.035745,1.17
4973,4969,135.21,1.17
4973,4981,233.7772362,1.17
4974,6469,513.8723012,1.17
4974,6470,851.254608,1.17
4974,6471,58.41,1.17
4974,11650,1152.09,1.17
4975,4885,369.12,1.17
4975,4976,266.6773655,1.17
4975,4987,621.0780673,1.17
4975,11675,398.62302,1.17
4976,4963,101.87,1.17
4976,4975,343.7283971,1.17
4976,4977,337.2173655,1.17
4977,4976,408.0883971,1.17
4977,4978,662.467002,1.17
4977,4993,161.0554942,1.17
4977,11676,255.56,1.17
4978,4977,504.5187339,1.17
4978,4979,662.467002,1.17
4978,4994,132.9212661,1.17
4979,2390,66.08542485,1.17
4979,4951,203.6518296,1.17
4979,4978,637.44,1.17
4979,4980,621.8397476,1.17
4980,4979,514.870414,1.17
4980,4986,554.7497476,1.17
4980,9848,76.43,1.17
4981,4973,135.21,1.17
4981,4982,662.704521,1.17
4981,7307,273.99,1.17
4981,9848,137.860414,1.17
4982,2333,397.5368221,1.17
4982,4981,334.04,1.17
4982,4983,265.1676989,1.17
4983,2280,255.1276989,1.17
4983,4982,89.41,1.17
4983,4984,10.04,1.17
4984,2285,10.04,1.17
4984,4983,5.99,1.17
4985,1830,2137.298466,1.17
4985,6469,2144.650765,1.17
4986,1829,499.2951724,1.17
4986,4980,387.62,1.17
4986,4996,55.45457515,1.17
4987,4887,76.24,1.17
4987,4975,566.9707224,1.17
4987,11672,544.8380673,1.17
4988,4990,507.5002266,1.17
4988,8484,2577.446074,1.17
4988,10546,1300.391225,1.17
4989,5002,343.0892065,1.17
4989,11672,19.17033687,1.17
4989,11673,207.0626345,1.17
4990,4988,637.2279854,1.17
4990,5128,507.5002266,1.17
4990,10546,294.0538496,1.17
4991,4992,155.8381704,1.17
4991,4994,0.0,1.17
4991,11673,163.6412661,1.17
4992,2390,245.2933903,1.17
4992,4991,30.72,1.17
4992,4994,107.32,1.17
4993,4977,238.1041272,1.17
4993,4994,89.45521995,1.17
4993,11673,71.60027422,1.17
4994,4978,0.0,1.17
4994,4991,132.9212661,1.17
4994,4992,89.45521995,1.17
4994,4993,107.32,1.17
4995,4998,1410.558137,1.17
4995,8487,2502.40911,1.17
4995,10541,1224.976065,1.17
4995,10547,1258.567731,1.17
4996,4986,28.27,1.17
4996,6472,136.2381704,1.17
4996,11674,80.85457515,1.17
4997,2279,122.57,1.17
4997,5004,178.0245751,1.17
4997,11674,140.01,1.17
4998,4995,1985.703348,1.17
4998,5008,1642.162013,1.17
4998,5015,1368.034606,1.17
4998,12220,1949.402125,1.17
4999,2294,0.0,1.17
4999,2295,0.0,1.17
4999,5000,281.72,1.17
4999,10936,141.6584114,1.17
5000,2296,281.72,1.17
5000,2380,0.0,1.17
5000,4999,141.6584114,1.17
5001,4889,319.88,1.17
5001,5002,154.9826345,1.17
5001,11669,392.3855754,1.17
5001,11672,524.9803855,1.17
5002,4989,200.0826345,1.17
5002,5001,145.2112661,1.17
5002,5003,85.75,1.17
5002,11670,271.5979404,1.17
5003,2390,1.5,1.17
5003,5002,73.55,1.17
5003,5004,85.75,1.17
5003,12932,146.0106448,1.17
5004,4997,219.23,1.17
5004,5003,73.55,1.17
5004,11671,104.4745751,1.17
5005,4971,0.0,1.17
5005,7964,10102.582,1.17
5005,8703,509.5702581,1.17
5006,4971,727.1552967,1.17
5006,8703,142.9679615,1.17
5006,12330,9044.057958,1.17
5007,2703,596.95,1.17
5007,5010,241.6002742,1.17
5007,11670,105.58,1.17
5007,12932,555.7318886,1.17
5008,4998,1895.138594,1.17
5008,8703,1213.051543,1.17
5008,8711,1290.237968,1.17
5008,10548,786.1785411,1.17
5009,2703,213.26302,1.17
5009,4892,19.05,1.17
5009,5010,0.0,1.17
5009,6473,328.1932417,1.17
5010,5007,233.28,1.17
5010,5009,0.0,1.17
5010,5011,241.6002742,1.17
5011,5010,233.28,1.17
5011,5013,361.9402742,1.17
5011,12933,289.08,1.17
5012,2283,545.9455892,1.17
5012,10932,814.7512561,1.17
5012,12938,751.3668481,1.17
5013,5011,383.72,1.17
5013,9842,252.6402742,1.17
5013,11667,109.3,1.17
5014,5018,26.91327517,1.17
5014,7319,202.2667248,1.17
5014,11667,106.4,1.17
5015,4998,1789.464747,1.17
5015,5017,972.1667951,1.17
5015,10548,634.2418208,1.17
5015,12336,571.0255552,1.17
5016,5018,53.28,1.17
5016,11667,161.17,1.17
5016,12888,406.91,1.17
5017,5015,1205.645532,1.17
5017,5019,468.3603796,1.17
5017,5020,2340.217111,1.17
5017,10543,2907.936759,1.17
5018,5014,0.0,1.17
5018,5016,58.26,1.17
5018,7320,80.19327517,1.17
5019,5017,1369.468077,1.17
5019,5020,1658.551748,1.17
5019,12112,834.2968874,1.17
5019,12338,2044.875074,1.17
5020,5017,2744.114214,1.17
5020,5019,2144.692547,1.17
5020,5021,2502.909125,1.17
5020,10549,1495.859735,1.17
5021,5020,3159.672255,1.17
5021,5022,309.2079699,1.17
5021,12127,2193.701155,1.17
5022,5021,377.9002419,1.17
5022,5024,805.0031237,1.17
5022,5280,199.6744955,1.17
5022,10549,824.9651408,1.17
5023,1970,2334.843125,1.17
5023,10741,1668.744606,1.17
5023,10747,324.26,1.17
5024,5022,871.6570932,1.17
5024,5037,1705.273952,1.17
5024,10550,1495.577214,1.17
5024,12127,3475.869634,1.17
5025,1972,78.84,1.17
5025,2681,51.2,1.17
5025,10742,251.87,1.17
5026,1975,320.0492642,1.17
5026,2361,124.8,1.17
5026,10742,236.06,1.17
5027,1983,654.73,1.17
5027,1989,266.14,1.17
5027,5028,223.8210703,1.17
5028,1986,1691.746168,1.17
5028,5027,184.550162,1.17
5028,10497,1321.815473,1.17
5029,1994,431.23,1.17
5029,2038,856.9646164,1.17
5029,5618,1.87,1.17
5030,1937,1333.951236,1.17
5030,1975,789.82,1.17
5030,5031,86.91,1.17
5030,10494,0.0,1.17
5031,1976,0.0,1.17
5031,5030,58.1,1.17
5031,5032,0.0,1.17
5031,10492,103.1,1.17
5032,5031,0.0,1.17
5032,5033,0.0,1.17
5032,5035,0.0,1.17
5032,5036,0.0,1.17
5033,1985,638.1545267,1.17
5033,5032,0.0,1.17
5033,10812,789.263303,1.17
5034,5037,429.4679141,1.17
5034,5040,463.0816914,1.17
5034,10544,591.1615365,1.17
5034,12112,673.8610629,1.17
5035,5032,0.0,1.17
5035,10492,1505.415354,1.17
5035,10812,890.07,1.17
5036,1976,89.99,1.17
5036,1985,51.2,1.17
5036,5032,0.0,1.17
5037,5024,2137.850119,1.17
5037,5034,679.7233163,1.17
5037,10330,1870.608567,1.17
5037,10550,461.9589,1.17
5038,3992,0.0,1.17
5038,5039,165.77,1.17
5038,10481,375.6445691,1.17
5039,2368,164.01,1.17
5039,5038,375.6445691,1.17
5039,10482,1.76,1.17
5040,5034,719.9244468,1.17
5040,5074,373.2788285,1.17
5040,10330,1627.971335,1.17
5040,12341,2248.43906,1.17
5041,10319,1009.692302,1.17
5041,11871,718.6786312,1.17
5042,4900,5263.676539,1.17
5042,5044,932.6338275,1.17
5042,5045,0.0,1.17
5043,5044,808.0179442,1.17
5043,5045,1940.536604,1.17
5043,5047,4218.809488,1.17
5044,5042,1977.19,1.17
5044,5043,92.94,1.17
5044,6695,4285.137944,1.17
5045,5042,245.5932661,1.17
5045,5043,932.7902435,1.17
5045,10091,5671.438215,1.17
5046,5042,3973.5271,1.17
5047,5048,299.3,1.17
5047,5051,3919.509488,1.17
5048,2684,360.42,1.17
5048,5049,861.5185283,1.17
5049,5046,288.9646353,1.17
5049,5048,225.73,1.17
5049,10712,704.723893,1.17
5050,5046,3684.562465,1.17
5051,5053,462.5069139,1.17
5051,5056,3457.002574,1.17
5052,5050,551.43,1.17
5052,5058,6751.82567,1.17
5053,2034,8282.366912,1.17
5054,5050,3133.132465,1.17
5055,5054,3133.132465,1.17
5056,5057,3457.002574,1.17
5057,5058,3457.002574,1.17
5058,2177,10208.82824,1.17
5059,5053,7819.859998,1.17
5059,5055,3133.132465,1.17
5060,5061,2095.738664,1.17
5061,1870,2095.738664,1.17
5062,5063,1523.488084,1.17
5063,2179,1523.488084,1.17
5064,2178,7526.448881,1.17
5064,5060,2095.738664,1.17
5065,2179,6854.018587,1.17
5065,2729,1636.094809,1.17
5066,4033,0.0,1.17
5066,5067,0.0,1.17
5066,5071,91.24486584,1.17
5067,5066,91.24486584,1.17
5067,11129,206.3,1.17
5067,12606,315.3351342,1.17
5068,6700,348.9373676,1.17
5068,6753,95.92,1.17
5068,12562,48.04798915,1.17
5069,5070,175.0880983,1.17
5069,11124,472.4567845,1.17
5069,12606,310.2219017,1.17
5070,3747,175.0880983,1.17
5070,7298,381.0843675,1.17
5071,5066,0.0,1.17
5071,5069,176.3,1.17
5071,7300,91.24486584,1.17
5072,3881,7.18,1.17
5072,7552,0.0,1.17
5072,11135,1.19,1.17
5073,1881,793.005213,1.17
5073,2369,628.3257749,1.17
5073,10470,142.58,1.17
5074,5040,514.6188993,1.17
5074,5075,788.824281,1.17
5074,5076,651.049639,1.17
5074,10328,2067.444765,1.17
5075,5074,943.789513,1.17
5075,5080,543.8132632,1.17
5075,9628,1578.298477,1.17
5075,12344,1476.014575,1.17
5076,5074,779.6275971,1.17
5076,5077,2237.490509,1.17
5076,9628,301.4212084,1.17
5076,10330,2477.398179,1.17
5077,3984,1763.707751,1.17
5077,5076,2453.25233,1.17
5077,9628,2644.140244,1.17
5077,9629,2353.502443,1.17
5078,10703,332.6607829,1.17
5078,10709,247.7,1.17
5078,10710,1782.816083,1.17
5078,12950,1585.219814,1.17
5079,9656,0.0,1.17
5079,10702,304.744037,1.17
5079,10703,6.94,1.17
5079,12950,336.728334,1.17
5080,5075,635.5384816,1.17
5080,5081,2061.545969,1.17
5080,10329,3393.507165,1.17
5080,10331,647.3205669,1.17
5081,5080,2554.108482,1.17
5081,5381,2061.545969,1.17
5082,1966,1507.371155,1.17
5082,10703,105.03,1.17
5082,10704,1175.541371,1.17
5083,5084,1914.825459,1.17
5083,7924,1268.524079,1.17
5083,8483,2219.659449,1.17
5083,10811,1393.880492,1.17
5084,5083,2122.789449,1.17
5084,8516,1621.333487,1.17
5084,12321,2054.382503,1.17
5085,4528,1031.448478,1.17
5085,5087,2108.300029,1.17
5085,7932,415.5815849,1.17
5085,8516,2315.617983,1.17
5086,5122,926.6202756,1.17
5086,10020,1118.953639,1.17
5087,5085,2175.157224,1.17
5087,5103,211.2413796,1.17
5087,8518,2173.048725,1.17
5087,8942,549.5712147,1.17
5088,2616,1493.233245,1.17
5088,5093,0.0,1.17
5088,12958,1588.823021,1.17
5089,2621,247.0976595,1.17
5089,5090,230.0,1.17
5089,10460,349.4704334,1.17
5089,12961,126.9170992,1.17
5090,2622,0.0,1.17
5090,5089,246.67,1.17
5090,5091,230.0,1.17
5090,5108,0.0,1.17
5091,2623,16.05,1.17
5091,5090,246.67,1.17
5091,10461,235.69,1.17
5091,12969,28.6,1.17
5092,8899,894.0166672,1.17
5092,9349,1037.0099,1.17
5092,10943,477.5541915,1.17
5093,2621,235.3770992,1.17
5093,5088,0.0,1.17
5093,5094,0.0,1.17
5093,10454,247.0976595,1.17
5094,2622,0.0,1.17
5094,5093,0.0,1.17
5094,5095,0.0,1.17
5094,5099,0.0,1.17
5095,5094,0.0,1.17
5095,5096,0.0,1.17
5095,12963,0.0,1.17
5096,2623,34.29,1.17
5096,5095,0.0,1.17
5096,5097,0.0,1.17
5096,10455,16.05,1.17
5097,2624,423.25,1.17
5097,5096,0.0,1.17
5097,5098,318.5396808,1.17
5097,12967,7.13,1.17
5098,5097,416.28,1.17
5098,12966,1678.136784,1.17
5098,12967,953.9707631,1.17
5099,5094,0.0,1.17
5099,10454,1468.771647,1.17
5099,12963,1169.716661,1.17
5100,2472,285.41,1.17
5100,6684,1154.003842,1.17
5100,7924,1780.553552,1.17
5100,8620,182.8577531,1.17
5100,10545,848.6341103,1.17
5101,10455,0.0,1.17
5101,12964,548.3476589,1.17
5101,12965,478.8899526,1.17
5102,1871,866.8088475,1.17
5102,10468,276.49,1.17
5102,12971,859.8522861,1.17
5103,5087,460.5692294,1.17
5103,5494,622.3229887,1.17
5103,8622,614.0485225,1.17
5103,8626,728.719083,1.17
5104,1873,126.15,1.17
5104,10463,224.49,1.17
5104,10468,260.52,1.17
5105,2472,1203.604928,1.17
5105,5107,589.64,1.17
5105,5119,393.5925516,1.17
5105,10545,809.8287972,1.17
5106,1881,166.11,1.17
5106,10464,135.6103342,1.17
5106,10469,3.26,1.17
5106,10470,3.51,1.17
5107,5105,772.6460567,1.17
5107,5116,327.55,1.17
5107,5119,328.084646,1.17
5107,10546,302.8424852,1.17
5108,1867,0.0,1.17
5108,5090,0.0,1.17
5108,12961,999.852014,1.17
5108,12962,845.9243162,1.17
5109,2735,1624.633125,1.17
5109,10464,1527.956802,1.17
5109,10470,359.75,1.17
5110,1807,1773.787558,1.17
5110,2369,190.54,1.17
5110,2734,1796.629473,1.17
5111,1807,2269.126643,1.17
5111,1808,2074.420393,1.17
5111,10465,221.29,1.17
5112,1825,1839.831001,1.17
5112,5118,0.0,1.17
5112,10315,1888.989189,1.17
5113,5114,194.9013368,1.17
5113,12968,962.4708801,1.17
5113,12971,232.0844842,1.17
5114,5113,338.5937466,1.17
5114,5115,11.64,1.17
5114,10462,751.3062789,1.17
5114,12968,404.0962229,1.17
5115,2630,189.68,1.17
5115,5114,22.29,1.17
5115,10463,218.06,1.17
5116,5107,703.6981281,1.17
5116,5152,546.25,1.17
5116,5163,1287.755458,1.17
5116,10546,1861.348562,1.17
5117,1801,445.01,1.17
5117,10459,678.9131318,1.17
5117,10465,71.08,1.17
5118,5112,116.0777688,1.17
5118,5125,0.0,1.17
5118,10313,616.8079812,1.17
5118,11868,563.1317204,1.17
5119,5105,630.2832494,1.17
5119,5107,40.75248519,1.17
5119,5158,393.5925516,1.17
5120,5121,1059.014124,1.17
5120,8626,514.2942313,1.17
5120,8630,1057.404009,1.17
5120,10552,757.8702433,1.17
5121,5120,483.9475748,1.17
5121,5501,869.4443871,1.17
5121,5506,421.3013222,1.17
5121,8626,943.0193245,1.17
5122,3909,802.3452135,1.17
5122,4019,1244.295067,1.17
5122,5086,1118.953639,1.17
5123,1802,535.15,1.17
5123,5124,521.0,1.17
5123,10459,345.38,1.17
5124,1806,6613.766716,1.17
5125,1817,462.6599935,1.17
5125,1819,525.9011836,1.17
5125,2638,63.52,1.17
5125,5118,0.0,1.17
5126,1818,679.2176806,1.17
5126,2638,139.4257304,1.17
5126,5127,341.555968,1.17
5126,10311,657.1184821,1.17
5127,1814,876.2158133,1.17
5127,5126,478.0157427,1.17
5127,11867,500.6595203,1.17
5128,4990,931.281835,1.17
5128,5152,1175.843941,1.17
5128,5154,906.2642469,1.17
5128,10547,2184.421417,1.17
5129,2574,607.1367718,1.17
5129,12163,343.35115,1.17
5129,12857,214.4520281,1.17
5130,1997,2965.743034,1.17
5130,1998,2179.964606,1.17
5131,3608,809.63,1.17
5132,3609,466.53,1.17
5133,6812,706.99,1.17
5134,6813,466.53,1.17
5135,5137,706.99,1.17
5136,5134,466.53,1.17
5137,5139,706.99,1.17
5138,5136,466.53,1.17
5139,9162,706.99,1.17
5140,5156,2727.312814,1.17
5141,3273,1567.95,1.17
5142,7763,691.02,1.17
5142,7772,857.3163001,1.17
5142,12206,143.02,1.17
5142,12207,104.71,1.17
5143,6817,271.2476325,1.17
5143,12931,2326.558829,1.17
5143,12940,2179.408005,1.17
5144,5145,3535.903915,1.17
5145,12875,3535.903915,1.17
5146,5147,5106.200848,1.17
5147,12951,5106.200848,1.17
5148,12497,4383.251166,1.17
5149,9618,333.59,1.17
5149,10324,866.1287095,1.17
5150,2201,341.53,1.17
5150,7593,1580.866561,1.17
5150,10801,2420.78129,1.17
5151,3217,685.6538253,1.17
5151,8231,163.4833763,1.17
5151,11389,546.1888699,1.17
5152,5116,703.6981281,1.17
5152,5128,1201.438274,1.17
5152,5154,526.345205,1.17
5152,5163,1081.572632,1.17
5153,3909,129.4534715,1.17
5153,5468,0.0,1.17
5153,5781,0.0,1.17
5154,5128,1806.414057,1.17
5154,5152,609.4268187,1.17
5154,10553,1432.609452,1.17
5155,5141,1567.95,1.17
5156,10065,2727.312814,1.17
5157,2944,363.3144262,1.17
5157,4657,5.993444931,1.17
5157,9826,357.0560262,1.17
5158,5119,342.9510886,1.17
5158,8631,2003.315218,1.17
5158,8640,1403.11224,1.17
5159,5160,1452.264947,1.17
5159,5161,3230.599112,1.17
5159,10614,4842.042961,1.17
5160,5159,2029.194719,1.17
5160,8222,9097.513923,1.17
5161,5159,3443.61435,1.17
5161,5162,1499.622511,1.17
5161,10619,2590.312941,1.17
5162,5161,1073.12405,1.17
5162,8230,9494.108721,1.17
5163,5116,1861.348562,1.17
5163,5152,1181.533479,1.17
5163,8640,1355.919489,1.17
5163,8641,1013.408601,1.17
5164,5166,907.0508088,1.17
5164,10438,1864.768479,1.17
5164,10445,2069.683162,1.17
5165,10432,325.3053439,1.17
5165,12868,637.1486178,1.17
5165,12869,395.2130136,1.17
5166,5164,705.0669877,1.17
5166,5168,607.1826452,1.17
5166,12869,299.8681637,1.17
5167,8358,2257.915625,1.17
5167,8819,1269.160496,1.17
5167,8828,2650.569108,1.17
5167,10343,1943.693443,1.17
5168,5166,494.9396491,1.17
5168,5169,354.3376794,1.17
5168,12788,770.6614245,1.17
5168,12789,1147.721755,1.17
5169,5168,133.9096491,1.17
5169,6723,509.7486906,1.17
5169,12790,374.5167706,1.17
5169,12791,458.2842659,1.17
5170,5171,41.50624785,1.17
5170,10432,194.35,1.17
5170,12784,369.7667706,1.17
5170,12790,400.7792317,1.17
5171,5170,194.35,1.17
5171,5172,132.7162479,1.17
5171,10426,421.1492744,1.17
5171,12793,400.0463079,1.17
5172,5171,194.35,1.17
5172,5218,0.0,1.17
5172,10420,318.6327258,1.17
5172,12714,457.6162479,1.17
5173,5176,608.61,1.17
5173,5180,8700.107785,1.17
5174,5175,492.0717538,1.17
5174,5176,2686.622552,1.17
5174,12862,1772.927619,1.17
5175,5174,1015.308977,1.17
5175,10096,7009.514454,1.17
5176,5173,1682.721025,1.17
5176,5174,2065.613192,1.17
5176,12863,2535.794618,1.17
5177,5178,44.92765949,1.17
5177,12863,168.2242247,1.17
5178,5177,168.2242247,1.17
5178,5181,44.92765949,1.17
5178,10437,0.0,1.17
5179,5178,168.2242247,1.17
5180,5181,380.7223405,1.17
5180,5186,8319.385444,1.17
5181,5178,0.0,1.17
5181,12867,425.65,1.17
5182,5175,7532.751677,1.17
5183,5179,168.2242247,1.17
5183,5182,381.1829592,1.17
5183,12866,1251.383915,1.17
5183,12867,831.6406341,1.17
5184,5193,1801.00963,1.17
5184,5194,221.9850511,1.17
5184,12778,1750.409415,1.17
5185,5186,430.4595018,1.17
5185,12785,426.9381637,1.17
5186,5190,8749.844946,1.17
5187,5183,1368.79881,1.17
5188,5182,7151.568718,1.17
5188,5187,900.6341259,1.17
5189,5187,468.1646843,1.17
5189,10430,483.32,1.17
5189,12785,944.2095412,1.17
5190,5191,910.4320579,1.17
5190,5197,7839.412888,1.17
5191,5190,0.0,1.17
5191,5194,1770.766865,1.17
5192,5188,8052.202844,1.17
5193,5189,553.2751399,1.17
5193,5192,1247.73449,1.17
5194,5184,953.5649589,1.17
5194,5195,1039.186958,1.17
5195,5196,445.1667041,1.17
5195,5197,943.9038255,1.17
5195,12783,303.423171,1.17
5196,5184,1620.285943,1.17
5196,5195,253.2287744,1.17
5196,12229,295.9187355,1.17
5197,5201,8783.316714,1.17
5198,5192,6804.468353,1.17
5198,5196,1119.856487,1.17
5199,12698,664.1919836,1.17
5199,12699,754.2339038,1.17
5200,12227,51.38,1.17
5200,12702,944.2583499,1.17
5201,2445,8650.696363,1.17
5201,5202,1694.7287,1.17
5202,5201,1562.10835,1.17
5202,12227,1045.154301,1.17
5202,12702,1526.28828,1.17
5202,12705,1904.431904,1.17
5203,5198,7924.32484,1.17
5203,12702,1156.767238,1.17
5204,5205,21.75,1.17
5204,5206,842.4120919,1.17
5204,7752,0.0,1.17
5204,10403,455.934679,1.17
5205,5204,455.934679,1.17
5205,6731,77.78,1.17
5205,7769,1569.841389,1.17
5206,8164,12531.40018,1.17
5207,5205,1043.694332,1.17
5207,8172,10511.18747,1.17
5208,7744,52.63,1.17
5208,9041,400.6112891,1.17
5209,5210,1390.623962,1.17
5209,7648,1265.729071,1.17
5209,10391,1549.973849,1.17
5210,5211,1289.92073,1.17
5210,7647,1636.238348,1.17
5210,7650,1908.487603,1.17
5211,5212,1422.60099,1.17
5211,7602,450.58,1.17
5211,10386,1110.717926,1.17
5212,4369,1253.055817,1.17
5212,7601,465.3815429,1.17
5212,7603,321.42,1.17
5213,7701,226.8723705,1.17
5213,7703,843.0560564,1.17
5214,7706,0.0,1.17
5214,7707,794.0558064,1.17
5214,7708,0.0,1.17
5215,7661,25.3,1.17
5215,7662,0.0,1.17
5215,7663,63.14,1.17
5216,2439,5126.321506,1.17
5217,2444,6304.595575,1.17
5217,5218,221.5227258,1.17
5218,5172,225.2027258,1.17
5218,5219,0.0,1.17
5219,2046,1213.500547,1.17
5219,2275,1578.199805,1.17
5219,5218,3.68,1.17
5220,10418,624.3535122,1.17
5220,12695,526.3287355,1.17
5220,12698,619.2170064,1.17
5220,12701,251.5253716,1.17
5221,4875,0.0,1.17
5221,5222,10.85360343,1.17
5221,5459,0.0,1.17
5222,5221,0.0,1.17
5222,5223,10.85360343,1.17
5222,5238,0.0,1.17
5223,4908,677.8311693,1.17
5223,5222,0.0,1.17
5223,5224,81.29,1.17
5223,5239,491.9825324,1.17
5224,4909,155.6096076,1.17
5224,5223,145.8478541,1.17
5224,5225,24.71,1.17
5224,5240,76.37,1.17
5225,4910,115.9603924,1.17
5225,5224,104.9678541,1.17
5225,5226,42.52,1.17
5225,5241,61.87,1.17
5226,4911,0.0,1.17
5226,5225,131.1278541,1.17
5226,5227,42.43,1.17
5226,5242,7.22,1.17
5227,4913,7.27,1.17
5227,5226,134.6678541,1.17
5227,5228,42.51,1.17
5227,11685,2.69,1.17
5228,4914,18.7,1.17
5228,5227,132.6678541,1.17
5228,5229,52.26,1.17
5229,5228,130.6178541,1.17
5229,5230,51.93,1.17
5229,5245,0.33,1.17
5230,4917,488.5376989,1.17
5230,5229,130.3278541,1.17
5230,5246,373.7374676,1.17
5230,11658,73.58,1.17
5231,4919,15.79,1.17
5231,5233,0.0,1.17
5231,11658,8.87,1.17
5232,5243,2529.994784,1.17
5232,8711,1752.170632,1.17
5232,8714,2587.620465,1.17
5232,10553,1526.090578,1.17
5233,4921,77.21230115,1.17
5233,5231,0.0,1.17
5233,5234,42.54,1.17
5234,5233,77.21230115,1.17
5234,5235,149.11,1.17
5234,5248,90.49,1.17
5234,11658,151.0778541,1.17
5235,4924,40.76,1.17
5235,5234,192.6078541,1.17
5235,5236,136.11,1.17
5235,5249,27.21,1.17
5236,4926,35.5,1.17
5236,5235,185.7278541,1.17
5236,5237,122.34,1.17
5236,5250,9.63,1.17
5237,5236,183.7678541,1.17
5237,5251,0.0,1.17
5237,10743,0.0,1.17
5237,11641,122.34,1.17
5238,5222,0.0,1.17
5238,5252,0.0,1.17
5238,5464,0.0,1.17
5239,5223,644.9833152,1.17
5239,5240,31.56,1.17
5239,5253,65.38,1.17
5239,11684,454.3725324,1.17
5240,5224,99.02960761,1.17
5240,5239,48.57,1.17
5240,5241,31.56,1.17
5240,5258,76.37,1.17
5241,1999,61.87,1.17
5241,5225,89.80039239,1.17
5241,5240,48.57,1.17
5241,5242,31.56,1.17
5242,5226,3.59,1.17
5242,5241,57.13,1.17
5242,5260,5.1,1.17
5242,11685,35.92,1.17
5243,5232,3452.367079,1.17
5243,5530,2304.705293,1.17
5243,8717,1971.22959,1.17
5243,10553,2133.875313,1.17
5244,5245,79.64,1.17
5244,5263,0.0,1.17
5244,11685,50.31,1.17
5245,5229,0.29,1.17
5245,5244,50.31,1.17
5245,5246,79.62,1.17
5245,5265,0.35,1.17
5246,2000,343.61,1.17
5246,5230,460.8476989,1.17
5246,5245,46.1,1.17
5246,5247,39.70746758,1.17
5247,5246,27.41,1.17
5247,5248,39.70746758,1.17
5247,5266,0.0,1.17
5247,11658,0.0,1.17
5248,5234,138.2123011,1.17
5248,5247,27.41,1.17
5248,5249,17.18746758,1.17
5248,11659,68.9,1.17
5249,5235,27.76,1.17
5249,5248,6.36,1.17
5249,5250,0.0,1.17
5249,5268,44.39746758,1.17
5250,5236,21.73,1.17
5250,5249,0.0,1.17
5250,5251,0.0,1.17
5250,5269,9.63,1.17
5251,5237,0.0,1.17
5251,5250,0.0,1.17
5251,5270,0.0,1.17
5251,5630,0.0,1.17
5252,5238,0.0,1.17
5252,5253,104.91,1.17
5252,5255,0.0,1.17
5252,5467,195.1866848,1.17
5253,5239,106.94,1.17
5253,5252,195.1866848,1.17
5253,5256,13.23,1.17
5253,11684,59.18,1.17
5254,5257,1852.097856,1.17
5254,5267,689.576105,1.17
5254,10548,2019.588308,1.17
5255,5252,0.0,1.17
5255,5256,0.0,1.17
5255,5271,0.0,1.17
5256,5253,110.49,1.17
5256,5255,0.0,1.17
5256,5273,13.23,1.17
5256,7304,0.0,1.17
5257,5254,1735.093311,1.17
5257,5549,778.1178688,1.17
5257,8715,1884.339988,1.17
5257,10555,569.1861942,1.17
5258,1999,295.8825324,1.17
5258,5240,99.02960761,1.17
5258,5259,28.83,1.17
5258,11686,260.09,1.17
5259,5258,24.07,1.17
5259,5274,369.85,1.17
5259,7304,324.69,1.17
5260,1999,323.17,1.17
5260,5242,4.27,1.17
5260,5261,309.1725324,1.17
5261,5260,318.9,1.17
5261,5262,1.76,1.17
5261,5263,308.9225324,1.17
5262,5261,0.58,1.17
5262,5264,0.0,1.17
5262,5277,1.76,1.17
5263,5244,0.0,1.17
5263,5261,319.83,1.17
5263,5264,0.0,1.17
5263,5265,308.9225324,1.17
5264,5262,0.0,1.17
5264,5263,0.0,1.17
5264,5278,0.0,1.17
5265,2000,308.9025324,1.17
5265,5245,4.5,1.17
5265,5263,319.83,1.17
5265,5279,0.34,1.17
5266,2000,237.3976989,1.17
5266,5247,0.0,1.17
5266,5281,0.0,1.17
5266,11659,196.6825324,1.17
5267,5254,1187.511333,1.17
5267,5280,463.536105,1.17
5267,10549,1000.17058,1.17
5267,10555,1036.664937,1.17
5268,5249,34.12,1.17
5268,5269,258.96,1.17
5268,11659,139.9,1.17
5268,11661,46.81,1.17
5269,5250,21.73,1.17
5269,5268,165.86,1.17
5269,5270,257.35,1.17
5269,5284,9.39,1.17
5270,5251,0.0,1.17
5270,5269,165.62,1.17
5270,9851,0.0,1.17
5270,11817,257.35,1.17
5271,5255,0.0,1.17
5271,5272,0.03,1.17
5271,5473,0.04,1.17
5272,5271,0.04,1.17
5272,5273,0.41,1.17
5272,5285,0.75,1.17
5273,5256,110.49,1.17
5273,5272,0.79,1.17
5273,5274,1.37,1.17
5273,5286,13.68,1.17
5274,5259,348.76,1.17
5274,5273,1.24,1.17
5274,5275,0.48,1.17
5274,5288,369.4,1.17
5275,1999,35.02,1.17
5275,5274,0.79,1.17
5275,5276,29.09,1.17
5276,5275,34.73,1.17
5276,5277,1.78,1.17
5276,5290,27.31,1.17
5277,5262,0.58,1.17
5277,5276,4.82,1.17
5277,5278,0.03,1.17
5277,11687,3.51,1.17
5278,5264,0.0,1.17
5278,5277,0.16,1.17
5278,5279,0.03,1.17
5278,5293,0.0,1.17
5279,5265,0.29,1.17
5279,5278,0.16,1.17
5279,5295,0.34,1.17
5279,11660,0.03,1.17
5280,3983,306.2042662,1.17
5280,5022,548.5008792,1.17
5280,5267,755.2926854,1.17
5280,5283,465.8503696,1.17
5281,5266,0.0,1.17
5281,5282,23.89,1.17
5281,5297,0.0,1.17
5281,11660,8.02,1.17
5282,5281,8.02,1.17
5282,5298,65.66,1.17
5282,11659,148.54,1.17
5282,11661,30.44,1.17
5283,5280,769.0426943,1.17
5283,5570,761.5889479,1.17
5283,10555,639.8023977,1.17
5283,10556,971.8928571,1.17
5284,5269,20.12,1.17
5284,5300,10.77,1.17
5284,9851,0.0,1.17
5284,11661,2.06,1.17
5285,5272,0.38,1.17
5285,5286,6.26,1.17
5285,5496,12.12,1.17
5286,5273,111.45,1.17
5286,5285,11.37,1.17
5286,5287,0.86,1.17
5286,5302,19.08,1.17
5287,5286,4.0,1.17
5287,5288,34.93,1.17
5287,5304,162.66,1.17
5288,5274,347.87,1.17
5288,5287,166.66,1.17
5288,5289,207.6,1.17
5289,5288,317.8,1.17
5289,5290,3.17,1.17
5289,5291,204.43,1.17
5290,5276,29.91,1.17
5290,5289,14.95,1.17
5290,5291,27.31,1.17
5290,11687,3.17,1.17
5291,5289,302.85,1.17
5291,5290,29.91,1.17
5291,5305,231.74,1.17
5292,3983,29.86,1.17
5292,5335,1164.84339,1.17
5292,5337,614.5229342,1.17
5292,10550,2068.84516,1.17
5293,5278,0.0,1.17
5293,5294,24.79,1.17
5293,11687,8.41,1.17
5294,5293,8.41,1.17
5294,5295,24.79,1.17
5294,5313,0.0,1.17
5295,5279,0.29,1.17
5295,5294,8.41,1.17
5295,5296,24.79,1.17
5295,5314,0.34,1.17
5296,5295,8.41,1.17
5296,5297,6.06,1.17
5296,5315,366.57,1.17
5296,11660,398.31,1.17
5297,5281,0.0,1.17
5297,5296,6.5,1.17
5297,5298,6.06,1.17
5297,5316,0.0,1.17
5298,5282,139.06,1.17
5298,5297,6.5,1.17
5298,5299,22.02,1.17
5298,5317,49.7,1.17
5299,5298,72.03,1.17
5299,5300,22.02,1.17
5299,5318,34.12,1.17
5299,11661,22.11,1.17
5300,5284,22.18,1.17
5300,5299,72.03,1.17
5300,5301,23.4,1.17
5300,5319,9.39,1.17
5301,5300,74.09,1.17
5301,5320,0.0,1.17
5301,5665,23.4,1.17
5301,9851,0.0,1.17
5302,5286,118.82,1.17
5302,5303,19.08,1.17
5303,5302,118.82,1.17
5303,5304,0.01,1.17
5303,5322,19.07,1.17
5304,5287,34.07,1.17
5304,5303,10.59,1.17
5304,5305,1.38,1.17
5304,5323,163.17,1.17
5305,5291,332.76,1.17
5305,5304,0.61,1.17
5305,5306,231.25,1.17
5305,5310,0.11,1.17
5306,5305,331.49,1.17
5306,5307,0.87,1.17
5306,5324,233.06,1.17
5307,5306,1.81,1.17
5307,5308,0.0,1.17
5307,5310,0.87,1.17
5308,5307,0.0,1.17
5308,5309,0.0,1.17
5309,5308,0.0,1.17
5309,5312,1.76,1.17
5309,5325,6.07,1.17
5310,5305,0.12,1.17
5310,5307,1.81,1.17
5310,5311,0.98,1.17
5311,5310,1.93,1.17
5311,5312,6.08,1.17
5311,11687,2.73,1.17
5312,5309,6.07,1.17
5312,5311,1.86,1.17
5312,5313,0.01,1.17
5313,5294,0.0,1.17
5313,5312,0.1,1.17
5313,5314,0.01,1.17
5314,5295,0.29,1.17
5314,5313,0.1,1.17
5314,5315,0.01,1.17
5314,5326,0.34,1.17
5315,5296,378.53,1.17
5315,5314,0.1,1.17
5315,5316,0.01,1.17
5315,5327,366.57,1.17
5316,5297,0.0,1.17
5316,5315,0.1,1.17
5316,5317,0.01,1.17
5316,5328,0.0,1.17
5317,5298,73.53,1.17
5317,5316,0.1,1.17
5317,5318,0.01,1.17
5317,5329,49.7,1.17
5318,5299,22.11,1.17
5318,5317,0.1,1.17
5318,5319,0.01,1.17
5318,5330,34.12,1.17
5319,5300,20.12,1.17
5319,5318,0.1,1.17
5319,5320,0.58,1.17
5319,5331,8.82,1.17
5320,5301,0.0,1.17
5320,5319,0.81,1.17
5320,5331,0.0,1.17
5320,5680,0.58,1.17
5321,5322,0.0,1.17
5321,5333,0.0,1.17
5322,5303,108.23,1.17
5322,5321,0.0,1.17
5322,5323,4.63,1.17
5322,5334,14.44,1.17
5323,5304,45.93,1.17
5323,5322,0.0,1.17
5323,5324,4.63,1.17
5323,11688,163.17,1.17
5324,5306,332.36,1.17
5324,5323,5.86,1.17
5324,5336,237.69,1.17
5325,5309,1.76,1.17
5325,5326,0.0,1.17
5325,5340,6.07,1.17
5326,5314,0.29,1.17
5326,5325,0.0,1.17
5326,5327,7.87,1.17
5326,5341,2.24,1.17
5327,5315,378.53,1.17
5327,5326,1.9,1.17
5327,5328,0.0,1.17
5327,11662,364.67,1.17
5328,5316,0.0,1.17
5328,5327,0.0,1.17
5328,5329,0.0,1.17
5328,5342,0.0,1.17
5329,5317,73.53,1.17
5329,5328,0.0,1.17
5329,5330,0.0,1.17
5329,5343,49.7,1.17
5330,5318,22.11,1.17
5330,5329,0.0,1.17
5330,5331,0.0,1.17
5330,11663,34.12,1.17
5331,5319,19.41,1.17
5331,5320,0.0,1.17
5331,5330,0.0,1.17
5331,9852,8.82,1.17
5332,5348,0.0,1.17
5332,5698,0.0,1.17
5333,5321,0.0,1.17
5333,5334,0.39,1.17
5333,5349,0.52,1.17
5334,5322,108.23,1.17
5334,5333,0.52,1.17
5334,5350,14.36,1.17
5334,11688,0.33,1.17
5335,5292,1218.917041,1.17
5335,5344,770.2094127,1.17
5335,8759,738.1854645,1.17
5335,10556,432.9725563,1.17
5336,5324,338.22,1.17
5336,5338,206.02,1.17
5336,11689,31.67,1.17
5337,5292,716.152028,1.17
5337,5344,2131.064058,1.17
5337,10330,1962.216004,1.17
5338,5336,296.59,1.17
5338,5340,222.89,1.17
5338,11689,5.41,1.17
5339,3704,27.5,1.17
5339,5482,54.91,1.17
5339,11955,70.94,1.17
5340,5325,1.76,1.17
5340,5338,302.0,1.17
5340,5341,49.28,1.17
5340,5353,179.68,1.17
5341,5326,8.16,1.17
5341,5340,70.16,1.17
5341,5354,0.25,1.17
5341,11662,41.38,1.17
5342,5328,0.0,1.17
5342,5343,73.22,1.17
5342,11662,106.75,1.17
5343,5329,73.53,1.17
5343,5342,106.75,1.17
5343,5356,0.0,1.17
5343,11663,119.87,1.17
5344,5335,865.7399592,1.17
5344,5337,2538.505026,1.17
5344,8759,2258.42347,1.17
5344,10332,642.85,1.17
5345,5346,42.81,1.17
5345,5347,65.45,1.17
5345,9852,147.53,1.17
5346,5345,55.58,1.17
5346,5347,0.0,1.17
5346,5348,42.81,1.17
5347,5345,91.95,1.17
5347,5346,0.0,1.17
5347,5359,65.45,1.17
5348,5332,0.0,1.17
5348,5346,55.58,1.17
5348,5364,0.0,1.17
5348,5711,42.81,1.17
5349,5333,0.39,1.17
5349,5350,0.46,1.17
5349,5367,0.0,1.17
5349,5555,1.31,1.17
5350,5334,108.1,1.17
5350,5349,0.79,1.17
5350,5351,0.46,1.17
5350,5368,14.36,1.17
5351,5350,0.79,1.17
5351,5352,0.46,1.17
5351,11688,32.3,1.17
5351,11690,165.05,1.17
5352,5351,0.79,1.17
5352,5353,0.0,1.17
5352,5370,56.24,1.17
5352,11689,35.08,1.17
5353,5340,233.6,1.17
5353,5352,0.0,1.17
5353,5354,0.0,1.17
5353,11691,179.68,1.17
5354,5341,0.26,1.17
5354,5353,0.0,1.17
5354,5355,6.937653791,1.17
5354,11664,0.25,1.17
5355,5354,0.0,1.17
5355,5356,0.0,1.17
5355,5373,361.05,1.17
5355,11662,329.7,1.17
5356,5343,0.0,1.17
5356,5355,0.0,1.17
5356,5357,0.0,1.17
5356,5375,0.0,1.17
5357,5356,0.0,1.17
5357,5358,76.59,1.17
5357,11663,68.65,1.17
5358,5357,68.65,1.17
5358,5362,0.0,1.17
5358,5376,76.59,1.17
5359,5347,91.95,1.17
5359,5360,6.29,1.17
5359,5361,59.16,1.17
5360,5359,3.27,1.17
5360,5361,0.0,1.17
5360,5362,6.29,1.17
5361,5359,88.68,1.17
5361,5360,0.0,1.17
5361,6501,59.16,1.17
5362,5358,0.0,1.17
5362,5360,3.27,1.17
5362,5377,6.29,1.17
5362,11665,0.0,1.17
5363,3984,2344.774878,1.17
5363,3986,872.6563154,1.17
5363,5369,1595.484653,1.17
5363,8977,615.7585655,1.17
5364,2009,381.9,1.17
5364,5348,0.0,1.17
5364,5711,176.6071913,1.17
5365,5366,577.56,1.17
5365,6502,217.2671913,1.17
5365,11665,17.54,1.17
5366,5365,234.8071913,1.17
5366,5379,560.59,1.17
5366,5380,16.97,1.17
5367,5349,0.0,1.17
5367,5368,211.6647744,1.17
5367,5382,0.0,1.17
5367,5568,240.88,1.17
5368,5350,108.1,1.17
5368,5367,240.88,1.17
5368,5383,9.75,1.17
5368,11690,213.0247744,1.17
5369,5363,1846.261868,1.17
5369,5625,2151.230122,1.17
5369,10332,415.7301544,1.17
5369,10333,2472.877104,1.17
5370,5352,34.62,1.17
5370,5385,34.83,1.17
5370,11690,238.77,1.17
5370,11691,248.8847744,1.17
5371,3986,1537.956776,1.17
5371,5372,1478.602412,1.17
5371,5410,1322.369858,1.17
5371,9629,1657.834177,1.17
5371,10331,1353.571066,1.17
5372,5371,1402.25968,1.17
5372,5442,722.7242316,1.17
5372,5639,1478.602412,1.17
5372,10333,732.9349536,1.17
5373,5355,322.7623462,1.17
5373,5374,245.7747744,1.17
5373,5388,537.87,1.17
5373,11664,445.4124297,1.17
5374,5373,234.06,1.17
5374,5375,245.7747744,1.17
5374,5389,0.0,1.17
5375,5356,0.0,1.17
5375,5374,234.06,1.17
5375,5376,245.7747744,1.17
5375,5390,0.0,1.17
5376,5358,68.65,1.17
5376,5375,234.06,1.17
5376,6680,251.8647744,1.17
5376,7529,70.5,1.17
5377,5362,3.27,1.17
5377,5378,202.83,1.17
5377,5391,179.8026881,1.17
5377,6681,341.31,1.17
5378,5377,341.31,1.17
5378,5379,114.42,1.17
5378,11665,201.57,1.17
5379,5366,210.1471913,1.17
5379,5378,154.13,1.17
5379,5380,0.0,1.17
5379,5392,519.62,1.17
5380,5366,24.66,1.17
5380,5379,0.0,1.17
5380,5393,16.97,1.17
5381,5081,2554.108482,1.17
5381,5410,652.2650305,1.17
5381,5435,3890.539164,1.17
5381,10331,1393.671164,1.17
5382,5367,0.0,1.17
5382,5383,0.0,1.17
5382,5394,0.0,1.17
5382,5587,0.0,1.17
5383,5368,24.07,1.17
5383,5382,0.0,1.17
5383,5384,0.0,1.17
5383,5396,9.75,1.17
5384,5383,0.0,1.17
5384,5385,0.0,1.17
5384,5397,170.45,1.17
5384,11690,117.19,1.17
5385,5370,31.21,1.17
5385,5384,0.0,1.17
5385,5386,0.0,1.17
5385,5398,34.83,1.17
5386,5385,0.0,1.17
5386,5387,0.0,1.17
5386,5399,0.0,1.17
5386,11691,36.15757031,1.17
5387,5386,36.15757031,1.17
5387,5388,0.0,1.17
5387,5400,0.0,1.17
5387,11664,0.0,1.17
5388,2008,537.87,1.17
5388,5373,505.4924297,1.17
5388,5387,36.15757031,1.17
5388,5389,0.0,1.17
5389,5374,0.0,1.17
5389,5388,0.0,1.17
5389,5390,0.0,1.17
5389,5401,0.0,1.17
5390,5375,0.0,1.17
5390,5389,0.0,1.17
5390,5402,0.0,1.17
5390,7529,0.0,1.17
5391,5377,3.27,1.17
5391,5392,250.3026881,1.17
5391,7529,72.31,1.17
5392,5379,208.8871913,1.17
5392,5391,75.58,1.17
5392,5393,46.18,1.17
5392,5406,804.3526881,1.17
5393,5380,24.66,1.17
5393,5392,76.76,1.17
5393,5405,9.32,1.17
5393,11647,53.83,1.17
5394,5382,0.0,1.17
5394,5395,0.0,1.17
5394,5606,0.0,1.17
5395,5394,0.0,1.17
5395,5609,0.0,1.17
5395,6499,0.0,1.17
5396,5383,24.07,1.17
5396,5397,6.73,1.17
5396,6499,11.61,1.17
5397,5384,117.19,1.17
5397,5396,1.86,1.17
5397,6804,169.21,1.17
5398,5385,31.21,1.17
5398,5399,0.38,1.17
5398,6804,35.07,1.17
5399,5386,0.0,1.17
5399,5398,0.24,1.17
5399,5400,0.38,1.17
5400,2008,0.38,1.17
5400,5387,0.0,1.17
5400,5399,0.24,1.17
5401,2008,41.49,1.17
5401,5389,0.0,1.17
5401,5402,175.9758822,1.17
5402,5390,0.0,1.17
5402,5401,41.49,1.17
5402,5403,175.9758822,1.17
5403,5402,41.49,1.17
5403,5404,17.7,1.17
5403,5406,288.3171913,1.17
5403,11944,964.0385703,1.17
5404,5403,42.95,1.17
5404,5405,17.7,1.17
5404,5406,0.0,1.17
5405,5393,14.13,1.17
5405,5404,42.95,1.17
5405,5767,27.02,1.17
5406,5392,288.3171913,1.17
5406,5403,804.3526881,1.17
5406,5404,0.0,1.17
5407,5408,0.0,1.17
5407,5409,47.11,1.17
5407,9535,65.48,1.17
5408,5407,0.0,1.17
5408,5413,93.34,1.17
5408,9546,100.13,1.17
5409,5407,65.48,1.17
5409,5411,8.75,1.17
5409,9853,0.0,1.17
5409,11756,38.36,1.17
5410,5371,1405.533748,1.17
5410,5381,424.8628552,1.17
5410,5442,0.0,1.17
5410,8784,897.5070032,1.17
5411,5409,5.28,1.17
5411,5412,706.98,1.17
5411,5415,0.0,1.17
5411,11756,455.85,1.17
5412,5411,461.13,1.17
5412,5417,548.19,1.17
5412,5422,158.79,1.17
5413,5408,100.13,1.17
5413,5414,30.18,1.17
5413,11756,115.25,1.17
5414,5413,21.91,1.17
5414,5415,0.0,1.17
5414,6703,30.18,1.17
5415,5411,0.0,1.17
5415,5414,0.0,1.17
5415,5416,0.0,1.17
5416,5415,0.0,1.17
5416,5422,0.0,1.17
5417,5412,318.76,1.17
5417,5418,550.48,1.17
5417,5422,0.0,1.17
5417,9853,0.74,1.17
5418,5417,319.03,1.17
5418,5419,31.87,1.17
5418,5420,516.72,1.17
5418,5421,1.89,1.17
5419,4779,77.76,1.17
5419,5418,18.61,1.17
5419,5420,104.82,1.17
5419,5421,47.42,1.17
5420,4773,3216.175226,1.17
5420,5418,0.59,1.17
5420,5419,0.0,1.17
5421,5418,299.83,1.17
5421,5419,45.89,1.17
5421,5425,1523.32,1.17
5422,5412,142.37,1.17
5422,5416,0.0,1.17
5422,5417,0.0,1.17
5422,5423,158.79,1.17
5423,5422,142.37,1.17
5423,5424,0.0,1.17
5423,5425,158.79,1.17
5423,5426,0.0,1.17
5424,5420,2595.225226,1.17
5424,5423,142.37,1.17
5424,5426,53.85,1.17
5425,5423,0.0,1.17
5425,5426,0.0,1.17
5425,5434,1682.11,1.17
5426,5423,0.0,1.17
5426,5424,0.0,1.17
5426,5425,0.0,1.17
5426,5427,53.85,1.17
5427,4779,53.85,1.17
5427,5426,0.0,1.17
5428,4218,0.0,1.17
5428,5431,0.0,1.17
5428,11957,0.0,1.17
5429,5432,266.97,1.17
5429,5434,47.06,1.17
5429,11758,27.3,1.17
5430,5381,4600.044677,1.17
5430,8784,753.268718,1.17
5431,4281,350.988862,1.17
5431,5428,0.0,1.17
5431,5440,0.0,1.17
5431,5488,378.9256187,1.17
5432,5429,51.11,1.17
5432,5433,230.83,1.17
5432,7431,0.0,1.17
5432,11757,320.35,1.17
5433,5424,2791.445226,1.17
5433,5432,105.78,1.17
5434,5429,234.06,1.17
5434,5536,1495.11,1.17
5435,5466,4788.046167,1.17
5436,5443,0.0,1.17
5436,5490,70.68,1.17
5436,11757,35.89,1.17
5437,5438,92.46,1.17
5437,5441,53.63,1.17
5437,11757,219.78,1.17
5438,5437,106.88,1.17
5438,5439,92.46,1.17
5438,5448,0.0,1.17
5439,5438,106.88,1.17
5439,5441,0.0,1.17
5439,5445,13.09,1.17
5439,11729,131.63,1.17
5440,5431,0.0,1.17
5440,9390,0.0,1.17
5440,11956,0.0,1.17
5441,5437,112.9,1.17
5441,5439,0.0,1.17
5441,11732,53.63,1.17
5442,5372,732.9349536,1.17
5442,5410,0.0,1.17
5442,5642,0.0,1.17
5442,8985,722.7242316,1.17
5443,5436,0.0,1.17
5443,5447,30.06,1.17
5443,5469,37.51,1.17
5443,11732,142.23,1.17
5444,5430,5353.313394,1.17
5444,8783,732.9349536,1.17
5445,5439,39.18,1.17
5445,5446,107.07,1.17
5445,11732,63.31,1.17
5446,5445,50.3,1.17
5446,5450,0.29,1.17
5446,9827,107.95,1.17
5447,5443,49.9,1.17
5447,5449,0.0,1.17
5447,5454,30.06,1.17
5448,5438,0.0,1.17
5448,11729,0.0,1.17
5449,5447,0.0,1.17
5449,5450,0.95,1.17
5449,5453,0.29,1.17
5450,5446,0.95,1.17
5450,5449,0.29,1.17
5450,5451,0.0,1.17
5451,5450,0.0,1.17
5451,5452,176.42,1.17
5451,9832,202.03,1.17
5452,5451,202.03,1.17
5452,5453,176.42,1.17
5452,5462,0.0,1.17
5453,5449,0.95,1.17
5453,5452,202.03,1.17
5453,5455,176.71,1.17
5454,5447,49.9,1.17
5454,5456,30.06,1.17
5454,5470,0.0,1.17
5455,5453,202.98,1.17
5455,5456,176.71,1.17
5456,5454,49.9,1.17
5456,5455,202.98,1.17
5456,5457,130.92,1.17
5456,5485,269.33,1.17
5457,5456,165.87,1.17
5457,5471,17.9,1.17
5457,11733,118.38,1.17
5458,4680,165.6366848,1.17
5458,5459,0.01,1.17
5458,5462,55.55,1.17
5459,4681,0.0,1.17
5459,5221,0.01,1.17
5459,5458,0.0,1.17
5459,5463,0.0,1.17
5460,5592,134.8,1.17
5460,5593,549.435886,1.17
5460,5595,274.54,1.17
5461,5465,373.863173,1.17
5461,8189,347.49,1.17
5462,5452,0.0,1.17
5462,5458,165.6366848,1.17
5462,5463,0.0,1.17
5462,11733,55.55,1.17
5463,5459,0.0,1.17
5463,5462,0.0,1.17
5463,5464,0.0,1.17
5464,5238,0.0,1.17
5464,5463,0.0,1.17
5464,5467,0.0,1.17
5465,5461,0.0,1.17
5465,8190,249.36,1.17
5465,8191,124.503173,1.17
5466,5662,5510.770398,1.17
5467,5252,104.91,1.17
5467,5464,0.0,1.17
5467,5473,0.0,1.17
5467,11733,195.1866848,1.17
5468,5153,129.4534715,1.17
5468,5474,7.33,1.17
5468,11135,93.66105087,1.17
5469,5443,92.33,1.17
5469,5470,0.15,1.17
5469,5483,7.69,1.17
5469,11734,29.67,1.17
5470,5454,0.0,1.17
5470,5469,0.04,1.17
5470,5477,0.15,1.17
5471,5457,10.74,1.17
5471,5472,0.03,1.17
5471,5478,17.94,1.17
5472,5471,0.04,1.17
5472,5473,0.03,1.17
5472,5495,0.0,1.17
5472,11733,0.0,1.17
5473,5271,0.03,1.17
5473,5467,0.0,1.17
5473,5472,0.04,1.17
5473,5496,0.0,1.17
5474,5468,223.1145224,1.17
5474,5513,0.0,1.17
5474,5859,7.33,1.17
5475,7664,826.1033957,1.17
5475,7665,23.87,1.17
5475,10393,749.1542091,1.17
5476,5497,254.63,1.17
5476,6034,90.88128593,1.17
5477,5470,0.04,1.17
5477,5478,0.18,1.17
5477,5486,0.04,1.17
5478,5471,10.77,1.17
5478,5477,0.08,1.17
5478,11735,18.05,1.17
5479,3670,447.2727306,1.17
5479,6657,388.693072,1.17
5480,5500,0.0,1.17
5480,11967,0.0,1.17
5480,11970,0.0,1.17
5481,5484,1861.930382,1.17
5481,8518,2001.236984,1.17
5481,8943,1396.460426,1.17
5482,5339,98.44,1.17
5482,5503,54.91,1.17
5482,9378,3.73,1.17
5482,11957,10.92,1.17
5483,5469,7.46,1.17
5483,5491,9.18,1.17
5483,11734,0.37,1.17
5484,5481,1951.994733,1.17
5484,5489,277.9371301,1.17
5484,8521,2040.957836,1.17
5485,5456,280.49,1.17
5485,5486,4.82,1.17
5485,5492,259.41,1.17
5485,11734,95.07,1.17
5486,5477,0.03,1.17
5486,5485,3.79,1.17
5486,5493,4.79,1.17
5487,5489,1406.478192,1.17
5487,5494,1262.641831,1.17
5487,8518,1867.993112,1.17
5488,5431,350.988862,1.17
5488,5505,314.852591,1.17
5488,9390,76.74302768,1.17
5488,11957,3.73,1.17
5489,4439,741.0630736,1.17
5489,5484,402.5095165,1.17
5489,5487,1458.560258,1.17
5489,10557,943.3522488,1.17
5490,5436,35.89,1.17
5490,5491,40.06,1.17
5490,11759,179.65,1.17
5491,5483,7.83,1.17
5491,5490,117.09,1.17
5491,5492,32.23,1.17
5492,5485,255.17,1.17
5492,5491,107.91,1.17
5492,5493,4.27,1.17
5492,5508,200.08,1.17
5493,5486,3.75,1.17
5493,5492,5.64,1.17
5493,11735,9.06,1.17
5494,5103,855.0602515,1.17
5494,5487,1736.074615,1.17
5494,5499,44.74,1.17
5494,5501,444.2048381,1.17
5495,5472,0.0,1.17
5495,5496,6.64,1.17
5495,11735,12.12,1.17
5496,5285,6.64,1.17
5496,5473,0.0,1.17
5496,5495,12.12,1.17
5497,5476,90.88128593,1.17
5497,5626,11.84,1.17
5497,11629,242.79,1.17
5498,5539,6.43,1.17
5498,9811,3.91,1.17
5499,5494,409.0093393,1.17
5499,5747,502.8565076,1.17
5499,10557,1186.192141,1.17
5499,10558,552.2655712,1.17
5500,5480,0.0,1.17
5500,5502,0.0,1.17
5500,11969,0.0,1.17
5501,4432,1313.649225,1.17
5501,5121,852.5979971,1.17
5501,5494,786.1055454,1.17
5502,5500,0.0,1.17
5502,9371,0.0,1.17
5502,11969,0.0,1.17
5502,11971,0.0,1.17
5503,5482,98.44,1.17
5503,5504,0.0,1.17
5503,9380,54.91,1.17
5504,5503,0.0,1.17
5504,5505,0.0,1.17
5504,11957,0.0,1.17
5505,5488,303.508862,1.17
5505,5504,0.0,1.17
5505,9392,240.71,1.17
5505,11958,74.14259105,1.17
5506,5121,492.8673576,1.17
5506,5507,1458.677862,1.17
5506,8634,1050.305459,1.17
5506,8642,794.2087318,1.17
5507,4432,1017.886081,1.17
5507,5506,1683.255744,1.17
5507,5514,985.1185652,1.17
5507,5518,701.9007398,1.17
5508,5492,270.15,1.17
5508,5516,200.08,1.17
5509,4825,376.2460997,1.17
5509,5525,150.8,1.17
5509,6655,55.18,1.17
5509,6657,447.2727306,1.17
5510,5511,0.0,1.17
5510,5512,0.0,1.17
5510,11971,0.0,1.17
5511,5510,0.0,1.17
5511,5512,14.88,1.17
5511,5515,0.0,1.17
5511,9375,27.82,1.17
5512,5510,0.0,1.17
5512,5511,27.82,1.17
5512,5526,14.88,1.17
5512,7063,0.0,1.17
5513,5474,0.0,1.17
5513,5773,0.0,1.17
5513,11136,750.7886612,1.17
5513,12608,1678.110722,1.17
5514,5507,1222.440779,1.17
5514,5791,928.8962018,1.17
5514,10558,519.1939077,1.17
5514,10559,608.1841814,1.17
5515,5511,0.0,1.17
5515,5517,72.19,1.17
5515,11972,27.97,1.17
5516,5508,270.15,1.17
5516,5547,197.74,1.17
5516,11736,4.88,1.17
5516,11761,8.38,1.17
5517,5515,27.97,1.17
5517,5519,0.0,1.17
5517,5529,60.66,1.17
5517,9380,132.41,1.17
5518,5507,544.3267848,1.17
5518,5528,1207.988571,1.17
5518,8642,1630.251549,1.17
5518,8646,936.6564805,1.17
5519,5517,0.0,1.17
5519,5520,255.2,1.17
5519,9392,236.578862,1.17
5520,5519,236.578862,1.17
5520,5521,4.25,1.17
5520,11959,256.94,1.17
5521,5520,1.74,1.17
5521,6651,74.14259105,1.17
5521,9395,4.25,1.17
5521,11958,74.0,1.17
5522,5524,165.3010176,1.17
5522,6653,262.79,1.17
5522,11960,5.09,1.17
5523,5531,147.49,1.17
5523,5615,46.51,1.17
5523,5634,117.4456496,1.17
5523,9761,314.5660255,1.17
5524,5522,253.41,1.17
5524,5546,165.3010176,1.17
5524,11951,0.0,1.17
5525,4812,0.0,1.17
5525,5509,237.6181382,1.17
5525,6659,0.0,1.17
5525,6661,150.8,1.17
5526,5512,27.82,1.17
5526,5527,14.88,1.17
5526,11972,0.0,1.17
5527,5526,27.82,1.17
5527,7064,0.0,1.17
5527,11841,14.88,1.17
5528,5518,1479.638605,1.17
5528,5540,740.3796058,1.17
5528,5794,934.850388,1.17
5528,10559,1310.991607,1.17
5529,5517,60.22,1.17
5529,5532,60.66,1.17
5529,11959,4.25,1.17
5529,11972,1.74,1.17
5530,5243,3239.928103,1.17
5530,7956,2403.277434,1.17
5530,8647,1057.422485,1.17
5530,10554,417.0068477,1.17
5531,5523,433.6860255,1.17
5531,9762,307.63,1.17
5531,11820,118.14,1.17
5532,2473,40.54,1.17
5532,5529,60.22,1.17
5532,6398,76.72,1.17
5533,5534,13.54,1.17
5533,5536,28.64,1.17
5533,9811,6.43,1.17
5534,5533,26.81,1.17
5534,5537,50.72,1.17
5534,9802,17.27367855,1.17
5535,5543,2212.811112,1.17
5535,5572,0.0,1.17
5535,5574,0.0,1.17
5536,5533,13.0,1.17
5536,5545,1510.75,1.17
5537,5433,2666.395226,1.17
5537,5534,6.653678549,1.17
5538,5539,3.91,1.17
5538,5557,0.0,1.17
5538,9549,350.65,1.17
5538,11760,396.244114,1.17
5539,5498,3.91,1.17
5539,5538,6.43,1.17
5540,5528,719.4020173,1.17
5540,5794,2833.415573,1.17
5540,7956,4305.072222,1.17
5540,8723,907.2613058,1.17
5541,5542,412.3577926,1.17
5541,5559,76.82632145,1.17
5541,11760,400.67,1.17
5542,5541,326.61,1.17
5542,5544,410.9877926,1.17
5542,5545,1.37,1.17
5543,5537,2622.328904,1.17
5543,5544,1.47,1.17
5544,5542,1.47,1.17
5544,5543,410.9877926,1.17
5545,5542,325.14,1.17
5545,5572,1186.98,1.17
5546,5524,253.41,1.17
5546,9397,111.77,1.17
5546,9402,209.4536087,1.17
5546,11953,112.86,1.17
5547,5516,257.47,1.17
5547,5551,197.74,1.17
5548,4788,339.3136087,1.17
5548,5550,72.85,1.17
5548,6661,237.6181382,1.17
5548,6662,227.49,1.17
5549,5257,800.4078172,1.17
5549,5554,816.1174242,1.17
5549,5561,289.0838304,1.17
5549,10554,692.7643791,1.17
5550,4804,0.35,1.17
5550,5548,94.89,1.17
5550,6663,13.53,1.17
5550,6665,83.86,1.17
5551,5547,257.47,1.17
5551,5552,23.17,1.17
5551,7434,176.95,1.17
5552,5551,28.03176342,1.17
5552,5553,0.7,1.17
5552,5563,22.47,1.17
5553,5552,2.24,1.17
5553,11737,0.7,1.17
5553,11738,0.0,1.17
5554,5549,773.6922608,1.17
5554,8768,995.3422831,1.17
5554,8769,1011.402618,1.17
5554,10561,546.5429988,1.17
5555,5349,0.85,1.17
5555,11737,1.31,1.17
5555,11739,0.0,1.17
5556,1973,108.893413,1.17
5556,5569,290.63,1.17
5556,5645,0.51,1.17
5556,9762,479.3560255,1.17
5557,5538,0.0,1.17
5557,5558,0.0,1.17
5558,5557,0.0,1.17
5558,5559,0.0,1.17
5558,11760,0.0,1.17
5559,5541,74.06,1.17
5559,5558,0.0,1.17
5559,5560,0.0,1.17
5559,11762,76.82632145,1.17
5560,5559,0.0,1.17
5560,5591,0.0,1.17
5561,5549,881.9564738,1.17
5561,5565,608.9291451,1.17
5561,10561,414.4364961,1.17
5562,5563,185.6847744,1.17
5562,5582,368.79,1.17
5562,7434,296.5482366,1.17
5562,9801,0.0,1.17
5563,5552,25.79176342,1.17
5563,5562,263.99,1.17
5563,5564,208.1547744,1.17
5564,5563,289.7817634,1.17
5564,5584,0.0,1.17
5564,11738,208.1547744,1.17
5565,5561,775.8543226,1.17
5565,5567,1103.385382,1.17
5565,5570,475.9550982,1.17
5565,10555,1592.529546,1.17
5566,5604,23.3,1.17
5566,11737,0.21,1.17
5566,11738,263.3417634,1.17
5566,11739,199.6547744,1.17
5567,5565,1197.917635,1.17
5567,5579,397.8825605,1.17
5567,5802,1353.147424,1.17
5567,10561,640.1215655,1.17
5568,5367,211.6647744,1.17
5568,5587,0.0,1.17
5568,11739,240.88,1.17
5569,5556,561.6594385,1.17
5569,5588,66.41,1.17
5569,5616,391.6730247,1.17
5569,11812,173.8843504,1.17
5570,5283,708.0361095,1.17
5570,5565,728.5974429,1.17
5570,5579,513.6863806,1.17
5570,8979,736.7465269,1.17
5571,7062,0.0,1.17
5571,7064,0.0,1.17
5571,9381,0.0,1.17
5572,5574,739.85,1.17
5572,5594,447.13,1.17
5573,5535,1053.785886,1.17
5573,5574,0.0,1.17
5574,5535,1159.025226,1.17
5574,5575,739.85,1.17
5575,5574,1159.025226,1.17
5575,5576,739.85,1.17
5575,5578,0.0,1.17
5576,5575,971.4247724,1.17
5576,5577,459.7635598,1.17
5576,5598,350.3427616,1.17
5576,11762,86.36,1.17
5577,5576,494.8789545,1.17
5577,5578,779.0583342,1.17
5577,5599,258.39,1.17
5577,5600,42.87,1.17
5578,5575,187.6004533,1.17
5578,5577,659.6095467,1.17
5578,11763,779.0583342,1.17
5579,5567,699.5542617,1.17
5579,5570,479.7703285,1.17
5579,5804,766.2236462,1.17
5579,10562,549.3284094,1.17
5580,4415,1154.28041,1.17
5580,5611,2376.236009,1.17
5580,8759,2305.676773,1.17
5580,8760,832.7467703,1.17
5581,5582,400.2293324,1.17
5581,5583,0.0,1.17
5581,9799,368.79,1.17
5582,5562,400.2293324,1.17
5582,5581,368.79,1.17
5582,5583,0.0,1.17
5583,5581,0.0,1.17
5583,5582,0.0,1.17
5583,5584,0.0,1.17
5584,5564,0.0,1.17
5584,5583,0.0,1.17
5584,5585,0.0,1.17
5585,5584,0.0,1.17
5585,5603,0.25,1.17
5585,11738,0.07,1.17
5586,5587,0.0,1.17
5586,5605,4.69,1.17
5586,11739,1.79,1.17
5587,5382,0.0,1.17
5587,5568,0.0,1.17
5587,5586,0.0,1.17
5587,5606,0.0,1.17
5588,2833,201.08,1.17
5588,5569,247.7824631,1.17
5588,5619,103.24,1.17
5588,5627,75.21,1.17
5589,5590,0.0,1.17
5589,5591,279.295886,1.17
5589,6522,90.48,1.17
5589,9563,258.93,1.17
5590,5589,0.0,1.17
5591,5560,0.0,1.17
5591,5589,149.1,1.17
5591,5592,279.295886,1.17
5592,5460,421.015886,1.17
5592,5591,149.1,1.17
5592,5594,18.52,1.17
5593,5460,33.34,1.17
5593,5573,1053.785886,1.17
5594,5592,174.54,1.17
5594,6711,291.11,1.17
5595,5460,504.42,1.17
5595,5596,121.67,1.17
5595,6523,156.96,1.17
5595,11762,6.94,1.17
5596,5595,130.46,1.17
5596,5597,121.67,1.17
5596,11764,0.0,1.17
5597,5596,130.46,1.17
5597,5598,189.09,1.17
5597,11764,57.55,1.17
5598,5576,530.1158178,1.17
5598,5597,188.01,1.17
5598,5599,425.5827616,1.17
5598,6536,150.31,1.17
5599,5577,237.68,1.17
5599,5598,544.3158178,1.17
5599,5600,205.0227616,1.17
5599,6537,70.38,1.17
5600,5577,218.1441822,1.17
5600,5599,356.3058178,1.17
5600,11765,247.8927616,1.17
5601,5602,0.0,1.17
5601,6546,0.0,1.17
5602,5601,0.0,1.17
5602,5603,0.0,1.17
5602,6525,379.1672384,1.17
5602,11763,426.6982366,1.17
5603,5585,0.07,1.17
5603,5602,0.0,1.17
5603,5604,0.0,1.17
5603,6526,0.25,1.17
5604,5566,10.87176342,1.17
5604,5603,0.0,1.17
5604,5605,0.0,1.17
5604,6527,23.3,1.17
5605,5586,1.79,1.17
5605,5604,0.0,1.17
5605,5606,0.0,1.17
5605,5607,4.69,1.17
5606,5394,0.0,1.17
5606,5587,0.0,1.17
5606,5605,0.0,1.17
5606,5608,0.0,1.17
5607,5605,1.79,1.17
5607,5608,0.0,1.17
5607,6528,4.69,1.17
5608,5606,0.0,1.17
5608,5607,0.0,1.17
5608,5609,0.0,1.17
5609,5395,0.0,1.17
5609,5608,0.0,1.17
5609,6529,0.0,1.17
5610,5631,64.09,1.17
5610,10745,45.59,1.17
5610,11641,250.2278541,1.17
5610,11819,140.09,1.17
5611,5580,2693.806808,1.17
5611,5614,392.148742,1.17
5611,5807,3119.130722,1.17
5611,10562,632.09,1.17
5612,2001,365.44,1.17
5612,5613,298.23,1.17
5612,10746,333.32,1.17
5612,11819,382.6660255,1.17
5613,5612,617.1460255,1.17
5613,5615,223.66,1.17
5613,9761,83.43,1.17
5613,10747,93.66,1.17
5614,5611,746.3628689,1.17
5614,5816,624.7904625,1.17
5614,8760,692.3574862,1.17
5614,10334,598.5917642,1.17
5615,5523,37.42564958,1.17
5615,5613,300.54,1.17
5615,11642,270.17,1.17
5616,1974,409.1819499,1.17
5616,1981,256.85,1.17
5616,2360,299.3741229,1.17
5616,5569,257.1043504,1.17
5617,5625,708.3148719,1.17
5617,8760,1399.604406,1.17
5617,8980,1068.45539,1.17
5617,10332,1366.611426,1.17
5618,5029,569.2040178,1.17
5618,5622,1.87,1.17
5618,7302,406.5702637,1.17
5618,11634,600.4397394,1.17
5619,5588,224.9478541,1.17
5619,5620,83.39,1.17
5619,11814,29.8,1.17
5620,5619,166.1878541,1.17
5620,5621,75.27,1.17
5620,5629,8.12,1.17
5621,5620,164.3578541,1.17
5621,5622,639.6497363,1.17
5621,11634,1259.245726,1.17
5621,11815,420.01,1.17
5622,5618,381.7038392,1.17
5622,5621,546.6613622,1.17
5622,5623,641.5197363,1.17
5623,5622,928.3652014,1.17
5623,5624,780.5297363,1.17
5623,11815,410.742218,1.17
5624,5623,1339.107419,1.17
5624,5661,67.45,1.17
5624,11629,717.4497363,1.17
5625,5369,2223.922151,1.17
5625,5617,1040.939608,1.17
5625,8761,131.5735743,1.17
5625,8981,2290.694938,1.17
5626,5497,18.28,1.17
5626,5649,12.71,1.17
5626,6053,630.2087141,1.17
5626,11629,721.8673374,1.17
5627,5588,225.0246091,1.17
5627,5628,46.6,1.17
5627,5646,70.7,1.17
5628,5627,121.5446091,1.17
5628,5629,13.11,1.17
5628,11813,33.49,1.17
5629,5620,1.83,1.17
5629,5628,28.98,1.17
5629,5647,202.36,1.17
5629,11815,196.76,1.17
5630,5251,0.0,1.17
5630,11641,157.26,1.17
5630,11817,92.8325439,1.17
5631,5610,67.19,1.17
5631,5632,28.66,1.17
5631,5637,35.43,1.17
5632,2001,848.285342,1.17
5632,5631,46.33,1.17
5632,5633,244.7574561,1.17
5632,7318,490.47,1.17
5633,5632,570.975342,1.17
5633,5634,139.59,1.17
5633,5641,105.1674561,1.17
5634,5523,71.47,1.17
5634,5633,305.85,1.17
5634,5635,112.9556496,1.17
5635,2003,47.48564958,1.17
5635,5634,233.24,1.17
5635,11820,99.78,1.17
5636,5638,852.8031043,1.17
5636,5821,2521.594813,1.17
5636,8981,2017.412072,1.17
5636,10334,530.7063391,1.17
5637,5631,20.86,1.17
5637,5666,170.56,1.17
5637,6677,657.100049,1.17
5637,7318,371.1428087,1.17
5638,5636,787.3804267,1.17
5638,5828,742.6315115,1.17
5638,8766,575.5000218,1.17
5638,8982,518.9518488,1.17
5639,5372,1402.25968,1.17
5639,5642,550.6330798,1.17
5639,8761,968.4098385,1.17
5639,8983,1613.686242,1.17
5640,2002,165.4271913,1.17
5640,5652,293.26,1.17
5640,5666,158.130049,1.17
5641,2002,235.36,1.17
5641,5633,265.125342,1.17
5641,11818,260.41,1.17
5641,11821,3.2674561,1.17
5642,5442,0.0,1.17
5642,5639,852.6747529,1.17
5642,5656,550.6330798,1.17
5642,8984,0.0,1.17
5643,2003,203.0843504,1.17
5643,2004,108.15,1.17
5643,5644,0.0,1.17
5643,5654,2.9,1.17
5644,5643,0.0,1.17
5644,5645,0.0,1.17
5644,9762,0.0,1.17
5645,2004,34.24435042,1.17
5645,5556,2.55,1.17
5645,5644,0.0,1.17
5645,11812,34.69,1.17
5646,2005,41.72,1.17
5646,5627,145.57,1.17
5646,11812,28.98,1.17
5647,5629,185.48,1.17
5647,5658,14.8,1.17
5647,11813,209.8346091,1.17
5648,5649,208.27,1.17
5648,11629,600.3816899,1.17
5648,11630,67.01,1.17
5649,5626,20.2,1.17
5649,5648,523.7,1.17
5649,11876,218.19,1.17
5650,2004,171.74,1.17
5650,2005,68.2,1.17
5650,5655,115.91,1.17
5650,11812,258.27,1.17
5651,5665,42.5725439,1.17
5651,9851,0.0,1.17
5651,11817,144.18,1.17
5652,5640,323.5572403,1.17
5652,5667,49.39,1.17
5652,11643,243.87,1.17
5653,5654,41.83,1.17
5653,5668,15.15,1.17
5653,11818,208.345342,1.17
5654,5643,8.1,1.17
5654,5653,182.2475702,1.17
5654,5670,39.89,1.17
5655,5650,281.35,1.17
5655,5672,111.38,1.17
5655,11816,12.02,1.17
5656,5642,607.6710669,1.17
5656,5671,0.0,1.17
5656,7818,550.6330798,1.17
5657,5658,519.9246091,1.17
5657,5660,14.19,1.17
5657,5675,369.035391,1.17
5658,5647,14.16460905,1.17
5658,5657,355.83,1.17
5658,11815,505.76,1.17
5659,5444,6086.248348,1.17
5659,7818,607.6710669,1.17
5660,5657,28.67,1.17
5660,5661,201.13,1.17
5660,11636,82.55,1.17
5661,5624,268.6683101,1.17
5661,5660,108.73,1.17
5661,11630,29.55,1.17
5662,5703,6061.403478,1.17
5662,7818,0.0,1.17
5663,5664,14.2,1.17
5663,11630,33.05,1.17
5663,11876,68.12,1.17
5664,5663,22.17,1.17
5664,5679,20.69,1.17
5664,6115,2.79,1.17
5665,5301,74.09,1.17
5665,5651,144.18,1.17
5665,5680,23.15,1.17
5665,11643,42.8225439,1.17
5666,2002,127.94,1.17
5666,5637,351.990049,1.17
5666,5640,42.62,1.17
5667,5652,162.460049,1.17
5667,5682,58.49,1.17
5667,11643,158.72,1.17
5667,11821,33.2725439,1.17
5668,5653,30.93777184,1.17
5668,5669,43.74,1.17
5668,5684,0.16,1.17
5668,11821,92.78,1.17
5669,5668,115.0377718,1.17
5669,5685,11.0,1.17
5669,11644,32.74,1.17
5670,5654,185.5075702,1.17
5670,7303,72.5,1.17
5670,11644,88.76,1.17
5671,5656,0.0,1.17
5671,7817,421.4780992,1.17
5671,8984,762.7533102,1.17
5671,10336,168.1710196,1.17
5672,5655,250.05,1.17
5672,5673,172.16,1.17
5672,5688,4.9,1.17
5672,7303,268.1075702,1.17
5673,5672,498.2775702,1.17
5673,5674,179.84,1.17
5673,11635,107.76,1.17
5674,2006,90.16,1.17
5674,5673,297.195342,1.17
5674,5675,168.89,1.17
5674,11816,127.05,1.17
5675,2006,292.41,1.17
5675,5657,518.65,1.17
5675,5674,241.6553909,1.17
5675,5677,25.62,1.17
5676,5707,0.0,1.17
5677,5675,165.03,1.17
5677,11636,25.62,1.17
5678,5679,42.84,1.17
5678,5692,16.6,1.17
5678,11630,145.62,1.17
5679,5664,18.71,1.17
5679,5678,125.15,1.17
5679,5697,55.42,1.17
5680,5320,0.81,1.17
5680,5665,67.29,1.17
5680,5681,23.73,1.17
5681,5680,68.1,1.17
5681,5693,283.75,1.17
5681,11643,140.1371913,1.17
5682,5667,211.010049,1.17
5682,5683,0.47,1.17
5682,5700,58.65,1.17
5683,5682,0.16,1.17
5683,5684,0.47,1.17
5683,5701,0.0,1.17
5683,11821,0.0,1.17
5684,5668,0.47,1.17
5684,5683,0.16,1.17
5684,5685,0.0,1.17
5685,5669,20.02777184,1.17
5685,5684,0.0,1.17
5685,5686,2.71,1.17
5685,5702,8.29,1.17
5686,5685,9.76,1.17
5686,5687,13.06,1.17
5686,11644,2.15,1.17
5686,11646,8.53,1.17
5687,5686,4.9,1.17
5687,5688,13.06,1.17
5687,5704,0.0,1.17
5688,5672,13.06,1.17
5688,5687,4.9,1.17
5688,11635,0.0,1.17
5689,5690,1.97,1.17
5689,5708,1.56,1.17
5690,5689,1.56,1.17
5690,5691,29.15,1.17
5690,11636,315.1,1.17
5690,11638,71.25,1.17
5691,5690,174.32,1.17
5691,5692,27.06,1.17
5691,11631,42.8,1.17
5692,5678,28.58,1.17
5692,5691,16.35,1.17
5692,5695,0.25,1.17
5693,5681,208.2371913,1.17
5693,5698,257.97,1.17
5693,5699,25.78,1.17
5694,5659,6693.919415,1.17
5694,7817,604.1533102,1.17
5695,5692,1.52,1.17
5695,5696,27.9,1.17
5695,11631,150.66,1.17
5696,5695,152.18,1.17
5696,5697,29.2,1.17
5696,5731,1.48,1.17
5697,5679,135.75,1.17
5697,5696,151.89,1.17
5697,5721,64.45,1.17
5697,6128,17.39,1.17
5698,5332,0.0,1.17
5698,5693,138.6071913,1.17
5698,5699,53.6,1.17
5698,5711,380.49,1.17
5699,5693,69.63,1.17
5699,5698,122.52,1.17
5699,5700,53.61,1.17
5699,5712,25.77,1.17
5700,5682,211.480049,1.17
5700,5699,122.62,1.17
5700,5701,57.91,1.17
5700,11645,54.35,1.17
5701,5683,0.0,1.17
5701,5700,135.6,1.17
5701,5702,57.91,1.17
5701,5714,0.0,1.17
5702,5685,10.26777184,1.17
5702,5701,135.6,1.17
5702,5715,8.29,1.17
5702,11646,57.91,1.17
5703,5713,6435.671578,1.17
5703,7817,14.98,1.17
5704,5687,0.0,1.17
5704,5705,63.45,1.17
5704,5717,0.0,1.17
5704,11646,122.71,1.17
5705,5704,122.71,1.17
5705,5718,49.12,1.17
5705,9841,57.95,1.17
5705,11635,150.1222282,1.17
5706,2006,557.509951,1.17
5706,5707,8.32,1.17
5706,5719,282.1,1.17
5706,9841,103.27,1.17
5707,5676,0.0,1.17
5707,5706,115.689951,1.17
5707,5708,8.32,1.17
5707,5719,0.0,1.17
5708,5689,1.97,1.17
5708,5707,115.689951,1.17
5708,11638,6.35,1.17
5709,5694,7265.842725,1.17
5709,8782,1291.058593,1.17
5710,5730,6.46,1.17
5710,11631,16.89,1.17
5710,11638,88.79,1.17
5711,5348,55.58,1.17
5711,5364,381.9,1.17
5711,5698,192.2071913,1.17
5711,5712,27.21,1.17
5712,5699,69.53,1.17
5712,5711,56.99,1.17
5712,5722,47.48,1.17
5712,11645,5.5,1.17
5713,5854,7761.549461,1.17
5713,8782,0.0,1.17
5714,5701,0.0,1.17
5714,5715,4.68,1.17
5714,5724,0.0,1.17
5714,11645,3.9,1.17
5715,2699,8.29,1.17
5715,5702,10.26777184,1.17
5715,5714,3.9,1.17
5715,5716,4.68,1.17
5716,5715,3.9,1.17
5716,5717,6.66,1.17
5716,5725,2.96,1.17
5716,11646,10.17,1.17
5717,5704,0.07,1.17
5717,5716,4.96,1.17
5717,5718,4.16,1.17
5717,5726,2.43,1.17
5718,5705,139.7322282,1.17
5718,5717,3.43,1.17
5718,5727,49.04,1.17
5718,9840,4.16,1.17
5719,5706,394.99,1.17
5719,5707,0.0,1.17
5719,9840,31.52,1.17
5719,11637,250.58,1.17
5720,5728,0.0,1.17
5720,5729,71.64,1.17
5720,11638,145.169951,1.17
5721,5697,172.37,1.17
5721,5732,0.0,1.17
5721,11877,64.45,1.17
5722,2009,279.63,1.17
5722,5712,113.06,1.17
5722,5723,174.25,1.17
5722,5734,34.29,1.17
5723,5722,331.68,1.17
5723,5724,193.58,1.17
5723,5735,26.29,1.17
5723,11645,172.520049,1.17
5724,2699,193.58,1.17
5724,5714,0.0,1.17
5724,5723,424.620049,1.17
5724,5736,0.0,1.17
5725,2699,425.2178208,1.17
5725,5716,8.19,1.17
5725,5726,200.92,1.17
5725,5738,0.0,1.17
5726,5717,1.53,1.17
5726,5725,422.2578208,1.17
5726,5727,203.35,1.17
5726,5739,0.0,1.17
5727,5718,139.7322282,1.17
5727,5726,423.7878208,1.17
5727,5740,93.47,1.17
5727,9839,244.84,1.17
5728,5720,0.0,1.17
5728,5729,234.5,1.17
5728,11637,402.1910553,1.17
5728,11640,30.93,1.17
5729,5720,145.169951,1.17
5729,5728,382.6310063,1.17
5729,5730,216.58,1.17
5729,5743,47.3,1.17
5730,5710,89.89,1.17
5730,5729,360.3310063,1.17
5730,5731,178.73,1.17
5730,5744,53.47,1.17
5731,5696,3.07,1.17
5731,5730,298.9410063,1.17
5731,5733,178.5,1.17
5731,11632,0.81,1.17
5732,5721,0.0,1.17
5732,5733,300.9010063,1.17
5732,11878,185.05,1.17
5733,5731,298.2710063,1.17
5733,5732,185.05,1.17
5733,5746,2.63,1.17
5734,5722,77.2,1.17
5734,5735,0.0,1.17
5734,11647,34.29,1.17
5735,5723,79.32,1.17
5735,5734,0.0,1.17
5735,5736,0.0,1.17
5735,5748,26.29,1.17
5736,5724,0.0,1.17
5736,5735,0.0,1.17
5736,5737,0.0,1.17
5736,5749,0.0,1.17
5737,2699,28.29,1.17
5737,5736,0.0,1.17
5737,5738,0.0,1.17
5737,11648,11.38,1.17
5738,5725,0.0,1.17
5738,5737,0.0,1.17
5738,5739,0.0,1.17
5738,5751,0.0,1.17
5739,5726,0.0,1.17
5739,5738,0.0,1.17
5739,5740,0.0,1.17
5739,5752,0.0,1.17
5740,5727,126.83,1.17
5740,5739,0.0,1.17
5740,5741,0.0,1.17
5740,11639,93.47,1.17
5741,5740,0.0,1.17
5741,5754,141.1110063,1.17
5741,11637,247.57,1.17
5741,11640,2.28,1.17
5742,8522,1876.635245,1.17
5742,8524,400.4011795,1.17
5742,12367,531.15297,1.17
5742,12368,2078.82867,1.17
5743,5729,125.209951,1.17
5743,5744,0.63,1.17
5743,5756,49.29,1.17
5743,11640,0.16,1.17
5744,5730,160.44,1.17
5744,5743,2.15,1.17
5744,5757,11.25,1.17
5744,11632,42.85,1.17
5745,5861,731.7440454,1.17
5745,8524,877.2472013,1.17
5745,10563,644.9812773,1.17
5745,10829,1079.176708,1.17
5746,5733,6.55,1.17
5746,5759,0.0,1.17
5746,11632,2.63,1.17
5747,4438,969.2382448,1.17
5747,5499,742.3531801,1.17
5747,5750,645.7565076,1.17
5747,5753,470.6853538,1.17
5748,5735,79.32,1.17
5748,5749,32.38,1.17
5748,5768,26.29,1.17
5748,11647,51.24,1.17
5749,5736,0.0,1.17
5749,5748,51.24,1.17
5749,5770,0.0,1.17
5749,11648,32.38,1.17
5750,5747,1166.896366,1.17
5750,5864,951.445204,1.17
5750,10563,1022.268926,1.17
5750,10564,1332.246197,1.17
5751,5738,0.0,1.17
5751,5752,30.57,1.17
5751,5774,0.0,1.17
5751,11648,42.46,1.17
5752,5739,0.0,1.17
5752,5751,42.46,1.17
5752,5776,0.31,1.17
5752,11639,30.9,1.17
5753,5747,544.6950588,1.17
5753,5791,1287.386935,1.17
5753,10558,1881.896005,1.17
5753,10564,1809.849061,1.17
5754,5741,249.85,1.17
5754,5755,12.77,1.17
5754,5760,137.6410063,1.17
5754,11639,29.12,1.17
5755,5754,25.65,1.17
5755,5756,32.23,1.17
5755,5761,1.85,1.17
5755,11640,15.81004896,1.17
5756,5743,125.819951,1.17
5756,5755,43.31004896,1.17
5756,5757,12.84,1.17
5756,5762,66.08,1.17
5757,5744,14.39,1.17
5757,5756,24.39,1.17
5757,5758,12.84,1.17
5757,5763,11.25,1.17
5758,5757,24.39,1.17
5758,5759,53.88,1.17
5758,5764,1.59,1.17
5758,11632,134.71,1.17
5759,5746,0.0,1.17
5759,5758,158.3,1.17
5759,5765,0.0,1.17
5759,6931,53.88,1.17
5760,5754,248.63,1.17
5760,5761,0.41,1.17
5760,5780,139.4910063,1.17
5761,5755,0.41,1.17
5761,5760,1.85,1.17
5761,5762,0.0,1.17
5762,5756,142.14,1.17
5762,5761,0.0,1.17
5762,5782,66.08,1.17
5763,5757,14.39,1.17
5763,5764,0.0,1.17
5763,5784,11.25,1.17
5764,5758,0.8,1.17
5764,5763,0.0,1.17
5764,5765,0.0,1.17
5764,5785,1.59,1.17
5765,5759,0.0,1.17
5765,5764,0.0,1.17
5765,5787,0.0,1.17
5766,5767,1.7,1.17
5766,5768,9.17,1.17
5766,11647,25.35,1.17
5767,5405,57.08,1.17
5767,5766,0.33,1.17
5767,6764,26.69,1.17
5768,5748,79.32,1.17
5768,5766,27.05,1.17
5768,5769,35.46,1.17
5769,5768,106.37,1.17
5769,5770,35.46,1.17
5770,5749,0.0,1.17
5770,5769,106.37,1.17
5770,5771,35.46,1.17
5771,5770,106.37,1.17
5771,5772,9.98,1.17
5771,12019,40.75,1.17
5772,5771,7.32,1.17
5772,5774,0.66,1.17
5772,11648,9.32,1.17
5773,5513,0.0,1.17
5773,6462,0.0,1.17
5773,7549,0.0,1.17
5774,5751,0.0,1.17
5774,5772,2.01,1.17
5774,5776,0.66,1.17
5775,6474,39.15,1.17
5775,11137,224.6343179,1.17
5776,5752,0.33,1.17
5776,5774,2.01,1.17
5776,5777,0.33,1.17
5777,5776,1.7,1.17
5777,5778,0.33,1.17
5778,5777,1.7,1.17
5778,5779,36.28,1.17
5778,11639,31.39,1.17
5779,5778,33.09,1.17
5779,5780,1.68,1.17
5779,6766,34.6,1.17
5780,5760,249.04,1.17
5780,5779,3.8,1.17
5780,5782,0.0,1.17
5780,6767,139.1410063,1.17
5781,3908,0.0,1.17
5781,4588,12.47,1.17
5781,5153,0.0,1.17
5781,5859,268.0764536,1.17
5782,5762,142.14,1.17
5782,5780,0.0,1.17
5782,5783,66.08,1.17
5783,5782,142.14,1.17
5783,5784,15.19,1.17
5783,6769,78.92,1.17
5784,5763,14.39,1.17
5784,5783,12.84,1.17
5784,5785,0.8,1.17
5785,5764,0.8,1.17
5785,5784,1.59,1.17
5785,5786,0.0,1.17
5786,5785,0.0,1.17
5786,5787,0.0,1.17
5786,6770,0.0,1.17
5787,5765,0.0,1.17
5787,5786,0.0,1.17
5787,11879,0.0,1.17
5788,10748,317.54,1.17
5788,11642,234.42,1.17
5789,1885,10430.02351,1.17
5790,1895,8892.498399,1.17
5791,5514,1150.756041,1.17
5791,5753,1311.672154,1.17
5791,5792,784.3854083,1.17
5791,5793,725.8301148,1.17
5792,5791,1000.232766,1.17
5792,5869,862.844335,1.17
5792,10564,1915.23504,1.17
5792,10565,1988.447405,1.17
5793,5791,756.1278151,1.17
5793,5794,831.7243583,1.17
5793,10559,350.55013,1.17
5793,10565,493.8501821,1.17
5794,4430,631.6189187,1.17
5794,5528,1320.260365,1.17
5794,5540,3626.731052,1.17
5794,5793,828.1279347,1.17
5794,7973,527.8991563,1.17
5794,8408,2666.891509,1.17
5795,8300,2004.758865,1.17
5795,8730,2489.76914,1.17
5795,8732,666.3463198,1.17
5795,8769,578.9296621,1.17
5796,5884,637.2189233,1.17
5796,8731,789.3380828,1.17
5796,8770,2569.963092,1.17
5796,10566,2360.691382,1.17
5797,8300,2647.776403,1.17
5797,8769,2130.834805,1.17
5797,8771,1821.338377,1.17
5797,8772,1448.317811,1.17
5798,5803,2114.884296,1.17
5798,7992,1261.447075,1.17
5798,8770,2595.326398,1.17
5798,8772,1069.820053,1.17
5799,5801,0.0,1.17
5800,5801,43.31,1.17
5800,10133,0.0,1.17
5800,10174,631.1725325,1.17
5800,10177,0.0,1.17
5801,5799,0.0,1.17
5801,5800,257.48,1.17
5801,10134,680.5201215,1.17
5801,10178,43.31,1.17
5802,5567,1256.639436,1.17
5802,5804,1950.527291,1.17
5802,8771,2345.848921,1.17
5802,10567,1134.683457,1.17
5803,5798,2199.013009,1.17
5803,5805,2062.454296,1.17
5803,8735,1471.909365,1.17
5803,10567,1281.427626,1.17
5804,4413,1795.713489,1.17
5804,5579,631.2161774,1.17
5804,5802,2368.959227,1.17
5804,8787,595.5414559,1.17
5805,5803,2236.892582,1.17
5805,8787,2259.013225,1.17
5805,8788,1440.781682,1.17
5805,10567,2247.43667,1.17
5806,1662,2487.05,1.17
5806,2012,835.9691117,1.17
5806,2917,629.7558288,1.17
5806,10180,692.359368,1.17
5806,12405,185.8933215,1.17
5807,4413,1964.425719,1.17
5807,5611,2985.84312,1.17
5807,5814,2399.595839,1.17
5807,5816,1747.689604,1.17
5808,1826,136.4346438,1.17
5808,2012,763.4861787,1.17
5808,5810,618.6665974,1.17
5809,2012,1081.696164,1.17
5809,5810,222.7155321,1.17
5809,5811,154.8955831,1.17
5809,10180,452.1002283,1.17
5810,5809,607.8406399,1.17
5810,5811,321.5275801,1.17
5810,11888,419.2691094,1.17
5811,5809,645.9193919,1.17
5811,5810,0.0,1.17
5811,10183,449.7836681,1.17
5812,3381,835.79,1.17
5812,6180,858.9125,1.17
5812,11886,549.9668489,1.17
5812,11889,296.9159082,1.17
5813,3380,870.6150429,1.17
5813,10185,774.24,1.17
5813,11890,371.506802,1.17
5814,4412,2700.813442,1.17
5814,5807,2308.727231,1.17
5814,5818,1686.12801,1.17
5814,5971,2582.468466,1.17
5815,2508,17.22,1.17
5815,10182,962.3101215,1.17
5815,10210,0.0,1.17
5815,10212,0.0,1.17
5816,5614,523.8834321,1.17
5816,5807,2121.533829,1.17
5816,5818,956.3434005,1.17
5816,5821,1600.465853,1.17
5816,10334,1300.409036,1.17
5816,10337,487.7802174,1.17
5817,2508,367.4434384,1.17
5817,5844,22.8,1.17
5817,6821,884.77,1.17
5817,10212,202.690973,1.17
5818,5814,2284.130661,1.17
5818,5816,882.1970139,1.17
5818,5997,1217.0034,1.17
5818,10337,1767.349186,1.17
5819,6820,523.231902,1.17
5819,10213,0.0,1.17
5820,2510,0.0,1.17
5820,2930,0.0,1.17
5820,5819,64.96,1.17
5821,5636,2573.067836,1.17
5821,5816,1907.503527,1.17
5821,5824,1811.785749,1.17
5821,5829,534.0910928,1.17
5822,2930,673.5167466,1.17
5822,5820,50.19,1.17
5822,10214,148.97,1.17
5823,2511,1306.796113,1.17
5823,10153,2031.382179,1.17
5823,12283,234.45,1.17
5824,5821,2012.815011,1.17
5824,5835,1803.262065,1.17
5824,6002,2070.006415,1.17
5824,10337,2329.574681,1.17
5825,5826,634.8302146,1.17
5825,5827,1391.101024,1.17
5825,11913,620.8845636,1.17
5826,5823,1892.79793,1.17
5826,5825,0.0,1.17
5826,12388,155.6867909,1.17
5827,5826,961.8602413,1.17
5827,6873,1391.101024,1.17
5828,5638,764.7588194,1.17
5828,5829,394.74843,1.17
5828,5834,347.8830815,1.17
5829,5821,691.5725267,1.17
5829,5828,164.3617174,1.17
5829,5834,750.9116396,1.17
5829,5835,985.8591962,1.17
5830,2512,0.0,1.17
5830,6185,0.0,1.17
5830,11914,0.0,1.17
5831,5832,53.46154982,1.17
5831,5845,475.27,1.17
5831,6821,0.0,1.17
5831,10213,458.271902,1.17
5832,2510,63.48,1.17
5832,5831,0.0,1.17
5832,5846,25.35,1.17
5832,12385,178.1536253,1.17
5833,2511,1153.679457,1.17
5833,5847,368.0804601,1.17
5833,11913,683.6184196,1.17
5833,12291,3.67,1.17
5834,5828,600.397102,1.17
5834,5829,893.7130731,1.17
5834,5837,819.4547211,1.17
5834,8986,279.34,1.17
5835,5824,2231.516328,1.17
5835,5829,770.1524841,1.17
5835,6006,1651.484666,1.17
5835,8988,2583.203416,1.17
5836,2506,1255.308215,1.17
5836,10183,400.8218655,1.17
5836,11889,1048.14535,1.17
5837,5834,1006.224715,1.17
5837,8767,637.1614942,1.17
5837,8779,566.8432269,1.17
5837,9016,365.67856,1.17
5838,5857,117.304214,1.17
5838,10184,199.27,1.17
5838,11889,514.1152721,1.17
5839,5840,1075.663884,1.17
5839,5856,1262.561256,1.17
5839,9016,579.8308414,1.17
5839,10338,2315.931297,1.17
5840,5839,765.0473607,1.17
5840,6036,728.4890946,1.17
5840,8790,874.4219563,1.17
5840,10338,447.6207754,1.17
5841,5842,309.3620407,1.17
5841,10185,9.53795931,1.17
5841,10191,63.53060878,1.17
5841,11890,297.2226042,1.17
5842,2508,298.3458488,1.17
5842,5841,298.0826042,1.17
5842,5843,196.17,1.17
5843,5842,481.2264123,1.17
5843,5844,195.02,1.17
5843,10216,1.15,1.17
5844,5817,538.8344113,1.17
5844,5843,472.6864123,1.17
5844,5845,296.77,1.17
5844,5863,98.02,1.17
5845,5831,458.271902,1.17
5845,5844,681.2626718,1.17
5845,5846,305.3773776,1.17
5845,11912,871.86,1.17
5846,5832,184.5020754,1.17
5846,5845,423.1691629,1.17
5846,5865,5.5,1.17
5846,12301,362.6379246,1.17
5847,5833,1320.343568,1.17
5847,5848,41.03,1.17
5847,5850,458.9573362,1.17
5847,12301,394.5126042,1.17
5848,5847,650.6430463,1.17
5848,5851,524.715953,1.17
5848,5852,0.0,1.17
5848,10218,697.2586448,1.17
5849,4422,62.14015859,1.17
5849,8779,658.0054746,1.17
5849,8781,837.6363719,1.17
5849,10336,265.6013535,1.17
5850,5847,867.9020775,1.17
5850,5851,519.0770169,1.17
5850,5877,1071.488607,1.17
5850,10217,0.0,1.17
5851,5848,676.1230338,1.17
5851,5850,384.145953,1.17
5851,5852,140.57,1.17
5851,5878,0.0,1.17
5852,5848,210.1391771,1.17
5852,5851,157.0460169,1.17
5852,5966,140.57,1.17
5853,5709,8556.901318,1.17
5853,8781,491.9456332,1.17
5854,6090,8559.401392,1.17
5854,8781,39.78444098,1.17
5855,5856,8.69,1.17
5855,9021,673.0179107,1.17
5855,10339,468.2752798,1.17
5856,5839,1753.981916,1.17
5856,5855,46.45823098,1.17
5856,6049,580.5702228,1.17
5856,10339,1666.305311,1.17
5857,5838,150.4526679,1.17
5857,10188,781.8828273,1.17
5857,10189,395.1104369,1.17
5857,12379,143.4053795,1.17
5858,3887,0.0,1.17
5858,9020,2450.910814,1.17
5858,9227,1900.506688,1.17
5859,5474,223.1145224,1.17
5859,5781,12.47,1.17
5859,5907,259.4964536,1.17
5860,4832,376.9803706,1.17
5860,6589,6.63,1.17
5860,10952,861.7072993,1.17
5861,4436,407.6687529,1.17
5861,5745,1000.791932,1.17
5861,5862,776.2880354,1.17
5861,12408,757.0776721,1.17
5862,5861,927.0338718,1.17
5862,6130,1238.054858,1.17
5862,10569,539.2037847,1.17
5863,5844,507.2281518,1.17
5863,5873,95.4,1.17
5863,10216,491.7626211,1.17
5863,11912,306.6869156,1.17
5864,4436,1100.275881,1.17
5864,5750,1000.662049,1.17
5864,5866,1044.940984,1.17
5864,5868,319.4115796,1.17
5865,5846,250.5691811,1.17
5865,5875,175.1308752,1.17
5865,10217,228.385318,1.17
5865,11912,449.1643798,1.17
5866,5864,1230.200386,1.17
5866,6133,1274.957364,1.17
5866,10569,1109.027915,1.17
5866,10570,493.6680268,1.17
5867,5967,12.39837202,1.17
5867,10220,563.58,1.17
5867,10225,95.81,1.17
5868,5864,613.241509,1.17
5868,5869,344.2621392,1.17
5868,10564,2327.480029,1.17
5868,10570,1836.101936,1.17
5869,5792,1099.461583,1.17
5869,5868,518.2280815,1.17
5869,5870,888.3395796,1.17
5869,5879,362.831767,1.17
5870,5869,1084.025592,1.17
5870,6142,1034.037843,1.17
5870,10570,1862.508336,1.17
5870,10571,1498.550666,1.17
5871,10189,511.5,1.17
5871,10195,441.0839663,1.17
5871,12379,411.1294697,1.17
5872,5873,0.0,1.17
5872,10216,8.54,1.17
5872,10221,1.15,1.17
5873,5863,294.0634413,1.17
5873,5872,0.0,1.17
5873,5874,0.0,1.17
5873,5882,95.4,1.17
5874,5873,26.13344132,1.17
5874,5875,204.7120766,1.17
5874,10222,735.6489877,1.17
5874,11912,953.7487045,1.17
5875,2521,5.5,1.17
5875,5865,478.6809385,1.17
5875,5874,46.61101756,1.17
5875,5876,374.3429517,1.17
5876,5875,383.6264793,1.17
5876,5877,375.5128167,1.17
5876,10217,404.7667466,1.17
5876,11916,443.339091,1.17
5877,2523,1065.991559,1.17
5877,5850,1386.979094,1.17
5877,5876,392.0155703,1.17
5877,5878,57.73,1.17
5878,5851,0.0,1.17
5878,5877,100.999091,1.17
5878,6876,57.73,1.17
5878,10223,0.0,1.17
5879,5869,577.7289446,1.17
5879,8407,572.4289157,1.17
5879,10565,608.5489201,1.17
5879,10571,489.3576007,1.17
5880,6735,3007.485516,1.17
5880,7762,184.8187953,1.17
5880,7837,1841.259955,1.17
5880,10405,332.1135904,1.17
5881,6188,2726.19782,1.17
5881,7718,473.9084196,1.17
5881,7720,2876.152162,1.17
5881,7721,420.9300468,1.17
5882,5873,267.93,1.17
5882,10221,651.5803178,1.17
5882,10222,294.9804094,1.17
5882,11915,600.8573949,1.17
5883,5885,725.5370867,1.17
5883,8407,606.7744457,1.17
5883,10572,507.1778324,1.17
5884,5796,832.3602226,1.17
5884,5885,774.7701787,1.17
5884,5896,419.9869126,1.17
5884,10566,1217.495575,1.17
5885,5883,900.1663602,1.17
5885,5884,839.9593218,1.17
5885,5896,413.0485804,1.17
5885,5899,555.7555138,1.17
5886,5887,329.6716944,1.17
5886,6874,299.227393,1.17
5886,10215,238.82,1.17
5887,5886,371.397393,1.17
5887,6875,95.63271469,1.17
5887,11913,549.25,1.17
5888,2671,6621.015674,1.17
5889,5890,3390.500087,1.17
5889,5901,1923.44271,1.17
5890,5892,4540.050122,1.17
5890,6184,0.0,1.17
5891,5888,4416.383414,1.17
5891,6183,942.6105161,1.17
5891,6184,295.25,1.17
5892,5895,1254.609906,1.17
5892,6315,3285.440216,1.17
5893,5891,5654.24393,1.17
5894,5893,1325.197306,1.17
5894,5895,42.31,1.17
5894,10224,102.281628,1.17
5895,5894,1427.478934,1.17
5895,10225,906.15,1.17
5895,11917,390.7699063,1.17
5896,5884,1209.896476,1.17
5896,5885,681.1516953,1.17
5896,5902,80.33783867,1.17
5896,10573,752.6976544,1.17
5897,5898,205.7969696,1.17
5897,5913,0.0,1.17
5897,11983,384.84,1.17
5897,12428,23.37,1.17
5898,2524,782.7369696,1.17
5898,2933,1819.104515,1.17
5898,5897,408.21,1.17
5898,11984,370.4700937,1.17
5899,5885,527.4708155,1.17
5899,5903,1961.682036,1.17
5899,6192,510.029461,1.17
5899,10572,2023.787681,1.17
5900,5888,2204.63226,1.17
5900,6184,2292.51935,1.17
5901,5918,3544.343226,1.17
5902,5896,424.8404459,1.17
5902,5904,931.1641529,1.17
5902,10573,710.0930874,1.17
5903,5899,1978.061629,1.17
5903,5921,1966.573325,1.17
5903,6196,481.0574327,1.17
5903,10573,649.5666124,1.17
5904,5902,1134.933533,1.17
5904,5921,1164.028929,1.17
5904,5922,641.6433962,1.17
5904,8733,2179.367752,1.17
5905,5906,896.3280402,1.17
5905,5925,270.04,1.17
5905,10199,885.3567112,1.17
5906,2520,754.3465428,1.17
5906,5905,876.5798588,1.17
5906,11893,489.15,1.17
5906,11896,821.5280402,1.17
5907,5859,219.6745224,1.17
5907,11136,1641.37253,1.17
5907,11141,985.1150782,1.17
5908,5909,698.4667596,1.17
5908,5927,462.3386872,1.17
5908,12274,1207.638196,1.17
5909,5908,617.5,1.17
5909,5910,645.0611569,1.17
5909,12277,485.6829975,1.17
5910,2522,1252.558104,1.17
5910,5909,684.25,1.17
5910,5928,1197.116135,1.17
5911,2522,254.9073269,1.17
5911,5912,0.0,1.17
5911,12279,0.0,1.17
5912,5911,254.9073269,1.17
5912,5913,160.1364553,1.17
5912,5929,0.0,1.17
5912,12428,0.0,1.17
5913,2524,160.1364553,1.17
5913,5897,0.0,1.17
5913,5912,108.96,1.17
5914,2524,396.1359066,1.17
5914,5919,12.84,1.17
5914,6878,288.4540753,1.17
5914,11984,97.6,1.17
5915,5916,757.3729636,1.17
5915,5918,543.01,1.17
5915,6878,65.64,1.17
5916,2525,1369.00253,1.17
5916,5915,608.65,1.17
5916,5917,949.540847,1.17
5917,5900,4497.151611,1.17
5917,5916,637.5295661,1.17
5918,5915,701.5588883,1.17
5918,5979,3385.794338,1.17
5919,5914,424.6959066,1.17
5919,5920,18.2959247,1.17
5919,5931,146.06,1.17
5920,2525,824.7175443,1.17
5920,5919,570.7559066,1.17
5920,11920,493.9461375,1.17
5920,12001,339.7568106,1.17
5921,5903,1649.864146,1.17
5921,5904,1776.141955,1.17
5921,5926,929.2508423,1.17
5921,5930,1251.401961,1.17
5921,9014,1345.052686,1.17
5921,10573,1185.296923,1.17
5922,5904,681.4950409,1.17
5922,8736,811.7863486,1.17
5922,8737,693.0183872,1.17
5922,8788,765.3722675,1.17
5923,5924,467.9095155,1.17
5923,5938,160.4710729,1.17
5923,10198,994.4445552,1.17
5923,11895,740.4310569,1.17
5924,5923,606.11,1.17
5924,5925,574.8581982,1.17
5924,5939,426.1008585,1.17
5924,10199,712.3828969,1.17
5925,5905,572.8668525,1.17
5925,5924,717.3248144,1.17
5925,5940,214.5486827,1.17
5925,11896,318.4195155,1.17
5926,5921,905.4381785,1.17
5926,5930,686.2744407,1.17
5926,5957,1085.376092,1.17
5926,8736,861.9654694,1.17
5927,5908,697.2184132,1.17
5927,5928,418.4397457,1.17
5927,5932,555.8060471,1.17
5927,11896,401.77,1.17
5928,5910,1233.120777,1.17
5928,5927,377.6273599,1.17
5928,5929,673.766201,1.17
5928,5934,1273.088775,1.17
5929,5912,293.2437822,1.17
5929,5928,576.1026731,1.17
5929,5935,43.85444843,1.17
5929,11919,482.6152973,1.17
5930,5921,1430.181779,1.17
5930,5926,917.0447895,1.17
5930,7469,607.5244407,1.17
5930,8796,1330.151961,1.17
5931,5919,5.4559247,1.17
5931,5937,0.0,1.17
5931,11919,146.06,1.17
5932,5927,730.7311939,1.17
5932,5943,91.95735991,1.17
5932,11918,520.7586872,1.17
5933,5947,600.7285643,1.17
5933,8737,744.8133724,1.17
5933,8739,866.8372888,1.17
5933,10568,1187.369078,1.17
5934,5928,1365.94456,1.17
5934,5935,65.78,1.17
5934,5955,1162.758775,1.17
5934,11918,284.57,1.17
5935,5929,0.0,1.17
5935,5934,85.46,1.17
5935,5936,109.6344484,1.17
5935,5944,0.0,1.17
5936,5935,59.07,1.17
5936,5937,0.0,1.17
5936,5945,891.9267153,1.17
5936,11919,860.7930252,1.17
5937,5931,0.0,1.17
5937,5936,234.1137222,1.17
5937,5946,0.0,1.17
5938,5923,426.3557948,1.17
5938,5939,51.81,1.17
5938,5949,108.6610729,1.17
5939,5924,601.1680825,1.17
5939,5938,207.780587,1.17
5939,5940,394.6919315,1.17
5939,5950,132.2089271,1.17
5940,2530,802.7679741,1.17
5940,5925,237.0925901,1.17
5940,5939,857.9386695,1.17
5940,5941,109.79,1.17
5941,5940,415.0554244,1.17
5941,5943,0.0,1.17
5941,5951,372.89781,1.17
5941,11896,309.385296,1.17
5942,3197,316.5111094,1.17
5942,11121,842.760163,1.17
5942,12570,859.6312107,1.17
5943,5932,0.0,1.17
5943,5941,91.95735991,1.17
5943,5952,0.0,1.17
5944,5935,26.39,1.17
5944,5945,0.0,1.17
5944,5956,0.0,1.17
5945,5936,685.749303,1.17
5945,5944,0.0,1.17
5945,5946,238.8138625,1.17
5945,5958,653.1128528,1.17
5946,5937,234.1137222,1.17
5946,5945,296.3380292,1.17
5946,5959,0.0,1.17
5946,11920,238.8138625,1.17
5947,4411,897.0147089,1.17
5947,5933,650.0857104,1.17
5947,8014,326.3638554,1.17
5947,10568,877.8151626,1.17
5948,5949,381.6252078,1.17
5948,11895,646.652262,1.17
5948,11898,882.85,1.17
5948,12419,867.84,1.17
5949,5938,218.5752078,1.17
5949,5948,406.2776564,1.17
5949,5950,163.05,1.17
5950,2530,163.05,1.17
5950,5939,0.0,1.17
5950,5949,297.6165835,1.17
5951,2530,448.5957448,1.17
5951,5941,372.1333605,1.17
5951,5952,102.1799655,1.17
5951,5970,665.570775,1.17
5952,5943,0.0,1.17
5952,5951,4.8,1.17
5952,5953,102.1799655,1.17
5953,5952,4.8,1.17
5953,5954,278.6686872,1.17
5953,11918,600.3627811,1.17
5954,5953,498.1828156,1.17
5954,5955,738.1281137,1.17
5954,11921,1095.86395,1.17
5955,5934,1114.612972,1.17
5955,5954,817.1952624,1.17
5955,5956,457.5300345,1.17
5955,5973,763.9940284,1.17
5956,5944,26.39,1.17
5956,5955,418.4305161,1.17
5956,5976,0.0,1.17
5956,11986,457.5300345,1.17
5957,5926,1060.826397,1.17
5957,5968,586.9801685,1.17
5957,8018,1126.452945,1.17
5957,8738,662.8560854,1.17
5958,5945,389.4112738,1.17
5958,5959,493.1328528,1.17
5958,11986,820.65,1.17
5959,5946,101.1887262,1.17
5959,5958,376.7912738,1.17
5959,5960,493.1328528,1.17
5960,5959,477.98,1.17
5960,5961,194.48,1.17
5960,5962,298.6528528,1.17
5961,5960,276.17,1.17
5961,5962,304.64,1.17
5961,11920,379.1492083,1.17
5962,5960,201.81,1.17
5962,5961,184.6692083,1.17
5962,11922,603.2928528,1.17
5963,2617,0.0,1.17
5963,2666,518.7567466,1.17
5963,6181,246.28,1.17
5964,5963,246.28,1.17
5964,10151,1550.948506,1.17
5965,5966,81.76909102,1.17
5965,5967,350.36,1.17
5965,10218,360.928372,1.17
5965,10219,166.65,1.17
5966,5852,367.185194,1.17
5966,5965,185.5,1.17
5966,6876,161.179091,1.17
5966,10224,42.31,1.17
5967,2626,350.36,1.17
5967,5867,0.0,1.17
5967,5965,401.617463,1.17
5967,6182,0.0,1.17
5968,5957,804.978868,1.17
5968,6206,457.1406125,1.17
5968,8796,1298.753796,1.17
5968,10574,1365.12004,1.17
5969,2530,717.3850526,1.17
5969,5990,390.2409837,1.17
5969,11899,552.1534712,1.17
5969,12421,240.17,1.17
5970,5951,896.0291249,1.17
5970,11899,410.1744971,1.17
5970,11921,874.3942266,1.17
5971,4411,1252.024556,1.17
5971,5814,2691.842031,1.17
5971,5972,809.2524805,1.17
5971,5997,352.9768282,1.17
5971,10340,662.7826441,1.17
5972,5971,834.6077349,1.17
5972,5986,647.3186293,1.17
5972,5992,844.2518436,1.17
5972,8014,716.4454102,1.17
5972,8360,714.1716166,1.17
5972,8744,1161.806731,1.17
5973,5955,834.0148933,1.17
5973,5974,0.0,1.17
5973,5975,763.9940284,1.17
5974,5973,0.0,1.17
5974,5975,0.0,1.17
5974,5976,0.0,1.17
5975,5973,834.0148933,1.17
5975,5974,0.0,1.17
5975,5996,763.9940284,1.17
5976,5956,0.0,1.17
5976,5974,0.0,1.17
5976,5977,0.0,1.17
5976,11988,0.0,1.17
5977,5976,0.0,1.17
5977,5998,551.61,1.17
5977,6025,303.7500345,1.17
5977,11986,695.2905161,1.17
5978,5917,4185.14033,1.17
5978,6024,580.97,1.17
5979,6017,2723.766675,1.17
5979,6025,1026.337663,1.17
5980,3866,918.31,1.17
5980,11002,1313.245858,1.17
5980,11004,707.5201083,1.17
5981,5982,12.85,1.17
5981,6000,84.16,1.17
5981,11922,92.4,1.17
5982,5981,40.77,1.17
5982,6239,0.0,1.17
5982,12002,12.85,1.17
5983,1998,2322.624134,1.17
5983,5984,1565.589515,1.17
5983,11900,126.0,1.17
5984,2534,2031.999515,1.17
5984,5983,2055.864134,1.17
5984,11900,412.68,1.17
5985,2534,2819.656498,1.17
5985,5987,561.5755016,1.17
5985,6005,1715.913941,1.17
5985,11901,794.62,1.17
5986,5972,948.3280249,1.17
5986,5992,702.3810319,1.17
5986,6213,595.2746824,1.17
5986,8360,805.8320549,1.17
5987,5985,423.021857,1.17
5987,5988,661.3802938,1.17
5987,11898,602.92,1.17
5988,5987,608.471857,1.17
5988,5989,327.2455016,1.17
5988,6005,334.1347922,1.17
5989,2535,123.94,1.17
5989,5988,239.881857,1.17
5989,5990,465.8855016,1.17
5989,12421,0.0,1.17
5990,5969,584.9206083,1.17
5990,5989,363.821857,1.17
5990,5991,89.50973362,1.17
5991,5990,182.1257136,1.17
5991,11899,147.04,1.17
5991,11902,251.7197336,1.17
5992,5972,1020.618126,1.17
5992,5986,736.9549087,1.17
5992,10340,1546.632875,1.17
5993,5994,387.5036496,1.17
5993,6011,429.6235839,1.17
5993,11902,0.0,1.17
5994,5993,429.6235839,1.17
5994,5995,252.614559,1.17
5994,11921,652.9344984,1.17
5995,5994,267.9208488,1.17
5995,5996,252.614559,1.17
5995,11987,0.0,1.17
5996,5975,834.0148933,1.17
5996,5995,267.9208488,1.17
5996,6013,998.2185875,1.17
5996,11988,18.39,1.17
5997,5818,963.4181897,1.17
5997,5971,600.7076355,1.17
5997,6002,423.1029137,1.17
5997,10340,1260.007546,1.17
5998,2537,290.1059927,1.17
5998,5977,396.04,1.17
5998,6001,118.19,1.17
5998,11988,184.0840073,1.17
5999,6000,0.0,1.17
5999,6001,0.0,1.17
6000,5981,51.63,1.17
6000,5999,0.0,1.17
6000,11989,84.16,1.17
6001,5998,86.06,1.17
6001,5999,0.0,1.17
6001,6020,61.26,1.17
6001,11989,56.93,1.17
6002,5824,1964.465522,1.17
6002,5997,558.3985574,1.17
6002,6004,2439.600685,1.17
6002,6006,499.7311683,1.17
6002,6012,547.3880353,1.17
6002,10337,570.0914059,1.17
6003,6022,366.7242231,1.17
6003,11930,340.09,1.17
6003,11989,92.11,1.17
6004,6002,2433.023837,1.17
6004,6035,678.2682168,1.17
6004,6214,2372.647142,1.17
6004,10340,748.5112722,1.17
6005,2535,2050.048734,1.17
6005,5985,2016.674641,1.17
6005,5988,368.59,1.17
6005,6027,0.0,1.17
6006,5835,1598.223705,1.17
6006,6002,538.3183069,1.17
6006,6012,1677.027288,1.17
6006,8989,61.84382494,1.17
6007,6009,211.53,1.17
6007,11874,139.28,1.17
6007,11900,326.56,1.17
6008,2363,910.2996288,1.17
6008,6009,295.63,1.17
6008,6034,311.88,1.17
6008,11874,239.26,1.17
6009,6007,192.91,1.17
6009,6008,624.4596288,1.17
6009,6038,180.07,1.17
6010,1701,1214.43,1.17
6010,2535,2010.953622,1.17
6010,6011,1864.728734,1.17
6010,6044,358.3993759,1.17
6010,11902,266.0751067,1.17
6011,5993,385.0136496,1.17
6011,6010,1981.963265,1.17
6011,6014,1795.519888,1.17
6011,6030,551.4890695,1.17
6012,6002,561.8650711,1.17
6012,6006,988.5678718,1.17
6012,6035,1451.236833,1.17
6012,10341,773.1784903,1.17
6013,2536,998.2185875,1.17
6013,5996,1079.555742,1.17
6013,11987,0.0,1.17
6014,2536,1795.519888,1.17
6014,6011,1714.232562,1.17
6014,11987,0.0,1.17
6015,2536,1477.735039,1.17
6015,2537,2082.518887,1.17
6015,6048,904.7501902,1.17
6015,11988,0.0,1.17
6016,5978,3648.829504,1.17
6016,6018,50.8,1.17
6016,6019,70.72,1.17
6017,6018,605.65,1.17
6017,6019,1415.802295,1.17
6017,6106,805.1443802,1.17
6018,6016,514.6760903,1.17
6018,6017,51.63,1.17
6018,6019,574.28,1.17
6018,6020,1002.32,1.17
6019,2537,2060.802295,1.17
6019,6016,1697.722835,1.17
6019,6017,51.2,1.17
6019,6018,345.87,1.17
6020,6001,22.11,1.17
6020,6018,1140.58609,1.17
6020,6021,281.97,1.17
6020,6031,781.61,1.17
6021,6020,743.1960903,1.17
6021,6022,281.97,1.17
6021,6032,65.5,1.17
6021,11989,23.47,1.17
6022,2538,194.6658667,1.17
6022,6003,264.5,1.17
6022,6021,710.86,1.17
6022,6033,189.76,1.17
6023,2534,1003.350599,1.17
6023,6026,53.15,1.17
6023,6037,703.2704778,1.17
6024,5978,1117.280826,1.17
6024,6025,406.99,1.17
6024,11922,1308.057147,1.17
6025,5977,299.2505161,1.17
6025,5979,364.31,1.17
6025,6024,1073.517182,1.17
6026,6023,230.8709147,1.17
6026,6027,41.96,1.17
6026,11901,53.15,1.17
6027,6005,0.0,1.17
6027,6026,73.25035767,1.17
6027,6028,41.96,1.17
6028,2535,535.3413762,1.17
6028,6027,73.25035767,1.17
6028,6029,168.35,1.17
6029,6028,535.3413762,1.17
6029,6041,70.17,1.17
6029,11905,98.18,1.17
6030,6011,705.4009926,1.17
6030,6045,324.9169526,1.17
6030,6046,226.5721169,1.17
6031,1703,1226.34,1.17
6031,6020,419.5,1.17
6031,6032,177.1958667,1.17
6031,6050,233.19,1.17
6032,6021,55.80609026,1.17
6032,6031,249.69,1.17
6032,6033,177.1958667,1.17
6032,11924,5.57,1.17
6033,6022,177.1958667,1.17
6033,6032,189.76,1.17
6033,6052,0.0,1.17
6033,6268,0.0,1.17
6034,5476,254.63,1.17
6034,6008,378.95,1.17
6034,11875,252.4112859,1.17
6035,6004,681.5577286,1.17
6035,6012,858.1514042,1.17
6035,6225,1739.637864,1.17
6035,10341,1179.335632,1.17
6036,5840,578.0056629,1.17
6036,6043,488.3042797,1.17
6036,8790,48.53200136,1.17
6036,8989,582.3507748,1.17
6037,6023,1056.500599,1.17
6037,6038,541.37042,1.17
6037,6039,617.2601202,1.17
6037,6041,357.39,1.17
6038,6009,490.2796288,1.17
6038,6037,430.65,1.17
6038,6039,173.46,1.17
6038,11903,429.23,1.17
6039,6037,1032.161019,1.17
6039,6038,368.5792088,1.17
6039,6040,790.7201202,1.17
6040,2539,718.8201202,1.17
6040,6039,1400.740228,1.17
6040,11904,80.9,1.17
6041,6029,151.81,1.17
6041,6037,406.4396423,1.17
6041,6042,427.56,1.17
6042,6041,558.2496423,1.17
6042,6058,187.3969526,1.17
6042,11905,535.1323291,1.17
6043,6036,433.6846683,1.17
6043,6047,478.5671518,1.17
6043,6051,373.7508573,1.17
6043,10341,447.9973336,1.17
6044,6010,222.0951067,1.17
6044,11905,762.5579712,1.17
6044,12377,919.6220627,1.17
6045,6030,422.3423291,1.17
6045,6046,208.27,1.17
6045,12377,619.6918309,1.17
6046,6030,283.0586635,1.17
6046,6045,294.7748783,1.17
6046,11923,434.8421169,1.17
6047,6043,425.1888144,1.17
6047,6235,710.5114185,1.17
6047,6236,658.7281146,1.17
6047,10341,850.851161,1.17
6048,6015,823.8346521,1.17
6048,6064,353.6552296,1.17
6048,11923,669.2136619,1.17
6048,11990,214.6358667,1.17
6049,5856,450.2022855,1.17
6049,6056,429.8427536,1.17
6049,8790,574.9117814,1.17
6049,8791,580.5702228,1.17
6050,6031,454.6058667,1.17
6050,6066,0.0,1.17
6050,11990,233.19,1.17
6051,6043,438.2602057,1.17
6051,6071,373.7508573,1.17
6051,6236,580.5702228,1.17
6051,8791,450.2022855,1.17
6052,6033,0.0,1.17
6052,6278,0.0,1.17
6052,11924,0.0,1.17
6052,12422,0.0,1.17
6053,5626,722.7373374,1.17
6053,6054,491.9,1.17
6053,11875,138.3087141,1.17
6054,6053,721.8673374,1.17
6054,6055,255.5587493,1.17
6054,6069,236.3412507,1.17
6055,6054,356.147294,1.17
6055,10201,258.2387493,1.17
6055,11903,3.78,1.17
6056,6049,535.7374627,1.17
6056,6071,309.8697772,1.17
6056,6074,749.3281439,1.17
6056,10339,478.0230126,1.17
6057,6058,329.5523291,1.17
6057,11904,401.2224644,1.17
6057,11906,178.0969526,1.17
6058,6042,329.5523291,1.17
6058,6057,187.3969526,1.17
6058,12378,0.0,1.17
6059,6060,322.201451,1.17
6059,6077,595.052781,1.17
6059,12378,311.4916046,1.17
6060,6059,221.5930474,1.17
6060,6061,318.3085101,1.17
6060,6082,419.1355183,1.17
6060,11923,837.203863,1.17
6061,6060,370.6846451,1.17
6061,6062,385.2437397,1.17
6061,6064,347.842825,1.17
6062,6061,431.8074701,1.17
6062,6063,195.2806816,1.17
6062,6082,266.8030581,1.17
6063,6062,12.3,1.17
6063,6064,31.50769386,1.17
6063,6065,336.0389576,1.17
6063,6083,154.6929803,1.17
6064,6048,379.3505189,1.17
6064,6061,353.6552296,1.17
6064,6063,0.0,1.17
6065,6063,36.25229862,1.17
6065,6066,248.5080584,1.17
6065,6084,813.1342094,1.17
6065,11990,922.7740337,1.17
6066,6050,266.0180584,1.17
6066,6065,0.0,1.17
6066,6067,0.0,1.17
6067,6066,17.51,1.17
6067,6068,0.0,1.17
6067,11924,55.80609026,1.17
6067,11991,5.57,1.17
6068,6067,0.0,1.17
6068,6087,0.0,1.17
6068,12422,0.0,1.17
6069,6054,365.7200434,1.17
6069,6070,29.16,1.17
6069,10201,286.1812507,1.17
6070,6069,49.84,1.17
6070,6108,206.35,1.17
6070,11876,551.99,1.17
6071,6051,438.2602057,1.17
6071,6056,153.8659454,1.17
6071,6237,569.859317,1.17
6071,8791,553.5559599,1.17
6071,10342,606.8725215,1.17
6072,2539,1012.842529,1.17
6072,6110,332.24,1.17
6072,10201,755.0973374,1.17
6073,2539,1137.602571,1.17
6073,6112,155.84,1.17
6073,11904,0.0,1.17
6073,11906,984.0239002,1.17
6074,6056,859.8945298,1.17
6074,6086,1092.73,1.17
6074,6090,1410.26373,1.17
6074,9023,549.3666289,1.17
6074,10342,805.7648462,1.17
6075,6076,267.1701202,1.17
6075,6077,811.271451,1.17
6075,11906,1114.558083,1.17
6076,6075,211.8393908,1.17
6076,6079,106.630557,1.17
6076,6114,160.5395631,1.17
6077,6059,633.6930557,1.17
6077,6075,902.7186924,1.17
6077,6078,862.5297336,1.17
6078,6077,992.6172496,1.17
6078,6079,105.45,1.17
6078,6080,757.0797336,1.17
6079,6076,33.76785708,1.17
6079,6078,147.46,1.17
6079,6089,212.080557,1.17
6080,6078,845.1572496,1.17
6080,6081,64.54,1.17
6080,11925,692.5397336,1.17
6081,2540,645.285496,1.17
6081,6080,12.3,1.17
6081,6082,927.385237,1.17
6081,6083,28.35308042,1.17
6082,6060,431.0377669,1.17
6082,6062,496.3474701,1.17
6082,6081,685.9385764,1.17
6083,6063,303.0066515,1.17
6083,6081,278.8675187,1.17
6083,6084,0.0,1.17
6083,6094,183.0460607,1.17
6084,6065,835.2431345,1.17
6084,6083,0.0,1.17
6084,6085,0.0,1.17
6084,6096,813.1342094,1.17
6085,6084,0.0,1.17
6085,6098,0.0,1.17
6085,11991,0.0,1.17
6086,5853,8923.724851,1.17
6086,6074,1314.961159,1.17
6087,6068,0.0,1.17
6087,6088,5.57,1.17
6087,11991,73.31609026,1.17
6088,6087,73.31609026,1.17
6088,6099,5.57,1.17
6088,12004,0.0,1.17
6089,6079,181.2278571,1.17
6089,6091,139.590557,1.17
6089,6120,101.82,1.17
6090,6074,805.7648462,1.17
6090,6248,9163.900276,1.17
6091,6089,33.76785708,1.17
6091,6092,110.260557,1.17
6091,6100,79.0,1.17
6091,11925,153.86,1.17
6092,2540,97.74,1.17
6092,6091,33.76785708,1.17
6092,6093,110.260557,1.17
6092,6100,0.0,1.17
6093,6092,131.5078571,1.17
6093,6094,668.2567769,1.17
6093,6139,537.6704369,1.17
6094,2540,415.7869133,1.17
6094,6083,581.8741701,1.17
6094,6093,524.2982939,1.17
6094,6095,382.0610806,1.17
6095,6094,773.5704454,1.17
6095,6096,232.2205235,1.17
6095,6101,149.840557,1.17
6096,6084,835.2431345,1.17
6096,6095,419.4791466,1.17
6096,6097,0.0,1.17
6096,6101,393.6550628,1.17
6097,6096,0.0,1.17
6097,6098,0.0,1.17
6097,6102,0.0,1.17
6098,6085,0.0,1.17
6098,6097,0.0,1.17
6098,6099,0.0,1.17
6098,6103,0.0,1.17
6099,6088,73.31609026,1.17
6099,6098,0.0,1.17
6099,6288,5.57,1.17
6100,2541,79.0,1.17
6100,6091,124.53,1.17
6100,6092,0.0,1.17
6101,2688,543.4956198,1.17
6101,6095,354.0912988,1.17
6101,6096,603.022611,1.17
6102,2688,0.0,1.17
6102,6097,0.0,1.17
6102,6103,0.0,1.17
6103,6098,0.0,1.17
6103,6102,0.0,1.17
6103,6127,0.0,1.17
6104,2542,530.8356198,1.17
6104,6107,957.1139097,1.17
6105,6016,1557.950578,1.17
6105,6104,27.09,1.17
6106,6992,817.8043802,1.17
6107,2688,957.1139097,1.17
6107,6104,530.8356198,1.17
6107,6106,12.66,1.17
6108,6070,522.83,1.17
6108,6109,210.13,1.17
6108,6115,10.79,1.17
6109,6108,533.62,1.17
6109,6111,206.35,1.17
6109,10201,3.78,1.17
6110,6072,471.1025294,1.17
6110,6111,488.08,1.17
6110,6112,98.28378009,1.17
6111,6109,526.87,1.17
6111,6110,569.3863094,1.17
6111,6131,690.39,1.17
6112,6073,98.28378009,1.17
6112,6110,155.84,1.17
6112,6132,0.0,1.17
6113,6114,0.0,1.17
6113,6122,0.0,1.17
6113,11906,0.0,1.17
6114,6076,178.0715337,1.17
6114,6113,0.0,1.17
6114,6118,160.5395631,1.17
6115,5664,12.74,1.17
6115,6108,3.78,1.17
6115,6116,4.3,1.17
6116,6115,7.24,1.17
6116,6117,2.36,1.17
6116,6128,1.94,1.17
6117,6116,3.89,1.17
6117,10202,2.36,1.17
6118,6114,178.0715337,1.17
6118,6119,99.02081142,1.17
6118,6124,86.99470742,1.17
6119,6118,92.12211569,1.17
6119,6120,29.33,1.17
6119,6125,73.54485572,1.17
6120,2541,101.82,1.17
6120,6089,176.79,1.17
6120,6119,0.0,1.17
6120,6121,0.0,1.17
6121,2541,0.0,1.17
6121,6120,0.0,1.17
6121,6137,0.0,1.17
6122,6113,0.0,1.17
6122,6123,29.33,1.17
6122,10203,0.0,1.17
6123,6122,0.0,1.17
6123,6124,29.33,1.17
6123,6135,0.0,1.17
6124,6118,111.4253738,1.17
6124,6123,0.0,1.17
6124,6125,90.84875171,1.17
6125,6119,95.97615998,1.17
6125,6124,85.94941805,1.17
6125,6136,160.5395631,1.17
6126,2542,0.0,1.17
6126,2688,0.0,1.17
6126,6141,0.0,1.17
6127,2542,263.1775653,1.17
6127,2543,0.0,1.17
6127,6103,0.0,1.17
6128,5697,112.49,1.17
6128,6116,3.35,1.17
6128,6129,19.33,1.17
6129,6128,115.84,1.17
6129,10202,98.06,1.17
6129,11877,45.44,1.17
6130,4434,522.8603323,1.17
6130,5862,1068.215979,1.17
6130,8527,1027.654951,1.17
6130,10835,782.5546176,1.17
6131,6111,1092.216309,1.17
6131,6132,204.76,1.17
6131,6146,524.96,1.17
6131,10202,159.88,1.17
6132,6112,0.0,1.17
6132,6131,406.1284663,1.17
6132,6147,40.25,1.17
6132,10203,204.76,1.17
6133,5866,1781.993619,1.17
6133,6138,384.9221587,1.17
6133,8648,311.3458331,1.17
6133,8649,868.0552897,1.17
6134,6135,175.43,1.17
6134,6153,0.0,1.17
6134,10203,446.3784663,1.17
6135,6123,0.0,1.17
6135,6134,446.3784663,1.17
6135,6136,175.43,1.17
6136,6125,178.0715337,1.17
6136,6135,446.3784663,1.17
6136,6137,335.9695631,1.17
6137,6121,0.0,1.17
6137,6136,624.45,1.17
6137,6154,0.0,1.17
6137,11992,335.9695631,1.17
6138,6133,645.0452031,1.17
6138,6142,402.8194796,1.17
6138,10570,2113.892171,1.17
6138,10576,2363.586564,1.17
6139,6093,702.8762199,1.17
6139,6140,330.27,1.17
6139,11992,593.9304369,1.17
6140,6139,424.4062199,1.17
6140,6141,69.15,1.17
6140,6144,261.12,1.17
6141,6126,0.0,1.17
6141,6140,112.94,1.17
6141,6159,51.75,1.17
6141,11993,17.4,1.17
6142,5870,1023.543485,1.17
6142,6138,529.5046734,1.17
6142,6145,1084.097145,1.17
6142,6163,532.8231946,1.17
6143,6144,0.0,1.17
6143,6172,0.0,1.17
6143,11992,0.0,1.17
6144,6140,311.4662199,1.17
6144,6143,0.0,1.17
6144,6158,261.12,1.17
6145,6142,1174.44515,1.17
6145,6266,990.5311508,1.17
6145,10576,595.1962387,1.17
6145,10577,603.6344032,1.17
6146,6131,784.8778432,1.17
6146,6149,0.0,1.17
6146,6166,565.21,1.17
6147,6132,0.0,1.17
6147,6148,0.0,1.17
6147,6149,40.25,1.17
6148,6147,0.0,1.17
6148,6150,0.0,1.17
6149,6146,64.89,1.17
6149,6147,0.0,1.17
6149,6150,0.0,1.17
6149,6151,0.0,1.17
6150,6148,0.0,1.17
6150,6149,24.64,1.17
6150,6152,0.0,1.17
6151,6149,0.0,1.17
6151,6152,0.0,1.17
6151,6167,0.0,1.17
6152,6150,24.64,1.17
6152,6151,0.0,1.17
6152,6155,0.0,1.17
6153,6134,0.0,1.17
6153,6154,0.0,1.17
6153,6155,0.0,1.17
6154,6137,0.0,1.17
6154,6153,0.0,1.17
6154,6156,0.0,1.17
6155,6152,24.64,1.17
6155,6153,0.0,1.17
6155,6156,0.0,1.17
6155,6157,0.0,1.17
6156,6154,0.0,1.17
6156,6155,0.0,1.17
6156,6157,0.0,1.17
6157,6155,24.64,1.17
6157,6156,0.0,1.17
6157,6168,0.0,1.17
6158,6144,311.4662199,1.17
6158,6159,15.12,1.17
6158,6173,291.76,1.17
6159,6141,78.82,1.17
6159,6158,30.64,1.17
6159,6160,66.87,1.17
6160,6159,109.46,1.17
6160,6161,66.87,1.17
6160,6176,0.0,1.17
6161,6160,109.46,1.17
6161,6162,66.87,1.17
6161,6178,0.0,1.17
6161,11993,0.0,1.17
6162,6161,109.46,1.17
6162,6179,23.69,1.17
6162,6306,79.34,1.17
6163,6142,558.6660265,1.17
6163,8402,840.4446141,1.17
6163,10571,578.0039276,1.17
6163,10577,422.2450807,1.17
6164,6165,181.7881662,1.17
6164,11878,280.8610063,1.17
6164,11907,1.68183382,1.17
6165,6164,280.8610063,1.17
6165,6166,181.7881662,1.17
6166,6146,760.2378432,1.17
6166,6165,280.8610063,1.17
6166,6167,5.04,1.17
6166,6921,322.5571598,1.17
6167,6151,0.0,1.17
6167,6166,18.05,1.17
6167,6922,5.04,1.17
6168,6157,24.64,1.17
6168,6169,5.26,1.17
6168,10204,18.61,1.17
6169,6168,43.25,1.17
6169,6170,5.26,1.17
6170,6169,43.25,1.17
6170,6171,5.26,1.17
6171,6170,43.25,1.17
6171,6172,5.26,1.17
6171,6925,0.0,1.17
6172,6143,0.0,1.17
6172,6171,43.25,1.17
6172,6173,5.26,1.17
6173,6158,326.5862199,1.17
6173,6172,43.25,1.17
6173,6174,0.0,1.17
6173,6926,286.49,1.17
6174,6173,37.98,1.17
6174,6175,0.0,1.17
6174,11994,0.0,1.17
6175,6174,37.98,1.17
6175,6176,0.0,1.17
6176,6160,0.0,1.17
6176,6175,37.98,1.17
6176,6177,0.0,1.17
6177,6176,37.98,1.17
6177,6178,0.0,1.17
6177,6928,23.69,1.17
6178,6161,0.0,1.17
6178,6177,61.67,1.17
6178,6179,0.0,1.17
6178,11995,0.0,1.17
6179,6162,12.47,1.17
6179,6178,61.67,1.17
6179,6930,0.0,1.17
6180,5812,842.6827571,1.17
6180,10180,933.7829331,1.17
6180,10181,1852.320484,1.17
6180,10183,1179.805905,1.17
6181,2930,152.89,1.17
6181,5963,518.7567466,1.17
6181,11909,507.24,1.17
6182,2935,0.0,1.17
6182,5967,389.219091,1.17
6182,10220,0.0,1.17
6183,5890,8.75,1.17
6183,5891,0.0,1.17
6183,5901,1620.900516,1.17
6184,2935,1446.969316,1.17
6184,5890,1140.800034,1.17
6185,5830,0.0,1.17
6185,7057,0.0,1.17
6185,11929,1348.69933,1.17
6185,12389,1131.09,1.17
6186,8398,586.4822311,1.17
6186,8399,930.1671809,1.17
6186,10577,1451.013682,1.17
6187,6194,0.0,1.17
6187,7057,0.0,1.17
6187,12006,0.0,1.17
6188,5881,2435.052306,1.17
6188,6189,2612.934873,1.17
6188,10394,482.56,1.17
6188,10640,645.6329426,1.17
6189,6188,2272.996279,1.17
6189,6190,2550.798189,1.17
6189,7678,2139.475606,1.17
6189,7681,1678.032869,1.17
6190,6189,2023.882833,1.17
6190,6275,2588.358221,1.17
6190,10388,435.2462219,1.17
6190,10634,510.7400259,1.17
6191,6192,430.6235262,1.17
6191,8402,647.9010231,1.17
6191,10572,584.2143335,1.17
6191,10578,526.1629668,1.17
6192,5899,619.7908822,1.17
6192,6191,727.7149446,1.17
6192,6195,616.0285563,1.17
6192,6196,594.1575735,1.17
6193,6462,0.0,1.17
6193,11142,1950.451603,1.17
6193,11143,2248.469032,1.17
6194,2513,0.0,1.17
6194,6187,0.0,1.17
6195,6192,783.3249295,1.17
6195,6197,428.2214353,1.17
6195,6285,514.9668977,1.17
6195,10578,939.3962165,1.17
6196,4400,539.6196983,1.17
6196,5903,654.4579015,1.17
6196,6192,833.7140399,1.17
6196,6197,535.5953078,1.17
6197,6195,608.2045354,1.17
6197,6196,830.4979015,1.17
6197,6333,689.5362728,1.17
6197,10579,487.3080579,1.17
6198,4400,528.1210903,1.17
6198,6201,1611.087541,1.17
6198,7469,1765.846894,1.17
6198,8797,583.9263929,1.17
6199,10220,0.0,1.17
6199,11929,156.0139656,1.17
6200,2527,980.182608,1.17
6200,6314,987.6702212,1.17
6201,6198,1957.262489,1.17
6201,6208,894.9833061,1.17
6201,6347,1590.65076,1.17
6201,10579,1072.417585,1.17
6202,6203,526.48,1.17
6202,6207,26.76,1.17
6202,10225,965.38,1.17
6203,2527,0.0,1.17
6203,6202,956.04,1.17
6203,12000,729.36,1.17
6204,2527,197.4423749,1.17
6204,6205,0.0,1.17
6204,6211,163.1,1.17
6205,6204,0.0,1.17
6205,12007,0.0,1.17
6206,5968,540.7602765,1.17
6206,8796,809.3536909,1.17
6206,8797,435.2906125,1.17
6206,8798,746.5142167,1.17
6207,6202,9.34,1.17
6207,6216,18.92,1.17
6207,6217,7.84,1.17
6208,6201,1082.498225,1.17
6208,6368,645.418667,1.17
6208,8797,569.2562301,1.17
6208,10580,975.9383213,1.17
6209,2527,790.2278463,1.17
6209,6210,614.202608,1.17
6209,12000,0.0,1.17
6210,2526,614.202608,1.17
6210,6209,545.1778463,1.17
6210,6211,0.0,1.17
6211,6204,197.4423749,1.17
6211,6210,0.0,1.17
6211,12007,163.1,1.17
6212,8026,1192.506229,1.17
6212,8358,2293.00383,1.17
6212,8745,2412.376277,1.17
6213,5986,819.7930956,1.17
6213,8745,1714.737847,1.17
6213,8748,1575.412507,1.17
6213,8801,1323.360253,1.17
6213,9630,86.16616205,1.17
6213,10340,1393.906282,1.17
6214,6004,2705.461377,1.17
6214,6225,725.4592883,1.17
6214,8800,2103.506994,1.17
6214,8801,1851.253536,1.17
6215,8751,2718.344382,1.17
6215,9630,479.7893853,1.17
6215,9631,3103.07357,1.17
6216,2525,760.6384357,1.17
6216,6207,0.0,1.17
6216,6217,521.1347147,1.17
6217,6207,9.34,1.17
6217,6216,741.7184357,1.17
6217,6218,528.9747147,1.17
6218,6217,751.0584357,1.17
6218,6219,579.0347147,1.17
6218,12001,90.07,1.17
6219,2526,338.3547147,1.17
6219,6218,823.9484357,1.17
6219,6220,26.9,1.17
6219,12000,479.6,1.17
6220,6219,397.9676896,1.17
6220,6221,0.0,1.17
6220,6226,26.9,1.17
6221,6220,385.0576896,1.17
6221,6222,0.0,1.17
6221,6229,0.0,1.17
6222,2526,666.0485924,1.17
6222,6221,0.0,1.17
6222,6231,788.662014,1.17
6223,2526,0.0,1.17
6223,6224,17.0,1.17
6223,12008,146.8953087,1.17
6224,6223,0.0,1.17
6224,6234,180.1,1.17
6224,12007,197.4423749,1.17
6225,6035,1416.65882,1.17
6225,6214,839.0476251,1.17
6225,6232,1590.843801,1.17
6225,8990,706.7857694,1.17
6226,6220,12.91,1.17
6226,6227,354.5268106,1.17
6226,12001,622.364069,1.17
6227,6226,635.274069,1.17
6227,6228,599.5168106,1.17
6227,6246,588.2128282,1.17
6228,6227,962.4365462,1.17
6228,6229,0.0,1.17
6228,6243,599.5168106,1.17
6229,6221,385.0576896,1.17
6229,6228,0.0,1.17
6229,6230,0.0,1.17
6230,6229,385.0576896,1.17
6230,6231,666.0485924,1.17
6230,6243,788.662014,1.17
6231,6222,666.0485924,1.17
6231,6230,788.662014,1.17
6231,12008,0.0,1.17
6232,6225,1340.545301,1.17
6232,8993,510.0154099,1.17
6232,9632,1107.938391,1.17
6233,6234,0.0,1.17
6233,6243,146.8953087,1.17
6233,12008,0.0,1.17
6234,6224,197.4423749,1.17
6234,6233,0.0,1.17
6234,6244,180.1,1.17
6235,6047,412.6749383,1.17
6235,6236,616.1859335,1.17
6235,8990,515.9340401,1.17
6235,8996,655.5146834,1.17
6236,6047,863.3650371,1.17
6236,6051,450.2022855,1.17
6236,6235,385.9840401,1.17
6236,6237,1025.443193,1.17
6236,8997,692.8568684,1.17
6236,8998,566.0642893,1.17
6237,6071,527.9961511,1.17
6237,6236,973.38048,1.17
6237,8999,367.6397772,1.17
6237,9009,1255.724641,1.17
6238,6247,263.7371999,1.17
6238,6248,1706.239035,1.17
6238,9010,1587.309502,1.17
6238,10342,2274.831755,1.17
6239,5982,0.0,1.17
6239,6240,0.0,1.17
6240,2531,30.98,1.17
6240,2533,29.02,1.17
6240,6239,0.0,1.17
6241,2532,343.3776251,1.17
6241,2533,241.8628282,1.17
6241,6242,80.78,1.17
6242,6241,330.4676251,1.17
6242,6245,68.34,1.17
6242,6252,12.44,1.17
6243,1691,1784.77,1.17
6243,6228,962.4365462,1.17
6243,6230,1051.106282,1.17
6243,6233,0.0,1.17
6243,6244,82.37717177,1.17
6244,6234,197.4423749,1.17
6244,6243,278.3858667,1.17
6244,6245,262.4771718,1.17
6245,6242,330.4676251,1.17
6245,6244,475.8282416,1.17
6245,12009,304.3971718,1.17
6246,2532,588.2128282,1.17
6246,6227,506.040351,1.17
6247,6086,9145.95601,1.17
6247,6238,1320.137799,1.17
6248,6238,334.1072328,1.17
6248,6543,10536.03208,1.17
6249,6250,202.4528282,1.17
6249,6251,23.11,1.17
6249,11930,87.04,1.17
6249,12002,111.08,1.17
6250,2538,220.1986051,1.17
6250,6249,0.0,1.17
6250,6254,14.04,1.17
6250,11930,22.01,1.17
6251,6249,59.38,1.17
6251,6252,296.7758667,1.17
6251,6254,385.5571718,1.17
6252,6242,0.0,1.17
6252,6251,444.9371718,1.17
6252,6253,296.7758667,1.17
6253,6252,432.4971718,1.17
6253,6259,0.0,1.17
6253,12009,296.7758667,1.17
6254,6250,22.01,1.17
6254,6251,273.6658667,1.17
6254,6264,399.5971718,1.17
6254,12010,0.0,1.17
6255,6256,1661.686534,1.17
6255,8527,1244.520663,1.17
6255,10575,1765.959198,1.17
6255,12464,1702.861639,1.17
6256,4458,730.7463606,1.17
6256,6255,2143.670431,1.17
6256,6257,2248.898336,1.17
6256,10581,1620.943683,1.17
6257,6256,2134.928995,1.17
6257,6258,289.7288615,1.17
6257,6672,2419.672896,1.17
6257,10847,949.309826,1.17
6258,6257,711.2666887,1.17
6258,6262,517.1361585,1.17
6258,6675,759.1041897,1.17
6258,10581,522.355842,1.17
6259,6253,0.0,1.17
6259,12010,0.0,1.17
6260,8649,998.3022112,1.17
6260,8652,1634.104322,1.17
6260,10575,839.5839641,1.17
6261,8652,981.6619595,1.17
6261,8687,2738.85906,1.17
6261,10582,1464.588523,1.17
6262,6258,867.2812631,1.17
6262,6265,331.1302148,1.17
6262,6698,562.5048682,1.17
6262,8687,819.6228015,1.17
6263,6266,1659.36881,1.17
6263,8652,2085.149711,1.17
6263,10576,2459.957674,1.17
6263,10582,1819.943823,1.17
6264,1788,0.0,1.17
6264,2538,313.6971718,1.17
6264,6254,295.6758667,1.17
6264,6269,85.9,1.17
6265,6262,560.0052065,1.17
6265,6270,858.0752502,1.17
6265,6702,2176.343939,1.17
6265,10582,1981.079685,1.17
6266,6145,1126.943096,1.17
6266,6263,2003.073217,1.17
6266,6267,2033.422554,1.17
6266,6272,1857.973296,1.17
6267,6266,2052.23408,1.17
6267,6270,1973.785493,1.17
6267,10582,558.3281172,1.17
6267,10583,648.8488499,1.17
6268,2538,0.0,1.17
6268,6033,0.0,1.17
6268,6269,0.0,1.17
6268,12003,0.0,1.17
6269,6264,101.01,1.17
6269,6268,0.0,1.17
6269,6273,85.9,1.17
6270,6265,1087.040482,1.17
6270,6267,2053.245397,1.17
6270,6274,950.139375,1.17
6270,6704,1942.706316,1.17
6271,6398,40.54,1.17
6271,7066,49.74,1.17
6271,11961,68.99,1.17
6272,6266,2319.278122,1.17
6272,8386,1954.035855,1.17
6272,10577,523.5956242,1.17
6272,10583,95.11,1.17
6273,6269,101.01,1.17
6273,6279,85.9,1.17
6273,12003,0.0,1.17
6273,12011,0.0,1.17
6274,6270,1149.019679,1.17
6274,6707,546.1470934,1.17
6274,8383,954.9809515,1.17
6274,10583,527.200208,1.17
6275,6190,2029.239493,1.17
6275,6276,2153.860413,1.17
6275,7502,2550.465738,1.17
6275,7635,1937.055498,1.17
6276,6275,1488.256641,1.17
6276,6277,2174.208699,1.17
6276,7501,489.5962997,1.17
6276,10628,510.9100348,1.17
6277,6276,1669.681546,1.17
6277,7448,2116.268478,1.17
6277,7500,710.705275,1.17
6277,7592,516.932521,1.17
6278,6052,0.0,1.17
6278,6279,0.0,1.17
6278,12003,0.0,1.17
6278,12004,0.0,1.17
6279,6273,101.01,1.17
6279,6278,0.0,1.17
6279,6280,85.9,1.17
6280,6279,101.01,1.17
6280,6281,0.0,1.17
6280,6283,85.9,1.17
6281,6280,0.0,1.17
6281,6284,0.0,1.17
6281,12011,0.0,1.17
6282,4428,919.1631373,1.17
6282,4429,823.8811474,1.17
6282,8398,583.7462487,1.17
6282,10578,673.7327522,1.17
6283,6280,101.01,1.17
6283,6284,0.0,1.17
6283,6289,85.9,1.17
6283,12004,0.0,1.17
6284,6281,0.0,1.17
6284,6283,0.0,1.17
6285,4428,2204.08632,1.17
6285,6195,644.469653,1.17
6285,6286,164.3723689,1.17
6285,6303,1828.481776,1.17
6286,4428,606.9881582,1.17
6286,6285,611.9617888,1.17
6286,6287,461.7457885,1.17
6286,10585,526.989191,1.17
6287,6286,329.2223071,1.17
6287,6298,611.7658285,1.17
6287,6305,431.6731662,1.17
6287,10584,680.9055186,1.17
6288,6099,73.31609026,1.17
6288,6289,0.0,1.17
6288,6292,5.57,1.17
6289,6283,101.01,1.17
6289,6288,0.0,1.17
6289,6290,85.9,1.17
6290,6289,101.01,1.17
6290,6291,69.59,1.17
6290,6293,16.31,1.17
6291,6290,74.88,1.17
6291,6296,69.59,1.17
6292,6288,73.31609026,1.17
6292,6293,0.0,1.17
6292,11931,5.57,1.17
6293,6290,26.13,1.17
6293,6292,0.0,1.17
6293,6295,16.31,1.17
6294,6295,26.13,1.17
6294,6300,16.31,1.17
6295,6293,26.13,1.17
6295,6294,16.31,1.17
6295,6297,0.0,1.17
6296,6291,74.88,1.17
6296,6297,69.59,1.17
6297,6295,0.0,1.17
6297,6296,74.88,1.17
6297,6301,69.59,1.17
6298,4426,1070.426345,1.17
6298,6287,428.965565,1.17
6298,6312,1229.91197,1.17
6298,6718,459.7284298,1.17
6299,6300,26.13,1.17
6299,6304,16.31,1.17
6300,6294,26.13,1.17
6300,6299,16.31,1.17
6300,6301,0.0,1.17
6301,6297,74.88,1.17
6301,6300,0.0,1.17
6301,6998,69.59,1.17
6302,2543,964.1439097,1.17
6302,6306,54.33,1.17
6302,6308,345.0756198,1.17
6302,11931,228.16,1.17
6303,6285,2037.304616,1.17
6303,6333,2155.966798,1.17
6303,10585,921.6800492,1.17
6304,6299,26.13,1.17
6304,6309,60.15,1.17
6304,11931,67.44,1.17
6305,2450,385.1031662,1.17
6305,6287,513.7255775,1.17
6305,6312,1197.16686,1.17
6305,10585,1340.086565,1.17
6306,6162,133.15,1.17
6306,6302,25.0,1.17
6306,6307,54.34,1.17
6307,6306,78.82,1.17
6307,6308,54.34,1.17
6307,7000,0.0,1.17
6308,6302,521.05,1.17
6308,6307,78.82,1.17
6308,6309,51.13,1.17
6308,6311,459.5656198,1.17
6309,6304,51.13,1.17
6309,6308,60.15,1.17
6309,6310,0.0,1.17
6310,6309,0.0,1.17
6310,6311,0.0,1.17
6311,6308,651.0,1.17
6311,6310,0.0,1.17
6311,6998,459.5656198,1.17
6311,12005,0.0,1.17
6312,6298,1187.219715,1.17
6312,6305,1115.747636,1.17
6312,6341,1291.892562,1.17
6312,6721,893.8920198,1.17
6313,6314,810.16,1.17
6313,6316,539.326624,1.17
6313,12311,701.7245061,1.17
6314,6200,980.182608,1.17
6314,6313,512.1902212,1.17
6314,6321,711.68,1.17
6315,6314,406.222608,1.17
6315,6318,2879.217608,1.17
6316,5893,4329.046624,1.17
6317,6313,709.17,1.17
6318,6323,3590.897608,1.17
6319,6316,3789.72,1.17
6319,6317,709.17,1.17
6320,10124,658.0423925,1.17
6321,6318,711.68,1.17
6322,10123,0.0,1.17
6322,10124,0.0,1.17
6323,1776,3590.897608,1.17
6323,1790,0.0,1.17
6323,6319,4498.89,1.17
6323,10123,0.0,1.17
6324,2651,1869.05,1.17
6325,2354,866.1693417,1.17
6325,2364,956.6730606,1.17
6325,11208,1718.180304,1.17
6326,10036,595.5485684,1.17
6326,11153,385.3220712,1.17
6326,11785,2308.985896,1.17
6326,11786,2759.941362,1.17
6327,6328,3.79,1.17
6327,6329,414.8166732,1.17
6327,9794,167.0588333,1.17
6328,6327,139.7088333,1.17
6328,9792,1904.472405,1.17
6328,12348,2439.982773,1.17
6329,6327,31.14,1.17
6329,6330,649.0929014,1.17
6329,9798,416.9018861,1.17
6329,12348,866.5286077,1.17
6330,6329,539.3946007,1.17
6330,9795,719.7496622,1.17
6330,9798,408.1031147,1.17
6331,6332,209.0146485,1.17
6331,6335,370.0156583,1.17
6331,9798,224.6396622,1.17
6332,6331,494.9509792,1.17
6332,12348,2097.115336,1.17
6332,12375,2705.845676,1.17
6333,4398,2043.983519,1.17
6333,6197,659.006649,1.17
6333,6303,2223.021168,1.17
6333,6336,565.5082166,1.17
6334,4486,732.7205794,1.17
6334,7625,3264.759101,1.17
6334,12349,2650.232532,1.17
6334,12376,4.2,1.17
6335,6331,142.3510504,1.17
6335,9797,492.851317,1.17
6335,12349,866.6476527,1.17
6336,2427,701.0604708,1.17
6336,2450,419.2119582,1.17
6336,4397,567.6316549,1.17
6336,6333,547.0233707,1.17
6337,2391,1047.514339,1.17
6337,9685,431.0057794,1.17
6337,11208,1075.175695,1.17
6338,2400,423.5749493,1.17
6338,2404,235.1134716,1.17
6338,6339,944.8048918,1.17
6339,6338,355.0233011,1.17
6339,6340,1053.566964,1.17
6339,9247,2090.210613,1.17
6339,11153,1153.139936,1.17
6340,6339,54.23687123,1.17
6340,9790,670.4131307,1.17
6340,11156,1837.498093,1.17
6340,11786,1520.306604,1.17
6341,2427,540.0854112,1.17
6341,4395,833.9975026,1.17
6341,6312,1173.66573,1.17
6341,6722,709.2136093,1.17
6342,2364,183.2943054,1.17
6342,2391,744.3893968,1.17
6342,6346,60.60205083,1.17
6342,11210,114.48,1.17
6343,6349,0.0,1.17
6343,9247,673.3597751,1.17
6343,9784,1415.568672,1.17
6344,978,541.62,1.17
6344,9782,270.0830568,1.17
6344,9785,2239.319408,1.17
6344,9791,1540.62672,1.17
6345,981,340.58,1.17
6345,11158,726.7706123,1.17
6345,12374,2385.812218,1.17
6345,12376,2875.875943,1.17
6346,2371,308.45925,1.17
6346,6342,30.86469256,1.17
6346,11211,589.6006555,1.17
6347,4398,2048.86822,1.17
6347,6201,1663.968823,1.17
6347,6354,484.8146398,1.17
6347,6368,1917.480131,1.17
6348,2410,0.0,1.17
6348,9248,659.2659093,1.17
6348,11215,380.7748005,1.17
6349,6343,0.0,1.17
6349,6357,0.0,1.17
6349,9248,176.8900733,1.17
6349,9783,225.8179613,1.17
6350,3936,1646.664373,1.17
6350,9783,176.8900733,1.17
6350,11156,1412.348552,1.17
6351,2423,154.9041871,1.17
6351,2912,449.958862,1.17
6351,11217,301.3067172,1.17
6352,2489,357.5873974,1.17
6352,2502,1354.604293,1.17
6352,2912,44.95418706,1.17
6352,9682,1163.361381,1.17
6353,2415,1627.314377,1.17
6353,6355,661.3938833,1.17
6353,11215,1385.899522,1.17
6354,4397,669.3766894,1.17
6354,6347,544.1533401,1.17
6354,6366,531.7124258,1.17
6354,10586,619.87165,1.17
6355,6353,463.45,1.17
6355,6356,921.4066853,1.17
6355,11215,229.505005,1.17
6356,2907,718.2113503,1.17
6356,6355,692.955005,1.17
6356,6358,1047.530429,1.17
6356,6371,959.5547241,1.17
6357,2907,1171.753272,1.17
6357,6349,0.0,1.17
6357,6358,0.0,1.17
6357,11159,1801.258675,1.17
6358,6356,605.5475491,1.17
6358,6357,0.0,1.17
6358,6359,1047.530429,1.17
6359,6358,605.5475491,1.17
6359,11162,142.9945844,1.17
6359,12412,904.5358444,1.17
6360,6361,1807.963161,1.17
6360,9776,714.5655384,1.17
6360,9779,2108.800682,1.17
6360,11159,1597.412386,1.17
6361,6360,1592.842936,1.17
6361,11164,671.0864989,1.17
6361,12415,626.8817893,1.17
6361,12418,1056.412115,1.17
6362,987,286.77,1.17
6362,3940,1095.70923,1.17
6362,9781,0.0,1.17
6362,11160,1500.411365,1.17
6362,11161,174.6039383,1.17
6363,4395,257.2553759,1.17
6363,4396,603.7249681,1.17
6363,6367,1181.507622,1.17
6364,4488,672.9814283,1.17
6364,12376,415.93,1.17
6364,12423,649.5737142,1.17
6365,2908,769.4883439,1.17
6365,6378,0.0,1.17
6365,11216,711.2714918,1.17
6366,6354,427.0243939,1.17
6366,6367,836.5926838,1.17
6366,6369,602.6373906,1.17
6367,6363,860.980344,1.17
6367,6366,973.979495,1.17
6367,6725,713.0986921,1.17
6367,6729,582.8718588,1.17
6368,4406,2082.141083,1.17
6368,6208,584.8352918,1.17
6368,6347,2053.987079,1.17
6368,10586,1640.005572,1.17
6369,4404,1054.124445,1.17
6369,6366,360.5625475,1.17
6369,6729,2433.090228,1.17
6369,10586,2060.890691,1.17
6370,9669,2386.652868,1.17
6370,11015,1236.144705,1.17
6370,11016,581.2831018,1.17
6371,3601,895.8222921,1.17
6371,6356,805.6188063,1.17
6371,6373,1012.039485,1.17
6371,11162,1099.926817,1.17
6372,2421,950.969953,1.17
6372,6388,789.1364351,1.17
6372,9078,2350.214427,1.17
6373,2504,331.7403456,1.17
6373,6371,869.0141534,1.17
6373,11168,686.9817856,1.17
6373,11174,1287.062182,1.17
6374,6375,1178.51468,1.17
6374,6376,499.0780461,1.17
6374,6377,940.9367884,1.17
6374,8357,1297.560737,1.17
6374,8828,867.2054563,1.17
6374,10343,1057.003406,1.17
6375,2425,610.9918914,1.17
6375,6374,1108.687342,1.17
6375,8356,434.5133002,1.17
6375,10346,1253.302208,1.17
6376,6374,598.5808295,1.17
6376,6377,2166.325386,1.17
6376,7138,2967.201424,1.17
6376,8752,1228.773712,1.17
6377,2425,2123.885386,1.17
6377,2426,983.3767884,1.17
6377,6374,1046.202185,1.17
6377,6376,2633.193041,1.17
6378,6365,0.0,1.17
6378,11216,1846.455667,1.17
6378,11220,2033.751379,1.17
6379,2425,2371.374947,1.17
6379,6386,859.3250265,1.17
6379,6759,2318.911564,1.17
6379,10346,1001.465486,1.17
6380,6385,642.3653279,1.17
6380,6389,1680.139528,1.17
6380,8753,1359.924652,1.17
6380,8994,1047.625016,1.17
6381,2515,3.058799016,1.17
6381,6382,581.4645086,1.17
6381,11220,886.2736585,1.17
6382,2515,1312.071759,1.17
6382,6381,886.2736585,1.17
6382,6395,2101.937601,1.17
6383,2515,1517.414294,1.17
6383,2516,652.7051067,1.17
6383,3435,1846.096148,1.17
6384,2488,188.1976096,1.17
6384,2505,540.732736,1.17
6384,11221,906.791197,1.17
6385,6380,909.1880761,1.17
6385,6438,1004.590401,1.17
6385,8754,1445.315242,1.17
6385,10347,500.2831713,1.17
6386,2426,856.7511449,1.17
6386,6379,832.4063116,1.17
6386,8043,1191.670624,1.17
6386,10347,384.355688,1.17
6387,11174,1504.503093,1.17
6387,11180,1611.844689,1.17
6387,11181,1963.52482,1.17
6388,2421,0.0,1.17
6388,2422,1226.937781,1.17
6388,6372,509.666188,1.17
6388,9079,1589.758097,1.17
6389,6380,1804.512059,1.17
6389,8811,1307.473172,1.17
6389,10344,858.2714304,1.17
6390,3584,484.4155777,1.17
6390,11177,185.1835094,1.17
6390,12472,461.4827695,1.17
6391,6402,683.5187892,1.17
6391,8811,1326.547917,1.17
6391,8818,825.2941111,1.17
6391,9004,596.3439184,1.17
6392,6394,899.4128878,1.17
6392,11172,1431.324644,1.17
6392,11177,381.7147602,1.17
6392,11178,379.122574,1.17
6393,6394,2214.916375,1.17
6393,9808,692.9640073,1.17
6393,12474,1983.901085,1.17
6394,6392,1302.621061,1.17
6394,6393,2010.923223,1.17
6394,12475,2319.966743,1.17
6395,6382,2198.345418,1.17
6395,6396,111.92,1.17
6395,11223,2159.60636,1.17
6396,6395,57.66875901,1.17
6396,6397,111.92,1.17
6396,6399,0.0,1.17
6397,2509,2506.844082,1.17
6397,2519,2434.838423,1.17
6397,6396,57.66875901,1.17
6397,10035,55.86814183,1.17
6398,5532,100.76,1.17
6398,6271,16.06,1.17
6398,11961,60.66,1.17
6399,2490,767.7915872,1.17
6399,6396,0.0,1.17
6399,6400,0.0,1.17
6399,11223,586.688515,1.17
6400,2490,879.8549905,1.17
6400,2517,702.6503193,1.17
6400,6399,0.0,1.17
6400,6401,53.82686071,1.17
6401,6400,32.05,1.17
6401,11224,53.82686071,1.17
6401,11800,0.0,1.17
6402,2556,423.9895504,1.17
6402,6391,790.1759975,1.17
6402,9633,1228.519581,1.17
6403,2519,2065.486989,1.17
6403,6404,2142.631957,1.17
6403,6405,0.0,1.17
6404,6403,2065.486989,1.17
6404,11224,1116.941221,1.17
6404,11802,2364.356492,1.17
6405,4617,159.5435669,1.17
6405,6403,0.0,1.17
6405,12525,206.39,1.17
6406,9808,661.240192,1.17
6406,11187,1390.810392,1.17
6406,12531,1897.857927,1.17
6407,1992,204.9870513,1.17
6407,4005,8.9,1.17
6407,11597,267.9793831,1.17
6408,1991,6.59,1.17
6408,1992,8.9,1.17
6408,6410,6.12,1.17
6409,3826,272.27,1.17
6409,3830,233.0,1.17
6409,6410,636.5049419,1.17
6410,1996,15.6,1.17
6410,6408,15.49,1.17
6410,6409,505.27,1.17
6410,6412,616.3449419,1.17
6411,1996,16.77,1.17
6411,6422,0.0,1.17
6411,12619,18.96,1.17
6412,1991,114.76,1.17
6412,1995,801.7578907,1.17
6412,6410,489.06,1.17
6413,2026,318.53,1.17
6413,4017,123.49,1.17
6413,11599,554.7551875,1.17
6414,2026,15.34,1.17
6414,6415,258.2241956,1.17
6414,11597,36.24,1.17
6415,6414,51.58,1.17
6415,6416,258.2241956,1.17
6415,6423,0.0,1.17
6416,6415,51.58,1.17
6416,6417,39.22,1.17
6416,6424,253.9541956,1.17
6417,6416,16.78,1.17
6417,6418,25.44,1.17
6417,11600,13.78,1.17
6418,6417,8.98,1.17
6418,11598,158.4,1.17
6418,11600,238.1320821,1.17
6419,12621,762.7514204,1.17
6419,12623,0.0,1.17
6419,12629,1042.579213,1.17
6420,2042,0.0,1.17
6420,6421,360.8830389,1.17
6420,11600,131.1779179,1.17
6421,2007,743.4930389,1.17
6421,2042,931.4463549,1.17
6421,6420,131.1779179,1.17
6422,2007,69.75791795,1.17
6422,6411,0.0,1.17
6422,12622,274.3530389,1.17
6423,2010,0.0,1.17
6423,6415,0.0,1.17
6423,6424,0.0,1.17
6424,2027,384.6941956,1.17
6424,6416,69.75,1.17
6424,6423,0.0,1.17
6424,6425,65.91,1.17
6425,2010,155.94,1.17
6425,6424,184.1,1.17
6425,6428,252.4456823,1.17
6426,2014,63.44,1.17
6426,6427,91.23485322,1.17
6426,6429,0.0,1.17
6427,6426,63.44,1.17
6427,6428,131.44,1.17
6427,6430,0.0,1.17
6428,2039,383.8856823,1.17
6428,6425,108.44,1.17
6428,6427,63.44,1.17
6429,6426,0.0,1.17
6429,6430,61.03514678,1.17
6429,6443,0.0,1.17
6429,11601,12.12,1.17
6430,2045,20.83,1.17
6430,6427,40.20514678,1.17
6430,6429,12.12,1.17
6431,6432,83.56,1.17
6431,11602,40.56,1.17
6431,12644,48.74,1.17
6432,6431,51.53,1.17
6432,6445,83.56,1.17
6432,12711,0.0,1.17
6433,6435,162.27,1.17
6433,11545,209.02,1.17
6433,12719,34.78,1.17
6434,2556,882.8730797,1.17
6434,6763,1484.649637,1.17
6434,8818,1211.071952,1.17
6435,6433,193.32,1.17
6435,12723,329.3117449,1.17
6435,12763,485.739454,1.17
6436,6437,0.0,1.17
6436,9172,463.1891865,1.17
6436,12827,464.6452314,1.17
6437,6436,0.0,1.17
6437,9166,261.3057996,1.17
6437,9756,250.29215,1.17
6438,102,527.6,1.17
6438,2555,894.1804006,1.17
6438,4051,671.6742562,1.17
6438,6385,1273.896718,1.17
6438,8818,493.8032727,1.17
6439,2044,239.4693224,1.17
6439,6440,253.3993831,1.17
6439,6454,103.1404305,1.17
6440,6439,155.43,1.17
6440,6441,34.12,1.17
6440,11603,270.0893831,1.17
6441,6440,16.69,1.17
6441,6442,34.12,1.17
6441,6444,0.0,1.17
6442,2070,173.0401221,1.17
6442,6441,16.69,1.17
6442,6443,83.46067763,1.17
6443,2044,83.46067763,1.17
6443,6429,0.0,1.17
6443,6442,138.9201221,1.17
6444,2155,194.37,1.17
6444,6441,0.0,1.17
6444,6449,0.0,1.17
6444,11603,34.95,1.17
6445,2071,262.06,1.17
6445,6432,51.53,1.17
6445,12733,569.9970832,1.17
6446,6447,0.0,1.17
6446,11548,61.14,1.17
6446,12805,26.07,1.17
6447,6446,0.0,1.17
6447,6448,0.0,1.17
6447,12806,0.0,1.17
6448,6447,0.0,1.17
6448,12782,0.0,1.17
6448,12786,0.0,1.17
6449,2121,320.9193831,1.17
6449,6444,75.48,1.17
6449,11603,175.48,1.17
6450,4114,0.0,1.17
6450,4117,227.9793224,1.17
6450,4227,350.01,1.17
6451,4227,0.6,1.17
6451,4229,22.06,1.17
6451,7615,95.7,1.17
6452,2129,418.6,1.17
6452,2154,314.3215982,1.17
6452,6453,0.0,1.17
6453,2130,8.56,1.17
6453,6452,0.0,1.17
6453,12807,4.58,1.17
6454,4102,103.1404305,1.17
6454,4103,0.0,1.17
6454,6439,84.03932237,1.17
6455,2939,0.0,1.17
6455,3083,150.14,1.17
6455,6461,57.9,1.17
6456,6461,308.61,1.17
6456,9615,113.38,1.17
6456,11467,0.0,1.17
6457,2945,1.75,1.17
6457,6458,38.74918406,1.17
6457,9615,94.57,1.17
6458,2947,0.0,1.17
6458,6457,96.32,1.17
6458,6459,38.74918406,1.17
6459,6458,96.32,1.17
6459,6460,40.23918406,1.17
6459,11483,0.93,1.17
6460,2952,102.92,1.17
6460,6459,97.25,1.17
6460,6900,78.94918406,1.17
6461,2940,158.47,1.17
6461,6455,150.14,1.17
6461,6456,113.38,1.17
6462,5773,0.0,1.17
6462,6193,0.0,1.17
6462,6474,114.8081377,1.17
6462,11136,0.0,1.17
6463,6468,45.37762628,1.17
6463,8804,322.2621509,1.17
6463,9001,543.6963262,1.17
6464,6465,78.6,1.17
6464,9663,0.48,1.17
6464,11451,61.69,1.17
6465,3143,78.6,1.17
6465,6464,60.42,1.17
6466,8628,785.6396898,1.17
6466,11403,609.0776043,1.17
6467,6799,451.0537872,1.17
6467,11403,749.3218202,1.17
6468,6463,178.4548504,1.17
6468,6479,737.876505,1.17
6468,8804,854.7168257,1.17
6468,10345,1758.6,1.17
6469,4974,349.48,1.17
6469,4985,2137.298466,1.17
6469,6470,1134.997744,1.17
6469,6471,660.1730212,1.17
6470,4901,5841.61027,1.17
6470,4974,65.39,1.17
6470,6469,731.0696728,1.17
6471,4898,4646.284115,1.17
6471,4974,737.22,1.17
6471,6469,892.3564917,1.17
6472,1829,136.2381704,1.17
6472,4996,25.4,1.17
6473,5009,206.12302,1.17
6473,9842,328.1932417,1.17
6474,3903,141.8201625,1.17
6474,5775,224.6343179,1.17
6474,6462,0.0,1.17
6474,11143,39.15,1.17
6475,1428,345.64,1.17
6475,3543,288.75668,1.17
6475,7288,471.9557156,1.17
6476,11755,60.04,1.17
6476,11834,33.16,1.17
6477,4728,494.47,1.17
6477,7389,735.8437369,1.17
6477,7426,0.0,1.17
6478,8804,1406.662333,1.17
6478,8805,1366.011287,1.17
6478,8806,1067.186337,1.17
6479,6468,895.6339932,1.17
6479,6624,826.8549675,1.17
6479,7506,914.5110259,1.17
6479,8806,651.4351222,1.17
6480,3903,935.1849065,1.17
6480,6481,56.1,1.17
6480,11138,1685.779398,1.17
6481,3906,101.1349179,1.17
6481,6480,44.45,1.17
6481,7295,459.1561357,1.17
6481,11133,26.69320158,1.17
6482,6512,888.9882176,1.17
6482,6626,718.3545952,1.17
6482,8807,566.6168365,1.17
6483,3491,1.63,1.17
6483,11463,0.58,1.17
6484,2664,319.0497664,1.17
6484,4859,271.2249212,1.17
6485,6486,266.3200931,1.17
6485,7916,114.59,1.17
6485,11414,179.1441187,1.17
6486,6485,112.6766567,1.17
6486,12175,1098.775974,1.17
6486,12205,568.6720374,1.17
6487,8211,194.0125641,1.17
6487,8212,396.592397,1.17
6487,9316,620.8455605,1.17
6488,4582,0.0,1.17
6488,10008,0.0,1.17
6489,4583,154.6200977,1.17
6489,4591,383.1660178,1.17
6490,4584,617.1654063,1.17
6490,12633,1270.729138,1.17
6491,4585,0.0,1.17
6491,4586,0.0,1.17
6492,3912,1545.285229,1.17
6492,4608,0.0,1.17
6492,11692,874.2345404,1.17
6493,9825,441.6039069,1.17
6493,11232,621.5950229,1.17
6494,7249,157.3888745,1.17
6494,7250,473.01,1.17
6494,11270,117.87,1.17
6494,11276,239.07,1.17
6495,11228,986.545611,1.17
6495,11576,1359.311093,1.17
6496,1815,274.526319,1.17
6496,11803,293.7895311,1.17
6497,11225,582.1796296,1.17
6497,11564,312.170146,1.17
6498,6512,1304.574641,1.17
6498,6524,1637.100524,1.17
6498,6543,384.3940801,1.17
6498,9011,875.5266711,1.17
6499,5395,0.0,1.17
6499,5396,30.8,1.17
6499,6531,11.61,1.17
6500,12197,835.250575,1.17
6500,12198,1109.992685,1.17
6501,5361,88.68,1.17
6501,6502,114.86,1.17
6501,11665,156.57,1.17
6502,2009,321.4771913,1.17
6502,5365,564.12,1.17
6502,6501,108.06,1.17
6503,7126,359.4957609,1.17
6503,12585,330.5462802,1.17
6503,12597,195.62286,1.17
6504,10119,1014.679155,1.17
6504,12605,685.9527442,1.17
6504,12607,78.23,1.17
6505,4149,0.0,1.17
6505,4150,0.0,1.17
6506,4160,32.46,1.17
6506,4161,39.11,1.17
6507,4161,42.51,1.17
6507,11963,52.97,1.17
6508,4155,508.74,1.17
6508,4166,322.8,1.17
6509,4170,497.3832454,1.17
6509,4175,348.243207,1.17
6510,1845,235.3006342,1.17
6510,11586,141.946895,1.17
6511,10161,689.9857154,1.17
6511,11587,392.5704972,1.17
6512,6482,626.3886614,1.17
6512,6498,1902.404994,1.17
6512,6629,678.1859801,1.17
6513,9393,90.95,1.17
6513,11842,38.7,1.17
6513,11961,93.9,1.17
6513,11974,0.0,1.17
6514,2224,720.53,1.17
6514,7613,419.88,1.17
6515,10071,2210.478986,1.17
6516,2983,0.0,1.17
6516,3654,0.0,1.17
6517,3719,1.45,1.17
6517,3720,0.38,1.17
6518,3718,176.35,1.17
6518,3720,91.96,1.17
6519,3736,2.98,1.17
6519,3737,2.51,1.17
6520,3637,0.0,1.17
6520,3638,0.0,1.17
6521,3660,90.07,1.17
6521,3661,130.91,1.17
6522,5589,109.83,1.17
6522,6532,0.0,1.17
6522,6617,90.48,1.17
6523,5595,374.13,1.17
6523,6534,47.12,1.17
6523,6617,116.4,1.17
6523,11764,200.32,1.17
6524,6247,10202.35661,1.17
6524,6498,752.3022015,1.17
6525,5602,426.6982366,1.17
6525,6526,2.73,1.17
6525,6578,376.4372384,1.17
6526,5603,0.07,1.17
6526,6525,8.32,1.17
6526,6527,2.73,1.17
6526,6548,0.25,1.17
6527,5604,10.87176342,1.17
6527,6526,8.32,1.17
6527,6528,3.47,1.17
6527,6549,22.56,1.17
6528,5607,1.79,1.17
6528,6527,10.14,1.17
6528,6529,0.0,1.17
6528,11741,8.16,1.17
6529,5609,0.0,1.17
6529,6528,0.0,1.17
6529,6530,0.0,1.17
6530,6529,0.0,1.17
6530,6531,7.33,1.17
6530,6551,2.12,1.17
6531,6499,30.8,1.17
6531,6530,2.12,1.17
6531,6552,9.49,1.17
6532,6522,0.0,1.17
6532,6533,0.0,1.17
6533,6532,0.0,1.17
6533,6534,0.0,1.17
6533,6617,0.0,1.17
6533,7070,6.57,1.17
6534,6523,107.16,1.17
6534,6533,0.0,1.17
6534,6535,44.36,1.17
6534,6553,2.76,1.17
6535,6534,46.82,1.17
6535,6536,96.89,1.17
6535,6554,34.06,1.17
6535,11764,68.9,1.17
6536,5598,210.27,1.17
6536,6535,92.4,1.17
6536,6537,154.09,1.17
6536,6554,132.75,1.17
6537,5599,17.12,1.17
6537,6536,305.85,1.17
6537,6538,30.74,1.17
6537,6539,154.09,1.17
6538,6537,17.12,1.17
6538,6541,120.55,1.17
6538,6555,180.5,1.17
6539,6537,266.21,1.17
6539,6540,154.09,1.17
6539,6541,0.0,1.17
6540,6539,266.21,1.17
6540,6541,149.76,1.17
6540,6542,274.64,1.17
6541,6538,149.76,1.17
6541,6539,0.0,1.17
6541,6540,120.55,1.17
6541,6568,0.0,1.17
6542,6540,415.97,1.17
6542,6545,229.06,1.17
6542,6569,86.39,1.17
6543,6498,1047.013806,1.17
6543,6656,9873.412352,1.17
6544,6545,170.74,1.17
6544,6561,385.5827616,1.17
6544,11765,380.28,1.17
6545,6542,237.64,1.17
6545,6544,181.05,1.17
6545,6571,8.39,1.17
6545,11765,67.78,1.17
6546,5601,0.0,1.17
6546,6578,0.0,1.17
6547,6548,1.83,1.17
6547,11740,1.72,1.17
6548,6526,0.07,1.17
6548,6547,1.72,1.17
6548,6549,1.76,1.17
6549,6527,9.051763417,1.17
6549,6548,1.47,1.17
6549,6557,21.33,1.17
6550,8218,651.08,1.17
6550,8222,1065.675641,1.17
6550,10613,2013.156996,1.17
6550,10618,3152.648891,1.17
6551,6530,7.33,1.17
6551,6552,0.0,1.17
6551,11741,2.12,1.17
6552,6531,23.47,1.17
6552,6551,0.0,1.17
6552,6577,9.49,1.17
6553,6534,60.34,1.17
6553,6554,63.52,1.17
6553,6559,2.76,1.17
6553,7070,95.14,1.17
6554,6535,23.32,1.17
6554,6536,36.46,1.17
6554,6553,95.14,1.17
6554,6555,63.52,1.17
6554,6559,166.81,1.17
6555,6538,137.67,1.17
6555,6554,95.14,1.17
6555,6560,103.06,1.17
6555,6566,6.47,1.17
6556,6563,3052.578807,1.17
6556,7581,2872.000619,1.17
6556,8217,1571.218,1.17
6557,6549,7.531763417,1.17
6557,6558,0.48,1.17
6557,6573,20.85,1.17
6558,6557,1.55,1.17
6558,6575,13.92,1.17
6558,11741,6.48,1.17
6559,6553,60.34,1.17
6559,6554,59.78,1.17
6559,6560,176.54,1.17
6559,6579,136.65,1.17
6560,6555,80.62,1.17
6560,6559,143.99,1.17
6560,6565,151.57,1.17
6560,6580,0.0,1.17
6561,6544,551.02,1.17
6561,6571,37.46,1.17
6561,6588,407.2327616,1.17
6562,6640,314.85,1.17
6562,9394,0.0,1.17
6562,11842,238.008862,1.17
6562,11962,1.25,1.17
6563,6556,3403.466839,1.17
6563,8214,1513.220314,1.17
6563,10623,3758.860463,1.17
6564,6642,112.86,1.17
6564,9398,0.0,1.17
6564,11953,141.8,1.17
6565,6560,96.58,1.17
6565,6566,23.68,1.17
6565,6582,191.0,1.17
6566,6555,17.7,1.17
6566,6565,55.02,1.17
6566,6568,30.15,1.17
6567,6618,0.0,1.17
6567,11143,1924.911603,1.17
6567,12843,2222.852689,1.17
6568,6541,0.0,1.17
6568,6566,72.72,1.17
6568,6569,30.15,1.17
6569,6542,219.14,1.17
6569,6568,72.72,1.17
6569,6570,14.84,1.17
6569,6585,101.7,1.17
6570,6569,34.04,1.17
6570,6571,14.84,1.17
6570,6586,0.0,1.17
6571,6545,24.83,1.17
6571,6561,21.65,1.17
6571,6570,34.04,1.17
6571,11767,11.81,1.17
6572,6573,228.76,1.17
6572,6591,158.6272384,1.17
6572,11740,394.9482366,1.17
6573,6557,5.981763417,1.17
6573,6572,291.58,1.17
6573,6574,228.76,1.17
6573,6591,20.85,1.17
6574,6573,291.58,1.17
6574,6575,228.76,1.17
6574,6592,0.0,1.17
6575,6558,7.79,1.17
6575,6574,291.58,1.17
6575,6576,242.68,1.17
6576,6575,299.37,1.17
6576,6577,243.85,1.17
6576,11743,12.98,1.17
6577,6552,23.47,1.17
6577,6576,296.41,1.17
6577,6595,79.52,1.17
6577,12020,337.59,1.17
6578,6525,418.3782366,1.17
6578,6546,0.0,1.17
6578,9812,0.0,1.17
6578,11740,376.4372384,1.17
6579,6559,119.75,1.17
6579,6580,49.39,1.17
6579,7070,11.86,1.17
6579,9572,146.51,1.17
6580,6560,0.0,1.17
6580,6579,21.72,1.17
6580,6581,56.25,1.17
6580,9573,2.37,1.17
6581,6580,24.09,1.17
6581,6582,56.25,1.17
6581,6596,0.0,1.17
6582,6565,104.67,1.17
6582,6581,24.09,1.17
6582,11766,247.25,1.17
6583,2418,2036.836204,1.17
6583,6587,2264.738311,1.17
6584,3234,39.78,1.17
6584,8662,27.35,1.17
6584,8666,392.75,1.17
6585,6569,257.82,1.17
6585,6586,1.69,1.17
6585,6597,101.53,1.17
6586,6570,0.0,1.17
6586,6585,3.58,1.17
6586,11767,1.69,1.17
6587,2417,1894.658311,1.17
6587,2419,2295.920291,1.17
6587,6583,1030.895926,1.17
6588,6561,588.48,1.17
6588,6599,0.0,1.17
6588,11742,407.2327616,1.17
6589,4833,69.06,1.17
6589,5860,216.2665597,1.17
6589,7019,6.63,1.17
6589,7622,381.4697596,1.17
6590,6612,0.0,1.17
6590,6613,421.8727616,1.17
6590,11742,551.34,1.17
6591,6572,103.3682366,1.17
6591,6573,5.981763417,1.17
6591,6592,179.4772384,1.17
6592,6574,0.0,1.17
6592,6591,109.35,1.17
6592,6593,179.4772384,1.17
6593,6592,109.35,1.17
6593,6601,176.9872384,1.17
6593,11743,2.49,1.17
6594,2555,872.5185966,1.17
6594,2556,479.1044904,1.17
6594,7507,1291.012688,1.17
6595,6577,117.21,1.17
6595,6602,79.52,1.17
6595,11743,0.0,1.17
6596,6581,0.0,1.17
6596,6603,0.0,1.17
6597,6585,255.76,1.17
6597,6598,0.0,1.17
6597,6606,101.53,1.17
6598,6597,0.0,1.17
6598,6607,0.0,1.17
6598,11767,0.0,1.17
6599,6588,0.0,1.17
6599,6600,0.0,1.17
6599,6608,0.0,1.17
6600,6599,0.0,1.17
6600,6609,0.84,1.17
6600,11742,0.71,1.17
6601,6593,102.59,1.17
6601,6602,195.5472384,1.17
6601,11743,7.02,1.17
6602,6595,117.21,1.17
6602,6601,109.61,1.17
6602,6616,98.29,1.17
6602,10242,176.7772384,1.17
6603,6596,0.0,1.17
6604,6643,25.86,1.17
6604,6666,0.0,1.17
6604,9403,1.19,1.17
6605,6665,108.77,1.17
6605,6666,23.48,1.17
6605,6670,85.15,1.17
6605,6705,0.33,1.17
6606,6597,255.76,1.17
6606,6607,0.71,1.17
6606,10226,102.37,1.17
6607,6598,0.0,1.17
6607,6606,0.84,1.17
6607,6608,0.71,1.17
6608,6599,0.0,1.17
6608,6607,0.84,1.17
6608,6610,0.71,1.17
6609,6600,0.71,1.17
6609,6610,0.84,1.17
6609,6611,0.0,1.17
6610,6608,0.84,1.17
6610,6609,0.71,1.17
6610,6611,0.0,1.17
6611,6609,0.0,1.17
6611,6610,0.0,1.17
6611,6612,0.0,1.17
6612,6590,0.0,1.17
6612,6611,0.0,1.17
6612,6613,0.0,1.17
6613,6590,551.34,1.17
6613,6612,0.0,1.17
6613,6614,421.8727616,1.17
6614,6613,551.34,1.17
6614,6615,421.8727616,1.17
6615,6614,551.34,1.17
6615,6616,421.8727616,1.17
6616,6602,226.82,1.17
6616,6615,551.34,1.17
6616,10233,32.79,1.17
6616,10244,401.7627616,1.17
6617,6522,109.83,1.17
6617,6523,90.48,1.17
6617,6533,6.57,1.17
6618,6567,0.0,1.17
6618,6632,177.34,1.17
6618,12635,445.7567327,1.17
6619,8858,263.0994979,1.17
6619,10325,842.5848831,1.17
6619,12230,2048.91246,1.17
6620,6621,239.39,1.17
6620,6622,443.0110129,1.17
6620,11722,276.61,1.17
6621,4702,336.4098398,1.17
6621,6620,416.4010129,1.17
6621,6623,315.53,1.17
6622,4719,4834.854852,1.17
6622,6620,273.42,1.17
6623,4897,4443.762536,1.17
6623,6621,276.7598398,1.17
6624,4053,879.8212943,1.17
6624,6479,807.1886149,1.17
6624,8842,952.7071523,1.17
6624,10348,838.0706212,1.17
6625,3878,992.1049213,1.17
6625,12574,606.8194758,1.17
6626,4056,540.2516324,1.17
6626,6482,963.11479,1.17
6626,6629,880.4463219,1.17
6626,8836,1014.858251,1.17
6627,3062,318.09,1.17
6627,3250,5.6,1.17
6627,3412,259.1,1.17
6627,3461,379.8082248,1.17
6628,3263,288.1494446,1.17
6628,11454,276.19,1.17
6629,105,481.92,1.17
6629,4295,1683.382859,1.17
6629,6512,1013.416777,1.17
6629,6626,1018.315801,1.17
6630,12602,4926.902249,1.17
6631,10116,2798.999003,1.17
6631,11030,1089.208004,1.17
6632,6618,445.7567327,1.17
6632,6633,0.0,1.17
6632,11147,177.34,1.17
6633,6632,0.0,1.17
6633,6634,0.0,1.17
6633,11143,0.0,1.17
6634,6633,0.0,1.17
6634,11142,0.0,1.17
6635,2142,6695.3672,1.17
6636,4523,904.8235801,1.17
6636,6635,0.0,1.17
6637,2139,419.9824872,1.17
6638,2140,8338.656596,1.17
6638,6637,0.0,1.17
6639,6640,0.0,1.17
6639,6701,90.95,1.17
6639,9384,74.43,1.17
6640,6562,239.258862,1.17
6640,6639,0.0,1.17
6640,6641,59.55,1.17
6640,9453,255.3,1.17
6641,6640,30.45,1.17
6641,6642,59.55,1.17
6641,11962,0.0,1.17
6642,6564,141.8,1.17
6642,6641,30.45,1.17
6642,6643,59.55,1.17
6642,9528,112.86,1.17
6643,6604,1.19,1.17
6643,6642,30.45,1.17
6643,9529,61.93,1.17
6644,4710,322.4262629,1.17
6644,6645,356.93,1.17
6645,6646,166.05,1.17
6645,6648,190.88,1.17
6646,4776,4020.66407,1.17
6647,4710,3955.397817,1.17
6647,4711,189.31,1.17
6648,4704,190.88,1.17
6648,4711,293.09,1.17
6649,2473,255.2,1.17
6649,11959,236.578862,1.17
6650,2474,77.49259105,1.17
6650,6651,79.13,1.17
6651,5521,74.0,1.17
6651,6650,77.49259105,1.17
6651,9396,5.13,1.17
6652,2429,0.0,1.17
6652,2430,460.4236387,1.17
6652,2432,356.8068527,1.17
6652,2433,1268.104172,1.17
6652,12564,1727.515927,1.17
6652,12566,2119.947489,1.17
6653,5522,170.3910176,1.17
6653,11949,262.79,1.17
6654,9400,86.84302768,1.17
6654,11949,55.18,1.17
6655,5509,84.12302768,1.17
6655,9400,55.18,1.17
6655,11950,0.0,1.17
6656,6660,830.6699535,1.17
6656,6671,9042.742399,1.17
6657,5479,447.2727306,1.17
6657,5509,388.693072,1.17
6657,11950,0.0,1.17
6658,6524,9317.558285,1.17
6659,5525,0.0,1.17
6659,11951,0.0,1.17
6659,12021,0.0,1.17
6660,4295,507.0928296,1.17
6660,4368,1305.838345,1.17
6660,6658,967.5722221,1.17
6661,5525,237.6181382,1.17
6661,5548,150.8,1.17
6661,12021,0.0,1.17
6662,5548,279.4736087,1.17
6662,9405,227.49,1.17
6662,12021,0.0,1.17
6663,5550,10.31,1.17
6663,9404,13.53,1.17
6663,11954,0.0,1.17
6664,6658,8349.986063,1.17
6665,5550,108.77,1.17
6665,6605,83.86,1.17
6665,11954,0.0,1.17
6666,6604,23.48,1.17
6666,6605,0.0,1.17
6666,11954,0.0,1.17
6667,6668,391.91,1.17
6667,6670,109.1,1.17
6667,9533,320.21,1.17
6668,4771,1469.571138,1.17
6669,6670,295.76,1.17
6669,9536,1182.38,1.17
6670,6605,132.58,1.17
6670,6667,319.8,1.17
6670,9536,37.63,1.17
6671,2797,310.86,1.17
6671,4066,8731.882399,1.17
6672,6257,2244.826355,1.17
6672,6673,2396.688114,1.17
6672,6675,424.3940059,1.17
6672,12465,790.1813266,1.17
6673,6672,2260.260941,1.17
6673,6765,2278.879966,1.17
6673,10587,729.0223828,1.17
6673,12466,591.154412,1.17
6674,9368,0.0,1.17
6674,11969,0.0,1.17
6675,6258,864.9485645,1.17
6675,6672,661.4786081,1.17
6675,6698,485.971947,1.17
6675,10587,926.2511529,1.17
6676,6677,512.9,1.17
6676,6678,367.05,1.17
6676,11817,519.34,1.17
6677,5637,550.9128087,1.17
6677,6676,513.9,1.17
6677,6679,562.970049,1.17
6678,6676,410.92,1.17
6678,6682,2223.32,1.17
6679,6677,457.7828087,1.17
6679,12974,3691.670182,1.17
6680,5376,230.4,1.17
6680,6681,501.9874625,1.17
6680,6682,128.9,1.17
6681,5377,376.3426881,1.17
6681,6680,209.26,1.17
6681,6683,354.1947744,1.17
6682,6680,400.1626881,1.17
6682,6752,1952.057312,1.17
6683,6679,3586.482942,1.17
6683,6681,96.5,1.17
6684,7929,11712.76854,1.17
6685,4733,940.0413206,1.17
6685,6686,267.9,1.17
6685,7380,140.5086761,1.17
6686,4737,1560.091189,1.17
6686,6685,0.0,1.17
6686,6687,0.0,1.17
6686,11714,292.4242087,1.17
6687,4739,661.5257913,1.17
6687,4746,551.1089746,1.17
6687,6686,292.4242087,1.17
6688,2359,1237.813096,1.17
6688,6689,523.1218296,1.17
6688,6690,849.2812126,1.17
6688,6691,41.74,1.17
6689,6688,488.85,1.17
6689,6690,1213.560508,1.17
6689,6691,363.39,1.17
6689,10732,2620.769774,1.17
6690,6688,167.823096,1.17
6690,6689,570.79,1.17
6690,6694,5015.898807,1.17
6691,6688,581.14,1.17
6691,6689,1526.857944,1.17
6691,12975,2267.19,1.17
6692,2308,482.4736869,1.17
6692,6693,217.5,1.17
6692,6694,20.48,1.17
6692,6695,47.63,1.17
6693,2226,731.4,1.17
6693,6692,280.5767339,1.17
6693,6694,146.3532661,1.17
6693,6695,79.64,1.17
6694,5045,4909.28512,1.17
6694,6692,183.226953,1.17
6694,6693,90.22,1.17
6695,6691,3970.057944,1.17
6695,6692,18.67,1.17
6695,6693,423.68,1.17
6696,6697,461.9571627,1.17
6696,11134,551.7751545,1.17
6696,11139,60.4,1.17
6697,3899,717.4056095,1.17
6697,6696,524.3651545,1.17
6697,11140,825.1057497,1.17
6698,6262,592.2155045,1.17
6698,6675,823.484557,1.17
6698,6699,782.7365286,1.17
6698,6702,368.3912591,1.17
6699,6698,785.8165285,1.17
6699,6786,702.4144022,1.17
6699,9024,737.1036706,1.17
6699,10588,365.6666581,1.17
6700,3701,86.1,1.17
6700,5068,143.9679891,1.17
6700,11118,646.6268087,1.17
6701,6639,74.43,1.17
6701,9407,0.0,1.17
6701,9409,90.95,1.17
6702,6265,2111.700763,1.17
6702,6698,732.5345055,1.17
6702,6704,252.7814092,1.17
6702,10588,2329.954262,1.17
6703,5414,21.91,1.17
6703,9546,0.0,1.17
6703,9547,30.18,1.17
6704,6270,2052.251147,1.17
6704,6702,531.9557911,1.17
6704,6706,2061.995111,1.17
6704,6707,259.7108249,1.17
6705,4797,0.56,1.17
6705,6605,1.29,1.17
6705,12017,0.24,1.17
6706,6704,2275.073095,1.17
6706,6835,1709.641382,1.17
6706,10588,537.4715508,1.17
6706,10589,961.1693608,1.17
6707,6274,392.3812028,1.17
6707,6704,435.3520537,1.17
6707,8382,731.871206,1.17
6707,10589,283.8931565,1.17
6708,2050,1469.130331,1.17
6708,8327,2076.602414,1.17
6708,12491,300.9868309,1.17
6709,5593,537.69,1.17
6709,6712,3.24,1.17
6710,6711,10.59,1.17
6710,6712,396.39,1.17
6710,9569,302.99,1.17
6711,6710,200.01,1.17
6711,9578,101.69,1.17
6712,6709,307.51,1.17
6712,6710,113.57,1.17
6712,7070,92.12,1.17
6713,2232,335.8726212,1.17
6713,6734,2297.542722,1.17
6713,11506,1301.455832,1.17
6714,8656,23.84,1.17
6714,9264,19.55,1.17
6715,6716,0.0,1.17
6715,6717,1624.076652,1.17
6715,9263,759.7471545,1.17
6716,6715,759.7471545,1.17
6716,9861,0.0,1.17
6717,6715,0.0,1.17
6717,9275,1807.436099,1.17
6718,4425,593.3960653,1.17
6718,6298,472.3759192,1.17
6718,6721,343.6970586,1.17
6718,6884,587.9523649,1.17
6719,6720,231.0626248,1.17
6719,9269,656.7732957,1.17
6719,9278,506.009613,1.17
6719,11934,27.98,1.17
6720,6719,214.3532957,1.17
6720,9268,0.0,1.17
6720,9279,231.0626248,1.17
6721,6312,888.0073727,1.17
6721,6718,295.1583304,1.17
6721,6722,490.3186128,1.17
6721,6888,582.3555796,1.17
6722,4394,493.4863868,1.17
6722,6341,680.5422029,1.17
6722,6721,562.2402571,1.17
6722,6724,706.0458352,1.17
6723,5169,138.6596491,1.17
6723,10421,509.7486906,1.17
6723,10427,400.0463079,1.17
6723,12793,493.1992744,1.17
6724,6722,750.2094396,1.17
6724,6892,1350.919998,1.17
6724,10591,343.1675315,1.17
6725,2451,505.2541483,1.17
6725,4394,461.1220767,1.17
6725,6367,504.3045966,1.17
6725,6726,649.3155161,1.17
6726,6725,397.6223272,1.17
6726,6732,418.3675496,1.17
6726,6896,558.8453163,1.17
6726,10591,775.7914972,1.17
6727,6728,1431.727401,1.17
6727,7721,2061.424834,1.17
6727,10400,1969.298018,1.17
6728,2277,321.9881237,1.17
6728,6727,1452.833584,1.17
6728,7725,1921.977809,1.17
6728,7727,1178.923388,1.17
6729,2451,2391.835962,1.17
6729,2453,624.1261247,1.17
6729,6367,608.5254876,1.17
6729,6369,2168.752562,1.17
6730,6731,264.594745,1.17
6730,7731,1688.880038,1.17
6730,7739,602.8905638,1.17
6730,10401,76.6331389,1.17
6731,5205,264.594745,1.17
6731,6730,77.78,1.17
6731,7751,453.5109166,1.17
6731,10402,67.13,1.17
6732,2451,2523.466177,1.17
6732,6726,290.5429329,1.17
6732,12189,2618.545488,1.17
6733,7761,1326.064876,1.17
6733,8198,1707.5887,1.17
6733,10403,177.7746267,1.17
6733,10404,393.41,1.17
6734,2267,2324.076063,1.17
6734,6713,924.8658324,1.17
6734,9751,2459.118403,1.17
6735,5880,1569.212627,1.17
6735,6736,61.75791694,1.17
6735,7768,3252.52035,1.17
6735,10404,217.857652,1.17
6736,6735,324.110279,1.17
6736,6737,40.24791694,1.17
6736,7773,2067.836828,1.17
6736,10405,2111.56367,1.17
6737,6736,122.1726271,1.17
6737,7433,40.24791694,1.17
6737,7775,0.0,1.17
6737,9155,527.5963203,1.17
6738,2407,352.9914737,1.17
6738,7656,827.8794431,1.17
6738,7657,563.67,1.17
6738,10392,773.5425168,1.17
6739,9083,140.2734963,1.17
6739,9084,2949.75821,1.17
6739,10954,2404.861076,1.17
6740,6741,37.61,1.17
6740,7660,43.18,1.17
6740,7668,0.0,1.17
6740,10392,693.2854367,1.17
6741,6740,696.7130663,1.17
6741,7667,708.5187724,1.17
6741,10393,1426.91911,1.17
6742,7585,2468.62363,1.17
6742,7587,1657.035045,1.17
6742,10627,423.8721408,1.17
6743,6750,1237.623957,1.17
6743,6759,404.9290866,1.17
6743,8352,368.6747965,1.17
6743,10346,1112.530296,1.17
6744,5208,453.2412891,1.17
6744,7693,0.0,1.17
6745,6746,0.0,1.17
6745,6748,233.1705687,1.17
6745,7690,0.0,1.17
6746,6745,0.0,1.17
6746,7645,0.0,1.17
6747,6746,0.0,1.17
6747,7691,2424.069533,1.17
6748,5209,1689.875746,1.17
6749,2347,2037.92953,1.17
6749,2349,1580.991189,1.17
6750,6743,1138.662394,1.17
6750,6761,430.3655523,1.17
6750,8351,401.6971155,1.17
6750,10350,1311.318626,1.17
6751,6683,3328.788168,1.17
6752,10229,1952.057312,1.17
6752,10238,0.0,1.17
6753,4570,284.22,1.17
6753,5068,66.9678962,1.17
6753,7300,341.4520109,1.17
6754,3836,0.0,1.17
6754,6757,0.0,1.17
6754,11132,1521.983576,1.17
6754,11138,623.3584263,1.17
6755,3908,338.4455662,1.17
6755,4586,0.0,1.17
6755,6756,0.0,1.17
6755,11147,487.5703193,1.17
6756,6755,0.0,1.17
6756,11148,497.1086845,1.17
6756,12648,780.2633717,1.17
6757,3885,0.0,1.17
6757,3889,0.0,1.17
6757,6754,0.0,1.17
6757,6758,0.0,1.17
6758,6757,0.0,1.17
6758,11127,45.28,1.17
6758,11133,17.28,1.17
6759,106,322.44,1.17
6759,6379,2222.123041,1.17
6759,6743,482.9862054,1.17
6759,6761,2226.264181,1.17
6759,8756,473.3923746,1.17
6760,4586,313.7187372,1.17
6760,7013,0.0,1.17
6760,12633,0.0,1.17
6761,6750,467.2738777,1.17
6761,6759,2139.235151,1.17
6761,6917,2496.897371,1.17
6761,10351,247.8089021,1.17
6762,1741,419.68,1.17
6762,2008,500.4,1.17
6762,10229,1049.524118,1.17
6762,10243,546.2401188,1.17
6762,12020,355.85,1.17
6763,112,488.02,1.17
6763,4051,693.6052076,1.17
6763,4305,1932.493492,1.17
6763,6434,1211.822828,1.17
6763,8756,663.7502191,1.17
6764,5767,55.38,1.17
6764,11944,263.65,1.17
6764,12019,134.8546412,1.17
6765,6673,2278.624794,1.17
6765,8528,2306.715425,1.17
6765,12521,2873.480917,1.17
6766,5779,29.29,1.17
6766,6767,148.8246412,1.17
6766,11945,126.6410063,1.17
6766,12019,271.96,1.17
6767,5780,250.81,1.17
6767,6766,293.5510063,1.17
6767,6768,87.22464116,1.17
6767,6775,59.52,1.17
6768,6767,213.93,1.17
6768,6769,87.22464116,1.17
6768,6775,0.0,1.17
6769,5783,157.33,1.17
6769,6768,213.93,1.17
6769,6770,56.11464116,1.17
6769,6778,110.03,1.17
6770,5786,0.0,1.17
6770,6769,180.91,1.17
6770,6807,56.11464116,1.17
6770,12018,0.0,1.17
6771,1742,46.39,1.17
6771,6772,8.25,1.17
6771,6776,42.63,1.17
6771,12019,178.0,1.17
6772,6771,6.96,1.17
6772,6776,213.48,1.17
6772,11945,88.16,1.17
6773,6779,2045.983392,1.17
6773,6783,290.3063154,1.17
6773,8528,2954.716413,1.17
6773,12100,845.977576,1.17
6774,6775,189.21,1.17
6774,6777,85.82,1.17
6774,11945,164.2489937,1.17
6775,6767,189.21,1.17
6775,6768,0.0,1.17
6775,6774,59.52,1.17
6776,6771,84.31,1.17
6776,6772,79.91,1.17
6776,10251,256.11,1.17
6777,6774,353.4589937,1.17
6777,6778,6.57,1.17
6777,6782,79.25,1.17
6778,1743,219.96,1.17
6778,6769,190.35,1.17
6778,6777,110.7589937,1.17
6778,6782,368.41,1.17
6778,12018,348.1,1.17
6779,6773,2377.091333,1.17
6779,8609,3181.779411,1.17
6779,10593,1339.857415,1.17
6779,10859,860.1075503,1.17
6780,6782,404.34,1.17
6780,10251,136.55,1.17
6780,10252,724.86,1.17
6781,6783,530.5257928,1.17
6781,8528,647.2909212,1.17
6781,9052,62.5,1.17
6781,10587,907.4162762,1.17
6782,1749,258.3,1.17
6782,6777,242.7,1.17
6782,6778,282.3,1.17
6782,6780,624.83,1.17
6782,6805,96.03,1.17
6783,6773,663.9340231,1.17
6783,6781,661.1049834,1.17
6783,9257,832.6428252,1.17
6783,10593,642.5606907,1.17
6784,6785,0.0,1.17
6784,12028,0.0,1.17
6785,6784,0.0,1.17
6785,11937,0.0,1.17
6786,6699,684.1633015,1.17
6786,6788,503.5168773,1.17
6786,9052,560.7382022,1.17
6786,12142,317.5510702,1.17
6787,7061,74.4,1.17
6787,11937,148.76,1.17
6787,12027,107.12,1.17
6788,6786,570.9275113,1.17
6788,6802,569.515246,1.17
6788,9257,1933.129642,1.17
6788,12141,1790.480335,1.17
6789,6791,124.09,1.17
6789,6829,81.2,1.17
6789,9883,140.44,1.17
6790,9299,0.0,1.17
6790,9881,203.57,1.17
6790,12026,337.0281463,1.17
6791,6789,51.43,1.17
6791,6792,20.31,1.17
6791,9868,162.88,1.17
6792,6791,38.79,1.17
6792,9361,20.31,1.17
6792,9869,0.0,1.17
6793,6796,84.42,1.17
6793,9297,101.6361691,1.17
6793,9298,24.43,1.17
6793,9299,95.89,1.17
6794,6795,24.43,1.17
6794,9298,22.88,1.17
6795,6794,22.88,1.17
6795,9300,24.43,1.17
6796,6793,174.6461691,1.17
6796,6797,84.42,1.17
6797,6796,174.6461691,1.17
6797,11936,84.42,1.17
6798,9290,182.9173355,1.17
6798,9292,0.0,1.17
6798,9293,360.8778425,1.17
6798,9302,439.897371,1.17
6799,6467,749.3218202,1.17
6799,9290,616.74,1.17
6799,9293,164.2506525,1.17
6800,9253,1353.515783,1.17
6800,11933,1466.737815,1.17
6800,12025,1392.012926,1.17
6801,9855,0.0,1.17
6801,9879,0.0,1.17
6802,6788,442.7114407,1.17
6802,6954,737.9862433,1.17
6802,11952,1691.279192,1.17
6802,12135,988.6109616,1.17
6803,9615,535.7391841,1.17
6803,11937,223.44,1.17
6803,12028,40.25081594,1.17
6804,5397,111.08,1.17
6804,5398,31.59,1.17
6804,12020,203.66,1.17
6805,6782,147.08,1.17
6805,6987,96.03,1.17
6805,11881,0.0,1.17
6806,6831,2162.747101,1.17
6806,6835,181.9343473,1.17
6806,10588,2432.647498,1.17
6806,12142,630.8782906,1.17
6807,6770,180.91,1.17
6807,6953,56.11464116,1.17
6807,11880,0.0,1.17
6808,6809,2755.084099,1.17
6809,7637,2755.084099,1.17
6810,6811,2140.275917,1.17
6811,8875,2140.275917,1.17
6812,5135,706.99,1.17
6813,5132,466.53,1.17
6814,6815,1947.750624,1.17
6815,12954,1947.750624,1.17
6816,6817,3264.656282,1.17
6816,6818,1983.466989,1.17
6817,5144,3535.903915,1.17
6818,6819,1983.466989,1.17
6819,5143,1983.466989,1.17
6820,6821,0.0,1.17
6820,10212,523.231902,1.17
6821,5831,528.7315498,1.17
6821,10213,356.0384502,1.17
6822,6823,0.0,1.17
6822,6826,52.91,1.17
6823,6822,0.0,1.17
6823,6824,0.7,1.17
6823,9285,0.91,1.17
6824,6823,0.91,1.17
6824,6825,0.0,1.17
6824,12026,0.7,1.17
6825,3091,274.5418537,1.17
6825,6824,0.0,1.17
6826,6789,89.01,1.17
6826,6827,0.0,1.17
6827,6826,36.1,1.17
6827,6828,80.1,1.17
6827,9361,146.73,1.17
6828,6827,146.73,1.17
6828,6829,232.5618537,1.17
6828,9881,80.1,1.17
6829,6825,274.5418537,1.17
6829,6828,39.22,1.17
6830,1765,32.47,1.17
6830,7069,34.4,1.17
6830,12012,47.77,1.17
6831,6806,2424.706447,1.17
6831,6838,1423.445989,1.17
6831,10594,1520.517219,1.17
6831,12141,2002.102949,1.17
6832,6833,55.13,1.17
6832,11938,18.11,1.17
6832,12012,13.05,1.17
6833,2974,143.44,1.17
6833,6832,22.85,1.17
6833,6900,26.98,1.17
6834,6855,0.0,1.17
6834,6898,0.0,1.17
6834,11938,0.0,1.17
6835,6706,1874.910163,1.17
6835,6806,438.9525895,1.17
6835,6838,1735.723923,1.17
6835,6865,0.0,1.17
6836,6837,0.0,1.17
6836,6898,0.0,1.17
6836,6899,0.0,1.17
6837,3235,85.76,1.17
6837,6836,0.0,1.17
6837,6840,362.7590613,1.17
6838,6831,1802.922733,1.17
6838,6835,1692.975816,1.17
6838,6847,1309.140661,1.17
6838,6866,1462.833009,1.17
6839,6840,260.91,1.17
6839,6841,16.46,1.17
6839,11939,905.93,1.17
6840,3306,191.8,1.17
6840,6837,85.76,1.17
6840,6839,919.42,1.17
6840,6852,49.44,1.17
6841,6839,18.8,1.17
6841,6902,16.46,1.17
6841,12013,0.0,1.17
6842,6843,466.53,1.17
6842,6846,154.63,1.17
6842,6902,1037.13,1.17
6843,6842,706.99,1.17
6843,6844,0.0,1.17
6843,6845,466.53,1.17
6844,1781,0.0,1.17
6844,6843,706.99,1.17
6845,6843,0.0,1.17
6845,9163,466.53,1.17
6846,1768,69.2,1.17
6846,6842,400.97,1.17
6846,6848,141.24,1.17
6846,12013,7.86,1.17
6847,6838,1334.681836,1.17
6847,10594,2003.702763,1.17
6847,10595,506.4404093,1.17
6847,12179,2085.679525,1.17
6848,6846,294.63,1.17
6848,6849,4.18,1.17
6848,6854,147.55,1.17
6849,6848,6.31,1.17
6849,6850,4.18,1.17
6850,6849,6.31,1.17
6850,6851,12.04,1.17
6850,12013,8.61,1.17
6851,3358,51.38,1.17
6851,6850,14.92,1.17
6851,6853,16.65,1.17
6852,6840,16.65,1.17
6852,6853,49.44,1.17
6853,6851,49.44,1.17
6853,6852,16.65,1.17
6854,6848,298.81,1.17
6854,7026,17.29,1.17
6854,7028,130.26,1.17
6855,6834,0.0,1.17
6855,12012,0.0,1.17
6856,6857,0.0,1.17
6856,6860,523.6862137,1.17
6857,4723,783.678227,1.17
6857,6858,130.56,1.17
6858,4724,0.0,1.17
6858,6857,290.1377206,1.17
6858,6859,140.4,1.17
6858,7531,168.1686761,1.17
6859,4718,983.1760988,1.17
6859,6858,31.11,1.17
6859,11720,920.4476231,1.17
6860,4712,0.0,1.17
6860,6863,935.1862137,1.17
6861,4712,4997.64407,1.17
6862,4714,4057.720133,1.17
6862,6863,281.0401602,1.17
6863,4715,1155.29016,1.17
6863,6862,60.93621374,1.17
6864,4713,948.9097961,1.17
6865,6835,465.0351309,1.17
6865,6866,472.561295,1.17
6865,8380,0.0,1.17
6865,10589,386.279802,1.17
6866,6838,1774.02047,1.17
6866,6865,343.5897861,1.17
6866,8378,1500.368535,1.17
6866,10595,577.1733421,1.17
6867,6868,3625.20187,1.17
6868,2197,3625.20187,1.17
6869,6870,2264.470235,1.17
6870,2299,45.3737088,1.17
6870,2300,2219.096526,1.17
6871,6877,1760.164818,1.17
6871,9084,1481.377308,1.17
6871,9086,1994.910561,1.17
6871,10959,1368.954603,1.17
6872,6873,541.9757352,1.17
6872,12386,2126.653209,1.17
6873,5827,961.8602413,1.17
6873,5887,260.6583056,1.17
6873,6874,1630.981024,1.17
6874,6872,2126.653209,1.17
6874,6873,920.4228117,1.17
6874,10215,568.95,1.17
6875,5886,166.65,1.17
6875,10219,95.63271469,1.17
6876,5878,100.999091,1.17
6876,5966,431.553566,1.17
6876,10224,0.0,1.17
6876,11985,178.22,1.17
6877,3895,371.1909047,1.17
6877,6871,1366.601248,1.17
6877,9086,511.6668705,1.17
6877,10963,1697.779009,1.17
6878,5914,69.04,1.17
6878,5915,55.8140753,1.17
6878,11985,272.38,1.17
6879,6880,913.7046438,1.17
6879,10167,0.0,1.17
6879,11862,1444.68,1.17
6880,6879,1444.68,1.17
6880,11863,1302.224644,1.17
6880,11882,527.4649224,1.17
6881,8267,755.76,1.17
6881,8272,619.2948816,1.17
6881,10961,1713.987599,1.17
6882,6883,583.9920189,1.17
6882,6885,0.0,1.17
6882,8380,385.0186637,1.17
6882,10590,664.4263514,1.17
6883,6882,664.4263514,1.17
6883,6886,1459.172063,1.17
6883,8378,1678.487823,1.17
6883,10596,702.1876428,1.17
6884,6718,780.1613453,1.17
6884,6885,675.9902744,1.17
6884,6888,1496.60158,1.17
6884,10590,2204.912986,1.17
6885,6882,208.0719415,1.17
6885,6884,679.5493255,1.17
6885,6886,679.5797408,1.17
6885,6889,0.0,1.17
6886,6883,1661.184059,1.17
6886,6885,679.5493255,1.17
6886,6887,995.5066125,1.17
6886,6890,1029.426206,1.17
6887,6886,707.9159791,1.17
6887,6891,560.4096149,1.17
6887,10596,408.7034592,1.17
6887,12183,833.5100547,1.17
6888,6721,456.01056,1.17
6888,6884,2125.405006,1.17
6888,6889,843.8556189,1.17
6888,6892,1395.363378,1.17
6889,6885,211.6614079,1.17
6889,6888,706.6999494,1.17
6889,6890,729.3879514,1.17
6889,6893,101.2382012,1.17
6890,6886,1518.99842,1.17
6890,6889,706.6999494,1.17
6890,6891,692.3120225,1.17
6890,6894,906.553679,1.17
6891,2836,1402.796325,1.17
6891,6887,355.3030555,1.17
6891,6890,724.125811,1.17
6891,10597,1407.881962,1.17
6892,4392,1174.855745,1.17
6892,6724,1093.376971,1.17
6892,6888,2034.977455,1.17
6892,6893,747.9300845,1.17
6893,4389,601.8999515,1.17
6893,6889,198.4319415,1.17
6893,6892,722.9082156,1.17
6893,6894,910.2879037,1.17
6894,4388,752.756117,1.17
6894,6890,1341.624102,1.17
6894,6893,857.7346399,1.17
6894,10597,683.7792509,1.17
6895,4387,653.7347314,1.17
6895,4388,708.3717197,1.17
6895,6903,483.1205094,1.17
6895,10597,635.0269333,1.17
6896,4392,1695.320451,1.17
6896,6726,497.3090102,1.17
6896,6897,658.6441073,1.17
6896,10592,1102.124428,1.17
6897,2835,543.7147198,1.17
6897,4391,795.6768825,1.17
6897,6896,763.3569202,1.17
6898,6834,0.0,1.17
6898,6836,0.0,1.17
6899,3033,0.0,1.17
6899,6836,0.0,1.17
6899,11938,0.0,1.17
6900,6460,200.17,1.17
6900,6833,113.78,1.17
6900,7069,105.9291841,1.17
6901,2835,614.9491262,1.17
6901,4388,1173.143343,1.17
6901,6903,601.4735132,1.17
6901,6905,668.7959488,1.17
6902,6841,15.83,1.17
6902,6842,550.33,1.17
6902,11939,1021.3,1.17
6903,6895,459.076025,1.17
6903,6901,630.5156912,1.17
6903,6906,441.0449364,1.17
6903,7895,502.2489139,1.17
6904,2829,2743.46797,1.17
6904,6897,1040.678035,1.17
6904,10592,3159.921543,1.17
6905,2829,2404.668765,1.17
6905,6901,1173.350519,1.17
6905,6906,2383.211601,1.17
6905,12370,464.6585678,1.17
6906,2830,2180.153308,1.17
6906,6903,317.7257619,1.17
6906,6905,2287.960605,1.17
6906,6907,464.0568814,1.17
6907,2826,260.998588,1.17
6907,2842,519.5379055,1.17
6907,6906,412.581475,1.17
6907,12370,534.6812653,1.17
6908,4440,2744.269413,1.17
6908,4443,2140.216447,1.17
6908,6909,282.6212071,1.17
6909,2068,309.87,1.17
6909,6908,248.2506542,1.17
6909,8311,351.5582345,1.17
6909,10605,467.8364792,1.17
6910,9115,1376.263435,1.17
6910,9116,1966.932927,1.17
6910,12042,621.4614959,1.17
6911,6983,1796.271895,1.17
6911,10972,1562.276876,1.17
6911,12089,310.2287046,1.17
6912,2824,31.63362066,1.17
6912,8336,684.9158638,1.17
6913,2823,1357.265423,1.17
6913,8344,1622.397628,1.17
6913,10350,1709.994811,1.17
6914,2823,1186.849466,1.17
6914,6915,1197.625952,1.17
6914,8342,1074.332752,1.17
6914,12757,7.802465827,1.17
6915,2820,1197.625952,1.17
6915,6912,105.84,1.17
6915,6914,1213.440749,1.17
6916,2812,1057.507183,1.17
6916,2813,2194.12601,1.17
6916,2815,1732.503534,1.17
6916,6915,105.84,1.17
6916,12757,702.6975184,1.17
6917,6761,1981.839578,1.17
6917,6919,2403.970027,1.17
6917,7512,411.2890505,1.17
6917,10350,498.4946303,1.17
6918,113,559.87,1.17
6918,6920,2006.348264,1.17
6918,7512,134.2969853,1.17
6918,10351,1793.751196,1.17
6918,12840,137.32,1.17
6919,2818,1827.876026,1.17
6919,6917,1962.207835,1.17
6919,12384,1985.53889,1.17
6920,2819,1946.47869,1.17
6920,6918,1651.203889,1.17
6920,6919,1290.090816,1.17
6920,7512,232.5660979,1.17
6921,6166,603.6478432,1.17
6921,6922,0.22,1.17
6921,6934,324.2389937,1.17
6921,11907,0.56,1.17
6922,6167,18.05,1.17
6922,6921,0.56,1.17
6922,6923,5.26,1.17
6923,6922,18.61,1.17
6923,6935,0.0,1.17
6923,10204,5.26,1.17
6924,2815,1868.60348,1.17
6924,4328,70.83,1.17
6924,6927,2379.221665,1.17
6925,6171,0.0,1.17
6925,6942,0.0,1.17
6925,10204,0.0,1.17
6926,6173,321.3262199,1.17
6926,6943,286.49,1.17
6926,11994,0.0,1.17
6927,2809,2071.692382,1.17
6927,6916,834.6431763,1.17
6927,6924,1854.962302,1.17
6928,6177,0.0,1.17
6928,6947,23.69,1.17
6928,11994,0.0,1.17
6929,2805,1086.891192,1.17
6929,4328,843.7605982,1.17
6929,6927,525.1532817,1.17
6930,6179,50.45,1.17
6930,6994,0.0,1.17
6930,7000,0.0,1.17
6930,11995,0.0,1.17
6931,5759,158.3,1.17
6931,6932,53.88,1.17
6931,11878,0.0,1.17
6932,6931,158.3,1.17
6932,10205,53.66,1.17
6932,11907,0.22,1.17
6933,116,906.43,1.17
6933,2804,793.1468974,1.17
6933,6929,796.2147267,1.17
6934,6921,603.6478432,1.17
6934,6935,9.04,1.17
6934,6957,368.8589937,1.17
6934,10205,157.74,1.17
6935,6923,0.0,1.17
6935,6934,116.1852144,1.17
6935,6936,9.04,1.17
6936,6935,116.1852144,1.17
6936,6937,9.04,1.17
6936,6958,0.0,1.17
6937,6936,16.34,1.17
6937,6938,0.0,1.17
6937,6941,9.04,1.17
6938,6937,0.0,1.17
6938,6939,0.0,1.17
6938,10204,0.0,1.17
6939,6938,0.0,1.17
6939,10206,0.0,1.17
6940,6944,2386.370992,1.17
6940,6950,470.4274366,1.17
6940,8608,1567.347673,1.17
6940,12524,1759.063026,1.17
6941,6937,16.34,1.17
6941,6942,9.04,1.17
6941,10206,0.0,1.17
6942,6925,0.0,1.17
6942,6941,16.34,1.17
6942,6943,138.6962199,1.17
6942,6961,165.1877328,1.17
6943,6926,321.3262199,1.17
6943,6942,181.5277328,1.17
6943,11996,170.84,1.17
6944,6940,2672.083178,1.17
6944,7035,2087.923122,1.17
6944,10599,398.3879015,1.17
6945,6946,0.0,1.17
6945,6969,665.84,1.17
6945,11926,677.9305781,1.17
6945,11996,520.98,1.17
6946,6945,0.0,1.17
6946,6947,0.0,1.17
6946,11994,0.0,1.17
6947,6928,0.0,1.17
6947,6946,0.0,1.17
6947,6948,0.0,1.17
6947,11926,123.2994747,1.17
6948,6947,99.60947472,1.17
6948,6949,0.0,1.17
6948,6951,0.0,1.17
6948,11995,0.0,1.17
6949,6948,99.60947472,1.17
6949,6952,216.08895,1.17
6949,6994,12.47,1.17
6949,7033,0.0,1.17
6950,6940,703.6680979,1.17
6950,10593,736.7420907,1.17
6950,10599,620.0362283,1.17
6950,12086,437.6198586,1.17
6951,6948,0.0,1.17
6951,6952,326.4643802,1.17
6951,6991,1138.190525,1.17
6952,6949,12.47,1.17
6952,6951,1138.190525,1.17
6952,6995,0.0,1.17
6952,11932,398.7343802,1.17
6953,6807,180.91,1.17
6953,6956,56.11464116,1.17
6953,11879,0.0,1.17
6954,6802,678.2371327,1.17
6954,6955,709.7156418,1.17
6954,12086,497.7810445,1.17
6954,12087,450.2317056,1.17
6955,6954,712.5440878,1.17
6955,7040,675.8719769,1.17
6955,10599,784.6634705,1.17
6955,10600,524.2667591,1.17
6956,6953,180.91,1.17
6956,6957,56.11464116,1.17
6956,10205,0.0,1.17
6957,6934,645.2026288,1.17
6957,6956,180.91,1.17
6957,6958,207.6146412,1.17
6957,6965,217.3589937,1.17
6958,6936,99.84521441,1.17
6958,6957,438.1588487,1.17
6958,6959,207.6146412,1.17
6958,7074,0.0,1.17
6959,6958,538.0040631,1.17
6959,6960,336.3408611,1.17
6959,6962,201.4,1.17
6959,7074,332.1,1.17
6960,6959,437.66,1.17
6960,6961,336.3408611,1.17
6960,6962,0.0,1.17
6961,6942,129.6562199,1.17
6961,6960,437.66,1.17
6961,6963,0.0,1.17
6961,11996,206.6846412,1.17
6962,6959,432.4440631,1.17
6962,6960,0.0,1.17
6962,6963,201.4,1.17
6962,10208,0.0,1.17
6963,6961,0.0,1.17
6963,6962,432.4440631,1.17
6963,12433,201.4,1.17
6964,6967,418.9826564,1.17
6964,8671,844.8434262,1.17
6964,10600,776.5310509,1.17
6964,12087,724.516194,1.17
6965,6957,387.9537801,1.17
6965,7074,208.5362199,1.17
6965,10207,411.8089937,1.17
6965,12431,93.42,1.17
6966,7074,121.59,1.17
6966,10208,0.0,1.17
6966,12356,67.31,1.17
6967,6964,506.8130177,1.17
6967,6968,679.2203509,1.17
6967,6973,832.5433466,1.17
6967,8673,1416.840134,1.17
6968,6967,669.25241,1.17
6968,6978,523.5491195,1.17
6968,7043,651.4147224,1.17
6968,10600,657.330541,1.17
6969,6945,641.5059369,1.17
6969,6970,665.84,1.17
6969,11997,0.0,1.17
6970,6969,641.5059369,1.17
6970,6971,84.74,1.17
6970,7071,665.84,1.17
6971,6970,0.0,1.17
6971,6972,84.74,1.17
6971,11998,0.0,1.17
6972,6971,0.0,1.17
6972,6995,84.74,1.17
6972,12022,0.0,1.17
6973,6967,1135.700242,1.17
6973,6978,570.3072366,1.17
6973,8376,541.8183837,1.17
6973,8692,220.9081948,1.17
6974,6997,0.0,1.17
6974,11998,0.0,1.17
6974,12022,0.0,1.17
6975,6976,10.71,1.17
6975,10207,0.0,1.17
6975,11881,53.33,1.17
6976,6975,53.33,1.17
6976,6985,104.13,1.17
6976,12354,259.1,1.17
6977,6984,0.0,1.17
6977,11927,137.54,1.17
6977,12362,166.76,1.17
6978,6968,408.4735566,1.17
6978,6973,618.3426938,1.17
6978,8375,523.5491195,1.17
6978,10601,572.3987948,1.17
6979,6980,726.2459369,1.17
6979,6981,0.0,1.17
6979,11927,665.84,1.17
6980,6979,665.84,1.17
6980,6981,0.0,1.17
6980,7071,726.2459369,1.17
6981,6979,0.0,1.17
6981,6980,0.0,1.17
6981,11999,0.0,1.17
6982,6997,0.0,1.17
6982,11999,0.0,1.17
6983,6911,1091.837636,1.17
6983,10977,1492.854543,1.17
6983,12089,1110.248582,1.17
6983,12238,2642.937946,1.17
6984,6977,0.0,1.17
6984,6989,0.0,1.17
6984,10209,0.0,1.17
6984,12361,0.0,1.17
6985,6976,312.43,1.17
6985,6987,0.0,1.17
6985,11908,104.13,1.17
6986,2839,502.2965383,1.17
6986,6996,234.384501,1.17
6986,8376,1082.193766,1.17
6986,10602,768.5105105,1.17
6987,1786,0.0,1.17
6987,6805,147.08,1.17
6987,6985,0.0,1.17
6987,6988,96.03,1.17
6988,6987,147.08,1.17
6988,6989,0.0,1.17
6988,11908,96.03,1.17
6989,6984,0.0,1.17
6989,6988,0.0,1.17
6990,6991,936.3249583,1.17
6990,6992,0.0,1.17
6990,11926,722.4205253,1.17
6991,6951,326.4643802,1.17
6991,6990,163.0105253,1.17
6991,6993,1585.040578,1.17
6992,6990,817.8043802,1.17
6992,7001,0.0,1.17
6993,6105,1585.040578,1.17
6993,6991,0.0,1.17
6994,6930,50.45,1.17
6994,6949,315.6984247,1.17
6994,7031,0.0,1.17
6995,6952,84.74,1.17
6995,6972,0.0,1.17
6995,7038,0.0,1.17
6996,6986,516.3263575,1.17
6996,6999,775.9212486,1.17
6996,7002,1077.054208,1.17
6996,12183,761.3163828,1.17
6997,6974,0.0,1.17
6997,6982,0.0,1.17
6998,6301,74.88,1.17
6998,6311,651.0,1.17
6998,7031,529.1556198,1.17
6998,12005,0.0,1.17
6999,6996,648.1931239,1.17
6999,7005,665.0521166,1.17
6999,7048,596.0793523,1.17
6999,10602,830.195453,1.17
7000,6307,0.0,1.17
7000,6930,0.0,1.17
7000,12005,0.0,1.17
7001,1787,0.0,1.17
7001,6993,0.0,1.17
7002,2837,1783.80283,1.17
7002,6996,1706.527578,1.17
7002,7004,170.7138498,1.17
7002,10603,1584.729317,1.17
7003,10790,2307.867564,1.17
7003,12098,2135.212771,1.17
7003,12099,1380.659272,1.17
7003,12101,2235.32061,1.17
7004,7002,219.9429336,1.17
7004,7006,371.526222,1.17
7004,10603,274.6510148,1.17
7004,12185,560.5282672,1.17
7005,4384,632.0521166,1.17
7005,6999,650.3535566,1.17
7005,7055,618.8330508,1.17
7005,10603,697.9304255,1.17
7006,4385,1328.425848,1.17
7006,4386,1354.923268,1.17
7006,7004,753.0786372,1.17
7006,7007,194.6349482,1.17
7007,7006,542.519702,1.17
7007,7008,148.5147273,1.17
7007,7011,410.9791347,1.17
7007,7895,287.7549397,1.17
7008,4385,1659.866751,1.17
7008,7007,287.7549397,1.17
7008,7009,148.5147273,1.17
7008,7012,1544.858859,1.17
7009,4384,604.4082109,1.17
7009,7008,240.2839946,1.17
7009,7010,303.0772837,1.17
7009,7014,582.6156496,1.17
7010,4383,2248.176429,1.17
7010,7009,307.1300527,1.17
7010,7014,2319.735711,1.17
7010,7060,463.9919174,1.17
7011,7007,211.0129336,1.17
7011,7012,680.4371989,1.17
7011,7016,2108.595771,1.17
7011,7017,0.0,1.17
7011,7899,2043.440869,1.17
7012,7008,1707.337696,1.17
7012,7011,940.208425,1.17
7012,7014,1626.530801,1.17
7013,4592,1964.149482,1.17
7013,6760,0.0,1.17
7013,7054,0.0,1.17
7013,11206,1957.108718,1.17
7014,7009,537.5621529,1.17
7014,7010,2409.107375,1.17
7014,7012,2048.780865,1.17
7014,7015,1615.982484,1.17
7014,10604,1891.019311,1.17
7015,7014,2004.442929,1.17
7015,7072,1855.956763,1.17
7015,8872,304.0437583,1.17
7016,7011,1913.010634,1.17
7016,7017,1526.433742,1.17
7016,8334,910.6571622,1.17
7016,10598,255.38,1.17
7017,7011,0.0,1.17
7017,7016,1686.888006,1.17
7017,10604,1526.433742,1.17
7018,2827,1300.982329,1.17
7018,7864,10147.90432,1.17
7019,4844,0.0,1.17
7019,6589,216.2665597,1.17
7019,7447,352.4181957,1.17
7019,7646,271.8246152,1.17
7020,7021,1372.778948,1.17
7020,8328,2014.427156,1.17
7020,8334,1006.188421,1.17
7020,10358,1919.581364,1.17
7021,1898,2266.391698,1.17
7021,2022,1503.043758,1.17
7021,7020,1486.067939,1.17
7021,7022,527.3074827,1.17
7022,2011,1990.424002,1.17
7022,7021,1538.521382,1.17
7022,7023,1799.980377,1.17
7022,7024,495.4196186,1.17
7023,2023,2086.379543,1.17
7023,7022,2033.813896,1.17
7023,7030,205.8818822,1.17
7024,4329,522.1418745,1.17
7024,7022,1495.131488,1.17
7024,7025,422.8896186,1.17
7024,7029,367.1893233,1.17
7025,118,393.62,1.17
7025,4550,1670.270522,1.17
7025,7024,823.1173316,1.17
7025,7029,1188.506578,1.17
7026,6854,50.13,1.17
7026,7027,17.29,1.17
7027,7026,50.13,1.17
7027,7028,0.0,1.17
7027,12014,17.29,1.17
7028,3630,130.26,1.17
7028,6854,248.68,1.17
7028,7027,0.0,1.17
7029,119,169.63,1.17
7029,7024,650.5730442,1.17
7029,7025,1179.270904,1.17
7029,7030,1490.145901,1.17
7029,10367,80.15,1.17
7030,7023,286.3991669,1.17
7030,7029,1413.720081,1.17
7030,7470,1219.863801,1.17
7030,10367,0.0,1.17
7031,1778,860.66,1.17
7031,6994,353.6784247,1.17
7031,6998,725.88,1.17
7031,7034,737.4615753,1.17
7032,120,348.53,1.17
7032,2029,653.8135786,1.17
7032,2562,372.3359454,1.17
7032,4550,773.9210551,1.17
7032,10367,328.65,1.17
7033,6949,0.0,1.17
7033,7034,0.0,1.17
7033,11932,192.1296679,1.17
7034,7031,344.0943802,1.17
7034,7033,192.1296679,1.17
7034,7053,545.3319075,1.17
7035,6944,2066.801062,1.17
7035,7036,2446.898929,1.17
7035,7037,1123.447229,1.17
7035,10865,2081.892501,1.17
7036,4440,2599.401453,1.17
7036,7035,2360.658833,1.17
7036,10120,1218.334951,1.17
7036,10871,1828.697086,1.17
7037,7035,1979.979603,1.17
7037,10121,296.9625641,1.17
7037,10122,1040.91,1.17
7037,10599,566.7120573,1.17
7038,6995,0.0,1.17
7038,7039,0.0,1.17
7038,12022,0.0,1.17
7039,7038,0.0,1.17
7039,11932,0.0,1.17
7040,6955,500.4568975,1.17
7040,7041,514.7903176,1.17
7040,7042,1596.085114,1.17
7040,10122,2407.275762,1.17
7041,7040,364.4508063,1.17
7041,8311,261.5298586,1.17
7041,10605,1122.553309,1.17
7041,10606,645.5991616,1.17
7042,7040,2362.834097,1.17
7042,7043,1546.486379,1.17
7042,10600,520.9247752,1.17
7042,10606,628.0612677,1.17
7043,6968,434.9906011,1.17
7043,7042,2196.110766,1.17
7043,7044,446.9665111,1.17
7043,10601,1287.020158,1.17
7044,2825,725.6532853,1.17
7044,7043,492.6628496,1.17
7044,10606,646.9200881,1.17
7045,2825,2892.065318,1.17
7045,2847,250.17,1.17
7045,8371,2362.282748,1.17
7045,10608,478.3103632,1.17
7046,7047,584.1744435,1.17
7046,7048,1397.270665,1.17
7046,8372,1829.175038,1.17
7046,10602,550.7265236,1.17
7047,2825,2265.926808,1.17
7047,2846,2343.929842,1.17
7047,7046,643.5546327,1.17
7047,10608,776.919789,1.17
7048,2845,1341.743253,1.17
7048,2846,688.2343253,1.17
7048,6999,484.4017328,1.17
7048,7046,1611.936929,1.17
7049,7050,7.313707339,1.17
7049,11203,714.0654063,1.17
7049,12601,2007.84488,1.17
7050,7049,0.0,1.17
7050,7051,7.313707339,1.17
7050,10019,1068.364731,1.17
7050,11203,586.7540146,1.17
7051,4588,259.4964536,1.17
7051,7050,0.0,1.17
7051,7054,5.14,1.17
7052,2846,791.771329,1.17
7052,7059,539.5855018,1.17
7052,7456,691.2197777,1.17
7052,10608,986.560836,1.17
7053,7034,344.0943802,1.17
7053,11932,545.3319075,1.17
7054,4596,5.14,1.17
7054,7013,0.0,1.17
7054,7051,252.1827463,1.17
7055,2845,3254.146416,1.17
7055,4383,2820.142356,1.17
7055,7005,729.3804255,1.17
7055,7056,587.8510289,1.17
7056,2845,763.6481332,1.17
7056,4382,971.085749,1.17
7056,7055,718.9698714,1.17
7056,7059,382.82,1.17
7057,6185,0.0,1.17
7057,6187,0.0,1.17
7057,12310,418.33,1.17
7057,12430,565.1006701,1.17
7058,10126,0.0,1.17
7058,11928,0.0,1.17
7059,7052,943.1708214,1.17
7059,7056,682.6031816,1.17
7059,10609,306.77,1.17
7059,10615,671.1106926,1.17
7060,4382,1104.358418,1.17
7060,7010,545.4966104,1.17
7060,7067,524.6517709,1.17
7060,7072,1311.440338,1.17
7061,3086,270.9564955,1.17
7061,3221,202.6435045,1.17
7061,6787,35.52,1.17
7061,12027,109.86,1.17
7062,5571,0.0,1.17
7062,7063,0.0,1.17
7063,5512,0.0,1.17
7063,7062,0.0,1.17
7064,5527,0.0,1.17
7064,5571,0.0,1.17
7064,7065,0.0,1.17
7064,11973,0.0,1.17
7065,7064,0.0,1.17
7065,9385,109.53,1.17
7065,11841,49.74,1.17
7066,6271,109.53,1.17
7066,9385,49.74,1.17
7066,11974,0.0,1.17
7067,7060,718.5484014,1.17
7067,7457,635.2475744,1.17
7067,10609,709.1176649,1.17
7067,10610,628.5211241,1.17
7068,4566,0.0,1.17
7068,11148,28.35,1.17
7068,11149,27.15,1.17
7069,6830,19.42,1.17
7069,6900,313.95,1.17
7069,12028,102.08,1.17
7070,6533,0.0,1.17
7070,6553,63.52,1.17
7070,6579,28.6,1.17
7070,6712,113.57,1.17
7071,6970,726.2459369,1.17
7071,6980,665.84,1.17
7071,11998,0.0,1.17
7072,7015,2308.486688,1.17
7072,7060,1167.864104,1.17
7072,7073,1104.517887,1.17
7072,7520,1518.861177,1.17
7073,7072,1147.148848,1.17
7073,7112,1511.547753,1.17
7073,8872,2254.45707,1.17
7073,10366,1234.02731,1.17
7074,6958,0.0,1.17
7074,6959,330.1262199,1.17
7074,6965,264.79,1.17
7074,6966,67.31,1.17
7075,4573,321.2671642,1.17
7075,7077,7.11,1.17
7075,9884,28.98,1.17
7076,7077,4.47,1.17
7076,11825,7.06,1.17
7077,965,24.95,1.17
7077,7075,57.18,1.17
7077,7076,7.06,1.17
7077,12738,12.01,1.17
7078,2753,1108.606849,1.17
7078,2867,3.3,1.17
7078,7556,0.0,1.17
7079,4038,1473.56197,1.17
7079,7297,223.3558062,1.17
7079,11109,3584.714252,1.17
7080,3991,3957.908307,1.17
7080,7081,502.1494625,1.17
7080,12910,2644.084101,1.17
7081,7080,352.9300856,1.17
7081,7082,0.0,1.17
7081,11103,502.1494625,1.17
7082,3459,5731.48751,1.17
7083,2890,13.16,1.17
7083,3920,0.0,1.17
7084,3794,594.6921558,1.17
7084,7085,130.68,1.17
7084,12547,538.8750013,1.17
7085,7084,149.36,1.17
7085,7086,130.68,1.17
7086,7085,149.36,1.17
7086,7087,273.48,1.17
7086,11524,367.86,1.17
7086,12547,20.16,1.17
7087,7086,176.22,1.17
7087,7088,41.99,1.17
7087,7127,231.49,1.17
7087,11524,0.0,1.17
7088,7087,19.7,1.17
7088,7089,41.99,1.17
7089,7088,19.7,1.17
7089,7090,315.1905795,1.17
7089,12542,714.1787147,1.17
7089,12545,608.6428525,1.17
7090,7089,260.48,1.17
7090,11520,287.2644516,1.17
7090,12530,62.79,1.17
7090,12532,118.146128,1.17
7091,7135,242.5605574,1.17
7091,12547,119.4742062,1.17
7091,12586,24.08,1.17
7092,7093,0.0,1.17
7092,12575,1481.137428,1.17
7093,7092,20.6191413,1.17
7093,7137,745.5891225,1.17
7094,7093,20.6191413,1.17
7094,7099,543.9824766,1.17
7094,7134,396.4692061,1.17
7095,7094,0.0,1.17
7095,7096,0.0,1.17
7095,7101,430.2608025,1.17
7095,12567,362.6592893,1.17
7096,7095,0.0,1.17
7096,7097,0.0,1.17
7096,7103,238.2919979,1.17
7096,12568,19.91071069,1.17
7097,7096,0.0,1.17
7097,7098,0.0,1.17
7097,7105,0.0,1.17
7097,7116,0.0,1.17
7098,7097,0.0,1.17
7098,7118,36.74,1.17
7098,7136,37.17,1.17
7099,7094,417.0883474,1.17
7099,7100,543.9824766,1.17
7099,7101,0.0,1.17
7100,7099,417.0883474,1.17
7100,7102,543.9824766,1.17
7101,7095,362.6592893,1.17
7101,7099,0.0,1.17
7101,7102,430.2608025,1.17
7101,7103,0.0,1.17
7102,7100,417.0883474,1.17
7102,7101,362.6592893,1.17
7102,7104,56.65071069,1.17
7102,12533,1249.705277,1.17
7103,7096,19.91071069,1.17
7103,7101,0.0,1.17
7103,7104,238.2919979,1.17
7103,7105,0.0,1.17
7104,7102,275.4619979,1.17
7104,7103,19.91071069,1.17
7104,7106,36.74,1.17
7105,7097,0.0,1.17
7105,7103,0.0,1.17
7105,7106,0.0,1.17
7106,7104,37.17,1.17
7106,7105,0.0,1.17
7106,7136,36.74,1.17
7107,7108,1963.716478,1.17
7107,7109,3658.291337,1.17
7107,12085,3066.32326,1.17
7108,7107,2273.36438,1.17
7108,10160,11670.22267,1.17
7109,3088,1370.179626,1.17
7109,7107,1437.433747,1.17
7109,7110,1728.580817,1.17
7109,10970,2936.131763,1.17
7110,3094,9995.871855,1.17
7110,7109,1872.184616,1.17
7111,11521,378.7313345,1.17
7111,12583,130.4604003,1.17
7111,12592,365.9654698,1.17
7112,7073,1871.829697,1.17
7112,7520,1785.183906,1.17
7112,10610,2404.20643,1.17
7112,12487,626.2025001,1.17
7113,7114,0.0,1.17
7113,7134,1254.548404,1.17
7113,12567,1018.78787,1.17
7114,7113,0.0,1.17
7114,7115,0.0,1.17
7114,11521,252.99,1.17
7114,12568,480.27,1.17
7115,7114,0.0,1.17
7115,12574,449.6562802,1.17
7115,12592,517.4857609,1.17
7116,7097,0.0,1.17
7116,7117,0.0,1.17
7116,7118,867.5129487,1.17
7116,11516,304.53,1.17
7117,7116,0.0,1.17
7117,11516,1546.961728,1.17
7118,7098,37.17,1.17
7118,7116,304.53,1.17
7118,11512,510.9241835,1.17
7118,12566,618.13,1.17
7119,7666,12120.66301,1.17
7120,7121,1405.239929,1.17
7120,11549,1877.228054,1.17
7120,12845,245.2687462,1.17
7120,12847,0.0,1.17
7121,7120,1612.122041,1.17
7121,12844,343.3961461,1.17
7121,12848,759.2945913,1.17
7121,12940,1480.137468,1.17
7122,12536,822.9087147,1.17
7122,12538,956.373432,1.17
7123,12645,97.04,1.17
7123,12659,1620.005759,1.17
7123,12690,1435.798224,1.17
7123,12692,531.1010543,1.17
7124,7125,71.90461902,1.17
7124,11525,530.87,1.17
7124,12586,617.3177751,1.17
7125,7124,135.41,1.17
7125,7126,71.90461902,1.17
7125,12597,158.0022249,1.17
7125,12605,414.282355,1.17
7126,6503,526.1691401,1.17
7126,7125,135.41,1.17
7126,10117,431.4003799,1.17
7127,7087,156.52,1.17
7127,7128,231.0161626,1.17
7127,12541,0.473837368,1.17
7128,7127,156.52,1.17
7128,12544,765.9711639,1.17
7128,12547,386.8179496,1.17
7129,1836,1332.722413,1.17
7129,7130,330.2831216,1.17
7129,11574,795.9917039,1.17
7130,7129,457.574586,1.17
7130,11580,204.66,1.17
7130,11585,718.6208065,1.17
7131,2565,15.69,1.17
7131,4346,10.2,1.17
7131,8023,1482.838722,1.17
7132,2022,1903.321887,1.17
7132,2030,1353.480972,1.17
7132,10366,1657.948852,1.17
7132,10370,1534.656674,1.17
7133,11519,1178.550435,1.17
7133,12527,1089.536135,1.17
7133,12530,90.22,1.17
7134,7094,543.9824766,1.17
7134,7113,1018.78787,1.17
7134,12578,1651.01761,1.17
7135,7091,0.0,1.17
7135,7092,1460.518286,1.17
7135,7137,242.5605574,1.17
7136,7098,36.74,1.17
7136,7106,37.17,1.17
7137,7135,0.0,1.17
7137,12543,988.14968,1.17
7138,6376,3005.045843,1.17
7138,8751,2628.372328,1.17
7138,8994,506.9041651,1.17
7139,7140,627.7251986,1.17
7139,11517,552.5020821,1.17
7140,7141,7.13,1.17
7140,7144,1757.117288,1.17
7141,7140,1136.52209,1.17
7141,7142,979.2153866,1.17
7141,11522,1360.430711,1.17
7142,7141,2013.323738,1.17
7142,7143,55.02208205,1.17
7142,11513,1641.385387,1.17
7142,11518,43.29,1.17
7143,7139,552.5020821,1.17
7143,7142,761.5,1.17
7144,3799,1362.223348,1.17
7144,11518,394.8939402,1.17
7145,7143,1258.98,1.17
7146,12904,2657.212656,1.17
7147,7129,1647.932653,1.17
7147,7146,882.2533123,1.17
7148,7147,1202.892068,1.17
7148,12894,1300.784955,1.17
7149,7150,475.3192331,1.17
7149,7151,0.0,1.17
7149,11237,210.6204553,1.17
7150,7149,210.6204553,1.17
7150,8697,475.3192331,1.17
7150,8707,0.0,1.17
7151,7149,0.0,1.17
7151,7152,0.0,1.17
7151,8707,0.0,1.17
7151,8708,0.0,1.17
7152,7151,0.0,1.17
7152,7153,315.87,1.17
7152,7157,0.0,1.17
7152,7442,174.2784681,1.17
7153,7152,174.2784681,1.17
7153,7162,0.0,1.17
7153,8707,0.0,1.17
7153,8712,315.87,1.17
7154,7155,0.0,1.17
7154,7162,0.0,1.17
7154,8699,0.0,1.17
7154,8700,0.0,1.17
7155,7154,0.0,1.17
7155,7156,494.2899572,1.17
7155,8526,0.0,1.17
7155,11241,349.63,1.17
7156,7155,349.63,1.17
7156,8496,371.3539682,1.17
7156,8523,836.75,1.17
7157,7152,0.0,1.17
7157,7158,0.0,1.17
7157,8710,0.0,1.17
7157,8712,0.0,1.17
7158,7157,0.0,1.17
7158,7159,0.0,1.17
7158,7163,0.0,1.17
7159,7158,0.0,1.17
7159,7161,0.0,1.17
7159,8713,1833.392732,1.17
7159,11238,1321.0555,1.17
7160,7161,0.0,1.17
7160,8716,0.0,1.17
7160,11238,0.0,1.17
7161,7159,0.0,1.17
7161,7160,0.0,1.17
7161,7164,0.0,1.17
7162,7153,0.0,1.17
7162,7154,0.0,1.17
7162,8705,0.0,1.17
7162,8706,0.0,1.17
7163,7158,0.0,1.17
7163,7165,82.16,1.17
7163,8712,121.72,1.17
7163,8713,150.4013921,1.17
7164,7161,0.0,1.17
7164,7168,0.0,1.17
7164,8713,67.48,1.17
7164,11239,153.03,1.17
7165,7163,44.0,1.17
7165,7166,82.16,1.17
7165,8704,0.0,1.17
7165,8705,0.0,1.17
7166,7165,44.0,1.17
7166,8701,1882.802732,1.17
7166,8704,1301.174108,1.17
7167,2030,1779.88912,1.17
7167,2031,1561.941594,1.17
7167,2032,1288.339756,1.17
7167,2040,2622.874603,1.17
7167,12569,1603.97911,1.17
7168,7164,0.0,1.17
7168,8701,0.0,1.17
7168,8702,0.0,1.17
7169,8489,0.0,1.17
7169,8491,0.0,1.17
7169,8702,0.0,1.17
7170,8510,999.0168389,1.17
7170,8517,45.58,1.17
7170,8520,441.1449937,1.17
7171,7172,0.0,1.17
7171,8499,0.0,1.17
7172,3233,124.25,1.17
7172,7171,0.0,1.17
7172,11247,118.58,1.17
7173,7174,0.0,1.17
7173,11247,117.92,1.17
7173,11251,395.6816842,1.17
7174,7173,0.0,1.17
7174,8501,1275.596839,1.17
7174,8510,714.0549937,1.17
7175,7178,398.6134862,1.17
7175,7179,295.7270705,1.17
7176,7179,398.6134862,1.17
7176,8365,2994.695697,1.17
7176,8379,2270.854425,1.17
7177,8379,1971.486041,1.17
7177,11250,1164.692951,1.17
7178,7175,295.7270705,1.17
7178,8501,79.05,1.17
7178,11246,1407.116437,1.17
7178,11250,1646.956041,1.17
7179,7175,398.6134862,1.17
7179,7176,295.7270705,1.17
7179,7180,0.0,1.17
7180,7179,0.0,1.17
7180,7181,0.0,1.17
7181,7180,0.0,1.17
7181,7182,621.8221905,1.17
7181,11246,309.26,1.17
7182,7181,309.26,1.17
7182,8374,1189.0,1.17
7182,11318,1118.922537,1.17
7183,8780,70.33,1.17
7183,9244,31.84,1.17
7184,2028,0.0,1.17
7184,2032,1404.222115,1.17
7184,2041,1046.944705,1.17
7185,7186,0.0,1.17
7185,8420,681.908077,1.17
7185,8423,894.4509162,1.17
7186,7185,0.0,1.17
7186,7187,0.0,1.17
7186,8409,0.0,1.17
7186,8413,0.0,1.17
7187,7186,0.0,1.17
7187,8400,40.42,1.17
7187,8401,0.0,1.17
7188,7192,556.4310194,1.17
7188,8394,1214.3,1.17
7188,11265,1053.168928,1.17
7189,2041,1388.532115,1.17
7189,2563,1063.849195,1.17
7189,7190,1900.003666,1.17
7189,8995,1633.439289,1.17
7190,7189,1731.743779,1.17
7190,7283,1000.228203,1.17
7190,7460,1101.41659,1.17
7190,10371,2022.258283,1.17
7191,7192,28.13,1.17
7191,7194,0.0,1.17
7191,8393,10.38,1.17
7192,7188,486.3625372,1.17
7192,7191,10.38,1.17
7192,7193,584.5610194,1.17
7193,7192,496.7425372,1.17
7193,8084,479.45,1.17
7193,8086,1135.491019,1.17
7194,7191,0.0,1.17
7194,7212,0.0,1.17
7194,8086,45.72,1.17
7194,8392,53.66,1.17
7195,2977,603.3586749,1.17
7195,3464,451.8538327,1.17
7195,3480,257.0124167,1.17
7196,3170,268.1511968,1.17
7196,9187,400.4847806,1.17
7196,9314,709.3263053,1.17
7197,3406,258.7447414,1.17
7197,7198,0.0,1.17
7197,9186,93.45,1.17
7198,7197,0.0,1.17
7198,9185,685.7713363,1.17
7198,11429,600.3288791,1.17
7199,3518,299.5247741,1.17
7199,3519,279.7975036,1.17
7199,7200,0.0,1.17
7200,3471,377.5985678,1.17
7200,7199,0.0,1.17
7200,11435,351.0924964,1.17
7201,3509,9.358632277,1.17
7201,3515,107.5328313,1.17
7201,11434,0.0,1.17
7202,3189,0.0,1.17
7202,3192,15.22670383,1.17
7203,9176,0.0,1.17
7203,9178,219.18,1.17
7203,9609,451.6603139,1.17
7204,3192,148.06,1.17
7204,7205,0.0,1.17
7204,9609,339.6261382,1.17
7205,7204,0.0,1.17
7205,9182,245.0419699,1.17
7205,9609,113.79,1.17
7206,3421,603.63,1.17
7206,7207,0.0,1.17
7206,9608,694.7437263,1.17
7207,3419,41.68,1.17
7207,7206,0.0,1.17
7207,11459,35.7013885,1.17
7208,7209,0.0,1.17
7208,7211,232.49,1.17
7208,9614,69.55,1.17
7209,7208,0.0,1.17
7209,7210,0.0,1.17
7209,7211,0.0,1.17
7210,2981,323.72,1.17
7210,7209,0.0,1.17
7210,11486,448.77,1.17
7211,7208,69.55,1.17
7211,7209,0.0,1.17
7211,11486,232.49,1.17
7212,7194,0.0,1.17
7212,7281,484.7032646,1.17
7212,8388,294.026546,1.17
7213,7214,185.6269474,1.17
7213,7281,116.4695612,1.17
7214,7213,116.4695612,1.17
7214,8104,771.3831209,1.17
7214,11263,495.76,1.17
7215,7216,0.0,1.17
7215,8384,367.3874665,1.17
7215,8403,210.15,1.17
7216,7215,0.0,1.17
7216,9153,1716.826013,1.17
7216,11257,1975.78242,1.17
7217,7218,1292.285081,1.17
7217,7221,0.0,1.17
7217,7223,676.8432009,1.17
7218,7217,676.8432009,1.17
7218,7452,0.0,1.17
7218,7453,561.609688,1.17
7218,8359,730.6753927,1.17
7219,3231,0.0,1.17
7219,7452,0.0,1.17
7220,3230,792.6139672,1.17
7220,8346,739.6144128,1.17
7220,8359,676.8432009,1.17
7220,11324,1018.986219,1.17
7221,7217,0.0,1.17
7221,7222,2742.803998,1.17
7221,8365,1426.911173,1.17
7222,7221,1426.911173,1.17
7222,7223,518.910567,1.17
7222,8362,3301.416628,1.17
7223,7217,1292.285081,1.17
7223,7222,558.6126303,1.17
7223,11254,1195.753768,1.17
7224,8274,840.3198413,1.17
7224,8299,0.0,1.17
7224,9688,1111.273647,1.17
7225,3218,235.86,1.17
7225,8261,559.61,1.17
7225,11358,1424.238748,1.17
7226,7948,113.4044152,1.17
7226,7966,819.0369784,1.17
7226,11395,766.6555713,1.17
7227,7228,114.45,1.17
7227,7966,2110.926164,1.17
7227,8202,1128.459613,1.17
7228,7227,97.65,1.17
7228,8199,175.14,1.17
7228,11396,315.67,1.17
7229,7289,0.0,1.17
7229,8144,342.4505968,1.17
7229,11366,0.0,1.17
7230,7289,43.03431802,1.17
7230,8022,190.404912,1.17
7230,11369,41.65,1.17
7231,7232,0.0,1.17
7231,7235,250.5024212,1.17
7231,8144,0.0,1.17
7232,7231,0.0,1.17
7232,7233,281.470075,1.17
7232,7236,862.6382626,1.17
7232,8021,584.5401777,1.17
7233,3581,0.0,1.17
7233,7232,0.0,1.17
7233,7237,0.0,1.17
7233,11331,330.4203587,1.17
7234,8007,279.7024962,1.17
7234,8009,0.0,1.17
7234,11331,164.5163651,1.17
7235,7231,0.0,1.17
7235,7236,0.0,1.17
7235,8143,250.5024212,1.17
7236,7232,866.0102527,1.17
7236,7235,0.0,1.17
7236,7237,0.0,1.17
7236,8142,862.6382626,1.17
7237,7233,0.0,1.17
7237,7236,0.0,1.17
7237,8142,0.0,1.17
7238,7239,0.0,1.17
7238,8157,751.271108,1.17
7238,11328,892.367372,1.17
7239,3579,1194.509617,1.17
7239,7238,0.0,1.17
7239,8133,2111.385301,1.17
7240,3579,70.64,1.17
7240,7241,144.93,1.17
7240,8117,481.2999859,1.17
7241,7240,264.63,1.17
7241,7242,0.0,1.17
7241,8131,359.6310417,1.17
7241,8133,325.2961658,1.17
7242,7241,0.0,1.17
7242,8131,593.1212457,1.17
7242,8135,514.219728,1.17
7243,7244,172.1909964,1.17
7243,8134,815.4242913,1.17
7243,11328,497.5788097,1.17
7244,7243,0.0,1.17
7244,7245,0.0,1.17
7244,8139,104.56,1.17
7244,11329,301.22,1.17
7245,7244,0.0,1.17
7245,7246,0.0,1.17
7245,7247,149.6024059,1.17
7246,7245,149.6024059,1.17
7246,8025,518.495929,1.17
7246,8139,551.6571214,1.17
7247,7245,0.0,1.17
7247,7248,0.0,1.17
7247,11329,565.5025324,1.17
7247,11332,1632.928458,1.17
7248,7247,0.0,1.17
7248,8130,0.0,1.17
7249,3580,524.1850657,1.17
7249,6494,64.88,1.17
7249,7250,35.18693112,1.17
7249,7290,157.3888745,1.17
7250,6494,151.44,1.17
7250,7249,0.0,1.17
7250,8066,508.1969311,1.17
7251,8039,439.9472548,1.17
7251,8962,0.0,1.17
7251,11287,345.77,1.17
7252,7253,284.0297695,1.17
7252,7254,954.7226483,1.17
7252,11438,1405.842959,1.17
7253,3520,523.3132549,1.17
7253,7252,456.5383439,1.17
7253,7255,482.5123832,1.17
7254,3528,954.7226483,1.17
7254,7252,949.3046147,1.17
7254,7255,0.0,1.17
7255,3534,482.5123832,1.17
7255,7253,239.2834853,1.17
7255,7254,0.0,1.17
7256,11288,202.0437108,1.17
7256,11289,545.78,1.17
7257,7258,243.6721911,1.17
7257,7259,89.86342549,1.17
7257,7732,369.77,1.17
7257,7736,47.12,1.17
7258,7257,130.2745551,1.17
7258,7733,0.0,1.17
7258,7735,89.49,1.17
7258,8670,154.1821911,1.17
7259,7257,139.3421911,1.17
7259,7732,174.33,1.17
7259,11298,352.1097802,1.17
7260,7261,176.85,1.17
7260,11309,99.65,1.17
7261,7260,99.65,1.17
7261,9025,1160.14677,1.17
7261,11308,1336.085333,1.17
7262,7265,32.52,1.17
7262,7781,212.63,1.17
7262,8991,0.0,1.17
7262,11301,95.87,1.17
7263,7264,32.98,1.17
7263,7800,678.0056778,1.17
7263,7802,516.09,1.17
7264,7263,0.0,1.17
7264,7265,0.0,1.17
7264,7783,66.13,1.17
7264,11301,11.74,1.17
7265,7262,0.0,1.17
7265,7264,0.0,1.17
7265,7266,0.0,1.17
7265,7267,32.52,1.17
7266,7265,0.0,1.17
7266,7780,2119.260797,1.17
7266,7781,450.72,1.17
7267,7265,0.0,1.17
7267,7780,682.886799,1.17
7267,7783,618.0979608,1.17
7268,7269,0.0,1.17
7268,7786,640.0163286,1.17
7268,7799,312.533201,1.17
7269,7268,0.0,1.17
7269,7270,315.5499532,1.17
7269,11307,21.47,1.17
7270,7269,21.47,1.17
7270,7785,1556.250746,1.17
7270,7786,1409.314033,1.17
7271,7272,812.2050851,1.17
7271,7873,320.94,1.17
7271,11376,456.4493881,1.17
7272,7271,105.4210335,1.17
7272,7273,0.0,1.17
7272,7900,57.8,1.17
7272,9709,1034.265629,1.17
7273,7272,0.0,1.17
7273,8775,767.071397,1.17
7273,9710,1036.168793,1.17
7274,7275,395.9866895,1.17
7274,7903,33.9458231,1.17
7274,8865,178.9948385,1.17
7275,7274,178.9948385,1.17
7275,8776,415.0372998,1.17
7275,8777,547.439409,1.17
7276,7277,875.2250045,1.17
7276,7919,251.639272,1.17
7276,7925,890.1914076,1.17
7277,7276,682.7315716,1.17
7277,7891,644.067763,1.17
7277,7911,231.1572414,1.17
7278,3576,627.8040422,1.17
7278,7910,375.0006703,1.17
7278,8777,502.1677897,1.17
7279,9320,235.340151,1.17
7279,9321,0.0,1.17
7279,9692,100.3402245,1.17
7280,3066,0.13,1.17
7280,3244,9.19,1.17
7280,3247,30.37,1.17
7280,11475,27.03577398,1.17
7281,7212,294.026546,1.17
7281,7213,185.6269474,1.17
7281,8387,816.4746148,1.17
7281,11263,1391.680281,1.17
7282,2988,23.51,1.17
7282,3149,58.9861816,1.17
7282,11448,43.28,1.17
7283,7190,1252.44068,1.17
7283,7296,16.62,1.17
7283,7495,983.6082029,1.17
7284,2564,1845.864059,1.17
7284,7285,1363.379504,1.17
7284,7337,1198.79711,1.17
7284,8053,1836.566913,1.17
7285,7284,2055.338857,1.17
7285,7337,512.4157386,1.17
7285,7460,649.1428197,1.17
7285,10372,1424.410913,1.17
7286,3542,728.4832151,1.17
7286,3543,661.7143789,1.17
7286,7288,0.0,1.17
7287,1893,1007.500245,1.17
7287,12383,1134.290857,1.17
7288,1892,471.9557156,1.17
7288,6475,227.26,1.17
7288,7286,0.0,1.17
7289,7229,0.0,1.17
7289,7230,0.0,1.17
7289,8017,891.438587,1.17
7289,8021,1302.923408,1.17
7290,7249,573.9223045,1.17
7290,7444,244.8219735,1.17
7290,9676,556.2693951,1.17
7290,11277,430.84,1.17
7291,4574,7.11,1.17
7291,12648,318.2871642,1.17
7292,10824,623.55,1.17
7292,11068,87.5964469,1.17
7292,12387,404.93,1.17
7293,2897,93.99,1.17
7293,9810,466.248249,1.17
7293,11173,420.2726756,1.17
7293,12426,1534.748446,1.17
7294,2897,423.4752728,1.17
7294,3573,631.4880203,1.17
7294,11093,412.0519922,1.17
7295,6481,13.98491787,1.17
7295,12613,3722.850797,1.17
7295,12637,2134.717702,1.17
7296,4377,286.5729083,1.17
7296,7283,8.69,1.17
7296,7424,204.0423727,1.17
7296,10372,512.9355092,1.17
7297,4504,1783.534004,1.17
7297,7079,596.4629341,1.17
7297,11104,1621.704724,1.17
7298,3701,398.4556802,1.17
7298,5070,0.0,1.17
7298,11125,300.0419506,1.17
7298,12562,578.9093427,1.17
7299,4464,0.0,1.17
7299,4465,250.16,1.17
7299,11125,698.7719769,1.17
7300,5071,176.3,1.17
7300,6753,301.1778962,1.17
7300,11123,148.1678405,1.17
7300,11124,363.9568767,1.17
7301,1994,889.7296288,1.17
7301,2362,477.95,1.17
7301,7302,169.81,1.17
7302,5618,636.609918,1.17
7302,7301,332.01,1.17
7302,11629,226.9602637,1.17
7303,5670,268.1075702,1.17
7303,5672,72.5,1.17
7304,5256,0.0,1.17
7304,5259,341.02,1.17
7304,11686,324.69,1.17
7305,4923,29.53,1.17
7305,4939,5.16130079,1.17
7305,4949,79.81,1.17
7305,7306,0.0,1.17
7306,4925,12.4,1.17
7306,7305,0.0,1.17
7306,10737,0.0,1.17
7306,11657,17.71,1.17
7307,4981,521.3876989,1.17
7307,7308,0.0,1.17
7307,11649,273.99,1.17
7308,4968,191.37,1.17
7308,4969,471.6932437,1.17
7308,7307,0.0,1.17
7309,4966,165.32,1.17
7309,9850,2.63,1.17
7309,11677,111.96,1.17
7310,4965,33.39,1.17
7310,7311,0.0,1.17
7310,11676,44.86056517,1.17
7311,7310,0.0,1.17
7311,7312,0.0,1.17
7312,1899,182.31,1.17
7312,7311,0.0,1.17
7312,7314,36.63,1.17
7312,11676,308.4606666,1.17
7313,4963,95.44056517,1.17
7313,7314,0.0,1.17
7313,11676,45.79,1.17
7314,7312,0.0,1.17
7314,7313,0.0,1.17
7314,7315,36.63,1.17
7315,1899,943.5376937,1.17
7315,4895,1056.368807,1.17
7315,7314,0.0,1.17
7315,7316,0.0,1.17
7316,7315,390.3377614,1.17
7316,11678,46.76,1.17
7316,11679,23.99,1.17
7317,4942,8.73,1.17
7317,4943,5.38,1.17
7318,2002,209.14,1.17
7318,5632,506.0,1.17
7318,5637,281.33,1.17
7319,5014,106.4,1.17
7319,7320,601.3202407,1.17
7319,9842,425.22302,1.17
7319,12885,181.78,1.17
7320,5018,58.26,1.17
7320,7319,435.29302,1.17
7320,11666,54.42,1.17
7320,12886,627.0935159,1.17
7321,4762,20.25,1.17
7321,4892,7.14,1.17
7321,7330,0.0,1.17
7322,4760,2.82,1.17
7322,7323,7.62,1.17
7322,7330,0.0,1.17
7323,4759,7.62,1.17
7323,7322,2.82,1.17
7323,7324,0.0,1.17
7324,4758,401.1318886,1.17
7324,7323,0.0,1.17
7324,7325,432.74,1.17
7324,7326,0.0,1.17
7324,7329,1080.716092,1.17
7325,4757,433.14,1.17
7325,7324,468.2937395,1.17
7325,7326,200.4723523,1.17
7326,4756,0.8,1.17
7326,7324,199.6723523,1.17
7326,7325,0.4,1.17
7326,7333,0.0,1.17
7327,11700,327.8459025,1.17
7327,12929,282.86,1.17
7328,4759,1131.436904,1.17
7328,7329,129.8521551,1.17
7328,11701,613.2478449,1.17
7329,7324,833.8718886,1.17
7329,7328,455.9976295,1.17
7329,11701,903.9821551,1.17
7330,7321,0.0,1.17
7330,7322,0.0,1.17
7330,12930,0.0,1.17
7331,4755,568.18,1.17
7331,4756,585.3521751,1.17
7331,7332,0.0,1.17
7332,7331,0.0,1.17
7332,7333,0.0,1.17
7332,7335,0.0,1.17
7333,7326,0.0,1.17
7333,7332,0.0,1.17
7333,7334,0.0,1.17
7334,4757,350.0860917,1.17
7334,4888,0.0,1.17
7334,7333,0.0,1.17
7334,11704,181.54,1.17
7335,4755,134.69,1.17
7335,7332,0.0,1.17
7335,7336,37.26,1.17
7335,11704,52.3,1.17
7336,4752,0.0,1.17
7336,4753,37.26,1.17
7336,7335,66.51,1.17
7337,7284,1627.092115,1.17
7337,7285,710.1742288,1.17
7337,7338,555.2457386,1.17
7337,7351,1155.96711,1.17
7338,2545,0.0,1.17
7338,7337,667.6562237,1.17
7338,7351,482.8869991,1.17
7338,7518,1361.475726,1.17
7339,4751,30.56,1.17
7339,7340,96.37,1.17
7339,11709,84.79,1.17
7340,7339,67.03,1.17
7340,7341,256.15,1.17
7340,9836,70.56,1.17
7340,11715,379.92,1.17
7341,4885,233.94,1.17
7341,7340,395.01,1.17
7341,9837,118.28,1.17
7341,11710,188.14,1.17
7342,7343,788.9529421,1.17
7342,9837,165.93,1.17
7342,11716,480.4027484,1.17
7342,11722,204.39,1.17
7343,7342,518.1927484,1.17
7343,7347,540.5729421,1.17
7343,9836,44.41,1.17
7343,11715,203.97,1.17
7344,7345,139.33,1.17
7344,7349,12.57,1.17
7344,11709,66.73,1.17
7345,7344,59.81,1.17
7345,7346,11.3,1.17
7345,7349,0.0,1.17
7345,7350,135.92,1.17
7346,4739,258.97,1.17
7346,7345,7.2,1.17
7346,7347,263.68,1.17
7346,11715,499.3,1.17
7347,4734,65.68,1.17
7347,7343,336.7727484,1.17
7347,7346,248.76,1.17
7347,11714,950.2147151,1.17
7348,4734,0.0,1.17
7348,11721,126.93,1.17
7348,11722,33.66,1.17
7349,7344,6.92,1.17
7349,7345,0.0,1.17
7349,11708,12.57,1.17
7350,4739,816.7078249,1.17
7350,7345,60.5,1.17
7350,11708,620.8,1.17
7351,4348,509.8711399,1.17
7351,7337,1669.61012,1.17
7351,7338,806.2299871,1.17
7351,8414,1128.98297,1.17
7352,4824,1545.937679,1.17
7352,7353,0.0,1.17
7352,11703,1951.927825,1.17
7353,7352,0.0,1.17
7353,7354,0.0,1.17
7353,10034,0.0,1.17
7354,4822,6.276300455,1.17
7354,4823,0.0,1.17
7354,7353,0.0,1.17
7355,4748,1560.550023,1.17
7355,4824,1951.927825,1.17
7355,7356,0.0,1.17
7356,4823,0.0,1.17
7356,7355,137.1492757,1.17
7356,7357,0.0,1.17
7356,7432,0.0,1.17
7357,4741,0.0,1.17
7357,4822,0.0,1.17
7357,7356,20.88864456,1.17
7357,7359,0.0,1.17
7358,4822,0.0,1.17
7358,7359,0.0,1.17
7358,11706,6.276300455,1.17
7359,4741,466.4112689,1.17
7359,7357,20.88864456,1.17
7359,7358,0.0,1.17
7359,7361,1.92,1.17
7359,11706,494.97,1.17
7360,4741,146.7714318,1.17
7360,4811,96.44,1.17
7360,7368,0.0,1.17
7361,4811,0.0,1.17
7361,7359,0.0,1.17
7361,7395,1.92,1.17
7362,4741,444.3,1.17
7362,7363,418.5427006,1.17
7362,7364,66.65,1.17
7363,4743,793.3189034,1.17
7363,7362,291.58,1.17
7363,11707,462.73,1.17
7364,4742,89.23856825,1.17
7364,7362,152.72,1.17
7364,7365,63.79,1.17
7365,4741,0.0,1.17
7365,7364,22.58856825,1.17
7365,7366,70.11,1.17
7365,7368,0.0,1.17
7366,7365,22.58856825,1.17
7366,7367,6.32,1.17
7366,7369,63.79,1.17
7367,4728,6.32,1.17
7367,4736,162.2,1.17
7367,7366,0.0,1.17
7367,7370,141.835306,1.17
7368,7360,0.0,1.17
7368,7365,0.0,1.17
7368,7369,0.0,1.17
7368,7390,0.0,1.17
7369,7366,22.58856825,1.17
7369,7368,0.0,1.17
7369,7370,61.48,1.17
7369,7391,205.625306,1.17
7370,7367,61.48,1.17
7370,7369,141.835306,1.17
7370,7389,0.0,1.17
7371,7386,0.0,1.17
7371,11711,1276.855259,1.17
7371,11712,744.7587078,1.17
7372,7373,22.81,1.17
7372,7425,0.0,1.17
7372,11712,31.75,1.17
7373,4784,22.81,1.17
7373,7372,31.75,1.17
7373,7374,0.0,1.17
7374,7373,0.0,1.17
7374,7376,138.0587078,1.17
7374,7425,180.6615223,1.17
7375,4728,271.3152592,1.17
7375,7377,145.5712922,1.17
7375,7379,0.0,1.17
7375,7426,0.0,1.17
7376,7374,180.6615223,1.17
7376,7377,0.0,1.17
7376,7426,100.7584777,1.17
7376,11718,138.0587078,1.17
7377,4720,114.8812922,1.17
7377,7375,271.3152592,1.17
7377,7376,0.0,1.17
7377,7378,30.69,1.17
7378,7377,143.8652592,1.17
7378,7379,897.1647408,1.17
7378,11719,619.1524657,1.17
7379,4730,897.1647408,1.17
7379,7375,0.0,1.17
7379,7378,588.4624657,1.17
7380,4725,32.91,1.17
7380,6685,311.4593513,1.17
7380,7381,168.6886761,1.17
7381,4724,190.0048789,1.17
7381,7380,156.42,1.17
7382,4706,18.95,1.17
7382,4784,90.35,1.17
7382,7383,0.0,1.17
7382,11724,80.24,1.17
7383,7382,0.0,1.17
7383,7384,573.88,1.17
7383,11723,465.26,1.17
7384,7383,465.26,1.17
7384,7385,317.11,1.17
7384,11724,121.29,1.17
7384,11755,158.14,1.17
7385,4706,354.81,1.17
7385,4782,103.29,1.17
7385,7384,286.59,1.17
7386,4787,0.0,1.17
7386,7371,0.0,1.17
7387,4787,1215.769586,1.17
7387,7388,150.49,1.17
7387,11717,1428.27557,1.17
7388,7387,173.25,1.17
7388,7396,0.0,1.17
7388,7397,259.22,1.17
7388,11711,487.17,1.17
7389,6477,494.47,1.17
7389,7370,0.0,1.17
7389,7425,138.0587078,1.17
7389,11712,916.5052592,1.17
7390,4811,0.0,1.17
7390,7368,0.0,1.17
7390,7391,0.0,1.17
7390,7393,0.0,1.17
7391,7369,84.06856825,1.17
7391,7390,0.0,1.17
7391,7392,205.625306,1.17
7391,11712,0.0,1.17
7392,7391,84.06856825,1.17
7392,7393,1644.103976,1.17
7392,7396,391.4001469,1.17
7392,11711,1883.128104,1.17
7393,7390,0.0,1.17
7393,7392,1760.981804,1.17
7393,7394,1644.103976,1.17
7394,7393,1760.981804,1.17
7394,7399,0.0,1.17
7394,11705,1644.103976,1.17
7395,4820,1624.643976,1.17
7395,7361,0.0,1.17
7395,7401,0.0,1.17
7395,11705,1644.161804,1.17
7396,7388,0.0,1.17
7396,7392,275.0248683,1.17
7396,7398,391.4001469,1.17
7397,4794,259.22,1.17
7397,7388,336.68,1.17
7397,7398,0.0,1.17
7398,7396,275.0248683,1.17
7398,7397,0.0,1.17
7398,7399,0.0,1.17
7398,7406,391.4001469,1.17
7399,7394,0.0,1.17
7399,7398,0.0,1.17
7399,7411,0.0,1.17
7400,7401,0.0,1.17
7400,7411,40.37,1.17
7400,11705,75.15143175,1.17
7401,7395,0.0,1.17
7401,7400,0.0,1.17
7401,7413,0.0,1.17
7402,7404,858.3736555,1.17
7402,11717,1264.549586,1.17
7402,11833,353.8119146,1.17
7403,4794,336.68,1.17
7403,7404,259.22,1.17
7403,7406,0.0,1.17
7404,7402,956.5995864,1.17
7404,7403,336.68,1.17
7404,7405,1117.593655,1.17
7405,7404,1293.279586,1.17
7405,7407,0.0,1.17
7405,11753,1117.593655,1.17
7406,7398,275.0248683,1.17
7406,7403,0.0,1.17
7406,7407,391.4001469,1.17
7407,7405,0.0,1.17
7407,7406,275.0248683,1.17
7407,7408,391.4001469,1.17
7407,7409,0.0,1.17
7408,4809,1166.369289,1.17
7408,7407,275.0248683,1.17
7408,11753,872.7495864,1.17
7409,4809,40.37,1.17
7409,7407,0.0,1.17
7409,7410,75.15143175,1.17
7410,7409,40.37,1.17
7410,7411,75.15143175,1.17
7410,7413,0.0,1.17
7411,7399,0.0,1.17
7411,7400,75.15143175,1.17
7411,7410,40.37,1.17
7412,4809,403.7369041,1.17
7412,4818,727.5374093,1.17
7412,7413,0.0,1.17
7413,4819,0.0,1.17
7413,7401,0.0,1.17
7413,7410,0.0,1.17
7413,7412,0.0,1.17
7414,4870,1838.161379,1.17
7414,7536,0.0,1.17
7414,11697,2202.019411,1.17
7415,4601,0.2,1.17
7415,7417,0.0,1.17
7415,7536,0.0,1.17
7415,11697,0.02,1.17
7416,7417,0.0,1.17
7416,7418,2619.339411,1.17
7416,11697,1979.211379,1.17
7417,7415,0.0,1.17
7417,7416,0.0,1.17
7417,7418,0.0,1.17
7418,7416,1979.211379,1.17
7418,7417,0.0,1.17
7418,11826,2619.339411,1.17
7419,2696,948.5634,1.17
7419,7420,0.0,1.17
7419,10083,750.263981,1.17
7420,7419,0.0,1.17
7420,7421,0.0,1.17
7420,11823,73.76,1.17
7420,11824,426.0699492,1.17
7421,4580,2223.389362,1.17
7421,7420,0.0,1.17
7421,7422,0.0,1.17
7421,11693,2182.787483,1.17
7422,2857,0.0,1.17
7422,7421,0.0,1.17
7423,3845,1734.530713,1.17
7423,3913,322.7993085,1.17
7423,4589,1869.102941,1.17
7423,11205,1675.609382,1.17
7424,4348,778.7193888,1.17
7424,7296,100.7555092,1.17
7424,7436,299.4007585,1.17
7424,7513,764.0803814,1.17
7425,7372,0.0,1.17
7425,7374,138.0587078,1.17
7425,7389,180.6615223,1.17
7425,7426,0.0,1.17
7426,6477,100.7584777,1.17
7426,7375,0.0,1.17
7426,7376,0.0,1.17
7426,7425,0.0,1.17
7427,2969,48.82505815,1.17
7427,4605,200.61,1.17
7427,7428,0.0,1.17
7428,2857,341.0168081,1.17
7428,2969,163.39,1.17
7428,7427,0.0,1.17
7428,9838,171.78,1.17
7429,7435,2097.038616,1.17
7429,7519,1906.08578,1.17
7429,10105,0.0,1.17
7429,10369,138.51,1.17
7430,8290,0.0,1.17
7430,9149,49.58,1.17
7430,11007,37.47,1.17
7431,5432,0.0,1.17
7431,11758,0.0,1.17
7432,4741,149.03,1.17
7432,7356,116.2606311,1.17
7432,11707,121.67,1.17
7433,2378,275.1226332,1.17
7433,2406,40.24791694,1.17
7433,6737,420.1612372,1.17
7433,9155,475.8379821,1.17
7434,5551,231.8182366,1.17
7434,5562,186.8036785,1.17
7434,9800,72.15,1.17
7435,2550,805.597664,1.17
7435,7429,1806.528809,1.17
7435,7437,1317.736373,1.17
7436,7424,115.64,1.17
7436,7439,299.4007585,1.17
7436,7515,0.0,1.17
7436,10104,120.59,1.17
7437,2551,1219.517388,1.17
7437,2553,311.7960903,1.17
7437,7435,1259.943068,1.17
7437,7438,29.69,1.17
7438,2552,772.7406163,1.17
7438,7437,201.0023094,1.17
7438,10106,515.2085352,1.17
7439,2553,50.41,1.17
7439,7436,115.64,1.17
7439,7525,253.3071051,1.17
7439,10373,357.8897437,1.17
7440,4362,120.7488726,1.17
7440,4548,9885.343755,1.17
7441,4361,9106.630512,1.17
7441,4362,796.5517212,1.17
7442,7152,315.87,1.17
7442,8708,530.3757359,1.17
7442,8710,241.9560318,1.17
7443,4331,491.7315222,1.17
7443,8051,11734.35787,1.17
7444,7290,796.8813862,1.17
7444,7445,0.0,1.17
7444,8077,244.8219735,1.17
7445,7444,0.0,1.17
7445,11274,277.19,1.17
7445,11277,546.36,1.17
7446,7722,0.0,1.17
7446,7723,0.0,1.17
7447,7019,488.0911749,1.17
7447,7582,197.6768972,1.17
7447,9081,1522.731255,1.17
7447,10953,1216.801299,1.17
7448,6277,1844.475262,1.17
7448,7499,537.2160864,1.17
7448,7557,1895.908982,1.17
7448,10622,523.2290581,1.17
7449,8133,386.73,1.17
7449,8134,127.85,1.17
7450,8311,634.9641862,1.17
7450,10164,436.0368314,1.17
7450,10611,2134.468497,1.17
7450,10612,1801.12257,1.17
7451,4433,661.0904605,1.17
7451,8695,1568.802747,1.17
7451,8696,370.0333448,1.17
7451,10612,1854.290838,1.17
7452,7218,0.0,1.17
7452,7219,0.0,1.17
7453,7218,0.0,1.17
7453,8354,3459.830716,1.17
7453,11324,3870.747177,1.17
7454,3574,401.6896128,1.17
7454,8200,102.39,1.17
7454,8202,2243.994691,1.17
7454,8205,939.92,1.17
7455,7456,530.7183152,1.17
7455,8371,934.2426121,1.17
7455,10608,226.28,1.17
7456,7052,847.871547,1.17
7456,7455,646.8272666,1.17
7456,7905,1797.104732,1.17
7456,10615,583.8277817,1.17
7457,4380,799.7846965,1.17
7457,7067,660.4722377,1.17
7457,7458,236.0689417,1.17
7457,7902,1244.974476,1.17
7458,2848,2298.763261,1.17
7458,7457,149.77,1.17
7458,10610,2093.588951,1.17
7458,12491,337.2126013,1.17
7459,4357,1240.070256,1.17
7459,4362,250.47,1.17
7459,10106,793.5797412,1.17
7460,7190,1097.17282,1.17
7460,7285,815.9845955,1.17
7460,10372,285.4319949,1.17
7461,2051,1008.097049,1.17
7461,2056,1837.618945,1.17
7461,7462,1921.170058,1.17
7461,10374,781.5752003,1.17
7462,2849,2706.711494,1.17
7462,7461,1761.601493,1.17
7462,7463,1597.224678,1.17
7462,10374,2051.761083,1.17
7463,7462,1614.035609,1.17
7463,7472,1507.851129,1.17
7463,7474,1814.281345,1.17
7463,8319,2332.012954,1.17
7464,7465,721.0953548,1.17
7464,10791,1690.91886,1.17
7464,12255,747.4201514,1.17
7465,7464,451.9657877,1.17
7465,10797,1436.414262,1.17
7465,12254,1504.815472,1.17
7465,12255,2049.50747,1.17
7466,8440,547.6329761,1.17
7466,10528,674.6236383,1.17
7466,12116,32.87354521,1.17
7467,9138,24.51377669,1.17
7467,10506,92.86,1.17
7467,10510,22.83,1.17
7468,2746,1884.025387,1.17
7468,9095,2204.177565,1.17
7468,9096,866.1534164,1.17
7469,5930,940.1908035,1.17
7469,6198,1348.075456,1.17
7469,8796,817.148127,1.17
7469,9014,578.9742784,1.17
7470,125,386.0,1.17
7470,2023,520.6086254,1.17
7470,2028,176.4309334,1.17
7470,2032,634.2416238,1.17
7470,2040,1132.840718,1.17
7470,7030,1207.838199,1.17
7471,12487,1676.711599,1.17
7471,12491,1024.985429,1.17
7472,7463,1831.008283,1.17
7472,7493,0.0,1.17
7472,12573,1507.851129,1.17
7473,2050,1308.062566,1.17
7473,12491,1768.351599,1.17
7474,7463,1754.86741,1.17
7474,7566,1579.059707,1.17
7474,10374,841.5865055,1.17
7474,10375,1101.497084,1.17
7475,3973,364.6964226,1.17
7475,7476,0.0,1.17
7475,12120,279.4823842,1.17
7476,7475,0.0,1.17
7476,7477,0.0,1.17
7476,10529,313.8296654,1.17
7476,12268,159.81,1.17
7477,7476,0.0,1.17
7477,10529,1077.613909,1.17
7477,12269,1010.626147,1.17
7478,7479,150.4398028,1.17
7478,10816,1805.492337,1.17
7478,10817,376.19,1.17
7478,12218,2665.236118,1.17
7479,7478,0.0,1.17
7479,8892,1803.533923,1.17
7479,9929,2364.280627,1.17
7480,8541,322.7890503,1.17
7480,12457,663.8293965,1.17
7480,12459,674.1964318,1.17
7481,2568,283.1741103,1.17
7481,7482,97.5078861,1.17
7481,7527,632.9604081,1.17
7482,7481,303.2819037,1.17
7482,7548,837.1091734,1.17
7482,10883,1098.139594,1.17
7483,10900,1759.159297,1.17
7483,10905,974.1263959,1.17
7483,10906,358.7177483,1.17
7484,2483,50.55136402,1.17
7484,7485,482.1599342,1.17
7484,9230,369.18,1.17
7485,7484,419.731364,1.17
7485,7487,234.9937763,1.17
7485,9231,418.8699342,1.17
7485,9921,155.86,1.17
7486,7488,247.06,1.17
7486,9231,7952.77526,1.17
7487,4393,8523.624811,1.17
7488,4100,582.97,1.17
7489,2241,1013.776362,1.17
7489,10917,648.1506877,1.17
7489,12749,0.0,1.17
7490,1962,1514.514448,1.17
7490,2738,1265.81,1.17
7491,7492,716.7870764,1.17
7491,7617,440.3133503,1.17
7491,7620,127.88,1.17
7492,7491,494.4133503,1.17
7492,7610,867.8654116,1.17
7492,7611,922.1676152,1.17
7492,7616,76.65,1.17
7493,7472,0.0,1.17
7493,10375,381.9504826,1.17
7493,12599,414.4614114,1.17
7494,7495,500.6490517,1.17
7494,10371,318.21,1.17
7494,12614,249.4200393,1.17
7495,4377,237.7999455,1.17
7495,7283,1243.75068,1.17
7495,7494,501.4000393,1.17
7495,7508,754.2775549,1.17
7496,10423,162.8737339,1.17
7496,12726,79.6882076,1.17
7497,2579,0.0,1.17
7497,2580,0.0,1.17
7498,2266,2134.126378,1.17
7498,10416,2769.132112,1.17
7498,10417,340.0739959,1.17
7499,2057,1357.095121,1.17
7499,7448,163.3880962,1.17
7499,7500,171.4325924,1.17
7499,10379,357.7604714,1.17
7500,6277,494.7222992,1.17
7500,7499,1181.683662,1.17
7500,7501,0.0,1.17
7500,10378,1056.557867,1.17
7501,6276,349.9067902,1.17
7501,7500,701.9985793,1.17
7501,7502,0.0,1.17
7501,10383,208.223994,1.17
7502,6275,2840.152343,1.17
7502,7501,341.8085227,1.17
7502,7638,2550.465738,1.17
7503,7667,2033.826739,1.17
7503,7702,936.5960564,1.17
7504,7567,537.2599089,1.17
7504,7596,448.4493403,1.17
7504,10379,978.013672,1.17
7505,7576,390.2649731,1.17
7505,7580,84.54,1.17
7506,6479,916.558963,1.17
7506,7507,177.6733545,1.17
7506,9633,1046.854605,1.17
7507,6594,1351.623087,1.17
7507,7506,515.4569336,1.17
7507,10348,1033.472688,1.17
7508,2064,1176.373404,1.17
7508,7495,1059.845075,1.17
7508,7568,535.5052494,1.17
7508,10376,559.3226191,1.17
7509,3277,6647.260408,1.17
7509,7630,6005.518262,1.17
7510,12203,12475.72753,1.17
7511,4534,246.0054212,1.17
7511,4540,697.6675091,1.17
7511,4542,545.51149,1.17
7511,4543,1044.926376,1.17
7512,6917,366.8630831,1.17
7512,6918,411.2890505,1.17
7513,2863,1122.833246,1.17
7513,4377,181.46,1.17
7513,8082,563.77,1.17
7514,2864,750.697135,1.17
7514,8088,591.73,1.17
7514,10376,1357.133894,1.17
7515,2863,1550.194898,1.17
7515,7436,120.59,1.17
7515,7521,136.9382382,1.17
7515,7525,1566.846228,1.17
7516,2544,1627.043699,1.17
7517,62,193.37,1.17
7517,2458,1283.265699,1.17
7517,4068,1102.465756,1.17
7517,9339,176.02,1.17
7518,128,362.45,1.17
7518,2546,1831.921621,1.17
7518,7338,1150.543223,1.17
7518,7519,2158.120357,1.17
7518,10369,1798.675559,1.17
7519,7429,2092.618616,1.17
7519,7518,2171.071454,1.17
7519,8414,4021.286137,1.17
7520,7072,1785.183906,1.17
7520,7112,1518.861177,1.17
7521,2864,749.3142646,1.17
7521,7515,623.9499179,1.17
7521,7526,186.864137,1.17
7521,7570,136.9382382,1.17
7522,10975,1292.841347,1.17
7522,10976,2053.371496,1.17
7522,12238,3532.761544,1.17
7523,2600,437.9908518,1.17
7523,7524,895.4161884,1.17
7523,10701,1163.955637,1.17
7523,10707,367.6206281,1.17
7524,2405,203.5239588,1.17
7524,7523,1242.780941,1.17
7524,10713,562.364076,1.17
7524,10937,563.5510108,1.17
7525,4372,1364.620427,1.17
7525,7439,50.41,1.17
7525,7515,1436.497913,1.17
7525,7526,549.0829063,1.17
7526,4371,236.0277949,1.17
7526,7521,600.29,1.17
7526,7572,754.2092484,1.17
7527,4444,556.1811513,1.17
7527,7481,380.6819964,1.17
7527,12588,1135.290904,1.17
7527,12591,1546.565073,1.17
7528,4602,412.9554324,1.17
7528,4619,407.4344262,1.17
7528,4621,27.3,1.17
7529,5376,72.31,1.17
7529,5390,0.0,1.17
7529,5391,70.5,1.17
7530,4688,740.2897961,1.17
7530,4693,289.07,1.17
7530,7531,458.3601602,1.17
7531,4694,474.5288363,1.17
7531,6858,268.3477206,1.17
7531,7530,423.6894058,1.17
7532,4846,1194.717854,1.17
7532,11702,1405.316521,1.17
7532,11706,270.343613,1.17
7533,4745,588.0950926,1.17
7533,7534,0.0,1.17
7533,11713,641.39,1.17
7534,4747,687.5005652,1.17
7534,7533,0.0,1.17
7534,7535,0.0,1.17
7535,4731,503.95,1.17
7535,7534,0.0,1.17
7536,7414,0.0,1.17
7536,7415,0.0,1.17
7537,4722,448.3262137,1.17
7537,4731,488.478227,1.17
7538,4372,1530.047913,1.17
7538,7539,768.8991315,1.17
7538,10373,1356.339512,1.17
7538,10377,1711.797608,1.17
7539,7538,1169.664743,1.17
7539,7540,690.5091315,1.17
7539,7541,186.93,1.17
7539,10373,348.7325761,1.17
7540,4360,8308.215935,1.17
7540,7539,631.4189189,1.17
7541,7539,886.9784006,1.17
7541,7578,6871.443067,1.17
7542,1076,279.73,1.17
7542,4674,399.2874314,1.17
7542,4676,0.0,1.17
7542,9833,845.1307377,1.17
7543,4599,2148.876364,1.17
7543,12598,0.0,1.17
7543,12600,1311.602541,1.17
7544,2901,603.6666731,1.17
7544,11174,307.6422918,1.17
7544,11181,30.85,1.17
7545,2895,0.0,1.17
7545,7576,110.52,1.17
7545,10377,306.0068741,1.17
7546,4443,2665.250327,1.17
7546,7547,2891.77629,1.17
7546,10611,1848.978709,1.17
7546,12591,971.6770062,1.17
7547,7546,3057.891636,1.17
7547,7548,2137.90503,1.17
7547,7554,1234.220088,1.17
7547,12591,658.6245522,1.17
7548,7482,1000.631708,1.17
7548,7547,2043.731871,1.17
7548,9203,1137.273323,1.17
7549,4707,1600.419153,1.17
7549,5773,0.0,1.17
7549,12608,1587.1183,1.17
7550,3524,182.0370086,1.17
7550,4418,0.0,1.17
7550,7551,55.32,1.17
7551,7550,182.0370086,1.17
7551,11114,1428.629461,1.17
7551,11120,873.8954507,1.17
7552,3909,0.0,1.17
7552,4021,0.0,1.17
7552,5072,0.0,1.17
7553,3641,3.178286017,1.17
7553,4048,449.99,1.17
7553,11117,118.0338735,1.17
7554,7547,1893.986975,1.17
7554,7555,1445.975825,1.17
7554,9219,357.7188361,1.17
7554,10611,535.9940163,1.17
7555,7554,2308.235431,1.17
7555,10164,315.0023294,1.17
7555,10166,1822.470332,1.17
7556,2752,0.0,1.17
7556,2814,0.0,1.17
7556,7078,283.5294405,1.17
7557,2057,614.7385768,1.17
7557,7448,1902.068755,1.17
7557,7563,493.0858579,1.17
7557,8322,1959.561759,1.17
7558,10982,1230.800451,1.17
7558,12238,2864.132254,1.17
7558,12242,1642.713659,1.17
7559,4378,1667.821453,1.17
7559,7562,262.5063937,1.17
7559,7904,2260.942196,1.17
7560,4378,1758.339254,1.17
7560,7561,1897.79142,1.17
7560,7589,2493.37633,1.17
7560,7590,1080.334873,1.17
7561,4378,129.4060947,1.17
7561,7560,1964.419751,1.17
7561,7564,1602.299882,1.17
7561,10622,354.021538,1.17
7562,7559,373.1968475,1.17
7562,7563,262.5063937,1.17
7562,7564,1470.920386,1.17
7562,10616,1873.037761,1.17
7563,7557,448.5063937,1.17
7563,7562,388.7091416,1.17
7563,7564,2329.068318,1.17
7563,8322,2044.863808,1.17
7564,7561,1543.77711,1.17
7564,7562,1873.037761,1.17
7564,7563,2230.863808,1.17
7564,10622,2256.211593,1.17
7565,2057,1667.81693,1.17
7565,7566,1367.725122,1.17
7565,10374,2003.638774,1.17
7565,10378,2034.751845,1.17
7566,7474,1848.761156,1.17
7566,7565,1304.833261,1.17
7566,7567,1316.733391,1.17
7566,10379,1573.613034,1.17
7567,2065,1858.248718,1.17
7567,7504,438.1957348,1.17
7567,7566,1348.874769,1.17
7567,10375,569.8479159,1.17
7568,2065,2299.305226,1.17
7568,4375,1782.782112,1.17
7568,7508,780.2979263,1.17
7568,7569,825.6065391,1.17
7569,7568,1575.870759,1.17
7569,7597,920.5618593,1.17
7569,10380,528.7246798,1.17
7570,2859,1608.328817,1.17
7570,7521,383.3112498,1.17
7570,7571,0.0,1.17
7570,7572,2026.816584,1.17
7571,2860,425.5978798,1.17
7571,7570,0.0,1.17
7571,7573,495.2047099,1.17
7571,7599,0.0,1.17
7572,4370,1176.711744,1.17
7572,7570,1991.640067,1.17
7572,7573,1426.864089,1.17
7573,4369,464.8315409,1.17
7573,7571,425.5978798,1.17
7573,7601,1574.95731,1.17
7574,2895,347.7173686,1.17
7574,4370,933.4861824,1.17
7574,10377,1027.10212,1.17
7574,10381,1065.401354,1.17
7575,2895,602.2142947,1.17
7575,7576,1418.422297,1.17
7575,7580,1527.266987,1.17
7576,7505,0.0,1.17
7576,7545,306.0068741,1.17
7576,7575,1383.884413,1.17
7576,7577,1706.580396,1.17
7576,7578,191.47,1.17
7577,7540,8249.125723,1.17
7577,7576,374.214794,1.17
7578,7576,1294.519619,1.17
7578,7616,5768.393448,1.17
7579,2895,174.253247,1.17
7579,7580,0.0,1.17
7579,7605,134.22,1.17
7579,10381,62.96,1.17
7580,7505,0.0,1.17
7580,7575,1676.068551,1.17
7580,7579,163.16,1.17
7580,7607,1427.066987,1.17
7581,6556,2927.856907,1.17
7581,9203,1199.174839,1.17
7581,10617,328.72,1.17
7581,10883,1795.257921,1.17
7582,4931,3.43,1.17
7582,7447,260.77,1.17
7582,7649,111.48,1.17
7582,10954,201.1668972,1.17
7583,7588,1479.930759,1.17
7583,10982,1252.759371,1.17
7583,12241,1225.303429,1.17
7584,7588,2989.25235,1.17
7584,10983,2007.309478,1.17
7585,6742,2080.907186,1.17
7585,8366,1717.065895,1.17
7585,10620,693.7220269,1.17
7585,10626,568.815708,1.17
7586,7587,2014.94988,1.17
7586,7589,515.8692977,1.17
7586,10620,1964.046028,1.17
7586,10621,2005.474486,1.17
7587,6742,1903.311603,1.17
7587,7586,2399.622609,1.17
7587,7589,2234.412517,1.17
7587,10627,2503.685991,1.17
7588,2199,1093.508011,1.17
7588,7583,2478.062801,1.17
7588,7584,897.6122978,1.17
7589,7560,2179.896196,1.17
7589,7586,718.6168161,1.17
7589,7587,2392.047715,1.17
7589,7590,570.3856186,1.17
7590,7560,1476.234477,1.17
7590,7589,617.2882004,1.17
7590,7591,999.9948734,1.17
7590,7592,665.5256186,1.17
7591,7590,1409.784743,1.17
7591,7633,1196.231837,1.17
7591,10628,90.79,1.17
7592,6277,500.1815596,1.17
7592,7590,698.537935,1.17
7592,10622,1656.299828,1.17
7592,10628,1909.721593,1.17
7593,5150,2725.76129,1.17
7593,12249,2615.042336,1.17
7594,7595,1654.470906,1.17
7594,7596,685.56,1.17
7594,10378,1059.088553,1.17
7594,10379,1676.110914,1.17
7595,7594,2920.409467,1.17
7595,7639,1812.884932,1.17
7595,10383,292.946928,1.17
7595,10384,541.01,1.17
7596,7504,1208.418224,1.17
7596,7594,489.900719,1.17
7596,7597,706.4310648,1.17
7596,10384,55.87,1.17
7597,7569,1765.497354,1.17
7597,7596,861.0712924,1.17
7597,7598,950.7261602,1.17
7597,8416,442.8943205,1.17
7598,7597,1897.086202,1.17
7598,8415,572.839285,1.17
7598,10384,908.2170321,1.17
7598,10385,863.3768751,1.17
7599,2876,301.26,1.17
7599,7571,0.0,1.17
7599,7600,0.0,1.17
7599,7601,518.7495611,1.17
7600,2821,91.0,1.17
7600,7599,0.0,1.17
7600,7602,149.14,1.17
7600,7644,0.0,1.17
7601,5212,57.9,1.17
7601,7599,301.26,1.17
7601,7602,2199.928414,1.17
7602,5211,792.4030128,1.17
7602,7600,91.0,1.17
7602,7647,1916.245401,1.17
7603,5212,559.3563692,1.17
7603,7605,116.74,1.17
7603,10381,1169.593126,1.17
7603,10386,584.3028949,1.17
7604,2896,1037.29,1.17
7604,7651,1080.906138,1.17
7604,10386,299.6830586,1.17
7605,7579,174.253247,1.17
7605,7603,171.72,1.17
7605,7606,249.08,1.17
7605,7607,366.5985511,1.17
7606,2896,1472.68,1.17
7606,7605,571.931798,1.17
7606,10386,93.46,1.17
7606,10387,1698.320658,1.17
7607,7580,1654.488551,1.17
7607,7605,138.76,1.17
7607,7608,269.74,1.17
7607,10387,1462.686987,1.17
7608,7607,153.27,1.17
7608,7609,446.6754116,1.17
7608,7610,356.8105389,1.17
7608,10382,308.7749731,1.17
7609,7608,395.8455119,1.17
7609,7617,73.78,1.17
7609,7658,643.3355798,1.17
7609,10387,126.2123549,1.17
7610,7492,430.1705389,1.17
7610,7608,446.1554116,1.17
7610,7617,0.0,1.17
7610,10382,421.71,1.17
7611,7492,70.69,1.17
7611,7577,6916.76012,1.17
7612,2121,251.16,1.17
7612,7613,0.0,1.17
7612,7615,580.4293831,1.17
7613,1782,0.0,1.17
7613,7612,419.88,1.17
7614,6515,812.8801242,1.17
7614,7615,0.0,1.17
7615,4116,264.73,1.17
7615,6451,18.17,1.17
7615,7612,89.88,1.17
7615,7614,812.8801242,1.17
7616,7492,1143.448762,1.17
7616,7663,4701.594686,1.17
7617,7491,246.8513622,1.17
7617,7609,202.5201682,1.17
7617,7610,0.0,1.17
7617,7660,315.5531821,1.17
7618,4852,308.7994653,1.17
7618,8263,180.55,1.17
7618,10949,88.2,1.17
7619,9028,2020.372514,1.17
7619,9029,889.0693709,1.17
7619,9031,165.85,1.17
7620,7491,543.7157142,1.17
7620,7661,127.88,1.17
7621,2906,485.0372631,1.17
7621,12472,688.0887933,1.17
7622,6589,69.06,1.17
7622,10952,836.4119008,1.17
7622,10956,1421.250711,1.17
7623,2806,1750.932049,1.17
7623,7643,2449.954166,1.17
7623,8127,1065.719777,1.17
7624,2800,1584.189469,1.17
7624,8145,835.0362219,1.17
7624,10390,1752.501763,1.17
7625,6334,2223.710876,1.17
7625,7626,1338.771455,1.17
7625,7627,2505.895179,1.17
7626,7625,2118.401724,1.17
7626,9933,7679.675662,1.17
7627,7625,685.216685,1.17
7627,7628,2199.384674,1.17
7627,11057,1502.835358,1.17
7628,7627,930.6389555,1.17
7628,7629,9572.900822,1.17
7629,3277,2607.999193,1.17
7629,7510,6964.901629,1.17
7630,7626,8459.305931,1.17
7631,7632,2112.242032,1.17
7631,7633,1206.619275,1.17
7631,10626,972.5108549,1.17
7631,10627,3188.345788,1.17
7632,7631,2540.655898,1.17
7632,7673,2090.947509,1.17
7632,10632,1685.059258,1.17
7632,10633,906.5975915,1.17
7633,7591,1500.574743,1.17
7633,7631,1591.100745,1.17
7633,7634,1250.251837,1.17
7633,7635,1334.353353,1.17
7634,7633,1628.308821,1.17
7634,7676,706.4119434,1.17
7634,10633,1602.967371,1.17
7634,10634,465.4081219,1.17
7635,6275,1753.853938,1.17
7635,7633,1645.120745,1.17
7635,10628,1696.029043,1.17
7635,10634,1434.152033,1.17
7636,4871,1146.059906,1.17
7636,10751,2305.833992,1.17
7637,8235,2629.828935,1.17
7637,9898,1436.012326,1.17
7637,11191,2475.33774,1.17
7638,7502,3181.960866,1.17
7638,7639,2416.667839,1.17
7638,10383,1999.6779,1.17
7638,10388,1549.025645,1.17
7639,2093,2397.83509,1.17
7639,7595,2535.028738,1.17
7639,7638,2730.536059,1.17
7639,7640,1787.310792,1.17
7640,2092,1294.156052,1.17
7640,7639,2693.76896,1.17
7640,7682,1546.068617,1.17
7640,10388,1368.266656,1.17
7641,2093,2349.416601,1.17
7641,10384,171.22,1.17
7641,10385,2426.765073,1.17
7641,10389,87.7,1.17
7642,9643,609.9375941,1.17
7642,10385,1532.219801,1.17
7642,10389,1707.518702,1.17
7642,10390,1816.006957,1.17
7643,7623,2816.651826,1.17
7643,10385,2449.954166,1.17
7643,10390,0.0,1.17
7644,2806,914.53,1.17
7644,7600,0.0,1.17
7644,7645,0.0,1.17
7644,7647,1535.412049,1.17
7645,2800,842.5574185,1.17
7645,6746,0.0,1.17
7645,7644,0.0,1.17
7645,7648,871.0754395,1.17
7646,7019,345.7881957,1.17
7646,7712,233.1600661,1.17
7646,9081,490.553161,1.17
7646,10956,577.6221264,1.17
7647,5210,1835.561233,1.17
7647,7644,914.53,1.17
7647,7648,2337.804565,1.17
7648,5209,1207.982124,1.17
7648,6747,2424.069533,1.17
7648,7645,842.5574185,1.17
7649,7582,13.91,1.17
7649,7713,111.48,1.17
7649,9081,538.9575772,1.17
7649,10958,498.403161,1.17
7650,5210,1608.461486,1.17
7650,7651,1945.082386,1.17
7650,10386,756.415154,1.17
7650,10391,473.736757,1.17
7651,7604,1336.973059,1.17
7651,7650,1236.948348,1.17
7651,7652,1198.308655,1.17
7652,7651,746.2415369,1.17
7652,7654,45.86,1.17
7652,7655,1198.308655,1.17
7653,7654,557.0085615,1.17
7653,7694,707.3521749,1.17
7653,10391,1407.792087,1.17
7654,2898,518.2684309,1.17
7654,7652,38.74013056,1.17
7654,7653,240.3016522,1.17
7655,2407,1177.828655,1.17
7655,2408,20.48,1.17
7655,7652,753.3614064,1.17
7656,2408,45.86,1.17
7656,2896,827.8794431,1.17
7656,6738,597.69,1.17
7656,7658,20.48,1.17
7657,2898,548.9515849,1.17
7657,6738,827.8794431,1.17
7657,7659,872.90672,1.17
7657,7696,785.2361379,1.17
7658,7609,444.2978669,1.17
7658,7656,0.0,1.17
7658,7660,193.5513622,1.17
7658,10392,958.8887618,1.17
7659,7657,524.3192973,1.17
7659,7668,343.98,1.17
7659,7699,267.012716,1.17
7659,10392,926.8956395,1.17
7660,6740,0.0,1.17
7660,7617,250.8313622,1.17
7660,7658,315.5531821,1.17
7660,7661,20.48,1.17
7661,5215,63.14,1.17
7661,7620,543.7157142,1.17
7661,7660,34.58,1.17
7661,10393,85.22,1.17
7662,5215,25.3,1.17
7662,7611,6065.282505,1.17
7663,5215,0.0,1.17
7663,7665,4764.734686,1.17
7664,5475,33.62,1.17
7664,7662,6090.582505,1.17
7665,5475,715.5342091,1.17
7665,7708,4073.070477,1.17
7666,6907,785.9840955,1.17
7666,7896,11334.67891,1.17
7667,6741,2033.826739,1.17
7667,7503,611.3660564,1.17
7667,7668,97.15271596,1.17
7668,6740,58.50237046,1.17
7668,7503,325.23,1.17
7668,7659,284.272716,1.17
7668,7701,0.0,1.17
7669,7671,2588.183119,1.17
7669,7834,168.9628511,1.17
7669,10411,462.569205,1.17
7669,10416,2444.307874,1.17
7670,2086,723.5129633,1.17
7670,2087,2279.403977,1.17
7670,10623,2471.613017,1.17
7670,10895,585.29041,1.17
7671,7669,2196.440967,1.17
7671,7837,3070.298286,1.17
7671,8246,318.225079,1.17
7672,7673,1195.489174,1.17
7672,8364,1629.689122,1.17
7672,10632,319.7593188,1.17
7672,10638,86.93181609,1.17
7673,7632,2336.313265,1.17
7673,7672,1726.185822,1.17
7673,7674,2252.287271,1.17
7673,7675,1199.843481,1.17
7674,7673,2493.80391,1.17
7674,7716,2744.658524,1.17
7674,10638,1681.45248,1.17
7674,10639,415.5878271,1.17
7675,7673,1734.389246,1.17
7675,7676,1351.521513,1.17
7675,10633,324.2960908,1.17
7675,10639,156.34277,1.17
7676,7634,1145.268515,1.17
7676,7675,1555.119246,1.17
7676,7677,927.2324677,1.17
7676,7678,1285.741193,1.17
7677,7676,1167.101918,1.17
7677,7717,1614.376785,1.17
7677,10639,586.5862743,1.17
7677,10640,1156.252058,1.17
7678,6189,1954.546366,1.17
7678,7676,1688.326046,1.17
7678,10634,1264.562585,1.17
7678,10640,1219.37372,1.17
7679,7680,1589.759932,1.17
7679,7690,1379.093718,1.17
7680,7679,1299.363718,1.17
7680,7692,1524.309932,1.17
7680,7714,379.74,1.17
7681,6189,2049.938871,1.17
7681,7682,1199.545938,1.17
7681,10388,1803.545006,1.17
7681,10394,1908.617904,1.17
7682,2119,1492.843954,1.17
7682,7640,2338.932354,1.17
7682,7681,1495.501766,1.17
7682,7683,1615.630802,1.17
7683,2222,415.8225186,1.17
7683,7682,2451.520998,1.17
7683,7725,1663.448427,1.17
7683,10394,312.24,1.17
7684,2119,1745.773323,1.17
7684,9645,2023.748358,1.17
7684,10389,195.21,1.17
7684,10395,617.9774814,1.17
7685,9643,1237.735932,1.17
7685,9644,1622.060261,1.17
7685,9645,1343.64842,1.17
7685,9646,537.498312,1.17
7686,7731,824.9574508,1.17
7686,9646,1775.832595,1.17
7686,10395,399.3957183,1.17
7686,10396,568.6371675,1.17
7687,7688,2002.795604,1.17
7687,9644,1912.303491,1.17
7687,10390,12.83,1.17
7687,10396,441.863992,1.17
7688,2803,2236.361313,1.17
7688,7687,1883.307117,1.17
7689,2802,1212.392877,1.17
7689,2803,972.2495639,1.17
7689,7743,136.82,1.17
7689,10396,1138.534278,1.17
7690,2803,1267.305381,1.17
7690,6745,233.1705687,1.17
7690,7679,1274.749932,1.17
7690,7691,1117.40887,1.17
7691,7690,1994.391595,1.17
7691,8185,1584.786809,1.17
7692,2802,1672.167376,1.17
7692,7680,1613.653718,1.17
7692,7693,453.2412891,1.17
7692,7695,652.5980128,1.17
7693,6744,453.2412891,1.17
7693,7692,0.0,1.17
7694,7653,1252.090566,1.17
7694,7695,1145.850113,1.17
7694,7696,117.0248537,1.17
7694,8185,465.1411605,1.17
7695,7692,689.1163612,1.17
7695,7694,1654.431726,1.17
7695,7755,724.8579061,1.17
7695,8189,1240.188126,1.17
7695,10397,1388.013098,1.17
7696,7657,990.4100199,1.17
7696,7694,62.8,1.17
7696,7697,835.8061379,1.17
7696,7699,136.6843352,1.17
7697,7696,1060.639501,1.17
7697,7698,785.2361379,1.17
7697,10397,0.0,1.17
7697,10398,109.0683742,1.17
7698,7697,958.2277198,1.17
7698,7700,560.9938552,1.17
7698,7759,854.2582318,1.17
7698,10397,195.1979061,1.17
7699,7659,507.1465646,1.17
7699,7696,62.8,1.17
7699,7701,27.23,1.17
7699,10398,267.012716,1.17
7700,7698,264.22,1.17
7700,7705,223.3,1.17
7700,10398,503.4638552,1.17
7701,5213,0.0,1.17
7701,7668,226.8723705,1.17
7701,7699,0.0,1.17
7701,7702,27.23,1.17
7702,5213,843.0560564,1.17
7702,7503,2033.826739,1.17
7702,7701,0.0,1.17
7702,7706,900.7258064,1.17
7703,5213,226.8723705,1.17
7703,7704,545.7428563,1.17
7703,7705,1388.51,1.17
7703,10398,244.247284,1.17
7704,7702,2813.782546,1.17
7704,7703,632.2212276,1.17
7704,7709,562.5326829,1.17
7705,7700,45.01,1.17
7705,7703,632.9352267,1.17
7705,7704,2830.572372,1.17
7705,7768,1925.254652,1.17
7705,10399,386.3266196,1.17
7706,5214,794.0558064,1.17
7706,7702,0.0,1.17
7706,7709,106.67,1.17
7707,5214,0.0,1.17
7707,7664,5298.099109,1.17
7708,5214,0.0,1.17
7708,7710,4073.070477,1.17
7709,7704,632.2212276,1.17
7709,7706,0.0,1.17
7709,7710,669.2026829,1.17
7710,7707,4504.043303,1.17
7710,7709,632.2212276,1.17
7710,7711,579.2542086,1.17
7710,10399,2968.265041,1.17
7711,7710,700.9267403,1.17
7711,9155,951.2855791,1.17
7711,10399,301.641314,1.17
7712,7646,0.0,1.17
7712,8267,0.0,1.17
7712,9082,2201.580392,1.17
7712,10956,1898.508359,1.17
7713,3894,356.5096807,1.17
7713,7649,6.92,1.17
7713,8259,90.78130701,1.17
7713,10957,420.2068995,1.17
7714,8184,4765.76264,1.17
7715,7679,394.74,1.17
7715,8156,5600.514904,1.17
7716,7674,3284.021889,1.17
7716,7717,514.0751612,1.17
7716,10645,2647.23761,1.17
7717,2424,1525.305769,1.17
7717,7677,1565.575505,1.17
7717,7716,837.2255351,1.17
7717,7718,186.491931,1.17
7718,5881,232.8817178,1.17
7718,7717,440.9861762,1.17
7718,10640,32.92224347,1.17
7719,7841,1871.273079,1.17
7719,12225,2122.464334,1.17
7720,2424,1959.701375,1.17
7720,5881,3246.170544,1.17
7720,7796,916.4507872,1.17
7721,5881,583.0838806,1.17
7721,6727,1807.783952,1.17
7721,7725,116.830953,1.17
7721,10394,2055.015884,1.17
7722,7446,0.0,1.17
7722,9036,0.09,1.17
7722,11305,0.5,1.17
7723,7446,0.0,1.17
7723,7724,91.25533312,1.17
7723,7726,35.27,1.17
7724,7723,35.27,1.17
7724,11304,174.49,1.17
7724,11311,516.6802198,1.17
7725,2221,331.7366036,1.17
7725,6728,1502.764794,1.17
7725,7683,2248.862322,1.17
7725,7721,10.11769805,1.17
7726,7723,91.25533312,1.17
7726,7729,0.0,1.17
7726,11305,35.27,1.17
7727,2343,456.0273808,1.17
7727,6728,1508.575287,1.17
7727,7806,957.0647179,1.17
7727,10400,172.6,1.17
7728,2221,391.2242287,1.17
7728,7731,359.2550798,1.17
7728,10395,966.8273492,1.17
7728,10401,948.6014951,1.17
7729,3590,1.28,1.17
7729,7726,0.0,1.17
7729,8670,98.10466688,1.17
7729,11305,66.69,1.17
7730,2343,460.1730094,1.17
7730,7739,1433.224769,1.17
7730,7810,998.7747301,1.17
7730,10401,1336.048511,1.17
7731,6730,623.4937027,1.17
7731,7686,1775.832595,1.17
7731,7728,236.3845592,1.17
7731,7740,275.7478143,1.17
7732,7257,160.3087586,1.17
7732,7259,262.2463547,1.17
7732,7733,0.0,1.17
7732,11304,544.1,1.17
7733,3590,0.0,1.17
7733,7258,0.0,1.17
7733,7732,0.0,1.17
7734,7735,241.06,1.17
7734,7741,123.9321911,1.17
7734,8670,34.68,1.17
7735,7258,49.26988822,1.17
7735,7736,758.5022507,1.17
7735,11299,105.5,1.17
7736,7257,320.5001118,1.17
7736,7737,765.6078089,1.17
7736,11298,1084.92,1.17
7737,7736,646.9178611,1.17
7737,7738,100.1150504,1.17
7737,11299,713.4078089,1.17
7738,7737,616.59,1.17
7738,7742,56.25,1.17
7738,7760,43.86505044,1.17
7739,6730,1613.262155,1.17
7739,7730,1276.070774,1.17
7739,7819,511.2811889,1.17
7739,10402,1111.614469,1.17
7740,7731,38.3661026,1.17
7740,7743,73.34,1.17
7740,10396,202.4078143,1.17
7741,7734,259.73,1.17
7741,11294,131.96,1.17
7741,11299,8.46,1.17
7742,7738,612.54,1.17
7742,7745,213.1049496,1.17
7742,11299,478.86,1.17
7743,7689,595.3774131,1.17
7743,7740,13.56298959,1.17
7743,7744,195.66,1.17
7743,7751,14.5,1.17
7744,5208,0.0,1.17
7744,7743,339.7789832,1.17
7744,7751,52.63,1.17
7744,9041,195.66,1.17
7745,7742,1091.4,1.17
7745,7746,0.0,1.17
7745,7747,140.81,1.17
7745,7753,100.2949496,1.17
7746,7745,317.4116733,1.17
7746,7747,4.44,1.17
7746,7749,0.0,1.17
7746,11294,18.52,1.17
7747,7745,706.2883267,1.17
7747,7746,18.52,1.17
7747,7748,130.75,1.17
7748,7747,710.3083267,1.17
7748,7750,188.8937108,1.17
7748,11293,260.66,1.17
7749,7746,303.9116733,1.17
7749,7750,53.92,1.17
7749,11294,68.31,1.17
7750,7748,582.5683267,1.17
7750,7749,372.2216733,1.17
7750,11289,242.8137108,1.17
7751,6731,67.13,1.17
7751,7743,269.1614195,1.17
7751,7744,184.3494971,1.17
7752,7693,0.0,1.17
7752,7755,470.0314371,1.17
7752,8164,172.76,1.17
7752,9041,346.5720835,1.17
7753,7745,95.7,1.17
7753,9736,449.0012388,1.17
7753,11293,392.65,1.17
7754,5204,291.0838799,1.17
7754,7758,1530.175829,1.17
7754,7769,2015.100914,1.17
7755,7695,820.5130985,1.17
7755,7752,519.3320835,1.17
7755,8191,326.6966743,1.17
7755,10403,782.4532444,1.17
7756,7757,231.39,1.17
7756,8978,636.1657022,1.17
7756,11292,885.0822013,1.17
7757,7756,130.73,1.17
7757,7767,183.72,1.17
7757,11297,47.67,1.17
7758,7754,1654.563988,1.17
7758,7761,1337.678906,1.17
7758,7831,557.9039576,1.17
7758,10403,1171.005857,1.17
7759,7698,1248.058632,1.17
7759,8189,1150.698088,1.17
7759,8191,182.8776981,1.17
7759,8195,1363.361274,1.17
7759,8198,1045.168465,1.17
7759,9647,462.97,1.17
7760,7738,4.05,1.17
7760,11292,2208.939305,1.17
7760,11297,75.31,1.17
7760,12206,3469.676101,1.17
7761,6733,2035.380164,1.17
7761,7758,1373.750131,1.17
7761,7762,421.09,1.17
7761,7833,980.4351643,1.17
7762,5880,343.28,1.17
7762,7761,483.1202312,1.17
7762,7837,1195.211274,1.17
7762,10404,1129.894402,1.17
7763,5142,763.0263001,1.17
7763,11298,1377.27,1.17
7763,12206,813.61,1.17
7763,12207,154.5034801,1.17
7764,7765,102.05,1.17
7764,7772,159.33,1.17
7765,7764,159.33,1.17
7765,7766,1.4,1.17
7765,7770,196.0317118,1.17
7766,7765,93.98171176,1.17
7766,7767,0.0,1.17
7766,11297,1.4,1.17
7767,7757,104.18,1.17
7767,7766,29.95171176,1.17
7767,11302,153.7682882,1.17
7768,6735,1617.35,1.17
7768,7705,3673.464219,1.17
7768,7773,263.0033804,1.17
7768,9647,347.56,1.17
7769,7754,994.1112078,1.17
7769,7782,1389.874207,1.17
7769,8172,1147.933384,1.17
7769,10402,1457.581022,1.17
7770,7765,160.73,1.17
7770,7771,92.97171176,1.17
7770,11302,103.06,1.17
7771,3589,848.2380118,1.17
7771,7770,0.0,1.17
7771,7772,779.42,1.17
7772,5142,938.75,1.17
7772,7764,102.05,1.17
7772,7771,755.2663001,1.17
7773,6736,2090.05367,1.17
7773,7768,187.0353477,1.17
7773,9155,136.7,1.17
7773,10399,2619.705946,1.17
7774,3588,1342.5463,1.17
7774,3589,1131.848288,1.17
7774,11302,146.73,1.17
7775,2378,402.7420831,1.17
7775,6737,229.6077101,1.17
7775,7846,375.3073729,1.17
7775,10405,44.09,1.17
7776,2469,728.9302198,1.17
7776,2470,147.6,1.17
7776,11311,187.9355943,1.17
7777,7778,457.8054412,1.17
7777,10642,1944.35649,1.17
7777,10643,2509.090963,1.17
7778,7777,773.9493909,1.17
7778,10643,1172.951819,1.17
7778,10648,1023.867083,1.17
7778,10649,432.790199,1.17
7779,3588,247.2054597,1.17
7779,7780,566.1977414,1.17
7779,9737,2434.30591,1.17
7779,11307,451.103226,1.17
7780,3588,982.7145403,1.17
7780,7266,450.72,1.17
7780,7267,585.5779608,1.17
7780,7779,2331.687977,1.17
7781,7262,41.27,1.17
7781,7266,2119.260797,1.17
7781,8991,457.94,1.17
7782,7784,1178.012486,1.17
7782,7822,1549.779578,1.17
7782,7826,1634.423381,1.17
7782,8426,2.322154512,1.17
7783,7264,11.74,1.17
7783,7267,682.886799,1.17
7783,7800,585.5779608,1.17
7783,11307,98.65,1.17
7784,7823,413.4739638,1.17
7784,7827,167.4228718,1.17
7784,7841,2131.890754,1.17
7785,7270,1179.57408,1.17
7785,9674,1199.135393,1.17
7785,9737,207.46,1.17
7785,11308,1589.540746,1.17
7786,7268,312.533201,1.17
7786,7270,1491.910746,1.17
7786,10048,2024.630362,1.17
7787,2091,263.2621781,1.17
7787,10645,2398.610858,1.17
7787,10651,196.9952147,1.17
7787,12224,1638.939614,1.17
7788,10650,2599.990211,1.17
7788,10656,2044.895996,1.17
7788,12223,2945.118645,1.17
7788,12224,3346.09769,1.17
7789,2424,1897.727094,1.17
7789,10645,2075.601419,1.17
7789,10646,1622.129825,1.17
7789,10651,2212.51814,1.17
7790,7791,12064.08369,1.17
7791,10059,12064.08369,1.17
7792,7793,8880.849869,1.17
7793,2102,8880.849869,1.17
7794,7797,0.0,1.17
7794,10646,462.1069576,1.17
7794,10652,367.95,1.17
7795,2339,1796.78621,1.17
7795,11300,422.98,1.17
7795,11306,1263.080913,1.17
7795,11342,1416.150918,1.17
7796,7720,1386.039826,1.17
7796,7797,1369.646094,1.17
7796,7803,1427.378037,1.17
7796,10646,1750.241405,1.17
7797,7794,2.713193947,1.17
7797,7796,1889.043486,1.17
7797,7801,1511.563039,1.17
7797,10406,49.95,1.17
7798,2339,2171.61498,1.17
7798,7800,1267.396799,1.17
7799,7268,640.0163286,1.17
7799,7800,87.89,1.17
7799,11307,410.303201,1.17
7800,7263,516.09,1.17
7800,7783,682.886799,1.17
7800,7798,1051.880583,1.17
7800,7799,368.0130558,1.17
7801,7797,1615.757808,1.17
7801,7804,2391.345803,1.17
7801,7907,2873.243258,1.17
7801,12691,1634.327607,1.17
7802,7263,710.9856778,1.17
7802,11296,337.38,1.17
7802,11301,326.62,1.17
7803,7796,1933.529558,1.17
7803,7806,1295.602733,1.17
7803,10400,1867.579605,1.17
7803,10406,972.5202018,1.17
7804,7801,2826.5644,1.17
7804,7809,1714.461107,1.17
7804,10406,737.6011584,1.17
7805,8976,0.0,1.17
7805,8991,91.04,1.17
7805,11296,226.0401128,1.17
7806,2342,1475.799229,1.17
7806,7727,1221.002277,1.17
7806,7803,1653.385314,1.17
7806,7807,1343.956327,1.17
7807,2341,265.5662162,1.17
7807,7806,1631.995819,1.17
7807,7809,1630.395625,1.17
7807,10406,432.9442399,1.17
7808,8976,299.5092785,1.17
7808,11295,497.7444242,1.17
7808,11296,364.675565,1.17
7809,2340,1620.563314,1.17
7809,7804,1962.815776,1.17
7809,7807,1898.723431,1.17
7809,12693,1274.68777,1.17
7810,2342,1809.479877,1.17
7810,7730,1239.585636,1.17
7810,7819,1286.781061,1.17
7810,10407,723.53,1.17
7811,7812,3899.616493,1.17
7811,11324,4088.438445,1.17
7812,7811,2283.717784,1.17
7812,8348,2256.994165,1.17
7812,8350,2184.692328,1.17
7812,9689,0.0,1.17
7813,8657,494.0135452,1.17
7813,8660,10.0,1.17
7814,2340,1876.625103,1.17
7814,7821,1913.796258,1.17
7814,10407,251.2970332,1.17
7814,10413,116.89,1.17
7815,9265,0.0,1.17
7815,9267,0.0,1.17
7815,9268,0.0,1.17
7816,9261,759.6604635,1.17
7816,9274,0.0,1.17
7816,9276,893.2322973,1.17
7817,5671,619.1333102,1.17
7817,5694,32.23,1.17
7817,5703,389.2480992,1.17
7817,7818,0.0,1.17
7817,8782,0.0,1.17
7818,5656,607.6710669,1.17
7818,5659,0.0,1.17
7818,5662,550.6330798,1.17
7818,7817,0.0,1.17
7818,8985,0.0,1.17
7819,7739,1352.422231,1.17
7819,7810,1382.755547,1.17
7819,7820,958.7173279,1.17
7819,7822,911.6577435,1.17
7820,7819,1562.818458,1.17
7820,10407,361.9138169,1.17
7820,10408,177.76,1.17
7820,12226,1141.028388,1.17
7821,7814,1925.749341,1.17
7821,12225,2457.25933,1.17
7821,12707,643.6165159,1.17
7822,7782,1066.235041,1.17
7822,7819,1244.672142,1.17
7822,7823,311.2274353,1.17
7822,10402,260.6239658,1.17
7823,7784,249.6328718,1.17
7823,7822,415.2012632,1.17
7823,10408,724.7013991,1.17
7824,7825,1326.989329,1.17
7824,11295,55.46,1.17
7824,11339,749.9741984,1.17
7825,7824,688.0534768,1.17
7825,11300,686.5646723,1.17
7825,11342,640.4246569,1.17
7826,7754,25.96,1.17
7826,7782,1139.988794,1.17
7826,7831,1489.765847,1.17
7826,8425,681.5675339,1.17
7827,7784,477.01,1.17
7827,7826,0.0,1.17
7827,8176,487.2314738,1.17
7827,10409,149.3157678,1.17
7828,7827,592.5943698,1.17
7828,7832,2048.363562,1.17
7828,7841,2125.313347,1.17
7828,8180,0.0,1.17
7829,9020,2233.087251,1.17
7829,9242,2381.252478,1.17
7829,11342,1298.154462,1.17
7830,7844,998.0042569,1.17
7830,9242,2067.57581,1.17
7830,11338,1853.410461,1.17
7831,7758,782.4846774,1.17
7831,7826,1562.360092,1.17
7831,7833,320.9200141,1.17
7831,10409,1158.206231,1.17
7832,7828,1961.349328,1.17
7832,10409,1036.582591,1.17
7832,10410,1694.4208,1.17
7832,10415,644.348661,1.17
7833,7761,1663.791446,1.17
7833,7831,338.63,1.17
7833,7834,1004.575164,1.17
7833,7837,281.5891296,1.17
7834,7669,171.48,1.17
7834,7833,1624.460561,1.17
7834,10409,193.1028511,1.17
7834,10410,980.4351643,1.17
7835,7836,407.1662196,1.17
7835,11338,1214.195128,1.17
7835,11339,1421.990559,1.17
7836,7835,639.4969424,1.17
7836,7838,980.1881637,1.17
7836,9720,387.2229867,1.17
7836,11338,2160.635281,1.17
7837,5880,2996.319107,1.17
7837,7671,2371.453534,1.17
7837,7762,1428.195838,1.17
7837,7833,362.77,1.17
7837,7842,403.2058935,1.17
7837,10411,1137.894989,1.17
7838,7836,1383.994873,1.17
7838,9719,962.2419119,1.17
7838,9720,341.2351245,1.17
7838,9727,587.0192122,1.17
7839,7845,1207.25983,1.17
7839,10411,1020.805804,1.17
7840,3582,552.8190016,1.17
7840,9245,272.9627019,1.17
7840,9727,483.2402018,1.17
7840,11335,594.62,1.17
7841,2047,1001.41706,1.17
7841,7719,2122.464334,1.17
7841,7828,1810.094671,1.17
7841,8181,1194.501115,1.17
7842,7837,372.8981634,1.17
7842,7846,179.75241,1.17
7842,10405,2187.185321,1.17
7842,10411,1723.89367,1.17
7843,3582,986.6807281,1.17
7843,7844,664.8294968,1.17
7843,9240,923.7989671,1.17
7844,7830,956.7350811,1.17
7844,7843,408.707241,1.17
7844,11341,1136.273176,1.17
7845,7839,1020.805804,1.17
7845,10416,920.4292302,1.17
7845,10417,649.8343382,1.17
7845,12565,1595.231433,1.17
7846,7775,604.9377101,1.17
7846,7842,248.191939,1.17
7846,7847,127.1154339,1.17
7846,7855,0.0,1.17
7847,7846,334.1720563,1.17
7847,7850,141.7175278,1.17
7847,10294,198.92,1.17
7847,10411,300.19,1.17
7848,3586,0.0,1.17
7848,7849,440.806986,1.17
7848,9239,299.2978117,1.17
7848,9730,1514.72606,1.17
7849,7848,828.6582018,1.17
7849,7851,872.1192008,1.17
7849,9239,439.2682741,1.17
7850,2599,1491.099082,1.17
7850,7847,334.1720563,1.17
7850,7856,125.52,1.17
7850,10411,2087.769719,1.17
7850,12649,714.2454339,1.17
7851,7849,1198.7584,1.17
7851,7852,1553.520233,1.17
7851,8987,335.8318767,1.17
7851,11340,1356.197546,1.17
7852,7851,1993.361841,1.17
7852,7853,1022.278536,1.17
7852,7854,531.2416978,1.17
7853,7852,1346.01866,1.17
7853,7854,144.6686933,1.17
7853,9733,1022.278536,1.17
7854,7852,647.3431808,1.17
7854,7853,187.6705218,1.17
7854,9732,315.9386933,1.17
7854,9734,359.9716978,1.17
7855,2378,478.4307198,1.17
7855,7846,91.01324373,1.17
7855,7857,36.63263323,1.17
7855,10294,268.61,1.17
7856,2593,43.17,1.17
7856,7850,445.9479062,1.17
7856,10294,282.76,1.17
7856,10295,38.72,1.17
7857,7855,135.3539635,1.17
7857,7860,416.9955791,1.17
7857,10293,449.4753623,1.17
7858,7861,1327.71165,1.17
7858,8987,421.2791396,1.17
7858,9733,2270.877856,1.17
7859,8861,123.2365199,1.17
7859,9734,812.8358515,1.17
7859,11375,482.5747279,1.17
7860,7857,584.8293258,1.17
7860,10294,149.54,1.17
7860,10295,525.7255791,1.17
7861,7858,1715.659848,1.17
7861,7863,808.2815333,1.17
7861,9241,1083.416523,1.17
7861,11337,1288.661409,1.17
7862,8000,418.8662518,1.17
7862,9725,1075.711409,1.17
7862,11337,2141.811142,1.17
7863,7861,1354.019687,1.17
7863,11372,561.410021,1.17
7863,11375,1230.289888,1.17
7864,7867,10638.35349,1.17
7865,2824,0.0,1.17
7865,2844,483.2379581,1.17
7865,7864,490.4491699,1.17
7865,8335,484.7404708,1.17
7866,2844,601.5469699,1.17
7866,4333,1419.662838,1.17
7866,7871,3.03,1.17
7866,10358,2602.906147,1.17
7867,7876,10983.28753,1.17
7868,7869,100.1264291,1.17
7868,8773,2651.833181,1.17
7868,11377,1938.584538,1.17
7868,11378,1076.881773,1.17
7869,7868,1092.99114,1.17
7869,8774,1190.251073,1.17
7869,9709,101.4,1.17
7869,11377,858.5581109,1.17
7870,2810,220.5733542,1.17
7870,8201,10694.78239,1.17
7871,4330,560.1450296,1.17
7871,7866,389.7264294,1.17
7871,7878,494.1406767,1.17
7872,7873,357.1993881,1.17
7872,9714,1357.961682,1.17
7872,11377,1347.434744,1.17
7873,7271,514.2493881,1.17
7873,7872,293.99,1.17
7873,7874,1477.940967,1.17
7873,11377,2372.261038,1.17
7874,7873,2345.311038,1.17
7874,9716,509.830967,1.17
7874,9717,968.11,1.17
7875,8861,197.5792508,1.17
7875,9712,1167.100613,1.17
7875,9714,1462.571831,1.17
7876,4330,1282.007669,1.17
7876,7877,9701.279862,1.17
7877,7879,9876.850252,1.17
7878,2011,2054.147266,1.17
7878,2811,1430.278972,1.17
7878,7871,949.871459,1.17
7878,10359,3.03,1.17
7879,2808,1031.623296,1.17
7879,4607,8860.086956,1.17
7880,7882,954.7334306,1.17
7880,9705,575.4306767,1.17
7880,9715,48.32,1.17
7881,4326,256.8539243,1.17
7881,4481,712.4106088,1.17
7881,10359,1074.421225,1.17
7882,7880,623.7506767,1.17
7882,9707,587.5223565,1.17
7882,11373,1256.140991,1.17
7883,4326,0.0,1.17
7883,8050,9237.389204,1.17
7884,8286,13058.73493,1.17
7884,8693,749.6392216,1.17
7885,8411,12352.97038,1.17
7886,7989,1299.988367,1.17
7886,8747,2055.46295,1.17
7886,11373,324.7919038,1.17
7887,2838,570.3135906,1.17
7887,8412,12887.52415,1.17
7888,7890,12320.2122,1.17
7889,2836,201.5144899,1.17
7889,7887,13457.83774,1.17
7890,2837,1221.908312,1.17
7890,7894,11144.81638,1.17
7891,7277,682.7315716,1.17
7891,7892,249.9004557,1.17
7891,7897,2234.520421,1.17
7891,8747,1090.244188,1.17
7892,7891,475.0595329,1.17
7892,7897,603.2443293,1.17
7892,11373,729.0530332,1.17
7893,4387,414.5402006,1.17
7893,7889,12292.69658,1.17
7894,7898,12014.18014,1.17
7895,6903,630.5657819,1.17
7895,7007,696.3656824,1.17
7895,7899,48.38,1.17
7896,7893,12707.23678,1.17
7897,7891,1297.916227,1.17
7897,7892,479.1525775,1.17
7897,9717,1871.549893,1.17
7897,11376,966.2148579,1.17
7898,2834,1171.868321,1.17
7898,7901,10842.31182,1.17
7899,2834,2365.796807,1.17
7899,7011,1779.288579,1.17
7899,7895,236.2424323,1.17
7899,10598,426.3966814,1.17
7900,7272,385.2815772,1.17
7900,8775,888.3406723,1.17
7900,11376,538.9668343,1.17
7901,7018,11448.88665,1.17
7902,7457,1310.486934,1.17
7902,7904,2201.071387,1.17
7903,7274,0.0,1.17
7903,8777,730.724559,1.17
7903,11402,478.0609048,1.17
7904,7559,1930.327846,1.17
7904,7902,975.5069342,1.17
7904,8233,1556.178802,1.17
7905,7456,1932.764907,1.17
7905,7965,1853.344732,1.17
7905,8230,813.5103516,1.17
7906,7908,336.1693881,1.17
7906,7925,407.5909048,1.17
7906,8864,741.7233425,1.17
7906,11402,1020.902436,1.17
7907,7801,2534.179699,1.17
7907,10652,2873.243258,1.17
7907,10658,0.0,1.17
7908,7906,954.0586984,1.17
7908,7909,756.408572,1.17
7908,7923,279.6106703,1.17
7909,7908,957.9642181,1.17
7909,7910,521.6795663,1.17
7909,8863,441.4090057,1.17
7910,7278,605.7804824,1.17
7910,7909,227.5306703,1.17
7910,7913,1240.946752,1.17
7910,11402,1789.094766,1.17
7911,7277,0.0,1.17
7911,8864,743.3037175,1.17
7911,11376,1176.249578,1.17
7912,3576,0.0,1.17
7912,7914,0.0,1.17
7912,7915,97.50961756,1.17
7913,7910,1827.411206,1.17
7913,7914,202.9570796,1.17
7913,7920,1304.988678,1.17
7913,8863,733.0917294,1.17
7914,7912,97.50961756,1.17
7914,7913,399.1377486,1.17
7914,11401,105.447462,1.17
7915,7912,0.0,1.17
7915,7916,438.5485264,1.17
7915,8778,605.908228,1.17
7916,6485,66.46746201,1.17
7916,7915,508.3986104,1.17
7916,11401,553.1385264,1.17
7917,3569,256.4135998,1.17
7917,7920,634.3957354,1.17
7917,11401,506.0573926,1.17
7918,5084,0.0,1.17
7918,12214,10945.59989,1.17
7919,7276,207.459836,1.17
7919,7927,158.495093,1.17
7919,8747,275.979272,1.17
7920,7913,2161.365187,1.17
7920,7917,506.2560723,1.17
7920,7922,561.8145175,1.17
7920,9324,1193.60614,1.17
7921,7931,10098.82026,1.17
7922,7920,438.6035343,1.17
7922,7933,943.9380363,1.17
7922,9324,960.4487655,1.17
7922,11399,577.95,1.17
7923,7908,695.9443345,1.17
7923,7925,748.3088519,1.17
7923,7930,0.0,1.17
7923,11399,650.9956596,1.17
7924,5083,1490.750492,1.17
7924,5084,1760.890531,1.17
7924,8617,1275.262276,1.17
7925,7276,1126.864276,1.17
7925,7906,808.5670799,1.17
7925,7923,697.5946611,1.17
7925,7926,431.6445198,1.17
7926,7925,1018.579373,1.17
7926,7927,24.34,1.17
7926,7930,348.9041913,1.17
7926,11400,590.1396128,1.17
7927,7919,24.34,1.17
7927,7926,301.4075028,1.17
7927,7928,0.0,1.17
7928,7927,142.9124098,1.17
7928,7936,0.0,1.17
7928,11400,20.43,1.17
7929,7918,10945.59989,1.17
7929,7924,767.168646,1.17
7930,7923,649.345333,1.17
7930,7926,0.0,1.17
7930,7933,0.0,1.17
7931,7938,10098.82026,1.17
7932,5085,578.0002652,1.17
7932,8617,710.6570222,1.17
7932,10551,494.7997815,1.17
7933,7922,1063.32664,1.17
7933,7930,300.4411417,1.17
7933,11397,943.9380363,1.17
7934,2472,1029.423255,1.17
7934,6684,10558.7647,1.17
7935,7936,601.6352466,1.17
7935,11397,242.83,1.17
7935,11398,454.2896128,1.17
7935,11400,1081.831155,1.17
7936,7928,163.3424098,1.17
7936,7935,161.92,1.17
7936,8859,601.6352466,1.17
7937,7940,90.04,1.17
7937,7947,329.7210332,1.17
7937,8859,164.6329927,1.17
7938,3315,9505.222956,1.17
7938,8620,593.5973052,1.17
7939,7941,744.1453648,1.17
7939,7944,10050.85735,1.17
7940,7937,323.9116161,1.17
7940,7945,907.2086747,1.17
7940,11398,1375.164036,1.17
7941,3311,684.5806214,1.17
7941,10552,1258.908595,1.17
7942,7934,11588.18795,1.17
7942,8631,566.0851069,1.17
7943,7945,174.3400878,1.17
7943,7957,282.63,1.17
7943,11397,838.8321112,1.17
7944,7952,10310.77677,1.17
7945,7940,1401.234714,1.17
7945,7943,179.2724208,1.17
7945,7948,823.7786747,1.17
7946,7942,10874.51855,1.17
7946,8636,263.7710808,1.17
7947,7937,246.4224098,1.17
7947,7949,169.6009382,1.17
7947,7986,160.120095,1.17
7948,7226,20.99,1.17
7948,7945,1322.737047,1.17
7948,7954,802.7886747,1.17
7949,7947,153.8424098,1.17
7949,7951,865.8984466,1.17
7949,7954,1091.028763,1.17
7949,7984,2598.957189,1.17
7950,7959,46.75,1.17
7950,7975,565.1010405,1.17
7950,11396,902.5810478,1.17
7951,7949,756.2329282,1.17
7951,7976,506.3484466,1.17
7951,11396,359.55,1.17
7952,7955,9551.646046,1.17
7952,8634,759.1307212,1.17
7953,7946,11138.28963,1.17
7953,8647,525.3042566,1.17
7954,7948,1209.332631,1.17
7954,7949,2229.44364,1.17
7954,7966,1423.817858,1.17
7954,11396,237.1226108,1.17
7955,7967,9505.40856,1.17
7955,8646,788.499089,1.17
7956,5530,3233.912872,1.17
7956,5540,3592.21586,1.17
7956,8720,1078.236823,1.17
7957,7943,918.1497782,1.17
7957,8207,163.46,1.17
7957,11395,254.9686875,1.17
7957,11411,637.2449523,1.17
7958,4695,5680.493028,1.17
7958,7967,3149.88574,1.17
7958,8720,1188.938426,1.17
7959,7950,281.8024769,1.17
7959,8193,508.0215703,1.17
7959,11394,374.539381,1.17
7960,7963,8670.582047,1.17
7960,8722,0.0,1.17
7961,8722,577.2804237,1.17
7961,8768,1495.569363,1.17
7961,10554,2296.182439,1.17
7962,7958,9997.264824,1.17
7963,5006,9545.370825,1.17
7963,8714,208.96,1.17
7964,7962,9430.034597,1.17
7964,8711,672.5474066,1.17
7965,7905,1914.820428,1.17
7965,8226,596.2940586,1.17
7965,10621,2498.048224,1.17
7966,7226,745.6655713,1.17
7966,7227,1030.809613,1.17
7966,7954,2605.835581,1.17
7966,11396,324.1275613,1.17
7967,7970,12655.2943,1.17
7968,7953,10620.90159,1.17
7968,7960,7044.194644,1.17
7969,7968,17665.09623,1.17
7969,8726,0.0,1.17
7970,7972,12905.49193,1.17
7971,7969,17665.09623,1.17
7971,8727,342.38,1.17
7972,7974,13358.71621,1.17
7973,4430,603.6807484,1.17
7973,5794,756.2019177,1.17
7973,8728,396.5693224,1.17
7973,8729,720.0884066,1.17
7974,7982,11858.00647,1.17
7974,8729,1526.36237,1.17
7975,7950,663.1594392,1.17
7975,7976,761.7878445,1.17
7975,7977,499.0838273,1.17
7975,8193,494.189381,1.17
7976,7951,219.3229282,1.17
7976,7975,542.8388763,1.17
7976,7977,476.0884466,1.17
7976,11367,896.7764531,1.17
7977,7975,614.5099439,1.17
7977,7976,492.6694932,1.17
7977,8849,975.1722739,1.17
7978,8188,817.3810888,1.17
7978,8848,260.0394091,1.17
7978,8849,737.9036497,1.17
7978,8850,939.0534448,1.17
7979,7971,18007.47623,1.17
7979,8730,186.28,1.17
7980,7979,16334.09976,1.17
7980,8732,62.44249151,1.17
7981,7997,1028.042743,1.17
7981,9701,255.9193081,1.17
7981,11368,321.3716562,1.17
7982,7988,12061.22647,1.17
7983,4423,396.0380642,1.17
7983,7980,16396.54225,1.17
7984,7949,1554.449302,1.17
7984,7985,792.3580962,1.17
7984,7987,1806.599093,1.17
7985,7984,421.2882451,1.17
7985,7987,259.4070121,1.17
7985,7991,828.5680962,1.17
7985,9702,241.6858568,1.17
7986,7947,92.58,1.17
7986,7987,1411.056914,1.17
7986,7989,1973.426105,1.17
7987,7984,1133.161057,1.17
7987,7985,277.8958568,1.17
7987,7986,2066.006105,1.17
7988,7995,12623.0056,1.17
7989,7886,2348.264854,1.17
7989,7986,1250.936819,1.17
7989,8859,168.88,1.17
7989,11370,289.181453,1.17
7990,4423,0.0,1.17
7990,7988,561.7791291,1.17
7991,7985,397.84,1.17
7991,7993,892.961453,1.17
7991,11370,466.71092,1.17
7992,5798,1202.209444,1.17
7992,7983,16792.58031,1.17
7993,7991,535.9828238,1.17
7993,9704,582.121453,1.17
7993,11371,1308.588724,1.17
7994,11371,951.91,1.17
7994,11374,673.5219495,1.17
7994,11375,742.8145825,1.17
7995,7998,12571.47374,1.17
7995,8770,1338.213985,1.17
7996,7992,16733.34268,1.17
7996,8735,808.5473271,1.17
7997,7981,306.7750593,1.17
7997,8855,1045.888057,1.17
7997,9697,1134.680921,1.17
7997,9703,1230.622379,1.17
7998,8002,12609.47115,1.17
7998,8733,1130.457758,1.17
7999,7996,16160.26061,1.17
7999,8737,368.5896617,1.17
8000,7862,1025.325643,1.17
8000,8854,585.3562729,1.17
8000,11372,606.1033071,1.17
8001,8005,869.9205687,1.17
8001,8006,380.8742217,1.17
8001,9725,747.4788153,1.17
8001,9726,963.7367229,1.17
8002,8008,12789.32535,1.17
8003,7999,16528.85027,1.17
8003,8739,132.1203383,1.17
8004,8005,943.6529158,1.17
8004,8025,481.8171214,1.17
8004,9721,1862.716692,1.17
8004,11334,490.1177739,1.17
8005,8001,1160.075382,1.17
8005,8004,1024.467716,1.17
8005,8006,485.4429158,1.17
8005,8009,1328.130569,1.17
8006,8001,551.1401563,1.17
8006,8005,634.9608258,1.17
8006,8007,866.3171375,1.17
8007,7234,164.5163651,1.17
8007,8006,1186.100982,1.17
8007,8012,973.0371375,1.17
8007,8854,959.4924962,1.17
8008,8015,13230.74535,1.17
8009,7234,0.0,1.17
8009,8005,1549.582272,1.17
8009,11331,1328.130569,1.17
8010,3581,1116.840569,1.17
8010,8012,264.39,1.17
8010,11331,1788.672878,1.17
8011,8003,16660.97061,1.17
8012,8007,1307.046882,1.17
8012,8010,352.7224101,1.17
8012,8013,1237.427138,1.17
8013,8012,1659.769292,1.17
8013,8016,579.7758401,1.17
8013,9697,1261.966592,1.17
8013,11369,1158.874371,1.17
8014,4411,753.5634733,1.17
8014,5947,546.4163074,1.17
8014,5972,583.5977655,1.17
8014,8741,358.5929523,1.17
8015,8020,12242.75866,1.17
8015,8740,987.9866869,1.17
8016,8013,933.3018448,1.17
8016,8017,621.3477595,1.17
8016,8149,554.5306436,1.17
8016,8851,661.3153397,1.17
8017,7289,1259.88909,1.17
8017,8016,632.2801432,1.17
8017,11366,511.046163,1.17
8017,11369,1179.401103,1.17
8018,5957,1121.343346,1.17
8018,8740,1386.68926,1.17
8018,8743,1531.089239,1.17
8018,10574,744.7412426,1.17
8019,8011,15621.94072,1.17
8019,8744,254.2440579,1.17
8020,8026,12960.95606,1.17
8021,7232,862.6382626,1.17
8021,7289,891.438587,1.17
8021,8022,1294.495839,1.17
8021,8144,926.3593617,1.17
8022,3581,1484.900751,1.17
8022,7230,41.65,1.17
8022,8021,1075.190569,1.17
8023,2562,650.2439194,1.17
8023,4346,65.87,1.17
8023,4373,79.88,1.17
8023,8052,788.2748028,1.17
8024,8019,15876.18478,1.17
8024,8745,858.3409156,1.17
8025,7246,551.6571214,1.17
8025,8004,868.9407618,1.17
8025,11331,116.839925,1.17
8026,6212,1203.45226,1.17
8026,8028,12950.01002,1.17
8027,8024,15376.54917,1.17
8027,8748,767.43491,1.17
8028,8032,14141.38253,1.17
8029,8030,142.94,1.17
8029,11336,714.2715943,1.17
8030,8029,714.2715943,1.17
8030,9690,319.06,1.17
8030,11332,2334.985945,1.17
8030,11333,1600.792273,1.17
8031,8027,16143.98408,1.17
8031,8750,1001.297727,1.17
8032,8037,13900.77624,1.17
8032,8749,1236.843561,1.17
8033,8036,576.0429051,1.17
8033,8338,1451.186151,1.17
8033,8339,363.0232987,1.17
8033,8340,1347.94,1.17
8034,8031,15879.04474,1.17
8034,8753,470.6671939,1.17
8035,4872,1080.072458,1.17
8035,8042,480.7456395,1.17
8035,8857,729.7976978,1.17
8036,8033,570.05,1.17
8036,8339,20.58,1.17
8036,8340,758.9000175,1.17
8036,8341,862.9280401,1.17
8037,8038,13657.72304,1.17
8037,8752,1057.825982,1.17
8038,8043,13488.93671,1.17
8038,8755,625.158878,1.17
8039,7251,345.77,1.17
8039,8857,1106.112741,1.17
8039,8960,2111.806376,1.17
8039,11286,849.4170422,1.17
8040,8034,15673.50082,1.17
8040,8754,541.9014919,1.17
8041,6386,1096.443616,1.17
8041,8040,15453.78623,1.17
8042,8035,536.6052032,1.17
8042,11278,760.9211255,1.17
8042,11279,190.93,1.17
8042,11282,1823.022111,1.17
8043,8047,14680.60733,1.17
8044,8041,16550.22984,1.17
8045,8046,2314.09254,1.17
8045,9693,1081.748801,1.17
8045,9741,837.2201336,1.17
8045,11278,1077.972819,1.17
8046,8045,1476.447809,1.17
8046,11279,392.2515305,1.17
8046,11283,2044.063755,1.17
8047,4695,10456.56425,1.17
8047,4699,3000.029084,1.17
8047,8757,1224.014001,1.17
8048,8049,2796.179003,1.17
8048,11283,1506.410555,1.17
8048,11287,427.7072548,1.17
8048,11288,674.9075575,1.17
8049,4821,289.8229578,1.17
8049,8048,1863.799974,1.17
8049,11292,2506.356045,1.17
8050,7870,10915.35574,1.17
8051,2824,858.8663346,1.17
8051,7119,10875.49154,1.17
8052,4646,17335.99871,1.17
8053,127,197.45,1.17
8053,2545,22.17,1.17
8053,4346,51.25,1.17
8053,7284,1596.63191,1.17
8053,10368,2053.016913,1.17
8054,8055,257.93419,1.17
8054,9739,144.76,1.17
8054,11283,109.3044565,1.17
8054,11288,558.9452488,1.17
8055,8054,293.7874143,1.17
8055,9738,0.0,1.17
8055,11284,505.2575575,1.17
8056,8059,127.9429654,1.17
8056,11284,685.6674909,1.17
8056,11285,36.69,1.17
8057,4373,537.1894258,1.17
8057,8062,15641.17165,1.17
8058,2029,852.7070006,1.17
8058,4373,65.87,1.17
8058,8995,760.4735786,1.17
8059,8056,543.6800766,1.17
8059,8060,146.0229654,1.17
8059,11285,16.85,1.17
8060,8059,560.5300766,1.17
8060,8063,37.98,1.17
8060,11280,108.0429654,1.17
8061,7131,66.59,1.17
8061,8052,16547.7239,1.17
8062,8064,16067.19165,1.17
8063,8060,434.7200766,1.17
8063,8069,164.3725857,1.17
8063,11280,16.33,1.17
8063,11281,24.77,1.17
8064,2861,7091.45335,1.17
8064,8067,3714.229286,1.17
8064,8072,1854.993817,1.17
8064,8073,4620.412007,1.17
8065,3580,311.11,1.17
8065,9738,15.67,1.17
8065,11280,465.5970346,1.17
8066,3580,932.7601336,1.17
8066,7250,151.44,1.17
8066,9739,813.2322909,1.17
8066,9741,1011.421604,1.17
8067,8068,1419.682708,1.17
8067,8248,9336.73539,1.17
8068,8061,16614.3139,1.17
8068,8067,1389.71,1.17
8069,8063,472.4400766,1.17
8069,8070,0.0,1.17
8069,9676,180.1025034,1.17
8069,11277,52.1,1.17
8070,8069,0.0,1.17
8070,8071,0.0,1.17
8070,11281,6.33,1.17
8071,8070,6.33,1.17
8071,11277,0.0,1.17
8072,4352,6461.392966,1.17
8072,8064,1213.896808,1.17
8072,8068,3916.089838,1.17
8073,7513,634.602865,1.17
8073,8074,3985.809142,1.17
8074,8082,6241.986965,1.17
8075,2861,3287.816342,1.17
8075,8074,2256.177822,1.17
8076,9202,0.0,1.17
8076,11273,0.0,1.17
8076,11274,350.27,1.17
8077,7444,796.8813862,1.17
8077,11273,592.7419735,1.17
8077,11274,108.07,1.17
8078,4353,6407.582612,1.17
8079,8068,5074.219856,1.17
8080,8078,2363.75453,1.17
8080,8079,4257.119856,1.17
8081,2863,570.748287,1.17
8081,8080,6620.874386,1.17
8082,8083,6805.756965,1.17
8083,7514,790.6936179,1.17
8083,8088,6015.063347,1.17
8084,7193,550.93,1.17
8084,11264,23.53,1.17
8084,11265,509.94,1.17
8085,8081,7191.622673,1.17
8086,3577,1222.408267,1.17
8086,7193,976.1925372,1.17
8086,7194,53.66,1.17
8086,11264,376.33,1.17
8087,2864,662.8699346,1.17
8087,8085,6579.155819,1.17
8088,8089,6606.793347,1.17
8089,8093,5724.473836,1.17
8089,8422,882.3195111,1.17
8090,11264,325.28,1.17
8090,11267,554.5927525,1.17
8090,11268,67.44,1.17
8091,8087,7242.025754,1.17
8092,2859,860.8356382,1.17
8092,8091,6070.929756,1.17
8093,8094,6243.046969,1.17
8094,8098,5564.458172,1.17
8094,8421,678.5887975,1.17
8095,9693,1892.401866,1.17
8095,11266,1142.893318,1.17
8095,11270,849.0643576,1.17
8095,11272,1124.750097,1.17
8096,8092,6931.765394,1.17
8097,2860,451.34,1.17
8097,8096,6543.898195,1.17
8098,8099,5899.406577,1.17
8099,8105,5435.051337,1.17
8099,8416,464.3552406,1.17
8100,8097,6995.238195,1.17
8101,8105,1570.293275,1.17
8101,8112,8808.976417,1.17
8102,2852,11637.85958,1.17
8103,8100,6801.588195,1.17
8103,8102,1299.205309,1.17
8104,7214,612.2295612,1.17
8104,8106,649.578707,1.17
8104,8353,956.719614,1.17
8104,11266,1780.180921,1.17
8105,8107,7005.344612,1.17
8106,8104,588.28,1.17
8106,8111,2147.203646,1.17
8106,8354,267.82,1.17
8107,8112,1279.948405,1.17
8107,8113,5725.396207,1.17
8108,9689,0.0,1.17
8108,11324,532.17,1.17
8108,11327,1367.996251,1.17
8109,8103,8100.793505,1.17
8110,8102,10338.65427,1.17
8110,8109,1954.951445,1.17
8111,4490,1309.760114,1.17
8111,8106,856.1,1.17
8111,11266,337.96,1.17
8111,11269,1935.054398,1.17
8112,8129,10088.92482,1.17
8113,8118,5521.146207,1.17
8113,8415,204.25,1.17
8114,8109,6145.842059,1.17
8115,8165,999.2700725,1.17
8115,11327,1658.753253,1.17
8115,11330,544.1947034,1.17
8116,2821,636.4533403,1.17
8116,8114,6145.842059,1.17
8117,1177,317.16,1.17
8117,7240,215.57,1.17
8117,8124,963.1267721,1.17
8117,11330,815.2367465,1.17
8118,8119,5944.845492,1.17
8119,7623,635.3892947,1.17
8119,8127,5309.456197,1.17
8120,8116,6782.2954,1.17
8121,2806,900.0348716,1.17
8121,8120,6566.7754,1.17
8122,4492,221.1522109,1.17
8122,9691,717.0929419,1.17
8122,11272,627.51,1.17
8123,8125,97.82,1.17
8123,8668,519.8515967,1.17
8123,8669,1338.853821,1.17
8124,8117,521.16,1.17
8124,8126,1131.076536,1.17
8124,8128,784.802524,1.17
8124,8131,694.5858939,1.17
8125,8123,885.4488645,1.17
8125,11312,303.527592,1.17
8126,4683,1579.876536,1.17
8126,8124,970.6158939,1.17
8126,8128,439.2222109,1.17
8127,8140,6375.175974,1.17
8128,8124,245.13,1.17
8128,8126,448.8,1.17
8128,8130,537.26,1.17
8128,9690,781.3859874,1.17
8129,8138,396.7272685,1.17
8129,8159,9692.197554,1.17
8130,1180,614.14,1.17
8130,7248,0.0,1.17
8130,8128,469.4912526,1.17
8130,8131,0.0,1.17
8130,11329,441.09,1.17
8131,7241,180.3661658,1.17
8131,7242,514.219728,1.17
8131,8124,952.7522874,1.17
8131,8130,0.0,1.17
8132,8110,12293.60572,1.17
8133,7239,1194.509617,1.17
8133,7241,624.2610417,1.17
8133,7449,127.85,1.17
8133,8135,1768.83426,1.17
8134,7243,497.5788097,1.17
8134,7449,386.73,1.17
8134,8135,428.6942913,1.17
8135,7242,593.1212457,1.17
8135,8133,892.0434508,1.17
8135,8134,369.7288097,1.17
8135,11329,1604.407305,1.17
8136,8121,7466.810271,1.17
8137,8132,1855.115937,1.17
8137,8136,6269.980312,1.17
8138,8145,5972.21033,1.17
8139,7244,129.0290036,1.17
8139,7246,668.0983348,1.17
8139,11328,437.1471214,1.17
8140,7624,799.6929128,1.17
8140,8138,5575.483061,1.17
8141,8142,866.0102527,1.17
8141,8143,0.0,1.17
8141,11328,1113.140684,1.17
8142,7236,866.0102527,1.17
8142,7237,0.0,1.17
8142,8141,862.6382626,1.17
8142,8143,0.0,1.17
8143,7235,0.0,1.17
8143,8141,250.5024212,1.17
8143,8142,0.0,1.17
8144,7229,0.0,1.17
8144,7231,250.5024212,1.17
8144,8021,1012.277896,1.17
8144,8155,926.3593617,1.17
8145,8147,6807.246551,1.17
8146,2800,781.0160954,1.17
8146,8137,8125.09625,1.17
8147,7688,1103.968628,1.17
8147,8158,5703.277924,1.17
8148,8149,64.46,1.17
8148,8151,47.47,1.17
8148,11366,266.3402845,1.17
8149,8016,956.4966935,1.17
8149,8148,99.85041874,1.17
8149,8150,130.4632505,1.17
8149,8151,557.4164737,1.17
8150,8149,152.5110244,1.17
8150,8151,589.1200644,1.17
8150,8188,718.640634,1.17
8151,8148,166.4898657,1.17
8151,8149,972.7251684,1.17
8151,8150,588.1773835,1.17
8151,8153,827.1723099,1.17
8151,8846,393.4142282,1.17
8152,8146,8906.112345,1.17
8153,8151,1063.072066,1.17
8153,8154,176.4857405,1.17
8153,8178,650.6865694,1.17
8154,8153,20.98291964,1.17
8154,8155,509.8660198,1.17
8154,9694,580.0100452,1.17
8154,11366,674.7914689,1.17
8155,8144,920.3297208,1.17
8155,8154,201.0988184,1.17
8155,8157,521.0167094,1.17
8155,8174,1085.309362,1.17
8156,8152,6654.839212,1.17
8157,7238,892.367372,1.17
8157,8155,161.6570842,1.17
8157,8162,806.4128806,1.17
8157,8171,799.5578715,1.17
8158,7714,4386.02264,1.17
8158,8159,1317.255284,1.17
8159,8163,11009.45284,1.17
8160,8132,10438.48978,1.17
8160,8156,1054.324307,1.17
8161,7692,1211.34609,1.17
8161,8160,11492.81409,1.17
8162,1176,912.26,1.17
8162,3579,2328.055287,1.17
8162,8157,295.9638477,1.17
8162,11326,843.4057689,1.17
8163,8167,12011.01634,1.17
8164,7752,0.0,1.17
8164,8161,12704.16018,1.17
8165,8115,1471.034198,1.17
8165,8166,33.14020616,1.17
8165,11326,1582.772325,1.17
8166,8165,583.5022525,1.17
8166,8168,33.14020616,1.17
8166,9689,0.0,1.17
8167,5207,11554.8818,1.17
8167,9041,456.1345419,1.17
8168,8166,583.5022525,1.17
8168,8169,33.14020616,1.17
8169,8168,583.5022525,1.17
8169,8348,33.14020616,1.17
8170,5206,11688.98809,1.17
8170,7754,1161.725427,1.17
8171,8157,1091.743543,1.17
8171,8173,694.8062121,1.17
8171,11326,1732.10047,1.17
8172,8426,11659.12086,1.17
8173,8171,1507.871537,1.17
8173,8174,339.3037128,1.17
8173,8175,355.5024993,1.17
8174,8155,1129.872145,1.17
8174,8173,963.8332451,1.17
8174,8175,744.2433483,1.17
8174,11363,360.9445811,1.17
8175,8173,544.0382919,1.17
8175,8174,1031.502743,1.17
8175,8179,446.5701894,1.17
8175,8843,653.1756581,1.17
8176,8425,12309.64468,1.17
8177,7784,808.1322319,1.17
8177,8181,10084.87122,1.17
8178,8153,1042.089147,1.17
8178,8308,828.1265694,1.17
8178,9694,716.4192733,1.17
8178,11362,480.8945849,1.17
8179,8175,611.6096854,1.17
8179,8308,474.7001894,1.17
8179,8309,0.0,1.17
8179,8843,399.022961,1.17
8179,11363,1042.836902,1.17
8180,7828,994.8272806,1.17
8180,8176,11822.41321,1.17
8181,7841,0.0,1.17
8181,12137,11279.37234,1.17
8182,8183,1152.156381,1.17
8182,9696,752.3588131,1.17
8182,11362,744.9892733,1.17
8183,8182,663.4542282,1.17
8183,8846,621.7639887,1.17
8183,11365,530.3923926,1.17
8184,8190,4765.76264,1.17
8185,6748,1456.705177,1.17
8185,7691,37.7,1.17
8185,7694,555.522792,1.17
8186,7715,5995.254904,1.17
8187,5461,471.993173,1.17
8187,8186,5995.254904,1.17
8188,7978,1104.293027,1.17
8188,8150,741.6310888,1.17
8188,11365,75.75,1.17
8189,5461,249.36,1.17
8189,7695,1498.188088,1.17
8189,7759,990.8281259,1.17
8190,8196,5015.12264,1.17
8191,5465,0.0,1.17
8191,7755,307.380871,1.17
8191,7759,326.6966743,1.17
8192,8193,867.8306696,1.17
8192,8197,28.54,1.17
8192,11364,531.77,1.17
8193,7959,613.9609896,1.17
8193,7975,695.7706313,1.17
8193,8192,560.31,1.17
8194,8187,6467.248077,1.17
8194,8195,296.3167077,1.17
8195,7759,1537.682426,1.17
8195,10404,1363.361274,1.17
8196,8246,5470.22264,1.17
8197,8192,20.38,1.17
8197,8224,66.21,1.17
8197,11394,84.92,1.17
8198,6733,901.5484654,1.17
8198,7759,1396.1087,1.17
8198,8196,455.1,1.17
8199,7228,201.22,1.17
8199,8200,0.0,1.17
8199,11394,175.14,1.17
8200,7454,79.26,1.17
8200,8199,0.0,1.17
8200,8202,180.149381,1.17
8200,11394,476.0524387,1.17
8201,7443,12226.08939,1.17
8202,7227,2225.376164,1.17
8202,7454,1234.299613,1.17
8202,8200,373.6624387,1.17
8202,8206,344.179381,1.17
8203,3892,547.2998522,1.17
8203,9100,969.9717094,1.17
8203,10766,800.8221823,1.17
8204,8240,7388.892464,1.17
8204,12649,960.5500839,1.17
8205,7454,1938.861758,1.17
8205,8211,477.66,1.17
8205,8219,605.9079901,1.17
8206,8202,624.9139111,1.17
8206,8210,114.619381,1.17
8206,11395,429.6018759,1.17
8207,7957,574.1403172,1.17
8207,11393,596.6288738,1.17
8207,11410,668.050619,1.17
8208,8242,7006.321889,1.17
8209,8210,548.7837772,1.17
8209,9317,93.82938099,1.17
8209,11393,31.9,1.17
8210,8206,597.665787,1.17
8210,8209,125.729381,1.17
8210,8211,133.1879901,1.17
8211,6487,47.92,1.17
8211,8205,739.7068354,1.17
8211,8210,193.18,1.17
8211,8212,419.28,1.17
8212,6487,572.9255605,1.17
8212,8211,595.2262812,1.17
8212,8213,815.872397,1.17
8213,3563,416.49,1.17
8213,8212,1168.151842,1.17
8213,8216,399.382397,1.17
8214,2456,9765.368109,1.17
8214,6563,1154.243828,1.17
8215,3563,556.1362812,1.17
8215,8231,549.206291,1.17
8215,11408,761.7807215,1.17
8216,8213,583.0355605,1.17
8216,8231,508.9607215,1.17
8216,11391,764.028688,1.17
8217,6556,1164.473681,1.17
8217,8218,9427.208492,1.17
8218,5162,9067.61026,1.17
8218,6550,1010.678232,1.17
8219,8205,1342.802913,1.17
8219,8220,648.9679901,1.17
8219,11391,200.9394091,1.17
8219,11392,538.4495889,1.17
8220,3217,626.51,1.17
8220,8219,1577.321775,1.17
8220,8221,703.2172583,1.17
8220,11391,680.4034966,1.17
8221,8220,733.8334966,1.17
8221,8228,335.3868711,1.17
8221,8229,367.8303872,1.17
8222,6550,756.7979413,1.17
8222,8214,9406.391622,1.17
8223,9119,58.51,1.17
8223,10778,1481.626777,1.17
8224,3574,291.4994091,1.17
8224,8197,105.3,1.17
8224,11364,582.330297,1.17
8225,2106,1500.81988,1.17
8225,8889,1666.230117,1.17
8225,10778,1780.087685,1.17
8226,5160,9674.443695,1.17
8226,7965,985.3934922,1.17
8227,8228,314.0013124,1.17
8227,8253,264.5275007,1.17
8227,11361,818.8089836,1.17
8228,8221,309.5313124,1.17
8228,8227,336.0568711,1.17
8228,8229,401.9996128,1.17
8228,11392,566.5636414,1.17
8229,8221,424.3021842,1.17
8229,8228,562.0936414,1.17
8229,8251,119.89,1.17
8229,8253,649.94,1.17
8230,7905,887.6948306,1.17
8230,8233,9419.924242,1.17
8231,5151,184.56,1.17
8231,8215,386.7007215,1.17
8231,8216,650.3896673,1.17
8232,7902,1291.076911,1.17
8232,8226,10063.54313,1.17
8233,8257,10976.10304,1.17
8234,12045,213.0345415,1.17
8234,12109,3019.545071,1.17
8234,12110,2736.424163,1.17
8235,6810,2140.275917,1.17
8235,7637,1645.745967,1.17
8235,10758,2584.944492,1.17
8236,8237,647.224684,1.17
8236,8594,389.32,1.17
8236,8596,354.8692785,1.17
8236,11388,641.64,1.17
8237,8236,610.95,1.17
8237,11385,780.1805486,1.17
8237,11387,2122.626381,1.17
8238,8204,8349.442548,1.17
8239,8238,8349.442548,1.17
8240,7671,625.3276786,1.17
8240,8194,6763.564785,1.17
8241,8245,447.08,1.17
8241,11387,587.1506288,1.17
8241,11390,467.4424022,1.17
8242,8243,7006.321889,1.17
8243,2049,7006.321889,1.17
8244,8270,677.66,1.17
8244,8827,0.0,1.17
8244,11388,395.6992125,1.17
8245,8241,397.4031281,1.17
8245,8249,236.5297103,1.17
8245,8265,515.75,1.17
8245,11388,90.92,1.17
8246,8208,5788.447719,1.17
8247,2109,2130.28,1.17
8247,3929,2140.486381,1.17
8247,12105,1252.730165,1.17
8248,2849,1043.769135,1.17
8248,8252,9717.890579,1.17
8249,8245,34.68,1.17
8249,8253,482.7521125,1.17
8249,8258,222.3,1.17
8249,11390,958.5469379,1.17
8250,2853,919.8087353,1.17
8250,8072,9736.385795,1.17
8250,8319,768.7088926,1.17
8251,3217,419.2694371,1.17
8251,8229,239.56,1.17
8251,11390,373.73,1.17
8252,8232,11354.62004,1.17
8253,8227,482.7521125,1.17
8253,8229,746.8358256,1.17
8253,8249,264.5275007,1.17
8253,8254,649.94,1.17
8254,8253,746.8358256,1.17
8254,8255,830.74,1.17
8254,8258,165.08,1.17
8254,8840,627.0809593,1.17
8255,8254,846.8195014,1.17
8255,8256,1002.68,1.17
8255,8839,439.8949278,1.17
8256,8255,1286.714429,1.17
8256,8734,508.4,1.17
8256,11358,494.28,1.17
8257,4379,1288.480184,1.17
8257,8250,9687.622861,1.17
8258,8249,487.6594371,1.17
8258,8254,527.0972834,1.17
8258,9198,177.2,1.17
8258,11358,210.18,1.17
8259,7713,11.88,1.17
8259,8264,2173.16515,1.17
8259,10957,1499.58396,1.17
8260,12251,2524.099788,1.17
8260,12252,2155.554033,1.17
8261,3218,59.53719232,1.17
8261,7225,1214.658748,1.17
8261,9199,94.64249929,1.17
8261,9200,525.35,1.17
8262,8283,791.7578066,1.17
8262,9200,1453.143426,1.17
8262,11355,926.49,1.17
8263,4852,2087.741076,1.17
8263,7618,84.77,1.17
8263,8898,2624.319476,1.17
8264,3898,2029.163904,1.17
8264,8259,1498.782653,1.17
8264,8266,400.3412462,1.17
8265,8245,453.6431281,1.17
8265,9196,144.57,1.17
8265,9198,390.9255397,1.17
8265,9199,492.27,1.17
8266,8264,302.3225668,1.17
8266,9112,2143.786514,1.17
8266,10961,1680.566031,1.17
8267,6881,659.281596,1.17
8267,7712,0.0,1.17
8267,9111,755.76,1.17
8268,8827,144.57,1.17
8268,9192,0.0,1.17
8268,9196,505.2261685,1.17
8269,2418,0.0,1.17
8269,8272,385.7632618,1.17
8269,10965,271.79,1.17
8270,8244,395.6992125,1.17
8270,8585,85.44,1.17
8270,8826,677.66,1.17
8270,8827,252.3502897,1.17
8271,8273,207.99,1.17
8271,8274,730.3826346,1.17
8271,8583,217.79,1.17
8271,9193,648.5750913,1.17
8272,6881,1054.706003,1.17
8272,8269,271.79,1.17
8272,9111,908.8020609,1.17
8272,11772,1963.084384,1.17
8273,8271,184.56,1.17
8273,8279,207.99,1.17
8273,8299,0.0,1.17
8273,9192,0.0,1.17
8274,7224,1111.273647,1.17
8274,8271,538.3198413,1.17
8274,8299,302.0,1.17
8275,2206,10764.86307,1.17
8275,8609,1129.147327,1.17
8276,8282,10028.23056,1.17
8276,8608,331.3626147,1.17
8277,3214,1363.689278,1.17
8277,8822,1028.691012,1.17
8277,8824,1105.618078,1.17
8277,9687,564.21,1.17
8278,11772,1060.457868,1.17
8278,12038,2055.746055,1.17
8278,12382,2191.890537,1.17
8279,8273,184.56,1.17
8279,8284,431.8510123,1.17
8279,11355,472.5249398,1.17
8280,8515,2171.754531,1.17
8280,11045,2173.283487,1.17
8280,12304,1398.859432,1.17
8281,8275,11467.13842,1.17
8281,8671,1189.501682,1.17
8282,8289,11002.24695,1.17
8282,8627,469.2,1.17
8283,8262,474.1094371,1.17
8283,8285,558.5317953,1.17
8283,8287,233.2260113,1.17
8284,8279,264.5349398,1.17
8284,8299,380.8910123,1.17
8284,11355,84.21506018,1.17
8284,11356,50.96,1.17
8285,8283,387.3494371,1.17
8285,8297,809.3353169,1.17
8285,8825,211.42,1.17
8285,11359,611.1923957,1.17
8286,8281,12656.6401,1.17
8286,8680,918.3981368,1.17
8287,3218,269.9624993,1.17
8287,8283,86.76,1.17
8287,8288,528.6232036,1.17
8288,8287,356.7224993,1.17
8288,8734,570.0726715,1.17
8288,11359,1037.023204,1.17
8289,7885,11575.65632,1.17
8289,8673,439.241453,1.17
8290,3872,1655.811368,1.17
8290,7430,0.0,1.17
8290,8430,914.5149673,1.17
8291,8303,817.9296821,1.17
8291,11359,477.7722878,1.17
8291,11362,225.7295127,1.17
8292,8363,1335.278854,1.17
8292,9668,2341.58146,1.17
8293,807,293.54,1.17
8293,8294,437.7257448,1.17
8293,8917,513.9194077,1.17
8294,806,731.36,1.17
8294,3876,12.74,1.17
8294,8293,268.9451524,1.17
8294,8363,1278.845745,1.17
8294,12140,285.19,1.17
8295,8620,512.4017138,1.17
8295,8622,479.5777531,1.17
8295,10552,250.8638161,1.17
8296,8297,0.0,1.17
8296,8823,31.79542971,1.17
8296,8824,641.4345703,1.17
8296,11357,1105.618078,1.17
8297,3220,766.0453169,1.17
8297,8285,486.23,1.17
8297,8296,0.0,1.17
8297,8301,43.29,1.17
8298,3220,431.11,1.17
8298,8830,1150.16661,1.17
8298,11357,450.15,1.17
8299,7224,0.0,1.17
8299,8273,0.0,1.17
8299,8274,380.8910123,1.17
8299,8284,302.0,1.17
8300,4423,561.7791291,1.17
8300,5795,2320.422681,1.17
8300,5797,2166.371521,1.17
8301,8297,0.0,1.17
8301,8302,43.29,1.17
8301,8303,0.0,1.17
8302,8301,0.0,1.17
8302,8304,85.28,1.17
8302,11360,116.11,1.17
8303,8291,477.4822878,1.17
8303,8301,0.0,1.17
8303,8304,817.9296821,1.17
8304,8302,72.82,1.17
8304,8303,477.4822878,1.17
8304,8306,745.1096821,1.17
8305,9066,241.1524777,1.17
8305,9067,197.84,1.17
8305,9069,314.9300153,1.17
8306,8304,392.2022878,1.17
8306,8307,274.8025764,1.17
8306,8308,1156.147844,1.17
8306,11360,625.48,1.17
8307,8306,176.5397885,1.17
8307,8308,607.79191,1.17
8307,8837,736.4868359,1.17
8308,8178,1105.982066,1.17
8308,8179,657.9576876,1.17
8308,8306,841.1424993,1.17
8308,8307,461.6842595,1.17
8309,8179,455.5763588,1.17
8309,8312,606.2579303,1.17
8309,8837,459.0224199,1.17
8310,10533,1585.199917,1.17
8310,10799,838.151153,1.17
8310,12259,1526.102564,1.17
8310,12260,1066.209391,1.17
8311,2068,124.9500546,1.17
8311,6909,411.6571334,1.17
8311,7041,418.9355125,1.17
8311,7450,488.1380385,1.17
8312,3212,96.36,1.17
8312,8309,507.9925331,1.17
8312,8313,900.1779303,1.17
8312,12979,811.0649761,1.17
8313,8312,893.2147,1.17
8313,8314,1486.401308,1.17
8313,11322,823.83,1.17
8314,8313,1222.60444,1.17
8314,8316,0.0,1.17
8314,8832,1538.427086,1.17
8315,3946,574.0262013,1.17
8315,9100,1503.342035,1.17
8315,9102,617.7355081,1.17
8316,8314,52.02577763,1.17
8316,8317,0.0,1.17
8316,8330,0.0,1.17
8317,8316,52.02577763,1.17
8317,8329,8.670584249,1.17
8317,11322,0.0,1.17
8318,9131,1938.323266,1.17
8318,9134,1397.869101,1.17
8319,7463,2085.080667,1.17
8319,8248,813.59559,1.17
8319,12569,1806.024699,1.17
8320,3212,570.6328092,1.17
8320,8833,382.94,1.17
8320,11322,133.78,1.17
8321,8329,364.9025053,1.17
8321,8833,625.6618949,1.17
8321,11319,401.4174947,1.17
8322,2056,1923.84527,1.17
8322,7557,1375.1052,1.17
8322,7563,2224.691601,1.17
8322,8324,2080.580296,1.17
8323,8830,984.000193,1.17
8323,11319,1035.285317,1.17
8324,2050,1796.889473,1.17
8324,2051,531.613209,1.17
8324,8322,1797.036125,1.17
8324,10616,1168.104292,1.17
8325,8326,507.3030226,1.17
8325,8565,1183.401012,1.17
8325,8822,895.4916741,1.17
8326,8325,146.51,1.17
8326,11319,507.3030226,1.17
8327,6708,1770.117162,1.17
8327,10366,1632.170273,1.17
8327,10370,1164.069089,1.17
8327,12487,536.7684241,1.17
8328,1843,1563.405853,1.17
8328,7020,1981.292597,1.17
8328,8334,2778.21659,1.17
8328,12957,2933.078841,1.17
8329,8317,19.69,1.17
8329,8321,68.39,1.17
8329,8330,353.8830896,1.17
8330,8316,0.0,1.17
8330,8329,68.39,1.17
8330,8332,353.8830896,1.17
8331,8332,276.5594158,1.17
8331,8742,1953.195112,1.17
8331,8832,1402.354493,1.17
8332,8330,68.39,1.17
8332,8331,760.9412924,1.17
8332,8333,261.54,1.17
8332,11323,90.52250533,1.17
8333,8332,273.9092689,1.17
8333,8337,135.01,1.17
8333,11319,1016.399065,1.17
8333,11320,1145.772812,1.17
8334,7016,525.1677616,1.17
8334,7020,1311.067714,1.17
8334,8328,2482.057538,1.17
8334,8335,2935.202152,1.17
8335,2827,2688.752485,1.17
8335,7865,786.2954154,1.17
8335,8334,2558.432992,1.17
8335,10598,485.0259104,1.17
8336,2826,2591.221339,1.17
8336,8342,2550.934964,1.17
8337,8333,387.6090555,1.17
8337,8338,1966.129072,1.17
8337,8555,251.35,1.17
8337,8564,1306.828547,1.17
8338,1164,107.67,1.17
8338,8033,2287.006204,1.17
8338,8337,1168.066151,1.17
8338,11320,306.3028678,1.17
8339,8033,687.3161511,1.17
8339,8036,86.57,1.17
8339,8765,1797.602458,1.17
8340,8033,193.82,1.17
8340,8036,200.315135,1.17
8340,8345,6030.338704,1.17
8341,1165,239.89,1.17
8341,8036,1349.530017,1.17
8341,8370,935.1280401,1.17
8341,11317,151.66,1.17
8342,2795,2418.454982,1.17
8342,6914,550.8526556,1.17
8342,8336,2517.01496,1.17
8342,12370,1476.114519,1.17
8343,8339,2187.88531,1.17
8344,2795,2318.115708,1.17
8344,8349,2561.575953,1.17
8344,12221,1735.105943,1.17
8345,4480,545.1302929,1.17
8345,8350,5485.208411,1.17
8346,3228,672.7611684,1.17
8346,4479,549.58,1.17
8346,7220,635.479197,1.17
8346,11320,680.4992787,1.17
8347,7811,2058.160661,1.17
8347,8343,1740.76531,1.17
8348,7812,2825.787784,1.17
8348,8169,583.5022525,1.17
8348,8742,1673.491913,1.17
8349,8344,2533.623934,1.17
8349,8351,2411.068215,1.17
8349,10350,406.3189491,1.17
8349,12192,415.0160442,1.17
8350,2095,7669.900739,1.17
8351,4402,593.730243,1.17
8351,6750,374.166691,1.17
8351,8349,2510.506814,1.17
8351,8352,2082.753119,1.17
8352,4403,246.74,1.17
8352,6743,271.4608289,1.17
8352,8351,2248.319891,1.17
8352,8355,2050.137327,1.17
8353,8104,1658.376507,1.17
8353,8354,2817.509449,1.17
8353,8362,312.0707749,1.17
8353,11257,2074.283206,1.17
8354,7453,3309.137489,1.17
8354,8106,1497.624939,1.17
8354,8353,1932.489752,1.17
8354,8362,1633.750965,1.17
8355,4404,1209.512607,1.17
8355,8352,2159.605652,1.17
8355,8356,2272.553449,1.17
8355,10346,808.7663944,1.17
8356,4405,434.5133002,1.17
8356,6375,382.6237974,1.17
8356,8355,2231.4654,1.17
8356,8357,2272.553449,1.17
8357,4406,1829.466606,1.17
8357,6374,1339.807784,1.17
8357,8356,2231.4654,1.17
8357,8828,2867.722371,1.17
8358,4409,460.87,1.17
8358,5167,2144.664088,1.17
8358,6212,2850.444873,1.17
8358,8360,2300.273424,1.17
8359,7218,676.8432009,1.17
8359,7220,730.6753927,1.17
8360,5972,743.9137249,1.17
8360,5986,847.7491604,1.17
8360,8358,2661.869476,1.17
8360,10574,1347.361849,1.17
8361,9223,3560.541852,1.17
8361,10643,1773.811106,1.17
8361,10644,1502.344674,1.17
8362,7222,1945.821739,1.17
8362,8353,1473.573649,1.17
8362,8354,1827.842979,1.17
8363,2337,1158.358854,1.17
8363,8292,2341.58146,1.17
8363,8294,443.5407593,1.17
8363,8430,273.52,1.17
8364,2090,2784.00716,1.17
8364,2441,2861.388429,1.17
8364,7672,1032.496673,1.17
8364,10636,1788.367823,1.17
8365,3232,793.22,1.17
8365,7176,2669.467911,1.17
8365,7221,2742.803998,1.17
8365,8374,198.9038521,1.17
8366,7585,1476.020291,1.17
8366,10619,2320.234398,1.17
8366,10624,1745.201688,1.17
8366,10625,2991.194467,1.17
8367,3230,0.0,1.17
8367,8368,206.4292787,1.17
8367,11321,465.9452368,1.17
8368,3230,1000.00687,1.17
8368,8367,432.9452355,1.17
8368,8369,744.5048659,1.17
8369,3229,1293.354883,1.17
8369,8368,1432.952105,1.17
8369,8373,380.2525324,1.17
8370,3228,102.5,1.17
8370,3229,1216.817882,1.17
8370,8341,752.7600175,1.17
8370,8548,30.37,1.17
8371,4431,537.2638687,1.17
8371,7045,2399.439114,1.17
8371,7455,484.4790104,1.17
8371,10614,2840.928925,1.17
8372,2825,2269.638194,1.17
8372,7046,1506.170025,1.17
8372,8375,2234.790094,1.17
8372,10601,2086.524521,1.17
8373,8369,548.8500175,1.17
8373,8374,1162.041218,1.17
8373,8548,108.65,1.17
8374,7182,868.6425373,1.17
8374,8365,920.3481127,1.17
8374,8373,657.5000175,1.17
8374,8821,379.1905558,1.17
8375,6978,645.2629976,1.17
8375,8372,2185.904614,1.17
8375,8376,2200.736759,1.17
8375,10602,399.8536951,1.17
8376,2841,2258.372478,1.17
8376,6973,546.9535866,1.17
8376,6986,953.2359355,1.17
8376,8375,2176.110747,1.17
8377,8378,2467.837791,1.17
8377,10595,526.0496451,1.17
8377,10596,211.755572,1.17
8377,12181,2678.805938,1.17
8378,6866,1673.404473,1.17
8378,6883,1626.471385,1.17
8378,8377,2535.253732,1.17
8378,8380,2356.071932,1.17
8379,7176,2698.968626,1.17
8379,7177,1164.692951,1.17
8379,8454,1302.618346,1.17
8379,11254,1488.459813,1.17
8380,6865,278.7019574,1.17
8380,6882,0.0,1.17
8380,8378,2544.507373,1.17
8380,8381,2313.381916,1.17
8381,8380,2395.500651,1.17
8381,8382,1898.407584,1.17
8381,9635,1708.348847,1.17
8381,10589,1469.777341,1.17
8382,6707,641.2684975,1.17
8382,8381,2022.824236,1.17
8382,8383,2324.995907,1.17
8382,9634,656.9765202,1.17
8383,4426,997.9784532,1.17
8383,6274,1033.227862,1.17
8383,8382,2378.95837,1.17
8383,8385,2276.207824,1.17
8384,7215,210.15,1.17
8384,11257,1414.564501,1.17
8384,11260,1344.93,1.17
8385,8383,2418.623188,1.17
8385,8386,2253.048101,1.17
8385,10583,523.9731719,1.17
8385,10584,566.1742378,1.17
8386,4429,1271.419683,1.17
8386,6272,1948.893671,1.17
8386,8385,2256.646376,1.17
8386,8398,3350.744592,1.17
8387,7281,1092.603963,1.17
8387,8388,0.0,1.17
8387,11260,816.4746148,1.17
8388,7212,484.7032646,1.17
8388,8387,0.0,1.17
8388,8389,294.026546,1.17
8388,8392,0.0,1.17
8389,8388,484.7032646,1.17
8389,8390,520.41,1.17
8389,8403,136.516546,1.17
8389,11260,365.2963833,1.17
8390,8389,500.5849534,1.17
8390,8391,45.72,1.17
8390,8397,417.84,1.17
8390,11261,254.35,1.17
8391,8390,53.66,1.17
8391,8392,45.72,1.17
8391,8396,0.0,1.17
8392,7194,45.72,1.17
8392,8388,0.0,1.17
8392,8391,53.66,1.17
8392,8393,0.0,1.17
8393,7191,28.13,1.17
8393,8392,0.0,1.17
8393,8394,0.0,1.17
8393,8396,10.38,1.17
8394,7188,1609.599948,1.17
8394,8393,0.0,1.17
8394,8395,1214.3,1.17
8395,8394,1609.599948,1.17
8395,8396,0.0,1.17
8395,11262,1214.3,1.17
8396,8391,0.0,1.17
8396,8393,28.13,1.17
8396,8395,128.12,1.17
8396,8397,10.38,1.17
8397,8390,280.9824199,1.17
8397,8396,156.25,1.17
8397,8401,101.72,1.17
8397,11262,491.23,1.17
8398,6186,577.2189178,1.17
8398,6282,799.9371162,1.17
8398,8386,2753.810864,1.17
8398,8399,3357.271923,1.17
8399,6186,873.7947637,1.17
8399,8398,2967.265749,1.17
8399,8402,3113.81673,1.17
8399,10578,1257.288602,1.17
8400,7187,0.0,1.17
8400,8413,793.93,1.17
8400,11262,1227.022368,1.17
8401,7187,40.42,1.17
8401,8397,229.64,1.17
8401,8409,101.72,1.17
8401,11261,0.0,1.17
8402,6163,805.2145224,1.17
8402,6191,463.0895912,1.17
8402,8399,2875.370518,1.17
8402,8406,3252.867,1.17
8403,7215,367.3874665,1.17
8403,8389,349.4146945,1.17
8403,8404,210.15,1.17
8403,8405,136.516546,1.17
8404,8403,367.3874665,1.17
8404,8405,199.44,1.17
8404,8409,41.3,1.17
8404,11261,375.89,1.17
8405,8403,349.4146945,1.17
8405,8404,207.04,1.17
8405,11258,301.48,1.17
8405,11259,34.47654603,1.17
8406,8402,2794.379265,1.17
8406,8407,3556.213928,1.17
8406,10571,1892.842564,1.17
8406,10572,2046.935551,1.17
8407,5879,637.5345275,1.17
8407,5883,564.0149988,1.17
8407,8406,2989.129582,1.17
8407,8408,3520.623191,1.17
8408,5794,3186.401124,1.17
8408,8407,2975.88501,1.17
8408,10565,2146.53973,1.17
8408,10566,2569.004149,1.17
8409,7186,0.0,1.17
8409,8401,229.64,1.17
8409,8404,43.56,1.17
8409,11259,58.16,1.17
8410,3969,2523.164093,1.17
8410,8453,1593.286441,1.17
8410,12118,380.1584143,1.17
8410,12119,516.3862013,1.17
8411,2841,849.5291062,1.17
8411,7888,11503.44127,1.17
8412,7884,13808.37415,1.17
8413,7186,0.0,1.17
8413,8400,1227.022368,1.17
8413,8417,793.93,1.17
8414,4350,5072.356417,1.17
8414,7351,2065.41521,1.17
8414,7519,4220.77007,1.17
8415,2821,149.14,1.17
8415,7598,931.7033403,1.17
8415,8118,423.699285,1.17
8416,2876,712.3995611,1.17
8416,7597,496.11,1.17
8417,8413,1227.022368,1.17
8417,8418,293.75,1.17
8417,8439,500.18,1.17
8418,8417,222.01,1.17
8418,8419,729.1150752,1.17
8418,8438,304.3266479,1.17
8419,8418,526.3366479,1.17
8419,8420,615.5671145,1.17
8419,8437,293.75,1.17
8420,7185,894.4509162,1.17
8420,8419,304.3266479,1.17
8420,8436,377.5814292,1.17
8421,2860,502.1024347,1.17
8421,8098,334.9484055,1.17
8421,10380,836.4940875,1.17
8422,2859,1922.011488,1.17
8422,4375,1546.767512,1.17
8422,8093,518.5731338,1.17
8423,7185,681.908077,1.17
8423,8424,1224.938131,1.17
8423,8433,131.1080903,1.17
8423,11259,718.143454,1.17
8424,8423,819.611531,1.17
8424,8433,470.4750493,1.17
8424,11258,1696.91433,1.17
8425,7826,140.4987021,1.17
8425,8170,12850.71352,1.17
8426,7782,768.4395566,1.17
8426,8177,10893.00345,1.17
8427,8429,605.8435215,1.17
8427,8454,396.16,1.17
8427,9153,511.8383158,1.17
8427,11254,1465.031793,1.17
8428,8803,784.8491636,1.17
8428,12056,872.8802129,1.17
8428,12058,832.1661834,1.17
8428,12133,331.2907039,1.17
8429,8427,873.9980903,1.17
8429,8459,60.55,1.17
8429,11255,676.8835215,1.17
8429,11258,247.7716842,1.17
8430,8290,1655.811368,1.17
8430,8363,0.0,1.17
8430,11006,1188.034967,1.17
8431,8433,150.87,1.17
8431,8434,357.7035215,1.17
8431,8447,38.96,1.17
8431,11255,426.7280903,1.17
8432,9109,572.8839909,1.17
8432,9134,2063.163053,1.17
8432,10506,1503.243326,1.17
8433,8423,150.87,1.17
8433,8424,471.9761984,1.17
8433,8431,131.1080903,1.17
8433,8434,470.4750493,1.17
8434,8431,334.58,1.17
8434,8433,471.9761984,1.17
8434,8435,828.1785708,1.17
8435,8434,806.5561984,1.17
8435,8436,117.3586287,1.17
8435,8446,783.0399422,1.17
8436,8420,278.8838016,1.17
8436,8435,77.88,1.17
8436,8437,184.2484654,1.17
8436,11256,377.5814292,1.17
8437,8419,402.2120394,1.17
8437,8436,77.88,1.17
8437,8438,26.0416995,1.17
8437,8445,261.8169292,1.17
8438,8418,435.3650752,1.17
8438,8437,0.0,1.17
8438,8439,0.0,1.17
8438,8444,330.3683474,1.17
8439,8417,1005.012368,1.17
8439,8438,0.0,1.17
8439,8443,500.18,1.17
8440,3968,1846.057164,1.17
8440,7466,707.4971835,1.17
8440,12114,2748.201533,1.17
8441,8932,895.3915169,1.17
8441,10534,1809.823625,1.17
8441,12264,159.1977079,1.17
8441,12265,497.2732577,1.17
8442,10533,634.4957062,1.17
8442,12259,1742.275887,1.17
8442,12323,2210.492916,1.17
8443,8439,1005.012368,1.17
8443,8444,1322.617115,1.17
8443,8466,175.31,1.17
8443,9244,1042.136648,1.17
8444,8438,435.3650752,1.17
8444,8443,717.2666479,1.17
8444,8445,887.2520394,1.17
8445,8437,289.9522026,1.17
8445,8444,386.8983005,1.17
8445,11256,922.92,1.17
8446,8435,800.8961984,1.17
8446,8447,256.07,1.17
8446,8462,0.0,1.17
8446,11256,1266.269942,1.17
8447,8431,44.05,1.17
8447,8446,555.45,1.17
8447,8449,295.03,1.17
8447,8461,0.0,1.17
8448,8450,198.9954732,1.17
8448,9107,392.0252967,1.17
8448,10505,177.44,1.17
8449,8447,599.5,1.17
8449,8459,221.92,1.17
8449,8460,150.14,1.17
8449,11255,103.52,1.17
8450,2436,0.61,1.17
8450,8448,356.0952967,1.17
8450,10508,198.3854732,1.17
8451,2436,946.9552635,1.17
8451,8452,1203.167927,1.17
8451,10508,133.2975223,1.17
8452,8451,1080.252786,1.17
8452,9146,1086.517927,1.17
8452,9147,116.65,1.17
8453,8410,1108.639066,1.17
8453,12117,2954.301258,1.17
8453,12118,513.2448977,1.17
8453,12119,739.9437989,1.17
8454,8379,1517.229271,1.17
8454,8427,569.489342,1.17
8454,8459,352.24,1.17
8454,8501,1383.868346,1.17
8455,8799,203.89,1.17
8455,8802,149.23,1.17
8455,9146,1076.268512,1.17
8455,12030,673.9523215,1.17
8456,3948,30.05,1.17
8456,3949,10.21,1.17
8456,8793,92.95328582,1.17
8457,3985,366.0405506,1.17
8457,12062,722.8285203,1.17
8457,12063,105.2598948,1.17
8458,8459,167.6616842,1.17
8458,8460,0.0,1.17
8458,11251,60.55,1.17
8459,8429,167.6616842,1.17
8459,8449,352.24,1.17
8459,8454,221.92,1.17
8459,8458,60.55,1.17
8460,8449,350.78,1.17
8460,8458,0.0,1.17
8460,8461,0.0,1.17
8460,8470,150.14,1.17
8461,8447,0.0,1.17
8461,8460,0.0,1.17
8461,8462,0.0,1.17
8461,8469,0.0,1.17
8462,8446,0.0,1.17
8462,8461,0.0,1.17
8462,8466,0.0,1.17
8462,8468,0.0,1.17
8463,10323,108.8637371,1.17
8463,12072,78.79,1.17
8463,12073,0.0,1.17
8464,12071,893.7243215,1.17
8464,12078,1968.107512,1.17
8464,12079,751.9974058,1.17
8464,12128,1449.431314,1.17
8465,8847,1642.834899,1.17
8465,12076,2393.687358,1.17
8465,12079,484.2396175,1.17
8465,12080,565.5774335,1.17
8466,8443,263.0523676,1.17
8466,8462,0.0,1.17
8466,11252,175.31,1.17
8467,8847,2548.294835,1.17
8467,8852,0.0,1.17
8467,12134,1985.563128,1.17
8468,8462,0.0,1.17
8468,8469,796.9032501,1.17
8468,8474,77.32335214,1.17
8468,11252,563.97,1.17
8469,8461,0.0,1.17
8469,8468,623.7433521,1.17
8469,8470,796.9032501,1.17
8469,8473,0.0,1.17
8470,8460,350.78,1.17
8470,8469,623.7433521,1.17
8470,11251,891.3832501,1.17
8471,8472,1754.874347,1.17
8471,9190,1519.165457,1.17
8471,12121,0.0,1.17
8471,12268,250.3075606,1.17
8472,3970,1869.547387,1.17
8472,8471,1769.473018,1.17
8472,12121,1188.843137,1.17
8472,12273,1768.004001,1.17
8473,8469,0.0,1.17
8473,8474,0.0,1.17
8473,8504,0.0,1.17
8474,8468,181.0856177,1.17
8474,8473,0.0,1.17
8474,11248,77.32335214,1.17
8475,8476,1335.123706,1.17
8475,8885,1053.772951,1.17
8475,8926,1514.379641,1.17
8475,12276,680.6881356,1.17
8476,8475,1906.301331,1.17
8476,12276,1938.31904,1.17
8476,12331,1981.796093,1.17
8476,12332,1515.251774,1.17
8477,3978,1493.272354,1.17
8477,10536,159.6774196,1.17
8477,12332,2260.77333,1.17
8478,8481,993.408568,1.17
8478,12328,1914.405875,1.17
8478,12329,345.2810772,1.17
8478,12330,279.84,1.17
8479,8780,34.43,1.17
8479,9243,92.77,1.17
8479,11249,189.4,1.17
8480,8485,948.66,1.17
8480,9243,2097.057115,1.17
8480,11248,262.2466479,1.17
8480,11252,249.35,1.17
8481,8478,1246.526319,1.17
8481,12329,1129.115031,1.17
8481,12330,991.7284684,1.17
8481,12331,2857.070015,1.17
8482,4972,1009.688366,1.17
8482,8483,2561.572716,1.17
8482,10805,877.6058672,1.17
8482,12322,2397.755714,1.17
8483,5083,2208.465666,1.17
8483,8482,2531.992087,1.17
8483,10545,590.7925516,1.17
8483,10805,1676.638428,1.17
8484,4972,3345.485093,1.17
8484,4988,1807.891452,1.17
8484,10545,1184.845065,1.17
8485,8480,2009.462732,1.17
8485,8499,0.0,1.17
8485,11245,948.66,1.17
8486,4972,1855.143319,1.17
8486,8487,1868.084663,1.17
8486,10540,1440.346742,1.17
8486,10547,1201.963399,1.17
8487,3981,633.72,1.17
8487,4995,2050.487678,1.17
8487,8486,2036.91366,1.17
8488,8489,0.0,1.17
8488,8490,1000.1,1.17
8488,11245,2025.182732,1.17
8489,7169,0.0,1.17
8489,8488,0.0,1.17
8490,8488,2025.182732,1.17
8490,8491,988.47,1.17
8490,8497,11.63,1.17
8491,7169,0.0,1.17
8491,8490,2003.512732,1.17
8491,8492,1355.583968,1.17
8491,8496,183.07,1.17
8492,3225,125.46,1.17
8492,8491,1974.326065,1.17
8492,8701,1345.174108,1.17
8493,11032,1294.591813,1.17
8493,12083,1429.529904,1.17
8493,12139,526.56122,1.17
8494,9679,412.7982715,1.17
8494,11034,677.3798131,1.17
8494,12158,815.0174982,1.17
8495,11173,1139.951085,1.17
8495,11178,1023.058275,1.17
8496,3225,0.0,1.17
8496,7156,342.4600428,1.17
8496,8491,579.3706354,1.17
8497,8490,21.67,1.17
8497,11240,11.63,1.17
8497,11244,2.42,1.17
8498,11183,382.04,1.17
8498,12471,2339.522518,1.17
8498,12474,2817.468812,1.17
8499,7171,0.0,1.17
8499,8485,0.0,1.17
8499,11244,0.0,1.17
8500,11182,676.4955548,1.17
8500,12470,2447.413701,1.17
8500,12471,2742.871872,1.17
8501,7174,714.0549937,1.17
8501,7178,588.0014762,1.17
8501,8454,1902.128613,1.17
8501,11251,912.5433521,1.17
8502,3233,118.58,1.17
8502,8504,0.0,1.17
8502,11248,124.25,1.17
8503,9993,14.38,1.17
8503,11200,2610.159103,1.17
8504,3233,0.0,1.17
8504,8473,0.0,1.17
8504,8502,0.0,1.17
8505,9679,305.4058699,1.17
8505,11035,2265.577549,1.17
8505,11783,1868.713704,1.17
8506,824,377.6,1.17
8506,11015,427.3749623,1.17
8506,11016,1597.345038,1.17
8506,12302,597.1950327,1.17
8507,8508,692.8574936,1.17
8507,9650,1203.456484,1.17
8507,11017,970.1448713,1.17
8507,11781,627.6263074,1.17
8508,8507,380.9245488,1.17
8508,8914,994.7764902,1.17
8508,11014,859.4981699,1.17
8508,12303,271.710969,1.17
8509,11082,2156.795904,1.17
8509,11083,2277.728453,1.17
8509,11088,636.6799556,1.17
8510,7170,486.7249937,1.17
8510,7174,1275.596839,1.17
8510,11246,60.74,1.17
8510,11247,327.92,1.17
8511,2381,850.3473908,1.17
8511,2382,0.0,1.17
8511,8512,1536.86234,1.17
8511,10809,2774.856149,1.17
8512,2381,633.1757896,1.17
8512,2382,172.22,1.17
8512,8511,1674.996249,1.17
8512,10815,2183.61234,1.17
8513,12319,2678.526468,1.17
8513,12320,141.9322849,1.17
8514,2383,10222.83685,1.17
8514,8513,722.7630457,1.17
8515,8280,1301.019645,1.17
8515,9772,2171.754531,1.17
8516,5084,2122.789449,1.17
8516,5085,1621.333487,1.17
8516,7921,0.0,1.17
8516,8617,192.8285338,1.17
8517,7170,31.66,1.17
8517,8544,137.4466476,1.17
8517,11242,1067.336437,1.17
8517,11246,1188.893825,1.17
8518,5087,2027.155253,1.17
8518,5481,2672.645306,1.17
8518,5487,1342.478263,1.17
8519,8525,929.19,1.17
8519,8543,345.6066876,1.17
8519,11242,819.9009249,1.17
8520,7170,967.3568389,1.17
8520,11240,628.0439682,1.17
8520,11242,502.54071,1.17
8520,11243,190.3,1.17
8521,5484,2006.449801,1.17
8521,8522,1538.703252,1.17
8521,10823,1268.159418,1.17
8522,4439,1136.742646,1.17
8522,5742,2032.917778,1.17
8522,8521,1797.824635,1.17
8522,8524,724.7999121,1.17
8523,7156,720.9839682,1.17
8523,8525,288.5295447,1.17
8523,8529,210.6204553,1.17
8523,11240,1141.359233,1.17
8524,4438,473.9042481,1.17
8524,5742,577.0638619,1.17
8524,5745,651.2968434,1.17
8524,8522,1057.932035,1.17
8525,8519,1165.507612,1.17
8525,8523,281.46,1.17
8525,8530,911.6295447,1.17
8525,8532,266.76,1.17
8526,7155,0.0,1.17
8526,8529,0.0,1.17
8526,8699,0.0,1.17
8527,6130,883.580276,1.17
8527,6255,1080.986435,1.17
8527,12410,775.3247191,1.17
8528,6765,2914.713021,1.17
8528,6773,2673.045104,1.17
8528,6781,320.9646344,1.17
8529,8523,475.3192331,1.17
8529,8526,0.0,1.17
8529,8530,0.0,1.17
8529,8698,210.6204553,1.17
8530,8525,1171.357612,1.17
8530,8529,0.0,1.17
8530,9743,911.6295447,1.17
8531,4458,1033.522288,1.17
8531,10841,2290.442683,1.17
8531,12464,1115.105771,1.17
8532,8525,236.28,1.17
8532,8533,266.76,1.17
8532,8542,68.19331244,1.17
8532,9742,2.48,1.17
8533,8532,236.28,1.17
8533,8672,177.26,1.17
8533,11315,591.4723957,1.17
8534,12100,328.3676578,1.17
8534,12521,542.0419537,1.17
8534,12522,570.4228421,1.17
8535,8536,3.55,1.17
8535,8539,1312.502238,1.17
8535,8812,156.0,1.17
8535,11315,657.98,1.17
8536,8535,20.42591334,1.17
8536,8538,176.9334466,1.17
8536,8813,7.41,1.17
8536,11314,3.55,1.17
8537,12320,2301.973488,1.17
8537,12321,245.0938379,1.17
8538,8536,7.41,1.17
8538,8539,172.4834466,1.17
8538,10100,4.45,1.17
8539,8535,402.92,1.17
8539,8538,5.54,1.17
8539,10101,1484.985684,1.17
8540,8542,255.79,1.17
8540,11315,93.97,1.17
8541,4448,553.5279807,1.17
8541,7480,335.0097016,1.17
8541,12457,730.0114256,1.17
8541,12512,489.2584787,1.17
8542,8532,2.48,1.17
8542,8540,93.97,1.17
8542,8543,156.55,1.17
8542,11318,167.4333124,1.17
8543,8519,159.3225373,1.17
8543,8542,56.77,1.17
8543,8544,487.5378494,1.17
8543,11242,128.29,1.17
8544,8517,80.53,1.17
8544,8543,182.7825373,1.17
8544,11318,573.264497,1.17
8545,2125,1540.11,1.17
8545,8546,1418.514511,1.17
8545,10820,1916.705515,1.17
8546,8545,2947.255515,1.17
8546,10819,3446.143348,1.17
8547,2125,9941.130685,1.17
8548,8370,384.189842,1.17
8548,8373,781.788686,1.17
8548,8549,139.02,1.17
8549,8548,1165.978528,1.17
8549,8553,87.84,1.17
8549,11317,51.18,1.17
8550,12154,9105.19607,1.17
8551,2131,1148.717901,1.17
8551,2132,0.0,1.17
8551,8552,652.3246052,1.17
8551,10848,1349.771638,1.17
8552,2131,956.4086991,1.17
8552,2132,846.63,1.17
8552,8551,408.5049553,1.17
8552,11092,1883.11696,1.17
8553,8549,780.7332886,1.17
8553,8554,704.2523957,1.17
8553,10101,408.46,1.17
8554,8553,320.62,1.17
8554,10100,1.87,1.17
8554,11317,708.7023957,1.17
8555,8337,538.9623957,1.17
8555,8557,14.62,1.17
8555,11316,124.33,1.17
8555,11317,661.1752394,1.17
8556,8564,2118.128127,1.17
8556,8565,1404.048547,1.17
8557,8555,44.33,1.17
8557,8820,1.98,1.17
8557,11314,18.04,1.17
8558,1988,1809.217135,1.17
8558,10854,1909.995539,1.17
8559,2142,1575.465048,1.17
8559,4523,3666.306843,1.17
8559,8563,2449.510764,1.17
8560,3227,810.4601589,1.17
8560,8816,194.6067013,1.17
8560,11351,138.78,1.17
8561,3227,335.2667013,1.17
8561,8562,321.2752394,1.17
8561,8565,493.75,1.17
8561,8569,77.51491948,1.17
8562,8561,50.96,1.17
8562,11316,321.2752394,1.17
8563,2142,460.6336662,1.17
8563,8559,1987.166621,1.17
8563,10855,2449.510764,1.17
8564,8337,2069.878127,1.17
8564,8556,1404.048547,1.17
8564,11316,48.25,1.17
8565,8325,1402.794697,1.17
8565,8556,2118.128127,1.17
8565,8561,227.7967013,1.17
8565,11354,604.5068727,1.17
8566,2207,279.4202047,1.17
8566,2208,1278.364239,1.17
8566,8567,1271.71689,1.17
8566,10856,2334.370179,1.17
8567,2207,117.93,1.17
8567,2208,1012.872989,1.17
8567,8566,1134.973205,1.17
8567,8963,1853.450349,1.17
8568,8576,387.5868727,1.17
8568,11353,260.2749195,1.17
8568,11354,1070.994376,1.17
8569,8561,138.15,1.17
8569,9744,6.817536851,1.17
8569,11354,102.0549195,1.17
8570,8575,2840.770623,1.17
8570,11104,2566.164303,1.17
8571,8572,81.02,1.17
8571,8574,92.26,1.17
8571,9744,205.1077026,1.17
8572,8571,146.7652394,1.17
8572,8573,237.1644178,1.17
8572,8817,138.8365644,1.17
8573,8572,285.6018038,1.17
8573,8574,442.5428637,1.17
8573,8619,448.2588348,1.17
8573,11347,264.3132957,1.17
8574,8571,58.34246315,1.17
8574,8573,288.5468727,1.17
8574,8576,534.8028637,1.17
8575,2143,1552.817039,1.17
8575,8570,1356.387702,1.17
8575,10867,1979.351705,1.17
8576,8568,703.5068387,1.17
8576,8574,346.8893358,1.17
8576,11350,362.8350805,1.17
8577,3176,5029.285503,1.17
8578,8583,174.14,1.17
8578,9687,877.4754436,1.17
8578,11353,710.68,1.17
8579,2213,631.1874319,1.17
8579,12540,5958.949251,1.17
8580,8619,495.19,1.17
8580,11349,133.56,1.17
8580,11350,692.2771336,1.17
8581,8621,331.1609068,1.17
8581,9028,1345.132628,1.17
8581,10752,2174.944272,1.17
8582,2072,776.7571405,1.17
8582,11108,392.6629622,1.17
8582,12539,1564.237109,1.17
8583,8271,345.0678846,1.17
8583,8578,272.5373654,1.17
8583,8585,218.98,1.17
8583,11352,172.95,1.17
8584,2147,1124.266252,1.17
8584,2148,216.8734416,1.17
8584,8587,508.3217711,1.17
8584,12576,1378.395496,1.17
8585,8270,252.3502897,1.17
8585,8583,354.8184185,1.17
8585,8586,164.7226889,1.17
8585,11386,192.91,1.17
8586,8585,231.1784185,1.17
8586,8589,175.9161887,1.17
8586,11349,123.34,1.17
8586,11352,159.7815815,1.17
8587,2147,896.5087136,1.17
8587,2148,950.7742699,1.17
8587,8584,212.98,1.17
8587,10872,2378.057807,1.17
8588,8589,516.5102686,1.17
8588,8618,435.82,1.17
8588,11349,268.64,1.17
8589,8586,67.15731114,1.17
8589,8588,416.4,1.17
8589,11386,692.4264573,1.17
8590,8591,894.7441818,1.17
8590,10857,2073.737639,1.17
8590,12501,597.0600072,1.17
8590,12506,836.9659969,1.17
8591,8590,580.5266838,1.17
8591,8970,2162.567803,1.17
8591,12501,814.4233963,1.17
8591,12506,663.2454856,1.17
8592,8595,543.7142661,1.17
8592,12505,208.1228073,1.17
8592,12508,628.5024315,1.17
8593,8594,784.52475,1.17
8593,11386,665.6782927,1.17
8593,11388,170.6697103,1.17
8594,8236,564.15475,1.17
8594,8593,555.2382927,1.17
8594,8598,220.37,1.17
8595,8592,356.5824315,1.17
8595,12504,1189.626808,1.17
8595,12509,88.36503289,1.17
8596,8236,420.01,1.17
8596,8598,0.0,1.17
8596,8599,354.8692785,1.17
8597,8600,497.2474713,1.17
8597,10858,863.1359935,1.17
8597,12510,222.6778695,1.17
8598,8594,165.9182927,1.17
8598,8596,0.0,1.17
8598,8599,220.37,1.17
8599,8596,420.01,1.17
8599,8598,165.9182927,1.17
8599,11385,575.2392785,1.17
8600,8597,863.1359935,1.17
8600,12511,940.5759714,1.17
8601,8602,1891.685994,1.17
8601,12517,2103.345548,1.17
8601,12518,850.2650985,1.17
8602,8601,1878.653035,1.17
8602,12515,946.001612,1.17
8602,12519,1952.860766,1.17
8603,8607,1168.801255,1.17
8603,8608,349.8311089,1.17
8603,12524,1348.713231,1.17
8604,3204,778.9364191,1.17
8604,8605,148.3828594,1.17
8604,11385,1447.509441,1.17
8605,3207,221.01986,1.17
8605,8604,637.6865329,1.17
8605,8606,352.4828594,1.17
8606,3201,352.8328594,1.17
8606,8605,664.356393,1.17
8606,11381,0.28,1.17
8607,2206,201.0806387,1.17
8607,8603,780.6630913,1.17
8607,10859,1168.801255,1.17
8608,6940,1606.879289,1.17
8608,8276,1132.99,1.17
8608,8603,568.0501399,1.17
8608,8609,1777.697608,1.17
8609,6779,2824.676725,1.17
8609,8275,426.8719804,1.17
8609,8608,2837.07564,1.17
8610,8611,1751.084159,1.17
8610,11106,4456.165106,1.17
8611,2215,1084.269564,1.17
8611,3119,2529.863867,1.17
8611,8610,2858.476295,1.17
8612,8613,2042.427103,1.17
8612,12559,1260.568967,1.17
8613,2217,1228.807333,1.17
8613,8612,1260.568967,1.17
8613,12558,2042.427103,1.17
8614,8615,1665.770152,1.17
8614,11104,2452.783249,1.17
8615,3462,2032.460152,1.17
8615,4506,743.7677047,1.17
8615,8614,1682.849125,1.17
8616,12215,648.7595521,1.17
8616,12216,84.81101654,1.17
8616,12320,146.1063244,1.17
8617,7924,710.6570222,1.17
8617,7931,0.0,1.17
8617,7932,79.21819668,1.17
8617,8620,1388.872613,1.17
8618,8588,694.0217073,1.17
8618,8619,526.38986,1.17
8618,9746,295.73,1.17
8618,11382,298.39,1.17
8619,8573,568.6429778,1.17
8619,8580,629.9671336,1.17
8619,8618,328.9419621,1.17
8619,9747,554.9168727,1.17
8620,3311,1612.162613,1.17
8620,5100,1455.759262,1.17
8620,8295,102.0077531,1.17
8621,8581,223.6693709,1.17
8621,8879,2.23,1.17
8621,10752,387.3564355,1.17
8621,10755,552.3409068,1.17
8622,5103,517.4464362,1.17
8622,8295,763.2655299,1.17
8622,8626,166.0586031,1.17
8622,10551,1053.179557,1.17
8623,8624,395.1676043,1.17
8623,8637,291.64,1.17
8623,8638,444.8848648,1.17
8623,11346,587.2602514,1.17
8624,8623,672.6979825,1.17
8624,8625,592.9476043,1.17
8624,8637,296.6,1.17
8624,9746,383.2597452,1.17
8625,8624,977.7896898,1.17
8625,8628,585.1476043,1.17
8625,8632,24.93,1.17
8626,5103,841.9117563,1.17
8626,5120,581.5445566,1.17
8626,5121,313.2331296,1.17
8626,8622,615.4017995,1.17
8627,8282,1443.216389,1.17
8627,8671,419.99326,1.17
8627,10594,1724.176874,1.17
8628,6466,609.0776043,1.17
8628,8625,944.0596898,1.17
8628,11380,131.52,1.17
8629,8881,0.0,1.17
8629,9062,868.7360774,1.17
8629,9063,4.75,1.17
8629,10755,668.5158064,1.17
8630,5120,869.7184445,1.17
8630,7944,259.9194145,1.17
8630,8631,964.6243875,1.17
8631,5158,1217.411967,1.17
8631,7942,1279.754509,1.17
8631,8630,1036.858237,1.17
8632,3223,30.36,1.17
8632,8625,50.86,1.17
8632,8633,31.96950083,1.17
8633,8632,22.56,1.17
8633,9357,240.98,1.17
8633,9745,84.69252347,1.17
8633,11343,412.5551715,1.17
8634,5506,1266.534987,1.17
8634,8636,1334.821596,1.17
8635,8638,2.14,1.17
8635,8643,444.1530226,1.17
8635,9745,30.23,1.17
8635,11343,279.38,1.17
8636,8634,791.9204021,1.17
8636,8640,1598.592676,1.17
8637,8623,349.7771336,1.17
8637,8624,366.9880379,1.17
8637,11343,588.24,1.17
8638,8623,229.6676043,1.17
8638,8635,7.53,1.17
8638,8639,437.3548648,1.17
8639,8638,227.5276043,1.17
8639,11346,134.9431273,1.17
8639,11347,572.5648648,1.17
8640,5158,2138.374029,1.17
8640,5163,1471.551907,1.17
8640,8636,791.9204021,1.17
8640,8641,1155.590911,1.17
8641,5163,1571.330134,1.17
8641,8640,1199.812844,1.17
8641,8642,1224.12136,1.17
8641,10553,685.5405068,1.17
8642,5506,424.9673576,1.17
8642,5518,1453.279807,1.17
8642,8641,1770.334476,1.17
8643,8635,274.84,1.17
8643,8644,207.5132957,1.17
8643,11347,649.7256475,1.17
8644,8643,221.7726248,1.17
8644,8645,47.18950083,1.17
8644,9364,198.1432957,1.17
8644,11344,13.5,1.17
8645,8644,20.33,1.17
8645,8654,34.72161396,1.17
8645,9280,155.34,1.17
8645,11345,587.0034913,1.17
8646,5518,684.4042343,1.17
8646,7955,742.2616037,1.17
8646,8647,905.0370611,1.17
8647,5530,838.5241747,1.17
8647,7953,1042.692298,1.17
8647,8646,606.5473296,1.17
8648,4434,884.9788927,1.17
8648,6133,467.2255796,1.17
8648,8649,346.3345078,1.17
8649,6133,959.088754,1.17
8649,6260,933.2064398,1.17
8649,8648,613.9246697,1.17
8649,10576,281.1833577,1.17
8650,8651,151.859135,1.17
8650,8816,541.5050704,1.17
8650,11348,115.67,1.17
8651,8650,479.1001509,1.17
8651,8817,99.899135,1.17
8651,11351,51.96,1.17
8652,6260,1837.886175,1.17
8652,6261,1004.05938,1.17
8652,6263,1858.970437,1.17
8653,3234,131.7413339,1.17
8653,8655,0.34,1.17
8653,8668,280.7210429,1.17
8653,8808,292.2493373,1.17
8654,8645,23.84,1.17
8654,8655,34.72161396,1.17
8654,8808,0.0,1.17
8655,8653,0.37,1.17
8655,8654,23.84,1.17
8655,8656,34.72161396,1.17
8655,9268,0.34,1.17
8656,6714,19.55,1.17
8656,8655,23.84,1.17
8656,8657,15.17161396,1.17
8657,3234,509.1851592,1.17
8657,7813,10.0,1.17
8657,8656,0.0,1.17
8658,7813,0.0,1.17
8658,8663,2993.072844,1.17
8659,8660,0.0,1.17
8659,9359,1236.411739,1.17
8660,7813,494.0135452,1.17
8660,8661,10.0,1.17
8661,8660,494.0135452,1.17
8661,8678,10.0,1.17
8662,8659,1236.411739,1.17
8663,6584,255.8370522,1.17
8663,8664,2737.235792,1.17
8664,8669,2978.78,1.17
8665,11312,0.0,1.17
8666,6584,67.13,1.17
8666,8676,645.7809976,1.17
8666,8812,711.449842,1.17
8666,11312,635.8348721,1.17
8667,8125,588.5407193,1.17
8667,8662,1209.061739,1.17
8668,8123,1071.076553,1.17
8668,8653,0.34,1.17
8668,8810,519.8515967,1.17
8668,8814,0.37,1.17
8669,8763,4317.633821,1.17
8670,7258,81.00466688,1.17
8670,7729,66.02,1.17
8670,7734,139.9421911,1.17
8671,6964,1122.851494,1.17
8671,8281,0.0,1.17
8671,8627,1331.486874,1.17
8672,8533,324.7123957,1.17
8672,8674,56.37,1.17
8672,8676,120.89,1.17
8673,6967,1211.481541,1.17
8673,8289,1012.650824,1.17
8673,8680,1109.977571,1.17
8674,8672,284.3423957,1.17
8674,8675,2.48,1.17
8674,8684,56.37,1.17
8674,9742,68.19331244,1.17
8675,8674,68.19331244,1.17
8675,8676,621.8638003,1.17
8675,8683,453.2060318,1.17
8675,11313,345.8749658,1.17
8676,8666,1043.994714,1.17
8676,8672,40.37,1.17
8676,8675,766.6709976,1.17
8676,8677,0.0,1.17
8677,8676,462.5009139,1.17
8677,8678,27.73,1.17
8677,11313,20.21,1.17
8678,8661,494.0135452,1.17
8678,8677,20.21,1.17
8678,8679,10.0,1.17
8678,9358,27.65,1.17
8679,8678,493.9335452,1.17
8679,8681,345.4349658,1.17
8679,11313,240.182222,1.17
8680,8286,516.3033074,1.17
8680,8673,1478.028349,1.17
8680,12179,1891.415708,1.17
8681,8679,734.1157672,1.17
8681,8682,839.3081134,1.17
8681,8690,0.0,1.17
8681,9258,1106.607975,1.17
8682,8681,761.1730092,1.17
8682,8683,924.4082144,1.17
8682,8689,18.45,1.17
8682,11313,365.8935353,1.17
8683,8675,542.9922694,1.17
8683,8682,761.1730092,1.17
8683,8684,873.1808172,1.17
8683,8688,323.3660318,1.17
8684,8674,284.3423957,1.17
8684,8683,845.1106136,1.17
8684,8685,751.7708172,1.17
8684,8686,177.78,1.17
8685,3224,1171.357612,1.17
8685,8684,769.7830092,1.17
8685,8686,141.8465354,1.17
8686,8684,359.67,1.17
8686,8685,419.5867953,1.17
8686,8688,60.37653541,1.17
8686,11237,259.25,1.17
8687,6261,2014.798012,1.17
8687,6262,911.1822781,1.17
8687,10581,2447.241006,1.17
8688,8683,277.9872678,1.17
8688,8686,216.5867953,1.17
8688,8689,172.3465354,1.17
8688,8694,447.3045171,1.17
8689,8682,450.9936363,1.17
8689,8688,452.4952806,1.17
8689,8690,42.58653541,1.17
8689,11234,148.21,1.17
8690,8681,0.0,1.17
8690,8689,549.4689168,1.17
8690,8691,42.58653541,1.17
8691,8690,549.4689168,1.17
8691,8725,305.7557785,1.17
8691,9255,670.2383075,1.17
8691,11234,451.3807478,1.17
8692,6973,470.8944297,1.17
8692,7885,777.3140587,1.17
8692,8693,170.04,1.17
8693,8692,1197.340294,1.17
8693,12180,919.6792216,1.17
8694,8688,277.9872678,1.17
8694,8708,377.0060318,1.17
8694,11234,429.7889234,1.17
8694,11237,509.9492331,1.17
8695,7451,1955.866735,1.17
8695,8696,423.8384713,1.17
8695,10607,2064.171498,1.17
8696,2069,696.197318,1.17
8696,4431,97.67449815,1.17
8696,7451,559.5145627,1.17
8696,8695,495.3687512,1.17
8697,7150,210.6204553,1.17
8697,8698,475.3192331,1.17
8697,8706,0.0,1.17
8698,3224,0.0,1.17
8698,8529,475.3192331,1.17
8698,8697,210.6204553,1.17
8698,8699,0.0,1.17
8699,7154,0.0,1.17
8699,8526,0.0,1.17
8699,8698,0.0,1.17
8699,8706,0.0,1.17
8700,7154,0.0,1.17
8700,8701,0.0,1.17
8700,8705,252.8998602,1.17
8700,11241,283.65,1.17
8701,7166,1345.174108,1.17
8701,7168,0.0,1.17
8701,8492,1882.802732,1.17
8701,8700,0.0,1.17
8702,7168,0.0,1.17
8702,7169,0.0,1.17
8703,4971,341.7771057,1.17
8703,5005,502.4640449,1.17
8703,5006,368.810392,1.17
8703,5008,929.1465027,1.17
8704,7165,0.0,1.17
8704,7166,1800.642732,1.17
8704,8713,1301.174108,1.17
8705,7162,0.0,1.17
8705,7165,0.0,1.17
8705,8700,283.65,1.17
8705,8712,252.8998602,1.17
8706,7162,0.0,1.17
8706,8697,0.0,1.17
8706,8699,0.0,1.17
8706,8707,0.0,1.17
8707,7150,0.0,1.17
8707,7151,0.0,1.17
8707,7153,0.0,1.17
8707,8706,0.0,1.17
8708,7151,0.0,1.17
8708,7442,557.8260318,1.17
8708,8694,336.4157359,1.17
8708,11237,193.96,1.17
8709,8710,0.0,1.17
8709,8718,0.0,1.17
8710,7157,0.0,1.17
8710,7442,356.0972678,1.17
8710,8709,0.0,1.17
8710,11238,241.9560318,1.17
8711,5008,1752.170632,1.17
8711,5232,1962.785375,1.17
8712,7153,174.2784681,1.17
8712,7157,0.0,1.17
8712,7163,232.5613921,1.17
8712,8705,283.65,1.17
8713,7159,1321.0555,1.17
8713,7163,77.72,1.17
8713,7164,153.03,1.17
8713,8704,1800.642732,1.17
8714,5232,2093.299988,1.17
8714,8715,2587.620465,1.17
8715,5257,1503.871688,1.17
8715,7963,1083.748777,1.17
8715,8714,1884.339988,1.17
8716,7160,0.0,1.17
8716,8719,16.19,1.17
8716,11239,56.85,1.17
8717,5243,2346.314289,1.17
8717,7962,567.2302266,1.17
8717,10554,1534.259363,1.17
8718,8709,0.0,1.17
8718,8719,1096.631532,1.17
8718,11238,1488.74,1.17
8719,8716,56.85,1.17
8719,8718,1488.74,1.17
8719,11235,1112.821532,1.17
8720,7956,1196.015899,1.17
8720,7958,22.05237072,1.17
8720,8722,1056.184452,1.17
8721,8725,1022.718683,1.17
8721,11235,1273.17,1.17
8721,11236,0.0,1.17
8722,7960,1626.387403,1.17
8722,7961,0.0,1.17
8722,8720,7.077472628,1.17
8723,5540,805.8246002,1.17
8723,7970,250.1976293,1.17
8723,8726,657.0636765,1.17
8724,9249,0.0,1.17
8725,8691,0.0,1.17
8725,8721,1273.17,1.17
8725,9249,1022.718683,1.17
8726,8723,805.8246002,1.17
8726,10560,657.0636765,1.17
8727,8728,736.854277,1.17
8727,10560,738.9493224,1.17
8728,7972,453.224277,1.17
8728,7973,283.63,1.17
8728,8727,396.5693224,1.17
8729,7973,1078.848043,1.17
8729,7974,25.65263222,1.17
8729,8730,2083.242767,1.17
8730,5795,1958.342767,1.17
8730,7979,1859.656474,1.17
8730,8729,941.292666,1.17
8731,5796,463.1263198,1.17
8731,7982,203.22,1.17
8731,8732,789.3380828,1.17
8732,5795,851.7805743,1.17
8732,8731,666.3463198,1.17
8733,5904,1731.172463,1.17
8733,7998,1168.455165,1.17
8733,8735,1930.117248,1.17
8734,8256,393.1121842,1.17
8734,8288,508.4,1.17
8734,8838,176.9604873,1.17
8735,5803,1309.025171,1.17
8735,7996,1381.629404,1.17
8735,8733,1519.919365,1.17
8736,5922,861.9654694,1.17
8736,5926,631.9321524,1.17
8736,8002,179.8541962,1.17
8737,5922,744.8133724,1.17
8737,5933,1061.608049,1.17
8738,5957,425.4172888,1.17
8738,8008,441.42,1.17
8738,8739,662.8560854,1.17
8739,5933,794.9764237,1.17
8739,8738,866.8372888,1.17
8740,8018,1346.579639,1.17
8740,8741,1386.68926,1.17
8741,8011,1039.02989,1.17
8741,8014,347.6593703,1.17
8741,8740,358.5929523,1.17
8742,8331,1061.672256,1.17
8742,8348,2792.647578,1.17
8742,8844,988.4476332,1.17
8742,11323,508.6477679,1.17
8743,8018,1416.050789,1.17
8743,8020,718.1973953,1.17
8743,8744,812.8918436,1.17
8744,5972,812.8918436,1.17
8744,8743,1416.050789,1.17
8745,6212,1843.989203,1.17
8745,6213,1783.48932,1.17
8745,8024,1357.976517,1.17
8746,8028,1191.372507,1.17
8746,8748,629.5244198,1.17
8746,9630,507.4228895,1.17
8746,10343,1063.442894,1.17
8747,7886,1215.378367,1.17
8747,7891,1840.353114,1.17
8747,7919,365.954929,1.17
8748,6213,1396.95933,1.17
8748,8746,1575.412507,1.17
8749,8032,996.2372678,1.17
8749,8750,1937.169948,1.17
8749,10343,2471.469508,1.17
8750,8031,1266.237073,1.17
8750,8749,1716.843623,1.17
8750,8751,1457.847998,1.17
8751,6215,3582.862956,1.17
8751,7138,2297.884772,1.17
8751,8750,1502.461019,1.17
8751,8994,1097.192995,1.17
8752,6376,823.564421,1.17
8752,8037,814.7727817,1.17
8752,8753,1832.195753,1.17
8753,6380,1802.643229,1.17
8753,8034,676.2111094,1.17
8753,8752,1183.933261,1.17
8754,6385,1249.619053,1.17
8754,8040,761.6160863,1.17
8754,8755,841.4898386,1.17
8755,2426,1045.547222,1.17
8755,8038,456.372551,1.17
8755,8754,865.508244,1.17
8756,4305,667.8660264,1.17
8756,6759,237.9,1.17
8756,6763,722.5652076,1.17
8756,10347,1367.999631,1.17
8757,8758,2245.021084,1.17
8757,10351,2227.860991,1.17
8757,12758,804.6069811,1.17
8758,4305,1668.261084,1.17
8758,8044,576.76,1.17
8758,8757,1808.45397,1.17
8759,5335,756.2985382,1.17
8759,5344,2653.374907,1.17
8759,5580,1883.506348,1.17
8759,8760,1113.102587,1.17
8760,5580,987.9652205,1.17
8760,5614,831.2334847,1.17
8760,5617,1114.615873,1.17
8760,8759,1103.996671,1.17
8761,5625,810.0268303,1.17
8761,5639,685.7169101,1.17
8761,8982,373.5105724,1.17
8761,10333,628.870363,1.17
8762,8667,1797.602458,1.17
8763,8764,4317.633821,1.17
8764,8340,4317.633821,1.17
8765,8762,1797.602458,1.17
8766,5638,611.7482812,1.17
8766,8767,681.7089064,1.17
8766,8983,1292.76855,1.17
8766,10335,1300.846822,1.17
8767,5837,651.8629504,1.17
8767,8766,763.6583833,1.17
8767,8779,842.3075768,1.17
8767,10335,538.5469251,1.17
8768,5554,694.6574424,1.17
8768,7961,2873.462863,1.17
8768,8769,1206.220642,1.17
8768,10560,737.2263532,1.17
8769,5554,625.5778172,1.17
8769,5795,609.2579642,1.17
8769,5797,1247.216767,1.17
8769,8768,2445.33518,1.17
8770,5796,2534.783986,1.17
8770,5798,2682.037359,1.17
8770,7995,1286.682131,1.17
8771,5797,2576.832628,1.17
8771,5802,1826.537568,1.17
8771,8772,1257.68281,1.17
8771,10561,1223.915615,1.17
8772,5797,2057.846479,1.17
8772,5798,958.2180101,1.17
8772,8771,1227.026193,1.17
8772,10567,1747.782611,1.17
8773,7868,1861.680967,1.17
8773,8774,665.671397,1.17
8773,9347,2067.386104,1.17
8773,9886,1833.204362,1.17
8774,7869,873.0280701,1.17
8774,8773,1248.757286,1.17
8774,9710,665.671397,1.17
8774,10989,1246.384353,1.17
8775,7273,1036.168793,1.17
8775,7900,644.3878678,1.17
8775,8776,699.2560305,1.17
8775,10988,956.1560388,1.17
8776,7275,181.1746335,1.17
8776,8775,996.3081041,1.17
8776,8865,1754.106752,1.17
8776,8927,1792.670847,1.17
8777,7275,564.3102244,1.17
8777,7278,324.67,1.17
8777,7903,478.0609048,1.17
8777,11020,1318.615683,1.17
8778,7915,438.5485264,1.17
8778,12169,533.4048233,1.17
8778,12175,604.4847542,1.17
8779,4422,530.9067198,1.17
8779,5837,658.0054746,1.17
8779,5849,878.2440839,1.17
8779,8767,581.2702603,1.17
8780,7183,31.84,1.17
8780,8479,10.77,1.17
8780,11253,104.76,1.17
8781,5849,491.9456332,1.17
8781,5853,125.1221004,1.17
8781,5854,837.6363719,1.17
8781,8782,0.0,1.17
8781,9022,39.78444098,1.17
8782,5709,0.0,1.17
8782,5713,1325.877884,1.17
8782,7817,0.0,1.17
8782,8781,0.0,1.17
8782,10336,1291.058593,1.17
8783,5466,722.7242316,1.17
8783,8985,732.9349536,1.17
8784,5410,753.268718,1.17
8784,5435,897.5070032,1.17
8785,8786,161.0,1.17
8785,9139,1877.309302,1.17
8785,9141,1453.669091,1.17
8785,10507,51.34,1.17
8786,8785,213.13,1.17
8786,8789,128.29,1.17
8786,9142,32.71,1.17
8787,4412,1902.568618,1.17
8787,5804,476.4023757,1.17
8787,5805,2918.976385,1.17
8787,8788,398.5922507,1.17
8788,5805,1565.352867,1.17
8788,5922,703.2498062,1.17
8788,8787,119.957768,1.17
8788,10568,1007.640922,1.17
8789,8786,187.47,1.17
8789,9142,28.86,1.17
8789,10512,158.34,1.17
8790,5840,634.6624732,1.17
8790,6036,454.6309494,1.17
8790,6049,429.8427536,1.17
8790,8791,493.111204,1.17
8791,6049,489.3766042,1.17
8791,6051,580.5702228,1.17
8791,6071,493.111204,1.17
8791,8790,514.3816412,1.17
8792,8802,0.0,1.17
8792,9145,1636.555247,1.17
8792,9146,1446.688951,1.17
8793,8456,30.05,1.17
8793,8794,0.0,1.17
8793,8802,0.0,1.17
8793,12030,92.95328582,1.17
8794,3949,0.0,1.17
8794,3952,0.0,1.17
8794,8793,0.0,1.17
8794,8795,0.0,1.17
8795,8794,0.0,1.17
8795,10514,726.4323215,1.17
8795,12031,924.4452266,1.17
8796,5930,1407.035765,1.17
8796,5968,1422.635872,1.17
8796,6206,724.6642167,1.17
8796,7469,701.0717219,1.17
8797,6198,575.4639171,1.17
8797,6206,569.2562301,1.17
8797,6208,448.3166954,1.17
8797,8798,583.9263929,1.17
8798,4408,827.5142167,1.17
8798,4409,502.9263929,1.17
8798,6206,780.8577374,1.17
8798,8797,588.49,1.17
8799,8455,329.0,1.17
8799,10509,253.21,1.17
8799,12030,30.05,1.17
8800,6214,2460.562692,1.17
8800,8801,291.5105584,1.17
8800,9631,2230.752723,1.17
8800,9632,0.0,1.17
8801,6213,1498.251257,1.17
8801,6214,1713.423737,1.17
8801,8800,127.2457287,1.17
8801,10340,644.5128376,1.17
8802,8455,132.1705506,1.17
8802,8792,0.0,1.17
8802,8793,0.0,1.17
8802,9145,149.23,1.17
8803,8428,333.2589873,1.17
8803,8831,0.0,1.17
8803,10517,2293.292693,1.17
8803,12059,1397.075991,1.17
8804,6463,365.2414758,1.17
8804,6468,1041.420857,1.17
8804,6478,1176.978977,1.17
8805,6478,1746.39289,1.17
8805,8807,602.56615,1.17
8805,9011,905.46385,1.17
8806,6478,916.4880892,1.17
8806,6479,826.8110259,1.17
8806,8807,566.5059677,1.17
8806,8842,1095.582137,1.17
8807,6482,584.4561978,1.17
8807,8805,527.5642437,1.17
8807,8806,553.0997517,1.17
8807,8836,584.6159199,1.17
8808,8653,412.0923768,1.17
8808,8654,0.0,1.17
8808,8810,320.9011145,1.17
8808,11345,201.0293373,1.17
8809,8817,316.1888694,1.17
8809,11347,505.6607317,1.17
8809,11348,613.0843959,1.17
8810,8668,790.7255105,1.17
8810,8808,85.11,1.17
8810,8815,176.33,1.17
8810,11348,434.7415967,1.17
8811,6389,1078.128893,1.17
8811,6391,1110.256032,1.17
8811,8818,908.9122807,1.17
8811,10344,1060.76841,1.17
8812,8535,880.9439287,1.17
8812,8666,54.01,1.17
8812,8813,101.99,1.17
8813,8536,191.1293599,1.17
8813,8812,169.4940867,1.17
8813,8814,232.549135,1.17
8813,11312,305.3534056,1.17
8814,8668,0.34,1.17
8814,8813,633.1068522,1.17
8814,8815,231.539135,1.17
8814,11314,12.62,1.17
8815,8810,0.0,1.17
8815,8814,633.8968522,1.17
8815,8816,407.869135,1.17
8815,8820,0.0,1.17
8816,8560,282.9549195,1.17
8816,8650,227.129135,1.17
8816,8815,633.8968522,1.17
8817,8572,156.1444178,1.17
8817,8651,398.7801509,1.17
8817,8809,0.0,1.17
8818,6391,892.5258377,1.17
8818,6434,1179.64549,1.17
8818,6438,554.5609018,1.17
8818,8811,812.3493865,1.17
8819,4408,875.4142147,1.17
8819,5167,1234.148439,1.17
8819,8828,1044.068134,1.17
8819,10580,1388.275365,1.17
8820,3227,1.98,1.17
8820,8557,3.42,1.17
8820,8815,0.0,1.17
8821,3232,605.9874627,1.17
8821,8374,275.7361527,1.17
8821,11321,798.0605558,1.17
8822,8277,779.9592785,1.17
8822,8325,1036.891012,1.17
8822,8823,115.5323957,1.17
8823,8296,0.0,1.17
8823,8822,8.2,1.17
8823,8824,147.3278254,1.17
8824,8277,673.23,1.17
8824,8296,1105.618078,1.17
8824,8823,8.2,1.17
8824,8825,115.5323957,1.17
8825,8285,512.3118328,1.17
8825,8824,8.2,1.17
8825,11356,203.22,1.17
8826,8270,395.6992125,1.17
8826,8827,252.8758788,1.17
8826,9193,736.79,1.17
8827,8244,0.0,1.17
8827,8268,505.2261685,1.17
8827,8270,85.44,1.17
8827,8826,59.13,1.17
8828,5167,2926.270629,1.17
8828,6374,745.3940869,1.17
8828,8357,2763.371269,1.17
8828,8819,994.5290836,1.17
8829,3217,1434.056447,1.17
8829,11387,954.4072991,1.17
8829,11389,69.83771914,1.17
8830,8298,881.26,1.17
8830,8323,1035.285317,1.17
8830,8834,460.4414861,1.17
8831,8803,18.02656329,1.17
8831,10523,293.1921382,1.17
8831,12122,305.02,1.17
8832,8314,1222.60444,1.17
8832,8331,1809.495472,1.17
8832,11325,384.2297929,1.17
8833,3219,376.7990856,1.17
8833,8320,547.2728092,1.17
8833,8321,400.94,1.17
8834,3219,316.41,1.17
8834,8830,242.82,1.17
8834,8835,538.8305718,1.17
8835,3212,210.55,1.17
8835,8834,260.82,1.17
8835,8837,722.8866186,1.17
8835,11360,299.02,1.17
8836,2464,829.0090947,1.17
8836,6626,973.1172051,1.17
8836,8807,514.0471589,1.17
8836,8842,814.8656863,1.17
8837,8307,784.3316985,1.17
8837,8309,1012.864176,1.17
8837,8835,121.2,1.17
8838,8734,0.0,1.17
8838,8839,176.9604873,1.17
8839,8255,171.94,1.17
8839,8838,0.0,1.17
8839,8840,197.65,1.17
8839,8841,543.5268686,1.17
8840,8254,345.88,1.17
8840,8839,102.5714536,1.17
8840,11361,700.4095057,1.17
8841,8839,193.69,1.17
8841,9696,1346.786142,1.17
8841,11361,558.6688131,1.17
8842,109,1353.66,1.17
8842,2463,1570.269523,1.17
8842,6624,609.9351581,1.17
8842,8806,1133.666009,1.17
8842,8836,1052.847619,1.17
8843,8175,963.9313499,1.17
8843,8179,585.912541,1.17
8843,11325,860.1186191,1.17
8843,12979,192.08,1.17
8844,8742,1023.859941,1.17
8844,11325,620.3888618,1.17
8844,11326,785.9885112,1.17
8845,10525,230.63,1.17
8845,12065,14.66,1.17
8845,12126,356.7878101,1.17
8846,8151,690.9003514,1.17
8846,8183,373.2942282,1.17
8846,11365,20.12,1.17
8847,8465,2390.334835,1.17
8847,8467,1985.563128,1.17
8847,12080,157.96,1.17
8848,7978,627.0724808,1.17
8848,11364,408.7894091,1.17
8848,11365,277.7863627,1.17
8849,7977,1107.179437,1.17
8849,7978,684.1867814,1.17
8849,8850,290.9854925,1.17
8850,7978,338.8253036,1.17
8850,8849,369.2757874,1.17
8850,8851,452.607149,1.17
8850,9700,777.4317882,1.17
8851,8016,601.9429108,1.17
8851,8850,527.4651965,1.17
8851,9698,133.8501432,1.17
8852,8467,769.5265038,1.17
8852,8856,968.6391244,1.17
8852,12231,1131.552204,1.17
8853,8858,0.0,1.17
8853,12132,585.4451108,1.17
8853,12230,535.0518491,1.17
8854,8000,959.4924962,1.17
8854,8007,830.0804654,1.17
8854,8855,0.0,1.17
8855,7997,218.8949523,1.17
8855,8854,244.7241925,1.17
8855,11372,801.1638649,1.17
8856,8852,989.6188299,1.17
8856,12230,723.5902467,1.17
8856,12233,1278.743693,1.17
8857,8035,543.4672548,1.17
8857,8039,2637.694265,1.17
8857,11282,562.645486,1.17
8858,6619,486.3517282,1.17
8858,8853,236.1032698,1.17
8858,12290,26.99622811,1.17
8859,7936,325.2624098,1.17
8859,7937,14.06,1.17
8859,7989,595.8258295,1.17
8860,8861,157.917654,1.17
8860,11374,1010.306962,1.17
8860,11375,1166.065384,1.17
8861,7859,6.718181635,1.17
8861,7875,281.1541739,1.17
8861,8860,190.8610691,1.17
8862,8867,105.4,1.17
8862,8887,315.95,1.17
8862,12045,21.48,1.17
8863,7909,937.1135478,1.17
8863,7913,266.9990057,1.17
8863,11399,249.22,1.17
8864,7906,248.9593881,1.17
8864,7911,945.0923361,1.17
8864,8865,526.3401742,1.17
8865,7274,429.9325126,1.17
8865,8776,2373.941651,1.17
8865,8864,235.3648385,1.17
8865,11402,1848.240483,1.17
8866,3575,458.1757751,1.17
8866,9735,1334.566031,1.17
8866,11378,1717.541959,1.17
8867,8862,333.33,1.17
8867,8873,56.0245183,1.17
8867,10787,340.1353412,1.17
8867,12050,177.9351987,1.17
8868,9015,1115.999743,1.17
8868,9226,501.3739068,1.17
8868,10939,752.8952381,1.17
8869,4883,41.39,1.17
8869,4884,569.4290723,1.17
8869,4894,965.9327484,1.17
8869,11675,577.9593334,1.17
8869,11678,415.3,1.17
8870,10990,0.0,1.17
8871,2307,200.6,1.17
8871,2322,285.980495,1.17
8871,10691,64.33,1.17
8871,12833,397.8430625,1.17
8872,1842,11.71,1.17
8872,7015,239.9742797,1.17
8872,7073,1606.894124,1.17
8872,10604,2608.917895,1.17
8873,8867,176.69,1.17
8873,10787,437.4536708,1.17
8873,12051,185.3910444,1.17
8873,12053,127.1514353,1.17
8874,8882,0.0,1.17
8874,12130,1599.627757,1.17
8874,12131,1517.001441,1.17
8875,2107,8605.331454,1.17
8876,6808,2755.084099,1.17
8876,9898,4677.141716,1.17
8877,10852,1575.13691,1.17
8877,12461,1183.594162,1.17
8877,12521,1921.38433,1.17
8878,9031,328.65,1.17
8878,9034,170.26,1.17
8878,9069,17.24,1.17
8878,10753,31.49,1.17
8879,8621,4.17,1.17
8879,9063,0.0,1.17
8879,10756,2.23,1.17
8880,9063,1207.883363,1.17
8880,10756,175.05,1.17
8880,10761,1437.635331,1.17
8881,8629,0.0,1.17
8881,10750,2079.977962,1.17
8881,10751,1635.203564,1.17
8882,8874,0.0,1.17
8882,8884,567.56,1.17
8882,12284,61.63,1.17
8883,3958,307.0371675,1.17
8883,12062,416.4604475,1.17
8883,12063,52.36,1.17
8884,8882,61.63,1.17
8884,8894,278.03,1.17
8884,10531,567.56,1.17
8885,3988,1414.150845,1.17
8885,8475,914.7256806,1.17
8885,10535,703.9968048,1.17
8885,12266,428.5724957,1.17
8886,8932,1100.244843,1.17
8886,10533,1233.678512,1.17
8886,12263,1269.30543,1.17
8886,12325,1247.224418,1.17
8887,8862,107.68,1.17
8887,8888,126.94,1.17
8887,12049,2909.520715,1.17
8887,12050,2130.851496,1.17
8888,8887,318.3105909,1.17
8888,9122,149.3289893,1.17
8888,9123,263.54,1.17
8889,8225,2425.356495,1.17
8889,10785,740.2158965,1.17
8889,12048,1837.004872,1.17
8890,9623,1560.503395,1.17
8890,10797,1854.348798,1.17
8890,10803,1899.814094,1.17
8890,12252,1757.096266,1.17
8891,10803,1266.276377,1.17
8891,10810,1331.927956,1.17
8891,12313,2705.25275,1.17
8891,12317,336.7401673,1.17
8892,7479,2364.280627,1.17
8892,10815,2114.267088,1.17
8892,10816,959.2472139,1.17
8892,10822,888.8723707,1.17
8893,2120,3940.358894,1.17
8893,2446,593.68,1.17
8893,12358,939.6769509,1.17
8894,8884,0.0,1.17
8894,12281,641.2421782,1.17
8894,12286,523.9969981,1.17
8895,8902,1037.360772,1.17
8895,12272,1708.339393,1.17
8895,12273,1548.777632,1.17
8896,8897,2.95,1.17
8896,10951,472.8689456,1.17
8896,11769,524.165376,1.17
8897,8896,92.72961721,1.17
8897,9085,1636.861838,1.17
8897,10950,1050.944986,1.17
8897,10955,25.71,1.17
8898,4931,121.73,1.17
8898,8263,2172.511076,1.17
8898,10954,2657.393904,1.17
8898,10955,65.94,1.17
8899,5092,565.048323,1.17
8899,9053,1230.410902,1.17
8899,10943,681.0617592,1.17
8899,10949,178.9408006,1.17
8900,8902,433.2478315,1.17
8900,12268,131.7075776,1.17
8900,12269,719.0109421,1.17
8901,2436,0.0,1.17
8901,9076,0.0,1.17
8901,9110,0.0,1.17
8902,8895,826.506003,1.17
8902,8900,575.4633816,1.17
8902,8912,461.89739,1.17
8903,3407,1707.763572,1.17
8903,3847,864.83,1.17
8903,4700,2529.606002,1.17
8904,9012,1148.853446,1.17
8904,10989,814.105062,1.17
8904,10993,448.2084154,1.17
8905,3862,417.2560999,1.17
8905,10992,530.792366,1.17
8905,11773,1133.336546,1.17
8906,8907,223.0941563,1.17
8906,9046,0.0,1.17
8906,9047,449.5101537,1.17
8906,10994,309.9482039,1.17
8907,3839,0.0,1.17
8907,8906,759.4583576,1.17
8907,8909,186.0141563,1.17
8907,10993,45.3,1.17
8908,3860,243.9444709,1.17
8908,8909,737.6045757,1.17
8908,9045,344.6441563,1.17
8909,8907,216.9631535,1.17
8909,8908,373.4041563,1.17
8909,9047,520.6414222,1.17
8910,3865,508.0596484,1.17
8910,11001,809.82,1.17
8910,11774,2343.535487,1.17
8911,9648,2003.986866,1.17
8911,10923,1420.61365,1.17
8911,11008,367.8133155,1.17
8912,8902,393.2581715,1.17
8912,8926,430.5457457,1.17
8912,12270,1732.02403,1.17
8912,12272,371.889702,1.17
8913,11155,799.8767131,1.17
8913,12303,523.4773672,1.17
8914,8508,605.3895586,1.17
8914,10159,1636.237543,1.17
8914,12304,836.7890634,1.17
8915,9669,114.84,1.17
8915,11016,822.309198,1.17
8915,12347,958.2686516,1.17
8916,3876,1147.639902,1.17
8916,3877,282.01,1.17
8916,8917,172.0750098,1.17
8916,11012,2269.706037,1.17
8917,8293,316.44,1.17
8917,8916,315.0,1.17
8917,11010,198.9194077,1.17
8918,11010,242.7588022,1.17
8918,11011,1848.593931,1.17
8918,12035,3527.261904,1.17
8919,4950,1140.156436,1.17
8919,8920,736.1088731,1.17
8919,11026,1050.32951,1.17
8920,8919,239.5,1.17
8920,8921,961.7108447,1.17
8920,8924,0.0,1.17
8921,8920,162.84,1.17
8921,8922,1761.46622,1.17
8921,11000,731.647634,1.17
8922,8921,810.831358,1.17
8922,9900,3040.65995,1.17
8922,11001,2510.416351,1.17
8923,4933,1696.454787,1.17
8923,8928,271.4591172,1.17
8923,11025,1166.931025,1.17
8924,8920,302.2619715,1.17
8924,9077,168.3,1.17
8924,11026,55.33,1.17
8925,9042,367.9043863,1.17
8925,9051,0.0,1.17
8925,11000,801.6838209,1.17
8926,8475,1101.086161,1.17
8926,8912,440.2421132,1.17
8926,10535,1074.137527,1.17
8927,8776,1236.025355,1.17
8927,9006,2149.015007,1.17
8927,10988,181.0458268,1.17
8927,11020,516.9453665,1.17
8928,3867,297.0691172,1.17
8928,8923,439.8411217,1.17
8928,9651,4.42,1.17
8929,3833,904.8499372,1.17
8929,3837,531.1854014,1.17
8929,11019,22.01,1.17
8930,12118,8933.169181,1.17
8931,12329,9079.180494,1.17
8932,8441,1124.704843,1.17
8932,8886,882.5837552,1.17
8932,8933,12.80776166,1.17
8933,8932,24.46,1.17
8933,10534,663.7,1.17
8933,12325,519.9251451,1.17
8934,8935,0.0,1.17
8934,10537,2004.305066,1.17
8934,12287,1377.551183,1.17
8935,8934,0.0,1.17
8935,12334,1479.869958,1.17
8935,12339,678.08,1.17
8936,8937,170.33,1.17
8936,10326,1215.420611,1.17
8936,12343,313.53,1.17
8936,12345,826.6556233,1.17
8937,8936,384.3736395,1.17
8937,8938,0.0,1.17
8937,8939,519.5280789,1.17
8938,8937,425.0917184,1.17
8938,8940,0.0,1.17
8938,12345,444.2812185,1.17
8938,12346,107.54,1.17
8939,8937,308.48,1.17
8939,10326,1601.130654,1.17
8939,10327,1608.355004,1.17
8940,8938,249.3055923,1.17
8940,10329,444.1156417,1.17
8940,12344,673.1924779,1.17
8941,3931,643.9970634,1.17
8941,10805,1364.281604,1.17
8941,12315,794.690465,1.17
8942,5087,512.9940314,1.17
8942,8943,0.0,1.17
8942,10817,549.5712147,1.17
8943,5481,634.9877531,1.17
8943,8942,0.0,1.17
8943,12366,1396.460426,1.17
8944,8945,3690.266059,1.17
8944,8946,0.0,1.17
8944,10819,3401.580929,1.17
8945,8944,3401.580929,1.17
8945,8947,0.0,1.17
8945,10826,3690.266059,1.17
8946,8944,0.0,1.17
8946,8947,0.0,1.17
8946,8954,0.0,1.17
8947,8945,0.0,1.17
8947,8946,0.0,1.17
8947,8948,132.7829792,1.17
8947,8953,213.89,1.17
8948,8947,213.89,1.17
8948,8950,198.8674122,1.17
8948,10826,766.3027396,1.17
8948,12395,252.1102649,1.17
8949,8962,171.4274496,1.17
8949,11279,0.77,1.17
8949,11282,94.35445647,1.17
8949,11283,141.2725504,1.17
8950,8948,362.6759486,1.17
8950,8951,305.6982235,1.17
8950,12393,308.9695274,1.17
8950,12395,466.2329968,1.17
8951,8950,362.6759486,1.17
8951,8952,0.0,1.17
8951,10832,1689.290862,1.17
8951,12392,1914.548884,1.17
8952,8951,0.0,1.17
8952,12391,0.0,1.17
8952,12398,0.0,1.17
8953,4468,769.1607626,1.17
8953,8947,132.7829792,1.17
8953,8954,524.0953481,1.17
8953,12395,543.6133817,1.17
8954,4469,510.053185,1.17
8954,8946,0.0,1.17
8954,8953,418.1643748,1.17
8954,8955,14.04216317,1.17
8955,4468,467.9416116,1.17
8955,4469,568.6770827,1.17
8955,8954,0.0,1.17
8956,10821,2411.758049,1.17
8956,10827,2102.190971,1.17
8957,8958,521.729547,1.17
8957,10854,1078.753019,1.17
8957,12498,556.2697832,1.17
8958,8957,439.1919285,1.17
8958,8961,205.3119618,1.17
8958,10849,2430.500203,1.17
8958,12498,1737.520077,1.17
8959,8960,41.93470246,1.17
8959,11286,164.86,1.17
8959,11290,676.5227476,1.17
8960,8039,433.44,1.17
8960,8959,0.0,1.17
8960,8964,68.33168256,1.17
8960,11291,2139.845785,1.17
8961,8958,177.8701571,1.17
8961,10849,427.4590275,1.17
8961,12452,430.6932439,1.17
8962,7251,0.0,1.17
8962,8949,0.77,1.17
8962,11287,171.4274496,1.17
8963,8567,1898.432752,1.17
8963,8969,0.0,1.17
8963,12498,1853.450349,1.17
8964,4821,161.2905906,1.17
8964,8960,28.0394094,1.17
8964,11287,68.67168256,1.17
8965,8966,222.8891442,1.17
8965,8967,0.0,1.17
8965,10861,0.0,1.17
8966,8965,0.0,1.17
8966,8968,1355.974561,1.17
8966,10856,2253.270753,1.17
8967,4515,0.0,1.17
8967,8965,0.0,1.17
8967,8968,142.5609069,1.17
8967,10113,0.0,1.17
8968,4516,1355.974561,1.17
8968,8966,2253.270753,1.17
8968,8967,0.0,1.17
8968,8969,0.0,1.17
8969,8963,0.0,1.17
8969,8968,281.9963471,1.17
8969,8970,0.0,1.17
8970,8591,2058.195566,1.17
8970,8969,281.9963471,1.17
8970,12502,2162.567803,1.17
8971,10858,2051.348609,1.17
8971,12513,584.3664723,1.17
8971,12517,1351.588122,1.17
8972,8973,414.300441,1.17
8972,10868,2021.472649,1.17
8972,12581,1763.981345,1.17
8973,2747,418.029061,1.17
8973,8972,382.9926425,1.17
8973,8974,0.0,1.17
8974,8973,214.9138591,1.17
8974,8975,0.0,1.17
8974,9211,314.0177431,1.17
8974,12550,596.276786,1.17
8975,8974,12.66905063,1.17
8975,9209,0.0,1.17
8975,9210,491.4675094,1.17
8975,10875,562.5458448,1.17
8976,7805,4.98,1.17
8976,7808,760.8192677,1.17
8976,11290,294.5292785,1.17
8977,5363,618.9015805,1.17
8977,10332,615.7585655,1.17
8978,4821,41.86831744,1.17
8978,7756,1072.112201,1.17
8978,11291,948.7992506,1.17
8979,4415,831.2960922,1.17
8979,5570,969.7520854,1.17
8979,10562,249.8,1.17
8980,5617,1114.895862,1.17
8980,8981,303.0301587,1.17
8980,10334,1181.496905,1.17
8981,5625,2017.558448,1.17
8981,5636,2165.961358,1.17
8981,8980,562.626858,1.17
8981,8982,598.0424143,1.17
8982,5638,395.1536038,1.17
8982,8761,470.4873547,1.17
8982,8981,733.0519099,1.17
8982,8983,576.3993829,1.17
8983,5639,1517.994765,1.17
8983,8766,1428.508378,1.17
8983,8982,684.5874158,1.17
8983,8984,533.6142328,1.17
8984,5642,245.003686,1.17
8984,5671,542.4391189,1.17
8984,8983,681.8506176,1.17
8984,10335,121.6352866,1.17
8985,5442,732.9349536,1.17
8985,7818,0.0,1.17
8985,8783,722.7242316,1.17
8986,5834,487.8854598,1.17
8986,8988,0.0,1.17
8986,10338,279.34,1.17
8987,7851,414.5041051,1.17
8987,7858,583.9838732,1.17
8987,9240,728.345151,1.17
8988,5835,2849.011928,1.17
8988,8986,167.1184613,1.17
8988,8989,513.1815157,1.17
8988,10338,2849.41338,1.17
8989,6006,735.6294184,1.17
8989,6036,80.38800648,1.17
8989,8988,433.328426,1.17
8989,10341,359.9028721,1.17
8990,6225,747.6935618,1.17
8990,6235,561.1891985,1.17
8990,8992,529.2612476,1.17
8990,10341,630.6172779,1.17
8991,7262,87.12,1.17
8991,7781,1955.120797,1.17
8991,7805,226.0401128,1.17
8991,11291,418.78,1.17
8992,8990,485.020707,1.17
8992,8993,874.8173346,1.17
8992,9005,577.685935,1.17
8993,6232,482.1220915,1.17
8993,8992,782.998543,1.17
8993,8994,1590.924279,1.17
8993,10344,637.911486,1.17
8994,6380,213.7111604,1.17
8994,7138,875.23614,1.17
8994,8751,1675.837033,1.17
8994,8993,1477.862121,1.17
8995,2041,15.69,1.17
8995,2565,870.8122886,1.17
8995,7189,1460.14742,1.17
8995,8058,772.8270006,1.17
8995,8062,426.02,1.17
8996,6235,542.6249383,1.17
8996,8997,103.5553553,1.17
8996,9005,559.4643391,1.17
8997,6236,537.5129191,1.17
8997,8996,306.8611349,1.17
8997,8998,103.5553553,1.17
8997,9004,685.3518574,1.17
8998,6236,617.5380429,1.17
8998,8997,175.5116909,1.17
8998,8999,28.06190892,1.17
8998,9003,669.6196447,1.17
8999,6237,416.2533847,1.17
8999,8998,0.0,1.17
8999,9000,367.6397772,1.17
9000,8999,388.1914758,1.17
9000,9001,866.6530043,1.17
9000,9009,611.2452909,1.17
9001,6463,367.6397772,1.17
9001,9000,999.4367667,1.17
9001,9003,499.0132272,1.17
9002,2469,137.53,1.17
9002,9027,4465.886101,1.17
9003,8998,821.1116426,1.17
9003,9001,455.7404405,1.17
9003,9004,504.2416739,1.17
9003,9633,764.0754934,1.17
9003,10345,1896.81,1.17
9004,6391,638.7468684,1.17
9004,8997,661.3573522,1.17
9004,9003,484.3369144,1.17
9004,9005,550.8466629,1.17
9005,8992,625.264186,1.17
9005,8996,243.2688144,1.17
9005,9004,549.3503481,1.17
9005,10344,764.754915,1.17
9006,8927,1626.445355,1.17
9006,9008,3241.525679,1.17
9006,10988,595.0027302,1.17
9007,3838,672.6151505,1.17
9007,4962,465.2705348,1.17
9007,9008,1271.430946,1.17
9008,9006,2221.448086,1.17
9008,9007,1012.290225,1.17
9008,9043,2467.315222,1.17
9008,10989,1073.659212,1.17
9009,6237,1113.185155,1.17
9009,9000,499.0132272,1.17
9009,9010,1866.969932,1.17
9010,6238,1811.107989,1.17
9010,9009,1612.198382,1.17
9010,9011,992.6484256,1.17
9010,10342,550.3608774,1.17
9011,6498,499.8749155,1.17
9011,8805,1360.84736,1.17
9011,9010,912.9166711,1.17
9012,777,348.32,1.17
9012,8904,931.0873288,1.17
9012,9013,1326.580582,1.17
9012,9048,1465.691421,1.17
9012,9347,1308.987401,1.17
9013,3844,2581.969307,1.17
9013,9012,828.6599115,1.17
9013,9347,1564.232364,1.17
9013,10990,1316.962414,1.17
9014,4400,1116.900202,1.17
9014,5921,1390.650979,1.17
9014,7469,609.9456082,1.17
9015,8868,995.3378867,1.17
9015,9227,641.6789262,1.17
9015,10940,1217.136561,1.17
9016,5837,446.5848503,1.17
9016,5839,481.7601586,1.17
9016,9021,195.2808414,1.17
9017,9018,1831.013277,1.17
9017,9057,879.7151549,1.17
9017,10940,618.9,1.17
9017,10944,1605.521703,1.17
9018,3887,2187.623277,1.17
9018,9017,1694.966858,1.17
9018,10940,636.6341506,1.17
9018,10945,732.756561,1.17
9019,9228,1068.590317,1.17
9019,10941,1916.358357,1.17
9019,10942,2613.206732,1.17
9019,10946,1642.563611,1.17
9020,3888,2359.110687,1.17
9020,5858,1900.506688,1.17
9020,7829,1717.826151,1.17
9020,9228,2593.817577,1.17
9021,4422,806.2639018,1.17
9021,5855,476.9652798,1.17
9021,9016,178.1164489,1.17
9021,9022,0.0,1.17
9022,8781,125.1221004,1.17
9022,9021,0.0,1.17
9022,9023,39.78444098,1.17
9023,6074,660.9355865,1.17
9023,9022,125.1221004,1.17
9023,10339,589.1510698,1.17
9024,6699,387.9955042,1.17
9024,9052,373.2085532,1.17
9024,10587,990.0451413,1.17
9025,7261,1159.235333,1.17
9025,11309,0.0,1.17
9025,11310,1172.348783,1.17
9026,4853,679.2789943,1.17
9026,9903,2482.570775,1.17
9027,4869,768.9799792,1.17
9027,5148,3696.906122,1.17
9028,7619,1013.259371,1.17
9028,8581,2506.105179,1.17
9028,10757,963.84,1.17
9028,11310,281.4,1.17
9029,9068,9104.681464,1.17
9030,9031,1766.332514,1.17
9030,12494,6615.948994,1.17
9031,7619,2062.032514,1.17
9031,8878,198.8,1.17
9032,8547,9941.130685,1.17
9033,9032,2014.214193,1.17
9033,10843,2198.122728,1.17
9034,3947,45.89,1.17
9034,8878,277.01,1.17
9034,9037,124.37,1.17
9035,4853,288.3110057,1.17
9035,9036,0.0,1.17
9035,10753,915.6271838,1.17
9035,11311,321.0644057,1.17
9036,3942,0.09,1.17
9036,7722,0.5,1.17
9036,9035,0.0,1.17
9037,9034,243.9,1.17
9037,10499,475.7210057,1.17
9037,10500,942.6671838,1.17
9038,3942,0.5,1.17
9038,10500,0.0,1.17
9038,11189,0.09,1.17
9039,9040,56.84,1.17
9039,9072,849.5071838,1.17
9039,10500,426.1810057,1.17
9039,11189,54.84,1.17
9040,3947,87.04,1.17
9040,9039,56.54,1.17
9040,10501,90.64,1.17
9041,5205,773.5169912,1.17
9041,7744,155.4294861,1.17
9041,7752,470.0314371,1.17
9041,8167,0.0,1.17
9042,8925,801.6838209,1.17
9042,9667,270.74,1.17
9042,10991,352.0143863,1.17
9042,10992,930.8609698,1.17
9043,3839,623.6140449,1.17
9043,4964,1052.393378,1.17
9043,9008,1525.168937,1.17
9043,9044,1915.935149,1.17
9044,3839,1576.326053,1.17
9044,9043,934.2401789,1.17
9044,10989,1013.184154,1.17
9044,10993,1456.346929,1.17
9045,3839,1213.285436,1.17
9045,3857,240.43,1.17
9045,3859,1766.790685,1.17
9045,8908,801.9290466,1.17
9046,8906,0.0,1.17
9046,9048,1902.573078,1.17
9046,10993,1318.351965,1.17
9047,3861,527.4001537,1.17
9047,8906,40.68,1.17
9047,8909,187.39,1.17
9047,9049,587.6514222,1.17
9048,3841,358.22546,1.17
9048,9012,1189.434537,1.17
9048,9046,1318.351965,1.17
9048,10994,2604.189516,1.17
9049,9047,265.28,1.17
9049,9050,815.6107299,1.17
9049,10994,2014.140727,1.17
9049,10998,3221.489126,1.17
9050,3841,0.0,1.17
9050,3843,1113.000294,1.17
9050,9049,800.7667908,1.17
9050,10999,422.86,1.17
9051,8925,0.0,1.17
9051,9077,96.0561607,1.17
9051,9666,0.0,1.17
9052,6781,369.5772699,1.17
9052,6786,62.5,1.17
9052,9024,252.9414707,1.17
9052,9257,564.3694855,1.17
9053,4703,459.0852148,1.17
9053,8899,1186.562296,1.17
9053,10948,2066.939958,1.17
9053,11197,1195.722163,1.17
9054,9055,2047.20911,1.17
9054,10947,2879.85753,1.17
9054,10948,1708.148852,1.17
9054,10953,1447.215768,1.17
9055,4852,2443.769476,1.17
9055,9054,1925.618126,1.17
9055,10948,2260.533989,1.17
9055,10949,1914.759295,1.17
9056,9057,1600.009791,1.17
9056,9058,881.4232584,1.17
9056,10943,641.0466128,1.17
9056,10944,240.44,1.17
9057,9017,747.3721128,1.17
9057,9056,944.5404857,1.17
9057,10945,1336.9214,1.17
9057,10950,928.4832819,1.17
9058,9056,601.4694768,1.17
9058,10949,2073.797489,1.17
9058,10950,1822.258388,1.17
9058,10955,154.2470659,1.17
9059,10941,254.12,1.17
9059,10945,1431.441577,1.17
9059,10946,1262.965089,1.17
9059,11771,743.9758912,1.17
9060,9091,2552.642867,1.17
9060,10758,2353.190157,1.17
9060,10946,2058.491088,1.17
9060,11771,2077.506957,1.17
9061,10760,679.9920491,1.17
9061,10763,1593.111906,1.17
9061,10764,1543.431909,1.17
9062,8629,673.2658064,1.17
9062,10754,277.5824085,1.17
9062,10760,591.1536689,1.17
9063,8629,42.09160493,1.17
9063,8879,0.0,1.17
9063,8880,1429.885331,1.17
9063,10755,1165.791758,1.17
9064,3890,869.6319515,1.17
9064,10762,334.78,1.17
9064,10765,1169.685,1.17
9064,10771,410.04,1.17
9065,3892,81.02487897,1.17
9065,10757,307.17,1.17
9065,10762,689.5,1.17
9066,9030,8382.281508,1.17
9067,8305,387.3700153,1.17
9067,9100,326.51,1.17
9067,10757,382.48,1.17
9068,9067,268.2800153,1.17
9068,9102,8836.401449,1.17
9069,8305,366.5524777,1.17
9069,8878,2.95,1.17
9069,9104,505.2,1.17
9069,10501,173.6400153,1.17
9070,9071,240.08,1.17
9070,9072,195.4900153,1.17
9070,10501,109.15,1.17
9071,9070,151.7,1.17
9071,9073,0.0,1.17
9071,9105,240.08,1.17
9072,9039,419.5810057,1.17
9072,9070,349.23,1.17
9072,10502,1015.837199,1.17
9073,9071,0.0,1.17
9073,9074,9.87,1.17
9073,10504,20.91,1.17
9074,9073,20.91,1.17
9074,9076,0.0,1.17
9074,9108,823.3071991,1.17
9074,10502,490.3610057,1.17
9075,9076,0.0,1.17
9075,10502,0.0,1.17
9075,11189,0.0,1.17
9076,8901,0.0,1.17
9076,9074,0.0,1.17
9076,9075,0.0,1.17
9077,2192,617.6032477,1.17
9077,8924,318.6819715,1.17
9077,9051,0.0,1.17
9077,11000,1051.32755,1.17
9078,2417,1562.736967,1.17
9078,3864,2157.901404,1.17
9078,6372,1740.106388,1.17
9078,12088,1615.706188,1.17
9079,2418,7.6,1.17
9079,3856,5.91,1.17
9079,6388,1736.603969,1.17
9079,9080,1658.565512,1.17
9080,9079,1736.603969,1.17
9080,10952,968.086814,1.17
9080,10956,1562.041037,1.17
9080,11003,1859.015173,1.17
9081,7447,1055.07,1.17
9081,7646,538.9575772,1.17
9081,7649,498.403161,1.17
9081,9082,1514.881255,1.17
9082,7712,1665.348293,1.17
9082,9081,1055.07,1.17
9082,10957,2594.148284,1.17
9082,10961,1441.436816,1.17
9083,6739,138.0970659,1.17
9083,9085,115.999657,1.17
9083,10954,91.8,1.17
9083,10955,243.5034963,1.17
9084,6739,2545.134573,1.17
9084,6871,1884.350795,1.17
9084,10958,815.844879,1.17
9084,10959,1661.890576,1.17
9085,8897,1081.714603,1.17
9085,9083,26.12,1.17
9085,10951,262.4574202,1.17
9085,10959,1729.491838,1.17
9086,3900,2081.813647,1.17
9086,6871,1483.730664,1.17
9086,6877,378.8281817,1.17
9086,9671,430.4237845,1.17
9087,9088,1026.410688,1.17
9087,10951,110.6525246,1.17
9087,11770,48.8501032,1.17
9087,11771,822.2095379,1.17
9088,3901,2072.548124,1.17
9088,9087,777.3495379,1.17
9088,9090,2195.318503,1.17
9088,10964,1709.48171,1.17
9089,9090,1655.184256,1.17
9089,9118,2025.880883,1.17
9089,10964,410.3836719,1.17
9090,742,285.14,1.17
9090,9088,2294.931945,1.17
9090,9089,2347.174555,1.17
9090,10767,2361.069233,1.17
9090,11770,1689.667997,1.17
9091,9060,2532.857698,1.17
9091,9092,2222.29803,1.17
9091,11770,1376.660047,1.17
9092,9091,2001.903899,1.17
9092,9093,510.6079132,1.17
9092,9094,1711.690116,1.17
9093,9092,399.886285,1.17
9093,9094,600.8748227,1.17
9093,10758,1239.497913,1.17
9094,9092,1602.017614,1.17
9094,9093,728.89,1.17
9094,10767,2312.564939,1.17
9095,7468,2303.788803,1.17
9095,10767,2290.66256,1.17
9095,11191,576.4119904,1.17
9096,7468,805.539322,1.17
9096,9097,610.99,1.17
9096,10763,590.3888675,1.17
9097,2746,301.75,1.17
9097,9096,419.65,1.17
9097,10768,1055.25,1.17
9098,9905,1521.28872,1.17
9098,10765,1235.150671,1.17
9098,10771,343.8390637,1.17
9099,9103,320.655121,1.17
9099,9127,205.2285918,1.17
9099,10766,48.14,1.17
9099,10771,396.2164375,1.17
9100,8203,1348.122035,1.17
9100,8315,1191.761709,1.17
9100,9067,257.08,1.17
9100,9103,20.35,1.17
9101,3946,290.7492806,1.17
9101,8315,946.1463833,1.17
9101,9066,8141.129031,1.17
9102,9129,9674.706957,1.17
9103,3945,192.47,1.17
9103,9099,415.7279945,1.17
9103,9100,17.49,1.17
9103,10506,161.365121,1.17
9104,9069,316.0524777,1.17
9104,9105,631.0062013,1.17
9104,10503,602.9063707,1.17
9105,9071,151.7,1.17
9105,9104,586.1388483,1.17
9105,9106,435.3429652,1.17
9105,10504,703.2062013,1.17
9106,3945,400.414529,1.17
9106,9105,311.5189393,1.17
9106,9107,121.48,1.17
9106,9132,411.6737328,1.17
9107,8448,111.63,1.17
9107,9106,392.8852967,1.17
9107,9140,28.26,1.17
9108,9074,480.4910057,1.17
9108,10504,412.7228742,1.17
9108,10505,1278.7234,1.17
9109,12136,9330.457422,1.17
9110,8901,0.0,1.17
9110,9147,0.0,1.17
9110,9148,0.0,1.17
9111,8267,659.281596,1.17
9111,8272,1615.579503,1.17
9111,10960,1664.562061,1.17
9112,8266,1765.748598,1.17
9112,9113,1850.402398,1.17
9112,10968,568.8412462,1.17
9113,3897,1411.601901,1.17
9113,9112,1752.346031,1.17
9113,9114,1765.900821,1.17
9113,9115,1860.955481,1.17
9114,9113,1419.17722,1.17
9114,9115,1348.419567,1.17
9114,10969,2026.539024,1.17
9114,12042,2007.098313,1.17
9115,6910,1483.989697,1.17
9115,9113,1705.450712,1.17
9115,9114,1758.940065,1.17
9115,10963,1725.385351,1.17
9116,3900,1827.360664,1.17
9116,6910,1997.724931,1.17
9116,9117,1539.864616,1.17
9116,10776,2281.635938,1.17
9117,9116,1516.570743,1.17
9117,9118,1115.25578,1.17
9117,10278,1370.122923,1.17
9117,10776,1563.241786,1.17
9118,9089,1455.086833,1.17
9118,9117,1153.130294,1.17
9118,9619,699.9801913,1.17
9118,12047,1711.135907,1.17
9119,8223,114.51,1.17
9119,9619,927.973488,1.17
9119,10779,906.8507303,1.17
9120,9121,1938.813047,1.17
9120,10767,2127.567189,1.17
9120,10772,786.2453897,1.17
9120,10779,790.9144987,1.17
9121,9120,1821.732354,1.17
9121,9122,136.6,1.17
9121,10779,246.4589893,1.17
9121,10780,2143.581452,1.17
9122,8888,136.6,1.17
9122,9121,127.8789893,1.17
9122,10772,408.9228298,1.17
9122,10780,653.161452,1.17
9123,8888,467.6395802,1.17
9123,9124,195.59,1.17
9123,10773,327.5768922,1.17
9123,10781,475.658872,1.17
9124,3904,252.95,1.17
9124,9123,373.9295802,1.17
9124,10774,278.5924797,1.17
9125,3905,2060.99697,1.17
9125,10770,1369.569109,1.17
9125,10774,718.3601486,1.17
9125,10775,430.009937,1.17
9126,9127,2083.898585,1.17
9126,10770,2400.0744,1.17
9126,10771,36.19653456,1.17
9127,9099,186.8,1.17
9127,9126,2102.446648,1.17
9127,9128,1904.368585,1.17
9127,10775,266.0089715,1.17
9128,9127,2157.477027,1.17
9128,10506,1904.368585,1.17
9128,10510,65.78,1.17
9129,8318,1443.483627,1.17
9129,9109,8231.223329,1.17
9130,9101,9378.024695,1.17
9131,8318,0.0,1.17
9131,9130,2034.876262,1.17
9131,9132,45.61452676,1.17
9132,9106,289.4189393,1.17
9132,9131,142.1675223,1.17
9132,9135,603.3651952,1.17
9132,10507,45.61452676,1.17
9133,8432,396.8594494,1.17
9133,9130,7343.148433,1.17
9133,10506,893.737167,1.17
9134,8318,1892.708739,1.17
9134,8432,2076.127317,1.17
9134,9135,1857.979091,1.17
9134,9136,1397.653063,1.17
9135,9132,289.4189393,1.17
9135,9134,2292.664755,1.17
9135,9136,179.7997419,1.17
9135,9139,1631.249091,1.17
9136,9134,1470.771301,1.17
9136,9135,61.18893926,1.17
9136,9137,1577.452805,1.17
9136,9138,0.0,1.17
9137,9136,1531.960241,1.17
9137,10511,422.4102983,1.17
9137,12057,1653.552506,1.17
9138,7467,22.83,1.17
9138,9136,0.0,1.17
9138,12057,24.51377669,1.17
9139,8785,1552.799091,1.17
9139,9135,1870.599302,1.17
9139,10507,94.38,1.17
9139,10511,13.65,1.17
9140,9107,19.27,1.17
9140,10507,126.9189847,1.17
9140,10508,18.67452676,1.17
9141,8785,1715.519302,1.17
9141,9146,1295.709091,1.17
9141,10508,268.91,1.17
9141,10512,199.8,1.17
9142,3985,221.7302983,1.17
9142,8786,25.66,1.17
9142,8789,30.05,1.17
9142,10511,102.62,1.17
9142,12057,185.3355002,1.17
9143,9144,172.6105506,1.17
9143,10512,244.57,1.17
9143,12068,78.81,1.17
9144,9143,179.14,1.17
9144,9145,383.7405506,1.17
9144,12069,370.2,1.17
9145,3948,1432.315247,1.17
9145,8792,1446.688951,1.17
9145,8802,132.1705506,1.17
9145,9144,388.99,1.17
9146,8452,975.2827858,1.17
9146,8455,745.6717709,1.17
9146,8792,1636.555247,1.17
9146,9141,1547.674677,1.17
9147,8452,104.97,1.17
9147,9110,0.0,1.17
9147,10509,116.65,1.17
9148,9110,0.0,1.17
9148,10509,0.0,1.17
9148,12029,0.0,1.17
9149,4948,3345.153667,1.17
9149,7430,37.47,1.17
9149,11006,2139.27584,1.17
9150,4614,2047.921139,1.17
9150,10005,0.0,1.17
9150,11789,2287.04389,1.17
9151,6637,419.9824872,1.17
9151,8559,4024.975812,1.17
9152,4628,773.274786,1.17
9152,11811,923.1486692,1.17
9152,12596,597.7757228,1.17
9153,7216,1975.78242,1.17
9153,8427,661.5513427,1.17
9153,11258,1698.734896,1.17
9154,3443,504.4985994,1.17
9154,3473,731.9816997,1.17
9154,3478,58.12,1.17
9154,3520,975.3652892,1.17
9154,11435,536.167091,1.17
9155,2406,812.8629459,1.17
9155,6737,0.0,1.17
9155,7433,275.1226332,1.17
9155,7711,1002.568054,1.17
9155,7773,602.3957379,1.17
9156,3770,563.84,1.17
9156,11589,788.9505683,1.17
9157,9158,341.4007411,1.17
9158,12864,341.4007411,1.17
9159,9160,164.93,1.17
9160,12875,164.93,1.17
9161,4054,121.14,1.17
9161,12016,135.0267546,1.17
9162,6844,706.99,1.17
9163,5138,466.53,1.17
9164,9165,0.0,1.17
9164,11579,1784.235961,1.17
9164,12894,1556.407197,1.17
9165,9164,0.0,1.17
9165,11584,927.2373938,1.17
9165,11585,550.4940894,1.17
9166,6437,250.29215,1.17
9166,9167,0.0,1.17
9166,12678,261.3057996,1.17
9167,9166,229.95215,1.17
9167,9168,0.0,1.17
9167,9172,379.1852314,1.17
9167,12673,504.1691865,1.17
9168,9167,124.6566595,1.17
9168,9169,152.8088663,1.17
9168,9171,116.55,1.17
9168,9172,130.93,1.17
9169,9168,15.01,1.17
9169,9170,0.0,1.17
9169,11542,669.2274258,1.17
9169,12662,618.3232393,1.17
9170,9169,128.2770819,1.17
9170,12655,472.6785195,1.17
9170,12663,468.0004154,1.17
9171,9168,375.7955258,1.17
9171,11542,1781.181614,1.17
9171,12673,2297.127102,1.17
9172,1303,580.64,1.17
9172,6436,464.6452314,1.17
9172,9167,504.1691865,1.17
9172,9168,134.14,1.17
9173,2979,137.05,1.17
9173,2999,57.85,1.17
9173,11486,156.41,1.17
9174,3061,0.0,1.17
9174,3408,0.0,1.17
9174,9175,0.0,1.17
9175,9174,0.0,1.17
9175,9176,0.0,1.17
9176,7203,0.0,1.17
9176,9175,0.0,1.17
9176,9177,0.0,1.17
9177,9176,0.0,1.17
9177,9178,0.0,1.17
9178,7203,451.6603139,1.17
9178,9177,0.0,1.17
9178,11452,219.18,1.17
9179,3412,121.08,1.17
9179,9180,705.4,1.17
9179,11454,1040.490863,1.17
9180,3409,253.45,1.17
9180,3415,31.42834394,1.17
9180,9179,696.0276052,1.17
9180,9181,457.84,1.17
9181,3410,0.0,1.17
9181,3416,97.64858172,1.17
9181,9180,339.0247247,1.17
9181,9182,456.14,1.17
9182,7205,113.79,1.17
9182,9181,434.9733064,1.17
9182,9608,701.1819699,1.17
9183,9184,0.0,1.17
9183,9622,1844.185831,1.17
9183,10792,2363.630527,1.17
9184,9183,0.0,1.17
9184,12107,2347.705578,1.17
9184,12109,2030.877311,1.17
9185,7198,600.3288791,1.17
9185,9186,0.0,1.17
9185,11426,685.7713363,1.17
9186,7197,258.7447414,1.17
9186,9185,0.0,1.17
9186,9315,93.45,1.17
9187,3163,400.4847806,1.17
9187,7196,822.1927663,1.17
9187,9315,0.0,1.17
9188,3167,538.0737253,1.17
9188,9189,0.0,1.17
9188,11426,618.0835993,1.17
9189,3165,218.5654325,1.17
9189,3167,438.8988264,1.17
9189,9188,0.0,1.17
9190,8471,1524.106769,1.17
9190,9191,0.0,1.17
9190,12120,1519.165457,1.17
9191,9190,0.0,1.17
9191,12120,588.0853758,1.17
9191,12122,207.3944629,1.17
9192,8268,0.0,1.17
9192,8273,0.0,1.17
9192,9193,0.0,1.17
9192,9197,0.0,1.17
9193,8271,736.79,1.17
9193,8826,648.5750913,1.17
9193,9192,0.0,1.17
9194,9195,327.7703179,1.17
9194,10326,936.5889174,1.17
9194,12295,796.5166268,1.17
9195,9194,0.0,1.17
9195,12293,668.4857325,1.17
9195,12297,61.16869318,1.17
9196,8265,505.2261685,1.17
9196,8268,144.57,1.17
9196,9197,0.0,1.17
9197,9192,0.0,1.17
9197,9196,0.0,1.17
9198,8258,497.9402178,1.17
9198,8265,177.2,1.17
9198,9199,0.0,1.17
9199,8261,116.6571923,1.17
9199,8265,283.2324993,1.17
9199,9198,107.0146781,1.17
9199,9200,375.6128077,1.17
9200,8261,1157.538748,1.17
9200,8262,900.9628077,1.17
9200,9199,295.6046781,1.17
9201,3748,645.4574628,1.17
9201,9202,350.27,1.17
9201,11273,819.6789283,1.17
9202,8076,350.27,1.17
9202,9201,0.0,1.17
9203,7548,1206.622697,1.17
9203,7581,1225.012159,1.17
9203,9219,0.0,1.17
9204,9205,0.0,1.17
9204,10891,592.3348542,1.17
9204,10896,735.68,1.17
9205,9204,286.85,1.17
9205,10891,1384.864668,1.17
9205,12640,1031.193046,1.17
9206,2127,0.0,1.17
9206,2128,0.0,1.17
9206,9207,0.0,1.17
9207,9206,0.0,1.17
9207,9208,444.0425728,1.17
9207,10881,0.0,1.17
9207,12584,0.0,1.17
9208,2160,1348.356417,1.17
9208,2161,1711.348762,1.17
9208,9207,0.0,1.17
9209,8975,0.0,1.17
9209,9210,0.0,1.17
9209,10876,0.0,1.17
9210,2128,383.2075094,1.17
9210,8975,575.2148954,1.17
9210,9209,0.0,1.17
9210,9211,108.26,1.17
9211,8974,798.5215945,1.17
9211,9210,143.5321179,1.17
9211,10881,422.2777431,1.17
9212,9214,0.0,1.17
9212,10837,1252.809262,1.17
9212,10842,800.1211996,1.17
9213,9214,0.0,1.17
9213,10837,239.91,1.17
9213,12391,0.0,1.17
9214,9212,189.66,1.17
9214,9213,0.0,1.17
9214,9215,0.0,1.17
9214,9216,0.0,1.17
9215,9214,0.0,1.17
9215,10838,3094.277545,1.17
9215,12391,3132.144903,1.17
9216,9214,189.66,1.17
9216,10838,3171.802305,1.17
9216,10842,3277.51564,1.17
9217,9218,0.0,1.17
9217,10444,821.4881688,1.17
9217,12902,1012.758105,1.17
9218,2576,0.0,1.17
9218,2577,0.0,1.17
9218,9217,0.0,1.17
9219,7554,166.76,1.17
9219,9203,95.18669399,1.17
9219,10617,269.98,1.17
9220,9221,656.2441698,1.17
9220,10635,805.2260574,1.17
9221,9220,805.2260574,1.17
9221,9222,0.0,1.17
9221,10075,656.2441698,1.17
9222,9221,0.0,1.17
9222,10641,1928.281003,1.17
9222,10642,1626.645525,1.17
9223,8361,3276.155781,1.17
9223,10075,625.1296101,1.17
9223,10637,2952.492907,1.17
9224,9225,2019.84397,1.17
9224,9928,2113.260364,1.17
9224,11196,1551.386907,1.17
9224,11340,1160.002835,1.17
9225,3586,547.7324497,1.17
9225,9224,1990.359725,1.17
9225,9226,2581.801622,1.17
9225,10939,711.4478685,1.17
9226,8868,767.6981687,1.17
9226,9225,2679.827593,1.17
9226,9227,2345.662523,1.17
9226,9730,1085.243532,1.17
9227,5858,2450.910814,1.17
9227,9015,1097.91948,1.17
9227,9226,1871.376913,1.17
9227,9729,536.4306351,1.17
9228,9019,1673.108225,1.17
9228,9020,1697.388793,1.17
9228,10941,920.7093516,1.17
9229,2493,115.5,1.17
9229,4306,552.119452,1.17
9229,9230,0.0,1.17
9229,9332,494.569016,1.17
9230,2479,1186.123747,1.17
9230,7484,432.4321563,1.17
9230,9229,2.26,1.17
9230,9918,1883.620727,1.17
9231,4086,8371.645195,1.17
9232,122,21.8,1.17
9232,2500,1501.927847,1.17
9232,2549,1534.997663,1.17
9232,9233,138.382001,1.17
9233,2550,721.1764808,1.17
9233,9232,143.388109,1.17
9233,9234,0.02,1.17
9233,9236,909.4455626,1.17
9234,2551,1406.883844,1.17
9234,4365,1281.627201,1.17
9234,9233,0.49,1.17
9234,9235,106.91,1.17
9235,2552,787.8785352,1.17
9235,9234,0.15,1.17
9235,9237,1082.200616,1.17
9236,4555,962.3550196,1.17
9236,9233,864.0745899,1.17
9237,123,324.78,1.17
9237,4365,313.3001977,1.17
9237,9235,788.0185352,1.17
9237,9238,827.1004185,1.17
9238,4556,827.1004185,1.17
9238,9237,851.8885352,1.17
9239,7848,686.0678586,1.17
9239,7849,500.4802904,1.17
9239,9240,376.4321168,1.17
9239,11341,630.6181178,1.17
9240,7843,825.3501854,1.17
9240,8987,969.7221129,1.17
9240,9239,946.5857779,1.17
9240,9241,526.8037807,1.17
9241,3582,932.1805883,1.17
9241,7861,726.621292,1.17
9241,9240,1239.885622,1.17
9241,9245,19.3311816,1.17
9242,7829,3125.384085,1.17
9242,7830,1423.235958,1.17
9242,11341,958.0165199,1.17
9243,8479,222.64,1.17
9243,8480,906.2566479,1.17
9243,9244,2032.737115,1.17
9244,7183,70.33,1.17
9244,8443,2064.577115,1.17
9244,9243,971.8066479,1.17
9245,7840,558.3513834,1.17
9245,9241,553.4707063,1.17
9245,11337,27.89625184,1.17
9246,11219,0.0,1.17
9246,11223,0.19,1.17
9247,6339,1770.697249,1.17
9247,6343,1415.568672,1.17
9247,9248,1631.648675,1.17
9247,11212,1292.889871,1.17
9248,2907,1503.793947,1.17
9248,6348,304.7448005,1.17
9248,6349,225.8179613,1.17
9248,9247,1361.387999,1.17
9249,8724,0.0,1.17
9249,8725,967.4142215,1.17
9249,12024,1022.718683,1.17
9250,9254,0.0,1.17
9250,12023,0.0,1.17
9250,12024,0.0,1.17
9251,9252,0.0,1.17
9251,9254,0.0,1.17
9251,12023,0.0,1.17
9252,9251,0.0,1.17
9252,9854,0.0,1.17
9252,9856,554.7656555,1.17
9252,12025,0.0,1.17
9253,6800,1022.718683,1.17
9253,9254,0.0,1.17
9253,9256,386.1015615,1.17
9253,12024,967.4142215,1.17
9254,9250,0.0,1.17
9254,9251,0.0,1.17
9254,9253,0.0,1.17
9254,12025,0.0,1.17
9255,8691,1306.605443,1.17
9255,9256,1776.846283,1.17
9255,9258,1278.673407,1.17
9256,9253,0.0,1.17
9256,9255,2585.27885,1.17
9256,11933,1776.846283,1.17
9257,6783,1498.055816,1.17
9257,6788,1476.963064,1.17
9257,9052,252.9414707,1.17
9257,11952,604.6371574,1.17
9258,8681,1573.423881,1.17
9258,9255,1106.607975,1.17
9258,9260,0.0,1.17
9259,9260,315.7280232,1.17
9259,9263,1252.670444,1.17
9259,9856,0.0,1.17
9259,12025,444.0191313,1.17
9260,9258,294.7504734,1.17
9260,9259,415.423173,1.17
9260,9261,1738.020355,1.17
9260,11933,1950.435903,1.17
9261,7816,822.6522973,1.17
9261,9260,1634.70788,1.17
9261,9262,919.8380581,1.17
9261,9263,0.0,1.17
9262,9261,879.5174162,1.17
9262,9264,0.66,1.17
9262,9272,919.1780581,1.17
9263,6715,1624.076652,1.17
9263,9259,759.7471545,1.17
9263,9261,0.0,1.17
9263,9857,0.0,1.17
9264,6714,23.84,1.17
9264,9262,3.81,1.17
9264,9358,20.21,1.17
9265,7815,0.0,1.17
9265,9266,0.0,1.17
9266,9265,0.0,1.17
9266,9271,1236.411739,1.17
9267,7815,0.0,1.17
9267,9360,2993.072844,1.17
9268,6720,0.0,1.17
9268,7815,0.0,1.17
9268,8655,0.37,1.17
9268,9269,0.34,1.17
9269,6719,677.9322379,1.17
9269,9268,0.37,1.17
9269,9270,656.4032957,1.17
9270,9269,677.5922379,1.17
9270,9272,656.4032957,1.17
9270,9273,241.5858202,1.17
9271,9272,219.3041205,1.17
9271,9274,1017.107618,1.17
9272,9262,875.7074162,1.17
9272,9270,919.1780581,1.17
9272,9271,0.0,1.17
9273,9267,2993.072844,1.17
9273,9270,0.0,1.17
9274,6716,759.7471545,1.17
9274,7816,257.3604635,1.17
9275,9273,2751.487024,1.17
9275,9276,0.0,1.17
9276,7816,572.88,1.17
9276,9275,944.0509246,1.17
9276,11934,415.2684248,1.17
9277,9278,109.1084248,1.17
9277,9864,0.0,1.17
9277,9865,275.66,1.17
9277,11934,687.9170522,1.17
9278,6719,469.69,1.17
9278,9277,45.61,1.17
9278,9279,183.7578041,1.17
9278,9282,614.1280379,1.17
9279,6720,214.3532957,1.17
9279,9278,0.61,1.17
9279,9280,414.8204289,1.17
9280,8645,574.5356045,1.17
9280,9279,214.9632957,1.17
9280,9364,330.5326248,1.17
9281,9282,150.02,1.17
9281,9363,7.1,1.17
9281,9364,351.7278004,1.17
9282,9278,697.4578041,1.17
9282,9281,358.8278004,1.17
9282,9283,745.5480379,1.17
9283,9282,1037.685604,1.17
9283,9284,231.81,1.17
9283,9286,487.6,1.17
9283,9357,465.2781941,1.17
9284,9283,673.737926,1.17
9284,9287,231.59,1.17
9284,9865,0.22,1.17
9285,6823,0.7,1.17
9285,9297,0.91,1.17
9285,9362,100.9361691,1.17
9286,9283,562.1078347,1.17
9286,9288,69.42,1.17
9286,9291,476.84,1.17
9287,9284,673.427926,1.17
9287,11935,231.59,1.17
9288,3223,65.69950083,1.17
9288,9286,64.01049917,1.17
9288,9289,41.12,1.17
9289,9288,71.05,1.17
9289,9356,41.12,1.17
9290,6798,56.827371,1.17
9290,6799,913.5724727,1.17
9290,9294,799.6573355,1.17
9291,9286,556.7573355,1.17
9291,9294,523.66,1.17
9291,9355,50.18,1.17
9292,6798,132.95,1.17
9292,9296,359.1148219,1.17
9292,9300,215.8,1.17
9293,6798,251.22,1.17
9293,6799,165.6862128,1.17
9293,9331,525.128495,1.17
9294,9290,970.3998437,1.17
9294,9291,606.9373355,1.17
9294,9295,293.37,1.17
9295,9294,547.3898437,1.17
9295,9296,368.81,1.17
9295,11935,675.7948219,1.17
9296,9292,347.65,1.17
9296,9295,382.8648219,1.17
9296,9867,21.16,1.17
9297,6793,0.91,1.17
9297,9285,101.6361691,1.17
9298,6793,22.88,1.17
9298,6794,24.43,1.17
9298,9869,0.0,1.17
9299,6790,0.0,1.17
9299,6793,107.94,1.17
9299,9361,95.89,1.17
9300,6795,22.88,1.17
9300,9292,360.2148219,1.17
9300,11936,192.92,1.17
9301,3092,232.9030271,1.17
9301,9302,252.68,1.17
9301,9354,523.5482123,1.17
9302,6798,542.6951781,1.17
9302,9301,571.4612019,1.17
9302,11936,556.73,1.17
9303,3199,665.1417282,1.17
9303,9304,286.2592176,1.17
9303,9331,251.22,1.17
9303,11403,798.4720782,1.17
9304,3196,286.2592176,1.17
9304,3198,0.0,1.17
9304,9303,416.1417073,1.17
9305,3095,933.6932178,1.17
9305,9354,409.3562128,1.17
9305,11416,460.0531856,1.17
9306,3095,638.8518537,1.17
9306,3096,378.0161691,1.17
9306,9362,52.91,1.17
9306,11415,122.84,1.17
9307,3130,205.57,1.17
9307,3134,141.25,1.17
9307,9308,216.3418537,1.17
9307,11418,150.6269748,1.17
9308,3133,306.6832076,1.17
9308,9307,287.5471879,1.17
9308,11404,298.2732094,1.17
9308,11405,270.7834572,1.17
9309,3157,191.7280821,1.17
9309,3160,253.8588357,1.17
9309,11420,30.72,1.17
9310,3160,440.8028627,1.17
9310,3161,222.6688357,1.17
9310,3163,452.1243884,1.17
9311,9312,672.119478,1.17
9311,11387,536.3556517,1.17
9311,11407,245.39,1.17
9312,3172,861.2966237,1.17
9312,9311,302.6181228,1.17
9312,11389,775.0639335,1.17
9313,3169,1452.933366,1.17
9313,3171,600.971081,1.17
9313,3173,820.2325722,1.17
9313,3587,518.3041047,1.17
9314,7196,289.1647806,1.17
9314,9315,1730.050271,1.17
9314,11427,2085.073294,1.17
9315,9186,258.7447414,1.17
9315,9187,0.0,1.17
9315,9314,1833.637861,1.17
9315,11426,1707.56553,1.17
9316,3564,403.11,1.17
9316,6487,590.6049611,1.17
9316,9317,1004.317101,1.17
9317,8209,518.5337772,1.17
9317,9316,728.252397,1.17
9317,11410,934.7631337,1.17
9318,3456,198.0889234,1.17
9318,3470,428.8831648,1.17
9318,3471,606.0225025,1.17
9318,3515,170.98,1.17
9319,1877,599.9688719,1.17
9319,3469,784.7011878,1.17
9319,3470,386.4924964,1.17
9319,3513,1156.755036,1.17
9320,7279,100.3402245,1.17
9320,10287,64.28,1.17
9320,11413,2399.851928,1.17
9320,11439,1493.062413,1.17
9321,3568,0.0,1.17
9321,3571,0.0,1.17
9321,7279,0.0,1.17
9322,3568,0.0,1.17
9322,9323,0.0,1.17
9323,3566,97.45250275,1.17
9323,9322,0.0,1.17
9323,11411,102.9102245,1.17
9324,7920,2045.053969,1.17
9324,7922,876.8935188,1.17
9324,11413,2154.054906,1.17
9325,4557,2875.273617,1.17
9326,2498,2668.352675,1.17
9326,9327,340.3515542,1.17
9326,10365,2570.785665,1.17
9327,2495,223.8693241,1.17
9327,2497,302.7466027,1.17
9327,9326,524.6139557,1.17
9327,9328,121.3122301,1.17
9328,2496,1384.211636,1.17
9328,9327,330.511775,1.17
9328,9329,1648.120077,1.17
9329,2492,326.537639,1.17
9329,2494,1486.921967,1.17
9329,9328,1714.723412,1.17
9330,2518,1968.915655,1.17
9330,4339,0.01,1.17
9330,4344,112.8,1.17
9331,3092,146.362629,1.17
9331,9293,416.9062128,1.17
9331,9303,378.765866,1.17
9332,2479,250.339016,1.17
9332,9229,665.359452,1.17
9332,9333,0.0,1.17
9332,10354,570.6672365,1.17
9333,2792,0.0,1.17
9333,4306,0.0,1.17
9333,9332,213.3972365,1.17
9333,9334,0.0,1.17
9334,4077,0.0,1.17
9334,4217,216.06,1.17
9334,9333,175.0472365,1.17
9334,9335,0.0,1.17
9335,4076,1856.100512,1.17
9335,9334,175.0472365,1.17
9335,9336,0.0,1.17
9336,4763,2491.062666,1.17
9336,9335,6.56,1.17
9336,9337,0.0,1.17
9337,2787,1962.827346,1.17
9337,9336,128.5402301,1.17
9337,9338,0.0,1.17
9337,10353,2194.94238,1.17
9338,4754,1670.13292,1.17
9338,9337,66.15,1.17
9338,9339,0.0,1.17
9339,63,571.9,1.17
9339,4068,970.046398,1.17
9339,7517,529.2496906,1.17
9339,9338,261.79,1.17
9340,68,124.73,1.17
9340,2459,615.3992339,1.17
9340,2646,409.4869058,1.17
9340,4138,54.8,1.17
9341,2466,668.4020222,1.17
9341,9342,0.0,1.17
9342,9341,0.0,1.17
9342,12913,1748.18734,1.17
9343,4328,470.9496861,1.17
9343,4399,74.87,1.17
9343,9344,201.52,1.17
9344,2467,201.52,1.17
9344,9343,372.1869206,1.17
9344,12952,48.9,1.17
9345,93,203.66,1.17
9345,2492,1162.896432,1.17
9345,4519,846.4447306,1.17
9345,10364,1553.740181,1.17
9346,3162,339.9429908,1.17
9346,3205,280.5233899,1.17
9346,11406,200.5494514,1.17
9346,11421,472.1782047,1.17
9347,775,824.71,1.17
9347,8773,1353.544703,1.17
9347,9012,1612.798838,1.17
9347,9013,2078.04114,1.17
9347,9886,1216.275062,1.17
9348,9349,1712.744192,1.17
9348,11197,126.3,1.17
9348,11768,1709.955971,1.17
9349,5092,1371.570859,1.17
9349,9348,1836.255971,1.17
9349,10939,711.8930087,1.17
9349,10944,1945.201164,1.17
9350,9351,1976.262621,1.17
9351,10066,1976.262621,1.17
9352,9353,4073.497885,1.17
9353,2188,4073.497885,1.17
9354,9301,409.3562128,1.17
9354,9305,523.5482123,1.17
9355,9291,46.82,1.17
9355,11379,50.18,1.17
9356,9289,71.05,1.17
9356,11380,41.12,1.17
9357,8633,465.2781941,1.17
9357,9283,240.98,1.17
9358,8678,20.21,1.17
9358,9264,27.65,1.17
9359,9266,1236.411739,1.17
9360,8658,2993.072844,1.17
9361,6792,38.79,1.17
9361,6827,116.2,1.17
9361,9299,107.94,1.17
9362,3091,52.91,1.17
9362,9285,0.0,1.17
9362,9306,375.4780227,1.17
9363,9281,11.5,1.17
9363,11344,7.1,1.17
9364,8644,192.0126248,1.17
9364,9280,549.871096,1.17
9364,9281,138.52,1.17
9366,4179,423.46,1.17
9366,4186,224.573207,1.17
9367,4220,57.99,1.17
9367,4221,0.0,1.17
9367,9369,41.0,1.17
9368,4219,0.0,1.17
9368,6674,0.0,1.17
9368,9369,0.0,1.17
9369,9367,57.99,1.17
9369,9368,0.0,1.17
9369,9370,41.0,1.17
9370,4221,0.0,1.17
9370,9369,57.99,1.17
9370,11967,41.0,1.17
9371,5502,0.0,1.17
9372,3704,27.44,1.17
9372,9373,0.0,1.17
9372,11968,27.5,1.17
9373,9372,0.0,1.17
9373,11967,85.42,1.17
9373,11970,55.36,1.17
9374,4271,0.0,1.17
9374,9389,237.99,1.17
9374,11968,228.0167546,1.17
9375,5511,14.88,1.17
9375,9376,0.0,1.17
9375,11838,27.82,1.17
9376,9375,0.0,1.17
9376,9377,41.04,1.17
9376,9379,48.21,1.17
9377,9376,48.21,1.17
9377,9378,10.92,1.17
9377,11838,44.77,1.17
9378,5482,10.92,1.17
9378,9377,3.73,1.17
9378,9379,0.0,1.17
9379,9376,41.04,1.17
9379,9378,0.0,1.17
9379,9380,48.21,1.17
9380,5503,98.44,1.17
9380,5517,88.63,1.17
9380,9379,41.04,1.17
9380,9392,16.24,1.17
9381,5571,0.0,1.17
9381,11973,0.0,1.17
9382,9383,0.0,1.17
9382,9385,0.0,1.17
9382,11973,0.0,1.17
9382,11974,0.0,1.17
9383,9382,0.0,1.17
9383,9384,0.0,1.17
9384,6639,90.95,1.17
9384,9383,0.0,1.17
9384,9393,74.43,1.17
9385,7065,49.74,1.17
9385,7066,109.53,1.17
9385,9382,0.0,1.17
9386,2328,351.3218832,1.17
9386,4269,425.0050147,1.17
9386,11836,31.82,1.17
9387,2328,417.2017693,1.17
9387,2332,575.9407053,1.17
9387,9388,10.91850485,1.17
9388,9387,197.5469068,1.17
9388,11836,658.4821074,1.17
9388,11980,616.2125093,1.17
9389,4142,40.98,1.17
9389,4187,347.06,1.17
9389,9374,228.0167546,1.17
9390,5440,0.0,1.17
9390,5488,52.96,1.17
9390,9391,76.74302768,1.17
9390,11958,0.0,1.17
9391,9390,52.96,1.17
9391,11947,252.69,1.17
9391,11949,243.1640453,1.17
9392,5505,229.508862,1.17
9392,5519,255.2,1.17
9392,9380,8.82,1.17
9393,6513,74.43,1.17
9393,9384,90.95,1.17
9393,9394,0.0,1.17
9394,6562,0.0,1.17
9394,9393,0.0,1.17
9394,11842,0.0,1.17
9395,5521,1.74,1.17
9395,9396,0.0,1.17
9395,11960,4.25,1.17
9396,6651,3.35,1.17
9396,9395,0.0,1.17
9396,9397,0.0,1.17
9396,11960,5.13,1.17
9397,2474,111.77,1.17
9397,5546,149.672591,1.17
9397,9396,0.0,1.17
9397,9398,0.0,1.17
9398,6564,0.0,1.17
9398,9397,0.0,1.17
9398,11962,0.0,1.17
9399,2919,91.03233024,1.17
9399,4290,0.0,1.17
9399,4292,16.45,1.17
9400,6654,55.18,1.17
9400,6655,84.12302768,1.17
9400,11840,2.72,1.17
9401,11951,0.0,1.17
9402,5546,230.72,1.17
9402,9403,2.38,1.17
9402,11843,210.6436087,1.17
9403,6604,2.38,1.17
9403,9402,1.19,1.17
9403,9404,0.0,1.17
9403,11953,0.0,1.17
9404,6663,10.31,1.17
9404,9403,0.0,1.17
9404,9405,13.53,1.17
9405,6662,279.4736087,1.17
9405,9404,10.31,1.17
9405,11843,241.02,1.17
9406,9407,0.0,1.17
9407,6701,0.0,1.17
9407,9406,0.0,1.17
9407,9408,0.0,1.17
9408,9407,0.0,1.17
9408,9409,0.0,1.17
9408,9410,0.0,1.17
9408,9415,0.0,1.17
9409,6701,74.43,1.17
9409,9408,0.0,1.17
9409,9415,90.95,1.17
9409,9456,0.0,1.17
9410,9408,0.0,1.17
9410,9411,0.0,1.17
9410,9420,0.0,1.17
9411,9410,0.0,1.17
9411,9412,0.0,1.17
9412,9411,0.0,1.17
9412,9413,10.94,1.17
9412,9421,36.39,1.17
9412,9426,0.0,1.17
9413,9412,36.39,1.17
9413,9414,18.19,1.17
9413,9428,0.0,1.17
9413,11844,23.46,1.17
9414,9413,12.52,1.17
9414,9464,18.19,1.17
9414,11847,0.0,1.17
9415,9408,0.0,1.17
9415,9409,74.43,1.17
9415,9457,9.83,1.17
9415,9463,81.12,1.17
9416,9418,10.94,1.17
9417,9472,36.39,1.17
9418,9420,10.94,1.17
9418,9422,0.0,1.17
9419,9417,36.39,1.17
9420,9410,0.0,1.17
9420,9421,10.94,1.17
9420,9422,0.0,1.17
9421,9412,10.94,1.17
9421,9419,36.39,1.17
9421,9420,0.0,1.17
9422,9424,0.0,1.17
9423,9419,0.0,1.17
9423,9421,0.0,1.17
9424,1783,0.0,1.17
9425,9423,0.0,1.17
9426,9412,0.0,1.17
9427,9428,0.0,1.17
9428,9413,0.0,1.17
9428,9427,0.0,1.17
9428,11847,0.0,1.17
9429,11848,0.0,1.17
9430,9431,263.01,1.17
9430,9435,0.0,1.17
9430,9481,0.0,1.17
9430,11848,664.35,1.17
9431,9430,629.9227265,1.17
9431,9485,263.01,1.17
9432,9434,0.0,1.17
9433,9434,0.0,1.17
9434,9432,0.0,1.17
9434,9433,0.0,1.17
9434,9439,2.48,1.17
9434,11853,10.28,1.17
9435,9430,34.42727349,1.17
9435,9436,80.09,1.17
9435,9437,0.0,1.17
9435,11853,56.8,1.17
9436,9435,91.22727349,1.17
9436,9496,80.09,1.17
9436,9500,0.0,1.17
9437,9435,0.0,1.17
9437,9440,0.0,1.17
9437,9441,0.0,1.17
9438,9439,0.0,1.17
9439,9434,10.28,1.17
9439,9438,0.0,1.17
9439,9440,0.0,1.17
9439,9442,2.48,1.17
9440,9437,0.0,1.17
9440,9439,0.0,1.17
9440,9441,0.0,1.17
9441,9437,0.0,1.17
9441,9440,0.0,1.17
9441,9443,0.0,1.17
9442,9439,10.28,1.17
9442,9444,0.0,1.17
9442,9445,2.48,1.17
9442,9447,0.0,1.17
9443,9441,0.0,1.17
9443,9445,0.0,1.17
9443,9449,0.0,1.17
9443,9508,0.0,1.17
9444,9442,0.0,1.17
9445,9442,10.28,1.17
9445,9443,0.0,1.17
9445,9448,2.48,1.17
9446,9447,0.0,1.17
9447,9442,0.0,1.17
9447,9446,0.0,1.17
9447,9448,0.0,1.17
9447,9450,0.0,1.17
9448,9445,10.28,1.17
9448,9447,0.0,1.17
9448,11857,2.48,1.17
9449,9443,0.0,1.17
9449,9452,0.0,1.17
9449,11857,17.88,1.17
9449,11858,42.05,1.17
9450,9447,0.0,1.17
9451,11857,0.0,1.17
9452,9449,0.0,1.17
9453,6640,208.808862,1.17
9453,9454,14.5,1.17
9453,9456,240.8,1.17
9454,9453,12.68,1.17
9454,9455,14.5,1.17
9454,9459,0.0,1.17
9455,9454,12.68,1.17
9455,9458,79.45,1.17
9455,9527,79.79,1.17
9456,9409,0.0,1.17
9456,9453,196.128862,1.17
9456,9457,240.8,1.17
9457,9415,2.84,1.17
9457,9456,196.128862,1.17
9457,11845,250.63,1.17
9458,9455,92.47,1.17
9458,9462,79.45,1.17
9459,9454,0.0,1.17
9459,9473,106.294244,1.17
9459,11845,316.92,1.17
9460,9469,1220.01,1.17
9461,9537,1110.561138,1.17
9462,9458,92.47,1.17
9462,9473,177.49,1.17
9462,9475,0.0,1.17
9462,11846,123.16,1.17
9463,9415,71.59,1.17
9463,9464,81.12,1.17
9464,9414,12.52,1.17
9464,9463,71.59,1.17
9464,9465,96.59,1.17
9465,9464,81.39,1.17
9465,9466,765.46,1.17
9465,9477,950.125756,1.17
9466,9465,858.155756,1.17
9466,9467,764.0,1.17
9466,9473,1.46,1.17
9467,9466,854.995756,1.17
9467,9468,7.7,1.17
9467,9470,1081.871138,1.17
9468,9467,1172.866894,1.17
9468,9471,2.47,1.17
9468,11845,513.22,1.17
9469,9468,1211.54,1.17
9469,9471,8.47,1.17
9470,9461,1110.561138,1.17
9471,9416,10.94,1.17
9472,9467,7.7,1.17
9472,9470,28.69,1.17
9473,9459,316.92,1.17
9473,9462,188.45,1.17
9473,9466,3.16,1.17
9473,9474,190.434244,1.17
9474,9473,413.72,1.17
9474,9475,0.0,1.17
9474,9476,190.434244,1.17
9475,9462,0.0,1.17
9475,9474,0.0,1.17
9475,9547,0.0,1.17
9476,9474,413.72,1.17
9476,9477,220.614244,1.17
9476,9547,21.91,1.17
9477,9465,842.23,1.17
9477,9476,435.63,1.17
9477,11849,1170.74,1.17
9478,9479,35.51,1.17
9478,9481,287.18,1.17
9478,11849,1277.86,1.17
9478,11850,859.63,1.17
9479,9478,57.17,1.17
9479,9480,110.27,1.17
9479,9482,133.46,1.17
9480,9479,115.89,1.17
9480,9548,110.27,1.17
9481,9430,0.0,1.17
9481,9478,153.46,1.17
9481,9485,336.4749711,1.17
9481,11850,65.86,1.17
9482,9479,149.5,1.17
9482,9483,107.52,1.17
9482,11850,202.46,1.17
9483,9482,143.74,1.17
9483,9484,107.52,1.17
9484,9483,143.74,1.17
9484,9487,47.67,1.17
9484,9552,121.28,1.17
9485,9431,629.9227265,1.17
9485,9481,219.32,1.17
9485,9486,13.76,1.17
9485,9488,43.09,1.17
9486,9485,176.7650289,1.17
9486,9487,13.76,1.17
9486,9489,222.96,1.17
9486,11850,290.33,1.17
9487,9484,13.76,1.17
9487,9486,47.67,1.17
9487,9490,0.0,1.17
9488,9485,129.8427265,1.17
9488,9489,43.09,1.17
9488,9491,0.0,1.17
9489,9486,290.33,1.17
9489,9488,116.6827265,1.17
9489,9490,282.29,1.17
9489,9492,152.99,1.17
9490,9487,0.0,1.17
9490,9489,317.07,1.17
9490,9493,0.0,1.17
9490,9559,282.29,1.17
9491,9488,13.16,1.17
9491,9492,0.0,1.17
9491,9496,0.0,1.17
9492,9489,259.1727265,1.17
9492,9491,0.0,1.17
9492,9493,0.0,1.17
9492,9494,152.99,1.17
9493,9490,0.0,1.17
9493,9492,0.0,1.17
9493,9495,0.0,1.17
9493,9564,0.0,1.17
9494,9492,259.1727265,1.17
9494,9495,0.0,1.17
9494,11854,152.99,1.17
9495,9493,0.0,1.17
9495,9494,0.0,1.17
9495,9567,0.0,1.17
9496,9436,91.22727349,1.17
9496,9491,13.16,1.17
9496,9498,0.0,1.17
9496,11854,66.93,1.17
9497,9501,10.19262832,1.17
9497,9502,10.45737168,1.17
9497,11854,18.59,1.17
9498,9496,0.0,1.17
9498,9499,0.0,1.17
9498,9500,0.0,1.17
9499,9498,0.0,1.17
9499,9504,58.92,1.17
9499,11854,100.03,1.17
9500,9436,0.0,1.17
9500,9498,0.0,1.17
9500,9503,0.0,1.17
9501,9497,9.175833374,1.17
9501,9502,10.19262832,1.17
9501,9506,0.0,1.17
9502,9497,9.414166626,1.17
9502,9501,9.175833374,1.17
9502,11855,20.65,1.17
9503,9500,0.0,1.17
9503,9504,0.0,1.17
9503,9508,0.0,1.17
9504,9499,100.03,1.17
9504,9503,0.0,1.17
9504,9505,58.92,1.17
9505,9504,100.03,1.17
9505,9506,0.0,1.17
9505,9509,58.92,1.17
9506,9501,0.0,1.17
9506,9505,0.0,1.17
9506,9507,0.0,1.17
9507,9506,0.0,1.17
9507,9574,0.0,1.17
9507,9580,8.64,1.17
9507,11855,12.83,1.17
9508,9443,0.0,1.17
9508,9503,0.0,1.17
9508,9509,0.0,1.17
9509,9505,100.03,1.17
9509,9508,0.0,1.17
9509,9510,92.11,1.17
9509,11858,42.93,1.17
9510,9509,87.5,1.17
9510,9511,0.0,1.17
9510,9582,92.11,1.17
9511,9510,0.0,1.17
9511,9512,10.81,1.17
9511,11859,13.41,1.17
9512,9511,13.41,1.17
9512,9513,0.0,1.17
9512,11858,10.81,1.17
9513,9512,0.0,1.17
9513,9514,0.0,1.17
9513,9523,0.0,1.17
9514,9513,0.0,1.17
9514,9515,0.0,1.17
9514,9522,0.0,1.17
9515,9514,0.0,1.17
9515,9517,0.0,1.17
9516,9517,0.0,1.17
9517,9515,0.0,1.17
9517,9516,0.0,1.17
9517,9518,0.0,1.17
9518,9517,0.0,1.17
9518,9587,0.0,1.17
9519,9521,0.0,1.17
9520,9591,0.0,1.17
9521,9513,0.0,1.17
9521,9523,0.0,1.17
9522,9520,0.0,1.17
9523,9525,0.0,1.17
9524,9514,0.0,1.17
9524,9522,0.0,1.17
9525,1784,0.0,1.17
9526,9524,0.0,1.17
9527,9455,64.95,1.17
9527,9528,141.8,1.17
9527,9538,47.91,1.17
9528,6642,141.8,1.17
9528,9527,112.86,1.17
9528,9529,0.0,1.17
9529,6643,8.16,1.17
9529,9528,0.0,1.17
9529,9530,61.93,1.17
9530,9529,8.16,1.17
9530,9531,61.93,1.17
9530,9539,0.0,1.17
9531,9530,8.16,1.17
9531,9532,421.49,1.17
9531,9540,286.97,1.17
9532,9531,291.56,1.17
9532,9533,421.49,1.17
9532,9543,0.0,1.17
9533,6667,468.52,1.17
9533,9532,291.56,1.17
9533,9534,46.87,1.17
9533,12017,0.0,1.17
9534,9533,65.25,1.17
9534,9535,46.87,1.17
9534,9544,0.0,1.17
9535,5407,47.11,1.17
9535,9534,65.25,1.17
9535,12017,0.23,1.17
9536,9460,1220.01,1.17
9537,6667,32.9,1.17
9537,6668,1077.661138,1.17
9538,9527,62.01,1.17
9538,9539,47.91,1.17
9539,9530,0.0,1.17
9539,9538,62.01,1.17
9539,9540,47.91,1.17
9540,9531,363.13,1.17
9540,9539,62.01,1.17
9540,9541,334.88,1.17
9541,9540,425.14,1.17
9541,9542,0.0,1.17
9541,11846,334.88,1.17
9542,9541,0.0,1.17
9542,9545,93.34,1.17
9542,11846,100.13,1.17
9543,9532,0.0,1.17
9543,9544,0.0,1.17
9543,9545,0.0,1.17
9544,9534,0.0,1.17
9544,9543,0.0,1.17
9544,9546,0.0,1.17
9545,9542,100.13,1.17
9545,9543,0.0,1.17
9545,9546,93.34,1.17
9546,5408,93.34,1.17
9546,6703,0.0,1.17
9546,9544,0.0,1.17
9546,9545,100.13,1.17
9547,6703,21.91,1.17
9547,9475,0.0,1.17
9547,9476,30.18,1.17
9548,9480,115.89,1.17
9548,9550,0.0,1.17
9548,11851,110.27,1.17
9549,5538,399.744114,1.17
9549,9558,3.22,1.17
9549,11851,347.43,1.17
9550,9548,0.0,1.17
9550,9551,0.0,1.17
9550,9553,0.0,1.17
9551,9550,0.0,1.17
9551,11851,285.274114,1.17
9551,11852,231.54,1.17
9552,9484,191.41,1.17
9552,9553,121.28,1.17
9552,9555,0.0,1.17
9553,9550,0.0,1.17
9553,9552,191.41,1.17
9553,9554,121.28,1.17
9553,9556,0.0,1.17
9554,9553,191.41,1.17
9554,9557,19.38,1.17
9554,11852,149.75,1.17
9555,9552,0.0,1.17
9555,9556,0.0,1.17
9555,9559,0.0,1.17
9556,9553,0.0,1.17
9556,9555,0.0,1.17
9556,9557,0.0,1.17
9556,9560,0.0,1.17
9557,9554,28.47,1.17
9557,9556,0.0,1.17
9557,9558,1.35,1.17
9557,9561,20.02,1.17
9558,9549,4.2,1.17
9558,9557,0.64,1.17
9558,9562,298.265886,1.17
9558,11852,177.5,1.17
9559,9490,317.07,1.17
9559,9555,0.0,1.17
9559,9560,295.12,1.17
9559,9564,8.64,1.17
9560,9556,0.0,1.17
9560,9559,325.71,1.17
9560,9561,295.12,1.17
9561,9557,29.82,1.17
9561,9560,325.71,1.17
9561,9562,128.65,1.17
9561,9565,136.65,1.17
9562,9558,180.35,1.17
9562,9561,125.57,1.17
9562,9563,369.775886,1.17
9562,9565,57.14,1.17
9563,5589,369.775886,1.17
9563,9562,258.93,1.17
9563,9566,0.0,1.17
9564,9493,0.0,1.17
9564,9559,12.83,1.17
9564,9567,8.64,1.17
9565,9561,180.12,1.17
9565,9562,46.99,1.17
9565,9566,88.88,1.17
9565,9568,104.91,1.17
9566,9563,0.0,1.17
9566,9565,102.98,1.17
9566,9569,88.88,1.17
9567,9495,0.0,1.17
9567,9564,12.83,1.17
9567,11855,8.64,1.17
9568,9565,124.13,1.17
9568,9569,307.51,1.17
9568,11856,304.92,1.17
9569,6710,396.39,1.17
9569,9566,102.98,1.17
9569,9568,200.01,1.17
9569,9571,0.0,1.17
9570,9575,21.72,1.17
9570,11855,18.59,1.17
9570,11856,57.73,1.17
9571,9569,0.0,1.17
9571,9572,138.74,1.17
9571,11856,145.88,1.17
9572,6579,140.54,1.17
9572,9571,145.88,1.17
9572,9573,0.0,1.17
9572,9576,0.63,1.17
9573,6580,6.86,1.17
9573,9572,0.0,1.17
9573,9577,2.37,1.17
9574,9507,0.0,1.17
9574,9575,24.41,1.17
9574,9581,15.31,1.17
9575,9570,37.08,1.17
9575,9574,15.31,1.17
9575,9576,6.41,1.17
9576,9572,1.8,1.17
9576,9575,12.67,1.17
9576,9577,6.41,1.17
9576,9585,0.63,1.17
9577,9573,6.86,1.17
9577,9576,12.67,1.17
9577,9586,8.78,1.17
9578,9590,0.0,1.17
9578,9605,101.69,1.17
9579,6709,233.42,1.17
9580,9507,12.83,1.17
9580,9581,0.0,1.17
9580,9582,8.64,1.17
9581,9574,24.41,1.17
9581,9580,0.0,1.17
9581,9583,15.31,1.17
9582,9510,87.5,1.17
9582,9580,12.83,1.17
9582,9583,259.63,1.17
9582,11859,142.26,1.17
9583,9581,24.41,1.17
9583,9582,117.63,1.17
9583,9605,235.22,1.17
9584,9579,233.42,1.17
9584,9585,1.8,1.17
9584,9605,0.63,1.17
9585,9576,1.8,1.17
9585,9584,0.63,1.17
9585,9586,0.0,1.17
9585,9587,0.0,1.17
9586,9577,19.53,1.17
9586,9585,0.0,1.17
9586,9589,8.78,1.17
9587,9518,0.0,1.17
9587,9585,0.0,1.17
9587,9588,0.0,1.17
9588,9587,0.0,1.17
9588,9589,0.0,1.17
9588,9592,0.0,1.17
9589,9586,19.53,1.17
9589,9588,0.0,1.17
9589,9593,8.78,1.17
9590,9519,0.0,1.17
9591,9579,0.0,1.17
9591,9584,0.0,1.17
9592,9588,0.0,1.17
9592,9593,6.86,1.17
9592,9595,2.37,1.17
9593,9589,19.53,1.17
9593,9592,2.37,1.17
9593,9596,6.41,1.17
9593,11860,0.0,1.17
9594,9601,0.0,1.17
9594,11860,0.0,1.17
9595,9592,6.86,1.17
9595,9596,0.0,1.17
9595,9597,32.8368445,1.17
9595,11859,24.32648053,1.17
9596,9593,12.67,1.17
9596,9595,0.0,1.17
9596,9598,6.41,1.17
9597,9595,21.95648053,1.17
9597,9598,0.0,1.17
9597,9602,70.23,1.17
9597,11859,23.46351947,1.17
9598,9596,12.67,1.17
9598,9597,0.0,1.17
9598,9599,6.41,1.17
9599,9598,12.67,1.17
9599,9600,0.0,1.17
9599,9603,6.41,1.17
9600,9599,0.0,1.17
9600,9601,0.0,1.17
9600,11860,0.0,1.17
9601,9594,0.0,1.17
9601,9600,0.0,1.17
9601,9604,0.0,1.17
9602,9597,45.42,1.17
9602,9603,70.23,1.17
9603,9599,12.67,1.17
9603,9602,45.42,1.17
9603,9604,76.64,1.17
9604,9601,0.0,1.17
9604,9603,58.09,1.17
9604,10228,76.64,1.17
9605,9583,102.32,1.17
9605,9584,235.22,1.17
9605,9590,0.0,1.17
9606,3270,196.3943545,1.17
9606,10288,265.8756455,1.17
9606,11494,815.2,1.17
9607,3420,258.4438327,1.17
9607,3446,0.0,1.17
9607,3458,443.587298,1.17
9608,3419,506.5823898,1.17
9608,7206,603.63,1.17
9608,9182,548.7633064,1.17
9609,3410,546.2444821,1.17
9609,7203,219.18,1.17
9609,7204,148.06,1.17
9609,7205,245.0419699,1.17
9610,3179,279.5582876,1.17
9610,3185,355.0549365,1.17
9610,11450,128.42,1.17
9610,11452,342.6283173,1.17
9611,3177,345.116291,1.17
9611,3178,415.0349365,1.17
9611,3182,15.73,1.17
9611,3194,187.7825992,1.17
9612,3117,174.17,1.17
9612,3118,287.97,1.17
9612,3150,180.6803139,1.17
9612,11448,108.9,1.17
9613,3106,134.45,1.17
9613,3107,31.7,1.17
9613,3117,296.4485386,1.17
9613,11446,332.04,1.17
9614,2960,69.55,1.17
9614,2972,0.0,1.17
9614,7208,232.49,1.17
9615,6456,308.61,1.17
9615,6457,36.89918406,1.17
9615,6803,188.83,1.17
9615,11484,315.68,1.17
9616,3085,0.0,1.17
9616,3086,1.48,1.17
9616,11447,1.19,1.17
9617,9618,54.72,1.17
9617,12082,601.3080894,1.17
9617,12234,145.74,1.17
9618,5149,278.6398721,1.17
9618,9617,51.4,1.17
9618,12081,54.72,1.17
9618,12082,333.59,1.17
9619,9118,746.758163,1.17
9619,9119,848.3407303,1.17
9619,9620,181.215325,1.17
9620,9619,148.360539,1.17
9620,10778,2118.317043,1.17
9620,12047,2788.002111,1.17
9621,12101,214.5350179,1.17
9621,12102,997.3359714,1.17
9621,12253,993.0577146,1.17
9622,9183,2363.630527,1.17
9622,10793,2384.312677,1.17
9622,12315,645.8034723,1.17
9623,8890,1899.006594,1.17
9623,10804,1560.503395,1.17
9624,9625,278.2180535,1.17
9624,10624,1877.441484,1.17
9624,10629,2089.333638,1.17
9625,9624,693.3839689,1.17
9625,9626,804.4229854,1.17
9625,10629,597.6361163,1.17
9625,10630,522.1378509,1.17
9626,2086,464.2327918,1.17
9626,9625,802.7604258,1.17
9626,9627,554.2104875,1.17
9626,10636,491.4228212,1.17
9627,2088,703.534615,1.17
9627,2089,498.3968256,1.17
9627,9626,441.7241167,1.17
9628,5075,1840.366798,1.17
9628,5076,803.773446,1.17
9628,5077,1879.719685,1.17
9629,5077,2369.104332,1.17
9629,5371,1848.242443,1.17
9629,10331,505.26,1.17
9630,6213,479.7893853,1.17
9630,6215,86.16616205,1.17
9630,8746,679.402894,1.17
9630,9631,507.4228895,1.17
9631,6215,2632.17822,1.17
9631,8800,2724.96325,1.17
9631,9630,679.402894,1.17
9631,9632,885.5332096,1.17
9632,6232,885.5332096,1.17
9632,8800,27.11,1.17
9632,9631,1080.828391,1.17
9633,6402,1214.165548,1.17
9633,7506,711.118963,1.17
9633,9003,1114.165169,1.17
9634,4425,559.0042276,1.17
9634,8382,636.8280007,1.17
9634,9635,900.122379,1.17
9635,8381,1484.100608,1.17
9635,9634,721.8917253,1.17
9635,10590,2099.02114,1.17
9636,1820,148.5642281,1.17
9636,9637,143.8957719,1.17
9636,10314,616.406847,1.17
9637,9636,353.686345,1.17
9637,10313,418.6109814,1.17
9637,10315,173.26,1.17
9638,1879,230.14,1.17
9638,9639,19.67,1.17
9638,10480,284.505213,1.17
9639,2729,2210.057853,1.17
9639,9638,136.84,1.17
9639,9641,122.520366,1.17
9639,10480,1938.717942,1.17
9640,1863,335.9565014,1.17
9640,1865,702.5502703,1.17
9640,9641,78.51,1.17
9641,9639,99.46,1.17
9641,9640,17.96980527,1.17
9641,10473,104.5505608,1.17
9642,2578,228.67,1.17
9642,10458,316.6840926,1.17
9642,12907,596.04,1.17
9643,7642,1992.757628,1.17
9643,7685,494.28,1.17
9643,9644,0.0,1.17
9643,9645,115.6575941,1.17
9644,7685,1385.643717,1.17
9644,7687,2062.807292,1.17
9644,9643,257.2069804,1.17
9644,9646,269.4527943,1.17
9645,7684,1459.306014,1.17
9645,7685,1525.933643,1.17
9645,9643,497.8147152,1.17
9646,7685,1335.085565,1.17
9646,7686,806.9511063,1.17
9646,9644,440.7470308,1.17
9647,7759,347.56,1.17
9647,7768,536.5672494,1.17
9647,10404,0.0,1.17
9648,8911,982.3680239,1.17
9648,10922,1700.342922,1.17
9648,12037,1034.317099,1.17
9648,12085,161.5875734,1.17
9649,9650,0.0,1.17
9649,11013,2261.3072,1.17
9649,11779,59.9,1.17
9649,11781,2040.047686,1.17
9650,8507,895.1925492,1.17
9650,9649,0.0,1.17
9650,10924,1203.456484,1.17
9651,8928,335.5511217,1.17
9651,11025,493.2093866,1.17
9651,12164,346.9012285,1.17
9652,1840,1396.251258,1.17
9652,1841,1482.445519,1.17
9652,9653,0.0,1.17
9653,9652,0.0,1.17
9653,9654,0.0,1.17
9653,10715,401.5090781,1.17
9653,10716,209.1470698,1.17
9654,9653,0.0,1.17
9654,10715,97.62682177,1.17
9654,10721,17.49,1.17
9655,9656,0.0,1.17
9655,10702,147.16,1.17
9655,12947,225.01,1.17
9656,5079,0.0,1.17
9656,9655,0.0,1.17
9656,9657,0.0,1.17
9657,9656,0.0,1.17
9657,12945,1646.822935,1.17
9657,12950,1565.605938,1.17
9658,1834,194.36,1.17
9658,2331,136.78,1.17
9658,10725,35.77,1.17
9659,2680,0.0,1.17
9659,2681,0.0,1.17
9659,9660,0.0,1.17
9660,2411,62.47,1.17
9660,9659,0.0,1.17
9660,10735,107.3872122,1.17
9661,2887,912.2651181,1.17
9661,10659,1221.472216,1.17
9661,11194,991.9475814,1.17
9662,3058,46.81,1.17
9662,3062,713.7482248,1.17
9662,3063,308.3450008,1.17
9662,3250,349.677171,1.17
9663,3144,10.07,1.17
9663,3145,5.06,1.17
9663,6464,1.27,1.17
9664,9923,6415.742384,1.17
9665,2330,1.52,1.17
9665,9667,238.96,1.17
9665,10991,215.6958062,1.17
9666,9051,96.0561607,1.17
9666,9667,915.599716,1.17
9666,11023,433.04,1.17
9667,9042,915.599716,1.17
9667,9665,0.0,1.17
9667,9666,509.7,1.17
9668,3872,450.9690433,1.17
9668,8292,1335.278854,1.17
9668,11010,505.9510355,1.17
9668,12034,2527.058756,1.17
9669,6370,1817.427807,1.17
9669,8915,185.9881171,1.17
9669,11779,263.13,1.17
9669,11781,2238.362868,1.17
9670,11032,260.7541628,1.17
9670,12140,806.020788,1.17
9670,12160,430.3335826,1.17
9671,3901,0.0,1.17
9671,9086,391.156367,1.17
9671,10964,537.4970057,1.17
9672,9673,0.0,1.17
9672,10918,925.6320547,1.17
9672,11306,446.7141038,1.17
9673,9672,117.7111592,1.17
9673,9674,0.0,1.17
9673,10925,0.0,1.17
9674,7785,351.26,1.17
9674,9673,117.7111592,1.17
9674,10750,1081.424234,1.17
9675,2104,4199.889225,1.17
9676,3580,734.3115908,1.17
9676,7290,520.3334066,1.17
9676,8069,33.82,1.17
9677,2296,42.76841136,1.17
9677,2600,861.1737555,1.17
9677,10934,747.6073517,1.17
9678,3109,1.07,1.17
9678,3113,0.0,1.17
9678,3118,6.5,1.17
9679,8494,21.58,1.17
9679,8505,383.344754,1.17
9679,9680,584.9145631,1.17
9680,9679,271.6351758,1.17
9680,9681,1061.397232,1.17
9680,9686,339.0461462,1.17
9680,12155,327.6768264,1.17
9681,2366,714.4642057,1.17
9681,4959,346.9330265,1.17
9681,9680,653.5126152,1.17
9682,2409,1536.689108,1.17
9682,2912,189.6664826,1.17
9682,6352,1172.548028,1.17
9683,2394,687.2832535,1.17
9683,9684,473.1240336,1.17
9683,11211,470.6943007,1.17
9684,2379,832.0588615,1.17
9684,2391,574.59,1.17
9684,9683,408.1331331,1.17
9684,9685,351.0440336,1.17
9685,2404,520.1977152,1.17
9685,6337,0.0,1.17
9685,9684,534.8152308,1.17
9686,2366,588.3351495,1.17
9686,9680,46.00137933,1.17
9686,11209,524.1961462,1.17
9687,8277,832.0854436,1.17
9687,8578,564.21,1.17
9687,9688,45.39,1.17
9688,3214,1111.273647,1.17
9688,7224,840.3198413,1.17
9688,9687,0.0,1.17
9689,7812,0.0,1.17
9689,8108,0.0,1.17
9689,8166,0.0,1.17
9690,8030,781.3859874,1.17
9690,8128,319.06,1.17
9690,9691,0.0,1.17
9691,8122,163.2,1.17
9691,9690,0.0,1.17
9691,11333,717.0929419,1.17
9692,3526,109.0223517,1.17
9692,7279,235.340151,1.17
9692,11412,160.7702245,1.17
9693,8045,1892.401866,1.17
9693,8095,1081.748801,1.17
9693,11275,0.0,1.17
9694,8154,943.4786741,1.17
9694,8178,509.3116653,1.17
9694,11363,693.6162145,1.17
9695,9696,0.0,1.17
9695,11361,338.73,1.17
9695,11364,740.289216,1.17
9696,8182,1346.786142,1.17
9696,8841,752.3588131,1.17
9696,9695,0.0,1.17
9697,7997,1261.966592,1.17
9697,8013,1134.680921,1.17
9697,9698,0.0,1.17
9698,8851,149.3357618,1.17
9698,9697,0.0,1.17
9698,11368,133.8501432,1.17
9699,9700,0.0,1.17
9699,9701,435.7767068,1.17
9699,11367,86.67091983,1.17
9700,8850,180.6358945,1.17
9700,9699,180.0979233,1.17
9700,11368,597.3338649,1.17
9701,7981,492.4346403,1.17
9701,9699,86.67091983,1.17
9701,9702,349.3463116,1.17
9702,7985,282.8552572,1.17
9702,9701,236.7558568,1.17
9702,9704,739.408724,1.17
9702,11367,284.87,1.17
9703,7997,1209.06213,1.17
9703,9704,144.8528238,1.17
9703,11371,1085.769555,1.17
9704,7993,884.2615478,1.17
9704,9702,279.94,1.17
9704,9703,302.181453,1.17
9705,7880,781.1953344,1.17
9705,9706,602.5764127,1.17
9705,9715,49.28,1.17
9705,11371,631.0652593,1.17
9706,9705,49.28,1.17
9706,9707,417.4975609,1.17
9706,9711,366.9609953,1.17
9706,11374,907.3546888,1.17
9707,7882,460.0375609,1.17
9707,9706,471.4323565,1.17
9707,9708,116.09,1.17
9708,9707,42.54,1.17
9708,9716,664.0,1.17
9708,11373,467.290967,1.17
9709,7272,0.0,1.17
9709,7869,765.5438562,1.17
9709,9710,562.0617726,1.17
9710,7273,767.071397,1.17
9710,8774,1304.890566,1.17
9710,9709,191.94,1.17
9711,9706,200.3069148,1.17
9711,9712,23.90531964,1.17
9711,9713,366.9609953,1.17
9712,7875,1181.417657,1.17
9712,9711,0.0,1.17
9712,11374,1191.005932,1.17
9713,9711,224.2122345,1.17
9713,9714,332.9876151,1.17
9713,9716,124.8986936,1.17
9714,7872,1704.634132,1.17
9714,7875,1364.679864,1.17
9714,9713,84.20713174,1.17
9715,7880,173.5380962,1.17
9715,9705,291.25,1.17
9715,11370,97.6,1.17
9716,7874,704.6915618,1.17
9716,9708,509.830967,1.17
9716,9713,230.9304161,1.17
9716,9717,84.20713174,1.17
9717,7874,1640.619476,1.17
9717,7897,1052.317132,1.17
9717,9716,230.9304161,1.17
9718,9719,102.9855412,1.17
9718,9720,1985.21031,1.17
9718,11332,728.4581112,1.17
9719,7838,1160.940578,1.17
9719,9718,0.0,1.17
9719,11335,1065.227453,1.17
9720,7836,1416.13735,1.17
9720,7838,569.0729604,1.17
9720,9718,728.4581112,1.17
9721,8004,1110.732916,1.17
9721,9722,372.7486637,1.17
9721,11332,2009.209871,1.17
9722,9721,225.1114089,1.17
9722,9723,892.9519119,1.17
9722,11335,1606.110489,1.17
9723,9722,1357.153234,1.17
9723,9724,13.85,1.17
9723,11334,879.1019119,1.17
9724,9723,109.9414089,1.17
9724,9725,555.9766835,1.17
9724,9726,448.0671214,1.17
9725,7862,1303.455499,1.17
9725,8001,517.7028786,1.17
9725,9724,558.0085303,1.17
9726,8001,733.0919119,1.17
9726,9724,542.1266835,1.17
9726,11334,1411.803844,1.17
9727,7838,564.289419,1.17
9727,7840,17.94625184,1.17
9727,9728,829.2588677,1.17
9728,3582,1263.576559,1.17
9728,9727,341.2351245,1.17
9728,11338,1039.119402,1.17
9729,9227,1068.789705,1.17
9729,9730,409.1533148,1.17
9729,11341,1182.131745,1.17
9730,7848,439.5424221,1.17
9730,9226,1923.879375,1.17
9730,9729,645.7011095,1.17
9731,3575,65.14,1.17
9731,9732,0.0,1.17
9731,11340,458.1757751,1.17
9732,7854,390.7800925,1.17
9732,9731,0.0,1.17
9732,9735,315.9386933,1.17
9733,7853,1303.016832,1.17
9733,7858,1720.224924,1.17
9733,9734,1455.392815,1.17
9734,7854,444.2336102,1.17
9734,7859,605.8112478,1.17
9734,9733,1185.47818,1.17
9734,9735,1336.463265,1.17
9735,8866,1652.401959,1.17
9735,9732,390.7800925,1.17
9735,9734,943.7859389,1.17
9736,7753,488.35,1.17
9736,11289,175.4354078,1.17
9736,11292,817.5813154,1.17
9737,7779,617.36,1.17
9737,7785,467.6606596,1.17
9737,11308,1966.64525,1.17
9738,8055,247.3233675,1.17
9738,8065,0.0,1.17
9738,9739,0.0,1.17
9739,8054,581.5789234,1.17
9739,8066,144.76,1.17
9739,9738,231.6533675,1.17
9739,9740,0.0,1.17
9740,9739,0.0,1.17
9740,9741,0.0,1.17
9741,8045,1011.421604,1.17
9741,8066,837.2201336,1.17
9741,9740,0.0,1.17
9742,8532,68.19331244,1.17
9742,8674,2.48,1.17
9742,9743,0.0,1.17
9743,3224,911.6295447,1.17
9743,8530,1171.357612,1.17
9743,9742,0.0,1.17
9744,8569,24.54,1.17
9744,8571,173.28,1.17
9744,11351,211.9252394,1.17
9745,8633,31.44,1.17
9745,8635,87.26302264,1.17
9745,11344,34.33950083,1.17
9746,8618,462.6497452,1.17
9746,8624,205.56,1.17
9746,9747,90.17,1.17
9747,8619,612.6302514,1.17
9747,9746,79.39,1.17
9747,11346,645.0868727,1.17
9748,9749,183.1456261,1.17
9748,12479,13.99,1.17
9748,12483,132.2390731,1.17
9749,3791,183.1456261,1.17
9749,9748,76.95907311,1.17
9750,12486,301.2537789,1.17
9750,12489,411.1535832,1.17
9751,6734,2695.456063,1.17
9751,11511,2459.118403,1.17
9751,12523,0.0,1.17
9752,9753,17.08,1.17
9752,11509,1510.372181,1.17
9752,11513,1380.565572,1.17
9753,9752,3.85,1.17
9753,11510,1194.276135,1.17
9753,12527,1226.900435,1.17
9754,1302,1187.11,1.17
9754,12659,336.6423504,1.17
9754,12663,432.43,1.17
9754,12692,415.3176496,1.17
9755,9756,0.0,1.17
9755,12675,2069.356784,1.17
9755,12820,1838.543707,1.17
9756,6437,261.3057996,1.17
9756,9755,147.7044345,1.17
9756,11546,102.5877155,1.17
9757,12696,1325.649364,1.17
9757,12739,31.12,1.17
9757,12798,1605.131897,1.17
9758,9759,0.0,1.17
9758,12690,1321.459364,1.17
9758,12696,1365.115873,1.17
9759,9758,0.0,1.17
9759,12692,695.08,1.17
9759,12706,1047.426605,1.17
9760,10072,959.952063,1.17
9760,11559,559.7190847,1.17
9760,11560,16.66,1.17
9761,5523,83.43,1.17
9761,5613,314.5660255,1.17
9762,5531,479.3560255,1.17
9762,5556,307.63,1.17
9762,5644,0.0,1.17
9763,4101,186.9293224,1.17
9763,4116,154.25,1.17
9763,11624,28.91,1.17
9764,4489,237.02,1.17
9764,9765,162.1275374,1.17
9764,11076,281.5241024,1.17
9765,9764,0.0,1.17
9765,11071,1113.278895,1.17
9765,11077,1425.304704,1.17
9766,3941,779.1450508,1.17
9766,9767,165.9199417,1.17
9766,11067,662.2682848,1.17
9767,3506,3933.303861,1.17
9767,4475,2453.762758,1.17
9767,9766,59.80137877,1.17
9768,9769,967.9666998,1.17
9768,11059,1208.894281,1.17
9768,11065,1580.420488,1.17
9769,9768,665.8544553,1.17
9769,11066,327.6426937,1.17
9769,12353,1423.573048,1.17
9770,9771,865.5732876,1.17
9770,11048,1927.928264,1.17
9770,11049,2017.951154,1.17
9771,9770,1328.960603,1.17
9771,12306,1568.281266,1.17
9771,12307,1938.710696,1.17
9772,8515,1301.019645,1.17
9772,9773,0.0,1.17
9772,9774,278.5632981,1.17
9772,12305,1893.191233,1.17
9773,9772,0.0,1.17
9773,11046,2480.935415,1.17
9773,12196,1699.364757,1.17
9774,9772,282.6151691,1.17
9774,11046,859.9816975,1.17
9774,12305,620.6676709,1.17
9775,3936,1211.300591,1.17
9775,9777,269.05,1.17
9775,11159,1575.644373,1.17
9776,986,1115.11,1.17
9776,3939,400.695727,1.17
9776,6360,639.1059031,1.17
9776,9777,61.55,1.17
9777,9775,61.55,1.17
9777,9776,269.05,1.17
9777,9778,0.0,1.17
9778,3936,44.1,1.17
9778,3939,24.77,1.17
9778,9777,0.0,1.17
9779,6360,1965.480881,1.17
9779,9781,0.0,1.17
9779,11160,2108.800682,1.17
9780,3939,165.9314049,1.17
9780,3940,352.9734333,1.17
9780,9781,0.0,1.17
9780,10281,0.0,1.17
9781,6362,0.0,1.17
9781,9779,0.0,1.17
9781,9780,0.0,1.17
9782,3939,270.0830568,1.17
9782,6344,359.6906636,1.17
9782,10281,0.0,1.17
9783,6349,176.8900733,1.17
9783,6350,225.8179613,1.17
9783,9784,0.0,1.17
9784,6343,673.3597751,1.17
9784,9783,0.0,1.17
9784,11156,1415.568672,1.17
9785,6344,1717.079776,1.17
9785,9786,7.47,1.17
9785,12373,2231.849408,1.17
9786,974,208.09,1.17
9786,9785,5.63,1.17
9786,9790,110.42,1.17
9786,11157,902.7231307,1.17
9787,979,703.01,1.17
9787,9788,223.87,1.17
9787,11157,1594.539394,1.17
9787,12373,1505.696773,1.17
9788,980,732.94,1.17
9788,9787,110.93,1.17
9788,9789,283.9547073,1.17
9788,12374,498.3552927,1.17
9789,976,546.48,1.17
9789,9788,293.71,1.17
9789,11157,60.72,1.17
9789,12375,550.3447073,1.17
9790,6340,110.42,1.17
9790,9786,670.4131307,1.17
9790,9791,0.0,1.17
9790,9792,0.0,1.17
9791,6344,2086.988745,1.17
9791,9790,0.0,1.17
9791,11156,1540.62672,1.17
9792,6328,2439.982773,1.17
9792,9790,0.0,1.17
9792,9793,1904.472405,1.17
9793,9792,2439.982773,1.17
9793,9796,125.8315045,1.17
9793,11786,1801.110901,1.17
9794,6327,414.8166732,1.17
9794,9795,0.0,1.17
9794,9796,0.0,1.17
9794,11787,167.0588333,1.17
9795,6330,793.514814,1.17
9795,9794,0.0,1.17
9795,11154,719.7496622,1.17
9796,9793,86.09332685,1.17
9796,9794,22.47,1.17
9796,11787,103.3615045,1.17
9797,6335,909.2943619,1.17
9797,9798,116.2603805,1.17
9797,12350,1063.736105,1.17
9798,6329,86.86733385,1.17
9798,6330,224.6396622,1.17
9798,6331,166.3679393,1.17
9798,9797,688.0301082,1.17
9799,5581,400.2293324,1.17
9799,9801,2.46,1.17
9799,11763,368.79,1.17
9800,7434,17.27367855,1.17
9800,9801,0.0,1.17
9800,9802,72.15,1.17
9801,5562,0.0,1.17
9801,9799,0.0,1.17
9801,9800,0.0,1.17
9801,9802,2.46,1.17
9802,5534,74.61,1.17
9802,9800,17.27367855,1.17
9802,9801,0.0,1.17
9803,9804,452.7364605,1.17
9803,11185,644.4840448,1.17
9803,11188,966.8987238,1.17
9804,9803,547.8665358,1.17
9804,9805,1391.15182,1.17
9804,12531,1198.73528,1.17
9805,9804,1649.471382,1.17
9805,9808,421.2713637,1.17
9805,11184,984.1104563,1.17
9806,9807,518.5049464,1.17
9806,9904,678.7100059,1.17
9806,12528,541.484004,1.17
9807,9806,269.8919136,1.17
9807,9808,838.3087644,1.17
9807,12474,383.9188433,1.17
9808,6393,708.7762058,1.17
9808,6406,362.3496437,1.17
9808,9805,1052.920934,1.17
9808,9807,489.7375438,1.17
9809,9810,143.4842076,1.17
9809,11093,1037.734345,1.17
9809,11179,945.7755621,1.17
9810,7293,346.1373612,1.17
9810,9809,486.6504005,1.17
9810,11178,326.5862818,1.17
9811,5498,6.43,1.17
9811,5533,8.8,1.17
9811,11758,10.34,1.17
9812,6578,0.0,1.17
9812,11740,0.0,1.17
9813,9814,0.0,1.17
9813,11752,51.77,1.17
9813,11831,110.55,1.17
9814,4785,280.4812942,1.17
9814,4874,301.2581382,1.17
9814,9813,0.0,1.17
9815,3875,0.0,1.17
9815,9816,0.0,1.17
9815,10009,0.0,1.17
9816,4593,0.0,1.17
9816,4597,312.313122,1.17
9816,9815,0.0,1.17
9816,9817,0.0,1.17
9817,3845,340.2702789,1.17
9817,9816,0.0,1.17
9817,9818,1419.589786,1.17
9818,3835,1419.589786,1.17
9818,9817,340.2702789,1.17
9818,9819,0.0,1.17
9819,4594,775.345521,1.17
9819,4595,0.0,1.17
9819,9818,0.0,1.17
9819,11202,1071.25699,1.17
9820,4643,265.6891906,1.17
9820,4651,223.1010416,1.17
9820,9821,0.0,1.17
9820,9826,0.0,1.17
9821,3010,387.24,1.17
9821,9820,81.8897518,1.17
9821,9822,351.581842,1.17
9821,11748,558.160231,1.17
9822,4857,481.4376538,1.17
9822,4858,740.699251,1.17
9822,9821,315.7999828,1.17
9823,4842,285.2716264,1.17
9823,4843,598.9683527,1.17
9823,9824,0.0,1.17
9824,4840,0.0,1.17
9824,4858,50.25100178,1.17
9824,9823,0.0,1.17
9825,2880,441.6039069,1.17
9825,4670,0.0,1.17
9825,6493,621.5950229,1.17
9826,2949,357.0560262,1.17
9826,5157,369.3078712,1.17
9826,9820,0.0,1.17
9827,5446,50.52,1.17
9827,9832,0.0,1.17
9827,11828,107.95,1.17
9828,2889,111.2503433,1.17
9828,4675,57.70689496,1.17
9828,9829,46.65,1.17
9829,4663,517.735214,1.17
9829,9828,19.77,1.17
9829,11744,643.0996643,1.17
9830,4637,287.3611162,1.17
9830,4638,589.8116135,1.17
9830,9831,0.0,1.17
9831,4625,385.7133166,1.17
9831,4626,806.6609492,1.17
9831,9830,0.0,1.17
9832,4679,202.03,1.17
9832,5451,176.42,1.17
9832,9827,0.0,1.17
9833,4672,585.0382542,1.17
9833,7542,301.8431183,1.17
9833,9834,619.4659392,1.17
9834,1853,336.6156079,1.17
9834,9833,71.75,1.17
9834,9835,392.6234557,1.17
9834,11231,362.7224835,1.17
9835,1072,101.91,1.17
9835,1853,477.1791649,1.17
9835,9834,126.03,1.17
9835,11804,1355.89994,1.17
9836,7340,44.41,1.17
9836,7343,70.56,1.17
9836,9837,0.0,1.17
9836,11715,0.0,1.17
9837,7341,165.93,1.17
9837,7342,118.28,1.17
9837,9836,0.0,1.17
9838,4580,0.0,1.17
9838,4605,0.0,1.17
9838,7428,504.4068081,1.17
9838,11823,171.78,1.17
9839,5727,522.610049,1.17
9839,9840,42.21,1.17
9839,11637,202.63,1.17
9840,5718,3.35,1.17
9840,5719,46.37,1.17
9840,9839,28.17,1.17
9840,9841,0.0,1.17
9841,5705,103.27,1.17
9841,5706,57.95,1.17
9841,9840,0.0,1.17
9842,5013,219.1,1.17
9842,6473,206.12302,1.17
9842,7319,580.8335159,1.17
9843,4943,196.18,1.17
9843,9846,0.0,1.17
9843,11679,170.1103924,1.17
9844,4944,0.0,1.17
9844,4958,0.0,1.17
9844,9846,0.0,1.17
9845,4944,0.83,1.17
9845,11680,24.7,1.17
9845,11683,21.73,1.17
9846,9843,0.0,1.17
9846,9844,0.0,1.17
9846,9847,0.0,1.17
9847,4956,718.369081,1.17
9847,4957,558.4776937,1.17
9847,9846,0.0,1.17
9848,4980,136.590414,1.17
9848,4981,120.56,1.17
9848,9849,1.27,1.17
9849,4953,367.1218296,1.17
9849,9848,44.13,1.17
9849,9850,0.0,1.17
9849,11677,347.519586,1.17
9850,7309,1.83,1.17
9850,9849,0.0,1.17
9850,11680,2.63,1.17
9851,5270,0.0,1.17
9851,5284,0.0,1.17
9851,5301,0.0,1.17
9851,5651,0.0,1.17
9852,5331,19.41,1.17
9852,5345,108.26,1.17
9852,11663,135.19,1.17
9853,4799,0.74,1.17
9853,5409,0.0,1.17
9853,5417,2.76,1.17
9854,9252,0.0,1.17
9854,9855,0.0,1.17
9854,9876,0.0,1.17
9855,6801,0.0,1.17
9855,9854,0.0,1.17
9855,12023,0.0,1.17
9856,9252,0.0,1.17
9856,9259,0.0,1.17
9856,9857,554.7656555,1.17
9856,9877,0.0,1.17
9857,9263,371.406208,1.17
9857,9856,0.0,1.17
9857,9858,183.3594474,1.17
9857,9875,0.0,1.17
9858,9857,0.0,1.17
9858,9860,183.3594474,1.17
9858,9861,0.0,1.17
9859,6717,183.3594474,1.17
9859,9860,0.0,1.17
9860,9858,0.0,1.17
9860,9859,183.3594474,1.17
9860,9864,0.0,1.17
9861,9858,0.0,1.17
9861,9862,0.0,1.17
9862,9870,0.0,1.17
9862,9873,0.0,1.17
9863,9859,0.0,1.17
9863,9885,0.0,1.17
9864,9277,0.0,1.17
9864,9860,0.0,1.17
9865,9277,643.9070522,1.17
9865,9284,0.31,1.17
9865,9866,275.88,1.17
9866,9865,644.2170522,1.17
9866,9867,50.58,1.17
9866,11935,225.3,1.17
9867,9296,23.75,1.17
9867,9866,139.13,1.17
9867,9868,71.74,1.17
9868,6791,71.74,1.17
9868,9867,162.88,1.17
9868,9869,0.0,1.17
9869,6792,0.0,1.17
9869,9298,0.0,1.17
9869,9868,0.0,1.17
9870,9862,0.0,1.17
9870,9875,0.0,1.17
9870,9885,0.0,1.17
9871,9872,0.0,1.17
9871,9874,0.0,1.17
9872,9863,0.0,1.17
9872,9871,0.0,1.17
9873,1779,0.0,1.17
9873,9874,0.0,1.17
9874,9871,0.0,1.17
9874,9873,0.0,1.17
9874,9880,0.0,1.17
9875,9857,0.0,1.17
9875,9870,0.0,1.17
9875,9877,0.0,1.17
9875,9880,0.0,1.17
9876,9854,0.0,1.17
9876,9877,0.0,1.17
9877,9856,0.0,1.17
9877,9875,0.0,1.17
9877,9876,0.0,1.17
9877,9878,0.0,1.17
9878,9877,0.0,1.17
9878,9879,0.0,1.17
9878,9880,0.0,1.17
9879,6801,0.0,1.17
9879,9878,0.0,1.17
9880,9874,0.0,1.17
9880,9875,0.0,1.17
9880,9878,0.0,1.17
9881,1761,336.08,1.17
9881,6790,337.0281463,1.17
9881,6828,340.0718537,1.17
9881,9882,47.9,1.17
9882,9881,52.41,1.17
9882,9883,205.29,1.17
9882,12027,188.34,1.17
9883,1780,0.0,1.17
9883,6789,205.29,1.17
9883,9882,140.44,1.17
9884,7075,293.0671642,1.17
9884,11042,2251.29839,1.17
9884,12738,1679.325352,1.17
9885,9863,0.0,1.17
9885,9870,0.0,1.17
9886,8773,1173.807661,1.17
9886,9347,1398.483873,1.17
9886,9887,2866.548732,1.17
9886,11378,1172.049551,1.17
9887,9886,1626.258917,1.17
9887,9928,437.2518112,1.17
9887,10292,3880.227285,1.17
9888,3940,191.8769432,1.17
9888,11161,1262.41693,1.17
9888,12374,1403.209609,1.17
9889,2215,8379.917902,1.17
9889,9890,2293.227293,1.17
9890,9891,2293.227293,1.17
9891,8611,2293.227293,1.17
9892,9893,1318.605155,1.17
9892,11105,2614.389123,1.17
9892,11106,2803.134983,1.17
9893,9894,1318.605155,1.17
9894,9895,1318.605155,1.17
9895,9991,7921.229254,1.17
9896,2679,5248.123272,1.17
9897,2272,5714.97261,1.17
9897,2865,629.5473142,1.17
9898,10045,6113.154043,1.17
9899,8235,1693.774219,1.17
9899,8875,6465.055538,1.17
9900,8922,1676.231388,1.17
9900,9901,2045.897857,1.17
9900,10280,2116.728206,1.17
9901,2196,9959.797392,1.17
9902,2193,5080.647614,1.17
9902,8922,1250.363724,1.17
9903,2470,2771.620775,1.17
9904,9806,779.9135434,1.17
9904,11183,363.01,1.17
9904,12471,315.7000059,1.17
9905,9098,1120.124438,1.17
9905,9906,362.919564,1.17
9905,10770,1608.899693,1.17
9906,9905,297.4105369,1.17
9906,10764,547.0719715,1.17
9906,10774,590.06,1.17
9907,4297,0.0,1.17
9907,9909,0.0,1.17
9908,2462,647.69,1.17
9908,2476,557.15,1.17
9908,4298,628.02,1.17
9909,9907,0.0,1.17
9909,9908,375.68,1.17
9909,9911,90.7,1.17
9910,4297,0.0,1.17
9910,9909,90.7,1.17
9911,2794,0.0,1.17
9911,9909,375.68,1.17
9911,9912,470.55,1.17
9912,66,1027.03,1.17
9912,9911,375.68,1.17
9912,9913,401.5537763,1.17
9912,9914,461.6162237,1.17
9913,9912,475.1,1.17
9913,9921,433.0837763,1.17
9914,2476,578.74,1.17
9914,2479,1414.380727,1.17
9914,10354,569.4027635,1.17
9915,2483,49.72777791,1.17
9915,4243,50.55136402,1.17
9915,9917,0.0,1.17
9916,4235,491.8379611,1.17
9916,4243,1513.062821,1.17
9916,9917,286.3035752,1.17
9916,10357,1843.817712,1.17
9917,9915,0.0,1.17
9917,9916,257.9301362,1.17
9917,9918,286.3035752,1.17
9917,9919,171.4902808,1.17
9918,72,313.78,1.17
9918,9230,1620.815904,1.17
9918,9917,429.420417,1.17
9918,9920,1930.114021,1.17
9919,2484,533.4575421,1.17
9919,9917,0.0,1.17
9919,9920,520.8088238,1.17
9919,10357,212.3827449,1.17
9920,2485,1568.14676,1.17
9920,9918,1673.24604,1.17
9920,9919,574.3500061,1.17
9921,7485,654.7251403,1.17
9921,7488,335.91,1.17
9921,9922,201.83,1.17
9922,4086,185.64,1.17
9922,9912,428.89,1.17
9922,9921,603.521364,1.17
9923,3846,4540.145284,1.17
9923,9925,1875.597099,1.17
9924,3848,8072.990503,1.17
9925,9926,2496.242275,1.17
9925,10938,3711.56676,1.17
9926,3844,1737.302275,1.17
9926,9924,1617.699646,1.17
9926,9925,2211.029661,1.17
9927,9928,2729.681696,1.17
9928,9224,2203.004591,1.17
9928,9887,3077.189281,1.17
9929,7479,1653.094121,1.17
9929,10810,2218.50506,1.17
9929,12218,145.775567,1.17
9930,10917,1495.96,1.17
9930,12752,1532.788135,1.17
9930,12826,2148.731346,1.17
9931,9932,3081.310662,1.17
9931,9933,1088.336611,1.17
9931,12376,2334.59174,1.17
9932,9931,1781.13187,1.17
9932,9934,1463.882648,1.17
9932,11069,2568.686908,1.17
9933,9931,1436.851199,1.17
9933,9935,7331.161074,1.17
9934,7628,8304.155104,1.17
9934,9932,1406.560232,1.17
9935,9937,7331.161074,1.17
9936,9934,8246.832689,1.17
9937,9939,7331.161074,1.17
9938,9936,8246.832689,1.17
9939,9941,6366.791089,1.17
9939,9971,1729.355529,1.17
9940,9938,8246.832689,1.17
9940,9974,1053.475605,1.17
9941,9943,6980.158648,1.17
9941,9977,755.2896461,1.17
9942,9940,7279.662591,1.17
9942,9980,1278.319159,1.17
9943,9945,5852.838406,1.17
9943,9983,1938.261695,1.17
9944,9942,8029.399298,1.17
9944,9986,1597.144531,1.17
9945,9947,4304.141454,1.17
9945,9991,1046.69,1.17
9945,9995,1841.704819,1.17
9946,9944,8535.727633,1.17
9947,9949,1241.677303,1.17
9947,9997,3062.46415,1.17
9948,9946,6304.212643,1.17
9949,10007,2699.621245,1.17
9950,9948,1556.408296,1.17
9950,10002,318.65,1.17
9951,9953,5201.078089,1.17
9952,9948,4747.804347,1.17
9952,9998,2978.827408,1.17
9952,10010,1360.693137,1.17
9953,9955,5043.825201,1.17
9953,10011,666.9828872,1.17
9954,9952,9087.324892,1.17
9954,10014,680.9014555,1.17
9955,9957,4669.165201,1.17
9955,10017,451.55,1.17
9956,9954,7863.437911,1.17
9956,10020,224.7802118,1.17
9957,9959,3219.478632,1.17
9957,10023,1449.686569,1.17
9958,9956,6814.833832,1.17
9959,9961,4501.837252,1.17
9960,9958,4864.450995,1.17
9960,10026,852.6356672,1.17
9961,9963,4501.837252,1.17
9962,9960,5717.086662,1.17
9963,9965,4501.837252,1.17
9964,9962,5717.086662,1.17
9965,9967,4029.858139,1.17
9965,10029,471.979113,1.17
9966,9964,5717.086662,1.17
9967,9969,2319.396663,1.17
9967,9970,1710.461477,1.17
9968,9966,3566.791624,1.17
9969,2315,11242.97672,1.17
9970,9968,3566.791624,1.17
9970,12737,6554.902941,1.17
9971,9972,764.9855442,1.17
9971,9976,2910.313455,1.17
9971,12423,2400.109185,1.17
9972,9973,764.9855442,1.17
9973,9939,764.9855442,1.17
9974,9975,1053.475605,1.17
9975,9976,1053.475605,1.17
9976,9940,2020.645703,1.17
9976,9971,1648.015846,1.17
9976,12424,2574.872641,1.17
9977,9978,1368.657205,1.17
9977,9982,2209.826139,1.17
9977,11179,2282.295032,1.17
9978,9979,1368.657205,1.17
9979,9941,1368.657205,1.17
9980,9981,1278.319159,1.17
9981,9982,1278.319159,1.17
9982,9942,528.582451,1.17
9982,9977,2164.413872,1.17
9982,11099,2343.365001,1.17
9983,4036,2482.21558,1.17
9983,9984,810.941453,1.17
9983,9988,2534.020732,1.17
9984,9985,810.941453,1.17
9985,9943,810.941453,1.17
9986,9987,1597.144531,1.17
9987,9988,1597.144531,1.17
9988,9944,1090.816196,1.17
9988,9983,1622.53558,1.17
9988,11105,3063.773357,1.17
9989,3990,1670.574972,1.17
9989,9993,597.1422883,1.17
9989,11200,2037.330422,1.17
9990,9992,1507.686989,1.17
9991,9945,1339.697866,1.17
9991,9946,796.3704088,1.17
9991,9992,6831.850979,1.17
9992,2218,8339.537968,1.17
9993,8503,1402.537919,1.17
9993,9989,25.98799967,1.17
9993,10003,611.5222883,1.17
9994,9996,8476.794539,1.17
9994,9997,0.0,1.17
9994,9999,1457.943941,1.17
9995,9889,10673.14519,1.17
9995,9946,1435.144581,1.17
9996,9995,10266.58496,1.17
9997,9951,3062.46415,1.17
9998,9990,1189.036989,1.17
9998,9996,1789.790418,1.17
9999,10000,1457.943941,1.17
10000,9949,1457.943941,1.17
10001,9990,318.65,1.17
10002,10001,318.65,1.17
10003,9993,1428.525919,1.17
10003,10004,441.8351112,1.17
10003,11793,1110.840281,1.17
10004,10003,499.3179926,1.17
10004,10007,2959.43332,1.17
10004,12557,2165.990025,1.17
10005,3687,261.8369689,1.17
10005,9150,37.41700067,1.17
10005,11198,33.74356693,1.17
10006,2559,168.0207499,1.17
10006,3912,0.0,1.17
10006,4576,44.15304106,1.17
10006,4608,48.19543078,1.17
10007,9951,2138.613938,1.17
10007,10004,2665.308017,1.17
10007,10010,2924.790813,1.17
10008,3913,208.9303662,1.17
10008,6488,0.0,1.17
10008,11205,268.344804,1.17
10009,3716,285.55,1.17
10009,4611,309.365214,1.17
10009,9815,0.0,1.17
10010,3990,2011.342423,1.17
10010,9950,1875.058296,1.17
10010,10007,2069.658204,1.17
10011,10012,666.9828872,1.17
10012,10013,666.9828872,1.17
10013,9953,509.73,1.17
10013,10014,2433.019875,1.17
10013,12601,1747.539969,1.17
10014,4012,876.268428,1.17
10014,10013,1332.243162,1.17
10014,10015,1904.788436,1.17
10015,10016,1904.788436,1.17
10016,9954,1904.788436,1.17
10017,10018,451.55,1.17
10018,10019,451.55,1.17
10019,7050,586.7540146,1.17
10019,9955,76.89,1.17
10019,12603,1217.824731,1.17
10020,5086,926.6202756,1.17
10020,10021,1273.384291,1.17
10020,12603,361.5540146,1.17
10021,10022,1273.384291,1.17
10022,9956,1273.384291,1.17
10023,10024,1449.686569,1.17
10024,10025,1449.686569,1.17
10025,9959,1282.35862,1.17
10025,10026,3469.325237,1.17
10025,11206,2717.529482,1.17
10026,3908,2411.135237,1.17
10026,10025,2118.269482,1.17
10026,10027,1950.382837,1.17
10027,10028,1950.382837,1.17
10028,9958,1950.382837,1.17
10029,4585,597.3297733,1.17
10029,10030,1790.996867,1.17
10030,10029,235.0336798,1.17
10030,12648,1790.996867,1.17
10031,1893,37.68,1.17
10031,3547,334.9745868,1.17
10032,3533,245.1132477,1.17
10032,3547,185.1168049,1.17
10033,3534,193.4342575,1.17
10033,12248,400.1491515,1.17
10034,7353,0.0,1.17
10034,11702,303.1127282,1.17
10034,11703,257.8540578,1.17
10035,6397,0.0,1.17
10035,11180,55.86814183,1.17
10036,6326,263.2920712,1.17
10036,11786,1096.706747,1.17
10036,11787,1208.026759,1.17
10037,2166,7909.708831,1.17
10037,10038,1625.685337,1.17
10038,10039,1625.685337,1.17
10039,2888,1625.685337,1.17
10040,10041,1151.601557,1.17
10041,10042,1151.601557,1.17
10042,2168,7512.239112,1.17
10043,2169,7907.182103,1.17
10044,2175,6685.463543,1.17
10045,10046,1432.193399,1.17
10045,10060,4680.960644,1.17
10046,10047,1432.193399,1.17
10047,10048,1432.193399,1.17
10048,7786,1779.743947,1.17
10048,10049,2795.001115,1.17
10049,10048,1117.921301,1.17
10049,10050,1077.185333,1.17
10049,11306,2379.385782,1.17
10050,10051,1077.185333,1.17
10051,10052,1077.185333,1.17
10052,9899,8158.829757,1.17
10053,10054,1145.140838,1.17
10054,10055,1145.140838,1.17
10055,2096,6091.111865,1.17
10056,2099,8187.42402,1.17
10056,10057,1548.603333,1.17
10057,10058,1548.603333,1.17
10058,4873,1548.603333,1.17
10059,2105,12064.08369,1.17
10060,2104,4680.960644,1.17
10061,2317,5536.134933,1.17
10062,12399,7572.712293,1.17
10063,2385,4982.439267,1.17
10064,10065,1346.185071,1.17
10064,11505,708.9989778,1.17
10064,12520,686.3925911,1.17
10065,9352,4073.497885,1.17
10066,5155,1567.95,1.17
10066,10067,408.3126212,1.17
10067,11505,1165.949312,1.17
10067,12447,965.041599,1.17
10068,10069,236.09,1.17
10068,11553,205.06,1.17
10068,11554,184.8437754,1.17
10069,10068,269.89,1.17
10069,10072,760.6890847,1.17
10070,6514,1140.41,1.17
10070,10069,794.4890847,1.17
10071,12870,3385.381049,1.17
10072,9760,545.7390847,1.17
10072,10069,0.0,1.17
10072,10071,1174.902063,1.17
10073,2237,226.3393224,1.17
10073,10074,547.7285505,1.17
10073,11565,874.3871681,1.17
10073,12889,266.84,1.17
10074,10073,602.8190962,1.17
10074,11571,453.93,1.17
10074,11577,532.4703084,1.17
10074,11608,86.61231505,1.17
10075,9221,805.2260574,1.17
10075,9223,313.3541698,1.17
10075,10642,359.9706645,1.17
10076,2089,553.6964227,1.17
10076,10077,715.0068068,1.17
10077,2087,1311.67279,1.17
10077,2088,312.47,1.17
10077,10076,553.6964227,1.17
10078,4649,635.2140616,1.17
10078,10079,1166.289102,1.17
10078,11798,1122.233038,1.17
10078,11799,1868.815166,1.17
10079,10078,654.93,1.17
10079,10080,1070.781609,1.17
10079,11801,1356.408805,1.17
10079,11802,1753.064905,1.17
10080,3687,42.09356693,1.17
10080,10079,915.8837515,1.17
10080,10081,989.2177252,1.17
10080,11788,524.8798113,1.17
10081,2855,2938.690046,1.17
10081,10080,701.0167826,1.17
10081,11789,1943.41514,1.17
10082,4606,251.1251556,1.17
10082,10083,698.2333492,1.17
10082,11822,921.2136892,1.17
10083,4606,178.1250582,1.17
10083,7419,948.5634,1.17
10083,10082,572.1389229,1.17
10084,10086,1190.27813,1.17
10084,12883,2921.087849,1.17
10085,10086,2013.549935,1.17
10085,10087,698.6276217,1.17
10085,11694,1944.900425,1.17
10086,4602,2342.689636,1.17
10086,10084,534.1367308,1.17
10086,10085,2022.358768,1.17
10087,10085,500.0306147,1.17
10087,12735,5105.055137,1.17
10088,5044,4614.616172,1.17
10088,10089,1167.54,1.17
10088,10090,141.4467166,1.17
10089,1841,1775.930924,1.17
10089,10088,403.05,1.17
10089,10090,151.15,1.17
10089,10091,1109.681097,1.17
10090,10088,56.97,1.17
10090,10089,141.14,1.17
10090,10091,318.1303192,1.17
10090,10711,354.3767166,1.17
10091,10089,467.2509236,1.17
10091,10090,61.78,1.17
10091,10095,6570.218707,1.17
10092,10088,5463.582889,1.17
10092,10093,1555.753063,1.17
10092,10094,17.17,1.17
10093,10092,527.4639656,1.17
10093,10094,996.7710791,1.17
10093,10095,1204.188334,1.17
10093,10705,2798.24111,1.17
10094,10092,157.08,1.17
10094,10093,791.5461416,1.17
10094,10095,197.97,1.17
10094,10706,1222.481079,1.17
10095,10093,450.9419054,1.17
10095,10094,208.54,1.17
10095,10099,7312.895136,1.17
10096,10092,6351.961987,1.17
10096,10097,570.7915873,1.17
10096,10098,954.8280819,1.17
10097,10096,63.39,1.17
10097,10098,323.33,1.17
10097,10099,509.581666,1.17
10097,10700,1369.090978,1.17
10098,10096,804.6772022,1.17
10098,10097,499.0490298,1.17
10098,10099,955.4423405,1.17
10098,12958,2130.830103,1.17
10099,5173,7625.99676,1.17
10099,10097,299.2503611,1.17
10099,10098,852.6720212,1.17
10100,8538,1.87,1.17
10100,8554,4.45,1.17
10101,8539,408.46,1.17
10101,8553,1484.985684,1.17
10102,4351,6124.11656,1.17
10103,4354,6660.702988,1.17
10104,7436,0.0,1.17
10104,10105,120.59,1.17
10105,7429,120.59,1.17
10105,10104,0.0,1.17
10106,7438,793.5797412,1.17
10106,7459,515.2085352,1.17
10107,10108,9837.992233,1.17
10108,7441,9837.992233,1.17
10109,10110,138.3418349,1.17
10109,10665,756.5780663,1.17
10109,10666,595.3662443,1.17
10110,10109,31.47851996,1.17
10110,10660,1979.442362,1.17
10110,12754,1714.36544,1.17
10111,10112,0.0,1.17
10111,10679,1021.464846,1.17
10111,10680,710.3032324,1.17
10112,2325,1998.379406,1.17
10112,10111,71.97612794,1.17
10112,12842,1879.387503,1.17
10113,8967,142.5609069,1.17
10113,10862,2367.162902,1.17
10113,12548,2114.006807,1.17
10114,11540,1230.048261,1.17
10114,12669,271.77,1.17
10114,12682,899.117745,1.17
10115,3135,62.83877178,1.17
10115,3202,318.9433899,1.17
10115,3205,370.081917,1.17
10116,3793,2897.633636,1.17
10116,10117,243.9953666,1.17
10117,7126,661.5791401,1.17
10117,10116,342.63,1.17
10117,10119,424.4957609,1.17
10118,10119,278.0212887,1.17
10118,12980,2744.257071,1.17
10119,6504,702.5170496,1.17
10119,10117,753.3091545,1.17
10119,10118,261.37,1.17
10120,4440,511.4456278,1.17
10120,7036,1732.83823,1.17
10120,10121,648.4210237,1.17
10120,10605,1147.258793,1.17
10121,7037,484.1748281,1.17
10121,10120,612.5475551,1.17
10121,10122,574.5412117,1.17
10121,10605,501.2065146,1.17
10122,7037,1590.484256,1.17
10122,7040,1615.451212,1.17
10122,10121,816.7915055,1.17
10123,6322,0.0,1.17
10123,6323,0.0,1.17
10124,1776,658.0423925,1.17
10124,1789,0.0,1.17
10124,6322,0.0,1.17
10124,6324,1869.05,1.17
10125,2725,51.38478596,1.17
10125,3005,0.0,1.17
10125,4628,82.46,1.17
10126,12309,0.0,1.17
10127,10129,3840.240446,1.17
10127,10135,0.0,1.17
10128,10155,3584.63321,1.17
10128,10156,1777.872108,1.17
10129,10131,3830.495752,1.17
10129,10147,632.1446703,1.17
10130,10128,5362.505318,1.17
10130,10136,1429.333055,1.17
10131,2501,453.89,1.17
10131,10133,4390.835776,1.17
10132,10130,6061.798373,1.17
10132,10149,910.5023043,1.17
10133,3383,4347.525776,1.17
10133,5800,43.31,1.17
10134,5801,0.0,1.17
10134,10132,6557.794421,1.17
10135,2265,617.3746438,1.17
10135,10127,479.66,1.17
10135,10156,682.8166305,1.17
10136,10130,730.04,1.17
10136,10147,653.0858551,1.17
10136,10148,1483.609229,1.17
10137,3403,1622.650853,1.17
10137,10138,632.3623925,1.17
10138,10137,1622.650853,1.17
10138,10142,0.0,1.17
10138,10267,632.3623925,1.17
10139,10138,1622.650853,1.17
10140,10139,1622.650853,1.17
10141,10143,632.3623925,1.17
10142,2691,2732.782596,1.17
10143,10145,1797.228506,1.17
10144,10140,1622.650853,1.17
10144,10142,2732.782596,1.17
10145,5964,1797.228506,1.17
10145,10138,0.0,1.17
10146,1660,1527.12,1.17
10146,10147,377.32,1.17
10146,10173,616.27,1.17
10146,11883,1157.129184,1.17
10147,10129,622.3999762,1.17
10147,10136,322.9146703,1.17
10147,10146,717.2358789,1.17
10148,1658,4432.42,1.17
10148,10136,1114.487358,1.17
10148,10170,883.439972,1.17
10148,11884,669.3600238,1.17
10149,2501,910.5023043,1.17
10149,10132,414.5062564,1.17
10149,10171,0.0,1.17
10150,2665,3836.676702,1.17
10150,10152,44.49,1.17
10151,2652,433.5523925,1.17
10151,10153,1129.546113,1.17
10152,10150,2019.232179,1.17
10152,10153,44.49,1.17
10152,11910,0.0,1.17
10153,5823,1174.036113,1.17
10153,10151,12.15,1.17
10153,10152,2019.232179,1.17
10154,2264,2279.476113,1.17
10154,10127,3360.580446,1.17
10155,2059,7190.692548,1.17
10156,10128,0.0,1.17
10156,10135,1094.214644,1.17
10156,10169,2107.828739,1.17
10157,7110,10139.47565,1.17
10157,10158,1072.644241,1.17
10158,10157,863.3435308,1.17
10158,10159,1372.461609,1.17
10158,10979,2227.899567,1.17
10159,8914,1401.598622,1.17
10159,10158,1969.230787,1.17
10159,10160,1168.362332,1.17
10160,10159,1530.492589,1.17
10160,12178,11308.09241,1.17
10161,1846,1686.515778,1.17
10161,1848,1149.447617,1.17
10161,2869,768.9957154,1.17
10161,6511,392.5704972,1.17
10162,2943,94.42461803,1.17
10162,4288,161.7104972,1.17
10163,4255,47.485,1.17
10163,4261,3.120002878,1.17
10164,7450,505.7284965,1.17
10164,7555,421.7016042,1.17
10164,10165,14.33522724,1.17
10165,2069,0.0,1.17
10165,10164,190.7261671,1.17
10165,10166,334.2175821,1.17
10165,10612,413.3277136,1.17
10166,7555,2578.030663,1.17
10166,10165,598.7156943,1.17
10166,10613,2156.687914,1.17
10167,6879,0.0,1.17
10167,10168,896.3741487,1.17
10167,11862,2236.357002,1.17
10167,11882,1584.138367,1.17
10168,10167,246.3036194,1.17
10168,10170,896.3741487,1.17
10168,11882,0.0,1.17
10169,10156,741.3546438,1.17
10169,11863,1786.552108,1.17
10169,11883,712.5419662,1.17
10170,10148,2322.24533,1.17
10170,10168,246.3036194,1.17
10170,11883,637.1363526,1.17
10171,10149,0.0,1.17
10172,10173,373.3446193,1.17
10172,12257,0.0,1.17
10172,12926,406.6393663,1.17
10173,10146,1489.687077,1.17
10173,10172,406.6393663,1.17
10173,10174,213.7761731,1.17
10173,12258,813.5344633,1.17
10174,5800,0.0,1.17
10174,10173,547.368791,1.17
10174,10176,154.48,1.17
10174,11884,1081.053137,1.17
10175,2917,684.3275164,1.17
10175,10180,489.5524844,1.17
10175,11885,392.5124251,1.17
10175,12257,272.9061452,1.17
10176,1664,1268.19,1.17
10176,10174,423.6368333,1.17
10176,10177,143.58,1.17
10176,11885,960.7530571,1.17
10176,11886,486.3439365,1.17
10177,3403,146.28,1.17
10177,5800,373.6925325,1.17
10177,10176,399.75,1.17
10177,10178,54.18,1.17
10178,5801,938.0001215,1.17
10178,10177,28.82,1.17
10178,11887,97.49,1.17
10179,10210,0.0,1.17
10180,5806,674.2681718,1.17
10180,5809,657.6474751,1.17
10180,6180,594.1144169,1.17
10180,10175,641.7649499,1.17
10181,1663,1795.15,1.17
10181,6180,1373.09742,1.17
10181,11885,1458.190484,1.17
10181,11886,0.0,1.17
10182,5815,17.22,1.17
10182,11887,962.3101215,1.17
10183,2506,1269.068356,1.17
10183,5811,619.2798969,1.17
10183,5836,360.521217,1.17
10183,6180,1982.467742,1.17
10184,5838,363.6626042,1.17
10184,10189,76.48561471,1.17
10184,11890,210.26,1.17
10185,2508,783.7779593,1.17
10185,5813,289.52,1.17
10185,5841,0.0,1.17
10186,10187,324.5240766,1.17
10186,10192,631.231903,1.17
10186,11869,356.772924,1.17
10186,11888,614.4833794,1.17
10187,2506,1972.044549,1.17
10187,10186,272.278124,1.17
10187,10188,193.72,1.17
10187,10193,1364.418097,1.17
10188,2656,319.7397984,1.17
10188,5857,421.2116023,1.17
10188,10187,465.168124,1.17
10188,11889,712.3060739,1.17
10189,3361,895.6204369,1.17
10189,5857,506.2554952,1.17
10189,5871,297.6785868,1.17
10189,10184,10.99,1.17
10190,3357,867.8119634,1.17
10190,10191,351.2509325,1.17
10190,11890,585.463198,1.17
10190,11893,287.0037621,1.17
10191,5841,26.88,1.17
10191,10190,665.8726211,1.17
10191,10196,100.5462379,1.17
10191,10216,376.5469156,1.17
10192,10186,892.2225821,1.17
10192,10193,299.5417663,1.17
10192,11891,412.8779561,1.17
10192,12271,395.28,1.17
10193,2656,91.74,1.17
10193,2923,1667.609761,1.17
10193,10187,1618.940147,1.17
10193,10192,352.6708353,1.17
10194,2656,863.109352,1.17
10194,12379,0.0,1.17
10194,12380,641.3846205,1.17
10195,1678,1540.71,1.17
10195,5871,922.6294697,1.17
10195,11893,636.74,1.17
10195,12380,878.0598823,1.17
10196,2929,933.4272037,1.17
10196,10191,263.3016123,1.17
10196,10221,440.1574119,1.17
10196,11893,794.5814132,1.17
10197,1677,1934.86,1.17
10197,2529,1363.413594,1.17
10197,2922,1704.319987,1.17
10197,11891,478.5931334,1.17
10197,12409,1020.843493,1.17
10198,5923,375.379556,1.17
10198,10199,715.8663118,1.17
10198,11892,467.6682434,1.17
10199,5905,602.2780402,1.17
10199,5924,533.0495412,1.17
10199,10198,502.8697862,1.17
10199,12413,2124.51592,1.17
10200,2520,299.9586872,1.17
10200,2928,471.0645568,1.17
10201,6055,359.927294,1.17
10201,6069,394.8800434,1.17
10201,6072,541.74,1.17
10201,6109,6.75,1.17
10202,6117,3.89,1.17
10202,6129,155.99,1.17
10202,6131,100.42,1.17
10203,6122,29.33,1.17
10203,6132,446.3784663,1.17
10203,6134,175.43,1.17
10204,6168,5.26,1.17
10204,6923,18.61,1.17
10204,6925,0.0,1.17
10204,6938,0.0,1.17
10205,6932,157.74,1.17
10205,6934,53.66,1.17
10205,6956,0.0,1.17
10205,11879,0.0,1.17
10206,6939,0.0,1.17
10206,6941,0.0,1.17
10207,6965,337.39,1.17
10207,6975,0.0,1.17
10207,11880,411.8089937,1.17
10208,6962,0.0,1.17
10208,6966,0.0,1.17
10208,12362,0.0,1.17
10208,12363,0.0,1.17
10209,6984,0.0,1.17
10209,11908,210.99,1.17
10209,12357,259.13,1.17
10210,5815,0.0,1.17
10210,10179,0.0,1.17
10211,11911,2282.34,1.17
10211,12386,993.77,1.17
10212,5815,694.622875,1.17
10212,5817,31.3,1.17
10213,2510,356.0384502,1.17
10213,5819,458.271902,1.17
10213,5831,0.0,1.17
10214,5822,84.49,1.17
10214,12288,404.8884502,1.17
10214,12385,68.26,1.17
10215,2710,807.77,1.17
10215,5886,329.6716944,1.17
10215,6874,1685.817604,1.17
10216,5843,8.54,1.17
10216,5863,376.5469156,1.17
10216,5872,1.15,1.17
10216,10191,491.7626211,1.17
10217,5850,228.385318,1.17
10217,5865,0.0,1.17
10217,5876,80.54,1.17
10217,12301,404.7667466,1.17
10218,5848,945.3254333,1.17
10218,5965,276.9572853,1.17
10218,11913,1058.187017,1.17
10219,5965,95.63271469,1.17
10219,6875,166.65,1.17
10220,2512,407.5660344,1.17
10220,5867,95.81,1.17
10220,6182,40.68909102,1.17
10220,6199,156.0139656,1.17
10221,5872,8.54,1.17
10221,5882,440.1574119,1.17
10221,10196,529.4703178,1.17
10221,12274,123.26,1.17
10222,2521,235.9440096,1.17
10222,5874,933.2711283,1.17
10222,5882,671.0249781,1.17
10223,2523,97.6,1.17
10223,5878,0.0,1.17
10223,11984,0.0,1.17
10224,5894,42.31,1.17
10224,5966,102.281628,1.17
10224,6876,0.0,1.17
10225,5867,575.978372,1.17
10225,5895,864.941628,1.17
10225,6202,553.24,1.17
10225,11917,51.99,1.17
10226,1744,69.94,1.17
10226,6606,256.47,1.17
10226,10227,50.44,1.17
10226,10237,55.8,1.17
10227,10226,132.77,1.17
10227,10228,55.84,1.17
10227,10235,90.51,1.17
10228,9604,58.09,1.17
10228,10227,125.5,1.17
10228,10230,32.38,1.17
10229,6762,1071.020119,1.17
10229,10231,1693.61143,1.17
10229,10238,954.0398812,1.17
10230,1750,68.01,1.17
10230,10228,83.49,1.17
10230,10234,71.0,1.17
10231,6751,1399.904079,1.17
10231,10229,717.09,1.17
10231,11944,1209.90143,1.17
10232,1754,584.18,1.17
10232,10249,491.2060295,1.17
10232,10254,525.67,1.17
10232,10256,45.74,1.17
10232,10258,79.91,1.17
10232,10259,0.0,1.17
10233,6616,53.12,1.17
10233,10237,78.04,1.17
10233,10239,113.67,1.17
10234,1751,126.75,1.17
10234,10230,35.63,1.17
10234,10235,88.83,1.17
10234,10240,236.3,1.17
10235,10227,103.18,1.17
10235,10234,45.22,1.17
10235,10236,66.83,1.17
10236,10235,35.89,1.17
10236,10237,11.07,1.17
10236,10239,55.76,1.17
10237,1745,73.55,1.17
10237,10226,61.72,1.17
10237,10233,166.79,1.17
10237,10236,12.94,1.17
10238,11946,954.0398812,1.17
10239,10233,45.25,1.17
10239,10236,22.95,1.17
10239,10240,93.89,1.17
10239,10245,397.77,1.17
10240,10234,101.6,1.17
10240,10239,228.34,1.17
10240,10246,7.96,1.17
10241,6751,1928.884088,1.17
10241,10231,66.66,1.17
10242,6602,0.0,1.17
10242,10243,382.0472384,1.17
10242,12020,118.31,1.17
10243,6762,337.99,1.17
10243,10242,118.31,1.17
10243,10248,928.2873572,1.17
10244,1746,320.17,1.17
10244,6616,639.43,1.17
10244,10245,182.4060204,1.17
10244,10248,678.4867412,1.17
10245,10239,162.09,1.17
10245,10244,59.53,1.17
10245,10246,153.78,1.17
10245,10248,807.1760204,1.17
10246,1752,161.74,1.17
10246,10240,7.71,1.17
10246,10245,331.19,1.17
10247,10259,0.0,1.17
10247,10277,0.0,1.17
10248,10243,456.3,1.17
10248,10244,694.62,1.17
10248,10245,271.21,1.17
10248,10254,2136.430119,1.17
10249,10232,221.48,1.17
10249,10256,354.52,1.17
10249,10270,1263.71,1.17
10250,1747,4292.62,1.17
10250,10251,97.85,1.17
10250,10260,2539.524088,1.17
10250,11944,1805.715912,1.17
10251,1748,256.55,1.17
10251,6776,164.22,1.17
10251,6780,270.32,1.17
10251,10250,248.82,1.17
10252,6780,370.6,1.17
10252,10255,110.31,1.17
10252,10256,614.55,1.17
10253,10268,1423.823602,1.17
10254,1753,5308.63,1.17
10254,10232,309.15,1.17
10254,10248,1144.61,1.17
10254,10265,1469.78,1.17
10254,10269,1327.97,1.17
10254,10274,0.0,1.17
10255,10252,113.05,1.17
10255,10266,110.31,1.17
10256,10232,75.39,1.17
10256,10249,772.5039705,1.17
10256,10252,257.55,1.17
10256,10257,142.71,1.17
10257,10256,233.3439705,1.17
10257,10258,77.03,1.17
10257,10266,135.99,1.17
10258,10232,276.4060295,1.17
10258,10257,39.33397048,1.17
10258,10263,156.94,1.17
10259,10232,0.0,1.17
10259,10247,0.0,1.17
10259,10261,0.0,1.17
10260,10250,1763.55,1.17
10260,10262,620.3540883,1.17
10260,10265,1919.17,1.17
10260,10286,0.0,1.17
10261,10259,0.0,1.17
10261,10263,0.0,1.17
10262,10241,1995.544088,1.17
10263,1755,156.92,1.17
10263,10258,315.74,1.17
10263,10261,0.0,1.17
10263,10264,23.34,1.17
10264,1756,199.33,1.17
10264,10263,26.36,1.17
10264,10266,307.06,1.17
10265,10253,469.7837207,1.17
10265,10254,1449.386279,1.17
10265,10260,1469.78,1.17
10265,11946,0.0,1.17
10266,10255,113.05,1.17
10266,10257,264.32,1.17
10266,10264,175.99,1.17
10267,10141,632.3623925,1.17
10268,10269,1423.823602,1.17
10268,10272,0.0,1.17
10269,10254,1770.543602,1.17
10269,10268,0.0,1.17
10269,10270,1638.39,1.17
10270,10249,576.0,1.17
10270,10269,657.14,1.17
10270,10271,1668.96,1.17
10271,10270,0.0,1.17
10271,10286,1668.96,1.17
10272,10276,0.0,1.17
10273,10271,0.0,1.17
10274,10254,0.0,1.17
10274,10276,0.0,1.17
10274,10277,0.0,1.17
10275,10273,0.0,1.17
10275,10277,0.0,1.17
10276,1785,0.0,1.17
10276,10274,0.0,1.17
10277,10247,0.0,1.17
10277,10274,0.0,1.17
10277,10275,0.0,1.17
10278,748,114.6,1.17
10278,3900,209.24,1.17
10278,9117,1952.262236,1.17
10278,10964,1470.232923,1.17
10279,3872,248.78,1.17
10279,10280,402.5256298,1.17
10279,11007,206.39,1.17
10280,799,684.28,1.17
10280,9900,2798.197502,1.17
10280,10279,73.33,1.17
10280,12036,1900.028206,1.17
10281,9780,0.0,1.17
10281,9782,0.0,1.17
10281,10282,0.0,1.17
10282,984,638.59,1.17
10282,3940,1188.629609,1.17
10282,10281,0.0,1.17
10282,12373,1034.748458,1.17
10283,583,0.0,1.17
10283,10284,702.4723199,1.17
10283,10285,40.97471184,1.17
10284,10283,40.97471184,1.17
10284,10808,2524.443648,1.17
10284,12358,2337.066199,1.17
10285,10283,702.4723199,1.17
10285,10819,2490.359317,1.17
10285,12360,2366.082298,1.17
10286,10260,293.77,1.17
10286,10262,1375.19,1.17
10287,9320,254.0978106,1.17
10287,11439,215.6697755,1.17
10287,12285,304.0623517,1.17
10288,3289,265.9256455,1.17
10288,9606,407.405785,1.17
10288,10289,1.73,1.17
10289,3312,301.17,1.17
10289,3313,344.05,1.17
10289,10288,0.05,1.17
10290,10291,108.1043751,1.17
10290,12371,938.563434,1.17
10290,12436,1342.019149,1.17
10291,10290,343.1535948,1.17
10291,12390,819.3854667,1.17
10291,12437,747.3457798,1.17
10292,3407,3880.227285,1.17
10293,1,1255.14,1.17
10293,2378,417.6073729,1.17
10293,2406,1038.787989,1.17
10293,7857,380.3629459,1.17
10294,2,899.83,1.17
10294,7847,314.7920938,1.17
10294,7855,434.09,1.17
10294,7856,413.9979062,1.17
10294,7860,108.73,1.17
10295,3,130.58,1.17
10295,2594,522.4055791,1.17
10295,7856,75.12,1.17
10295,7860,734.3693258,1.17
10296,4,1159.63,1.17
10296,2370,111.07,1.17
10296,2593,195.96,1.17
10296,12721,1203.9455,1.17
10296,12722,596.0983406,1.17
10297,5,422.03,1.17
10297,10299,503.8761816,1.17
10297,12722,1138.014826,1.17
10297,12724,831.2484329,1.17
10297,12732,901.5238184,1.17
10298,6,552.26,1.17
10298,2596,173.85,1.17
10298,12725,420.7874284,1.17
10298,12726,936.3827524,1.17
10298,12732,564.8386944,1.17
10299,7,510.51,1.17
10299,2913,1561.52,1.17
10299,10297,825.6823672,1.17
10299,10301,214.83,1.17
10299,12732,1781.479766,1.17
10300,8,105.02,1.17
10300,10302,385.3738255,1.17
10300,10303,210.99,1.17
10300,12731,194.87,1.17
10301,9,531.52,1.17
10301,10299,243.85,1.17
10301,11861,911.3318295,1.17
10301,12731,907.4202245,1.17
10302,10,379.64,1.17
10302,10300,326.27,1.17
10302,10305,269.82,1.17
10303,11,269.37,1.17
10303,10300,204.6,1.17
10303,11861,295.12,1.17
10304,12,126.06,1.17
10304,2583,444.4871857,1.17
10304,2585,0.0,1.17
10304,10306,1435.055495,1.17
10304,10441,1973.63,1.17
10304,12920,431.3353562,1.17
10305,13,100.98,1.17
10305,2586,306.54,1.17
10305,10302,380.8861745,1.17
10306,14,486.63,1.17
10306,2587,492.9215102,1.17
10306,2588,742.4739852,1.17
10306,10304,1555.983321,1.17
10307,15,82.93,1.17
10307,2586,412.0261745,1.17
10307,2587,423.22,1.17
10307,10308,578.4,1.17
10307,12923,610.10815,1.17
10308,16,185.8,1.17
10308,2588,991.1633215,1.17
10308,10307,576.5628143,1.17
10308,10309,671.0239852,1.17
10308,12928,649.16,1.17
10309,17,0.0,1.17
10309,10308,906.1533215,1.17
10309,11866,671.0539852,1.17
10310,18,422.2,1.17
10310,1812,1355.328482,1.17
10310,1813,904.5402266,1.17
10310,3996,30.26,1.17
10311,19,421.98,1.17
10311,1814,324.0092752,1.17
10311,2633,627.3284821,1.17
10311,2637,142.8781445,1.17
10311,5126,391.6207862,1.17
10312,20,136.87,1.17
10312,1809,671.3664894,1.17
10312,1820,811.1550009,1.17
10312,3996,91.80351062,1.17
10313,21,441.04,1.17
10313,1817,238.798421,1.17
10313,1820,690.7573509,1.17
10313,5118,679.2094892,1.17
10313,9637,526.946345,1.17
10314,22,2398.57,1.17
10314,1808,1861.720869,1.17
10314,1891,671.5693598,1.17
10314,9636,292.46,1.17
10314,10315,1501.574163,1.17
10315,23,333.76,1.17
10315,5112,1723.753232,1.17
10315,9637,274.7152095,1.17
10315,10314,1889.766243,1.17
10315,10317,438.921167,1.17
10316,24,685.95,1.17
10316,1890,235.52,1.17
10316,1891,492.9195519,1.17
10316,2736,396.061167,1.17
10316,10317,353.5947853,1.17
10317,25,352.92,1.17
10317,2393,317.26,1.17
10317,10315,656.8424997,1.17
10317,10316,383.7269411,1.17
10318,26,639.49,1.17
10318,1888,2154.53184,1.17
10318,1890,760.08,1.17
10318,1953,976.2,1.17
10318,2663,0.0,1.17
10319,27,468.33,1.17
10319,1890,1144.726748,1.17
10319,2017,132.450177,1.17
10319,2393,424.3134885,1.17
10319,5041,718.6786312,1.17
10320,28,671.29,1.17
10320,1955,1046.718882,1.17
10320,2016,519.7255623,1.17
10320,2392,969.856209,1.17
10320,10321,219.97,1.17
10321,29,330.9,1.17
10321,1957,835.708586,1.17
10321,2738,437.45,1.17
10321,10320,313.2083306,1.17
10322,30,181.94,1.17
10322,1997,599.2729361,1.17
10322,2362,2.75,1.17
10322,10498,715.5516694,1.17
10323,31,284.91,1.17
10323,3962,124.008926,1.17
10323,3964,0.0,1.17
10323,8463,78.79,1.17
10323,12074,213.7048111,1.17
10324,32,3098.11,1.17
10324,5149,333.59,1.17
10324,12231,745.19037,1.17
10324,12233,911.68963,1.17
10325,33,1234.39,1.17
10325,6619,1798.664002,1.17
10325,12290,811.2110812,1.17
10325,12293,1047.592707,1.17
10325,12298,92.57895705,1.17
10326,34,2027.49,1.17
10326,8936,831.7056233,1.17
10326,8939,1371.675004,1.17
10326,9194,1063.118252,1.17
10326,12297,2345.480214,1.17
10327,35,712.86,1.17
10327,8939,1626.762575,1.17
10327,12300,1205.739809,1.17
10327,12346,1821.699456,1.17
10328,36,1816.66,1.17
10328,5074,1925.241646,1.17
10328,12341,610.2941878,1.17
10328,12343,1913.98412,1.17
10328,12344,523.5761568,1.17
10329,37,2084.0,1.17
10329,5080,2221.154464,1.17
10329,8940,856.1480702,1.17
10329,12346,3044.529729,1.17
10330,38,1184.55,1.17
10330,5037,2514.859036,1.17
10330,5040,2261.378841,1.17
10330,5076,1887.862078,1.17
10330,5337,1656.404129,1.17
10331,39,3192.26,1.17
10331,5080,1418.835973,1.17
10331,5371,1698.19633,1.17
10331,5381,1404.130339,1.17
10331,9629,711.2701546,1.17
10332,40,1820.03,1.17
10332,5344,750.8700787,1.17
10332,5369,493.3637371,1.17
10332,5617,1272.53475,1.17
10332,8977,618.9015805,1.17
10333,41,3416.22,1.17
10333,3986,466.7366088,1.17
10333,5369,2573.328708,1.17
10333,5372,722.7242316,1.17
10333,8761,927.6539082,1.17
10334,42,2464.32,1.17
10334,5614,914.836923,1.17
10334,5636,396.1067082,1.17
10334,5816,1188.939735,1.17
10334,8980,968.3406787,1.17
10335,43,2904.52,1.17
10335,8766,1119.405776,1.17
10335,8767,896.2351746,1.17
10335,8984,294.561166,1.17
10335,10336,1065.838311,1.17
10336,44,827.74,1.17
10336,5671,190.83,1.17
10336,5849,228.2,1.17
10336,8782,1325.877884,1.17
10336,10335,997.1913931,1.17
10337,45,1750.42,1.17
10337,5816,639.2954266,1.17
10337,5818,2544.790661,1.17
10337,5824,2207.890574,1.17
10337,6002,553.3588295,1.17
10338,46,3280.51,1.17
10338,5839,2233.197844,1.17
10338,5840,527.2471667,1.17
10338,8986,320.7669985,1.17
10338,8988,3362.193444,1.17
10339,47,3039.69,1.17
10339,5855,626.5596798,1.17
10339,5856,2325.862139,1.17
10339,6056,629.3551675,1.17
10339,9023,786.0576869,1.17
10340,48,2788.77,1.17
10340,5971,662.3608619,1.17
10340,5992,1757.573035,1.17
10340,5997,1118.857498,1.17
10340,6004,405.8306764,1.17
10340,6213,1159.612172,1.17
10340,8801,517.3092129,1.17
10341,49,3754.37,1.17
10341,6012,692.2815387,1.17
10341,6035,912.5187593,1.17
10341,6043,382.2467112,1.17
10341,6047,890.6723812,1.17
10341,8989,451.8726075,1.17
10341,8990,761.0207693,1.17
10342,50,4237.83,1.17
10342,6071,617.6859599,1.17
10342,6074,1187.03,1.17
10342,6238,2366.764471,1.17
10342,9010,599.119569,1.17
10343,51,2010.58,1.17
10343,5167,1816.255515,1.17
10343,6374,1001.626887,1.17
10343,8746,1136.947309,1.17
10343,8749,2451.18954,1.17
10344,52,2587.77,1.17
10344,6389,1211.98824,1.17
10344,8811,711.6951405,1.17
10344,8993,631.261534,1.17
10344,9005,494.6413265,1.17
10345,53,3655.41,1.17
10345,6468,1547.215704,1.17
10345,9003,1674.844296,1.17
10346,130,2797.7,1.17
10346,6375,1337.055436,1.17
10346,6379,1008.576932,1.17
10346,6743,1230.648708,1.17
10346,8355,850.4833083,1.17
10347,107,237.07,1.17
10347,6385,693.4957907,1.17
10347,6386,592.71384,1.17
10347,8756,921.1588594,1.17
10348,104,914.32,1.17
10348,4052,749.3018839,1.17
10348,6624,1197.280804,1.17
10348,7507,1431.866666,1.17
10349,110,3680.92,1.17
10349,2797,90.7,1.17
10349,4063,2967.907124,1.17
10349,4368,1474.665052,1.17
10350,131,2515.32,1.17
10350,6750,1202.979161,1.17
10350,6913,1357.265423,1.17
10350,6917,469.6249969,1.17
10350,8349,368.2074352,1.17
10351,111,444.35,1.17
10351,6761,712.7459903,1.17
10351,6918,2127.983506,1.17
10351,8757,1596.75772,1.17
10351,12758,734.0023779,1.17
10352,61,169.86,1.17
10352,2458,701.1307259,1.17
10352,4051,1150.344922,1.17
10352,4136,1343.036015,1.17
10352,4305,796.4211551,1.17
10352,4345,836.3372001,1.17
10352,12758,550.4541462,1.17
10353,64,488.49,1.17
10353,2788,1875.288436,1.17
10353,2790,906.0614484,1.17
10353,4074,548.835613,1.17
10353,9337,2084.807576,1.17
10354,65,1515.88,1.17
10354,2792,595.420548,1.17
10354,9332,778.399452,1.17
10355,73,224.88,1.17
10355,2641,792.7440536,1.17
10355,2874,2082.856681,1.17
10356,2701,443.5748023,1.17
10356,4204,1149.311213,1.17
10356,4296,1948.516624,1.17
10357,71,1670.11,1.17
10357,2759,2285.534227,1.17
10357,4240,902.4086108,1.17
10357,9916,1475.621605,1.17
10357,9919,0.0,1.17
10358,132,6054.37,1.17
10358,1898,682.1339085,1.17
10358,2844,1484.047224,1.17
10358,7020,1534.547638,1.17
10358,7866,1422.692838,1.17
10359,2808,1026.461916,1.17
10359,4329,315.7695461,1.17
10359,7878,675.7811828,1.17
10359,7881,594.2206088,1.17
10360,2872,1359.014641,1.17
10360,4738,2377.750752,1.17
10361,82,2663.28,1.17
10361,2774,2405.387171,1.17
10361,4470,1965.746922,1.17
10362,83,1002.79,1.17
10362,4473,1153.994605,1.17
10362,4525,1342.787388,1.17
10363,4481,1491.758966,1.17
10363,4613,1451.118266,1.17
10364,98,0.69,1.17
10364,2546,1519.644772,1.17
10364,4554,498.2952593,1.17
10364,4555,277.19,1.17
10364,9345,1816.641163,1.17
10365,94,244.22,1.17
10365,2495,507.884,1.17
10365,4542,2553.071546,1.17
10365,4544,1346.297102,1.17
10365,9326,2143.738719,1.17
10366,133,1855.16,1.17
10366,2013,2281.293572,1.17
10366,7073,1563.939274,1.17
10366,7132,1385.093888,1.17
10366,8327,1444.855148,1.17
10367,2028,24.84,1.17
10367,7029,294.4138669,1.17
10367,7030,16.11706641,1.17
10367,7032,121.04,1.17
10368,121,613.51,1.17
10368,2544,2150.566913,1.17
10368,2562,23.31,1.17
10368,8053,1551.82191,1.17
10369,2549,1937.185559,1.17
10369,7429,121.8969706,1.17
10369,7518,1775.298807,1.17
10370,134,1575.03,1.17
10370,2031,1334.698404,1.17
10370,2853,1639.377831,1.17
10370,7132,1781.381619,1.17
10370,8327,862.0304372,1.17
10371,135,1250.46,1.17
10371,7190,1606.02969,1.17
10371,7494,221.8,1.17
10371,12573,2039.079722,1.17
10372,136,2111.44,1.17
10372,4348,349.5676273,1.17
10372,7285,1751.77,1.17
10372,7296,473.995281,1.17
10372,7460,448.03,1.17
10373,137,3931.96,1.17
10373,4356,1231.880869,1.17
10373,7439,115.64,1.17
10373,7538,380.35,1.17
10373,7539,108.54,1.17
10374,138,1608.82,1.17
10374,7461,1084.114502,1.17
10374,7462,2382.766114,1.17
10374,7474,648.8501101,1.17
10374,7565,1790.230837,1.17
10375,139,2950.76,1.17
10375,2064,885.8065072,1.17
10375,7474,965.1180945,1.17
10375,7493,414.4614114,1.17
10375,7567,451.3274298,1.17
10376,140,2121.38,1.17
10376,4375,378.7814719,1.17
10376,4377,432.020122,1.17
10376,7508,890.0526377,1.17
10376,7514,934.98,1.17
10377,141,2306.36,1.17
10377,4371,854.58,1.17
10377,7538,2240.818994,1.17
10377,7545,110.52,1.17
10377,7574,808.3984006,1.17
10378,142,1428.75,1.17
10378,7500,1148.827382,1.17
10378,7565,2151.977779,1.17
10378,7594,1043.360288,1.17
10378,10383,1708.639425,1.17
10379,143,2919.16,1.17
10379,7499,317.5979849,1.17
10379,7504,317.1089625,1.17
10379,7566,1748.281244,1.17
10379,7594,621.5598995,1.17
10380,144,1523.27,1.17
10380,4375,470.8588694,1.17
10380,7569,434.0534059,1.17
10380,8421,498.9877247,1.17
10381,145,1690.54,1.17
10381,4369,487.0575755,1.17
10381,7574,1358.374007,1.17
10381,7579,0.0,1.17
10381,7603,836.4944378,1.17
10382,146,591.19,1.17
10382,7505,474.8049731,1.17
10382,7608,153.79,1.17
10382,7610,73.36,1.17
10383,147,1351.63,1.17
10383,7501,428.724541,1.17
10383,7595,580.6140257,1.17
10383,7638,1844.493072,1.17
10383,10378,2181.596608,1.17
10384,148,1105.15,1.17
10384,7595,797.1376571,1.17
10384,7596,465.539375,1.17
10384,7598,968.69,1.17
10384,7641,87.7,1.17
10385,149,1407.38,1.17
10385,7598,1390.399894,1.17
10385,7641,2349.416601,1.17
10385,7642,537.2775941,1.17
10385,7643,2816.651826,1.17
10386,150,1348.48,1.17
10386,5211,901.5751738,1.17
10386,7603,1100.357952,1.17
10386,7604,251.7761379,1.17
10386,7606,257.2630128,1.17
10386,7650,438.536757,1.17
10387,151,3287.22,1.17
10387,7606,1464.88,1.17
10387,7607,1578.74,1.17
10387,7609,145.68,1.17
10388,152,1326.77,1.17
10388,6190,505.3833654,1.17
10388,7638,2021.83738,1.17
10388,7640,1203.970784,1.17
10388,7681,1620.401998,1.17
10389,153,1419.75,1.17
10389,2092,1750.018702,1.17
10389,7641,171.22,1.17
10389,7642,1634.206069,1.17
10389,7684,116.88,1.17
10390,154,881.79,1.17
10390,7624,2232.176957,1.17
10390,7642,1501.441763,1.17
10390,7643,0.0,1.17
10390,7687,14.47,1.17
10391,155,1442.12,1.17
10391,5209,1308.469012,1.17
10391,7650,1199.723075,1.17
10391,7653,1179.760606,1.17
10392,156,3320.65,1.17
10392,6738,352.9914737,1.17
10392,6740,18.86,1.17
10392,7658,617.3692291,1.17
10392,7659,397.8816522,1.17
10393,157,455.22,1.17
10393,5475,849.9733957,1.17
10393,6741,760.7142091,1.17
10393,7661,552.9957142,1.17
10394,158,1380.37,1.17
10394,6188,609.9658095,1.17
10394,7681,2167.711085,1.17
10394,7683,461.1648036,1.17
10394,7721,2070.24209,1.17
10395,159,1192.68,1.17
10395,2222,517.3740155,1.17
10395,7684,1513.679195,1.17
10395,7686,450.5088556,1.17
10395,7728,561.6510012,1.17
10396,160,1398.59,1.17
10396,7686,535.5303748,1.17
10396,7687,409.2086785,1.17
10396,7689,1255.921086,1.17
10396,7740,24.80311301,1.17
10397,161,1205.65,1.17
10397,7695,1579.457906,1.17
10397,7697,160.9101558,1.17
10397,7698,271.1629427,1.17
10398,162,842.63,1.17
10398,7697,0.0,1.17
10398,7699,460.4922294,1.17
10398,7700,384.98,1.17
10398,7703,297.16,1.17
10399,163,1432.18,1.17
10399,7705,534.8246523,1.17
10399,7710,3240.58388,1.17
10399,7711,372.0313705,1.17
10399,7773,2100.259018,1.17
10400,164,1117.2,1.17
10400,6727,2201.832719,1.17
10400,7727,234.1687108,1.17
10400,7803,2001.666193,1.17
10401,165,1267.55,1.17
10401,2277,432.6554224,1.17
10401,6730,318.4626282,1.17
10401,7728,1536.135989,1.17
10401,7730,1190.296277,1.17
10402,166,1112.81,1.17
10402,6731,453.5109166,1.17
10402,7739,1123.691022,1.17
10402,7769,1404.557518,1.17
10402,7822,6.12,1.17
10403,167,1677.96,1.17
10403,5204,573.078212,1.17
10403,6733,352.9332377,1.17
10403,7755,946.7248865,1.17
10403,7758,1034.742071,1.17
10404,168,1326.26,1.17
10404,6733,314.9763354,1.17
10404,6735,152.4027506,1.17
10404,7762,1117.401274,1.17
10404,8195,1241.365718,1.17
10404,9647,73.59724943,1.17
10405,169,1693.56,1.17
10405,5880,456.8661236,1.17
10405,6736,2269.77448,1.17
10405,7775,45.78208306,1.17
10405,7842,1848.599895,1.17
10406,170,848.42,1.17
10406,7797,467.8658175,1.17
10406,7803,986.8025543,1.17
10406,7804,924.4650864,1.17
10406,7807,499.4021419,1.17
10407,171,1219.7,1.17
10407,2341,218.82,1.17
10407,7810,1202.047066,1.17
10407,7814,215.2689401,1.17
10407,7820,360.0710599,1.17
10408,172,720.08,1.17
10408,7820,234.9,1.17
10408,7823,664.834135,1.17
10408,12226,550.4713991,1.17
10409,173,1448.04,1.17
10409,7827,353.54,1.17
10409,7831,1437.67121,1.17
10409,7832,686.2762314,1.17
10409,7834,171.48,1.17
10410,174,1689.65,1.17
10410,2579,1023.836761,1.17
10410,7832,1818.506043,1.17
10410,7834,1624.460561,1.17
10410,10416,1317.454593,1.17
10411,175,1093.2,1.17
10411,7669,416.8297585,1.17
10411,7837,1938.582552,1.17
10411,7839,1207.25983,1.17
10411,7842,1963.731837,1.17
10411,7847,198.92,1.17
10411,7850,1269.06941,1.17
10412,176,658.58,1.17
10412,10664,1974.167851,1.17
10412,12688,1457.091151,1.17
10412,12691,1370.628835,1.17
10412,12694,1346.071734,1.17
10413,177,981.48,1.17
10413,7814,397.0267984,1.17
10413,12693,488.1219052,1.17
10413,12703,429.8059714,1.17
10413,12707,184.1559964,1.17
10414,178,889.73,1.17
10414,12225,1722.112373,1.17
10414,12705,1318.776668,1.17
10415,179,888.5,1.17
10415,2227,1558.613339,1.17
10415,7832,783.5555432,1.17
10415,12712,1278.970214,1.17
10415,12715,762.9614005,1.17
10416,180,1131.55,1.17
10416,7498,1921.185998,1.17
10416,7669,2879.272324,1.17
10416,7845,1046.8201,1.17
10416,10410,1556.905388,1.17
10417,181,933.97,1.17
10417,2589,93.64,1.17
10417,7498,356.5803799,1.17
10417,7845,953.3878877,1.17
10417,10423,398.0539583,1.17
10418,182,680.16,1.17
10418,5220,363.0753716,1.17
10418,12688,546.2249077,1.17
10418,12694,273.5891046,1.17
10418,12697,228.1233618,1.17
10419,183,499.08,1.17
10419,12701,619.5235423,1.17
10419,12703,505.353278,1.17
10419,12704,220.1011659,1.17
10420,184,594.18,1.17
10420,2275,503.22,1.17
10420,5172,367.47,1.17
10420,12700,376.7,1.17
10421,185,845.39,1.17
10421,2440,959.9069837,1.17
10421,6723,193.6696491,1.17
10421,12714,173.16,1.17
10421,12715,428.51,1.17
10422,186,1137.35,1.17
10422,2580,1026.564541,1.17
10422,12712,2345.082491,1.17
10422,12716,357.09,1.17
10423,187,637.99,1.17
10423,2266,1407.917195,1.17
10423,7496,79.6882076,1.17
10423,10417,448.1338918,1.17
10423,12720,832.5380697,1.17
10424,188,618.81,1.17
10424,10425,358.0598677,1.17
10424,12697,296.8795444,1.17
10424,12769,446.6693476,1.17
10424,12777,408.5993332,1.17
10425,189,584.53,1.17
10425,10424,401.7089005,1.17
10425,12229,735.4735187,1.17
10425,12698,455.8383044,1.17
10425,12781,465.1468188,1.17
10426,190,727.3,1.17
10426,5171,491.2563079,1.17
10426,12700,1007.394937,1.17
10426,12781,407.1300367,1.17
10426,12784,842.6777312,1.17
10427,191,952.15,1.17
10427,6723,438.1892744,1.17
10427,10428,387.9954407,1.17
10427,12715,975.7687684,1.17
10427,12791,772.262126,1.17
10428,192,201.63,1.17
10428,10427,271.86,1.17
10428,12716,747.8423292,1.17
10428,12792,274.83,1.17
10429,193,198.11,1.17
10429,10435,305.8153562,1.17
10429,12730,512.7271857,1.17
10430,194,591.35,1.17
10430,5189,872.0890856,1.17
10430,12778,254.77652,1.17
10430,12866,272.65,1.17
10431,195,922.53,1.17
10431,12783,797.9731087,1.17
10431,12785,577.6134728,1.17
10431,12787,628.1654152,1.17
10432,196,938.29,1.17
10432,5165,376.5885232,1.17
10432,5170,41.50624785,1.17
10432,12787,611.3309705,1.17
10432,12788,932.9448668,1.17
10433,197,1186.41,1.17
10433,2162,909.6077414,1.17
10433,12789,1434.887801,1.17
10433,12792,312.3767896,1.17
10434,198,8.23,1.17
10434,10440,5.6,1.17
10435,199,54.72,1.17
10435,2583,290.8053562,1.17
10435,10429,428.7671857,1.17
10436,200,638.75,1.17
10436,12862,843.9011668,1.17
10436,12865,176.49,1.17
10436,12866,483.0487436,1.17
10437,201,616.82,1.17
10437,5178,0.0,1.17
10437,12868,998.8447233,1.17
10437,12871,0.0,1.17
10437,12872,979.3070297,1.17
10438,202,628.62,1.17
10438,5164,1803.13882,1.17
10438,12871,147.1873548,1.17
10438,12873,2055.468479,1.17
10439,203,292.6,1.17
10439,2320,2149.090393,1.17
10439,10445,1937.770855,1.17
10439,10446,102.88,1.17
10440,204,63.76,1.17
10440,10434,8.23,1.17
10440,10441,28.0,1.17
10441,205,1172.08,1.17
10441,2584,2051.38,1.17
10441,10304,1561.695495,1.17
10441,10440,71.99,1.17
10442,206,832.61,1.17
10442,2395,279.42,1.17
10442,2574,1128.123178,1.17
10442,12860,974.4991094,1.17
10443,207,407.08,1.17
10443,12856,278.284706,1.17
10443,12860,1270.114388,1.17
10443,12863,1508.650751,1.17
10443,12874,303.52,1.17
10444,208,984.39,1.17
10444,9217,1012.758105,1.17
10444,12903,832.621541,1.17
10444,12905,583.0200474,1.17
10444,12906,549.29,1.17
10445,209,508.81,1.17
10445,5164,2333.296643,1.17
10445,10439,2011.347036,1.17
10445,12903,753.7218786,1.17
10446,210,102.88,1.17
10446,10439,123.98,1.17
10447,211,4.81,1.17
10447,10453,429.5153562,1.17
10447,12920,791.8138643,1.17
10448,212,702.39,1.17
10448,2374,393.0191558,1.17
10448,2395,616.7547627,1.17
10448,12900,909.2470518,1.17
10449,213,243.52,1.17
10449,2576,737.6761229,1.17
10449,12902,806.9077099,1.17
10450,214,737.26,1.17
10450,12906,850.12,1.17
10451,215,738.35,1.17
10451,10452,262.74,1.17
10451,12908,266.63,1.17
10451,12909,245.9849877,1.17
10451,12915,262.845274,1.17
10452,216,329.58,1.17
10452,2756,518.7006808,1.17
10452,10451,351.06,1.17
10452,12912,353.3441471,1.17
10452,12915,100.69,1.17
10453,217,405.05,1.17
10453,1812,559.3382722,1.17
10453,2755,1134.834291,1.17
10453,10447,791.5138643,1.17
10453,12928,727.4084439,1.17
10454,218,440.84,1.17
10454,5093,235.3770992,1.17
10454,5099,1169.716661,1.17
10454,12900,410.8776595,1.17
10454,12958,1583.921647,1.17
10455,219,462.41,1.17
10455,5096,34.29,1.17
10455,5101,0.0,1.17
10455,12963,1674.539802,1.17
10455,12965,1263.106661,1.17
10456,220,535.27,1.17
10456,1793,1385.431655,1.17
10456,12966,1474.568067,1.17
10457,221,419.28,1.17
10457,1793,1384.977038,1.17
10457,1795,95.57,1.17
10457,1796,1094.280114,1.17
10457,2578,200.4,1.17
10458,222,914.36,1.17
10458,1796,1302.230693,1.17
10458,1801,687.9828346,1.17
10458,1802,888.6414007,1.17
10458,9642,395.64,1.17
10459,223,952.52,1.17
10459,1809,480.93,1.17
10459,1811,314.4131318,1.17
10459,5117,486.68,1.17
10459,5123,695.5,1.17
10460,224,1068.03,1.17
10460,2616,1588.823021,1.17
10460,5089,260.47,1.17
10460,12960,1182.953245,1.17
10461,225,948.71,1.17
10461,2624,325.6696808,1.17
10461,5091,250.95,1.17
10461,12969,646.03,1.17
10462,226,568.24,1.17
10462,1791,311.7914747,1.17
10462,5114,754.3299695,1.17
10462,12973,468.9048042,1.17
10463,227,456.6,1.17
10463,1791,1507.000653,1.17
10463,1798,1350.541897,1.17
10463,5104,386.67,1.17
10463,5115,178.04,1.17
10464,228,514.8,1.17
10464,1797,332.9831318,1.17
10464,1798,1594.010783,1.17
10464,5106,166.11,1.17
10464,5109,1435.733125,1.17
10465,229,160.84,1.17
10465,5111,120.38,1.17
10465,5117,230.82,1.17
10466,230,300.76,1.17
10466,1852,839.078575,1.17
10466,1867,662.1245282,1.17
10466,2614,956.9370992,1.17
10466,12961,151.1876595,1.17
10467,231,788.9,1.17
10467,1871,295.5090461,1.17
10467,10473,173.2365014,1.17
10467,12970,607.3906809,1.17
10468,232,991.51,1.17
10468,1872,457.5648042,1.17
10468,5102,158.96,1.17
10468,5104,138.07,1.17
10468,12973,605.3068842,1.17
10469,233,554.2,1.17
10469,1798,488.543513,1.17
10469,1883,445.3893724,1.17
10469,5106,3.51,1.17
10470,234,505.84,1.17
10470,5073,201.61,1.17
10470,5106,3.26,1.17
10470,5109,323.33,1.17
10471,235,934.95,1.17
10471,1886,718.2457749,1.17
10471,2369,903.115213,1.17
10471,2736,0.0,1.17
10472,236,437.29,1.17
10472,1855,234.07,1.17
10472,1864,1050.812195,1.17
10472,1865,1234.19,1.17
10472,2615,748.5690641,1.17
10473,237,632.39,1.17
10473,1865,1070.930267,1.17
10473,2728,546.8827766,1.17
10473,9641,20.95,1.17
10473,10467,390.8905608,1.17
10474,238,431.0,1.17
10474,1873,103.48,1.17
10474,1874,796.0369708,1.17
10474,1876,350.8246361,1.17
10475,239,327.02,1.17
10475,1876,198.0838323,1.17
10475,1882,421.9293054,1.17
10475,10481,428.055213,1.17
10476,240,119.48,1.17
10476,2368,81.57177924,1.17
10476,10477,112.1382208,1.17
10477,241,768.95,1.17
10477,2737,534.5882208,1.17
10477,10476,76.99,1.17
10477,10483,118.4,1.17
10478,242,690.96,1.17
10478,1855,1392.326762,1.17
10478,1857,483.5390238,1.17
10478,1859,437.1913199,1.17
10478,1863,78.51,1.17
10479,243,786.07,1.17
10479,1862,253.8401947,1.17
10479,2414,290.100114,1.17
10479,10480,395.6888594,1.17
10480,244,318.39,1.17
10480,1878,1471.879542,1.17
10480,9638,93.3,1.17
10480,9639,2234.398219,1.17
10480,10479,592.9838073,1.17
10481,245,195.23,1.17
10481,1879,1040.301141,1.17
10481,2403,219.1946361,1.17
10481,5038,165.77,1.17
10481,10475,543.4631377,1.17
10482,246,8.73,1.17
10482,2367,16.64,1.17
10482,5039,7.47,1.17
10483,247,473.72,1.17
10483,1888,533.37,1.17
10483,2368,398.1230717,1.17
10483,10477,191.13,1.17
10484,248,510.46,1.17
10484,1929,302.8711115,1.17
10484,2687,1066.983539,1.17
10484,10488,642.5003437,1.17
10485,249,392.62,1.17
10485,1858,508.18,1.17
10485,1862,472.3256738,1.17
10485,1940,212.1134349,1.17
10485,2414,761.8630528,1.17
10486,250,1110.56,1.17
10486,1944,504.4080527,1.17
10486,1946,215.3256108,1.17
10486,1948,488.58,1.17
10487,251,283.02,1.17
10487,1949,839.7056971,1.17
10487,1955,579.9180311,1.17
10487,2365,535.3426964,1.17
10487,2367,593.6865768,1.17
10488,252,77.49,1.17
10488,1932,509.3003437,1.17
10488,10484,1119.50465,1.17
10488,10489,139.4,1.17
10489,253,339.52,1.17
10489,1940,343.9653647,1.17
10489,1942,225.09,1.17
10489,2685,242.53,1.17
10489,10488,192.7557596,1.17
10490,254,315.7,1.17
10490,1927,649.9653945,1.17
10490,1928,411.06,1.17
10490,10736,661.6,1.17
10491,255,788.73,1.17
10491,1934,922.8787571,1.17
10491,2685,258.25,1.17
10491,2719,155.32,1.17
10491,10807,1156.045394,1.17
10492,261,1018.07,1.17
10492,1938,1415.515354,1.17
10492,5031,58.1,1.17
10492,5035,890.07,1.17
10493,258,1440.93,1.17
10493,1958,217.3807866,1.17
10493,2365,780.8338812,1.17
10493,2739,15.78,1.17
10493,10813,712.6012312,1.17
10494,259,905.01,1.17
10494,1927,374.64,1.17
10494,1937,664.3064789,1.17
10494,5030,0.0,1.17
10494,10736,656.98,1.17
10495,260,1203.87,1.17
10495,1934,1140.038218,1.17
10495,1937,1218.836656,1.17
10495,2719,930.6168522,1.17
10496,263,1551.52,1.17
10496,1975,1319.831971,1.17
10496,1978,1706.899471,1.17
10496,1979,297.36,1.17
10496,2361,1155.878029,1.17
10497,264,1292.19,1.17
10497,1978,1600.97,1.17
10497,1983,65.12,1.17
10497,1985,738.063303,1.17
10497,5028,1467.925097,1.17
10498,265,525.48,1.17
10498,1962,731.0043595,1.17
10498,1994,42.07,1.17
10498,2037,1081.09634,1.17
10498,10322,606.3946055,1.17
10499,266,128.86,1.17
10499,3942,0.0,1.17
10499,9037,953.2571838,1.17
10499,10753,462.0610057,1.17
10500,267,352.73,1.17
10500,3947,66.91,1.17
10500,9037,584.6610057,1.17
10500,9038,0.0,1.17
10500,9039,808.2771838,1.17
10501,269,129.91,1.17
10501,9040,64.58,1.17
10501,9069,400.12,1.17
10501,9070,43.79001532,1.17
10502,270,382.34,1.17
10502,9072,739.6510057,1.17
10502,9074,844.2171991,1.17
10502,9075,0.0,1.17
10503,271,666.83,1.17
10503,3945,6.42,1.17
10503,3946,777.7656513,1.17
10503,9104,458.6262013,1.17
10504,272,499.97,1.17
10504,9073,9.87,1.17
10504,9105,693.7828742,1.17
10504,9108,455.4162013,1.17
10505,273,244.56,1.17
10505,2436,1089.167927,1.17
10505,8448,300.7354732,1.17
10505,9108,893.2138799,1.17
10506,274,437.39,1.17
10506,7467,0.0,1.17
10506,8432,1666.303604,1.17
10506,9103,39.21346544,1.17
10506,9109,526.3501021,1.17
10506,9128,2215.537027,1.17
10507,275,189.58,1.17
10507,8785,61.87,1.17
10507,9132,333.8589847,1.17
10507,9139,6.94,1.17
10507,9140,37.94452676,1.17
10508,276,465.16,1.17
10508,8450,144.6139132,1.17
10508,8451,113.39,1.17
10508,9140,98.65898468,1.17
10508,9141,367.6446245,1.17
10509,277,441.44,1.17
10509,8799,359.05,1.17
10509,9147,104.97,1.17
10509,9148,0.0,1.17
10509,12029,52.48,1.17
10510,278,434.93,1.17
10510,7467,117.3737767,1.17
10510,9128,7.72,1.17
10510,10775,466.1479401,1.17
10510,12095,573.8853879,1.17
10511,279,459.44,1.17
10511,9137,461.61,1.17
10511,9139,15.93,1.17
10511,9142,198.7602983,1.17
10512,280,575.41,1.17
10512,3985,674.94,1.17
10512,8789,216.33,1.17
10512,9141,110.95,1.17
10512,9143,246.8305506,1.17
10513,281,1206.78,1.17
10513,3948,1333.802236,1.17
10513,12070,1868.305247,1.17
10514,282,1027.84,1.17
10514,3949,0.0,1.17
10514,8795,924.4452266,1.17
10514,12032,734.4664721,1.17
10515,283,736.47,1.17
10515,3905,1601.0954,1.17
10515,3907,0.0,1.17
10515,12052,2263.692131,1.17
10516,284,23.31,1.17
10516,3907,2415.122873,1.17
10516,10517,1987.299042,1.17
10516,12054,845.8955515,1.17
10516,12055,222.0732518,1.17
10517,285,1502.15,1.17
10517,8803,1712.308415,1.17
10517,10516,1986.405254,1.17
10517,10523,336.6928112,1.17
10518,286,587.43,1.17
10518,3957,157.54,1.17
10518,12061,453.9697066,1.17
10518,12062,286.5265828,1.17
10519,287,429.55,1.17
10519,3958,416.4604475,1.17
10519,3960,131.1671675,1.17
10519,12065,397.71,1.17
10519,12068,124.82,1.17
10520,288,434.78,1.17
10520,3955,2091.311154,1.17
10520,3961,1290.939879,1.17
10520,3965,2101.714525,1.17
10521,289,939.64,1.17
10521,10522,104.08,1.17
10521,12053,637.8364548,1.17
10521,12114,413.6035452,1.17
10522,290,302.65,1.17
10522,3968,210.8654187,1.17
10522,10521,156.8594899,1.17
10522,12054,293.7880839,1.17
10523,291,1627.96,1.17
10523,3969,546.6357506,1.17
10523,8831,323.0465633,1.17
10523,10517,412.8647456,1.17
10523,12054,505.8701081,1.17
10524,292,1289.71,1.17
10524,3957,382.6,1.17
10524,3970,280.9327987,1.17
10524,12125,521.3433882,1.17
10524,12126,212.253303,1.17
10525,293,468.97,1.17
10525,8845,353.8878101,1.17
10525,12078,36.09,1.17
10525,12128,321.1055058,1.17
10525,12130,311.6835125,1.17
10526,294,908.46,1.17
10526,12079,400.42,1.17
10526,12128,209.9298229,1.17
10526,12132,804.3029585,1.17
10526,12134,568.1277269,1.17
10527,295,1275.01,1.17
10527,12111,225.9843508,1.17
10527,12115,781.7389673,1.17
10527,12262,1554.821284,1.17
10528,296,1535.58,1.17
10528,3968,399.9405533,1.17
10528,3972,616.4219052,1.17
10528,7466,531.4129761,1.17
10528,12267,627.8014794,1.17
10529,297,1559.16,1.17
10529,7476,159.81,1.17
10529,7477,1010.626147,1.17
10529,12267,1432.743407,1.17
10530,298,787.1,1.17
10530,3975,172.35,1.17
10530,12273,526.3649505,1.17
10530,12275,543.9315917,1.17
10531,299,1643.6,1.17
10531,8884,339.66,1.17
10531,12130,273.4090642,1.17
10531,12282,785.0009358,1.17
10532,300,1208.38,1.17
10532,12132,561.922275,1.17
10532,12284,513.0324211,1.17
10532,12289,361.3899935,1.17
10532,12290,400.8642589,1.17
10533,301,2142.02,1.17
10533,8310,1388.373144,1.17
10533,8442,478.0022216,1.17
10533,8886,948.1208238,1.17
10533,12262,817.0020441,1.17
10534,302,3482.68,1.17
10534,8441,795.5861222,1.17
10534,8933,507.1173834,1.17
10534,12327,739.1675654,1.17
10535,303,1989.68,1.17
10535,8885,732.7931438,1.17
10535,8926,670.5404152,1.17
10535,12270,1304.871876,1.17
10536,304,921.09,1.17
10536,3977,966.082089,1.17
10536,8477,337.5591882,1.17
10536,12275,257.1344064,1.17
10536,12276,1094.465611,1.17
10537,305,1795.29,1.17
10537,8934,1377.551183,1.17
10537,12278,1900.540983,1.17
10537,12281,154.4930118,1.17
10537,12334,221.5956399,1.17
10538,306,1300.52,1.17
10538,12096,1597.594059,1.17
10538,12289,502.1068536,1.17
10538,12294,888.3131937,1.17
10538,12340,154.04,1.17
10539,307,555.76,1.17
10539,4972,1941.56444,1.17
10539,12323,2437.237608,1.17
10539,12324,230.7381364,1.17
10540,308,656.03,1.17
10540,3981,113.2461222,1.17
10540,8486,1428.266126,1.17
10540,12326,1370.800619,1.17
10541,309,776.44,1.17
10541,4995,1020.270477,1.17
10541,12220,353.9706334,1.17
10541,12328,1306.2975,1.17
10542,310,1219.73,1.17
10542,2745,521.6204994,1.17
10542,3979,44.71,1.17
10542,12220,920.5850199,1.17
10543,311,2046.73,1.17
10543,5017,1836.410696,1.17
10543,12336,2534.06126,1.17
10543,12337,702.7780383,1.17
10544,312,1785.83,1.17
10544,5034,470.2332297,1.17
10544,12106,1076.780236,1.17
10544,12340,585.0368378,1.17
10544,12341,506.96816,1.17
10545,313,1000.45,1.17
10545,5100,1173.17623,1.17
10545,5105,697.8225516,1.17
10545,8483,752.7627234,1.17
10545,8484,768.039019,1.17
10546,314,1079.05,1.17
10546,4988,1940.218089,1.17
10546,4990,0.0,1.17
10546,5107,397.0325747,1.17
10546,5116,1506.455458,1.17
10547,315,1019.52,1.17
10547,4971,1056.705578,1.17
10547,4995,1340.049538,1.17
10547,5128,1682.458881,1.17
10547,8486,1293.150951,1.17
10548,316,1844.91,1.17
10548,5008,861.1274977,1.17
10548,5015,802.2663956,1.17
10548,5254,1638.657626,1.17
10548,10549,805.4114854,1.17
10549,317,1355.89,1.17
10549,5020,1729.134506,1.17
10549,5022,478.1770596,1.17
10549,5267,901.4210415,1.17
10549,10548,1106.534334,1.17
10550,318,1966.75,1.17
10550,3983,1135.72853,1.17
10550,5024,2209.676608,1.17
10550,5037,500.54,1.17
10550,5292,1639.503319,1.17
10551,319,836.29,1.17
10551,7932,1288.657287,1.17
10551,8622,790.9220512,1.17
10552,320,1140.56,1.17
10552,5120,1453.372033,1.17
10552,7941,684.5806214,1.17
10552,8295,377.57,1.17
10553,321,1413.33,1.17
10553,5154,2415.840876,1.17
10553,5232,887.4240183,1.17
10553,5243,1745.940099,1.17
10553,8641,741.4708562,1.17
10554,322,1055.52,1.17
10554,5530,740.4925296,1.17
10554,5549,164.6068477,1.17
10554,7961,1495.569363,1.17
10554,8717,2476.574289,1.17
10555,323,2034.73,1.17
10555,5257,810.36,1.17
10555,5267,1341.593123,1.17
10555,5283,618.2998267,1.17
10555,5565,1412.280125,1.17
10556,324,2314.15,1.17
10556,3983,766.3969196,1.17
10556,4415,732.7832771,1.17
10556,5283,1350.140591,1.17
10556,5335,373.4025871,1.17
10557,325,1622.56,1.17
10557,4439,881.8413649,1.17
10557,5489,1101.291013,1.17
10557,5499,1035.845337,1.17
10558,326,1270.44,1.17
10558,4432,2242.940586,1.17
10558,5499,827.385042,1.17
10558,5514,433.2539895,1.17
10558,5753,1680.802513,1.17
10559,327,1561.55,1.17
10559,5514,709.5864743,1.17
10559,5528,1218.209252,1.17
10559,5793,439.1401925,1.17
10560,328,1798.55,1.17
10560,8726,805.8246002,1.17
10560,8727,736.854277,1.17
10560,8768,575.3204748,1.17
10561,329,2208.0,1.17
10561,5554,1190.627477,1.17
10561,5561,840.3839618,1.17
10561,5567,529.4901062,1.17
10561,8771,1490.755131,1.17
10562,330,2054.5,1.17
10562,4413,800.7213105,1.17
10562,5579,952.0915273,1.17
10562,5611,728.7342727,1.17
10562,8979,511.0328894,1.17
10563,331,1089.38,1.17
10563,4436,797.9218258,1.17
10563,4438,989.0341719,1.17
10563,5745,955.6319773,1.17
10563,5750,729.8269175,1.17
10564,332,1478.61,1.17
10564,5750,2096.611218,1.17
10564,5753,2060.66704,1.17
10564,5792,1567.309573,1.17
10564,5868,1860.952496,1.17
10565,333,1619.43,1.17
10565,5792,2315.602983,1.17
10565,5793,439.1542435,1.17
10565,5879,632.5465802,1.17
10565,8408,2319.952431,1.17
10566,334,2242.92,1.17
10566,4430,1645.098771,1.17
10566,5796,2526.940953,1.17
10566,5884,557.538168,1.17
10566,8408,2370.362881,1.17
10567,335,2391.42,1.17
10567,5802,1139.054886,1.17
10567,5803,1354.002247,1.17
10567,5805,1637.340612,1.17
10567,8772,2215.052619,1.17
10568,336,3047.78,1.17
10568,5933,893.0781208,1.17
10568,5947,636.9418792,1.17
10568,8788,791.4551626,1.17
10569,337,1857.75,1.17
10569,4434,658.287086,1.17
10569,4436,876.0914797,1.17
10569,5862,859.7885001,1.17
10569,5866,659.4990886,1.17
10570,338,1269.14,1.17
10570,5866,621.42,1.17
10570,5868,2422.493457,1.17
10570,5870,1608.593127,1.17
10570,6138,2109.393885,1.17
10571,339,1841.15,1.17
10571,5870,1958.646244,1.17
10571,5879,615.1515064,1.17
10571,6163,553.6608041,1.17
10571,8406,1982.016203,1.17
10572,340,2816.03,1.17
10572,5883,375.3080059,1.17
10572,5899,1869.361969,1.17
10572,6191,493.6969018,1.17
10572,8406,2066.358521,1.17
10573,341,2722.66,1.17
10573,5896,1466.207725,1.17
10573,5902,850.8263142,1.17
10573,5903,809.2549153,1.17
10573,5921,1280.135322,1.17
10574,342,2052.07,1.17
10574,4409,575.1306719,1.17
10574,5968,1375.617,1.17
10574,8018,894.7797148,1.17
10574,8360,1780.617115,1.17
10575,343,1706.01,1.17
10575,4434,1001.713323,1.17
10575,6255,1772.333185,1.17
10575,6260,700.897882,1.17
10575,10581,541.2699415,1.17
10576,344,1856.38,1.17
10576,6138,2501.5227,1.17
10576,6145,510.0684084,1.17
10576,6263,2095.001514,1.17
10576,8649,574.7112125,1.17
10577,345,1546.52,1.17
10577,6145,642.6982932,1.17
10577,6163,507.6611277,1.17
10577,6186,1516.649412,1.17
10577,6272,433.7399567,1.17
10578,346,2426.88,1.17
10578,6191,504.4004121,1.17
10578,6195,797.2067343,1.17
10578,6282,943.1071685,1.17
10578,8399,1049.356223,1.17
10579,347,2019.64,1.17
10579,4398,1087.889782,1.17
10579,4400,1262.030183,1.17
10579,6197,992.7233755,1.17
10579,6201,1157.759551,1.17
10580,348,2500.95,1.17
10580,4406,631.3341737,1.17
10580,4408,677.0919534,1.17
10580,6208,1344.97615,1.17
10580,8819,1424.212842,1.17
10581,349,838.31,1.17
10581,6256,2324.456945,1.17
10581,6258,487.9041897,1.17
10581,8687,1814.739435,1.17
10581,10575,703.5199021,1.17
10582,350,1105.54,1.17
10582,6261,2166.25215,1.17
10582,6263,2067.37485,1.17
10582,6265,2045.632621,1.17
10582,6267,339.4605267,1.17
10583,351,1439.42,1.17
10583,6267,807.0680629,1.17
10583,6272,651.4126769,1.17
10583,6274,801.5994928,1.17
10583,8385,705.1219972,1.17
10584,352,2520.07,1.17
10584,4426,651.5932662,1.17
10584,4429,583.0243424,1.17
10584,6287,649.1298895,1.17
10584,8385,523.8425019,1.17
10585,353,1814.73,1.17
10585,2450,876.5452067,1.17
10585,6286,889.7276398,1.17
10585,6303,1063.448519,1.17
10585,6305,1419.954033,1.17
10586,354,1759.77,1.17
10586,4405,382.6237974,1.17
10586,6354,831.6612408,1.17
10586,6368,1836.366595,1.17
10586,6369,2189.931718,1.17
10587,355,2500.43,1.17
10587,6673,682.3072733,1.17
10587,6675,931.6675199,1.17
10587,6781,796.0861025,1.17
10587,9024,761.2040574,1.17
10588,356,1787.53,1.17
10588,6699,736.1059252,1.17
10588,6702,2350.27995,1.17
10588,6706,518.763805,1.17
10588,6806,2451.630289,1.17
10589,357,1529.27,1.17
10589,6706,1027.686309,1.17
10589,6707,396.3712033,1.17
10589,6865,701.5844844,1.17
10589,8381,1651.727663,1.17
10590,358,2420.2,1.17
10590,6882,760.9387411,1.17
10590,6884,1764.759489,1.17
10590,9635,1696.542247,1.17
10591,359,1324.01,1.17
10591,4392,604.9354312,1.17
10591,4394,651.4433445,1.17
10591,6724,644.8741628,1.17
10591,6726,713.4592312,1.17
10592,360,1752.04,1.17
10592,6896,1429.272541,1.17
10592,6904,2998.778583,1.17
10592,12189,2105.098628,1.17
10592,12192,504.8108981,1.17
10593,361,1272.03,1.17
10593,6779,2364.289529,1.17
10593,6783,481.3545984,1.17
10593,6950,825.9232817,1.17
10593,11952,1531.465268,1.17
10594,362,1257.84,1.17
10594,6831,1845.770969,1.17
10594,6847,1828.289995,1.17
10594,8627,1786.699649,1.17
10594,12135,1613.788668,1.17
10595,363,1901.78,1.17
10595,6847,602.8475215,1.17
10595,6866,586.3533566,1.17
10595,8377,428.8456428,1.17
10595,12180,744.528833,1.17
10596,364,1373.19,1.17
10596,6883,632.6264178,1.17
10596,6887,398.4130571,1.17
10596,8377,441.4201535,1.17
10596,12182,997.5481037,1.17
10597,365,2950.26,1.17
10597,6891,761.2300563,1.17
10597,6894,688.9906854,1.17
10597,6895,483.1205094,1.17
10597,12185,916.6051626,1.17
10598,366,1429.3,1.17
10598,2842,666.8440621,1.17
10598,7016,284.83,1.17
10598,7899,383.7016017,1.17
10598,8335,211.75,1.17
10599,367,1674.42,1.17
10599,6944,705.2221481,1.17
10599,6950,703.9345127,1.17
10599,6955,532.9250859,1.17
10599,7037,686.457911,1.17
10600,368,1285.75,1.17
10600,6955,954.2486691,1.17
10600,6964,728.8568811,1.17
10600,6968,978.8622844,1.17
10600,7042,704.0652917,1.17
10601,369,2238.88,1.17
10601,6978,383.644811,1.17
10601,7043,1674.524085,1.17
10601,8372,1759.801963,1.17
10601,10607,621.5108376,1.17
10602,370,1573.36,1.17
10602,6986,679.0994865,1.17
10602,6999,828.8435076,1.17
10602,7046,599.6850837,1.17
10602,8375,497.3081042,1.17
10603,371,1570.26,1.17
10603,4385,1986.076944,1.17
10603,7002,2408.198414,1.17
10603,7004,374.3128997,1.17
10603,7005,656.8130508,1.17
10604,372,2337.26,1.17
10604,7014,1969.127096,1.17
10604,7017,1686.888006,1.17
10604,8872,1858.578403,1.17
10604,12957,2666.796283,1.17
10605,373,1233.6,1.17
10605,6909,378.8070274,1.17
10605,7041,735.3967494,1.17
10605,10120,1631.736302,1.17
10605,10121,410.2950161,1.17
10606,374,1550.79,1.17
10606,4433,1133.783655,1.17
10606,7041,725.0105557,1.17
10606,7042,562.0453462,1.17
10606,7044,544.1864668,1.17
10607,375,1433.17,1.17
10607,2847,2034.777628,1.17
10607,4431,340.7153436,1.17
10607,8695,2379.705207,1.17
10607,10601,569.7482227,1.17
10608,376,1642.21,1.17
10608,7045,742.7962033,1.17
10608,7047,796.8146327,1.17
10608,7052,464.2655018,1.17
10608,7455,559.9346503,1.17
10609,377,2116.44,1.17
10609,4380,852.8617899,1.17
10609,4382,855.0908264,1.17
10609,7059,968.1473472,1.17
10609,7067,1284.472332,1.17
10610,378,2454.98,1.17
10610,7067,221.8384241,1.17
10610,7112,2473.772003,1.17
10610,7458,2079.514625,1.17
10610,12487,1118.419876,1.17
10611,379,1637.06,1.17
10611,2068,500.0584597,1.17
10611,7450,1703.814265,1.17
10611,7546,1892.468418,1.17
10611,7554,524.4601334,1.17
10612,380,1090.06,1.17
10612,4433,660.0550459,1.17
10612,7450,2308.911283,1.17
10612,7451,1554.732747,1.17
10612,10165,319.8823549,1.17
10613,381,975.28,1.17
10613,2069,525.5601358,1.17
10613,2085,1098.643458,1.17
10613,6550,1629.656207,1.17
10613,10166,3176.746358,1.17
10614,382,582.41,1.17
10614,2085,2195.547244,1.17
10614,5159,4052.09795,1.17
10614,8371,2527.195716,1.17
10615,383,867.2,1.17
10615,4380,638.62,1.17
10615,7059,713.1018464,1.17
10615,7456,720.9283275,1.17
10616,384,1462.41,1.17
10616,4379,2630.188628,1.17
10616,7562,1455.408091,1.17
10616,8324,1084.48353,1.17
10617,385,598.7,1.17
10617,7581,508.2421421,1.17
10617,9219,174.2078579,1.17
10618,386,106.28,1.17
10618,6550,3485.429148,1.17
10618,10619,880.4486855,1.17
10618,10624,2203.170206,1.17
10619,387,843.95,1.17
10619,5161,3229.82664,1.17
10619,8366,1929.670067,1.17
10619,10618,903.2457133,1.17
10619,10620,1561.86166,1.17
10620,388,1869.49,1.17
10620,7585,449.0596172,1.17
10620,7586,1416.632043,1.17
10620,10619,1661.178055,1.17
10621,389,1578.05,1.17
10621,7586,1965.468224,1.17
10621,7965,2170.424486,1.17
10622,390,1927.51,1.17
10622,7448,619.104059,1.17
10622,7561,550.048736,1.17
10622,7564,2501.601688,1.17
10622,7592,1759.177534,1.17
10623,391,550.39,1.17
10623,6563,4468.724981,1.17
10623,7670,2132.621083,1.17
10623,10629,2302.896018,1.17
10623,10889,521.2929533,1.17
10624,392,1816.7,1.17
10624,8366,1387.658067,1.17
10624,9624,1882.316845,1.17
10624,10618,2607.293434,1.17
10624,10630,2242.421948,1.17
10625,393,1181.53,1.17
10625,4008,3342.984432,1.17
10625,8366,3498.256815,1.17
10625,10626,814.27,1.17
10625,10630,1332.142213,1.17
10626,394,1323.69,1.17
10626,7585,666.8072775,1.17
10626,7631,863.9094953,1.17
10626,10625,1122.14,1.17
10626,10632,440.0162126,1.17
10627,395,1544.23,1.17
10627,6742,565.3120269,1.17
10627,7587,2977.000082,1.17
10627,7631,2484.051811,1.17
10628,396,1980.43,1.17
10628,6276,489.5229249,1.17
10628,7591,196.236964,1.17
10628,7592,1823.105242,1.17
10628,7635,1443.565541,1.17
10629,397,1682.47,1.17
10629,2086,442.479392,1.17
10629,9624,1669.292362,1.17
10629,9625,862.9927828,1.17
10629,10623,2203.758658,1.17
10630,398,1176.72,1.17
10630,9625,673.6096593,1.17
10630,10624,2709.006916,1.17
10630,10625,1278.239965,1.17
10630,10636,1261.209833,1.17
10631,399,1049.75,1.17
10631,4008,887.81,1.17
10632,400,2501.48,1.17
10632,2441,1490.863095,1.17
10632,7632,1086.486047,1.17
10632,7672,27.36,1.17
10632,10626,519.2364226,1.17
10633,401,1158.51,1.17
10633,7632,1688.218914,1.17
10633,7634,1437.285432,1.17
10633,7675,291.0267082,1.17
10634,402,1773.66,1.17
10634,6190,472.8062537,1.17
10634,7634,570.2904733,1.17
10634,7635,1814.181367,1.17
10634,7678,1436.304671,1.17
10635,403,1632.38,1.17
10635,2087,2473.525293,1.17
10635,9220,656.2441698,1.17
10635,10641,1786.936621,1.17
10635,10901,1114.120872,1.17
10636,404,1198.26,1.17
10636,2089,298.6491307,1.17
10636,8364,1238.234478,1.17
10636,9626,708.9991009,1.17
10636,10630,1432.844363,1.17
10637,405,696.05,1.17
10637,2090,4020.18529,1.17
10637,9223,2979.882275,1.17
10637,10638,1232.717292,1.17
10638,406,994.07,1.17
10638,7672,445.8269352,1.17
10638,7674,1253.032242,1.17
10638,10637,1620.002411,1.17
10639,407,919.46,1.17
10639,7674,546.1613401,1.17
10639,7675,520.5601841,1.17
10639,7677,509.6753472,1.17
10640,408,1457.67,1.17
10640,6188,567.0202132,1.17
10640,7677,1521.833716,1.17
10640,7678,1265.287248,1.17
10640,7718,46.38978679,1.17
10641,409,1381.1,1.17
10641,9222,1626.645525,1.17
10641,10635,1996.241353,1.17
10641,10647,1590.725157,1.17
10641,10907,1867.982531,1.17
10642,410,1662.05,1.17
10642,7777,1866.145525,1.17
10642,9222,1928.281003,1.17
10642,10075,197.1771118,1.17
10642,10648,237.08,1.17
10643,411,1901.95,1.17
10643,7777,2271.157979,1.17
10643,7778,998.8518406,1.17
10643,8361,1832.642091,1.17
10643,10644,1840.533954,1.17
10644,412,2370.21,1.17
10644,2091,1676.602449,1.17
10644,8361,1727.899762,1.17
10644,10643,2158.481976,1.17
10644,10645,1936.295896,1.17
10645,413,2197.3,1.17
10645,7716,2863.4506,1.17
10645,7787,2099.197007,1.17
10645,7789,1359.106609,1.17
10645,10644,2390.241567,1.17
10646,414,978.81,1.17
10646,2424,1507.564241,1.17
10646,7789,2179.991364,1.17
10646,7794,367.95,1.17
10646,7796,1194.28153,1.17
10647,415,490.43,1.17
10647,10641,1980.78149,1.17
10647,10648,1756.482321,1.17
10647,10653,1727.246348,1.17
10647,10913,1904.128624,1.17
10648,416,509.97,1.17
10648,7778,1125.397619,1.17
10648,10642,917.6709599,1.17
10648,10647,1875.312305,1.17
10648,10649,1431.186432,1.17
10648,12670,1474.279723,1.17
10649,417,690.13,1.17
10649,7778,821.5035909,1.17
10649,10648,1664.980775,1.17
10649,10650,1697.240577,1.17
10649,10655,695.3968779,1.17
10650,418,924.83,1.17
10650,2091,2789.339888,1.17
10650,7788,2226.016408,1.17
10650,10649,1745.88285,1.17
10650,10656,2045.378015,1.17
10651,419,921.49,1.17
10651,7787,260.2385377,1.17
10651,7789,2160.75031,1.17
10651,12224,2134.04314,1.17
10652,420,594.48,1.17
10652,7794,459.3937637,1.17
10652,7907,2534.179699,1.17
10652,12223,3043.447947,1.17
10652,12683,1546.097713,1.17
10653,421,659.38,1.17
10653,2888,1939.635602,1.17
10653,10647,1888.057762,1.17
10653,10659,1853.198566,1.17
10653,12670,1942.019311,1.17
10654,422,880.68,1.17
10654,10655,1883.757765,1.17
10654,10660,1658.575194,1.17
10654,12670,2360.545547,1.17
10654,12672,1807.008422,1.17
10655,423,913.93,1.17
10655,10649,1212.93234,1.17
10655,10654,1857.700496,1.17
10655,10656,1538.296707,1.17
10655,12672,412.2,1.17
10656,424,2080.87,1.17
10656,2329,2125.95667,1.17
10656,7788,1986.390564,1.17
10656,10650,2244.011745,1.17
10656,10655,1539.373618,1.17
10657,425,420.52,1.17
10657,2571,5.82,1.17
10657,12679,2192.55849,1.17
10657,12684,1406.129628,1.17
10658,426,1069.52,1.17
10658,7907,0.0,1.17
10658,10664,14.01,1.17
10658,12683,397.69,1.17
10658,12691,489.9732925,1.17
10659,427,1459.05,1.17
10659,9661,1614.33517,1.17
10659,10653,1771.522116,1.17
10659,12754,1888.138566,1.17
10660,428,672.6,1.17
10660,10110,1745.84396,1.17
10660,10654,1836.513173,1.17
10660,10666,908.7392744,1.17
10660,12670,1376.709643,1.17
10661,429,667.23,1.17
10661,10667,764.8538286,1.17
10661,12672,1518.386953,1.17
10662,430,1249.0,1.17
10662,2329,2616.537696,1.17
10662,10667,682.3802149,1.17
10662,10668,1992.902137,1.17
10662,12680,437.0616995,1.17
10663,431,897.28,1.17
10663,2572,1232.012049,1.17
10663,12681,1223.069378,1.17
10663,12686,395.2108926,1.17
10663,12767,396.2746395,1.17
10664,432,1611.5,1.17
10664,2573,10.43,1.17
10664,10412,1162.544167,1.17
10664,10658,192.7538943,1.17
10664,12684,1562.387298,1.17
10665,433,1232.95,1.17
10665,10109,733.7080792,1.17
10665,12753,1338.629025,1.17
10665,12754,2618.769622,1.17
10666,434,1103.43,1.17
10666,10109,725.0995464,1.17
10666,10660,1171.790454,1.17
10666,12755,1147.2,1.17
10667,435,840.31,1.17
10667,10661,1260.736953,1.17
10667,10662,264.38,1.17
10667,12756,771.2138286,1.17
10668,436,937.01,1.17
10668,10662,2424.740178,1.17
10668,10674,1786.497704,1.17
10668,12756,1630.247593,1.17
10668,12760,1273.133436,1.17
10669,437,786.85,1.17
10669,12681,507.278063,1.17
10669,12759,430.4976209,1.17
10669,12764,218.1943161,1.17
10669,12767,0.0,1.17
10670,438,644.59,1.17
10670,12686,352.6351539,1.17
10670,12769,291.8544458,1.17
10670,12770,204.7904002,1.17
10671,439,397.21,1.17
10671,10672,192.1490385,1.17
10671,10677,1430.020516,1.17
10671,12753,1892.574378,1.17
10672,440,411.91,1.17
10672,10671,148.69,1.17
10672,10673,829.3120301,1.17
10672,10678,981.78,1.17
10672,12755,1134.717383,1.17
10673,441,473.28,1.17
10673,10672,799.153996,1.17
10673,10674,798.5390123,1.17
10673,12756,992.797525,1.17
10674,442,388.44,1.17
10674,2326,2140.779351,1.17
10674,10668,1925.423127,1.17
10674,10673,1044.405748,1.17
10674,12761,679.4501902,1.17
10675,443,803.33,1.17
10675,12762,421.1929133,1.17
10675,12837,913.3084967,1.17
10675,12849,742.8194284,1.17
10676,444,533.08,1.17
10676,12762,431.5302113,1.17
10676,12765,698.4526372,1.17
10676,12772,449.45,1.17
10676,12849,675.7694856,1.17
10677,445,414.24,1.17
10677,10671,1926.74879,1.17
10677,10678,1006.628149,1.17
10677,12826,759.9547377,1.17
10677,12829,721.5231683,1.17
10678,446,376.14,1.17
10678,2598,1391.788149,1.17
10678,10672,1416.569594,1.17
10678,10677,1074.021722,1.17
10678,10684,510.65,1.17
10679,447,1080.47,1.17
10679,2326,2172.549861,1.17
10679,2916,2873.194197,1.17
10679,10111,696.4171045,1.17
10680,448,670.5,1.17
10680,10111,963.3748461,1.17
10680,12837,1819.099105,1.17
10680,12842,1446.810276,1.17
10680,12850,823.9493067,1.17
10681,449,820.48,1.17
10681,10688,550.1332079,1.17
10681,12842,2029.045341,1.17
10681,12853,1709.305276,1.17
10682,450,479.84,1.17
10682,12852,1236.331871,1.17
10682,12853,1547.226653,1.17
10682,12856,880.7478335,1.17
10682,12862,2126.898499,1.17
10683,451,344.08,1.17
10683,2253,592.0689693,1.17
10683,12829,1891.360745,1.17
10683,12832,1338.487384,1.17
10684,452,443.78,1.17
10684,2307,602.43657,1.17
10684,10678,1224.998693,1.17
10684,12829,569.9151575,1.17
10684,12833,207.86,1.17
10685,453,511.73,1.17
10685,2307,908.7335332,1.17
10685,2323,742.8062898,1.17
10685,2325,1746.638429,1.17
10685,2598,1157.082623,1.17
10686,454,463.6,1.17
10686,2322,192.9883162,1.17
10686,2323,1096.426474,1.17
10686,10692,177.0037048,1.17
10686,12846,1108.699252,1.17
10687,455,595.72,1.17
10687,2324,320.5096292,1.17
10687,12842,1546.416668,1.17
10687,12846,1000.55118,1.17
10687,12855,4.93,1.17
10688,456,861.91,1.17
10688,2574,290.7691094,1.17
10688,10681,474.3992373,1.17
10688,12855,353.6554687,1.17
10688,12856,363.3840985,1.17
10689,457,0.0,1.17
10689,2306,476.63875,1.17
10689,10690,709.3509346,1.17
10689,10695,219.1422605,1.17
10689,12895,689.2547884,1.17
10690,458,8.56,1.17
10690,10689,500.5947884,1.17
10690,10691,676.7675883,1.17
10690,10696,372.81,1.17
10690,12833,655.2711116,1.17
10691,459,531.91,1.17
10691,2083,1207.457588,1.17
10691,8871,209.06,1.17
10691,10690,655.5547884,1.17
10691,12949,183.48,1.17
10692,460,864.7,1.17
10692,2083,796.8701467,1.17
10692,10686,142.2908163,1.17
10692,10698,99.61,1.17
10692,12898,1055.46681,1.17
10693,461,312.33,1.17
10693,2372,373.8724782,1.17
10693,12162,66.42,1.17
10693,12163,1091.329492,1.17
10693,12898,678.97115,1.17
10694,462,287.41,1.17
10694,2374,738.2478571,1.17
10694,12156,807.4344508,1.17
10694,12162,399.8786808,1.17
10695,463,39.23,1.17
10695,10689,665.29875,1.17
10695,10696,603.6300257,1.17
10695,12947,410.48,1.17
10696,464,162.3,1.17
10696,10690,613.2377652,1.17
10696,10695,586.56,1.17
10696,12949,260.5522605,1.17
10697,465,495.95,1.17
10697,1966,601.1539265,1.17
10697,10703,57.72,1.17
10697,12949,510.955963,1.17
10698,466,578.34,1.17
10698,1966,892.3801,1.17
10698,10692,306.1655901,1.17
10698,10704,126.08,1.17
10698,12953,1191.439235,1.17
10699,467,517.47,1.17
10699,2372,554.8331045,1.17
10699,2757,1023.149416,1.17
10699,12953,1225.145115,1.17
10700,468,552.28,1.17
10700,10097,896.301666,1.17
10700,10706,83.63536386,1.17
10700,12156,573.9352763,1.17
10700,12953,753.015702,1.17
10701,469,468.32,1.17
10701,2401,1817.02964,1.17
10701,7523,854.970521,1.17
10701,12944,1020.129576,1.17
10701,12945,1635.578854,1.17
10702,470,735.93,1.17
10702,5079,343.668334,1.17
10702,9655,225.01,1.17
10702,12949,468.531666,1.17
10703,471,421.62,1.17
10703,5078,104.4674754,1.17
10703,5079,6.35,1.17
10703,5082,294.5825246,1.17
10703,10697,124.8907829,1.17
10704,472,139.68,1.17
10704,5082,1388.491155,1.17
10704,10698,288.9125985,1.17
10704,10710,1349.611371,1.17
10705,473,266.68,1.17
10705,10093,2728.423379,1.17
10705,10710,1886.919814,1.17
10705,10711,787.9744372,1.17
10705,12953,1679.721397,1.17
10706,474,85.25,1.17
10706,2731,1278.456443,1.17
10706,10094,1146.596142,1.17
10706,10700,20.4,1.17
10706,10712,14.67,1.17
10707,475,922.87,1.17
10707,7523,310.2112188,1.17
10707,10708,685.119542,1.17
10707,10713,558.8687812,1.17
10707,12945,638.6,1.17
10708,476,56.88,1.17
10708,1840,1291.349855,1.17
10708,10707,960.74,1.17
10708,10714,499.1,1.17
10709,477,247.7,1.17
10709,5078,299.46,1.17
10710,478,634.59,1.17
10710,1841,1052.594424,1.17
10710,5078,1859.930597,1.17
10710,10704,1710.853754,1.17
10710,10705,1800.499417,1.17
10711,479,303.81,1.17
10711,10090,516.2403192,1.17
10711,10705,1063.253385,1.17
10711,10712,543.97,1.17
10711,10717,563.2973882,1.17
10712,480,431.21,1.17
10712,2612,468.95,1.17
10712,5049,357.9,1.17
10712,10706,197.16,1.17
10712,10711,737.2501275,1.17
10713,481,793.52,1.17
10713,2724,646.2103131,1.17
10713,7524,585.4587812,1.17
10713,10707,734.9537629,1.17
10714,482,669.86,1.17
10714,1837,101.86,1.17
10714,2724,382.5,1.17
10714,10708,571.1403131,1.17
10715,483,296.36,1.17
10715,1837,109.66,1.17
10715,1840,563.2358999,1.17
10715,9653,209.1470698,1.17
10715,9654,17.49,1.17
10716,484,38.74,1.17
10716,1841,1443.091258,1.17
10716,9653,401.5090781,1.17
10716,10717,289.0,1.17
10716,10722,1081.636519,1.17
10717,485,327.73,1.17
10717,2601,302.0796808,1.17
10717,10711,788.2198109,1.17
10717,10716,487.397673,1.17
10717,10723,457.9511537,1.17
10718,486,247.65,1.17
10718,2601,408.9614385,1.17
10718,2606,299.5996808,1.17
10718,2607,385.27,1.17
10718,2609,696.9085283,1.17
10719,487,348.92,1.17
10719,1834,295.27,1.17
10719,1837,51.57,1.17
10719,2724,650.2,1.17
10720,488,49.13,1.17
10720,2723,674.3728424,1.17
10720,10721,336.9129302,1.17
10720,10725,32.41,1.17
10721,489,53.91,1.17
10721,2345,48.84,1.17
10721,9654,97.62682177,1.17
10721,10720,583.9228424,1.17
10721,10722,308.7029302,1.17
10722,490,367.77,1.17
10722,10716,1458.003266,1.17
10722,10721,402.3511572,1.17
10722,10723,571.7367282,1.17
10722,10726,932.0421181,1.17
10723,491,708.11,1.17
10723,2608,292.37,1.17
10723,10717,656.7194917,1.17
10723,10722,583.272327,1.17
10723,10727,544.5578819,1.17
10724,492,295.42,1.17
10724,1856,1087.682327,1.17
10724,2606,298.7614385,1.17
10724,2721,1468.369681,1.17
10725,493,3.55,1.17
10725,2214,35.29,1.17
10725,2345,35.3,1.17
10725,9658,55.32,1.17
10725,10720,68.68,1.17
10726,494,529.13,1.17
10726,2226,840.0021181,1.17
10726,2345,236.418458,1.17
10726,10722,1192.961493,1.17
10726,10727,33.33,1.17
10727,495,208.91,1.17
10727,1914,522.8878819,1.17
10727,1916,84.08,1.17
10727,10723,854.5994917,1.17
10727,10726,36.36438922,1.17
10728,496,517.84,1.17
10728,1856,972.55,1.17
10728,1917,952.62,1.17
10728,2720,425.7358293,1.17
10729,497,203.77,1.17
10729,1914,525.340847,1.17
10729,1920,571.74,1.17
10729,10730,902.905096,1.17
10729,10733,880.3,1.17
10730,498,232.82,1.17
10730,1916,438.933893,1.17
10730,1917,1142.745829,1.17
10730,1920,237.5,1.17
10730,10729,875.92,1.17
10731,499,404.37,1.17
10731,1907,1361.699675,1.17
10731,2214,120.29,1.17
10731,2359,1434.340498,1.17
10731,10738,17.89,1.17
10732,505,1459.07,1.17
10732,1912,1571.802584,1.17
10732,2226,1007.139951,1.17
10732,6689,2065.800508,1.17
10732,10740,1194.519774,1.17
10733,502,710.1,1.17
10733,1912,655.6,1.17
10733,1913,121.35,1.17
10733,1922,33.69,1.17
10733,10729,876.425096,1.17
10734,503,115.52,1.17
10734,1922,207.9807334,1.17
10734,1923,83.58,1.17
10735,506,335.12,1.17
10735,1912,1284.38,1.17
10735,1923,1431.122607,1.17
10735,9660,62.47,1.17
10736,507,524.38,1.17
10736,2680,1210.81,1.17
10736,10490,784.1953945,1.17
10736,10494,705.1364789,1.17
10736,10742,482.5,1.17
10737,508,267.22,1.17
10737,1967,804.3369829,1.17
10737,2355,3.98,1.17
10737,7306,0.0,1.17
10737,10738,530.4127701,1.17
10738,509,0.0,1.17
10738,2356,206.3625439,1.17
10738,10731,84.77598922,1.17
10738,10737,650.1369829,1.17
10738,10739,453.2102262,1.17
10739,510,50.09,1.17
10739,2359,646.4805902,1.17
10739,10738,553.2329721,1.17
10739,10740,635.3376823,1.17
10740,511,225.26,1.17
10740,1970,1429.777416,1.17
10740,2357,358.1874561,1.17
10740,10732,1456.201053,1.17
10740,10739,1078.203562,1.17
10741,512,383.91,1.17
10741,2411,107.3872122,1.17
10741,5023,2064.843125,1.17
10741,10748,1579.582297,1.17
10742,513,776.53,1.17
10742,5025,130.04,1.17
10742,5026,94.51,1.17
10742,10736,529.76,1.17
10743,514,0.82,1.17
10743,2355,9.25,1.17
10743,2356,15.6,1.17
10743,5237,0.0,1.17
10744,515,1.97,1.17
10744,2356,288.97,1.17
10744,10745,43.99,1.17
10744,11641,169.1025439,1.17
10745,516,195.77,1.17
10745,2357,275.08,1.17
10745,5610,64.56,1.17
10745,10744,103.03,1.17
10746,517,233.06,1.17
10746,1970,499.48,1.17
10746,5612,193.38,1.17
10747,518,404.55,1.17
10747,5023,476.7,1.17
10747,5613,104.56,1.17
10748,519,868.02,1.17
10748,2681,120.92,1.17
10748,2682,1116.062297,1.17
10748,5788,234.42,1.17
10748,10741,1882.808029,1.17
10749,526,338.98,1.17
10749,10918,887.402674,1.17
10749,10919,616.2267692,1.17
10749,11190,1467.897072,1.17
10750,522,1108.94,1.17
10750,8881,1635.203564,1.17
10750,9674,351.26,1.17
10750,10754,731.6745739,1.17
10750,10925,2276.881791,1.17
10751,523,956.76,1.17
10751,7636,1146.059906,1.17
10751,8881,2079.977962,1.17
10751,10752,1594.666821,1.17
10751,10755,1886.497139,1.17
10752,524,1676.99,1.17
10752,8581,1121.463257,1.17
10752,8621,223.41,1.17
10752,10751,1831.554272,1.17
10753,525,82.31,1.17
10753,8878,68.88,1.17
10753,9035,482.1410057,1.17
10753,10499,878.2371838,1.17
10754,528,361.33,1.17
10754,9062,281.670191,1.17
10754,10750,777.7510779,1.17
10754,10759,1040.664787,1.17
10754,10919,469.259023,1.17
10755,529,973.23,1.17
10755,8621,606.8558064,1.17
10755,8629,826.6444724,1.17
10755,9063,1425.135331,1.17
10755,10751,1146.9,1.17
10756,530,265.69,1.17
10756,8879,4.17,1.17
10756,8880,181.22,1.17
10756,10762,75.77,1.17
10757,531,570.92,1.17
10757,9028,568.48,1.17
10757,9065,571.62,1.17
10757,9067,373.16,1.17
10758,538,1035.32,1.17
10758,8235,2047.363221,1.17
10758,9060,2321.134857,1.17
10758,9093,1000.761108,1.17
10758,11190,1755.22485,1.17
10759,534,347.99,1.17
10759,10754,919.8537389,1.17
10759,10760,540.7083087,1.17
10759,10763,818.2852248,1.17
10759,11192,446.1792871,1.17
10760,535,815.67,1.17
10760,9061,695.9351471,1.17
10760,9062,391.5956154,1.17
10760,10759,383.5842345,1.17
10760,10761,377.8968304,1.17
10761,536,43.63,1.17
10761,8880,1209.463363,1.17
10761,10760,476.4778008,1.17
10761,10765,1691.652161,1.17
10762,537,161.89,1.17
10762,9064,566.085121,1.17
10762,9065,388.194879,1.17
10762,10756,115.03,1.17
10763,540,580.93,1.17
10763,9061,1792.694239,1.17
10763,9096,721.1147731,1.17
10763,10759,764.8654236,1.17
10763,11191,1813.467564,1.17
10764,541,602.57,1.17
10764,9061,1327.906479,1.17
10764,9906,677.6709729,1.17
10764,10765,671.3509363,1.17
10765,542,257.89,1.17
10765,9064,970.8677668,1.17
10765,9098,1389.055331,1.17
10765,10761,1554.401164,1.17
10765,10764,880.2845074,1.17
10766,543,302.51,1.17
10766,3890,619.6851475,1.17
10766,3891,0.0,1.17
10766,8203,588.4869424,1.17
10766,9099,217.8021559,1.17
10767,544,1775.71,1.17
10767,9090,2423.774357,1.17
10767,9094,2330.907614,1.17
10767,9095,2245.325839,1.17
10767,9120,2149.866112,1.17
10768,545,1055.25,1.17
10768,9097,721.4,1.17
10769,546,203.66,1.17
10769,2746,2164.27355,1.17
10769,10770,1739.033377,1.17
10769,10773,483.2311783,1.17
10770,547,969.26,1.17
10770,9125,1529.63782,1.17
10770,9126,2078.318585,1.17
10770,9905,1273.244438,1.17
10770,10769,2107.025735,1.17
10771,548,170.56,1.17
10771,9064,198.0790637,1.17
10771,9098,591.0986858,1.17
10771,9099,149.91,1.17
10771,9126,339.4042863,1.17
10772,549,339.95,1.17
10772,2746,690.243769,1.17
10772,9120,842.8293339,1.17
10772,9122,631.711452,1.17
10772,10773,559.7733225,1.17
10773,550,175.24,1.17
10773,9123,411.808872,1.17
10773,10769,320.6184211,1.17
10773,10772,579.1191436,1.17
10773,10774,453.4150222,1.17
10774,551,970.2,1.17
10774,9124,517.8305909,1.17
10774,9125,674.2250222,1.17
10774,9906,393.9519715,1.17
10774,10773,232.2500659,1.17
10775,552,108.92,1.17
10775,9125,771.3969117,1.17
10775,9127,13.02,1.17
10775,10510,448.199937,1.17
10776,553,796.94,1.17
10776,9116,2042.407164,1.17
10776,9117,919.9340865,1.17
10776,10777,2341.179207,1.17
10776,12046,1697.638517,1.17
10777,554,487.9,1.17
10777,10776,2115.17045,1.17
10777,12046,1819.683577,1.17
10777,12047,1756.986024,1.17
10777,12099,2305.369813,1.17
10778,555,475.0,1.17
10778,8223,58.51,1.17
10778,8225,2521.781188,1.17
10778,9620,2606.786786,1.17
10778,12103,573.1732988,1.17
10779,556,623.87,1.17
10779,9119,1042.483488,1.17
10779,9120,829.1123254,1.17
10779,9121,341.3684048,1.17
10780,557,488.51,1.17
10780,9121,1940.312354,1.17
10780,9122,408.9228298,1.17
10780,12048,1264.172925,1.17
10780,12049,1904.519979,1.17
10781,558,419.05,1.17
10781,3904,56.73,1.17
10781,9123,417.1868922,1.17
10781,12050,770.738872,1.17
10782,559,787.38,1.17
10782,12043,2043.126918,1.17
10782,12046,2542.689456,1.17
10782,12094,1282.692627,1.17
10783,560,1629.19,1.17
10783,3922,2263.063431,1.17
10783,12099,1232.996037,1.17
10784,561,802.25,1.17
10784,12099,1929.944425,1.17
10784,12103,1116.769767,1.17
10784,12105,1539.933036,1.17
10785,562,1292.64,1.17
10785,3929,1324.668697,1.17
10785,8889,892.6548348,1.17
10785,10786,815.8899691,1.17
10785,12103,891.3289061,1.17
10786,563,1848.57,1.17
10786,10785,987.3885997,1.17
10786,12048,1122.103451,1.17
10786,12107,1405.17677,1.17
10786,12108,689.7637156,1.17
10787,564,665.6,1.17
10787,8867,334.5751987,1.17
10787,8873,312.5424797,1.17
10787,12110,710.2480245,1.17
10787,12111,439.3409875,1.17
10788,565,848.48,1.17
10788,10789,883.8534139,1.17
10788,12092,345.3204811,1.17
10788,12094,1082.219231,1.17
10788,12246,1944.098922,1.17
10789,566,1484.53,1.17
10789,3921,1219.249816,1.17
10789,10788,899.7610619,1.17
10789,12102,681.9589291,1.17
10789,12247,1716.152611,1.17
10790,567,401.51,1.17
10790,7003,2113.208414,1.17
10790,12097,526.5248911,1.17
10790,12102,1841.557823,1.17
10791,568,1341.98,1.17
10791,3925,1416.014567,1.17
10791,3927,194.0493668,1.17
10791,3929,528.8688097,1.17
10791,7464,1468.515506,1.17
10792,569,318.67,1.17
10792,9183,1844.185831,1.17
10792,10798,1014.792202,1.17
10792,12107,1266.334122,1.17
10792,12255,2763.648325,1.17
10793,570,728.54,1.17
10793,9622,3009.433999,1.17
10793,10799,2418.743018,1.17
10793,12109,1514.550836,1.17
10793,12260,1891.497393,1.17
10794,571,1786.92,1.17
10794,10800,207.34,1.17
10794,12244,2396.409371,1.17
10794,12246,906.5439012,1.17
10794,12249,3440.165881,1.17
10795,572,1808.41,1.17
10795,12247,1157.994531,1.17
10795,12249,914.368984,1.17
10795,12250,552.6650781,1.17
10796,573,1220.29,1.17
10796,12102,1455.614558,1.17
10796,12247,1052.518509,1.17
10796,12251,1777.473637,1.17
10796,12253,1028.351433,1.17
10797,574,524.86,1.17
10797,3930,310.875067,1.17
10797,7465,1086.226332,1.17
10797,8890,1757.903766,1.17
10797,12254,1126.372466,1.17
10798,575,707.55,1.17
10798,3930,1057.703755,1.17
10798,10792,757.2241182,1.17
10798,12255,695.4391267,1.17
10798,12315,510.5002341,1.17
10799,576,852.81,1.17
10799,8310,1198.301195,1.17
10799,10793,2319.090883,1.17
10799,12259,1710.261823,1.17
10800,577,207.34,1.17
10800,10794,104.8,1.17
10801,578,1821.72,1.17
10801,5150,1617.416561,1.17
10801,10802,1952.672524,1.17
10802,579,1456.35,1.17
10802,10801,2224.957796,1.17
10802,10808,2489.994213,1.17
10802,12250,542.7190528,1.17
10802,12312,1762.43174,1.17
10803,580,656.97,1.17
10803,8890,1702.062424,1.17
10803,8891,1498.882404,1.17
10803,12252,1464.724602,1.17
10803,12316,1514.440123,1.17
10804,581,770.68,1.17
10804,9623,1899.006594,1.17
10804,12314,2244.104887,1.17
10804,12316,678.481553,1.17
10805,582,1306.85,1.17
10805,3931,747.9330137,1.17
10805,8482,875.451993,1.17
10805,8483,1473.893844,1.17
10805,8941,1438.254111,1.17
10806,584,8976.49,1.17
10806,8893,4214.73,1.17
10807,256,337.23,1.17
10807,1939,972.358314,1.17
10807,1946,1209.81758,1.17
10807,2686,1476.394667,1.17
10807,10491,1211.098757,1.17
10808,585,411.12,1.17
10808,10284,2378.040911,1.17
10808,10802,2574.396951,1.17
10809,586,1297.18,1.17
10809,8511,2172.529731,1.17
10809,10810,1226.324646,1.17
10809,12312,2007.896945,1.17
10809,12313,1700.628603,1.17
10810,587,3022.89,1.17
10810,8891,1330.104281,1.17
10810,9929,1195.820417,1.17
10810,10809,2147.039399,1.17
10810,12319,1171.562185,1.17
10811,588,1051.25,1.17
10811,3931,183.3934171,1.17
10811,5083,974.8838719,1.17
10811,12318,1932.146124,1.17
10811,12320,327.954201,1.17
10812,262,509.98,1.17
10812,1946,925.5071301,1.17
10812,1947,971.14,1.17
10812,5033,638.1545267,1.17
10812,5035,1505.415354,1.17
10813,257,67.2,1.17
10813,1946,1452.312786,1.17
10813,1947,0.34,1.17
10813,1950,544.9029123,1.17
10813,10493,650.809304,1.17
10814,589,1206.13,1.17
10814,10815,1697.000833,1.17
10814,10820,892.6953812,1.17
10814,12360,2896.89629,1.17
10815,590,1510.9,1.17
10815,8512,2480.392039,1.17
10815,8892,1154.734735,1.17
10815,10814,2193.049377,1.17
10815,10821,1453.578439,1.17
10816,591,1545.8,1.17
10816,7478,2145.636118,1.17
10816,8892,1857.169869,1.17
10816,10822,1889.185882,1.17
10816,12366,1395.113524,1.17
10817,592,1145.42,1.17
10817,7478,519.6,1.17
10817,8942,512.9940314,1.17
10817,12216,695.6817399,1.17
10817,12366,868.7065305,1.17
10818,593,28.85,1.17
10818,10819,2133.280266,1.17
10818,12355,2206.183679,1.17
10819,594,507.25,1.17
10819,8546,2252.599503,1.17
10819,8944,3690.266059,1.17
10819,10285,3068.554618,1.17
10819,10818,2223.603679,1.17
10820,595,389.56,1.17
10820,4469,886.1059864,1.17
10820,8545,1928.074511,1.17
10820,10814,1718.650009,1.17
10820,10821,1455.143488,1.17
10821,596,485.76,1.17
10821,8956,2102.190971,1.17
10821,10815,2014.824328,1.17
10821,10820,2013.35283,1.17
10821,12364,813.1809138,1.17
10822,597,646.94,1.17
10822,8892,1511.228773,1.17
10822,10816,1601.758204,1.17
10822,10823,1100.088893,1.17
10822,12364,1998.809313,1.17
10823,598,2195.39,1.17
10823,8521,974.53,1.17
10823,10822,1069.838838,1.17
10823,12367,419.6805804,1.17
10824,599,2081.8,1.17
10824,4472,967.0570279,1.17
10824,7292,254.47,1.17
10824,10830,653.3264258,1.17
10825,600,883.16,1.17
10825,10826,864.0204506,1.17
10825,10831,139.7368473,1.17
10825,12387,1209.913492,1.17
10826,601,1236.47,1.17
10826,8945,3401.580929,1.17
10826,8948,664.8676771,1.17
10826,10825,1218.132493,1.17
10826,12393,3037.155624,1.17
10827,602,2637.94,1.17
10827,4468,2162.84304,1.17
10827,8956,2411.758049,1.17
10827,12400,1837.187705,1.17
10827,12401,2131.274736,1.17
10828,603,359.37,1.17
10828,4529,135.22,1.17
10828,12364,2161.302143,1.17
10828,12407,2206.463766,1.17
10829,604,784.99,1.17
10829,5745,725.4284793,1.17
10829,12369,1539.3018,1.17
10829,12408,712.6806052,1.17
10830,605,527.22,1.17
10830,2694,1927.094845,1.17
10830,10824,1261.343536,1.17
10830,10831,1674.505932,1.17
10830,10836,893.1087126,1.17
10831,606,1284.62,1.17
10831,10825,509.4109991,1.17
10831,10830,2081.187316,1.17
10831,10837,435.7045572,1.17
10831,12392,1827.655399,1.17
10832,607,875.14,1.17
10832,8951,2170.394022,1.17
10832,12395,382.9148588,1.17
10832,12397,1694.81219,1.17
10833,608,1814.12,1.17
10833,4468,2346.538431,1.17
10833,12395,386.1514614,1.17
10833,12397,2045.793844,1.17
10834,609,822.8,1.17
10834,10835,1178.464185,1.17
10834,12401,1833.283334,1.17
10834,12406,2526.367585,1.17
10834,12776,2292.456598,1.17
10835,610,1148.39,1.17
10835,6130,653.8969973,1.17
10835,10834,1881.826588,1.17
10835,12408,447.49,1.17
10835,12410,969.2063001,1.17
10836,611,2422.79,1.17
10836,10830,845.0380092,1.17
10836,10842,2825.559244,1.17
10836,12146,3553.212629,1.17
10837,612,851.38,1.17
10837,9212,800.1211996,1.17
10837,9213,0.0,1.17
10837,10831,1134.37262,1.17
10838,613,1777.48,1.17
10838,9215,3132.144903,1.17
10838,9216,3467.17564,1.17
10838,10844,2083.01227,1.17
10838,12450,2703.912643,1.17
10839,614,3898.17,1.17
10839,4455,536.19,1.17
10839,12450,3508.487186,1.17
10839,12454,2343.469953,1.17
10840,615,734.0,1.17
10840,2435,1497.398688,1.17
10840,12402,1878.909306,1.17
10840,12455,3110.628916,1.17
10841,616,896.54,1.17
10841,4460,1399.991091,1.17
10841,8531,2028.333598,1.17
10841,12404,1012.266009,1.17
10841,12455,3447.115648,1.17
10842,617,1107.34,1.17
10842,9212,1063.149262,1.17
10842,9216,3171.802305,1.17
10842,10836,3550.508068,1.17
10842,10843,832.6645572,1.17
10843,618,808.06,1.17
10843,10842,2156.338108,1.17
10843,10844,1674.111605,1.17
10843,12146,1171.439709,1.17
10844,619,1295.07,1.17
10844,10838,2699.209868,1.17
10844,10843,1974.702136,1.17
10844,10845,1484.8704,1.17
10844,10849,2031.898201,1.17
10845,620,1307.73,1.17
10845,10844,2032.23191,1.17
10845,12450,1217.938839,1.17
10845,12452,2025.86293,1.17
10845,12453,657.5671395,1.17
10846,621,433.66,1.17
10846,4450,533.2903061,1.17
10846,12454,1026.102981,1.17
10846,12457,719.997409,1.17
10846,12460,584.9258208,1.17
10847,622,632.66,1.17
10847,4458,722.1379472,1.17
10847,4459,625.3846554,1.17
10847,6257,588.6491987,1.17
10847,12465,603.3072367,1.17
10848,623,637.49,1.17
10848,2890,1382.056709,1.17
10848,8551,1801.042506,1.17
10848,10849,1611.563052,1.17
10849,624,1067.24,1.17
10849,8958,1998.841849,1.17
10849,8961,225.3812822,1.17
10849,10844,2676.974821,1.17
10849,10848,1784.182532,1.17
10850,625,1314.16,1.17
10850,4451,1003.802587,1.17
10850,12452,2401.613501,1.17
10850,12498,1733.450917,1.17
10850,12502,2147.165563,1.17
10851,626,1071.55,1.17
10851,4448,525.2165253,1.17
10851,4452,600.5837074,1.17
10851,4454,838.1081497,1.17
10852,627,528.44,1.17
10852,8877,1246.565392,1.17
10852,12459,2098.568465,1.17
10852,12512,1591.094438,1.17
10852,12519,1774.054618,1.17
10853,628,1473.74,1.17
10853,12461,585.3958773,1.17
10853,12466,977.1370584,1.17
10853,12521,654.5882554,1.17
10854,629,362.03,1.17
10854,2890,1528.618096,1.17
10854,3916,797.2225933,1.17
10854,8558,1809.217135,1.17
10854,8957,1077.99933,1.17
10855,630,1747.46,1.17
10855,1988,1969.875956,1.17
10855,8563,2447.800287,1.17
10855,10856,1535.046616,1.17
10855,10860,994.9658801,1.17
10856,631,2110.53,1.17
10856,8566,2829.501334,1.17
10856,8966,1133.085417,1.17
10856,10855,1701.987235,1.17
10856,10861,2029.533935,1.17
10857,632,978.21,1.17
10857,1987,1082.332868,1.17
10857,4516,1780.944406,1.17
10857,8590,2328.770186,1.17
10857,12508,881.7978217,1.17
10858,633,2482.91,1.17
10858,8597,719.9253408,1.17
10858,8971,924.8496435,1.17
10858,12508,1021.877145,1.17
10859,634,1569.48,1.17
10859,6779,523.8860637,1.17
10859,8607,981.7437299,1.17
10859,12100,964.9551908,1.17
10859,12522,604.28,1.17
10860,635,57.01,1.17
10860,10855,1964.333606,1.17
10860,10861,286.5349337,1.17
10860,10867,1154.681832,1.17
10861,636,751.01,1.17
10861,8965,222.8891442,1.17
10861,10856,2096.990372,1.17
10861,10860,359.1198518,1.17
10861,12548,1803.657982,1.17
10862,637,1648.33,1.17
10862,1987,1944.862902,1.17
10862,4515,47.76909313,1.17
10862,10113,2256.567714,1.17
10863,638,1509.96,1.17
10863,1987,2240.170518,1.17
10863,2437,1856.689012,1.17
10863,10869,534.5560233,1.17
10863,12508,1323.216987,1.17
10864,639,700.87,1.17
10864,1993,1789.136588,1.17
10864,2437,2211.630615,1.17
10864,10865,1780.350449,1.17
10864,12517,2338.635189,1.17
10865,640,644.96,1.17
10865,7035,1290.478162,1.17
10865,10864,2584.427978,1.17
10865,10871,1215.692341,1.17
10865,12524,1596.459726,1.17
10866,641,459.87,1.17
10866,10867,1732.15754,1.17
10866,10874,1151.638295,1.17
10866,11110,2012.691017,1.17
10866,12576,794.7609428,1.17
10867,642,409.29,1.17
10867,8575,2047.785824,1.17
10867,10860,2028.524641,1.17
10867,10866,1169.438157,1.17
10867,12548,1814.605364,1.17
10868,643,471.15,1.17
10868,2747,1241.562164,1.17
10868,8972,1592.173941,1.17
10868,10874,1994.216084,1.17
10868,12548,2241.14212,1.17
10869,644,463.65,1.17
10869,1990,550.8570425,1.17
10869,10863,1046.68,1.17
10869,12550,739.1159661,1.17
10870,645,262.31,1.17
10870,1993,160.0290585,1.17
10870,2437,228.2319104,1.17
10871,646,1624.58,1.17
10871,1993,1265.09676,1.17
10871,4446,1196.19656,1.17
10871,7036,1259.769352,1.17
10871,10865,1724.120181,1.17
10872,647,16.55,1.17
10872,8587,2060.262984,1.17
10872,11122,2373.737807,1.17
10873,648,65.28,1.17
10873,12576,1813.10032,1.17
10873,12580,1319.037906,1.17
10873,12981,155.11,1.17
10874,649,756.17,1.17
10874,10866,2038.867468,1.17
10874,10868,1564.646072,1.17
10874,12580,71.96404068,1.17
10875,650,666.07,1.17
10875,8975,491.4675094,1.17
10875,12550,2063.539295,1.17
10875,12551,1279.567125,1.17
10876,651,393.71,1.17
10876,9209,0.0,1.17
10876,10877,513.4045056,1.17
10876,12551,2098.834135,1.17
10876,12587,1810.448214,1.17
10877,652,439.39,1.17
10877,4442,406.9796976,1.17
10877,4444,510.0711604,1.17
10877,4446,729.9627192,1.17
10877,10876,542.2475082,1.17
10878,653,581.9,1.17
10878,10890,72.25,1.17
10878,11128,1660.972067,1.17
10878,12577,1300.352303,1.17
10879,654,579.64,1.17
10879,10885,309.41,1.17
10879,12577,1299.314446,1.17
10879,12582,1491.403807,1.17
10879,12981,339.9650383,1.17
10880,655,1471.69,1.17
10880,2160,1480.457966,1.17
10880,2567,1459.370886,1.17
10880,10886,906.3351312,1.17
10880,12582,1265.00974,1.17
10881,656,849.94,1.17
10881,2128,1080.743183,1.17
10881,2161,1535.333877,1.17
10881,9207,0.0,1.17
10881,9211,942.0537124,1.17
10882,657,785.01,1.17
10882,2127,823.0775082,1.17
10882,4518,412.9977098,1.17
10882,12587,2394.193047,1.17
10882,12589,1548.151193,1.17
10883,658,508.7,1.17
10883,2568,1682.761546,1.17
10883,2569,1185.809594,1.17
10883,7482,1140.391077,1.17
10883,7581,1645.754748,1.17
10884,659,257.04,1.17
10884,10885,1581.837665,1.17
10884,10890,1784.914319,1.17
10884,10891,554.2665632,1.17
10884,12577,672.6925975,1.17
10885,660,497.41,1.17
10885,10879,569.0356047,1.17
10885,10884,1428.712258,1.17
10885,12624,565.7056635,1.17
10885,12626,1550.642229,1.17
10886,661,914.87,1.17
10886,10880,1423.84404,1.17
10886,10887,557.8749629,1.17
10886,12627,453.4257316,1.17
10886,12774,1080.236908,1.17
10887,662,26.69,1.17
10887,2157,491.5826559,1.17
10887,2160,1507.463359,1.17
10887,10886,421.8175082,1.17
10888,663,925.77,1.17
10888,2569,1537.421896,1.17
10888,12590,168.458288,1.17
10888,12594,1339.645015,1.17
10889,664,240.25,1.17
10889,1952,3852.03932,1.17
10889,10623,790.8728978,1.17
10889,10895,2806.72179,1.17
10890,665,320.32,1.17
10890,3902,144.6736839,1.17
10890,10878,145.6557811,1.17
10890,10884,1802.604228,1.17
10890,12616,2295.927198,1.17
10891,666,408.91,1.17
10891,9204,448.83,1.17
10891,9205,1031.193046,1.17
10891,10884,976.5046586,1.17
10891,12624,928.4048635,1.17
10892,667,1482.69,1.17
10892,10893,1623.308823,1.17
10892,10898,1378.963679,1.17
10892,12628,1551.785216,1.17
10892,12774,1525.949393,1.17
10893,668,704.94,1.17
10893,2157,1097.948396,1.17
10893,10892,1401.254612,1.17
10893,10894,1328.21601,1.17
10893,10899,101.31,1.17
10894,669,54.66,1.17
10894,2157,1143.513812,1.17
10894,10893,1190.111956,1.17
10894,12594,2399.799199,1.17
10895,670,855.81,1.17
10895,7670,578.8758578,1.17
10895,10889,3266.772626,1.17
10895,10900,2740.824035,1.17
10896,671,358.55,1.17
10896,3902,1005.667296,1.17
10896,4536,1410.22363,1.17
10896,9204,592.3348542,1.17
10896,11140,1726.536233,1.17
10897,672,674.73,1.17
10897,10903,650.69785,1.17
10897,12624,452.0550383,1.17
10897,12628,2249.419134,1.17
10897,12640,1397.484458,1.17
10898,673,105.68,1.17
10898,1910,1521.303679,1.17
10898,10892,1925.149393,1.17
10898,10899,855.5055827,1.17
10899,674,344.04,1.17
10899,10893,725.1455827,1.17
10899,10898,122.62,1.17
10900,675,171.03,1.17
10900,7483,1332.844144,1.17
10900,10895,3245.270318,1.17
10900,10901,2245.26908,1.17
10901,676,1011.66,1.17
10901,10635,1049.484814,1.17
10901,10900,2438.23021,1.17
10901,10907,1375.613885,1.17
10902,677,163.2,1.17
10902,2225,573.98197,1.17
10902,4537,1467.846265,1.17
10902,10908,106.4260826,1.17
10902,11146,10.48,1.17
10903,678,129.41,1.17
10903,2229,364.88785,1.17
10903,10897,984.663655,1.17
10903,10904,383.9,1.17
10904,679,383.9,1.17
10904,10903,175.91,1.17
10905,680,296.04,1.17
10905,2894,3781.823608,1.17
10905,7483,1027.499696,1.17
10905,10906,2106.130748,1.17
10906,681,111.51,1.17
10906,4532,577.7251171,1.17
10906,7483,731.6596016,1.17
10906,10905,2735.177213,1.17
10906,10907,1920.780024,1.17
10907,682,791.82,1.17
10907,10641,1822.355452,1.17
10907,10901,1833.238957,1.17
10907,10906,1827.801298,1.17
10907,10913,1441.533204,1.17
10908,683,137.22,1.17
10908,2173,224.4024114,1.17
10908,10902,343.6796781,1.17
10908,11152,369.9117591,1.17
10908,12658,45.13608257,1.17
10909,684,118.52,1.17
10909,2173,1186.268399,1.17
10909,2229,1498.607766,1.17
10909,12660,1488.214857,1.17
10910,685,249.5,1.17
10910,2238,446.8189672,1.17
10910,12642,804.4752147,1.17
10910,12660,1744.412948,1.17
10911,686,131.7,1.17
10911,2238,583.1023451,1.17
10911,2239,820.3263917,1.17
10911,10915,1388.640785,1.17
10911,12642,2217.282721,1.17
10912,687,665.66,1.17
10912,2239,560.7599315,1.17
10912,4532,1277.17256,1.17
10912,10913,1449.937115,1.17
10912,11193,769.6986211,1.17
10913,688,1315.18,1.17
10913,10647,1696.053559,1.17
10913,10907,1736.45247,1.17
10913,10912,1428.726719,1.17
10913,11195,1470.174458,1.17
10914,689,63.18,1.17
10914,12660,533.3316411,1.17
10914,12661,330.3608733,1.17
10914,12740,828.9952243,1.17
10915,690,495.98,1.17
10915,2244,1105.278182,1.17
10915,10911,2161.565135,1.17
10915,12661,1082.803264,1.17
10915,12745,1309.406945,1.17
10916,693,560.89,1.17
10916,2153,539.3421919,1.17
10916,2243,162.6478081,1.17
10916,11194,77.54358336,1.17
10916,12749,102.48,1.17
10917,697,1874.42,1.17
10917,7489,1013.776362,1.17
10917,9930,882.3346977,1.17
10917,12750,1555.33,1.17
10917,12752,1227.874281,1.17
10918,520,920.34,1.17
10918,9672,446.7141038,1.17
10918,10749,1003.142542,1.17
10918,10925,1962.181042,1.17
10918,10942,1778.775431,1.17
10919,527,392.15,1.17
10919,10749,497.9931002,1.17
10919,10754,436.9243572,1.17
10919,10925,936.7739164,1.17
10919,11192,533.4231147,1.17
10920,695,0.0,1.17
10920,2399,0.32,1.17
10920,12813,0.08,1.17
10921,696,314.91,1.17
10921,2241,30.49,1.17
10921,2243,408.7335834,1.17
10921,12745,120.108461,1.17
10921,12749,161.7364166,1.17
10922,811,3466.07,1.17
10922,3114,1930.25916,1.17
10922,9648,498.8320287,1.17
10922,11777,747.28,1.17
10923,810,1656.39,1.17
10923,8911,2371.800182,1.17
10923,10924,843.8034848,1.17
10923,12035,1167.683386,1.17
10923,12085,2028.46269,1.17
10924,816,326.0,1.17
10924,9650,895.1925492,1.17
10924,10923,1435.681253,1.17
10924,11013,1144.680631,1.17
10924,11014,2333.566851,1.17
10925,521,2923.54,1.17
10925,9673,0.0,1.17
10925,10750,1691.536655,1.17
10925,10918,1386.673669,1.17
10925,10919,366.6964247,1.17
10926,698,166.59,1.17
10926,2399,0.0,1.17
10926,12813,400.6158787,1.17
10926,12815,535.2676617,1.17
10926,12817,841.3932649,1.17
10927,699,520.36,1.17
10927,12816,515.4043334,1.17
10927,12819,1996.57394,1.17
10927,12821,1592.068819,1.17
10927,12823,452.857643,1.17
10928,700,1380.32,1.17
10928,2253,0.0,1.17
10928,12825,147.75,1.17
10928,12826,1586.419936,1.17
10928,12829,821.0002594,1.17
10929,701,244.96,1.17
10929,2284,690.4862616,1.17
10929,12815,649.5128951,1.17
10929,12890,422.1605792,1.17
10929,12938,590.9490275,1.17
10930,702,228.71,1.17
10930,2284,534.84,1.17
10930,2288,345.5127702,1.17
10930,12892,1100.711287,1.17
10931,704,430.59,1.17
10931,2289,525.777398,1.17
10931,12824,413.7893068,1.17
10931,12895,586.4797483,1.17
10931,12943,209.1526166,1.17
10932,707,885.4,1.17
10932,1827,785.8867618,1.17
10932,2282,671.4139535,1.17
10932,5012,765.1085939,1.17
10932,12937,829.347387,1.17
10933,708,1484.58,1.17
10933,2283,650.288535,1.17
10933,2288,826.991465,1.17
10934,709,1627.97,1.17
10934,2291,1494.64894,1.17
10934,9677,841.3221668,1.17
10934,12944,1451.690657,1.17
10935,710,120.41,1.17
10935,1827,971.0219946,1.17
10935,1829,339.79,1.17
10935,2333,309.87,1.17
10936,711,387.17,1.17
10936,1830,1468.382595,1.17
10936,1831,1522.716164,1.17
10936,4999,281.72,1.17
10937,712,1559.01,1.17
10937,1833,758.8893435,1.17
10937,2296,443.3429924,1.17
10937,2600,652.5215731,1.17
10937,7524,339.4634368,1.17
10938,719,4106.08,1.17
10938,4703,419.6216343,1.17
10938,4810,2231.029661,1.17
10938,9925,2121.182275,1.17
10939,715,747.91,1.17
10939,8868,607.2328329,1.17
10939,9225,275.4043264,1.17
10939,9349,1684.238956,1.17
10940,716,1021.72,1.17
10940,9015,640.2341506,1.17
10940,9017,790.27,1.17
10940,9018,1089.366561,1.17
10941,717,953.27,1.17
10941,3887,2169.851009,1.17
10941,9019,1821.212308,1.17
10941,9059,474.6791919,1.17
10941,9228,628.7984761,1.17
10942,718,85.56,1.17
10942,3888,364.2420107,1.17
10942,9019,2445.0069,1.17
10942,10918,2286.124722,1.17
10943,721,638.45,1.17
10943,5092,471.9615774,1.17
10943,8899,515.3350354,1.17
10943,9056,1247.905951,1.17
10944,722,876.6,1.17
10944,9017,1702.541164,1.17
10944,9056,569.0037493,1.17
10944,9349,1430.927954,1.17
10945,723,1220.29,1.17
10945,9018,161.75,1.17
10945,9057,737.604249,1.17
10945,9059,1447.606256,1.17
10945,11769,1005.384069,1.17
10946,724,540.13,1.17
10946,9019,1301.391584,1.17
10946,9059,1456.459313,1.17
10946,9060,2264.40889,1.17
10947,725,371.19,1.17
10947,3849,2515.626791,1.17
10947,4810,127.49,1.17
10947,4826,1336.883046,1.17
10947,9054,2560.631427,1.17
10948,726,775.21,1.17
10948,4810,2268.131596,1.17
10948,9053,1428.326031,1.17
10948,9054,2218.515173,1.17
10948,9055,2311.319661,1.17
10949,727,306.38,1.17
10949,7618,489.3494653,1.17
10949,8899,59.54778579,1.17
10949,9055,2098.411039,1.17
10949,9058,1919.039295,1.17
10950,728,379.69,1.17
10950,8897,1608.511838,1.17
10950,9057,739.9880855,1.17
10950,9058,1623.586371,1.17
10950,11769,1847.780215,1.17
10951,735,789.52,1.17
10951,3901,435.9817054,1.17
10951,8896,437.1057588,1.17
10951,9085,118.75,1.17
10951,9087,15.87,1.17
10952,731,314.83,1.17
10952,3853,1395.70424,1.17
10952,5860,383.6103706,1.17
10952,7622,1039.780952,1.17
10952,9080,1716.690558,1.17
10953,732,963.78,1.17
10953,4844,0.0,1.17
10953,4931,99.01442815,1.17
10953,7447,1757.04243,1.17
10953,9054,1377.666535,1.17
10954,733,595.28,1.17
10954,6739,2811.661144,1.17
10954,7582,259.47,1.17
10954,8898,2292.671076,1.17
10954,9083,219.229657,1.17
10955,734,206.74,1.17
10955,8897,113.07,1.17
10955,8898,1.57,1.17
10955,9058,227.7234963,1.17
10955,9083,203.7770659,1.17
10956,737,1082.77,1.17
10956,7622,905.4719008,1.17
10956,7646,836.3413568,1.17
10956,7712,2201.580392,1.17
10956,9080,1501.148584,1.17
10957,738,1069.47,1.17
10957,7713,351.5496807,1.17
10957,8259,2095.06515,1.17
10957,9082,1908.244313,1.17
10958,739,357.03,1.17
10958,3894,199.9573017,1.17
10958,7649,545.9475772,1.17
10958,9084,727.873161,1.17
10959,740,1021.92,1.17
10959,3901,1562.302813,1.17
10959,6871,1870.724585,1.17
10959,9084,1748.212144,1.17
10959,9085,1228.172366,1.17
10960,743,1154.69,1.17
10960,9111,2274.861099,1.17
10960,11003,1206.332052,1.17
10960,11005,538.39,1.17
10961,744,899.27,1.17
10961,6881,1375.054882,1.17
10961,8266,1960.585268,1.17
10961,9082,1131.297433,1.17
10961,10966,2277.897966,1.17
10962,745,1012.74,1.17
10962,3895,123.53,1.17
10962,3897,309.41,1.17
10962,3898,381.3181853,1.17
10962,10963,49.34,1.17
10963,746,541.46,1.17
10963,3900,407.1016672,1.17
10963,6877,1376.325351,1.17
10963,9115,2088.127342,1.17
10963,10962,128.8081853,1.17
10964,741,353.81,1.17
10964,9088,1562.719285,1.17
10964,9089,289.1874226,1.17
10964,9671,385.496367,1.17
10964,10278,2119.452236,1.17
10965,749,2062.61,1.17
10965,2416,1400.697661,1.17
10965,8269,385.7632618,1.17
10965,11772,1566.383768,1.17
10966,751,515.43,1.17
10966,10961,1845.835102,1.17
10966,10967,517.37,1.17
10966,12039,2517.417221,1.17
10967,752,435.64,1.17
10967,3910,556.3718178,1.17
10967,10966,241.7727596,1.17
10967,10968,452.5812954,1.17
10968,753,321.17,1.17
10968,9112,288.859697,1.17
10968,10967,405.4745773,1.17
10968,10969,440.9741652,1.17
10968,12040,468.6166688,1.17
10969,754,728.97,1.17
10969,9114,1742.69287,1.17
10969,10968,257.72,1.17
10969,12041,1818.279024,1.17
10970,755,666.21,1.17
10970,7109,1941.85,1.17
10970,10975,2601.221763,1.17
10971,756,1103.4,1.17
10971,10972,1827.283803,1.17
10971,12038,2043.681811,1.17
10971,12039,1742.231379,1.17
10971,12394,3128.830866,1.17
10972,757,1192.36,1.17
10972,3911,197.6648048,1.17
10972,6911,2106.5006,1.17
10972,10971,1844.623366,1.17
10973,758,944.86,1.17
10973,3915,509.531274,1.17
10973,12040,1724.293216,1.17
10973,12041,2093.252766,1.17
10974,759,481.35,1.17
10974,3917,113.35,1.17
10974,12041,1865.484866,1.17
10974,12043,1767.629875,1.17
10975,760,951.38,1.17
10975,7522,1899.532302,1.17
10975,10970,1983.1,1.17
10975,12235,2511.457495,1.17
10975,12403,1481.027455,1.17
10976,761,1998.54,1.17
10976,7522,1864.150419,1.17
10976,10981,521.2592919,1.17
10976,12235,1324.719063,1.17
10977,762,2091.41,1.17
10977,3915,259.61,1.17
10977,6983,857.6869731,1.17
10977,12091,1022.338051,1.17
10978,763,709.55,1.17
10978,3917,141.72,1.17
10978,12091,817.5404811,1.17
10978,12092,821.7841773,1.17
10979,764,1459.3,1.17
10979,10158,1421.829678,1.17
10979,10980,2210.993414,1.17
10979,10984,567.6351212,1.17
10979,12305,1857.453046,1.17
10980,765,341.03,1.17
10980,4011,783.3340384,1.17
10980,10979,1981.922032,1.17
10980,12235,3001.565273,1.17
10981,766,2750.17,1.17
10981,10976,225.09,1.17
10981,12237,614.4254227,1.17
10981,12239,1434.56,1.17
10982,767,1405.65,1.17
10982,3937,1219.249371,1.17
10982,7558,495.0336802,1.17
10982,7583,703.1485614,1.17
10982,12241,1317.331989,1.17
10983,768,451.54,1.17
10983,3933,335.5208162,1.17
10983,7584,1954.660823,1.17
10983,12242,2197.019478,1.17
10984,769,529.52,1.17
10984,4011,334.78,1.17
10984,10979,308.9205148,1.17
10984,10985,552.0151212,1.17
10985,770,2209.99,1.17
10985,10984,187.4605148,1.17
10985,12237,847.0382659,1.17
10985,12306,833.2245823,1.17
10986,771,3726.32,1.17
10986,3938,959.6616576,1.17
10986,10987,961.4483424,1.17
10987,772,608.63,1.17
10987,10986,1921.24,1.17
10987,11050,2835.915964,1.17
10987,12241,2857.247912,1.17
10988,773,287.84,1.17
10988,8775,684.248557,1.17
10988,8927,126.5253665,1.17
10988,9006,1092.510672,1.17
10989,774,1159.15,1.17
10989,8774,873.0280701,1.17
10989,8904,1480.079595,1.17
10989,9008,736.5871821,1.17
10989,9044,1262.597934,1.17
10990,776,1002.12,1.17
10990,3847,2191.772414,1.17
10990,8870,0.0,1.17
10990,9013,1283.84,1.17
10991,779,677.43,1.17
10991,4962,867.9301925,1.17
10991,9042,757.7450748,1.17
10991,9665,240.48,1.17
10992,780,151.89,1.17
10992,3857,770.0146675,1.17
10992,4964,598.5225054,1.17
10992,8905,1182.699541,1.17
10992,9042,314.05,1.17
10993,781,778.34,1.17
10993,8904,0.0,1.17
10993,8907,43.81,1.17
10993,9044,1114.834232,1.17
10993,9046,1902.573078,1.17
10994,782,846.09,1.17
10994,8906,182.4141563,1.17
10994,9048,1964.686979,1.17
10994,9049,2716.477311,1.17
10995,783,399.42,1.17
10995,3841,254.6212779,1.17
10995,3843,528.2687221,1.17
10995,3844,116.41,1.17
10996,784,163.54,1.17
10996,3857,90.83,1.17
10996,3859,354.9239855,1.17
10997,785,738.68,1.17
10997,3860,151.89,1.17
10997,3861,67.01,1.17
10997,3863,358.04,1.17
10998,786,3053.48,1.17
10998,3864,1613.689739,1.17
10998,9049,2211.625059,1.17
10998,10999,1500.499387,1.17
10999,787,718.22,1.17
10999,3855,2115.015283,1.17
10999,3856,61.58,1.17
10999,9050,67.98410446,1.17
10999,10998,1412.03424,1.17
11000,788,331.08,1.17
11000,8921,883.4116515,1.17
11000,8925,367.9043863,1.17
11000,9077,672.9332477,1.17
11000,11001,1331.65972,1.17
11001,793,253.17,1.17
11001,8910,2112.636525,1.17
11001,8922,1673.846327,1.17
11001,11000,401.0,1.17
11001,11773,2201.791463,1.17
11002,791,790.0,1.17
11002,2417,1943.708685,1.17
11002,5980,1625.830108,1.17
11002,12088,1914.331606,1.17
11003,792,1680.89,1.17
11003,9080,1249.342339,1.17
11003,10960,1376.425173,1.17
11003,11005,84.71,1.17
11004,795,294.72,1.17
11004,5980,446.7043803,1.17
11004,11774,1865.71817,1.17
11004,11776,1757.408186,1.17
11004,11778,2078.330445,1.17
11005,796,801.85,1.17
11005,2418,906.18,1.17
11005,10960,1374.285917,1.17
11005,11003,411.9102865,1.17
11006,797,2184.78,1.17
11006,2337,1561.684098,1.17
11006,4933,1464.370031,1.17
11006,8430,1655.811368,1.17
11006,9149,3365.281189,1.17
11007,798,243.86,1.17
11007,7430,49.58,1.17
11007,10279,391.58,1.17
11008,804,1125.26,1.17
11008,8911,438.2456264,1.17
11008,12036,1553.195326,1.17
11008,12037,2411.705451,1.17
11009,813,486.96,1.17
11009,3876,402.6161445,1.17
11009,3877,426.7938555,1.17
11010,808,911.56,1.17
11010,8917,144.3649902,1.17
11010,8918,500.4976129,1.17
11010,9668,636.4463397,1.17
11010,11012,442.3003027,1.17
11011,809,755.99,1.17
11011,3874,305.2099021,1.17
11011,8918,3051.644291,1.17
11011,11013,1191.604029,1.17
11012,814,474.91,1.17
11012,3874,2728.583385,1.17
11012,8916,1183.104912,1.17
11012,11010,326.17,1.17
11012,11779,343.2136139,1.17
11013,815,656.35,1.17
11013,3874,815.5950098,1.17
11013,9649,1837.823468,1.17
11013,10924,2070.372476,1.17
11013,11011,2121.660533,1.17
11014,817,784.99,1.17
11014,8508,573.6299656,1.17
11014,10924,1496.708838,1.17
11014,12085,2572.064542,1.17
11015,819,522.42,1.17
11015,3877,278.06,1.17
11015,6370,1964.816397,1.17
11015,8506,711.16,1.17
11015,12302,1120.844705,1.17
11016,825,1468.35,1.17
11016,6370,421.8364715,1.17
11016,8506,837.0050327,1.17
11016,8915,847.2450377,1.17
11016,11787,847.2376049,1.17
11017,822,1404.98,1.17
11017,8507,914.2449077,1.17
11017,11780,1742.822726,1.17
11017,12303,2651.441158,1.17
11018,827,28.65,1.17
11018,2748,378.0794655,1.17
11018,12174,72.75,1.17
11018,12205,8.56,1.17
11019,828,63.77,1.17
11019,4929,318.2146265,1.17
11019,8929,484.6009946,1.17
11019,12168,614.6626577,1.17
11019,12173,20.49,1.17
11020,829,1501.53,1.17
11020,3833,1233.052926,1.17
11020,8777,905.3250541,1.17
11020,8927,537.3899865,1.17
11021,830,22.2,1.17
11021,12172,803.0862073,1.17
11021,12200,0.6,1.17
11021,12202,453.9455241,1.17
11022,831,67.37,1.17
11022,3837,917.55014,1.17
11022,4935,1429.490576,1.17
11022,12167,1203.599694,1.17
11022,12168,1367.309298,1.17
11023,832,122.25,1.17
11023,2192,1136.042702,1.17
11023,2330,1099.593608,1.17
11023,3870,281.8667601,1.17
11023,9666,934.9958767,1.17
11024,833,0.25,1.17
11024,12170,1285.528154,1.17
11024,12195,114.89,1.17
11024,12198,832.610575,1.17
11025,834,341.21,1.17
11025,2478,1207.470106,1.17
11025,8923,1657.972783,1.17
11025,9651,342.4812285,1.17
11025,11029,884.4689848,1.17
11026,835,633.01,1.17
11026,2192,968.368627,1.17
11026,3867,134.32,1.17
11026,8919,906.6864359,1.17
11026,8924,207.21,1.17
11027,836,649.27,1.17
11027,3878,547.9946283,1.17
11027,12194,788.0500214,1.17
11027,12566,266.2729809,1.17
11028,837,3.29,1.17
11028,2480,655.3792975,1.17
11028,4955,1001.774624,1.17
11028,11029,849.1688038,1.17
11028,12195,784.9091826,1.17
11029,838,35.07,1.17
11029,4933,1081.4386,1.17
11029,11025,690.7494264,1.17
11029,11028,576.7779787,1.17
11029,12161,942.0918399,1.17
11030,839,1550.77,1.17
11030,6630,2182.645178,1.17
11030,12585,381.9680039,1.17
11031,840,331.7,1.17
11031,2481,866.6462802,1.17
11031,3879,1030.186691,1.17
11031,12159,690.9246399,1.17
11031,12176,479.7413408,1.17
11032,841,1431.37,1.17
11032,3882,226.23,1.17
11032,8493,1956.091124,1.17
11032,9670,904.0495047,1.17
11032,12159,816.0164174,1.17
11033,842,510.02,1.17
11033,2344,164.4186724,1.17
11033,2352,391.3501286,1.17
11033,12607,661.8245156,1.17
11034,843,843.66,1.17
11034,2358,272.8232816,1.17
11034,8494,926.7270765,1.17
11034,12155,695.8498131,1.17
11035,846,681.19,1.17
11035,3882,1263.54463,1.17
11035,8505,2040.829996,1.17
11035,12158,1437.932561,1.17
11036,851,570.56,1.17
11036,2262,58.08,1.17
11036,11037,419.5977795,1.17
11036,12803,648.0518281,1.17
11036,12886,575.90302,1.17
11037,852,111.67,1.17
11037,2881,611.1177795,1.17
11037,11036,129.41,1.17
11037,12887,31.96,1.17
11038,853,45.96,1.17
11038,12742,883.5952199,1.17
11038,12808,816.608309,1.17
11038,12811,433.5015262,1.17
11038,12813,799.7279428,1.17
11039,848,305.71,1.17
11039,2261,345.9453739,1.17
11039,12738,2520.615554,1.17
11039,12803,1934.293463,1.17
11040,849,106.97,1.17
11040,2257,308.0026641,1.17
11040,2258,8.02,1.17
11040,12804,460.0768391,1.17
11041,850,264.26,1.17
11041,2257,260.1153739,1.17
11041,12740,2580.509929,1.17
11041,12742,564.38,1.17
11041,12744,851.579459,1.17
11042,962,414.44,1.17
11042,2878,2515.11839,1.17
11042,4562,70.63,1.17
11042,4573,0.0,1.17
11042,9884,1679.325352,1.17
11043,963,1208.06,1.17
11043,4561,98.77528721,1.17
11043,12656,236.1803673,1.17
11044,964,501.87,1.17
11044,11152,232.42,1.17
11044,12657,338.6,1.17
11044,12658,310.4239083,1.17
11045,854,772.95,1.17
11045,8280,2009.140848,1.17
11045,11051,975.4856819,1.17
11045,11155,1357.612427,1.17
11045,12193,1509.284623,1.17
11046,855,1516.07,1.17
11046,2689,2704.985979,1.17
11046,9773,1699.364757,1.17
11046,9774,903.2828399,1.17
11046,12352,303.1903974,1.17
11047,856,1026.56,1.17
11047,2689,2026.928239,1.17
11047,3943,486.1844828,1.17
11047,11048,2279.68644,1.17
11047,12306,1765.178706,1.17
11048,857,1602.76,1.17
11048,3944,119.75,1.17
11048,9770,1831.03644,1.17
11048,11047,1933.099347,1.17
11049,858,2097.12,1.17
11049,3950,3364.302993,1.17
11049,9770,1651.455663,1.17
11049,11056,795.69,1.17
11049,12307,3210.234458,1.17
11050,859,0.0,1.17
11050,10987,2806.147912,1.17
11050,11056,1459.144815,1.17
11050,12307,1376.771148,1.17
11051,860,447.92,1.17
11051,4486,1023.495509,1.17
11051,11045,1135.279141,1.17
11051,12350,1117.249577,1.17
11051,12352,554.2475877,1.17
11052,861,317.8,1.17
11052,2336,840.7449491,1.17
11052,4486,428.3338831,1.17
11052,12352,825.5550677,1.17
11053,862,1417.21,1.17
11053,2690,861.7085075,1.17
11053,11059,730.9362547,1.17
11053,12353,699.5430151,1.17
11054,863,758.6,1.17
11054,3944,731.0249945,1.17
11054,4478,419.8421651,1.17
11054,11055,522.7127356,1.17
11054,11060,210.73,1.17
11055,864,2815.27,1.17
11055,3488,2787.846563,1.17
11055,3950,3203.578643,1.17
11055,11054,597.3761776,1.17
11056,865,10.17,1.17
11056,3956,2250.254815,1.17
11056,11049,1492.913066,1.17
11056,11050,1729.335878,1.17
11057,866,86.15,1.17
11057,4486,1412.550441,1.17
11057,7627,950.9025815,1.17
11057,11063,1111.40035,1.17
11057,11069,636.9990556,1.17
11058,867,133.1,1.17
11058,2336,228.47,1.17
11058,11059,111.8520857,1.17
11058,11064,246.4033418,1.17
11059,868,444.6,1.17
11059,9768,1004.112913,1.17
11059,11053,1412.239709,1.17
11059,11058,23.46,1.17
11060,869,321.37,1.17
11060,3514,940.2350397,1.17
11060,11054,616.1270703,1.17
11060,12353,568.1631197,1.17
11061,870,653.55,1.17
11061,3504,1514.723734,1.17
11061,3941,824.2648257,1.17
11061,12355,1924.76456,1.17
11062,871,610.69,1.17
11062,3941,66.02204112,1.17
11062,11068,1596.921495,1.17
11062,12355,2723.532949,1.17
11062,12387,463.5172978,1.17
11063,872,276.73,1.17
11063,4084,0.0,1.17
11063,11057,942.2193342,1.17
11063,11064,975.5903497,1.17
11064,873,606.52,1.17
11064,2335,299.73,1.17
11064,3935,1240.908264,1.17
11064,11058,212.1754274,1.17
11064,11063,710.7393342,1.17
11065,874,485.01,1.17
11065,3935,1506.23023,1.17
11065,9768,2087.314101,1.17
11065,11071,1667.9899,1.17
11065,11072,1329.844925,1.17
11066,875,81.85,1.17
11066,4475,346.0356382,1.17
11066,9769,545.1532287,1.17
11066,11072,448.1133414,1.17
11067,876,190.71,1.17
11067,4475,360.3566935,1.17
11067,9766,754.9236721,1.17
11067,11068,356.4240072,1.17
11067,11073,684.749365,1.17
11068,877,577.79,1.17
11068,4472,1664.620602,1.17
11068,7292,150.46,1.17
11068,11062,2250.947945,1.17
11068,11067,263.8377737,1.17
11069,878,1655.97,1.17
11069,4084,1222.213311,1.17
11069,4488,872.937643,1.17
11069,9932,1325.830531,1.17
11069,11057,488.93,1.17
11070,879,1187.86,1.17
11070,2335,39.24537414,1.17
11070,4489,1495.366244,1.17
11070,11071,1835.309935,1.17
11071,880,973.24,1.17
11071,3932,1472.148536,1.17
11071,9765,1425.304704,1.17
11071,11065,1353.547038,1.17
11071,11070,1548.536244,1.17
11072,881,692.88,1.17
11072,3932,955.833608,1.17
11072,3959,2368.003488,1.17
11072,11065,1190.28468,1.17
11072,11066,751.3345926,1.17
11073,882,2284.21,1.17
11073,3963,1836.180524,1.17
11073,11067,657.7727091,1.17
11073,11074,1685.778034,1.17
11073,11079,374.29,1.17
11074,883,363.68,1.17
11074,2694,1721.158967,1.17
11074,4472,1853.950835,1.17
11074,11073,1933.165137,1.17
11074,12228,1423.795737,1.17
11075,884,1460.7,1.17
11075,4087,1723.129215,1.17
11075,12429,2091.577374,1.17
11076,885,1496.27,1.17
11076,9764,399.1475374,1.17
11076,11077,2285.510917,1.17
11076,11082,321.6813846,1.17
11076,12429,1863.911649,1.17
11077,886,1928.99,1.17
11077,9765,951.1513573,1.17
11077,11076,2298.313034,1.17
11077,12432,2441.356684,1.17
11077,12434,1565.041438,1.17
11078,887,587.77,1.17
11078,3932,985.282737,1.17
11078,11084,160.610328,1.17
11078,12432,2297.288923,1.17
11078,12438,3163.59059,1.17
11079,888,1147.53,1.17
11079,2700,745.3014185,1.17
11079,4493,396.4632539,1.17
11079,11073,544.1717849,1.17
11080,889,799.85,1.17
11080,2698,2749.059217,1.17
11080,2753,1744.681126,1.17
11080,3928,1093.082729,1.17
11080,4495,1543.228234,1.17
11081,890,245.05,1.17
11081,4087,376.8028831,1.17
11081,11087,168.67,1.17
11082,891,452.3,1.17
11082,8509,2558.273796,1.17
11082,11076,466.914133,1.17
11082,12427,1771.161771,1.17
11083,892,892.66,1.17
11083,8509,2112.929105,1.17
11083,11089,1070.443832,1.17
11083,12434,3044.567137,1.17
11084,893,668.76,1.17
11084,4502,736.1574267,1.17
11084,11078,550.9226944,1.17
11084,12435,2720.235494,1.17
11084,12439,2750.89183,1.17
11085,894,1097.69,1.17
11085,2743,521.1714158,1.17
11085,11091,1753.572602,1.17
11085,12439,2528.775825,1.17
11086,895,1011.22,1.17
11086,2750,1280.902341,1.17
11086,2814,1439.614402,1.17
11086,3919,1180.091283,1.17
11086,11092,1508.907116,1.17
11087,896,479.34,1.17
11087,11081,283.9928831,1.17
11087,12425,1501.263864,1.17
11087,12426,1680.450116,1.17
11088,897,445.68,1.17
11088,3562,399.6587178,1.17
11088,4498,214.84,1.17
11088,8509,400.0014118,1.17
11088,11089,490.6612377,1.17
11089,898,735.79,1.17
11089,3551,1335.354741,1.17
11089,11083,1591.37698,1.17
11089,11088,203.35,1.17
11089,11090,443.1194812,1.17
11090,899,759.08,1.17
11090,3530,639.8503289,1.17
11090,3617,51.73,1.17
11090,11089,597.9142625,1.17
11090,12435,423.2324444,1.17
11091,900,583.98,1.17
11091,2750,1818.079149,1.17
11091,3918,287.1959462,1.17
11091,11085,1908.554248,1.17
11092,901,363.71,1.17
11092,2862,427.9339247,1.17
11092,3920,320.7378234,1.17
11092,8552,2211.543654,1.17
11092,11086,1362.672341,1.17
11093,902,578.59,1.17
11093,4497,1398.990855,1.17
11093,7294,590.0680203,1.17
11093,9809,553.74,1.17
11094,903,748.09,1.17
11094,3562,361.1665298,1.17
11094,11101,1830.05816,1.17
11094,12482,2352.907816,1.17
11095,904,626.48,1.17
11095,3617,417.1579036,1.17
11095,11101,2181.312715,1.17
11095,12485,2841.157336,1.17
11096,905,501.68,1.17
11096,3168,3537.89817,1.17
11096,4502,534.6425835,1.17
11096,12485,2826.315784,1.17
11097,906,512.47,1.17
11097,3626,256.28,1.17
11097,3998,706.9853136,1.17
11097,11098,492.4356465,1.17
11098,907,514.04,1.17
11098,3452,2068.912333,1.17
11098,3631,2171.537276,1.17
11098,3916,914.9618879,1.17
11098,11097,536.7393674,1.17
11099,908,1635.85,1.17
11099,3132,1214.914824,1.17
11099,3573,948.657265,1.17
11099,9982,1548.216027,1.17
11099,12481,1740.168197,1.17
11100,909,833.83,1.17
11100,3154,1301.370491,1.17
11100,3567,1592.081703,1.17
11100,11106,426.08,1.17
11100,12482,528.1665298,1.17
11101,910,1581.36,1.17
11101,3154,809.7753986,1.17
11101,3551,950.548573,1.17
11101,11094,1928.498469,1.17
11101,11095,2606.347061,1.17
11102,911,1319.82,1.17
11102,2899,750.5220842,1.17
11102,3982,1279.925479,1.17
11102,12485,1341.165814,1.17
11102,12539,1104.463798,1.17
11103,912,3441.18,1.17
11103,4504,1006.439914,1.17
11103,4506,366.69,1.17
11103,7081,352.9300856,1.17
11103,12910,0.0,1.17
11104,913,2211.98,1.17
11104,7297,2041.72569,1.17
11104,8570,2225.249748,1.17
11104,8614,801.2301519,1.17
11104,11110,1145.261031,1.17
11105,914,2348.49,1.17
11105,3132,453.7636697,1.17
11105,9892,2960.824983,1.17
11105,9988,1645.95987,1.17
11105,11111,802.8245214,1.17
11106,915,2892.07,1.17
11106,8610,1516.321444,1.17
11106,9892,3775.304278,1.17
11106,11100,764.6545127,1.17
11106,11107,2120.821643,1.17
11107,916,1823.71,1.17
11107,3154,2450.996373,1.17
11107,11106,1731.741788,1.17
11107,12535,629.9173658,1.17
11107,12537,2607.640468,1.17
11108,917,939.31,1.17
11108,4030,2015.235637,1.17
11108,8582,1033.508113,1.17
11108,11114,641.3454507,1.17
11108,12535,1388.454558,1.17
11109,918,4766.37,1.17
11109,7079,1676.957776,1.17
11109,11110,875.815411,1.17
11109,11115,328.1049923,1.17
11110,919,320.0,1.17
11110,10866,1603.374025,1.17
11110,11104,958.1343458,1.17
11110,11109,1639.879769,1.17
11110,11116,713.5997204,1.17
11111,920,1211.41,1.17
11111,4036,301.5466656,1.17
11111,8503,1222.001184,1.17
11111,11105,844.8322591,1.17
11112,921,575.14,1.17
11112,3119,1116.74948,1.17
11112,3639,269.6579891,1.17
11112,4048,121.2121595,1.17
11113,922,215.23,1.17
11113,3524,434.9691523,1.17
11113,4091,0.0,1.17
11113,11114,403.06,1.17
11113,12535,1826.362607,1.17
11114,923,594.11,1.17
11114,7551,820.8154507,1.17
11114,11108,1087.395712,1.17
11114,11113,287.323749,1.17
11115,924,336.93,1.17
11115,11109,508.2541586,1.17
11115,11116,324.8949923,1.17
11115,12572,31.94,1.17
11116,925,324.27,1.17
11116,11110,993.1304004,1.17
11116,11115,400.1038261,1.17
11116,11122,932.9344133,1.17
11117,926,546.78,1.17
11117,3641,1477.667352,1.17
11117,4570,28.96215949,1.17
11117,7553,186.5778756,1.17
11117,11118,1689.159463,1.17
11118,927,655.71,1.17
11118,3639,725.0740077,1.17
11118,3693,1539.614032,1.17
11118,6700,230.0679891,1.17
11118,11117,1432.395638,1.17
11119,928,682.06,1.17
11119,3524,1070.416766,1.17
11119,4118,1325.227406,1.17
11119,4418,1523.083969,1.17
11119,4564,254.02,1.17
11120,929,1026.6,1.17
11120,3197,1975.652562,1.17
11120,3694,1379.218254,1.17
11120,7551,1608.42647,1.17
11120,11126,780.1580055,1.17
11121,930,619.65,1.17
11121,4424,1.41,1.17
11121,5942,859.6312107,1.17
11121,11126,570.0472506,1.17
11122,931,1832.08,1.17
11122,3226,620.24,1.17
11122,10872,2036.372984,1.17
11122,11116,1364.403927,1.17
11122,12572,1085.617121,1.17
11123,932,267.56,1.17
11123,3742,150.43,1.17
11123,4570,98.28,1.17
11123,7300,128.46,1.17
11124,933,1022.99,1.17
11124,5069,309.01,1.17
11124,7300,428.4457367,1.17
11124,12562,651.8252563,1.17
11125,934,696.18,1.17
11125,4420,877.3523534,1.17
11125,4466,274.59,1.17
11125,4564,637.1104639,1.17
11125,7298,499.576821,1.17
11125,7299,250.16,1.17
11126,935,434.46,1.17
11126,3804,556.8878405,1.17
11126,4463,564.810328,1.17
11126,11120,2130.231915,1.17
11126,11121,600.3969017,1.17
11127,936,484.39,1.17
11127,3208,2141.355,1.17
11127,3885,1773.166555,1.17
11127,6758,17.28,1.17
11128,937,834.57,1.17
11128,3226,2218.029718,1.17
11128,10878,1168.762303,1.17
11128,12571,0.0,1.17
11128,12616,560.59,1.17
11129,938,212.26,1.17
11129,3814,1415.923257,1.17
11129,3881,1.19,1.17
11129,5067,406.58,1.17
11129,11130,1136.436396,1.17
11130,939,414.88,1.17
11130,3832,1131.706396,1.17
11130,3883,527.7819017,1.17
11130,11129,1182.093257,1.17
11130,12606,1010.391366,1.17
11131,940,774.25,1.17
11131,3884,50.74,1.17
11131,4465,698.7719769,1.17
11131,4496,1199.998778,1.17
11131,11132,1675.224092,1.17
11132,941,376.81,1.17
11132,3885,1920.176396,1.17
11132,4463,1463.899376,1.17
11132,6754,623.3584263,1.17
11132,11131,1631.100352,1.17
11133,942,722.86,1.17
11133,3889,1600.279537,1.17
11133,6481,31.05,1.17
11133,6758,45.28,1.17
11133,12613,2150.297251,1.17
11134,943,314.31,1.17
11134,3893,90.08,1.17
11134,6696,522.3571627,1.17
11134,12613,612.5351545,1.17
11135,944,405.79,1.17
11135,3909,1508.781008,1.17
11135,5072,7.18,1.17
11135,5468,7.33,1.17
11135,12608,1017.575213,1.17
11136,945,372.11,1.17
11136,5513,1678.110722,1.17
11136,5907,745.0123318,1.17
11136,6462,114.8081377,1.17
11137,946,529.87,1.17
11137,3842,1807.773471,1.17
11137,3884,238.27,1.17
11137,4707,1587.1183,1.17
11137,5775,39.15,1.17
11138,947,339.95,1.17
11138,3842,1522.4383,1.17
11138,3889,1781.264049,1.17
11138,6480,991.2849065,1.17
11138,6754,1521.983576,1.17
11139,948,673.0,1.17
11139,4546,398.6424852,1.17
11139,6696,27.41,1.17
11139,11140,1332.008515,1.17
11139,12637,1471.725319,1.17
11140,949,321.68,1.17
11140,6697,1241.770764,1.17
11140,10896,1504.70993,1.17
11140,11139,1094.469804,1.17
11141,950,560.44,1.17
11141,3908,1819.381086,1.17
11141,5907,1841.653345,1.17
11141,11142,2202.879032,1.17
11141,11147,656.6928496,1.17
11142,951,766.53,1.17
11142,6193,2248.469032,1.17
11142,6634,0.0,1.17
11142,11141,1994.941603,1.17
11143,952,385.96,1.17
11143,6193,1950.451603,1.17
11143,6474,251.6463428,1.17
11143,6567,2222.852689,1.17
11143,6633,0.0,1.17
11144,953,610.18,1.17
11144,3211,1802.935844,1.17
11144,11145,1298.825509,1.17
11144,12635,171.8550935,1.17
11144,12843,2003.457411,1.17
11145,954,1016.18,1.17
11145,3211,182.82,1.17
11145,3906,530.2993372,1.17
11145,11144,554.8150935,1.17
11145,12637,720.1761718,1.17
11146,955,1487.51,1.17
11146,4545,1303.037671,1.17
11146,4551,154.5780659,1.17
11146,10902,8.61,1.17
11146,11152,234.71,1.17
11147,956,274.19,1.17
11147,6632,445.7567327,1.17
11147,6755,338.4455662,1.17
11147,11141,1410.714546,1.17
11147,11148,1271.981787,1.17
11148,957,211.24,1.17
11148,4566,1239.464603,1.17
11148,6756,780.2633717,1.17
11148,7068,27.15,1.17
11148,11147,2004.485463,1.17
11149,958,223.66,1.17
11149,2882,747.92,1.17
11149,7068,28.35,1.17
11149,11151,287.6732045,1.17
11149,12635,1449.668563,1.17
11150,959,371.33,1.17
11150,4553,106.12,1.17
11150,4562,54.01,1.17
11150,11151,482.99,1.17
11151,960,689.27,1.17
11151,3211,266.62,1.17
11151,4552,538.91,1.17
11151,11149,55.57,1.17
11151,11150,278.73,1.17
11152,961,300.97,1.17
11152,4551,117.9109351,1.17
11152,10908,206.4685032,1.17
11152,11044,20.22,1.17
11152,11146,751.1776705,1.17
11153,971,147.93,1.17
11153,2366,223.3765284,1.17
11153,3886,1181.993407,1.17
11153,6326,775.9051495,1.17
11153,6339,1882.201802,1.17
11154,969,1387.63,1.17
11154,9795,793.514814,1.17
11154,11787,510.7277945,1.17
11154,12347,2168.690288,1.17
11155,970,2819.42,1.17
11155,8913,523.4773672,1.17
11155,11045,1426.142087,1.17
11155,12350,1320.61914,1.17
11156,973,1244.24,1.17
11156,6340,1333.389072,1.17
11156,6350,1823.554446,1.17
11156,9784,673.3597751,1.17
11156,9791,2086.988745,1.17
11157,975,752.8,1.17
11157,9786,125.18,1.17
11157,9787,1653.606773,1.17
11157,9789,104.3,1.17
11157,12348,2272.622525,1.17
11158,6345,490.8305988,1.17
11158,12349,3540.853547,1.17
11158,12375,2620.440901,1.17
11159,982,2241.72,1.17
11159,6357,1171.753272,1.17
11159,6360,2031.312048,1.17
11159,9775,1303.680591,1.17
11159,12412,1775.691599,1.17
11160,6362,1226.450828,1.17
11160,9779,1965.480881,1.17
11160,12418,1125.55105,1.17
11160,12420,2108.668646,1.17
11161,985,1892.24,1.17
11161,6362,5.73,1.17
11161,9888,1089.093962,1.17
11161,12420,1501.475902,1.17
11162,988,23.95,1.17
11162,6359,53.37,1.17
11162,6371,948.3070532,1.17
11162,11163,1521.348087,1.17
11162,11168,366.3087263,1.17
11163,989,548.33,1.17
11163,11162,1279.355779,1.17
11163,11169,898.8342204,1.17
11163,12412,1169.676909,1.17
11163,12415,1760.296246,1.17
11164,990,1641.49,1.17
11164,6361,665.820743,1.17
11164,12412,834.0727164,1.17
11164,12415,1031.551029,1.17
11165,991,502.05,1.17
11165,2891,2595.944849,1.17
11165,12416,1926.946158,1.17
11165,12418,914.3648916,1.17
11166,992,463.1,1.17
11166,2891,1551.779981,1.17
11166,11167,3000.33147,1.17
11166,12418,1006.511386,1.17
11166,12420,929.8743143,1.17
11166,12478,1059.785824,1.17
11167,993,257.66,1.17
11167,11166,2607.682986,1.17
11167,12423,1127.6353,1.17
11167,12425,2037.72617,1.17
11168,994,181.44,1.17
11168,6373,558.2594602,1.17
11168,11162,341.3466848,1.17
11168,11169,568.0651008,1.17
11169,995,303.87,1.17
11169,2900,852.7199043,1.17
11169,11163,897.5581763,1.17
11169,11168,249.1807339,1.17
11170,996,530.06,1.17
11170,3591,1261.249802,1.17
11170,11171,111.98,1.17
11170,12415,1495.856563,1.17
11171,997,355.09,1.17
11171,3585,713.995705,1.17
11171,11170,138.582894,1.17
11171,12416,364.2932618,1.17
11172,998,922.32,1.17
11172,6392,848.2804865,1.17
11172,11177,181.9,1.17
11172,12478,1580.970309,1.17
11173,999,206.03,1.17
11173,7293,1242.531085,1.17
11173,8495,303.0426756,1.17
11174,1000,907.54,1.17
11174,6373,1287.155339,1.17
11174,6387,1343.346053,1.17
11174,7544,447.4966731,1.17
11174,11221,194.04,1.17
11175,1001,767.25,1.17
11175,2901,338.4922918,1.17
11175,2903,1250.331966,1.17
11176,1002,1670.18,1.17
11176,3591,1014.563099,1.17
11176,12469,847.9392674,1.17
11177,1003,510.08,1.17
11177,6390,435.7289574,1.17
11177,6392,371.6907994,1.17
11177,11172,407.2756651,1.17
11177,12474,390.6867074,1.17
11178,1004,715.35,1.17
11178,6392,568.9825187,1.17
11178,8495,154.5114583,1.17
11178,9810,549.641587,1.17
11178,12475,724.4415669,1.17
11179,1005,406.88,1.17
11179,9809,1086.603714,1.17
11179,9977,2941.074858,1.17
11179,11185,716.0325255,1.17
11179,12475,2126.724474,1.17
11180,1006,427.09,1.17
11180,2505,1492.524689,1.17
11180,6387,2272.989037,1.17
11180,10035,0.0,1.17
11181,1007,318.1,1.17
11181,6387,1463.537512,1.17
11181,7544,156.17,1.17
11181,12467,1880.519469,1.17
11181,12526,310.6980414,1.17
11182,1008,484.95,1.17
11182,8500,739.6003022,1.17
11182,12528,747.7455548,1.17
11183,1009,745.05,1.17
11183,8498,482.678547,1.17
11183,9904,499.031453,1.17
11184,1010,762.98,1.17
11184,9805,610.7804483,1.17
11184,11185,864.6762839,1.17
11184,12475,718.6808519,1.17
11185,1011,221.8,1.17
11185,9803,516.1626215,1.17
11185,11179,1090.996416,1.17
11185,11184,739.7838164,1.17
11186,1012,339.13,1.17
11186,12525,612.1596702,1.17
11186,12526,430.6393924,1.17
11186,12529,1202.55595,1.17
11187,1013,1132.74,1.17
11187,6406,2190.424433,1.17
11187,12529,2142.81507,1.17
11187,12555,1037.103317,1.17
11188,1014,1530.48,1.17
11188,4036,2289.277153,1.17
11188,9803,1000.090072,1.17
11188,12531,674.3725269,1.17
11188,12559,380.7853045,1.17
11189,268,54.93,1.17
11189,9038,0.5,1.17
11189,9039,102.97,1.17
11189,9075,0.0,1.17
11190,532,867.36,1.17
11190,10749,1281.860873,1.17
11190,10758,1813.181473,1.17
11190,11192,663.5426047,1.17
11191,539,207.83,1.17
11191,7637,2140.348935,1.17
11191,9095,721.3599495,1.17
11191,10763,2024.376001,1.17
11191,11192,916.7623759,1.17
11192,533,312.82,1.17
11192,10759,490.5021148,1.17
11192,10919,750.5522716,1.17
11192,11190,769.7330292,1.17
11192,11191,767.2599668,1.17
11193,691,476.28,1.17
11193,2153,554.9179333,1.17
11193,2244,1327.497416,1.17
11193,10912,894.51,1.17
11193,11195,658.5616403,1.17
11194,694,1559.39,1.17
11194,2321,1459.567836,1.17
11194,9661,540.3064136,1.17
11194,10916,50.03,1.17
11194,12750,848.8100272,1.17
11195,692,853.54,1.17
11195,2321,834.4887622,1.17
11195,2887,1724.079778,1.17
11195,10913,1750.878264,1.17
11195,11193,621.2209648,1.17
11196,713,772.96,1.17
11196,9224,1069.422214,1.17
11196,11768,1879.346907,1.17
11197,720,819.05,1.17
11197,9053,1829.951065,1.17
11197,9348,44.68,1.17
11197,11768,889.5322142,1.17
11198,1020,1406.45,1.17
11198,4612,237.1730311,1.17
11198,4614,637.8229993,1.17
11198,10005,261.8369689,1.17
11198,12653,54.1,1.17
11199,1022,1157.29,1.17
11199,3483,3049.276623,1.17
11199,4598,548.4348279,1.17
11199,11791,1644.090677,1.17
11199,12836,1310.16,1.17
11200,1019,3457.57,1.17
11200,4003,2043.889463,1.17
11200,4575,1029.655129,1.17
11200,9989,2267.717261,1.17
11200,11111,1295.608925,1.17
11201,1024,1847.09,1.17
11201,2937,514.044786,1.17
11201,3716,411.665214,1.17
11201,3873,1298.329172,1.17
11201,12677,983.593176,1.17
11202,1025,1481.85,1.17
11202,3835,1163.462442,1.17
11202,4598,2357.703515,1.17
11202,9819,775.345521,1.17
11202,12601,2285.758567,1.17
11203,1026,1431.58,1.17
11203,4595,425.8140146,1.17
11203,4596,1159.465406,1.17
11203,7049,2007.84488,1.17
11203,7050,1068.364731,1.17
11204,1027,1538.27,1.17
11204,4589,1714.938135,1.17
11204,4593,1055.24,1.17
11204,4611,1242.203192,1.17
11205,1028,403.33,1.17
11205,4591,1895.660813,1.17
11205,4594,427.6296081,1.17
11205,7423,1772.539783,1.17
11205,10008,208.9303662,1.17
11206,1029,1629.27,1.17
11206,4586,0.0,1.17
11206,4588,8.58,1.17
11206,7013,1964.149482,1.17
11206,10025,3901.257287,1.17
11207,1030,14.68,1.17
11207,2364,848.8968562,1.17
11207,11210,323.8294876,1.17
11207,12665,927.2846026,1.17
11208,1031,372.29,1.17
11208,2358,1019.631002,1.17
11208,6325,1822.842402,1.17
11208,6337,1309.366437,1.17
11208,11209,775.7940722,1.17
11209,1032,659.78,1.17
11209,2404,1218.726324,1.17
11209,9686,634.3365288,1.17
11209,11208,522.8347229,1.17
11209,12155,884.7502945,1.17
11210,1033,55.51,1.17
11210,2371,378.9248762,1.17
11210,6342,416.7133168,1.17
11210,11207,235.7078917,1.17
11210,11540,113.0146114,1.17
11211,1034,121.55,1.17
11211,2391,767.4953074,1.17
11211,2409,1193.610392,1.17
11211,6346,339.3239425,1.17
11211,9683,856.5472872,1.17
11212,1035,887.53,1.17
11212,2400,832.3853327,1.17
11212,2410,608.4423877,1.17
11212,9247,1985.84608,1.17
11213,1036,1659.69,1.17
11213,2373,1845.613431,1.17
11213,2487,9.64,1.17
11213,12685,1593.262141,1.17
11214,1037,541.71,1.17
11214,2394,251.3013175,1.17
11214,2409,1548.329187,1.17
11214,2412,2128.815278,1.17
11215,1038,761.89,1.17
11215,2907,1383.143195,1.17
11215,6348,388.3535247,1.17
11215,6353,1163.864377,1.17
11215,6355,260.012802,1.17
11216,1039,492.47,1.17
11216,2499,1835.86692,1.17
11216,6365,769.4883439,1.17
11216,6378,2033.751379,1.17
11216,12831,802.333909,1.17
11217,1040,1858.0,1.17
11217,2502,1057.65,1.17
11217,2908,1269.681595,1.17
11217,2910,363.5598967,1.17
11217,6351,335.06,1.17
11218,1041,957.8,1.17
11218,2489,162.45,1.17
11218,2503,809.9522921,1.17
11218,3601,1307.83147,1.17
11219,1042,0.0,1.17
11219,9246,0.19,1.17
11220,1043,675.85,1.17
11220,2908,568.5792414,1.17
11220,3450,2238.128989,1.17
11220,6378,1846.455667,1.17
11220,6381,584.5233076,1.17
11221,1044,470.96,1.17
11221,2504,397.6841824,1.17
11221,6384,728.9303456,1.17
11221,11174,812.2904987,1.17
11222,1045,657.29,1.17
11222,2517,1063.277674,1.17
11222,11796,574.7977305,1.17
11222,12848,469.5064783,1.17
11223,1046,1180.86,1.17
11223,2517,2030.394773,1.17
11223,6395,2310.265418,1.17
11223,6399,767.7915872,1.17
11223,9246,0.0,1.17
11224,1047,364.59,1.17
11224,2490,478.3827176,1.17
11224,6401,32.05,1.17
11224,6404,1252.870996,1.17
11224,11800,540.0785034,1.17
11225,1054,39.39,1.17
11225,4678,871.8282152,1.17
11225,6497,312.170146,1.17
11225,11805,1030.294178,1.17
11226,1056,742.95,1.17
11226,4649,2499.145535,1.17
11226,11798,82.57,1.17
11226,11806,1473.80964,1.17
11227,1058,206.75,1.17
11227,2722,1074.101139,1.17
11227,4615,1457.999868,1.17
11227,11801,258.8011731,1.17
11228,1066,50.44,1.17
11228,1844,231.3,1.17
11228,6495,1359.311093,1.17
11228,11804,1555.20795,1.17
11229,1068,2102.77,1.17
11229,2832,1282.944348,1.17
11229,3216,1465.307026,1.17
11229,4648,1573.735633,1.17
11229,11807,1156.381987,1.17
11230,1070,193.45,1.17
11230,2725,596.1140089,1.17
11230,4628,527.0936317,1.17
11230,11807,587.64,1.17
11230,11809,816.8337449,1.17
11231,1073,189.74,1.17
11231,3032,0.0,1.17
11231,3115,1002.48,1.17
11231,4673,233.1643229,1.17
11231,9834,418.2156079,1.17
11232,1074,642.14,1.17
11232,4639,222.785601,1.17
11232,4647,729.4444728,1.17
11232,4673,190.699012,1.17
11232,6493,441.6039069,1.17
11233,1075,569.66,1.17
11233,4576,1619.013558,1.17
11233,4610,77.73,1.17
11233,4627,1808.605325,1.17
11234,1078,119.43,1.17
11234,8689,354.02,1.17
11234,8691,627.6517721,1.17
11234,8694,439.6507478,1.17
11234,11235,156.87,1.17
11235,1079,389.86,1.17
11235,8719,1545.59,1.17
11235,8721,1022.718683,1.17
11235,11234,362.1528487,1.17
11236,1080,0.0,1.17
11236,8721,0.0,1.17
11237,1081,601.51,1.17
11237,7149,475.3192331,1.17
11237,8686,562.67,1.17
11237,8694,371.3604553,1.17
11237,8708,180.82,1.17
11238,1082,1184.64,1.17
11238,7159,1833.392732,1.17
11238,7160,0.0,1.17
11238,8710,356.0972678,1.17
11238,8718,1096.631532,1.17
11239,1083,209.88,1.17
11239,7164,67.48,1.17
11239,8716,16.19,1.17
11240,1084,368.56,1.17
11240,8497,24.09,1.17
11240,8520,976.4475489,1.17
11240,8523,767.9639682,1.17
11240,11243,378.1716842,1.17
11241,1085,758.74,1.17
11241,3225,573.9801826,1.17
11241,7155,494.2899572,1.17
11241,8700,252.8998602,1.17
11242,1086,105.92,1.17
11242,8517,1229.040473,1.17
11242,8519,769.8674627,1.17
11242,8520,514.3289745,1.17
11242,8543,146.9811618,1.17
11243,1087,220.56,1.17
11243,8520,356.32,1.17
11243,11240,166.29,1.17
11243,11244,67.88,1.17
11243,11247,540.5716842,1.17
11244,1088,59.78,1.17
11244,8497,0.0,1.17
11244,8499,0.0,1.17
11244,11243,124.51,1.17
11244,11245,100.35,1.17
11245,1089,5.57,1.17
11245,8485,2009.462732,1.17
11245,8488,1000.1,1.17
11245,11244,72.53,1.17
11246,1090,244.54,1.17
11246,7178,1461.031635,1.17
11246,7181,621.8221905,1.17
11246,8510,23.35,1.17
11246,8517,1070.186437,1.17
11247,1091,696.41,1.17
11247,7172,124.25,1.17
11247,7173,395.6816842,1.17
11247,8510,414.56,1.17
11247,11243,181.61,1.17
11248,1092,308.39,1.17
11248,8474,181.0856177,1.17
11248,8480,444.6443823,1.17
11248,8502,118.58,1.17
11249,1093,189.4,1.17
11249,8479,83.19,1.17
11250,1094,453.28,1.17
11250,7177,1971.486041,1.17
11250,7178,981.2029511,1.17
11251,1095,704.63,1.17
11251,7173,117.92,1.17
11251,8458,167.6616842,1.17
11251,8470,918.8633521,1.17
11251,8501,1378.21325,1.17
11252,1096,894.84,1.17
11252,8466,263.0523676,1.17
11252,8468,633.3676324,1.17
11252,8480,196.95,1.17
11253,1097,104.76,1.17
11253,8780,42.61,1.17
11254,1098,1148.13,1.17
11254,7223,1850.897711,1.17
11254,8379,895.17,1.17
11254,8427,873.8348554,1.17
11254,11257,1312.892808,1.17
11255,1099,859.52,1.17
11255,8429,954.1080903,1.17
11255,8431,464.5235215,1.17
11255,8449,77.03,1.17
11256,1100,2346.81,1.17
11256,8436,345.7736384,1.17
11256,8445,450.7015346,1.17
11256,8446,984.7461984,1.17
11257,1101,649.76,1.17
11257,7216,1716.826013,1.17
11257,8353,2499.456921,1.17
11257,8384,1555.08,1.17
11257,11254,1029.72,1.17
11258,1102,894.02,1.17
11258,8405,294.69,1.17
11258,8424,1290.08658,1.17
11258,8429,131.59,1.17
11258,9153,2107.40433,1.17
11259,1103,634.88,1.17
11259,8405,261.7646945,1.17
11259,8409,188.34,1.17
11259,8423,891.1653055,1.17
11260,1104,61.76,1.17
11260,8384,1047.177035,1.17
11260,8387,1092.603963,1.17
11260,8389,362.9,1.17
11261,1105,556.74,1.17
11261,8390,363.4425335,1.17
11261,8401,40.42,1.17
11261,8404,523.2674665,1.17
11262,1106,1522.39,1.17
11262,8395,1481.479948,1.17
11262,8397,372.3224199,1.17
11262,8400,753.51,1.17
11263,1107,111.82,1.17
11263,3577,1073.792537,1.17
11263,3578,1167.492374,1.17
11263,7214,585.7561736,1.17
11263,7281,994.0315996,1.17
11264,1108,725.14,1.17
11264,8084,30.49,1.17
11264,8086,373.5872475,1.17
11264,8090,530.0427525,1.17
11265,1109,1232.43,1.17
11265,7188,727.9374628,1.17
11265,8084,574.46,1.17
11265,11268,1030.798928,1.17
11266,1110,162.61,1.17
11266,8095,1992.189311,1.17
11266,8104,980.6691753,1.17
11266,8111,580.1127525,1.17
11266,11267,591.5795282,1.17
11267,1111,700.71,1.17
11267,3578,661.8641368,1.17
11267,8090,355.51,1.17
11267,11266,803.5465279,1.17
11267,11270,1275.523984,1.17
11268,1112,36.06,1.17
11268,3748,1174.508928,1.17
11268,8090,61.76,1.17
11268,11265,756.5774628,1.17
11269,1113,425.96,1.17
11269,8111,565.08,1.17
11269,11272,1662.202316,1.17
11269,11330,677.6858584,1.17
11270,1114,157.71,1.17
11270,6494,691.3588745,1.17
11270,8095,1282.861526,1.17
11270,11267,396.4399937,1.17
11270,11273,567.2054894,1.17
11271,1115,20.96,1.17
11271,3748,14.16,1.17
11272,1116,487.9,1.17
11272,8095,652.31,1.17
11272,8122,898.6175587,1.17
11272,11269,515.11,1.17
11272,11275,1704.074854,1.17
11273,1117,261.35,1.17
11273,8076,0.0,1.17
11273,8077,904.9513862,1.17
11273,9201,645.4574628,1.17
11273,11270,467.017542,1.17
11274,1118,240.04,1.17
11274,7445,546.36,1.17
11274,8076,0.0,1.17
11274,8077,347.92,1.17
11275,1119,13.41,1.17
11275,9693,0.0,1.17
11275,11272,511.72,1.17
11275,11278,1725.824854,1.17
11276,1120,239.07,1.17
11276,6494,79.66,1.17
11277,1121,446.29,1.17
11277,7290,331.2500057,1.17
11277,7445,277.19,1.17
11277,8069,506.4499943,1.17
11277,8071,6.33,1.17
11278,1122,73.89,1.17
11278,8042,2182.215784,1.17
11278,8045,930.7630145,1.17
11278,11275,501.28,1.17
11279,1123,272.16,1.17
11279,8042,160.4615305,1.17
11279,8046,11.0,1.17
11279,8949,223.12,1.17
11280,1124,589.97,1.17
11280,8060,125.81,1.17
11280,8063,8.29,1.17
11280,8065,311.11,1.17
11281,1125,40.1,1.17
11281,8063,121.4825857,1.17
11281,8070,0.0,1.17
11281,11285,76.96741428,1.17
11282,1126,43.59,1.17
11282,8042,488.055486,1.17
11282,8857,1907.896568,1.17
11282,8949,87.93,1.17
11283,1127,81.46,1.17
11283,8046,1587.670555,1.17
11283,8048,2068.206305,1.17
11283,8054,114.6,1.17
11283,8949,96.00445647,1.17
11284,1128,194.81,1.17
11284,8055,293.7874143,1.17
11284,8056,164.6329654,1.17
11284,11289,968.5400766,1.17
11285,1129,44.81,1.17
11285,8056,141.9874143,1.17
11285,8059,18.08,1.17
11285,11281,9.0,1.17
11286,1130,375.07,1.17
11286,8039,902.0246387,1.17
11286,8959,676.5227476,1.17
11286,11336,166.09,1.17
11287,1131,88.24,1.17
11287,7251,439.9472548,1.17
11287,8048,457.5591322,1.17
11287,8962,0.77,1.17
11287,8964,189.33,1.17
11288,1132,119.88,1.17
11288,7256,545.78,1.17
11288,8048,1015.63896,1.17
11288,8054,80.97755753,1.17
11289,1133,412.36,1.17
11289,7256,202.0437108,1.17
11289,7750,954.79,1.17
11289,9736,368.5800766,1.17
11289,11284,241.0954078,1.17
11290,1134,444.24,1.17
11290,4904,809.2756003,1.17
11290,8959,206.7947025,1.17
11290,8976,760.8192677,1.17
11290,11291,813.6919197,1.17
11291,1135,197.95,1.17
11291,8960,459.8369801,1.17
11291,8978,975.5005187,1.17
11291,8991,2138.08091,1.17
11291,11290,720.2685473,1.17
11292,1136,175.14,1.17
11292,7756,549.7957022,1.17
11292,7760,3399.616101,1.17
11292,8049,1822.271656,1.17
11292,9736,663.7854078,1.17
11293,1137,653.31,1.17
11293,7748,446.5437108,1.17
11293,7753,348.7062892,1.17
11294,1138,218.79,1.17
11294,7741,234.03,1.17
11294,7746,17.94,1.17
11294,7749,53.92,1.17
11295,1139,31.98,1.17
11295,7808,239.97,1.17
11295,7824,61.92072154,1.17
11295,11300,531.6237026,1.17
11296,1140,436.39,1.17
11296,7802,553.6856778,1.17
11296,7805,86.06,1.17
11296,7808,161.14,1.17
11297,1141,124.38,1.17
11297,7757,26.55,1.17
11297,7760,90.34,1.17
11297,7766,64.03,1.17
11298,1142,430.09,1.17
11298,7259,313.6721911,1.17
11298,7736,718.4878089,1.17
11298,7763,1731.13978,1.17
11299,1143,1259.62,1.17
11299,7735,582.7221389,1.17
11299,7737,78.24291156,1.17
11299,7741,42.18780888,1.17
11299,7742,156.8549496,1.17
11300,1144,111.63,1.17
11300,7795,1338.578375,1.17
11300,7825,189.92,1.17
11300,11295,179.34,1.17
11301,1145,434.23,1.17
11301,7262,212.63,1.17
11301,7264,33.15,1.17
11301,7802,305.21,1.17
11302,1146,370.79,1.17
11302,7767,104.18,1.17
11302,7770,160.73,1.17
11302,7774,296.0182882,1.17
11303,1147,617.93,1.17
11303,3589,367.5,1.17
11303,11309,183.0,1.17
11304,1148,265.48,1.17
11304,3590,0.67,1.17
11304,7724,425.4248867,1.17
11304,7732,422.5551133,1.17
11305,1149,102.46,1.17
11305,7722,0.09,1.17
11305,7726,91.25533312,1.17
11305,7729,99.38466688,1.17
11306,1150,1746.22,1.17
11306,3888,2232.314093,1.17
11306,7795,755.3294441,1.17
11306,9672,807.9208955,1.17
11306,10049,1779.491301,1.17
11307,1151,343.53,1.17
11307,7269,315.5499532,1.17
11307,7779,389.573201,1.17
11307,7783,11.74,1.17
11307,7799,457.6632728,1.17
11308,1152,1493.45,1.17
11308,4871,1201.625652,1.17
11308,7261,1259.79677,1.17
11308,7785,1800.538813,1.17
11308,9737,409.9,1.17
11309,1153,297.08,1.17
11309,2469,387.3879866,1.17
11309,7260,176.85,1.17
11309,9025,12.20201342,1.17
11309,11303,194.43,1.17
11310,1154,355.69,1.17
11310,2469,54.54559428,1.17
11310,4869,1233.011175,1.17
11310,9025,1159.235333,1.17
11310,9028,830.6194079,1.17
11311,1155,370.36,1.17
11311,7724,209.76,1.17
11311,7776,577.1102198,1.17
11311,9035,447.69,1.17
11312,1156,146.05,1.17
11312,8125,502.6157371,1.17
11312,8665,0.0,1.17
11312,8666,569.4409976,1.17
11312,8813,156.019135,1.17
11313,1157,55.08,1.17
11313,8675,176.9948434,1.17
11313,8677,490.2309139,1.17
11313,8679,335.4349658,1.17
11313,8682,18.45,1.17
11314,1158,34.21,1.17
11314,8536,6.23,1.17
11314,8557,46.31,1.17
11314,8814,10.79,1.17
11315,1159,220.47,1.17
11315,8533,413.54,1.17
11315,8535,825.7423957,1.17
11315,8540,255.79,1.17
11316,1160,182.36,1.17
11316,8555,563.4552394,1.17
11316,8562,50.96,1.17
11316,8564,97.22,1.17
11317,1161,178.76,1.17
11317,8341,612.59,1.17
11317,8549,385.2452394,1.17
11317,8554,322.49,1.17
11317,8555,479.9523957,1.17
11318,1162,1640.38,1.17
11318,7182,1126.717809,1.17
11318,8542,39.68,1.17
11318,8544,211.5925373,1.17
11319,1163,155.53,1.17
11319,8321,922.6518949,1.17
11319,8323,984.000193,1.17
11319,8326,146.51,1.17
11319,8333,1019.242812,1.17
11320,1167,22.49,1.17
11320,8333,902.6992787,1.17
11320,8338,400.18,1.17
11320,8346,843.7456794,1.17
11321,1166,1577.11,1.17
11321,3231,511.1012772,1.17
11321,8367,206.4292787,1.17
11321,8821,881.7236155,1.17
11322,1169,675.84,1.17
11322,8313,1080.663638,1.17
11322,8317,41.00636188,1.17
11322,8320,431.37,1.17
11323,1170,236.66,1.17
11323,4480,547.5202732,1.17
11323,8332,277.0420235,1.17
11323,8742,700.8682694,1.17
11324,1171,1548.66,1.17
11324,7220,807.24838,1.17
11324,7453,3459.830716,1.17
11324,7811,3646.176493,1.17
11324,8108,1367.996251,1.17
11325,1172,274.76,1.17
11325,8832,475.5481261,1.17
11325,8843,738.7789149,1.17
11325,8844,755.5902328,1.17
11326,1173,391.03,1.17
11326,8162,1584.872407,1.17
11326,8165,1504.174404,1.17
11326,8171,1211.220817,1.17
11326,8844,686.1994476,1.17
11327,1174,2797.6,1.17
11327,4491,1174.423253,1.17
11327,8108,532.17,1.17
11327,8115,1468.303831,1.17
11328,1175,925.57,1.17
11328,7238,751.271108,1.17
11328,7243,987.6152877,1.17
11328,8139,578.0573385,1.17
11328,8141,866.0102527,1.17
11329,1179,879.41,1.17
11329,7244,104.56,1.17
11329,7247,1483.326053,1.17
11329,8130,580.0012526,1.17
11329,8135,747.5525324,1.17
11330,1178,993.54,1.17
11330,8115,262.88,1.17
11330,8117,1076.833533,1.17
11330,11269,266.7437756,1.17
11331,1181,2856.15,1.17
11331,7233,0.0,1.17
11331,7234,279.7024962,1.17
11331,8009,1549.582272,1.17
11331,8010,1381.230569,1.17
11331,8025,537.1247578,1.17
11332,1182,1808.29,1.17
11332,7247,565.5025324,1.17
11332,8030,2426.500652,1.17
11332,9718,2088.195852,1.17
11332,9721,1404.863349,1.17
11333,1183,436.22,1.17
11333,4873,2429.081259,1.17
11333,8030,1618.283172,1.17
11333,9691,163.2,1.17
11333,11336,994.982792,1.17
11334,1184,1251.58,1.17
11334,8004,774.1631096,1.17
11334,9723,1247.211825,1.17
11334,9726,1275.218595,1.17
11335,1185,1145.99,1.17
11335,7840,807.8354516,1.17
11335,9719,1160.940578,1.17
11335,9722,994.2719119,1.17
11336,1186,66.54,1.17
11336,8029,142.94,1.17
11336,11286,744.0803442,1.17
11336,11333,726.7238502,1.17
11336,11339,1423.529528,1.17
11337,1187,176.76,1.17
11337,7861,1487.666683,1.17
11337,7862,1307.607661,1.17
11337,9245,847.4244581,1.17
11338,1188,2311.72,1.17
11338,7830,2539.01949,1.17
11338,7835,972.8722521,1.17
11338,7836,960.2449309,1.17
11338,9728,694.5035987,1.17
11339,1189,741.58,1.17
11339,4906,1072.807805,1.17
11339,7824,1382.449329,1.17
11339,7835,1430.982712,1.17
11339,11336,1093.599336,1.17
11340,1190,1004.48,1.17
11340,3586,856.2657751,1.17
11340,7851,1164.322909,1.17
11340,9224,1581.707546,1.17
11340,9731,65.14,1.17
11341,1191,2382.68,1.17
11341,7844,838.8817445,1.17
11341,9239,508.4465199,1.17
11341,9242,1057.808274,1.17
11341,9729,1477.94302,1.17
11342,1192,1264.34,1.17
11342,3888,645.0327428,1.17
11342,7795,1168.818748,1.17
11342,7825,498.1334768,1.17
11342,7829,1069.283955,1.17
11343,1193,1012.98,1.17
11343,8633,232.1,1.17
11343,8635,386.27,1.17
11343,8637,716.7651715,1.17
11344,1194,48.38,1.17
11344,8644,60.74950083,1.17
11344,9363,11.5,1.17
11344,9745,38.12,1.17
11345,1195,5.55,1.17
11345,8645,151.83,1.17
11345,8808,556.6634913,1.17
11345,11348,127.6893373,1.17
11346,1196,580.17,1.17
11346,8623,466.81,1.17
11346,8639,135.21,1.17
11346,9747,692.0202514,1.17
11347,1197,108.68,1.17
11347,8573,346.3625297,1.17
11347,8639,362.4707317,1.17
11347,8643,466.1532957,1.17
11347,8809,873.0279825,1.17
11348,1198,33.47,1.17
11348,8650,102.8049195,1.17
11348,8809,561.9060145,1.17
11348,8810,646.1543959,1.17
11348,11345,37.84,1.17
11349,1199,219.82,1.17
11349,8580,211.27,1.17
11349,8586,279.0514387,1.17
11349,8588,110.5485613,1.17
11350,1200,384.74,1.17
11350,8576,490.8415186,1.17
11350,8580,479.79,1.17
11350,11352,392.88,1.17
11350,11353,589.9831586,1.17
11351,1201,290.64,1.17
11351,8560,527.5052394,1.17
11351,8651,80.32,1.17
11351,9744,197.82,1.17
11352,1202,183.26,1.17
11352,8583,262.7868315,1.17
11352,8586,179.28475,1.17
11352,11350,403.48,1.17
11353,1203,267.9,1.17
11353,8568,367.4875369,1.17
11353,8578,925.5480781,1.17
11353,11350,414.3524631,1.17
11354,1204,393.53,1.17
11354,8565,1272.026839,1.17
11354,8568,647.8617921,1.17
11354,8569,144.9675369,1.17
11355,1205,1432.78,1.17
11355,8262,1796.318988,1.17
11355,8279,616.4110123,1.17
11355,8284,0.0,1.17
11356,1206,802.26,1.17
11356,3214,861.9005629,1.17
11356,8284,46.75,1.17
11356,8825,396.7794371,1.17
11357,1207,470.58,1.17
11357,3220,795.686785,1.17
11357,8296,673.23,1.17
11357,8298,463.5212931,1.17
11358,1208,348.59,1.17
11358,7225,795.47,1.17
11358,8256,893.602245,1.17
11358,8258,516.8165028,1.17
11359,1209,442.64,1.17
11359,8285,462.2235215,1.17
11359,8288,926.7951708,1.17
11359,8291,1043.659195,1.17
11360,1210,756.72,1.17
11360,3220,521.68,1.17
11360,8302,85.28,1.17
11360,8306,685.8407382,1.17
11360,8835,688.4560469,1.17
11361,1211,27.82,1.17
11361,8227,578.5288131,1.17
11361,8840,324.13,1.17
11361,8841,803.2592733,1.17
11361,9695,740.289216,1.17
11362,1212,33.55,1.17
11362,8178,801.5492733,1.17
11362,8182,639.2640976,1.17
11362,8291,0.29,1.17
11363,1213,255.55,1.17
11363,8174,742.7775012,1.17
11363,8179,382.152961,1.17
11363,9694,849.9772354,1.17
11364,1214,46.28,1.17
11364,8192,847.4506696,1.17
11364,8224,225.2894091,1.17
11364,8848,904.8588435,1.17
11364,9695,338.73,1.17
11365,1215,55.67,1.17
11365,8183,290.16,1.17
11365,8188,385.6523926,1.17
11365,8846,69.13636269,1.17
11365,8848,148.75,1.17
11366,1216,445.81,1.17
11366,7229,342.4505968,1.17
11366,8017,875.1200991,1.17
11366,8148,111.93,1.17
11366,8154,464.5872205,1.17
11367,1217,43.53,1.17
11367,7976,374.2209198,1.17
11367,9699,255.6787835,1.17
11367,9702,672.9176696,1.17
11368,1218,63.1,1.17
11368,7981,806.1240081,1.17
11368,9698,149.3357618,1.17
11368,9700,180.6358945,1.17
11369,1219,759.5,1.17
11369,7230,233.43923,1.17
11369,8013,1354.976191,1.17
11369,8017,1194.710053,1.17
11370,1220,209.07,1.17
11370,7989,188.0228238,1.17
11370,7991,392.961453,1.17
11370,9715,464.7880962,1.17
11371,1221,152.44,1.17
11371,7993,649.47,1.17
11371,7994,1416.336532,1.17
11371,9703,906.8806767,1.17
11371,9705,1148.15633,1.17
11372,1222,189.56,1.17
11372,7863,1083.315766,1.17
11372,8000,838.4264747,1.17
11372,8855,218.8949523,1.17
11373,1223,1506.93,1.17
11373,7882,1052.643033,1.17
11373,7886,116.6,1.17
11373,7892,1078.303862,1.17
11373,9708,547.91,1.17
11374,1224,1901.07,1.17
11374,7994,545.76,1.17
11374,8860,975.2043152,1.17
11374,9706,466.7775609,1.17
11374,9712,1181.417657,1.17
11375,1225,173.15,1.17
11375,7859,806.1176699,1.17
11375,7863,1254.122297,1.17
11375,7994,406.15,1.17
11375,8860,1168.224616,1.17
11376,1226,408.16,1.17
11376,7271,969.9240516,1.17
11376,7897,724.7516728,1.17
11376,7900,1110.401216,1.17
11376,7911,743.3037175,1.17
11377,1227,393.5,1.17
11377,7868,2635.723813,1.17
11377,7869,1504.501969,1.17
11377,7872,1063.971682,1.17
11377,7873,1634.990967,1.17
11378,1228,416.49,1.17
11378,7868,177.03,1.17
11378,8866,1792.741807,1.17
11378,9886,1935.151476,1.17
11379,1229,35.97,1.17
11379,9355,46.82,1.17
11379,11380,51.71,1.17
11380,1230,189.04,1.17
11380,8628,313.87,1.17
11380,9356,71.05,1.17
11380,11379,47.23,1.17
11381,1231,0.28,1.17
11381,8606,0.95,1.17
11382,1232,114.26,1.17
11382,3209,111.22,1.17
11382,8618,587.11986,1.17
11382,11384,136.73,1.17
11383,1233,214.17,1.17
11383,3207,359.32,1.17
11384,1234,178.6,1.17
11384,3209,90.65,1.17
11384,11382,314.85,1.17
11385,1235,737.11,1.17
11385,8237,1475.401697,1.17
11385,8599,585.9282927,1.17
11385,8604,927.3192785,1.17
11386,1236,366.11,1.17
11386,8585,429.2029786,1.17
11386,8589,483.5573111,1.17
11386,8593,955.1944603,1.17
11387,1237,191.01,1.17
11387,8237,1391.130549,1.17
11387,8241,914.5224022,1.17
11387,8829,1503.894167,1.17
11387,9311,549.7728437,1.17
11388,1238,253.33,1.17
11388,8236,437.9392125,1.17
11388,8244,677.66,1.17
11388,8245,305.1997103,1.17
11388,8593,110.44,1.17
11389,1239,59.77,1.17
11389,5151,583.9266343,1.17
11389,8829,349.8801082,1.17
11389,9312,556.91378,1.17
11390,1240,576.85,1.17
11390,8241,189.7475007,1.17
11390,8249,709.5624022,1.17
11390,8251,658.8294371,1.17
11391,1241,117.33,1.17
11391,8216,806.2529057,1.17
11391,8219,303.9307267,1.17
11391,8220,524.3679613,1.17
11392,1242,63.72,1.17
11392,3574,1095.83323,1.17
11392,8219,243.9994091,1.17
11392,8228,402.6696128,1.17
11393,1243,200.1,1.17
11393,8207,579.9886627,1.17
11393,8209,30.25,1.17
11393,11395,672.1508302,1.17
11394,1244,626.08,1.17
11394,7959,503.6524387,1.17
11394,8197,37.67,1.17
11394,8199,201.22,1.17
11394,8200,259.409381,1.17
11395,1245,131.58,1.17
11395,7226,932.4413936,1.17
11395,7957,582.1949523,1.17
11395,8206,227.29,1.17
11395,11393,517.280619,1.17
11396,1246,947.67,1.17
11396,7228,272.79,1.17
11396,7950,569.4701721,1.17
11396,7951,536.91,1.17
11396,7954,600.0637216,1.17
11396,7966,352.6573262,1.17
11397,1247,114.25,1.17
11397,7933,1363.767782,1.17
11397,7935,643.2444447,1.17
11397,7943,198.38,1.17
11397,11398,644.9781313,1.17
11398,1248,473.18,1.17
11398,7935,1009.421956,1.17
11398,7940,1115.009613,1.17
11398,11397,674.2402105,1.17
11399,1249,783.24,1.17
11399,7922,418.9056596,1.17
11399,7923,468.6981816,1.17
11399,8863,278.8318184,1.17
11400,1250,145.9,1.17
11400,7926,1248.911155,1.17
11400,7928,0.0,1.17
11400,7935,565.9996128,1.17
11401,1251,157.77,1.17
11401,7914,399.1377486,1.17
11401,7916,574.8660725,1.17
11401,7917,189.78956,1.17
11402,1252,1558.19,1.17
11402,7903,696.7787359,1.17
11402,7906,494.8009048,1.17
11402,7910,1139.261228,1.17
11402,8865,2428.03772,1.17
11403,1394,9.9,1.17
11403,3200,530.6165023,1.17
11403,6466,785.6396898,1.17
11403,6467,451.0537872,1.17
11403,9303,836.8329223,1.17
11404,1397,33.28,1.17
11404,3198,249.0303973,1.17
11404,3201,191.8366892,1.17
11404,9308,361.1248111,1.17
11404,11418,393.8873025,1.17
11405,1398,129.74,1.17
11405,3201,512.3805305,1.17
11405,3202,432.9206888,1.17
11405,3203,428.2834572,1.17
11405,9308,413.38,1.17
11406,1402,356.61,1.17
11406,3204,629.6794514,1.17
11406,3205,0.0,1.17
11406,9346,442.0392785,1.17
11407,1406,194.47,1.17
11407,3162,329.31,1.17
11407,3172,266.68,1.17
11407,9311,601.4741631,1.17
11408,1410,127.47,1.17
11408,3173,821.0007215,1.17
11408,8215,1039.762572,1.17
11408,11409,77.7,1.17
11409,1414,90.52,1.17
11409,3563,94.56,1.17
11409,3564,86.63,1.17
11409,11408,87.8,1.17
11410,1418,359.1,1.17
11410,3565,1105.225561,1.17
11410,8207,1095.371147,1.17
11410,9317,1083.402826,1.17
11411,1422,381.29,1.17
11411,3525,524.1149523,1.17
11411,7957,534.8581485,1.17
11411,9323,97.45250275,1.17
11412,1427,198.53,1.17
11412,3566,130.0602245,1.17
11412,3571,0.0,1.17
11412,9692,344.3625027,1.17
11413,1433,896.5,1.17
11413,3569,1133.413029,1.17
11413,9320,1657.682637,1.17
11413,9324,2921.947488,1.17
11414,1437,102.89,1.17
11414,1900,102.3666567,1.17
11414,6485,380.9100931,1.17
11414,11445,125.1578104,1.17
11415,1392,379.76,1.17
11415,3096,62.84456748,1.17
11415,3100,327.3765045,1.17
11415,9306,98.69,1.17
11416,1393,64.05,1.17
11416,3093,425.1517073,1.17
11416,3131,96.15147834,1.17
11416,9305,456.3581912,1.17
11417,1395,35.77,1.17
11417,3100,220.9345675,1.17
11417,3123,496.4946966,1.17
11417,3125,366.9562128,1.17
11417,3127,202.0065045,1.17
11418,1396,594.73,1.17
11418,3102,0.0,1.17
11418,3131,284.7644904,1.17
11418,9307,141.25,1.17
11418,11404,289.4782927,1.17
11419,1399,268.33,1.17
11419,3141,337.324711,1.17
11419,3155,335.5916727,1.17
11419,3175,491.1671827,1.17
11420,1400,86.78,1.17
11420,3156,1.69,1.17
11420,3157,613.2852347,1.17
11420,3158,436.2232386,1.17
11420,9309,47.64,1.17
11421,1401,72.82,1.17
11421,3135,80.84639695,1.17
11421,3159,258.5092785,1.17
11421,9346,166.8929544,1.17
11421,11424,652.7723366,1.17
11422,1403,156.28,1.17
11422,3166,732.635196,1.17
11422,3175,105.18,1.17
11422,3177,618.2898465,1.17
11422,11425,376.9545734,1.17
11423,1404,200.6,1.17
11423,3157,463.3357157,1.17
11423,3163,370.0683779,1.17
11423,3165,580.0461458,1.17
11423,3175,79.96145233,1.17
11424,1405,322.77,1.17
11424,3161,940.34,1.17
11424,3162,792.03405,1.17
11424,11421,129.0998999,1.17
11425,1407,45.55,1.17
11425,3402,401.3345734,1.17
11425,11422,181.1,1.17
11425,11456,19.52,1.17
11426,1408,1371.01,1.17
11426,9185,600.3288791,1.17
11426,9188,538.0737253,1.17
11426,9315,1976.447861,1.17
11427,1409,1438.67,1.17
11427,3169,2172.280689,1.17
11427,9314,1561.324179,1.17
11427,11430,1229.307036,1.17
11428,1411,33.46,1.17
11428,3402,463.6062002,1.17
11428,3404,491.0838714,1.17
11428,3427,682.4517579,1.17
11429,1412,109.01,1.17
11429,3405,215.5171178,1.17
11429,3406,139.0,1.17
11429,3428,578.849897,1.17
11429,7198,685.7713363,1.17
11430,1413,825.89,1.17
11430,3406,566.3080847,1.17
11430,3438,676.4489512,1.17
11430,3587,55.34,1.17
11430,11427,697.6892123,1.17
11431,1415,98.66,1.17
11431,3428,455.4889234,1.17
11431,3432,315.864454,1.17
11431,3434,803.5626703,1.17
11432,1416,181.99,1.17
11432,3434,257.1701733,1.17
11432,3436,532.9885994,1.17
11432,3442,915.9426528,1.17
11433,1417,76.6,1.17
11433,3441,514.680613,1.17
11433,3474,182.3328906,1.17
11433,3476,520.2806154,1.17
11434,1419,1044.71,1.17
11434,3470,398.8118643,1.17
11434,3512,715.6574026,1.17
11434,3513,193.07,1.17
11434,7201,107.5328313,1.17
11435,1420,651.52,1.17
11435,3445,85.36,1.17
11435,3519,525.1070393,1.17
11435,7200,377.5985678,1.17
11435,9154,502.2333328,1.17
11436,1421,179.02,1.17
11436,3477,399.870613,1.17
11436,3478,157.525403,1.17
11436,3523,471.6775227,1.17
11437,3505,220.58,1.17
11437,3507,514.8393679,1.17
11437,3511,767.6202712,1.17
11437,3517,1754.945348,1.17
11438,1425,1627.41,1.17
11438,3519,395.3370442,1.17
11438,3529,767.2533615,1.17
11438,3533,547.0159413,1.17
11438,7252,1238.752418,1.17
11439,1426,1065.88,1.17
11439,3526,534.8085108,1.17
11439,3527,1088.165641,1.17
11439,9320,1910.413967,1.17
11439,10287,239.7823517,1.17
11440,1430,339.41,1.17
11440,3542,721.7144923,1.17
11440,11443,1201.203397,1.17
11440,12245,253.4497174,1.17
11440,12351,304.4306155,1.17
11441,1431,399.06,1.17
11441,12248,476.2275052,1.17
11441,12285,271.3878106,1.17
11441,12417,622.1127326,1.17
11442,1432,513.27,1.17
11442,3570,882.88,1.17
11442,11444,831.7003978,1.17
11442,12456,451.83,1.17
11443,1434,164.1,1.17
11443,11440,858.1442097,1.17
11443,12351,553.6205708,1.17
11443,12371,1095.645361,1.17
11444,1435,1141.43,1.17
11444,11442,704.21,1.17
11444,12390,2009.739039,1.17
11444,12451,1976.821699,1.17
11445,1436,266.8,1.17
11445,11414,120.11,1.17
11445,12451,186.447462,1.17
11445,12456,514.0646207,1.17
11445,12473,872.15,1.17
11446,1438,298.54,1.17
11446,3084,31.98,1.17
11446,3085,58.94,1.17
11446,9613,456.9185386,1.17
11447,1439,10.83,1.17
11447,3089,17.83,1.17
11447,3106,11.87,1.17
11447,9616,1.48,1.17
11448,1440,75.1,1.17
11448,2967,3.07,1.17
11448,3108,58.55,1.17
11448,7282,82.4961816,1.17
11448,9612,180.2117752,1.17
11449,1441,20.31,1.17
11449,3113,0.0,1.17
11449,3118,127.08,1.17
11449,3120,215.54,1.17
11450,1442,25.4,1.17
11450,3148,217.05,1.17
11450,3184,181.8,1.17
11450,9610,258.1803139,1.17
11451,1443,188.25,1.17
11451,3144,120.7006026,1.17
11451,3177,212.9193974,1.17
11451,6464,79.08,1.17
11452,1444,506.01,1.17
11452,3188,338.9780034,1.17
11452,9178,451.6603139,1.17
11452,9610,190.65,1.17
11453,1445,55.42,1.17
11453,3191,251.1755125,1.17
11453,3194,190.6837872,1.17
11453,3399,186.8819966,1.17
11454,1446,1881.59,1.17
11454,3414,848.0,1.17
11454,6628,288.1494446,1.17
11454,9179,754.99,1.17
11455,1447,437.02,1.17
11455,3191,139.37,1.17
11455,3399,309.3014584,1.17
11455,3421,777.3346235,1.17
11456,1448,28.28,1.17
11456,3400,333.8662002,1.17
11456,3402,298.4620071,1.17
11456,3425,27.27,1.17
11456,11425,9.77,1.17
11457,1449,40.14,1.17
11457,3280,33.78,1.17
11457,3460,359.45,1.17
11457,3463,583.5305261,1.17
11458,1450,524.65,1.17
11458,3458,335.4038327,1.17
11458,3460,43.92,1.17
11458,3464,368.5064928,1.17
11459,1451,40.09,1.17
11459,3429,274.47,1.17
11459,3451,488.7011486,1.17
11459,7207,41.68,1.17
11460,1452,23.05,1.17
11460,3296,158.9939237,1.17
11460,3480,77.5,1.17
11460,3484,510.7483439,1.17
11461,1453,14.0,1.17
11461,3464,159.0963404,1.17
11461,3466,160.0623279,1.17
11461,3487,408.5919396,1.17
11462,1454,222.04,1.17
11462,3449,392.1635249,1.17
11462,3451,417.97,1.17
11462,3469,563.2135813,1.17
11463,1455,30.51,1.17
11463,3484,99.04,1.17
11463,3489,204.5583439,1.17
11463,6483,1.63,1.17
11464,1456,395.88,1.17
11464,1875,640.0889149,1.17
11464,1880,302.6560647,1.17
11464,3503,304.016193,1.17
11465,1457,1016.4,1.17
11465,1901,621.7890129,1.17
11465,3552,255.68,1.17
11465,3553,262.3421794,1.17
11465,3559,905.5301458,1.17
11466,1458,35.66,1.17
11466,1901,336.12,1.17
11466,1903,319.5626356,1.17
11466,3549,100.8963365,1.17
11467,1459,15.74,1.17
11467,2942,45.7,1.17
11467,6456,0.0,1.17
11467,11484,23.67,1.17
11468,1460,27.83,1.17
11468,2939,2.5,1.17
11468,2940,60.66,1.17
11468,2964,218.83,1.17
11469,1461,37.75,1.17
11469,2981,203.5,1.17
11469,2984,177.13,1.17
11469,2996,35.2,1.17
11470,1462,22.32,1.17
11470,2964,74.0,1.17
11470,2968,6.19,1.17
11470,2970,11.28,1.17
11470,2987,216.75,1.17
11471,1463,33.06,1.17
11471,2995,27.87,1.17
11471,3023,85.84,1.17
11471,3025,70.58,1.17
11472,1464,26.1,1.17
11472,3051,68.48,1.17
11472,3053,155.66,1.17
11472,3057,200.4661816,1.17
11473,1465,13.69,1.17
11473,3042,27.68,1.17
11473,3044,4.56,1.17
11473,3067,15.24,1.17
11474,1466,94.04,1.17
11474,3048,14.71,1.17
11474,3059,43.95,1.17
11474,3063,72.29,1.17
11475,1467,38.23,1.17
11475,3258,312.9792142,1.17
11475,3260,193.7443545,1.17
11475,3284,60.48577398,1.17
11475,7280,6.92,1.17
11476,1468,59.91,1.17
11476,3250,7.25,1.17
11476,3260,172.46,1.17
11476,3262,186.1343545,1.17
11477,1469,24.73,1.17
11477,3272,137.38,1.17
11477,3274,42.05,1.17
11477,3286,396.39,1.17
11478,1470,50.26,1.17
11478,3276,1.15,1.17
11478,3278,147.9456455,1.17
11478,3285,47.0,1.17
11478,3288,283.6321829,1.17
11479,1471,223.86,1.17
11479,3304,98.74,1.17
11479,3316,43.62,1.17
11479,3318,10.41,1.17
11479,3325,168.135774,1.17
11480,1472,21.85,1.17
11480,3326,57.62,1.17
11480,3327,0.0,1.17
11480,3352,42.83,1.17
11481,1473,39.69,1.17
11481,3368,23.54,1.17
11481,3369,6.41,1.17
11481,3382,181.4561852,1.17
11482,1474,125.3,1.17
11482,3370,452.6,1.17
11482,3382,96.91330505,1.17
11482,3384,87.18,1.17
11482,3395,906.1095888,1.17
11483,1475,9.44,1.17
11483,2948,30.5,1.17
11483,2950,0.0,1.17
11483,6459,1.49,1.17
11484,1476,18.54,1.17
11484,2945,5.4,1.17
11484,2960,333.93,1.17
11484,9615,106.33,1.17
11484,11467,25.9,1.17
11485,1477,171.94,1.17
11485,2955,9.17,1.17
11485,2976,285.55,1.17
11485,2978,158.8,1.17
11486,1478,676.86,1.17
11486,2997,459.4461118,1.17
11486,2999,355.4238882,1.17
11486,7210,323.72,1.17
11486,7211,69.55,1.17
11486,9173,118.38,1.17
11487,1479,24.53,1.17
11487,3002,34.96,1.17
11487,3007,46.64,1.17
11487,3009,174.52,1.17
11487,3035,110.32,1.17
11488,1480,443.21,1.17
11488,3025,344.127602,1.17
11488,3030,253.5861118,1.17
11488,3031,393.17,1.17
11489,1481,4.54,1.17
11489,3036,4.57,1.17
11489,3074,112.06,1.17
11489,3076,2.49,1.17
11490,1482,36.03,1.17
11490,3038,247.66,1.17
11490,3070,28.69,1.17
11490,3072,465.77,1.17
11490,3074,8.65,1.17
11491,1483,10.84,1.17
11491,3238,3.61,1.17
11491,3251,11.71,1.17
11491,3253,25.47,1.17
11492,1484,48.83,1.17
11492,3240,44.48,1.17
11492,3253,4.93,1.17
11492,3269,202.3550008,1.17
11493,1485,13.1,1.17
11493,3267,5.15,1.17
11493,3307,335.66,1.17
11493,3309,313.75,1.17
11494,1486,1009.06,1.17
11494,3310,283.52,1.17
11494,3312,469.7663159,1.17
11494,3332,196.2836841,1.17
11494,9606,462.27,1.17
11495,1487,11.6,1.17
11495,3329,10.78,1.17
11495,3337,9.06,1.17
11495,3341,17.7,1.17
11496,1488,65.4,1.17
11496,3330,59.8,1.17
11496,3332,119.16,1.17
11496,3334,282.91,1.17
11496,3343,144.42,1.17
11497,1489,12.03,1.17
11497,3360,4.4,1.17
11497,3362,17.88,1.17
11497,3372,5.83,1.17
11498,1490,15.04,1.17
11498,3342,14.9,1.17
11498,3344,48.52,1.17
11498,3356,4.72,1.17
11498,3364,11.56,1.17
11499,1253,16.38,1.17
11499,3561,339.4603806,1.17
11499,12440,139.17,1.17
11499,12443,455.6072307,1.17
11500,1254,181.12,1.17
11500,11503,1203.364899,1.17
11500,12437,671.8830126,1.17
11500,12442,274.4538989,1.17
11501,1255,704.2,1.17
11501,3779,64.21,1.17
11501,12480,1196.099541,1.17
11501,12483,1628.787678,1.17
11501,12484,277.54,1.17
11502,1256,51.28,1.17
11502,11590,78.6,1.17
11502,12443,717.3571675,1.17
11502,12445,26.96,1.17
11502,12447,1058.605395,1.17
11503,11500,454.6615005,1.17
11503,12446,225.8247206,1.17
11503,12449,1505.624139,1.17
11503,12489,521.499637,1.17
11504,1259,1507.78,1.17
11504,2744,1151.28134,1.17
11504,12197,2281.900917,1.17
11504,12483,1118.520468,1.17
11504,12495,545.3485556,1.17
11505,1262,345.83,1.17
11505,10064,1772.812591,1.17
11505,10067,663.1889778,1.17
11505,12516,39.97,1.17
11506,1263,1916.76,1.17
11506,6713,1219.011424,1.17
11506,12449,741.3873788,1.17
11506,12503,90.86035672,1.17
11507,1264,811.15,1.17
11507,3780,346.6375842,1.17
11507,11512,292.0,1.17
11507,12564,512.7648019,1.17
11508,1265,82.27,1.17
11508,3788,210.33,1.17
11508,3790,417.9932058,1.17
11508,3807,169.39,1.17
11508,11513,601.9682045,1.17
11509,1266,217.46,1.17
11509,9752,1376.715572,1.17
11509,11510,518.3711979,1.17
11509,12507,197.253203,1.17
11509,12520,1110.204049,1.17
11510,1267,360.83,1.17
11510,9753,1209.820435,1.17
11510,11509,504.9268527,1.17
11510,11511,1274.246063,1.17
11510,12523,549.0950006,1.17
11511,1268,133.87,1.17
11511,9751,2695.456063,1.17
11511,11510,1039.468495,1.17
11511,11515,1739.149908,1.17
11512,1269,209.87,1.17
11512,7118,426.66,1.17
11512,11507,397.9841835,1.17
11513,1270,239.71,1.17
11513,7142,1912.49582,1.17
11513,9752,1527.452181,1.17
11513,11508,397.8632058,1.17
11513,11519,171.9079568,1.17
11514,1271,730.38,1.17
11514,12527,140.02,1.17
11514,12530,233.33,1.17
11514,12532,459.79,1.17
11515,1272,1067.88,1.17
11515,11511,1647.62,1.17
11515,12532,423.11,1.17
11515,12533,1512.249908,1.17
11516,1273,1232.8,1.17
11516,7116,867.5129487,1.17
11516,7117,0.0,1.17
11516,12568,1794.911728,1.17
11517,1274,32.28,1.17
11517,1945,481.69,1.17
11517,1984,392.8165495,1.17
11517,7139,627.7251986,1.17
11518,1275,351.82,1.17
11518,7142,99.81,1.17
11518,7145,11.9,1.17
11518,12536,571.7639402,1.17
11519,1276,944.1,1.17
11519,7133,1179.756135,1.17
11519,11513,50.63,1.17
11519,12534,173.84,1.17
11519,12536,1210.08827,1.17
11520,1277,1537.95,1.17
11520,7090,236.9,1.17
11520,12532,70.11,1.17
11520,12533,721.0344516,1.17
11520,12545,353.34,1.17
11521,1278,1025.81,1.17
11521,7111,329.1603082,1.17
11521,7114,480.27,1.17
11521,12575,391.8604987,1.17
11521,12579,426.8138059,1.17
11522,1279,376.57,1.17
11522,7141,1455.71445,1.17
11522,11527,1181.920711,1.17
11523,1280,894.21,1.17
11523,3798,1996.326985,1.17
11523,3801,1725.005505,1.17
11523,12546,142.98,1.17
11524,1281,510.84,1.17
11524,7086,443.0,1.17
11524,7087,0.0,1.17
11524,12546,102.78,1.17
11525,1282,614.6,1.17
11525,7124,689.2223941,1.17
11525,11533,191.7764193,1.17
11525,12605,415.0989617,1.17
11526,1283,106.64,1.17
11526,12549,23.86,1.17
11526,12553,325.9323854,1.17
11526,12560,479.3781855,1.17
11527,1284,0.0,1.17
11527,11522,1276.31445,1.17
11527,11528,315.5736559,1.17
11527,12552,153.2179179,1.17
11527,12560,734.0991373,1.17
11528,1285,470.35,1.17
11528,3800,923.4156267,1.17
11528,11527,72.82,1.17
11528,11532,1132.530984,1.17
11529,1286,380.79,1.17
11529,3796,391.87,1.17
11529,12563,441.5755581,1.17
11530,1287,260.36,1.17
11530,12605,1065.550586,1.17
11530,12609,100.7315479,1.17
11530,12610,992.2114375,1.17
11531,1288,16.18,1.17
11531,11532,461.7795795,1.17
11531,12556,529.6656023,1.17
11531,12560,234.3137064,1.17
11532,1289,225.45,1.17
11532,11528,928.9456267,1.17
11532,11531,566.1722677,1.17
11532,12563,375.0720568,1.17
11532,12618,681.8888542,1.17
11533,1290,440.42,1.17
11533,3831,168.67,1.17
11533,11525,84.57,1.17
11533,12609,212.67,1.17
11533,12617,114.2164193,1.17
11534,1291,14.61,1.17
11534,3831,177.0300476,1.17
11534,12609,5.79,1.17
11534,12610,164.1637945,1.17
11535,1292,72.34,1.17
11535,12619,246.6081855,1.17
11535,12620,312.0255113,1.17
11535,12622,343.254766,1.17
11536,1293,189.77,1.17
11536,12618,679.5260472,1.17
11536,12621,189.1728079,1.17
11536,12630,1081.629277,1.17
11537,1294,321.49,1.17
11537,12611,1289.065858,1.17
11537,12664,1020.819986,1.17
11537,12665,960.011093,1.17
11538,1295,62.39,1.17
11538,12623,130.7643384,1.17
11538,12629,18.69,1.17
11538,12632,41.88,1.17
11539,1296,284.62,1.17
11539,12664,765.2282645,1.17
11539,12666,93.75,1.17
11539,12668,979.22773,1.17
11540,1297,268.33,1.17
11540,10114,1141.58816,1.17
11540,11210,610.3204136,1.17
11540,12666,103.0674941,1.17
11540,12667,900.5603529,1.17
11541,1298,598.97,1.17
11541,2043,348.37,1.17
11541,12638,176.0906579,1.17
11541,12647,360.1311012,1.17
11541,12650,673.8569402,1.17
11542,9169,465.514373,1.17
11542,9171,2537.703762,1.17
11542,12634,613.7446513,1.17
11542,12655,1459.76366,1.17
11543,1301,2334.61,1.17
11543,12671,2152.633512,1.17
11543,12674,416.714334,1.17
11543,12678,1377.522182,1.17
11544,1304,76.32,1.17
11544,12689,361.7970533,1.17
11544,12696,183.1960238,1.17
11544,12739,234.09,1.17
11545,1306,1326.2,1.17
11545,6433,197.05,1.17
11545,12708,953.25,1.17
11545,12723,1246.456605,1.17
11546,1307,734.07,1.17
11546,9756,261.3057996,1.17
11546,12820,2026.648521,1.17
11546,12827,1578.3642,1.17
11547,1310,29.02,1.17
11547,12741,128.85,1.17
11547,12748,93.07009223,1.17
11547,12779,90.25990777,1.17
11548,1311,1726.77,1.17
11548,6446,26.07,1.17
11548,12806,1640.038195,1.17
11548,12814,840.9626311,1.17
11549,1312,1109.92,1.17
11549,7120,1650.508675,1.17
11549,12831,1890.638054,1.17
11549,12838,207.2823592,1.17
11550,1313,49.12,1.17
11550,12741,108.22,1.17
11550,12779,42.89,1.17
11550,12800,222.5001975,1.17
11551,1314,882.22,1.17
11551,11556,498.3734375,1.17
11551,12835,518.0483494,1.17
11551,12922,299.2203198,1.17
11552,1315,144.51,1.17
11552,12841,505.37,1.17
11552,12845,265.1060136,1.17
11552,12925,873.9068743,1.17
11553,1316,0.78,1.17
11553,2245,369.1794658,1.17
11553,10068,318.7037754,1.17
11553,12807,669.4572894,1.17
11554,1317,263.3,1.17
11554,10068,37.4,1.17
11554,12809,987.0455278,1.17
11554,12854,748.5140894,1.17
11554,12858,418.8129929,1.17
11555,1318,790.27,1.17
11555,12858,1123.832821,1.17
11555,12861,1304.456493,1.17
11555,12922,474.702882,1.17
11556,1319,39.33,1.17
11556,11551,324.7348148,1.17
11556,12922,218.325828,1.17
11556,12924,584.4160136,1.17
11557,1320,130.55,1.17
11557,12927,1023.156244,1.17
11557,12940,660.8401787,1.17
11557,12948,159.11,1.17
11558,1321,262.46,1.17
11558,11794,693.0370043,1.17
11558,12940,365.7157661,1.17
11559,1322,233.15,1.17
11559,2245,426.0051051,1.17
11559,9760,976.612063,1.17
11559,11565,714.4728807,1.17
11559,12876,12.31,1.17
11560,1323,199.38,1.17
11560,9760,13.98,1.17
11560,11561,322.2783377,1.17
11560,12854,818.9048063,1.17
11560,12876,891.5694541,1.17
11561,1324,981.6,1.17
11561,4234,1818.354097,1.17
11561,11560,224.7353647,1.17
11561,12864,2456.727725,1.17
11562,1325,339.0,1.17
11562,1799,254.4975674,1.17
11562,4234,681.61,1.17
11562,4236,536.2815968,1.17
11562,12955,606.7754056,1.17
11563,1326,506.73,1.17
11563,1792,535.4692388,1.17
11563,4237,429.546319,1.17
11563,12972,378.8290971,1.17
11564,1327,650.16,1.17
11564,1792,1884.643122,1.17
11564,6497,582.1796296,1.17
11564,12931,2502.946467,1.17
11564,12948,47.81,1.17
11565,1328,485.8,1.17
11565,4073,35.35,1.17
11565,10073,697.0428807,1.17
11565,11559,1230.547168,1.17
11566,1329,368.06,1.17
11566,4073,271.28,1.17
11566,4239,226.7946661,1.17
11566,11572,541.1694232,1.17
11566,12876,1073.34484,1.17
11567,1330,658.93,1.17
11567,4233,474.9741536,1.17
11567,4239,200.5616963,1.17
11567,12880,299.7941501,1.17
11568,1331,979.0,1.17
11568,4234,2058.078566,1.17
11568,12880,392.5557905,1.17
11568,12882,215.3642531,1.17
11568,12904,1619.478306,1.17
11569,1332,613.4,1.17
11569,1800,613.38,1.17
11569,1810,634.874986,1.17
11569,11575,515.2477133,1.17
11570,1333,653.4,1.17
11570,1810,455.613681,1.17
11570,1815,252.7395311,1.17
11570,1832,216.6563188,1.17
11571,1334,743.64,1.17
11571,10074,355.3669838,1.17
11571,11578,322.68,1.17
11571,12889,231.6000439,1.17
11571,12891,114.84,1.17
11572,1335,443.64,1.17
11572,11566,716.8377793,1.17
11572,12881,840.8041359,1.17
11572,12889,310.612063,1.17
11573,1336,1075.06,1.17
11573,12880,638.9087554,1.17
11573,12881,448.7130138,1.17
11573,12896,645.6733205,1.17
11573,12899,564.4961637,1.17
11574,1337,1553.49,1.17
11574,7129,353.49,1.17
11574,7146,1774.959343,1.17
11574,12882,930.1318606,1.17
11575,1338,569.52,1.17
11575,1822,333.6877133,1.17
11575,1823,393.3341846,1.17
11575,1828,513.2098745,1.17
11575,11569,483.034986,1.17
11576,1339,563.44,1.17
11576,1835,286.673681,1.17
11576,1838,1012.056277,1.17
11576,6495,986.545611,1.17
11577,1340,158.62,1.17
11577,2259,346.2836446,1.17
11577,10074,506.0144275,1.17
11577,11578,69.29,1.17
11577,11583,630.3001487,1.17
11578,1341,328.7,1.17
11578,11571,399.7647127,1.17
11578,11577,38.0,1.17
11578,11579,348.3552873,1.17
11579,1342,1048.12,1.17
11579,9164,1556.407197,1.17
11579,11578,407.71,1.17
11579,11584,1574.775961,1.17
11580,1343,799.72,1.17
11580,1836,592.38,1.17
11580,7130,388.337685,1.17
11580,11581,583.14,1.17
11581,1344,492.14,1.17
11581,1839,634.7503409,1.17
11581,11580,350.7799716,1.17
11581,11582,1169.418294,1.17
11581,11587,1030.134029,1.17
11582,1345,16.01,1.17
11582,1838,899.1397201,1.17
11582,1844,931.3047172,1.17
11582,11581,794.5331662,1.17
11583,1346,463.2,1.17
11583,11577,674.3480721,1.17
11583,11584,295.66,1.17
11583,12914,272.1701487,1.17
11584,1347,1367.39,1.17
11584,9165,550.4940894,1.17
11584,11579,1656.01191,1.17
11584,11583,377.6025217,1.17
11584,12919,718.5018714,1.17
11585,1348,554.29,1.17
11585,7130,662.234586,1.17
11585,9165,927.2373938,1.17
11585,11586,209.2,1.17
11585,11975,789.7572109,1.17
11586,1349,344.53,1.17
11586,6510,235.3006342,1.17
11586,11585,330.5103872,1.17
11586,11587,221.8589786,1.17
11587,1350,127.27,1.17
11587,1850,550.8897127,1.17
11587,6511,689.9857154,1.17
11587,11581,749.3656053,1.17
11587,11586,233.933105,1.17
11588,1351,91.63,1.17
11588,1848,260.9837704,1.17
11588,1850,288.2875287,1.17
11589,1352,24.49,1.17
11589,1908,54.16481973,1.17
11589,3261,990.7407798,1.17
11589,3769,5.72,1.17
11589,9156,563.84,1.17
11590,1353,53.88,1.17
11590,1911,208.033203,1.17
11590,11502,177.4983187,1.17
11590,11592,635.0174012,1.17
11591,1354,34.74,1.17
11591,1921,212.69,1.17
11591,3785,16.4,1.17
11591,3786,295.8265932,1.17
11592,1355,184.32,1.17
11592,1925,790.1344973,1.17
11592,3778,416.3699552,1.17
11592,11590,352.3015217,1.17
11593,1356,36.77,1.17
11593,1926,478.2040866,1.17
11593,3663,158.64,1.17
11593,3695,410.9256113,1.17
11593,3803,147.9305818,1.17
11594,1357,69.64,1.17
11594,1941,155.1713636,1.17
11594,3784,63.23,1.17
11594,3785,128.81,1.17
11595,1358,32.41,1.17
11595,1963,478.0450661,1.17
11595,3818,416.0070513,1.17
11595,3821,0.0,1.17
11596,1359,103.08,1.17
11596,3812,89.4,1.17
11596,3815,95.29,1.17
11596,3820,121.32,1.17
11597,1360,173.71,1.17
11597,1991,189.5029487,1.17
11597,2026,386.2993831,1.17
11597,4005,17.69,1.17
11597,6407,202.9570513,1.17
11597,6414,103.24,1.17
11598,1361,194.87,1.17
11598,1995,726.12,1.17
11598,2007,844.9163549,1.17
11598,6418,247.1120821,1.17
11599,1362,111.9,1.17
11599,2010,397.6556823,1.17
11599,2015,381.2993831,1.17
11599,4031,132.87,1.17
11599,6413,425.77,1.17
11600,1363,225.31,1.17
11600,2027,349.76,1.17
11600,6417,7.8,1.17
11600,6418,132.96,1.17
11600,6420,360.8830389,1.17
11601,1364,368.71,1.17
11601,2015,266.1948532,1.17
11601,2044,495.4599357,1.17
11601,4070,59.20956947,1.17
11601,6429,61.03514678,1.17
11602,1365,164.47,1.17
11602,2039,276.2130389,1.17
11602,2045,265.03,1.17
11602,6431,39.19,1.17
11603,1366,71.8,1.17
11603,4101,33.35,1.17
11603,6440,189.55,1.17
11603,6444,118.89,1.17
11603,6449,320.9193831,1.17
11604,1367,14.17,1.17
11604,2071,419.8169611,1.17
11604,2158,251.28,1.17
11604,12741,94.64019754,1.17
11605,1368,176.24,1.17
11605,2194,393.43,1.17
11605,2223,30.6,1.17
11605,4228,209.8993224,1.17
11606,1369,186.64,1.17
11606,2234,66.51,1.17
11606,2240,144.9615982,1.17
11606,2246,183.02,1.17
11607,1370,207.92,1.17
11607,2163,777.9137539,1.17
11607,2248,657.593207,1.17
11607,4244,192.26,1.17
11608,1371,123.58,1.17
11608,2255,445.8459597,1.17
11608,2259,165.1466333,1.17
11608,4244,38.22,1.17
11608,10074,266.7217579,1.17
11609,1372,41.51,1.17
11609,3598,113.01,1.17
11609,3600,68.85,1.17
11609,3638,260.24,1.17
11610,1373,74.0,1.17
11610,3603,56.64,1.17
11610,3616,64.62,1.17
11610,3618,7.49,1.17
11610,3645,56.44,1.17
11611,1374,104.07,1.17
11611,3638,28.41,1.17
11611,3640,101.03,1.17
11611,3644,83.8,1.17
11612,1375,236.93,1.17
11612,3640,65.55,1.17
11612,3642,304.57,1.17
11612,3645,43.1,1.17
11613,1376,42.15,1.17
11613,3691,735.87,1.17
11613,3700,648.15,1.17
11613,3703,43.78382342,1.17
11614,1377,91.57,1.17
11614,3692,289.25,1.17
11614,3707,104.5307411,1.17
11614,3709,303.9392589,1.17
11615,1378,7.36,1.17
11615,3721,192.82,1.17
11615,3724,129.06,1.17
11615,3738,26.22,1.17
11616,1379,26.02,1.17
11616,3725,16.58,1.17
11616,3741,5.59,1.17
11616,3743,14.3,1.17
11617,1380,62.88,1.17
11617,2471,323.5197541,1.17
11617,3758,25.45,1.17
11617,4000,151.7345181,1.17
11617,4014,314.0970445,1.17
11618,1381,51.48,1.17
11618,4002,26.6,1.17
11618,4004,46.14,1.17
11618,4006,47.86,1.17
11619,1382,66.16,1.17
11619,4027,79.67,1.17
11619,4037,5.53,1.17
11619,4039,44.5,1.17
11620,1383,28.61,1.17
11620,2982,79.14,1.17
11620,4029,57.14,1.17
11620,4031,278.0398779,1.17
11621,1384,24.25,1.17
11621,4067,5.14,1.17
11621,4069,21.98,1.17
11621,4083,32.79,1.17
11622,1385,51.7,1.17
11622,4060,276.1797541,1.17
11622,4062,127.9801221,1.17
11622,4072,332.3023038,1.17
11623,1386,21.06,1.17
11623,4082,47.53324542,1.17
11623,4089,21.15,1.17
11623,4096,60.91,1.17
11624,1387,42.75,1.17
11624,4072,394.2,1.17
11624,4099,25.42,1.17
11624,4115,705.2907411,1.17
11624,9763,99.07,1.17
11625,1388,37.3,1.17
11625,4127,52.59324542,1.17
11625,4135,62.9,1.17
11625,4137,250.72,1.17
11625,4145,0.08,1.17
11626,1389,28.8,1.17
11626,4128,53.16,1.17
11626,4137,81.75,1.17
11626,4139,261.93,1.17
11627,1390,29.08,1.17
11627,4150,42.64,1.17
11627,4152,130.37,1.17
11627,4161,13.86,1.17
11628,1391,141.92,1.17
11628,4153,43.14324542,1.17
11628,4155,425.29,1.17
11628,4156,678.84,1.17
11629,1491,117.42,1.17
11629,5497,72.60128593,1.17
11629,5624,1074.809109,1.17
11629,5626,628.2887141,1.17
11629,5648,272.49,1.17
11629,7302,619.199918,1.17
11630,1492,31.22,1.17
11630,5648,79.47168995,1.17
11630,5661,138.3683101,1.17
11630,5663,52.2,1.17
11630,5678,51.33,1.17
11631,1493,21.75,1.17
11631,5691,198.68,1.17
11631,5695,27.65,1.17
11631,5710,15.42,1.17
11632,1494,8.16,1.17
11632,5731,2.84,1.17
11632,5744,148.2,1.17
11632,5746,6.55,1.17
11632,5758,42.63,1.17
11633,1495,712.67,1.17
11633,1980,523.4114062,1.17
11633,1982,397.9885938,1.17
11633,2833,509.5630481,1.17
11634,1497,135.52,1.17
11634,2038,1899.185466,1.17
11634,5618,557.9002637,1.17
11634,5621,984.3897363,1.17
11634,11814,398.46,1.17
11635,1501,86.54,1.17
11635,5673,316.5222282,1.17
11635,5688,0.0,1.17
11635,5705,73.45,1.17
11636,1503,19.54,1.17
11636,5660,189.43,1.17
11636,5677,165.03,1.17
11636,5690,99.26,1.17
11637,1504,211.21,1.17
11637,5719,348.62,1.17
11637,5728,236.01,1.17
11637,5741,134.2910063,1.17
11637,9839,494.440049,1.17
11638,1505,14.18,1.17
11638,5690,141.51,1.17
11638,5708,114.129951,1.17
11638,5710,6.83,1.17
11638,5720,71.64,1.17
11639,1506,110.27,1.17
11639,5740,126.83,1.17
11639,5752,42.77,1.17
11639,5754,13.99,1.17
11639,5778,35.95,1.17
11640,1507,17.49,1.17
11640,5728,48.98004896,1.17
11640,5741,6.82,1.17
11640,5743,0.02,1.17
11640,5755,19.05,1.17
11641,1508,215.78,1.17
11641,5237,183.7678541,1.17
11641,5610,152.94,1.17
11641,5630,92.8325439,1.17
11641,10744,180.6,1.17
11642,1510,534.84,1.17
11642,2402,437.16,1.17
11642,5615,337.9656496,1.17
11642,5788,317.54,1.17
11643,1514,17.99,1.17
11643,5652,161.0971913,1.17
11643,5665,150.98,1.17
11643,5667,42.3225439,1.17
11643,5681,260.02,1.17
11644,1516,6.72,1.17
11644,5669,95.01,1.17
11644,5670,38.77,1.17
11644,5686,0.92,1.17
11645,1517,21.26,1.17
11645,5700,198.500049,1.17
11645,5712,13.46,1.17
11645,5714,4.68,1.17
11645,5723,45.88,1.17
11646,1518,20.74,1.17
11646,5686,24.97,1.17
11646,5702,135.6,1.17
11646,5704,63.38,1.17
11646,5716,5.86,1.17
11647,1519,55.94,1.17
11647,5393,87.29,1.17
11647,5734,77.2,1.17
11647,5748,32.38,1.17
11647,5766,8.84,1.17
11648,1520,10.7,1.17
11648,5737,28.29,1.17
11648,5749,51.24,1.17
11648,5751,30.57,1.17
11648,5772,5.31,1.17
11649,1521,594.98,1.17
11649,4953,509.12,1.17
11649,4968,442.4813152,1.17
11649,7307,521.3876989,1.17
11650,1522,339.3,1.17
11650,4967,766.1,1.17
11650,4969,425.1472362,1.17
11650,4970,152.2252242,1.17
11650,4974,1423.536909,1.17
11651,1523,213.7,1.17
11651,1833,724.6184021,1.17
11651,2319,394.1689552,1.17
11651,4940,298.71,1.17
11651,4970,120.7368221,1.17
11652,1524,179.2,1.17
11652,4936,245.1,1.17
11652,4953,553.8872848,1.17
11652,4960,569.4596461,1.17
11652,11653,597.0902262,1.17
11653,1525,761.41,1.17
11653,1902,244.72,1.17
11653,1904,589.5802262,1.17
11653,4907,675.0975432,1.17
11653,4961,503.6247579,1.17
11653,11652,569.5792321,1.17
11654,1526,443.07,1.17
11654,1907,810.4769384,1.17
11654,4928,597.4016111,1.17
11654,4961,526.39,1.17
11655,1527,26.86,1.17
11655,4915,0.0,1.17
11655,4934,219.84,1.17
11655,4936,331.5874676,1.17
11655,4960,37.86,1.17
11656,1528,432.42,1.17
11656,1904,610.3802324,1.17
11656,4947,42.54,1.17
11656,4949,495.7902262,1.17
11657,1529,135.77,1.17
11657,1967,541.1002262,1.17
11657,4949,460.0392321,1.17
11657,7306,12.4,1.17
11658,1530,25.94,1.17
11658,5230,165.1678541,1.17
11658,5231,15.79,1.17
11658,5234,94.53,1.17
11658,5247,0.0,1.17
11659,1531,59.16,1.17
11659,5248,115.1523011,1.17
11659,5266,237.3976989,1.17
11659,5268,183.2525324,1.17
11659,5282,69.16,1.17
11660,1532,17.1,1.17
11660,2000,405.41,1.17
11660,5279,0.16,1.17
11660,5281,23.89,1.17
11660,5296,369.53,1.17
11661,1533,26.37,1.17
11661,5268,86.28,1.17
11661,5282,20.55,1.17
11661,5284,1.38,1.17
11661,5299,34.12,1.17
11662,1534,13.76,1.17
11662,5327,370.66,1.17
11662,5341,68.17,1.17
11662,5342,73.22,1.17
11662,5355,361.05,1.17
11663,1535,14.76,1.17
11663,5330,22.11,1.17
11663,5343,177.23,1.17
11663,5357,76.59,1.17
11663,9852,106.51,1.17
11664,1536,12.02,1.17
11664,5354,7.197653791,1.17
11664,5373,451.2171206,1.17
11664,5387,0.0,1.17
11664,11691,441.6724297,1.17
11665,1537,375.68,1.17
11665,5362,0.0,1.17
11665,5365,13.44,1.17
11665,5378,300.34,1.17
11665,6501,192.89,1.17
11666,1538,179.69,1.17
11666,2276,382.5091267,1.17
11666,7320,70.99,1.17
11666,12885,292.26,1.17
11667,1539,242.22,1.17
11667,5013,164.62,1.17
11667,5014,229.18,1.17
11667,5016,348.65,1.17
11668,1540,548.52,1.17
11668,12811,1008.421276,1.17
11668,12888,214.24,1.17
11668,12890,522.3403332,1.17
11668,12934,257.73,1.17
11669,1541,65.63,1.17
11669,2703,468.4555754,1.17
11669,4890,36.97,1.17
11669,5001,429.39302,1.17
11669,11670,27.16,1.17
11670,1542,50.36,1.17
11670,5002,131.02,1.17
11670,5007,296.0479404,1.17
11670,11669,15.82,1.17
11671,1543,257.85,1.17
11671,5004,133.48,1.17
11671,12936,658.6145751,1.17
11671,12937,768.4918886,1.17
11672,1544,16.07,1.17
11672,4888,64.32,1.17
11672,4987,485.3207224,1.17
11672,4989,112.8276662,1.17
11672,5001,566.0243094,1.17
11673,1545,55.71,1.17
11673,4989,256.4118772,1.17
11673,4991,155.8381704,1.17
11673,4993,130.7841272,1.17
11674,1546,41.91,1.17
11674,2390,138.78,1.17
11674,4996,164.5081704,1.17
11674,4997,141.2945751,1.17
11675,1547,74.6,1.17
11675,4963,116.33,1.17
11675,4975,480.1593334,1.17
11675,8869,666.6735852,1.17
11676,1548,247.06,1.17
11676,4977,407.3306666,1.17
11676,7310,33.39,1.17
11676,7312,218.94,1.17
11676,7313,95.44056517,1.17
11677,1549,143.27,1.17
11677,4951,253.239586,1.17
11677,7309,167.95,1.17
11677,9849,411.2518296,1.17
11678,1550,343.3,1.17
11678,4882,110.82,1.17
11678,4941,241.82,1.17
11678,7316,23.99,1.17
11678,8869,504.1857378,1.17
11679,1551,732.2,1.17
11679,1899,338.142631,1.17
11679,4956,112.32,1.17
11679,7316,437.0977614,1.17
11679,9843,196.18,1.17
11680,1552,202.61,1.17
11680,4958,695.8396461,1.17
11680,4960,583.2176937,1.17
11680,9845,22.56,1.17
11680,9850,1.83,1.17
11681,1553,179.92,1.17
11681,4877,365.6738698,1.17
11681,4930,156.03,1.17
11681,4941,151.01,1.17
11682,1554,125.81,1.17
11682,4910,79.68,1.17
11682,4930,350.13,1.17
11682,4932,146.79,1.17
11682,4943,165.2303924,1.17
11683,1555,87.52,1.17
11683,4913,4.69,1.17
11683,4932,253.77,1.17
11683,4934,254.61,1.17
11683,9845,24.2,1.17
11684,1556,178.63,1.17
11684,5239,548.8033152,1.17
11684,5253,93.75668479,1.17
11684,11686,521.3625324,1.17
11685,1557,36.17,1.17
11685,5227,7.35,1.17
11685,5242,58.69,1.17
11685,5244,79.64,1.17
11686,1558,160.58,1.17
11686,5258,290.9925324,1.17
11686,7304,341.02,1.17
11686,11684,586.91,1.17
11687,1559,13.2,1.17
11687,5277,5.24,1.17
11687,5290,14.95,1.17
11687,5293,24.79,1.17
11687,5311,7.9,1.17
11688,1560,8.63,1.17
11688,5323,40.07,1.17
11688,5334,0.51,1.17
11688,5351,165.05,1.17
11688,11689,12.7,1.17
11689,1561,15.19,1.17
11689,5336,41.63,1.17
11689,5338,16.87,1.17
11689,5352,57.03,1.17
11689,11688,3.78,1.17
11690,1562,7.29,1.17
11690,5351,32.3,1.17
11690,5368,321.66,1.17
11690,5370,225.0147744,1.17
11690,5384,170.45,1.17
11691,1563,7.47,1.17
11691,5353,233.6,1.17
11691,5370,244.64,1.17
11691,5386,0.0,1.17
11691,11664,438.9347744,1.17
11692,1564,571.2,1.17
11692,4581,1051.865138,1.17
11692,4609,841.2127382,1.17
11692,6492,1545.285229,1.17
11693,1566,1284.0,1.17
11693,4584,1857.277757,1.17
11693,4585,1681.313847,1.17
11693,7421,2223.389362,1.17
11693,11824,837.6898868,1.17
11694,1575,2.92,1.17
11694,4601,1642.520425,1.17
11694,4618,0.0,1.17
11694,10085,2134.688599,1.17
11694,12801,327.4779588,1.17
11695,1573,396.01,1.17
11695,2262,46.65,1.17
11695,4577,441.52,1.17
11695,12803,1004.387777,1.17
11696,1576,35.22,1.17
11696,4601,1771.740395,1.17
11696,4862,1307.428536,1.17
11696,4868,35.15,1.17
11696,4870,379.3498719,1.17
11697,1577,502.28,1.17
11697,7414,1838.161379,1.17
11697,7415,0.2,1.17
11697,7416,2619.339411,1.17
11698,1578,262.04,1.17
11698,4578,92.44,1.17
11698,4761,54.69,1.17
11698,4893,48.09,1.17
11699,1579,45.66,1.17
11699,4848,1346.907767,1.17
11699,4851,331.3394549,1.17
11699,4862,1414.111491,1.17
11699,11700,301.48,1.17
11700,1580,242.59,1.17
11700,4863,72.41644752,1.17
11700,7327,282.86,1.17
11700,11699,263.0994549,1.17
11701,1581,1140.8,1.17
11701,4756,567.38,1.17
11701,7328,675.4392746,1.17
11701,7329,983.2834264,1.17
11701,12929,963.7513626,1.17
11702,1582,778.86,1.17
11702,4831,2.7,1.17
11702,4848,1454.071491,1.17
11702,7532,1465.061467,1.17
11702,10034,257.8540578,1.17
11703,1583,652.66,1.17
11703,4849,2077.642854,1.17
11703,7352,1545.937679,1.17
11703,10034,303.1127282,1.17
11704,1584,300.88,1.17
11704,4887,194.6539083,1.17
11704,7334,350.0860917,1.17
11704,7335,68.18,1.17
11704,11710,174.26,1.17
11705,1585,849.47,1.17
11705,4811,146.7714318,1.17
11705,7394,1760.981804,1.17
11705,7395,1622.723976,1.17
11705,7400,40.37,1.17
11706,1586,498.94,1.17
11706,4820,279.25,1.17
11706,4846,724.8156604,1.17
11706,7358,0.0,1.17
11706,7359,487.2999134,1.17
11706,7532,90.75433963,1.17
11707,1587,648.54,1.17
11707,4748,252.3231661,1.17
11707,7363,374.7762028,1.17
11707,7432,265.2906311,1.17
11708,1588,319.41,1.17
11708,4752,571.1421751,1.17
11708,7349,6.92,1.17
11708,7350,688.6778249,1.17
11709,1589,174.37,1.17
11709,4753,66.51,1.17
11709,7339,126.93,1.17
11709,7344,151.9,1.17
11710,1590,87.47,1.17
11710,4751,17.76,1.17
11710,4886,30.7,1.17
11710,7341,165.23,1.17
11710,11704,266.22,1.17
11711,1591,1699.64,1.17
11711,4787,1580.159396,1.17
11711,7371,744.7587078,1.17
11711,7388,432.47,1.17
11711,7392,1761.068817,1.17
11712,1592,471.1,1.17
11712,7371,1276.855259,1.17
11712,7372,22.81,1.17
11712,7389,632.5287078,1.17
11712,7391,0.0,1.17
11713,1593,1419.3,1.17
11713,4743,458.6,1.17
11713,4747,334.3175551,1.17
11713,4748,414.29,1.17
11713,7533,588.0950926,1.17
11714,1594,1194.05,1.17
11714,4733,471.0072516,1.17
11714,4739,497.29,1.17
11714,6686,1292.191189,1.17
11714,7347,528.0527484,1.17
11715,1595,629.25,1.17
11715,7340,237.87,1.17
11715,7343,110.86,1.17
11715,7346,519.24,1.17
11715,9836,0.0,1.17
11716,1596,149.76,1.17
11716,4884,503.0327484,1.17
11716,7342,659.2790723,1.17
11717,1597,852.57,1.17
11717,4794,0.0,1.17
11717,7387,1366.259586,1.17
11717,7402,1212.18557,1.17
11718,1598,494.94,1.17
11718,4704,299.29,1.17
11718,4720,170.84,1.17
11718,7376,281.42,1.17
11719,1599,415.22,1.17
11719,4709,488.4762629,1.17
11719,4721,226.4762028,1.17
11719,7378,1041.03,1.17
11720,1600,446.85,1.17
11720,4724,0.0,1.17
11720,4725,822.4176231,1.17
11720,6859,890.4160988,1.17
11721,1601,452.91,1.17
11721,4701,108.79,1.17
11721,4725,63.09,1.17
11721,4734,269.121773,1.17
11721,7348,23.83,1.17
11722,1602,242.64,1.17
11722,4883,83.7,1.17
11722,6620,269.19,1.17
11722,7342,343.9238698,1.17
11722,7348,126.93,1.17
11723,1603,392.17,1.17
11723,4778,646.26,1.17
11723,4784,34.91,1.17
11723,7383,573.88,1.17
11724,1604,255.69,1.17
11724,4705,46.05,1.17
11724,7382,61.07,1.17
11724,7384,107.28,1.17
11725,1605,70.41,1.17
11725,4686,62.08,1.17
11725,4688,304.21,1.17
11725,4706,365.94,1.17
11725,11827,901.3,1.17
11726,1606,443.2,1.17
11726,4694,132.1506755,1.17
11726,4696,67.44385632,1.17
11726,4698,36.96,1.17
11726,4717,408.5575515,1.17
11727,1607,132.16,1.17
11727,4684,17.49,1.17
11727,4689,417.7426926,1.17
11727,4696,524.1064509,1.17
11727,4698,72.55,1.17
11728,1608,65.36,1.17
11728,4691,212.6798398,1.17
11728,4698,109.75,1.17
11728,4702,407.7410129,1.17
11728,4881,22.54,1.17
11729,1613,0.3,1.17
11729,5439,119.96,1.17
11729,5448,0.0,1.17
11729,11827,132.41,1.17
11730,1611,154.62,1.17
11730,4679,204.92,1.17
11730,4684,144.41,1.17
11730,4687,578.8903903,1.17
11730,11829,303.0,1.17
11731,1612,313.38,1.17
11731,4685,451.6025324,1.17
11731,4689,456.3864509,1.17
11731,4691,301.3310129,1.17
11732,1615,83.46,1.17
11732,5441,112.9,1.17
11732,5443,67.57,1.17
11732,5445,146.17,1.17
11733,1616,39.83,1.17
11733,5457,160.49,1.17
11733,5462,165.6366848,1.17
11733,5467,104.91,1.17
11733,5472,0.0,1.17
11734,1617,76.4,1.17
11734,5469,84.83,1.17
11734,5483,1.49,1.17
11734,5485,111.5,1.17
11735,1618,26.79,1.17
11735,5478,10.78,1.17
11735,5493,9.39,1.17
11735,5495,6.64,1.17
11736,1619,4.88,1.17
11736,5516,11.14,1.17
11737,1620,0.28,1.17
11737,5553,2.24,1.17
11737,5555,0.85,1.17
11737,5566,1.73,1.17
11738,1621,20.96,1.17
11738,5553,0.0,1.17
11738,5564,289.7817634,1.17
11738,5566,218.8647744,1.17
11738,5585,0.25,1.17
11739,1622,13.16,1.17
11739,5555,0.0,1.17
11739,5566,255.04,1.17
11739,5568,211.6647744,1.17
11739,5586,4.69,1.17
11740,1623,35.88,1.17
11740,6547,1.83,1.17
11740,6572,387.3872384,1.17
11740,6578,418.3782366,1.17
11740,9812,0.0,1.17
11741,1624,10.33,1.17
11741,6528,11.93,1.17
11741,6551,7.33,1.17
11741,6558,13.68,1.17
11742,1625,37.98,1.17
11742,6588,588.48,1.17
11742,6590,421.8727616,1.17
11742,6600,0.84,1.17
11743,1626,8.05,1.17
11743,6576,17.11,1.17
11743,6593,6.76,1.17
11743,6595,0.0,1.17
11743,6601,18.56,1.17
11744,1627,283.6,1.17
11744,4665,608.7658051,1.17
11744,4668,170.4038592,1.17
11744,9829,537.505214,1.17
11745,1628,511.92,1.17
11745,2893,1140.410531,1.17
11745,4625,912.3492198,1.17
11745,4635,343.2306347,1.17
11746,1629,146.82,1.17
11746,4654,848.6847286,1.17
11746,4655,221.1781257,1.17
11746,4656,51.96,1.17
11746,4659,959.6207627,1.17
11747,1630,131.96,1.17
11747,2965,390.9454324,1.17
11747,4629,217.9121511,1.17
11747,4631,337.3658535,1.17
11747,4632,486.5285727,1.17
11748,1631,759.69,1.17
11748,4651,375.9978848,1.17
11748,4857,14.49,1.17
11748,4866,17.63,1.17
11748,9821,722.551842,1.17
11749,1632,340.36,1.17
11749,2664,763.7227893,1.17
11749,4858,232.6,1.17
11749,4865,1156.275763,1.17
11749,4867,766.4134924,1.17
11750,1633,86.45,1.17
11750,4814,39.93768556,1.17
11750,4825,673.894176,1.17
11750,4827,717.4816963,1.17
11750,4839,107.4738201,1.17
11751,1634,1375.02,1.17
11751,2704,991.53,1.17
11751,3052,506.69,1.17
11751,4835,54.05,1.17
11752,1635,8.48,1.17
11752,4790,56.09,1.17
11752,4807,25.16,1.17
11752,4874,44.85768556,1.17
11752,9813,110.55,1.17
11753,1637,1086.05,1.17
11753,4792,857.9845131,1.17
11753,7405,1293.279586,1.17
11753,7408,919.6091424,1.17
11754,1641,6.4,1.17
11754,4799,4.05,1.17
11754,4802,0.0,1.17
11754,4803,0.0,1.17
11754,4874,21.45,1.17
11755,1643,424.09,1.17
11755,4782,30.55,1.17
11755,6476,33.16,1.17
11755,7384,94.05,1.17
11755,11833,156.47,1.17
11756,1644,468.66,1.17
11756,5409,60.2,1.17
11756,5411,698.23,1.17
11756,5413,130.31,1.17
11757,1645,279.87,1.17
11757,5432,229.54,1.17
11757,5436,70.68,1.17
11757,5437,146.09,1.17
11758,1646,37.64,1.17
11758,5429,56.16,1.17
11758,7431,0.0,1.17
11758,9811,15.23,1.17
11759,1647,179.65,1.17
11759,5490,67.83,1.17
11760,1648,97.7,1.17
11760,5538,344.63,1.17
11760,5541,489.184114,1.17
11760,5558,0.0,1.17
11761,1649,8.38,1.17
11761,5516,12.46,1.17
11762,1650,22.68,1.17
11762,5559,74.06,1.17
11762,5576,103.0463215,1.17
11762,5595,10.86,1.17
11763,1651,764.06,1.17
11763,5578,847.21,1.17
11763,5602,379.1672384,1.17
11763,9799,402.6893324,1.17
11764,1652,326.77,1.17
11764,5596,0.0,1.17
11764,5597,67.42,1.17
11764,6523,383.37,1.17
11764,6535,86.59,1.17
11765,1653,123.71,1.17
11765,5600,574.45,1.17
11765,6544,204.5327616,1.17
11765,6545,70.23,1.17
11766,1654,247.25,1.17
11766,6582,128.76,1.17
11767,1655,13.5,1.17
11767,6571,31.64,1.17
11767,6586,3.58,1.17
11767,6598,0.0,1.17
11768,714,461.89,1.17
11768,4700,2760.943572,1.17
11768,9348,1668.064192,1.17
11768,11196,1316.532214,1.17
11768,11197,1497.361117,1.17
11769,729,1890.01,1.17
11769,8896,470.1489456,1.17
11769,10945,187.7050354,1.17
11769,10950,1688.459853,1.17
11769,11771,1507.192592,1.17
11770,736,907.81,1.17
11770,9087,95.12252465,1.17
11770,9090,2192.546614,1.17
11770,9091,1577.269008,1.17
11771,730,552.54,1.17
11771,9059,313.7577966,1.17
11771,9060,1923.429624,1.17
11771,9087,1119.780791,1.17
11771,11769,1501.196766,1.17
11772,750,2134.7,1.17
11772,8272,1577.744802,1.17
11772,8278,990.4554065,1.17
11772,10965,1212.84976,1.17
11772,12038,2285.540274,1.17
11773,789,371.88,1.17
11773,8905,898.6854711,1.17
11773,11001,1899.638244,1.17
11773,12084,1229.726004,1.17
11774,794,3309.99,1.17
11774,3866,578.51,1.17
11774,8910,921.2381704,1.17
11774,11004,2495.228523,1.17
11775,790,498.49,1.17
11775,3861,40.68,1.17
11775,3863,530.4802488,1.17
11775,3864,594.4287953,1.17
11775,12088,969.2938442,1.17
11776,800,176.23,1.17
11776,11004,1362.171963,1.17
11776,12037,811.3623452,1.17
11776,12381,927.6958403,1.17
11777,805,957.19,1.17
11777,10922,777.81,1.17
11777,12037,1735.873745,1.17
11777,12381,2923.52,1.17
11778,801,709.72,1.17
11778,2396,1940.090231,1.17
11778,2416,1528.64965,1.17
11778,2417,159.18,1.17
11778,11004,1445.480588,1.17
11779,820,414.12,1.17
11779,3877,4.86,1.17
11779,9649,321.4235575,1.17
11779,9669,365.1536139,1.17
11779,11012,464.7806602,1.17
11780,826,201.59,1.17
11780,11017,2144.293814,1.17
11780,11781,1797.842194,1.17
11780,12347,1314.167707,1.17
11781,821,946.66,1.17
11781,8507,1303.723151,1.17
11781,9649,2202.00786,1.17
11781,9669,1638.26231,1.17
11781,11780,1702.815735,1.17
11782,844,439.95,1.17
11782,2481,406.8713345,1.17
11782,3882,1890.508756,1.17
11782,12157,1807.656,1.17
11782,12159,1582.946963,1.17
11783,847,473.52,1.17
11783,4959,1325.344419,1.17
11783,8505,2015.522373,1.17
11783,12033,2727.625366,1.17
11784,845,580.06,1.17
11784,3882,1083.38368,1.17
11784,12033,2153.018985,1.17
11784,12083,2206.970088,1.17
11784,12302,2104.605652,1.17
11785,967,271.73,1.17
11785,2693,2627.308296,1.17
11785,3886,371.1671927,1.17
11785,6326,2579.584781,1.17
11786,972,147.36,1.17
11786,6326,2431.015896,1.17
11786,6340,1585.078663,1.17
11786,9793,2376.359446,1.17
11786,10036,902.4116098,1.17
11787,968,48.22,1.17
11787,9794,392.3466732,1.17
11787,9796,86.09332685,1.17
11787,10036,1070.065399,1.17
11787,11016,817.2868093,1.17
11787,11154,513.7902878,1.17
11788,1015,888.06,1.17
11788,4617,1363.456845,1.17
11788,10080,138.5335669,1.17
11788,11790,1780.808536,1.17
11789,1021,996.05,1.17
11789,3834,500.0102789,1.17
11789,9150,2047.921139,1.17
11789,10081,2740.066651,1.17
11789,12836,1581.286146,1.17
11790,1016,1661.38,1.17
11790,2866,2269.107021,1.17
11790,11788,1650.870569,1.17
11790,12529,1781.090326,1.17
11790,12555,1747.881989,1.17
11791,1017,1606.07,1.17
11791,11199,989.7368376,1.17
11791,12555,2672.816804,1.17
11791,12558,2497.660597,1.17
11792,1023,1349.77,1.17
11792,3472,1932.449007,1.17
11792,3475,2547.866623,1.17
11792,3479,1115.348365,1.17
11792,3483,2097.909584,1.17
11793,1018,225.69,1.17
11793,10003,1870.36103,1.17
11793,12557,135.768593,1.17
11793,12558,1571.458955,1.17
11794,1048,73.62,1.17
11794,4678,1023.163816,1.17
11794,11558,446.0057661,1.17
11794,11796,662.984002,1.17
11795,1055,426.36,1.17
11795,2938,0.0,1.17
11795,4649,627.8492673,1.17
11795,4678,274.2259122,1.17
11796,1049,65.92,1.17
11796,11222,890.9849013,1.17
11796,11794,486.76,1.17
11796,11797,243.6009191,1.17
11797,1050,124.81,1.17
11797,2517,2011.37108,1.17
11797,2856,1433.759754,1.17
11797,11796,426.6040878,1.17
11797,11799,929.0038672,1.17
11798,1057,310.46,1.17
11798,3124,1167.713038,1.17
11798,10078,2009.959227,1.17
11798,11226,53.12,1.17
11799,1051,1203.1,1.17
11799,10078,1158.612371,1.17
11799,11797,838.347208,1.17
11799,11800,595.5479577,1.17
11800,1052,108.79,1.17
11800,6401,0.0,1.17
11800,11224,552.2679577,1.17
11800,11799,561.0385034,1.17
11801,1059,478.72,1.17
11801,4612,637.7223607,1.17
11801,4615,1091.412372,1.17
11801,10079,1626.920974,1.17
11801,11227,0.0,1.17
11802,1053,1165.43,1.17
11802,4617,1576.115001,1.17
11802,6404,2151.281749,1.17
11802,10079,1126.091491,1.17
11803,1060,7.91,1.17
11803,2558,528.2995311,1.17
11803,6496,274.526319,1.17
11803,11805,897.1809127,1.17
11804,1067,331.13,1.17
11804,2558,977.6298282,1.17
11804,3032,1678.754381,1.17
11804,9835,610.2991649,1.17
11804,11228,1602.681093,1.17
11805,1061,31.47,1.17
11805,2938,746.7445027,1.17
11805,11225,961.9008135,1.17
11805,11803,625.73,1.17
11806,1062,216.24,1.17
11806,2938,409.4702253,1.17
11806,4648,1738.680248,1.17
11806,11226,1866.165535,1.17
11806,11808,426.5235696,1.17
11807,1069,222.91,1.17
11807,2727,632.9935608,1.17
11807,3858,1702.748851,1.17
11807,11229,1065.347491,1.17
11807,11230,409.422348,1.17
11808,1063,371.33,1.17
11808,2722,1303.832325,1.17
11808,3124,808.4328187,1.17
11808,3858,1206.511052,1.17
11808,11806,298.1963936,1.17
11809,1064,702.94,1.17
11809,2722,1108.073745,1.17
11809,3858,0.0,1.17
11809,11230,785.8726288,1.17
11809,11811,177.9,1.17
11810,1071,666.65,1.17
11810,3716,72.84,1.17
11810,4611,470.0050582,1.17
11810,12596,948.3331918,1.17
11811,1065,1496.81,1.17
11811,3871,467.8104442,1.17
11811,4615,584.2292825,1.17
11811,9152,412.3247549,1.17
11811,11809,104.41,1.17
11812,1498,92.1,1.17
11812,5569,398.11,1.17
11812,5645,33.73435042,1.17
11812,5646,13.11,1.17
11812,5650,112.49,1.17
11813,1499,132.33,1.17
11813,2005,150.17,1.17
11813,5628,92.56460905,1.17
11813,5647,193.59,1.17
11814,1496,408.03,1.17
11814,1982,350.72,1.17
11814,5619,68.71,1.17
11814,11634,407.61,1.17
11815,1500,66.44,1.17
11815,5621,876.942218,1.17
11815,5623,139.01,1.17
11815,5629,223.22,1.17
11815,5658,341.03,1.17
11816,1502,42.95,1.17
11816,2005,132.93,1.17
11816,5655,38.79,1.17
11816,5674,79.67,1.17
11817,1511,450.75,1.17
11817,5270,165.62,1.17
11817,5630,157.26,1.17
11817,5651,42.5725439,1.17
11817,6676,474.47,1.17
11818,1512,276.6,1.17
11818,2003,131.71,1.17
11818,5641,487.695342,1.17
11818,5653,52.14,1.17
11819,1509,158.31,1.17
11819,2001,158.7674561,1.17
11819,2357,561.6135134,1.17
11819,5610,215.3078541,1.17
11819,5612,139.3,1.17
11820,1513,217.92,1.17
11820,5531,232.61,1.17
11820,5635,235.89,1.17
11821,1515,22.62,1.17
11821,5641,12.79,1.17
11821,5667,110.22,1.17
11821,5668,36.96,1.17
11821,5683,0.0,1.17
11822,1567,142.99,1.17
11822,4604,1029.169638,1.17
11822,4624,678.0257096,1.17
11822,10082,949.3585048,1.17
11823,1568,978.65,1.17
11823,4580,683.4548491,1.17
11823,4606,398.7948172,1.17
11823,7420,426.0699492,1.17
11823,9838,163.39,1.17
11824,1565,682.26,1.17
11824,2696,795.5865668,1.17
11824,7420,73.76,1.17
11824,11693,1787.125301,1.17
11825,1569,756.88,1.17
11825,1884,2208.65,1.17
11825,2260,1129.416165,1.17
11825,7076,4.47,1.17
11826,1572,1017.03,1.17
11826,7418,1979.211379,1.17
11826,12801,752.6261634,1.17
11826,12802,2836.14737,1.17
11827,1609,1147.04,1.17
11827,11725,437.83,1.17
11827,11729,119.88,1.17
11827,11829,76.3,1.17
11828,1614,0.43,1.17
11828,4679,41.22,1.17
11828,9827,50.52,1.17
11828,11829,67.27,1.17
11829,1610,0.42,1.17
11829,4686,129.53,1.17
11829,11730,101.52,1.17
11829,11827,241.82,1.17
11829,11828,36.75,1.17
11830,1638,6.41,1.17
11830,4788,304.1681382,1.17
11830,4804,0.94,1.17
11830,4874,231.8036087,1.17
11831,1639,496.03,1.17
11831,4766,673.1839166,1.17
11831,4770,418.4123144,1.17
11831,9813,51.77,1.17
11831,11832,949.4462523,1.17
11832,1636,517.1,1.17
11832,4807,68.54321845,1.17
11832,4808,550.0202445,1.17
11832,4816,959.1050545,1.17
11832,11831,622.716231,1.17
11833,1640,740.9,1.17
11833,4792,588.8619146,1.17
11833,7402,307.95,1.17
11833,11755,181.71,1.17
11834,1642,133.46,1.17
11834,4779,163.16,1.17
11834,4781,97.21,1.17
11834,6476,60.04,1.17
11835,1716,888.04,1.17
11835,4212,499.3418832,1.17
11835,4213,196.14,1.17
11835,11966,790.5417693,1.17
11836,1717,581.37,1.17
11836,2328,677.5307774,1.17
11836,9386,94.49324542,1.17
11836,9388,737.2009112,1.17
11837,1718,3243.11,1.17
11837,4257,1167.002534,1.17
11837,4263,730.9430256,1.17
11837,11975,890.2662189,1.17
11837,11976,610.250561,1.17
11838,1722,73.65,1.17
11838,3704,109.07,1.17
11838,9375,14.88,1.17
11838,9377,59.13,1.17
11838,11970,85.42,1.17
11839,1723,435.18,1.17
11839,3393,457.5343813,1.17
11839,4187,296.4667546,1.17
11839,4272,450.2521074,1.17
11839,4281,378.9256187,1.17
11840,1724,62.01,1.17
11840,3650,439.76,1.17
11840,3670,860.0074532,1.17
11840,4279,370.2727306,1.17
11840,9400,0.0,1.17
11841,1725,94.33,1.17
11841,5527,27.82,1.17
11841,7065,109.53,1.17
11841,11972,76.44,1.17
11842,1726,59.34,1.17
11842,2473,258.748862,1.17
11842,6513,19.47,1.17
11842,6562,310.24,1.17
11842,9394,0.0,1.17
11843,1727,61.24,1.17
11843,9402,233.1,1.17
11843,9405,289.7836087,1.17
11843,11951,0.0,1.17
11844,1728,23.46,1.17
11844,9413,54.58,1.17
11845,1729,873.7,1.17
11845,9457,198.968862,1.17
11845,9459,106.294244,1.17
11845,9468,469.3168941,1.17
11846,1730,516.0,1.17
11846,9462,125.22,1.17
11846,9541,425.14,1.17
11846,9542,93.34,1.17
11847,9414,0.0,1.17
11847,9428,0.0,1.17
11847,11849,0.0,1.17
11848,1731,694.44,1.17
11848,9429,0.0,1.17
11848,9430,263.01,1.17
11848,11853,6.87,1.17
11849,9477,1277.86,1.17
11849,9478,1170.74,1.17
11849,11847,0.0,1.17
11850,1732,1313.8,1.17
11850,9478,1078.81,1.17
11850,9481,49.29497108,1.17
11850,9482,182.28,1.17
11850,9486,352.0550289,1.17
11851,9548,115.89,1.17
11851,9549,395.544114,1.17
11851,9551,231.54,1.17
11852,1733,558.79,1.17
11852,9551,285.274114,1.17
11852,9554,210.79,1.17
11852,9558,295.685886,1.17
11853,1734,63.82,1.17
11853,9434,2.48,1.17
11853,9435,80.09,1.17
11853,11848,30.09,1.17
11854,1735,89.52,1.17
11854,9494,259.1727265,1.17
11854,9496,91.22727349,1.17
11854,9497,20.65,1.17
11854,9499,58.92,1.17
11855,9502,18.59,1.17
11855,9507,8.64,1.17
11855,9567,12.83,1.17
11855,9570,20.65,1.17
11856,1736,487.02,1.17
11856,9568,431.64,1.17
11856,9570,40.31,1.17
11856,9571,138.74,1.17
11857,1737,20.36,1.17
11857,9448,10.28,1.17
11857,9449,42.05,1.17
11857,9451,0.0,1.17
11858,1738,37.12,1.17
11858,9449,17.88,1.17
11858,9509,88.65,1.17
11858,9512,13.41,1.17
11859,1739,164.01,1.17
11859,9511,10.81,1.17
11859,9582,283.84,1.17
11859,9595,39.6968445,1.17
11859,9597,37.3931555,1.17
11860,9593,0.0,1.17
11860,9594,0.0,1.17
11860,9600,0.0,1.17
11861,2058,3394.217159,1.17
11861,2913,3225.912134,1.17
11861,10301,770.8748684,1.17
11861,10303,362.43,1.17
11862,2058,3681.037002,1.17
11862,6879,913.7046438,1.17
11862,10167,2480.512515,1.17
11863,1656,1093.78,1.17
11863,6880,1972.144922,1.17
11863,10169,993.6899795,1.17
11863,11864,564.55,1.17
11864,11863,725.41815,1.17
11864,11865,564.55,1.17
11865,1659,641.01,1.17
11865,11864,725.41815,1.17
11865,11866,153.46,1.17
11865,12923,618.8,1.17
11866,2918,252.3135767,1.17
11866,10309,906.1533215,1.17
11866,11865,294.16,1.17
11866,12256,572.2004086,1.17
11867,1818,1595.661326,1.17
11867,5127,651.4781829,1.17
11867,12405,972.5370321,1.17
11868,1669,2207.1,1.17
11868,1819,200.1607005,1.17
11868,1825,942.75834,1.17
11868,5118,616.8079812,1.17
11869,1826,1515.038892,1.17
11869,10186,109.17,1.17
11869,12271,514.3465986,1.17
11870,1675,1234.93,1.17
11870,11871,503.31,1.17
11870,12261,746.96,1.17
11871,1896,512.4586312,1.17
11871,5041,1009.692302,1.17
11871,11870,521.51,1.17
11872,1684,941.49,1.17
11872,1896,2299.809507,1.17
11872,2392,1188.19464,1.17
11872,11894,1736.155394,1.17
11872,12414,385.68,1.17
11873,1692,756.98,1.17
11873,1998,516.5388994,1.17
11873,11897,7.29,1.17
11873,12414,815.3950902,1.17
11874,1698,556.46,1.17
11874,1998,520.69,1.17
11874,6007,133.65,1.17
11874,6008,275.04,1.17
11875,6034,483.23,1.17
11875,6053,0.87,1.17
11875,11903,390.72,1.17
11876,5649,541.11,1.17
11876,5663,41.0,1.17
11876,6070,256.19,1.17
11877,1708,135.29,1.17
11877,5721,172.37,1.17
11877,6129,84.02,1.17
11877,11878,50.18,1.17
11878,5732,300.9010063,1.17
11878,6164,183.47,1.17
11878,6931,0.0,1.17
11878,11877,31.72,1.17
11879,5787,0.0,1.17
11879,6953,0.0,1.17
11879,10205,0.0,1.17
11880,6807,0.0,1.17
11880,10207,337.39,1.17
11880,11881,10.71,1.17
11880,12018,465.1389937,1.17
11881,6805,0.0,1.17
11881,6975,10.71,1.17
11881,11880,53.33,1.17
11882,1657,2054.0,1.17
11882,6880,388.52,1.17
11882,10167,1990.053383,1.17
11882,10168,0.0,1.17
11882,11883,1116.551181,1.17
11883,10146,673.4162284,1.17
11883,10169,138.93,1.17
11883,10170,1425.871181,1.17
11883,11882,1385.141275,1.17
11884,1661,2230.16,1.17
11884,2501,1428.73628,1.17
11884,10148,1297.682796,1.17
11884,10174,514.3163894,1.17
11885,10175,438.8818951,1.17
11885,10176,631.816978,1.17
11885,10181,1115.336064,1.17
11885,12258,1627.363995,1.17
11886,5812,383.4425802,1.17
11886,10176,549.9668489,1.17
11886,10181,102.9013563,1.17
11887,1665,151.84,1.17
11887,10178,966.8201215,1.17
11887,10182,17.22,1.17
11888,1670,1677.46,1.17
11888,1826,753.4371701,1.17
11888,2506,955.0315008,1.17
11888,5810,507.2552,1.17
11888,10186,653.341577,1.17
11889,1671,2068.79,1.17
11889,5812,424.282524,1.17
11889,5836,1656.13008,1.17
11889,5838,316.574214,1.17
11889,10188,500.315786,1.17
11890,1672,1142.74,1.17
11890,5813,613.5750429,1.17
11890,5841,354.6906088,1.17
11890,10184,440.1482189,1.17
11890,10190,336.5887336,1.17
11891,1676,1377.78,1.17
11891,1896,685.3950263,1.17
11891,10192,666.5380955,1.17
11891,10197,447.1857571,1.17
11891,11894,401.3260631,1.17
11892,10198,61.59976981,1.17
11892,11895,872.4572559,1.17
11892,12409,1374.061303,1.17
11892,12411,1554.981395,1.17
11893,1679,962.69,1.17
11893,5906,454.3537621,1.17
11893,10190,515.0391726,1.17
11893,10195,686.7707652,1.17
11893,10196,740.7114754,1.17
11894,1685,1363.06,1.17
11894,2529,814.1312876,1.17
11894,11872,2384.328564,1.17
11894,11891,451.3738526,1.17
11895,1686,2398.91,1.17
11895,2529,706.352252,1.17
11895,5923,955.4108497,1.17
11895,5948,637.89,1.17
11895,11892,823.376644,1.17
11896,1687,1086.59,1.17
11896,5906,739.0489999,1.17
11896,5925,741.1690768,1.17
11896,5927,502.536965,1.17
11896,5941,523.45781,1.17
11897,1693,541.67,1.17
11897,2534,1275.600664,1.17
11897,11873,101.83,1.17
11897,12419,1916.953578,1.17
11898,1694,1403.45,1.17
11898,5948,883.1252078,1.17
11898,5987,517.2747922,1.17
11898,12421,186.9,1.17
11899,1695,447.44,1.17
11899,5969,459.7838902,1.17
11899,5970,587.2534712,1.17
11899,5991,225.3006069,1.17
11900,1699,353.42,1.17
11900,5983,266.76,1.17
11900,5984,466.41,1.17
11900,6007,350.81,1.17
11901,1700,847.77,1.17
11901,5985,1005.759443,1.17
11901,6026,199.580557,1.17
11902,5991,266.0751067,1.17
11902,5993,2.49,1.17
11902,6010,249.2297336,1.17
11903,1705,580.2,1.17
11903,6038,433.6,1.17
11903,6055,2.68,1.17
11903,11875,484.1,1.17
11904,1706,139.92,1.17
11904,6040,513.5524644,1.17
11904,6057,96.45,1.17
11904,6073,13.44,1.17
11905,1707,146.27,1.17
11905,6029,383.5313762,1.17
11905,6042,523.666595,1.17
11905,6044,699.1423291,1.17
11906,1709,992.96,1.17
11906,6057,625.0247934,1.17
11906,6073,1280.002571,1.17
11906,6075,1078.441571,1.17
11906,6113,0.0,1.17
11907,6164,0.0,1.17
11907,6921,1.90183382,1.17
11907,6932,0.56,1.17
11908,1713,261.42,1.17
11908,6985,312.43,1.17
11908,6988,147.08,1.17
11908,10209,259.13,1.17
11909,1666,507.24,1.17
11909,6181,259.09,1.17
11910,10152,0.0,1.17
11911,1667,2282.34,1.17
11911,10211,993.77,1.17
11912,1673,2581.46,1.17
11912,5845,1121.562789,1.17
11912,5863,632.4473316,1.17
11912,5865,619.0688156,1.17
11912,5874,940.3610642,1.17
11913,1674,2911.94,1.17
11913,5825,495.4160307,1.17
11913,5833,505.591143,1.17
11913,5887,425.9501077,1.17
11913,10218,1222.282719,1.17
11914,2512,690.05,1.17
11914,2710,1353.384506,1.17
11914,5830,0.0,1.17
11915,1680,981.8,1.17
11915,5882,608.7657321,1.17
11915,12277,532.6846603,1.17
11916,1681,2798.79,1.17
11916,2521,1192.25942,1.17
11916,2523,685.4969993,1.17
11916,5876,760.3466116,1.17
11916,11983,632.5869696,1.17
11917,5895,562.5373062,1.17
11917,10225,78.81,1.17
11917,12308,442.7599063,1.17
11918,1688,725.71,1.17
11918,5932,787.6411939,1.17
11918,5934,405.8915871,1.17
11918,5953,283.4686872,1.17
11919,1689,1622.07,1.17
11919,2524,1743.137101,1.17
11919,5929,722.05,1.17
11919,5931,5.4559247,1.17
11919,5936,782.2922669,1.17
11920,1690,847.42,1.17
11920,2531,380.76,1.17
11920,5920,539.0261831,1.17
11920,5946,429.2630252,1.17
11920,5961,580.81,1.17
11921,1696,2385.69,1.17
11921,5954,1236.310929,1.17
11921,5970,927.7736023,1.17
11921,5994,679.748143,1.17
11922,1697,1917.1,1.17
11922,5962,386.4792083,1.17
11922,5981,97.01,1.17
11922,6024,1177.840792,1.17
11923,1702,2712.53,1.17
11923,2536,1159.769022,1.17
11923,6046,577.8335418,1.17
11923,6048,659.12,1.17
11923,6060,672.3170758,1.17
11924,6032,55.80609026,1.17
11924,6052,0.0,1.17
11924,6067,5.57,1.17
11925,1710,1888.15,1.17
11925,2540,863.1248933,1.17
11925,6080,832.8572496,1.17
11925,6091,79.0,1.17
11926,6945,845.72,1.17
11926,6947,0.0,1.17
11926,6990,677.9305781,1.17
11927,1714,1004.78,1.17
11927,6977,166.76,1.17
11927,6979,726.2459369,1.17
11927,12365,432.4440631,1.17
11928,1668,1549.42,1.17
11928,7058,0.0,1.17
11928,12184,600.9244584,1.17
11928,12310,1312.875542,1.17
11929,2512,1394.123597,1.17
11929,6185,1131.09,1.17
11929,6199,0.0,1.17
11929,12430,264.7502389,1.17
11930,1704,449.14,1.17
11930,6003,458.8342231,1.17
11930,6249,80.57,1.17
11930,6250,31.78577691,1.17
11931,1712,301.17,1.17
11931,6292,73.31609026,1.17
11931,6302,497.4239097,1.17
11931,6304,86.28,1.17
11932,1715,131.24,1.17
11932,6952,922.1015753,1.17
11932,7033,0.0,1.17
11932,7039,0.0,1.17
11932,7053,344.0943802,1.17
11933,1757,5194.02,1.17
11933,6800,2745.528709,1.17
11933,9256,2199.177289,1.17
11933,9260,2448.194002,1.17
11934,1758,268.3,1.17
11934,6719,59.85,1.17
11934,9276,1038.967052,1.17
11934,9277,383.1684248,1.17
11935,1759,796.79,1.17
11935,9287,673.427926,1.17
11935,9295,915.7598437,1.17
11935,9866,505.0870522,1.17
11936,1760,833.62,1.17
11936,6797,174.6461691,1.17
11936,9300,335.7848219,1.17
11936,9302,978.309009,1.17
11937,1763,297.19,1.17
11937,6785,0.0,1.17
11937,6787,181.52,1.17
11937,6803,575.99,1.17
11938,1766,196.75,1.17
11938,3004,489.58,1.17
11938,6832,15.67,1.17
11938,6834,0.0,1.17
11938,6899,0.0,1.17
11939,1767,1927.23,1.17
11939,6839,245.08,1.17
11939,6902,533.87,1.17
11940,1770,637.95,1.17
11940,2983,578.63,1.17
11940,3630,346.97,1.17
11940,3654,405.41,1.17
11941,1773,37.74,1.17
11941,4054,135.0267546,1.17
11941,4075,0.0,1.17
11941,4078,173.05,1.17
11942,1774,158.02,1.17
11942,3075,122.5967546,1.17
11942,4131,0.0,1.17
11942,4132,425.59,1.17
11942,4148,0.0,1.17
11943,4200,0.0,1.17
11944,5403,288.2671913,1.17
11944,6764,108.1646412,1.17
11944,10231,1566.624079,1.17
11944,10250,2280.25,1.17
11945,6766,132.31,1.17
11945,6772,220.44,1.17
11945,6774,26.3,1.17
11946,10253,954.0398812,1.17
11946,10265,0.0,1.17
11947,3649,252.69,1.17
11947,9391,168.1710176,1.17
11948,3676,629.5735151,1.17
11948,4280,548.7378071,1.17
11948,4282,190.1004972,1.17
11949,6653,170.3910176,1.17
11949,6654,86.84302768,1.17
11949,9391,303.9,1.17
11949,11958,0.0,1.17
11950,6655,0.0,1.17
11950,6657,0.0,1.17
11951,5524,0.0,1.17
11951,6659,0.0,1.17
11951,9401,0.0,1.17
11951,11843,0.0,1.17
11952,6802,1454.409139,1.17
11952,9257,502.4555555,1.17
11952,10593,2064.57248,1.17
11952,12086,0.0,1.17
11953,5546,141.8,1.17
11953,6564,112.86,1.17
11953,9403,0.0,1.17
11954,6663,0.0,1.17
11954,6665,0.0,1.17
11954,6666,0.0,1.17
11955,4142,0.0,1.17
11955,4187,70.94,1.17
11955,4218,0.0,1.17
11955,5339,27.47,1.17
11956,3393,541.54,1.17
11956,3610,607.9472079,1.17
11956,5440,0.0,1.17
11957,5428,0.0,1.17
11957,5482,3.73,1.17
11957,5488,10.92,1.17
11957,5504,0.0,1.17
11958,5505,74.0,1.17
11958,5521,74.14259105,1.17
11958,9390,0.0,1.17
11958,11949,0.0,1.17
11959,5520,240.828862,1.17
11959,5529,1.74,1.17
11959,6649,255.2,1.17
11960,5522,9.38,1.17
11960,9395,1.74,1.17
11960,9396,3.35,1.17
11961,6271,33.68,1.17
11961,6398,60.22,1.17
11961,6513,129.65,1.17
11962,2474,1.25,1.17
11962,6562,4.61,1.17
11962,6641,0.0,1.17
11962,9398,0.0,1.17
11963,4164,305.5494257,1.17
11963,4166,405.7964266,1.17
11963,6507,42.51,1.17
11964,4176,423.46,1.17
11964,4179,224.573207,1.17
11965,4200,355.0682307,1.17
11965,4201,0.0,1.17
11965,4203,41.0,1.17
11965,4205,307.6981168,1.17
11966,4209,318.3717693,1.17
11966,4211,478.82,1.17
11966,11835,641.8450902,1.17
11967,4224,27.43,1.17
11967,5480,0.0,1.17
11967,9370,57.99,1.17
11967,9373,55.36,1.17
11968,4224,255.5167546,1.17
11968,9372,27.44,1.17
11968,9374,237.99,1.17
11969,5500,0.0,1.17
11969,5502,0.0,1.17
11969,6674,0.0,1.17
11970,5480,0.0,1.17
11970,9373,85.42,1.17
11970,11838,55.36,1.17
11971,5502,0.0,1.17
11971,5510,0.0,1.17
11972,5515,72.19,1.17
11972,5526,0.0,1.17
11972,5529,4.25,1.17
11972,11841,29.71,1.17
11973,7064,0.0,1.17
11973,9381,0.0,1.17
11973,9382,0.0,1.17
11974,6513,0.0,1.17
11974,7066,0.0,1.17
11974,9382,0.0,1.17
11975,2303,329.8691289,1.17
11975,11585,1056.393908,1.17
11975,11837,840.5105566,1.17
11976,2303,490.1905377,1.17
11976,2304,243.8582307,1.17
11976,2909,96.19,1.17
11976,4284,935.424535,1.17
11976,11837,706.9416337,1.17
11977,2943,111.1897682,1.17
11977,4286,274.4281257,1.17
11977,4288,59.49,1.17
11978,2292,594.148862,1.17
11978,4259,0.0,1.17
11978,4267,464.9496196,1.17
11978,11979,0.0,1.17
11979,4255,47.485,1.17
11979,4261,3.119997122,1.17
11979,11978,0.0,1.17
11980,2902,806.5706261,1.17
11980,4216,254.0182307,1.17
11980,9388,724.1221074,1.17
11981,2902,108.0182307,1.17
11981,4273,337.1292947,1.17
11981,4275,174.4814952,1.17
11982,2522,1000.834978,1.17
11982,2931,946.7853698,1.17
11982,12277,173.84,1.17
11982,12279,472.93,1.17
11983,5897,189.0169696,1.17
11983,11916,828.15,1.17
11983,12279,443.57,1.17
11984,5898,355.4591279,1.17
11984,5914,0.0,1.17
11984,10223,97.6,1.17
11984,11985,370.4700937,1.17
11985,6876,491.863566,1.17
11985,6878,43.14,1.17
11985,11984,355.4591279,1.17
11985,12308,660.1200937,1.17
11986,5956,444.8205161,1.17
11986,5958,673.29,1.17
11986,5977,855.3600345,1.17
11987,5995,0.0,1.17
11987,6013,0.0,1.17
11987,6014,0.0,1.17
11988,5976,0.0,1.17
11988,5996,22.38,1.17
11988,5998,18.39,1.17
11988,6015,161.7040073,1.17
11989,6000,51.63,1.17
11989,6001,63.95,1.17
11989,6003,75.59,1.17
11989,6021,65.5,1.17
11990,2537,828.0233909,1.17
11990,6048,118.1187012,1.17
11990,6050,188.5878083,1.17
11990,6065,849.386508,1.17
11991,6067,73.31609026,1.17
11991,6085,0.0,1.17
11991,6087,5.57,1.17
11992,1711,1105.27,1.17
11992,2541,271.99,1.17
11992,6137,624.45,1.17
11992,6139,665.0,1.17
11992,6143,0.0,1.17
11993,2543,17.4,1.17
11993,6141,34.12,1.17
11993,6161,0.0,1.17
11994,6174,0.0,1.17
11994,6926,0.0,1.17
11994,6928,0.0,1.17
11994,6946,0.0,1.17
11995,6178,0.0,1.17
11995,6930,0.0,1.17
11995,6948,0.0,1.17
11996,6943,248.5077328,1.17
11996,6945,377.5246412,1.17
11996,6961,272.4722672,1.17
11997,6969,0.0,1.17
11997,12372,0.0,1.17
11997,12433,0.0,1.17
11998,6971,0.0,1.17
11998,6974,0.0,1.17
11998,7071,0.0,1.17
11999,6981,0.0,1.17
11999,6982,0.0,1.17
12000,1683,1208.96,1.17
12000,6203,956.04,1.17
12000,6209,245.05,1.17
12000,6219,570.93,1.17
12001,2531,102.2,1.17
12001,5920,704.9313431,1.17
12001,6218,67.24,1.17
12001,6226,327.6268106,1.17
12002,2533,70.31,1.17
12002,5982,40.77,1.17
12002,6249,283.7328282,1.17
12003,6268,0.0,1.17
12003,6273,0.0,1.17
12003,6278,0.0,1.17
12004,6088,0.0,1.17
12004,6278,0.0,1.17
12004,6283,0.0,1.17
12005,6311,0.0,1.17
12005,6998,0.0,1.17
12005,7000,0.0,1.17
12006,6187,0.0,1.17
12006,12309,0.0,1.17
12007,6205,0.0,1.17
12007,6211,197.4423749,1.17
12007,6224,163.1,1.17
12008,6223,0.0,1.17
12008,6231,0.0,1.17
12008,6233,146.8953087,1.17
12009,1777,423.89,1.17
12009,6245,779.8758667,1.17
12009,6253,432.4971718,1.17
12010,6254,0.0,1.17
12010,6259,0.0,1.17
12011,6273,0.0,1.17
12011,6281,0.0,1.17
12012,6830,13.05,1.17
12012,6832,47.77,1.17
12012,6855,0.0,1.17
12013,6841,2.97,1.17
12013,6846,5.64,1.17
12013,6850,7.86,1.17
12014,1769,121.73,1.17
12014,3630,251.76,1.17
12014,7027,50.13,1.17
12015,3731,447.0502459,1.17
12015,3746,216.86,1.17
12015,3749,188.8084373,1.17
12016,3024,185.0101221,1.17
12016,4018,204.5667546,1.17
12016,9161,121.14,1.17
12017,6705,0.23,1.17
12017,9533,0.0,1.17
12017,9535,0.24,1.17
12018,6770,0.0,1.17
12018,6778,465.1389937,1.17
12018,11880,348.1,1.17
12019,5771,114.32,1.17
12019,6764,319.03,1.17
12019,6766,116.2546412,1.17
12019,6771,75.96,1.17
12020,1740,46.18,1.17
12020,6577,366.44,1.17
12020,6762,355.65,1.17
12020,6804,142.05,1.17
12020,10242,205.27,1.17
12021,6659,0.0,1.17
12021,6661,0.0,1.17
12021,6662,0.0,1.17
12022,6972,0.0,1.17
12022,6974,0.0,1.17
12022,7038,0.0,1.17
12023,9250,0.0,1.17
12023,9251,0.0,1.17
12023,9855,0.0,1.17
12024,9249,967.4142215,1.17
12024,9250,0.0,1.17
12024,9253,1022.718683,1.17
12025,6800,444.0191313,1.17
12025,9252,554.7656555,1.17
12025,9254,0.0,1.17
12025,9259,837.247271,1.17
12026,3116,337.7281463,1.17
12026,6790,203.57,1.17
12026,6824,0.91,1.17
12027,1762,286.7,1.17
12027,6787,113.24,1.17
12027,7061,399.2,1.17
12027,9882,257.7,1.17
12028,1764,138.29,1.17
12028,6784,0.0,1.17
12028,6803,34.61,1.17
12028,7069,295.1208159,1.17
12029,3951,52.48,1.17
12029,9148,0.0,1.17
12029,10509,71.58,1.17
12030,3952,673.9523215,1.17
12030,8455,896.4985124,1.17
12030,8793,30.05,1.17
12030,8799,49.32,1.17
12031,3951,71.58,1.17
12031,3952,852.8652266,1.17
12031,8795,726.4323215,1.17
12032,3953,0.0,1.17
12032,10514,1487.119377,1.17
12032,12072,361.4866,1.17
12032,12073,372.9798721,1.17
12033,823,227.54,1.17
12033,2693,2730.038692,1.17
12033,11783,2729.757702,1.17
12033,11784,2243.856253,1.17
12034,3872,1109.814967,1.17
12034,9668,1518.215042,1.17
12034,12035,1987.779833,1.17
12034,12036,2257.178857,1.17
12035,8918,2066.472733,1.17
12035,10923,2513.902332,1.17
12035,12034,1058.393724,1.17
12035,12036,2459.885151,1.17
12036,803,553.69,1.17
12036,10280,2470.101872,1.17
12036,11008,2730.780566,1.17
12036,12034,1569.636286,1.17
12036,12035,1415.928816,1.17
12037,9648,645.1235685,1.17
12037,11008,1902.112522,1.17
12037,11776,954.6025507,1.17
12037,11777,2491.42,1.17
12038,8278,1703.846731,1.17
12038,10971,2360.510541,1.17
12038,11772,2091.434223,1.17
12038,12039,1980.775788,1.17
12039,3911,2407.855586,1.17
12039,10966,2151.401598,1.17
12039,10971,2119.144128,1.17
12039,12038,1751.599143,1.17
12040,3910,1766.583216,1.17
12040,10968,186.7625668,1.17
12040,10973,1516.762544,1.17
12040,12089,1145.754094,1.17
12041,10969,1366.898705,1.17
12041,10973,2181.421863,1.17
12041,10974,1859.259875,1.17
12041,12090,1814.202026,1.17
12042,6910,482.9432302,1.17
12042,9114,1533.700368,1.17
12042,12043,1592.175903,1.17
12042,12044,2144.536771,1.17
12043,10782,2257.079629,1.17
12043,10974,1553.054866,1.17
12043,12042,1156.594532,1.17
12043,12093,1893.117708,1.17
12044,3922,1861.648796,1.17
12044,12042,1968.201931,1.17
12044,12046,319.9279744,1.17
12045,8234,182.190462,1.17
12045,8862,1.82,1.17
12045,12108,230.4145415,1.17
12046,10776,1043.450801,1.17
12046,10777,1808.88663,1.17
12046,10782,3011.289297,1.17
12046,12044,516.3127961,1.17
12047,9118,1131.438399,1.17
12047,9620,2266.677582,1.17
12047,10777,2035.181802,1.17
12047,12099,2213.799062,1.17
12048,8889,2443.692311,1.17
12048,10780,753.9628298,1.17
12048,10786,1613.393286,1.17
12048,12049,2166.392386,1.17
12049,8887,2361.371496,1.17
12049,10780,1768.412354,1.17
12049,12048,2754.159565,1.17
12049,12108,1709.54087,1.17
12050,8867,290.7598595,1.17
12050,8887,2279.360124,1.17
12050,10781,550.3868922,1.17
12050,12051,2361.770509,1.17
12051,3904,144.1124797,1.17
12051,8873,300.5386305,1.17
12051,12050,2402.751817,1.17
12051,12052,2403.049073,1.17
12052,3907,2043.616725,1.17
12052,10515,1664.807237,1.17
12052,12051,2524.610448,1.17
12052,12053,2110.647568,1.17
12053,8873,257.580522,1.17
12053,10521,717.95,1.17
12053,12052,1577.081224,1.17
12053,12113,1830.113501,1.17
12054,10516,1058.748686,1.17
12054,10522,298.8949086,1.17
12054,10523,482.8910227,1.17
12054,12117,812.8571934,1.17
12055,10516,379.8300525,1.17
12055,12095,332.5771677,1.17
12055,12133,232.8353355,1.17
12056,8428,504.3238625,1.17
12056,9133,8633.745049,1.17
12057,9137,1568.860241,1.17
12057,9138,22.83,1.17
12057,9142,20.31,1.17
12057,12058,1652.086283,1.17
12058,8428,1275.310411,1.17
12058,12057,1400.68474,1.17
12058,12059,1447.48498,1.17
12058,12062,635.6110301,1.17
12059,8803,1508.44353,1.17
12059,12058,1412.739435,1.17
12059,12061,1946.2388,1.17
12059,12124,842.7086275,1.17
12060,12061,168.87,1.17
12060,12124,322.6653758,1.17
12060,12125,176.4693753,1.17
12061,3957,1818.142217,1.17
12061,10518,296.9665828,1.17
12061,12059,2097.492468,1.17
12061,12060,499.1347511,1.17
12062,8457,471.3004453,1.17
12062,8883,145.4071675,1.17
12062,10518,582.6197066,1.17
12062,12058,862.0992611,1.17
12063,3985,314.4555002,1.17
12063,8457,115.0185203,1.17
12063,8883,161.63,1.17
12063,12068,232.4901931,1.17
12064,3957,1977.997512,1.17
12064,3958,52.36,1.17
12064,12065,1657.250232,1.17
12064,12126,125.68,1.17
12065,8845,139.98,1.17
12065,10519,335.2,1.17
12065,12064,1792.737512,1.17
12065,12066,1516.940232,1.17
12066,12065,1715.237512,1.17
12066,12067,0.0,1.17
12066,12078,1516.940232,1.17
12067,3960,288.96,1.17
12067,12066,0.0,1.17
12067,12078,292.37,1.17
12068,9143,70.02,1.17
12068,10519,82.01,1.17
12068,12063,377.1140205,1.17
12068,12069,229.2901931,1.17
12069,3960,296.97,1.17
12069,9144,371.48,1.17
12069,12068,322.3140205,1.17
12069,12070,317.9601931,1.17
12070,3954,7.89331197,1.17
12070,3955,1952.757025,1.17
12070,10513,1924.022236,1.17
12070,12069,409.4340205,1.17
12071,3961,959.431393,1.17
12071,8464,1139.87968,1.17
12071,12077,55.57292852,1.17
12072,3954,16.53,1.17
12072,3962,243.7828629,1.17
12072,8463,108.8637371,1.17
12072,12032,544.3279758,1.17
12073,3964,372.9798721,1.17
12073,8463,0.0,1.17
12073,12032,934.8980894,1.17
12074,10323,121.68,1.17
12074,12075,94.23107401,1.17
12074,12081,119.4737371,1.17
12075,3962,196.58,1.17
12075,12074,41.16,1.17
12075,12076,66.75107401,1.17
12075,12080,92.99,1.17
12076,3965,2123.488184,1.17
12076,8465,1720.099478,1.17
12076,12075,79.78,1.17
12076,12077,336.9502484,1.17
12077,12071,376.1902484,1.17
12077,12076,82.38292852,1.17
12077,12079,82.04,1.17
12078,8464,1788.761214,1.17
12078,10525,20.54901823,1.17
12078,12066,1715.237512,1.17
12078,12067,288.96,1.17
12079,8464,736.5696175,1.17
12079,8465,488.3128537,1.17
12079,10526,345.7245521,1.17
12079,12077,148.09,1.17
12080,8465,487.5921406,1.17
12080,8847,342.7282293,1.17
12080,12075,157.96,1.17
12080,12081,565.5774335,1.17
12081,9618,51.4,1.17
12081,12074,80.52,1.17
12081,12080,737.33037,1.17
12081,12231,633.6511706,1.17
12082,3964,934.8980894,1.17
12082,9617,94.34,1.17
12082,9618,278.6398721,1.17
12083,3876,1898.476037,1.17
12083,8493,836.19,1.17
12083,11784,2089.211613,1.17
12083,12139,1339.220754,1.17
12084,3862,659.3489832,1.17
12084,3865,591.3234756,1.17
12084,11773,736.9517104,1.17
12084,12088,1798.7094,1.17
12085,7107,3741.234078,1.17
12085,9648,730.6731546,1.17
12085,10923,1747.452508,1.17
12085,11014,1609.078326,1.17
12086,6950,497.7810445,1.17
12086,6954,243.5643015,1.17
12086,11952,194.0555571,1.17
12087,6954,641.8708921,1.17
12087,6964,406.3519347,1.17
12087,12135,126.5250728,1.17
12088,9078,2009.398842,1.17
12088,11002,2919.412204,1.17
12088,11775,708.9702488,1.17
12088,12084,660.2597433,1.17
12089,3915,1536.442061,1.17
12089,6911,470.4392392,1.17
12089,6983,1666.464101,1.17
12089,12040,229.0525668,1.17
12090,3915,1318.665314,1.17
12090,3917,1557.541095,1.17
12090,12041,1444.765814,1.17
12090,12091,1384.415211,1.17
12091,10977,995.4804811,1.17
12091,10978,726.6271762,1.17
12091,12090,997.6306944,1.17
12091,12242,2378.976086,1.17
12092,10788,494.5935703,1.17
12092,10978,429.4744646,1.17
12092,12093,514.303995,1.17
12092,12243,1440.38585,1.17
12093,3917,1270.521517,1.17
12093,12043,1456.914038,1.17
12093,12092,1374.579226,1.17
12093,12094,1194.659198,1.17
12094,3923,768.888838,1.17
12094,10782,626.7400751,1.17
12094,10788,1599.538611,1.17
12094,12093,1284.618183,1.17
12095,10510,332.5771677,1.17
12095,12055,573.8853879,1.17
12096,10538,932.9019755,1.17
12096,12104,0.0,1.17
12096,12287,1597.594059,1.17
12097,3923,526.5248911,1.17
12097,10790,467.228426,1.17
12097,12098,1520.910228,1.17
12098,3922,1519.682771,1.17
12098,7003,2031.462013,1.17
12098,10783,2068.606037,1.17
12099,7003,1587.567993,1.17
12099,10777,2118.852225,1.17
12099,10783,1891.833431,1.17
12099,10784,2073.542158,1.17
12099,12047,1390.972803,1.17
12100,6773,422.9132372,1.17
12100,8534,907.6710078,1.17
12100,10859,808.7161796,1.17
12101,3927,746.4689954,1.17
12101,7003,2326.821797,1.17
12101,9621,272.7136621,1.17
12101,12105,1216.137952,1.17
12102,9621,720.3440525,1.17
12102,10789,729.2153921,1.17
12102,10790,1723.735138,1.17
12102,10796,1803.1727,1.17
12103,10778,382.7397673,1.17
12103,10784,1464.502205,1.17
12103,10785,734.03,1.17
12104,12096,0.0,1.17
12104,12106,237.7550194,1.17
12104,12339,1196.010514,1.17
12104,12340,553.2249806,1.17
12105,3925,1935.194607,1.17
12105,8247,820.8763805,1.17
12105,10784,1241.552865,1.17
12105,12101,1355.011867,1.17
12106,10544,582.2138073,1.17
12106,12104,540.3686958,1.17
12106,12112,536.4115402,1.17
12107,3929,2266.740823,1.17
12107,9184,2030.877311,1.17
12107,10786,1243.495615,1.17
12107,10792,1282.15,1.17
12108,10786,799.6536662,1.17
12108,12045,179.910462,1.17
12108,12049,1613.051205,1.17
12108,12109,2219.394123,1.17
12109,8234,2558.333701,1.17
12109,9184,2347.705578,1.17
12109,10793,1696.037734,1.17
12109,12108,2182.290329,1.17
12110,8234,3228.479612,1.17
12110,10787,414.6433276,1.17
12110,12111,3150.984167,1.17
12110,12260,940.4933872,1.17
12111,10527,292.11,1.17
12111,10787,260.9643508,1.17
12111,12110,3458.724975,1.17
12111,12113,3298.215154,1.17
12112,5019,1904.370225,1.17
12112,5034,287.6912121,1.17
12112,12106,344.4587879,1.17
12112,12127,202.1468874,1.17
12113,12053,1507.089789,1.17
12113,12111,3493.704975,1.17
12113,12114,2139.950802,1.17
12113,12115,2369.47226,1.17
12114,8440,2553.554347,1.17
12114,10521,392.5005101,1.17
12114,12113,2355.701023,1.17
12115,10527,1036.991284,1.17
12115,12113,2026.188148,1.17
12115,12263,1332.480976,1.17
12116,7466,16.22,1.17
12116,12264,32.87354521,1.17
12117,3968,2377.563893,1.17
12117,8453,2361.827763,1.17
12117,12054,1007.838068,1.17
12118,8410,640.2927097,1.17
12118,8453,921.0910841,1.17
12118,12056,8265.188699,1.17
12119,8410,774.2323168,1.17
12119,8453,439.9237328,1.17
12119,8931,9079.180494,1.17
12120,3969,1742.55441,1.17
12120,7475,364.6964226,1.17
12120,9190,1524.106769,1.17
12120,9191,207.3944629,1.17
12121,8471,0.0,1.17
12121,8472,1267.673886,1.17
12121,12123,889.6196006,1.17
12121,12125,299.2235366,1.17
12122,8831,293.1921382,1.17
12122,9191,588.0853758,1.17
12122,12123,512.4144629,1.17
12122,12124,0.0,1.17
12123,12121,895.0406125,1.17
12123,12122,881.2775139,1.17
12123,12124,842.7769523,1.17
12123,12125,273.4924779,1.17
12124,12059,768.0769523,1.17
12124,12060,74.7,1.17
12124,12122,0.0,1.17
12124,12123,1165.374003,1.17
12125,10524,478.5460145,1.17
12125,12060,94.17,1.17
12125,12121,372.6332736,1.17
12125,12123,325.1794899,1.17
12126,8845,108.21,1.17
12126,10524,167.8778101,1.17
12126,12064,249.19,1.17
12126,12129,247.283303,1.17
12127,5021,2781.772013,1.17
12127,5024,2395.848042,1.17
12127,12112,694.0976214,1.17
12128,8464,1398.050042,1.17
12128,10525,343.6678101,1.17
12128,10526,130.4037008,1.17
12128,12131,1745.307152,1.17
12129,3970,2215.377324,1.17
12129,12126,77.84,1.17
12129,12130,1578.401441,1.17
12129,12282,665.77,1.17
12130,8874,1517.001441,1.17
12130,10525,156.91,1.17
12130,10531,107.66,1.17
12130,12129,1981.550333,1.17
12131,8874,1599.627757,1.17
12131,12128,1636.962063,1.17
12131,12132,1227.960858,1.17
12131,12284,1590.263604,1.17
12132,8853,535.0518491,1.17
12132,10526,925.0240261,1.17
12132,10532,360.6495352,1.17
12132,12131,1358.905792,1.17
12133,8428,708.2930027,1.17
12133,12055,149.2839159,1.17
12133,12136,435.3659001,1.17
12134,8467,1778.768332,1.17
12134,8852,1880.099003,1.17
12134,10526,471.1982293,1.17
12134,12230,767.1857741,1.17
12135,6802,1158.42632,1.17
12135,10594,1488.272424,1.17
12135,12087,0.0,1.17
12135,12141,538.00765,1.17
12136,12119,9037.006543,1.17
12136,12133,728.8167794,1.17
12137,2046,784.8526602,1.17
12137,2438,10494.51968,1.17
12138,8180,12817.24049,1.17
12139,8493,458.4018128,1.17
12139,12083,1230.468509,1.17
12139,12140,1865.781974,1.17
12140,2337,2372.038369,1.17
12140,8294,299.7643931,1.17
12140,9670,238.9826972,1.17
12140,12139,1688.870322,1.17
12141,6788,2440.861352,1.17
12141,6831,1559.331802,1.17
12141,12135,455.7816915,1.17
12141,12142,99.24924705,1.17
12142,6786,730.1275376,1.17
12142,6806,92.91791158,1.17
12142,12141,224.6331586,1.17
12143,4507,7338.402824,1.17
12144,2139,3909.676801,1.17
12144,2140,2742.748787,1.17
12145,2216,8435.075626,1.17
12145,8577,892.3947771,1.17
12146,12149,4724.652338,1.17
12147,9033,2504.613806,1.17
12147,10836,3746.083101,1.17
12148,12149,1463.620455,1.17
12148,12240,11449.92325,1.17
12149,12148,1713.768442,1.17
12149,12151,1401.133714,1.17
12149,12152,3073.370637,1.17
12150,12147,6250.696908,1.17
12150,12151,248.2943724,1.17
12151,2132,8894.363819,1.17
12151,12150,2711.89673,1.17
12152,2698,2095.418549,1.17
12152,2862,399.2929694,1.17
12152,12150,3787.09455,1.17
12153,9033,1707.723114,1.17
12153,12148,8864.302473,1.17
12154,2135,6769.723284,1.17
12154,12148,2335.472786,1.17
12155,9680,715.3268229,1.17
12155,11034,542.4532816,1.17
12155,11209,650.4968296,1.17
12156,2372,553.2599994,1.17
12156,10694,509.9292564,1.17
12156,10700,176.8014073,1.17
12156,12162,768.2071366,1.17
12157,2482,2553.647376,1.17
12157,11782,1419.380966,1.17
12157,12158,2103.370548,1.17
12158,8494,956.8885064,1.17
12158,11035,1333.551685,1.17
12158,12157,2065.880417,1.17
12159,11031,408.3213408,1.17
12159,11032,847.3663851,1.17
12159,11782,1670.682636,1.17
12159,12160,1727.81566,1.17
12160,3879,504.6182109,1.17
12160,9670,354.0763315,1.17
12160,12159,1564.298001,1.17
12160,12161,1408.520559,1.17
12161,2337,1168.959838,1.17
12161,2480,562.9988857,1.17
12161,11029,1155.271051,1.17
12161,12160,1297.702128,1.17
12162,10693,61.97,1.17
12162,10694,285.1037481,1.17
12162,12156,90.96511754,1.17
12162,12163,1106.115817,1.17
12163,5129,419.5467718,1.17
12163,10693,982.8836282,1.17
12163,12162,309.6488656,1.17
12163,12857,1777.898537,1.17
12164,3868,336.2625549,1.17
12164,9651,828.7605083,1.17
12164,12166,154.7432399,1.17
12164,12167,342.1398555,1.17
12165,2192,1091.05289,1.17
12165,3868,150.3232399,1.17
12165,3869,522.4432477,1.17
12166,2478,1018.2652,1.17
12166,12164,787.3587706,1.17
12166,12167,784.0024665,1.17
12166,12171,336.5456814,1.17
12167,11022,1126.142322,1.17
12167,12164,377.3229196,1.17
12167,12166,826.276774,1.17
12168,2749,605.619147,1.17
12168,11019,513.4156601,1.17
12168,11022,2077.106825,1.17
12168,12172,449.4155241,1.17
12169,4929,536.7248233,1.17
12169,8778,278.9939563,1.17
12169,12174,72.14485838,1.17
12170,2478,1660.673322,1.17
12170,11024,568.3099613,1.17
12170,12171,128.2038881,1.17
12171,12166,760.6027745,1.17
12171,12170,429.3551681,1.17
12171,12172,455.7895695,1.17
12171,12199,8.96,1.17
12172,2749,451.6495695,1.17
12172,11021,455.1355241,1.17
12172,12168,787.4862073,1.17
12172,12171,819.6328098,1.17
12173,2749,285.4628098,1.17
12173,11019,267.019961,1.17
12173,12174,150.2566567,1.17
12174,11018,83.08485838,1.17
12174,12169,3.32,1.17
12174,12173,552.4827709,1.17
12174,12175,144.0866567,1.17
12175,6486,667.9886941,1.17
12175,8778,691.5359197,1.17
12175,12174,487.8227709,1.17
12176,2481,464.9926612,1.17
12176,11031,537.9630895,1.17
12176,12187,889.3502831,1.17
12177,10157,10348.77636,1.17
12178,12204,11308.09241,1.17
12179,6847,2190.226356,1.17
12179,8680,1857.371657,1.17
12179,12180,305.568213,1.17
12180,8693,1197.340294,1.17
12180,10595,729.1319574,1.17
12180,12179,376.0709929,1.17
12180,12181,0.0,1.17
12181,2840,2527.493496,1.17
12181,8377,2478.929418,1.17
12181,12180,332.7669762,1.17
12181,12182,330.6309017,1.17
12182,2838,924.3569531,1.17
12182,10596,758.9010581,1.17
12182,12181,386.3936124,1.17
12183,2837,291.9970606,1.17
12183,6887,761.3163828,1.17
12183,6996,541.5129942,1.17
12184,11928,502.9647603,1.17
12184,12389,600.9244584,1.17
12185,4386,860.179505,1.17
12185,7004,128.5430508,1.17
12185,10597,560.5282672,1.17
12186,3880,222.9465628,1.17
12186,12188,260.168907,1.17
12186,12592,613.9213345,1.17
12187,3880,1100.920388,1.17
12187,12176,1002.955751,1.17
12187,12188,658.6189664,1.17
12188,12186,212.9610441,1.17
12188,12187,633.6748548,1.17
12188,12191,770.7034843,1.17
12189,6732,2105.098628,1.17
12189,10592,2223.242222,1.17
12189,12190,395.3032659,1.17
12190,12189,0.0,1.17
12190,12192,395.3032659,1.17
12191,2480,1200.94536,1.17
12191,3878,489.9829809,1.17
12191,12188,698.5515097,1.17
12191,12194,167.2525944,1.17
12192,8349,325.73694,1.17
12192,10592,1127.082457,1.17
12192,12190,0.0,1.17
12192,12221,574.3772241,1.17
12193,11045,1509.978863,1.17
12193,12196,803.0625197,1.17
12193,12204,2298.161713,1.17
12194,11027,417.7094758,1.17
12194,12191,269.2161862,1.17
12194,12195,955.3026158,1.17
12195,11024,550.2560824,1.17
12195,11028,617.920054,1.17
12195,12194,686.9256621,1.17
12196,9773,2480.935415,1.17
12196,12193,2148.443023,1.17
12196,12203,450.0876673,1.17
12197,6500,1109.992685,1.17
12197,11504,1647.547737,1.17
12197,12490,619.3524158,1.17
12197,12564,1974.021248,1.17
12198,6500,835.250575,1.17
12198,11024,1113.022685,1.17
12198,12199,7.34,1.17
12199,12171,370.3251328,1.17
12199,12198,13.01,1.17
12199,12200,6.32,1.17
12200,11021,0.84,1.17
12200,12199,373.3551328,1.17
12200,12201,5.48,1.17
12201,2744,4.42,1.17
12201,12200,372.7551328,1.17
12201,12202,1.06,1.17
12202,2744,670.5025535,1.17
12202,2748,9.36,1.17
12202,11021,781.8662073,1.17
12202,12201,7.87,1.17
12203,12177,10348.77636,1.17
12203,12196,2577.038828,1.17
12204,7509,12652.77867,1.17
12204,12193,953.4754503,1.17
12205,6486,845.8158808,1.17
12205,11018,268.2846071,1.17
12205,12473,408.2698664,1.17
12206,5142,3.86,1.17
12206,7763,139.4,1.17
12206,9002,4283.046101,1.17
12207,5142,90.43,1.17
12207,7760,2224.154255,1.17
12207,7763,546.85,1.17
12208,2204,9968.009029,1.17
12209,12208,9968.009029,1.17
12210,12211,2325.251079,1.17
12211,2116,1412.962147,1.17
12211,8511,912.2889328,1.17
12212,2122,3222.578671,1.17
12213,12212,3222.578671,1.17
12214,8514,10945.59989,1.17
12214,8537,0.0,1.17
12215,4527,11247.09797,1.17
12216,8616,592.5961917,1.17
12216,10817,420.0859966,1.17
12216,12217,103.0855481,1.17
12216,12218,448.582513,1.17
12217,4526,103.0855481,1.17
12217,12216,783.8574931,1.17
12218,2383,1460.391989,1.17
12218,2384,122.5618895,1.17
12218,7478,2332.12214,1.17
12218,9929,457.2737038,1.17
12218,12216,0.0,1.17
12218,12319,1228.057806,1.17
12219,2700,1205.151334,1.17
12219,12236,1368.74269,1.17
12220,4998,1850.140614,1.17
12220,10541,356.3449145,1.17
12220,10542,947.0904994,1.17
12220,12331,1445.734084,1.17
12221,6904,1473.053331,1.17
12221,12192,712.0664125,1.17
12221,12222,574.3772241,1.17
12222,2795,1371.228967,1.17
12222,12221,450.0138002,1.17
12222,12370,418.795379,1.17
12223,7788,3796.014641,1.17
12223,10652,2429.323407,1.17
12223,12224,969.8932623,1.17
12223,12679,1496.257953,1.17
12224,7787,2138.37232,1.17
12224,7788,2927.680927,1.17
12224,10651,2177.618632,1.17
12224,12223,845.3018266,1.17
12225,7719,1871.273079,1.17
12225,7821,2569.365857,1.17
12225,10414,1374.940478,1.17
12225,12226,2177.75641,1.17
12226,7820,1689.832275,1.17
12226,10408,487.924135,1.17
12226,12225,1691.499787,1.17
12227,5199,169.3018798,1.17
12227,5200,525.1653716,1.17
12227,12701,1076.402318,1.17
12228,2697,463.2723077,1.17
12228,3252,531.8915581,1.17
12228,11074,1980.953621,1.17
12228,12232,1150.944179,1.17
12229,5196,604.4102618,1.17
12229,10425,489.1652554,1.17
12229,12778,243.6920314,1.17
12230,6619,869.5811112,1.17
12230,8853,349.341841,1.17
12230,8856,512.2568948,1.17
12230,12134,2343.560483,1.17
12231,5149,587.4888374,1.17
12231,10324,1159.774537,1.17
12231,12081,763.13037,1.17
12232,3928,1180.183221,1.17
12232,12219,691.2469578,1.17
12232,12228,1036.939475,1.17
12233,8856,1511.056751,1.17
12233,10324,1072.206753,1.17
12233,12234,0.0,1.17
12233,12298,1992.204406,1.17
12234,9617,656.0280894,1.17
12234,12233,0.0,1.17
12234,12299,145.74,1.17
12235,10975,2038.856109,1.17
12235,10976,2146.187279,1.17
12235,10980,2652.698444,1.17
12236,12151,9956.832463,1.17
12236,12232,609.7641144,1.17
12237,4011,362.6994852,1.17
12237,10981,605.6464069,1.17
12237,10985,1086.401835,1.17
12238,6983,2017.455737,1.17
12238,7522,3115.291665,1.17
12238,7558,2873.514109,1.17
12238,12239,3762.319659,1.17
12239,3937,895.0900999,1.17
12239,3938,3784.482899,1.17
12239,10981,2487.209724,1.17
12239,12238,2728.749427,1.17
12240,3252,8646.251144,1.17
12240,12219,1137.345647,1.17
12240,12228,1666.326454,1.17
12241,7583,776.7821979,1.17
12241,10982,1082.33368,1.17
12241,10987,4166.727621,1.17
12241,12244,2807.483573,1.17
12242,7558,2369.098573,1.17
12242,10983,2217.846392,1.17
12242,12091,1874.420694,1.17
12242,12243,1496.013064,1.17
12243,3933,1353.30536,1.17
12243,12092,337.073995,1.17
12243,12242,1738.669502,1.17
12243,12246,1794.548074,1.17
12244,3933,749.539005,1.17
12244,10794,2680.141127,1.17
12244,12241,3433.443741,1.17
12245,1892,258.9397174,1.17
12245,3546,242.0323957,1.17
12245,11440,354.6566881,1.17
12246,10788,1460.768805,1.17
12246,10794,1574.106969,1.17
12246,12243,1651.589012,1.17
12246,12247,1819.793938,1.17
12247,10789,1064.425331,1.17
12247,10795,1832.404062,1.17
12247,10796,988.56237,1.17
12247,12246,1861.067826,1.17
12248,3547,282.7932477,1.17
12248,10033,193.4342575,1.17
12248,11441,920.2405432,1.17
12249,7593,2608.04129,1.17
12249,10794,3495.211058,1.17
12249,10795,992.0551881,1.17
12249,12250,1623.842341,1.17
12250,10795,223.0193426,1.17
12250,10802,1388.110507,1.17
12250,12249,1749.572675,1.17
12250,12251,1216.381875,1.17
12251,2111,905.5848447,1.17
12251,8260,989.4807459,1.17
12251,10796,1626.134468,1.17
12251,12250,1857.857928,1.17
12251,12313,1715.832346,1.17
12252,8260,2275.449788,1.17
12252,8890,1712.789768,1.17
12252,10803,1192.901042,1.17
12252,12253,946.3710799,1.17
12253,9621,1211.870989,1.17
12253,10796,1226.0886,1.17
12253,12252,750.1367772,1.17
12253,12254,1271.27237,1.17
12254,3927,1426.469429,1.17
12254,7465,1415.246927,1.17
12254,10797,509.6738057,1.17
12254,12253,1491.588509,1.17
12255,7464,1238.953072,1.17
12255,7465,2220.134379,1.17
12255,10792,2234.015835,1.17
12255,10798,562.9117871,1.17
12256,2917,1894.257423,1.17
12256,11866,597.8808662,1.17
12256,12257,534.493656,1.17
12256,12926,1844.98609,1.17
12257,10172,353.1180719,1.17
12257,10175,0.0,1.17
12257,12256,506.5835534,1.17
12257,12258,395.373656,1.17
12258,10173,1386.653669,1.17
12258,11885,1001.942965,1.17
12258,12257,447.6754802,1.17
12259,8310,1453.108113,1.17
12259,8442,1732.490695,1.17
12259,10799,1781.63973,1.17
12259,12322,1503.873692,1.17
12260,8310,975.8805722,1.17
12260,10793,2117.933952,1.17
12260,12110,829.2033315,1.17
12260,12262,2128.503453,1.17
12261,1825,560.1340105,1.17
12261,11870,713.42,1.17
12261,12271,314.4299425,1.17
12262,10527,1500.013318,1.17
12262,10533,1022.464099,1.17
12262,12260,2153.321137,1.17
12262,12263,1991.494934,1.17
12263,8886,1399.348437,1.17
12263,12115,1244.449181,1.17
12263,12262,2166.966707,1.17
12263,12264,1955.257472,1.17
12264,3972,2098.23518,1.17
12264,8441,366.2175654,1.17
12264,12116,16.22,1.17
12264,12263,2172.740459,1.17
12265,3987,133.39,1.17
12265,3989,363.8832577,1.17
12265,8441,1075.177576,1.17
12266,3972,1976.978974,1.17
12266,3989,637.3944133,1.17
12266,8885,496.274841,1.17
12266,12267,458.7852988,1.17
12266,12270,1111.445091,1.17
12267,3973,784.7392301,1.17
12267,10528,905.4537064,1.17
12267,10529,1205.28598,1.17
12267,12266,497.0676917,1.17
12268,7476,313.8296654,1.17
12268,8471,230.7675776,1.17
12268,8900,143.5475606,1.17
12268,12273,60.75,1.17
12269,7477,1077.613909,1.17
12269,8900,564.9554091,1.17
12269,12270,720.9258763,1.17
12270,8912,1195.693619,1.17
12270,10535,1382.141102,1.17
12270,12266,1657.574046,1.17
12270,12269,633.8581054,1.17
12271,2920,1056.414644,1.17
12271,10192,349.4814706,1.17
12271,11869,1158.265968,1.17
12271,12261,361.4759078,1.17
12272,8895,1730.982842,1.17
12272,8912,829.8845271,1.17
12272,12275,1287.535354,1.17
12272,12276,1646.209528,1.17
12273,8472,1563.453618,1.17
12273,8895,1736.988951,1.17
12273,10530,396.3843483,1.17
12273,12268,207.0696654,1.17
12274,2520,1322.938196,1.17
12274,5908,1053.72523,1.17
12274,10221,8.54,1.17
12275,3976,937.323604,1.17
12275,10530,371.6056517,1.17
12275,10536,438.6659635,1.17
12275,12272,1763.204834,1.17
12276,8475,661.8512607,1.17
12276,8476,2161.924161,1.17
12276,10536,884.7285712,1.17
12276,12272,1651.178322,1.17
12277,5909,365.5273949,1.17
12277,11915,659.5229975,1.17
12277,11982,167.1572654,1.17
12278,3977,1042.84934,1.17
12278,10537,1935.905507,1.17
12278,12280,457.2061081,1.17
12278,12333,646.5170208,1.17
12279,5911,0.0,1.17
12279,11982,466.94,1.17
12279,11983,443.31,1.17
12279,12428,29.62,1.17
12280,3976,1422.198701,1.17
12280,12278,490.9266059,1.17
12280,12281,284.3469981,1.17
12280,12282,575.6760546,1.17
12281,8894,284.3469981,1.17
12281,10537,38.38,1.17
12281,12280,757.3551901,1.17
12282,3975,135.1265423,1.17
12282,10531,1015.81,1.17
12282,12129,381.3969904,1.17
12282,12280,621.2634577,1.17
12283,2930,0.0,1.17
12283,5822,639.2167466,1.17
12284,8882,567.56,1.17
12284,10532,557.6747237,1.17
12284,12131,1433.599897,1.17
12284,12286,1899.147835,1.17
12285,10287,469.7675861,1.17
12285,11441,106.64,1.17
12285,12417,197.4223517,1.17
12286,8894,602.8621782,1.17
12286,12284,2293.05643,1.17
12286,12287,1696.757775,1.17
12286,12289,700.0568739,1.17
12287,8934,2004.305066,1.17
12287,12096,932.9019755,1.17
12287,12286,1832.512969,1.17
12287,12339,1644.426416,1.17
12288,2511,404.8884502,1.17
12288,12283,404.7667466,1.17
12289,10532,292.3603025,1.17
12289,10538,392.8951917,1.17
12289,12286,1037.075455,1.17
12289,12292,806.2716822,1.17
12290,8858,486.3517282,1.17
12290,10325,448.382273,1.17
12290,10532,661.0243871,1.17
12290,12292,256.2234908,1.17
12291,5833,174.9436253,1.17
12291,12288,404.7667466,1.17
12291,12296,0.0,1.17
12291,12385,3.67,1.17
12292,12289,965.0489101,1.17
12292,12290,612.9103109,1.17
12292,12293,717.9825363,1.17
12292,12294,395.917765,1.17
12293,9195,0.0,1.17
12293,10325,1777.857657,1.17
12293,12292,1074.912449,1.17
12293,12295,1390.959579,1.17
12294,10538,1239.254976,1.17
12294,12292,554.4519006,1.17
12294,12295,964.3285948,1.17
12294,12342,829.0904522,1.17
12295,9194,997.7576105,1.17
12295,12293,1809.66871,1.17
12295,12294,1018.205536,1.17
12295,12343,1350.578369,1.17
12296,12291,404.7667466,1.17
12296,12301,46.12,1.17
12297,9195,401.8841077,1.17
12297,10326,1693.268911,1.17
12297,12298,2643.845385,1.17
12297,12300,264.9744522,1.17
12298,10325,295.981933,1.17
12298,12233,2385.034586,1.17
12298,12297,2084.783363,1.17
12298,12299,0.0,1.17
12299,12234,656.0280894,1.17
12299,12298,37.17113388,1.17
12299,12300,145.74,1.17
12300,10327,410.7144522,1.17
12300,12297,512.5405859,1.17
12300,12299,693.1992233,1.17
12301,5846,394.5126042,1.17
12301,5847,328.2179246,1.17
12301,10217,80.54,1.17
12301,12296,404.7667466,1.17
12302,818,608.18,1.17
12302,8506,1058.44,1.17
12302,11015,1516.875652,1.17
12302,11784,1627.539738,1.17
12303,8508,635.0331601,1.17
12303,8913,799.8767131,1.17
12303,11017,1131.590106,1.17
12303,12304,1946.64533,1.17
12304,8280,2433.736958,1.17
12304,8914,682.0410525,1.17
12304,12303,1066.515815,1.17
12305,9772,1018.404476,1.17
12305,9774,581.4183994,1.17
12305,10979,1427.629145,1.17
12305,12306,1854.663286,1.17
12306,9771,2125.625411,1.17
12306,10985,1356.816407,1.17
12306,11047,2028.102665,1.17
12306,12305,510.8033571,1.17
12307,3938,4072.13312,1.17
12307,9771,1844.753867,1.17
12307,11049,3063.811838,1.17
12307,11050,1076.812034,1.17
12308,1682,1641.97,1.17
12308,2525,628.56,1.17
12308,11917,641.3473062,1.17
12308,11985,729.5126938,1.17
12309,7058,0.0,1.17
12309,12006,0.0,1.17
12310,7057,565.1006701,1.17
12310,11928,1046.45524,1.17
12310,12389,747.7748716,1.17
12311,2513,701.7245061,1.17
12311,6313,829.850909,1.17
12311,12430,0.0,1.17
12312,2202,2102.949589,1.17
12312,10802,1581.91282,1.17
12312,10809,1050.297583,1.17
12312,12313,149.2186921,1.17
12313,8891,1617.720568,1.17
12313,10809,1962.226794,1.17
12313,12251,1576.935032,1.17
12313,12312,1114.049998,1.17
12314,3930,1087.17278,1.17
12314,10804,2537.428147,1.17
12314,12315,1562.407174,1.17
12315,8941,823.175301,1.17
12315,9622,540.1268461,1.17
12315,10798,575.020465,1.17
12315,12314,1591.685157,1.17
12315,12322,709.6052606,1.17
12316,10803,1916.84804,1.17
12316,10804,685.8414916,1.17
12316,12317,702.0568273,1.17
12316,12318,1490.864848,1.17
12317,8891,1193.489998,1.17
12317,12316,713.8103653,1.17
12317,12318,1021.447302,1.17
12317,12319,773.8338641,1.17
12318,3931,1045.343365,1.17
12318,10811,1466.968785,1.17
12318,12316,1888.879166,1.17
12318,12317,1265.267035,1.17
12319,2383,1307.88757,1.17
12319,2384,880.106727,1.17
12319,8513,141.9322849,1.17
12319,10810,2312.658619,1.17
12319,12218,950.2042659,1.17
12319,12317,1398.517501,1.17
12320,8513,1955.763422,1.17
12320,8537,245.0938379,1.17
12320,8616,287.0807013,1.17
12320,10811,430.0283367,1.17
12321,4526,973.8017973,1.17
12321,8537,2301.973488,1.17
12322,8482,2386.277012,1.17
12322,12259,1492.471956,1.17
12322,12315,726.2116843,1.17
12322,12323,1614.889018,1.17
12323,8442,2376.771594,1.17
12323,10539,2021.551452,1.17
12323,12322,1608.615005,1.17
12323,12324,1803.830483,1.17
12324,10539,130.9429881,1.17
12324,12323,1548.14899,1.17
12324,12325,674.7907759,1.17
12324,12326,1359.777844,1.17
12325,8886,1620.400186,1.17
12325,8933,688.16,1.17
12325,12324,519.9251451,1.17
12325,12326,1247.224418,1.17
12326,10540,1321.376126,1.17
12326,12324,1159.166833,1.17
12326,12325,1633.769411,1.17
12326,12327,1199.138775,1.17
12327,3981,460.6775654,1.17
12327,10534,1396.537446,1.17
12327,12326,1335.648264,1.17
12327,12328,1640.578775,1.17
12328,3988,1045.214891,1.17
12328,8478,1543.627722,1.17
12328,10541,1100.637632,1.17
12328,12327,2148.169588,1.17
12329,5005,9329.590922,1.17
12329,8478,264.5842332,1.17
12329,8481,959.4014466,1.17
12330,8478,478.1972462,1.17
12330,8481,904.26,1.17
12330,8930,8933.169181,1.17
12331,8476,1879.899156,1.17
12331,8481,3367.369818,1.17
12331,12220,1375.352334,1.17
12331,12332,2064.981111,1.17
12332,3979,2075.732977,1.17
12332,8476,1964.721214,1.17
12332,8477,1504.499908,1.17
12332,12331,2403.002228,1.17
12333,3978,2111.073436,1.17
12333,12278,724.9282988,1.17
12333,12334,900.8002442,1.17
12333,12335,350.5372325,1.17
12334,8935,678.08,1.17
12334,10537,383.3302442,1.17
12334,12333,1744.083782,1.17
12334,12337,55.11456828,1.17
12335,2745,1102.792998,1.17
12335,12333,229.9160546,1.17
12335,12336,945.2758609,1.17
12335,12337,0.0,1.17
12336,2745,1779.112705,1.17
12336,5015,590.9523847,1.17
12336,10543,2725.688667,1.17
12336,12335,713.7131963,1.17
12337,10543,215.6445683,1.17
12337,12334,258.3427527,1.17
12337,12335,444.4352856,1.17
12337,12338,0.0,1.17
12338,5019,1389.768636,1.17
12338,12337,160.53,1.17
12338,12339,2044.875074,1.17
12339,8935,1479.869958,1.17
12339,12104,790.98,1.17
12339,12287,1742.24341,1.17
12339,12338,1550.298636,1.17
12340,10538,536.2819629,1.17
12340,10544,347.4549806,1.17
12340,12104,655.6418184,1.17
12340,12342,405.8955336,1.17
12341,5040,1730.534239,1.17
12341,10328,509.9411715,1.17
12341,10544,630.5881392,1.17
12341,12342,1388.277108,1.17
12342,12294,1284.689428,1.17
12342,12340,652.9724771,1.17
12342,12341,893.6392492,1.17
12342,12343,431.8312029,1.17
12343,8936,246.6887726,1.17
12343,10328,1426.080077,1.17
12343,12295,2024.405425,1.17
12343,12342,639.8692638,1.17
12343,12345,280.1794953,1.17
12344,5075,1277.186268,1.17
12344,8940,510.4656417,1.17
12344,10328,658.2400971,1.17
12344,12345,1226.186322,1.17
12345,8936,1063.168199,1.17
12345,8938,107.54,1.17
12345,12343,607.2993416,1.17
12345,12344,999.2951186,1.17
12346,8938,620.0673446,1.17
12346,10327,2424.462384,1.17
12346,10329,1929.239456,1.17
12347,8915,862.1846949,1.17
12347,11154,1662.282947,1.17
12347,11780,1630.595255,1.17
12347,12350,891.5230105,1.17
12348,6328,2040.391239,1.17
12348,6329,922.5847875,1.17
12348,6332,2938.886442,1.17
12348,11157,1774.386773,1.17
12349,977,142.86,1.17
12349,6334,4001.67968,1.17
12349,6335,222.54,1.17
12349,11158,2826.144051,1.17
12350,9797,908.4094218,1.17
12350,11051,1284.959696,1.17
12350,11155,1594.299454,1.17
12350,12347,605.4592599,1.17
12351,3550,207.26,1.17
12351,11440,0.0,1.17
12351,11443,637.2846152,1.17
12351,12440,650.7911863,1.17
12352,11046,593.6544018,1.17
12352,11051,417.4709255,1.17
12352,11052,671.8677255,1.17
12353,4478,1463.131024,1.17
12353,9769,903.9502687,1.17
12353,11053,531.4494989,1.17
12353,11060,698.7750397,1.17
12354,6976,93.42,1.17
12354,12356,0.0,1.17
12354,12431,282.18,1.17
12355,3956,3223.028944,1.17
12355,10818,2141.780266,1.17
12355,11061,1777.183706,1.17
12355,11062,1962.743087,1.17
12356,6966,121.59,1.17
12356,12354,23.08,1.17
12356,12357,67.31,1.17
12357,10209,210.99,1.17
12357,12356,144.67,1.17
12357,12361,137.54,1.17
12358,2446,768.2561988,1.17
12358,8893,550.4579183,1.17
12358,10284,1821.971328,1.17
12358,12359,1020.26,1.17
12359,2446,998.8183848,1.17
12359,10806,8976.49,1.17
12359,12358,519.9020698,1.17
12360,2446,3035.235448,1.17
12360,10285,2449.384605,1.17
12360,10814,2139.113119,1.17
12361,6984,0.0,1.17
12361,12357,166.76,1.17
12361,12362,137.54,1.17
12362,6977,137.54,1.17
12362,10208,0.0,1.17
12362,12361,166.76,1.17
12363,10208,0.0,1.17
12363,12365,201.4,1.17
12363,12372,0.0,1.17
12363,12433,432.4440631,1.17
12364,10821,1490.969067,1.17
12364,10822,2184.958092,1.17
12364,10828,1750.300546,1.17
12364,12367,376.9191459,1.17
12365,11927,201.4,1.17
12365,12363,432.4440631,1.17
12365,12372,0.0,1.17
12366,8943,634.9877531,1.17
12366,10816,2048.517638,1.17
12366,10817,976.7750904,1.17
12367,5742,274.7582275,1.17
12367,10823,564.3711075,1.17
12367,12364,829.8544818,1.17
12367,12368,361.0617725,1.17
12368,4529,2037.391794,1.17
12368,5742,2002.278197,1.17
12368,12367,702.2928929,1.17
12368,12369,402.498648,1.17
12369,4529,692.6179133,1.17
12369,10829,820.7964756,1.17
12369,12368,846.6838866,1.17
12370,6905,1254.018665,1.17
12370,6907,171.3498587,1.17
12370,8342,1018.867407,1.17
12370,12222,450.0138002,1.17
12371,10290,1450.123524,1.17
12371,11443,507.192129,1.17
12371,12383,926.9871802,1.17
12372,11997,0.0,1.17
12372,12363,0.0,1.17
12372,12365,0.0,1.17
12373,9785,1711.449776,1.17
12373,9787,1397.529394,1.17
12373,10282,1214.639609,1.17
12373,12374,2274.435141,1.17
12374,6345,3050.229107,1.17
12374,9788,314.93,1.17
12374,9888,1370.893872,1.17
12374,12373,1825.759281,1.17
12375,6332,2150.010901,1.17
12375,9789,627.41,1.17
12375,11158,3099.210383,1.17
12376,6334,4.27,1.17
12376,6345,2247.059068,1.17
12376,6364,93.01267159,1.17
12376,9931,3286.255943,1.17
12377,6044,846.7334356,1.17
12377,6045,630.6123291,1.17
12377,12378,373.4597336,1.17
12378,6058,0.0,1.17
12378,6059,373.4597336,1.17
12378,12377,311.4916046,1.17
12379,5857,426.08,1.17
12379,5871,143.4053795,1.17
12379,10194,0.0,1.17
12379,12380,0.0,1.17
12380,10194,863.109352,1.17
12380,10195,641.3846205,1.17
12380,12379,14.95053032,1.17
12381,3114,829.7226324,1.17
12381,11776,484.2394122,1.17
12381,11777,2715.323745,1.17
12381,12382,2429.76,1.17
12382,8278,2613.792322,1.17
12382,12381,2607.82995,1.17
12383,7287,1007.500245,1.17
12383,12371,850.0940385,1.17
12383,12390,688.2501592,1.17
12384,6913,2093.952161,1.17
12384,12713,846.1515043,1.17
12385,5832,29.02,1.17
12385,12291,174.9436253,1.17
12385,12296,46.12,1.17
12386,6872,541.9757352,1.17
12386,10211,2282.34,1.17
12386,12388,451.7942648,1.17
12387,7292,711.1464469,1.17
12387,10825,868.4472978,1.17
12387,11062,498.7670448,1.17
12388,5826,451.7942648,1.17
12388,12386,155.6867909,1.17
12389,6185,1348.69933,1.17
12389,12184,502.9647603,1.17
12389,12310,628.1252397,1.17
12390,10291,1090.499375,1.17
12390,11444,2017.136688,1.17
12390,12383,484.5664052,1.17
12390,12417,744.7072808,1.17
12391,8952,0.0,1.17
12391,9213,239.91,1.17
12391,9215,3094.277545,1.17
12391,12392,3132.144903,1.17
12392,8951,1490.42345,1.17
12392,10831,1925.602872,1.17
12392,12391,3334.187545,1.17
12392,12393,3470.26047,1.17
12393,8950,466.2329968,1.17
12393,10826,3004.027473,1.17
12393,12392,3346.125151,1.17
12394,10971,3069.599824,1.17
12394,12403,3320.151488,1.17
12395,8948,270.8438118,1.17
12395,8950,415.8003386,1.17
12395,8953,594.0923742,1.17
12395,10832,259.3083171,1.17
12395,10833,490.9781218,1.17
12396,10061,5536.134933,1.17
12396,12394,1975.752991,1.17
12397,10832,2115.701891,1.17
12397,10833,2430.04295,1.17
12397,12398,992.868552,1.17
12397,12401,1133.406169,1.17
12398,8952,0.0,1.17
12398,12397,1249.389798,1.17
12398,12450,992.868552,1.17
12399,2199,8700.985747,1.17
12400,10827,2966.604931,1.17
12400,12406,279.9949633,1.17
12400,12407,1557.192741,1.17
12401,10827,2622.117089,1.17
12401,10834,1015.616622,1.17
12401,12397,1682.023729,1.17
12401,12402,2139.839501,1.17
12402,10840,1321.854914,1.17
12402,12401,2361.632703,1.17
12402,12454,817.9845871,1.17
12403,10975,2387.738034,1.17
12403,12394,1285.167455,1.17
12403,12399,1128.273454,1.17
12404,2435,524.6886714,1.17
12404,10841,785.7707391,1.17
12404,12410,7.91,1.17
12404,12776,1048.34099,1.17
12405,2918,918.9252094,1.17
12405,5806,398.684465,1.17
12405,11867,688.7503185,1.17
12406,10834,2273.818286,1.17
12406,12400,758.2736782,1.17
12406,12407,2574.440634,1.17
12406,12408,565.5375632,1.17
12407,4529,2140.965031,1.17
12407,10828,1990.668343,1.17
12407,12400,2208.331253,1.17
12407,12406,2295.755202,1.17
12408,5861,408.1037601,1.17
12408,10829,516.267701,1.17
12408,10835,488.4619687,1.17
12408,12406,1069.952411,1.17
12409,10197,1512.427764,1.17
12409,11892,1020.843493,1.17
12409,12411,0.0,1.17
12410,8527,467.7158163,1.17
12410,10835,975.4791142,1.17
12410,12404,560.7636522,1.17
12410,12464,407.6966726,1.17
12411,2924,1128.875546,1.17
12411,11892,1551.211344,1.17
12411,12409,138.366461,1.17
12411,12413,426.1058491,1.17
12412,6359,552.1775491,1.17
12412,11159,1451.572076,1.17
12412,11163,1541.815671,1.17
12412,11164,1138.411772,1.17
12413,2926,2434.451539,1.17
12413,10199,1449.107368,1.17
12413,12411,554.7365381,1.17
12414,11872,827.4777536,1.17
12414,11873,525.8988994,1.17
12414,12419,162.7750902,1.17
12415,6361,502.994103,1.17
12415,11163,1337.82122,1.17
12415,11164,1107.356218,1.17
12415,11170,1381.419802,1.17
12415,12416,2129.078352,1.17
12416,11165,2396.584737,1.17
12416,11171,479.6489668,1.17
12416,12415,1544.084068,1.17
12417,11441,546.3275052,1.17
12417,12285,198.3797755,1.17
12417,12390,819.5350844,1.17
12418,6361,970.4453323,1.17
12418,11160,950.4309451,1.17
12418,11165,1083.488107,1.17
12418,11166,1098.475058,1.17
12419,2529,1991.286309,1.17
12419,5948,851.6746055,1.17
12419,11897,1350.710664,1.17
12419,12414,315.076653,1.17
12420,11160,1866.508413,1.17
12420,11161,1271.138996,1.17
12420,11166,943.2883448,1.17
12420,12423,2659.312938,1.17
12421,5969,186.9,1.17
12421,5989,0.0,1.17
12421,11898,240.17,1.17
12422,6052,0.0,1.17
12422,6068,0.0,1.17
12423,6364,1088.911428,1.17
12423,9971,2698.036809,1.17
12423,11167,849.45307,1.17
12423,12420,2200.229829,1.17
12424,4087,2523.739799,1.17
12424,4488,863.008507,1.17
12424,9976,2279.745129,1.17
12424,12425,647.6901212,1.17
12425,4497,1333.626175,1.17
12425,11087,1496.590116,1.17
12425,11167,1853.689916,1.17
12425,12424,1137.400075,1.17
12426,7293,841.3309246,1.17
12426,11087,1822.236747,1.17
12426,12427,2501.185509,1.17
12427,4498,121.131139,1.17
12427,11082,2007.232412,1.17
12427,12426,1949.554618,1.17
12427,12429,981.8828448,1.17
12428,5897,16.78,1.17
12428,5912,12.84,1.17
12428,12279,23.37,1.17
12429,11075,2117.80679,1.17
12429,11076,2608.110219,1.17
12429,12427,211.4548586,1.17
12430,2513,829.850909,1.17
12430,7057,418.33,1.17
12430,11929,283.3945061,1.17
12430,12311,0.0,1.17
12431,6965,282.18,1.17
12431,12354,93.42,1.17
12432,11077,2417.24415,1.17
12432,11078,2515.28892,1.17
12432,12435,0.0,1.17
12433,6963,432.4440631,1.17
12433,11997,0.0,1.17
12433,12363,201.4,1.17
12434,11077,1903.792741,1.17
12434,11083,2238.97464,1.17
12434,12435,3066.274181,1.17
12435,11084,3028.851668,1.17
12435,11090,387.57,1.17
12435,12432,193.8874633,1.17
12435,12434,2599.432987,1.17
12436,10290,595.4098392,1.17
12436,12437,931.1276498,1.17
12436,12441,856.5363,1.17
12437,10291,711.2810916,1.17
12437,11500,1232.828629,1.17
12437,12436,406.2467215,1.17
12438,3966,4024.828915,1.17
12438,4495,1929.558646,1.17
12438,11078,2947.071705,1.17
12438,12439,3129.537304,1.17
12439,4503,3285.542296,1.17
12439,11084,2841.698971,1.17
12439,11085,2678.057977,1.17
12439,12438,3493.561984,1.17
12440,11499,113.6502115,1.17
12440,12351,581.3090995,1.17
12440,12441,313.0527887,1.17
12440,12443,727.984055,1.17
12441,12436,634.8079182,1.17
12441,12440,190.8430802,1.17
12441,12442,665.6932198,1.17
12442,11500,235.5416813,1.17
12442,12441,321.7551295,1.17
12442,12444,302.7647887,1.17
12442,12446,637.38233,1.17
12443,11499,230.3201691,1.17
12443,11502,791.0107755,1.17
12443,12440,755.1918881,1.17
12443,12444,392.5805102,1.17
12444,12442,20.79,1.17
12444,12443,268.1548898,1.17
12444,12445,666.5951297,1.17
12445,11502,309.9046196,1.17
12445,12444,260.1947206,1.17
12445,12446,398.7505102,1.17
12446,1257,25.46,1.17
12446,11503,532.8115147,1.17
12446,12442,536.5068108,1.17
12446,12445,275.2947206,1.17
12446,12448,544.6913255,1.17
12447,1925,285.9769242,1.17
12447,10067,1059.489312,1.17
12447,11502,590.8588488,1.17
12447,12448,674.5088615,1.17
12448,1260,80.02,1.17
12448,12446,576.5168108,1.17
12448,12447,264.4582195,1.17
12448,12449,490.5170513,1.17
12448,12503,548.2013255,1.17
12449,1261,2109.65,1.17
12449,11503,643.21,1.17
12449,11506,898.0633268,1.17
12449,12448,271.7682195,1.17
12449,12496,1549.877023,1.17
12450,10838,2946.115738,1.17
12450,10839,3241.161684,1.17
12450,10845,986.54,1.17
12450,12398,1249.389798,1.17
12451,11444,1484.353651,1.17
12451,11445,139.91,1.17
12451,12458,1864.561699,1.17
12452,4452,178.9363269,1.17
12452,8961,605.3291846,1.17
12452,10845,2657.970185,1.17
12452,10850,2016.517685,1.17
12453,4454,529.3171395,1.17
12453,4455,128.25,1.17
12453,10845,614.4802328,1.17
12454,10839,4128.268686,1.17
12454,10846,719.6986876,1.17
12454,12402,482.7233975,1.17
12454,12455,2341.979536,1.17
12455,10840,3709.167993,1.17
12455,10841,2269.938099,1.17
12455,12454,3485.112787,1.17
12455,12460,1739.570276,1.17
12456,3570,342.4446207,1.17
12456,11442,171.62,1.17
12456,11445,567.8796516,1.17
12457,4449,403.96,1.17
12457,7480,339.1867301,1.17
12457,8541,719.997409,1.17
12457,10846,1067.070738,1.17
12458,12451,1325.556189,1.17
12458,12463,1074.670304,1.17
12458,12477,822.4913944,1.17
12459,7480,986.6184468,1.17
12459,10852,1551.735011,1.17
12459,12460,2120.832444,1.17
12459,12461,392.063057,1.17
12460,10846,439.4390275,1.17
12460,12455,2304.065054,1.17
12460,12459,1813.534062,1.17
12460,12462,402.7492388,1.17
12461,8877,1096.867658,1.17
12461,10853,593.933057,1.17
12461,12459,464.95,1.17
12461,12462,1205.498295,1.17
12462,4459,2049.000171,1.17
12462,12460,514.4588411,1.17
12462,12461,1200.195913,1.17
12462,12465,20.89,1.17
12463,12458,817.7420598,1.17
12463,12473,554.7730553,1.17
12463,12476,755.2908784,1.17
12464,6255,1378.037983,1.17
12464,8531,1188.411864,1.17
12464,12410,659.2142361,1.17
12465,6672,514.6773566,1.17
12465,10847,596.3218664,1.17
12465,12462,569.2086654,1.17
12465,12466,342.3863306,1.17
12466,6673,501.6975204,1.17
12466,10853,800.7646249,1.17
12466,12465,608.2156557,1.17
12467,2904,537.1275881,1.17
12467,11181,1212.891277,1.17
12467,12470,2042.433084,1.17
12467,12526,534.4299192,1.17
12468,2904,347.4464269,1.17
12468,3599,513.2860231,1.17
12468,11175,473.0463517,1.17
12469,2905,751.6543696,1.17
12469,11176,1621.825677,1.17
12469,12468,424.1750872,1.17
12470,2905,1313.789619,1.17
12470,8500,3130.107426,1.17
12470,12467,1372.173782,1.17
12471,8498,2747.240265,1.17
12471,8500,1997.073399,1.17
12471,9904,280.8820904,1.17
12471,12472,727.7420604,1.17
12472,3585,796.2828203,1.17
12472,6390,669.5990872,1.17
12472,7621,485.0372631,1.17
12472,12471,354.8434194,1.17
12473,11445,595.9846207,1.17
12473,12205,945.1383168,1.17
12473,12463,186.5618848,1.17
12473,12476,816.5355456,1.17
12474,6393,2172.082039,1.17
12474,8498,2309.112518,1.17
12474,9807,483.8770312,1.17
12474,11177,610.9038596,1.17
12475,6394,2519.181764,1.17
12475,11178,364.44,1.17
12475,11179,2476.42856,1.17
12475,11184,529.7633114,1.17
12476,12463,866.5738045,1.17
12476,12473,709.0274462,1.17
12476,12480,517.7798664,1.17
12476,12484,1054.046558,1.17
12477,3779,239.8935832,1.17
12477,12458,540.4141294,1.17
12477,12480,582.5978112,1.17
12478,2892,439.8968852,1.17
12478,8495,1705.455226,1.17
12478,11166,913.7958114,1.17
12478,11172,1028.940487,1.17
12479,3779,134.6737789,1.17
12479,9748,55.28,1.17
12479,12486,318.0935832,1.17
12480,11501,1100.377678,1.17
12480,12476,764.6591909,1.17
12480,12477,431.4403505,1.17
12481,3567,319.2756672,1.17
12481,3572,357.8488751,1.17
12481,11099,1549.593871,1.17
12481,12482,1785.65816,1.17
12482,11094,2313.82469,1.17
12482,11100,719.1183051,1.17
12482,12481,1633.78951,1.17
12483,9748,197.1356261,1.17
12483,11501,1181.489541,1.17
12483,11504,1500.922052,1.17
12484,2748,1331.586558,1.17
12484,11501,134.11,1.17
12484,12476,810.9420598,1.17
12485,3530,1060.97498,1.17
12485,11095,2828.750894,1.17
12485,11096,2996.365927,1.17
12485,11102,972.1977905,1.17
12486,1258,391.62,1.17
12486,9750,411.1535832,1.17
12486,12479,189.9537789,1.17
12487,7112,1183.241599,1.17
12487,7471,1024.985429,1.17
12487,8327,719.6369476,1.17
12487,10610,1030.238424,1.17
12488,3168,3368.928367,1.17
12488,3317,1664.663405,1.17
12488,3995,4098.85272,1.17
12489,9750,301.2537789,1.17
12489,11503,328.2235832,1.17
12489,12493,536.1858581,1.17
12490,3780,1074.820971,1.17
12490,12197,724.4230159,1.17
12490,12495,488.8609269,1.17
12491,6708,54.1354639,1.17
12491,7458,392.6268309,1.17
12491,7471,1676.711599,1.17
12491,7473,1308.062566,1.17
12492,9675,4199.889225,1.17
12493,3791,205.0680118,1.17
12493,12489,233.01,1.17
12493,12496,331.1178463,1.17
12494,9026,3161.849769,1.17
12494,12492,3454.099225,1.17
12495,3791,89.88,1.17
12495,11504,693.9289387,1.17
12495,12490,455.4685556,1.17
12496,3780,1880.994869,1.17
12496,12449,1396.72,1.17
12496,12493,143.13,1.17
12497,9029,8215.612093,1.17
12498,8957,639.5610906,1.17
12498,8958,2114.082618,1.17
12498,8963,1898.432752,1.17
12498,10850,1228.614666,1.17
12499,2200,10808.07241,1.17
12500,12499,10808.07241,1.17
12501,2208,10004.57829,1.17
12501,8590,844.7636631,1.17
12501,8591,885.1,1.17
12502,8970,2340.191913,1.17
12502,10850,2238.726564,1.17
12502,12504,346.214076,1.17
12503,11506,395.0,1.17
12503,12448,327.7950006,1.17
12503,12523,639.0616822,1.17
12504,4451,1619.538893,1.17
12504,8595,368.6653339,1.17
12504,12502,615.3991874,1.17
12504,12511,222.1266109,1.17
12505,8592,271.92,1.17
12505,12501,10322.95855,1.17
12506,8590,648.4472924,1.17
12506,8591,382.7236207,1.17
12506,12509,9669.826492,1.17
12507,3790,56.6,1.17
12507,11509,507.6032382,1.17
12507,12516,478.5548843,1.17
12508,8592,751.8370734,1.17
12508,10857,973.2194247,1.17
12508,10858,1148.387527,1.17
12508,10863,981.9503595,1.17
12509,8595,722.1946722,1.17
12509,12510,9035.996852,1.17
12510,12515,9258.674722,1.17
12511,4447,733.7251252,1.17
12511,8600,829.1883593,1.17
12511,12504,1289.889141,1.17
12511,12513,0.0,1.17
12512,4447,1587.16691,1.17
12512,8541,588.294001,1.17
12512,10852,1245.340227,1.17
12512,12513,635.2088718,1.17
12513,8971,426.7384787,1.17
12513,12511,514.5415943,1.17
12513,12512,584.3664723,1.17
12513,12519,208.4703932,1.17
12514,8600,477.2761343,1.17
12514,12505,10386.75575,1.17
12515,2205,9460.963174,1.17
12515,8602,743.71316,1.17
12516,1925,220.1048843,1.17
12516,11505,407.2832795,1.17
12516,12507,455.4010907,1.17
12517,8601,2014.466677,1.17
12517,8971,2635.715081,1.17
12517,10864,2018.697084,1.17
12517,12524,888.3911997,1.17
12518,8601,952.1769284,1.17
12518,12514,10864.03188,1.17
12519,8602,2142.116259,1.17
12519,10852,2291.760766,1.17
12519,12513,514.5415943,1.17
12519,12522,161.67,1.17
12520,10064,968.764049,1.17
12520,11509,711.5717503,1.17
12520,12523,200.95,1.17
12521,6765,2265.228149,1.17
12521,8534,533.1614457,1.17
12521,8877,2336.682352,1.17
12521,10853,856.4235092,1.17
12522,8534,0.0,1.17
12522,10859,161.67,1.17
12522,12519,1174.702842,1.17
12523,9751,0.0,1.17
12523,11510,581.622523,1.17
12523,12503,722.7950006,1.17
12523,12520,84.68915921,1.17
12524,6940,1200.578563,1.17
12524,8603,1284.272363,1.17
12524,10865,1344.075076,1.17
12524,12517,1763.701182,1.17
12525,2519,857.0371005,1.17
12525,6405,159.5435669,1.17
12525,11186,686.8210663,1.17
12525,12526,604.5015491,1.17
12526,11181,471.1689251,1.17
12526,11186,440.7069633,1.17
12526,12467,563.9720163,1.17
12526,12525,404.4209973,1.17
12527,7133,1115.760435,1.17
12527,9753,1198.126135,1.17
12527,11514,142.57,1.17
12528,9806,688.8934993,1.17
12528,11182,686.8803022,1.17
12528,12529,1289.229559,1.17
12529,11186,786.9869833,1.17
12529,11187,2508.326193,1.17
12529,11790,1744.603927,1.17
12529,12528,1375.773802,1.17
12530,7090,90.22,1.17
12530,7133,62.79,1.17
12530,11514,228.46,1.17
12530,12534,233.33,1.17
12531,6406,1397.134434,1.17
12531,9804,1035.545793,1.17
12531,11188,1355.658966,1.17
12531,12559,650.0103869,1.17
12532,7090,86.37,1.17
12532,11514,406.85,1.17
12532,11515,551.216128,1.17
12532,11520,26.72,1.17
12533,7102,836.3983474,1.17
12533,11515,1678.813872,1.17
12533,11520,1240.76,1.17
12533,12543,611.3615605,1.17
12534,11519,110.85,1.17
12534,12530,228.46,1.17
12534,12538,226.42,1.17
12534,12542,180.75,1.17
12535,3119,1363.871269,1.17
12535,11107,1560.646568,1.17
12535,11108,2081.613179,1.17
12535,11113,803.3991523,1.17
12536,3801,1940.166985,1.17
12536,7122,956.373432,1.17
12536,11518,292.87,1.17
12536,11519,1140.356013,1.17
12537,2899,741.01392,1.17
12537,11107,2639.551894,1.17
12537,12539,1866.626548,1.17
12538,7122,822.9087147,1.17
12538,12534,221.62,1.17
12538,12542,734.753432,1.17
12539,8582,662.9743178,1.17
12539,11102,2203.197374,1.17
12539,12537,1889.029809,1.17
12539,12540,1990.809136,1.17
12540,4504,2340.779754,1.17
12540,8577,4136.890726,1.17
12540,12539,2210.683182,1.17
12540,12910,3604.978221,1.17
12541,7127,0.0,1.17
12541,12544,0.473837368,1.17
12541,12545,0.0,1.17
12542,7089,915.503432,1.17
12542,12534,117.69,1.17
12542,12538,596.4887147,1.17
12543,12533,884.3441434,1.17
12543,12544,1855.816236,1.17
12543,12545,439.7387147,1.17
12544,7128,543.3379496,1.17
12544,7135,1460.518286,1.17
12544,12541,0.0,1.17
12544,12543,618.4050013,1.17
12545,7089,439.7387147,1.17
12545,11520,0.0,1.17
12545,12541,0.0,1.17
12545,12543,961.9828525,1.17
12546,11523,102.78,1.17
12546,11524,142.98,1.17
12547,7084,445.3321558,1.17
12547,7086,60.96,1.17
12547,7091,24.08,1.17
12547,7128,534.9550013,1.17
12548,10113,2367.162902,1.17
12548,10861,2116.938482,1.17
12548,10867,1856.332908,1.17
12548,10868,1632.977982,1.17
12549,1977,40.73,1.17
12549,11526,221.5723854,1.17
12549,12552,55.16596956,1.17
12550,2747,1748.370976,1.17
12550,8974,314.0177431,1.17
12550,10869,1150.950049,1.17
12550,10875,1458.685804,1.17
12551,1993,1505.846399,1.17
12551,4446,1609.208496,1.17
12551,10875,1589.542281,1.17
12551,10876,1622.605513,1.17
12552,1984,0.0,1.17
12552,11527,55.16596956,1.17
12552,12549,153.2179179,1.17
12553,1965,74.89,1.17
12553,11526,351.4781855,1.17
12553,12554,12.10504643,1.17
12553,12619,256.777339,1.17
12554,12553,13.93,1.17
12554,12556,415.0498498,1.17
12554,12620,233.3850464,1.17
12555,11187,943.5962351,1.17
12555,11790,1729.220569,1.17
12555,11791,2784.985306,1.17
12556,11531,465.7332859,1.17
12556,12554,221.28,1.17
12556,12560,686.6465884,1.17
12556,12621,997.591405,1.17
12557,3475,1968.108358,1.17
12557,4600,0.0,1.17
12557,10004,2517.598209,1.17
12557,11793,363.9186739,1.17
12558,3472,1240.861483,1.17
12558,8613,2489.3763,1.17
12558,11791,2237.418255,1.17
12558,11793,2076.339623,1.17
12559,8612,1030.795691,1.17
12559,11188,593.1851215,1.17
12559,12531,667.3838455,1.17
12560,11526,74.34,1.17
12560,11527,1169.29848,1.17
12560,11531,201.5933346,1.17
12560,12556,689.2058027,1.17
12561,3742,99.27,1.17
12561,3990,0.0,1.17
12561,4032,757.103118,1.17
12561,4575,1382.405614,1.17
12562,5068,281.9694714,1.17
12562,7298,369.8557849,1.17
12562,11124,626.9573318,1.17
12563,11529,335.15,1.17
12563,11532,282.7485901,1.17
12563,12617,414.9687017,1.17
12563,12618,375.4931853,1.17
12564,6652,2224.270231,1.17
12564,11507,480.6921679,1.17
12564,12197,1509.339578,1.17
12565,7845,978.8329877,1.17
12565,8208,1217.87417,1.17
12565,12649,524.7572621,1.17
12566,6652,1316.425188,1.17
12566,7117,1546.961728,1.17
12566,7118,139.8412347,1.17
12566,11027,202.182838,1.17
12566,12574,431.4857609,1.17
12567,7095,430.2608025,1.17
12567,7113,1254.548404,1.17
12567,12568,1381.447159,1.17
12568,7096,238.2919979,1.17
12568,7114,252.99,1.17
12568,11516,846.2729487,1.17
12568,12567,1684.809206,1.17
12568,12574,1334.484921,1.17
12569,7167,1806.024699,1.17
12569,8319,1603.97911,1.17
12570,3164,7515.725836,1.17
12570,3210,3510.845664,1.17
12570,4541,967.5299547,1.17
12570,5942,1159.271272,1.17
12571,4424,0.0,1.17
12571,4541,197.9077137,1.17
12571,11128,299.1672454,1.17
12571,12615,0.17,1.17
12572,3187,1117.387121,1.17
12572,4541,0.17,1.17
12572,11115,260.3203325,1.17
12572,11122,1640.987477,1.17
12573,2032,740.7788114,1.17
12573,7472,1831.008283,1.17
12573,10371,1749.001129,1.17
12573,12599,531.832916,1.17
12574,6625,992.1049213,1.17
12574,7115,517.4857609,1.17
12574,12566,632.5462802,1.17
12574,12568,680.3094758,1.17
12575,11521,477.1299079,1.17
12575,12578,1638.085305,1.17
12575,12579,1441.997533,1.17
12576,8584,1849.461464,1.17
12576,10866,1160.328145,1.17
12576,10873,1417.477906,1.17
12576,12982,61.17,1.17
12577,10878,1536.376286,1.17
12577,10879,1143.942303,1.17
12577,10884,151.03,1.17
12577,12982,502.1807572,1.17
12578,7093,745.5891225,1.17
12578,7134,1562.770347,1.17
12578,12575,980.7434452,1.17
12579,11521,264.4133705,1.17
12579,12575,703.471374,1.17
12579,12583,1491.627133,1.17
12579,12586,377.1842062,1.17
12580,2566,236.1741846,1.17
12580,10873,1410.045282,1.17
12580,10874,416.5732021,1.17
12580,12581,1131.667762,1.17
12581,2161,1677.063975,1.17
12581,2567,1218.585132,1.17
12581,8972,2224.58785,1.17
12581,12580,1281.918761,1.17
12582,2566,749.3259583,1.17
12582,10879,1261.535384,1.17
12582,10880,1396.283362,1.17
12582,12626,372.6112619,1.17
12583,3792,1523.817533,1.17
12583,7111,56.75556194,1.17
12583,12579,652.7830888,1.17
12583,12586,123.01,1.17
12584,2160,2223.527114,1.17
12584,2877,2759.014592,1.17
12584,9207,444.0425728,1.17
12585,3792,311.6580039,1.17
12585,6503,291.1157609,1.17
12585,11030,1226.255178,1.17
12585,12592,400.8562802,1.17
12586,7091,362.0347637,1.17
12586,7124,395.46,1.17
12586,12579,315.1016557,1.17
12586,12583,68.99556194,1.17
12587,2128,1638.6851,1.17
12587,4518,999.6923227,1.17
12587,10876,2316.163832,1.17
12587,10882,2073.508701,1.17
12588,4518,1798.688002,1.17
12588,7527,900.5059979,1.17
12588,12590,536.1423227,1.17
12589,2061,1844.492179,1.17
12589,10882,1718.518832,1.17
12589,12590,1148.313737,1.17
12589,12594,2129.074096,1.17
12590,2568,1438.766059,1.17
12590,10888,245.69,1.17
12590,12588,687.3553861,1.17
12590,12589,1163.864448,1.17
12591,7527,1630.301558,1.17
12591,7546,1287.418903,1.17
12591,7547,259.1461703,1.17
12592,7111,489.2413345,1.17
12592,7115,449.6562802,1.17
12592,12186,483.1154698,1.17
12592,12585,476.2157609,1.17
12593,1954,2931.649774,1.17
12593,12594,3509.079262,1.17
12594,10888,1768.191495,1.17
12594,10894,2349.925768,1.17
12594,12589,2327.830535,1.17
12594,12593,2931.649774,1.17
12595,3871,401.0450582,1.17
12595,4612,104.5012481,1.17
12595,4615,1938.376195,1.17
12595,12653,2169.205271,1.17
12596,2937,1094.833084,1.17
12596,9152,654.2258612,1.17
12596,11810,658.4850582,1.17
12597,3792,353.6250849,1.17
12597,6503,68.38,1.17
12597,7125,414.282355,1.17
12598,3999,0.0,1.17
12598,4600,0.0,1.17
12598,7543,0.0,1.17
12598,12600,0.0,1.17
12599,7493,381.9504826,1.17
12599,12573,532.7073723,1.17
12599,12614,333.3707727,1.17
12600,7543,2148.876364,1.17
12600,12598,0.0,1.17
12600,12601,1311.602541,1.17
12601,7049,721.3791137,1.17
12601,10013,2691.063795,1.17
12601,11202,1791.426684,1.17
12601,12600,2148.876364,1.17
12602,2338,3537.730172,1.17
12602,3880,1016.523404,1.17
12602,6631,3888.207007,1.17
12602,12607,229.98,1.17
12603,10019,361.5540146,1.17
12603,10020,1217.824731,1.17
12604,3840,1398.086396,1.17
12604,4012,999.3786959,1.17
12604,4019,600.7391643,1.17
12604,4032,1295.385614,1.17
12605,6504,848.5416611,1.17
12605,7125,158.0022249,1.17
12605,11525,415.1977751,1.17
12605,11530,1159.142985,1.17
12606,3747,853.2697161,1.17
12606,5067,206.3,1.17
12606,5069,472.4567845,1.17
12606,11130,378.5119017,1.17
12607,6504,227.8031879,1.17
12607,11033,308.21,1.17
12607,12602,434.0213276,1.17
12608,3883,1069.298367,1.17
12608,5513,750.7886612,1.17
12608,7549,1600.419153,1.17
12608,11135,1390.079957,1.17
12609,11530,218.46,1.17
12609,11533,93.89154785,1.17
12609,11534,6.84,1.17
12610,11530,860.9505856,1.17
12610,11534,179.4100476,1.17
12610,12611,1156.375232,1.17
12611,2352,803.4315036,1.17
12611,11537,1335.587456,1.17
12611,12610,1040.360633,1.17
12612,3831,144.9137945,1.17
12612,12617,275.3300476,1.17
12612,12664,332.616455,1.17
12613,3210,4813.511755,1.17
12613,7295,2148.70262,1.17
12613,11133,1776.849537,1.17
12613,11134,514.2571627,1.17
12614,2064,363.7289043,1.17
12614,7494,345.0790517,1.17
12614,12599,301.7343001,1.17
12615,3206,2673.72346,1.17
12615,3893,23.69,1.17
12615,12571,197.9077137,1.17
12615,12616,2258.623718,1.17
12616,3896,677.1434578,1.17
12616,10890,1833.527912,1.17
12616,11128,820.8799995,1.17
12616,12615,2447.727139,1.17
12617,11533,91.13845215,1.17
12617,12563,389.5464669,1.17
12617,12612,323.8302496,1.17
12618,11532,477.3596518,1.17
12618,11536,1057.382039,1.17
12618,12563,202.1663954,1.17
12619,6411,16.77,1.17
12619,11535,275.737339,1.17
12619,12553,229.8381855,1.17
12620,11535,62.357427,1.17
12620,12554,428.9798498,1.17
12620,12621,21.23504643,1.17
12620,12623,195.862573,1.17
12621,6419,1042.579213,1.17
12621,11536,148.7414418,1.17
12621,12556,737.3300245,1.17
12621,12620,42.1,1.17
12622,6422,69.75791795,1.17
12622,11535,474.8936969,1.17
12622,12623,11.47,1.17
12622,12631,447.099421,1.17
12623,6419,7.21,1.17
12623,11538,36.36,1.17
12623,12620,120.9243384,1.17
12623,12622,173.602573,1.17
12624,10885,828.2968994,1.17
12624,10891,791.7064825,1.17
12624,10897,246.5157924,1.17
12624,12625,552.1630023,1.17
12625,12624,472.5166113,1.17
12625,12626,507.712087,1.17
12625,12627,478.3381862,1.17
12625,12628,14.64285889,1.17
12626,10885,1440.621191,1.17
12626,12582,654.2055131,1.17
12626,12625,70.30124679,1.17
12626,12627,1721.210893,1.17
12627,10886,684.9415555,1.17
12627,12625,416.8582234,1.17
12627,12626,1455.373265,1.17
12627,12774,1514.607523,1.17
12628,10892,1815.531864,1.17
12628,10897,1566.428075,1.17
12628,12625,433.8872709,1.17
12629,6419,755.5414204,1.17
12629,11538,72.20075528,1.17
12629,12630,18.69,1.17
12629,12632,1042.579213,1.17
12630,11536,606.3446513,1.17
12630,12629,7.4,1.17
12630,12634,1100.319277,1.17
12631,2043,198.56,1.17
12631,12622,212.0106579,1.17
12631,12638,716.2277346,1.17
12632,11538,27.81358315,1.17
12632,12629,820.3421757,1.17
12632,12634,0.0,1.17
12632,12643,1174.848171,1.17
12633,4592,1075.059188,1.17
12633,6490,617.1654063,1.17
12633,6760,313.7187372,1.17
12634,11542,1009.93032,1.17
12634,12630,613.7446513,1.17
12634,12632,90.38895756,1.17
12635,6618,177.34,1.17
12635,11144,617.8473876,1.17
12635,11149,795.0532045,1.17
12635,12843,1265.577908,1.17
12636,2310,9419.225339,1.17
12637,3213,1415.595716,1.17
12637,7295,3263.694661,1.17
12637,11139,1244.730692,1.17
12637,11145,677.8401756,1.17
12638,11541,280.03,1.17
12638,12631,410.5706579,1.17
12638,12643,436.1977346,1.17
12639,2151,369.6539427,1.17
12639,2225,348.5557789,1.17
12639,4537,100.17,1.17
12639,12717,992.4873852,1.17
12640,2151,1186.143164,1.17
12640,2449,1520.386596,1.17
12640,9205,1671.714668,1.17
12640,10897,1832.558958,1.17
12641,1909,3881.26343,1.17
12641,2894,1918.629274,1.17
12641,12642,1467.903399,1.17
12642,2894,1146.55117,1.17
12642,10910,1205.630603,1.17
12642,10911,1710.91821,1.17
12642,12641,1856.11918,1.17
12643,12632,848.1557589,1.17
12643,12638,234.48,1.17
12643,12651,1252.370774,1.17
12643,12652,358.6751319,1.17
12644,2039,107.89,1.17
12644,6431,82.14,1.17
12644,12645,205.8656823,1.17
12645,7123,149.169809,1.17
12645,12644,96.92,1.17
12645,12646,190.6106579,1.17
12645,12689,418.2815746,1.17
12646,2027,148.36,1.17
12646,12645,361.5857013,1.17
12646,12647,627.5551761,1.17
12647,11541,198.9406579,1.17
12647,12646,389.5660238,1.17
12647,12650,521.9495955,1.17
12648,6756,497.1086845,1.17
12648,7291,7.11,1.17
12648,9966,2150.295038,1.17
12648,10030,235.0336798,1.17
12649,7850,1073.319792,1.17
12649,12565,1126.232988,1.17
12650,11541,597.88,1.17
12650,12647,122.77,1.17
12650,12651,1195.806536,1.17
12651,12643,859.8457589,1.17
12651,12650,720.65,1.17
12651,12652,1035.61434,1.17
12651,12659,2016.967119,1.17
12652,1299,553.57,1.17
12652,12643,222.79,1.17
12652,12651,441.1641492,1.17
12652,12655,1633.089472,1.17
12653,4614,1611.80389,1.17
12653,11198,305.44,1.17
12653,12595,1621.901139,1.17
12653,12677,356.0113801,1.17
12654,2152,2400.202914,1.17
12654,2349,8137.327715,1.17
12655,1300,1093.31,1.17
12655,9170,468.0004154,1.17
12655,11542,1616.387087,1.17
12655,12652,921.8741492,1.17
12656,11043,765.9552872,1.17
12656,12657,3429.202308,1.17
12656,12740,2345.63145,1.17
12657,4551,2602.741059,1.17
12657,4553,911.3778835,1.17
12657,11044,387.1672827,1.17
12657,12656,2574.801083,1.17
12658,2173,196.27,1.17
12658,10908,114.1539083,1.17
12658,11044,159.3166256,1.17
12659,7123,1889.999469,1.17
12659,9754,339.88,1.17
12659,12651,1743.735759,1.17
12660,10909,2612.726165,1.17
12660,10910,1131.974182,1.17
12660,10914,178.2262184,1.17
12660,12661,590.7744568,1.17
12661,10914,676.4552243,1.17
12661,10915,600.1152148,1.17
12661,12660,747.7415756,1.17
12661,12743,321.0201152,1.17
12662,9169,555.9603439,1.17
12662,12663,752.2404892,1.17
12662,12723,505.6136547,1.17
12663,9170,600.9556014,1.17
12663,9754,304.16,1.17
12663,12662,645.6353032,1.17
12663,12708,276.55,1.17
12664,11537,903.2269759,1.17
12664,11539,960.10773,1.17
12664,12612,255.33,1.17
12665,11207,798.5399941,1.17
12665,11537,896.9925059,1.17
12665,12667,1092.323548,1.17
12666,11539,103.0674941,1.17
12666,11540,93.75,1.17
12667,11540,1092.323548,1.17
12667,12665,900.5603529,1.17
12668,11539,678.4007704,1.17
12668,12669,293.06,1.17
12668,12673,686.16773,1.17
12669,10114,402.0850948,1.17
12669,12668,0.0,1.17
12669,12671,535.5304149,1.17
12670,10648,1853.98686,1.17
12670,10653,2560.696309,1.17
12670,10654,1697.853015,1.17
12670,10660,1041.01804,1.17
12671,11543,1826.806428,1.17
12671,12669,372.7855097,1.17
12671,12682,1843.318417,1.17
12672,2329,1504.928605,1.17
12672,10654,2240.590244,1.17
12672,10655,915.3612823,1.17
12672,10661,865.5838286,1.17
12673,9167,484.4807219,1.17
12673,9171,1799.85048,1.17
12673,12668,678.4007704,1.17
12673,12678,2114.440028,1.17
12674,11543,479.5635719,1.17
12674,12675,416.714334,1.17
12675,9755,1690.839273,1.17
12675,12674,479.5635719,1.17
12675,12682,1589.793213,1.17
12676,2452,8006.191961,1.17
12676,12717,1389.157409,1.17
12677,3834,480.543176,1.17
12677,11201,515.7513801,1.17
12677,12653,503.05,1.17
12678,9166,20.34,1.17
12678,11543,2143.220028,1.17
12678,12673,1589.707981,1.17
12679,2329,1690.413543,1.17
12679,2570,1513.979075,1.17
12679,10657,1344.779628,1.17
12679,12223,1857.620845,1.17
12680,2570,1796.217275,1.17
12680,10662,800.3348937,1.17
12680,12681,618.6210605,1.17
12680,12759,1594.091084,1.17
12681,2571,5.46,1.17
12681,10663,1019.78106,1.17
12681,10669,261.5935036,1.17
12681,12680,1067.953938,1.17
12682,10114,857.2627508,1.17
12682,12671,1354.746428,1.17
12682,12675,1274.124939,1.17
12682,12685,2729.492036,1.17
12683,10652,1618.532457,1.17
12683,10658,317.7093982,1.17
12683,12684,1604.447713,1.17
12684,2572,1292.84401,1.17
12684,10657,2147.15849,1.17
12684,10664,929.3280173,1.17
12684,12683,1596.901855,1.17
12685,2375,551.5986046,1.17
12685,11213,2312.226233,1.17
12685,12682,1883.396779,1.17
12686,2573,453.6425507,1.17
12686,10663,819.8951646,1.17
12686,10670,217.9012789,1.17
12686,12687,871.0132244,1.17
12687,12686,1167.480535,1.17
12687,12688,1371.556749,1.17
12687,12697,262.8353075,1.17
12687,12769,1581.327096,1.17
12688,2573,552.2122927,1.17
12688,10412,1831.47366,1.17
12688,10418,233.9253716,1.17
12688,12687,1206.4482,1.17
12689,11544,387.9560238,1.17
12689,12645,190.4906579,1.17
12689,12690,277.4419462,1.17
12690,7123,1313.105759,1.17
12690,9758,1365.115873,1.17
12690,12689,75.81,1.17
12690,12692,285.7955508,1.17
12691,7801,1642.367339,1.17
12691,10412,1361.621759,1.17
12691,10658,782.51,1.17
12691,12693,100.2593982,1.17
12692,7123,331.67,1.17
12692,9754,543.07,1.17
12692,9759,1047.426605,1.17
12692,12690,5.127649566,1.17
12693,7809,1535.308458,1.17
12693,10413,325.07,1.17
12693,12691,391.8287605,1.17
12693,12695,1149.991799,1.17
12694,10412,1719.459986,1.17
12694,10418,281.0780314,1.17
12694,12695,1470.077565,1.17
12695,5220,507.6670064,1.17
12695,12693,1539.129943,1.17
12695,12694,1850.954744,1.17
12695,12703,1501.806075,1.17
12696,9757,1636.251897,1.17
12696,9758,1321.459364,1.17
12696,11544,39.31,1.17
12696,12718,325.94,1.17
12697,10418,228.9158306,1.17
12697,10424,188.4733618,1.17
12697,12687,492.105618,1.17
12697,12698,321.8754397,1.17
12698,5199,588.1840076,1.17
12698,5220,716.0987355,1.17
12698,10425,596.9761798,1.17
12698,12697,443.5320364,1.17
12698,12701,150.51652,1.17
12699,5199,660.94,1.17
12699,5200,470.4729783,1.17
12699,12700,130.63,1.17
12699,12781,282.0754152,1.17
12700,10420,288.91,1.17
12700,10426,780.6984934,1.17
12700,12699,330.83,1.17
12700,12702,874.7147233,1.17
12701,5220,434.5835122,1.17
12701,10419,554.8642263,1.17
12701,12227,674.3352678,1.17
12701,12698,434.1847452,1.17
12702,5202,2522.210311,1.17
12702,5203,1219.39,1.17
12702,12700,760.4282796,1.17
12703,10413,407.84652,1.17
12703,10419,325.7358675,1.17
12703,12695,2253.159669,1.17
12703,12704,1605.876179,1.17
12704,10419,151.4078924,1.17
12704,12703,2155.652911,1.17
12704,12705,1446.929104,1.17
12704,12707,359.3070751,1.17
12705,2275,1108.487279,1.17
12705,5202,1821.043824,1.17
12705,10414,1515.538563,1.17
12705,12704,1991.937273,1.17
12706,9759,695.08,1.17
12706,12708,1235.176605,1.17
12706,12718,83.54,1.17
12707,7821,543.4630715,1.17
12707,10413,348.2341514,1.17
12707,12704,295.3823645,1.17
12708,11545,1511.726605,1.17
12708,12663,174.63,1.17
12708,12706,778.62,1.17
12709,2047,0.0,1.17
12709,7828,0.0,1.17
12710,2046,886.1364103,1.17
12710,2227,2103.536872,1.17
12710,12138,1066.397126,1.17
12710,12709,0.0,1.17
12710,12714,0.0,1.17
12711,6432,0.0,1.17
12712,2579,1564.176606,1.17
12712,10415,1248.838319,1.17
12712,10422,1834.874541,1.17
12713,2818,1485.174292,1.17
12713,12384,954.5647749,1.17
12713,12757,846.1515043,1.17
12714,5172,245.21,1.17
12714,10421,442.0111123,1.17
12714,12710,152.880197,1.17
12714,12793,0.0,1.17
12715,10415,724.0262941,1.17
12715,10421,523.0871807,1.17
12715,10427,882.844512,1.17
12715,12716,264.2068885,1.17
12716,3482,222.74,1.17
12716,10422,704.6476228,1.17
12716,10428,610.0768885,1.17
12716,12715,226.9247063,1.17
12717,2165,7765.038766,1.17
12718,1305,209.06,1.17
12718,12696,449.0,1.17
12718,12706,187.75,1.17
12718,12719,48.3,1.17
12719,6433,15.7,1.17
12719,12718,18.34,1.17
12719,12766,83.08,1.17
12720,2589,468.7462773,1.17
12720,10423,664.8895024,1.17
12720,12725,109.52,1.17
12720,12726,290.1617924,1.17
12721,2370,669.0870184,1.17
12721,2590,412.9,1.17
12721,2595,1810.071655,1.17
12721,10296,1348.508341,1.17
12722,2594,743.8493258,1.17
12722,10296,511.0054997,1.17
12722,10297,1001.66392,1.17
12723,6435,323.469454,1.17
12723,11545,1088.0,1.17
12723,12662,549.8559453,1.17
12723,12827,1503.610806,1.17
12724,2370,747.2200326,1.17
12724,10297,627.3173859,1.17
12724,12725,84.02840032,1.17
12725,2370,412.2761228,1.17
12725,10298,270.8709381,1.17
12725,12720,84.02840032,1.17
12725,12724,118.0313056,1.17
12726,7496,162.8737339,1.17
12726,10298,615.7990619,1.17
12726,12720,303.6111021,1.17
12726,12728,505.1079164,1.17
12727,12733,222.0900922,1.17
12727,12748,82.92,1.17
12727,12798,298.5301221,1.17
12728,2582,1356.612785,1.17
12728,12726,281.1590619,1.17
12728,12729,815.8738255,1.17
12729,2596,0.0,1.17
12729,12728,886.7148684,1.17
12729,12730,815.8738255,1.17
12730,2597,1081.831011,1.17
12730,10429,378.4953562,1.17
12730,12729,886.7148684,1.17
12731,2597,859.0702245,1.17
12731,10300,204.1638255,1.17
12731,10301,918.9071857,1.17
12732,10297,988.1095857,1.17
12732,10298,812.9788752,1.17
12732,10299,1446.753818,1.17
12733,6445,313.59,1.17
12733,12727,381.4501221,1.17
12733,12739,362.2570533,1.17
12734,2857,1840.610797,1.17
12734,10084,3577.229248,1.17
12735,2858,643.6796935,1.17
12735,12736,6714.930054,1.17
12736,9969,8923.580054,1.17
12737,1884,1391.436165,1.17
12737,12734,5163.466776,1.17
12738,7077,13.37,1.17
12738,9884,2515.385554,1.17
12738,11039,1683.195352,1.17
12739,9757,50.19,1.17
12739,11544,312.0670533,1.17
12739,12733,265.21,1.17
12740,10914,830.506296,1.17
12740,11041,1453.527668,1.17
12740,12656,3729.807595,1.17
12740,12743,681.63,1.17
12741,11547,150.27,1.17
12741,11550,147.3101975,1.17
12741,11604,34.13,1.17
12742,2256,0.0,1.17
12742,11038,564.38,1.17
12742,11041,1161.581648,1.17
12743,12661,341.3935358,1.17
12743,12740,940.3349555,1.17
12743,12744,325.7901152,1.17
12743,12745,681.63,1.17
12744,11041,924.7675222,1.17
12744,12743,555.5939848,1.17
12744,12747,712.7433728,1.17
12744,12817,459.8562014,1.17
12745,10915,1898.122301,1.17
12745,10921,257.47,1.17
12745,12743,730.9045065,1.17
12745,12746,1812.766945,1.17
12746,2241,734.0106877,1.17
12746,12745,2588.118347,1.17
12746,12747,1395.117994,1.17
12747,2377,637.5939537,1.17
12747,12744,757.094911,1.17
12747,12746,2191.672182,1.17
12747,12818,1285.717413,1.17
12748,11547,82.92,1.17
12748,12727,93.07009223,1.17
12748,12751,0.0,1.17
12749,7489,0.0,1.17
12749,10916,198.85,1.17
12749,10921,14.84,1.17
12749,12750,264.2164166,1.17
12750,10917,936.4500272,1.17
12750,11194,1518.216417,1.17
12750,12749,213.69,1.17
12751,12748,0.0,1.17
12751,12779,20.91,1.17
12751,12780,64.27990777,1.17
12752,9930,1266.396649,1.17
12752,10917,1584.394626,1.17
12752,12753,844.040178,1.17
12752,12754,1916.622238,1.17
12753,10665,1823.815648,1.17
12753,10671,1363.285143,1.17
12753,12752,1149.754018,1.17
12753,12755,795.7442811,1.17
12754,10110,1841.100527,1.17
12754,10659,2371.93507,1.17
12754,10665,2223.823011,1.17
12754,12752,1701.037257,1.17
12755,10666,1389.184481,1.17
12755,10672,871.8767842,1.17
12755,12753,1057.355509,1.17
12755,12756,1071.067497,1.17
12756,10667,936.7567379,1.17
12756,10668,1379.034343,1.17
12756,10673,837.7127547,1.17
12756,12755,1311.822608,1.17
12757,2817,7.802465827,1.17
12757,6914,551.0952915,1.17
12757,6916,770.3076069,1.17
12757,12713,954.5647749,1.17
12758,8757,648.2633638,1.17
12758,10351,638.8585057,1.17
12758,10352,687.1423779,1.17
12758,12840,866.0614436,1.17
12759,10669,250.46,1.17
12759,12680,1790.2696,1.17
12759,12760,1756.716768,1.17
12760,10668,1546.539304,1.17
12760,12759,1772.857663,1.17
12760,12761,1687.43549,1.17
12760,12764,400.2842811,1.17
12761,10674,826.2818383,1.17
12761,12760,1876.506545,1.17
12761,12762,400.9994735,1.17
12761,12837,1960.218719,1.17
12762,10675,123.9189797,1.17
12762,10676,400.9994735,1.17
12762,12761,678.6816881,1.17
12762,12764,251.9067728,1.17
12763,1309,203.84,1.17
12763,6435,522.6317449,1.17
12763,12766,127.71,1.17
12763,12775,594.039454,1.17
12764,10669,320.8064964,1.17
12764,12760,500.7599905,1.17
12764,12762,201.7843161,1.17
12764,12765,421.9542811,1.17
12765,10676,485.6494856,1.17
12765,12764,574.9197141,1.17
12765,12767,561.28941,1.17
12765,12770,504.0442811,1.17
12766,1308,231.84,1.17
12766,12719,34.04,1.17
12766,12763,134.85,1.17
12766,12768,11.94,1.17
12767,10663,561.28941,1.17
12767,10669,0.0,1.17
12767,12765,396.2746395,1.17
12768,12766,24.33,1.17
12768,12775,1029.210122,1.17
12768,12782,0.0,1.17
12768,12798,475.3476096,1.17
12769,10424,307.86,1.17
12769,10670,296.3087211,1.17
12769,12687,1813.632646,1.17
12769,12771,1565.321542,1.17
12770,10670,148.2,1.17
12770,12765,609.221333,1.17
12770,12771,414.9298352,1.17
12771,12769,1663.272019,1.17
12771,12770,463.5164869,1.17
12771,12772,937.1276558,1.17
12771,12777,1366.465345,1.17
12772,10676,411.2402113,1.17
12772,12771,959.0631023,1.17
12772,12773,424.782454,1.17
12772,12851,946.0887424,1.17
12773,10430,424.782454,1.17
12773,12772,423.213752,1.17
12773,12777,30.2,1.17
12773,12865,21.96,1.17
12774,2157,1283.153189,1.17
12774,10886,1391.577447,1.17
12774,10892,1311.691242,1.17
12774,12627,1418.805757,1.17
12775,12763,640.5317449,1.17
12775,12768,463.4076096,1.17
12775,12786,1338.393263,1.17
12775,12830,1466.519375,1.17
12776,2435,1506.685859,1.17
12776,10834,2554.340206,1.17
12776,12404,785.7707391,1.17
12777,10424,444.3258306,1.17
12777,12771,1491.067027,1.17
12777,12773,445.173752,1.17
12777,12778,1435.939514,1.17
12778,5184,1199.553194,1.17
12778,10430,168.147546,1.17
12778,12229,305.8752944,1.17
12778,12777,2011.241446,1.17
12779,11547,36.49,1.17
12779,11550,14.02,1.17
12779,12751,64.27990777,1.17
12779,12805,68.87,1.17
12780,12751,20.91,1.17
12780,12782,220.4412234,1.17
12780,12798,1275.83814,1.17
12780,12805,1396.359507,1.17
12781,10425,450.5162394,1.17
12781,10426,389.1490945,1.17
12781,12699,459.0544896,1.17
12781,12783,760.3734205,1.17
12782,6448,0.0,1.17
12782,12768,220.4412234,1.17
12782,12780,0.0,1.17
12783,5195,400.0779686,1.17
12783,10431,515.8939906,1.17
12783,12781,904.7409733,1.17
12783,12784,267.1827759,1.17
12784,5170,400.7792317,1.17
12784,10426,758.9121505,1.17
12784,12783,226.1260083,1.17
12784,12787,764.0184934,1.17
12785,5189,470.33,1.17
12785,5191,860.3348076,1.17
12785,10431,618.0963702,1.17
12786,6448,0.0,1.17
12786,12775,1371.9375,1.17
12786,12806,1338.393263,1.17
12787,10431,769.4216359,1.17
12787,10432,554.8157708,1.17
12787,12784,670.2086062,1.17
12787,12868,1035.863243,1.17
12788,5168,894.8767896,1.17
12788,10432,701.5994936,1.17
12788,12790,350.191107,1.17
12788,12869,73.81193091,1.17
12789,5168,1131.691425,1.17
12789,10433,1305.414531,1.17
12789,12791,450.1213427,1.17
12790,5169,613.6952772,1.17
12790,5170,369.7667706,1.17
12790,12788,4.75,1.17
12790,12793,137.2750615,1.17
12791,5169,369.7667706,1.17
12791,10427,814.6047898,1.17
12791,12789,304.6177414,1.17
12791,12792,769.7668694,1.17
12792,2228,721.873659,1.17
12792,10428,415.6,1.17
12792,10433,240.7414245,1.17
12792,12791,578.0884365,1.17
12793,5171,421.1492744,1.17
12793,6723,400.0463079,1.17
12793,12714,209.3250615,1.17
12793,12790,0.0,1.17
12794,2228,0.0,1.17
12794,12797,8057.995251,1.17
12795,2228,599.3298611,1.17
12795,2236,8188.459872,1.17
12796,2162,650.2463769,1.17
12796,12795,8787.789733,1.17
12797,2162,601.06,1.17
12797,12877,7988.112992,1.17
12798,9757,1275.459364,1.17
12798,12727,129.02,1.17
12798,12768,833.0988987,1.17
12798,12780,1417.269507,1.17
12799,12800,240.4206776,1.17
12799,12807,527.3294658,1.17
12799,12809,479.4366118,1.17
12800,2129,113.7306776,1.17
12800,11550,131.93,1.17
12800,12799,370.1784018,1.17
12801,2969,372.39,1.17
12801,11694,380.2361634,1.17
12801,11826,539.693017,1.17
12802,2260,2330.488111,1.17
12802,2858,1105.83658,1.17
12802,11826,2124.552484,1.17
12803,11036,577.17302,1.17
12803,11039,2727.290928,1.17
12803,11695,604.64,1.17
12803,12804,897.5313165,1.17
12804,2258,619.3686524,1.17
12804,11040,278.1626641,1.17
12804,12803,1219.902196,1.17
12805,6446,61.14,1.17
12805,12779,29.6,1.17
12805,12780,1431.999456,1.17
12805,12809,1404.089507,1.17
12806,6447,0.0,1.17
12806,11548,1553.914258,1.17
12806,12786,1371.9375,1.17
12806,12835,803.6606316,1.17
12807,6453,8.56,1.17
12807,11553,527.5994658,1.17
12807,12799,665.2072894,1.17
12808,2256,746.2416878,1.17
12808,2881,176.39,1.17
12808,4559,683.018309,1.17
12808,11038,639.4294691,1.17
12809,11554,1065.554692,1.17
12809,12799,211.801064,1.17
12809,12805,1435.529456,1.17
12809,12814,425.5237511,1.17
12810,2334,630.0485132,1.17
12810,12811,355.2283101,1.17
12810,12888,1.01,1.17
12811,11038,745.9618607,1.17
12811,11668,542.1703332,1.17
12811,12810,404.6285132,1.17
12811,12812,594.1095031,1.17
12812,12811,489.7190977,1.17
12812,12813,581.2441639,1.17
12812,12815,550.7530836,1.17
12812,12890,491.5546998,1.17
12813,10920,0.0,1.17
12813,10926,391.2548498,1.17
12813,11038,930.8816682,1.17
12813,12812,459.5314674,1.17
12814,11548,818.0465685,1.17
12814,12809,267.8373161,1.17
12814,12858,1022.346382,1.17
12815,10926,552.7313409,1.17
12815,10929,432.8351361,1.17
12815,12812,411.7553909,1.17
12815,12816,525.0132155,1.17
12816,10927,643.9854582,1.17
12816,12815,186.801443,1.17
12816,12817,591.1019629,1.17
12817,10926,742.9906146,1.17
12817,12744,718.4965959,1.17
12817,12816,381.4713152,1.17
12817,12819,701.9766309,1.17
12818,2252,0.0,1.17
12818,12747,2009.202419,1.17
12818,12819,1285.717413,1.17
12819,2251,539.5989336,1.17
12819,10927,1072.445677,1.17
12819,12817,652.5837275,1.17
12819,12818,2009.202419,1.17
12820,9755,2069.356784,1.17
12820,11546,1902.04,1.17
12820,12828,1784.140415,1.17
12820,12831,1509.002206,1.17
12821,10927,2517.367935,1.17
12821,12822,470.1503284,1.17
12821,12893,1529.607934,1.17
12822,12821,288.8100175,1.17
12822,12823,1066.969332,1.17
12822,12824,302.5722833,1.17
12822,12892,828.6407466,1.17
12823,2249,553.0221618,1.17
12823,2250,966.8048136,1.17
12823,10927,287.0056663,1.17
12823,12822,801.1721441,1.17
12824,10931,38.46228331,1.17
12824,12822,316.2786201,1.17
12824,12832,521.9206867,1.17
12825,2250,1035.054302,1.17
12825,2251,289.5627731,1.17
12825,10928,281.5282092,1.17
12825,12826,1675.997173,1.17
12826,2252,0.0,1.17
12826,2377,755.0146737,1.17
12826,9930,3028.748135,1.17
12826,10677,734.655213,1.17
12826,10928,1113.41205,1.17
12826,12825,1176.867075,1.17
12827,6436,463.1891865,1.17
12827,11546,1760.560806,1.17
12827,12723,1383.5542,1.17
12827,12830,392.8752314,1.17
12828,2487,41.05055201,1.17
12828,2499,1793.780415,1.17
12828,12820,1593.833185,1.17
12829,10677,1168.507393,1.17
12829,10683,1502.490893,1.17
12829,10684,510.39657,1.17
12829,10928,822.404475,1.17
12830,12775,913.6649166,1.17
12830,12827,453.5591865,1.17
12830,12831,1359.557607,1.17
12830,12834,260.7588946,1.17
12831,11216,1208.148171,1.17
12831,11549,1766.321034,1.17
12831,12820,1805.513992,1.17
12831,12830,781.5485798,1.17
12832,2306,655.3855909,1.17
12832,10683,2206.97568,1.17
12832,12824,160.3,1.17
12832,12895,1116.803428,1.17
12833,2306,249.7389523,1.17
12833,8871,455.860495,1.17
12833,10684,857.5803177,1.17
12833,10690,214.38,1.17
12834,12830,346.5974179,1.17
12834,12835,941.6212538,1.17
12834,12838,644.0081281,1.17
12835,11551,579.7137573,1.17
12835,12806,751.0809314,1.17
12835,12834,932.5355461,1.17
12836,3834,0.0,1.17
12836,11199,1699.11159,1.17
12836,11789,1310.16,1.17
12837,10675,827.6188442,1.17
12837,10680,1846.56827,1.17
12837,12761,2018.439207,1.17
12838,11549,115.1,1.17
12838,12834,738.9323592,1.17
12838,12839,528.9081281,1.17
12839,12838,531.65,1.17
12839,12841,504.0581281,1.17
12839,12924,24.85,1.17
12840,114,717.26,1.17
12840,4136,119.79,1.17
12840,6918,15.43,1.17
12840,12758,751.2621858,1.17
12840,12913,1059.476981,1.17
12841,11552,504.0581281,1.17
12841,12839,505.37,1.17
12842,10112,2056.469406,1.17
12842,10680,1649.518906,1.17
12842,10681,2068.53814,1.17
12842,10687,1127.133337,1.17
12843,3903,1614.317373,1.17
12843,6567,1924.911603,1.17
12843,11144,2214.113965,1.17
12843,12635,788.538111,1.17
12844,7121,718.4621312,1.17
12844,12845,35.53536079,1.17
12844,12927,307.8607853,1.17
12845,7120,265.1060136,1.17
12845,11552,280.804107,1.17
12845,12844,0.0,1.17
12846,10686,1171.113974,1.17
12846,10687,1702.655535,1.17
12846,12857,432.2275397,1.17
12846,12898,1522.014131,1.17
12847,7120,0.0,1.17
12848,7121,469.5064783,1.17
12848,11222,759.2945913,1.17
12849,10675,1045.763014,1.17
12849,10676,832.1731637,1.17
12849,12850,1658.194707,1.17
12849,12851,1026.891431,1.17
12850,10680,993.8531261,1.17
12850,12849,1803.203407,1.17
12850,12852,653.5757518,1.17
12850,12853,827.3643642,1.17
12851,12772,931.3831023,1.17
12851,12849,1341.229996,1.17
12851,12852,824.722949,1.17
12851,12865,696.3599955,1.17
12852,10682,1204.11644,1.17
12852,12850,630.3080522,1.17
12852,12851,880.20608,1.17
12853,10681,1762.786447,1.17
12853,10682,1610.129893,1.17
12853,12850,1165.544583,1.17
12853,12855,908.9149136,1.17
12854,11554,658.915207,1.17
12854,11560,804.4940894,1.17
12854,12861,159.9895994,1.17
12855,10687,169.9186063,1.17
12855,10688,148.4132282,1.17
12855,12853,1363.479544,1.17
12855,12857,994.1517761,1.17
12856,2575,1003.471932,1.17
12856,10443,166.92,1.17
12856,10688,352.024706,1.17
12857,5129,187.59,1.17
12857,12163,949.1813439,1.17
12857,12846,873.4957653,1.17
12857,12855,1408.462772,1.17
12858,11554,282.0889359,1.17
12858,11555,1441.159375,1.17
12858,12814,841.7438846,1.17
12859,2374,491.2716723,1.17
12859,2395,856.1631605,1.17
12859,2575,678.5767784,1.17
12860,10442,1200.893074,1.17
12860,10443,1426.350751,1.17
12860,12901,956.9103189,1.17
12861,11555,1313.729387,1.17
12861,12854,55.98,1.17
12861,12864,1319.036092,1.17
12862,5174,1870.699755,1.17
12862,10436,619.5257845,1.17
12862,10682,2948.278524,1.17
12863,5176,2988.896284,1.17
12863,5177,44.92765949,1.17
12863,10443,1320.343807,1.17
12863,12872,1383.675036,1.17
12864,9159,164.93,1.17
12864,11561,2431.649462,1.17
12864,12861,1224.299387,1.17
12864,12870,2062.22054,1.17
12865,10436,149.89,1.17
12865,12773,30.2,1.17
12865,12851,940.5097887,1.17
12865,12866,568.4299955,1.17
12866,5183,737.1531335,1.17
12866,10430,314.3256056,1.17
12866,10436,729.8141259,1.17
12866,12865,794.2197887,1.17
12867,5181,0.0,1.17
12867,5183,526.4797887,1.17
12867,5185,857.3976655,1.17
12867,12868,586.3511323,1.17
12868,5165,596.2183574,1.17
12868,10437,922.2570297,1.17
12868,12787,1026.794377,1.17
12868,12867,712.9379523,1.17
12869,5165,384.8600946,1.17
12869,5166,210.1273386,1.17
12869,12788,312.1230298,1.17
12869,12871,8.97,1.17
12870,5146,5106.200848,1.17
12870,9157,341.4007411,1.17
12871,10437,0.0,1.17
12871,10438,8.97,1.17
12871,12869,147.1873548,1.17
12872,10437,1001.464723,1.17
12872,12863,1525.173192,1.17
12872,12873,1431.446174,1.17
12872,12874,662.8358909,1.17
12873,10438,1676.006174,1.17
12873,12872,1615.303192,1.17
12873,12874,440.165287,1.17
12874,10443,419.985287,1.17
12874,12872,642.6347233,1.17
12874,12873,244.56,1.17
12874,12902,683.0158909,1.17
12875,10070,1934.899085,1.17
12875,12864,1765.93483,1.17
12876,4233,91.85,1.17
12876,11559,29.75,1.17
12876,11560,1056.943144,1.17
12876,11566,903.6094541,1.17
12877,2320,451.3642118,1.17
12877,12879,857.29,1.17
12877,12917,7313.23878,1.17
12878,2320,363.7,1.17
12878,12796,9059.60611,1.17
12878,12879,147.01,1.17
12879,2320,1267.95,1.17
12879,2584,2250.525495,1.17
12879,12877,76.74,1.17
12879,12878,706.69,1.17
12880,11567,306.92,1.17
12880,11568,495.0687554,1.17
12880,11573,529.2699407,1.17
12881,4239,87.46,1.17
12881,11572,610.7598422,1.17
12881,11573,791.7588021,1.17
12881,12891,0.0,1.17
12882,1794,1145.496114,1.17
12882,11568,168.71,1.17
12882,11574,500.842882,1.17
12883,2707,2437.007849,1.17
12883,4622,484.08,1.17
12884,10087,4906.45813,1.17
12885,2273,352.29,1.17
12885,4893,121.75,1.17
12885,7319,96.33,1.17
12885,11666,211.0491267,1.17
12886,2276,320.05,1.17
12886,7320,422.56302,1.17
12886,11036,629.3196076,1.17
12886,12887,403.833035,1.17
12887,2334,403.833035,1.17
12887,11037,0.0,1.17
12887,12886,192.34,1.17
12888,5016,214.45,1.17
12888,11668,243.55,1.17
12888,12810,225.42,1.17
12888,12933,0.8,1.17
12889,4073,0.0,1.17
12889,10073,274.2573942,1.17
12889,11571,296.16,1.17
12889,11572,481.3047127,1.17
12890,10929,508.4776219,1.17
12890,11668,309.0160561,1.17
12890,12812,647.8746836,1.17
12890,12935,557.6966023,1.17
12891,11571,162.222315,1.17
12891,12881,66.27682845,1.17
12891,12896,114.84,1.17
12892,10930,866.1293466,1.17
12892,12822,899.3912873,1.17
12892,12893,393.0579765,1.17
12893,2289,1014.246452,1.17
12893,12821,2636.24736,1.17
12893,12892,229.2265765,1.17
12893,12942,857.4194576,1.17
12894,7148,1202.892068,1.17
12894,9164,1784.235961,1.17
12894,12896,610.6974446,1.17
12895,10689,789.6931951,1.17
12895,10931,662.4653953,1.17
12895,12832,1552.678925,1.17
12895,12946,1143.592821,1.17
12896,11573,402.0783011,1.17
12896,12891,228.4991435,1.17
12896,12894,740.6333205,1.17
12897,7147,1327.293897,1.17
12897,7148,1300.784955,1.17
12898,2757,1199.014105,1.17
12898,10692,1056.426032,1.17
12898,10693,663.3863872,1.17
12898,12846,1845.264983,1.17
12899,11573,611.4442095,1.17
12899,12897,564.4961637,1.17
12900,10448,1126.103918,1.17
12900,10454,282.7390173,1.17
12900,12901,601.4476595,1.17
12900,12964,585.8199526,1.17
12901,12860,1339.540646,1.17
12901,12900,521.8700231,1.17
12901,12902,987.3984008,1.17
12902,9217,821.4881688,1.17
12902,10449,794.4661229,1.17
12902,12874,583.6747233,1.17
12902,12901,1290.451092,1.17
12903,10444,637.0818786,1.17
12903,10445,1005.261541,1.17
12903,12905,116.64,1.17
12904,11568,1601.664064,1.17
12904,12897,2063.582689,1.17
12904,12899,611.4442095,1.17
12905,10444,661.6491348,1.17
12905,12903,172.64,1.17
12905,12909,509.1393666,1.17
12905,12912,190.5206808,1.17
12906,2577,378.4210297,1.17
12906,10444,689.6905113,1.17
12906,10450,737.26,1.17
12906,12908,206.65,1.17
12907,2578,0.0,1.17
12907,9642,545.3540926,1.17
12907,12908,596.04,1.17
12908,10451,261.0068454,1.17
12908,12906,217.59,1.17
12908,12907,545.3540926,1.17
12908,12909,234.96,1.17
12909,10451,319.5484286,1.17
12909,12905,480.9449877,1.17
12909,12908,189.590938,1.17
12910,7080,3604.978221,1.17
12910,11103,50.58053747,1.17
12910,12540,2593.503563,1.17
12911,2302,13.19,1.17
12911,12914,461.0955504,1.17
12911,12918,354.2301487,1.17
12912,10452,190.5206808,1.17
12912,12905,353.3441471,1.17
12913,6920,1601.54734,1.17
12913,12840,987.7721858,1.17
12913,12939,928.9269811,1.17
12914,4251,20.58,1.17
12914,11583,440.5155504,1.17
12914,12911,290.9801487,1.17
12915,1802,363.535274,1.17
12915,10451,228.4449877,1.17
12915,10452,170.7650123,1.17
12916,12878,8517.801212,1.17
12917,1804,6587.048101,1.17
12917,2756,726.1906791,1.17
12918,1845,638.3501487,1.17
12918,12911,365.0255504,1.17
12918,12919,412.9740975,1.17
12918,12921,81.81,1.17
12919,11584,1101.197038,1.17
12919,12918,244.7,1.17
12919,12921,473.8018714,1.17
12920,10304,791.8138643,1.17
12920,10447,431.3353562,1.17
12921,2327,555.6118714,1.17
12921,12918,39.42,1.17
12921,12919,688.2229403,1.17
12922,11551,400.2535345,1.17
12922,11555,435.8734331,1.17
12922,11556,205.0908284,1.17
12922,12955,605.6166394,1.17
12923,10307,618.8,1.17
12923,11865,610.10815,1.17
12924,11556,386.3823904,1.17
12924,12839,26.28,1.17
12924,12925,652.2060136,1.17
12924,12956,326.1187462,1.17
12925,11552,714.5606528,1.17
12925,12924,612.0711366,1.17
12925,12927,1060.398128,1.17
12926,2054,1266.426742,1.17
12926,2265,685.6366305,1.17
12926,2636,174.61,1.17
12926,10172,20.22654742,1.17
12926,12256,2404.47018,1.17
12927,11557,812.0359969,1.17
12927,12844,718.4621312,1.17
12927,12925,860.9170297,1.17
12928,1813,439.07,1.17
12928,1814,887.7084439,1.17
12928,10308,647.8428143,1.17
12928,10453,891.1258133,1.17
12929,4849,1717.171379,1.17
12929,4864,2442.118314,1.17
12929,7327,327.8459025,1.17
12929,11701,902.5418886,1.17
12930,4577,831.2577774,1.17
12930,4759,745.92,1.17
12930,4761,307.7991267,1.17
12930,7330,0.0,1.17
12931,5143,1181.311016,1.17
12931,6814,1947.750624,1.17
12931,11564,2409.875204,1.17
12932,5003,1.5,1.17
12932,5007,458.93,1.17
12932,12933,62.06,1.17
12932,12936,637.9525334,1.17
12933,5011,258.98,1.17
12933,12888,62.06,1.17
12933,12932,0.8,1.17
12933,12934,289.08,1.17
12934,11668,315.8852199,1.17
12934,12933,258.98,1.17
12934,12935,243.8,1.17
12934,12936,164.37,1.17
12935,12890,587.0093517,1.17
12935,12934,152.59,1.17
12935,12937,477.1494592,1.17
12935,12938,530.3827646,1.17
12936,11671,719.4018886,1.17
12936,12932,457.9,1.17
12936,12934,283.6352199,1.17
12937,10932,947.6013478,1.17
12937,11671,555.33,1.17
12937,12935,572.057387,1.17
12938,5012,915.2961706,1.17
12938,10929,583.8248834,1.17
12938,12935,373.5775862,1.17
12939,9341,668.4020222,1.17
12939,12913,710.5821858,1.17
12939,12952,696.8569811,1.17
12940,5143,1612.436461,1.17
12940,7121,1601.741709,1.17
12940,11557,798.1762443,1.17
12940,11558,673.7470043,1.17
12941,1831,1211.294183,1.17
12941,2287,883.87,1.17
12941,2291,979.7355772,1.17
12941,12942,1391.526526,1.17
12942,2288,1098.958596,1.17
12942,2290,692.1968885,1.17
12942,12893,1407.479378,1.17
12942,12941,868.646605,1.17
12943,2290,769.1068157,1.17
12943,2831,544.9033816,1.17
12943,10931,280.7824381,1.17
12944,2600,29.41,1.17
12944,2831,739.2513082,1.17
12944,10701,1139.141248,1.17
12944,10934,999.85,1.17
12945,9657,1565.605938,1.17
12945,10701,1607.244185,1.17
12945,10707,361.2951509,1.17
12945,12947,804.2965152,1.17
12946,2401,1143.592821,1.17
12946,12895,1755.892372,1.17
12947,9655,147.16,1.17
12947,10695,875.1865152,1.17
12947,12945,417.44,1.17
12948,11557,291.4641818,1.17
12948,11564,164.8149153,1.17
12948,12972,206.92,1.17
12949,10691,276.93,1.17
12949,10696,448.7,1.17
12949,10697,374.9739265,1.17
12949,10702,322.915963,1.17
12950,1840,330.2456639,1.17
12950,5078,1684.538608,1.17
12950,5079,298.394037,1.17
12950,9657,1646.822935,1.17
12951,12931,709.4315478,1.17
12951,12954,4396.7693,1.17
12952,4327,745.7569811,1.17
12952,9344,0.0,1.17
12952,12939,653.5921858,1.17
12953,10698,1280.466704,1.17
12953,10699,1608.214008,1.17
12953,10700,664.5156225,1.17
12953,10705,1296.125115,1.17
12954,2658,6344.519924,1.17
12955,11562,558.0566394,1.17
12955,12922,654.5854056,1.17
12955,12956,47.56,1.17
12956,12924,169.65,1.17
12956,12955,47.81,1.17
12956,12959,373.6787462,1.17
12957,1842,0.0,1.17
12957,8328,2666.796283,1.17
12957,10604,2933.078841,1.17
12958,2374,1209.266096,1.17
12958,5088,1493.233245,1.17
12958,10098,2259.168573,1.17
12958,10454,1230.284743,1.17
12959,4236,232.6387462,1.17
12959,12956,217.46,1.17
12959,12972,141.04,1.17
12960,1852,850.4832446,1.17
12960,2730,630.0574395,1.17
12960,10460,1589.112588,1.17
12960,12961,837.5343162,1.17
12961,5089,210.9680929,1.17
12961,5108,845.9243162,1.17
12961,10466,102.3070992,1.17
12961,12960,956.2915806,1.17
12962,1867,647.3862345,1.17
12962,5108,999.852014,1.17
12962,12969,439.0596808,1.17
12962,12970,1204.669164,1.17
12963,5095,0.0,1.17
12963,5099,1468.771647,1.17
12963,10455,1276.646661,1.17
12963,12964,205.7681546,1.17
12964,5101,478.8899526,1.17
12964,12900,754.1158134,1.17
12964,12963,106.93,1.17
12965,5101,548.3476589,1.17
12965,10455,1565.749802,1.17
12965,12966,1741.996614,1.17
12966,2576,794.7077099,1.17
12966,5098,1370.250763,1.17
12966,10456,1353.321655,1.17
12966,12965,2114.097461,1.17
12967,2629,961.1007631,1.17
12967,5097,6.97,1.17
12967,5098,1359.597103,1.17
12968,2629,1366.567103,1.17
12968,5113,426.9858211,1.17
12968,5114,534.114942,1.17
12969,5091,11.77,1.17
12969,10461,718.9496808,1.17
12969,12962,425.31,1.17
12969,12970,249.32,1.17
12970,10467,372.3595304,1.17
12970,12962,1221.928248,1.17
12970,12969,291.66,1.17
12970,12971,1164.173616,1.17
12971,5102,707.8488475,1.17
12971,5113,623.8771335,1.17
12971,12970,988.7415505,1.17
12971,12973,1349.000423,1.17
12972,11563,189.47,1.17
12972,12948,456.2790971,1.17
12972,12959,81.04,1.17
12973,1791,974.4404226,1.17
12973,10462,546.2316927,1.17
12973,10468,565.9448042,1.17
12973,12971,1413.357568,1.17
12974,6690,3691.670182,1.17
12975,6678,2267.19,1.17
12978,2190,0.0,1.17
12979,8312,192.08,1.17
12979,8843,811.0649761,1.17
12980,6630,2744.257071,1.17
12981,10873,339.9650383,1.17
12981,10879,155.11,1.17
12981,12982,0.0,1.17
12982,12576,502.1807572,1.17
12982,12577,61.17,1.17
12982,12981,0.0,1.17
