link_id,from_node_id,to_node_id,link_type,directed,length,lanes,capacity,free_speed,vdf_fftt,vdf_alpha,vdf_beta,allowed_uses
1,1,854,centroid_connector,1,0.780000019073,1,1,60.0,0.780000019073,0.0,0.0,auto
2,1,870,centroid_connector,1,1.38000001907,1,1,60.0,1.38000001907,0.0,0.0,auto
3,2,893,centroid_connector,1,0.42000002861,1,1,60.0,0.42000002861,0.0,0.0,auto
4,2,934,centroid_connector,1,1.32000007629,1,1,60.0,1.32000007629,0.0,0.0,auto
5,2,938,centroid_connector,1,0.42000002861,1,1,60.0,0.42000002861,0.0,0.0,auto
6,3,909,centroid_connector,1,0.6,1,1,60.0,0.6,0.0,0.0,auto
7,3,911,centroid_connector,1,2.04000015259,1,1,60.0,2.04000015259,0.0,0.0,auto
8,3,923,centroid_connector,1,1.32000007629,1,1,60.0,1.32000007629,0.0,0.0,auto
9,3,929,centroid_connector,1,1.50000009537,1,1,60.0,1.50000009537,0.0,0.0,auto
10,4,902,centroid_connector,1,1.68000011444,1,1,60.0,1.68000011444,0.0,0.0,auto
11,4,917,centroid_connector,1,0.540000009537,1,1,60.0,0.540000009537,0.0,0.0,auto
12,4,919,centroid_connector,1,0.9,1,1,60.0,0.9,0.0,0.0,auto
13,4,920,centroid_connector,1,0.6,1,1,60.0,0.6,0.0,0.0,auto
14,4,932,centroid_connector,1,1.08000001907,1,1,60.0,1.08000001907,0.0,0.0,auto
15,5,1009,centroid_connector,1,0.6,1,1,60.0,0.6,0.0,0.0,auto
16,5,1010,centroid_connector,1,2.28000011444,1,1,60.0,2.28000011444,0.0,0.0,auto
17,5,1029,centroid_connector,1,0.84000005722,1,1,60.0,0.84000005722,0.0,0.0,auto
18,6,992,centroid_connector,1,0.42000002861,1,1,60.0,0.42000002861,0.0,0.0,auto
19,6,1008,centroid_connector,1,1.62000007629,1,1,60.0,1.62000007629,0.0,0.0,auto
20,6,1018,centroid_connector,1,0.660000038147,1,1,60.0,0.660000038147,0.0,0.0,auto
21,7,970,centroid_connector,1,0.960000038147,1,1,60.0,0.960000038147,0.0,0.0,auto
22,7,971,centroid_connector,1,0.780000019073,1,1,60.0,0.780000019073,0.0,0.0,auto
23,7,972,centroid_connector,1,0.72000002861,1,1,60.0,0.72000002861,0.0,0.0,auto
24,7,973,centroid_connector,1,0.9,1,1,60.0,0.9,0.0,0.0,auto
25,7,974,centroid_connector,1,1.08000001907,1,1,60.0,1.08000001907,0.0,0.0,auto
26,8,996,centroid_connector,1,0.540000009537,1,1,60.0,0.540000009537,0.0,0.0,auto
27,8,1012,centroid_connector,1,0.780000019073,1,1,60.0,0.780000019073,0.0,0.0,auto
28,9,840,centroid_connector,1,0.360000014305,1,1,60.0,0.360000014305,0.0,0.0,auto
29,10,535,centroid_connector,1,1.04000002543,1,1,60.0,1.04000002543,0.0,0.0,auto
30,10,839,centroid_connector,1,1.52000007629,1,1,60.0,1.52000007629,0.0,0.0,auto
31,11,166,centroid_connector,1,1.56000010173,1,1,60.0,1.56000010173,0.0,0.0,auto
32,11,200,centroid_connector,1,1.56000010173,1,1,60.0,1.56000010173,0.0,0.0,auto
33,12,167,centroid_connector,1,1.88000005086,1,1,60.0,1.88000005086,0.0,0.0,auto
34,12,199,centroid_connector,1,1.2,1,1,60.0,1.2,0.0,0.0,auto
35,13,170,centroid_connector,1,0.840000025431,1,1,60.0,0.840000025431,0.0,0.0,auto
36,14,169,centroid_connector,1,2.28000005086,1,1,60.0,2.28000005086,0.0,0.0,auto
37,14,191,centroid_connector,1,2.28000005086,1,1,60.0,2.28000005086,0.0,0.0,auto
38,14,197,centroid_connector,1,1.12000007629,1,1,60.0,1.12000007629,0.0,0.0,auto
39,15,171,centroid_connector,1,0.680000050863,1,1,60.0,0.680000050863,0.0,0.0,auto
40,15,189,centroid_connector,1,0.240000009537,1,1,60.0,0.240000009537,0.0,0.0,auto
41,16,195,centroid_connector,1,1.88000005086,1,1,60.0,1.88000005086,0.0,0.0,auto
42,16,224,centroid_connector,1,1.32000007629,1,1,60.0,1.32000007629,0.0,0.0,auto
43,17,173,centroid_connector,1,2.44000015259,1,1,60.0,2.44000015259,0.0,0.0,auto
44,17,187,centroid_connector,1,2.44000015259,1,1,60.0,2.44000015259,0.0,0.0,auto
45,18,174,centroid_connector,1,1.68000005086,1,1,60.0,1.68000005086,0.0,0.0,auto
46,18,186,centroid_connector,1,2.44000015259,1,1,60.0,2.44000015259,0.0,0.0,auto
47,19,190,centroid_connector,1,1.88000005086,1,1,60.0,1.88000005086,0.0,0.0,auto
48,19,220,centroid_connector,1,1.28000005086,1,1,60.0,1.28000005086,0.0,0.0,auto
49,20,177,centroid_connector,1,2.16000010173,1,1,60.0,2.16000010173,0.0,0.0,auto
50,20,183,centroid_connector,1,2.52000020345,1,1,60.0,2.52000020345,0.0,0.0,auto
51,21,182,centroid_connector,1,0.760000038147,1,1,60.0,0.760000038147,0.0,0.0,auto
52,21,213,centroid_connector,1,3.76000010173,1,1,60.0,3.76000010173,0.0,0.0,auto
53,22,262,centroid_connector,1,0.680000050863,1,1,60.0,0.680000050863,0.0,0.0,auto
54,23,278,centroid_connector,1,0.560000038147,1,1,60.0,0.560000038147,0.0,0.0,auto
55,24,266,centroid_connector,1,1.12000007629,1,1,60.0,1.12000007629,0.0,0.0,auto
56,24,277,centroid_connector,1,1.12000007629,1,1,60.0,1.12000007629,0.0,0.0,auto
57,25,212,centroid_connector,1,0.8,1,1,60.0,0.8,0.0,0.0,auto
58,25,354,centroid_connector,1,2.64000015259,1,1,60.0,2.64000015259,0.0,0.0,auto
59,26,260,centroid_connector,1,0.520000012716,1,1,60.0,0.520000012716,0.0,0.0,auto
60,27,285,centroid_connector,1,1.12000007629,1,1,60.0,1.12000007629,0.0,0.0,auto
61,28,225,centroid_connector,1,1.48000005086,1,1,60.0,1.48000005086,0.0,0.0,auto
62,28,238,centroid_connector,1,1.88000005086,1,1,60.0,1.88000005086,0.0,0.0,auto
63,29,230,centroid_connector,1,0.520000012716,1,1,60.0,0.520000012716,0.0,0.0,auto
64,30,240,centroid_connector,1,1.04000002543,1,1,60.0,1.04000002543,0.0,0.0,auto
65,30,245,centroid_connector,1,3.92000020345,1,1,60.0,3.92000020345,0.0,0.0,auto
66,31,237,centroid_connector,1,3.80000025431,1,1,60.0,3.80000025431,0.0,0.0,auto
67,31,239,centroid_connector,1,1.64000002543,1,1,60.0,1.64000002543,0.0,0.0,auto
68,32,243,centroid_connector,1,0.520000012716,1,1,60.0,0.520000012716,0.0,0.0,auto
69,33,273,centroid_connector,1,1.12000007629,1,1,60.0,1.12000007629,0.0,0.0,auto
70,33,274,centroid_connector,1,1.12000007629,1,1,60.0,1.12000007629,0.0,0.0,auto
71,33,294,centroid_connector,1,0.960000038147,1,1,60.0,0.960000038147,0.0,0.0,auto
72,33,295,centroid_connector,1,1.2,1,1,60.0,1.2,0.0,0.0,auto
73,34,272,centroid_connector,1,0.840000025431,1,1,60.0,0.840000025431,0.0,0.0,auto
74,35,293,centroid_connector,1,0.560000038147,1,1,60.0,0.560000038147,0.0,0.0,auto
75,36,300,centroid_connector,1,0.6,1,1,60.0,0.6,0.0,0.0,auto
76,37,305,centroid_connector,1,0.840000025431,1,1,60.0,0.840000025431,0.0,0.0,auto
77,38,289,centroid_connector,1,2.56000010173,1,1,60.0,2.56000010173,0.0,0.0,auto
78,38,336,centroid_connector,1,2.96000010173,1,1,60.0,2.96000010173,0.0,0.0,auto
79,38,340,centroid_connector,1,2.56000010173,1,1,60.0,2.56000010173,0.0,0.0,auto
80,38,341,centroid_connector,1,2.96000010173,1,1,60.0,2.96000010173,0.0,0.0,auto
81,39,327,centroid_connector,1,0.560000038147,1,1,60.0,0.560000038147,0.0,0.0,auto
82,40,329,centroid_connector,1,0.6,1,1,60.0,0.6,0.0,0.0,auto
83,41,311,centroid_connector,1,0.480000019073,1,1,60.0,0.480000019073,0.0,0.0,auto
84,42,312,centroid_connector,1,1.52000007629,1,1,60.0,1.52000007629,0.0,0.0,auto
85,42,313,centroid_connector,1,1.32000007629,1,1,60.0,1.32000007629,0.0,0.0,auto
86,43,332,centroid_connector,1,0.920000012716,1,1,60.0,0.920000012716,0.0,0.0,auto
87,44,319,centroid_connector,1,1.76000010173,1,1,60.0,1.76000010173,0.0,0.0,auto
88,45,339,centroid_connector,1,1.68000005086,1,1,60.0,1.68000005086,0.0,0.0,auto
89,46,321,centroid_connector,1,0.760000038147,1,1,60.0,0.760000038147,0.0,0.0,auto
90,46,334,centroid_connector,1,0.760000038147,1,1,60.0,0.760000038147,0.0,0.0,auto
91,47,360,centroid_connector,1,0.4,1,1,60.0,0.4,0.0,0.0,auto
92,47,361,centroid_connector,1,0.4,1,1,60.0,0.4,0.0,0.0,auto
93,47,362,centroid_connector,1,1.2,1,1,60.0,1.2,0.0,0.0,auto
94,48,376,centroid_connector,1,0.720000012716,1,1,60.0,0.720000012716,0.0,0.0,auto
95,49,447,centroid_connector,1,0.440000025431,1,1,60.0,0.440000025431,0.0,0.0,auto
96,50,378,centroid_connector,1,1.52000007629,1,1,60.0,1.52000007629,0.0,0.0,auto
97,51,377,centroid_connector,1,1.48000005086,1,1,60.0,1.48000005086,0.0,0.0,auto
98,51,382,centroid_connector,1,1.00000006358,1,1,60.0,1.00000006358,0.0,0.0,auto
99,52,383,centroid_connector,1,1.08000005086,1,1,60.0,1.08000005086,0.0,0.0,auto
100,52,443,centroid_connector,1,0.920000012716,1,1,60.0,0.920000012716,0.0,0.0,auto
101,52,444,centroid_connector,1,1.4,1,1,60.0,1.4,0.0,0.0,auto
102,52,446,centroid_connector,1,1.36000010173,1,1,60.0,1.36000010173,0.0,0.0,auto
103,53,405,centroid_connector,1,0.840000025431,1,1,60.0,0.840000025431,0.0,0.0,auto
104,54,394,centroid_connector,1,1.36000010173,1,1,60.0,1.36000010173,0.0,0.0,auto
105,54,400,centroid_connector,1,0.840000025431,1,1,60.0,0.840000025431,0.0,0.0,auto
106,54,404,centroid_connector,1,0.960000038147,1,1,60.0,0.960000038147,0.0,0.0,auto
107,55,395,centroid_connector,1,1.32000007629,1,1,60.0,1.32000007629,0.0,0.0,auto
108,55,434,centroid_connector,1,3.80000025431,1,1,60.0,3.80000025431,0.0,0.0,auto
109,55,1035,centroid_connector,1,1.16000010173,1,1,60.0,1.16000010173,0.0,0.0,auto
110,56,393,centroid_connector,1,1.68000005086,1,1,60.0,1.68000005086,0.0,0.0,auto
111,56,435,centroid_connector,1,3.40000025431,1,1,60.0,3.40000025431,0.0,0.0,auto
112,57,406,centroid_connector,1,0.880000050863,1,1,60.0,0.880000050863,0.0,0.0,auto
113,58,407,centroid_connector,1,0.760000038147,1,1,60.0,0.760000038147,0.0,0.0,auto
114,58,432,centroid_connector,1,5.28000030518,1,1,60.0,5.28000030518,0.0,0.0,auto
115,58,1035,centroid_connector,1,1.88000005086,1,1,60.0,1.88000005086,0.0,0.0,auto
116,59,412,centroid_connector,1,0.760000038147,1,1,60.0,0.760000038147,0.0,0.0,auto
117,59,413,centroid_connector,1,0.920000012716,1,1,60.0,0.920000012716,0.0,0.0,auto
118,60,481,centroid_connector,1,0.760000038147,1,1,60.0,0.760000038147,0.0,0.0,auto
119,61,477,centroid_connector,1,1.12000007629,1,1,60.0,1.12000007629,0.0,0.0,auto
120,62,420,centroid_connector,1,2.28000005086,1,1,60.0,2.28000005086,0.0,0.0,auto
121,62,421,centroid_connector,1,2.28000005086,1,1,60.0,2.28000005086,0.0,0.0,auto
122,63,411,centroid_connector,1,0.440000025431,1,1,60.0,0.440000025431,0.0,0.0,auto
123,63,418,centroid_connector,1,2.28000005086,1,1,60.0,2.28000005086,0.0,0.0,auto
124,63,429,centroid_connector,1,2.28000005086,1,1,60.0,2.28000005086,0.0,0.0,auto
125,64,418,centroid_connector,1,0.760000038147,1,1,60.0,0.760000038147,0.0,0.0,auto
126,64,419,centroid_connector,1,0.760000038147,1,1,60.0,0.760000038147,0.0,0.0,auto
127,65,426,centroid_connector,1,1.00000006358,1,1,60.0,1.00000006358,0.0,0.0,auto
128,66,453,centroid_connector,1,0.920000012716,1,1,60.0,0.920000012716,0.0,0.0,auto
129,66,454,centroid_connector,1,0.760000038147,1,1,60.0,0.760000038147,0.0,0.0,auto
130,66,1034,centroid_connector,1,1.44000002543,1,1,60.0,1.44000002543,0.0,0.0,auto
131,67,441,centroid_connector,1,1.00000006358,1,1,60.0,1.00000006358,0.0,0.0,auto
132,68,465,centroid_connector,1,0.480000019073,1,1,60.0,0.480000019073,0.0,0.0,auto
133,69,456,centroid_connector,1,0.840000025431,1,1,60.0,0.840000025431,0.0,0.0,auto
134,70,468,centroid_connector,1,0.6,1,1,60.0,0.6,0.0,0.0,auto
135,70,473,centroid_connector,1,0.840000025431,1,1,60.0,0.840000025431,0.0,0.0,auto
136,71,467,centroid_connector,1,1.00000006358,1,1,60.0,1.00000006358,0.0,0.0,auto
137,71,472,centroid_connector,1,1.96000010173,1,1,60.0,1.96000010173,0.0,0.0,auto
138,72,462,centroid_connector,1,0.440000025431,1,1,60.0,0.440000025431,0.0,0.0,auto
139,73,457,centroid_connector,1,1.2,1,1,60.0,1.2,0.0,0.0,auto
140,73,464,centroid_connector,1,1.88000005086,1,1,60.0,1.88000005086,0.0,0.0,auto
141,74,483,centroid_connector,1,1.08000005086,1,1,60.0,1.08000005086,0.0,0.0,auto
142,74,500,centroid_connector,1,1.80000012716,1,1,60.0,1.80000012716,0.0,0.0,auto
143,74,501,centroid_connector,1,1.64000002543,1,1,60.0,1.64000002543,0.0,0.0,auto
144,75,503,centroid_connector,1,1.52000007629,1,1,60.0,1.52000007629,0.0,0.0,auto
145,76,485,centroid_connector,1,2.72000020345,1,1,60.0,2.72000020345,0.0,0.0,auto
146,76,498,centroid_connector,1,1.72000007629,1,1,60.0,1.72000007629,0.0,0.0,auto
147,77,493,centroid_connector,1,1.44000002543,1,1,60.0,1.44000002543,0.0,0.0,auto
148,77,507,centroid_connector,1,1.36000010173,1,1,60.0,1.36000010173,0.0,0.0,auto
149,78,504,centroid_connector,1,1.52000007629,1,1,60.0,1.52000007629,0.0,0.0,auto
150,79,492,centroid_connector,1,1.88000005086,1,1,60.0,1.88000005086,0.0,0.0,auto
151,80,620,centroid_connector,1,0.440000025431,1,1,60.0,0.440000025431,0.0,0.0,auto
152,80,621,centroid_connector,1,0.440000025431,1,1,60.0,0.440000025431,0.0,0.0,auto
153,80,652,centroid_connector,1,0.640000025431,1,1,60.0,0.640000025431,0.0,0.0,auto
154,81,628,centroid_connector,1,1.36000010173,1,1,60.0,1.36000010173,0.0,0.0,auto
155,81,629,centroid_connector,1,1.36000010173,1,1,60.0,1.36000010173,0.0,0.0,auto
156,81,657,centroid_connector,1,1.4,1,1,60.0,1.4,0.0,0.0,auto
157,82,653,centroid_connector,1,0.480000019073,1,1,60.0,0.480000019073,0.0,0.0,auto
158,82,658,centroid_connector,1,0.920000012716,1,1,60.0,0.920000012716,0.0,0.0,auto
159,83,703,centroid_connector,1,0.440000025431,1,1,60.0,0.440000025431,0.0,0.0,auto
160,84,700,centroid_connector,1,0.880000050863,1,1,60.0,0.880000050863,0.0,0.0,auto
161,84,701,centroid_connector,1,0.880000050863,1,1,60.0,0.880000050863,0.0,0.0,auto
162,84,720,centroid_connector,1,1.52000007629,1,1,60.0,1.52000007629,0.0,0.0,auto
163,84,722,centroid_connector,1,1.52000007629,1,1,60.0,1.52000007629,0.0,0.0,auto
164,85,721,centroid_connector,1,0.4,1,1,60.0,0.4,0.0,0.0,auto
165,85,732,centroid_connector,1,0.680000050863,1,1,60.0,0.680000050863,0.0,0.0,auto
166,86,770,centroid_connector,1,0.680000050863,1,1,60.0,0.680000050863,0.0,0.0,auto
167,87,771,centroid_connector,1,0.960000038147,1,1,60.0,0.960000038147,0.0,0.0,auto
168,88,777,centroid_connector,1,1.04000002543,1,1,60.0,1.04000002543,0.0,0.0,auto
169,88,778,centroid_connector,1,1.36000010173,1,1,60.0,1.36000010173,0.0,0.0,auto
170,89,797,centroid_connector,1,0.760000038147,1,1,60.0,0.760000038147,0.0,0.0,auto
171,90,786,centroid_connector,1,1.76000010173,1,1,60.0,1.76000010173,0.0,0.0,auto
172,90,788,centroid_connector,1,1.44000002543,1,1,60.0,1.44000002543,0.0,0.0,auto
173,90,789,centroid_connector,1,1.44000002543,1,1,60.0,1.44000002543,0.0,0.0,auto
174,90,793,centroid_connector,1,1.76000010173,1,1,60.0,1.76000010173,0.0,0.0,auto
175,91,798,centroid_connector,1,1.88000005086,1,1,60.0,1.88000005086,0.0,0.0,auto
176,91,799,centroid_connector,1,1.72000007629,1,1,60.0,1.72000007629,0.0,0.0,auto
177,92,812,centroid_connector,1,1.32000007629,1,1,60.0,1.32000007629,0.0,0.0,auto
178,92,814,centroid_connector,1,2.56000010173,1,1,60.0,2.56000010173,0.0,0.0,auto
179,93,804,centroid_connector,1,4.52000020345,1,1,60.0,4.52000020345,0.0,0.0,auto
180,93,817,centroid_connector,1,3.0,1,1,60.0,3,0.0,0.0,auto
181,94,813,centroid_connector,1,2.44000015259,1,1,60.0,2.44000015259,0.0,0.0,auto
182,95,818,centroid_connector,1,3.40000025431,1,1,60.0,3.40000025431,0.0,0.0,auto
183,95,819,centroid_connector,1,2.04000002543,1,1,60.0,2.04000002543,0.0,0.0,auto
184,96,558,centroid_connector,1,0.360000006358,1,1,60.0,0.360000006358,0.0,0.0,auto
185,97,648,centroid_connector,1,1.2,1,1,60.0,1.2,0.0,0.0,auto
186,97,659,centroid_connector,1,1.04000002543,1,1,60.0,1.04000002543,0.0,0.0,auto
187,97,694,centroid_connector,1,1.32000007629,1,1,60.0,1.32000007629,0.0,0.0,auto
188,97,695,centroid_connector,1,1.32000007629,1,1,60.0,1.32000007629,0.0,0.0,auto
189,98,601,centroid_connector,1,0.920000012716,1,1,60.0,0.920000012716,0.0,0.0,auto
190,98,647,centroid_connector,1,0.680000050863,1,1,60.0,0.680000050863,0.0,0.0,auto
191,98,650,centroid_connector,1,1.4,1,1,60.0,1.4,0.0,0.0,auto
192,99,600,centroid_connector,1,0.480000019073,1,1,60.0,0.480000019073,0.0,0.0,auto
193,99,644,centroid_connector,1,0.880000050863,1,1,60.0,0.880000050863,0.0,0.0,auto
194,100,694,centroid_connector,1,1.6,1,1,60.0,1.6,0.0,0.0,auto
195,100,695,centroid_connector,1,1.6,1,1,60.0,1.6,0.0,0.0,auto
196,100,718,centroid_connector,1,1.76000010173,1,1,60.0,1.76000010173,0.0,0.0,auto
197,100,728,centroid_connector,1,1.6,1,1,60.0,1.6,0.0,0.0,auto
198,101,688,centroid_connector,1,0.960000038147,1,1,60.0,0.960000038147,0.0,0.0,auto
199,101,689,centroid_connector,1,0.960000038147,1,1,60.0,0.960000038147,0.0,0.0,auto
200,102,677,centroid_connector,1,2.48000005086,1,1,60.0,2.48000005086,0.0,0.0,auto
201,102,687,centroid_connector,1,0.720000012716,1,1,60.0,0.720000012716,0.0,0.0,auto
202,103,751,centroid_connector,1,0.920000012716,1,1,60.0,0.920000012716,0.0,0.0,auto
203,103,752,centroid_connector,1,0.680000050863,1,1,60.0,0.680000050863,0.0,0.0,auto
204,104,708,centroid_connector,1,1.96000010173,1,1,60.0,1.96000010173,0.0,0.0,auto
205,104,836,centroid_connector,1,1.08000005086,1,1,60.0,1.08000005086,0.0,0.0,auto
206,105,755,centroid_connector,1,1.12000007629,1,1,60.0,1.12000007629,0.0,0.0,auto
207,106,705,centroid_connector,1,1.12000007629,1,1,60.0,1.12000007629,0.0,0.0,auto
208,106,742,centroid_connector,1,1.12000007629,1,1,60.0,1.12000007629,0.0,0.0,auto
209,107,546,centroid_connector,1,1.08000005086,1,1,60.0,1.08000005086,0.0,0.0,auto
210,107,548,centroid_connector,1,0.960000038147,1,1,60.0,0.960000038147,0.0,0.0,auto
211,108,532,centroid_connector,1,0.680000050863,1,1,60.0,0.680000050863,0.0,0.0,auto
212,108,533,centroid_connector,1,0.840000025431,1,1,60.0,0.840000025431,0.0,0.0,auto
213,109,637,centroid_connector,1,1.12000007629,1,1,60.0,1.12000007629,0.0,0.0,auto
214,109,639,centroid_connector,1,1.04000002543,1,1,60.0,1.04000002543,0.0,0.0,auto
215,110,631,centroid_connector,1,1.24000002543,1,1,60.0,1.24000002543,0.0,0.0,auto
216,110,633,centroid_connector,1,1.04000002543,1,1,60.0,1.04000002543,0.0,0.0,auto
217,110,634,centroid_connector,1,1.4,1,1,60.0,1.4,0.0,0.0,auto
218,110,670,centroid_connector,1,1.68000005086,1,1,60.0,1.68000005086,0.0,0.0,auto
219,111,540,centroid_connector,1,0.960000038147,1,1,60.0,0.960000038147,0.0,0.0,auto
220,111,541,centroid_connector,1,1.04000002543,1,1,60.0,1.04000002543,0.0,0.0,auto
221,111,543,centroid_connector,1,1.52000007629,1,1,60.0,1.52000007629,0.0,0.0,auto
222,111,578,centroid_connector,1,0.720000012716,1,1,60.0,0.720000012716,0.0,0.0,auto
223,111,579,centroid_connector,1,0.720000012716,1,1,60.0,0.720000012716,0.0,0.0,auto
224,112,524,centroid_connector,1,0.720000012716,1,1,60.0,0.720000012716,0.0,0.0,auto
225,112,541,centroid_connector,1,1.4,1,1,60.0,1.4,0.0,0.0,auto
226,113,684,centroid_connector,1,0.960000038147,1,1,60.0,0.960000038147,0.0,0.0,auto
227,113,706,centroid_connector,1,0.960000038147,1,1,60.0,0.960000038147,0.0,0.0,auto
228,114,670,centroid_connector,1,0.520000012716,1,1,60.0,0.520000012716,0.0,0.0,auto
229,114,682,centroid_connector,1,1.88000005086,1,1,60.0,1.88000005086,0.0,0.0,auto
230,114,686,centroid_connector,1,1.88000005086,1,1,60.0,1.88000005086,0.0,0.0,auto
231,115,633,centroid_connector,1,1.84000002543,1,1,60.0,1.84000002543,0.0,0.0,auto
232,115,667,centroid_connector,1,1.64000002543,1,1,60.0,1.64000002543,0.0,0.0,auto
233,116,570,centroid_connector,1,0.520000012716,1,1,60.0,0.520000012716,0.0,0.0,auto
234,116,571,centroid_connector,1,0.520000012716,1,1,60.0,0.520000012716,0.0,0.0,auto
235,117,522,centroid_connector,1,0.8,1,1,60.0,0.8,0.0,0.0,auto
236,117,538,centroid_connector,1,1.16000010173,1,1,60.0,1.16000010173,0.0,0.0,auto
237,118,567,centroid_connector,1,0.920000012716,1,1,60.0,0.920000012716,0.0,0.0,auto
238,118,665,centroid_connector,1,1.88000005086,1,1,60.0,1.88000005086,0.0,0.0,auto
239,119,520,centroid_connector,1,0.920000012716,1,1,60.0,0.920000012716,0.0,0.0,auto
240,120,667,centroid_connector,1,1.12000007629,1,1,60.0,1.12000007629,0.0,0.0,auto
241,120,683,centroid_connector,1,1.12000007629,1,1,60.0,1.12000007629,0.0,0.0,auto
242,121,519,centroid_connector,1,0.760000038147,1,1,60.0,0.760000038147,0.0,0.0,auto
243,122,516,centroid_connector,1,0.760000038147,1,1,60.0,0.760000038147,0.0,0.0,auto
244,123,662,centroid_connector,1,0.760000038147,1,1,60.0,0.760000038147,0.0,0.0,auto
245,124,511,centroid_connector,1,1.12000007629,1,1,60.0,1.12000007629,0.0,0.0,auto
246,125,803,centroid_connector,1,1.08000005086,1,1,60.0,1.08000005086,0.0,0.0,auto
247,126,740,centroid_connector,1,1.12000007629,1,1,60.0,1.12000007629,0.0,0.0,auto
248,127,338,centroid_connector,1,5.28000030518,1,1,60.0,5.28000030518,0.0,0.0,auto
249,128,824,centroid_connector,1,2.84000015259,1,1,60.0,2.84000015259,0.0,0.0,auto
250,128,831,centroid_connector,1,2.84000015259,1,1,60.0,2.84000015259,0.0,0.0,auto
251,129,825,centroid_connector,1,3.40000025431,1,1,60.0,3.40000025431,0.0,0.0,auto
252,129,830,centroid_connector,1,3.40000025431,1,1,60.0,3.40000025431,0.0,0.0,auto
253,130,826,centroid_connector,1,3.80000025431,1,1,60.0,3.80000025431,0.0,0.0,auto
254,130,829,centroid_connector,1,3.80000025431,1,1,60.0,3.80000025431,0.0,0.0,auto
255,131,779,centroid_connector,1,1.12000007629,1,1,60.0,1.12000007629,0.0,0.0,auto
256,132,1032,centroid_connector,1,2.00000012716,1,1,60.0,2.00000012716,0.0,0.0,auto
257,133,1033,centroid_connector,1,2.00000012716,1,1,60.0,2.00000012716,0.0,0.0,auto
258,134,241,centroid_connector,1,2.00000012716,1,1,60.0,2.00000012716,0.0,0.0,auto
259,135,353,centroid_connector,1,2.00000012716,1,1,60.0,2.00000012716,0.0,0.0,auto
260,136,335,centroid_connector,1,2.00000012716,1,1,60.0,2.00000012716,0.0,0.0,auto
261,136,348,centroid_connector,1,2.00000012716,1,1,60.0,2.00000012716,0.0,0.0,auto
262,137,324,centroid_connector,1,2.00000012716,1,1,60.0,2.00000012716,0.0,0.0,auto
263,138,1030,centroid_connector,1,2.00000012716,1,1,60.0,2.00000012716,0.0,0.0,auto
264,139,469,centroid_connector,1,2.00000012716,1,1,60.0,2.00000012716,0.0,0.0,auto
265,140,488,centroid_connector,1,2.00000012716,1,1,60.0,2.00000012716,0.0,0.0,auto
266,141,827,centroid_connector,1,2.00000012716,1,1,60.0,2.00000012716,0.0,0.0,auto
267,141,828,centroid_connector,1,2.00000012716,1,1,60.0,2.00000012716,0.0,0.0,auto
268,142,801,centroid_connector,1,2.00000012716,1,1,60.0,2.00000012716,0.0,0.0,auto
269,143,800,centroid_connector,1,2.00000012716,1,1,60.0,2.00000012716,0.0,0.0,auto
270,144,737,centroid_connector,1,2.00000012716,1,1,60.0,2.00000012716,0.0,0.0,auto
271,145,660,centroid_connector,1,2.00000012716,1,1,60.0,2.00000012716,0.0,0.0,auto
272,146,1031,centroid_connector,1,2.00000012716,1,1,60.0,2.00000012716,0.0,0.0,auto
273,147,872,centroid_connector,1,1.56000003815,1,1,60.0,1.56000003815,0.0,0.0,auto
274,147,1048,centroid_connector,1,0.780000019073,1,1,60.0,0.780000019073,0.0,0.0,auto
275,160,162,arterial,1,0.390934849596,1,1,60.0,0.390934849596,2.70989826368587e-20,5.5226,auto
276,160,203,arterial,1,0.730434832366,1,1,60.0,0.730434832366,5.15839525033054e-14,4.4683,auto
277,161,204,arterial,1,1.5652173913,1,1,60.0,1.5652173913,1.30271347127748e-10,3.5038,auto
278,161,536,arterial,1,0.373937698667,1,1,60.0,0.373937698667,2.70989826368598e-20,5.5226,auto
279,162,161,arterial,1,0.424929205487,1,1,60.0,0.424929205487,2.88716363802704e-21,5.5226,auto
280,162,163,arterial,1,0.0100000003974,1,1,60.0,0.0100000003974,0.0,0.0,auto
281,162,164,arterial,1,0.0100000003974,1,1,60.0,0.0100000003974,0.0,0.0,auto
282,163,162,arterial,1,0.0100000003974,1,1,60.0,0.0100000003974,0.0,0.0,auto
283,163,164,arterial,1,0.0100000003974,1,1,60.0,0.0100000003974,0.0,0.0,auto
284,163,527,arterial,1,1.8,1,1,60.0,1.8,7.10951040244389e-17,5.1644,auto
285,164,162,arterial,1,0.0100000003974,1,1,60.0,0.0100000003974,0.0,0.0,auto
286,164,163,arterial,1,0.0100000003974,1,1,60.0,0.0100000003974,0.0,0.0,auto
287,164,165,arterial,1,0.240740746628,1,1,60.0,0.240740746628,5.50729964743363e-17,4.9432,auto
288,165,164,arterial,1,0.240740746628,1,1,60.0,0.240740746628,7.4213753080544e-18,4.9432,auto
289,165,166,arterial,1,0.240740746628,1,1,60.0,0.240740746628,5.50729964743363e-17,4.9432,auto
290,165,201,arterial,1,1.51304361095,1,1,60.0,1.51304361095,1.14841803828417e-11,3.5038,auto
291,166,11,centroid_connector,1,1.56000010173,1,1,60.0,1.56000010173,0.0,0.0,auto
292,166,165,arterial,1,0.240740746628,1,1,60.0,0.240740746628,7.4213753080544e-18,4.9432,auto
293,166,167,arterial,1,0.444444462105,1,1,60.0,0.444444462105,5.50729964743355e-17,4.9432,auto
294,167,12,centroid_connector,1,1.88000005086,1,1,60.0,1.88000005086,0.0,0.0,auto
295,167,166,arterial,1,0.444444462105,1,1,60.0,0.444444462105,7.42137530805426e-18,4.9432,auto
296,167,168,arterial,1,0.481481493255,1,1,60.0,0.481481493255,5.50729964743363e-17,4.9432,auto
297,168,167,arterial,1,0.481481493255,1,1,60.0,0.481481493255,7.4213753080544e-18,4.9432,auto
298,168,169,arterial,1,1.0555555791,1,1,60.0,1.0555555791,5.50729964743344e-17,4.9432,auto
299,168,198,arterial,1,1.64347839355,1,1,60.0,1.64347839355,5.15839525033046e-14,4.4683,auto
300,169,14,centroid_connector,1,2.28000005086,1,1,60.0,2.28000005086,0.0,0.0,auto
301,169,168,arterial,1,1.0555555791,1,1,60.0,1.0555555791,7.42137530805411e-18,4.9432,auto
302,169,170,arterial,1,0.277777777778,1,1,60.0,0.277777777778,5.5072996474334e-17,4.9432,auto
303,170,13,centroid_connector,1,0.840000025431,1,1,60.0,0.840000025431,0.0,0.0,auto
304,170,169,arterial,1,0.277777777778,1,1,60.0,0.277777777778,7.42137530805426e-18,4.9432,auto
305,170,171,arterial,1,0.722222269317,1,1,60.0,0.722222269317,5.50729964743362e-17,4.9432,auto
306,171,15,centroid_connector,1,0.680000050863,1,1,60.0,0.680000050863,0.0,0.0,auto
307,171,170,arterial,1,0.722222269317,1,1,60.0,0.722222269317,7.42137530805433e-18,4.9432,auto
308,171,172,arterial,1,0.37037037037,1,1,60.0,0.37037037037,5.50729964743362e-17,4.9432,auto
309,172,171,arterial,1,0.37037037037,1,1,60.0,0.37037037037,7.42137530805433e-18,4.9432,auto
310,172,173,arterial,1,0.629629676725,1,1,60.0,0.629629676725,5.50729964743352e-17,4.9432,auto
311,172,189,arterial,1,1.66956528373,1,1,60.0,1.66956528373,5.15839525033041e-14,4.4683,auto
312,173,17,centroid_connector,1,2.44000015259,1,1,60.0,2.44000015259,0.0,0.0,auto
313,173,172,arterial,1,0.629629676725,1,1,60.0,0.629629676725,7.4213753080543e-18,4.9432,auto
314,173,174,arterial,1,0.351851869512,1,1,60.0,0.351851869512,5.50729964743363e-17,4.9432,auto
315,174,18,centroid_connector,1,1.68000005086,1,1,60.0,1.68000005086,0.0,0.0,auto
316,174,173,arterial,1,0.351851869512,1,1,60.0,0.351851869512,5.50729964743363e-17,4.9432,auto
317,174,175,arterial,1,0.611111146432,1,1,60.0,0.611111146432,5.50729964743362e-17,4.9432,auto
318,175,174,arterial,1,0.611111146432,1,1,60.0,0.611111146432,5.50729964743362e-17,4.9432,auto
319,175,176,arterial,1,0.0100000003974,1,1,60.0,0.0100000003974,0.0,0.0,auto
320,176,175,arterial,1,0.0100000003974,1,1,60.0,0.0100000003974,0.0,0.0,auto
321,176,177,arterial,1,1.51851854207,1,1,60.0,1.51851854207,5.50729964743369e-17,4.9432,auto
322,177,20,centroid_connector,1,2.16000010173,1,1,60.0,2.16000010173,0.0,0.0,auto
323,177,176,arterial,1,1.51851854207,1,1,60.0,1.51851854207,5.50729964743369e-17,4.9432,auto
324,177,178,arterial,1,1.70370372725,1,1,60.0,1.70370372725,5.50729964743363e-17,4.9432,auto
325,178,177,arterial,1,1.70370372725,1,1,60.0,1.70370372725,1.69429949454597e-15,4.9432,auto
326,178,179,arterial,1,0.0100000003974,1,1,60.0,0.0100000003974,0.0,0.0,auto
327,178,180,arterial,1,0.0100000003974,1,1,60.0,0.0100000003974,0.0,0.0,auto
328,178,181,arterial,1,0.0100000003974,1,1,60.0,0.0100000003974,0.0,0.0,auto
329,179,178,arterial,1,0.0100000003974,1,1,60.0,0.0100000003974,0.0,0.0,auto
330,179,180,arterial,1,0.0100000003974,1,1,60.0,0.0100000003974,0.0,0.0,auto
331,179,181,arterial,1,0.0100000003974,1,1,60.0,0.0100000003974,0.0,0.0,auto
332,179,215,arterial,1,2.76811608946,1,1,60.0,2.76811608946,5.57789772763409e-24,6.5856,auto
333,180,178,arterial,1,0.0100000003974,1,1,60.0,0.0100000003974,0.0,0.0,auto
334,180,179,arterial,1,0.0100000003974,1,1,60.0,0.0100000003974,0.0,0.0,auto
335,180,181,arterial,1,0.0100000003974,1,1,60.0,0.0100000003974,0.0,0.0,auto
336,180,182,arterial,1,1.11111111111,1,1,60.0,1.11111111111,1.69429949454593e-15,4.9432,auto
337,181,178,arterial,1,0.0100000003974,1,1,60.0,0.0100000003974,0.0,0.0,auto
338,181,179,arterial,1,0.0100000003974,1,1,60.0,0.0100000003974,0.0,0.0,auto
339,181,180,arterial,1,0.0100000003974,1,1,60.0,0.0100000003974,0.0,0.0,auto
340,181,514,arterial,1,0.797101449275,1,1,60.0,0.797101449275,5.577897727634e-24,6.5856,auto
341,182,21,centroid_connector,1,0.760000038147,1,1,60.0,0.760000038147,0.0,0.0,auto
342,182,180,arterial,1,1.11111111111,1,1,60.0,1.11111111111,1.69429949454593e-15,4.9432,auto
343,182,1032,arterial,1,0.327272727273,1,1,60.0,0.327272727273,2.29655563468315e-17,5.3443,auto
344,183,20,centroid_connector,1,2.52000020345,1,1,60.0,2.52000020345,0.0,0.0,auto
345,183,184,arterial,1,0.965217424476,1,1,60.0,0.965217424476,1.30271347127742e-10,3.5038,auto
346,184,183,arterial,1,0.965217424476,1,1,60.0,0.965217424476,1.30271347127742e-10,3.5038,auto
347,184,185,arterial,1,0.0100000003974,1,1,60.0,0.0100000003974,0.0,0.0,auto
348,185,184,arterial,1,0.0100000003974,1,1,60.0,0.0100000003974,0.0,0.0,auto
349,185,186,arterial,1,1.04347826087,1,1,60.0,1.04347826087,1.30271347127736e-10,3.5038,auto
350,186,18,centroid_connector,1,2.44000015259,1,1,60.0,2.44000015259,0.0,0.0,auto
351,186,185,arterial,1,1.04347826087,1,1,60.0,1.04347826087,1.30271347127736e-10,3.5038,auto
352,186,187,arterial,1,0.756521805473,1,1,60.0,0.756521805473,1.30271347127744e-10,3.5038,auto
353,187,17,centroid_connector,1,2.44000015259,1,1,60.0,2.44000015259,0.0,0.0,auto
354,187,186,arterial,1,0.756521805473,1,1,60.0,0.756521805473,1.30271347127744e-10,3.5038,auto
355,187,188,arterial,1,0.6260869814,1,1,60.0,0.6260869814,1.30271347127744e-10,3.5038,auto
356,188,187,arterial,1,0.6260869814,1,1,60.0,0.6260869814,1.30271347127744e-10,3.5038,auto
357,188,189,arterial,1,1.48695655491,1,1,60.0,1.48695655491,5.15839525033056e-14,4.4683,auto
358,188,190,arterial,1,0.886956588082,1,1,60.0,0.886956588082,1.30271347127745e-10,3.5038,auto
359,188,220,arterial,1,1.4347826087,1,1,60.0,1.4347826087,5.15839525033036e-14,4.4683,auto
360,189,15,centroid_connector,1,0.240000009537,1,1,60.0,0.240000009537,0.0,0.0,auto
361,189,172,arterial,1,1.66956528373,1,1,60.0,1.66956528373,5.15839525033041e-14,4.4683,auto
362,189,188,arterial,1,1.48695655491,1,1,60.0,1.48695655491,5.15839525033056e-14,4.4683,auto
363,190,19,centroid_connector,1,1.88000005086,1,1,60.0,1.88000005086,0.0,0.0,auto
364,190,188,arterial,1,0.886956588082,1,1,60.0,0.886956588082,1.30271347127745e-10,3.5038,auto
365,190,191,arterial,1,0.939130451368,1,1,60.0,0.939130451368,1.30271347127746e-10,3.5038,auto
366,191,14,centroid_connector,1,2.28000005086,1,1,60.0,2.28000005086,0.0,0.0,auto
367,191,190,arterial,1,0.939130451368,1,1,60.0,0.939130451368,1.30271347127746e-10,3.5038,auto
368,191,192,arterial,1,0.782608695652,1,1,60.0,0.782608695652,1.30271347127751e-10,3.5038,auto
369,192,191,arterial,1,0.782608695652,1,1,60.0,0.782608695652,1.30271347127751e-10,3.5038,auto
370,192,193,arterial,1,0.0100000003974,1,1,60.0,0.0100000003974,0.0,0.0,auto
371,192,194,arterial,1,0.0100000003974,1,1,60.0,0.0100000003974,0.0,0.0,auto
372,193,192,arterial,1,0.0100000003974,1,1,60.0,0.0100000003974,0.0,0.0,auto
373,193,194,arterial,1,0.0100000003974,1,1,60.0,0.0100000003974,0.0,0.0,auto
374,193,224,arterial,1,0.759259271033,1,1,60.0,0.759259271033,1.69429949454599e-15,4.9432,auto
375,194,192,arterial,1,0.0100000003974,1,1,60.0,0.0100000003974,0.0,0.0,auto
376,194,193,arterial,1,0.0100000003974,1,1,60.0,0.0100000003974,0.0,0.0,auto
377,194,195,arterial,1,0.600000008293,1,1,60.0,0.600000008293,1.14841803828419e-11,3.5038,auto
378,195,16,centroid_connector,1,1.88000005086,1,1,60.0,1.88000005086,0.0,0.0,auto
379,195,194,arterial,1,0.600000008293,1,1,60.0,0.600000008293,1.30271347127745e-10,3.5038,auto
380,195,196,arterial,1,0.365217416183,1,1,60.0,0.365217416183,1.14841803828418e-11,3.5038,auto
381,196,195,arterial,1,0.365217416183,1,1,60.0,0.365217416183,1.30271347127745e-10,3.5038,auto
382,196,198,arterial,1,1.20000001659,1,1,60.0,1.20000001659,5.15839525033068e-14,4.4683,auto
383,196,209,arterial,1,1.64347839355,1,1,60.0,1.64347839355,1.30271347127743e-10,3.5038,auto
384,197,14,centroid_connector,1,1.12000007629,1,1,60.0,1.12000007629,0.0,0.0,auto
385,197,198,arterial,1,1.22608698969,1,1,60.0,1.22608698969,5.15839525033059e-14,4.4683,auto
386,198,168,arterial,1,1.64347839355,1,1,60.0,1.64347839355,5.15839525033046e-14,4.4683,auto
387,198,196,arterial,1,1.20000001659,1,1,60.0,1.20000001659,5.15839525033068e-14,4.4683,auto
388,198,197,arterial,1,1.22608698969,1,1,60.0,1.22608698969,5.15839525033059e-14,4.4683,auto
389,198,199,arterial,1,0.339130443075,1,1,60.0,0.339130443075,2.33035607834102e-15,4.4683,auto
390,199,12,centroid_connector,1,1.2,1,1,60.0,1.2,0.0,0.0,auto
391,199,198,arterial,1,0.339130443075,1,1,60.0,0.339130443075,5.15839525033057e-14,4.4683,auto
392,199,200,arterial,1,0.600000008293,1,1,60.0,0.600000008293,5.15839525033059e-14,4.4683,auto
393,200,11,centroid_connector,1,1.56000010173,1,1,60.0,1.56000010173,0.0,0.0,auto
394,200,199,arterial,1,0.600000008293,1,1,60.0,0.600000008293,5.15839525033059e-14,4.4683,auto
395,200,201,arterial,1,0.3130434907,1,1,60.0,0.3130434907,2.33035607834102e-15,4.4683,auto
396,201,165,arterial,1,1.51304361095,1,1,60.0,1.51304361095,1.14841803828417e-11,3.5038,auto
397,201,200,arterial,1,0.3130434907,1,1,60.0,0.3130434907,5.15839525033058e-14,4.4683,auto
398,201,202,arterial,1,0.57391307665,1,1,60.0,0.57391307665,5.15839525033058e-14,4.4683,auto
399,201,206,arterial,1,0.417391320933,1,1,60.0,0.417391320933,2.33035607834102e-15,4.4683,auto
400,202,201,arterial,1,0.57391307665,1,1,60.0,0.57391307665,5.15839525033058e-14,4.4683,auto
401,202,203,arterial,1,0.600000008293,1,1,60.0,0.600000008293,5.15839525033059e-14,4.4683,auto
402,203,160,arterial,1,0.730434832366,1,1,60.0,0.730434832366,5.15839525033054e-14,4.4683,auto
403,203,202,arterial,1,0.600000008293,1,1,60.0,0.600000008293,5.15839525033059e-14,4.4683,auto
404,203,204,arterial,1,0.15652174535,1,1,60.0,0.15652174535,5.15839525033051e-14,4.4683,auto
405,203,207,arterial,1,0.834782641867,1,1,60.0,0.834782641867,5.1583952503306e-14,4.4683,auto
406,204,161,arterial,1,1.5652173913,1,1,60.0,1.5652173913,1.30271347127748e-10,3.5038,auto
407,204,203,arterial,1,0.15652174535,1,1,60.0,0.15652174535,5.15839525033051e-14,4.4683,auto
408,204,205,arterial,1,0.15652174535,1,1,60.0,0.15652174535,5.15839525033051e-14,4.4683,auto
409,205,204,arterial,1,0.15652174535,1,1,60.0,0.15652174535,5.15839525033051e-14,4.4683,auto
410,205,208,arterial,1,0.965217424476,1,1,60.0,0.965217424476,2.33035607834107e-15,4.4683,auto
411,205,839,arterial,1,0.475920712306,1,1,60.0,0.475920712306,1.24572230517319e-18,5.5226,auto
412,206,201,arterial,1,0.417391320933,1,1,60.0,0.417391320933,5.15839525033054e-14,4.4683,auto
413,206,207,arterial,1,0.469565225684,1,1,60.0,0.469565225684,2.3303560783411e-15,4.4683,auto
414,207,203,arterial,1,0.834782641867,1,1,60.0,0.834782641867,5.1583952503306e-14,4.4683,auto
415,207,206,arterial,1,0.469565225684,1,1,60.0,0.469565225684,5.15839525033064e-14,4.4683,auto
416,207,208,arterial,1,0.3130434907,1,1,60.0,0.3130434907,2.33035607834102e-15,4.4683,auto
417,207,354,arterial,1,0.521739130435,1,1,60.0,0.521739130435,1.30271347127745e-10,3.5038,auto
418,208,205,arterial,1,0.965217424476,1,1,60.0,0.965217424476,2.33035607834107e-15,4.4683,auto
419,208,207,arterial,1,0.3130434907,1,1,60.0,0.3130434907,5.15839525033058e-14,4.4683,auto
420,208,211,arterial,1,0.521739130435,1,1,60.0,0.521739130435,2.33035607834112e-15,4.4683,auto
421,208,260,arterial,1,1.12800003052,1,1,60.0,1.12800003052,1.9824415175324e-18,5.1644,auto
422,209,196,arterial,1,1.64347839355,1,1,60.0,1.64347839355,1.30271347127743e-10,3.5038,auto
423,209,210,arterial,1,0.0100000003974,1,1,60.0,0.0100000003974,0.0,0.0,auto
424,210,209,arterial,1,0.0100000003974,1,1,60.0,0.0100000003974,0.0,0.0,auto
425,210,354,arterial,1,0.443478294041,1,1,60.0,0.443478294041,1.30271347127743e-10,3.5038,auto
426,211,208,arterial,1,0.521739130435,1,1,60.0,0.521739130435,2.33035607834112e-15,4.4683,auto
427,211,1036,arterial,1,1.27826093591,1,1,60.0,1.27826093591,2.330356078341e-15,4.4683,auto
428,212,25,centroid_connector,1,0.8,1,1,60.0,0.8,0.0,0.0,auto
429,212,227,arterial,1,2.45217397939,1,1,60.0,2.45217397939,2.33035607834108e-15,4.4683,auto
430,212,1037,arterial,1,0.3130434907,1,1,60.0,0.3130434907,2.33035607834102e-15,4.4683,auto
431,213,21,centroid_connector,1,3.76000010173,1,1,60.0,3.76000010173,0.0,0.0,auto
432,213,214,arterial,1,0.654545454545,1,1,60.0,0.654545454545,6.73716890360576e-25,6.8677,auto
433,213,1033,arterial,1,0.305454566262,1,1,60.0,0.305454566262,6.73716890360555e-25,6.8677,auto
434,214,213,arterial,1,0.654545454545,1,1,60.0,0.654545454545,6.73716890360576e-25,6.8677,auto
435,214,215,arterial,1,0.0100000003974,1,1,60.0,0.0100000003974,0.0,0.0,auto
436,214,216,arterial,1,0.0100000003974,1,1,60.0,0.0100000003974,0.0,0.0,auto
437,215,179,arterial,1,2.76811608946,1,1,60.0,2.76811608946,5.57789772763409e-24,6.5856,auto
438,215,214,arterial,1,0.0100000003974,1,1,60.0,0.0100000003974,0.0,0.0,auto
439,215,216,arterial,1,0.0100000003974,1,1,60.0,0.0100000003974,0.0,0.0,auto
440,216,214,arterial,1,0.0100000003974,1,1,60.0,0.0100000003974,0.0,0.0,auto
441,216,215,arterial,1,0.0100000003974,1,1,60.0,0.0100000003974,0.0,0.0,auto
442,216,217,arterial,1,2.66666670352,1,1,60.0,2.66666670352,5.57789772763417e-24,6.5856,auto
443,217,216,arterial,1,2.66666670352,1,1,60.0,2.66666670352,5.57789772763417e-24,6.5856,auto
444,217,218,arterial,1,0.0100000003974,1,1,60.0,0.0100000003974,0.0,0.0,auto
445,218,217,arterial,1,0.0100000003974,1,1,60.0,0.0100000003974,0.0,0.0,auto
446,218,219,arterial,1,0.652173959115,1,1,60.0,0.652173959115,5.57789772763392e-24,6.5856,auto
447,219,218,arterial,1,0.652173959115,1,1,60.0,0.652173959115,5.57789772763392e-24,6.5856,auto
448,219,220,arterial,1,1.38260874541,1,1,60.0,1.38260874541,5.15839525033049e-14,4.4683,auto
449,219,221,arterial,1,1.27536239255,1,1,60.0,1.27536239255,5.57789772763407e-24,6.5856,auto
450,219,1049,arterial,1,1.32000007629,1,1,60.0,1.32000007629,5.21539348721575e-11,3.6544,auto
451,220,19,centroid_connector,1,1.28000005086,1,1,60.0,1.28000005086,0.0,0.0,auto
452,220,188,arterial,1,1.4347826087,1,1,60.0,1.4347826087,5.15839525033036e-14,4.4683,auto
453,220,219,arterial,1,1.38260874541,1,1,60.0,1.38260874541,5.15839525033049e-14,4.4683,auto
454,221,219,arterial,1,1.27536239255,1,1,60.0,1.27536239255,5.57789772763407e-24,6.5856,auto
455,221,222,arterial,1,0.0100000003974,1,1,60.0,0.0100000003974,0.0,0.0,auto
456,221,223,arterial,1,0.0100000003974,1,1,60.0,0.0100000003974,0.0,0.0,auto
457,222,221,arterial,1,0.0100000003974,1,1,60.0,0.0100000003974,0.0,0.0,auto
458,222,223,arterial,1,0.0100000003974,1,1,60.0,0.0100000003974,0.0,0.0,auto
459,222,224,arterial,1,1.70370372725,1,1,60.0,1.70370372725,1.69429949454597e-15,4.9432,auto
460,223,221,arterial,1,0.0100000003974,1,1,60.0,0.0100000003974,0.0,0.0,auto
461,223,222,arterial,1,0.0100000003974,1,1,60.0,0.0100000003974,0.0,0.0,auto
462,223,225,arterial,1,0.753623206834,1,1,60.0,0.753623206834,5.57789772763396e-24,6.5856,auto
463,224,16,centroid_connector,1,1.32000007629,1,1,60.0,1.32000007629,0.0,0.0,auto
464,224,193,arterial,1,0.759259271033,1,1,60.0,0.759259271033,1.69429949454599e-15,4.9432,auto
465,224,222,arterial,1,1.70370372725,1,1,60.0,1.70370372725,1.69429949454597e-15,4.9432,auto
466,225,28,centroid_connector,1,1.48000005086,1,1,60.0,1.48000005086,0.0,0.0,auto
467,225,223,arterial,1,0.753623206834,1,1,60.0,0.753623206834,5.57789772763396e-24,6.5856,auto
468,225,226,arterial,1,0.8840580263,1,1,60.0,0.8840580263,1.3550095957936e-20,5.7894,auto
469,226,225,arterial,1,0.8840580263,1,1,60.0,0.8840580263,5.57789772763395e-24,6.5856,auto
470,226,227,arterial,1,0.0100000003974,1,1,60.0,0.0100000003974,0.0,0.0,auto
471,226,228,arterial,1,0.0100000003974,1,1,60.0,0.0100000003974,0.0,0.0,auto
472,226,229,arterial,1,0.0100000003974,1,1,60.0,0.0100000003974,0.0,0.0,auto
473,227,212,arterial,1,2.45217397939,1,1,60.0,2.45217397939,2.33035607834108e-15,4.4683,auto
474,227,226,arterial,1,0.0100000003974,1,1,60.0,0.0100000003974,0.0,0.0,auto
475,227,228,arterial,1,0.0100000003974,1,1,60.0,0.0100000003974,0.0,0.0,auto
476,227,229,arterial,1,0.0100000003974,1,1,60.0,0.0100000003974,0.0,0.0,auto
477,228,226,arterial,1,0.0100000003974,1,1,60.0,0.0100000003974,0.0,0.0,auto
478,228,227,arterial,1,0.0100000003974,1,1,60.0,0.0100000003974,0.0,0.0,auto
479,228,229,arterial,1,0.0100000003974,1,1,60.0,0.0100000003974,0.0,0.0,auto
480,228,230,arterial,1,0.611111146432,1,1,60.0,0.611111146432,5.50729964743362e-17,4.9432,auto
481,229,226,arterial,1,0.0100000003974,1,1,60.0,0.0100000003974,0.0,0.0,auto
482,229,227,arterial,1,0.0100000003974,1,1,60.0,0.0100000003974,0.0,0.0,auto
483,229,228,arterial,1,0.0100000003974,1,1,60.0,0.0100000003974,0.0,0.0,auto
484,229,249,arterial,1,0.434782608696,1,1,60.0,0.434782608696,5.57789772763389e-24,6.5856,auto
485,230,228,arterial,1,0.611111146432,1,1,60.0,0.611111146432,5.50729964743362e-17,4.9432,auto
486,230,231,arterial,1,1.42592594947,1,1,60.0,1.42592594947,5.50729964743376e-17,4.9432,auto
487,231,230,arterial,1,1.42592594947,1,1,60.0,1.42592594947,5.50729964743376e-17,4.9432,auto
488,231,232,arterial,1,0.0100000003974,1,1,60.0,0.0100000003974,0.0,0.0,auto
489,232,231,arterial,1,0.0100000003974,1,1,60.0,0.0100000003974,0.0,0.0,auto
490,232,233,arterial,1,0.481481493255,1,1,60.0,0.481481493255,5.50729964743363e-17,4.9432,auto
491,233,29,centroid_connector,1,0.520000012716,1,1,60.0,0.520000012716,0.0,0.0,auto
492,233,232,arterial,1,0.481481493255,1,1,60.0,0.481481493255,5.50729964743363e-17,4.9432,auto
493,233,234,arterial,1,0.462962992397,1,1,60.0,0.462962992397,5.50729964743363e-17,4.9432,auto
494,234,233,arterial,1,0.462962992397,1,1,60.0,0.462962992397,5.50729964743363e-17,4.9432,auto
495,234,235,arterial,1,0.0100000003974,1,1,60.0,0.0100000003974,0.0,0.0,auto
496,235,234,arterial,1,0.0100000003974,1,1,60.0,0.0100000003974,0.0,0.0,auto
497,235,236,arterial,1,0.703703739025,1,1,60.0,0.703703739025,5.50729964743357e-17,4.9432,auto
498,236,235,arterial,1,0.703703739025,1,1,60.0,0.703703739025,5.50729964743357e-17,4.9432,auto
499,236,237,arterial,1,0.886956588082,1,1,60.0,0.886956588082,5.15839525033057e-14,4.4683,auto
500,236,239,arterial,1,2.44800003052,1,1,60.0,2.44800003052,1.98244151753245e-18,5.1644,auto
501,236,245,arterial,1,0.965217424476,1,1,60.0,0.965217424476,5.15839525033047e-14,4.4683,auto
502,237,31,centroid_connector,1,3.80000025431,1,1,60.0,3.80000025431,0.0,0.0,auto
503,237,236,arterial,1,0.886956588082,1,1,60.0,0.886956588082,5.15839525033057e-14,4.4683,auto
504,237,238,arterial,1,1.09565220708,1,1,60.0,1.09565220708,5.15839525033061e-14,4.4683,auto
505,238,28,centroid_connector,1,1.88000005086,1,1,60.0,1.88000005086,0.0,0.0,auto
506,238,237,arterial,1,1.09565220708,1,1,60.0,1.09565220708,5.15839525033061e-14,4.4683,auto
507,238,1050,arterial,1,2.46000010173,1,1,60.0,2.46000010173,5.21539348721566e-11,3.6544,auto
508,239,31,centroid_connector,1,1.64000002543,1,1,60.0,1.64000002543,0.0,0.0,auto
509,239,236,arterial,1,2.44800003052,1,1,60.0,2.44800003052,1.98244151753245e-18,5.1644,auto
510,239,240,arterial,1,0.286956538325,1,1,60.0,0.286956538325,1.30271347127744e-10,3.5038,auto
511,240,30,centroid_connector,1,1.04000002543,1,1,60.0,1.04000002543,0.0,0.0,auto
512,240,239,arterial,1,0.286956538325,1,1,60.0,0.286956538325,1.30271347127744e-10,3.5038,auto
513,240,242,arterial,1,5.42608708921,1,1,60.0,5.42608708921,5.1583952503304e-14,4.4683,auto
514,241,134,centroid_connector,1,2.00000012716,1,1,60.0,2.00000012716,0.0,0.0,auto
515,241,242,arterial,1,0.480000027743,1,1,60.0,0.480000027743,2.29655563468309e-17,5.3443,auto
516,241,353,arterial,1,5.56521761245,1,1,60.0,5.56521761245,5.57789772763393e-24,6.5856,auto
517,242,240,arterial,1,5.42608708921,1,1,60.0,5.42608708921,5.1583952503304e-14,4.4683,auto
518,242,241,arterial,1,0.480000027743,1,1,60.0,0.480000027743,2.29655563468309e-17,5.3443,auto
519,242,243,arterial,1,2.60869583646,1,1,60.0,2.60869583646,7.49420256436851e-19,5.7894,auto
520,243,32,centroid_connector,1,0.520000012716,1,1,60.0,0.520000012716,0.0,0.0,auto
521,243,242,arterial,1,2.60869583646,1,1,60.0,2.60869583646,7.49420256436851e-19,5.7894,auto
522,243,244,arterial,1,1.37681168635,1,1,60.0,1.37681168635,7.49420256436889e-19,5.7894,auto
523,244,243,arterial,1,1.37681168635,1,1,60.0,1.37681168635,7.49420256436889e-19,5.7894,auto
524,244,245,arterial,1,0.80869566876,1,1,60.0,0.80869566876,5.15839525033061e-14,4.4683,auto
525,244,246,arterial,1,0.463768134371,1,1,60.0,0.463768134371,6.34992882521727e-16,5.0906,auto
526,244,349,arterial,1,1.92592597302,1,1,60.0,1.92592597302,1.6942994945459e-15,4.9432,auto
527,245,30,centroid_connector,1,3.92000020345,1,1,60.0,3.92000020345,0.0,0.0,auto
528,245,236,arterial,1,0.965217424476,1,1,60.0,0.965217424476,5.15839525033047e-14,4.4683,auto
529,245,244,arterial,1,0.80869566876,1,1,60.0,0.80869566876,5.15839525033061e-14,4.4683,auto
530,246,244,arterial,1,0.463768134371,1,1,60.0,0.463768134371,6.34992882521727e-16,5.0906,auto
531,246,247,arterial,1,0.0100000003974,1,1,60.0,0.0100000003974,0.0,0.0,auto
532,247,246,arterial,1,0.0100000003974,1,1,60.0,0.0100000003974,0.0,0.0,auto
533,247,248,arterial,1,1.34782616067,1,1,60.0,1.34782616067,6.3499288252171e-16,5.0906,auto
534,248,27,centroid_connector,1,1.52000007629,1,1,60.0,1.52000007629,0.0,0.0,auto
535,248,247,arterial,1,1.34782616067,1,1,60.0,1.34782616067,6.3499288252171e-16,5.0906,auto
536,248,252,arterial,1,1.318840635,1,1,60.0,1.318840635,6.34992882521726e-16,5.0906,auto
537,249,229,arterial,1,0.434782608696,1,1,60.0,0.434782608696,1.35500959579362e-20,5.7894,auto
538,249,250,arterial,1,0.0100000003974,1,1,60.0,0.0100000003974,0.0,0.0,auto
539,250,249,arterial,1,0.0100000003974,1,1,60.0,0.0100000003974,0.0,0.0,auto
540,250,251,arterial,1,0.869565217391,1,1,60.0,0.869565217391,5.577897727634e-24,6.5856,auto
541,251,250,arterial,1,0.869565217391,1,1,60.0,0.869565217391,5.577897727634e-24,6.5856,auto
542,251,252,arterial,1,0.0100000003974,1,1,60.0,0.0100000003974,0.0,0.0,auto
543,251,253,arterial,1,0.0100000003974,1,1,60.0,0.0100000003974,0.0,0.0,auto
544,251,254,arterial,1,0.0100000003974,1,1,60.0,0.0100000003974,0.0,0.0,auto
545,252,248,arterial,1,1.318840635,1,1,60.0,1.318840635,6.34992882521726e-16,5.0906,auto
546,252,251,arterial,1,0.0100000003974,1,1,60.0,0.0100000003974,0.0,0.0,auto
547,252,253,arterial,1,0.0100000003974,1,1,60.0,0.0100000003974,0.0,0.0,auto
548,252,254,arterial,1,0.0100000003974,1,1,60.0,0.0100000003974,0.0,0.0,auto
549,253,251,arterial,1,0.0100000003974,1,1,60.0,0.0100000003974,0.0,0.0,auto
550,253,252,arterial,1,0.0100000003974,1,1,60.0,0.0100000003974,0.0,0.0,auto
551,253,254,arterial,1,0.0100000003974,1,1,60.0,0.0100000003974,0.0,0.0,auto
552,253,284,arterial,1,0.405797129092,1,1,60.0,0.405797129092,5.57789772763394e-24,6.5856,auto
553,254,251,arterial,1,0.0100000003974,1,1,60.0,0.0100000003974,0.0,0.0,auto
554,254,252,arterial,1,0.0100000003974,1,1,60.0,0.0100000003974,0.0,0.0,auto
555,254,253,arterial,1,0.0100000003974,1,1,60.0,0.0100000003974,0.0,0.0,auto
556,254,255,arterial,1,0.834782641867,1,1,60.0,0.834782641867,5.1583952503306e-14,4.4683,auto
557,255,254,arterial,1,0.834782641867,1,1,60.0,0.834782641867,5.1583952503306e-14,4.4683,auto
558,255,256,arterial,1,1.12173918019,1,1,60.0,1.12173918019,5.1583952503305e-14,4.4683,auto
559,255,283,arterial,1,0.991304397583,1,1,60.0,0.991304397583,5.15839525033056e-14,4.4683,auto
560,256,255,arterial,1,1.12173918019,1,1,60.0,1.12173918019,5.1583952503305e-14,4.4683,auto
561,256,257,arterial,1,1.98260879517,1,1,60.0,1.98260879517,5.15839525033062e-14,4.4683,auto
562,256,283,arterial,1,0.991304397583,1,1,60.0,0.991304397583,5.15839525033056e-14,4.4683,auto
563,257,26,centroid_connector,1,1.80000012716,1,1,60.0,1.80000012716,0.0,0.0,auto
564,257,256,arterial,1,1.98260879517,1,1,60.0,1.98260879517,5.15839525033062e-14,4.4683,auto
565,257,258,arterial,1,0.547826103542,1,1,60.0,0.547826103542,5.1583952503306e-14,4.4683,auto
566,258,257,arterial,1,0.547826103542,1,1,60.0,0.547826103542,5.1583952503306e-14,4.4683,auto
567,258,281,arterial,1,2.13913046795,1,1,60.0,2.13913046795,5.15839525033066e-14,4.4683,auto
568,258,1038,arterial,1,0.704347859258,1,1,60.0,0.704347859258,2.33035607834098e-15,4.4683,auto
569,259,260,arterial,1,0.469565225684,1,1,60.0,0.469565225684,2.3303560783411e-15,4.4683,auto
570,259,1038,arterial,1,0.0100000003974,1,1,60.0,0.0100000003974,0.0,0.0,auto
571,259,1047,arterial,1,0.0100000003974,1,1,60.0,0.0100000003974,0.0,0.0,auto
572,260,26,centroid_connector,1,2.28000005086,1,1,60.0,2.28000005086,0.0,0.0,auto
573,260,208,arterial,1,1.12800003052,1,1,60.0,1.12800003052,1.9824415175324e-18,5.1644,auto
574,260,259,arterial,1,0.469565225684,1,1,60.0,0.469565225684,2.3303560783411e-15,4.4683,auto
575,261,262,arterial,1,0.792000045776,1,1,60.0,0.792000045776,1.98244151753248e-18,5.1644,auto
576,261,278,arterial,1,1.12173918019,1,1,60.0,1.12173918019,1.30271347127749e-10,3.5038,auto
577,261,1047,arterial,1,0.888000030518,1,1,60.0,0.888000030518,1.98244151753241e-18,5.1644,auto
578,262,22,centroid_connector,1,0.680000050863,1,1,60.0,0.680000050863,0.0,0.0,auto
579,262,261,arterial,1,0.792000045776,1,1,60.0,0.792000045776,1.98244151753248e-18,5.1644,auto
580,262,263,arterial,1,0.552000007629,1,1,60.0,0.552000007629,1.98244151753239e-18,5.1644,auto
581,263,262,arterial,1,0.552000007629,1,1,60.0,0.552000007629,1.98244151753239e-18,5.1644,auto
582,263,264,arterial,1,0.0100000003974,1,1,60.0,0.0100000003974,0.0,0.0,auto
583,263,265,arterial,1,0.0100000003974,1,1,60.0,0.0100000003974,0.0,0.0,auto
584,264,263,arterial,1,0.0100000003974,1,1,60.0,0.0100000003974,0.0,0.0,auto
585,264,265,arterial,1,0.0100000003974,1,1,60.0,0.0100000003974,0.0,0.0,auto
586,264,871,arterial,1,0.577777791906,1,1,60.0,0.577777791906,1.96297867135356e-16,4.4239,auto
587,265,263,arterial,1,0.0100000003974,1,1,60.0,0.0100000003974,0.0,0.0,auto
588,265,264,arterial,1,0.0100000003974,1,1,60.0,0.0100000003974,0.0,0.0,auto
589,265,266,arterial,1,0.939130451368,1,1,60.0,0.939130451368,5.15839525033048e-14,4.4683,auto
590,266,24,centroid_connector,1,1.12000007629,1,1,60.0,1.12000007629,0.0,0.0,auto
591,266,265,arterial,1,0.939130451368,1,1,60.0,0.939130451368,5.15839525033048e-14,4.4683,auto
592,266,267,arterial,1,0.730434832366,1,1,60.0,0.730434832366,2.33035607834098e-15,4.4683,auto
593,267,266,arterial,1,0.730434832366,1,1,60.0,0.730434832366,5.15839525033054e-14,4.4683,auto
594,267,268,arterial,1,0.15652174535,1,1,60.0,0.15652174535,2.33035607834106e-15,4.4683,auto
595,267,269,arterial,1,0.600000008293,1,1,60.0,0.600000008293,2.33035607834096e-15,4.4683,auto
596,268,267,arterial,1,0.15652174535,1,1,60.0,0.15652174535,2.33035607834106e-15,4.4683,auto
597,268,272,arterial,1,0.782608695652,1,1,60.0,0.782608695652,2.33035607834106e-15,4.4683,auto
598,268,274,arterial,1,1.06956523398,1,1,60.0,1.06956523398,3.80709499443009e-16,4.4683,auto
599,269,268,arterial,1,0.600000008293,1,1,60.0,0.600000008293,3.80709499442991e-16,4.4683,auto
600,269,270,arterial,1,0.0100000003974,1,1,60.0,0.0100000003974,0.0,0.0,auto
601,270,269,arterial,1,0.0100000003974,1,1,60.0,0.0100000003974,0.0,0.0,auto
602,270,271,arterial,1,0.0100000003974,1,1,60.0,0.0100000003974,0.0,0.0,auto
603,270,356,arterial,1,0.648000030518,1,1,60.0,0.648000030518,2.44227568739808e-19,5.1644,auto
604,271,269,arterial,1,0.0100000003974,1,1,60.0,0.0100000003974,0.0,0.0,auto
605,271,270,arterial,1,0.0100000003974,1,1,60.0,0.0100000003974,0.0,0.0,auto
606,271,272,arterial,1,0.864000015259,1,1,60.0,0.864000015259,7.10951040244372e-17,5.1644,auto
607,272,34,centroid_connector,1,0.840000025431,1,1,60.0,0.840000025431,0.0,0.0,auto
608,272,268,arterial,1,0.782608695652,1,1,60.0,0.782608695652,5.1583952503305e-14,4.4683,auto
609,272,271,arterial,1,0.864000015259,1,1,60.0,0.864000015259,1.98244151753246e-18,5.1644,auto
610,272,295,arterial,1,0.72,1,1,60.0,0.72,7.10951040244375e-17,5.1644,auto
611,273,33,centroid_connector,1,1.12000007629,1,1,60.0,1.12000007629,0.0,0.0,auto
612,273,267,arterial,1,0.730434832366,1,1,60.0,0.730434832366,3.80709499442991e-16,4.4683,auto
613,274,33,centroid_connector,1,1.12000007629,1,1,60.0,1.12000007629,0.0,0.0,auto
614,274,275,arterial,1,0.417391320933,1,1,60.0,0.417391320933,3.80709499442991e-16,4.4683,auto
615,275,276,arterial,1,0.15652174535,1,1,60.0,0.15652174535,1.14841803828418e-11,3.5038,auto
616,275,280,arterial,1,0.365217416183,1,1,60.0,0.365217416183,3.80709499442991e-16,4.4683,auto
617,275,294,arterial,1,0.860869614974,1,1,60.0,0.860869614974,1.30271347127749e-10,3.5038,auto
618,276,273,arterial,1,0.756521805473,1,1,60.0,0.756521805473,3.80709499442986e-16,4.4683,auto
619,276,275,arterial,1,0.15652174535,1,1,60.0,0.15652174535,1.14841803828418e-11,3.5038,auto
620,276,277,arterial,1,0.886956588082,1,1,60.0,0.886956588082,1.30271347127745e-10,3.5038,auto
621,277,24,centroid_connector,1,1.12000007629,1,1,60.0,1.12000007629,0.0,0.0,auto
622,277,276,arterial,1,0.886956588082,1,1,60.0,0.886956588082,1.30271347127745e-10,3.5038,auto
623,277,278,arterial,1,0.286956538325,1,1,60.0,0.286956538325,1.30271347127744e-10,3.5038,auto
624,278,23,centroid_connector,1,0.560000038147,1,1,60.0,0.560000038147,0.0,0.0,auto
625,278,261,arterial,1,1.12173918019,1,1,60.0,1.12173918019,1.30271347127749e-10,3.5038,auto
626,278,277,arterial,1,0.286956538325,1,1,60.0,0.286956538325,1.30271347127744e-10,3.5038,auto
627,279,276,arterial,1,0.365217416183,1,1,60.0,0.365217416183,3.80709499442991e-16,4.4683,auto
628,280,279,arterial,1,0.15652174535,1,1,60.0,0.15652174535,2.33035607834106e-15,4.4683,auto
629,280,281,arterial,1,1.04347826087,1,1,60.0,1.04347826087,2.33035607834093e-15,4.4683,auto
630,281,258,arterial,1,2.13913046795,1,1,60.0,2.13913046795,2.330356078341e-15,4.4683,auto
631,281,280,arterial,1,1.04347826087,1,1,60.0,1.04347826087,2.33035607834093e-15,4.4683,auto
632,281,282,arterial,1,0.939130451368,1,1,60.0,0.939130451368,2.33035607834108e-15,4.4683,auto
633,281,293,arterial,1,0.29629630807,1,1,60.0,0.29629630807,1.69429949454596e-15,4.9432,auto
634,282,35,centroid_connector,1,1.08000005086,1,1,60.0,1.08000005086,0.0,0.0,auto
635,282,281,arterial,1,0.939130451368,1,1,60.0,0.939130451368,2.33035607834108e-15,4.4683,auto
636,282,283,arterial,1,0.66666667844,1,1,60.0,0.66666667844,5.50729964743367e-17,4.9432,auto
637,283,255,arterial,1,0.991304397583,1,1,60.0,0.991304397583,5.15839525033056e-14,4.4683,auto
638,283,256,arterial,1,0.991304397583,1,1,60.0,0.991304397583,5.15839525033056e-14,4.4683,auto
639,283,282,arterial,1,0.66666667844,1,1,60.0,0.66666667844,5.50729964743367e-17,4.9432,auto
640,283,284,arterial,1,0.925925984795,1,1,60.0,0.925925984795,5.50729964743358e-17,4.9432,auto
641,284,253,arterial,1,0.405797129092,1,1,60.0,0.405797129092,5.57789772763394e-24,6.5856,auto
642,284,283,arterial,1,0.925925984795,1,1,60.0,0.925925984795,5.50729964743358e-17,4.9432,auto
643,284,285,arterial,1,0.188405801709,1,1,60.0,0.188405801709,5.57789772763403e-24,6.5856,auto
644,285,27,centroid_connector,1,1.12000007629,1,1,60.0,1.12000007629,0.0,0.0,auto
645,285,284,arterial,1,0.188405801709,1,1,60.0,0.188405801709,5.57789772763403e-24,6.5856,auto
646,285,286,arterial,1,0.608695670602,1,1,60.0,0.608695670602,5.57789772763403e-24,6.5856,auto
647,286,285,arterial,1,0.608695670602,1,1,60.0,0.608695670602,5.57789772763403e-24,6.5856,auto
648,286,287,arterial,1,0.0100000003974,1,1,60.0,0.0100000003974,0.0,0.0,auto
649,287,286,arterial,1,0.0100000003974,1,1,60.0,0.0100000003974,0.0,0.0,auto
650,287,288,arterial,1,0.33333333794,1,1,60.0,0.33333333794,5.57789772763386e-24,6.5856,auto
651,288,287,arterial,1,0.33333333794,1,1,60.0,0.33333333794,5.57789772763386e-24,6.5856,auto
652,288,289,arterial,1,1.33043479919,1,1,60.0,1.33043479919,5.15839525033066e-14,4.4683,auto
653,288,341,arterial,1,0.739130443997,1,1,60.0,0.739130443997,5.57789772763395e-24,6.5856,auto
654,289,38,centroid_connector,1,2.56000010173,1,1,60.0,2.56000010173,0.0,0.0,auto
655,289,288,arterial,1,1.33043479919,1,1,60.0,1.33043479919,5.15839525033066e-14,4.4683,auto
656,289,290,arterial,1,1.33043479919,1,1,60.0,1.33043479919,8.42725320793235e-15,4.4683,auto
657,290,289,arterial,1,1.33043479919,1,1,60.0,1.33043479919,5.15839525033066e-14,4.4683,auto
658,290,291,arterial,1,0.37037037037,1,1,60.0,0.37037037037,5.50729964743362e-17,4.9432,auto
659,290,336,arterial,1,0.481481493255,1,1,60.0,0.481481493255,1.69429949454592e-15,4.9432,auto
660,291,290,arterial,1,0.37037037037,1,1,60.0,0.37037037037,1.69429949454594e-15,4.9432,auto
661,291,292,arterial,1,0.0100000003974,1,1,60.0,0.0100000003974,0.0,0.0,auto
662,292,291,arterial,1,0.0100000003974,1,1,60.0,0.0100000003974,0.0,0.0,auto
663,292,293,arterial,1,0.81481486191,1,1,60.0,0.81481486191,5.50729964743358e-17,4.9432,auto
664,293,35,centroid_connector,1,1.44000002543,1,1,60.0,1.44000002543,0.0,0.0,auto
665,293,281,arterial,1,0.29629630807,1,1,60.0,0.29629630807,5.50729964743372e-17,4.9432,auto
666,293,292,arterial,1,0.81481486191,1,1,60.0,0.81481486191,1.69429949454599e-15,4.9432,auto
667,294,33,centroid_connector,1,0.960000038147,1,1,60.0,0.960000038147,0.0,0.0,auto
668,294,275,arterial,1,0.860869614974,1,1,60.0,0.860869614974,1.30271347127749e-10,3.5038,auto
669,294,299,arterial,1,0.860869614974,1,1,60.0,0.860869614974,1.30271347127749e-10,3.5038,auto
670,295,33,centroid_connector,1,1.2,1,1,60.0,1.2,0.0,0.0,auto
671,295,272,arterial,1,0.72,1,1,60.0,0.72,1.9824415175325e-18,5.1644,auto
672,295,296,arterial,1,0.648000030518,1,1,60.0,0.648000030518,7.10951040244375e-17,5.1644,auto
673,296,295,arterial,1,0.648000030518,1,1,60.0,0.648000030518,1.98244151753238e-18,5.1644,auto
674,296,297,arterial,1,0.0100000003974,1,1,60.0,0.0100000003974,0.0,0.0,auto
675,296,298,arterial,1,0.0100000003974,1,1,60.0,0.0100000003974,0.0,0.0,auto
676,297,296,arterial,1,0.0100000003974,1,1,60.0,0.0100000003974,0.0,0.0,auto
677,297,298,arterial,1,0.0100000003974,1,1,60.0,0.0100000003974,0.0,0.0,auto
678,297,299,arterial,1,0.547826103542,1,1,60.0,0.547826103542,1.30271347127746e-10,3.5038,auto
679,298,296,arterial,1,0.0100000003974,1,1,60.0,0.0100000003974,0.0,0.0,auto
680,298,297,arterial,1,0.0100000003974,1,1,60.0,0.0100000003974,0.0,0.0,auto
681,298,300,arterial,1,0.444444462105,1,1,60.0,0.444444462105,5.50729964743355e-17,4.9432,auto
682,299,294,arterial,1,0.860869614974,1,1,60.0,0.860869614974,1.30271347127749e-10,3.5038,auto
683,299,297,arterial,1,0.547826103542,1,1,60.0,0.547826103542,1.30271347127746e-10,3.5038,auto
684,300,36,centroid_connector,1,0.6,1,1,60.0,0.6,0.0,0.0,auto
685,300,298,arterial,1,0.444444462105,1,1,60.0,0.444444462105,7.42137530805426e-18,4.9432,auto
686,300,301,arterial,1,0.555555555556,1,1,60.0,0.555555555556,7.42137530805426e-18,4.9432,auto
687,301,300,arterial,1,0.555555555556,1,1,60.0,0.555555555556,5.50729964743358e-17,4.9432,auto
688,301,302,arterial,1,0.0100000003974,1,1,60.0,0.0100000003974,0.0,0.0,auto
689,301,303,arterial,1,0.0100000003974,1,1,60.0,0.0100000003974,0.0,0.0,auto
690,302,301,arterial,1,0.0100000003974,1,1,60.0,0.0100000003974,0.0,0.0,auto
691,302,327,arterial,1,0.88888892421,1,1,60.0,0.88888892421,1.69429949454599e-15,4.9432,auto
692,303,301,arterial,1,0.0100000003974,1,1,60.0,0.0100000003974,0.0,0.0,auto
693,303,302,arterial,1,0.0100000003974,1,1,60.0,0.0100000003974,0.0,0.0,auto
694,303,304,arterial,1,0.685185208733,1,1,60.0,0.685185208733,1.69429949454599e-15,4.9432,auto
695,304,303,arterial,1,0.685185208733,1,1,60.0,0.685185208733,5.50729964743358e-17,4.9432,auto
696,304,305,arterial,1,1.1478261533,1,1,60.0,1.1478261533,1.30271347127744e-10,3.5038,auto
697,304,310,arterial,1,0.870370393918,1,1,60.0,0.870370393918,1.69429949454592e-15,4.9432,auto
698,305,37,centroid_connector,1,0.840000025431,1,1,60.0,0.840000025431,0.0,0.0,auto
699,305,304,arterial,1,1.1478261533,1,1,60.0,1.1478261533,1.30271347127744e-10,3.5038,auto
700,305,306,arterial,1,0.704347859258,1,1,60.0,0.704347859258,1.30271347127745e-10,3.5038,auto
701,306,305,arterial,1,0.704347859258,1,1,60.0,0.704347859258,1.30271347127745e-10,3.5038,auto
702,306,307,arterial,1,0.611111146432,1,1,60.0,0.611111146432,2.36344437451398e-18,5.1409,auto
703,306,380,arterial,1,0.713881041443,1,1,60.0,0.713881041443,2.70989826368593e-20,5.5226,auto
704,307,306,arterial,1,0.611111146432,1,1,60.0,0.611111146432,2.36344437451398e-18,5.1409,auto
705,307,308,arterial,1,0.0100000003974,1,1,60.0,0.0100000003974,0.0,0.0,auto
706,307,309,arterial,1,0.0100000003974,1,1,60.0,0.0100000003974,0.0,0.0,auto
707,308,307,arterial,1,0.0100000003974,1,1,60.0,0.0100000003974,0.0,0.0,auto
708,308,310,arterial,1,0.925925984795,1,1,60.0,0.925925984795,2.3634443745139e-18,5.1409,auto
709,309,307,arterial,1,0.0100000003974,1,1,60.0,0.0100000003974,0.0,0.0,auto
710,309,308,arterial,1,0.0100000003974,1,1,60.0,0.0100000003974,0.0,0.0,auto
711,309,313,arterial,1,1.48148148148,1,1,60.0,1.48148148148,2.36344437451392e-18,5.1409,auto
712,310,304,arterial,1,0.870370393918,1,1,60.0,0.870370393918,5.50729964743362e-17,4.9432,auto
713,310,308,arterial,1,0.925925984795,1,1,60.0,0.925925984795,2.3634443745139e-18,5.1409,auto
714,310,311,arterial,1,0.33333333922,1,1,60.0,0.33333333922,1.69429949454593e-15,4.9432,auto
715,310,328,arterial,1,0.759259271033,1,1,60.0,0.759259271033,5.50729964743354e-17,4.9432,auto
716,311,41,centroid_connector,1,0.480000019073,1,1,60.0,0.480000019073,0.0,0.0,auto
717,311,310,arterial,1,0.33333333922,1,1,60.0,0.33333333922,5.50729964743352e-17,4.9432,auto
718,311,312,arterial,1,1.00000004709,1,1,60.0,1.00000004709,1.69429949454597e-15,4.9432,auto
719,312,42,centroid_connector,1,1.52000007629,1,1,60.0,1.52000007629,0.0,0.0,auto
720,312,311,arterial,1,1.00000004709,1,1,60.0,1.00000004709,5.50729964743372e-17,4.9432,auto
721,312,314,arterial,1,0.870370393918,1,1,60.0,0.870370393918,1.69429949454592e-15,4.9432,auto
722,313,42,centroid_connector,1,1.32000007629,1,1,60.0,1.32000007629,0.0,0.0,auto
723,313,309,arterial,1,1.48148148148,1,1,60.0,1.48148148148,2.36344437451392e-18,5.1409,auto
724,313,315,arterial,1,0.833333392202,1,1,60.0,0.833333392202,2.36344437451392e-18,5.1409,auto
725,314,312,arterial,1,0.870370393918,1,1,60.0,0.870370393918,5.50729964743362e-17,4.9432,auto
726,314,315,arterial,1,0.0100000003974,1,1,60.0,0.0100000003974,0.0,0.0,auto
727,314,316,arterial,1,0.0100000003974,1,1,60.0,0.0100000003974,0.0,0.0,auto
728,315,313,arterial,1,0.833333392202,1,1,60.0,0.833333392202,2.36344437451392e-18,5.1409,auto
729,315,314,arterial,1,0.0100000003974,1,1,60.0,0.0100000003974,0.0,0.0,auto
730,315,316,arterial,1,0.0100000003974,1,1,60.0,0.0100000003974,0.0,0.0,auto
731,316,314,arterial,1,0.0100000003974,1,1,60.0,0.0100000003974,0.0,0.0,auto
732,316,315,arterial,1,0.0100000003974,1,1,60.0,0.0100000003974,0.0,0.0,auto
733,316,317,arterial,1,0.777777801325,1,1,60.0,0.777777801325,1.69429949454595e-15,4.9432,auto
734,317,316,arterial,1,0.777777801325,1,1,60.0,0.777777801325,5.50729964743366e-17,4.9432,auto
735,317,318,arterial,1,0.0100000003974,1,1,60.0,0.0100000003974,0.0,0.0,auto
736,318,317,arterial,1,0.0100000003974,1,1,60.0,0.0100000003974,0.0,0.0,auto
737,318,319,arterial,1,0.81481486191,1,1,60.0,0.81481486191,1.69429949454599e-15,4.9432,auto
738,319,44,centroid_connector,1,1.76000010173,1,1,60.0,1.76000010173,0.0,0.0,auto
739,319,318,arterial,1,0.81481486191,1,1,60.0,0.81481486191,1.69429949454599e-15,4.9432,auto
740,319,320,arterial,1,0.351851869512,1,1,60.0,0.351851869512,1.69429949454592e-15,4.9432,auto
741,320,319,arterial,1,0.351851869512,1,1,60.0,0.351851869512,1.69429949454592e-15,4.9432,auto
742,320,321,arterial,1,1.8115942029,1,1,60.0,1.8115942029,6.34992882521709e-16,5.0906,auto
743,320,333,arterial,1,3.65217391304,1,1,60.0,3.65217391304,1.30271347127744e-10,3.5038,auto
744,321,46,centroid_connector,1,0.760000038147,1,1,60.0,0.760000038147,0.0,0.0,auto
745,321,320,arterial,1,1.8115942029,1,1,60.0,1.8115942029,6.34992882521709e-16,5.0906,auto
746,321,322,arterial,1,1.30434791823,1,1,60.0,1.30434791823,6.34992882521719e-16,5.0906,auto
747,322,321,arterial,1,1.30434791823,1,1,60.0,1.30434791823,6.34992882521719e-16,5.0906,auto
748,322,323,arterial,1,0.0100000003974,1,1,60.0,0.0100000003974,0.0,0.0,auto
749,322,324,arterial,1,0.0100000003974,1,1,60.0,0.0100000003974,0.0,0.0,auto
750,322,325,arterial,1,0.0100000003974,1,1,60.0,0.0100000003974,0.0,0.0,auto
751,323,322,arterial,1,0.0100000003974,1,1,60.0,0.0100000003974,0.0,0.0,auto
752,323,324,arterial,1,0.0100000003974,1,1,60.0,0.0100000003974,0.0,0.0,auto
753,323,325,arterial,1,0.0100000003974,1,1,60.0,0.0100000003974,0.0,0.0,auto
754,323,326,arterial,1,2.24637681159,1,1,60.0,2.24637681159,5.577897727634e-24,6.5856,auto
755,324,137,centroid_connector,1,2.00000012716,1,1,60.0,2.00000012716,0.0,0.0,auto
756,324,322,arterial,1,0.0100000003974,1,1,60.0,0.0100000003974,0.0,0.0,auto
757,324,323,arterial,1,0.0100000003974,1,1,60.0,0.0100000003974,0.0,0.0,auto
758,324,325,arterial,1,0.0100000003974,1,1,60.0,0.0100000003974,0.0,0.0,auto
759,325,322,arterial,1,0.0100000003974,1,1,60.0,0.0100000003974,0.0,0.0,auto
760,325,323,arterial,1,0.0100000003974,1,1,60.0,0.0100000003974,0.0,0.0,auto
761,325,324,arterial,1,0.0100000003974,1,1,60.0,0.0100000003974,0.0,0.0,auto
762,325,423,arterial,1,3.11594202899,1,1,60.0,3.11594202899,5.57789772763384e-24,6.5856,auto
763,326,323,arterial,1,2.24637681159,1,1,60.0,2.24637681159,5.577897727634e-24,6.5856,auto
764,326,335,arterial,1,1.02898556253,1,1,60.0,1.02898556253,5.57789772763417e-24,6.5856,auto
765,327,39,centroid_connector,1,0.560000038147,1,1,60.0,0.560000038147,0.0,0.0,auto
766,327,302,arterial,1,0.88888892421,1,1,60.0,0.88888892421,5.50729964743355e-17,4.9432,auto
767,327,328,arterial,1,0.29629630807,1,1,60.0,0.29629630807,5.50729964743372e-17,4.9432,auto
768,328,310,arterial,1,0.759259271033,1,1,60.0,0.759259271033,2.36344437451388e-18,5.1409,auto
769,328,327,arterial,1,0.29629630807,1,1,60.0,0.29629630807,5.50729964743372e-17,4.9432,auto
770,328,329,arterial,1,1.25925935345,1,1,60.0,1.25925935345,1.69429949454594e-15,4.9432,auto
771,328,337,arterial,1,1.55555560265,1,1,60.0,1.55555560265,2.36344437451394e-18,5.1409,auto
772,329,40,centroid_connector,1,0.6,1,1,60.0,0.6,0.0,0.0,auto
773,329,328,arterial,1,1.25925935345,1,1,60.0,1.25925935345,5.50729964743369e-17,4.9432,auto
774,329,330,arterial,1,1.22222229286,1,1,60.0,1.22222229286,1.69429949454585e-15,4.9432,auto
775,330,329,arterial,1,1.22222229286,1,1,60.0,1.22222229286,5.50729964743344e-17,4.9432,auto
776,330,331,arterial,1,0.0100000003974,1,1,60.0,0.0100000003974,0.0,0.0,auto
777,331,330,arterial,1,0.0100000003974,1,1,60.0,0.0100000003974,0.0,0.0,auto
778,331,332,arterial,1,0.81481486191,1,1,60.0,0.81481486191,1.69429949454599e-15,4.9432,auto
779,332,43,centroid_connector,1,0.920000012716,1,1,60.0,0.920000012716,0.0,0.0,auto
780,332,331,arterial,1,0.81481486191,1,1,60.0,0.81481486191,5.50729964743358e-17,4.9432,auto
781,332,333,arterial,1,0.25925927692,1,1,60.0,0.25925927692,1.69429949454596e-15,4.9432,auto
782,333,320,arterial,1,3.65217391304,1,1,60.0,3.65217391304,1.30271347127744e-10,3.5038,auto
783,333,332,arterial,1,0.25925927692,1,1,60.0,0.25925927692,5.5072996474336e-17,4.9432,auto
784,333,334,arterial,1,1.17391309876,1,1,60.0,1.17391309876,6.34992882521732e-16,5.0906,auto
785,334,46,centroid_connector,1,0.760000038147,1,1,60.0,0.760000038147,0.0,0.0,auto
786,334,333,arterial,1,1.17391309876,1,1,60.0,1.17391309876,6.34992882521732e-16,5.0906,auto
787,334,335,arterial,1,1.39130440311,1,1,60.0,1.39130440311,6.34992882521701e-16,5.0906,auto
788,335,136,centroid_connector,1,2.00000012716,1,1,60.0,2.00000012716,0.0,0.0,auto
789,335,326,arterial,1,1.02898556253,1,1,60.0,1.02898556253,5.57789772763417e-24,6.5856,auto
790,335,334,arterial,1,1.39130440311,1,1,60.0,1.39130440311,6.34992882521701e-16,5.0906,auto
791,335,348,arterial,1,1.78260876937,1,1,60.0,1.78260876937,5.57789772763405e-24,6.5856,auto
792,336,38,centroid_connector,1,2.96000010173,1,1,60.0,2.96000010173,0.0,0.0,auto
793,336,290,arterial,1,0.481481493255,1,1,60.0,0.481481493255,1.69429949454592e-15,4.9432,auto
794,336,337,arterial,1,1.57407419181,1,1,60.0,1.57407419181,1.694299494546e-15,4.9432,auto
795,337,328,arterial,1,1.55555560265,1,1,60.0,1.55555560265,2.36344437451394e-18,5.1409,auto
796,337,336,arterial,1,1.57407419181,1,1,60.0,1.57407419181,1.694299494546e-15,4.9432,auto
797,337,338,arterial,1,0.434782608696,1,1,60.0,0.434782608696,1.35500959579362e-20,5.7894,auto
798,338,127,centroid_connector,1,5.28000030518,1,1,60.0,5.28000030518,0.0,0.0,auto
799,338,337,arterial,1,0.434782608696,1,1,60.0,0.434782608696,1.35500959579362e-20,5.7894,auto
800,338,339,arterial,1,0.507246376812,1,1,60.0,0.507246376812,1.35500959579364e-20,5.7894,auto
801,339,45,centroid_connector,1,1.68000005086,1,1,60.0,1.68000005086,0.0,0.0,auto
802,339,338,arterial,1,0.507246376812,1,1,60.0,0.507246376812,1.35500959579364e-20,5.7894,auto
803,339,340,arterial,1,0.33333333794,1,1,60.0,0.33333333794,1.35500959579362e-20,5.7894,auto
804,340,38,centroid_connector,1,2.56000010173,1,1,60.0,2.56000010173,0.0,0.0,auto
805,340,339,arterial,1,0.33333333794,1,1,60.0,0.33333333794,1.35500959579362e-20,5.7894,auto
806,340,343,arterial,1,1.17391309876,1,1,60.0,1.17391309876,1.35500959579367e-20,5.7894,auto
807,341,38,centroid_connector,1,2.96000010173,1,1,60.0,2.96000010173,0.0,0.0,auto
808,341,288,arterial,1,0.739130443997,1,1,60.0,0.739130443997,5.57789772763395e-24,6.5856,auto
809,341,342,arterial,1,1.30434791823,1,1,60.0,1.30434791823,5.57789772763392e-24,6.5856,auto
810,342,341,arterial,1,1.30434791823,1,1,60.0,1.30434791823,5.57789772763392e-24,6.5856,auto
811,342,343,arterial,1,0.0100000003974,1,1,60.0,0.0100000003974,0.0,0.0,auto
812,342,344,arterial,1,0.0100000003974,1,1,60.0,0.0100000003974,0.0,0.0,auto
813,342,345,arterial,1,0.0100000003974,1,1,60.0,0.0100000003974,0.0,0.0,auto
814,343,340,arterial,1,1.17391309876,1,1,60.0,1.17391309876,1.35500959579367e-20,5.7894,auto
815,343,342,arterial,1,0.0100000003974,1,1,60.0,0.0100000003974,0.0,0.0,auto
816,343,344,arterial,1,0.0100000003974,1,1,60.0,0.0100000003974,0.0,0.0,auto
817,343,345,arterial,1,0.0100000003974,1,1,60.0,0.0100000003974,0.0,0.0,auto
818,344,342,arterial,1,0.0100000003974,1,1,60.0,0.0100000003974,0.0,0.0,auto
819,344,343,arterial,1,0.0100000003974,1,1,60.0,0.0100000003974,0.0,0.0,auto
820,344,345,arterial,1,0.0100000003974,1,1,60.0,0.0100000003974,0.0,0.0,auto
821,344,351,arterial,1,1.3418182373,1,1,60.0,1.3418182373,5.65304398942479e-19,5.3443,auto
822,345,342,arterial,1,0.0100000003974,1,1,60.0,0.0100000003974,0.0,0.0,auto
823,345,343,arterial,1,0.0100000003974,1,1,60.0,0.0100000003974,0.0,0.0,auto
824,345,344,arterial,1,0.0100000003974,1,1,60.0,0.0100000003974,0.0,0.0,auto
825,345,346,arterial,1,1.08000002774,1,1,60.0,1.08000002774,2.29655563468303e-17,5.3443,auto
826,346,345,arterial,1,1.08000002774,1,1,60.0,1.08000002774,2.29655563468303e-17,5.3443,auto
827,346,347,arterial,1,0.0100000003974,1,1,60.0,0.0100000003974,0.0,0.0,auto
828,347,346,arterial,1,0.0100000003974,1,1,60.0,0.0100000003974,0.0,0.0,auto
829,347,348,arterial,1,1.97454556552,1,1,60.0,1.97454556552,2.29655563468313e-17,5.3443,auto
830,348,136,centroid_connector,1,2.00000012716,1,1,60.0,2.00000012716,0.0,0.0,auto
831,348,335,arterial,1,1.78260876937,1,1,60.0,1.78260876937,5.57789772763405e-24,6.5856,auto
832,348,347,arterial,1,1.97454556552,1,1,60.0,1.97454556552,2.29655563468313e-17,5.3443,auto
833,348,353,arterial,1,5.62318847951,1,1,60.0,5.62318847951,5.57789772763388e-24,6.5856,auto
834,349,27,centroid_connector,1,1.88000005086,1,1,60.0,1.88000005086,0.0,0.0,auto
835,349,244,arterial,1,1.92592597302,1,1,60.0,1.92592597302,1.6942994945459e-15,4.9432,auto
836,349,350,arterial,1,2.12962962963,1,1,60.0,2.12962962963,1.69429949454595e-15,4.9432,auto
837,350,349,arterial,1,2.12962962963,1,1,60.0,2.12962962963,1.69429949454595e-15,4.9432,auto
838,350,351,arterial,1,0.0100000003974,1,1,60.0,0.0100000003974,0.0,0.0,auto
839,350,352,arterial,1,0.0100000003974,1,1,60.0,0.0100000003974,0.0,0.0,auto
840,351,344,arterial,1,1.3418182373,1,1,60.0,1.3418182373,5.65304398942479e-19,5.3443,auto
841,351,350,arterial,1,0.0100000003974,1,1,60.0,0.0100000003974,0.0,0.0,auto
842,351,352,arterial,1,0.0100000003974,1,1,60.0,0.0100000003974,0.0,0.0,auto
843,352,350,arterial,1,0.0100000003974,1,1,60.0,0.0100000003974,0.0,0.0,auto
844,352,351,arterial,1,0.0100000003974,1,1,60.0,0.0100000003974,0.0,0.0,auto
845,352,353,arterial,1,3.43636363636,1,1,60.0,3.43636363636,5.65304398942503e-19,5.3443,auto
846,353,135,centroid_connector,1,2.00000012716,1,1,60.0,2.00000012716,0.0,0.0,auto
847,353,241,arterial,1,5.56521761245,1,1,60.0,5.56521761245,5.57789772763393e-24,6.5856,auto
848,353,348,arterial,1,5.62318847951,1,1,60.0,5.62318847951,5.57789772763388e-24,6.5856,auto
849,353,352,arterial,1,3.43636363636,1,1,60.0,3.43636363636,5.65304398942503e-19,5.3443,auto
850,354,25,centroid_connector,1,2.64000015259,1,1,60.0,2.64000015259,0.0,0.0,auto
851,354,207,arterial,1,0.521739130435,1,1,60.0,0.521739130435,1.30271347127745e-10,3.5038,auto
852,354,210,arterial,1,0.443478294041,1,1,60.0,0.443478294041,1.30271347127743e-10,3.5038,auto
853,355,356,arterial,1,0.192000007629,1,1,60.0,0.192000007629,1.9824415175325e-18,5.1644,auto
854,355,357,arterial,1,0.652173954508,1,1,60.0,0.652173954508,1.14841803828418e-11,3.5038,auto
855,355,885,arterial,1,0.384000015259,1,1,60.0,0.384000015259,2.44227568739812e-19,5.1644,auto
856,356,270,arterial,1,0.648000030518,1,1,60.0,0.648000030518,1.98244151753238e-18,5.1644,auto
857,356,355,arterial,1,0.192000007629,1,1,60.0,0.192000007629,2.44227568739821e-19,5.1644,auto
858,357,356,arterial,1,0.443478294041,1,1,60.0,0.443478294041,2.77403190609794e-12,3.5038,auto
859,357,358,arterial,1,0.286956538325,1,1,60.0,0.286956538325,2.77403190609791e-12,3.5038,auto
860,358,359,arterial,1,0.336000022888,1,1,60.0,0.336000022888,1.98244151753248e-18,5.1644,auto
861,358,360,arterial,1,0.57391307665,1,1,60.0,0.57391307665,1.14841803828419e-11,3.5038,auto
862,358,925,arterial,1,0.768000030518,1,1,60.0,0.768000030518,1.9824415175324e-18,5.1644,auto
863,359,357,arterial,1,0.886956588082,1,1,60.0,0.886956588082,2.77403190609797e-12,3.5038,auto
864,359,358,arterial,1,0.336000022888,1,1,60.0,0.336000022888,1.98244151753248e-18,5.1644,auto
865,359,368,arterial,1,1.32,1,1,60.0,1.32,1.98244151753242e-18,5.1644,auto
866,360,47,centroid_connector,1,0.4,1,1,60.0,0.4,0.0,0.0,auto
867,360,363,arterial,1,0.678260886151,1,1,60.0,0.678260886151,1.14841803828418e-11,3.5038,auto
868,361,47,centroid_connector,1,0.4,1,1,60.0,0.4,0.0,0.0,auto
869,361,359,arterial,1,0.652173954508,1,1,60.0,0.652173954508,1.14841803828418e-11,3.5038,auto
870,362,47,centroid_connector,1,1.2,1,1,60.0,1.2,0.0,0.0,auto
871,362,363,arterial,1,0.336000022888,1,1,60.0,0.336000022888,2.44227568739817e-19,5.1644,auto
872,362,1011,arterial,1,0.312000007629,1,1,60.0,0.312000007629,1.9824415175325e-18,5.1644,auto
873,363,362,arterial,1,0.336000022888,1,1,60.0,0.336000022888,1.98244151753248e-18,5.1644,auto
874,363,364,arterial,1,0.730434832366,1,1,60.0,0.730434832366,1.14841803828418e-11,3.5038,auto
875,363,366,arterial,1,0.286956538325,1,1,60.0,0.286956538325,2.33035607834104e-15,4.4683,auto
876,364,365,arterial,1,0.286956538325,1,1,60.0,0.286956538325,1.14841803828417e-11,3.5038,auto
877,365,366,arterial,1,0.730434832366,1,1,60.0,0.730434832366,1.14841803828418e-11,3.5038,auto
878,365,448,arterial,1,1.09565220708,1,1,60.0,1.09565220708,1.14841803828419e-11,3.5038,auto
879,366,361,arterial,1,0.286956538325,1,1,60.0,0.286956538325,1.14841803828417e-11,3.5038,auto
880,366,363,arterial,1,0.286956538325,1,1,60.0,0.286956538325,2.33035607834104e-15,4.4683,auto
881,366,367,arterial,1,0.652173954508,1,1,60.0,0.652173954508,2.33035607834096e-15,4.4683,auto
882,367,366,arterial,1,0.652173954508,1,1,60.0,0.652173954508,2.33035607834096e-15,4.4683,auto
883,367,368,arterial,1,0.0100000003974,1,1,60.0,0.0100000003974,0.0,0.0,auto
884,367,369,arterial,1,0.0100000003974,1,1,60.0,0.0100000003974,0.0,0.0,auto
885,367,370,arterial,1,0.0100000003974,1,1,60.0,0.0100000003974,0.0,0.0,auto
886,367,371,arterial,1,0.0100000003974,1,1,60.0,0.0100000003974,0.0,0.0,auto
887,368,359,arterial,1,1.32,1,1,60.0,1.32,2.44227568739811e-19,5.1644,auto
888,368,367,arterial,1,0.0100000003974,1,1,60.0,0.0100000003974,0.0,0.0,auto
889,368,369,arterial,1,0.0100000003974,1,1,60.0,0.0100000003974,0.0,0.0,auto
890,368,370,arterial,1,0.0100000003974,1,1,60.0,0.0100000003974,0.0,0.0,auto
891,368,371,arterial,1,0.0100000003974,1,1,60.0,0.0100000003974,0.0,0.0,auto
892,369,367,arterial,1,0.0100000003974,1,1,60.0,0.0100000003974,0.0,0.0,auto
893,369,368,arterial,1,0.0100000003974,1,1,60.0,0.0100000003974,0.0,0.0,auto
894,369,370,arterial,1,0.0100000003974,1,1,60.0,0.0100000003974,0.0,0.0,auto
895,369,371,arterial,1,0.0100000003974,1,1,60.0,0.0100000003974,0.0,0.0,auto
896,369,447,arterial,1,0.730434832366,1,1,60.0,0.730434832366,1.30271347127744e-10,3.5038,auto
897,370,367,arterial,1,0.0100000003974,1,1,60.0,0.0100000003974,0.0,0.0,auto
898,370,368,arterial,1,0.0100000003974,1,1,60.0,0.0100000003974,0.0,0.0,auto
899,370,369,arterial,1,0.0100000003974,1,1,60.0,0.0100000003974,0.0,0.0,auto
900,370,371,arterial,1,0.0100000003974,1,1,60.0,0.0100000003974,0.0,0.0,auto
901,370,383,arterial,1,0.944444456218,1,1,60.0,0.944444456218,7.42137530805438e-18,4.9432,auto
902,371,367,arterial,1,0.0100000003974,1,1,60.0,0.0100000003974,0.0,0.0,auto
903,371,368,arterial,1,0.0100000003974,1,1,60.0,0.0100000003974,0.0,0.0,auto
904,371,369,arterial,1,0.0100000003974,1,1,60.0,0.0100000003974,0.0,0.0,auto
905,371,370,arterial,1,0.0100000003974,1,1,60.0,0.0100000003974,0.0,0.0,auto
906,371,372,arterial,1,0.652173954508,1,1,60.0,0.652173954508,2.33035607834096e-15,4.4683,auto
907,372,371,arterial,1,0.652173954508,1,1,60.0,0.652173954508,3.80709499442996e-16,4.4683,auto
908,372,373,arterial,1,0.0100000003974,1,1,60.0,0.0100000003974,0.0,0.0,auto
909,373,372,arterial,1,0.0100000003974,1,1,60.0,0.0100000003974,0.0,0.0,auto
910,373,374,arterial,1,0.756521805473,1,1,60.0,0.756521805473,2.33035607834098e-15,4.4683,auto
911,374,373,arterial,1,0.756521805473,1,1,60.0,0.756521805473,2.33035607834098e-15,4.4683,auto
912,374,375,arterial,1,0.0100000003974,1,1,60.0,0.0100000003974,0.0,0.0,auto
913,375,374,arterial,1,0.0100000003974,1,1,60.0,0.0100000003974,0.0,0.0,auto
914,375,376,arterial,1,0.547826103542,1,1,60.0,0.547826103542,5.1583952503306e-14,4.4683,auto
915,376,48,centroid_connector,1,0.720000012716,1,1,60.0,0.720000012716,0.0,0.0,auto
916,376,375,arterial,1,0.547826103542,1,1,60.0,0.547826103542,2.33035607834111e-15,4.4683,auto
917,376,377,arterial,1,0.286956538325,1,1,60.0,0.286956538325,5.15839525033058e-14,4.4683,auto
918,377,51,centroid_connector,1,1.48000005086,1,1,60.0,1.48000005086,0.0,0.0,auto
919,377,376,arterial,1,0.286956538325,1,1,60.0,0.286956538325,2.33035607834104e-15,4.4683,auto
920,377,378,arterial,1,0.286956538325,1,1,60.0,0.286956538325,5.15839525033058e-14,4.4683,auto
921,378,50,centroid_connector,1,1.52000007629,1,1,60.0,1.52000007629,0.0,0.0,auto
922,378,377,arterial,1,0.286956538325,1,1,60.0,0.286956538325,2.33035607834104e-15,4.4683,auto
923,378,379,arterial,1,0.547826103542,1,1,60.0,0.547826103542,5.1583952503306e-14,4.4683,auto
924,379,378,arterial,1,0.547826103542,1,1,60.0,0.547826103542,2.33035607834111e-15,4.4683,auto
925,379,380,arterial,1,0.0100000003974,1,1,60.0,0.0100000003974,0.0,0.0,auto
926,379,381,arterial,1,0.0100000003974,1,1,60.0,0.0100000003974,0.0,0.0,auto
927,380,306,arterial,1,0.713881041443,1,1,60.0,0.713881041443,2.70989826368593e-20,5.5226,auto
928,380,379,arterial,1,0.0100000003974,1,1,60.0,0.0100000003974,0.0,0.0,auto
929,380,381,arterial,1,0.0100000003974,1,1,60.0,0.0100000003974,0.0,0.0,auto
930,381,379,arterial,1,0.0100000003974,1,1,60.0,0.0100000003974,0.0,0.0,auto
931,381,380,arterial,1,0.0100000003974,1,1,60.0,0.0100000003974,0.0,0.0,auto
932,381,382,arterial,1,0.860869614974,1,1,60.0,0.860869614974,2.33035607834105e-15,4.4683,auto
933,382,51,centroid_connector,1,1.00000006358,1,1,60.0,1.00000006358,0.0,0.0,auto
934,382,381,arterial,1,0.860869614974,1,1,60.0,0.860869614974,2.33035607834105e-15,4.4683,auto
935,382,391,arterial,1,2.03478274138,1,1,60.0,2.03478274138,2.33035607834099e-15,4.4683,auto
936,383,52,centroid_connector,1,1.08000005086,1,1,60.0,1.08000005086,0.0,0.0,auto
937,383,370,arterial,1,1.22400001526,1,1,60.0,1.22400001526,2.44227568739812e-19,5.1644,auto
938,383,384,arterial,1,0.351851869512,1,1,60.0,0.351851869512,7.4213753080542e-18,4.9432,auto
939,384,383,arterial,1,0.351851869512,1,1,60.0,0.351851869512,7.4213753080542e-18,4.9432,auto
940,384,385,arterial,1,0.0100000003974,1,1,60.0,0.0100000003974,0.0,0.0,auto
941,384,386,arterial,1,0.0100000003974,1,1,60.0,0.0100000003974,0.0,0.0,auto
942,385,384,arterial,1,0.0100000003974,1,1,60.0,0.0100000003974,0.0,0.0,auto
943,385,386,arterial,1,0.0100000003974,1,1,60.0,0.0100000003974,0.0,0.0,auto
944,385,443,arterial,1,0.648148148148,1,1,60.0,0.648148148148,5.50729964743353e-17,4.9432,auto
945,386,384,arterial,1,0.0100000003974,1,1,60.0,0.0100000003974,0.0,0.0,auto
946,386,385,arterial,1,0.0100000003974,1,1,60.0,0.0100000003974,0.0,0.0,auto
947,386,387,arterial,1,0.88888892421,1,1,60.0,0.88888892421,7.42137530805438e-18,4.9432,auto
948,387,386,arterial,1,0.88888892421,1,1,60.0,0.88888892421,7.42137530805438e-18,4.9432,auto
949,387,388,arterial,1,0.286956538325,1,1,60.0,0.286956538325,5.15839525033058e-14,4.4683,auto
950,387,389,arterial,1,0.240740746628,1,1,60.0,0.240740746628,7.4213753080544e-18,4.9432,auto
951,388,387,arterial,1,0.286956538325,1,1,60.0,0.286956538325,5.15839525033058e-14,4.4683,auto
952,388,389,arterial,1,0.286956538325,1,1,60.0,0.286956538325,2.33035607834104e-15,4.4683,auto
953,388,439,arterial,1,2.42592611431,1,1,60.0,2.42592611431,5.50729964743385e-17,4.9432,auto
954,388,442,arterial,1,1.12173918019,1,1,60.0,1.12173918019,2.33035607834102e-15,4.4683,auto
955,389,387,arterial,1,0.240740746628,1,1,60.0,0.240740746628,7.4213753080544e-18,4.9432,auto
956,389,388,arterial,1,0.286956538325,1,1,60.0,0.286956538325,2.33035607834104e-15,4.4683,auto
957,389,390,arterial,1,0.574074085848,1,1,60.0,0.574074085848,2.93952955863628e-19,5.1409,auto
958,390,389,arterial,1,0.574074085848,1,1,60.0,0.574074085848,2.93952955863628e-19,5.1409,auto
959,390,391,arterial,1,0.0100000003974,1,1,60.0,0.0100000003974,0.0,0.0,auto
960,390,392,arterial,1,0.0100000003974,1,1,60.0,0.0100000003974,0.0,0.0,auto
961,391,382,arterial,1,2.03478274138,1,1,60.0,2.03478274138,2.33035607834099e-15,4.4683,auto
962,391,390,arterial,1,0.0100000003974,1,1,60.0,0.0100000003974,0.0,0.0,auto
963,391,392,arterial,1,0.0100000003974,1,1,60.0,0.0100000003974,0.0,0.0,auto
964,392,390,arterial,1,0.0100000003974,1,1,60.0,0.0100000003974,0.0,0.0,auto
965,392,391,arterial,1,0.0100000003974,1,1,60.0,0.0100000003974,0.0,0.0,auto
966,392,393,arterial,1,0.425925931813,1,1,60.0,0.425925931813,7.42137530805446e-18,4.9432,auto
967,393,56,centroid_connector,1,4.16000010173,1,1,60.0,4.16000010173,0.0,0.0,auto
968,393,392,arterial,1,0.425925931813,1,1,60.0,0.425925931813,7.42137530805446e-18,4.9432,auto
969,393,394,arterial,1,0.240740746628,1,1,60.0,0.240740746628,7.4213753080544e-18,4.9432,auto
970,393,404,arterial,1,0.600000008293,1,1,60.0,0.600000008293,1.30271347127745e-10,3.5038,auto
971,394,54,centroid_connector,1,1.36000010173,1,1,60.0,1.36000010173,0.0,0.0,auto
972,394,393,arterial,1,0.240740746628,1,1,60.0,0.240740746628,7.4213753080544e-18,4.9432,auto
973,394,395,arterial,1,0.388888900663,1,1,60.0,0.388888900663,7.42137530805437e-18,4.9432,auto
974,395,55,centroid_connector,1,3.80000025431,1,1,60.0,3.80000025431,0.0,0.0,auto
975,395,394,arterial,1,0.388888900663,1,1,60.0,0.388888900663,7.42137530805437e-18,4.9432,auto
976,395,396,arterial,1,0.29629630807,1,1,60.0,0.29629630807,7.42137530805457e-18,4.9432,auto
977,396,395,arterial,1,0.29629630807,1,1,60.0,0.29629630807,7.42137530805457e-18,4.9432,auto
978,396,397,arterial,1,0.0100000003974,1,1,60.0,0.0100000003974,0.0,0.0,auto
979,396,398,arterial,1,0.0100000003974,1,1,60.0,0.0100000003974,0.0,0.0,auto
980,396,399,arterial,1,0.0100000003974,1,1,60.0,0.0100000003974,0.0,0.0,auto
981,397,396,arterial,1,0.0100000003974,1,1,60.0,0.0100000003974,0.0,0.0,auto
982,397,398,arterial,1,0.0100000003974,1,1,60.0,0.0100000003974,0.0,0.0,auto
983,397,399,arterial,1,0.0100000003974,1,1,60.0,0.0100000003974,0.0,0.0,auto
984,397,1035,arterial,1,0.855072500625,1,1,60.0,0.855072500625,1.35500959579369e-20,5.7894,auto
985,398,396,arterial,1,0.0100000003974,1,1,60.0,0.0100000003974,0.0,0.0,auto
986,398,397,arterial,1,0.0100000003974,1,1,60.0,0.0100000003974,0.0,0.0,auto
987,398,399,arterial,1,0.0100000003974,1,1,60.0,0.0100000003974,0.0,0.0,auto
988,398,406,arterial,1,0.703703739025,1,1,60.0,0.703703739025,7.42137530805444e-18,4.9432,auto
989,399,396,arterial,1,0.0100000003974,1,1,60.0,0.0100000003974,0.0,0.0,auto
990,399,397,arterial,1,0.0100000003974,1,1,60.0,0.0100000003974,0.0,0.0,auto
991,399,398,arterial,1,0.0100000003974,1,1,60.0,0.0100000003974,0.0,0.0,auto
992,399,400,arterial,1,0.913043478261,1,1,60.0,0.913043478261,1.3027134712775e-10,3.5038,auto
993,400,54,centroid_connector,1,0.840000025431,1,1,60.0,0.840000025431,0.0,0.0,auto
994,400,399,arterial,1,0.913043478261,1,1,60.0,0.913043478261,1.3027134712775e-10,3.5038,auto
995,400,401,arterial,1,0.80869566876,1,1,60.0,0.80869566876,1.30271347127746e-10,3.5038,auto
996,401,400,arterial,1,0.80869566876,1,1,60.0,0.80869566876,1.30271347127746e-10,3.5038,auto
997,401,402,arterial,1,0.0100000003974,1,1,60.0,0.0100000003974,0.0,0.0,auto
998,401,403,arterial,1,0.0100000003974,1,1,60.0,0.0100000003974,0.0,0.0,auto
999,402,401,arterial,1,0.0100000003974,1,1,60.0,0.0100000003974,0.0,0.0,auto
1000,402,403,arterial,1,0.0100000003974,1,1,60.0,0.0100000003974,0.0,0.0,auto
1001,402,405,arterial,1,0.965217424476,1,1,60.0,0.965217424476,1.30271347127742e-10,3.5038,auto
1002,403,401,arterial,1,0.0100000003974,1,1,60.0,0.0100000003974,0.0,0.0,auto
1003,403,402,arterial,1,0.0100000003974,1,1,60.0,0.0100000003974,0.0,0.0,auto
1004,403,404,arterial,1,0.965217424476,1,1,60.0,0.965217424476,1.30271347127742e-10,3.5038,auto
1005,404,54,centroid_connector,1,0.960000038147,1,1,60.0,0.960000038147,0.0,0.0,auto
1006,404,393,arterial,1,0.600000008293,1,1,60.0,0.600000008293,1.30271347127745e-10,3.5038,auto
1007,404,403,arterial,1,0.965217424476,1,1,60.0,0.965217424476,1.30271347127742e-10,3.5038,auto
1008,405,53,centroid_connector,1,0.840000025431,1,1,60.0,0.840000025431,0.0,0.0,auto
1009,405,402,arterial,1,0.965217424476,1,1,60.0,0.965217424476,1.30271347127742e-10,3.5038,auto
1010,406,57,centroid_connector,1,0.880000050863,1,1,60.0,0.880000050863,0.0,0.0,auto
1011,406,398,arterial,1,0.703703739025,1,1,60.0,0.703703739025,7.42137530805444e-18,4.9432,auto
1012,406,407,arterial,1,0.629629676725,1,1,60.0,0.629629676725,7.4213753080543e-18,4.9432,auto
1013,407,58,centroid_connector,1,3.80000025431,1,1,60.0,3.80000025431,0.0,0.0,auto
1014,407,406,arterial,1,0.629629676725,1,1,60.0,0.629629676725,7.4213753080543e-18,4.9432,auto
1015,407,408,arterial,1,1.70370372725,1,1,60.0,1.70370372725,7.42137530805422e-18,4.9432,auto
1016,408,407,arterial,1,1.70370372725,1,1,60.0,1.70370372725,7.42137530805422e-18,4.9432,auto
1017,408,409,arterial,1,0.0100000003974,1,1,60.0,0.0100000003974,0.0,0.0,auto
1018,408,410,arterial,1,0.0100000003974,1,1,60.0,0.0100000003974,0.0,0.0,auto
1019,409,408,arterial,1,0.0100000003974,1,1,60.0,0.0100000003974,0.0,0.0,auto
1020,409,412,arterial,1,2.45217397939,1,1,60.0,2.45217397939,2.33035607834108e-15,4.4683,auto
1021,410,408,arterial,1,0.0100000003974,1,1,60.0,0.0100000003974,0.0,0.0,auto
1022,410,409,arterial,1,0.0100000003974,1,1,60.0,0.0100000003974,0.0,0.0,auto
1023,410,411,arterial,1,1.25925935345,1,1,60.0,1.25925935345,7.42137530805441e-18,4.9432,auto
1024,411,63,centroid_connector,1,0.440000025431,1,1,60.0,0.440000025431,0.0,0.0,auto
1025,411,410,arterial,1,1.25925935345,1,1,60.0,1.25925935345,5.50729964743369e-17,4.9432,auto
1026,411,414,arterial,1,0.907407454502,1,1,60.0,0.907407454502,7.42137530805428e-18,4.9432,auto
1027,412,59,centroid_connector,1,0.760000038147,1,1,60.0,0.760000038147,0.0,0.0,auto
1028,412,409,arterial,1,2.45217397939,1,1,60.0,2.45217397939,2.33035607834108e-15,4.4683,auto
1029,413,59,centroid_connector,1,0.920000012716,1,1,60.0,0.920000012716,0.0,0.0,auto
1030,413,415,arterial,1,1.15942028986,1,1,60.0,1.15942028986,1.35500959579355e-20,5.7894,auto
1031,413,420,arterial,1,2.24000015259,1,1,60.0,2.24000015259,5.95440230359119e-10,3.6596,auto
1032,414,411,arterial,1,0.907407454502,1,1,60.0,0.907407454502,5.50729964743359e-17,4.9432,auto
1033,414,415,arterial,1,0.0100000003974,1,1,60.0,0.0100000003974,0.0,0.0,auto
1034,414,416,arterial,1,0.0100000003974,1,1,60.0,0.0100000003974,0.0,0.0,auto
1035,414,417,arterial,1,0.0100000003974,1,1,60.0,0.0100000003974,0.0,0.0,auto
1036,415,413,arterial,1,1.15942028986,1,1,60.0,1.15942028986,1.35500959579355e-20,5.7894,auto
1037,415,414,arterial,1,0.0100000003974,1,1,60.0,0.0100000003974,0.0,0.0,auto
1038,415,416,arterial,1,0.0100000003974,1,1,60.0,0.0100000003974,0.0,0.0,auto
1039,415,417,arterial,1,0.0100000003974,1,1,60.0,0.0100000003974,0.0,0.0,auto
1040,416,414,arterial,1,0.0100000003974,1,1,60.0,0.0100000003974,0.0,0.0,auto
1041,416,415,arterial,1,0.0100000003974,1,1,60.0,0.0100000003974,0.0,0.0,auto
1042,416,417,arterial,1,0.0100000003974,1,1,60.0,0.0100000003974,0.0,0.0,auto
1043,416,419,arterial,1,0.574074085848,1,1,60.0,0.574074085848,7.42137530805442e-18,4.9432,auto
1044,417,414,arterial,1,0.0100000003974,1,1,60.0,0.0100000003974,0.0,0.0,auto
1045,417,415,arterial,1,0.0100000003974,1,1,60.0,0.0100000003974,0.0,0.0,auto
1046,417,416,arterial,1,0.0100000003974,1,1,60.0,0.0100000003974,0.0,0.0,auto
1047,417,418,arterial,1,0.594202907765,1,1,60.0,0.594202907765,1.35500959579363e-20,5.7894,auto
1048,418,63,centroid_connector,1,2.28000005086,1,1,60.0,2.28000005086,0.0,0.0,auto
1049,418,64,centroid_connector,1,0.760000038147,1,1,60.0,0.760000038147,0.0,0.0,auto
1050,418,417,arterial,1,0.594202907765,1,1,60.0,0.594202907765,1.35500959579363e-20,5.7894,auto
1051,418,428,arterial,1,0.594202907765,1,1,60.0,0.594202907765,1.35500959579363e-20,5.7894,auto
1052,419,64,centroid_connector,1,0.760000038147,1,1,60.0,0.760000038147,0.0,0.0,auto
1053,419,416,arterial,1,0.574074085848,1,1,60.0,0.574074085848,7.42137530805442e-18,4.9432,auto
1054,419,421,arterial,1,0.833333392202,1,1,60.0,0.833333392202,7.42137530805437e-18,4.9432,auto
1055,420,62,centroid_connector,1,2.28000005086,1,1,60.0,2.28000005086,0.0,0.0,auto
1056,420,413,arterial,1,2.24000015259,1,1,60.0,2.24000015259,5.95440230359119e-10,3.6596,auto
1057,421,62,centroid_connector,1,2.28000005086,1,1,60.0,2.28000005086,0.0,0.0,auto
1058,421,419,arterial,1,0.833333392202,1,1,60.0,0.833333392202,5.50729964743362e-17,4.9432,auto
1059,421,422,arterial,1,1.59259266324,1,1,60.0,1.59259266324,5.50729964743372e-17,4.9432,auto
1060,422,421,arterial,1,1.59259266324,1,1,60.0,1.59259266324,5.50729964743372e-17,4.9432,auto
1061,422,423,arterial,1,0.0100000003974,1,1,60.0,0.0100000003974,0.0,0.0,auto
1062,422,424,arterial,1,0.0100000003974,1,1,60.0,0.0100000003974,0.0,0.0,auto
1063,422,425,arterial,1,0.0100000003974,1,1,60.0,0.0100000003974,0.0,0.0,auto
1064,423,325,arterial,1,3.11594202899,1,1,60.0,3.11594202899,5.57789772763384e-24,6.5856,auto
1065,423,422,arterial,1,0.0100000003974,1,1,60.0,0.0100000003974,0.0,0.0,auto
1066,423,424,arterial,1,0.0100000003974,1,1,60.0,0.0100000003974,0.0,0.0,auto
1067,423,425,arterial,1,0.0100000003974,1,1,60.0,0.0100000003974,0.0,0.0,auto
1068,424,422,arterial,1,0.0100000003974,1,1,60.0,0.0100000003974,0.0,0.0,auto
1069,424,423,arterial,1,0.0100000003974,1,1,60.0,0.0100000003974,0.0,0.0,auto
1070,424,425,arterial,1,0.0100000003974,1,1,60.0,0.0100000003974,0.0,0.0,auto
1071,424,427,arterial,1,1.26086958365,1,1,60.0,1.26086958365,5.57789772763385e-24,6.5856,auto
1072,425,422,arterial,1,0.0100000003974,1,1,60.0,0.0100000003974,0.0,0.0,auto
1073,425,423,arterial,1,0.0100000003974,1,1,60.0,0.0100000003974,0.0,0.0,auto
1074,425,424,arterial,1,0.0100000003974,1,1,60.0,0.0100000003974,0.0,0.0,auto
1075,425,426,arterial,1,1.12962970027,1,1,60.0,1.12962970027,5.50729964743341e-17,4.9432,auto
1076,426,65,centroid_connector,1,1.00000006358,1,1,60.0,1.00000006358,0.0,0.0,auto
1077,426,425,arterial,1,1.12962970027,1,1,60.0,1.12962970027,5.50729964743341e-17,4.9432,auto
1078,426,1030,arterial,1,0.29629630807,1,1,60.0,0.29629630807,5.50729964743372e-17,4.9432,auto
1079,427,424,arterial,1,1.26086958365,1,1,60.0,1.26086958365,5.57789772763385e-24,6.5856,auto
1080,427,428,arterial,1,3.66666674038,1,1,60.0,3.66666674038,6.34992882521721e-16,5.0906,auto
1081,427,469,arterial,1,9.60869609446,1,1,60.0,9.60869609446,5.57789772763387e-24,6.5856,auto
1082,428,418,arterial,1,0.594202907765,1,1,60.0,0.594202907765,1.35500959579363e-20,5.7894,auto
1083,428,427,arterial,1,3.66666674038,1,1,60.0,3.66666674038,6.34992882521721e-16,5.0906,auto
1084,428,429,arterial,1,0.594202907765,1,1,60.0,0.594202907765,1.35500959579363e-20,5.7894,auto
1085,429,63,centroid_connector,1,2.28000005086,1,1,60.0,2.28000005086,0.0,0.0,auto
1086,429,428,arterial,1,0.594202907765,1,1,60.0,0.594202907765,1.35500959579363e-20,5.7894,auto
1087,429,430,arterial,1,0.536231902486,1,1,60.0,0.536231902486,1.35500959579362e-20,5.7894,auto
1088,430,429,arterial,1,0.536231902486,1,1,60.0,0.536231902486,1.35500959579362e-20,5.7894,auto
1089,430,431,arterial,1,0.0100000003974,1,1,60.0,0.0100000003974,0.0,0.0,auto
1090,431,430,arterial,1,0.0100000003974,1,1,60.0,0.0100000003974,0.0,0.0,auto
1091,431,432,arterial,1,0.956521794416,1,1,60.0,0.956521794416,1.35500959579364e-20,5.7894,auto
1092,432,58,centroid_connector,1,2.28000005086,1,1,60.0,2.28000005086,0.0,0.0,auto
1093,432,431,arterial,1,0.956521794416,1,1,60.0,0.956521794416,1.35500959579364e-20,5.7894,auto
1094,432,433,arterial,1,0.782608732509,1,1,60.0,0.782608732509,1.35500959579364e-20,5.7894,auto
1095,433,432,arterial,1,0.782608732509,1,1,60.0,0.782608732509,1.35500959579364e-20,5.7894,auto
1096,433,434,arterial,1,0.927536268741,1,1,60.0,0.927536268741,1.3550095957936e-20,5.7894,auto
1097,433,479,arterial,1,1.63768123313,1,1,60.0,1.63768123313,7.49420256436881e-19,5.7894,auto
1098,433,1035,arterial,1,1.34782616067,1,1,60.0,1.34782616067,1.35500959579362e-20,5.7894,auto
1099,434,55,centroid_connector,1,1.12000007629,1,1,60.0,1.12000007629,0.0,0.0,auto
1100,434,433,arterial,1,0.927536268741,1,1,60.0,0.927536268741,1.3550095957936e-20,5.7894,auto
1101,434,435,arterial,1,0.434782608696,1,1,60.0,0.434782608696,1.35500959579362e-20,5.7894,auto
1102,435,56,centroid_connector,1,0.760000038147,1,1,60.0,0.760000038147,0.0,0.0,auto
1103,435,434,arterial,1,0.434782608696,1,1,60.0,0.434782608696,1.35500959579362e-20,5.7894,auto
1104,435,436,arterial,1,0.33333333794,1,1,60.0,0.33333333794,1.35500959579362e-20,5.7894,auto
1105,436,435,arterial,1,0.33333333794,1,1,60.0,0.33333333794,1.35500959579362e-20,5.7894,auto
1106,436,437,arterial,1,0.0100000003974,1,1,60.0,0.0100000003974,0.0,0.0,auto
1107,436,438,arterial,1,0.0100000003974,1,1,60.0,0.0100000003974,0.0,0.0,auto
1108,437,436,arterial,1,0.0100000003974,1,1,60.0,0.0100000003974,0.0,0.0,auto
1109,437,438,arterial,1,0.0100000003974,1,1,60.0,0.0100000003974,0.0,0.0,auto
1110,437,474,arterial,1,1.86956525425,1,1,60.0,1.86956525425,6.34992882521731e-16,5.0906,auto
1111,438,436,arterial,1,0.0100000003974,1,1,60.0,0.0100000003974,0.0,0.0,auto
1112,438,437,arterial,1,0.0100000003974,1,1,60.0,0.0100000003974,0.0,0.0,auto
1113,438,439,arterial,1,0.782608695652,1,1,60.0,0.782608695652,2.33035607834106e-15,4.4683,auto
1114,439,388,arterial,1,2.42592611431,1,1,60.0,2.42592611431,5.50729964743385e-17,4.9432,auto
1115,439,438,arterial,1,0.782608695652,1,1,60.0,0.782608695652,2.33035607834106e-15,4.4683,auto
1116,439,440,arterial,1,1.01739137069,1,1,60.0,1.01739137069,5.1583952503305e-14,4.4683,auto
1117,439,473,arterial,1,0.59259261614,1,1,60.0,0.59259261614,1.69429949454586e-15,4.9432,auto
1118,440,439,arterial,1,1.01739137069,1,1,60.0,1.01739137069,5.1583952503305e-14,4.4683,auto
1119,440,441,arterial,1,1.00000004709,1,1,60.0,1.00000004709,5.50729964743372e-17,4.9432,auto
1120,440,468,arterial,1,0.796296331618,1,1,60.0,0.796296331618,5.50729964743358e-17,4.9432,auto
1121,441,67,centroid_connector,1,1.00000006358,1,1,60.0,1.00000006358,0.0,0.0,auto
1122,441,440,arterial,1,1.00000004709,1,1,60.0,1.00000004709,5.50729964743372e-17,4.9432,auto
1123,441,442,arterial,1,1.09259263969,1,1,60.0,1.09259263969,5.50729964743372e-17,4.9432,auto
1124,442,388,arterial,1,1.12173918019,1,1,60.0,1.12173918019,2.33035607834102e-15,4.4683,auto
1125,442,441,arterial,1,1.09259263969,1,1,60.0,1.09259263969,5.50729964743372e-17,4.9432,auto
1126,442,443,arterial,1,0.33333333922,1,1,60.0,0.33333333922,5.50729964743352e-17,4.9432,auto
1127,442,444,arterial,1,0.57391307665,1,1,60.0,0.57391307665,2.3303560783411e-15,4.4683,auto
1128,443,52,centroid_connector,1,0.920000012716,1,1,60.0,0.920000012716,0.0,0.0,auto
1129,443,385,arterial,1,0.648148148148,1,1,60.0,0.648148148148,5.50729964743353e-17,4.9432,auto
1130,443,442,arterial,1,0.33333333922,1,1,60.0,0.33333333922,5.50729964743352e-17,4.9432,auto
1131,444,52,centroid_connector,1,1.4,1,1,60.0,1.4,0.0,0.0,auto
1132,444,442,arterial,1,0.57391307665,1,1,60.0,0.57391307665,2.3303560783411e-15,4.4683,auto
1133,444,445,arterial,1,0.6260869814,1,1,60.0,0.6260869814,2.33035607834096e-15,4.4683,auto
1134,445,444,arterial,1,0.6260869814,1,1,60.0,0.6260869814,2.33035607834096e-15,4.4683,auto
1135,445,446,arterial,1,0.886956588082,1,1,60.0,0.886956588082,1.14841803828418e-11,3.5038,auto
1136,445,455,arterial,1,0.495652198792,1,1,60.0,0.495652198792,2.33035607834109e-15,4.4683,auto
1137,445,1034,arterial,1,0.860869614974,1,1,60.0,0.860869614974,1.30271347127749e-10,3.5038,auto
1138,446,52,centroid_connector,1,1.36000010173,1,1,60.0,1.36000010173,0.0,0.0,auto
1139,446,445,arterial,1,0.886956588082,1,1,60.0,0.886956588082,1.30271347127745e-10,3.5038,auto
1140,446,447,arterial,1,0.939130451368,1,1,60.0,0.939130451368,1.14841803828422e-11,3.5038,auto
1141,447,49,centroid_connector,1,0.440000025431,1,1,60.0,0.440000025431,0.0,0.0,auto
1142,447,369,arterial,1,0.730434832366,1,1,60.0,0.730434832366,1.14841803828418e-11,3.5038,auto
1143,447,446,arterial,1,0.939130451368,1,1,60.0,0.939130451368,1.30271347127746e-10,3.5038,auto
1144,448,365,arterial,1,1.09565220708,1,1,60.0,1.09565220708,1.14841803828419e-11,3.5038,auto
1145,448,449,arterial,1,1.06956523398,1,1,60.0,1.06956523398,1.30271347127752e-10,3.5038,auto
1146,448,455,arterial,1,0.991304397583,1,1,60.0,0.991304397583,1.30271347127749e-10,3.5038,auto
1147,449,448,arterial,1,1.06956523398,1,1,60.0,1.06956523398,1.30271347127752e-10,3.5038,auto
1148,449,450,arterial,1,0.0100000003974,1,1,60.0,0.0100000003974,0.0,0.0,auto
1149,449,451,arterial,1,0.0100000003974,1,1,60.0,0.0100000003974,0.0,0.0,auto
1150,450,449,arterial,1,0.0100000003974,1,1,60.0,0.0100000003974,0.0,0.0,auto
1151,450,451,arterial,1,0.0100000003974,1,1,60.0,0.0100000003974,0.0,0.0,auto
1152,450,628,arterial,1,1.10400001526,1,1,60.0,1.10400001526,2.4422756873981e-19,5.1644,auto
1153,451,449,arterial,1,0.0100000003974,1,1,60.0,0.0100000003974,0.0,0.0,auto
1154,451,450,arterial,1,0.0100000003974,1,1,60.0,0.0100000003974,0.0,0.0,auto
1155,451,452,arterial,1,0.704347859258,1,1,60.0,0.704347859258,2.33035607834098e-15,4.4683,auto
1156,452,451,arterial,1,0.704347859258,1,1,60.0,0.704347859258,2.33035607834098e-15,4.4683,auto
1157,452,453,arterial,1,0.365217416183,1,1,60.0,0.365217416183,2.33035607834101e-15,4.4683,auto
1158,452,454,arterial,1,0.469565225684,1,1,60.0,0.469565225684,2.3303560783411e-15,4.4683,auto
1159,453,66,centroid_connector,1,0.920000012716,1,1,60.0,0.920000012716,0.0,0.0,auto
1160,453,452,arterial,1,0.365217416183,1,1,60.0,0.365217416183,2.33035607834101e-15,4.4683,auto
1161,453,456,arterial,1,1.93043484895,1,1,60.0,1.93043484895,5.15839525033042e-14,4.4683,auto
1162,454,66,centroid_connector,1,0.760000038147,1,1,60.0,0.760000038147,0.0,0.0,auto
1163,454,452,arterial,1,0.469565225684,1,1,60.0,0.469565225684,2.3303560783411e-15,4.4683,auto
1164,454,455,arterial,1,0.443478294041,1,1,60.0,0.443478294041,2.33035607834102e-15,4.4683,auto
1165,455,445,arterial,1,0.495652198792,1,1,60.0,0.495652198792,2.33035607834109e-15,4.4683,auto
1166,455,448,arterial,1,0.991304397583,1,1,60.0,0.991304397583,1.14841803828422e-11,3.5038,auto
1167,455,454,arterial,1,0.443478294041,1,1,60.0,0.443478294041,2.33035607834102e-15,4.4683,auto
1168,456,69,centroid_connector,1,0.840000025431,1,1,60.0,0.840000025431,0.0,0.0,auto
1169,456,453,arterial,1,1.93043484895,1,1,60.0,1.93043484895,2.33035607834097e-15,4.4683,auto
1170,456,457,arterial,1,1.22608698969,1,1,60.0,1.22608698969,5.15839525033059e-14,4.4683,auto
1171,457,73,centroid_connector,1,1.2,1,1,60.0,1.2,0.0,0.0,auto
1172,457,456,arterial,1,1.22608698969,1,1,60.0,1.22608698969,2.33035607834108e-15,4.4683,auto
1173,457,458,arterial,1,0.782608695652,1,1,60.0,0.782608695652,2.33035607834106e-15,4.4683,auto
1174,458,457,arterial,1,0.782608695652,1,1,60.0,0.782608695652,2.33035607834106e-15,4.4683,auto
1175,458,459,arterial,1,0.0100000003974,1,1,60.0,0.0100000003974,0.0,0.0,auto
1176,458,460,arterial,1,0.0100000003974,1,1,60.0,0.0100000003974,0.0,0.0,auto
1177,459,458,arterial,1,0.0100000003974,1,1,60.0,0.0100000003974,0.0,0.0,auto
1178,459,460,arterial,1,0.0100000003974,1,1,60.0,0.0100000003974,0.0,0.0,auto
1179,459,768,arterial,1,0.66288956164,1,1,60.0,0.66288956164,2.88716363802685e-21,5.5226,auto
1180,460,458,arterial,1,0.0100000003974,1,1,60.0,0.0100000003974,0.0,0.0,auto
1181,460,459,arterial,1,0.0100000003974,1,1,60.0,0.0100000003974,0.0,0.0,auto
1182,460,461,arterial,1,0.703703739025,1,1,60.0,0.703703739025,2.36344437451395e-18,5.1409,auto
1183,461,460,arterial,1,0.703703739025,1,1,60.0,0.703703739025,2.36344437451395e-18,5.1409,auto
1184,461,462,arterial,1,0.314814838362,1,1,60.0,0.314814838362,2.36344437451393e-18,5.1409,auto
1185,461,482,arterial,1,1.53913050113,1,1,60.0,1.53913050113,2.33035607834097e-15,4.4683,auto
1186,462,461,arterial,1,0.314814838362,1,1,60.0,0.314814838362,2.36344437451393e-18,5.1409,auto
1187,462,463,arterial,1,0.37037037037,1,1,60.0,0.37037037037,2.36344437451393e-18,5.1409,auto
1188,463,462,arterial,1,0.37037037037,1,1,60.0,0.37037037037,2.36344437451393e-18,5.1409,auto
1189,463,464,arterial,1,0.939130451368,1,1,60.0,0.939130451368,5.15839525033048e-14,4.4683,auto
1190,463,466,arterial,1,0.88888892421,1,1,60.0,0.88888892421,2.36344437451388e-18,5.1409,auto
1191,463,482,arterial,1,1.20000001659,1,1,60.0,1.20000001659,2.33035607834112e-15,4.4683,auto
1192,464,73,centroid_connector,1,1.88000005086,1,1,60.0,1.88000005086,0.0,0.0,auto
1193,464,463,arterial,1,0.939130451368,1,1,60.0,0.939130451368,5.15839525033048e-14,4.4683,auto
1194,464,465,arterial,1,1.38260874541,1,1,60.0,1.38260874541,5.15839525033049e-14,4.4683,auto
1195,465,68,centroid_connector,1,0.480000019073,1,1,60.0,0.480000019073,0.0,0.0,auto
1196,465,464,arterial,1,1.38260874541,1,1,60.0,1.38260874541,5.15839525033049e-14,4.4683,auto
1197,465,1034,arterial,1,2.26956525056,1,1,60.0,2.26956525056,5.15839525033038e-14,4.4683,auto
1198,466,463,arterial,1,0.88888892421,1,1,60.0,0.88888892421,2.36344437451388e-18,5.1409,auto
1199,466,467,arterial,1,0.66666667844,1,1,60.0,0.66666667844,2.28315748883065e-16,4.9432,auto
1200,466,470,arterial,1,0.444444462105,1,1,60.0,0.444444462105,2.36344437451388e-18,5.1409,auto
1201,466,500,arterial,1,1.40740747805,1,1,60.0,1.40740747805,5.50729964743379e-17,4.9432,auto
1202,467,71,centroid_connector,1,1.00000006358,1,1,60.0,1.00000006358,0.0,0.0,auto
1203,467,466,arterial,1,0.66666667844,1,1,60.0,0.66666667844,2.28315748883065e-16,4.9432,auto
1204,467,468,arterial,1,0.88888892421,1,1,60.0,0.88888892421,2.2831574888306e-16,4.9432,auto
1205,468,70,centroid_connector,1,0.6,1,1,60.0,0.6,0.0,0.0,auto
1206,468,440,arterial,1,0.796296331618,1,1,60.0,0.796296331618,5.50729964743358e-17,4.9432,auto
1207,468,467,arterial,1,0.88888892421,1,1,60.0,0.88888892421,2.2831574888306e-16,4.9432,auto
1208,469,139,centroid_connector,1,2.00000012716,1,1,60.0,2.00000012716,0.0,0.0,auto
1209,469,427,arterial,1,9.60869609446,1,1,60.0,9.60869609446,5.57789772763387e-24,6.5856,auto
1210,469,481,arterial,1,6.28363647461,1,1,60.0,6.28363647461,2.29655563468318e-17,5.3443,auto
1211,469,510,arterial,1,6.47826116442,1,1,60.0,6.47826116442,5.57789772763393e-24,6.5856,auto
1212,470,72,centroid_connector,1,0.440000025431,1,1,60.0,0.440000025431,0.0,0.0,auto
1213,470,466,arterial,1,0.444444462105,1,1,60.0,0.444444462105,2.36344437451388e-18,5.1409,auto
1214,470,471,arterial,1,0.444444462105,1,1,60.0,0.444444462105,2.36344437451388e-18,5.1409,auto
1215,471,470,arterial,1,0.444444462105,1,1,60.0,0.444444462105,2.36344437451388e-18,5.1409,auto
1216,471,472,arterial,1,0.59259261614,1,1,60.0,0.59259261614,1.69429949454586e-15,4.9432,auto
1217,471,474,arterial,1,0.407407430955,1,1,60.0,0.407407430955,2.36344437451393e-18,5.1409,auto
1218,472,71,centroid_connector,1,1.96000010173,1,1,60.0,1.96000010173,0.0,0.0,auto
1219,472,471,arterial,1,0.59259261614,1,1,60.0,0.59259261614,1.69429949454586e-15,4.9432,auto
1220,472,473,arterial,1,1.24074076429,1,1,60.0,1.24074076429,1.69429949454585e-15,4.9432,auto
1221,473,70,centroid_connector,1,0.840000025431,1,1,60.0,0.840000025431,0.0,0.0,auto
1222,473,439,arterial,1,0.59259261614,1,1,60.0,0.59259261614,1.69429949454586e-15,4.9432,auto
1223,473,472,arterial,1,1.24074076429,1,1,60.0,1.24074076429,1.69429949454585e-15,4.9432,auto
1224,474,437,arterial,1,1.86956525425,1,1,60.0,1.86956525425,5.35714851681172e-22,6.5856,auto
1225,474,471,arterial,1,0.407407430955,1,1,60.0,0.407407430955,2.36344437451393e-18,5.1409,auto
1226,474,475,arterial,1,0.637681196277,1,1,60.0,0.637681196277,7.49420256436836e-19,5.7894,auto
1227,474,502,arterial,1,2.18000005086,1,1,60.0,2.18000005086,5.21539348721584e-11,3.6544,auto
1228,475,474,arterial,1,0.637681196277,1,1,60.0,0.637681196277,7.49420256436836e-19,5.7894,auto
1229,475,476,arterial,1,0.0100000003974,1,1,60.0,0.0100000003974,0.0,0.0,auto
1230,476,475,arterial,1,0.0100000003974,1,1,60.0,0.0100000003974,0.0,0.0,auto
1231,476,477,arterial,1,0.82608697495,1,1,60.0,0.82608697495,7.49420256436834e-19,5.7894,auto
1232,477,61,centroid_connector,1,1.12000007629,1,1,60.0,1.12000007629,0.0,0.0,auto
1233,477,476,arterial,1,0.82608697495,1,1,60.0,0.82608697495,7.49420256436834e-19,5.7894,auto
1234,477,478,arterial,1,1.44927545446,1,1,60.0,1.44927545446,7.49420256436836e-19,5.7894,auto
1235,478,477,arterial,1,1.44927545446,1,1,60.0,1.44927545446,7.49420256436836e-19,5.7894,auto
1236,478,479,arterial,1,0.0100000003974,1,1,60.0,0.0100000003974,0.0,0.0,auto
1237,478,480,arterial,1,0.0100000003974,1,1,60.0,0.0100000003974,0.0,0.0,auto
1238,479,433,arterial,1,1.63768123313,1,1,60.0,1.63768123313,7.49420256436881e-19,5.7894,auto
1239,479,478,arterial,1,0.0100000003974,1,1,60.0,0.0100000003974,0.0,0.0,auto
1240,479,480,arterial,1,0.0100000003974,1,1,60.0,0.0100000003974,0.0,0.0,auto
1241,480,478,arterial,1,0.0100000003974,1,1,60.0,0.0100000003974,0.0,0.0,auto
1242,480,479,arterial,1,0.0100000003974,1,1,60.0,0.0100000003974,0.0,0.0,auto
1243,480,481,arterial,1,0.88888892421,1,1,60.0,0.88888892421,1.69429949454599e-15,4.9432,auto
1244,481,60,centroid_connector,1,0.760000038147,1,1,60.0,0.760000038147,0.0,0.0,auto
1245,481,469,arterial,1,6.28363647461,1,1,60.0,6.28363647461,2.29655563468318e-17,5.3443,auto
1246,481,480,arterial,1,0.88888892421,1,1,60.0,0.88888892421,1.69429949454599e-15,4.9432,auto
1247,482,461,arterial,1,1.53913050113,1,1,60.0,1.53913050113,2.33035607834097e-15,4.4683,auto
1248,482,463,arterial,1,1.20000001659,1,1,60.0,1.20000001659,2.33035607834112e-15,4.4683,auto
1249,482,483,arterial,1,0.600000008293,1,1,60.0,0.600000008293,2.33035607834096e-15,4.4683,auto
1250,483,74,centroid_connector,1,1.08000005086,1,1,60.0,1.08000005086,0.0,0.0,auto
1251,483,482,arterial,1,0.600000008293,1,1,60.0,0.600000008293,2.33035607834096e-15,4.4683,auto
1252,483,484,arterial,1,0.777777801325,1,1,60.0,0.777777801325,5.50729964743366e-17,4.9432,auto
1253,484,483,arterial,1,0.777777801325,1,1,60.0,0.777777801325,5.50729964743366e-17,4.9432,auto
1254,484,485,arterial,1,2.46296305715,1,1,60.0,2.46296305715,5.50729964743372e-17,4.9432,auto
1255,484,499,arterial,1,1.61739133752,1,1,60.0,1.61739133752,1.30271347127746e-10,3.5038,auto
1256,485,76,centroid_connector,1,2.72000020345,1,1,60.0,2.72000020345,0.0,0.0,auto
1257,485,484,arterial,1,2.46296305715,1,1,60.0,2.46296305715,5.50729964743372e-17,4.9432,auto
1258,485,486,arterial,1,0.782608695652,1,1,60.0,0.782608695652,5.1583952503305e-14,4.4683,auto
1259,486,485,arterial,1,0.782608695652,1,1,60.0,0.782608695652,2.33035607834106e-15,4.4683,auto
1260,486,487,arterial,1,0.0100000003974,1,1,60.0,0.0100000003974,0.0,0.0,auto
1261,487,486,arterial,1,0.0100000003974,1,1,60.0,0.0100000003974,0.0,0.0,auto
1262,487,495,arterial,1,1.83333338043,1,1,60.0,1.83333338043,1.69429949454592e-15,4.9432,auto
1263,488,140,centroid_connector,1,2.00000012716,1,1,60.0,2.00000012716,0.0,0.0,auto
1264,488,489,arterial,1,0.0100000003974,1,1,60.0,0.0100000003974,0.0,0.0,auto
1265,488,490,arterial,1,0.0100000003974,1,1,60.0,0.0100000003974,0.0,0.0,auto
1266,488,491,arterial,1,0.0100000003974,1,1,60.0,0.0100000003974,0.0,0.0,auto
1267,489,488,arterial,1,0.0100000003974,1,1,60.0,0.0100000003974,0.0,0.0,auto
1268,489,490,arterial,1,0.0100000003974,1,1,60.0,0.0100000003974,0.0,0.0,auto
1269,489,491,arterial,1,0.0100000003974,1,1,60.0,0.0100000003974,0.0,0.0,auto
1270,489,835,arterial,1,1.68115956772,1,1,60.0,1.68115956772,5.57789772763384e-24,6.5856,auto
1271,490,488,arterial,1,0.0100000003974,1,1,60.0,0.0100000003974,0.0,0.0,auto
1272,490,489,arterial,1,0.0100000003974,1,1,60.0,0.0100000003974,0.0,0.0,auto
1273,490,491,arterial,1,0.0100000003974,1,1,60.0,0.0100000003974,0.0,0.0,auto
1274,490,492,arterial,1,0.851851863626,1,1,60.0,0.851851863626,5.50729964743363e-17,4.9432,auto
1275,491,488,arterial,1,0.0100000003974,1,1,60.0,0.0100000003974,0.0,0.0,auto
1276,491,489,arterial,1,0.0100000003974,1,1,60.0,0.0100000003974,0.0,0.0,auto
1277,491,490,arterial,1,0.0100000003974,1,1,60.0,0.0100000003974,0.0,0.0,auto
1278,491,508,arterial,1,1.66666666667,1,1,60.0,1.66666666667,5.57789772763381e-24,6.5856,auto
1279,492,79,centroid_connector,1,1.88000005086,1,1,60.0,1.88000005086,0.0,0.0,auto
1280,492,490,arterial,1,0.851851863626,1,1,60.0,0.851851863626,5.50729964743363e-17,4.9432,auto
1281,492,493,arterial,1,1.2037037037,1,1,60.0,1.2037037037,5.5072996474336e-17,4.9432,auto
1282,493,77,centroid_connector,1,1.44000002543,1,1,60.0,1.44000002543,0.0,0.0,auto
1283,493,492,arterial,1,1.2037037037,1,1,60.0,1.2037037037,5.5072996474336e-17,4.9432,auto
1284,493,494,arterial,1,0.29629630807,1,1,60.0,0.29629630807,5.50729964743372e-17,4.9432,auto
1285,494,493,arterial,1,0.29629630807,1,1,60.0,0.29629630807,1.69429949454596e-15,4.9432,auto
1286,494,495,arterial,1,1.62962972382,1,1,60.0,1.62962972382,7.42137530805438e-18,4.9432,auto
1287,494,507,arterial,1,1.22608698969,1,1,60.0,1.22608698969,1.30271347127746e-10,3.5038,auto
1288,495,487,arterial,1,1.83333338043,1,1,60.0,1.83333338043,5.50729964743328e-17,4.9432,auto
1289,495,494,arterial,1,1.62962972382,1,1,60.0,1.62962972382,1.6942994945459e-15,4.9432,auto
1290,495,496,arterial,1,0.944444456218,1,1,60.0,0.944444456218,5.50729964743359e-17,4.9432,auto
1291,496,495,arterial,1,0.944444456218,1,1,60.0,0.944444456218,5.50729964743359e-17,4.9432,auto
1292,496,497,arterial,1,0.0100000003974,1,1,60.0,0.0100000003974,0.0,0.0,auto
1293,497,496,arterial,1,0.0100000003974,1,1,60.0,0.0100000003974,0.0,0.0,auto
1294,497,498,arterial,1,0.481481493255,1,1,60.0,0.481481493255,5.50729964743363e-17,4.9432,auto
1295,498,76,centroid_connector,1,1.72000007629,1,1,60.0,1.72000007629,0.0,0.0,auto
1296,498,497,arterial,1,0.481481493255,1,1,60.0,0.481481493255,5.50729964743363e-17,4.9432,auto
1297,498,499,arterial,1,2.57407412117,1,1,60.0,2.57407412117,5.50729964743378e-17,4.9432,auto
1298,499,484,arterial,1,1.61739133752,1,1,60.0,1.61739133752,1.30271347127746e-10,3.5038,auto
1299,499,498,arterial,1,2.57407412117,1,1,60.0,2.57407412117,5.50729964743378e-17,4.9432,auto
1300,499,500,arterial,1,0.574074085848,1,1,60.0,0.574074085848,5.50729964743356e-17,4.9432,auto
1301,499,501,arterial,1,0.391304347826,1,1,60.0,0.391304347826,1.30271347127744e-10,3.5038,auto
1302,500,74,centroid_connector,1,1.80000012716,1,1,60.0,1.80000012716,0.0,0.0,auto
1303,500,466,arterial,1,1.40740747805,1,1,60.0,1.40740747805,5.50729964743379e-17,4.9432,auto
1304,500,499,arterial,1,0.574074085848,1,1,60.0,0.574074085848,5.50729964743356e-17,4.9432,auto
1305,501,74,centroid_connector,1,1.64000002543,1,1,60.0,1.64000002543,0.0,0.0,auto
1306,501,499,arterial,1,0.391304347826,1,1,60.0,0.391304347826,1.30271347127744e-10,3.5038,auto
1307,501,502,arterial,1,1.95652173913,1,1,60.0,1.95652173913,1.30271347127747e-10,3.5038,auto
1308,502,474,arterial,1,2.18000005086,1,1,60.0,2.18000005086,5.21539348721584e-11,3.6544,auto
1309,502,501,arterial,1,1.95652173913,1,1,60.0,1.95652173913,1.30271347127747e-10,3.5038,auto
1310,502,503,arterial,1,0.940000025431,1,1,60.0,0.940000025431,5.21539348721549e-11,3.6544,auto
1311,503,75,centroid_connector,1,1.52000007629,1,1,60.0,1.52000007629,0.0,0.0,auto
1312,503,502,arterial,1,0.940000025431,1,1,60.0,0.940000025431,5.21539348721549e-11,3.6544,auto
1313,503,504,arterial,1,5.0400004069,1,1,60.0,5.0400004069,5.21539348721551e-11,3.6544,auto
1314,504,78,centroid_connector,1,1.52000007629,1,1,60.0,1.52000007629,0.0,0.0,auto
1315,504,503,arterial,1,5.0400004069,1,1,60.0,5.0400004069,5.21539348721551e-11,3.6544,auto
1316,504,505,arterial,1,1.33043479919,1,1,60.0,1.33043479919,1.30271347127751e-10,3.5038,auto
1317,504,510,arterial,1,2.3,1,1,60.0,2.3,5.21539348721565e-11,3.6544,auto
1318,505,504,arterial,1,1.33043479919,1,1,60.0,1.33043479919,1.30271347127751e-10,3.5038,auto
1319,505,506,arterial,1,0.0100000003974,1,1,60.0,0.0100000003974,0.0,0.0,auto
1320,506,505,arterial,1,0.0100000003974,1,1,60.0,0.0100000003974,0.0,0.0,auto
1321,506,507,arterial,1,1.20000001659,1,1,60.0,1.20000001659,1.30271347127751e-10,3.5038,auto
1322,507,77,centroid_connector,1,1.36000010173,1,1,60.0,1.36000010173,0.0,0.0,auto
1323,507,494,arterial,1,1.22608698969,1,1,60.0,1.22608698969,1.30271347127746e-10,3.5038,auto
1324,507,506,arterial,1,1.20000001659,1,1,60.0,1.20000001659,1.30271347127751e-10,3.5038,auto
1325,508,491,arterial,1,1.66666666667,1,1,60.0,1.66666666667,5.57789772763381e-24,6.5856,auto
1326,508,509,arterial,1,0.0100000003974,1,1,60.0,0.0100000003974,0.0,0.0,auto
1327,509,508,arterial,1,0.0100000003974,1,1,60.0,0.0100000003974,0.0,0.0,auto
1328,509,510,arterial,1,0.971014511182,1,1,60.0,0.971014511182,5.57789772763397e-24,6.5856,auto
1329,510,469,arterial,1,6.47826116442,1,1,60.0,6.47826116442,5.57789772763393e-24,6.5856,auto
1330,510,504,arterial,1,2.3,1,1,60.0,2.3,5.21539348721565e-11,3.6544,auto
1331,510,509,arterial,1,0.971014511182,1,1,60.0,0.971014511182,5.57789772763397e-24,6.5856,auto
1332,511,124,centroid_connector,1,1.12000007629,1,1,60.0,1.12000007629,0.0,0.0,auto
1333,511,512,arterial,1,0.818181818182,1,1,60.0,0.818181818182,8.06485861957708e-17,4.9287,auto
1334,511,1031,arterial,1,0.327272727273,1,1,60.0,0.327272727273,8.06485861957716e-17,4.9287,auto
1335,512,511,arterial,1,0.818181818182,1,1,60.0,0.818181818182,8.06485861957708e-17,4.9287,auto
1336,512,513,arterial,1,0.0100000003974,1,1,60.0,0.0100000003974,0.0,0.0,auto
1337,512,514,arterial,1,0.0100000003974,1,1,60.0,0.0100000003974,0.0,0.0,auto
1338,512,515,arterial,1,0.0100000003974,1,1,60.0,0.0100000003974,0.0,0.0,auto
1339,513,512,arterial,1,0.0100000003974,1,1,60.0,0.0100000003974,0.0,0.0,auto
1340,513,514,arterial,1,0.0100000003974,1,1,60.0,0.0100000003974,0.0,0.0,auto
1341,513,515,arterial,1,0.0100000003974,1,1,60.0,0.0100000003974,0.0,0.0,auto
1342,513,660,arterial,1,2.57971021864,1,1,60.0,2.57971021864,5.57789772763375e-24,6.5856,auto
1343,514,181,arterial,1,0.797101449275,1,1,60.0,0.797101449275,5.577897727634e-24,6.5856,auto
1344,514,512,arterial,1,0.0100000003974,1,1,60.0,0.0100000003974,0.0,0.0,auto
1345,514,513,arterial,1,0.0100000003974,1,1,60.0,0.0100000003974,0.0,0.0,auto
1346,514,515,arterial,1,0.0100000003974,1,1,60.0,0.0100000003974,0.0,0.0,auto
1347,515,512,arterial,1,0.0100000003974,1,1,60.0,0.0100000003974,0.0,0.0,auto
1348,515,513,arterial,1,0.0100000003974,1,1,60.0,0.0100000003974,0.0,0.0,auto
1349,515,514,arterial,1,0.0100000003974,1,1,60.0,0.0100000003974,0.0,0.0,auto
1350,515,516,arterial,1,1.88405797101,1,1,60.0,1.88405797101,1.86356936059861e-17,5.0906,auto
1351,516,122,centroid_connector,1,0.760000038147,1,1,60.0,0.760000038147,0.0,0.0,auto
1352,516,515,arterial,1,1.88405797101,1,1,60.0,1.88405797101,1.86356936059861e-17,5.0906,auto
1353,516,517,arterial,1,0.855072500625,1,1,60.0,0.855072500625,1.86356936059866e-17,5.0906,auto
1354,517,516,arterial,1,0.855072500625,1,1,60.0,0.855072500625,1.86356936059866e-17,5.0906,auto
1355,517,518,arterial,1,0.0100000003974,1,1,60.0,0.0100000003974,0.0,0.0,auto
1356,518,517,arterial,1,0.0100000003974,1,1,60.0,0.0100000003974,0.0,0.0,auto
1357,518,519,arterial,1,0.362318863615,1,1,60.0,0.362318863615,1.86356936059865e-17,5.0906,auto
1358,519,121,centroid_connector,1,0.760000038147,1,1,60.0,0.760000038147,0.0,0.0,auto
1359,519,518,arterial,1,0.362318863615,1,1,60.0,0.362318863615,1.86356936059865e-17,5.0906,auto
1360,519,520,arterial,1,0.629629676725,1,1,60.0,0.629629676725,5.50729964743352e-17,4.9432,auto
1361,520,119,centroid_connector,1,0.920000012716,1,1,60.0,0.920000012716,0.0,0.0,auto
1362,520,519,arterial,1,0.629629676725,1,1,60.0,0.629629676725,5.50729964743352e-17,4.9432,auto
1363,520,521,arterial,1,0.51851855384,1,1,60.0,0.51851855384,5.50729964743349e-17,4.9432,auto
1364,521,520,arterial,1,0.51851855384,1,1,60.0,0.51851855384,5.50729964743349e-17,4.9432,auto
1365,521,522,arterial,1,0.648148148148,1,1,60.0,0.648148148148,5.50729964743353e-17,4.9432,auto
1366,521,537,arterial,1,0.834782641867,1,1,60.0,0.834782641867,2.33035607834105e-15,4.4683,auto
1367,522,117,centroid_connector,1,0.8,1,1,60.0,0.8,0.0,0.0,auto
1368,522,521,arterial,1,0.648148148148,1,1,60.0,0.648148148148,5.50729964743353e-17,4.9432,auto
1369,522,523,arterial,1,1.51851854207,1,1,60.0,1.51851854207,7.42137530805481e-18,4.9432,auto
1370,523,522,arterial,1,1.51851854207,1,1,60.0,1.51851854207,5.50729964743369e-17,4.9432,auto
1371,523,524,arterial,1,0.59259261614,1,1,60.0,0.59259261614,7.42137530805428e-18,4.9432,auto
1372,523,539,arterial,1,0.756521805473,1,1,60.0,0.756521805473,5.15839525033053e-14,4.4683,auto
1373,524,112,centroid_connector,1,0.720000012716,1,1,60.0,0.720000012716,0.0,0.0,auto
1374,524,523,arterial,1,0.59259261614,1,1,60.0,0.59259261614,7.42137530805428e-18,4.9432,auto
1375,524,525,arterial,1,0.500000023548,1,1,60.0,0.500000023548,7.42137530805438e-18,4.9432,auto
1376,525,524,arterial,1,0.500000023548,1,1,60.0,0.500000023548,7.42137530805438e-18,4.9432,auto
1377,525,526,arterial,1,0.29629630807,1,1,60.0,0.29629630807,1.79014097001492e-18,4.9432,auto
1378,525,542,arterial,1,0.860869614974,1,1,60.0,0.860869614974,1.30271347127749e-10,3.5038,auto
1379,526,525,arterial,1,0.29629630807,1,1,60.0,0.29629630807,7.42137530805457e-18,4.9432,auto
1380,526,527,arterial,1,0.0100000003974,1,1,60.0,0.0100000003974,0.0,0.0,auto
1381,526,528,arterial,1,0.0100000003974,1,1,60.0,0.0100000003974,0.0,0.0,auto
1382,526,529,arterial,1,0.0100000003974,1,1,60.0,0.0100000003974,0.0,0.0,auto
1383,527,163,arterial,1,1.95652173913,1,1,60.0,1.95652173913,1.30271347127747e-10,3.5038,auto
1384,527,526,arterial,1,0.0100000003974,1,1,60.0,0.0100000003974,0.0,0.0,auto
1385,527,528,arterial,1,0.0100000003974,1,1,60.0,0.0100000003974,0.0,0.0,auto
1386,527,529,arterial,1,0.0100000003974,1,1,60.0,0.0100000003974,0.0,0.0,auto
1387,528,527,arterial,1,0.0100000003974,1,1,60.0,0.0100000003974,0.0,0.0,auto
1388,528,529,arterial,1,0.0100000003974,1,1,60.0,0.0100000003974,0.0,0.0,auto
1389,528,544,arterial,1,0.886956588082,1,1,60.0,0.886956588082,2.33035607834104e-15,4.4683,auto
1390,529,526,arterial,1,0.0100000003974,1,1,60.0,0.0100000003974,0.0,0.0,auto
1391,529,527,arterial,1,0.0100000003974,1,1,60.0,0.0100000003974,0.0,0.0,auto
1392,529,530,arterial,1,0.29629630807,1,1,60.0,0.29629630807,1.79014097001492e-18,4.9432,auto
1393,530,529,arterial,1,0.29629630807,1,1,60.0,0.29629630807,7.42137530805457e-18,4.9432,auto
1394,530,531,arterial,1,0.500000023548,1,1,60.0,0.500000023548,1.79014097001491e-18,4.9432,auto
1395,530,545,arterial,1,0.991304397583,1,1,60.0,0.991304397583,1.30271347127749e-10,3.5038,auto
1396,531,530,arterial,1,0.500000023548,1,1,60.0,0.500000023548,7.42137530805438e-18,4.9432,auto
1397,531,532,arterial,1,0.704347859258,1,1,60.0,0.704347859258,1.30271347127745e-10,3.5038,auto
1398,531,534,arterial,1,0.57391307665,1,1,60.0,0.57391307665,1.05276140898917e-16,4.4683,auto
1399,532,108,centroid_connector,1,0.680000050863,1,1,60.0,0.680000050863,0.0,0.0,auto
1400,532,531,arterial,1,0.704347859258,1,1,60.0,0.704347859258,1.14841803828418e-11,3.5038,auto
1401,532,547,arterial,1,0.443478294041,1,1,60.0,0.443478294041,1.30271347127743e-10,3.5038,auto
1402,533,108,centroid_connector,1,0.840000025431,1,1,60.0,0.840000025431,0.0,0.0,auto
1403,533,534,arterial,1,0.652173954508,1,1,60.0,0.652173954508,1.30271347127745e-10,3.5038,auto
1404,533,550,arterial,1,0.652173954508,1,1,60.0,0.652173954508,1.30271347127745e-10,3.5038,auto
1405,534,531,arterial,1,0.57391307665,1,1,60.0,0.57391307665,3.80709499442985e-16,4.4683,auto
1406,534,533,arterial,1,0.652173954508,1,1,60.0,0.652173954508,1.30271347127745e-10,3.5038,auto
1407,534,535,arterial,1,0.391304347826,1,1,60.0,0.391304347826,1.05276140898916e-16,4.4683,auto
1408,535,10,centroid_connector,1,1.04000002543,1,1,60.0,1.04000002543,0.0,0.0,auto
1409,535,534,arterial,1,0.391304347826,1,1,60.0,0.391304347826,3.80709499442999e-16,4.4683,auto
1410,535,845,arterial,1,0.391304347826,1,1,60.0,0.391304347826,3.80709499442999e-16,4.4683,auto
1411,536,160,arterial,1,0.458923534361,1,1,60.0,0.458923534361,2.70989826368596e-20,5.5226,auto
1412,536,841,arterial,1,1.3597733711,1,1,60.0,1.3597733711,2.70989826368596e-20,5.5226,auto
1413,537,521,arterial,1,0.834782641867,1,1,60.0,0.834782641867,2.33035607834105e-15,4.4683,auto
1414,537,538,arterial,1,0.886956588082,1,1,60.0,0.886956588082,1.30271347127745e-10,3.5038,auto
1415,537,565,arterial,1,1.17391312641,1,1,60.0,1.17391312641,2.33035607834094e-15,4.4683,auto
1416,538,117,centroid_connector,1,1.16000010173,1,1,60.0,1.16000010173,0.0,0.0,auto
1417,538,537,arterial,1,0.886956588082,1,1,60.0,0.886956588082,1.30271347127745e-10,3.5038,auto
1418,538,539,arterial,1,2.00869568535,1,1,60.0,2.00869568535,1.14841803828416e-11,3.5038,auto
1419,539,523,arterial,1,0.756521805473,1,1,60.0,0.756521805473,5.15839525033053e-14,4.4683,auto
1420,539,538,arterial,1,2.00869568535,1,1,60.0,2.00869568535,1.30271347127746e-10,3.5038,auto
1421,539,540,arterial,1,0.495652198792,1,1,60.0,0.495652198792,5.15839525033062e-14,4.4683,auto
1422,539,541,arterial,1,0.834782641867,1,1,60.0,0.834782641867,1.14841803828419e-11,3.5038,auto
1423,540,111,centroid_connector,1,0.960000038147,1,1,60.0,0.960000038147,0.0,0.0,auto
1424,540,539,arterial,1,0.495652198792,1,1,60.0,0.495652198792,5.15839525033062e-14,4.4683,auto
1425,540,573,arterial,1,0.652173954508,1,1,60.0,0.652173954508,5.15839525033056e-14,4.4683,auto
1426,541,111,centroid_connector,1,1.04000002543,1,1,60.0,1.04000002543,0.0,0.0,auto
1427,541,112,centroid_connector,1,1.4,1,1,60.0,1.4,0.0,0.0,auto
1428,541,539,arterial,1,0.834782641867,1,1,60.0,0.834782641867,1.30271347127742e-10,3.5038,auto
1429,541,542,arterial,1,0.756521805473,1,1,60.0,0.756521805473,1.14841803828418e-11,3.5038,auto
1430,542,525,arterial,1,0.860869614974,1,1,60.0,0.860869614974,1.30271347127749e-10,3.5038,auto
1431,542,541,arterial,1,0.756521805473,1,1,60.0,0.756521805473,1.30271347127744e-10,3.5038,auto
1432,542,543,arterial,1,0.495652198792,1,1,60.0,0.495652198792,1.30271347127746e-10,3.5038,auto
1433,542,544,arterial,1,0.443478294041,1,1,60.0,0.443478294041,2.33035607834102e-15,4.4683,auto
1434,543,111,centroid_connector,1,1.52000007629,1,1,60.0,1.52000007629,0.0,0.0,auto
1435,543,542,arterial,1,0.495652198792,1,1,60.0,0.495652198792,1.30271347127746e-10,3.5038,auto
1436,543,580,arterial,1,0.495652198792,1,1,60.0,0.495652198792,1.30271347127746e-10,3.5038,auto
1437,544,528,arterial,1,0.886956588082,1,1,60.0,0.886956588082,2.33035607834104e-15,4.4683,auto
1438,544,542,arterial,1,0.443478294041,1,1,60.0,0.443478294041,5.15839525033051e-14,4.4683,auto
1439,544,545,arterial,1,0.443478294041,1,1,60.0,0.443478294041,2.33035607834102e-15,4.4683,auto
1440,544,584,arterial,1,1.1478261533,1,1,60.0,1.1478261533,5.15839525033049e-14,4.4683,auto
1441,545,530,arterial,1,0.991304397583,1,1,60.0,0.991304397583,1.30271347127749e-10,3.5038,auto
1442,545,544,arterial,1,0.443478294041,1,1,60.0,0.443478294041,5.15839525033051e-14,4.4683,auto
1443,545,546,arterial,1,0.495652198792,1,1,60.0,0.495652198792,1.30271347127746e-10,3.5038,auto
1444,545,547,arterial,1,0.57391307665,1,1,60.0,0.57391307665,2.3303560783411e-15,4.4683,auto
1445,546,107,centroid_connector,1,1.08000005086,1,1,60.0,1.08000005086,0.0,0.0,auto
1446,546,545,arterial,1,0.495652198792,1,1,60.0,0.495652198792,1.30271347127746e-10,3.5038,auto
1447,546,588,arterial,1,0.495652198792,1,1,60.0,0.495652198792,1.30271347127746e-10,3.5038,auto
1448,547,532,arterial,1,0.443478294041,1,1,60.0,0.443478294041,1.14841803828419e-11,3.5038,auto
1449,547,545,arterial,1,0.57391307665,1,1,60.0,0.57391307665,5.15839525033058e-14,4.4683,auto
1450,547,548,arterial,1,0.495652198792,1,1,60.0,0.495652198792,1.30271347127746e-10,3.5038,auto
1451,547,549,arterial,1,0.547826103542,1,1,60.0,0.547826103542,2.33035607834111e-15,4.4683,auto
1452,548,107,centroid_connector,1,0.960000038147,1,1,60.0,0.960000038147,0.0,0.0,auto
1453,548,547,arterial,1,0.495652198792,1,1,60.0,0.495652198792,1.14841803828419e-11,3.5038,auto
1454,548,592,arterial,1,0.652173954508,1,1,60.0,0.652173954508,1.30271347127745e-10,3.5038,auto
1455,549,547,arterial,1,0.547826103542,1,1,60.0,0.547826103542,5.1583952503306e-14,4.4683,auto
1456,549,551,arterial,1,0.0100000003974,1,1,60.0,0.0100000003974,0.0,0.0,auto
1457,549,552,arterial,1,0.0100000003974,1,1,60.0,0.0100000003974,0.0,0.0,auto
1458,550,533,arterial,1,0.652173954508,1,1,60.0,0.652173954508,1.30271347127745e-10,3.5038,auto
1459,550,549,arterial,1,0.0100000003974,1,1,60.0,0.0100000003974,0.0,0.0,auto
1460,550,551,arterial,1,0.0100000003974,1,1,60.0,0.0100000003974,0.0,0.0,auto
1461,550,552,arterial,1,0.0100000003974,1,1,60.0,0.0100000003974,0.0,0.0,auto
1462,551,549,arterial,1,0.0100000003974,1,1,60.0,0.0100000003974,0.0,0.0,auto
1463,551,550,arterial,1,0.0100000003974,1,1,60.0,0.0100000003974,0.0,0.0,auto
1464,551,552,arterial,1,0.0100000003974,1,1,60.0,0.0100000003974,0.0,0.0,auto
1465,551,597,arterial,1,0.991304397583,1,1,60.0,0.991304397583,1.30271347127749e-10,3.5038,auto
1466,552,549,arterial,1,0.0100000003974,1,1,60.0,0.0100000003974,0.0,0.0,auto
1467,552,550,arterial,1,0.0100000003974,1,1,60.0,0.0100000003974,0.0,0.0,auto
1468,552,551,arterial,1,0.0100000003974,1,1,60.0,0.0100000003974,0.0,0.0,auto
1469,552,553,arterial,1,1.03200004578,1,1,60.0,1.03200004578,1.98244151753243e-18,5.1644,auto
1470,553,552,arterial,1,1.03200004578,1,1,60.0,1.03200004578,1.98244151753243e-18,5.1644,auto
1471,553,554,arterial,1,0.0100000003974,1,1,60.0,0.0100000003974,0.0,0.0,auto
1472,553,556,arterial,1,0.0100000003974,1,1,60.0,0.0100000003974,0.0,0.0,auto
1473,554,553,arterial,1,0.0100000003974,1,1,60.0,0.0100000003974,0.0,0.0,auto
1474,554,555,arterial,1,0.0100000003974,1,1,60.0,0.0100000003974,0.0,0.0,auto
1475,554,556,arterial,1,0.0100000003974,1,1,60.0,0.0100000003974,0.0,0.0,auto
1476,554,598,arterial,1,0.704347859258,1,1,60.0,0.704347859258,2.33035607834098e-15,4.4683,auto
1477,555,553,arterial,1,0.0100000003974,1,1,60.0,0.0100000003974,0.0,0.0,auto
1478,555,554,arterial,1,0.0100000003974,1,1,60.0,0.0100000003974,0.0,0.0,auto
1479,555,557,arterial,1,0.495652198792,1,1,60.0,0.495652198792,5.15839525033062e-14,4.4683,auto
1480,556,553,arterial,1,0.0100000003974,1,1,60.0,0.0100000003974,0.0,0.0,auto
1481,556,554,arterial,1,0.0100000003974,1,1,60.0,0.0100000003974,0.0,0.0,auto
1482,556,555,arterial,1,0.0100000003974,1,1,60.0,0.0100000003974,0.0,0.0,auto
1483,556,560,arterial,1,0.730434832366,1,1,60.0,0.730434832366,2.33035607834098e-15,4.4683,auto
1484,557,555,arterial,1,0.495652198792,1,1,60.0,0.495652198792,5.15839525033062e-14,4.4683,auto
1485,557,558,arterial,1,0.3130434907,1,1,60.0,0.3130434907,5.15839525033058e-14,4.4683,auto
1486,558,96,centroid_connector,1,0.360000006358,1,1,60.0,0.360000006358,0.0,0.0,auto
1487,558,557,arterial,1,0.3130434907,1,1,60.0,0.3130434907,5.15839525033058e-14,4.4683,auto
1488,558,1043,arterial,1,0.15652174535,1,1,60.0,0.15652174535,5.15839525033051e-14,4.4683,auto
1489,559,888,arterial,1,0.15652174535,1,1,60.0,0.15652174535,1.14841803828418e-11,3.5038,auto
1490,559,943,arterial,1,0.182608708091,1,1,60.0,0.182608708091,1.01239759911535e-12,3.5038,auto
1491,559,1043,arterial,1,0.234782612842,1,1,60.0,0.234782612842,5.15839525033064e-14,4.4683,auto
1492,560,556,arterial,1,0.730434832366,1,1,60.0,0.730434832366,2.33035607834098e-15,4.4683,auto
1493,560,561,arterial,1,0.182608708091,1,1,60.0,0.182608708091,2.3303560783411e-15,4.4683,auto
1494,560,610,arterial,1,0.6260869814,1,1,60.0,0.6260869814,1.14841803828418e-11,3.5038,auto
1495,560,975,arterial,1,0.260869565217,1,1,60.0,0.260869565217,1.14841803828417e-11,3.5038,auto
1496,561,560,arterial,1,0.182608708091,1,1,60.0,0.182608708091,2.3303560783411e-15,4.4683,auto
1497,561,562,arterial,1,0.15652174535,1,1,60.0,0.15652174535,2.33035607834106e-15,4.4683,auto
1498,561,611,arterial,1,0.960000038147,1,1,60.0,0.960000038147,4.71182119997052e-11,3.6596,auto
1499,562,561,arterial,1,0.15652174535,1,1,60.0,0.15652174535,2.33035607834106e-15,4.4683,auto
1500,562,563,arterial,1,0.260869565217,1,1,60.0,0.260869565217,2.33035607834104e-15,4.4683,auto
1501,562,977,arterial,1,0.4,1,1,60.0,0.4,4.7118211999705e-11,3.6596,auto
1502,563,562,arterial,1,0.260869565217,1,1,60.0,0.260869565217,2.33035607834104e-15,4.4683,auto
1503,563,564,arterial,1,0.182608708091,1,1,60.0,0.182608708091,2.3303560783411e-15,4.4683,auto
1504,563,613,arterial,1,0.6260869814,1,1,60.0,0.6260869814,3.80709499442986e-16,4.4683,auto
1505,564,563,arterial,1,0.182608708091,1,1,60.0,0.182608708091,2.3303560783411e-15,4.4683,auto
1506,564,617,arterial,1,0.339130443075,1,1,60.0,0.339130443075,2.33035607834102e-15,4.4683,auto
1507,564,998,arterial,1,0.104347830233,1,1,60.0,0.104347830233,2.33035607834092e-15,4.4683,auto
1508,565,537,arterial,1,1.17391312641,1,1,60.0,1.17391312641,2.33035607834094e-15,4.4683,auto
1509,565,566,arterial,1,0.0100000003974,1,1,60.0,0.0100000003974,0.0,0.0,auto
1510,565,569,arterial,1,0.0100000003974,1,1,60.0,0.0100000003974,0.0,0.0,auto
1511,566,565,arterial,1,0.0100000003974,1,1,60.0,0.0100000003974,0.0,0.0,auto
1512,566,567,arterial,1,0.834782641867,1,1,60.0,0.834782641867,5.1583952503306e-14,4.4683,auto
1513,566,569,arterial,1,0.0100000003974,1,1,60.0,0.0100000003974,0.0,0.0,auto
1514,567,118,centroid_connector,1,0.920000012716,1,1,60.0,0.920000012716,0.0,0.0,auto
1515,567,566,arterial,1,0.834782641867,1,1,60.0,0.834782641867,5.1583952503306e-14,4.4683,auto
1516,567,666,arterial,1,1.77391317616,1,1,60.0,1.77391317616,2.33035607834102e-15,4.4683,auto
1517,568,565,arterial,1,0.0100000003974,1,1,60.0,0.0100000003974,0.0,0.0,auto
1518,568,566,arterial,1,0.0100000003974,1,1,60.0,0.0100000003974,0.0,0.0,auto
1519,569,571,arterial,1,1.77391317616,1,1,60.0,1.77391317616,1.30271347127743e-10,3.5038,auto
1520,570,116,centroid_connector,1,0.520000012716,1,1,60.0,0.520000012716,0.0,0.0,auto
1521,570,568,arterial,1,1.17391312641,1,1,60.0,1.17391312641,1.30271347127739e-10,3.5038,auto
1522,571,116,centroid_connector,1,0.520000012716,1,1,60.0,0.520000012716,0.0,0.0,auto
1523,571,575,arterial,1,1.12173918019,1,1,60.0,1.12173918019,1.30271347127749e-10,3.5038,auto
1524,572,570,arterial,1,1.72173922995,1,1,60.0,1.72173922995,1.30271347127745e-10,3.5038,auto
1525,573,540,arterial,1,0.652173954508,1,1,60.0,0.652173954508,5.15839525033056e-14,4.4683,auto
1526,573,572,arterial,1,0.0100000003974,1,1,60.0,0.0100000003974,0.0,0.0,auto
1527,573,576,arterial,1,0.0100000003974,1,1,60.0,0.0100000003974,0.0,0.0,auto
1528,573,577,arterial,1,0.0100000003974,1,1,60.0,0.0100000003974,0.0,0.0,auto
1529,574,572,arterial,1,0.0100000003974,1,1,60.0,0.0100000003974,0.0,0.0,auto
1530,574,573,arterial,1,0.0100000003974,1,1,60.0,0.0100000003974,0.0,0.0,auto
1531,574,576,arterial,1,0.0100000003974,1,1,60.0,0.0100000003974,0.0,0.0,auto
1532,575,573,arterial,1,0.0100000003974,1,1,60.0,0.0100000003974,0.0,0.0,auto
1533,575,576,arterial,1,0.0100000003974,1,1,60.0,0.0100000003974,0.0,0.0,auto
1534,575,577,arterial,1,0.0100000003974,1,1,60.0,0.0100000003974,0.0,0.0,auto
1535,576,572,arterial,1,0.0100000003974,1,1,60.0,0.0100000003974,0.0,0.0,auto
1536,576,573,arterial,1,0.0100000003974,1,1,60.0,0.0100000003974,0.0,0.0,auto
1537,576,577,arterial,1,0.0100000003974,1,1,60.0,0.0100000003974,0.0,0.0,auto
1538,576,630,arterial,1,0.834782641867,1,1,60.0,0.834782641867,5.1583952503306e-14,4.4683,auto
1539,577,578,arterial,1,0.547826103542,1,1,60.0,0.547826103542,1.30271347127746e-10,3.5038,auto
1540,578,111,centroid_connector,1,0.720000012716,1,1,60.0,0.720000012716,0.0,0.0,auto
1541,578,581,arterial,1,0.965217424476,1,1,60.0,0.965217424476,1.30271347127742e-10,3.5038,auto
1542,579,111,centroid_connector,1,0.720000012716,1,1,60.0,0.720000012716,0.0,0.0,auto
1543,579,574,arterial,1,0.547826103542,1,1,60.0,0.547826103542,1.30271347127746e-10,3.5038,auto
1544,580,543,arterial,1,0.495652198792,1,1,60.0,0.495652198792,1.30271347127746e-10,3.5038,auto
1545,580,579,arterial,1,0.965217424476,1,1,60.0,0.965217424476,1.30271347127742e-10,3.5038,auto
1546,580,581,arterial,1,0.3130434907,1,1,60.0,0.3130434907,1.30271347127746e-10,3.5038,auto
1547,581,580,arterial,1,0.3130434907,1,1,60.0,0.3130434907,1.30271347127746e-10,3.5038,auto
1548,581,582,arterial,1,0.417391320933,1,1,60.0,0.417391320933,1.30271347127742e-10,3.5038,auto
1549,581,632,arterial,1,0.678260886151,1,1,60.0,0.678260886151,1.30271347127744e-10,3.5038,auto
1550,582,584,arterial,1,0.0100000003974,1,1,60.0,0.0100000003974,0.0,0.0,auto
1551,582,586,arterial,1,0.0100000003974,1,1,60.0,0.0100000003974,0.0,0.0,auto
1552,582,587,arterial,1,0.0100000003974,1,1,60.0,0.0100000003974,0.0,0.0,auto
1553,583,580,arterial,1,0.417391320933,1,1,60.0,0.417391320933,1.30271347127742e-10,3.5038,auto
1554,584,544,arterial,1,1.1478261533,1,1,60.0,1.1478261533,5.15839525033049e-14,4.4683,auto
1555,584,583,arterial,1,0.0100000003974,1,1,60.0,0.0100000003974,0.0,0.0,auto
1556,584,586,arterial,1,0.0100000003974,1,1,60.0,0.0100000003974,0.0,0.0,auto
1557,584,587,arterial,1,0.0100000003974,1,1,60.0,0.0100000003974,0.0,0.0,auto
1558,585,583,arterial,1,0.0100000003974,1,1,60.0,0.0100000003974,0.0,0.0,auto
1559,585,584,arterial,1,0.0100000003974,1,1,60.0,0.0100000003974,0.0,0.0,auto
1560,585,586,arterial,1,0.0100000003974,1,1,60.0,0.0100000003974,0.0,0.0,auto
1561,586,583,arterial,1,0.0100000003974,1,1,60.0,0.0100000003974,0.0,0.0,auto
1562,586,584,arterial,1,0.0100000003974,1,1,60.0,0.0100000003974,0.0,0.0,auto
1563,586,587,arterial,1,0.0100000003974,1,1,60.0,0.0100000003974,0.0,0.0,auto
1564,586,635,arterial,1,0.834782641867,1,1,60.0,0.834782641867,5.1583952503306e-14,4.4683,auto
1565,587,589,arterial,1,0.417391320933,1,1,60.0,0.417391320933,1.30271347127742e-10,3.5038,auto
1566,588,546,arterial,1,0.495652198792,1,1,60.0,0.495652198792,1.30271347127746e-10,3.5038,auto
1567,588,585,arterial,1,0.417391320933,1,1,60.0,0.417391320933,1.30271347127742e-10,3.5038,auto
1568,588,589,arterial,1,0.3130434907,1,1,60.0,0.3130434907,1.30271347127746e-10,3.5038,auto
1569,589,588,arterial,1,0.3130434907,1,1,60.0,0.3130434907,1.30271347127746e-10,3.5038,auto
1570,589,590,arterial,1,0.600000008293,1,1,60.0,0.600000008293,1.30271347127745e-10,3.5038,auto
1571,589,636,arterial,1,0.678260886151,1,1,60.0,0.678260886151,1.30271347127744e-10,3.5038,auto
1572,590,592,arterial,1,0.0100000003974,1,1,60.0,0.0100000003974,0.0,0.0,auto
1573,590,593,arterial,1,0.0100000003974,1,1,60.0,0.0100000003974,0.0,0.0,auto
1574,590,594,arterial,1,0.0100000003974,1,1,60.0,0.0100000003974,0.0,0.0,auto
1575,591,588,arterial,1,0.600000008293,1,1,60.0,0.600000008293,1.30271347127745e-10,3.5038,auto
1576,592,548,arterial,1,0.652173954508,1,1,60.0,0.652173954508,1.14841803828418e-11,3.5038,auto
1577,592,591,arterial,1,0.0100000003974,1,1,60.0,0.0100000003974,0.0,0.0,auto
1578,592,593,arterial,1,0.0100000003974,1,1,60.0,0.0100000003974,0.0,0.0,auto
1579,592,594,arterial,1,0.0100000003974,1,1,60.0,0.0100000003974,0.0,0.0,auto
1580,593,591,arterial,1,0.0100000003974,1,1,60.0,0.0100000003974,0.0,0.0,auto
1581,593,592,arterial,1,0.0100000003974,1,1,60.0,0.0100000003974,0.0,0.0,auto
1582,593,594,arterial,1,0.0100000003974,1,1,60.0,0.0100000003974,0.0,0.0,auto
1583,593,638,arterial,1,0.834782641867,1,1,60.0,0.834782641867,1.14841803828419e-11,3.5038,auto
1584,594,596,arterial,1,0.547826103542,1,1,60.0,0.547826103542,1.30271347127746e-10,3.5038,auto
1585,595,591,arterial,1,0.0100000003974,1,1,60.0,0.0100000003974,0.0,0.0,auto
1586,595,592,arterial,1,0.0100000003974,1,1,60.0,0.0100000003974,0.0,0.0,auto
1587,595,593,arterial,1,0.0100000003974,1,1,60.0,0.0100000003974,0.0,0.0,auto
1588,596,597,arterial,1,0.3130434907,1,1,60.0,0.3130434907,1.30271347127746e-10,3.5038,auto
1589,596,640,arterial,1,0.678260886151,1,1,60.0,0.678260886151,1.30271347127744e-10,3.5038,auto
1590,597,551,arterial,1,0.991304397583,1,1,60.0,0.991304397583,1.30271347127749e-10,3.5038,auto
1591,597,595,arterial,1,0.547826103542,1,1,60.0,0.547826103542,1.30271347127746e-10,3.5038,auto
1592,597,596,arterial,1,0.3130434907,1,1,60.0,0.3130434907,1.30271347127746e-10,3.5038,auto
1593,598,554,arterial,1,0.704347859258,1,1,60.0,0.704347859258,5.15839525033056e-14,4.4683,auto
1594,598,599,arterial,1,0.0100000003974,1,1,60.0,0.0100000003974,0.0,0.0,auto
1595,598,602,arterial,1,0.0100000003974,1,1,60.0,0.0100000003974,0.0,0.0,auto
1596,599,598,arterial,1,0.0100000003974,1,1,60.0,0.0100000003974,0.0,0.0,auto
1597,599,600,arterial,1,0.730434832366,1,1,60.0,0.730434832366,5.15839525033054e-14,4.4683,auto
1598,599,602,arterial,1,0.0100000003974,1,1,60.0,0.0100000003974,0.0,0.0,auto
1599,600,99,centroid_connector,1,0.480000019073,1,1,60.0,0.480000019073,0.0,0.0,auto
1600,600,599,arterial,1,0.730434832366,1,1,60.0,0.730434832366,5.15839525033054e-14,4.4683,auto
1601,600,643,arterial,1,0.600000008293,1,1,60.0,0.600000008293,5.15839525033059e-14,4.4683,auto
1602,601,98,centroid_connector,1,0.920000012716,1,1,60.0,0.920000012716,0.0,0.0,auto
1603,601,604,arterial,1,0.547826103542,1,1,60.0,0.547826103542,1.14841803828419e-11,3.5038,auto
1604,601,645,arterial,1,0.730434832366,1,1,60.0,0.730434832366,1.14841803828418e-11,3.5038,auto
1605,602,604,arterial,1,0.730434832366,1,1,60.0,0.730434832366,1.30271347127744e-10,3.5038,auto
1606,603,598,arterial,1,0.0100000003974,1,1,60.0,0.0100000003974,0.0,0.0,auto
1607,603,599,arterial,1,0.0100000003974,1,1,60.0,0.0100000003974,0.0,0.0,auto
1608,604,601,arterial,1,0.547826103542,1,1,60.0,0.547826103542,1.14841803828419e-11,3.5038,auto
1609,604,605,arterial,1,0.182608708091,1,1,60.0,0.182608708091,1.30271347127746e-10,3.5038,auto
1610,604,610,arterial,1,0.182608708091,1,1,60.0,0.182608708091,1.14841803828421e-11,3.5038,auto
1611,605,606,arterial,1,0.130434782609,1,1,60.0,0.130434782609,1.30271347127738e-10,3.5038,auto
1612,606,607,arterial,1,0.260869565217,1,1,60.0,0.260869565217,1.30271347127747e-10,3.5038,auto
1613,606,612,arterial,1,0.280000019073,1,1,60.0,0.280000019073,4.71182119997045e-11,3.6596,auto
1614,607,608,arterial,1,0.15652174535,1,1,60.0,0.15652174535,3.80709499442992e-16,4.4683,auto
1615,607,609,arterial,1,0.130434782609,1,1,60.0,0.130434782609,2.33035607834099e-15,4.4683,auto
1616,608,609,arterial,1,0.286956538325,1,1,60.0,0.286956538325,3.80709499443003e-16,4.4683,auto
1617,608,647,arterial,1,0.600000008293,1,1,60.0,0.600000008293,3.80709499442991e-16,4.4683,auto
1618,609,614,arterial,1,0.182608708091,1,1,60.0,0.182608708091,3.80709499443001e-16,4.4683,auto
1619,609,616,arterial,1,0.730434832366,1,1,60.0,0.730434832366,2.33035607834098e-15,4.4683,auto
1620,610,560,arterial,1,0.6260869814,1,1,60.0,0.6260869814,1.14841803828418e-11,3.5038,auto
1621,610,603,arterial,1,0.730434832366,1,1,60.0,0.730434832366,1.30271347127744e-10,3.5038,auto
1622,610,604,arterial,1,0.182608708091,1,1,60.0,0.182608708091,1.14841803828421e-11,3.5038,auto
1623,611,605,arterial,1,0.280000019073,1,1,60.0,0.280000019073,4.71182119997045e-11,3.6596,auto
1624,611,610,arterial,1,0.182608708091,1,1,60.0,0.182608708091,1.14841803828421e-11,3.5038,auto
1625,612,562,arterial,1,0.960000038147,1,1,60.0,0.960000038147,4.71182119997052e-11,3.6596,auto
1626,612,611,arterial,1,0.130434782609,1,1,60.0,0.130434782609,1.14841803828413e-11,3.5038,auto
1627,613,607,arterial,1,0.182608708091,1,1,60.0,0.182608708091,3.80709499443001e-16,4.4683,auto
1628,613,612,arterial,1,0.260869565217,1,1,60.0,0.260869565217,1.14841803828417e-11,3.5038,auto
1629,614,564,arterial,1,0.6260869814,1,1,60.0,0.6260869814,3.80709499442986e-16,4.4683,auto
1630,614,613,arterial,1,0.130434782609,1,1,60.0,0.130434782609,2.33035607834099e-15,4.4683,auto
1631,615,614,arterial,1,0.600000008293,1,1,60.0,0.600000008293,2.33035607834096e-15,4.4683,auto
1632,615,616,arterial,1,0.208695660467,1,1,60.0,0.208695660467,1.14841803828421e-11,3.5038,auto
1633,615,617,arterial,1,0.730434832366,1,1,60.0,0.730434832366,1.14841803828418e-11,3.5038,auto
1634,616,615,arterial,1,0.208695660467,1,1,60.0,0.208695660467,1.14841803828421e-11,3.5038,auto
1635,616,619,arterial,1,0.652173954508,1,1,60.0,0.652173954508,2.33035607834096e-15,4.4683,auto
1636,616,650,arterial,1,0.443478294041,1,1,60.0,0.443478294041,1.14841803828419e-11,3.5038,auto
1637,617,564,arterial,1,0.339130443075,1,1,60.0,0.339130443075,2.33035607834102e-15,4.4683,auto
1638,617,615,arterial,1,0.730434832366,1,1,60.0,0.730434832366,1.14841803828418e-11,3.5038,auto
1639,617,997,arterial,1,0.280000019073,1,1,60.0,0.280000019073,4.71182119997045e-11,3.6596,auto
1640,617,1012,arterial,1,0.443478294041,1,1,60.0,0.443478294041,2.33035607834102e-15,4.4683,auto
1641,618,615,arterial,1,0.652173954508,1,1,60.0,0.652173954508,3.80709499442996e-16,4.4683,auto
1642,618,619,arterial,1,0.182608708091,1,1,60.0,0.182608708091,1.14841803828421e-11,3.5038,auto
1643,618,1013,arterial,1,0.80869566876,1,1,60.0,0.80869566876,1.14841803828419e-11,3.5038,auto
1644,619,618,arterial,1,0.182608708091,1,1,60.0,0.182608708091,1.14841803828421e-11,3.5038,auto
1645,619,621,arterial,1,0.6260869814,1,1,60.0,0.6260869814,2.33035607834096e-15,4.4683,auto
1646,619,652,arterial,1,0.443478294041,1,1,60.0,0.443478294041,1.14841803828419e-11,3.5038,auto
1647,620,80,centroid_connector,1,0.440000025431,1,1,60.0,0.440000025431,0.0,0.0,auto
1648,620,618,arterial,1,0.234782612842,1,1,60.0,0.234782612842,3.80709499442994e-16,4.4683,auto
1649,621,80,centroid_connector,1,0.440000025431,1,1,60.0,0.440000025431,0.0,0.0,auto
1650,621,624,arterial,1,0.3130434907,1,1,60.0,0.3130434907,2.33035607834102e-15,4.4683,auto
1651,622,620,arterial,1,0.600000008293,1,1,60.0,0.600000008293,3.80709499442991e-16,4.4683,auto
1652,622,623,arterial,1,0.600000008293,1,1,60.0,0.600000008293,1.05276140898917e-16,4.4683,auto
1653,622,624,arterial,1,0.208695660467,1,1,60.0,0.208695660467,3.80709499443e-16,4.4683,auto
1654,623,622,arterial,1,0.600000008293,1,1,60.0,0.600000008293,3.80709499442991e-16,4.4683,auto
1655,623,1017,arterial,1,0.469565225684,1,1,60.0,0.469565225684,1.05276140898919e-16,4.4683,auto
1656,623,1020,arterial,1,0.443478294041,1,1,60.0,0.443478294041,2.33035607834102e-15,4.4683,auto
1657,624,622,arterial,1,0.208695660467,1,1,60.0,0.208695660467,1.05276140898917e-16,4.4683,auto
1658,624,625,arterial,1,0.57391307665,1,1,60.0,0.57391307665,3.80709499442985e-16,4.4683,auto
1659,624,627,arterial,1,0.443478294041,1,1,60.0,0.443478294041,2.33035607834102e-15,4.4683,auto
1660,625,624,arterial,1,0.57391307665,1,1,60.0,0.57391307665,1.05276140898917e-16,4.4683,auto
1661,625,627,arterial,1,0.495652198792,1,1,60.0,0.495652198792,1.14841803828419e-11,3.5038,auto
1662,625,655,arterial,1,0.481481493255,1,1,60.0,0.481481493255,7.4213753080544e-18,4.9432,auto
1663,626,622,arterial,1,0.495652198792,1,1,60.0,0.495652198792,3.80709499442991e-16,4.4683,auto
1664,626,627,arterial,1,0.208695660467,1,1,60.0,0.208695660467,2.33035607834108e-15,4.4683,auto
1665,626,1028,arterial,1,1.12173918019,1,1,60.0,1.12173918019,1.14841803828422e-11,3.5038,auto
1666,627,625,arterial,1,0.495652198792,1,1,60.0,0.495652198792,2.33035607834109e-15,4.4683,auto
1667,627,626,arterial,1,0.208695660467,1,1,60.0,0.208695660467,1.14841803828421e-11,3.5038,auto
1668,627,629,arterial,1,0.860869614974,1,1,60.0,0.860869614974,2.33035607834105e-15,4.4683,auto
1669,628,81,centroid_connector,1,1.36000010173,1,1,60.0,1.36000010173,0.0,0.0,auto
1670,628,626,arterial,1,0.57391307665,1,1,60.0,0.57391307665,3.80709499442985e-16,4.4683,auto
1671,629,81,centroid_connector,1,1.36000010173,1,1,60.0,1.36000010173,0.0,0.0,auto
1672,629,450,arterial,1,0.72,1,1,60.0,0.72,2.44227568739819e-19,5.1644,auto
1673,630,576,arterial,1,0.834782641867,1,1,60.0,0.834782641867,5.1583952503306e-14,4.4683,auto
1674,630,631,arterial,1,0.782608695652,1,1,60.0,0.782608695652,5.1583952503305e-14,4.4683,auto
1675,630,633,arterial,1,0.991304397583,1,1,60.0,0.991304397583,5.15839525033056e-14,4.4683,auto
1676,631,110,centroid_connector,1,1.24000002543,1,1,60.0,1.24000002543,0.0,0.0,auto
1677,631,630,arterial,1,0.782608695652,1,1,60.0,0.782608695652,5.1583952503305e-14,4.4683,auto
1678,631,632,arterial,1,0.782608695652,1,1,60.0,0.782608695652,5.1583952503305e-14,4.4683,auto
1679,632,581,arterial,1,0.678260886151,1,1,60.0,0.678260886151,1.30271347127744e-10,3.5038,auto
1680,632,631,arterial,1,0.782608695652,1,1,60.0,0.782608695652,5.1583952503305e-14,4.4683,auto
1681,632,634,arterial,1,1.20000001659,1,1,60.0,1.20000001659,1.30271347127751e-10,3.5038,auto
1682,632,635,arterial,1,0.417391320933,1,1,60.0,0.417391320933,1.14841803828418e-11,3.5038,auto
1683,633,110,centroid_connector,1,1.04000002543,1,1,60.0,1.04000002543,0.0,0.0,auto
1684,633,115,centroid_connector,1,1.84000002543,1,1,60.0,1.84000002543,0.0,0.0,auto
1685,633,630,arterial,1,0.991304397583,1,1,60.0,0.991304397583,5.15839525033056e-14,4.4683,auto
1686,633,838,arterial,1,0.991304397583,1,1,60.0,0.991304397583,2.33035607834107e-15,4.4683,auto
1687,634,110,centroid_connector,1,1.4,1,1,60.0,1.4,0.0,0.0,auto
1688,634,632,arterial,1,1.20000001659,1,1,60.0,1.20000001659,1.30271347127751e-10,3.5038,auto
1689,634,671,arterial,1,0.886956588082,1,1,60.0,0.886956588082,1.14841803828418e-11,3.5038,auto
1690,635,586,arterial,1,0.834782641867,1,1,60.0,0.834782641867,5.1583952503306e-14,4.4683,auto
1691,635,632,arterial,1,0.417391320933,1,1,60.0,0.417391320933,1.14841803828418e-11,3.5038,auto
1692,635,636,arterial,1,0.417391320933,1,1,60.0,0.417391320933,1.14841803828418e-11,3.5038,auto
1693,635,673,arterial,1,2.08695652174,1,1,60.0,2.08695652174,5.15839525033039e-14,4.4683,auto
1694,636,589,arterial,1,0.678260886151,1,1,60.0,0.678260886151,1.30271347127744e-10,3.5038,auto
1695,636,635,arterial,1,0.417391320933,1,1,60.0,0.417391320933,1.14841803828418e-11,3.5038,auto
1696,636,637,arterial,1,0.521739130435,1,1,60.0,0.521739130435,1.30271347127745e-10,3.5038,auto
1697,636,638,arterial,1,0.600000008293,1,1,60.0,0.600000008293,1.14841803828419e-11,3.5038,auto
1698,637,109,centroid_connector,1,1.12000007629,1,1,60.0,1.12000007629,0.0,0.0,auto
1699,637,636,arterial,1,0.521739130435,1,1,60.0,0.521739130435,1.30271347127745e-10,3.5038,auto
1700,637,675,arterial,1,1.4347826087,1,1,60.0,1.4347826087,1.30271347127739e-10,3.5038,auto
1701,638,593,arterial,1,0.834782641867,1,1,60.0,0.834782641867,1.30271347127742e-10,3.5038,auto
1702,638,636,arterial,1,0.600000008293,1,1,60.0,0.600000008293,1.14841803828419e-11,3.5038,auto
1703,638,639,arterial,1,0.469565225684,1,1,60.0,0.469565225684,1.14841803828419e-11,3.5038,auto
1704,638,640,arterial,1,0.547826103542,1,1,60.0,0.547826103542,1.14841803828419e-11,3.5038,auto
1705,639,109,centroid_connector,1,1.04000002543,1,1,60.0,1.04000002543,0.0,0.0,auto
1706,639,638,arterial,1,0.469565225684,1,1,60.0,0.469565225684,1.30271347127745e-10,3.5038,auto
1707,639,676,arterial,1,1.27826093591,1,1,60.0,1.27826093591,1.14841803828415e-11,3.5038,auto
1708,640,596,arterial,1,0.678260886151,1,1,60.0,0.678260886151,1.30271347127744e-10,3.5038,auto
1709,640,638,arterial,1,0.547826103542,1,1,60.0,0.547826103542,1.30271347127746e-10,3.5038,auto
1710,640,643,arterial,1,1.12173918019,1,1,60.0,1.12173918019,5.1583952503305e-14,4.4683,auto
1711,640,678,arterial,1,1.59130444734,1,1,60.0,1.59130444734,1.30271347127745e-10,3.5038,auto
1712,641,642,arterial,1,0.0100000003974,1,1,60.0,0.0100000003974,0.0,0.0,auto
1713,641,643,arterial,1,0.495652198792,1,1,60.0,0.495652198792,5.15839525033062e-14,4.4683,auto
1714,642,641,arterial,1,0.0100000003974,1,1,60.0,0.0100000003974,0.0,0.0,auto
1715,642,679,arterial,1,0.495652198792,1,1,60.0,0.495652198792,2.33035607834109e-15,4.4683,auto
1716,643,600,arterial,1,0.600000008293,1,1,60.0,0.600000008293,5.15839525033059e-14,4.4683,auto
1717,643,640,arterial,1,1.12173918019,1,1,60.0,1.12173918019,5.1583952503305e-14,4.4683,auto
1718,643,641,arterial,1,0.495652198792,1,1,60.0,0.495652198792,2.33035607834109e-15,4.4683,auto
1719,643,644,arterial,1,0.339130443075,1,1,60.0,0.339130443075,1.14841803828418e-11,3.5038,auto
1720,644,99,centroid_connector,1,0.880000050863,1,1,60.0,0.880000050863,0.0,0.0,auto
1721,644,643,arterial,1,0.339130443075,1,1,60.0,0.339130443075,1.30271347127744e-10,3.5038,auto
1722,644,645,arterial,1,0.391304347826,1,1,60.0,0.391304347826,1.14841803828418e-11,3.5038,auto
1723,645,601,arterial,1,0.730434832366,1,1,60.0,0.730434832366,1.14841803828418e-11,3.5038,auto
1724,645,644,arterial,1,0.391304347826,1,1,60.0,0.391304347826,1.30271347127744e-10,3.5038,auto
1725,645,646,arterial,1,0.678260886151,1,1,60.0,0.678260886151,1.14841803828418e-11,3.5038,auto
1726,645,680,arterial,1,0.730434832366,1,1,60.0,0.730434832366,1.14841803828418e-11,3.5038,auto
1727,646,645,arterial,1,0.678260886151,1,1,60.0,0.678260886151,1.14841803828418e-11,3.5038,auto
1728,646,647,arterial,1,0.57391307665,1,1,60.0,0.57391307665,3.80709499442985e-16,4.4683,auto
1729,646,648,arterial,1,0.80869566876,1,1,60.0,0.80869566876,1.14841803828419e-11,3.5038,auto
1730,646,681,arterial,1,0.443478294041,1,1,60.0,0.443478294041,3.80709499442983e-16,4.4683,auto
1731,647,98,centroid_connector,1,0.680000050863,1,1,60.0,0.680000050863,0.0,0.0,auto
1732,647,608,arterial,1,0.600000008293,1,1,60.0,0.600000008293,3.80709499442991e-16,4.4683,auto
1733,647,646,arterial,1,0.57391307665,1,1,60.0,0.57391307665,3.80709499442985e-16,4.4683,auto
1734,648,97,centroid_connector,1,1.2,1,1,60.0,1.2,0.0,0.0,auto
1735,648,646,arterial,1,0.80869566876,1,1,60.0,0.80869566876,1.14841803828419e-11,3.5038,auto
1736,648,649,arterial,1,0.547826103542,1,1,60.0,0.547826103542,1.14841803828419e-11,3.5038,auto
1737,649,648,arterial,1,0.547826103542,1,1,60.0,0.547826103542,1.14841803828419e-11,3.5038,auto
1738,649,650,arterial,1,0.57391307665,1,1,60.0,0.57391307665,1.14841803828419e-11,3.5038,auto
1739,649,651,arterial,1,0.652173954508,1,1,60.0,0.652173954508,1.14841803828418e-11,3.5038,auto
1740,649,659,arterial,1,1.01739137069,1,1,60.0,1.01739137069,1.14841803828416e-11,3.5038,auto
1741,650,98,centroid_connector,1,1.4,1,1,60.0,1.4,0.0,0.0,auto
1742,650,616,arterial,1,0.443478294041,1,1,60.0,0.443478294041,1.14841803828419e-11,3.5038,auto
1743,650,649,arterial,1,0.57391307665,1,1,60.0,0.57391307665,1.14841803828419e-11,3.5038,auto
1744,651,649,arterial,1,0.652173954508,1,1,60.0,0.652173954508,1.14841803828418e-11,3.5038,auto
1745,651,652,arterial,1,0.678260886151,1,1,60.0,0.678260886151,1.14841803828418e-11,3.5038,auto
1746,651,653,arterial,1,0.6260869814,1,1,60.0,0.6260869814,1.14841803828418e-11,3.5038,auto
1747,651,658,arterial,1,0.391304347826,1,1,60.0,0.391304347826,1.14841803828418e-11,3.5038,auto
1748,652,80,centroid_connector,1,0.640000025431,1,1,60.0,0.640000025431,0.0,0.0,auto
1749,652,619,arterial,1,0.443478294041,1,1,60.0,0.443478294041,1.14841803828419e-11,3.5038,auto
1750,652,651,arterial,1,0.678260886151,1,1,60.0,0.678260886151,1.14841803828418e-11,3.5038,auto
1751,653,82,centroid_connector,1,0.480000019073,1,1,60.0,0.480000019073,0.0,0.0,auto
1752,653,651,arterial,1,0.6260869814,1,1,60.0,0.6260869814,1.14841803828418e-11,3.5038,auto
1753,653,654,arterial,1,0.886956588082,1,1,60.0,0.886956588082,1.14841803828418e-11,3.5038,auto
1754,654,653,arterial,1,0.886956588082,1,1,60.0,0.886956588082,1.14841803828418e-11,3.5038,auto
1755,654,655,arterial,1,0.0100000003974,1,1,60.0,0.0100000003974,0.0,0.0,auto
1756,654,656,arterial,1,0.0100000003974,1,1,60.0,0.0100000003974,0.0,0.0,auto
1757,655,625,arterial,1,0.481481493255,1,1,60.0,0.481481493255,1.79014097001488e-18,4.9432,auto
1758,655,654,arterial,1,0.0100000003974,1,1,60.0,0.0100000003974,0.0,0.0,auto
1759,655,656,arterial,1,0.0100000003974,1,1,60.0,0.0100000003974,0.0,0.0,auto
1760,656,655,arterial,1,0.0100000003974,1,1,60.0,0.0100000003974,0.0,0.0,auto
1761,656,657,arterial,1,0.37037037037,1,1,60.0,0.37037037037,7.42137530805433e-18,4.9432,auto
1762,657,81,centroid_connector,1,1.4,1,1,60.0,1.4,0.0,0.0,auto
1763,657,656,arterial,1,0.37037037037,1,1,60.0,0.37037037037,1.79014097001489e-18,4.9432,auto
1764,657,702,arterial,1,0.777777801325,1,1,60.0,0.777777801325,7.42137530805434e-18,4.9432,auto
1765,658,82,centroid_connector,1,0.920000012716,1,1,60.0,0.920000012716,0.0,0.0,auto
1766,658,651,arterial,1,0.391304347826,1,1,60.0,0.391304347826,1.14841803828418e-11,3.5038,auto
1767,658,698,arterial,1,1.17391312641,1,1,60.0,1.17391312641,1.14841803828418e-11,3.5038,auto
1768,659,97,centroid_connector,1,1.04000002543,1,1,60.0,1.04000002543,0.0,0.0,auto
1769,659,649,arterial,1,1.01739137069,1,1,60.0,1.01739137069,1.30271347127744e-10,3.5038,auto
1770,659,696,arterial,1,0.547826103542,1,1,60.0,0.547826103542,1.14841803828419e-11,3.5038,auto
1771,660,145,centroid_connector,1,2.00000012716,1,1,60.0,2.00000012716,0.0,0.0,auto
1772,660,513,arterial,1,2.57971021864,1,1,60.0,2.57971021864,5.57789772763375e-24,6.5856,auto
1773,660,661,arterial,1,1.22181826505,1,1,60.0,1.22181826505,2.2965556346832e-17,5.3443,auto
1774,660,737,arterial,1,8.01449319591,1,1,60.0,8.01449319591,5.57789772763397e-24,6.5856,auto
1775,661,660,arterial,1,1.22181826505,1,1,60.0,1.22181826505,2.2965556346832e-17,5.3443,auto
1776,661,662,arterial,1,1.28985510932,1,1,60.0,1.28985510932,6.34992882521744e-16,5.0906,auto
1777,662,123,centroid_connector,1,0.760000038147,1,1,60.0,0.760000038147,0.0,0.0,auto
1778,662,661,arterial,1,1.28985510932,1,1,60.0,1.28985510932,6.34992882521744e-16,5.0906,auto
1779,662,663,arterial,1,0.492753660045,1,1,60.0,0.492753660045,6.34992882521733e-16,5.0906,auto
1780,663,662,arterial,1,0.492753660045,1,1,60.0,0.492753660045,6.34992882521733e-16,5.0906,auto
1781,663,664,arterial,1,0.0100000003974,1,1,60.0,0.0100000003974,0.0,0.0,auto
1782,664,663,arterial,1,0.0100000003974,1,1,60.0,0.0100000003974,0.0,0.0,auto
1783,664,665,arterial,1,0.797101449275,1,1,60.0,0.797101449275,6.34992882521718e-16,5.0906,auto
1784,665,118,centroid_connector,1,1.88000005086,1,1,60.0,1.88000005086,0.0,0.0,auto
1785,665,664,arterial,1,0.797101449275,1,1,60.0,0.797101449275,6.34992882521718e-16,5.0906,auto
1786,665,666,arterial,1,0.425925931813,1,1,60.0,0.425925931813,5.50729964743369e-17,4.9432,auto
1787,666,567,arterial,1,1.77391317616,1,1,60.0,1.77391317616,2.33035607834102e-15,4.4683,auto
1788,666,665,arterial,1,0.425925931813,1,1,60.0,0.425925931813,5.50729964743369e-17,4.9432,auto
1789,666,667,arterial,1,1.22222229286,1,1,60.0,1.22222229286,5.50729964743344e-17,4.9432,auto
1790,667,115,centroid_connector,1,1.64000002543,1,1,60.0,1.64000002543,0.0,0.0,auto
1791,667,120,centroid_connector,1,1.12000007629,1,1,60.0,1.12000007629,0.0,0.0,auto
1792,667,666,arterial,1,1.22222229286,1,1,60.0,1.22222229286,5.50729964743344e-17,4.9432,auto
1793,667,668,arterial,1,0.870370393918,1,1,60.0,0.870370393918,5.50729964743362e-17,4.9432,auto
1794,668,667,arterial,1,0.870370393918,1,1,60.0,0.870370393918,5.50729964743362e-17,4.9432,auto
1795,668,669,arterial,1,0.0100000003974,1,1,60.0,0.0100000003974,0.0,0.0,auto
1796,668,837,arterial,1,0.0100000003974,1,1,60.0,0.0100000003974,0.0,0.0,auto
1797,668,838,arterial,1,0.0100000003974,1,1,60.0,0.0100000003974,0.0,0.0,auto
1798,669,668,arterial,1,0.0100000003974,1,1,60.0,0.0100000003974,0.0,0.0,auto
1799,669,670,arterial,1,0.555555555556,1,1,60.0,0.555555555556,5.50729964743358e-17,4.9432,auto
1800,669,837,arterial,1,0.0100000003974,1,1,60.0,0.0100000003974,0.0,0.0,auto
1801,669,838,arterial,1,0.0100000003974,1,1,60.0,0.0100000003974,0.0,0.0,auto
1802,670,110,centroid_connector,1,1.68000005086,1,1,60.0,1.68000005086,0.0,0.0,auto
1803,670,114,centroid_connector,1,2.64000015259,1,1,60.0,2.64000015259,0.0,0.0,auto
1804,670,669,arterial,1,0.555555555556,1,1,60.0,0.555555555556,1.69429949454591e-15,4.9432,auto
1805,670,671,arterial,1,0.555555555556,1,1,60.0,0.555555555556,5.50729964743358e-17,4.9432,auto
1806,671,634,arterial,1,0.886956588082,1,1,60.0,0.886956588082,1.30271347127745e-10,3.5038,auto
1807,671,670,arterial,1,0.555555555556,1,1,60.0,0.555555555556,1.69429949454591e-15,4.9432,auto
1808,671,672,arterial,1,0.29629630807,1,1,60.0,0.29629630807,7.42137530805457e-18,4.9432,auto
1809,672,671,arterial,1,0.29629630807,1,1,60.0,0.29629630807,1.69429949454596e-15,4.9432,auto
1810,672,673,arterial,1,0.0100000003974,1,1,60.0,0.0100000003974,0.0,0.0,auto
1811,672,674,arterial,1,0.0100000003974,1,1,60.0,0.0100000003974,0.0,0.0,auto
1812,673,635,arterial,1,2.08695652174,1,1,60.0,2.08695652174,5.15839525033039e-14,4.4683,auto
1813,673,672,arterial,1,0.0100000003974,1,1,60.0,0.0100000003974,0.0,0.0,auto
1814,673,674,arterial,1,0.0100000003974,1,1,60.0,0.0100000003974,0.0,0.0,auto
1815,674,672,arterial,1,0.0100000003974,1,1,60.0,0.0100000003974,0.0,0.0,auto
1816,674,673,arterial,1,0.0100000003974,1,1,60.0,0.0100000003974,0.0,0.0,auto
1817,674,675,arterial,1,0.351851869512,1,1,60.0,0.351851869512,7.4213753080542e-18,4.9432,auto
1818,675,637,arterial,1,1.4347826087,1,1,60.0,1.4347826087,1.30271347127739e-10,3.5038,auto
1819,675,674,arterial,1,0.351851869512,1,1,60.0,0.351851869512,1.69429949454592e-15,4.9432,auto
1820,675,676,arterial,1,0.481481493255,1,1,60.0,0.481481493255,7.4213753080544e-18,4.9432,auto
1821,675,686,arterial,1,0.913043478261,1,1,60.0,0.913043478261,1.3027134712775e-10,3.5038,auto
1822,676,639,arterial,1,1.27826093591,1,1,60.0,1.27826093591,1.30271347127744e-10,3.5038,auto
1823,676,675,arterial,1,0.481481493255,1,1,60.0,0.481481493255,1.69429949454592e-15,4.9432,auto
1824,676,677,arterial,1,0.277777777778,1,1,60.0,0.277777777778,7.42137530805426e-18,4.9432,auto
1825,676,687,arterial,1,2.2173914702,1,1,60.0,2.2173914702,5.15839525033063e-14,4.4683,auto
1826,677,102,centroid_connector,1,2.48000005086,1,1,60.0,2.48000005086,0.0,0.0,auto
1827,677,676,arterial,1,0.277777777778,1,1,60.0,0.277777777778,1.69429949454591e-15,4.9432,auto
1828,677,678,arterial,1,0.277777777778,1,1,60.0,0.277777777778,7.42137530805426e-18,4.9432,auto
1829,678,640,arterial,1,2.44000015259,1,1,60.0,2.44000015259,5.95440230359109e-10,3.6596,auto
1830,678,677,arterial,1,0.277777777778,1,1,60.0,0.277777777778,1.69429949454591e-15,4.9432,auto
1831,678,679,arterial,1,0.722222269317,1,1,60.0,0.722222269317,7.42137530805433e-18,4.9432,auto
1832,679,642,arterial,1,0.495652198792,1,1,60.0,0.495652198792,5.15839525033062e-14,4.4683,auto
1833,679,678,arterial,1,0.722222269317,1,1,60.0,0.722222269317,5.50729964743362e-17,4.9432,auto
1834,679,680,arterial,1,0.834782641867,1,1,60.0,0.834782641867,3.80709499442995e-16,4.4683,auto
1835,679,688,arterial,1,0.730434832366,1,1,60.0,0.730434832366,5.15839525033054e-14,4.4683,auto
1836,680,645,arterial,1,0.730434832366,1,1,60.0,0.730434832366,1.14841803828418e-11,3.5038,auto
1837,680,679,arterial,1,0.834782641867,1,1,60.0,0.834782641867,3.80709499442995e-16,4.4683,auto
1838,680,681,arterial,1,0.704347859258,1,1,60.0,0.704347859258,3.80709499442996e-16,4.4683,auto
1839,681,646,arterial,1,0.443478294041,1,1,60.0,0.443478294041,3.80709499442983e-16,4.4683,auto
1840,681,680,arterial,1,0.704347859258,1,1,60.0,0.704347859258,3.80709499442996e-16,4.4683,auto
1841,681,689,arterial,1,0.51851855384,1,1,60.0,0.51851855384,5.50729964743349e-17,4.9432,auto
1842,682,114,centroid_connector,1,1.88000005086,1,1,60.0,1.88000005086,0.0,0.0,auto
1843,682,683,arterial,1,0.833333392202,1,1,60.0,0.833333392202,5.50729964743362e-17,4.9432,auto
1844,682,837,arterial,1,0.574074085848,1,1,60.0,0.574074085848,5.50729964743356e-17,4.9432,auto
1845,683,120,centroid_connector,1,1.12000007629,1,1,60.0,1.12000007629,0.0,0.0,auto
1846,683,682,arterial,1,0.833333392202,1,1,60.0,0.833333392202,5.50729964743362e-17,4.9432,auto
1847,683,704,arterial,1,1.70370372725,1,1,60.0,1.70370372725,5.50729964743363e-17,4.9432,auto
1848,684,113,centroid_connector,1,0.960000038147,1,1,60.0,0.960000038147,0.0,0.0,auto
1849,684,685,arterial,1,0.756521805473,1,1,60.0,0.756521805473,1.30271347127744e-10,3.5038,auto
1850,684,705,arterial,1,0.678260886151,1,1,60.0,0.678260886151,1.30271347127744e-10,3.5038,auto
1851,685,684,arterial,1,0.756521805473,1,1,60.0,0.756521805473,1.30271347127744e-10,3.5038,auto
1852,685,686,arterial,1,1.72173922995,1,1,60.0,1.72173922995,1.30271347127745e-10,3.5038,auto
1853,686,114,centroid_connector,1,1.88000005086,1,1,60.0,1.88000005086,0.0,0.0,auto
1854,686,675,arterial,1,0.913043478261,1,1,60.0,0.913043478261,1.3027134712775e-10,3.5038,auto
1855,686,685,arterial,1,1.72173922995,1,1,60.0,1.72173922995,1.30271347127745e-10,3.5038,auto
1856,687,102,centroid_connector,1,0.720000012716,1,1,60.0,0.720000012716,0.0,0.0,auto
1857,687,676,arterial,1,2.2173914702,1,1,60.0,2.2173914702,5.15839525033063e-14,4.4683,auto
1858,687,707,arterial,1,1.12173918019,1,1,60.0,1.12173918019,5.1583952503305e-14,4.4683,auto
1859,688,101,centroid_connector,1,0.960000038147,1,1,60.0,0.960000038147,0.0,0.0,auto
1860,688,679,arterial,1,0.730434832366,1,1,60.0,0.730434832366,5.15839525033054e-14,4.4683,auto
1861,688,709,arterial,1,2.53043481578,1,1,60.0,2.53043481578,5.15839525033031e-14,4.4683,auto
1862,689,101,centroid_connector,1,0.960000038147,1,1,60.0,0.960000038147,0.0,0.0,auto
1863,689,681,arterial,1,0.51851855384,1,1,60.0,0.51851855384,7.42137530805441e-18,4.9432,auto
1864,689,690,arterial,1,0.277777777778,1,1,60.0,0.277777777778,5.5072996474334e-17,4.9432,auto
1865,690,689,arterial,1,0.277777777778,1,1,60.0,0.277777777778,7.42137530805426e-18,4.9432,auto
1866,690,691,arterial,1,0.277777777778,1,1,60.0,0.277777777778,5.5072996474334e-17,4.9432,auto
1867,691,690,arterial,1,0.277777777778,1,1,60.0,0.277777777778,7.42137530805426e-18,4.9432,auto
1868,691,693,arterial,1,0.521739130435,1,1,60.0,0.521739130435,3.80709499442998e-16,4.4683,auto
1869,691,715,arterial,1,0.277777777778,1,1,60.0,0.277777777778,5.5072996474334e-17,4.9432,auto
1870,692,690,arterial,1,0.391304347826,1,1,60.0,0.391304347826,2.33035607834103e-15,4.4683,auto
1871,693,695,arterial,1,0.860869614974,1,1,60.0,0.860869614974,3.80709499442991e-16,4.4683,auto
1872,694,97,centroid_connector,1,1.32000007629,1,1,60.0,1.32000007629,0.0,0.0,auto
1873,694,100,centroid_connector,1,1.6,1,1,60.0,1.6,0.0,0.0,auto
1874,694,692,arterial,1,0.365217416183,1,1,60.0,0.365217416183,2.33035607834101e-15,4.4683,auto
1875,695,97,centroid_connector,1,1.32000007629,1,1,60.0,1.32000007629,0.0,0.0,auto
1876,695,100,centroid_connector,1,1.6,1,1,60.0,1.6,0.0,0.0,auto
1877,695,697,arterial,1,0.80869566876,1,1,60.0,0.80869566876,3.80709499442999e-16,4.4683,auto
1878,696,659,arterial,1,0.547826103542,1,1,60.0,0.547826103542,1.30271347127746e-10,3.5038,auto
1879,696,694,arterial,1,1.27826093591,1,1,60.0,1.27826093591,2.330356078341e-15,4.4683,auto
1880,696,697,arterial,1,0.286956538325,1,1,60.0,0.286956538325,1.14841803828417e-11,3.5038,auto
1881,697,696,arterial,1,0.286956538325,1,1,60.0,0.286956538325,1.14841803828417e-11,3.5038,auto
1882,697,699,arterial,1,0.652173954508,1,1,60.0,0.652173954508,3.80709499442996e-16,4.4683,auto
1883,697,718,arterial,1,0.6260869814,1,1,60.0,0.6260869814,1.14841803828418e-11,3.5038,auto
1884,698,658,arterial,1,1.17391312641,1,1,60.0,1.17391312641,1.14841803828418e-11,3.5038,auto
1885,698,696,arterial,1,0.652173954508,1,1,60.0,0.652173954508,2.33035607834096e-15,4.4683,auto
1886,698,699,arterial,1,0.286956538325,1,1,60.0,0.286956538325,1.14841803828417e-11,3.5038,auto
1887,699,698,arterial,1,0.286956538325,1,1,60.0,0.286956538325,1.14841803828417e-11,3.5038,auto
1888,699,701,arterial,1,1.30434790902,1,1,60.0,1.30434790902,2.33035607834097e-15,4.4683,auto
1889,699,720,arterial,1,0.6260869814,1,1,60.0,0.6260869814,2.33035607834096e-15,4.4683,auto
1890,700,84,centroid_connector,1,0.880000050863,1,1,60.0,0.880000050863,0.0,0.0,auto
1891,700,698,arterial,1,0.860869614974,1,1,60.0,0.860869614974,2.33035607834105e-15,4.4683,auto
1892,701,84,centroid_connector,1,0.880000050863,1,1,60.0,0.880000050863,0.0,0.0,auto
1893,701,703,arterial,1,0.678260886151,1,1,60.0,0.678260886151,2.33035607834099e-15,4.4683,auto
1894,702,657,arterial,1,0.777777801325,1,1,60.0,0.777777801325,1.79014097001489e-18,4.9432,auto
1895,702,700,arterial,1,1.06956523398,1,1,60.0,1.06956523398,2.33035607834111e-15,4.4683,auto
1896,702,703,arterial,1,0.240740746628,1,1,60.0,0.240740746628,7.4213753080544e-18,4.9432,auto
1897,703,83,centroid_connector,1,0.440000025431,1,1,60.0,0.440000025431,0.0,0.0,auto
1898,703,702,arterial,1,0.240740746628,1,1,60.0,0.240740746628,1.7901409700149e-18,4.9432,auto
1899,703,722,arterial,1,0.51851855384,1,1,60.0,0.51851855384,7.42137530805441e-18,4.9432,auto
1900,704,683,arterial,1,1.70370372725,1,1,60.0,1.70370372725,5.50729964743363e-17,4.9432,auto
1901,704,705,arterial,1,1.07407416826,1,1,60.0,1.07407416826,5.50729964743377e-17,4.9432,auto
1902,704,741,arterial,1,1.69090909091,1,1,60.0,1.69090909091,2.45631068855923e-15,4.9287,auto
1903,705,106,centroid_connector,1,1.12000007629,1,1,60.0,1.12000007629,0.0,0.0,auto
1904,705,684,arterial,1,0.678260886151,1,1,60.0,0.678260886151,1.30271347127744e-10,3.5038,auto
1905,705,704,arterial,1,1.07407416826,1,1,60.0,1.07407416826,5.50729964743377e-17,4.9432,auto
1906,705,706,arterial,1,0.444444462105,1,1,60.0,0.444444462105,5.50729964743355e-17,4.9432,auto
1907,706,113,centroid_connector,1,0.960000038147,1,1,60.0,0.960000038147,0.0,0.0,auto
1908,706,705,arterial,1,0.444444462105,1,1,60.0,0.444444462105,5.50729964743355e-17,4.9432,auto
1909,706,707,arterial,1,0.444444462105,1,1,60.0,0.444444462105,5.50729964743355e-17,4.9432,auto
1910,707,687,arterial,1,1.12173918019,1,1,60.0,1.12173918019,5.1583952503305e-14,4.4683,auto
1911,707,706,arterial,1,0.444444462105,1,1,60.0,0.444444462105,5.50729964743355e-17,4.9432,auto
1912,707,708,arterial,1,0.907407454502,1,1,60.0,0.907407454502,5.50729964743359e-17,4.9432,auto
1913,707,743,arterial,1,1.98260879517,1,1,60.0,1.98260879517,5.15839525033062e-14,4.4683,auto
1914,708,104,centroid_connector,1,1.96000010173,1,1,60.0,1.96000010173,0.0,0.0,auto
1915,708,707,arterial,1,0.907407454502,1,1,60.0,0.907407454502,5.50729964743359e-17,4.9432,auto
1916,708,709,arterial,1,0.351851869512,1,1,60.0,0.351851869512,5.50729964743363e-17,4.9432,auto
1917,709,688,arterial,1,2.53043481578,1,1,60.0,2.53043481578,5.15839525033031e-14,4.4683,auto
1918,709,708,arterial,1,0.351851869512,1,1,60.0,0.351851869512,5.50729964743363e-17,4.9432,auto
1919,709,710,arterial,1,0.629629676725,1,1,60.0,0.629629676725,5.50729964743352e-17,4.9432,auto
1920,709,836,arterial,1,0.495652198792,1,1,60.0,0.495652198792,5.15839525033062e-14,4.4683,auto
1921,710,709,arterial,1,0.629629676725,1,1,60.0,0.629629676725,5.50729964743352e-17,4.9432,auto
1922,710,711,arterial,1,0.81481486191,1,1,60.0,0.81481486191,5.50729964743358e-17,4.9432,auto
1923,710,726,arterial,1,0.443478294041,1,1,60.0,0.443478294041,2.33035607834102e-15,4.4683,auto
1924,711,710,arterial,1,0.81481486191,1,1,60.0,0.81481486191,5.50729964743358e-17,4.9432,auto
1925,711,712,arterial,1,0.0100000003974,1,1,60.0,0.0100000003974,0.0,0.0,auto
1926,711,713,arterial,1,0.0100000003974,1,1,60.0,0.0100000003974,0.0,0.0,auto
1927,712,713,arterial,1,0.0100000003974,1,1,60.0,0.0100000003974,0.0,0.0,auto
1928,712,727,arterial,1,0.740740740741,1,1,60.0,0.740740740741,5.50729964743362e-17,4.9432,auto
1929,713,711,arterial,1,0.0100000003974,1,1,60.0,0.0100000003974,0.0,0.0,auto
1930,713,712,arterial,1,0.0100000003974,1,1,60.0,0.0100000003974,0.0,0.0,auto
1931,713,714,arterial,1,0.277777777778,1,1,60.0,0.277777777778,5.5072996474334e-17,4.9432,auto
1932,714,713,arterial,1,0.277777777778,1,1,60.0,0.277777777778,7.42137530805426e-18,4.9432,auto
1933,714,715,arterial,1,0.0100000003974,1,1,60.0,0.0100000003974,0.0,0.0,auto
1934,715,691,arterial,1,0.277777777778,1,1,60.0,0.277777777778,5.5072996474334e-17,4.9432,auto
1935,715,714,arterial,1,0.0100000003974,1,1,60.0,0.0100000003974,0.0,0.0,auto
1936,716,717,arterial,1,0.6260869814,1,1,60.0,0.6260869814,1.14841803828418e-11,3.5038,auto
1937,716,729,arterial,1,0.600000008293,1,1,60.0,0.600000008293,1.30271347127745e-10,3.5038,auto
1938,717,716,arterial,1,0.6260869814,1,1,60.0,0.6260869814,1.30271347127744e-10,3.5038,auto
1939,717,718,arterial,1,0.704347859258,1,1,60.0,0.704347859258,1.30271347127745e-10,3.5038,auto
1940,717,719,arterial,1,0.652173954508,1,1,60.0,0.652173954508,1.14841803828418e-11,3.5038,auto
1941,717,730,arterial,1,0.600000008293,1,1,60.0,0.600000008293,1.14841803828419e-11,3.5038,auto
1942,718,100,centroid_connector,1,1.76000010173,1,1,60.0,1.76000010173,0.0,0.0,auto
1943,718,697,arterial,1,0.6260869814,1,1,60.0,0.6260869814,1.30271347127744e-10,3.5038,auto
1944,718,717,arterial,1,0.704347859258,1,1,60.0,0.704347859258,1.14841803828418e-11,3.5038,auto
1945,719,717,arterial,1,0.652173954508,1,1,60.0,0.652173954508,1.30271347127745e-10,3.5038,auto
1946,719,720,arterial,1,0.704347859258,1,1,60.0,0.704347859258,1.14841803828418e-11,3.5038,auto
1947,719,721,arterial,1,1.46086966473,1,1,60.0,1.46086966473,1.1484180382842e-11,3.5038,auto
1948,719,731,arterial,1,0.600000008293,1,1,60.0,0.600000008293,1.14841803828419e-11,3.5038,auto
1949,720,84,centroid_connector,1,1.52000007629,1,1,60.0,1.52000007629,0.0,0.0,auto
1950,720,699,arterial,1,0.6260869814,1,1,60.0,0.6260869814,2.33035607834096e-15,4.4683,auto
1951,720,719,arterial,1,0.704347859258,1,1,60.0,0.704347859258,1.14841803828418e-11,3.5038,auto
1952,721,85,centroid_connector,1,0.4,1,1,60.0,0.4,0.0,0.0,auto
1953,721,719,arterial,1,1.46086966473,1,1,60.0,1.46086966473,1.1484180382842e-11,3.5038,auto
1954,721,723,arterial,1,0.886956588082,1,1,60.0,0.886956588082,1.14841803828418e-11,3.5038,auto
1955,721,725,arterial,1,1.77391317616,1,1,60.0,1.77391317616,1.14841803828416e-11,3.5038,auto
1956,722,84,centroid_connector,1,1.52000007629,1,1,60.0,1.52000007629,0.0,0.0,auto
1957,722,703,arterial,1,0.51851855384,1,1,60.0,0.51851855384,1.79014097001489e-18,4.9432,auto
1958,722,723,arterial,1,0.500000023548,1,1,60.0,0.500000023548,7.42137530805438e-18,4.9432,auto
1959,723,721,arterial,1,0.886956588082,1,1,60.0,0.886956588082,1.14841803828418e-11,3.5038,auto
1960,723,724,arterial,1,0.111111115526,1,1,60.0,0.111111115526,7.42137530805431e-18,4.9432,auto
1961,724,725,arterial,1,0.388888900663,1,1,60.0,0.388888900663,1.79014097001489e-18,4.9432,auto
1962,724,735,arterial,1,0.314814838362,1,1,60.0,0.314814838362,7.4213753080543e-18,4.9432,auto
1963,725,721,arterial,1,1.77391317616,1,1,60.0,1.77391317616,1.14841803828416e-11,3.5038,auto
1964,725,722,arterial,1,0.500000023548,1,1,60.0,0.500000023548,1.79014097001491e-18,4.9432,auto
1965,726,710,arterial,1,0.443478294041,1,1,60.0,0.443478294041,2.33035607834102e-15,4.4683,auto
1966,726,727,arterial,1,0.939130451368,1,1,60.0,0.939130451368,1.14841803828422e-11,3.5038,auto
1967,726,745,arterial,1,0.939130451368,1,1,60.0,0.939130451368,2.33035607834108e-15,4.4683,auto
1968,727,712,arterial,1,0.740740740741,1,1,60.0,0.740740740741,5.50729964743362e-17,4.9432,auto
1969,727,726,arterial,1,0.939130451368,1,1,60.0,0.939130451368,1.14841803828422e-11,3.5038,auto
1970,727,728,arterial,1,1.2521739628,1,1,60.0,1.2521739628,1.14841803828421e-11,3.5038,auto
1971,727,746,arterial,1,0.59259261614,1,1,60.0,0.59259261614,5.50729964743363e-17,4.9432,auto
1972,728,100,centroid_connector,1,1.6,1,1,60.0,1.6,0.0,0.0,auto
1973,728,727,arterial,1,1.2521739628,1,1,60.0,1.2521739628,1.14841803828421e-11,3.5038,auto
1974,728,729,arterial,1,0.57391307665,1,1,60.0,0.57391307665,1.14841803828419e-11,3.5038,auto
1975,729,716,arterial,1,0.600000008293,1,1,60.0,0.600000008293,1.30271347127745e-10,3.5038,auto
1976,729,728,arterial,1,0.57391307665,1,1,60.0,0.57391307665,1.14841803828419e-11,3.5038,auto
1977,729,730,arterial,1,0.6260869814,1,1,60.0,0.6260869814,1.14841803828418e-11,3.5038,auto
1978,729,750,arterial,1,0.286956538325,1,1,60.0,0.286956538325,1.14841803828417e-11,3.5038,auto
1979,730,717,arterial,1,0.600000008293,1,1,60.0,0.600000008293,1.30271347127745e-10,3.5038,auto
1980,730,729,arterial,1,0.6260869814,1,1,60.0,0.6260869814,1.14841803828418e-11,3.5038,auto
1981,730,731,arterial,1,0.652173954508,1,1,60.0,0.652173954508,1.14841803828418e-11,3.5038,auto
1982,730,756,arterial,1,0.286956538325,1,1,60.0,0.286956538325,1.14841803828417e-11,3.5038,auto
1983,731,719,arterial,1,0.600000008293,1,1,60.0,0.600000008293,1.14841803828419e-11,3.5038,auto
1984,731,730,arterial,1,0.652173954508,1,1,60.0,0.652173954508,1.14841803828418e-11,3.5038,auto
1985,731,758,arterial,1,0.286956538325,1,1,60.0,0.286956538325,1.14841803828417e-11,3.5038,auto
1986,731,1041,arterial,1,0.600000008293,1,1,60.0,0.600000008293,1.14841803828419e-11,3.5038,auto
1987,732,85,centroid_connector,1,0.680000050863,1,1,60.0,0.680000050863,0.0,0.0,auto
1988,732,1041,arterial,1,0.495652198792,1,1,60.0,0.495652198792,1.14841803828419e-11,3.5038,auto
1989,732,1042,arterial,1,0.234782612842,1,1,60.0,0.234782612842,1.14841803828421e-11,3.5038,auto
1990,733,734,arterial,1,0.57391307665,1,1,60.0,0.57391307665,1.14841803828419e-11,3.5038,auto
1991,733,764,arterial,1,0.600000008293,1,1,60.0,0.600000008293,2.33035607834096e-15,4.4683,auto
1992,733,1042,arterial,1,0.834782641867,1,1,60.0,0.834782641867,1.14841803828419e-11,3.5038,auto
1993,734,733,arterial,1,0.57391307665,1,1,60.0,0.57391307665,1.14841803828419e-11,3.5038,auto
1994,734,735,arterial,1,0.0100000003974,1,1,60.0,0.0100000003974,0.0,0.0,auto
1995,734,736,arterial,1,0.0100000003974,1,1,60.0,0.0100000003974,0.0,0.0,auto
1996,735,724,arterial,1,0.314814838362,1,1,60.0,0.314814838362,1.79014097001488e-18,4.9432,auto
1997,735,734,arterial,1,0.0100000003974,1,1,60.0,0.0100000003974,0.0,0.0,auto
1998,735,736,arterial,1,0.0100000003974,1,1,60.0,0.0100000003974,0.0,0.0,auto
1999,736,735,arterial,1,0.0100000003974,1,1,60.0,0.0100000003974,0.0,0.0,auto
2000,736,767,arterial,1,0.481481493255,1,1,60.0,0.481481493255,1.79014097001488e-18,4.9432,auto
2001,737,144,centroid_connector,1,2.00000012716,1,1,60.0,2.00000012716,0.0,0.0,auto
2002,737,660,arterial,1,8.01449319591,1,1,60.0,8.01449319591,5.57789772763397e-24,6.5856,auto
2003,737,738,arterial,1,2.11636366411,1,1,60.0,2.11636366411,2.29655563468316e-17,5.3443,auto
2004,737,800,arterial,1,5.15942043728,1,1,60.0,5.15942043728,5.57789772763395e-24,6.5856,auto
2005,738,737,arterial,1,2.11636366411,1,1,60.0,2.11636366411,2.29655563468316e-17,5.3443,auto
2006,738,739,arterial,1,0.0100000003974,1,1,60.0,0.0100000003974,0.0,0.0,auto
2007,739,738,arterial,1,0.0100000003974,1,1,60.0,0.0100000003974,0.0,0.0,auto
2008,739,740,arterial,1,0.720000041615,1,1,60.0,0.720000041615,2.29655563468321e-17,5.3443,auto
2009,740,126,centroid_connector,1,1.12000007629,1,1,60.0,1.12000007629,0.0,0.0,auto
2010,740,739,arterial,1,0.720000041615,1,1,60.0,0.720000041615,2.29655563468321e-17,5.3443,auto
2011,740,741,arterial,1,0.545454580134,1,1,60.0,0.545454580134,2.2965556346832e-17,5.3443,auto
2012,741,704,arterial,1,1.69090909091,1,1,60.0,1.69090909091,2.45631068855923e-15,4.9287,auto
2013,741,740,arterial,1,0.545454580134,1,1,60.0,0.545454580134,2.2965556346832e-17,5.3443,auto
2014,741,742,arterial,1,1.37681168635,1,1,60.0,1.37681168635,7.49420256436889e-19,5.7894,auto
2015,741,802,arterial,1,2.25818190141,1,1,60.0,2.25818190141,2.45631068855927e-15,4.9287,auto
2016,742,106,centroid_connector,1,1.12000007629,1,1,60.0,1.12000007629,0.0,0.0,auto
2017,742,741,arterial,1,1.37681168635,1,1,60.0,1.37681168635,7.49420256436889e-19,5.7894,auto
2018,742,743,arterial,1,0.652173959115,1,1,60.0,0.652173959115,7.49420256436844e-19,5.7894,auto
2019,743,707,arterial,1,1.98260879517,1,1,60.0,1.98260879517,5.15839525033062e-14,4.4683,auto
2020,743,742,arterial,1,0.652173959115,1,1,60.0,0.652173959115,7.49420256436844e-19,5.7894,auto
2021,743,744,arterial,1,1.03703710768,1,1,60.0,1.03703710768,8.33893310646652e-17,5.1409,auto
2022,744,743,arterial,1,1.03703710768,1,1,60.0,1.03703710768,8.33893310646652e-17,5.1409,auto
2023,744,745,arterial,1,1.11111111111,1,1,60.0,1.11111111111,2.36344437451397e-18,5.1409,auto
2024,744,836,arterial,1,0.991304397583,1,1,60.0,0.991304397583,5.15839525033056e-14,4.4683,auto
2025,745,726,arterial,1,0.939130451368,1,1,60.0,0.939130451368,2.33035607834108e-15,4.4683,auto
2026,745,744,arterial,1,1.11111111111,1,1,60.0,1.11111111111,2.36344437451397e-18,5.1409,auto
2027,745,746,arterial,1,0.611111146432,1,1,60.0,0.611111146432,2.36344437451398e-18,5.1409,auto
2028,746,727,arterial,1,0.59259261614,1,1,60.0,0.59259261614,5.50729964743363e-17,4.9432,auto
2029,746,745,arterial,1,0.611111146432,1,1,60.0,0.611111146432,2.36344437451398e-18,5.1409,auto
2030,746,748,arterial,1,0.351851869512,1,1,60.0,0.351851869512,2.93952955863628e-19,5.1409,auto
2031,747,746,arterial,1,0.462962992397,1,1,60.0,0.462962992397,2.36344437451398e-18,5.1409,auto
2032,748,749,arterial,1,0.944444456218,1,1,60.0,0.944444456218,6.69854193588604e-20,5.1409,auto
2033,749,750,arterial,1,0.495652198792,1,1,60.0,0.495652198792,1.14841803828419e-11,3.5038,auto
2034,749,752,arterial,1,0.222222231053,1,1,60.0,0.222222231053,6.69854193588606e-20,5.1409,auto
2035,749,753,arterial,1,0.760000038147,1,1,60.0,0.760000038147,4.14193294965738e-12,3.6544,auto
2036,750,729,arterial,1,0.286956538325,1,1,60.0,0.286956538325,1.14841803828417e-11,3.5038,auto
2037,750,747,arterial,1,0.944444456218,1,1,60.0,0.944444456218,2.93952955863632e-19,5.1409,auto
2038,750,749,arterial,1,0.495652198792,1,1,60.0,0.495652198792,1.14841803828419e-11,3.5038,auto
2039,751,103,centroid_connector,1,0.920000012716,1,1,60.0,0.920000012716,0.0,0.0,auto
2040,751,750,arterial,1,0.222222231053,1,1,60.0,0.222222231053,2.93952955863631e-19,5.1409,auto
2041,752,103,centroid_connector,1,0.680000050863,1,1,60.0,0.680000050863,0.0,0.0,auto
2042,752,757,arterial,1,0.222222231053,1,1,60.0,0.222222231053,6.69854193588606e-20,5.1409,auto
2043,753,749,arterial,1,0.760000038147,1,1,60.0,0.760000038147,4.14193294965738e-12,3.6544,auto
2044,753,754,arterial,1,0.0100000003974,1,1,60.0,0.0100000003974,0.0,0.0,auto
2045,754,753,arterial,1,0.0100000003974,1,1,60.0,0.0100000003974,0.0,0.0,auto
2046,754,755,arterial,1,0.620000012716,1,1,60.0,0.620000012716,4.1419329496574e-12,3.6544,auto
2047,755,105,centroid_connector,1,1.12000007629,1,1,60.0,1.12000007629,0.0,0.0,auto
2048,755,754,arterial,1,0.620000012716,1,1,60.0,0.620000012716,4.1419329496574e-12,3.6544,auto
2049,755,1040,arterial,1,1.48695655491,1,1,60.0,1.48695655491,1.30271347127746e-10,3.5038,auto
2050,756,730,arterial,1,0.286956538325,1,1,60.0,0.286956538325,1.30271347127744e-10,3.5038,auto
2051,756,751,arterial,1,0.222222231053,1,1,60.0,0.222222231053,2.93952955863631e-19,5.1409,auto
2052,756,757,arterial,1,0.547826103542,1,1,60.0,0.547826103542,1.14841803828419e-11,3.5038,auto
2053,757,756,arterial,1,0.547826103542,1,1,60.0,0.547826103542,1.14841803828419e-11,3.5038,auto
2054,757,759,arterial,1,0.462962992397,1,1,60.0,0.462962992397,6.69854193588603e-20,5.1409,auto
2055,757,1039,arterial,1,1.04347826087,1,1,60.0,1.04347826087,1.30271347127736e-10,3.5038,auto
2056,758,731,arterial,1,0.286956538325,1,1,60.0,0.286956538325,1.14841803828417e-11,3.5038,auto
2057,758,756,arterial,1,0.462962992397,1,1,60.0,0.462962992397,2.93952955863619e-19,5.1409,auto
2058,758,759,arterial,1,0.547826103542,1,1,60.0,0.547826103542,1.14841803828419e-11,3.5038,auto
2059,759,758,arterial,1,0.547826103542,1,1,60.0,0.547826103542,1.14841803828419e-11,3.5038,auto
2060,759,760,arterial,1,0.59259261614,1,1,60.0,0.59259261614,2.93952955863635e-19,5.1409,auto
2061,759,772,arterial,1,1.1478261533,1,1,60.0,1.1478261533,1.14841803828415e-11,3.5038,auto
2062,760,758,arterial,1,0.59259261614,1,1,60.0,0.59259261614,2.93952955863635e-19,5.1409,auto
2063,760,761,arterial,1,0.407407430955,1,1,60.0,0.407407430955,7.42137530805435e-18,4.9432,auto
2064,761,760,arterial,1,0.407407430955,1,1,60.0,0.407407430955,2.93952955863639e-19,5.1409,auto
2065,761,762,arterial,1,0.500000023548,1,1,60.0,0.500000023548,7.42137530805438e-18,4.9432,auto
2066,762,761,arterial,1,0.500000023548,1,1,60.0,0.500000023548,2.9395295586364e-19,5.1409,auto
2067,762,763,arterial,1,0.0100000003974,1,1,60.0,0.0100000003974,0.0,0.0,auto
2068,762,765,arterial,1,0.0100000003974,1,1,60.0,0.0100000003974,0.0,0.0,auto
2069,763,762,arterial,1,0.0100000003974,1,1,60.0,0.0100000003974,0.0,0.0,auto
2070,763,764,arterial,1,0.0100000003974,1,1,60.0,0.0100000003974,0.0,0.0,auto
2071,763,765,arterial,1,0.0100000003974,1,1,60.0,0.0100000003974,0.0,0.0,auto
2072,763,771,arterial,1,0.57391307665,1,1,60.0,0.57391307665,2.3303560783411e-15,4.4683,auto
2073,764,733,arterial,1,0.600000008293,1,1,60.0,0.600000008293,2.33035607834096e-15,4.4683,auto
2074,764,762,arterial,1,0.0100000003974,1,1,60.0,0.0100000003974,0.0,0.0,auto
2075,764,763,arterial,1,0.0100000003974,1,1,60.0,0.0100000003974,0.0,0.0,auto
2076,764,765,arterial,1,0.0100000003974,1,1,60.0,0.0100000003974,0.0,0.0,auto
2077,765,762,arterial,1,0.0100000003974,1,1,60.0,0.0100000003974,0.0,0.0,auto
2078,765,763,arterial,1,0.0100000003974,1,1,60.0,0.0100000003974,0.0,0.0,auto
2079,765,764,arterial,1,0.0100000003974,1,1,60.0,0.0100000003974,0.0,0.0,auto
2080,765,766,arterial,1,0.574074085848,1,1,60.0,0.574074085848,2.93952955863628e-19,5.1409,auto
2081,766,765,arterial,1,0.574074085848,1,1,60.0,0.574074085848,7.42137530805442e-18,4.9432,auto
2082,766,767,arterial,1,0.0100000003974,1,1,60.0,0.0100000003974,0.0,0.0,auto
2083,766,768,arterial,1,0.0100000003974,1,1,60.0,0.0100000003974,0.0,0.0,auto
2084,766,769,arterial,1,0.0100000003974,1,1,60.0,0.0100000003974,0.0,0.0,auto
2085,767,736,arterial,1,0.481481493255,1,1,60.0,0.481481493255,1.79014097001488e-18,4.9432,auto
2086,767,766,arterial,1,0.0100000003974,1,1,60.0,0.0100000003974,0.0,0.0,auto
2087,767,768,arterial,1,0.0100000003974,1,1,60.0,0.0100000003974,0.0,0.0,auto
2088,767,769,arterial,1,0.0100000003974,1,1,60.0,0.0100000003974,0.0,0.0,auto
2089,768,459,arterial,1,0.722222269317,1,1,60.0,0.722222269317,2.93952955863624e-19,5.1409,auto
2090,768,766,arterial,1,0.0100000003974,1,1,60.0,0.0100000003974,0.0,0.0,auto
2091,768,767,arterial,1,0.0100000003974,1,1,60.0,0.0100000003974,0.0,0.0,auto
2092,768,769,arterial,1,0.0100000003974,1,1,60.0,0.0100000003974,0.0,0.0,auto
2093,769,766,arterial,1,0.0100000003974,1,1,60.0,0.0100000003974,0.0,0.0,auto
2094,769,767,arterial,1,0.0100000003974,1,1,60.0,0.0100000003974,0.0,0.0,auto
2095,769,768,arterial,1,0.0100000003974,1,1,60.0,0.0100000003974,0.0,0.0,auto
2096,769,770,arterial,1,0.629629676725,1,1,60.0,0.629629676725,7.4213753080543e-18,4.9432,auto
2097,770,86,centroid_connector,1,0.680000050863,1,1,60.0,0.680000050863,0.0,0.0,auto
2098,770,769,arterial,1,0.629629676725,1,1,60.0,0.629629676725,1.79014097001482e-18,4.9432,auto
2099,770,776,arterial,1,0.500000023548,1,1,60.0,0.500000023548,7.42137530805438e-18,4.9432,auto
2100,771,87,centroid_connector,1,0.960000038147,1,1,60.0,0.960000038147,0.0,0.0,auto
2101,771,763,arterial,1,0.57391307665,1,1,60.0,0.57391307665,2.3303560783411e-15,4.4683,auto
2102,771,775,arterial,1,0.744000015259,1,1,60.0,0.744000015259,1.98244151753245e-18,5.1644,auto
2103,772,759,arterial,1,1.1478261533,1,1,60.0,1.1478261533,1.14841803828415e-11,3.5038,auto
2104,772,773,arterial,1,0.704347859258,1,1,60.0,0.704347859258,1.30271347127745e-10,3.5038,auto
2105,773,772,arterial,1,0.704347859258,1,1,60.0,0.704347859258,1.14841803828418e-11,3.5038,auto
2106,773,774,arterial,1,0.547826103542,1,1,60.0,0.547826103542,1.30271347127746e-10,3.5038,auto
2107,774,773,arterial,1,0.547826103542,1,1,60.0,0.547826103542,1.30271347127746e-10,3.5038,auto
2108,774,775,arterial,1,0.730434832366,1,1,60.0,0.730434832366,1.30271347127744e-10,3.5038,auto
2109,775,771,arterial,1,0.744000015259,1,1,60.0,0.744000015259,1.98244151753245e-18,5.1644,auto
2110,775,774,arterial,1,0.730434832366,1,1,60.0,0.730434832366,1.14841803828418e-11,3.5038,auto
2111,775,776,arterial,1,0.991304397583,1,1,60.0,0.991304397583,1.30271347127749e-10,3.5038,auto
2112,775,777,arterial,1,1.12800003052,1,1,60.0,1.12800003052,1.9824415175324e-18,5.1644,auto
2113,776,770,arterial,1,0.500000023548,1,1,60.0,0.500000023548,1.79014097001491e-18,4.9432,auto
2114,776,775,arterial,1,0.991304397583,1,1,60.0,0.991304397583,1.14841803828422e-11,3.5038,auto
2115,776,778,arterial,1,0.851851863626,1,1,60.0,0.851851863626,7.42137530805437e-18,4.9432,auto
2116,777,88,centroid_connector,1,1.04000002543,1,1,60.0,1.04000002543,0.0,0.0,auto
2117,777,775,arterial,1,1.12800003052,1,1,60.0,1.12800003052,1.9824415175324e-18,5.1644,auto
2118,777,783,arterial,1,1.20000007629,1,1,60.0,1.20000007629,1.9824415175325e-18,5.1644,auto
2119,778,88,centroid_connector,1,1.36000010173,1,1,60.0,1.36000010173,0.0,0.0,auto
2120,778,776,arterial,1,0.851851863626,1,1,60.0,0.851851863626,1.79014097001484e-18,4.9432,auto
2121,778,787,arterial,1,0.981481516803,1,1,60.0,0.981481516803,7.42137530805439e-18,4.9432,auto
2122,779,131,centroid_connector,1,1.12000007629,1,1,60.0,1.12000007629,0.0,0.0,auto
2123,779,780,arterial,1,0.782608695652,1,1,60.0,0.782608695652,1.1484180382842e-11,3.5038,auto
2124,780,779,arterial,1,0.782608695652,1,1,60.0,0.782608695652,1.1484180382842e-11,3.5038,auto
2125,780,781,arterial,1,0.0100000003974,1,1,60.0,0.0100000003974,0.0,0.0,auto
2126,781,780,arterial,1,0.0100000003974,1,1,60.0,0.0100000003974,0.0,0.0,auto
2127,781,782,arterial,1,0.860869614974,1,1,60.0,0.860869614974,1.14841803828419e-11,3.5038,auto
2128,782,781,arterial,1,0.860869614974,1,1,60.0,0.860869614974,1.14841803828419e-11,3.5038,auto
2129,782,783,arterial,1,0.0100000003974,1,1,60.0,0.0100000003974,0.0,0.0,auto
2130,782,784,arterial,1,0.0100000003974,1,1,60.0,0.0100000003974,0.0,0.0,auto
2131,782,785,arterial,1,0.0100000003974,1,1,60.0,0.0100000003974,0.0,0.0,auto
2132,783,777,arterial,1,1.20000007629,1,1,60.0,1.20000007629,1.9824415175325e-18,5.1644,auto
2133,783,782,arterial,1,0.0100000003974,1,1,60.0,0.0100000003974,0.0,0.0,auto
2134,783,785,arterial,1,0.0100000003974,1,1,60.0,0.0100000003974,0.0,0.0,auto
2135,784,782,arterial,1,0.0100000003974,1,1,60.0,0.0100000003974,0.0,0.0,auto
2136,784,783,arterial,1,0.0100000003974,1,1,60.0,0.0100000003974,0.0,0.0,auto
2137,784,785,arterial,1,0.0100000003974,1,1,60.0,0.0100000003974,0.0,0.0,auto
2138,784,786,arterial,1,0.756521805473,1,1,60.0,0.756521805473,1.30271347127744e-10,3.5038,auto
2139,785,782,arterial,1,0.0100000003974,1,1,60.0,0.0100000003974,0.0,0.0,auto
2140,785,783,arterial,1,0.0100000003974,1,1,60.0,0.0100000003974,0.0,0.0,auto
2141,785,784,arterial,1,0.0100000003974,1,1,60.0,0.0100000003974,0.0,0.0,auto
2142,785,788,arterial,1,0.66666667844,1,1,60.0,0.66666667844,5.50729964743367e-17,4.9432,auto
2143,786,90,centroid_connector,1,1.76000010173,1,1,60.0,1.76000010173,0.0,0.0,auto
2144,786,784,arterial,1,0.756521805473,1,1,60.0,0.756521805473,1.30271347127744e-10,3.5038,auto
2145,786,787,arterial,1,0.730434832366,1,1,60.0,0.730434832366,1.30271347127744e-10,3.5038,auto
2146,787,778,arterial,1,0.981481516803,1,1,60.0,0.981481516803,1.79014097001493e-18,4.9432,auto
2147,787,786,arterial,1,0.730434832366,1,1,60.0,0.730434832366,1.30271347127744e-10,3.5038,auto
2148,787,789,arterial,1,1.09259263969,1,1,60.0,1.09259263969,7.42137530805446e-18,4.9432,auto
2149,788,90,centroid_connector,1,1.44000002543,1,1,60.0,1.44000002543,0.0,0.0,auto
2150,788,785,arterial,1,0.66666667844,1,1,60.0,0.66666667844,5.50729964743367e-17,4.9432,auto
2151,788,790,arterial,1,1.12962970027,1,1,60.0,1.12962970027,5.50729964743341e-17,4.9432,auto
2152,789,90,centroid_connector,1,1.44000002543,1,1,60.0,1.44000002543,0.0,0.0,auto
2153,789,787,arterial,1,0.66666667844,1,1,60.0,0.66666667844,1.79014097001498e-18,4.9432,auto
2154,789,795,arterial,1,0.944444456218,1,1,60.0,0.944444456218,7.42137530805438e-18,4.9432,auto
2155,790,788,arterial,1,1.12962970027,1,1,60.0,1.12962970027,5.50729964743341e-17,4.9432,auto
2156,790,791,arterial,1,0.0100000003974,1,1,60.0,0.0100000003974,0.0,0.0,auto
2157,790,792,arterial,1,0.0100000003974,1,1,60.0,0.0100000003974,0.0,0.0,auto
2158,791,790,arterial,1,0.0100000003974,1,1,60.0,0.0100000003974,0.0,0.0,auto
2159,791,792,arterial,1,0.0100000003974,1,1,60.0,0.0100000003974,0.0,0.0,auto
2160,791,799,arterial,1,0.555555555556,1,1,60.0,0.555555555556,5.50729964743358e-17,4.9432,auto
2161,792,790,arterial,1,0.0100000003974,1,1,60.0,0.0100000003974,0.0,0.0,auto
2162,792,791,arterial,1,0.0100000003974,1,1,60.0,0.0100000003974,0.0,0.0,auto
2163,792,793,arterial,1,0.939130451368,1,1,60.0,0.939130451368,1.30271347127746e-10,3.5038,auto
2164,793,90,centroid_connector,1,1.76000010173,1,1,60.0,1.76000010173,0.0,0.0,auto
2165,793,792,arterial,1,0.939130451368,1,1,60.0,0.939130451368,1.30271347127746e-10,3.5038,auto
2166,793,794,arterial,1,0.939130451368,1,1,60.0,0.939130451368,1.30271347127746e-10,3.5038,auto
2167,794,793,arterial,1,0.939130451368,1,1,60.0,0.939130451368,1.30271347127746e-10,3.5038,auto
2168,794,795,arterial,1,0.0100000003974,1,1,60.0,0.0100000003974,0.0,0.0,auto
2169,794,796,arterial,1,0.0100000003974,1,1,60.0,0.0100000003974,0.0,0.0,auto
2170,795,789,arterial,1,0.944444456218,1,1,60.0,0.944444456218,1.79014097001485e-18,4.9432,auto
2171,795,794,arterial,1,0.0100000003974,1,1,60.0,0.0100000003974,0.0,0.0,auto
2172,795,796,arterial,1,0.0100000003974,1,1,60.0,0.0100000003974,0.0,0.0,auto
2173,796,794,arterial,1,0.0100000003974,1,1,60.0,0.0100000003974,0.0,0.0,auto
2174,796,795,arterial,1,0.0100000003974,1,1,60.0,0.0100000003974,0.0,0.0,auto
2175,796,797,arterial,1,0.51851855384,1,1,60.0,0.51851855384,7.42137530805441e-18,4.9432,auto
2176,797,89,centroid_connector,1,0.760000038147,1,1,60.0,0.760000038147,0.0,0.0,auto
2177,797,796,arterial,1,0.51851855384,1,1,60.0,0.51851855384,1.79014097001489e-18,4.9432,auto
2178,797,798,arterial,1,0.314814838362,1,1,60.0,0.314814838362,7.4213753080543e-18,4.9432,auto
2179,798,91,centroid_connector,1,1.88000005086,1,1,60.0,1.88000005086,0.0,0.0,auto
2180,798,797,arterial,1,0.314814838362,1,1,60.0,0.314814838362,1.79014097001488e-18,4.9432,auto
2181,798,810,arterial,1,0.59259261614,1,1,60.0,0.59259261614,7.42137530805428e-18,4.9432,auto
2182,799,91,centroid_connector,1,1.72000007629,1,1,60.0,1.72000007629,0.0,0.0,auto
2183,799,791,arterial,1,0.555555555556,1,1,60.0,0.555555555556,5.50729964743358e-17,4.9432,auto
2184,799,808,arterial,1,0.870370393918,1,1,60.0,0.870370393918,5.50729964743362e-17,4.9432,auto
2185,800,143,centroid_connector,1,2.00000012716,1,1,60.0,2.00000012716,0.0,0.0,auto
2186,800,737,arterial,1,5.15942043728,1,1,60.0,5.15942043728,5.57789772763395e-24,6.5856,auto
2187,800,801,arterial,1,3.40579710145,1,1,60.0,3.40579710145,5.57789772763385e-24,6.5856,auto
2188,801,142,centroid_connector,1,2.00000012716,1,1,60.0,2.00000012716,0.0,0.0,auto
2189,801,800,arterial,1,3.40579710145,1,1,60.0,3.40579710145,5.57789772763385e-24,6.5856,auto
2190,801,802,arterial,1,2.4,1,1,60.0,2.4,2.45631068855929e-15,4.9287,auto
2191,801,821,arterial,1,5.89855101949,1,1,60.0,5.89855101949,5.577897727634e-24,6.5856,auto
2192,802,741,arterial,1,2.25818190141,1,1,60.0,2.25818190141,2.45631068855927e-15,4.9287,auto
2193,802,801,arterial,1,2.4,1,1,60.0,2.4,2.45631068855929e-15,4.9287,auto
2194,802,803,arterial,1,2.11636366411,1,1,60.0,2.11636366411,2.45631068855925e-15,4.9287,auto
2195,803,125,centroid_connector,1,1.08000005086,1,1,60.0,1.08000005086,0.0,0.0,auto
2196,803,802,arterial,1,2.11636366411,1,1,60.0,2.11636366411,2.45631068855925e-15,4.9287,auto
2197,803,804,arterial,1,0.665454587069,1,1,60.0,0.665454587069,2.45631068855925e-15,4.9287,auto
2198,804,93,centroid_connector,1,4.52000020345,1,1,60.0,4.52000020345,0.0,0.0,auto
2199,804,803,arterial,1,0.665454587069,1,1,60.0,0.665454587069,2.45631068855925e-15,4.9287,auto
2200,804,805,arterial,1,0.64363639138,1,1,60.0,0.64363639138,2.4563106885593e-15,4.9287,auto
2201,805,804,arterial,1,0.64363639138,1,1,60.0,0.64363639138,2.4563106885593e-15,4.9287,auto
2202,805,806,arterial,1,0.724637727231,1,1,60.0,0.724637727231,6.34992882521717e-16,5.0906,auto
2203,805,817,arterial,1,2.22000020345,1,1,60.0,2.22000020345,5.21539348721558e-11,3.6544,auto
2204,806,805,arterial,1,0.724637727231,1,1,60.0,0.724637727231,6.34992882521717e-16,5.0906,auto
2205,806,807,arterial,1,0.0100000003974,1,1,60.0,0.0100000003974,0.0,0.0,auto
2206,807,806,arterial,1,0.0100000003974,1,1,60.0,0.0100000003974,0.0,0.0,auto
2207,807,808,arterial,1,0.907407454502,1,1,60.0,0.907407454502,1.69429949454594e-15,4.9432,auto
2208,808,799,arterial,1,0.870370393918,1,1,60.0,0.870370393918,5.50729964743362e-17,4.9432,auto
2209,808,807,arterial,1,0.907407454502,1,1,60.0,0.907407454502,1.69429949454594e-15,4.9432,auto
2210,808,809,arterial,1,1.0555555791,1,1,60.0,1.0555555791,1.69429949454591e-15,4.9432,auto
2211,808,812,arterial,1,0.834782641867,1,1,60.0,0.834782641867,5.1583952503306e-14,4.4683,auto
2212,809,808,arterial,1,1.0555555791,1,1,60.0,1.0555555791,5.50729964743344e-17,4.9432,auto
2213,809,810,arterial,1,0.0100000003974,1,1,60.0,0.0100000003974,0.0,0.0,auto
2214,809,811,arterial,1,0.0100000003974,1,1,60.0,0.0100000003974,0.0,0.0,auto
2215,810,798,arterial,1,0.59259261614,1,1,60.0,0.59259261614,1.79014097001486e-18,4.9432,auto
2216,810,809,arterial,1,0.0100000003974,1,1,60.0,0.0100000003974,0.0,0.0,auto
2217,810,811,arterial,1,0.0100000003974,1,1,60.0,0.0100000003974,0.0,0.0,auto
2218,811,809,arterial,1,0.0100000003974,1,1,60.0,0.0100000003974,0.0,0.0,auto
2219,811,810,arterial,1,0.0100000003974,1,1,60.0,0.0100000003974,0.0,0.0,auto
2220,811,813,arterial,1,0.870370393918,1,1,60.0,0.870370393918,7.42137530805436e-18,4.9432,auto
2221,812,92,centroid_connector,1,1.32000007629,1,1,60.0,1.32000007629,0.0,0.0,auto
2222,812,808,arterial,1,0.834782641867,1,1,60.0,0.834782641867,5.1583952503306e-14,4.4683,auto
2223,812,815,arterial,1,1.74782612013,1,1,60.0,1.74782612013,5.15839525033054e-14,4.4683,auto
2224,813,94,centroid_connector,1,2.44000015259,1,1,60.0,2.44000015259,0.0,0.0,auto
2225,813,811,arterial,1,0.870370393918,1,1,60.0,0.870370393918,1.7901409700149e-18,4.9432,auto
2226,813,814,arterial,1,0.277777777778,1,1,60.0,0.277777777778,7.42137530805426e-18,4.9432,auto
2227,814,92,centroid_connector,1,2.56000010173,1,1,60.0,2.56000010173,0.0,0.0,auto
2228,814,813,arterial,1,0.277777777778,1,1,60.0,0.277777777778,1.79014097001487e-18,4.9432,auto
2229,814,816,arterial,1,0.685185208733,1,1,60.0,0.685185208733,7.42137530805431e-18,4.9432,auto
2230,815,812,arterial,1,1.74782612013,1,1,60.0,1.74782612013,5.15839525033054e-14,4.4683,auto
2231,815,816,arterial,1,1.06956523398,1,1,60.0,1.06956523398,1.30271347127752e-10,3.5038,auto
2232,815,817,arterial,1,2.08695652174,1,1,60.0,2.08695652174,1.30271347127747e-10,3.5038,auto
2233,816,814,arterial,1,0.685185208733,1,1,60.0,0.685185208733,7.42137530805431e-18,4.9432,auto
2234,816,815,arterial,1,1.06956523398,1,1,60.0,1.06956523398,1.30271347127752e-10,3.5038,auto
2235,816,819,arterial,1,1.57407419181,1,1,60.0,1.57407419181,7.42137530805485e-18,4.9432,auto
2236,817,93,centroid_connector,1,3.0,1,1,60.0,3,0.0,0.0,auto
2237,817,805,arterial,1,2.22000020345,1,1,60.0,2.22000020345,5.21539348721558e-11,3.6544,auto
2238,817,815,arterial,1,2.08695652174,1,1,60.0,2.08695652174,3.14673630451372e-11,3.5038,auto
2239,817,818,arterial,1,1.36000010173,1,1,60.0,1.36000010173,5.21539348721539e-11,3.6544,auto
2240,818,95,centroid_connector,1,3.40000025431,1,1,60.0,3.40000025431,0.0,0.0,auto
2241,818,817,arterial,1,1.36000010173,1,1,60.0,1.36000010173,5.21539348721539e-11,3.6544,auto
2242,818,820,arterial,1,0.6,1,1,60.0,0.6,5.2153934872155e-11,3.6544,auto
2243,819,95,centroid_connector,1,2.04000002543,1,1,60.0,2.04000002543,0.0,0.0,auto
2244,819,816,arterial,1,1.57407419181,1,1,60.0,1.57407419181,7.42137530805485e-18,4.9432,auto
2245,819,833,arterial,1,0.59259261614,1,1,60.0,0.59259261614,7.42137530805428e-18,4.9432,auto
2246,820,818,arterial,1,0.6,1,1,60.0,0.6,5.2153934872155e-11,3.6544,auto
2247,820,821,arterial,1,0.0100000003974,1,1,60.0,0.0100000003974,0.0,0.0,auto
2248,820,822,arterial,1,0.0100000003974,1,1,60.0,0.0100000003974,0.0,0.0,auto
2249,820,823,arterial,1,0.0100000003974,1,1,60.0,0.0100000003974,0.0,0.0,auto
2250,821,801,arterial,1,5.89855101949,1,1,60.0,5.89855101949,5.577897727634e-24,6.5856,auto
2251,821,820,arterial,1,0.0100000003974,1,1,60.0,0.0100000003974,0.0,0.0,auto
2252,821,822,arterial,1,0.0100000003974,1,1,60.0,0.0100000003974,0.0,0.0,auto
2253,821,823,arterial,1,0.0100000003974,1,1,60.0,0.0100000003974,0.0,0.0,auto
2254,822,820,arterial,1,0.0100000003974,1,1,60.0,0.0100000003974,0.0,0.0,auto
2255,822,821,arterial,1,0.0100000003974,1,1,60.0,0.0100000003974,0.0,0.0,auto
2256,822,823,arterial,1,0.0100000003974,1,1,60.0,0.0100000003974,0.0,0.0,auto
2257,822,832,arterial,1,1.89855087207,1,1,60.0,1.89855087207,5.57789772763386e-24,6.5856,auto
2258,823,820,arterial,1,0.0100000003974,1,1,60.0,0.0100000003974,0.0,0.0,auto
2259,823,821,arterial,1,0.0100000003974,1,1,60.0,0.0100000003974,0.0,0.0,auto
2260,823,822,arterial,1,0.0100000003974,1,1,60.0,0.0100000003974,0.0,0.0,auto
2261,823,824,arterial,1,2.76000010173,1,1,60.0,2.76000010173,5.21539348721541e-11,3.6544,auto
2262,824,128,centroid_connector,1,2.84000015259,1,1,60.0,2.84000015259,0.0,0.0,auto
2263,824,823,arterial,1,2.76000010173,1,1,60.0,2.76000010173,5.21539348721541e-11,3.6544,auto
2264,824,825,arterial,1,1.82000007629,1,1,60.0,1.82000007629,5.21539348721565e-11,3.6544,auto
2265,825,129,centroid_connector,1,3.40000025431,1,1,60.0,3.40000025431,0.0,0.0,auto
2266,825,824,arterial,1,1.82000007629,1,1,60.0,1.82000007629,5.21539348721565e-11,3.6544,auto
2267,825,826,arterial,1,1.98000005086,1,1,60.0,1.98000005086,5.21539348721542e-11,3.6544,auto
2268,826,130,centroid_connector,1,3.80000025431,1,1,60.0,3.80000025431,0.0,0.0,auto
2269,826,825,arterial,1,1.98000005086,1,1,60.0,1.98000005086,5.21539348721542e-11,3.6544,auto
2270,826,827,arterial,1,3.22000020345,1,1,60.0,3.22000020345,5.21539348721571e-11,3.6544,auto
2271,827,141,centroid_connector,1,2.00000012716,1,1,60.0,2.00000012716,0.0,0.0,auto
2272,827,826,arterial,1,3.22000020345,1,1,60.0,3.22000020345,5.21539348721571e-11,3.6544,auto
2273,828,141,centroid_connector,1,2.00000012716,1,1,60.0,2.00000012716,0.0,0.0,auto
2274,828,829,arterial,1,1.63636363636,1,1,60.0,1.63636363636,5.65304398942495e-19,5.3443,auto
2275,829,130,centroid_connector,1,3.80000025431,1,1,60.0,3.80000025431,0.0,0.0,auto
2276,829,828,arterial,1,1.63636363636,1,1,60.0,1.63636363636,5.65304398942495e-19,5.3443,auto
2277,829,830,arterial,1,1.1127272866,1,1,60.0,1.1127272866,5.65304398942482e-19,5.3443,auto
2278,830,129,centroid_connector,1,3.40000025431,1,1,60.0,3.40000025431,0.0,0.0,auto
2279,830,829,arterial,1,1.1127272866,1,1,60.0,1.1127272866,5.65304398942482e-19,5.3443,auto
2280,830,831,arterial,1,0.970909118652,1,1,60.0,0.970909118652,5.65304398942486e-19,5.3443,auto
2281,831,128,centroid_connector,1,2.84000015259,1,1,60.0,2.84000015259,0.0,0.0,auto
2282,831,830,arterial,1,0.970909118652,1,1,60.0,0.970909118652,5.65304398942486e-19,5.3443,auto
2283,831,834,arterial,1,1.38545462868,1,1,60.0,1.38545462868,5.65304398942484e-19,5.3443,auto
2284,832,822,arterial,1,1.89855087207,1,1,60.0,1.89855087207,5.57789772763386e-24,6.5856,auto
2285,832,833,arterial,1,0.0100000003974,1,1,60.0,0.0100000003974,0.0,0.0,auto
2286,832,834,arterial,1,0.0100000003974,1,1,60.0,0.0100000003974,0.0,0.0,auto
2287,832,835,arterial,1,0.0100000003974,1,1,60.0,0.0100000003974,0.0,0.0,auto
2288,833,819,arterial,1,0.59259261614,1,1,60.0,0.59259261614,7.42137530805428e-18,4.9432,auto
2289,833,832,arterial,1,0.0100000003974,1,1,60.0,0.0100000003974,0.0,0.0,auto
2290,833,834,arterial,1,0.0100000003974,1,1,60.0,0.0100000003974,0.0,0.0,auto
2291,833,835,arterial,1,0.0100000003974,1,1,60.0,0.0100000003974,0.0,0.0,auto
2292,834,831,arterial,1,1.38545462868,1,1,60.0,1.38545462868,5.65304398942484e-19,5.3443,auto
2293,834,832,arterial,1,0.0100000003974,1,1,60.0,0.0100000003974,0.0,0.0,auto
2294,834,833,arterial,1,0.0100000003974,1,1,60.0,0.0100000003974,0.0,0.0,auto
2295,834,835,arterial,1,0.0100000003974,1,1,60.0,0.0100000003974,0.0,0.0,auto
2296,835,489,arterial,1,1.68115956772,1,1,60.0,1.68115956772,5.57789772763384e-24,6.5856,auto
2297,835,832,arterial,1,0.0100000003974,1,1,60.0,0.0100000003974,0.0,0.0,auto
2298,835,833,arterial,1,0.0100000003974,1,1,60.0,0.0100000003974,0.0,0.0,auto
2299,835,834,arterial,1,0.0100000003974,1,1,60.0,0.0100000003974,0.0,0.0,auto
2300,836,104,centroid_connector,1,1.08000005086,1,1,60.0,1.08000005086,0.0,0.0,auto
2301,836,709,arterial,1,0.495652198792,1,1,60.0,0.495652198792,5.15839525033062e-14,4.4683,auto
2302,836,744,arterial,1,0.991304397583,1,1,60.0,0.991304397583,5.15839525033056e-14,4.4683,auto
2303,837,668,arterial,1,0.0100000003974,1,1,60.0,0.0100000003974,0.0,0.0,auto
2304,837,669,arterial,1,0.0100000003974,1,1,60.0,0.0100000003974,0.0,0.0,auto
2305,837,682,arterial,1,0.574074085848,1,1,60.0,0.574074085848,5.50729964743356e-17,4.9432,auto
2306,837,838,arterial,1,0.0100000003974,1,1,60.0,0.0100000003974,0.0,0.0,auto
2307,838,633,arterial,1,0.991304397583,1,1,60.0,0.991304397583,5.15839525033056e-14,4.4683,auto
2308,838,668,arterial,1,0.0100000003974,1,1,60.0,0.0100000003974,0.0,0.0,auto
2309,838,669,arterial,1,0.0100000003974,1,1,60.0,0.0100000003974,0.0,0.0,auto
2310,838,837,arterial,1,0.0100000003974,1,1,60.0,0.0100000003974,0.0,0.0,auto
2311,839,10,centroid_connector,1,1.52000007629,1,1,60.0,1.52000007629,0.0,0.0,auto
2312,839,205,arterial,1,0.730434832366,1,1,60.0,0.730434832366,5.15839525033054e-14,4.4683,auto
2313,839,840,arterial,1,1.38260874541,1,1,60.0,1.38260874541,2.33035607834106e-15,4.4683,auto
2314,840,9,centroid_connector,1,0.360000014305,1,1,60.0,0.360000014305,0.0,0.0,auto
2315,840,839,arterial,1,1.38260874541,1,1,60.0,1.38260874541,5.15839525033049e-14,4.4683,auto
2316,840,844,arterial,1,1.01739137069,1,1,60.0,1.01739137069,1.14841803828416e-11,3.5038,auto
2317,841,536,arterial,1,1.3597733711,1,1,60.0,1.3597733711,2.70989826368596e-20,5.5226,auto
2318,841,842,arterial,1,0.0100000003974,1,1,60.0,0.0100000003974,0.0,0.0,auto
2319,842,841,arterial,1,0.0100000003974,1,1,60.0,0.0100000003974,0.0,0.0,auto
2320,842,843,arterial,1,0.240740746628,1,1,60.0,0.240740746628,2.9395295586363e-19,5.1409,auto
2321,843,842,arterial,1,0.240740746628,1,1,60.0,0.240740746628,2.9395295586363e-19,5.1409,auto
2322,843,848,arterial,1,0.3130434907,1,1,60.0,0.3130434907,1.14841803828418e-11,3.5038,auto
2323,843,852,arterial,1,0.25925927692,1,1,60.0,0.25925927692,7.42137530805436e-18,4.9432,auto
2324,844,840,arterial,1,1.01739137069,1,1,60.0,1.01739137069,1.14841803828416e-11,3.5038,auto
2325,844,845,arterial,1,0.0100000003974,1,1,60.0,0.0100000003974,0.0,0.0,auto
2326,844,846,arterial,1,0.0100000003974,1,1,60.0,0.0100000003974,0.0,0.0,auto
2327,844,847,arterial,1,0.0100000003974,1,1,60.0,0.0100000003974,0.0,0.0,auto
2328,845,535,arterial,1,0.391304347826,1,1,60.0,0.391304347826,3.80709499442999e-16,4.4683,auto
2329,845,846,arterial,1,0.0100000003974,1,1,60.0,0.0100000003974,0.0,0.0,auto
2330,845,847,arterial,1,0.0100000003974,1,1,60.0,0.0100000003974,0.0,0.0,auto
2331,846,844,arterial,1,0.0100000003974,1,1,60.0,0.0100000003974,0.0,0.0,auto
2332,846,845,arterial,1,0.0100000003974,1,1,60.0,0.0100000003974,0.0,0.0,auto
2333,846,887,arterial,1,0.234782612842,1,1,60.0,0.234782612842,1.14841803828421e-11,3.5038,auto
2334,847,844,arterial,1,0.0100000003974,1,1,60.0,0.0100000003974,0.0,0.0,auto
2335,847,845,arterial,1,0.0100000003974,1,1,60.0,0.0100000003974,0.0,0.0,auto
2336,847,849,arterial,1,0.365217416183,1,1,60.0,0.365217416183,1.01239759911533e-12,3.5038,auto
2337,848,843,arterial,1,0.3130434907,1,1,60.0,0.3130434907,1.14841803828418e-11,3.5038,auto
2338,848,849,arterial,1,0.0100000003974,1,1,60.0,0.0100000003974,0.0,0.0,auto
2339,848,850,arterial,1,0.0100000003974,1,1,60.0,0.0100000003974,0.0,0.0,auto
2340,849,847,arterial,1,0.365217416183,1,1,60.0,0.365217416183,2.77403190609804e-12,3.5038,auto
2341,849,848,arterial,1,0.0100000003974,1,1,60.0,0.0100000003974,0.0,0.0,auto
2342,849,850,arterial,1,0.0100000003974,1,1,60.0,0.0100000003974,0.0,0.0,auto
2343,849,851,arterial,1,0.0100000003974,1,1,60.0,0.0100000003974,0.0,0.0,auto
2344,850,848,arterial,1,0.0100000003974,1,1,60.0,0.0100000003974,0.0,0.0,auto
2345,850,851,arterial,1,0.0100000003974,1,1,60.0,0.0100000003974,0.0,0.0,auto
2346,850,888,arterial,1,0.182608708091,1,1,60.0,0.182608708091,1.14841803828421e-11,3.5038,auto
2347,851,848,arterial,1,0.0100000003974,1,1,60.0,0.0100000003974,0.0,0.0,auto
2348,851,849,arterial,1,0.0100000003974,1,1,60.0,0.0100000003974,0.0,0.0,auto
2349,851,850,arterial,1,0.0100000003974,1,1,60.0,0.0100000003974,0.0,0.0,auto
2350,851,852,arterial,1,0.208695660467,1,1,60.0,0.208695660467,1.01239759911535e-12,3.5038,auto
2351,852,843,arterial,1,0.25925927692,1,1,60.0,0.25925927692,7.42137530805436e-18,4.9432,auto
2352,852,851,arterial,1,0.208695660467,1,1,60.0,0.208695660467,2.77403190609793e-12,3.5038,auto
2353,852,853,arterial,1,0.3130434907,1,1,60.0,0.3130434907,1.01239759911535e-12,3.5038,auto
2354,852,889,arterial,1,0.182608708091,1,1,60.0,0.182608708091,2.774031906098e-12,3.5038,auto
2355,853,852,arterial,1,0.3130434907,1,1,60.0,0.3130434907,1.01239759911535e-12,3.5038,auto
2356,853,854,arterial,1,0.104347830233,1,1,60.0,0.104347830233,1.01239759911535e-12,3.5038,auto
2357,854,1,centroid_connector,1,0.780000019073,1,1,60.0,0.780000019073,0.0,0.0,auto
2358,854,853,arterial,1,0.104347830233,1,1,60.0,0.104347830233,1.01239759911535e-12,3.5038,auto
2359,854,855,arterial,1,0.130434782609,1,1,60.0,0.130434782609,1.01239759911527e-12,3.5038,auto
2360,855,854,arterial,1,0.130434782609,1,1,60.0,0.130434782609,1.01239759911527e-12,3.5038,auto
2361,855,856,arterial,1,0.0100000003974,1,1,60.0,0.0100000003974,0.0,0.0,auto
2362,855,857,arterial,1,0.0100000003974,1,1,60.0,0.0100000003974,0.0,0.0,auto
2363,856,855,arterial,1,0.0100000003974,1,1,60.0,0.0100000003974,0.0,0.0,auto
2364,856,858,arterial,1,0.182608708091,1,1,60.0,0.182608708091,1.01239759911535e-12,3.5038,auto
2365,857,856,arterial,1,0.0100000003974,1,1,60.0,0.0100000003974,0.0,0.0,auto
2366,857,891,arterial,1,0.182608708091,1,1,60.0,0.182608708091,1.14841803828421e-11,3.5038,auto
2367,858,856,arterial,1,0.182608708091,1,1,60.0,0.182608708091,1.01239759911535e-12,3.5038,auto
2368,858,859,arterial,1,0.0100000003974,1,1,60.0,0.0100000003974,0.0,0.0,auto
2369,858,860,arterial,1,0.0100000003974,1,1,60.0,0.0100000003974,0.0,0.0,auto
2370,859,858,arterial,1,0.0100000003974,1,1,60.0,0.0100000003974,0.0,0.0,auto
2371,859,860,arterial,1,0.0100000003974,1,1,60.0,0.0100000003974,0.0,0.0,auto
2372,859,861,arterial,1,0.15652174535,1,1,60.0,0.15652174535,1.01239759911532e-12,3.5038,auto
2373,860,892,arterial,1,0.440000025431,1,1,60.0,0.440000025431,4.71182119997038e-11,3.6596,auto
2374,861,859,arterial,1,0.15652174535,1,1,60.0,0.15652174535,1.01239759911532e-12,3.5038,auto
2375,861,862,arterial,1,0.0100000003974,1,1,60.0,0.0100000003974,0.0,0.0,auto
2376,862,861,arterial,1,0.0100000003974,1,1,60.0,0.0100000003974,0.0,0.0,auto
2377,862,865,arterial,1,0.3130434907,1,1,60.0,0.3130434907,1.01239759911535e-12,3.5038,auto
2378,863,861,arterial,1,0.0100000003974,1,1,60.0,0.0100000003974,0.0,0.0,auto
2379,863,862,arterial,1,0.0100000003974,1,1,60.0,0.0100000003974,0.0,0.0,auto
2380,864,865,arterial,1,0.0100000003974,1,1,60.0,0.0100000003974,0.0,0.0,auto
2381,864,866,arterial,1,0.0100000003974,1,1,60.0,0.0100000003974,0.0,0.0,auto
2382,864,870,arterial,1,0.417391320933,1,1,60.0,0.417391320933,1.14841803828418e-11,3.5038,auto
2383,865,862,arterial,1,0.3130434907,1,1,60.0,0.3130434907,1.01239759911535e-12,3.5038,auto
2384,865,866,arterial,1,0.0100000003974,1,1,60.0,0.0100000003974,0.0,0.0,auto
2385,865,867,arterial,1,0.0100000003974,1,1,60.0,0.0100000003974,0.0,0.0,auto
2386,866,864,arterial,1,0.0100000003974,1,1,60.0,0.0100000003974,0.0,0.0,auto
2387,866,865,arterial,1,0.0100000003974,1,1,60.0,0.0100000003974,0.0,0.0,auto
2388,866,867,arterial,1,0.0100000003974,1,1,60.0,0.0100000003974,0.0,0.0,auto
2389,866,898,arterial,1,0.15652174535,1,1,60.0,0.15652174535,1.01239759911532e-12,3.5038,auto
2390,867,864,arterial,1,0.0100000003974,1,1,60.0,0.0100000003974,0.0,0.0,auto
2391,867,865,arterial,1,0.0100000003974,1,1,60.0,0.0100000003974,0.0,0.0,auto
2392,867,868,arterial,1,0.208695660467,1,1,60.0,0.208695660467,1.01239759911535e-12,3.5038,auto
2393,868,867,arterial,1,0.208695660467,1,1,60.0,0.208695660467,1.01239759911535e-12,3.5038,auto
2394,868,873,arterial,1,0.130434782609,1,1,60.0,0.130434782609,1.01239759911527e-12,3.5038,auto
2395,869,868,arterial,1,0.3130434907,1,1,60.0,0.3130434907,2.7740319060979e-12,3.5038,auto
2396,869,870,arterial,1,0.15652174535,1,1,60.0,0.15652174535,1.14841803828418e-11,3.5038,auto
2397,869,872,arterial,1,0.120000004768,1,1,60.0,0.120000004768,4.71182119997061e-11,3.6596,auto
2398,870,1,centroid_connector,1,1.38000001907,1,1,60.0,1.38000001907,0.0,0.0,auto
2399,870,864,arterial,1,0.417391320933,1,1,60.0,0.417391320933,1.14841803828418e-11,3.5038,auto
2400,870,869,arterial,1,0.15652174535,1,1,60.0,0.15652174535,1.14841803828418e-11,3.5038,auto
2401,871,264,arterial,1,0.577777791906,1,1,60.0,0.577777791906,1.96297867135356e-16,4.4239,auto
2402,871,869,arterial,1,0.756521805473,1,1,60.0,0.756521805473,3.80709499442986e-16,4.4683,auto
2403,872,147,centroid_connector,1,1.56000003815,1,1,60.0,1.56000003815,0.0,0.0,auto
2404,872,869,arterial,1,0.120000004768,1,1,60.0,0.120000004768,4.71182119997061e-11,3.6596,auto
2405,872,871,arterial,1,0.730434832366,1,1,60.0,0.730434832366,2.33035607834098e-15,4.4683,auto
2406,873,868,arterial,1,0.130434782609,1,1,60.0,0.130434782609,1.01239759911527e-12,3.5038,auto
2407,873,872,arterial,1,0.208695660467,1,1,60.0,0.208695660467,2.77403190609793e-12,3.5038,auto
2408,873,874,arterial,1,0.078260872675,1,1,60.0,0.078260872675,1.01239759911534e-12,3.5038,auto
2409,874,873,arterial,1,0.078260872675,1,1,60.0,0.078260872675,1.01239759911534e-12,3.5038,auto
2410,874,875,arterial,1,0.286956538325,1,1,60.0,0.286956538325,1.01239759911535e-12,3.5038,auto
2411,874,901,arterial,1,0.240000009537,1,1,60.0,0.240000009537,4.71182119997078e-11,3.6596,auto
2412,875,874,arterial,1,0.286956538325,1,1,60.0,0.286956538325,1.01239759911535e-12,3.5038,auto
2413,875,876,arterial,1,0.0100000003974,1,1,60.0,0.0100000003974,0.0,0.0,auto
2414,875,877,arterial,1,0.0100000003974,1,1,60.0,0.0100000003974,0.0,0.0,auto
2415,876,875,arterial,1,0.0100000003974,1,1,60.0,0.0100000003974,0.0,0.0,auto
2416,876,877,arterial,1,0.0100000003974,1,1,60.0,0.0100000003974,0.0,0.0,auto
2417,876,878,arterial,1,0.286956538325,1,1,60.0,0.286956538325,1.01239759911535e-12,3.5038,auto
2418,877,903,arterial,1,0.15652174535,1,1,60.0,0.15652174535,3.80709499442992e-16,4.4683,auto
2419,878,876,arterial,1,0.286956538325,1,1,60.0,0.286956538325,1.01239759911535e-12,3.5038,auto
2420,878,879,arterial,1,0.0100000003974,1,1,60.0,0.0100000003974,0.0,0.0,auto
2421,878,1048,arterial,1,0.0100000003974,1,1,60.0,0.0100000003974,0.0,0.0,auto
2422,879,878,arterial,1,0.0100000003974,1,1,60.0,0.0100000003974,0.0,0.0,auto
2423,879,881,arterial,1,0.3130434907,1,1,60.0,0.3130434907,1.01239759911535e-12,3.5038,auto
2424,879,1048,arterial,1,0.0100000003974,1,1,60.0,0.0100000003974,0.0,0.0,auto
2425,880,878,arterial,1,0.0100000003974,1,1,60.0,0.0100000003974,0.0,0.0,auto
2426,880,879,arterial,1,0.0100000003974,1,1,60.0,0.0100000003974,0.0,0.0,auto
2427,880,1048,arterial,1,0.0100000003974,1,1,60.0,0.0100000003974,0.0,0.0,auto
2428,881,879,arterial,1,0.3130434907,1,1,60.0,0.3130434907,1.01239759911535e-12,3.5038,auto
2429,881,882,arterial,1,0.0100000003974,1,1,60.0,0.0100000003974,0.0,0.0,auto
2430,881,883,arterial,1,0.0100000003974,1,1,60.0,0.0100000003974,0.0,0.0,auto
2431,882,881,arterial,1,0.0100000003974,1,1,60.0,0.0100000003974,0.0,0.0,auto
2432,882,883,arterial,1,0.0100000003974,1,1,60.0,0.0100000003974,0.0,0.0,auto
2433,882,884,arterial,1,0.365217416183,1,1,60.0,0.365217416183,1.01239759911533e-12,3.5038,auto
2434,883,881,arterial,1,0.0100000003974,1,1,60.0,0.0100000003974,0.0,0.0,auto
2435,883,882,arterial,1,0.0100000003974,1,1,60.0,0.0100000003974,0.0,0.0,auto
2436,883,905,arterial,1,0.15652174535,1,1,60.0,0.15652174535,2.7740319060979e-12,3.5038,auto
2437,884,882,arterial,1,0.365217416183,1,1,60.0,0.365217416183,1.01239759911533e-12,3.5038,auto
2438,884,885,arterial,1,0.0100000003974,1,1,60.0,0.0100000003974,0.0,0.0,auto
2439,884,886,arterial,1,0.0100000003974,1,1,60.0,0.0100000003974,0.0,0.0,auto
2440,885,355,arterial,1,0.384000015259,1,1,60.0,0.384000015259,1.98244151753245e-18,5.1644,auto
2441,885,884,arterial,1,0.0100000003974,1,1,60.0,0.0100000003974,0.0,0.0,auto
2442,885,886,arterial,1,0.0100000003974,1,1,60.0,0.0100000003974,0.0,0.0,auto
2443,886,885,arterial,1,0.0100000003974,1,1,60.0,0.0100000003974,0.0,0.0,auto
2444,886,906,arterial,1,0.15652174535,1,1,60.0,0.15652174535,1.30271347127746e-10,3.5038,auto
2445,887,846,arterial,1,0.234782612842,1,1,60.0,0.234782612842,1.14841803828421e-11,3.5038,auto
2446,887,944,arterial,1,0.15652174535,1,1,60.0,0.15652174535,1.14841803828418e-11,3.5038,auto
2447,888,559,arterial,1,0.15652174535,1,1,60.0,0.15652174535,1.14841803828418e-11,3.5038,auto
2448,888,850,arterial,1,0.182608708091,1,1,60.0,0.182608708091,1.14841803828421e-11,3.5038,auto
2449,888,887,arterial,1,0.339130443075,1,1,60.0,0.339130443075,1.14841803828418e-11,3.5038,auto
2450,889,888,arterial,1,0.182608708091,1,1,60.0,0.182608708091,1.14841803828421e-11,3.5038,auto
2451,889,943,arterial,1,0.15652174535,1,1,60.0,0.15652174535,2.7740319060979e-12,3.5038,auto
2452,890,853,arterial,1,0.280000019073,1,1,60.0,0.280000019073,1.06847712851369e-11,3.6596,auto
2453,890,889,arterial,1,0.339130443075,1,1,60.0,0.339130443075,1.14841803828418e-11,3.5038,auto
2454,891,857,arterial,1,0.182608708091,1,1,60.0,0.182608708091,1.14841803828421e-11,3.5038,auto
2455,891,890,arterial,1,0.260869565217,1,1,60.0,0.260869565217,1.01239759911535e-12,3.5038,auto
2456,891,941,arterial,1,0.15652174535,1,1,60.0,0.15652174535,1.14841803828418e-11,3.5038,auto
2457,892,891,arterial,1,0.182608708091,1,1,60.0,0.182608708091,1.01239759911535e-12,3.5038,auto
2458,892,940,arterial,1,0.2,1,1,60.0,0.2,4.71182119997055e-11,3.6596,auto
2459,893,2,centroid_connector,1,0.42000002861,1,1,60.0,0.42000002861,0.0,0.0,auto
2460,893,892,arterial,1,0.078260872675,1,1,60.0,0.078260872675,1.01239759911534e-12,3.5038,auto
2461,894,863,arterial,1,0.560000038147,1,1,60.0,0.560000038147,4.71182119997053e-11,3.6596,auto
2462,894,893,arterial,1,0.078260872675,1,1,60.0,0.078260872675,1.01239759911534e-12,3.5038,auto
2463,895,894,arterial,1,0.260869565217,1,1,60.0,0.260869565217,1.01239759911535e-12,3.5038,auto
2464,895,937,arterial,1,0.130434782609,1,1,60.0,0.130434782609,2.77403190609784e-12,3.5038,auto
2465,896,895,arterial,1,0.182608708091,1,1,60.0,0.182608708091,2.774031906098e-12,3.5038,auto
2466,896,914,arterial,1,0.320000012716,1,1,60.0,0.320000012716,3.72854534990058e-12,3.6596,auto
2467,896,915,arterial,1,0.240000009537,1,1,60.0,0.240000009537,4.71182119997078e-11,3.6596,auto
2468,897,896,arterial,1,0.15652174535,1,1,60.0,0.15652174535,2.7740319060979e-12,3.5038,auto
2469,898,866,arterial,1,0.15652174535,1,1,60.0,0.15652174535,1.01239759911532e-12,3.5038,auto
2470,898,897,arterial,1,0.0100000003974,1,1,60.0,0.0100000003974,0.0,0.0,auto
2471,898,899,arterial,1,0.0100000003974,1,1,60.0,0.0100000003974,0.0,0.0,auto
2472,899,898,arterial,1,0.0100000003974,1,1,60.0,0.0100000003974,0.0,0.0,auto
2473,899,914,arterial,1,0.15652174535,1,1,60.0,0.15652174535,1.01239759911532e-12,3.5038,auto
2474,900,897,arterial,1,0.0100000003974,1,1,60.0,0.0100000003974,0.0,0.0,auto
2475,900,898,arterial,1,0.0100000003974,1,1,60.0,0.0100000003974,0.0,0.0,auto
2476,900,899,arterial,1,0.0100000003974,1,1,60.0,0.0100000003974,0.0,0.0,auto
2477,901,874,arterial,1,0.240000009537,1,1,60.0,0.240000009537,4.71182119997078e-11,3.6596,auto
2478,901,900,arterial,1,0.6,1,1,60.0,0.6,1.06847712851372e-11,3.6596,auto
2479,901,913,arterial,1,0.240000009537,1,1,60.0,0.240000009537,4.71182119997078e-11,3.6596,auto
2480,902,4,centroid_connector,1,1.68000011444,1,1,60.0,1.68000011444,0.0,0.0,auto
2481,902,901,arterial,1,0.160000006358,1,1,60.0,0.160000006358,4.71182119997051e-11,3.6596,auto
2482,903,902,arterial,1,0.280000019073,1,1,60.0,0.280000019073,4.71182119997045e-11,3.6596,auto
2483,903,912,arterial,1,0.15652174535,1,1,60.0,0.15652174535,3.80709499442992e-16,4.4683,auto
2484,904,880,arterial,1,0.15652174535,1,1,60.0,0.15652174535,3.80709499442992e-16,4.4683,auto
2485,904,903,arterial,1,0.440000025431,1,1,60.0,0.440000025431,4.71182119997038e-11,3.6596,auto
2486,905,883,arterial,1,0.15652174535,1,1,60.0,0.15652174535,2.7740319060979e-12,3.5038,auto
2487,905,904,arterial,1,0.480000019073,1,1,60.0,0.480000019073,4.71182119997047e-11,3.6596,auto
2488,905,909,arterial,1,0.078260872675,1,1,60.0,0.078260872675,2.77403190609797e-12,3.5038,auto
2489,906,886,arterial,1,0.15652174535,1,1,60.0,0.15652174535,1.30271347127746e-10,3.5038,auto
2490,906,905,arterial,1,0.6,1,1,60.0,0.6,4.7118211999705e-11,3.6596,auto
2491,906,907,arterial,1,0.15652174535,1,1,60.0,0.15652174535,1.30271347127746e-10,3.5038,auto
2492,907,906,arterial,1,0.15652174535,1,1,60.0,0.15652174535,1.30271347127746e-10,3.5038,auto
2493,907,926,arterial,1,0.15652174535,1,1,60.0,0.15652174535,1.30271347127746e-10,3.5038,auto
2494,908,907,arterial,1,0.640000025431,1,1,60.0,0.640000025431,4.71182119997057e-11,3.6596,auto
2495,908,909,arterial,1,0.078260872675,1,1,60.0,0.078260872675,2.77403190609797e-12,3.5038,auto
2496,908,924,arterial,1,0.15652174535,1,1,60.0,0.15652174535,2.7740319060979e-12,3.5038,auto
2497,909,3,centroid_connector,1,0.6,1,1,60.0,0.6,0.0,0.0,auto
2498,909,905,arterial,1,0.078260872675,1,1,60.0,0.078260872675,2.77403190609797e-12,3.5038,auto
2499,909,908,arterial,1,0.078260872675,1,1,60.0,0.078260872675,2.77403190609797e-12,3.5038,auto
2500,910,908,arterial,1,0.480000019073,1,1,60.0,0.480000019073,4.71182119997047e-11,3.6596,auto
2501,910,911,arterial,1,0.078260872675,1,1,60.0,0.078260872675,3.80709499442998e-16,4.4683,auto
2502,911,3,centroid_connector,1,2.04000015259,1,1,60.0,2.04000015259,0.0,0.0,auto
2503,911,904,arterial,1,0.078260872675,1,1,60.0,0.078260872675,3.80709499442998e-16,4.4683,auto
2504,912,910,arterial,1,0.440000025431,1,1,60.0,0.440000025431,4.71182119997038e-11,3.6596,auto
2505,912,920,arterial,1,0.078260872675,1,1,60.0,0.078260872675,3.80709499442998e-16,4.4683,auto
2506,913,901,arterial,1,0.240000009537,1,1,60.0,0.240000009537,4.71182119997078e-11,3.6596,auto
2507,913,912,arterial,1,0.440000025431,1,1,60.0,0.440000025431,4.71182119997038e-11,3.6596,auto
2508,913,917,arterial,1,0.240000009537,1,1,60.0,0.240000009537,4.71182119997078e-11,3.6596,auto
2509,914,899,arterial,1,0.15652174535,1,1,60.0,0.15652174535,1.01239759911532e-12,3.5038,auto
2510,914,913,arterial,1,0.560000038147,1,1,60.0,0.560000038147,4.71182119997053e-11,3.6596,auto
2511,914,916,arterial,1,0.15652174535,1,1,60.0,0.15652174535,1.01239759911532e-12,3.5038,auto
2512,915,895,arterial,1,0.182608708091,1,1,60.0,0.182608708091,1.01239759911535e-12,3.5038,auto
2513,915,896,arterial,1,0.240000009537,1,1,60.0,0.240000009537,4.71182119997078e-11,3.6596,auto
2514,915,934,arterial,1,0.078260872675,1,1,60.0,0.078260872675,1.14841803828419e-11,3.5038,auto
2515,916,914,arterial,1,0.15652174535,1,1,60.0,0.15652174535,1.01239759911532e-12,3.5038,auto
2516,916,915,arterial,1,0.234782612842,1,1,60.0,0.234782612842,1.01239759911535e-12,3.5038,auto
2517,916,951,arterial,1,0.339130443075,1,1,60.0,0.339130443075,1.01239759911535e-12,3.5038,auto
2518,917,4,centroid_connector,1,0.540000009537,1,1,60.0,0.540000009537,0.0,0.0,auto
2519,917,913,arterial,1,0.240000009537,1,1,60.0,0.240000009537,4.71182119997078e-11,3.6596,auto
2520,917,918,arterial,1,0.120000004768,1,1,60.0,0.120000004768,4.71182119997061e-11,3.6596,auto
2521,918,916,arterial,1,0.339130443075,1,1,60.0,0.339130443075,1.01239759911535e-12,3.5038,auto
2522,918,917,arterial,1,0.120000004768,1,1,60.0,0.120000004768,4.71182119997061e-11,3.6596,auto
2523,918,933,arterial,1,0.240000009537,1,1,60.0,0.240000009537,4.71182119997078e-11,3.6596,auto
2524,919,4,centroid_connector,1,0.9,1,1,60.0,0.9,0.0,0.0,auto
2525,919,918,arterial,1,0.182608708091,1,1,60.0,0.182608708091,1.01239759911535e-12,3.5038,auto
2526,920,4,centroid_connector,1,0.6,1,1,60.0,0.6,0.0,0.0,auto
2527,920,921,arterial,1,0.104347830233,1,1,60.0,0.104347830233,3.80709499442977e-16,4.4683,auto
2528,921,919,arterial,1,0.104347830233,1,1,60.0,0.104347830233,1.01239759911535e-12,3.5038,auto
2529,921,931,arterial,1,0.15652174535,1,1,60.0,0.15652174535,3.80709499442992e-16,4.4683,auto
2530,922,910,arterial,1,0.15652174535,1,1,60.0,0.15652174535,3.80709499442992e-16,4.4683,auto
2531,922,921,arterial,1,0.286956538325,1,1,60.0,0.286956538325,1.01239759911535e-12,3.5038,auto
2532,923,3,centroid_connector,1,1.32000007629,1,1,60.0,1.32000007629,0.0,0.0,auto
2533,923,922,arterial,1,0.130434782609,1,1,60.0,0.130434782609,1.01239759911527e-12,3.5038,auto
2534,924,908,arterial,1,0.15652174535,1,1,60.0,0.15652174535,2.7740319060979e-12,3.5038,auto
2535,924,923,arterial,1,0.182608708091,1,1,60.0,0.182608708091,1.01239759911535e-12,3.5038,auto
2536,924,928,arterial,1,0.15652174535,1,1,60.0,0.15652174535,2.7740319060979e-12,3.5038,auto
2537,925,924,arterial,1,0.260869565217,1,1,60.0,0.260869565217,1.05276140898916e-16,4.4683,auto
2538,925,926,arterial,1,0.280000019073,1,1,60.0,0.280000019073,5.95440230359095e-10,3.6596,auto
2539,926,907,arterial,1,0.15652174535,1,1,60.0,0.15652174535,1.30271347127746e-10,3.5038,auto
2540,926,925,arterial,1,0.280000019073,1,1,60.0,0.280000019073,5.95440230359095e-10,3.6596,auto
2541,926,957,arterial,1,0.339130443075,1,1,60.0,0.339130443075,1.30271347127744e-10,3.5038,auto
2542,927,358,arterial,1,0.624000015259,1,1,60.0,0.624000015259,1.98244151753244e-18,5.1644,auto
2543,927,956,arterial,1,0.240000009537,1,1,60.0,0.240000009537,5.95440230359131e-10,3.6596,auto
2544,928,924,arterial,1,0.15652174535,1,1,60.0,0.15652174535,2.7740319060979e-12,3.5038,auto
2545,928,927,arterial,1,0.339130443075,1,1,60.0,0.339130443075,2.33035607834102e-15,4.4683,auto
2546,928,955,arterial,1,0.15652174535,1,1,60.0,0.15652174535,2.7740319060979e-12,3.5038,auto
2547,929,3,centroid_connector,1,1.50000009537,1,1,60.0,1.50000009537,0.0,0.0,auto
2548,929,928,arterial,1,0.078260872675,1,1,60.0,0.078260872675,2.77403190609797e-12,3.5038,auto
2549,930,922,arterial,1,0.15652174535,1,1,60.0,0.15652174535,3.80709499442992e-16,4.4683,auto
2550,930,929,arterial,1,0.208695660467,1,1,60.0,0.208695660467,2.77403190609793e-12,3.5038,auto
2551,931,930,arterial,1,0.286956538325,1,1,60.0,0.286956538325,2.77403190609791e-12,3.5038,auto
2552,931,953,arterial,1,0.15652174535,1,1,60.0,0.15652174535,1.05276140898915e-16,4.4683,auto
2553,932,4,centroid_connector,1,1.08000001907,1,1,60.0,1.08000001907,0.0,0.0,auto
2554,932,931,arterial,1,0.182608708091,1,1,60.0,0.182608708091,1.01239759911535e-12,3.5038,auto
2555,933,918,arterial,1,0.240000009537,1,1,60.0,0.240000009537,4.71182119997078e-11,3.6596,auto
2556,933,932,arterial,1,0.104347830233,1,1,60.0,0.104347830233,1.01239759911535e-12,3.5038,auto
2557,933,952,arterial,1,0.240000009537,1,1,60.0,0.240000009537,4.71182119997078e-11,3.6596,auto
2558,934,2,centroid_connector,1,1.32000007629,1,1,60.0,1.32000007629,0.0,0.0,auto
2559,934,915,arterial,1,0.078260872675,1,1,60.0,0.078260872675,1.14841803828419e-11,3.5038,auto
2560,934,935,arterial,1,0.078260872675,1,1,60.0,0.078260872675,1.14841803828419e-11,3.5038,auto
2561,935,933,arterial,1,0.57391307665,1,1,60.0,0.57391307665,1.01239759911534e-12,3.5038,auto
2562,935,934,arterial,1,0.078260872675,1,1,60.0,0.078260872675,1.14841803828419e-11,3.5038,auto
2563,935,950,arterial,1,0.15652174535,1,1,60.0,0.15652174535,1.14841803828418e-11,3.5038,auto
2564,936,935,arterial,1,0.130434782609,1,1,60.0,0.130434782609,1.01239759911527e-12,3.5038,auto
2565,937,936,arterial,1,0.15652174535,1,1,60.0,0.15652174535,1.01239759911532e-12,3.5038,auto
2566,937,948,arterial,1,0.286956538325,1,1,60.0,0.286956538325,3.80709499443003e-16,4.4683,auto
2567,938,2,centroid_connector,1,0.42000002861,1,1,60.0,0.42000002861,0.0,0.0,auto
2568,938,937,arterial,1,0.130434782609,1,1,60.0,0.130434782609,1.01239759911527e-12,3.5038,auto
2569,939,894,arterial,1,0.2,1,1,60.0,0.2,4.71182119997055e-11,3.6596,auto
2570,939,938,arterial,1,0.130434782609,1,1,60.0,0.130434782609,1.01239759911527e-12,3.5038,auto
2571,940,939,arterial,1,0.182608708091,1,1,60.0,0.182608708091,1.01239759911535e-12,3.5038,auto
2572,940,946,arterial,1,0.4,1,1,60.0,0.4,4.7118211999705e-11,3.6596,auto
2573,941,891,arterial,1,0.15652174535,1,1,60.0,0.15652174535,1.14841803828418e-11,3.5038,auto
2574,941,940,arterial,1,0.182608708091,1,1,60.0,0.182608708091,1.01239759911535e-12,3.5038,auto
2575,941,945,arterial,1,0.260869565217,1,1,60.0,0.260869565217,1.14841803828417e-11,3.5038,auto
2576,942,890,arterial,1,0.240000009537,1,1,60.0,0.240000009537,4.71182119997078e-11,3.6596,auto
2577,942,941,arterial,1,0.260869565217,1,1,60.0,0.260869565217,1.01239759911535e-12,3.5038,auto
2578,943,942,arterial,1,0.339130443075,1,1,60.0,0.339130443075,1.01239759911535e-12,3.5038,auto
2579,944,559,arterial,1,0.339130443075,1,1,60.0,0.339130443075,1.01239759911535e-12,3.5038,auto
2580,945,941,arterial,1,0.260869565217,1,1,60.0,0.260869565217,1.14841803828417e-11,3.5038,auto
2581,945,969,arterial,1,0.260869565217,1,1,60.0,0.260869565217,1.14841803828417e-11,3.5038,auto
2582,946,945,arterial,1,0.280000019073,1,1,60.0,0.280000019073,4.71182119997045e-11,3.6596,auto
2583,946,968,arterial,1,0.4,1,1,60.0,0.4,4.7118211999705e-11,3.6596,auto
2584,947,939,arterial,1,0.4,1,1,60.0,0.4,4.7118211999705e-11,3.6596,auto
2585,947,946,arterial,1,0.240000009537,1,1,60.0,0.240000009537,4.71182119997078e-11,3.6596,auto
2586,948,947,arterial,1,0.4,1,1,60.0,0.4,4.7118211999705e-11,3.6596,auto
2587,948,966,arterial,1,0.234782612842,1,1,60.0,0.234782612842,3.80709499442994e-16,4.4683,auto
2588,949,936,arterial,1,0.260869565217,1,1,60.0,0.260869565217,5.15839525033063e-14,4.4683,auto
2589,949,948,arterial,1,0.240000009537,1,1,60.0,0.240000009537,1.06847712851371e-11,3.6596,auto
2590,950,935,arterial,1,0.15652174535,1,1,60.0,0.15652174535,1.14841803828418e-11,3.5038,auto
2591,950,949,arterial,1,0.440000025431,1,1,60.0,0.440000025431,4.71182119997038e-11,3.6596,auto
2592,950,964,arterial,1,0.15652174535,1,1,60.0,0.15652174535,1.14841803828418e-11,3.5038,auto
2593,951,916,arterial,1,0.339130443075,1,1,60.0,0.339130443075,1.01239759911535e-12,3.5038,auto
2594,951,950,arterial,1,0.440000025431,1,1,60.0,0.440000025431,4.71182119997038e-11,3.6596,auto
2595,951,963,arterial,1,0.15652174535,1,1,60.0,0.15652174535,2.7740319060979e-12,3.5038,auto
2596,952,933,arterial,1,0.240000009537,1,1,60.0,0.240000009537,4.71182119997078e-11,3.6596,auto
2597,952,951,arterial,1,0.4,1,1,60.0,0.4,3.7285453499005e-12,3.6596,auto
2598,952,962,arterial,1,0.240000009537,1,1,60.0,0.240000009537,4.71182119997078e-11,3.6596,auto
2599,953,952,arterial,1,0.440000025431,1,1,60.0,0.440000025431,1.0684771285137e-11,3.6596,auto
2600,953,961,arterial,1,0.15652174535,1,1,60.0,0.15652174535,1.05276140898915e-16,4.4683,auto
2601,954,930,arterial,1,0.15652174535,1,1,60.0,0.15652174535,3.80709499442992e-16,4.4683,auto
2602,954,953,arterial,1,0.440000025431,1,1,60.0,0.440000025431,4.71182119997038e-11,3.6596,auto
2603,955,928,arterial,1,0.15652174535,1,1,60.0,0.15652174535,2.7740319060979e-12,3.5038,auto
2604,955,954,arterial,1,0.480000019073,1,1,60.0,0.480000019073,4.71182119997047e-11,3.6596,auto
2605,955,959,arterial,1,0.15652174535,1,1,60.0,0.15652174535,2.7740319060979e-12,3.5038,auto
2606,956,927,arterial,1,0.240000009537,1,1,60.0,0.240000009537,5.95440230359131e-10,3.6596,auto
2607,956,955,arterial,1,0.520000012716,1,1,60.0,0.520000012716,5.95440230359124e-10,3.6596,auto
2608,957,926,arterial,1,0.339130443075,1,1,60.0,0.339130443075,1.30271347127744e-10,3.5038,auto
2609,957,956,arterial,1,0.280000019073,1,1,60.0,0.280000019073,5.95440230359095e-10,3.6596,auto
2610,957,958,arterial,1,0.15652174535,1,1,60.0,0.15652174535,1.30271347127746e-10,3.5038,auto
2611,958,957,arterial,1,0.15652174535,1,1,60.0,0.15652174535,1.30271347127746e-10,3.5038,auto
2612,958,987,arterial,1,0.15652174535,1,1,60.0,0.15652174535,1.30271347127746e-10,3.5038,auto
2613,959,955,arterial,1,0.15652174535,1,1,60.0,0.15652174535,2.7740319060979e-12,3.5038,auto
2614,959,958,arterial,1,0.840000025431,1,1,60.0,0.840000025431,5.95440230359118e-10,3.6596,auto
2615,959,986,arterial,1,0.15652174535,1,1,60.0,0.15652174535,2.7740319060979e-12,3.5038,auto
2616,960,954,arterial,1,0.15652174535,1,1,60.0,0.15652174535,3.80709499442992e-16,4.4683,auto
2617,960,959,arterial,1,0.480000019073,1,1,60.0,0.480000019073,4.71182119997047e-11,3.6596,auto
2618,961,960,arterial,1,0.440000025431,1,1,60.0,0.440000025431,3.72854534990039e-12,3.6596,auto
2619,961,984,arterial,1,0.15652174535,1,1,60.0,0.15652174535,3.80709499442992e-16,4.4683,auto
2620,962,952,arterial,1,0.240000009537,1,1,60.0,0.240000009537,4.71182119997078e-11,3.6596,auto
2621,962,961,arterial,1,0.440000025431,1,1,60.0,0.440000025431,4.71182119997038e-11,3.6596,auto
2622,962,983,arterial,1,0.240000009537,1,1,60.0,0.240000009537,4.71182119997078e-11,3.6596,auto
2623,963,951,arterial,1,0.15652174535,1,1,60.0,0.15652174535,1.01239759911532e-12,3.5038,auto
2624,963,962,arterial,1,0.360000006358,1,1,60.0,0.360000006358,4.71182119997039e-11,3.6596,auto
2625,963,982,arterial,1,0.15652174535,1,1,60.0,0.15652174535,2.7740319060979e-12,3.5038,auto
2626,964,950,arterial,1,0.15652174535,1,1,60.0,0.15652174535,1.14841803828418e-11,3.5038,auto
2627,964,963,arterial,1,0.480000019073,1,1,60.0,0.480000019073,4.71182119997047e-11,3.6596,auto
2628,964,981,arterial,1,0.15652174535,1,1,60.0,0.15652174535,1.14841803828418e-11,3.5038,auto
2629,965,949,arterial,1,0.234782612842,1,1,60.0,0.234782612842,2.33035607834106e-15,4.4683,auto
2630,965,1044,arterial,1,0.320000012716,1,1,60.0,0.320000012716,4.71182119997057e-11,3.6596,auto
2631,966,965,arterial,1,0.280000019073,1,1,60.0,0.280000019073,4.71182119997045e-11,3.6596,auto
2632,966,973,arterial,1,0.182608708091,1,1,60.0,0.182608708091,3.80709499443001e-16,4.4683,auto
2633,967,947,arterial,1,0.4,1,1,60.0,0.4,4.7118211999705e-11,3.6596,auto
2634,967,966,arterial,1,0.4,1,1,60.0,0.4,5.95440230359125e-10,3.6596,auto
2635,968,967,arterial,1,0.240000009537,1,1,60.0,0.240000009537,5.95440230359131e-10,3.6596,auto
2636,968,971,arterial,1,0.280000019073,1,1,60.0,0.280000019073,4.71182119997045e-11,3.6596,auto
2637,969,945,arterial,1,0.260869565217,1,1,60.0,0.260869565217,1.14841803828417e-11,3.5038,auto
2638,969,968,arterial,1,0.280000019073,1,1,60.0,0.280000019073,5.95440230359095e-10,3.6596,auto
2639,969,970,arterial,1,0.104347830233,1,1,60.0,0.104347830233,1.14841803828411e-11,3.5038,auto
2640,970,7,centroid_connector,1,0.960000038147,1,1,60.0,0.960000038147,0.0,0.0,auto
2641,970,969,arterial,1,0.104347830233,1,1,60.0,0.104347830233,1.14841803828411e-11,3.5038,auto
2642,970,975,arterial,1,0.130434782609,1,1,60.0,0.130434782609,1.14841803828413e-11,3.5038,auto
2643,971,7,centroid_connector,1,0.780000019073,1,1,60.0,0.780000019073,0.0,0.0,auto
2644,971,976,arterial,1,0.0800000031789,1,1,60.0,0.0800000031789,4.71182119997057e-11,3.6596,auto
2645,972,7,centroid_connector,1,0.72000002861,1,1,60.0,0.72000002861,0.0,0.0,auto
2646,972,967,arterial,1,0.0800000031789,1,1,60.0,0.0800000031789,4.71182119997057e-11,3.6596,auto
2647,973,7,centroid_connector,1,0.9,1,1,60.0,0.9,0.0,0.0,auto
2648,973,978,arterial,1,0.0521739151167,1,1,60.0,0.0521739151167,3.80709499443001e-16,4.4683,auto
2649,974,7,centroid_connector,1,1.08000001907,1,1,60.0,1.08000001907,0.0,0.0,auto
2650,974,965,arterial,1,0.078260872675,1,1,60.0,0.078260872675,2.33035607834106e-15,4.4683,auto
2651,975,560,arterial,1,0.260869565217,1,1,60.0,0.260869565217,1.14841803828417e-11,3.5038,auto
2652,975,970,arterial,1,0.130434782609,1,1,60.0,0.130434782609,1.14841803828413e-11,3.5038,auto
2653,976,561,arterial,1,0.4,1,1,60.0,0.4,4.7118211999705e-11,3.6596,auto
2654,977,972,arterial,1,0.280000019073,1,1,60.0,0.280000019073,4.71182119997045e-11,3.6596,auto
2655,978,563,arterial,1,0.260869565217,1,1,60.0,0.260869565217,3.80709499442994e-16,4.4683,auto
2656,979,974,arterial,1,0.208695660467,1,1,60.0,0.208695660467,2.33035607834108e-15,4.4683,auto
2657,980,979,arterial,1,0.280000019073,1,1,60.0,0.280000019073,4.71182119997045e-11,3.6596,auto
2658,980,997,arterial,1,0.240000009537,1,1,60.0,0.240000009537,5.95440230359131e-10,3.6596,auto
2659,981,964,arterial,1,0.15652174535,1,1,60.0,0.15652174535,1.14841803828418e-11,3.5038,auto
2660,981,980,arterial,1,0.720000012716,1,1,60.0,0.720000012716,4.71182119997053e-11,3.6596,auto
2661,981,996,arterial,1,0.15652174535,1,1,60.0,0.15652174535,1.14841803828418e-11,3.5038,auto
2662,982,963,arterial,1,0.15652174535,1,1,60.0,0.15652174535,1.01239759911532e-12,3.5038,auto
2663,982,981,arterial,1,0.520000012716,1,1,60.0,0.520000012716,4.71182119997055e-11,3.6596,auto
2664,982,994,arterial,1,0.15652174535,1,1,60.0,0.15652174535,2.7740319060979e-12,3.5038,auto
2665,983,962,arterial,1,0.240000009537,1,1,60.0,0.240000009537,4.71182119997078e-11,3.6596,auto
2666,983,982,arterial,1,0.320000012716,1,1,60.0,0.320000012716,4.71182119997057e-11,3.6596,auto
2667,983,993,arterial,1,0.240000009537,1,1,60.0,0.240000009537,4.71182119997078e-11,3.6596,auto
2668,984,983,arterial,1,0.440000025431,1,1,60.0,0.440000025431,4.71182119997038e-11,3.6596,auto
2669,984,992,arterial,1,0.078260872675,1,1,60.0,0.078260872675,3.80709499442998e-16,4.4683,auto
2670,985,960,arterial,1,0.15652174535,1,1,60.0,0.15652174535,3.80709499442992e-16,4.4683,auto
2671,985,984,arterial,1,0.440000025431,1,1,60.0,0.440000025431,1.0684771285137e-11,3.6596,auto
2672,986,959,arterial,1,0.15652174535,1,1,60.0,0.15652174535,2.7740319060979e-12,3.5038,auto
2673,986,985,arterial,1,0.480000019073,1,1,60.0,0.480000019073,4.71182119997047e-11,3.6596,auto
2674,986,989,arterial,1,0.15652174535,1,1,60.0,0.15652174535,2.7740319060979e-12,3.5038,auto
2675,987,958,arterial,1,0.15652174535,1,1,60.0,0.15652174535,1.30271347127746e-10,3.5038,auto
2676,987,986,arterial,1,0.880000050863,1,1,60.0,0.880000050863,5.95440230359118e-10,3.6596,auto
2677,987,988,arterial,1,0.15652174535,1,1,60.0,0.15652174535,1.30271347127746e-10,3.5038,auto
2678,988,987,arterial,1,0.15652174535,1,1,60.0,0.15652174535,1.30271347127746e-10,3.5038,auto
2679,988,1045,arterial,1,0.547826103542,1,1,60.0,0.547826103542,1.30271347127746e-10,3.5038,auto
2680,989,986,arterial,1,0.15652174535,1,1,60.0,0.15652174535,2.7740319060979e-12,3.5038,auto
2681,989,988,arterial,1,0.960000038147,1,1,60.0,0.960000038147,4.71182119997052e-11,3.6596,auto
2682,989,1009,arterial,1,0.286956538325,1,1,60.0,0.286956538325,2.77403190609791e-12,3.5038,auto
2683,990,985,arterial,1,0.15652174535,1,1,60.0,0.15652174535,3.80709499442992e-16,4.4683,auto
2684,990,989,arterial,1,0.480000019073,1,1,60.0,0.480000019073,4.71182119997047e-11,3.6596,auto
2685,991,990,arterial,1,0.440000025431,1,1,60.0,0.440000025431,4.71182119997038e-11,3.6596,auto
2686,991,1006,arterial,1,0.15652174535,1,1,60.0,0.15652174535,1.05276140898915e-16,4.4683,auto
2687,992,6,centroid_connector,1,0.42000002861,1,1,60.0,0.42000002861,0.0,0.0,auto
2688,992,991,arterial,1,0.078260872675,1,1,60.0,0.078260872675,3.80709499442998e-16,4.4683,auto
2689,993,983,arterial,1,0.240000009537,1,1,60.0,0.240000009537,4.71182119997078e-11,3.6596,auto
2690,993,991,arterial,1,0.440000025431,1,1,60.0,0.440000025431,4.71182119997038e-11,3.6596,auto
2691,993,1004,arterial,1,0.240000009537,1,1,60.0,0.240000009537,4.71182119997078e-11,3.6596,auto
2692,994,982,arterial,1,0.15652174535,1,1,60.0,0.15652174535,1.01239759911532e-12,3.5038,auto
2693,994,993,arterial,1,0.280000019073,1,1,60.0,0.280000019073,4.71182119997045e-11,3.6596,auto
2694,994,1002,arterial,1,0.15652174535,1,1,60.0,0.15652174535,2.7740319060979e-12,3.5038,auto
2695,995,994,arterial,1,0.560000038147,1,1,60.0,0.560000038147,4.71182119997053e-11,3.6596,auto
2696,995,996,arterial,1,0.078260872675,1,1,60.0,0.078260872675,1.14841803828419e-11,3.5038,auto
2697,995,999,arterial,1,0.15652174535,1,1,60.0,0.15652174535,1.14841803828418e-11,3.5038,auto
2698,996,8,centroid_connector,1,0.540000009537,1,1,60.0,0.540000009537,0.0,0.0,auto
2699,996,981,arterial,1,0.15652174535,1,1,60.0,0.15652174535,1.14841803828418e-11,3.5038,auto
2700,996,995,arterial,1,0.078260872675,1,1,60.0,0.078260872675,1.14841803828419e-11,3.5038,auto
2701,997,617,arterial,1,0.280000019073,1,1,60.0,0.280000019073,4.71182119997045e-11,3.6596,auto
2702,997,980,arterial,1,0.240000009537,1,1,60.0,0.240000009537,4.71182119997078e-11,3.6596,auto
2703,997,995,arterial,1,0.720000012716,1,1,60.0,0.720000012716,4.71182119997053e-11,3.6596,auto
2704,998,979,arterial,1,0.104347830233,1,1,60.0,0.104347830233,2.33035607834092e-15,4.4683,auto
2705,998,997,arterial,1,0.440000025431,1,1,60.0,0.440000025431,4.71182119997038e-11,3.6596,auto
2706,999,995,arterial,1,0.15652174535,1,1,60.0,0.15652174535,1.14841803828418e-11,3.5038,auto
2707,999,1013,arterial,1,0.260869565217,1,1,60.0,0.260869565217,1.14841803828417e-11,3.5038,auto
2708,1000,999,arterial,1,0.6,1,1,60.0,0.6,4.7118211999705e-11,3.6596,auto
2709,1001,1002,arterial,1,0.0100000003974,1,1,60.0,0.0100000003974,0.0,0.0,auto
2710,1001,1015,arterial,1,0.15652174535,1,1,60.0,0.15652174535,2.7740319060979e-12,3.5038,auto
2711,1002,994,arterial,1,0.15652174535,1,1,60.0,0.15652174535,1.01239759911532e-12,3.5038,auto
2712,1002,1000,arterial,1,0.0100000003974,1,1,60.0,0.0100000003974,0.0,0.0,auto
2713,1002,1001,arterial,1,0.0100000003974,1,1,60.0,0.0100000003974,0.0,0.0,auto
2714,1003,1000,arterial,1,0.0100000003974,1,1,60.0,0.0100000003974,0.0,0.0,auto
2715,1003,1002,arterial,1,0.0100000003974,1,1,60.0,0.0100000003974,0.0,0.0,auto
2716,1004,993,arterial,1,0.240000009537,1,1,60.0,0.240000009537,4.71182119997078e-11,3.6596,auto
2717,1004,1003,arterial,1,0.240000009537,1,1,60.0,0.240000009537,4.71182119997078e-11,3.6596,auto
2718,1005,1004,arterial,1,0.440000025431,1,1,60.0,0.440000025431,4.71182119997038e-11,3.6596,auto
2719,1006,1005,arterial,1,0.0100000003974,1,1,60.0,0.0100000003974,0.0,0.0,auto
2720,1006,1051,arterial,1,0.0100000003974,1,1,60.0,0.0100000003974,0.0,0.0,auto
2721,1007,1008,arterial,1,0.078260872675,1,1,60.0,0.078260872675,3.80709499442998e-16,4.4683,auto
2722,1007,1052,arterial,1,0.4,1,1,60.0,0.4,4.7118211999705e-11,3.6596,auto
2723,1008,6,centroid_connector,1,1.62000007629,1,1,60.0,1.62000007629,0.0,0.0,auto
2724,1008,990,arterial,1,0.104347830233,1,1,60.0,0.104347830233,3.80709499442977e-16,4.4683,auto
2725,1009,5,centroid_connector,1,0.6,1,1,60.0,0.6,0.0,0.0,auto
2726,1009,989,arterial,1,0.286956538325,1,1,60.0,0.286956538325,2.77403190609791e-12,3.5038,auto
2727,1009,1026,arterial,1,0.260869565217,1,1,60.0,0.260869565217,2.77403190609791e-12,3.5038,auto
2728,1010,5,centroid_connector,1,2.28000011444,1,1,60.0,2.28000011444,0.0,0.0,auto
2729,1010,1007,arterial,1,0.130434782609,1,1,60.0,0.130434782609,1.05276140898916e-16,4.4683,auto
2730,1011,362,arterial,1,0.312000007629,1,1,60.0,0.312000007629,2.44227568739816e-19,5.1644,auto
2731,1011,1045,arterial,1,0.0100000003974,1,1,60.0,0.0100000003974,0.0,0.0,auto
2732,1011,1046,arterial,1,0.0100000003974,1,1,60.0,0.0100000003974,0.0,0.0,auto
2733,1012,8,centroid_connector,1,0.780000019073,1,1,60.0,0.780000019073,0.0,0.0,auto
2734,1012,617,arterial,1,0.443478294041,1,1,60.0,0.443478294041,2.33035607834102e-15,4.4683,auto
2735,1012,1013,arterial,1,0.104347830233,1,1,60.0,0.104347830233,2.33035607834092e-15,4.4683,auto
2736,1013,618,arterial,1,0.80869566876,1,1,60.0,0.80869566876,1.14841803828419e-11,3.5038,auto
2737,1013,999,arterial,1,0.260869565217,1,1,60.0,0.260869565217,1.14841803828417e-11,3.5038,auto
2738,1013,1012,arterial,1,0.104347830233,1,1,60.0,0.104347830233,2.33035607834092e-15,4.4683,auto
2739,1013,1014,arterial,1,0.443478294041,1,1,60.0,0.443478294041,2.77403190609794e-12,3.5038,auto
2740,1014,1013,arterial,1,0.443478294041,1,1,60.0,0.443478294041,2.33035607834102e-15,4.4683,auto
2741,1014,1016,arterial,1,0.0100000003974,1,1,60.0,0.0100000003974,0.0,0.0,auto
2742,1014,1017,arterial,1,0.0100000003974,1,1,60.0,0.0100000003974,0.0,0.0,auto
2743,1015,1001,arterial,1,0.15652174535,1,1,60.0,0.15652174535,1.01239759911532e-12,3.5038,auto
2744,1015,1016,arterial,1,0.0100000003974,1,1,60.0,0.0100000003974,0.0,0.0,auto
2745,1015,1017,arterial,1,0.0100000003974,1,1,60.0,0.0100000003974,0.0,0.0,auto
2746,1016,1014,arterial,1,0.0100000003974,1,1,60.0,0.0100000003974,0.0,0.0,auto
2747,1016,1015,arterial,1,0.0100000003974,1,1,60.0,0.0100000003974,0.0,0.0,auto
2748,1016,1018,arterial,1,0.182608708091,1,1,60.0,0.182608708091,1.0527614089892e-16,4.4683,auto
2749,1017,623,arterial,1,0.469565225684,1,1,60.0,0.469565225684,3.80709499442999e-16,4.4683,auto
2750,1017,1014,arterial,1,0.0100000003974,1,1,60.0,0.0100000003974,0.0,0.0,auto
2751,1017,1015,arterial,1,0.0100000003974,1,1,60.0,0.0100000003974,0.0,0.0,auto
2752,1017,1016,arterial,1,0.0100000003974,1,1,60.0,0.0100000003974,0.0,0.0,auto
2753,1018,6,centroid_connector,1,0.660000038147,1,1,60.0,0.660000038147,0.0,0.0,auto
2754,1018,1016,arterial,1,0.182608708091,1,1,60.0,0.182608708091,1.01239759911535e-12,3.5038,auto
2755,1018,1019,arterial,1,0.208695660467,1,1,60.0,0.208695660467,1.05276140898917e-16,4.4683,auto
2756,1019,1018,arterial,1,0.208695660467,1,1,60.0,0.208695660467,1.05276140898917e-16,4.4683,auto
2757,1019,1020,arterial,1,0.182608708091,1,1,60.0,0.182608708091,2.3303560783411e-15,4.4683,auto
2758,1019,1021,arterial,1,0.260869565217,1,1,60.0,0.260869565217,2.33035607834104e-15,4.4683,auto
2759,1020,623,arterial,1,0.443478294041,1,1,60.0,0.443478294041,2.33035607834102e-15,4.4683,auto
2760,1020,1023,arterial,1,0.417391320933,1,1,60.0,0.417391320933,2.33035607834102e-15,4.4683,auto
2761,1021,1019,arterial,1,0.260869565217,1,1,60.0,0.260869565217,2.33035607834104e-15,4.4683,auto
2762,1021,1024,arterial,1,0.0100000003974,1,1,60.0,0.0100000003974,0.0,0.0,auto
2763,1022,1010,arterial,1,0.130434782609,1,1,60.0,0.130434782609,1.05276140898916e-16,4.4683,auto
2764,1023,1021,arterial,1,0.0100000003974,1,1,60.0,0.0100000003974,0.0,0.0,auto
2765,1023,1022,arterial,1,0.0100000003974,1,1,60.0,0.0100000003974,0.0,0.0,auto
2766,1023,1024,arterial,1,0.0100000003974,1,1,60.0,0.0100000003974,0.0,0.0,auto
2767,1024,1021,arterial,1,0.0100000003974,1,1,60.0,0.0100000003974,0.0,0.0,auto
2768,1024,1022,arterial,1,0.0100000003974,1,1,60.0,0.0100000003974,0.0,0.0,auto
2769,1024,1025,arterial,1,0.365217416183,1,1,60.0,0.365217416183,3.80709499442991e-16,4.4683,auto
2770,1025,1024,arterial,1,0.365217416183,1,1,60.0,0.365217416183,2.33035607834101e-15,4.4683,auto
2771,1025,1027,arterial,1,0.0100000003974,1,1,60.0,0.0100000003974,0.0,0.0,auto
2772,1025,1028,arterial,1,0.0100000003974,1,1,60.0,0.0100000003974,0.0,0.0,auto
2773,1026,1009,arterial,1,0.260869565217,1,1,60.0,0.260869565217,2.77403190609791e-12,3.5038,auto
2774,1026,1025,arterial,1,0.0100000003974,1,1,60.0,0.0100000003974,0.0,0.0,auto
2775,1026,1027,arterial,1,0.0100000003974,1,1,60.0,0.0100000003974,0.0,0.0,auto
2776,1026,1028,arterial,1,0.0100000003974,1,1,60.0,0.0100000003974,0.0,0.0,auto
2777,1027,1025,arterial,1,0.0100000003974,1,1,60.0,0.0100000003974,0.0,0.0,auto
2778,1027,1026,arterial,1,0.0100000003974,1,1,60.0,0.0100000003974,0.0,0.0,auto
2779,1027,1028,arterial,1,0.0100000003974,1,1,60.0,0.0100000003974,0.0,0.0,auto
2780,1027,1029,arterial,1,0.208695660467,1,1,60.0,0.208695660467,3.80709499443e-16,4.4683,auto
2781,1028,626,arterial,1,1.12173918019,1,1,60.0,1.12173918019,2.33035607834102e-15,4.4683,auto
2782,1028,1025,arterial,1,0.0100000003974,1,1,60.0,0.0100000003974,0.0,0.0,auto
2783,1028,1026,arterial,1,0.0100000003974,1,1,60.0,0.0100000003974,0.0,0.0,auto
2784,1028,1027,arterial,1,0.0100000003974,1,1,60.0,0.0100000003974,0.0,0.0,auto
2785,1029,5,centroid_connector,1,0.84000005722,1,1,60.0,0.84000005722,0.0,0.0,auto
2786,1029,1027,arterial,1,0.208695660467,1,1,60.0,0.208695660467,3.80709499443e-16,4.4683,auto
2787,1029,1046,arterial,1,0.365217416183,1,1,60.0,0.365217416183,3.80709499442991e-16,4.4683,auto
2788,1030,138,centroid_connector,1,2.00000012716,1,1,60.0,2.00000012716,0.0,0.0,auto
2789,1030,426,arterial,1,0.29629630807,1,1,60.0,0.29629630807,5.50729964743372e-17,4.9432,auto
2790,1031,146,centroid_connector,1,2.00000012716,1,1,60.0,2.00000012716,0.0,0.0,auto
2791,1031,511,arterial,1,0.327272727273,1,1,60.0,0.327272727273,8.06485861957716e-17,4.9287,auto
2792,1032,132,centroid_connector,1,2.00000012716,1,1,60.0,2.00000012716,0.0,0.0,auto
2793,1032,182,arterial,1,0.327272727273,1,1,60.0,0.327272727273,2.29655563468315e-17,5.3443,auto
2794,1033,133,centroid_connector,1,2.00000012716,1,1,60.0,2.00000012716,0.0,0.0,auto
2795,1033,213,arterial,1,0.305454566262,1,1,60.0,0.305454566262,6.73716890360555e-25,6.8677,auto
2796,1034,66,centroid_connector,1,1.44000002543,1,1,60.0,1.44000002543,0.0,0.0,auto
2797,1034,445,arterial,1,0.860869614974,1,1,60.0,0.860869614974,1.14841803828419e-11,3.5038,auto
2798,1034,465,arterial,1,2.26956525056,1,1,60.0,2.26956525056,5.15839525033038e-14,4.4683,auto
2799,1035,55,centroid_connector,1,1.16000010173,1,1,60.0,1.16000010173,0.0,0.0,auto
2800,1035,58,centroid_connector,1,1.88000005086,1,1,60.0,1.88000005086,0.0,0.0,auto
2801,1035,397,arterial,1,0.855072500625,1,1,60.0,0.855072500625,1.35500959579369e-20,5.7894,auto
2802,1035,433,arterial,1,1.34782616067,1,1,60.0,1.34782616067,1.35500959579362e-20,5.7894,auto
2803,1036,211,arterial,1,1.27826093591,1,1,60.0,1.27826093591,2.330356078341e-15,4.4683,auto
2804,1036,1037,arterial,1,0.0100000003974,1,1,60.0,0.0100000003974,0.0,0.0,auto
2805,1037,212,arterial,1,0.3130434907,1,1,60.0,0.3130434907,2.33035607834102e-15,4.4683,auto
2806,1037,1036,arterial,1,0.0100000003974,1,1,60.0,0.0100000003974,0.0,0.0,auto
2807,1038,258,arterial,1,0.704347859258,1,1,60.0,0.704347859258,2.33035607834098e-15,4.4683,auto
2808,1038,259,arterial,1,0.0100000003974,1,1,60.0,0.0100000003974,0.0,0.0,auto
2809,1038,1047,arterial,1,0.0100000003974,1,1,60.0,0.0100000003974,0.0,0.0,auto
2810,1039,757,arterial,1,1.04347826087,1,1,60.0,1.04347826087,1.30271347127736e-10,3.5038,auto
2811,1039,1040,arterial,1,0.0100000003974,1,1,60.0,0.0100000003974,0.0,0.0,auto
2812,1040,755,arterial,1,1.48695655491,1,1,60.0,1.48695655491,1.30271347127746e-10,3.5038,auto
2813,1040,1039,arterial,1,0.0100000003974,1,1,60.0,0.0100000003974,0.0,0.0,auto
2814,1041,731,arterial,1,0.600000008293,1,1,60.0,0.600000008293,1.14841803828419e-11,3.5038,auto
2815,1041,732,arterial,1,0.495652198792,1,1,60.0,0.495652198792,1.14841803828419e-11,3.5038,auto
2816,1042,732,arterial,1,0.234782612842,1,1,60.0,0.234782612842,1.14841803828421e-11,3.5038,auto
2817,1042,733,arterial,1,0.834782641867,1,1,60.0,0.834782641867,1.14841803828419e-11,3.5038,auto
2818,1043,558,arterial,1,0.15652174535,1,1,60.0,0.15652174535,5.15839525033051e-14,4.4683,auto
2819,1043,559,arterial,1,0.234782612842,1,1,60.0,0.234782612842,5.15839525033064e-14,4.4683,auto
2820,1044,964,arterial,1,0.320000012716,1,1,60.0,0.320000012716,4.71182119997057e-11,3.6596,auto
2821,1045,988,arterial,1,0.547826103542,1,1,60.0,0.547826103542,1.30271347127746e-10,3.5038,auto
2822,1045,1046,arterial,1,0.0100000003974,1,1,60.0,0.0100000003974,0.0,0.0,auto
2823,1046,1011,arterial,1,0.0100000003974,1,1,60.0,0.0100000003974,0.0,0.0,auto
2824,1046,1029,arterial,1,0.365217416183,1,1,60.0,0.365217416183,3.80709499442991e-16,4.4683,auto
2825,1047,259,arterial,1,0.0100000003974,1,1,60.0,0.0100000003974,0.0,0.0,auto
2826,1047,261,arterial,1,0.888000030518,1,1,60.0,0.888000030518,1.98244151753241e-18,5.1644,auto
2827,1047,1038,arterial,1,0.0100000003974,1,1,60.0,0.0100000003974,0.0,0.0,auto
2828,1048,147,centroid_connector,1,0.780000019073,1,1,60.0,0.780000019073,0.0,0.0,auto
2829,1048,878,arterial,1,0.0100000003974,1,1,60.0,0.0100000003974,0.0,0.0,auto
2830,1048,879,arterial,1,0.0100000003974,1,1,60.0,0.0100000003974,0.0,0.0,auto
2831,1049,219,arterial,1,1.32000007629,1,1,60.0,1.32000007629,5.21539348721575e-11,3.6544,auto
2832,1049,1050,arterial,1,0.0100000003974,1,1,60.0,0.0100000003974,0.0,0.0,auto
2833,1050,238,arterial,1,2.46000010173,1,1,60.0,2.46000010173,5.21539348721566e-11,3.6544,auto
2834,1050,1049,arterial,1,0.0100000003974,1,1,60.0,0.0100000003974,0.0,0.0,auto
2835,1051,1019,arterial,1,0.15652174535,1,1,60.0,0.15652174535,1.05276140898915e-16,4.4683,auto
2836,1052,1005,arterial,1,0.0100000003974,1,1,60.0,0.0100000003974,0.0,0.0,auto
