link_id,from_node_id,to_node_id,link_type,directed,length,lanes,capacity,free_speed,vdf_fftt,vdf_alpha,vdf_beta,allowed_uses
1,1,2,arterial,1,1.0,1,1000.0,30,1.998095,0.15,4.0,auto
2,2,1,arterial,1,1.0,1,1000.0,30,1.998095,0.15,4.0,auto
3,1,41,arterial,1,1.0,1,1000.0,30,2.002391,0.15,4.0,auto
4,41,1,arterial,1,1.0,1,1000.0,30,2.002391,0.15,4.0,auto
5,2,3,arterial,1,1.0,1,1000.0,30,2.016968,0.15,4.0,auto
6,3,2,arterial,1,1.0,1,1000.0,30,2.016968,0.15,4.0,auto
7,2,42,arterial,1,1.0,1,1000.0,30,1.998626,0.15,4.0,auto
8,42,2,arterial,1,1.0,1,1000.0,30,1.998626,0.15,4.0,auto
9,3,4,arterial,1,1.0,1,1000.0,30,2.000314,0.15,4.0,auto
10,4,3,arterial,1,1.0,1,1000.0,30,2.000314,0.15,4.0,auto
11,3,43,arterial,1,1.0,1,1000.0,30,2.003495,0.15,4.0,auto
12,43,3,arterial,1,1.0,1,1000.0,30,2.003495,0.15,4.0,auto
13,4,5,arterial,1,1.0,1,1000.0,30,1.987386,0.15,4.0,auto
14,5,4,arterial,1,1.0,1,1000.0,30,1.987386,0.15,4.0,auto
15,4,44,arterial,1,1.0,1,1000.0,30,2.000476,0.15,4.0,auto
16,44,4,arterial,1,1.0,1,1000.0,30,2.000476,0.15,4.0,auto
17,5,6,arterial,1,1.0,1,1000.0,30,2.005195,0.15,4.0,auto
18,6,5,arterial,1,1.0,1,1000.0,30,2.005195,0.15,4.0,auto
19,5,45,arterial,1,1.0,1,1000.0,30,2.011719,0.15,4.0,auto
20,45,5,arterial,1,1.0,1,1000.0,30,2.011719,0.15,4.0,auto
21,6,7,arterial,1,1.0,1,1000.0,30,1.983765,0.15,4.0,auto
22,7,6,arterial,1,1.0,1,1000.0,30,1.983765,0.15,4.0,auto
23,6,46,arterial,1,1.0,1,1000.0,30,1.992136,0.15,4.0,auto
24,46,6,arterial,1,1.0,1,1000.0,30,1.992136,0.15,4.0,auto
25,7,8,arterial,1,1.0,1,1000.0,30,1.983627,0.15,4.0,auto
26,8,7,arterial,1,1.0,1,1000.0,30,1.983627,0.15,4.0,auto
27,7,47,arterial,1,1.0,1,1000.0,30,2.012386,0.15,4.0,auto
28,47,7,arterial,1,1.0,1,1000.0,30,2.012386,0.15,4.0,auto
29,8,9,arterial,1,1.0,1,1000.0,30,2.007738,0.15,4.0,auto
30,9,8,arterial,1,1.0,1,1000.0,30,2.007738,0.15,4.0,auto
31,8,48,arterial,1,1.0,1,1000.0,30,1.981675,0.15,4.0,auto
32,48,8,arterial,1,1.0,1,1000.0,30,1.981675,0.15,4.0,auto
33,9,10,arterial,1,1.0,1,1000.0,30,2.019288,0.15,4.0,auto
34,10,9,arterial,1,1.0,1,1000.0,30,2.019288,0.15,4.0,auto
35,9,49,arterial,1,1.0,1,1000.0,30,2.01859,0.15,4.0,auto
36,49,9,arterial,1,1.0,1,1000.0,30,2.01859,0.15,4.0,auto
37,10,11,arterial,1,1.0,1,1000.0,30,2.006157,0.15,4.0,auto
38,11,10,arterial,1,1.0,1,1000.0,30,2.006157,0.15,4.0,auto
39,10,50,arterial,1,1.0,1,1000.0,30,2.004623,0.15,4.0,auto
40,50,10,arterial,1,1.0,1,1000.0,30,2.004623,0.15,4.0,auto
41,11,12,arterial,1,1.0,1,1000.0,30,1.9863,0.15,4.0,auto
42,12,11,arterial,1,1.0,1,1000.0,30,1.9863,0.15,4.0,auto
43,11,51,arterial,1,1.0,1,1000.0,30,1.9806,0.15,4.0,auto
44,51,11,arterial,1,1.0,1,1000.0,30,1.9806,0.15,4.0,auto
45,12,13,arterial,1,1.0,1,1000.0,30,2.001135,0.15,4.0,auto
46,13,12,arterial,1,1.0,1,1000.0,30,2.001135,0.15,4.0,auto
47,12,52,arterial,1,1.0,1,1000.0,30,1.982382,0.15,4.0,auto
48,52,12,arterial,1,1.0,1,1000.0,30,1.982382,0.15,4.0,auto
49,13,14,arterial,1,1.0,1,1000.0,30,1.987608,0.15,4.0,auto
50,14,13,arterial,1,1.0,1,1000.0,30,1.987608,0.15,4.0,auto
51,13,53,arterial,1,1.0,1,1000.0,30,1.989678,0.15,4.0,auto
52,53,13,arterial,1,1.0,1,1000.0,30,1.989678,0.15,4.0,auto
53,14,15,arterial,1,1.0,1,1000.0,30,1.981203,0.15,4.0,auto
54,15,14,arterial,1,1.0,1,1000.0,30,1.981203,0.15,4.0,auto
55,14,54,arterial,1,1.0,1,1000.0,30,1.998557,0.15,4.0,auto
56,54,14,arterial,1,1.0,1,1000.0,30,1.998557,0.15,4.0,auto
57,15,16,arterial,1,1.0,1,1000.0,30,1.997621,0.15,4.0,auto
58,16,15,arterial,1,1.0,1,1000.0,30,1.997621,0.15,4.0,auto
59,15,55,arterial,1,1.0,1,1000.0,30,2.013697,0.15,4.0,auto
60,55,15,arterial,1,1.0,1,1000.0,30,2.013697,0.15,4.0,auto
61,16,17,arterial,1,1.0,1,1000.0,30,2.000765,0.15,4.0,auto
62,17,16,arterial,1,1.0,1,1000.0,30,2.000765,0.15,4.0,auto
63,16,56,arterial,1,1.0,1,1000.0,30,2.005612,0.15,4.0,auto
64,56,16,arterial,1,1.0,1,1000.0,30,2.005612,0.15,4.0,auto
65,17,18,arterial,1,1.0,1,1000.0,30,1.999991,0.15,4.0,auto
66,18,17,arterial,1,1.0,1,1000.0,30,1.999991,0.15,4.0,auto
67,17,57,arterial,1,1.0,1,1000.0,30,2.006498,0.15,4.0,auto
68,57,17,arterial,1,1.0,1,1000.0,30,2.006498,0.15,4.0,auto
69,18,19,arterial,1,1.0,1,1000.0,30,1.998293,0.15,4.0,auto
70,19,18,arterial,1,1.0,1,1000.0,30,1.998293,0.15,4.0,auto
71,18,58,arterial,1,1.0,1,1000.0,30,1.991127,0.15,4.0,auto
72,58,18,arterial,1,1.0,1,1000.0,30,1.991127,0.15,4.0,auto
73,19,20,arterial,1,1.0,1,1000.0,30,2.019906,0.15,4.0,auto
74,20,19,arterial,1,1.0,1,1000.0,30,2.019906,0.15,4.0,auto
75,19,59,arterial,1,1.0,1,1000.0,30,2.019828,0.15,4.0,auto
76,59,19,arterial,1,1.0,1,1000.0,30,2.019828,0.15,4.0,auto
77,20,60,arterial,1,1.0,1,1000.0,30,2.008312,0.15,4.0,auto
78,60,20,arterial,1,1.0,1,1000.0,30,2.008312,0.15,4.0,auto
79,21,22,arterial,1,1.0,1,1000.0,30,1.992611,0.15,4.0,auto
80,22,21,arterial,1,1.0,1,1000.0,30,1.992611,0.15,4.0,auto
81,21,61,arterial,1,1.0,1,1000.0,30,1.989187,0.15,4.0,auto
82,61,21,arterial,1,1.0,1,1000.0,30,1.989187,0.15,4.0,auto
83,22,23,arterial,1,1.0,1,1000.0,30,1.991562,0.15,4.0,auto
84,23,22,arterial,1,1.0,1,1000.0,30,1.991562,0.15,4.0,auto
85,22,62,arterial,1,1.0,1,1000.0,30,1.982809,0.15,4.0,auto
86,62,22,arterial,1,1.0,1,1000.0,30,1.982809,0.15,4.0,auto
87,23,24,arterial,1,1.0,1,1000.0,30,2.010652,0.15,4.0,auto
88,24,23,arterial,1,1.0,1,1000.0,30,2.010652,0.15,4.0,auto
89,23,63,arterial,1,1.0,1,1000.0,30,1.996016,0.15,4.0,auto
90,63,23,arterial,1,1.0,1,1000.0,30,1.996016,0.15,4.0,auto
91,24,25,arterial,1,1.0,1,1000.0,30,2.013863,0.15,4.0,auto
92,25,24,arterial,1,1.0,1,1000.0,30,2.013863,0.15,4.0,auto
93,24,64,arterial,1,1.0,1,1000.0,30,1.995461,0.15,4.0,auto
94,64,24,arterial,1,1.0,1,1000.0,30,1.995461,0.15,4.0,auto
95,25,26,arterial,1,1.0,1,1000.0,30,2.018322,0.15,4.0,auto
96,26,25,arterial,1,1.0,1,1000.0,30,2.018322,0.15,4.0,auto
97,25,65,arterial,1,1.0,1,1000.0,30,2.013892,0.15,4.0,auto
98,65,25,arterial,1,1.0,1,1000.0,30,2.013892,0.15,4.0,auto
99,26,27,arterial,1,1.0,1,1000.0,30,1.980022,0.15,4.0,auto
100,27,26,arterial,1,1.0,1,1000.0,30,1.980022,0.15,4.0,auto
101,26,66,arterial,1,1.0,1,1000.0,30,1.988389,0.15,4.0,auto
102,66,26,arterial,1,1.0,1,1000.0,30,1.988389,0.15,4.0,auto
103,27,28,arterial,1,1.0,1,1000.0,30,2.016411,0.15,4.0,auto
104,28,27,arterial,1,1.0,1,1000.0,30,2.016411,0.15,4.0,auto
105,27,67,arterial,1,1.0,1,1000.0,30,1.998799,0.15,4.0,auto
106,67,27,arterial,1,1.0,1,1000.0,30,1.998799,0.15,4.0,auto
107,28,29,arterial,1,1.0,1,1000.0,30,2.019214,0.15,4.0,auto
108,29,28,arterial,1,1.0,1,1000.0,30,2.019214,0.15,4.0,auto
109,28,68,arterial,1,1.0,1,1000.0,30,1.995897,0.15,4.0,auto
110,68,28,arterial,1,1.0,1,1000.0,30,1.995897,0.15,4.0,auto
111,29,30,arterial,1,1.0,1,1000.0,30,1.982922,0.15,4.0,auto
112,30,29,arterial,1,1.0,1,1000.0,30,1.982922,0.15,4.0,auto
113,29,69,arterial,1,1.0,1,1000.0,30,2.005178,0.15,4.0,auto
114,69,29,arterial,1,1.0,1,1000.0,30,2.005178,0.15,4.0,auto
115,30,31,arterial,1,1.0,1,1000.0,30,2.01114,0.15,4.0,auto
116,31,30,arterial,1,1.0,1,1000.0,30,2.01114,0.15,4.0,auto
117,30,70,arterial,1,1.0,1,1000.0,30,1.990791,0.15,4.0,auto
118,70,30,arterial,1,1.0,1,1000.0,30,1.990791,0.15,4.0,auto
119,31,32,arterial,1,1.0,1,1000.0,30,1.983486,0.15,4.0,auto
120,32,31,arterial,1,1.0,1,1000.0,30,1.983486,0.15,4.0,auto
121,31,71,arterial,1,1.0,1,1000.0,30,1.993303,0.15,4.0,auto
122,71,31,arterial,1,1.0,1,1000.0,30,1.993303,0.15,4.0,auto
123,32,33,arterial,1,1.0,1,1000.0,30,2.018563,0.15,4.0,auto
124,33,32,arterial,1,1.0,1,1000.0,30,2.018563,0.15,4.0,auto
125,32,72,arterial,1,1.0,1,1000.0,30,2.010322,0.15,4.0,auto
126,72,32,arterial,1,1.0,1,1000.0,30,2.010322,0.15,4.0,auto
127,33,34,arterial,1,1.0,1,1000.0,30,1.98472,0.15,4.0,auto
128,34,33,arterial,1,1.0,1,1000.0,30,1.98472,0.15,4.0,auto
129,33,73,arterial,1,1.0,1,1000.0,30,1.989856,0.15,4.0,auto
130,73,33,arterial,1,1.0,1,1000.0,30,1.989856,0.15,4.0,auto
131,34,35,arterial,1,1.0,1,1000.0,30,1.984042,0.15,4.0,auto
132,35,34,arterial,1,1.0,1,1000.0,30,1.984042,0.15,4.0,auto
133,34,74,arterial,1,1.0,1,1000.0,30,1.982396,0.15,4.0,auto
134,74,34,arterial,1,1.0,1,1000.0,30,1.982396,0.15,4.0,auto
135,35,36,arterial,1,1.0,1,1000.0,30,2.011881,0.15,4.0,auto
136,36,35,arterial,1,1.0,1,1000.0,30,2.011881,0.15,4.0,auto
137,35,75,arterial,1,1.0,1,1000.0,30,1.987107,0.15,4.0,auto
138,75,35,arterial,1,1.0,1,1000.0,30,1.987107,0.15,4.0,auto
139,36,37,arterial,1,1.0,1,1000.0,30,2.002372,0.15,4.0,auto
140,37,36,arterial,1,1.0,1,1000.0,30,2.002372,0.15,4.0,auto
141,36,76,arterial,1,1.0,1,1000.0,30,1.997897,0.15,4.0,auto
142,76,36,arterial,1,1.0,1,1000.0,30,1.997897,0.15,4.0,auto
143,37,38,arterial,1,1.0,1,1000.0,30,1.987627,0.15,4.0,auto
144,38,37,arterial,1,1.0,1,1000.0,30,1.987627,0.15,4.0,auto
145,37,77,arterial,1,1.0,1,1000.0,30,2.009276,0.15,4.0,auto
146,77,37,arterial,1,1.0,1,1000.0,30,2.009276,0.15,4.0,auto
147,38,39,arterial,1,1.0,1,1000.0,30,1.985239,0.15,4.0,auto
148,39,38,arterial,1,1.0,1,1000.0,30,1.985239,0.15,4.0,auto
149,38,78,arterial,1,1.0,1,1000.0,30,2.005749,0.15,4.0,auto
150,78,38,arterial,1,1.0,1,1000.0,30,2.005749,0.15,4.0,auto
151,39,40,arterial,1,1.0,1,1000.0,30,1.98466,0.15,4.0,auto
152,40,39,arterial,1,1.0,1,1000.0,30,1.98466,0.15,4.0,auto
153,39,79,arterial,1,1.0,1,1000.0,30,1.99683,0.15,4.0,auto
154,79,39,arterial,1,1.0,1,1000.0,30,1.99683,0.15,4.0,auto
155,40,80,arterial,1,1.0,1,1000.0,30,1.990792,0.15,4.0,auto
156,80,40,arterial,1,1.0,1,1000.0,30,1.990792,0.15,4.0,auto
157,41,42,arterial,1,1.0,1,1000.0,30,2.018837,0.15,4.0,auto
158,42,41,arterial,1,1.0,1,1000.0,30,2.018837,0.15,4.0,auto
159,41,81,arterial,1,1.0,1,1000.0,30,2.012136,0.15,4.0,auto
160,81,41,arterial,1,1.0,1,1000.0,30,2.012136,0.15,4.0,auto
161,42,43,arterial,1,1.0,1,1000.0,30,1.992166,0.15,4.0,auto
162,43,42,arterial,1,1.0,1,1000.0,30,1.992166,0.15,4.0,auto
163,42,82,arterial,1,1.0,1,1000.0,30,2.015395,0.15,4.0,auto
164,82,42,arterial,1,1.0,1,1000.0,30,2.015395,0.15,4.0,auto
165,43,44,arterial,1,1.0,1,1000.0,30,1.988428,0.15,4.0,auto
166,44,43,arterial,1,1.0,1,1000.0,30,1.988428,0.15,4.0,auto
167,43,83,arterial,1,1.0,1,1000.0,30,1.995771,0.15,4.0,auto
168,83,43,arterial,1,1.0,1,1000.0,30,1.995771,0.15,4.0,auto
169,44,45,arterial,1,1.0,1,1000.0,30,2.014175,0.15,4.0,auto
170,45,44,arterial,1,1.0,1,1000.0,30,2.014175,0.15,4.0,auto
171,44,84,arterial,1,1.0,1,1000.0,30,2.005673,0.15,4.0,auto
172,84,44,arterial,1,1.0,1,1000.0,30,2.005673,0.15,4.0,auto
173,45,46,arterial,1,1.0,1,1000.0,30,1.984013,0.15,4.0,auto
174,46,45,arterial,1,1.0,1,1000.0,30,1.984013,0.15,4.0,auto
175,45,85,arterial,1,1.0,1,1000.0,30,2.019572,0.15,4.0,auto
176,85,45,arterial,1,1.0,1,1000.0,30,2.019572,0.15,4.0,auto
177,46,47,arterial,1,1.0,1,1000.0,30,1.98853,0.15,4.0,auto
178,47,46,arterial,1,1.0,1,1000.0,30,1.98853,0.15,4.0,auto
179,46,86,arterial,1,1.0,1,1000.0,30,1.990331,0.15,4.0,auto
180,86,46,arterial,1,1.0,1,1000.0,30,1.990331,0.15,4.0,auto
181,47,48,arterial,1,1.0,1,1000.0,30,2.010908,0.15,4.0,auto
182,48,47,arterial,1,1.0,1,1000.0,30,2.010908,0.15,4.0,auto
183,47,87,arterial,1,1.0,1,1000.0,30,1.993158,0.15,4.0,auto
184,87,47,arterial,1,1.0,1,1000.0,30,1.993158,0.15,4.0,auto
185,48,49,arterial,1,1.0,1,1000.0,30,1.991853,0.15,4.0,auto
186,49,48,arterial,1,1.0,1,1000.0,30,1.991853,0.15,4.0,auto
187,48,88,arterial,1,1.0,1,1000.0,30,1.982936,0.15,4.0,auto
188,88,48,arterial,1,1.0,1,1000.0,30,1.982936,0.15,4.0,auto
189,49,50,arterial,1,1.0,1,1000.0,30,1.983605,0.15,4.0,auto
190,50,49,arterial,1,1.0,1,1000.0,30,1.983605,0.15,4.0,auto
191,49,89,arterial,1,1.0,1,1000.0,30,2.003309,0.15,4.0,auto
192,89,49,arterial,1,1.0,1,1000.0,30,2.003309,0.15,4.0,auto
193,50,51,arterial,1,1.0,1,1000.0,30,1.989721,0.15,4.0,auto
194,51,50,arterial,1,1.0,1,1000.0,30,1.989721,0.15,4.0,auto
195,50,90,arterial,1,1.0,1,1000.0,30,2.004051,0.15,4.0,auto
196,90,50,arterial,1,1.0,1,1000.0,30,2.004051,0.15,4.0,auto
197,51,52,arterial,1,1.0,1,1000.0,30,1.994868,0.15,4.0,auto
198,52,51,arterial,1,1.0,1,1000.0,30,1.994868,0.15,4.0,auto
199,51,91,arterial,1,1.0,1,1000.0,30,1.998128,0.15,4.0,auto
200,91,51,arterial,1,1.0,1,1000.0,30,1.998128,0.15,4.0,auto
201,52,53,arterial,1,1.0,1,1000.0,30,2.018365,0.15,4.0,auto
202,53,52,arterial,1,1.0,1,1000.0,30,2.018365,0.15,4.0,auto
203,52,92,arterial,1,1.0,1,1000.0,30,1.999349,0.15,4.0,auto
204,92,52,arterial,1,1.0,1,1000.0,30,1.999349,0.15,4.0,auto
205,53,54,arterial,1,1.0,1,1000.0,30,2.002983,0.15,4.0,auto
206,54,53,arterial,1,1.0,1,1000.0,30,2.002983,0.15,4.0,auto
207,53,93,arterial,1,1.0,1,1000.0,30,2.014661,0.15,4.0,auto
208,93,53,arterial,1,1.0,1,1000.0,30,2.014661,0.15,4.0,auto
209,54,55,arterial,1,1.0,1,1000.0,30,1.987313,0.15,4.0,auto
210,55,54,arterial,1,1.0,1,1000.0,30,1.987313,0.15,4.0,auto
211,54,94,arterial,1,1.0,1,1000.0,30,1.986165,0.15,4.0,auto
212,94,54,arterial,1,1.0,1,1000.0,30,1.986165,0.15,4.0,auto
213,55,56,arterial,1,1.0,1,1000.0,30,2.016337,0.15,4.0,auto
214,56,55,arterial,1,1.0,1,1000.0,30,2.016337,0.15,4.0,auto
215,55,95,arterial,1,1.0,1,1000.0,30,2.012712,0.15,4.0,auto
216,95,55,arterial,1,1.0,1,1000.0,30,2.012712,0.15,4.0,auto
217,56,57,arterial,1,1.0,1,1000.0,30,1.98998,0.15,4.0,auto
218,57,56,arterial,1,1.0,1,1000.0,30,1.98998,0.15,4.0,auto
219,56,96,arterial,1,1.0,1,1000.0,30,1.987592,0.15,4.0,auto
220,96,56,arterial,1,1.0,1,1000.0,30,1.987592,0.15,4.0,auto
221,57,58,arterial,1,1.0,1,1000.0,30,2.009577,0.15,4.0,auto
222,58,57,arterial,1,1.0,1,1000.0,30,2.009577,0.15,4.0,auto
223,57,97,arterial,1,1.0,1,1000.0,30,2.017616,0.15,4.0,auto
224,97,57,arterial,1,1.0,1,1000.0,30,2.017616,0.15,4.0,auto
225,58,59,arterial,1,1.0,1,1000.0,30,1.987864,0.15,4.0,auto
226,59,58,arterial,1,1.0,1,1000.0,30,1.987864,0.15,4.0,auto
227,58,98,arterial,1,1.0,1,1000.0,30,2.018005,0.15,4.0,auto
228,98,58,arterial,1,1.0,1,1000.0,30,2.018005,0.15,4.0,auto
229,59,60,arterial,1,1.0,1,1000.0,30,2.015288,0.15,4.0,auto
230,60,59,arterial,1,1.0,1,1000.0,30,2.015288,0.15,4.0,auto
231,59,99,arterial,1,1.0,1,1000.0,30,2.004141,0.15,4.0,auto
232,99,59,arterial,1,1.0,1,1000.0,30,2.004141,0.15,4.0,auto
233,60,100,arterial,1,1.0,1,1000.0,30,1.984154,0.15,4.0,auto
234,100,60,arterial,1,1.0,1,1000.0,30,1.984154,0.15,4.0,auto
235,61,62,arterial,1,1.0,1,1000.0,30,1.981548,0.15,4.0,auto
236,62,61,arterial,1,1.0,1,1000.0,30,1.981548,0.15,4.0,auto
237,61,101,arterial,1,1.0,1,1000.0,30,2.018507,0.15,4.0,auto
238,101,61,arterial,1,1.0,1,1000.0,30,2.018507,0.15,4.0,auto
239,62,63,arterial,1,1.0,1,1000.0,30,1.989536,0.15,4.0,auto
240,63,62,arterial,1,1.0,1,1000.0,30,1.989536,0.15,4.0,auto
241,62,102,arterial,1,1.0,1,1000.0,30,2.008183,0.15,4.0,auto
242,102,62,arterial,1,1.0,1,1000.0,30,2.008183,0.15,4.0,auto
243,63,64,arterial,1,1.0,1,1000.0,30,1.990279,0.15,4.0,auto
244,64,63,arterial,1,1.0,1,1000.0,30,1.990279,0.15,4.0,auto
245,63,103,arterial,1,1.0,1,1000.0,30,2.012949,0.15,4.0,auto
246,103,63,arterial,1,1.0,1,1000.0,30,2.012949,0.15,4.0,auto
247,64,65,arterial,1,1.0,1,1000.0,30,2.003859,0.15,4.0,auto
248,65,64,arterial,1,1.0,1,1000.0,30,2.003859,0.15,4.0,auto
249,64,104,arterial,1,1.0,1,1000.0,30,1.991737,0.15,4.0,auto
250,104,64,arterial,1,1.0,1,1000.0,30,1.991737,0.15,4.0,auto
251,65,66,arterial,1,1.0,1,1000.0,30,1.987017,0.15,4.0,auto
252,66,65,arterial,1,1.0,1,1000.0,30,1.987017,0.15,4.0,auto
253,65,105,arterial,1,1.0,1,1000.0,30,2.008814,0.15,4.0,auto
254,105,65,arterial,1,1.0,1,1000.0,30,2.008814,0.15,4.0,auto
255,66,67,arterial,1,1.0,1,1000.0,30,1.982751,0.15,4.0,auto
256,67,66,arterial,1,1.0,1,1000.0,30,1.982751,0.15,4.0,auto
257,66,106,arterial,1,1.0,1,1000.0,30,1.989136,0.15,4.0,auto
258,106,66,arterial,1,1.0,1,1000.0,30,1.989136,0.15,4.0,auto
259,67,68,arterial,1,1.0,1,1000.0,30,2.002375,0.15,4.0,auto
260,68,67,arterial,1,1.0,1,1000.0,30,2.002375,0.15,4.0,auto
261,67,107,arterial,1,1.0,1,1000.0,30,2.014096,0.15,4.0,auto
262,107,67,arterial,1,1.0,1,1000.0,30,2.014096,0.15,4.0,auto
263,68,69,arterial,1,1.0,1,1000.0,30,2.004572,0.15,4.0,auto
264,69,68,arterial,1,1.0,1,1000.0,30,2.004572,0.15,4.0,auto
265,68,108,arterial,1,1.0,1,1000.0,30,1.991209,0.15,4.0,auto
266,108,68,arterial,1,1.0,1,1000.0,30,1.991209,0.15,4.0,auto
267,69,70,arterial,1,1.0,1,1000.0,30,2.016694,0.15,4.0,auto
268,70,69,arterial,1,1.0,1,1000.0,30,2.016694,0.15,4.0,auto
269,69,109,arterial,1,1.0,1,1000.0,30,1.988159,0.15,4.0,auto
270,109,69,arterial,1,1.0,1,1000.0,30,1.988159,0.15,4.0,auto
271,70,71,arterial,1,1.0,1,1000.0,30,1.980663,0.15,4.0,auto
272,71,70,arterial,1,1.0,1,1000.0,30,1.980663,0.15,4.0,auto
273,70,110,arterial,1,1.0,1,1000.0,30,1.990768,0.15,4.0,auto
274,110,70,arterial,1,1.0,1,1000.0,30,1.990768,0.15,4.0,auto
275,71,72,arterial,1,1.0,1,1000.0,30,1.997828,0.15,4.0,auto
276,72,71,arterial,1,1.0,1,1000.0,30,1.997828,0.15,4.0,auto
277,71,111,arterial,1,1.0,1,1000.0,30,1.982418,0.15,4.0,auto
278,111,71,arterial,1,1.0,1,1000.0,30,1.982418,0.15,4.0,auto
279,72,73,arterial,1,1.0,1,1000.0,30,1.98705,0.15,4.0,auto
280,73,72,arterial,1,1.0,1,1000.0,30,1.98705,0.15,4.0,auto
281,72,112,arterial,1,1.0,1,1000.0,30,1.994751,0.15,4.0,auto
282,112,72,arterial,1,1.0,1,1000.0,30,1.994751,0.15,4.0,auto
283,73,74,arterial,1,1.0,1,1000.0,30,2.002887,0.15,4.0,auto
284,74,73,arterial,1,1.0,1,1000.0,30,2.002887,0.15,4.0,auto
285,73,113,arterial,1,1.0,1,1000.0,30,1.985263,0.15,4.0,auto
286,113,73,arterial,1,1.0,1,1000.0,30,1.985263,0.15,4.0,auto
287,74,75,arterial,1,1.0,1,1000.0,30,1.994486,0.15,4.0,auto
288,75,74,arterial,1,1.0,1,1000.0,30,1.994486,0.15,4.0,auto
289,74,114,arterial,1,1.0,1,1000.0,30,2.015638,0.15,4.0,auto
290,114,74,arterial,1,1.0,1,1000.0,30,2.015638,0.15,4.0,auto
291,75,76,arterial,1,1.0,1,1000.0,30,2.01922,0.15,4.0,auto
292,76,75,arterial,1,1.0,1,1000.0,30,2.01922,0.15,4.0,auto
293,75,115,arterial,1,1.0,1,1000.0,30,2.006277,0.15,4.0,auto
294,115,75,arterial,1,1.0,1,1000.0,30,2.006277,0.15,4.0,auto
295,76,77,arterial,1,1.0,1,1000.0,30,2.007649,0.15,4.0,auto
296,77,76,arterial,1,1.0,1,1000.0,30,2.007649,0.15,4.0,auto
297,76,116,arterial,1,1.0,1,1000.0,30,2.003378,0.15,4.0,auto
298,116,76,arterial,1,1.0,1,1000.0,30,2.003378,0.15,4.0,auto
299,77,78,arterial,1,1.0,1,1000.0,30,1.985614,0.15,4.0,auto
300,78,77,arterial,1,1.0,1,1000.0,30,1.985614,0.15,4.0,auto
301,77,117,arterial,1,1.0,1,1000.0,30,1.981403,0.15,4.0,auto
302,117,77,arterial,1,1.0,1,1000.0,30,1.981403,0.15,4.0,auto
303,78,79,arterial,1,1.0,1,1000.0,30,1.980716,0.15,4.0,auto
304,79,78,arterial,1,1.0,1,1000.0,30,1.980716,0.15,4.0,auto
305,78,118,arterial,1,1.0,1,1000.0,30,2.016408,0.15,4.0,auto
306,118,78,arterial,1,1.0,1,1000.0,30,2.016408,0.15,4.0,auto
307,79,80,arterial,1,1.0,1,1000.0,30,2.008039,0.15,4.0,auto
308,80,79,arterial,1,1.0,1,1000.0,30,2.008039,0.15,4.0,auto
309,79,119,arterial,1,1.0,1,1000.0,30,2.018511,0.15,4.0,auto
310,119,79,arterial,1,1.0,1,1000.0,30,2.018511,0.15,4.0,auto
311,80,120,arterial,1,1.0,1,1000.0,30,2.005447,0.15,4.0,auto
312,120,80,arterial,1,1.0,1,1000.0,30,2.005447,0.15,4.0,auto
313,81,82,arterial,1,1.0,1,1000.0,30,1.999289,0.15,4.0,auto
314,82,81,arterial,1,1.0,1,1000.0,30,1.999289,0.15,4.0,auto
315,81,121,arterial,1,1.0,1,1000.0,30,2.00922,0.15,4.0,auto
316,121,81,arterial,1,1.0,1,1000.0,30,2.00922,0.15,4.0,auto
317,82,83,arterial,1,1.0,1,1000.0,30,1.992756,0.15,4.0,auto
318,83,82,arterial,1,1.0,1,1000.0,30,1.992756,0.15,4.0,auto
319,82,122,arterial,1,1.0,1,1000.0,30,2.019974,0.15,4.0,auto
320,122,82,arterial,1,1.0,1,1000.0,30,2.019974,0.15,4.0,auto
321,83,84,arterial,1,1.0,1,1000.0,30,1.983011,0.15,4.0,auto
322,84,83,arterial,1,1.0,1,1000.0,30,1.983011,0.15,4.0,auto
323,83,123,arterial,1,1.0,1,1000.0,30,2.001844,0.15,4.0,auto
324,123,83,arterial,1,1.0,1,1000.0,30,2.001844,0.15,4.0,auto
325,84,85,arterial,1,1.0,1,1000.0,30,2.00948,0.15,4.0,auto
326,85,84,arterial,1,1.0,1,1000.0,30,2.00948,0.15,4.0,auto
327,84,124,arterial,1,1.0,1,1000.0,30,2.016008,0.15,4.0,auto
328,124,84,arterial,1,1.0,1,1000.0,30,2.016008,0.15,4.0,auto
329,85,86,arterial,1,1.0,1,1000.0,30,2.009484,0.15,4.0,auto
330,86,85,arterial,1,1.0,1,1000.0,30,2.009484,0.15,4.0,auto
331,85,125,arterial,1,1.0,1,1000.0,30,2.008148,0.15,4.0,auto
332,125,85,arterial,1,1.0,1,1000.0,30,2.008148,0.15,4.0,auto
333,86,87,arterial,1,1.0,1,1000.0,30,2.011731,0.15,4.0,auto
334,87,86,arterial,1,1.0,1,1000.0,30,2.011731,0.15,4.0,auto
335,86,126,arterial,1,1.0,1,1000.0,30,2.0166,0.15,4.0,auto
336,126,86,arterial,1,1.0,1,1000.0,30,2.0166,0.15,4.0,auto
337,87,88,arterial,1,1.0,1,1000.0,30,1.994073,0.15,4.0,auto
338,88,87,arterial,1,1.0,1,1000.0,30,1.994073,0.15,4.0,auto
339,87,127,arterial,1,1.0,1,1000.0,30,2.007406,0.15,4.0,auto
340,127,87,arterial,1,1.0,1,1000.0,30,2.007406,0.15,4.0,auto
341,88,89,arterial,1,1.0,1,1000.0,30,2.016033,0.15,4.0,auto
342,89,88,arterial,1,1.0,1,1000.0,30,2.016033,0.15,4.0,auto
343,88,128,arterial,1,1.0,1,1000.0,30,2.014844,0.15,4.0,auto
344,128,88,arterial,1,1.0,1,1000.0,30,2.014844,0.15,4.0,auto
345,89,90,arterial,1,1.0,1,1000.0,30,1.996686,0.15,4.0,auto
346,90,89,arterial,1,1.0,1,1000.0,30,1.996686,0.15,4.0,auto
347,89,129,arterial,1,1.0,1,1000.0,30,2.011621,0.15,4.0,auto
348,129,89,arterial,1,1.0,1,1000.0,30,2.011621,0.15,4.0,auto
349,90,91,arterial,1,1.0,1,1000.0,30,2.014539,0.15,4.0,auto
350,91,90,arterial,1,1.0,1,1000.0,30,2.014539,0.15,4.0,auto
351,90,130,arterial,1,1.0,1,1000.0,30,2.002912,0.15,4.0,auto
352,130,90,arterial,1,1.0,1,1000.0,30,2.002912,0.15,4.0,auto
353,91,92,arterial,1,1.0,1,1000.0,30,2.004998,0.15,4.0,auto
354,92,91,arterial,1,1.0,1,1000.0,30,2.004998,0.15,4.0,auto
355,91,131,arterial,1,1.0,1,1000.0,30,1.995293,0.15,4.0,auto
356,131,91,arterial,1,1.0,1,1000.0,30,1.995293,0.15,4.0,auto
357,92,93,arterial,1,1.0,1,1000.0,30,2.003307,0.15,4.0,auto
358,93,92,arterial,1,1.0,1,1000.0,30,2.003307,0.15,4.0,auto
359,92,132,arterial,1,1.0,1,1000.0,30,2.004355,0.15,4.0,auto
360,132,92,arterial,1,1.0,1,1000.0,30,2.004355,0.15,4.0,auto
361,93,94,arterial,1,1.0,1,1000.0,30,1.983208,0.15,4.0,auto
362,94,93,arterial,1,1.0,1,1000.0,30,1.983208,0.15,4.0,auto
363,93,133,arterial,1,1.0,1,1000.0,30,2.005576,0.15,4.0,auto
364,133,93,arterial,1,1.0,1,1000.0,30,2.005576,0.15,4.0,auto
365,94,95,arterial,1,1.0,1,1000.0,30,2.019733,0.15,4.0,auto
366,95,94,arterial,1,1.0,1,1000.0,30,2.019733,0.15,4.0,auto
367,94,134,arterial,1,1.0,1,1000.0,30,2.015192,0.15,4.0,auto
368,134,94,arterial,1,1.0,1,1000.0,30,2.015192,0.15,4.0,auto
369,95,96,arterial,1,1.0,1,1000.0,30,2.009128,0.15,4.0,auto
370,96,95,arterial,1,1.0,1,1000.0,30,2.009128,0.15,4.0,auto
371,95,135,arterial,1,1.0,1,1000.0,30,1.995537,0.15,4.0,auto
372,135,95,arterial,1,1.0,1,1000.0,30,1.995537,0.15,4.0,auto
373,96,97,arterial,1,1.0,1,1000.0,30,2.009402,0.15,4.0,auto
374,97,96,arterial,1,1.0,1,1000.0,30,2.009402,0.15,4.0,auto
375,96,136,arterial,1,1.0,1,1000.0,30,2.003238,0.15,4.0,auto
376,136,96,arterial,1,1.0,1,1000.0,30,2.003238,0.15,4.0,auto
377,97,98,arterial,1,1.0,1,1000.0,30,1.997621,0.15,4.0,auto
378,98,97,arterial,1,1.0,1,1000.0,30,1.997621,0.15,4.0,auto
379,97,137,arterial,1,1.0,1,1000.0,30,2.013535,0.15,4.0,auto
380,137,97,arterial,1,1.0,1,1000.0,30,2.013535,0.15,4.0,auto
381,98,99,arterial,1,1.0,1,1000.0,30,1.983351,0.15,4.0,auto
382,99,98,arterial,1,1.0,1,1000.0,30,1.983351,0.15,4.0,auto
383,98,138,arterial,1,1.0,1,1000.0,30,2.010008,0.15,4.0,auto
384,138,98,arterial,1,1.0,1,1000.0,30,2.010008,0.15,4.0,auto
385,99,100,arterial,1,1.0,1,1000.0,30,1.981192,0.15,4.0,auto
386,100,99,arterial,1,1.0,1,1000.0,30,1.981192,0.15,4.0,auto
387,99,139,arterial,1,1.0,1,1000.0,30,2.004051,0.15,4.0,auto
388,139,99,arterial,1,1.0,1,1000.0,30,2.004051,0.15,4.0,auto
389,100,140,arterial,1,1.0,1,1000.0,30,1.989209,0.15,4.0,auto
390,140,100,arterial,1,1.0,1,1000.0,30,1.989209,0.15,4.0,auto
391,101,102,arterial,1,1.0,1,1000.0,30,2.007933,0.15,4.0,auto
392,102,101,arterial,1,1.0,1,1000.0,30,2.007933,0.15,4.0,auto
393,101,141,arterial,1,1.0,1,1000.0,30,1.99989,0.15,4.0,auto
394,141,101,arterial,1,1.0,1,1000.0,30,1.99989,0.15,4.0,auto
395,102,103,arterial,1,1.0,1,1000.0,30,2.00458,0.15,4.0,auto
396,103,102,arterial,1,1.0,1,1000.0,30,2.00458,0.15,4.0,auto
397,102,142,arterial,1,1.0,1,1000.0,30,2.016819,0.15,4.0,auto
398,142,102,arterial,1,1.0,1,1000.0,30,2.016819,0.15,4.0,auto
399,103,104,arterial,1,1.0,1,1000.0,30,1.990233,0.15,4.0,auto
400,104,103,arterial,1,1.0,1,1000.0,30,1.990233,0.15,4.0,auto
401,103,143,arterial,1,1.0,1,1000.0,30,1.980452,0.15,4.0,auto
402,143,103,arterial,1,1.0,1,1000.0,30,1.980452,0.15,4.0,auto
403,104,105,arterial,1,1.0,1,1000.0,30,1.992041,0.15,4.0,auto
404,105,104,arterial,1,1.0,1,1000.0,30,1.992041,0.15,4.0,auto
405,104,144,arterial,1,1.0,1,1000.0,30,2.007125,0.15,4.0,auto
406,144,104,arterial,1,1.0,1,1000.0,30,2.007125,0.15,4.0,auto
407,105,106,arterial,1,1.0,1,1000.0,30,1.988103,0.15,4.0,auto
408,106,105,arterial,1,1.0,1,1000.0,30,1.988103,0.15,4.0,auto
409,105,145,arterial,1,1.0,1,1000.0,30,1.986784,0.15,4.0,auto
410,145,105,arterial,1,1.0,1,1000.0,30,1.986784,0.15,4.0,auto
411,106,107,arterial,1,1.0,1,1000.0,30,2.016229,0.15,4.0,auto
412,107,106,arterial,1,1.0,1,1000.0,30,2.016229,0.15,4.0,auto
413,106,146,arterial,1,1.0,1,1000.0,30,2.0064,0.15,4.0,auto
414,146,106,arterial,1,1.0,1,1000.0,30,2.0064,0.15,4.0,auto
415,107,108,arterial,1,1.0,1,1000.0,30,1.997677,0.15,4.0,auto
416,108,107,arterial,1,1.0,1,1000.0,30,1.997677,0.15,4.0,auto
417,107,147,arterial,1,1.0,1,1000.0,30,2.015669,0.15,4.0,auto
418,147,107,arterial,1,1.0,1,1000.0,30,2.015669,0.15,4.0,auto
419,108,109,arterial,1,1.0,1,1000.0,30,1.993078,0.15,4.0,auto
420,109,108,arterial,1,1.0,1,1000.0,30,1.993078,0.15,4.0,auto
421,108,148,arterial,1,1.0,1,1000.0,30,2.006636,0.15,4.0,auto
422,148,108,arterial,1,1.0,1,1000.0,30,2.006636,0.15,4.0,auto
423,109,110,arterial,1,1.0,1,1000.0,30,1.98794,0.15,4.0,auto
424,110,109,arterial,1,1.0,1,1000.0,30,1.98794,0.15,4.0,auto
425,109,149,arterial,1,1.0,1,1000.0,30,1.997236,0.15,4.0,auto
426,149,109,arterial,1,1.0,1,1000.0,30,1.997236,0.15,4.0,auto
427,110,111,arterial,1,1.0,1,1000.0,30,2.01224,0.15,4.0,auto
428,111,110,arterial,1,1.0,1,1000.0,30,2.01224,0.15,4.0,auto
429,110,150,arterial,1,1.0,1,1000.0,30,2.016569,0.15,4.0,auto
430,150,110,arterial,1,1.0,1,1000.0,30,2.016569,0.15,4.0,auto
431,111,112,arterial,1,1.0,1,1000.0,30,2.015211,0.15,4.0,auto
432,112,111,arterial,1,1.0,1,1000.0,30,2.015211,0.15,4.0,auto
433,111,151,arterial,1,1.0,1,1000.0,30,1.995377,0.15,4.0,auto
434,151,111,arterial,1,1.0,1,1000.0,30,1.995377,0.15,4.0,auto
435,112,113,arterial,1,1.0,1,1000.0,30,2.003324,0.15,4.0,auto
436,113,112,arterial,1,1.0,1,1000.0,30,2.003324,0.15,4.0,auto
437,112,152,arterial,1,1.0,1,1000.0,30,1.992659,0.15,4.0,auto
438,152,112,arterial,1,1.0,1,1000.0,30,1.992659,0.15,4.0,auto
439,113,114,arterial,1,1.0,1,1000.0,30,1.985447,0.15,4.0,auto
440,114,113,arterial,1,1.0,1,1000.0,30,1.985447,0.15,4.0,auto
441,113,153,arterial,1,1.0,1,1000.0,30,1.999859,0.15,4.0,auto
442,153,113,arterial,1,1.0,1,1000.0,30,1.999859,0.15,4.0,auto
443,114,115,arterial,1,1.0,1,1000.0,30,2.013484,0.15,4.0,auto
444,115,114,arterial,1,1.0,1,1000.0,30,2.013484,0.15,4.0,auto
445,114,154,arterial,1,1.0,1,1000.0,30,2.013949,0.15,4.0,auto
446,154,114,arterial,1,1.0,1,1000.0,30,2.013949,0.15,4.0,auto
447,115,116,arterial,1,1.0,1,1000.0,30,2.008449,0.15,4.0,auto
448,116,115,arterial,1,1.0,1,1000.0,30,2.008449,0.15,4.0,auto
449,115,155,arterial,1,1.0,1,1000.0,30,2.018,0.15,4.0,auto
450,155,115,arterial,1,1.0,1,1000.0,30,2.018,0.15,4.0,auto
451,116,117,arterial,1,1.0,1,1000.0,30,1.991072,0.15,4.0,auto
452,117,116,arterial,1,1.0,1,1000.0,30,1.991072,0.15,4.0,auto
453,116,156,arterial,1,1.0,1,1000.0,30,1.986765,0.15,4.0,auto
454,156,116,arterial,1,1.0,1,1000.0,30,1.986765,0.15,4.0,auto
455,117,118,arterial,1,1.0,1,1000.0,30,1.998026,0.15,4.0,auto
456,118,117,arterial,1,1.0,1,1000.0,30,1.998026,0.15,4.0,auto
457,117,157,arterial,1,1.0,1,1000.0,30,1.991007,0.15,4.0,auto
458,157,117,arterial,1,1.0,1,1000.0,30,1.991007,0.15,4.0,auto
459,118,119,arterial,1,1.0,1,1000.0,30,1.988563,0.15,4.0,auto
460,119,118,arterial,1,1.0,1,1000.0,30,1.988563,0.15,4.0,auto
461,118,158,arterial,1,1.0,1,1000.0,30,1.996559,0.15,4.0,auto
462,158,118,arterial,1,1.0,1,1000.0,30,1.996559,0.15,4.0,auto
463,119,120,arterial,1,1.0,1,1000.0,30,2.005029,0.15,4.0,auto
464,120,119,arterial,1,1.0,1,1000.0,30,2.005029,0.15,4.0,auto
465,119,159,arterial,1,1.0,1,1000.0,30,1.999755,0.15,4.0,auto
466,159,119,arterial,1,1.0,1,1000.0,30,1.999755,0.15,4.0,auto
467,120,160,arterial,1,1.0,1,1000.0,30,2.013565,0.15,4.0,auto
468,160,120,arterial,1,1.0,1,1000.0,30,2.013565,0.15,4.0,auto
469,121,122,arterial,1,1.0,1,1000.0,30,2.019281,0.15,4.0,auto
470,122,121,arterial,1,1.0,1,1000.0,30,2.019281,0.15,4.0,auto
471,121,161,arterial,1,1.0,1,1000.0,30,1.998099,0.15,4.0,auto
472,161,121,arterial,1,1.0,1,1000.0,30,1.998099,0.15,4.0,auto
473,122,123,arterial,1,1.0,1,1000.0,30,1.982987,0.15,4.0,auto
474,123,122,arterial,1,1.0,1,1000.0,30,1.982987,0.15,4.0,auto
475,122,162,arterial,1,1.0,1,1000.0,30,1.981259,0.15,4.0,auto
476,162,122,arterial,1,1.0,1,1000.0,30,1.981259,0.15,4.0,auto
477,123,124,arterial,1,1.0,1,1000.0,30,2.014913,0.15,4.0,auto
478,124,123,arterial,1,1.0,1,1000.0,30,2.014913,0.15,4.0,auto
479,123,163,arterial,1,1.0,1,1000.0,30,1.98166,0.15,4.0,auto
480,163,123,arterial,1,1.0,1,1000.0,30,1.98166,0.15,4.0,auto
481,124,125,arterial,1,1.0,1,1000.0,30,2.008345,0.15,4.0,auto
482,125,124,arterial,1,1.0,1,1000.0,30,2.008345,0.15,4.0,auto
483,124,164,arterial,1,1.0,1,1000.0,30,2.002823,0.15,4.0,auto
484,164,124,arterial,1,1.0,1,1000.0,30,2.002823,0.15,4.0,auto
485,125,126,arterial,1,1.0,1,1000.0,30,1.992361,0.15,4.0,auto
486,126,125,arterial,1,1.0,1,1000.0,30,1.992361,0.15,4.0,auto
487,125,165,arterial,1,1.0,1,1000.0,30,2.011661,0.15,4.0,auto
488,165,125,arterial,1,1.0,1,1000.0,30,2.011661,0.15,4.0,auto
489,126,127,arterial,1,1.0,1,1000.0,30,1.980765,0.15,4.0,auto
490,127,126,arterial,1,1.0,1,1000.0,30,1.980765,0.15,4.0,auto
491,126,166,arterial,1,1.0,1,1000.0,30,1.985435,0.15,4.0,auto
492,166,126,arterial,1,1.0,1,1000.0,30,1.985435,0.15,4.0,auto
493,127,128,arterial,1,1.0,1,1000.0,30,1.998193,0.15,4.0,auto
494,128,127,arterial,1,1.0,1,1000.0,30,1.998193,0.15,4.0,auto
495,127,167,arterial,1,1.0,1,1000.0,30,1.980989,0.15,4.0,auto
496,167,127,arterial,1,1.0,1,1000.0,30,1.980989,0.15,4.0,auto
497,128,129,arterial,1,1.0,1,1000.0,30,2.013187,0.15,4.0,auto
498,129,128,arterial,1,1.0,1,1000.0,30,2.013187,0.15,4.0,auto
499,128,168,arterial,1,1.0,1,1000.0,30,1.989496,0.15,4.0,auto
500,168,128,arterial,1,1.0,1,1000.0,30,1.989496,0.15,4.0,auto
501,129,130,arterial,1,1.0,1,1000.0,30,1.985635,0.15,4.0,auto
502,130,129,arterial,1,1.0,1,1000.0,30,1.985635,0.15,4.0,auto
503,129,169,arterial,1,1.0,1,1000.0,30,1.981878,0.15,4.0,auto
504,169,129,arterial,1,1.0,1,1000.0,30,1.981878,0.15,4.0,auto
505,130,131,arterial,1,1.0,1,1000.0,30,2.005167,0.15,4.0,auto
506,131,130,arterial,1,1.0,1,1000.0,30,2.005167,0.15,4.0,auto
507,130,170,arterial,1,1.0,1,1000.0,30,1.997859,0.15,4.0,auto
508,170,130,arterial,1,1.0,1,1000.0,30,1.997859,0.15,4.0,auto
509,131,132,arterial,1,1.0,1,1000.0,30,2.005199,0.15,4.0,auto
510,132,131,arterial,1,1.0,1,1000.0,30,2.005199,0.15,4.0,auto
511,131,171,arterial,1,1.0,1,1000.0,30,2.006202,0.15,4.0,auto
512,171,131,arterial,1,1.0,1,1000.0,30,2.006202,0.15,4.0,auto
513,132,133,arterial,1,1.0,1,1000.0,30,2.012295,0.15,4.0,auto
514,133,132,arterial,1,1.0,1,1000.0,30,2.012295,0.15,4.0,auto
515,132,172,arterial,1,1.0,1,1000.0,30,2.018338,0.15,4.0,auto
516,172,132,arterial,1,1.0,1,1000.0,30,2.018338,0.15,4.0,auto
517,133,134,arterial,1,1.0,1,1000.0,30,2.00738,0.15,4.0,auto
518,134,133,arterial,1,1.0,1,1000.0,30,2.00738,0.15,4.0,auto
519,133,173,arterial,1,1.0,1,1000.0,30,1.987974,0.15,4.0,auto
520,173,133,arterial,1,1.0,1,1000.0,30,1.987974,0.15,4.0,auto
521,134,135,arterial,1,1.0,1,1000.0,30,1.999006,0.15,4.0,auto
522,135,134,arterial,1,1.0,1,1000.0,30,1.999006,0.15,4.0,auto
523,134,174,arterial,1,1.0,1,1000.0,30,1.987147,0.15,4.0,auto
524,174,134,arterial,1,1.0,1,1000.0,30,1.987147,0.15,4.0,auto
525,135,136,arterial,1,1.0,1,1000.0,30,1.980431,0.15,4.0,auto
526,136,135,arterial,1,1.0,1,1000.0,30,1.980431,0.15,4.0,auto
527,135,175,arterial,1,1.0,1,1000.0,30,1.998888,0.15,4.0,auto
528,175,135,arterial,1,1.0,1,1000.0,30,1.998888,0.15,4.0,auto
529,136,137,arterial,1,1.0,1,1000.0,30,2.008567,0.15,4.0,auto
530,137,136,arterial,1,1.0,1,1000.0,30,2.008567,0.15,4.0,auto
531,136,176,arterial,1,1.0,1,1000.0,30,1.987164,0.15,4.0,auto
532,176,136,arterial,1,1.0,1,1000.0,30,1.987164,0.15,4.0,auto
533,137,138,arterial,1,1.0,1,1000.0,30,1.990894,0.15,4.0,auto
534,138,137,arterial,1,1.0,1,1000.0,30,1.990894,0.15,4.0,auto
535,137,177,arterial,1,1.0,1,1000.0,30,1.99383,0.15,4.0,auto
536,177,137,arterial,1,1.0,1,1000.0,30,1.99383,0.15,4.0,auto
537,138,139,arterial,1,1.0,1,1000.0,30,2.007892,0.15,4.0,auto
538,139,138,arterial,1,1.0,1,1000.0,30,2.007892,0.15,4.0,auto
539,138,178,arterial,1,1.0,1,1000.0,30,2.000817,0.15,4.0,auto
540,178,138,arterial,1,1.0,1,1000.0,30,2.000817,0.15,4.0,auto
541,139,140,arterial,1,1.0,1,1000.0,30,2.004578,0.15,4.0,auto
542,140,139,arterial,1,1.0,1,1000.0,30,2.004578,0.15,4.0,auto
543,139,179,arterial,1,1.0,1,1000.0,30,2.010248,0.15,4.0,auto
544,179,139,arterial,1,1.0,1,1000.0,30,2.010248,0.15,4.0,auto
545,140,180,arterial,1,1.0,1,1000.0,30,2.011677,0.15,4.0,auto
546,180,140,arterial,1,1.0,1,1000.0,30,2.011677,0.15,4.0,auto
547,141,142,arterial,1,1.0,1,1000.0,30,2.016249,0.15,4.0,auto
548,142,141,arterial,1,1.0,1,1000.0,30,2.016249,0.15,4.0,auto
549,141,181,arterial,1,1.0,1,1000.0,30,1.983488,0.15,4.0,auto
550,181,141,arterial,1,1.0,1,1000.0,30,1.983488,0.15,4.0,auto
551,142,143,arterial,1,1.0,1,1000.0,30,2.017304,0.15,4.0,auto
552,143,142,arterial,1,1.0,1,1000.0,30,2.017304,0.15,4.0,auto
553,142,182,arterial,1,1.0,1,1000.0,30,2.008895,0.15,4.0,auto
554,182,142,arterial,1,1.0,1,1000.0,30,2.008895,0.15,4.0,auto
555,143,144,arterial,1,1.0,1,1000.0,30,1.985196,0.15,4.0,auto
556,144,143,arterial,1,1.0,1,1000.0,30,1.985196,0.15,4.0,auto
557,143,183,arterial,1,1.0,1,1000.0,30,1.998141,0.15,4.0,auto
558,183,143,arterial,1,1.0,1,1000.0,30,1.998141,0.15,4.0,auto
559,144,145,arterial,1,1.0,1,1000.0,30,2.005022,0.15,4.0,auto
560,145,144,arterial,1,1.0,1,1000.0,30,2.005022,0.15,4.0,auto
561,144,184,arterial,1,1.0,1,1000.0,30,2.016399,0.15,4.0,auto
562,184,144,arterial,1,1.0,1,1000.0,30,2.016399,0.15,4.0,auto
563,145,146,arterial,1,1.0,1,1000.0,30,1.995072,0.15,4.0,auto
564,146,145,arterial,1,1.0,1,1000.0,30,1.995072,0.15,4.0,auto
565,145,185,arterial,1,1.0,1,1000.0,30,2.002753,0.15,4.0,auto
566,185,145,arterial,1,1.0,1,1000.0,30,2.002753,0.15,4.0,auto
567,146,147,arterial,1,1.0,1,1000.0,30,2.015173,0.15,4.0,auto
568,147,146,arterial,1,1.0,1,1000.0,30,2.015173,0.15,4.0,auto
569,146,186,arterial,1,1.0,1,1000.0,30,2.011871,0.15,4.0,auto
570,186,146,arterial,1,1.0,1,1000.0,30,2.011871,0.15,4.0,auto
571,147,148,arterial,1,1.0,1,1000.0,30,2.01777,0.15,4.0,auto
572,148,147,arterial,1,1.0,1,1000.0,30,2.01777,0.15,4.0,auto
573,147,187,arterial,1,1.0,1,1000.0,30,1.998548,0.15,4.0,auto
574,187,147,arterial,1,1.0,1,1000.0,30,1.998548,0.15,4.0,auto
575,148,149,arterial,1,1.0,1,1000.0,30,2.006053,0.15,4.0,auto
576,149,148,arterial,1,1.0,1,1000.0,30,2.006053,0.15,4.0,auto
577,148,188,arterial,1,1.0,1,1000.0,30,1.988196,0.15,4.0,auto
578,188,148,arterial,1,1.0,1,1000.0,30,1.988196,0.15,4.0,auto
579,149,150,arterial,1,1.0,1,1000.0,30,2.008877,0.15,4.0,auto
580,150,149,arterial,1,1.0,1,1000.0,30,2.008877,0.15,4.0,auto
581,149,189,arterial,1,1.0,1,1000.0,30,2.012734,0.15,4.0,auto
582,189,149,arterial,1,1.0,1,1000.0,30,2.012734,0.15,4.0,auto
583,150,151,arterial,1,1.0,1,1000.0,30,2.005665,0.15,4.0,auto
584,151,150,arterial,1,1.0,1,1000.0,30,2.005665,0.15,4.0,auto
585,150,190,arterial,1,1.0,1,1000.0,30,2.008706,0.15,4.0,auto
586,190,150,arterial,1,1.0,1,1000.0,30,2.008706,0.15,4.0,auto
587,151,152,arterial,1,1.0,1,1000.0,30,1.988532,0.15,4.0,auto
588,152,151,arterial,1,1.0,1,1000.0,30,1.988532,0.15,4.0,auto
589,151,191,arterial,1,1.0,1,1000.0,30,2.015999,0.15,4.0,auto
590,191,151,arterial,1,1.0,1,1000.0,30,2.015999,0.15,4.0,auto
591,152,153,arterial,1,1.0,1,1000.0,30,2.01922,0.15,4.0,auto
592,153,152,arterial,1,1.0,1,1000.0,30,2.01922,0.15,4.0,auto
593,152,192,arterial,1,1.0,1,1000.0,30,2.019094,0.15,4.0,auto
594,192,152,arterial,1,1.0,1,1000.0,30,2.019094,0.15,4.0,auto
595,153,154,arterial,1,1.0,1,1000.0,30,2.001478,0.15,4.0,auto
596,154,153,arterial,1,1.0,1,1000.0,30,2.001478,0.15,4.0,auto
597,153,193,arterial,1,1.0,1,1000.0,30,2.011631,0.15,4.0,auto
598,193,153,arterial,1,1.0,1,1000.0,30,2.011631,0.15,4.0,auto
599,154,155,arterial,1,1.0,1,1000.0,30,1.992816,0.15,4.0,auto
600,155,154,arterial,1,1.0,1,1000.0,30,1.992816,0.15,4.0,auto
601,154,194,arterial,1,1.0,1,1000.0,30,2.0164,0.15,4.0,auto
602,194,154,arterial,1,1.0,1,1000.0,30,2.0164,0.15,4.0,auto
603,155,156,arterial,1,1.0,1,1000.0,30,2.014231,0.15,4.0,auto
604,156,155,arterial,1,1.0,1,1000.0,30,2.014231,0.15,4.0,auto
605,155,195,arterial,1,1.0,1,1000.0,30,1.99394,0.15,4.0,auto
606,195,155,arterial,1,1.0,1,1000.0,30,1.99394,0.15,4.0,auto
607,156,157,arterial,1,1.0,1,1000.0,30,1.983311,0.15,4.0,auto
608,157,156,arterial,1,1.0,1,1000.0,30,1.983311,0.15,4.0,auto
609,156,196,arterial,1,1.0,1,1000.0,30,1.997636,0.15,4.0,auto
610,196,156,arterial,1,1.0,1,1000.0,30,1.997636,0.15,4.0,auto
611,157,158,arterial,1,1.0,1,1000.0,30,2.002012,0.15,4.0,auto
612,158,157,arterial,1,1.0,1,1000.0,30,2.002012,0.15,4.0,auto
613,157,197,arterial,1,1.0,1,1000.0,30,2.010729,0.15,4.0,auto
614,197,157,arterial,1,1.0,1,1000.0,30,2.010729,0.15,4.0,auto
615,158,159,arterial,1,1.0,1,1000.0,30,1.999498,0.15,4.0,auto
616,159,158,arterial,1,1.0,1,1000.0,30,1.999498,0.15,4.0,auto
617,158,198,arterial,1,1.0,1,1000.0,30,1.981136,0.15,4.0,auto
618,198,158,arterial,1,1.0,1,1000.0,30,1.981136,0.15,4.0,auto
619,159,160,arterial,1,1.0,1,1000.0,30,2.012366,0.15,4.0,auto
620,160,159,arterial,1,1.0,1,1000.0,30,2.012366,0.15,4.0,auto
621,159,199,arterial,1,1.0,1,1000.0,30,1.982562,0.15,4.0,auto
622,199,159,arterial,1,1.0,1,1000.0,30,1.982562,0.15,4.0,auto
623,160,200,arterial,1,1.0,1,1000.0,30,1.986916,0.15,4.0,auto
624,200,160,arterial,1,1.0,1,1000.0,30,1.986916,0.15,4.0,auto
625,161,162,arterial,1,1.0,1,1000.0,30,1.9934,0.15,4.0,auto
626,162,161,arterial,1,1.0,1,1000.0,30,1.9934,0.15,4.0,auto
627,161,201,arterial,1,1.0,1,1000.0,30,2.011516,0.15,4.0,auto
628,201,161,arterial,1,1.0,1,1000.0,30,2.011516,0.15,4.0,auto
629,162,163,arterial,1,1.0,1,1000.0,30,1.98562,0.15,4.0,auto
630,163,162,arterial,1,1.0,1,1000.0,30,1.98562,0.15,4.0,auto
631,162,202,arterial,1,1.0,1,1000.0,30,1.985947,0.15,4.0,auto
632,202,162,arterial,1,1.0,1,1000.0,30,1.985947,0.15,4.0,auto
633,163,164,arterial,1,1.0,1,1000.0,30,2.000661,0.15,4.0,auto
634,164,163,arterial,1,1.0,1,1000.0,30,2.000661,0.15,4.0,auto
635,163,203,arterial,1,1.0,1,1000.0,30,2.008943,0.15,4.0,auto
636,203,163,arterial,1,1.0,1,1000.0,30,2.008943,0.15,4.0,auto
637,164,165,arterial,1,1.0,1,1000.0,30,2.013599,0.15,4.0,auto
638,165,164,arterial,1,1.0,1,1000.0,30,2.013599,0.15,4.0,auto
639,164,204,arterial,1,1.0,1,1000.0,30,2.007575,0.15,4.0,auto
640,204,164,arterial,1,1.0,1,1000.0,30,2.007575,0.15,4.0,auto
641,165,166,arterial,1,1.0,1,1000.0,30,2.01783,0.15,4.0,auto
642,166,165,arterial,1,1.0,1,1000.0,30,2.01783,0.15,4.0,auto
643,165,205,arterial,1,1.0,1,1000.0,30,1.999703,0.15,4.0,auto
644,205,165,arterial,1,1.0,1,1000.0,30,1.999703,0.15,4.0,auto
645,166,167,arterial,1,1.0,1,1000.0,30,2.017966,0.15,4.0,auto
646,167,166,arterial,1,1.0,1,1000.0,30,2.017966,0.15,4.0,auto
647,166,206,arterial,1,1.0,1,1000.0,30,1.983441,0.15,4.0,auto
648,206,166,arterial,1,1.0,1,1000.0,30,1.983441,0.15,4.0,auto
649,167,168,arterial,1,1.0,1,1000.0,30,1.988857,0.15,4.0,auto
650,168,167,arterial,1,1.0,1,1000.0,30,1.988857,0.15,4.0,auto
651,167,207,arterial,1,1.0,1,1000.0,30,2.001067,0.15,4.0,auto
652,207,167,arterial,1,1.0,1,1000.0,30,2.001067,0.15,4.0,auto
653,168,169,arterial,1,1.0,1,1000.0,30,1.991607,0.15,4.0,auto
654,169,168,arterial,1,1.0,1,1000.0,30,1.991607,0.15,4.0,auto
655,168,208,arterial,1,1.0,1,1000.0,30,2.009154,0.15,4.0,auto
656,208,168,arterial,1,1.0,1,1000.0,30,2.009154,0.15,4.0,auto
657,169,170,arterial,1,1.0,1,1000.0,30,2.005555,0.15,4.0,auto
658,170,169,arterial,1,1.0,1,1000.0,30,2.005555,0.15,4.0,auto
659,169,209,arterial,1,1.0,1,1000.0,30,2.000911,0.15,4.0,auto
660,209,169,arterial,1,1.0,1,1000.0,30,2.000911,0.15,4.0,auto
661,170,171,arterial,1,1.0,1,1000.0,30,2.013745,0.15,4.0,auto
662,171,170,arterial,1,1.0,1,1000.0,30,2.013745,0.15,4.0,auto
663,170,210,arterial,1,1.0,1,1000.0,30,2.002399,0.15,4.0,auto
664,210,170,arterial,1,1.0,1,1000.0,30,2.002399,0.15,4.0,auto
665,171,172,arterial,1,1.0,1,1000.0,30,1.992468,0.15,4.0,auto
666,172,171,arterial,1,1.0,1,1000.0,30,1.992468,0.15,4.0,auto
667,171,211,arterial,1,1.0,1,1000.0,30,1.995249,0.15,4.0,auto
668,211,171,arterial,1,1.0,1,1000.0,30,1.995249,0.15,4.0,auto
669,172,173,arterial,1,1.0,1,1000.0,30,2.01381,0.15,4.0,auto
670,173,172,arterial,1,1.0,1,1000.0,30,2.01381,0.15,4.0,auto
671,172,212,arterial,1,1.0,1,1000.0,30,2.016021,0.15,4.0,auto
672,212,172,arterial,1,1.0,1,1000.0,30,2.016021,0.15,4.0,auto
673,173,174,arterial,1,1.0,1,1000.0,30,1.98833,0.15,4.0,auto
674,174,173,arterial,1,1.0,1,1000.0,30,1.98833,0.15,4.0,auto
675,173,213,arterial,1,1.0,1,1000.0,30,2.014031,0.15,4.0,auto
676,213,173,arterial,1,1.0,1,1000.0,30,2.014031,0.15,4.0,auto
677,174,175,arterial,1,1.0,1,1000.0,30,2.018738,0.15,4.0,auto
678,175,174,arterial,1,1.0,1,1000.0,30,2.018738,0.15,4.0,auto
679,174,214,arterial,1,1.0,1,1000.0,30,2.000969,0.15,4.0,auto
680,214,174,arterial,1,1.0,1,1000.0,30,2.000969,0.15,4.0,auto
681,175,176,arterial,1,1.0,1,1000.0,30,2.00292,0.15,4.0,auto
682,176,175,arterial,1,1.0,1,1000.0,30,2.00292,0.15,4.0,auto
683,175,215,arterial,1,1.0,1,1000.0,30,1.988039,0.15,4.0,auto
684,215,175,arterial,1,1.0,1,1000.0,30,1.988039,0.15,4.0,auto
685,176,177,arterial,1,1.0,1,1000.0,30,2.001436,0.15,4.0,auto
686,177,176,arterial,1,1.0,1,1000.0,30,2.001436,0.15,4.0,auto
687,176,216,arterial,1,1.0,1,1000.0,30,2.000127,0.15,4.0,auto
688,216,176,arterial,1,1.0,1,1000.0,30,2.000127,0.15,4.0,auto
689,177,178,arterial,1,1.0,1,1000.0,30,2.004209,0.15,4.0,auto
690,178,177,arterial,1,1.0,1,1000.0,30,2.004209,0.15,4.0,auto
691,177,217,arterial,1,1.0,1,1000.0,30,1.98111,0.15,4.0,auto
692,217,177,arterial,1,1.0,1,1000.0,30,1.98111,0.15,4.0,auto
693,178,179,arterial,1,1.0,1,1000.0,30,2.018776,0.15,4.0,auto
694,179,178,arterial,1,1.0,1,1000.0,30,2.018776,0.15,4.0,auto
695,178,218,arterial,1,1.0,1,1000.0,30,2.000641,0.15,4.0,auto
696,218,178,arterial,1,1.0,1,1000.0,30,2.000641,0.15,4.0,auto
697,179,180,arterial,1,1.0,1,1000.0,30,1.996023,0.15,4.0,auto
698,180,179,arterial,1,1.0,1,1000.0,30,1.996023,0.15,4.0,auto
699,179,219,arterial,1,1.0,1,1000.0,30,2.012043,0.15,4.0,auto
700,219,179,arterial,1,1.0,1,1000.0,30,2.012043,0.15,4.0,auto
701,180,220,arterial,1,1.0,1,1000.0,30,1.999642,0.15,4.0,auto
702,220,180,arterial,1,1.0,1,1000.0,30,1.999642,0.15,4.0,auto
703,181,182,arterial,1,1.0,1,1000.0,30,2.007639,0.15,4.0,auto
704,182,181,arterial,1,1.0,1,1000.0,30,2.007639,0.15,4.0,auto
705,181,221,arterial,1,1.0,1,1000.0,30,1.982636,0.15,4.0,auto
706,221,181,arterial,1,1.0,1,1000.0,30,1.982636,0.15,4.0,auto
707,182,183,arterial,1,1.0,1,1000.0,30,2.001549,0.15,4.0,auto
708,183,182,arterial,1,1.0,1,1000.0,30,2.001549,0.15,4.0,auto
709,182,222,arterial,1,1.0,1,1000.0,30,1.996551,0.15,4.0,auto
710,222,182,arterial,1,1.0,1,1000.0,30,1.996551,0.15,4.0,auto
711,183,184,arterial,1,1.0,1,1000.0,30,2.018275,0.15,4.0,auto
712,184,183,arterial,1,1.0,1,1000.0,30,2.018275,0.15,4.0,auto
713,183,223,arterial,1,1.0,1,1000.0,30,2.016937,0.15,4.0,auto
714,223,183,arterial,1,1.0,1,1000.0,30,2.016937,0.15,4.0,auto
715,184,185,arterial,1,1.0,1,1000.0,30,1.990769,0.15,4.0,auto
716,185,184,arterial,1,1.0,1,1000.0,30,1.990769,0.15,4.0,auto
717,184,224,arterial,1,1.0,1,1000.0,30,1.998926,0.15,4.0,auto
718,224,184,arterial,1,1.0,1,1000.0,30,1.998926,0.15,4.0,auto
719,185,186,arterial,1,1.0,1,1000.0,30,1.985079,0.15,4.0,auto
720,186,185,arterial,1,1.0,1,1000.0,30,1.985079,0.15,4.0,auto
721,185,225,arterial,1,1.0,1,1000.0,30,1.997347,0.15,4.0,auto
722,225,185,arterial,1,1.0,1,1000.0,30,1.997347,0.15,4.0,auto
723,186,187,arterial,1,1.0,1,1000.0,30,2.012629,0.15,4.0,auto
724,187,186,arterial,1,1.0,1,1000.0,30,2.012629,0.15,4.0,auto
725,186,226,arterial,1,1.0,1,1000.0,30,2.016022,0.15,4.0,auto
726,226,186,arterial,1,1.0,1,1000.0,30,2.016022,0.15,4.0,auto
727,187,188,arterial,1,1.0,1,1000.0,30,1.999061,0.15,4.0,auto
728,188,187,arterial,1,1.0,1,1000.0,30,1.999061,0.15,4.0,auto
729,187,227,arterial,1,1.0,1,1000.0,30,1.992689,0.15,4.0,auto
730,227,187,arterial,1,1.0,1,1000.0,30,1.992689,0.15,4.0,auto
731,188,189,arterial,1,1.0,1,1000.0,30,1.987658,0.15,4.0,auto
732,189,188,arterial,1,1.0,1,1000.0,30,1.987658,0.15,4.0,auto
733,188,228,arterial,1,1.0,1,1000.0,30,2.004716,0.15,4.0,auto
734,228,188,arterial,1,1.0,1,1000.0,30,2.004716,0.15,4.0,auto
735,189,190,arterial,1,1.0,1,1000.0,30,2.017011,0.15,4.0,auto
736,190,189,arterial,1,1.0,1,1000.0,30,2.017011,0.15,4.0,auto
737,189,229,arterial,1,1.0,1,1000.0,30,1.985178,0.15,4.0,auto
738,229,189,arterial,1,1.0,1,1000.0,30,1.985178,0.15,4.0,auto
739,190,191,arterial,1,1.0,1,1000.0,30,2.011172,0.15,4.0,auto
740,191,190,arterial,1,1.0,1,1000.0,30,2.011172,0.15,4.0,auto
741,190,230,arterial,1,1.0,1,1000.0,30,1.980911,0.15,4.0,auto
742,230,190,arterial,1,1.0,1,1000.0,30,1.980911,0.15,4.0,auto
743,191,192,arterial,1,1.0,1,1000.0,30,1.987764,0.15,4.0,auto
744,192,191,arterial,1,1.0,1,1000.0,30,1.987764,0.15,4.0,auto
745,191,231,arterial,1,1.0,1,1000.0,30,1.98909,0.15,4.0,auto
746,231,191,arterial,1,1.0,1,1000.0,30,1.98909,0.15,4.0,auto
747,192,193,arterial,1,1.0,1,1000.0,30,2.007481,0.15,4.0,auto
748,193,192,arterial,1,1.0,1,1000.0,30,2.007481,0.15,4.0,auto
749,192,232,arterial,1,1.0,1,1000.0,30,1.992883,0.15,4.0,auto
750,232,192,arterial,1,1.0,1,1000.0,30,1.992883,0.15,4.0,auto
751,193,194,arterial,1,1.0,1,1000.0,30,1.994214,0.15,4.0,auto
752,194,193,arterial,1,1.0,1,1000.0,30,1.994214,0.15,4.0,auto
753,193,233,arterial,1,1.0,1,1000.0,30,2.004791,0.15,4.0,auto
754,233,193,arterial,1,1.0,1,1000.0,30,2.004791,0.15,4.0,auto
755,194,195,arterial,1,1.0,1,1000.0,30,1.984195,0.15,4.0,auto
756,195,194,arterial,1,1.0,1,1000.0,30,1.984195,0.15,4.0,auto
757,194,234,arterial,1,1.0,1,1000.0,30,2.009236,0.15,4.0,auto
758,234,194,arterial,1,1.0,1,1000.0,30,2.009236,0.15,4.0,auto
759,195,196,arterial,1,1.0,1,1000.0,30,1.984911,0.15,4.0,auto
760,196,195,arterial,1,1.0,1,1000.0,30,1.984911,0.15,4.0,auto
761,195,235,arterial,1,1.0,1,1000.0,30,2.000419,0.15,4.0,auto
762,235,195,arterial,1,1.0,1,1000.0,30,2.000419,0.15,4.0,auto
763,196,197,arterial,1,1.0,1,1000.0,30,1.990022,0.15,4.0,auto
764,197,196,arterial,1,1.0,1,1000.0,30,1.990022,0.15,4.0,auto
765,196,236,arterial,1,1.0,1,1000.0,30,1.987909,0.15,4.0,auto
766,236,196,arterial,1,1.0,1,1000.0,30,1.987909,0.15,4.0,auto
767,197,198,arterial,1,1.0,1,1000.0,30,2.001214,0.15,4.0,auto
768,198,197,arterial,1,1.0,1,1000.0,30,2.001214,0.15,4.0,auto
769,197,237,arterial,1,1.0,1,1000.0,30,1.997471,0.15,4.0,auto
770,237,197,arterial,1,1.0,1,1000.0,30,1.997471,0.15,4.0,auto
771,198,199,arterial,1,1.0,1,1000.0,30,1.995029,0.15,4.0,auto
772,199,198,arterial,1,1.0,1,1000.0,30,1.995029,0.15,4.0,auto
773,198,238,arterial,1,1.0,1,1000.0,30,1.996536,0.15,4.0,auto
774,238,198,arterial,1,1.0,1,1000.0,30,1.996536,0.15,4.0,auto
775,199,200,arterial,1,1.0,1,1000.0,30,2.001174,0.15,4.0,auto
776,200,199,arterial,1,1.0,1,1000.0,30,2.001174,0.15,4.0,auto
777,199,239,arterial,1,1.0,1,1000.0,30,1.986389,0.15,4.0,auto
778,239,199,arterial,1,1.0,1,1000.0,30,1.986389,0.15,4.0,auto
779,200,240,arterial,1,1.0,1,1000.0,30,2.005253,0.15,4.0,auto
780,240,200,arterial,1,1.0,1,1000.0,30,2.005253,0.15,4.0,auto
781,201,202,arterial,1,1.0,1,1000.0,30,2.005539,0.15,4.0,auto
782,202,201,arterial,1,1.0,1,1000.0,30,2.005539,0.15,4.0,auto
783,201,241,arterial,1,1.0,1,1000.0,30,2.001185,0.15,4.0,auto
784,241,201,arterial,1,1.0,1,1000.0,30,2.001185,0.15,4.0,auto
785,202,203,arterial,1,1.0,1,1000.0,30,2.01405,0.15,4.0,auto
786,203,202,arterial,1,1.0,1,1000.0,30,2.01405,0.15,4.0,auto
787,202,242,arterial,1,1.0,1,1000.0,30,2.004468,0.15,4.0,auto
788,242,202,arterial,1,1.0,1,1000.0,30,2.004468,0.15,4.0,auto
789,203,204,arterial,1,1.0,1,1000.0,30,2.014271,0.15,4.0,auto
790,204,203,arterial,1,1.0,1,1000.0,30,2.014271,0.15,4.0,auto
791,203,243,arterial,1,1.0,1,1000.0,30,1.989306,0.15,4.0,auto
792,243,203,arterial,1,1.0,1,1000.0,30,1.989306,0.15,4.0,auto
793,204,205,arterial,1,1.0,1,1000.0,30,2.009631,0.15,4.0,auto
794,205,204,arterial,1,1.0,1,1000.0,30,2.009631,0.15,4.0,auto
795,204,244,arterial,1,1.0,1,1000.0,30,2.01242,0.15,4.0,auto
796,244,204,arterial,1,1.0,1,1000.0,30,2.01242,0.15,4.0,auto
797,205,206,arterial,1,1.0,1,1000.0,30,2.016107,0.15,4.0,auto
798,206,205,arterial,1,1.0,1,1000.0,30,2.016107,0.15,4.0,auto
799,205,245,arterial,1,1.0,1,1000.0,30,1.992635,0.15,4.0,auto
800,245,205,arterial,1,1.0,1,1000.0,30,1.992635,0.15,4.0,auto
801,206,207,arterial,1,1.0,1,1000.0,30,1.9926,0.15,4.0,auto
802,207,206,arterial,1,1.0,1,1000.0,30,1.9926,0.15,4.0,auto
803,206,246,arterial,1,1.0,1,1000.0,30,2.016911,0.15,4.0,auto
804,246,206,arterial,1,1.0,1,1000.0,30,2.016911,0.15,4.0,auto
805,207,208,arterial,1,1.0,1,1000.0,30,1.988726,0.15,4.0,auto
806,208,207,arterial,1,1.0,1,1000.0,30,1.988726,0.15,4.0,auto
807,207,247,arterial,1,1.0,1,1000.0,30,2.019934,0.15,4.0,auto
808,247,207,arterial,1,1.0,1,1000.0,30,2.019934,0.15,4.0,auto
809,208,209,arterial,1,1.0,1,1000.0,30,2.015502,0.15,4.0,auto
810,209,208,arterial,1,1.0,1,1000.0,30,2.015502,0.15,4.0,auto
811,208,248,arterial,1,1.0,1,1000.0,30,1.985357,0.15,4.0,auto
812,248,208,arterial,1,1.0,1,1000.0,30,1.985357,0.15,4.0,auto
813,209,210,arterial,1,1.0,1,1000.0,30,1.989574,0.15,4.0,auto
814,210,209,arterial,1,1.0,1,1000.0,30,1.989574,0.15,4.0,auto
815,209,249,arterial,1,1.0,1,1000.0,30,2.009063,0.15,4.0,auto
816,249,209,arterial,1,1.0,1,1000.0,30,2.009063,0.15,4.0,auto
817,210,211,arterial,1,1.0,1,1000.0,30,1.99038,0.15,4.0,auto
818,211,210,arterial,1,1.0,1,1000.0,30,1.99038,0.15,4.0,auto
819,210,250,arterial,1,1.0,1,1000.0,30,1.983881,0.15,4.0,auto
820,250,210,arterial,1,1.0,1,1000.0,30,1.983881,0.15,4.0,auto
821,211,212,arterial,1,1.0,1,1000.0,30,2.013287,0.15,4.0,auto
822,212,211,arterial,1,1.0,1,1000.0,30,2.013287,0.15,4.0,auto
823,211,251,arterial,1,1.0,1,1000.0,30,1.996865,0.15,4.0,auto
824,251,211,arterial,1,1.0,1,1000.0,30,1.996865,0.15,4.0,auto
825,212,213,arterial,1,1.0,1,1000.0,30,2.011597,0.15,4.0,auto
826,213,212,arterial,1,1.0,1,1000.0,30,2.011597,0.15,4.0,auto
827,212,252,arterial,1,1.0,1,1000.0,30,1.98504,0.15,4.0,auto
828,252,212,arterial,1,1.0,1,1000.0,30,1.98504,0.15,4.0,auto
829,213,214,arterial,1,1.0,1,1000.0,30,1.996111,0.15,4.0,auto
830,214,213,arterial,1,1.0,1,1000.0,30,1.996111,0.15,4.0,auto
831,213,253,arterial,1,1.0,1,1000.0,30,2.007409,0.15,4.0,auto
832,253,213,arterial,1,1.0,1,1000.0,30,2.007409,0.15,4.0,auto
833,214,215,arterial,1,1.0,1,1000.0,30,1.98071,0.15,4.0,auto
834,215,214,arterial,1,1.0,1,1000.0,30,1.98071,0.15,4.0,auto
835,214,254,arterial,1,1.0,1,1000.0,30,1.988037,0.15,4.0,auto
836,254,214,arterial,1,1.0,1,1000.0,30,1.988037,0.15,4.0,auto
837,215,216,arterial,1,1.0,1,1000.0,30,2.007295,0.15,4.0,auto
838,216,215,arterial,1,1.0,1,1000.0,30,2.007295,0.15,4.0,auto
839,215,255,arterial,1,1.0,1,1000.0,30,2.016455,0.15,4.0,auto
840,255,215,arterial,1,1.0,1,1000.0,30,2.016455,0.15,4.0,auto
841,216,217,arterial,1,1.0,1,1000.0,30,2.018735,0.15,4.0,auto
842,217,216,arterial,1,1.0,1,1000.0,30,2.018735,0.15,4.0,auto
843,216,256,arterial,1,1.0,1,1000.0,30,1.984616,0.15,4.0,auto
844,256,216,arterial,1,1.0,1,1000.0,30,1.984616,0.15,4.0,auto
845,217,218,arterial,1,1.0,1,1000.0,30,2.000227,0.15,4.0,auto
846,218,217,arterial,1,1.0,1,1000.0,30,2.000227,0.15,4.0,auto
847,217,257,arterial,1,1.0,1,1000.0,30,2.010326,0.15,4.0,auto
848,257,217,arterial,1,1.0,1,1000.0,30,2.010326,0.15,4.0,auto
849,218,219,arterial,1,1.0,1,1000.0,30,2.000111,0.15,4.0,auto
850,219,218,arterial,1,1.0,1,1000.0,30,2.000111,0.15,4.0,auto
851,218,258,arterial,1,1.0,1,1000.0,30,2.007427,0.15,4.0,auto
852,258,218,arterial,1,1.0,1,1000.0,30,2.007427,0.15,4.0,auto
853,219,220,arterial,1,1.0,1,1000.0,30,1.98756,0.15,4.0,auto
854,220,219,arterial,1,1.0,1,1000.0,30,1.98756,0.15,4.0,auto
855,219,259,arterial,1,1.0,1,1000.0,30,1.982822,0.15,4.0,auto
856,259,219,arterial,1,1.0,1,1000.0,30,1.982822,0.15,4.0,auto
857,220,260,arterial,1,1.0,1,1000.0,30,1.981497,0.15,4.0,auto
858,260,220,arterial,1,1.0,1,1000.0,30,1.981497,0.15,4.0,auto
859,221,222,arterial,1,1.0,1,1000.0,30,2.002067,0.15,4.0,auto
860,222,221,arterial,1,1.0,1,1000.0,30,2.002067,0.15,4.0,auto
861,221,261,arterial,1,1.0,1,1000.0,30,2.000593,0.15,4.0,auto
862,261,221,arterial,1,1.0,1,1000.0,30,2.000593,0.15,4.0,auto
863,222,223,arterial,1,1.0,1,1000.0,30,2.00275,0.15,4.0,auto
864,223,222,arterial,1,1.0,1,1000.0,30,2.00275,0.15,4.0,auto
865,222,262,arterial,1,1.0,1,1000.0,30,1.985862,0.15,4.0,auto
866,262,222,arterial,1,1.0,1,1000.0,30,1.985862,0.15,4.0,auto
867,223,224,arterial,1,1.0,1,1000.0,30,1.987381,0.15,4.0,auto
868,224,223,arterial,1,1.0,1,1000.0,30,1.987381,0.15,4.0,auto
869,223,263,arterial,1,1.0,1,1000.0,30,1.988157,0.15,4.0,auto
870,263,223,arterial,1,1.0,1,1000.0,30,1.988157,0.15,4.0,auto
871,224,225,arterial,1,1.0,1,1000.0,30,2.013609,0.15,4.0,auto
872,225,224,arterial,1,1.0,1,1000.0,30,2.013609,0.15,4.0,auto
873,224,264,arterial,1,1.0,1,1000.0,30,2.019612,0.15,4.0,auto
874,264,224,arterial,1,1.0,1,1000.0,30,2.019612,0.15,4.0,auto
875,225,226,arterial,1,1.0,1,1000.0,30,2.017076,0.15,4.0,auto
876,226,225,arterial,1,1.0,1,1000.0,30,2.017076,0.15,4.0,auto
877,225,265,arterial,1,1.0,1,1000.0,30,1.98381,0.15,4.0,auto
878,265,225,arterial,1,1.0,1,1000.0,30,1.98381,0.15,4.0,auto
879,226,227,arterial,1,1.0,1,1000.0,30,1.982478,0.15,4.0,auto
880,227,226,arterial,1,1.0,1,1000.0,30,1.982478,0.15,4.0,auto
881,226,266,arterial,1,1.0,1,1000.0,30,2.01806,0.15,4.0,auto
882,266,226,arterial,1,1.0,1,1000.0,30,2.01806,0.15,4.0,auto
883,227,228,arterial,1,1.0,1,1000.0,30,1.998483,0.15,4.0,auto
884,228,227,arterial,1,1.0,1,1000.0,30,1.998483,0.15,4.0,auto
885,227,267,arterial,1,1.0,1,1000.0,30,2.010589,0.15,4.0,auto
886,267,227,arterial,1,1.0,1,1000.0,30,2.010589,0.15,4.0,auto
887,228,229,arterial,1,1.0,1,1000.0,30,1.993073,0.15,4.0,auto
888,229,228,arterial,1,1.0,1,1000.0,30,1.993073,0.15,4.0,auto
889,228,268,arterial,1,1.0,1,1000.0,30,1.998678,0.15,4.0,auto
890,268,228,arterial,1,1.0,1,1000.0,30,1.998678,0.15,4.0,auto
891,229,230,arterial,1,1.0,1,1000.0,30,2.000611,0.15,4.0,auto
892,230,229,arterial,1,1.0,1,1000.0,30,2.000611,0.15,4.0,auto
893,229,269,arterial,1,1.0,1,1000.0,30,1.997203,0.15,4.0,auto
894,269,229,arterial,1,1.0,1,1000.0,30,1.997203,0.15,4.0,auto
895,230,231,arterial,1,1.0,1,1000.0,30,2.004037,0.15,4.0,auto
896,231,230,arterial,1,1.0,1,1000.0,30,2.004037,0.15,4.0,auto
897,230,270,arterial,1,1.0,1,1000.0,30,1.98053,0.15,4.0,auto
898,270,230,arterial,1,1.0,1,1000.0,30,1.98053,0.15,4.0,auto
899,231,232,arterial,1,1.0,1,1000.0,30,2.008041,0.15,4.0,auto
900,232,231,arterial,1,1.0,1,1000.0,30,2.008041,0.15,4.0,auto
901,231,271,arterial,1,1.0,1,1000.0,30,2.013771,0.15,4.0,auto
902,271,231,arterial,1,1.0,1,1000.0,30,2.013771,0.15,4.0,auto
903,232,233,arterial,1,1.0,1,1000.0,30,1.987251,0.15,4.0,auto
904,233,232,arterial,1,1.0,1,1000.0,30,1.987251,0.15,4.0,auto
905,232,272,arterial,1,1.0,1,1000.0,30,1.998158,0.15,4.0,auto
906,272,232,arterial,1,1.0,1,1000.0,30,1.998158,0.15,4.0,auto
907,233,234,arterial,1,1.0,1,1000.0,30,2.009573,0.15,4.0,auto
908,234,233,arterial,1,1.0,1,1000.0,30,2.009573,0.15,4.0,auto
909,233,273,arterial,1,1.0,1,1000.0,30,1.996212,0.15,4.0,auto
910,273,233,arterial,1,1.0,1,1000.0,30,1.996212,0.15,4.0,auto
911,234,235,arterial,1,1.0,1,1000.0,30,1.987805,0.15,4.0,auto
912,235,234,arterial,1,1.0,1,1000.0,30,1.987805,0.15,4.0,auto
913,234,274,arterial,1,1.0,1,1000.0,30,1.986603,0.15,4.0,auto
914,274,234,arterial,1,1.0,1,1000.0,30,1.986603,0.15,4.0,auto
915,235,236,arterial,1,1.0,1,1000.0,30,2.000502,0.15,4.0,auto
916,236,235,arterial,1,1.0,1,1000.0,30,2.000502,0.15,4.0,auto
917,235,275,arterial,1,1.0,1,1000.0,30,1.980617,0.15,4.0,auto
918,275,235,arterial,1,1.0,1,1000.0,30,1.980617,0.15,4.0,auto
919,236,237,arterial,1,1.0,1,1000.0,30,2.015727,0.15,4.0,auto
920,237,236,arterial,1,1.0,1,1000.0,30,2.015727,0.15,4.0,auto
921,236,276,arterial,1,1.0,1,1000.0,30,2.012068,0.15,4.0,auto
922,276,236,arterial,1,1.0,1,1000.0,30,2.012068,0.15,4.0,auto
923,237,238,arterial,1,1.0,1,1000.0,30,2.008187,0.15,4.0,auto
924,238,237,arterial,1,1.0,1,1000.0,30,2.008187,0.15,4.0,auto
925,237,277,arterial,1,1.0,1,1000.0,30,2.014429,0.15,4.0,auto
926,277,237,arterial,1,1.0,1,1000.0,30,2.014429,0.15,4.0,auto
927,238,239,arterial,1,1.0,1,1000.0,30,2.005175,0.15,4.0,auto
928,239,238,arterial,1,1.0,1,1000.0,30,2.005175,0.15,4.0,auto
929,238,278,arterial,1,1.0,1,1000.0,30,1.99618,0.15,4.0,auto
930,278,238,arterial,1,1.0,1,1000.0,30,1.99618,0.15,4.0,auto
931,239,240,arterial,1,1.0,1,1000.0,30,2.003984,0.15,4.0,auto
932,240,239,arterial,1,1.0,1,1000.0,30,2.003984,0.15,4.0,auto
933,239,279,arterial,1,1.0,1,1000.0,30,2.000172,0.15,4.0,auto
934,279,239,arterial,1,1.0,1,1000.0,30,2.000172,0.15,4.0,auto
935,240,280,arterial,1,1.0,1,1000.0,30,2.012193,0.15,4.0,auto
936,280,240,arterial,1,1.0,1,1000.0,30,2.012193,0.15,4.0,auto
937,241,242,arterial,1,1.0,1,1000.0,30,1.990331,0.15,4.0,auto
938,242,241,arterial,1,1.0,1,1000.0,30,1.990331,0.15,4.0,auto
939,241,281,arterial,1,1.0,1,1000.0,30,2.016452,0.15,4.0,auto
940,281,241,arterial,1,1.0,1,1000.0,30,2.016452,0.15,4.0,auto
941,242,243,arterial,1,1.0,1,1000.0,30,2.009777,0.15,4.0,auto
942,243,242,arterial,1,1.0,1,1000.0,30,2.009777,0.15,4.0,auto
943,242,282,arterial,1,1.0,1,1000.0,30,2.01112,0.15,4.0,auto
944,282,242,arterial,1,1.0,1,1000.0,30,2.01112,0.15,4.0,auto
945,243,244,arterial,1,1.0,1,1000.0,30,2.012586,0.15,4.0,auto
946,244,243,arterial,1,1.0,1,1000.0,30,2.012586,0.15,4.0,auto
947,243,283,arterial,1,1.0,1,1000.0,30,1.996225,0.15,4.0,auto
948,283,243,arterial,1,1.0,1,1000.0,30,1.996225,0.15,4.0,auto
949,244,245,arterial,1,1.0,1,1000.0,30,2.015862,0.15,4.0,auto
950,245,244,arterial,1,1.0,1,1000.0,30,2.015862,0.15,4.0,auto
951,244,284,arterial,1,1.0,1,1000.0,30,2.015194,0.15,4.0,auto
952,284,244,arterial,1,1.0,1,1000.0,30,2.015194,0.15,4.0,auto
953,245,246,arterial,1,1.0,1,1000.0,30,2.007792,0.15,4.0,auto
954,246,245,arterial,1,1.0,1,1000.0,30,2.007792,0.15,4.0,auto
955,245,285,arterial,1,1.0,1,1000.0,30,2.010691,0.15,4.0,auto
956,285,245,arterial,1,1.0,1,1000.0,30,2.010691,0.15,4.0,auto
957,246,247,arterial,1,1.0,1,1000.0,30,2.010609,0.15,4.0,auto
958,247,246,arterial,1,1.0,1,1000.0,30,2.010609,0.15,4.0,auto
959,246,286,arterial,1,1.0,1,1000.0,30,1.99623,0.15,4.0,auto
960,286,246,arterial,1,1.0,1,1000.0,30,1.99623,0.15,4.0,auto
961,247,248,arterial,1,1.0,1,1000.0,30,2.008905,0.15,4.0,auto
962,248,247,arterial,1,1.0,1,1000.0,30,2.008905,0.15,4.0,auto
963,247,287,arterial,1,1.0,1,1000.0,30,1.982822,0.15,4.0,auto
964,287,247,arterial,1,1.0,1,1000.0,30,1.982822,0.15,4.0,auto
965,248,249,arterial,1,1.0,1,1000.0,30,1.993669,0.15,4.0,auto
966,249,248,arterial,1,1.0,1,1000.0,30,1.993669,0.15,4.0,auto
967,248,288,arterial,1,1.0,1,1000.0,30,1.998754,0.15,4.0,auto
968,288,248,arterial,1,1.0,1,1000.0,30,1.998754,0.15,4.0,auto
969,249,250,arterial,1,1.0,1,1000.0,30,1.980424,0.15,4.0,auto
970,250,249,arterial,1,1.0,1,1000.0,30,1.980424,0.15,4.0,auto
971,249,289,arterial,1,1.0,1,1000.0,30,1.994225,0.15,4.0,auto
972,289,249,arterial,1,1.0,1,1000.0,30,1.994225,0.15,4.0,auto
973,250,251,arterial,1,1.0,1,1000.0,30,2.005548,0.15,4.0,auto
974,251,250,arterial,1,1.0,1,1000.0,30,2.005548,0.15,4.0,auto
975,250,290,arterial,1,1.0,1,1000.0,30,2.004961,0.15,4.0,auto
976,290,250,arterial,1,1.0,1,1000.0,30,2.004961,0.15,4.0,auto
977,251,252,arterial,1,1.0,1,1000.0,30,1.989284,0.15,4.0,auto
978,252,251,arterial,1,1.0,1,1000.0,30,1.989284,0.15,4.0,auto
979,251,291,arterial,1,1.0,1,1000.0,30,2.017787,0.15,4.0,auto
980,291,251,arterial,1,1.0,1,1000.0,30,2.017787,0.15,4.0,auto
981,252,253,arterial,1,1.0,1,1000.0,30,2.006644,0.15,4.0,auto
982,253,252,arterial,1,1.0,1,1000.0,30,2.006644,0.15,4.0,auto
983,252,292,arterial,1,1.0,1,1000.0,30,1.993513,0.15,4.0,auto
984,292,252,arterial,1,1.0,1,1000.0,30,1.993513,0.15,4.0,auto
985,253,254,arterial,1,1.0,1,1000.0,30,2.00639,0.15,4.0,auto
986,254,253,arterial,1,1.0,1,1000.0,30,2.00639,0.15,4.0,auto
987,253,293,arterial,1,1.0,1,1000.0,30,2.002783,0.15,4.0,auto
988,293,253,arterial,1,1.0,1,1000.0,30,2.002783,0.15,4.0,auto
989,254,255,arterial,1,1.0,1,1000.0,30,2.001323,0.15,4.0,auto
990,255,254,arterial,1,1.0,1,1000.0,30,2.001323,0.15,4.0,auto
991,254,294,arterial,1,1.0,1,1000.0,30,1.995584,0.15,4.0,auto
992,294,254,arterial,1,1.0,1,1000.0,30,1.995584,0.15,4.0,auto
993,255,256,arterial,1,1.0,1,1000.0,30,2.019995,0.15,4.0,auto
994,256,255,arterial,1,1.0,1,1000.0,30,2.019995,0.15,4.0,auto
995,255,295,arterial,1,1.0,1,1000.0,30,2.005691,0.15,4.0,auto
996,295,255,arterial,1,1.0,1,1000.0,30,2.005691,0.15,4.0,auto
997,256,257,arterial,1,1.0,1,1000.0,30,2.00805,0.15,4.0,auto
998,257,256,arterial,1,1.0,1,1000.0,30,2.00805,0.15,4.0,auto
999,256,296,arterial,1,1.0,1,1000.0,30,2.01047,0.15,4.0,auto
1000,296,256,arterial,1,1.0,1,1000.0,30,2.01047,0.15,4.0,auto
1001,257,258,arterial,1,1.0,1,1000.0,30,2.019203,0.15,4.0,auto
1002,258,257,arterial,1,1.0,1,1000.0,30,2.019203,0.15,4.0,auto
1003,257,297,arterial,1,1.0,1,1000.0,30,1.980913,0.15,4.0,auto
1004,297,257,arterial,1,1.0,1,1000.0,30,1.980913,0.15,4.0,auto
1005,258,259,arterial,1,1.0,1,1000.0,30,2.004616,0.15,4.0,auto
1006,259,258,arterial,1,1.0,1,1000.0,30,2.004616,0.15,4.0,auto
1007,258,298,arterial,1,1.0,1,1000.0,30,2.009552,0.15,4.0,auto
1008,298,258,arterial,1,1.0,1,1000.0,30,2.009552,0.15,4.0,auto
1009,259,260,arterial,1,1.0,1,1000.0,30,1.990265,0.15,4.0,auto
1010,260,259,arterial,1,1.0,1,1000.0,30,1.990265,0.15,4.0,auto
1011,259,299,arterial,1,1.0,1,1000.0,30,1.996062,0.15,4.0,auto
1012,299,259,arterial,1,1.0,1,1000.0,30,1.996062,0.15,4.0,auto
1013,260,300,arterial,1,1.0,1,1000.0,30,1.987818,0.15,4.0,auto
1014,300,260,arterial,1,1.0,1,1000.0,30,1.987818,0.15,4.0,auto
1015,261,262,arterial,1,1.0,1,1000.0,30,1.995027,0.15,4.0,auto
1016,262,261,arterial,1,1.0,1,1000.0,30,1.995027,0.15,4.0,auto
1017,261,301,arterial,1,1.0,1,1000.0,30,1.983938,0.15,4.0,auto
1018,301,261,arterial,1,1.0,1,1000.0,30,1.983938,0.15,4.0,auto
1019,262,263,arterial,1,1.0,1,1000.0,30,1.990035,0.15,4.0,auto
1020,263,262,arterial,1,1.0,1,1000.0,30,1.990035,0.15,4.0,auto
1021,262,302,arterial,1,1.0,1,1000.0,30,2.016226,0.15,4.0,auto
1022,302,262,arterial,1,1.0,1,1000.0,30,2.016226,0.15,4.0,auto
1023,263,264,arterial,1,1.0,1,1000.0,30,2.002002,0.15,4.0,auto
1024,264,263,arterial,1,1.0,1,1000.0,30,2.002002,0.15,4.0,auto
1025,263,303,arterial,1,1.0,1,1000.0,30,2.000313,0.15,4.0,auto
1026,303,263,arterial,1,1.0,1,1000.0,30,2.000313,0.15,4.0,auto
1027,264,265,arterial,1,1.0,1,1000.0,30,2.018685,0.15,4.0,auto
1028,265,264,arterial,1,1.0,1,1000.0,30,2.018685,0.15,4.0,auto
1029,264,304,arterial,1,1.0,1,1000.0,30,2.002719,0.15,4.0,auto
1030,304,264,arterial,1,1.0,1,1000.0,30,2.002719,0.15,4.0,auto
1031,265,266,arterial,1,1.0,1,1000.0,30,2.019804,0.15,4.0,auto
1032,266,265,arterial,1,1.0,1,1000.0,30,2.019804,0.15,4.0,auto
1033,265,305,arterial,1,1.0,1,1000.0,30,2.005521,0.15,4.0,auto
1034,305,265,arterial,1,1.0,1,1000.0,30,2.005521,0.15,4.0,auto
1035,266,267,arterial,1,1.0,1,1000.0,30,2.012381,0.15,4.0,auto
1036,267,266,arterial,1,1.0,1,1000.0,30,2.012381,0.15,4.0,auto
1037,266,306,arterial,1,1.0,1,1000.0,30,1.983048,0.15,4.0,auto
1038,306,266,arterial,1,1.0,1,1000.0,30,1.983048,0.15,4.0,auto
1039,267,268,arterial,1,1.0,1,1000.0,30,2.003901,0.15,4.0,auto
1040,268,267,arterial,1,1.0,1,1000.0,30,2.003901,0.15,4.0,auto
1041,267,307,arterial,1,1.0,1,1000.0,30,2.01037,0.15,4.0,auto
1042,307,267,arterial,1,1.0,1,1000.0,30,2.01037,0.15,4.0,auto
1043,268,269,arterial,1,1.0,1,1000.0,30,1.981805,0.15,4.0,auto
1044,269,268,arterial,1,1.0,1,1000.0,30,1.981805,0.15,4.0,auto
1045,268,308,arterial,1,1.0,1,1000.0,30,2.017206,0.15,4.0,auto
1046,308,268,arterial,1,1.0,1,1000.0,30,2.017206,0.15,4.0,auto
1047,269,270,arterial,1,1.0,1,1000.0,30,1.986397,0.15,4.0,auto
1048,270,269,arterial,1,1.0,1,1000.0,30,1.986397,0.15,4.0,auto
1049,269,309,arterial,1,1.0,1,1000.0,30,1.99887,0.15,4.0,auto
1050,309,269,arterial,1,1.0,1,1000.0,30,1.99887,0.15,4.0,auto
1051,270,271,arterial,1,1.0,1,1000.0,30,1.986765,0.15,4.0,auto
1052,271,270,arterial,1,1.0,1,1000.0,30,1.986765,0.15,4.0,auto
1053,270,310,arterial,1,1.0,1,1000.0,30,1.999821,0.15,4.0,auto
1054,310,270,arterial,1,1.0,1,1000.0,30,1.999821,0.15,4.0,auto
1055,271,272,arterial,1,1.0,1,1000.0,30,2.004447,0.15,4.0,auto
1056,272,271,arterial,1,1.0,1,1000.0,30,2.004447,0.15,4.0,auto
1057,271,311,arterial,1,1.0,1,1000.0,30,1.982342,0.15,4.0,auto
1058,311,271,arterial,1,1.0,1,1000.0,30,1.982342,0.15,4.0,auto
1059,272,273,arterial,1,1.0,1,1000.0,30,2.017811,0.15,4.0,auto
1060,273,272,arterial,1,1.0,1,1000.0,30,2.017811,0.15,4.0,auto
1061,272,312,arterial,1,1.0,1,1000.0,30,1.996828,0.15,4.0,auto
1062,312,272,arterial,1,1.0,1,1000.0,30,1.996828,0.15,4.0,auto
1063,273,274,arterial,1,1.0,1,1000.0,30,2.00107,0.15,4.0,auto
1064,274,273,arterial,1,1.0,1,1000.0,30,2.00107,0.15,4.0,auto
1065,273,313,arterial,1,1.0,1,1000.0,30,2.003913,0.15,4.0,auto
1066,313,273,arterial,1,1.0,1,1000.0,30,2.003913,0.15,4.0,auto
1067,274,275,arterial,1,1.0,1,1000.0,30,1.994623,0.15,4.0,auto
1068,275,274,arterial,1,1.0,1,1000.0,30,1.994623,0.15,4.0,auto
1069,274,314,arterial,1,1.0,1,1000.0,30,1.99143,0.15,4.0,auto
1070,314,274,arterial,1,1.0,1,1000.0,30,1.99143,0.15,4.0,auto
1071,275,276,arterial,1,1.0,1,1000.0,30,2.006204,0.15,4.0,auto
1072,276,275,arterial,1,1.0,1,1000.0,30,2.006204,0.15,4.0,auto
1073,275,315,arterial,1,1.0,1,1000.0,30,2.002426,0.15,4.0,auto
1074,315,275,arterial,1,1.0,1,1000.0,30,2.002426,0.15,4.0,auto
1075,276,277,arterial,1,1.0,1,1000.0,30,1.991341,0.15,4.0,auto
1076,277,276,arterial,1,1.0,1,1000.0,30,1.991341,0.15,4.0,auto
1077,276,316,arterial,1,1.0,1,1000.0,30,2.008664,0.15,4.0,auto
1078,316,276,arterial,1,1.0,1,1000.0,30,2.008664,0.15,4.0,auto
1079,277,278,arterial,1,1.0,1,1000.0,30,1.991842,0.15,4.0,auto
1080,278,277,arterial,1,1.0,1,1000.0,30,1.991842,0.15,4.0,auto
1081,277,317,arterial,1,1.0,1,1000.0,30,1.98056,0.15,4.0,auto
1082,317,277,arterial,1,1.0,1,1000.0,30,1.98056,0.15,4.0,auto
1083,278,279,arterial,1,1.0,1,1000.0,30,1.989801,0.15,4.0,auto
1084,279,278,arterial,1,1.0,1,1000.0,30,1.989801,0.15,4.0,auto
1085,278,318,arterial,1,1.0,1,1000.0,30,1.981711,0.15,4.0,auto
1086,318,278,arterial,1,1.0,1,1000.0,30,1.981711,0.15,4.0,auto
1087,279,280,arterial,1,1.0,1,1000.0,30,1.986263,0.15,4.0,auto
1088,280,279,arterial,1,1.0,1,1000.0,30,1.986263,0.15,4.0,auto
1089,279,319,arterial,1,1.0,1,1000.0,30,2.010186,0.15,4.0,auto
1090,319,279,arterial,1,1.0,1,1000.0,30,2.010186,0.15,4.0,auto
1091,280,320,arterial,1,1.0,1,1000.0,30,2.015902,0.15,4.0,auto
1092,320,280,arterial,1,1.0,1,1000.0,30,2.015902,0.15,4.0,auto
1093,281,282,arterial,1,1.0,1,1000.0,30,2.009935,0.15,4.0,auto
1094,282,281,arterial,1,1.0,1,1000.0,30,2.009935,0.15,4.0,auto
1095,281,321,arterial,1,1.0,1,1000.0,30,1.982006,0.15,4.0,auto
1096,321,281,arterial,1,1.0,1,1000.0,30,1.982006,0.15,4.0,auto
1097,282,283,arterial,1,1.0,1,1000.0,30,2.019551,0.15,4.0,auto
1098,283,282,arterial,1,1.0,1,1000.0,30,2.019551,0.15,4.0,auto
1099,282,322,arterial,1,1.0,1,1000.0,30,2.017778,0.15,4.0,auto
1100,322,282,arterial,1,1.0,1,1000.0,30,2.017778,0.15,4.0,auto
1101,283,284,arterial,1,1.0,1,1000.0,30,1.98294,0.15,4.0,auto
1102,284,283,arterial,1,1.0,1,1000.0,30,1.98294,0.15,4.0,auto
1103,283,323,arterial,1,1.0,1,1000.0,30,2.016222,0.15,4.0,auto
1104,323,283,arterial,1,1.0,1,1000.0,30,2.016222,0.15,4.0,auto
1105,284,285,arterial,1,1.0,1,1000.0,30,1.997181,0.15,4.0,auto
1106,285,284,arterial,1,1.0,1,1000.0,30,1.997181,0.15,4.0,auto
1107,284,324,arterial,1,1.0,1,1000.0,30,1.999104,0.15,4.0,auto
1108,324,284,arterial,1,1.0,1,1000.0,30,1.999104,0.15,4.0,auto
1109,285,286,arterial,1,1.0,1,1000.0,30,2.018927,0.15,4.0,auto
1110,286,285,arterial,1,1.0,1,1000.0,30,2.018927,0.15,4.0,auto
1111,285,325,arterial,1,1.0,1,1000.0,30,1.989748,0.15,4.0,auto
1112,325,285,arterial,1,1.0,1,1000.0,30,1.989748,0.15,4.0,auto
1113,286,287,arterial,1,1.0,1,1000.0,30,2.000934,0.15,4.0,auto
1114,287,286,arterial,1,1.0,1,1000.0,30,2.000934,0.15,4.0,auto
1115,286,326,arterial,1,1.0,1,1000.0,30,2.017491,0.15,4.0,auto
1116,326,286,arterial,1,1.0,1,1000.0,30,2.017491,0.15,4.0,auto
1117,287,288,arterial,1,1.0,1,1000.0,30,2.00891,0.15,4.0,auto
1118,288,287,arterial,1,1.0,1,1000.0,30,2.00891,0.15,4.0,auto
1119,287,327,arterial,1,1.0,1,1000.0,30,1.998734,0.15,4.0,auto
1120,327,287,arterial,1,1.0,1,1000.0,30,1.998734,0.15,4.0,auto
1121,288,289,arterial,1,1.0,1,1000.0,30,2.019153,0.15,4.0,auto
1122,289,288,arterial,1,1.0,1,1000.0,30,2.019153,0.15,4.0,auto
1123,288,328,arterial,1,1.0,1,1000.0,30,2.012668,0.15,4.0,auto
1124,328,288,arterial,1,1.0,1,1000.0,30,2.012668,0.15,4.0,auto
1125,289,290,arterial,1,1.0,1,1000.0,30,2.004145,0.15,4.0,auto
1126,290,289,arterial,1,1.0,1,1000.0,30,2.004145,0.15,4.0,auto
1127,289,329,arterial,1,1.0,1,1000.0,30,1.984604,0.15,4.0,auto
1128,329,289,arterial,1,1.0,1,1000.0,30,1.984604,0.15,4.0,auto
1129,290,291,arterial,1,1.0,1,1000.0,30,2.00497,0.15,4.0,auto
1130,291,290,arterial,1,1.0,1,1000.0,30,2.00497,0.15,4.0,auto
1131,290,330,arterial,1,1.0,1,1000.0,30,1.998228,0.15,4.0,auto
1132,330,290,arterial,1,1.0,1,1000.0,30,1.998228,0.15,4.0,auto
1133,291,292,arterial,1,1.0,1,1000.0,30,1.988146,0.15,4.0,auto
1134,292,291,arterial,1,1.0,1,1000.0,30,1.988146,0.15,4.0,auto
1135,291,331,arterial,1,1.0,1,1000.0,30,1.982082,0.15,4.0,auto
1136,331,291,arterial,1,1.0,1,1000.0,30,1.982082,0.15,4.0,auto
1137,292,293,arterial,1,1.0,1,1000.0,30,2.001124,0.15,4.0,auto
1138,293,292,arterial,1,1.0,1,1000.0,30,2.001124,0.15,4.0,auto
1139,292,332,arterial,1,1.0,1,1000.0,30,1.984973,0.15,4.0,auto
1140,332,292,arterial,1,1.0,1,1000.0,30,1.984973,0.15,4.0,auto
1141,293,294,arterial,1,1.0,1,1000.0,30,1.997715,0.15,4.0,auto
1142,294,293,arterial,1,1.0,1,1000.0,30,1.997715,0.15,4.0,auto
1143,293,333,arterial,1,1.0,1,1000.0,30,2.006716,0.15,4.0,auto
1144,333,293,arterial,1,1.0,1,1000.0,30,2.006716,0.15,4.0,auto
1145,294,295,arterial,1,1.0,1,1000.0,30,1.998222,0.15,4.0,auto
1146,295,294,arterial,1,1.0,1,1000.0,30,1.998222,0.15,4.0,auto
1147,294,334,arterial,1,1.0,1,1000.0,30,1.990485,0.15,4.0,auto
1148,334,294,arterial,1,1.0,1,1000.0,30,1.990485,0.15,4.0,auto
1149,295,296,arterial,1,1.0,1,1000.0,30,2.003289,0.15,4.0,auto
1150,296,295,arterial,1,1.0,1,1000.0,30,2.003289,0.15,4.0,auto
1151,295,335,arterial,1,1.0,1,1000.0,30,1.996781,0.15,4.0,auto
1152,335,295,arterial,1,1.0,1,1000.0,30,1.996781,0.15,4.0,auto
1153,296,297,arterial,1,1.0,1,1000.0,30,2.011119,0.15,4.0,auto
1154,297,296,arterial,1,1.0,1,1000.0,30,2.011119,0.15,4.0,auto
1155,296,336,arterial,1,1.0,1,1000.0,30,2.001231,0.15,4.0,auto
1156,336,296,arterial,1,1.0,1,1000.0,30,2.001231,0.15,4.0,auto
1157,297,298,arterial,1,1.0,1,1000.0,30,2.019905,0.15,4.0,auto
1158,298,297,arterial,1,1.0,1,1000.0,30,2.019905,0.15,4.0,auto
1159,297,337,arterial,1,1.0,1,1000.0,30,2.018105,0.15,4.0,auto
1160,337,297,arterial,1,1.0,1,1000.0,30,2.018105,0.15,4.0,auto
1161,298,299,arterial,1,1.0,1,1000.0,30,2.009371,0.15,4.0,auto
1162,299,298,arterial,1,1.0,1,1000.0,30,2.009371,0.15,4.0,auto
1163,298,338,arterial,1,1.0,1,1000.0,30,1.989536,0.15,4.0,auto
1164,338,298,arterial,1,1.0,1,1000.0,30,1.989536,0.15,4.0,auto
1165,299,300,arterial,1,1.0,1,1000.0,30,1.984555,0.15,4.0,auto
1166,300,299,arterial,1,1.0,1,1000.0,30,1.984555,0.15,4.0,auto
1167,299,339,arterial,1,1.0,1,1000.0,30,2.015708,0.15,4.0,auto
1168,339,299,arterial,1,1.0,1,1000.0,30,2.015708,0.15,4.0,auto
1169,300,340,arterial,1,1.0,1,1000.0,30,2.004999,0.15,4.0,auto
1170,340,300,arterial,1,1.0,1,1000.0,30,2.004999,0.15,4.0,auto
1171,301,302,arterial,1,1.0,1,1000.0,30,1.994367,0.15,4.0,auto
1172,302,301,arterial,1,1.0,1,1000.0,30,1.994367,0.15,4.0,auto
1173,301,341,arterial,1,1.0,1,1000.0,30,1.99086,0.15,4.0,auto
1174,341,301,arterial,1,1.0,1,1000.0,30,1.99086,0.15,4.0,auto
1175,302,303,arterial,1,1.0,1,1000.0,30,2.007402,0.15,4.0,auto
1176,303,302,arterial,1,1.0,1,1000.0,30,2.007402,0.15,4.0,auto
1177,302,342,arterial,1,1.0,1,1000.0,30,2.002596,0.15,4.0,auto
1178,342,302,arterial,1,1.0,1,1000.0,30,2.002596,0.15,4.0,auto
1179,303,304,arterial,1,1.0,1,1000.0,30,2.003667,0.15,4.0,auto
1180,304,303,arterial,1,1.0,1,1000.0,30,2.003667,0.15,4.0,auto
1181,303,343,arterial,1,1.0,1,1000.0,30,2.005324,0.15,4.0,auto
1182,343,303,arterial,1,1.0,1,1000.0,30,2.005324,0.15,4.0,auto
1183,304,305,arterial,1,1.0,1,1000.0,30,2.010134,0.15,4.0,auto
1184,305,304,arterial,1,1.0,1,1000.0,30,2.010134,0.15,4.0,auto
1185,304,344,arterial,1,1.0,1,1000.0,30,1.987593,0.15,4.0,auto
1186,344,304,arterial,1,1.0,1,1000.0,30,1.987593,0.15,4.0,auto
1187,305,306,arterial,1,1.0,1,1000.0,30,1.989958,0.15,4.0,auto
1188,306,305,arterial,1,1.0,1,1000.0,30,1.989958,0.15,4.0,auto
1189,305,345,arterial,1,1.0,1,1000.0,30,2.019189,0.15,4.0,auto
1190,345,305,arterial,1,1.0,1,1000.0,30,2.019189,0.15,4.0,auto
1191,306,307,arterial,1,1.0,1,1000.0,30,2.016629,0.15,4.0,auto
1192,307,306,arterial,1,1.0,1,1000.0,30,2.016629,0.15,4.0,auto
1193,306,346,arterial,1,1.0,1,1000.0,30,2.015151,0.15,4.0,auto
1194,346,306,arterial,1,1.0,1,1000.0,30,2.015151,0.15,4.0,auto
1195,307,308,arterial,1,1.0,1,1000.0,30,1.98158,0.15,4.0,auto
1196,308,307,arterial,1,1.0,1,1000.0,30,1.98158,0.15,4.0,auto
1197,307,347,arterial,1,1.0,1,1000.0,30,1.982431,0.15,4.0,auto
1198,347,307,arterial,1,1.0,1,1000.0,30,1.982431,0.15,4.0,auto
1199,308,309,arterial,1,1.0,1,1000.0,30,1.990838,0.15,4.0,auto
1200,309,308,arterial,1,1.0,1,1000.0,30,1.990838,0.15,4.0,auto
1201,308,348,arterial,1,1.0,1,1000.0,30,1.997008,0.15,4.0,auto
1202,348,308,arterial,1,1.0,1,1000.0,30,1.997008,0.15,4.0,auto
1203,309,310,arterial,1,1.0,1,1000.0,30,2.004934,0.15,4.0,auto
1204,310,309,arterial,1,1.0,1,1000.0,30,2.004934,0.15,4.0,auto
1205,309,349,arterial,1,1.0,1,1000.0,30,1.984099,0.15,4.0,auto
1206,349,309,arterial,1,1.0,1,1000.0,30,1.984099,0.15,4.0,auto
1207,310,311,arterial,1,1.0,1,1000.0,30,2.001666,0.15,4.0,auto
1208,311,310,arterial,1,1.0,1,1000.0,30,2.001666,0.15,4.0,auto
1209,310,350,arterial,1,1.0,1,1000.0,30,1.9829,0.15,4.0,auto
1210,350,310,arterial,1,1.0,1,1000.0,30,1.9829,0.15,4.0,auto
1211,311,312,arterial,1,1.0,1,1000.0,30,1.983458,0.15,4.0,auto
1212,312,311,arterial,1,1.0,1,1000.0,30,1.983458,0.15,4.0,auto
1213,311,351,arterial,1,1.0,1,1000.0,30,2.007051,0.15,4.0,auto
1214,351,311,arterial,1,1.0,1,1000.0,30,2.007051,0.15,4.0,auto
1215,312,313,arterial,1,1.0,1,1000.0,30,2.002025,0.15,4.0,auto
1216,313,312,arterial,1,1.0,1,1000.0,30,2.002025,0.15,4.0,auto
1217,312,352,arterial,1,1.0,1,1000.0,30,2.005244,0.15,4.0,auto
1218,352,312,arterial,1,1.0,1,1000.0,30,2.005244,0.15,4.0,auto
1219,313,314,arterial,1,1.0,1,1000.0,30,1.994927,0.15,4.0,auto
1220,314,313,arterial,1,1.0,1,1000.0,30,1.994927,0.15,4.0,auto
1221,313,353,arterial,1,1.0,1,1000.0,30,1.999142,0.15,4.0,auto
1222,353,313,arterial,1,1.0,1,1000.0,30,1.999142,0.15,4.0,auto
1223,314,315,arterial,1,1.0,1,1000.0,30,1.988425,0.15,4.0,auto
1224,315,314,arterial,1,1.0,1,1000.0,30,1.988425,0.15,4.0,auto
1225,314,354,arterial,1,1.0,1,1000.0,30,1.993748,0.15,4.0,auto
1226,354,314,arterial,1,1.0,1,1000.0,30,1.993748,0.15,4.0,auto
1227,315,316,arterial,1,1.0,1,1000.0,30,2.009793,0.15,4.0,auto
1228,316,315,arterial,1,1.0,1,1000.0,30,2.009793,0.15,4.0,auto
1229,315,355,arterial,1,1.0,1,1000.0,30,2.013542,0.15,4.0,auto
1230,355,315,arterial,1,1.0,1,1000.0,30,2.013542,0.15,4.0,auto
1231,316,317,arterial,1,1.0,1,1000.0,30,1.982974,0.15,4.0,auto
1232,317,316,arterial,1,1.0,1,1000.0,30,1.982974,0.15,4.0,auto
1233,316,356,arterial,1,1.0,1,1000.0,30,1.984792,0.15,4.0,auto
1234,356,316,arterial,1,1.0,1,1000.0,30,1.984792,0.15,4.0,auto
1235,317,318,arterial,1,1.0,1,1000.0,30,2.012367,0.15,4.0,auto
1236,318,317,arterial,1,1.0,1,1000.0,30,2.012367,0.15,4.0,auto
1237,317,357,arterial,1,1.0,1,1000.0,30,2.004949,0.15,4.0,auto
1238,357,317,arterial,1,1.0,1,1000.0,30,2.004949,0.15,4.0,auto
1239,318,319,arterial,1,1.0,1,1000.0,30,2.01075,0.15,4.0,auto
1240,319,318,arterial,1,1.0,1,1000.0,30,2.01075,0.15,4.0,auto
1241,318,358,arterial,1,1.0,1,1000.0,30,1.988527,0.15,4.0,auto
1242,358,318,arterial,1,1.0,1,1000.0,30,1.988527,0.15,4.0,auto
1243,319,320,arterial,1,1.0,1,1000.0,30,1.996974,0.15,4.0,auto
1244,320,319,arterial,1,1.0,1,1000.0,30,1.996974,0.15,4.0,auto
1245,319,359,arterial,1,1.0,1,1000.0,30,1.990323,0.15,4.0,auto
1246,359,319,arterial,1,1.0,1,1000.0,30,1.990323,0.15,4.0,auto
1247,320,360,arterial,1,1.0,1,1000.0,30,1.994758,0.15,4.0,auto
1248,360,320,arterial,1,1.0,1,1000.0,30,1.994758,0.15,4.0,auto
1249,321,322,arterial,1,1.0,1,1000.0,30,2.006146,0.15,4.0,auto
1250,322,321,arterial,1,1.0,1,1000.0,30,2.006146,0.15,4.0,auto
1251,321,361,arterial,1,1.0,1,1000.0,30,2.019567,0.15,4.0,auto
1252,361,321,arterial,1,1.0,1,1000.0,30,2.019567,0.15,4.0,auto
1253,322,323,arterial,1,1.0,1,1000.0,30,1.993016,0.15,4.0,auto
1254,323,322,arterial,1,1.0,1,1000.0,30,1.993016,0.15,4.0,auto
1255,322,362,arterial,1,1.0,1,1000.0,30,2.001945,0.15,4.0,auto
1256,362,322,arterial,1,1.0,1,1000.0,30,2.001945,0.15,4.0,auto
1257,323,324,arterial,1,1.0,1,1000.0,30,2.009844,0.15,4.0,auto
1258,324,323,arterial,1,1.0,1,1000.0,30,2.009844,0.15,4.0,auto
1259,323,363,arterial,1,1.0,1,1000.0,30,2.016833,0.15,4.0,auto
1260,363,323,arterial,1,1.0,1,1000.0,30,2.016833,0.15,4.0,auto
1261,324,325,arterial,1,1.0,1,1000.0,30,1.997106,0.15,4.0,auto
1262,325,324,arterial,1,1.0,1,1000.0,30,1.997106,0.15,4.0,auto
1263,324,364,arterial,1,1.0,1,1000.0,30,1.99477,0.15,4.0,auto
1264,364,324,arterial,1,1.0,1,1000.0,30,1.99477,0.15,4.0,auto
1265,325,326,arterial,1,1.0,1,1000.0,30,1.983881,0.15,4.0,auto
1266,326,325,arterial,1,1.0,1,1000.0,30,1.983881,0.15,4.0,auto
1267,325,365,arterial,1,1.0,1,1000.0,30,2.015007,0.15,4.0,auto
1268,365,325,arterial,1,1.0,1,1000.0,30,2.015007,0.15,4.0,auto
1269,326,327,arterial,1,1.0,1,1000.0,30,1.98314,0.15,4.0,auto
1270,327,326,arterial,1,1.0,1,1000.0,30,1.98314,0.15,4.0,auto
1271,326,366,arterial,1,1.0,1,1000.0,30,1.983321,0.15,4.0,auto
1272,366,326,arterial,1,1.0,1,1000.0,30,1.983321,0.15,4.0,auto
1273,327,328,arterial,1,1.0,1,1000.0,30,2.002569,0.15,4.0,auto
1274,328,327,arterial,1,1.0,1,1000.0,30,2.002569,0.15,4.0,auto
1275,327,367,arterial,1,1.0,1,1000.0,30,1.999394,0.15,4.0,auto
1276,367,327,arterial,1,1.0,1,1000.0,30,1.999394,0.15,4.0,auto
1277,328,329,arterial,1,1.0,1,1000.0,30,2.007413,0.15,4.0,auto
1278,329,328,arterial,1,1.0,1,1000.0,30,2.007413,0.15,4.0,auto
1279,328,368,arterial,1,1.0,1,1000.0,30,1.991955,0.15,4.0,auto
1280,368,328,arterial,1,1.0,1,1000.0,30,1.991955,0.15,4.0,auto
1281,329,330,arterial,1,1.0,1,1000.0,30,2.01102,0.15,4.0,auto
1282,330,329,arterial,1,1.0,1,1000.0,30,2.01102,0.15,4.0,auto
1283,329,369,arterial,1,1.0,1,1000.0,30,1.983043,0.15,4.0,auto
1284,369,329,arterial,1,1.0,1,1000.0,30,1.983043,0.15,4.0,auto
1285,330,331,arterial,1,1.0,1,1000.0,30,1.98853,0.15,4.0,auto
1286,331,330,arterial,1,1.0,1,1000.0,30,1.98853,0.15,4.0,auto
1287,330,370,arterial,1,1.0,1,1000.0,30,2.006484,0.15,4.0,auto
1288,370,330,arterial,1,1.0,1,1000.0,30,2.006484,0.15,4.0,auto
1289,331,332,arterial,1,1.0,1,1000.0,30,1.983268,0.15,4.0,auto
1290,332,331,arterial,1,1.0,1,1000.0,30,1.983268,0.15,4.0,auto
1291,331,371,arterial,1,1.0,1,1000.0,30,1.992152,0.15,4.0,auto
1292,371,331,arterial,1,1.0,1,1000.0,30,1.992152,0.15,4.0,auto
1293,332,333,arterial,1,1.0,1,1000.0,30,2.009,0.15,4.0,auto
1294,333,332,arterial,1,1.0,1,1000.0,30,2.009,0.15,4.0,auto
1295,332,372,arterial,1,1.0,1,1000.0,30,2.007759,0.15,4.0,auto
1296,372,332,arterial,1,1.0,1,1000.0,30,2.007759,0.15,4.0,auto
1297,333,334,arterial,1,1.0,1,1000.0,30,1.991317,0.15,4.0,auto
1298,334,333,arterial,1,1.0,1,1000.0,30,1.991317,0.15,4.0,auto
1299,333,373,arterial,1,1.0,1,1000.0,30,1.985717,0.15,4.0,auto
1300,373,333,arterial,1,1.0,1,1000.0,30,1.985717,0.15,4.0,auto
1301,334,335,arterial,1,1.0,1,1000.0,30,1.994312,0.15,4.0,auto
1302,335,334,arterial,1,1.0,1,1000.0,30,1.994312,0.15,4.0,auto
1303,334,374,arterial,1,1.0,1,1000.0,30,2.009039,0.15,4.0,auto
1304,374,334,arterial,1,1.0,1,1000.0,30,2.009039,0.15,4.0,auto
1305,335,336,arterial,1,1.0,1,1000.0,30,1.994656,0.15,4.0,auto
1306,336,335,arterial,1,1.0,1,1000.0,30,1.994656,0.15,4.0,auto
1307,335,375,arterial,1,1.0,1,1000.0,30,1.984695,0.15,4.0,auto
1308,375,335,arterial,1,1.0,1,1000.0,30,1.984695,0.15,4.0,auto
1309,336,337,arterial,1,1.0,1,1000.0,30,2.008371,0.15,4.0,auto
1310,337,336,arterial,1,1.0,1,1000.0,30,2.008371,0.15,4.0,auto
1311,336,376,arterial,1,1.0,1,1000.0,30,2.002771,0.15,4.0,auto
1312,376,336,arterial,1,1.0,1,1000.0,30,2.002771,0.15,4.0,auto
1313,337,338,arterial,1,1.0,1,1000.0,30,2.016742,0.15,4.0,auto
1314,338,337,arterial,1,1.0,1,1000.0,30,2.016742,0.15,4.0,auto
1315,337,377,arterial,1,1.0,1,1000.0,30,2.017597,0.15,4.0,auto
1316,377,337,arterial,1,1.0,1,1000.0,30,2.017597,0.15,4.0,auto
1317,338,339,arterial,1,1.0,1,1000.0,30,2.016535,0.15,4.0,auto
1318,339,338,arterial,1,1.0,1,1000.0,30,2.016535,0.15,4.0,auto
1319,338,378,arterial,1,1.0,1,1000.0,30,1.99752,0.15,4.0,auto
1320,378,338,arterial,1,1.0,1,1000.0,30,1.99752,0.15,4.0,auto
1321,339,340,arterial,1,1.0,1,1000.0,30,2.012122,0.15,4.0,auto
1322,340,339,arterial,1,1.0,1,1000.0,30,2.012122,0.15,4.0,auto
1323,339,379,arterial,1,1.0,1,1000.0,30,1.992191,0.15,4.0,auto
1324,379,339,arterial,1,1.0,1,1000.0,30,1.992191,0.15,4.0,auto
1325,340,380,arterial,1,1.0,1,1000.0,30,1.995984,0.15,4.0,auto
1326,380,340,arterial,1,1.0,1,1000.0,30,1.995984,0.15,4.0,auto
1327,341,342,arterial,1,1.0,1,1000.0,30,2.017387,0.15,4.0,auto
1328,342,341,arterial,1,1.0,1,1000.0,30,2.017387,0.15,4.0,auto
1329,341,381,arterial,1,1.0,1,1000.0,30,2.015789,0.15,4.0,auto
1330,381,341,arterial,1,1.0,1,1000.0,30,2.015789,0.15,4.0,auto
1331,342,343,arterial,1,1.0,1,1000.0,30,1.989932,0.15,4.0,auto
1332,343,342,arterial,1,1.0,1,1000.0,30,1.989932,0.15,4.0,auto
1333,342,382,arterial,1,1.0,1,1000.0,30,1.994468,0.15,4.0,auto
1334,382,342,arterial,1,1.0,1,1000.0,30,1.994468,0.15,4.0,auto
1335,343,344,arterial,1,1.0,1,1000.0,30,1.994623,0.15,4.0,auto
1336,344,343,arterial,1,1.0,1,1000.0,30,1.994623,0.15,4.0,auto
1337,343,383,arterial,1,1.0,1,1000.0,30,1.994532,0.15,4.0,auto
1338,383,343,arterial,1,1.0,1,1000.0,30,1.994532,0.15,4.0,auto
1339,344,345,arterial,1,1.0,1,1000.0,30,1.995824,0.15,4.0,auto
1340,345,344,arterial,1,1.0,1,1000.0,30,1.995824,0.15,4.0,auto
1341,344,384,arterial,1,1.0,1,1000.0,30,1.995503,0.15,4.0,auto
1342,384,344,arterial,1,1.0,1,1000.0,30,1.995503,0.15,4.0,auto
1343,345,346,arterial,1,1.0,1,1000.0,30,1.987798,0.15,4.0,auto
1344,346,345,arterial,1,1.0,1,1000.0,30,1.987798,0.15,4.0,auto
1345,345,385,arterial,1,1.0,1,1000.0,30,2.002552,0.15,4.0,auto
1346,385,345,arterial,1,1.0,1,1000.0,30,2.002552,0.15,4.0,auto
1347,346,347,arterial,1,1.0,1,1000.0,30,2.011883,0.15,4.0,auto
1348,347,346,arterial,1,1.0,1,1000.0,30,2.011883,0.15,4.0,auto
1349,346,386,arterial,1,1.0,1,1000.0,30,2.001622,0.15,4.0,auto
1350,386,346,arterial,1,1.0,1,1000.0,30,2.001622,0.15,4.0,auto
1351,347,348,arterial,1,1.0,1,1000.0,30,2.013455,0.15,4.0,auto
1352,348,347,arterial,1,1.0,1,1000.0,30,2.013455,0.15,4.0,auto
1353,347,387,arterial,1,1.0,1,1000.0,30,2.002511,0.15,4.0,auto
1354,387,347,arterial,1,1.0,1,1000.0,30,2.002511,0.15,4.0,auto
1355,348,349,arterial,1,1.0,1,1000.0,30,1.987064,0.15,4.0,auto
1356,349,348,arterial,1,1.0,1,1000.0,30,1.987064,0.15,4.0,auto
1357,348,388,arterial,1,1.0,1,1000.0,30,2.010358,0.15,4.0,auto
1358,388,348,arterial,1,1.0,1,1000.0,30,2.010358,0.15,4.0,auto
1359,349,350,arterial,1,1.0,1,1000.0,30,2.015236,0.15,4.0,auto
1360,350,349,arterial,1,1.0,1,1000.0,30,2.015236,0.15,4.0,auto
1361,349,389,arterial,1,1.0,1,1000.0,30,1.991258,0.15,4.0,auto
1362,389,349,arterial,1,1.0,1,1000.0,30,1.991258,0.15,4.0,auto
1363,350,351,arterial,1,1.0,1,1000.0,30,1.980889,0.15,4.0,auto
1364,351,350,arterial,1,1.0,1,1000.0,30,1.980889,0.15,4.0,auto
1365,350,390,arterial,1,1.0,1,1000.0,30,2.000626,0.15,4.0,auto
1366,390,350,arterial,1,1.0,1,1000.0,30,2.000626,0.15,4.0,auto
1367,351,352,arterial,1,1.0,1,1000.0,30,2.001766,0.15,4.0,auto
1368,352,351,arterial,1,1.0,1,1000.0,30,2.001766,0.15,4.0,auto
1369,351,391,arterial,1,1.0,1,1000.0,30,2.002699,0.15,4.0,auto
1370,391,351,arterial,1,1.0,1,1000.0,30,2.002699,0.15,4.0,auto
1371,352,353,arterial,1,1.0,1,1000.0,30,2.018657,0.15,4.0,auto
1372,353,352,arterial,1,1.0,1,1000.0,30,2.018657,0.15,4.0,auto
1373,352,392,arterial,1,1.0,1,1000.0,30,2.006048,0.15,4.0,auto
1374,392,352,arterial,1,1.0,1,1000.0,30,2.006048,0.15,4.0,auto
1375,353,354,arterial,1,1.0,1,1000.0,30,2.012173,0.15,4.0,auto
1376,354,353,arterial,1,1.0,1,1000.0,30,2.012173,0.15,4.0,auto
1377,353,393,arterial,1,1.0,1,1000.0,30,1.982562,0.15,4.0,auto
1378,393,353,arterial,1,1.0,1,1000.0,30,1.982562,0.15,4.0,auto
1379,354,355,arterial,1,1.0,1,1000.0,30,2.001873,0.15,4.0,auto
1380,355,354,arterial,1,1.0,1,1000.0,30,2.001873,0.15,4.0,auto
1381,354,394,arterial,1,1.0,1,1000.0,30,2.011523,0.15,4.0,auto
1382,394,354,arterial,1,1.0,1,1000.0,30,2.011523,0.15,4.0,auto
1383,355,356,arterial,1,1.0,1,1000.0,30,1.983362,0.15,4.0,auto
1384,356,355,arterial,1,1.0,1,1000.0,30,1.983362,0.15,4.0,auto
1385,355,395,arterial,1,1.0,1,1000.0,30,1.983267,0.15,4.0,auto
1386,395,355,arterial,1,1.0,1,1000.0,30,1.983267,0.15,4.0,auto
1387,356,357,arterial,1,1.0,1,1000.0,30,2.009482,0.15,4.0,auto
1388,357,356,arterial,1,1.0,1,1000.0,30,2.009482,0.15,4.0,auto
1389,356,396,arterial,1,1.0,1,1000.0,30,2.015963,0.15,4.0,auto
1390,396,356,arterial,1,1.0,1,1000.0,30,2.015963,0.15,4.0,auto
1391,357,358,arterial,1,1.0,1,1000.0,30,1.983388,0.15,4.0,auto
1392,358,357,arterial,1,1.0,1,1000.0,30,1.983388,0.15,4.0,auto
1393,357,397,arterial,1,1.0,1,1000.0,30,2.005365,0.15,4.0,auto
1394,397,357,arterial,1,1.0,1,1000.0,30,2.005365,0.15,4.0,auto
1395,358,359,arterial,1,1.0,1,1000.0,30,1.985755,0.15,4.0,auto
1396,359,358,arterial,1,1.0,1,1000.0,30,1.985755,0.15,4.0,auto
1397,358,398,arterial,1,1.0,1,1000.0,30,2.009832,0.15,4.0,auto
1398,398,358,arterial,1,1.0,1,1000.0,30,2.009832,0.15,4.0,auto
1399,359,360,arterial,1,1.0,1,1000.0,30,2.00596,0.15,4.0,auto
1400,360,359,arterial,1,1.0,1,1000.0,30,2.00596,0.15,4.0,auto
1401,359,399,arterial,1,1.0,1,1000.0,30,1.989818,0.15,4.0,auto
1402,399,359,arterial,1,1.0,1,1000.0,30,1.989818,0.15,4.0,auto
1403,360,400,arterial,1,1.0,1,1000.0,30,2.010614,0.15,4.0,auto
1404,400,360,arterial,1,1.0,1,1000.0,30,2.010614,0.15,4.0,auto
1405,361,362,arterial,1,1.0,1,1000.0,30,2.000862,0.15,4.0,auto
1406,362,361,arterial,1,1.0,1,1000.0,30,2.000862,0.15,4.0,auto
1407,361,401,arterial,1,1.0,1,1000.0,30,2.010588,0.15,4.0,auto
1408,401,361,arterial,1,1.0,1,1000.0,30,2.010588,0.15,4.0,auto
1409,362,363,arterial,1,1.0,1,1000.0,30,1.995775,0.15,4.0,auto
1410,363,362,arterial,1,1.0,1,1000.0,30,1.995775,0.15,4.0,auto
1411,362,402,arterial,1,1.0,1,1000.0,30,1.993513,0.15,4.0,auto
1412,402,362,arterial,1,1.0,1,1000.0,30,1.993513,0.15,4.0,auto
1413,363,364,arterial,1,1.0,1,1000.0,30,2.018731,0.15,4.0,auto
1414,364,363,arterial,1,1.0,1,1000.0,30,2.018731,0.15,4.0,auto
1415,363,403,arterial,1,1.0,1,1000.0,30,2.006895,0.15,4.0,auto
1416,403,363,arterial,1,1.0,1,1000.0,30,2.006895,0.15,4.0,auto
1417,364,365,arterial,1,1.0,1,1000.0,30,1.999746,0.15,4.0,auto
1418,365,364,arterial,1,1.0,1,1000.0,30,1.999746,0.15,4.0,auto
1419,364,404,arterial,1,1.0,1,1000.0,30,2.001494,0.15,4.0,auto
1420,404,364,arterial,1,1.0,1,1000.0,30,2.001494,0.15,4.0,auto
1421,365,366,arterial,1,1.0,1,1000.0,30,2.008837,0.15,4.0,auto
1422,366,365,arterial,1,1.0,1,1000.0,30,2.008837,0.15,4.0,auto
1423,365,405,arterial,1,1.0,1,1000.0,30,2.008326,0.15,4.0,auto
1424,405,365,arterial,1,1.0,1,1000.0,30,2.008326,0.15,4.0,auto
1425,366,367,arterial,1,1.0,1,1000.0,30,2.016599,0.15,4.0,auto
1426,367,366,arterial,1,1.0,1,1000.0,30,2.016599,0.15,4.0,auto
1427,366,406,arterial,1,1.0,1,1000.0,30,1.996424,0.15,4.0,auto
1428,406,366,arterial,1,1.0,1,1000.0,30,1.996424,0.15,4.0,auto
1429,367,368,arterial,1,1.0,1,1000.0,30,2.013049,0.15,4.0,auto
1430,368,367,arterial,1,1.0,1,1000.0,30,2.013049,0.15,4.0,auto
1431,367,407,arterial,1,1.0,1,1000.0,30,2.006669,0.15,4.0,auto
1432,407,367,arterial,1,1.0,1,1000.0,30,2.006669,0.15,4.0,auto
1433,368,369,arterial,1,1.0,1,1000.0,30,2.01414,0.15,4.0,auto
1434,369,368,arterial,1,1.0,1,1000.0,30,2.01414,0.15,4.0,auto
1435,368,408,arterial,1,1.0,1,1000.0,30,2.012236,0.15,4.0,auto
1436,408,368,arterial,1,1.0,1,1000.0,30,2.012236,0.15,4.0,auto
1437,369,370,arterial,1,1.0,1,1000.0,30,2.013353,0.15,4.0,auto
1438,370,369,arterial,1,1.0,1,1000.0,30,2.013353,0.15,4.0,auto
1439,369,409,arterial,1,1.0,1,1000.0,30,2.015546,0.15,4.0,auto
1440,409,369,arterial,1,1.0,1,1000.0,30,2.015546,0.15,4.0,auto
1441,370,371,arterial,1,1.0,1,1000.0,30,2.018311,0.15,4.0,auto
1442,371,370,arterial,1,1.0,1,1000.0,30,2.018311,0.15,4.0,auto
1443,370,410,arterial,1,1.0,1,1000.0,30,2.005611,0.15,4.0,auto
1444,410,370,arterial,1,1.0,1,1000.0,30,2.005611,0.15,4.0,auto
1445,371,372,arterial,1,1.0,1,1000.0,30,2.000954,0.15,4.0,auto
1446,372,371,arterial,1,1.0,1,1000.0,30,2.000954,0.15,4.0,auto
1447,371,411,arterial,1,1.0,1,1000.0,30,2.008403,0.15,4.0,auto
1448,411,371,arterial,1,1.0,1,1000.0,30,2.008403,0.15,4.0,auto
1449,372,373,arterial,1,1.0,1,1000.0,30,2.01209,0.15,4.0,auto
1450,373,372,arterial,1,1.0,1,1000.0,30,2.01209,0.15,4.0,auto
1451,372,412,arterial,1,1.0,1,1000.0,30,1.996864,0.15,4.0,auto
1452,412,372,arterial,1,1.0,1,1000.0,30,1.996864,0.15,4.0,auto
1453,373,374,arterial,1,1.0,1,1000.0,30,1.996818,0.15,4.0,auto
1454,374,373,arterial,1,1.0,1,1000.0,30,1.996818,0.15,4.0,auto
1455,373,413,arterial,1,1.0,1,1000.0,30,1.985848,0.15,4.0,auto
1456,413,373,arterial,1,1.0,1,1000.0,30,1.985848,0.15,4.0,auto
1457,374,375,arterial,1,1.0,1,1000.0,30,2.009649,0.15,4.0,auto
1458,375,374,arterial,1,1.0,1,1000.0,30,2.009649,0.15,4.0,auto
1459,374,414,arterial,1,1.0,1,1000.0,30,2.01964,0.15,4.0,auto
1460,414,374,arterial,1,1.0,1,1000.0,30,2.01964,0.15,4.0,auto
1461,375,376,arterial,1,1.0,1,1000.0,30,1.995021,0.15,4.0,auto
1462,376,375,arterial,1,1.0,1,1000.0,30,1.995021,0.15,4.0,auto
1463,375,415,arterial,1,1.0,1,1000.0,30,1.986706,0.15,4.0,auto
1464,415,375,arterial,1,1.0,1,1000.0,30,1.986706,0.15,4.0,auto
1465,376,377,arterial,1,1.0,1,1000.0,30,1.988175,0.15,4.0,auto
1466,377,376,arterial,1,1.0,1,1000.0,30,1.988175,0.15,4.0,auto
1467,376,416,arterial,1,1.0,1,1000.0,30,1.996998,0.15,4.0,auto
1468,416,376,arterial,1,1.0,1,1000.0,30,1.996998,0.15,4.0,auto
1469,377,378,arterial,1,1.0,1,1000.0,30,1.991681,0.15,4.0,auto
1470,378,377,arterial,1,1.0,1,1000.0,30,1.991681,0.15,4.0,auto
1471,377,417,arterial,1,1.0,1,1000.0,30,2.01879,0.15,4.0,auto
1472,417,377,arterial,1,1.0,1,1000.0,30,2.01879,0.15,4.0,auto
1473,378,379,arterial,1,1.0,1,1000.0,30,1.982368,0.15,4.0,auto
1474,379,378,arterial,1,1.0,1,1000.0,30,1.982368,0.15,4.0,auto
1475,378,418,arterial,1,1.0,1,1000.0,30,1.992338,0.15,4.0,auto
1476,418,378,arterial,1,1.0,1,1000.0,30,1.992338,0.15,4.0,auto
1477,379,380,arterial,1,1.0,1,1000.0,30,1.984593,0.15,4.0,auto
1478,380,379,arterial,1,1.0,1,1000.0,30,1.984593,0.15,4.0,auto
1479,379,419,arterial,1,1.0,1,1000.0,30,2.005919,0.15,4.0,auto
1480,419,379,arterial,1,1.0,1,1000.0,30,2.005919,0.15,4.0,auto
1481,380,420,arterial,1,1.0,1,1000.0,30,1.987177,0.15,4.0,auto
1482,420,380,arterial,1,1.0,1,1000.0,30,1.987177,0.15,4.0,auto
1483,381,382,arterial,1,1.0,1,1000.0,30,1.982494,0.15,4.0,auto
1484,382,381,arterial,1,1.0,1,1000.0,30,1.982494,0.15,4.0,auto
1485,381,421,arterial,1,1.0,1,1000.0,30,1.99835,0.15,4.0,auto
1486,421,381,arterial,1,1.0,1,1000.0,30,1.99835,0.15,4.0,auto
1487,382,383,arterial,1,1.0,1,1000.0,30,2.003363,0.15,4.0,auto
1488,383,382,arterial,1,1.0,1,1000.0,30,2.003363,0.15,4.0,auto
1489,382,422,arterial,1,1.0,1,1000.0,30,2.016372,0.15,4.0,auto
1490,422,382,arterial,1,1.0,1,1000.0,30,2.016372,0.15,4.0,auto
1491,383,384,arterial,1,1.0,1,1000.0,30,1.981455,0.15,4.0,auto
1492,384,383,arterial,1,1.0,1,1000.0,30,1.981455,0.15,4.0,auto
1493,383,423,arterial,1,1.0,1,1000.0,30,1.984347,0.15,4.0,auto
1494,423,383,arterial,1,1.0,1,1000.0,30,1.984347,0.15,4.0,auto
1495,384,385,arterial,1,1.0,1,1000.0,30,1.987382,0.15,4.0,auto
1496,385,384,arterial,1,1.0,1,1000.0,30,1.987382,0.15,4.0,auto
1497,384,424,arterial,1,1.0,1,1000.0,30,1.988695,0.15,4.0,auto
1498,424,384,arterial,1,1.0,1,1000.0,30,1.988695,0.15,4.0,auto
1499,385,386,arterial,1,1.0,1,1000.0,30,1.989416,0.15,4.0,auto
1500,386,385,arterial,1,1.0,1,1000.0,30,1.989416,0.15,4.0,auto
1501,385,425,arterial,1,1.0,1,1000.0,30,2.00869,0.15,4.0,auto
1502,425,385,arterial,1,1.0,1,1000.0,30,2.00869,0.15,4.0,auto
1503,386,387,arterial,1,1.0,1,1000.0,30,2.003791,0.15,4.0,auto
1504,387,386,arterial,1,1.0,1,1000.0,30,2.003791,0.15,4.0,auto
1505,386,426,arterial,1,1.0,1,1000.0,30,1.988958,0.15,4.0,auto
1506,426,386,arterial,1,1.0,1,1000.0,30,1.988958,0.15,4.0,auto
1507,387,388,arterial,1,1.0,1,1000.0,30,1.987399,0.15,4.0,auto
1508,388,387,arterial,1,1.0,1,1000.0,30,1.987399,0.15,4.0,auto
1509,387,427,arterial,1,1.0,1,1000.0,30,1.991242,0.15,4.0,auto
1510,427,387,arterial,1,1.0,1,1000.0,30,1.991242,0.15,4.0,auto
1511,388,389,arterial,1,1.0,1,1000.0,30,1.986901,0.15,4.0,auto
1512,389,388,arterial,1,1.0,1,1000.0,30,1.986901,0.15,4.0,auto
1513,388,428,arterial,1,1.0,1,1000.0,30,2.0103,0.15,4.0,auto
1514,428,388,arterial,1,1.0,1,1000.0,30,2.0103,0.15,4.0,auto
1515,389,390,arterial,1,1.0,1,1000.0,30,1.992469,0.15,4.0,auto
1516,390,389,arterial,1,1.0,1,1000.0,30,1.992469,0.15,4.0,auto
1517,389,429,arterial,1,1.0,1,1000.0,30,2.001929,0.15,4.0,auto
1518,429,389,arterial,1,1.0,1,1000.0,30,2.001929,0.15,4.0,auto
1519,390,391,arterial,1,1.0,1,1000.0,30,2.012685,0.15,4.0,auto
1520,391,390,arterial,1,1.0,1,1000.0,30,2.012685,0.15,4.0,auto
1521,390,430,arterial,1,1.0,1,1000.0,30,1.99918,0.15,4.0,auto
1522,430,390,arterial,1,1.0,1,1000.0,30,1.99918,0.15,4.0,auto
1523,391,392,arterial,1,1.0,1,1000.0,30,1.990419,0.15,4.0,auto
1524,392,391,arterial,1,1.0,1,1000.0,30,1.990419,0.15,4.0,auto
1525,391,431,arterial,1,1.0,1,1000.0,30,2.015497,0.15,4.0,auto
1526,431,391,arterial,1,1.0,1,1000.0,30,2.015497,0.15,4.0,auto
1527,392,393,arterial,1,1.0,1,1000.0,30,2.01657,0.15,4.0,auto
1528,393,392,arterial,1,1.0,1,1000.0,30,2.01657,0.15,4.0,auto
1529,392,432,arterial,1,1.0,1,1000.0,30,1.993683,0.15,4.0,auto
1530,432,392,arterial,1,1.0,1,1000.0,30,1.993683,0.15,4.0,auto
1531,393,394,arterial,1,1.0,1,1000.0,30,2.001894,0.15,4.0,auto
1532,394,393,arterial,1,1.0,1,1000.0,30,2.001894,0.15,4.0,auto
1533,393,433,arterial,1,1.0,1,1000.0,30,2.018281,0.15,4.0,auto
1534,433,393,arterial,1,1.0,1,1000.0,30,2.018281,0.15,4.0,auto
1535,394,395,arterial,1,1.0,1,1000.0,30,1.999305,0.15,4.0,auto
1536,395,394,arterial,1,1.0,1,1000.0,30,1.999305,0.15,4.0,auto
1537,394,434,arterial,1,1.0,1,1000.0,30,1.98884,0.15,4.0,auto
1538,434,394,arterial,1,1.0,1,1000.0,30,1.98884,0.15,4.0,auto
1539,395,396,arterial,1,1.0,1,1000.0,30,1.981988,0.15,4.0,auto
1540,396,395,arterial,1,1.0,1,1000.0,30,1.981988,0.15,4.0,auto
1541,395,435,arterial,1,1.0,1,1000.0,30,2.017901,0.15,4.0,auto
1542,435,395,arterial,1,1.0,1,1000.0,30,2.017901,0.15,4.0,auto
1543,396,397,arterial,1,1.0,1,1000.0,30,2.012057,0.15,4.0,auto
1544,397,396,arterial,1,1.0,1,1000.0,30,2.012057,0.15,4.0,auto
1545,396,436,arterial,1,1.0,1,1000.0,30,1.995399,0.15,4.0,auto
1546,436,396,arterial,1,1.0,1,1000.0,30,1.995399,0.15,4.0,auto
1547,397,398,arterial,1,1.0,1,1000.0,30,2.001103,0.15,4.0,auto
1548,398,397,arterial,1,1.0,1,1000.0,30,2.001103,0.15,4.0,auto
1549,397,437,arterial,1,1.0,1,1000.0,30,2.000633,0.15,4.0,auto
1550,437,397,arterial,1,1.0,1,1000.0,30,2.000633,0.15,4.0,auto
1551,398,399,arterial,1,1.0,1,1000.0,30,1.990982,0.15,4.0,auto
1552,399,398,arterial,1,1.0,1,1000.0,30,1.990982,0.15,4.0,auto
1553,398,438,arterial,1,1.0,1,1000.0,30,2.01961,0.15,4.0,auto
1554,438,398,arterial,1,1.0,1,1000.0,30,2.01961,0.15,4.0,auto
1555,399,400,arterial,1,1.0,1,1000.0,30,2.006302,0.15,4.0,auto
1556,400,399,arterial,1,1.0,1,1000.0,30,2.006302,0.15,4.0,auto
1557,399,439,arterial,1,1.0,1,1000.0,30,1.989505,0.15,4.0,auto
1558,439,399,arterial,1,1.0,1,1000.0,30,1.989505,0.15,4.0,auto
1559,400,440,arterial,1,1.0,1,1000.0,30,1.998906,0.15,4.0,auto
1560,440,400,arterial,1,1.0,1,1000.0,30,1.998906,0.15,4.0,auto
1561,401,402,arterial,1,1.0,1,1000.0,30,1.994862,0.15,4.0,auto
1562,402,401,arterial,1,1.0,1,1000.0,30,1.994862,0.15,4.0,auto
1563,401,441,arterial,1,1.0,1,1000.0,30,2.011871,0.15,4.0,auto
1564,441,401,arterial,1,1.0,1,1000.0,30,2.011871,0.15,4.0,auto
1565,402,403,arterial,1,1.0,1,1000.0,30,2.008531,0.15,4.0,auto
1566,403,402,arterial,1,1.0,1,1000.0,30,2.008531,0.15,4.0,auto
1567,402,442,arterial,1,1.0,1,1000.0,30,2.004243,0.15,4.0,auto
1568,442,402,arterial,1,1.0,1,1000.0,30,2.004243,0.15,4.0,auto
1569,403,404,arterial,1,1.0,1,1000.0,30,1.986292,0.15,4.0,auto
1570,404,403,arterial,1,1.0,1,1000.0,30,1.986292,0.15,4.0,auto
1571,403,443,arterial,1,1.0,1,1000.0,30,1.986276,0.15,4.0,auto
1572,443,403,arterial,1,1.0,1,1000.0,30,1.986276,0.15,4.0,auto
1573,404,405,arterial,1,1.0,1,1000.0,30,1.992872,0.15,4.0,auto
1574,405,404,arterial,1,1.0,1,1000.0,30,1.992872,0.15,4.0,auto
1575,404,444,arterial,1,1.0,1,1000.0,30,1.990377,0.15,4.0,auto
1576,444,404,arterial,1,1.0,1,1000.0,30,1.990377,0.15,4.0,auto
1577,405,406,arterial,1,1.0,1,1000.0,30,2.01477,0.15,4.0,auto
1578,406,405,arterial,1,1.0,1,1000.0,30,2.01477,0.15,4.0,auto
1579,405,445,arterial,1,1.0,1,1000.0,30,2.000645,0.15,4.0,auto
1580,445,405,arterial,1,1.0,1,1000.0,30,2.000645,0.15,4.0,auto
1581,406,407,arterial,1,1.0,1,1000.0,30,2.005479,0.15,4.0,auto
1582,407,406,arterial,1,1.0,1,1000.0,30,2.005479,0.15,4.0,auto
1583,406,446,arterial,1,1.0,1,1000.0,30,2.019725,0.15,4.0,auto
1584,446,406,arterial,1,1.0,1,1000.0,30,2.019725,0.15,4.0,auto
1585,407,408,arterial,1,1.0,1,1000.0,30,1.99066,0.15,4.0,auto
1586,408,407,arterial,1,1.0,1,1000.0,30,1.99066,0.15,4.0,auto
1587,407,447,arterial,1,1.0,1,1000.0,30,2.001383,0.15,4.0,auto
1588,447,407,arterial,1,1.0,1,1000.0,30,2.001383,0.15,4.0,auto
1589,408,409,arterial,1,1.0,1,1000.0,30,1.986026,0.15,4.0,auto
1590,409,408,arterial,1,1.0,1,1000.0,30,1.986026,0.15,4.0,auto
1591,408,448,arterial,1,1.0,1,1000.0,30,2.010815,0.15,4.0,auto
1592,448,408,arterial,1,1.0,1,1000.0,30,2.010815,0.15,4.0,auto
1593,409,410,arterial,1,1.0,1,1000.0,30,1.980055,0.15,4.0,auto
1594,410,409,arterial,1,1.0,1,1000.0,30,1.980055,0.15,4.0,auto
1595,409,449,arterial,1,1.0,1,1000.0,30,2.012857,0.15,4.0,auto
1596,449,409,arterial,1,1.0,1,1000.0,30,2.012857,0.15,4.0,auto
1597,410,411,arterial,1,1.0,1,1000.0,30,2.013847,0.15,4.0,auto
1598,411,410,arterial,1,1.0,1,1000.0,30,2.013847,0.15,4.0,auto
1599,410,450,arterial,1,1.0,1,1000.0,30,2.012884,0.15,4.0,auto
1600,450,410,arterial,1,1.0,1,1000.0,30,2.012884,0.15,4.0,auto
1601,411,412,arterial,1,1.0,1,1000.0,30,1.983297,0.15,4.0,auto
1602,412,411,arterial,1,1.0,1,1000.0,30,1.983297,0.15,4.0,auto
1603,411,451,arterial,1,1.0,1,1000.0,30,1.990797,0.15,4.0,auto
1604,451,411,arterial,1,1.0,1,1000.0,30,1.990797,0.15,4.0,auto
1605,412,413,arterial,1,1.0,1,1000.0,30,2.008661,0.15,4.0,auto
1606,413,412,arterial,1,1.0,1,1000.0,30,2.008661,0.15,4.0,auto
1607,412,452,arterial,1,1.0,1,1000.0,30,1.983887,0.15,4.0,auto
1608,452,412,arterial,1,1.0,1,1000.0,30,1.983887,0.15,4.0,auto
1609,413,414,arterial,1,1.0,1,1000.0,30,1.999204,0.15,4.0,auto
1610,414,413,arterial,1,1.0,1,1000.0,30,1.999204,0.15,4.0,auto
1611,413,453,arterial,1,1.0,1,1000.0,30,1.998747,0.15,4.0,auto
1612,453,413,arterial,1,1.0,1,1000.0,30,1.998747,0.15,4.0,auto
1613,414,415,arterial,1,1.0,1,1000.0,30,2.01822,0.15,4.0,auto
1614,415,414,arterial,1,1.0,1,1000.0,30,2.01822,0.15,4.0,auto
1615,414,454,arterial,1,1.0,1,1000.0,30,2.003465,0.15,4.0,auto
1616,454,414,arterial,1,1.0,1,1000.0,30,2.003465,0.15,4.0,auto
1617,415,416,arterial,1,1.0,1,1000.0,30,2.014294,0.15,4.0,auto
1618,416,415,arterial,1,1.0,1,1000.0,30,2.014294,0.15,4.0,auto
1619,415,455,arterial,1,1.0,1,1000.0,30,1.992144,0.15,4.0,auto
1620,455,415,arterial,1,1.0,1,1000.0,30,1.992144,0.15,4.0,auto
1621,416,417,arterial,1,1.0,1,1000.0,30,2.011573,0.15,4.0,auto
1622,417,416,arterial,1,1.0,1,1000.0,30,2.011573,0.15,4.0,auto
1623,416,456,arterial,1,1.0,1,1000.0,30,1.996679,0.15,4.0,auto
1624,456,416,arterial,1,1.0,1,1000.0,30,1.996679,0.15,4.0,auto
1625,417,418,arterial,1,1.0,1,1000.0,30,2.01667,0.15,4.0,auto
1626,418,417,arterial,1,1.0,1,1000.0,30,2.01667,0.15,4.0,auto
1627,417,457,arterial,1,1.0,1,1000.0,30,1.983638,0.15,4.0,auto
1628,457,417,arterial,1,1.0,1,1000.0,30,1.983638,0.15,4.0,auto
1629,418,419,arterial,1,1.0,1,1000.0,30,2.013053,0.15,4.0,auto
1630,419,418,arterial,1,1.0,1,1000.0,30,2.013053,0.15,4.0,auto
1631,418,458,arterial,1,1.0,1,1000.0,30,1.988336,0.15,4.0,auto
1632,458,418,arterial,1,1.0,1,1000.0,30,1.988336,0.15,4.0,auto
1633,419,420,arterial,1,1.0,1,1000.0,30,2.001735,0.15,4.0,auto
1634,420,419,arterial,1,1.0,1,1000.0,30,2.001735,0.15,4.0,auto
1635,419,459,arterial,1,1.0,1,1000.0,30,2.001027,0.15,4.0,auto
1636,459,419,arterial,1,1.0,1,1000.0,30,2.001027,0.15,4.0,auto
1637,420,460,arterial,1,1.0,1,1000.0,30,2.01328,0.15,4.0,auto
1638,460,420,arterial,1,1.0,1,1000.0,30,2.01328,0.15,4.0,auto
1639,421,422,arterial,1,1.0,1,1000.0,30,1.992456,0.15,4.0,auto
1640,422,421,arterial,1,1.0,1,1000.0,30,1.992456,0.15,4.0,auto
1641,421,461,arterial,1,1.0,1,1000.0,30,1.99243,0.15,4.0,auto
1642,461,421,arterial,1,1.0,1,1000.0,30,1.99243,0.15,4.0,auto
1643,422,423,arterial,1,1.0,1,1000.0,30,1.983041,0.15,4.0,auto
1644,423,422,arterial,1,1.0,1,1000.0,30,1.983041,0.15,4.0,auto
1645,422,462,arterial,1,1.0,1,1000.0,30,1.992228,0.15,4.0,auto
1646,462,422,arterial,1,1.0,1,1000.0,30,1.992228,0.15,4.0,auto
1647,423,424,arterial,1,1.0,1,1000.0,30,1.998689,0.15,4.0,auto
1648,424,423,arterial,1,1.0,1,1000.0,30,1.998689,0.15,4.0,auto
1649,423,463,arterial,1,1.0,1,1000.0,30,2.008606,0.15,4.0,auto
1650,463,423,arterial,1,1.0,1,1000.0,30,2.008606,0.15,4.0,auto
1651,424,425,arterial,1,1.0,1,1000.0,30,1.994388,0.15,4.0,auto
1652,425,424,arterial,1,1.0,1,1000.0,30,1.994388,0.15,4.0,auto
1653,424,464,arterial,1,1.0,1,1000.0,30,2.007484,0.15,4.0,auto
1654,464,424,arterial,1,1.0,1,1000.0,30,2.007484,0.15,4.0,auto
1655,425,426,arterial,1,1.0,1,1000.0,30,1.98423,0.15,4.0,auto
1656,426,425,arterial,1,1.0,1,1000.0,30,1.98423,0.15,4.0,auto
1657,425,465,arterial,1,1.0,1,1000.0,30,1.995769,0.15,4.0,auto
1658,465,425,arterial,1,1.0,1,1000.0,30,1.995769,0.15,4.0,auto
1659,426,427,arterial,1,1.0,1,1000.0,30,1.99847,0.15,4.0,auto
1660,427,426,arterial,1,1.0,1,1000.0,30,1.99847,0.15,4.0,auto
1661,426,466,arterial,1,1.0,1,1000.0,30,2.018676,0.15,4.0,auto
1662,466,426,arterial,1,1.0,1,1000.0,30,2.018676,0.15,4.0,auto
1663,427,428,arterial,1,1.0,1,1000.0,30,2.01319,0.15,4.0,auto
1664,428,427,arterial,1,1.0,1,1000.0,30,2.01319,0.15,4.0,auto
1665,427,467,arterial,1,1.0,1,1000.0,30,2.006157,0.15,4.0,auto
1666,467,427,arterial,1,1.0,1,1000.0,30,2.006157,0.15,4.0,auto
1667,428,429,arterial,1,1.0,1,1000.0,30,1.980494,0.15,4.0,auto
1668,429,428,arterial,1,1.0,1,1000.0,30,1.980494,0.15,4.0,auto
1669,428,468,arterial,1,1.0,1,1000.0,30,1.995085,0.15,4.0,auto
1670,468,428,arterial,1,1.0,1,1000.0,30,1.995085,0.15,4.0,auto
1671,429,430,arterial,1,1.0,1,1000.0,30,2.0084,0.15,4.0,auto
1672,430,429,arterial,1,1.0,1,1000.0,30,2.0084,0.15,4.0,auto
1673,429,469,arterial,1,1.0,1,1000.0,30,1.989499,0.15,4.0,auto
1674,469,429,arterial,1,1.0,1,1000.0,30,1.989499,0.15,4.0,auto
1675,430,431,arterial,1,1.0,1,1000.0,30,2.002565,0.15,4.0,auto
1676,431,430,arterial,1,1.0,1,1000.0,30,2.002565,0.15,4.0,auto
1677,430,470,arterial,1,1.0,1,1000.0,30,1.998324,0.15,4.0,auto
1678,470,430,arterial,1,1.0,1,1000.0,30,1.998324,0.15,4.0,auto
1679,431,432,arterial,1,1.0,1,1000.0,30,1.980419,0.15,4.0,auto
1680,432,431,arterial,1,1.0,1,1000.0,30,1.980419,0.15,4.0,auto
1681,431,471,arterial,1,1.0,1,1000.0,30,2.019665,0.15,4.0,auto
1682,471,431,arterial,1,1.0,1,1000.0,30,2.019665,0.15,4.0,auto
1683,432,433,arterial,1,1.0,1,1000.0,30,2.011978,0.15,4.0,auto
1684,433,432,arterial,1,1.0,1,1000.0,30,2.011978,0.15,4.0,auto
1685,432,472,arterial,1,1.0,1,1000.0,30,1.988269,0.15,4.0,auto
1686,472,432,arterial,1,1.0,1,1000.0,30,1.988269,0.15,4.0,auto
1687,433,434,arterial,1,1.0,1,1000.0,30,2.004643,0.15,4.0,auto
1688,434,433,arterial,1,1.0,1,1000.0,30,2.004643,0.15,4.0,auto
1689,433,473,arterial,1,1.0,1,1000.0,30,1.991616,0.15,4.0,auto
1690,473,433,arterial,1,1.0,1,1000.0,30,1.991616,0.15,4.0,auto
1691,434,435,arterial,1,1.0,1,1000.0,30,1.99504,0.15,4.0,auto
1692,435,434,arterial,1,1.0,1,1000.0,30,1.99504,0.15,4.0,auto
1693,434,474,arterial,1,1.0,1,1000.0,30,2.001591,0.15,4.0,auto
1694,474,434,arterial,1,1.0,1,1000.0,30,2.001591,0.15,4.0,auto
1695,435,436,arterial,1,1.0,1,1000.0,30,1.991928,0.15,4.0,auto
1696,436,435,arterial,1,1.0,1,1000.0,30,1.991928,0.15,4.0,auto
1697,435,475,arterial,1,1.0,1,1000.0,30,1.993496,0.15,4.0,auto
1698,475,435,arterial,1,1.0,1,1000.0,30,1.993496,0.15,4.0,auto
1699,436,437,arterial,1,1.0,1,1000.0,30,1.995688,0.15,4.0,auto
1700,437,436,arterial,1,1.0,1,1000.0,30,1.995688,0.15,4.0,auto
1701,436,476,arterial,1,1.0,1,1000.0,30,2.006668,0.15,4.0,auto
1702,476,436,arterial,1,1.0,1,1000.0,30,2.006668,0.15,4.0,auto
1703,437,438,arterial,1,1.0,1,1000.0,30,1.990258,0.15,4.0,auto
1704,438,437,arterial,1,1.0,1,1000.0,30,1.990258,0.15,4.0,auto
1705,437,477,arterial,1,1.0,1,1000.0,30,1.987998,0.15,4.0,auto
1706,477,437,arterial,1,1.0,1,1000.0,30,1.987998,0.15,4.0,auto
1707,438,439,arterial,1,1.0,1,1000.0,30,2.009258,0.15,4.0,auto
1708,439,438,arterial,1,1.0,1,1000.0,30,2.009258,0.15,4.0,auto
1709,438,478,arterial,1,1.0,1,1000.0,30,1.993176,0.15,4.0,auto
1710,478,438,arterial,1,1.0,1,1000.0,30,1.993176,0.15,4.0,auto
1711,439,440,arterial,1,1.0,1,1000.0,30,2.017802,0.15,4.0,auto
1712,440,439,arterial,1,1.0,1,1000.0,30,2.017802,0.15,4.0,auto
1713,439,479,arterial,1,1.0,1,1000.0,30,2.002512,0.15,4.0,auto
1714,479,439,arterial,1,1.0,1,1000.0,30,2.002512,0.15,4.0,auto
1715,440,480,arterial,1,1.0,1,1000.0,30,1.993266,0.15,4.0,auto
1716,480,440,arterial,1,1.0,1,1000.0,30,1.993266,0.15,4.0,auto
1717,441,442,arterial,1,1.0,1,1000.0,30,2.013075,0.15,4.0,auto
1718,442,441,arterial,1,1.0,1,1000.0,30,2.013075,0.15,4.0,auto
1719,441,481,arterial,1,1.0,1,1000.0,30,1.983691,0.15,4.0,auto
1720,481,441,arterial,1,1.0,1,1000.0,30,1.983691,0.15,4.0,auto
1721,442,443,arterial,1,1.0,1,1000.0,30,1.985633,0.15,4.0,auto
1722,443,442,arterial,1,1.0,1,1000.0,30,1.985633,0.15,4.0,auto
1723,442,482,arterial,1,1.0,1,1000.0,30,1.983776,0.15,4.0,auto
1724,482,442,arterial,1,1.0,1,1000.0,30,1.983776,0.15,4.0,auto
1725,443,444,arterial,1,1.0,1,1000.0,30,2.007108,0.15,4.0,auto
1726,444,443,arterial,1,1.0,1,1000.0,30,2.007108,0.15,4.0,auto
1727,443,483,arterial,1,1.0,1,1000.0,30,2.008332,0.15,4.0,auto
1728,483,443,arterial,1,1.0,1,1000.0,30,2.008332,0.15,4.0,auto
1729,444,445,arterial,1,1.0,1,1000.0,30,1.987195,0.15,4.0,auto
1730,445,444,arterial,1,1.0,1,1000.0,30,1.987195,0.15,4.0,auto
1731,444,484,arterial,1,1.0,1,1000.0,30,1.996091,0.15,4.0,auto
1732,484,444,arterial,1,1.0,1,1000.0,30,1.996091,0.15,4.0,auto
1733,445,446,arterial,1,1.0,1,1000.0,30,2.013477,0.15,4.0,auto
1734,446,445,arterial,1,1.0,1,1000.0,30,2.013477,0.15,4.0,auto
1735,445,485,arterial,1,1.0,1,1000.0,30,2.00371,0.15,4.0,auto
1736,485,445,arterial,1,1.0,1,1000.0,30,2.00371,0.15,4.0,auto
1737,446,447,arterial,1,1.0,1,1000.0,30,1.983604,0.15,4.0,auto
1738,447,446,arterial,1,1.0,1,1000.0,30,1.983604,0.15,4.0,auto
1739,446,486,arterial,1,1.0,1,1000.0,30,1.989063,0.15,4.0,auto
1740,486,446,arterial,1,1.0,1,1000.0,30,1.989063,0.15,4.0,auto
1741,447,448,arterial,1,1.0,1,1000.0,30,1.986283,0.15,4.0,auto
1742,448,447,arterial,1,1.0,1,1000.0,30,1.986283,0.15,4.0,auto
1743,447,487,arterial,1,1.0,1,1000.0,30,1.984964,0.15,4.0,auto
1744,487,447,arterial,1,1.0,1,1000.0,30,1.984964,0.15,4.0,auto
1745,448,449,arterial,1,1.0,1,1000.0,30,1.996274,0.15,4.0,auto
1746,449,448,arterial,1,1.0,1,1000.0,30,1.996274,0.15,4.0,auto
1747,448,488,arterial,1,1.0,1,1000.0,30,1.982907,0.15,4.0,auto
1748,488,448,arterial,1,1.0,1,1000.0,30,1.982907,0.15,4.0,auto
1749,449,450,arterial,1,1.0,1,1000.0,30,2.016825,0.15,4.0,auto
1750,450,449,arterial,1,1.0,1,1000.0,30,2.016825,0.15,4.0,auto
1751,449,489,arterial,1,1.0,1,1000.0,30,1.997081,0.15,4.0,auto
1752,489,449,arterial,1,1.0,1,1000.0,30,1.997081,0.15,4.0,auto
1753,450,451,arterial,1,1.0,1,1000.0,30,2.000463,0.15,4.0,auto
1754,451,450,arterial,1,1.0,1,1000.0,30,2.000463,0.15,4.0,auto
1755,450,490,arterial,1,1.0,1,1000.0,30,2.00589,0.15,4.0,auto
1756,490,450,arterial,1,1.0,1,1000.0,30,2.00589,0.15,4.0,auto
1757,451,452,arterial,1,1.0,1,1000.0,30,2.010674,0.15,4.0,auto
1758,452,451,arterial,1,1.0,1,1000.0,30,2.010674,0.15,4.0,auto
1759,451,491,arterial,1,1.0,1,1000.0,30,2.012844,0.15,4.0,auto
1760,491,451,arterial,1,1.0,1,1000.0,30,2.012844,0.15,4.0,auto
1761,452,453,arterial,1,1.0,1,1000.0,30,1.995438,0.15,4.0,auto
1762,453,452,arterial,1,1.0,1,1000.0,30,1.995438,0.15,4.0,auto
1763,452,492,arterial,1,1.0,1,1000.0,30,1.993256,0.15,4.0,auto
1764,492,452,arterial,1,1.0,1,1000.0,30,1.993256,0.15,4.0,auto
1765,453,454,arterial,1,1.0,1,1000.0,30,1.996486,0.15,4.0,auto
1766,454,453,arterial,1,1.0,1,1000.0,30,1.996486,0.15,4.0,auto
1767,453,493,arterial,1,1.0,1,1000.0,30,1.980617,0.15,4.0,auto
1768,493,453,arterial,1,1.0,1,1000.0,30,1.980617,0.15,4.0,auto
1769,454,455,arterial,1,1.0,1,1000.0,30,1.996028,0.15,4.0,auto
1770,455,454,arterial,1,1.0,1,1000.0,30,1.996028,0.15,4.0,auto
1771,454,494,arterial,1,1.0,1,1000.0,30,2.007995,0.15,4.0,auto
1772,494,454,arterial,1,1.0,1,1000.0,30,2.007995,0.15,4.0,auto
1773,455,456,arterial,1,1.0,1,1000.0,30,2.019278,0.15,4.0,auto
1774,456,455,arterial,1,1.0,1,1000.0,30,2.019278,0.15,4.0,auto
1775,455,495,arterial,1,1.0,1,1000.0,30,2.011587,0.15,4.0,auto
1776,495,455,arterial,1,1.0,1,1000.0,30,2.011587,0.15,4.0,auto
1777,456,457,arterial,1,1.0,1,1000.0,30,2.006409,0.15,4.0,auto
1778,457,456,arterial,1,1.0,1,1000.0,30,2.006409,0.15,4.0,auto
1779,456,496,arterial,1,1.0,1,1000.0,30,2.004344,0.15,4.0,auto
1780,496,456,arterial,1,1.0,1,1000.0,30,2.004344,0.15,4.0,auto
1781,457,458,arterial,1,1.0,1,1000.0,30,1.980742,0.15,4.0,auto
1782,458,457,arterial,1,1.0,1,1000.0,30,1.980742,0.15,4.0,auto
1783,457,497,arterial,1,1.0,1,1000.0,30,1.993241,0.15,4.0,auto
1784,497,457,arterial,1,1.0,1,1000.0,30,1.993241,0.15,4.0,auto
1785,458,459,arterial,1,1.0,1,1000.0,30,1.993689,0.15,4.0,auto
1786,459,458,arterial,1,1.0,1,1000.0,30,1.993689,0.15,4.0,auto
1787,458,498,arterial,1,1.0,1,1000.0,30,2.006029,0.15,4.0,auto
1788,498,458,arterial,1,1.0,1,1000.0,30,2.006029,0.15,4.0,auto
1789,459,460,arterial,1,1.0,1,1000.0,30,1.984251,0.15,4.0,auto
1790,460,459,arterial,1,1.0,1,1000.0,30,1.984251,0.15,4.0,auto
1791,459,499,arterial,1,1.0,1,1000.0,30,1.995104,0.15,4.0,auto
1792,499,459,arterial,1,1.0,1,1000.0,30,1.995104,0.15,4.0,auto
1793,460,500,arterial,1,1.0,1,1000.0,30,2.011542,0.15,4.0,auto
1794,500,460,arterial,1,1.0,1,1000.0,30,2.011542,0.15,4.0,auto
1795,461,462,arterial,1,1.0,1,1000.0,30,2.013008,0.15,4.0,auto
1796,462,461,arterial,1,1.0,1,1000.0,30,2.013008,0.15,4.0,auto
1797,461,501,arterial,1,1.0,1,1000.0,30,2.004457,0.15,4.0,auto
1798,501,461,arterial,1,1.0,1,1000.0,30,2.004457,0.15,4.0,auto
1799,462,463,arterial,1,1.0,1,1000.0,30,1.986334,0.15,4.0,auto
1800,463,462,arterial,1,1.0,1,1000.0,30,1.986334,0.15,4.0,auto
1801,462,502,arterial,1,1.0,1,1000.0,30,2.010661,0.15,4.0,auto
1802,502,462,arterial,1,1.0,1,1000.0,30,2.010661,0.15,4.0,auto
1803,463,464,arterial,1,1.0,1,1000.0,30,2.01612,0.15,4.0,auto
1804,464,463,arterial,1,1.0,1,1000.0,30,2.01612,0.15,4.0,auto
1805,463,503,arterial,1,1.0,1,1000.0,30,2.00193,0.15,4.0,auto
1806,503,463,arterial,1,1.0,1,1000.0,30,2.00193,0.15,4.0,auto
1807,464,465,arterial,1,1.0,1,1000.0,30,1.994102,0.15,4.0,auto
1808,465,464,arterial,1,1.0,1,1000.0,30,1.994102,0.15,4.0,auto
1809,464,504,arterial,1,1.0,1,1000.0,30,2.000017,0.15,4.0,auto
1810,504,464,arterial,1,1.0,1,1000.0,30,2.000017,0.15,4.0,auto
1811,465,466,arterial,1,1.0,1,1000.0,30,1.98567,0.15,4.0,auto
1812,466,465,arterial,1,1.0,1,1000.0,30,1.98567,0.15,4.0,auto
1813,465,505,arterial,1,1.0,1,1000.0,30,2.008537,0.15,4.0,auto
1814,505,465,arterial,1,1.0,1,1000.0,30,2.008537,0.15,4.0,auto
1815,466,467,arterial,1,1.0,1,1000.0,30,2.019471,0.15,4.0,auto
1816,467,466,arterial,1,1.0,1,1000.0,30,2.019471,0.15,4.0,auto
1817,466,506,arterial,1,1.0,1,1000.0,30,2.000641,0.15,4.0,auto
1818,506,466,arterial,1,1.0,1,1000.0,30,2.000641,0.15,4.0,auto
1819,467,468,arterial,1,1.0,1,1000.0,30,2.008615,0.15,4.0,auto
1820,468,467,arterial,1,1.0,1,1000.0,30,2.008615,0.15,4.0,auto
1821,467,507,arterial,1,1.0,1,1000.0,30,2.013421,0.15,4.0,auto
1822,507,467,arterial,1,1.0,1,1000.0,30,2.013421,0.15,4.0,auto
1823,468,469,arterial,1,1.0,1,1000.0,30,1.987888,0.15,4.0,auto
1824,469,468,arterial,1,1.0,1,1000.0,30,1.987888,0.15,4.0,auto
1825,468,508,arterial,1,1.0,1,1000.0,30,2.017796,0.15,4.0,auto
1826,508,468,arterial,1,1.0,1,1000.0,30,2.017796,0.15,4.0,auto
1827,469,470,arterial,1,1.0,1,1000.0,30,2.005085,0.15,4.0,auto
1828,470,469,arterial,1,1.0,1,1000.0,30,2.005085,0.15,4.0,auto
1829,469,509,arterial,1,1.0,1,1000.0,30,1.987916,0.15,4.0,auto
1830,509,469,arterial,1,1.0,1,1000.0,30,1.987916,0.15,4.0,auto
1831,470,471,arterial,1,1.0,1,1000.0,30,1.98333,0.15,4.0,auto
1832,471,470,arterial,1,1.0,1,1000.0,30,1.98333,0.15,4.0,auto
1833,470,510,arterial,1,1.0,1,1000.0,30,1.989784,0.15,4.0,auto
1834,510,470,arterial,1,1.0,1,1000.0,30,1.989784,0.15,4.0,auto
1835,471,472,arterial,1,1.0,1,1000.0,30,2.003059,0.15,4.0,auto
1836,472,471,arterial,1,1.0,1,1000.0,30,2.003059,0.15,4.0,auto
1837,471,511,arterial,1,1.0,1,1000.0,30,2.007884,0.15,4.0,auto
1838,511,471,arterial,1,1.0,1,1000.0,30,2.007884,0.15,4.0,auto
1839,472,473,arterial,1,1.0,1,1000.0,30,1.993167,0.15,4.0,auto
1840,473,472,arterial,1,1.0,1,1000.0,30,1.993167,0.15,4.0,auto
1841,472,512,arterial,1,1.0,1,1000.0,30,2.017162,0.15,4.0,auto
1842,512,472,arterial,1,1.0,1,1000.0,30,2.017162,0.15,4.0,auto
1843,473,474,arterial,1,1.0,1,1000.0,30,1.994448,0.15,4.0,auto
1844,474,473,arterial,1,1.0,1,1000.0,30,1.994448,0.15,4.0,auto
1845,473,513,arterial,1,1.0,1,1000.0,30,1.998521,0.15,4.0,auto
1846,513,473,arterial,1,1.0,1,1000.0,30,1.998521,0.15,4.0,auto
1847,474,475,arterial,1,1.0,1,1000.0,30,1.984961,0.15,4.0,auto
1848,475,474,arterial,1,1.0,1,1000.0,30,1.984961,0.15,4.0,auto
1849,474,514,arterial,1,1.0,1,1000.0,30,2.018943,0.15,4.0,auto
1850,514,474,arterial,1,1.0,1,1000.0,30,2.018943,0.15,4.0,auto
1851,475,476,arterial,1,1.0,1,1000.0,30,1.985424,0.15,4.0,auto
1852,476,475,arterial,1,1.0,1,1000.0,30,1.985424,0.15,4.0,auto
1853,475,515,arterial,1,1.0,1,1000.0,30,2.016162,0.15,4.0,auto
1854,515,475,arterial,1,1.0,1,1000.0,30,2.016162,0.15,4.0,auto
1855,476,477,arterial,1,1.0,1,1000.0,30,2.001737,0.15,4.0,auto
1856,477,476,arterial,1,1.0,1,1000.0,30,2.001737,0.15,4.0,auto
1857,476,516,arterial,1,1.0,1,1000.0,30,2.002429,0.15,4.0,auto
1858,516,476,arterial,1,1.0,1,1000.0,30,2.002429,0.15,4.0,auto
1859,477,478,arterial,1,1.0,1,1000.0,30,2.002414,0.15,4.0,auto
1860,478,477,arterial,1,1.0,1,1000.0,30,2.002414,0.15,4.0,auto
1861,477,517,arterial,1,1.0,1,1000.0,30,1.990575,0.15,4.0,auto
1862,517,477,arterial,1,1.0,1,1000.0,30,1.990575,0.15,4.0,auto
1863,478,479,arterial,1,1.0,1,1000.0,30,2.016373,0.15,4.0,auto
1864,479,478,arterial,1,1.0,1,1000.0,30,2.016373,0.15,4.0,auto
1865,478,518,arterial,1,1.0,1,1000.0,30,2.019685,0.15,4.0,auto
1866,518,478,arterial,1,1.0,1,1000.0,30,2.019685,0.15,4.0,auto
1867,479,480,arterial,1,1.0,1,1000.0,30,2.0127,0.15,4.0,auto
1868,480,479,arterial,1,1.0,1,1000.0,30,2.0127,0.15,4.0,auto
1869,479,519,arterial,1,1.0,1,1000.0,30,2.00406,0.15,4.0,auto
1870,519,479,arterial,1,1.0,1,1000.0,30,2.00406,0.15,4.0,auto
1871,480,520,arterial,1,1.0,1,1000.0,30,2.012986,0.15,4.0,auto
1872,520,480,arterial,1,1.0,1,1000.0,30,2.012986,0.15,4.0,auto
1873,481,482,arterial,1,1.0,1,1000.0,30,1.991543,0.15,4.0,auto
1874,482,481,arterial,1,1.0,1,1000.0,30,1.991543,0.15,4.0,auto
1875,481,521,arterial,1,1.0,1,1000.0,30,2.01588,0.15,4.0,auto
1876,521,481,arterial,1,1.0,1,1000.0,30,2.01588,0.15,4.0,auto
1877,482,483,arterial,1,1.0,1,1000.0,30,1.989634,0.15,4.0,auto
1878,483,482,arterial,1,1.0,1,1000.0,30,1.989634,0.15,4.0,auto
1879,482,522,arterial,1,1.0,1,1000.0,30,2.002943,0.15,4.0,auto
1880,522,482,arterial,1,1.0,1,1000.0,30,2.002943,0.15,4.0,auto
1881,483,484,arterial,1,1.0,1,1000.0,30,2.01323,0.15,4.0,auto
1882,484,483,arterial,1,1.0,1,1000.0,30,2.01323,0.15,4.0,auto
1883,483,523,arterial,1,1.0,1,1000.0,30,1.987423,0.15,4.0,auto
1884,523,483,arterial,1,1.0,1,1000.0,30,1.987423,0.15,4.0,auto
1885,484,485,arterial,1,1.0,1,1000.0,30,2.001914,0.15,4.0,auto
1886,485,484,arterial,1,1.0,1,1000.0,30,2.001914,0.15,4.0,auto
1887,484,524,arterial,1,1.0,1,1000.0,30,1.983051,0.15,4.0,auto
1888,524,484,arterial,1,1.0,1,1000.0,30,1.983051,0.15,4.0,auto
1889,485,486,arterial,1,1.0,1,1000.0,30,1.981281,0.15,4.0,auto
1890,486,485,arterial,1,1.0,1,1000.0,30,1.981281,0.15,4.0,auto
1891,485,525,arterial,1,1.0,1,1000.0,30,1.987203,0.15,4.0,auto
1892,525,485,arterial,1,1.0,1,1000.0,30,1.987203,0.15,4.0,auto
1893,486,487,arterial,1,1.0,1,1000.0,30,2.01948,0.15,4.0,auto
1894,487,486,arterial,1,1.0,1,1000.0,30,2.01948,0.15,4.0,auto
1895,486,526,arterial,1,1.0,1,1000.0,30,2.017578,0.15,4.0,auto
1896,526,486,arterial,1,1.0,1,1000.0,30,2.017578,0.15,4.0,auto
1897,487,488,arterial,1,1.0,1,1000.0,30,2.006335,0.15,4.0,auto
1898,488,487,arterial,1,1.0,1,1000.0,30,2.006335,0.15,4.0,auto
1899,487,527,arterial,1,1.0,1,1000.0,30,1.992306,0.15,4.0,auto
1900,527,487,arterial,1,1.0,1,1000.0,30,1.992306,0.15,4.0,auto
1901,488,489,arterial,1,1.0,1,1000.0,30,2.006849,0.15,4.0,auto
1902,489,488,arterial,1,1.0,1,1000.0,30,2.006849,0.15,4.0,auto
1903,488,528,arterial,1,1.0,1,1000.0,30,2.009507,0.15,4.0,auto
1904,528,488,arterial,1,1.0,1,1000.0,30,2.009507,0.15,4.0,auto
1905,489,490,arterial,1,1.0,1,1000.0,30,1.995266,0.15,4.0,auto
1906,490,489,arterial,1,1.0,1,1000.0,30,1.995266,0.15,4.0,auto
1907,489,529,arterial,1,1.0,1,1000.0,30,2.003676,0.15,4.0,auto
1908,529,489,arterial,1,1.0,1,1000.0,30,2.003676,0.15,4.0,auto
1909,490,491,arterial,1,1.0,1,1000.0,30,2.012153,0.15,4.0,auto
1910,491,490,arterial,1,1.0,1,1000.0,30,2.012153,0.15,4.0,auto
1911,490,530,arterial,1,1.0,1,1000.0,30,1.980654,0.15,4.0,auto
1912,530,490,arterial,1,1.0,1,1000.0,30,1.980654,0.15,4.0,auto
1913,491,492,arterial,1,1.0,1,1000.0,30,1.987981,0.15,4.0,auto
1914,492,491,arterial,1,1.0,1,1000.0,30,1.987981,0.15,4.0,auto
1915,491,531,arterial,1,1.0,1,1000.0,30,1.998721,0.15,4.0,auto
1916,531,491,arterial,1,1.0,1,1000.0,30,1.998721,0.15,4.0,auto
1917,492,493,arterial,1,1.0,1,1000.0,30,1.985719,0.15,4.0,auto
1918,493,492,arterial,1,1.0,1,1000.0,30,1.985719,0.15,4.0,auto
1919,492,532,arterial,1,1.0,1,1000.0,30,1.995455,0.15,4.0,auto
1920,532,492,arterial,1,1.0,1,1000.0,30,1.995455,0.15,4.0,auto
1921,493,494,arterial,1,1.0,1,1000.0,30,2.002781,0.15,4.0,auto
1922,494,493,arterial,1,1.0,1,1000.0,30,2.002781,0.15,4.0,auto
1923,493,533,arterial,1,1.0,1,1000.0,30,1.986948,0.15,4.0,auto
1924,533,493,arterial,1,1.0,1,1000.0,30,1.986948,0.15,4.0,auto
1925,494,495,arterial,1,1.0,1,1000.0,30,2.000791,0.15,4.0,auto
1926,495,494,arterial,1,1.0,1,1000.0,30,2.000791,0.15,4.0,auto
1927,494,534,arterial,1,1.0,1,1000.0,30,1.990546,0.15,4.0,auto
1928,534,494,arterial,1,1.0,1,1000.0,30,1.990546,0.15,4.0,auto
1929,495,496,arterial,1,1.0,1,1000.0,30,2.002721,0.15,4.0,auto
1930,496,495,arterial,1,1.0,1,1000.0,30,2.002721,0.15,4.0,auto
1931,495,535,arterial,1,1.0,1,1000.0,30,1.993284,0.15,4.0,auto
1932,535,495,arterial,1,1.0,1,1000.0,30,1.993284,0.15,4.0,auto
1933,496,497,arterial,1,1.0,1,1000.0,30,2.005668,0.15,4.0,auto
1934,497,496,arterial,1,1.0,1,1000.0,30,2.005668,0.15,4.0,auto
1935,496,536,arterial,1,1.0,1,1000.0,30,1.981515,0.15,4.0,auto
1936,536,496,arterial,1,1.0,1,1000.0,30,1.981515,0.15,4.0,auto
1937,497,498,arterial,1,1.0,1,1000.0,30,2.00684,0.15,4.0,auto
1938,498,497,arterial,1,1.0,1,1000.0,30,2.00684,0.15,4.0,auto
1939,497,537,arterial,1,1.0,1,1000.0,30,1.98579,0.15,4.0,auto
1940,537,497,arterial,1,1.0,1,1000.0,30,1.98579,0.15,4.0,auto
1941,498,499,arterial,1,1.0,1,1000.0,30,2.018373,0.15,4.0,auto
1942,499,498,arterial,1,1.0,1,1000.0,30,2.018373,0.15,4.0,auto
1943,498,538,arterial,1,1.0,1,1000.0,30,2.004004,0.15,4.0,auto
1944,538,498,arterial,1,1.0,1,1000.0,30,2.004004,0.15,4.0,auto
1945,499,500,arterial,1,1.0,1,1000.0,30,1.998796,0.15,4.0,auto
1946,500,499,arterial,1,1.0,1,1000.0,30,1.998796,0.15,4.0,auto
1947,499,539,arterial,1,1.0,1,1000.0,30,1.996457,0.15,4.0,auto
1948,539,499,arterial,1,1.0,1,1000.0,30,1.996457,0.15,4.0,auto
1949,500,540,arterial,1,1.0,1,1000.0,30,2.007572,0.15,4.0,auto
1950,540,500,arterial,1,1.0,1,1000.0,30,2.007572,0.15,4.0,auto
1951,501,502,arterial,1,1.0,1,1000.0,30,2.010321,0.15,4.0,auto
1952,502,501,arterial,1,1.0,1,1000.0,30,2.010321,0.15,4.0,auto
1953,501,541,arterial,1,1.0,1,1000.0,30,2.010069,0.15,4.0,auto
1954,541,501,arterial,1,1.0,1,1000.0,30,2.010069,0.15,4.0,auto
1955,502,503,arterial,1,1.0,1,1000.0,30,1.999432,0.15,4.0,auto
1956,503,502,arterial,1,1.0,1,1000.0,30,1.999432,0.15,4.0,auto
1957,502,542,arterial,1,1.0,1,1000.0,30,2.019785,0.15,4.0,auto
1958,542,502,arterial,1,1.0,1,1000.0,30,2.019785,0.15,4.0,auto
1959,503,504,arterial,1,1.0,1,1000.0,30,2.01353,0.15,4.0,auto
1960,504,503,arterial,1,1.0,1,1000.0,30,2.01353,0.15,4.0,auto
1961,503,543,arterial,1,1.0,1,1000.0,30,2.014202,0.15,4.0,auto
1962,543,503,arterial,1,1.0,1,1000.0,30,2.014202,0.15,4.0,auto
1963,504,505,arterial,1,1.0,1,1000.0,30,1.996361,0.15,4.0,auto
1964,505,504,arterial,1,1.0,1,1000.0,30,1.996361,0.15,4.0,auto
1965,504,544,arterial,1,1.0,1,1000.0,30,1.997358,0.15,4.0,auto
1966,544,504,arterial,1,1.0,1,1000.0,30,1.997358,0.15,4.0,auto
1967,505,506,arterial,1,1.0,1,1000.0,30,2.002639,0.15,4.0,auto
1968,506,505,arterial,1,1.0,1,1000.0,30,2.002639,0.15,4.0,auto
1969,505,545,arterial,1,1.0,1,1000.0,30,2.01621,0.15,4.0,auto
1970,545,505,arterial,1,1.0,1,1000.0,30,2.01621,0.15,4.0,auto
1971,506,507,arterial,1,1.0,1,1000.0,30,2.001039,0.15,4.0,auto
1972,507,506,arterial,1,1.0,1,1000.0,30,2.001039,0.15,4.0,auto
1973,506,546,arterial,1,1.0,1,1000.0,30,2.001,0.15,4.0,auto
1974,546,506,arterial,1,1.0,1,1000.0,30,2.001,0.15,4.0,auto
1975,507,508,arterial,1,1.0,1,1000.0,30,1.997289,0.15,4.0,auto
1976,508,507,arterial,1,1.0,1,1000.0,30,1.997289,0.15,4.0,auto
1977,507,547,arterial,1,1.0,1,1000.0,30,2.016171,0.15,4.0,auto
1978,547,507,arterial,1,1.0,1,1000.0,30,2.016171,0.15,4.0,auto
1979,508,509,arterial,1,1.0,1,1000.0,30,1.992828,0.15,4.0,auto
1980,509,508,arterial,1,1.0,1,1000.0,30,1.992828,0.15,4.0,auto
1981,508,548,arterial,1,1.0,1,1000.0,30,1.982187,0.15,4.0,auto
1982,548,508,arterial,1,1.0,1,1000.0,30,1.982187,0.15,4.0,auto
1983,509,510,arterial,1,1.0,1,1000.0,30,2.009023,0.15,4.0,auto
1984,510,509,arterial,1,1.0,1,1000.0,30,2.009023,0.15,4.0,auto
1985,509,549,arterial,1,1.0,1,1000.0,30,2.016006,0.15,4.0,auto
1986,549,509,arterial,1,1.0,1,1000.0,30,2.016006,0.15,4.0,auto
1987,510,511,arterial,1,1.0,1,1000.0,30,2.00928,0.15,4.0,auto
1988,511,510,arterial,1,1.0,1,1000.0,30,2.00928,0.15,4.0,auto
1989,510,550,arterial,1,1.0,1,1000.0,30,2.003901,0.15,4.0,auto
1990,550,510,arterial,1,1.0,1,1000.0,30,2.003901,0.15,4.0,auto
1991,511,512,arterial,1,1.0,1,1000.0,30,2.010075,0.15,4.0,auto
1992,512,511,arterial,1,1.0,1,1000.0,30,2.010075,0.15,4.0,auto
1993,511,551,arterial,1,1.0,1,1000.0,30,1.99219,0.15,4.0,auto
1994,551,511,arterial,1,1.0,1,1000.0,30,1.99219,0.15,4.0,auto
1995,512,513,arterial,1,1.0,1,1000.0,30,2.003737,0.15,4.0,auto
1996,513,512,arterial,1,1.0,1,1000.0,30,2.003737,0.15,4.0,auto
1997,512,552,arterial,1,1.0,1,1000.0,30,1.982792,0.15,4.0,auto
1998,552,512,arterial,1,1.0,1,1000.0,30,1.982792,0.15,4.0,auto
1999,513,514,arterial,1,1.0,1,1000.0,30,1.984978,0.15,4.0,auto
2000,514,513,arterial,1,1.0,1,1000.0,30,1.984978,0.15,4.0,auto
2001,513,553,arterial,1,1.0,1,1000.0,30,1.997878,0.15,4.0,auto
2002,553,513,arterial,1,1.0,1,1000.0,30,1.997878,0.15,4.0,auto
2003,514,515,arterial,1,1.0,1,1000.0,30,2.000105,0.15,4.0,auto
2004,515,514,arterial,1,1.0,1,1000.0,30,2.000105,0.15,4.0,auto
2005,514,554,arterial,1,1.0,1,1000.0,30,1.995869,0.15,4.0,auto
2006,554,514,arterial,1,1.0,1,1000.0,30,1.995869,0.15,4.0,auto
2007,515,516,arterial,1,1.0,1,1000.0,30,1.982079,0.15,4.0,auto
2008,516,515,arterial,1,1.0,1,1000.0,30,1.982079,0.15,4.0,auto
2009,515,555,arterial,1,1.0,1,1000.0,30,2.007796,0.15,4.0,auto
2010,555,515,arterial,1,1.0,1,1000.0,30,2.007796,0.15,4.0,auto
2011,516,517,arterial,1,1.0,1,1000.0,30,2.001049,0.15,4.0,auto
2012,517,516,arterial,1,1.0,1,1000.0,30,2.001049,0.15,4.0,auto
2013,516,556,arterial,1,1.0,1,1000.0,30,1.989566,0.15,4.0,auto
2014,556,516,arterial,1,1.0,1,1000.0,30,1.989566,0.15,4.0,auto
2015,517,518,arterial,1,1.0,1,1000.0,30,1.992252,0.15,4.0,auto
2016,518,517,arterial,1,1.0,1,1000.0,30,1.992252,0.15,4.0,auto
2017,517,557,arterial,1,1.0,1,1000.0,30,1.995821,0.15,4.0,auto
2018,557,517,arterial,1,1.0,1,1000.0,30,1.995821,0.15,4.0,auto
2019,518,519,arterial,1,1.0,1,1000.0,30,1.989435,0.15,4.0,auto
2020,519,518,arterial,1,1.0,1,1000.0,30,1.989435,0.15,4.0,auto
2021,518,558,arterial,1,1.0,1,1000.0,30,1.982738,0.15,4.0,auto
2022,558,518,arterial,1,1.0,1,1000.0,30,1.982738,0.15,4.0,auto
2023,519,520,arterial,1,1.0,1,1000.0,30,2.016452,0.15,4.0,auto
2024,520,519,arterial,1,1.0,1,1000.0,30,2.016452,0.15,4.0,auto
2025,519,559,arterial,1,1.0,1,1000.0,30,2.018659,0.15,4.0,auto
2026,559,519,arterial,1,1.0,1,1000.0,30,2.018659,0.15,4.0,auto
2027,520,560,arterial,1,1.0,1,1000.0,30,2.01466,0.15,4.0,auto
2028,560,520,arterial,1,1.0,1,1000.0,30,2.01466,0.15,4.0,auto
2029,521,522,arterial,1,1.0,1,3000.0,30,1.996856,0.15,4.0,auto
2030,522,521,arterial,1,1.0,1,3000.0,30,1.996856,0.15,4.0,auto
2031,521,561,arterial,1,1.0,1,1000.0,30,2.01221,0.15,4.0,auto
2032,561,521,arterial,1,1.0,1,1000.0,30,2.01221,0.15,4.0,auto
2033,522,523,arterial,1,1.0,1,3000.0,30,1.988871,0.15,4.0,auto
2034,523,522,arterial,1,1.0,1,3000.0,30,1.988871,0.15,4.0,auto
2035,522,562,arterial,1,1.0,1,1000.0,30,2.009865,0.15,4.0,auto
2036,562,522,arterial,1,1.0,1,1000.0,30,2.009865,0.15,4.0,auto
2037,523,524,arterial,1,1.0,1,3000.0,30,2.002672,0.15,4.0,auto
2038,524,523,arterial,1,1.0,1,3000.0,30,2.002672,0.15,4.0,auto
2039,523,563,arterial,1,1.0,1,1000.0,30,2.016137,0.15,4.0,auto
2040,563,523,arterial,1,1.0,1,1000.0,30,2.016137,0.15,4.0,auto
2041,524,525,arterial,1,1.0,1,3000.0,30,1.983943,0.15,4.0,auto
2042,525,524,arterial,1,1.0,1,3000.0,30,1.983943,0.15,4.0,auto
2043,524,564,arterial,1,1.0,1,1000.0,30,2.011694,0.15,4.0,auto
2044,564,524,arterial,1,1.0,1,1000.0,30,2.011694,0.15,4.0,auto
2045,525,526,arterial,1,1.0,1,3000.0,30,1.984952,0.15,4.0,auto
2046,526,525,arterial,1,1.0,1,3000.0,30,1.984952,0.15,4.0,auto
2047,525,565,arterial,1,1.0,1,1000.0,30,2.001504,0.15,4.0,auto
2048,565,525,arterial,1,1.0,1,1000.0,30,2.001504,0.15,4.0,auto
2049,526,527,arterial,1,1.0,1,3000.0,30,2.018039,0.15,4.0,auto
2050,527,526,arterial,1,1.0,1,3000.0,30,2.018039,0.15,4.0,auto
2051,526,566,arterial,1,1.0,1,1000.0,30,1.980023,0.15,4.0,auto
2052,566,526,arterial,1,1.0,1,1000.0,30,1.980023,0.15,4.0,auto
2053,527,528,arterial,1,1.0,1,3000.0,30,1.989757,0.15,4.0,auto
2054,528,527,arterial,1,1.0,1,3000.0,30,1.989757,0.15,4.0,auto
2055,527,567,arterial,1,1.0,1,1000.0,30,1.991971,0.15,4.0,auto
2056,567,527,arterial,1,1.0,1,1000.0,30,1.991971,0.15,4.0,auto
2057,528,529,arterial,1,1.0,1,3000.0,30,1.992991,0.15,4.0,auto
2058,529,528,arterial,1,1.0,1,3000.0,30,1.992991,0.15,4.0,auto
2059,528,568,arterial,1,1.0,1,1000.0,30,1.982505,0.15,4.0,auto
2060,568,528,arterial,1,1.0,1,1000.0,30,1.982505,0.15,4.0,auto
2061,529,530,arterial,1,1.0,1,3000.0,30,2.015805,0.15,4.0,auto
2062,530,529,arterial,1,1.0,1,3000.0,30,2.015805,0.15,4.0,auto
2063,529,569,arterial,1,1.0,1,1000.0,30,2.012618,0.15,4.0,auto
2064,569,529,arterial,1,1.0,1,1000.0,30,2.012618,0.15,4.0,auto
2065,530,531,arterial,1,1.0,1,3000.0,30,1.99589,0.15,4.0,auto
2066,531,530,arterial,1,1.0,1,3000.0,30,1.99589,0.15,4.0,auto
2067,530,570,arterial,1,1.0,1,1000.0,30,1.99426,0.15,4.0,auto
2068,570,530,arterial,1,1.0,1,1000.0,30,1.99426,0.15,4.0,auto
2069,531,532,arterial,1,1.0,1,3000.0,30,2.00342,0.15,4.0,auto
2070,532,531,arterial,1,1.0,1,3000.0,30,2.00342,0.15,4.0,auto
2071,531,571,arterial,1,1.0,1,1000.0,30,1.981836,0.15,4.0,auto
2072,571,531,arterial,1,1.0,1,1000.0,30,1.981836,0.15,4.0,auto
2073,532,533,arterial,1,1.0,1,3000.0,30,1.981245,0.15,4.0,auto
2074,533,532,arterial,1,1.0,1,3000.0,30,1.981245,0.15,4.0,auto
2075,532,572,arterial,1,1.0,1,1000.0,30,2.01594,0.15,4.0,auto
2076,572,532,arterial,1,1.0,1,1000.0,30,2.01594,0.15,4.0,auto
2077,533,534,arterial,1,1.0,1,3000.0,30,1.992314,0.15,4.0,auto
2078,534,533,arterial,1,1.0,1,3000.0,30,1.992314,0.15,4.0,auto
2079,533,573,arterial,1,1.0,1,1000.0,30,1.999937,0.15,4.0,auto
2080,573,533,arterial,1,1.0,1,1000.0,30,1.999937,0.15,4.0,auto
2081,534,535,arterial,1,1.0,1,3000.0,30,2.017357,0.15,4.0,auto
2082,535,534,arterial,1,1.0,1,3000.0,30,2.017357,0.15,4.0,auto
2083,534,574,arterial,1,1.0,1,1000.0,30,2.019091,0.15,4.0,auto
2084,574,534,arterial,1,1.0,1,1000.0,30,2.019091,0.15,4.0,auto
2085,535,536,arterial,1,1.0,1,3000.0,30,1.998906,0.15,4.0,auto
2086,536,535,arterial,1,1.0,1,3000.0,30,1.998906,0.15,4.0,auto
2087,535,575,arterial,1,1.0,1,1000.0,30,1.98826,0.15,4.0,auto
2088,575,535,arterial,1,1.0,1,1000.0,30,1.98826,0.15,4.0,auto
2089,536,537,arterial,1,1.0,1,3000.0,30,1.991814,0.15,4.0,auto
2090,537,536,arterial,1,1.0,1,3000.0,30,1.991814,0.15,4.0,auto
2091,536,576,arterial,1,1.0,1,1000.0,30,2.016906,0.15,4.0,auto
2092,576,536,arterial,1,1.0,1,1000.0,30,2.016906,0.15,4.0,auto
2093,537,538,arterial,1,1.0,1,3000.0,30,2.015872,0.15,4.0,auto
2094,538,537,arterial,1,1.0,1,3000.0,30,2.015872,0.15,4.0,auto
2095,537,577,arterial,1,1.0,1,1000.0,30,1.98782,0.15,4.0,auto
2096,577,537,arterial,1,1.0,1,1000.0,30,1.98782,0.15,4.0,auto
2097,538,539,arterial,1,1.0,1,3000.0,30,2.013517,0.15,4.0,auto
2098,539,538,arterial,1,1.0,1,3000.0,30,2.013517,0.15,4.0,auto
2099,538,578,arterial,1,1.0,1,1000.0,30,1.994166,0.15,4.0,auto
2100,578,538,arterial,1,1.0,1,1000.0,30,1.994166,0.15,4.0,auto
2101,539,540,arterial,1,1.0,1,3000.0,30,1.9989,0.15,4.0,auto
2102,540,539,arterial,1,1.0,1,3000.0,30,1.9989,0.15,4.0,auto
2103,539,579,arterial,1,1.0,1,1000.0,30,1.986875,0.15,4.0,auto
2104,579,539,arterial,1,1.0,1,1000.0,30,1.986875,0.15,4.0,auto
2105,540,580,arterial,1,1.0,1,1000.0,30,2.019816,0.15,4.0,auto
2106,580,540,arterial,1,1.0,1,1000.0,30,2.019816,0.15,4.0,auto
2107,541,542,arterial,1,1.0,1,3000.0,30,1.98808,0.15,4.0,auto
2108,542,541,arterial,1,1.0,1,3000.0,30,1.98808,0.15,4.0,auto
2109,541,581,arterial,1,1.0,1,1000.0,30,2.005296,0.15,4.0,auto
2110,581,541,arterial,1,1.0,1,1000.0,30,2.005296,0.15,4.0,auto
2111,542,543,arterial,1,1.0,1,3000.0,30,1.98766,0.15,4.0,auto
2112,543,542,arterial,1,1.0,1,3000.0,30,1.98766,0.15,4.0,auto
2113,542,582,arterial,1,1.0,1,1000.0,30,2.015207,0.15,4.0,auto
2114,582,542,arterial,1,1.0,1,1000.0,30,2.015207,0.15,4.0,auto
2115,543,544,arterial,1,1.0,1,3000.0,30,1.982,0.15,4.0,auto
2116,544,543,arterial,1,1.0,1,3000.0,30,1.982,0.15,4.0,auto
2117,543,583,arterial,1,1.0,1,1000.0,30,1.984244,0.15,4.0,auto
2118,583,543,arterial,1,1.0,1,1000.0,30,1.984244,0.15,4.0,auto
2119,544,545,arterial,1,1.0,1,3000.0,30,2.009031,0.15,4.0,auto
2120,545,544,arterial,1,1.0,1,3000.0,30,2.009031,0.15,4.0,auto
2121,544,584,arterial,1,1.0,1,1000.0,30,1.99252,0.15,4.0,auto
2122,584,544,arterial,1,1.0,1,1000.0,30,1.99252,0.15,4.0,auto
2123,545,546,arterial,1,1.0,1,3000.0,30,2.016012,0.15,4.0,auto
2124,546,545,arterial,1,1.0,1,3000.0,30,2.016012,0.15,4.0,auto
2125,545,585,arterial,1,1.0,1,1000.0,30,2.014783,0.15,4.0,auto
2126,585,545,arterial,1,1.0,1,1000.0,30,2.014783,0.15,4.0,auto
2127,546,547,arterial,1,1.0,1,3000.0,30,2.008526,0.15,4.0,auto
2128,547,546,arterial,1,1.0,1,3000.0,30,2.008526,0.15,4.0,auto
2129,546,586,arterial,1,1.0,1,1000.0,30,1.985395,0.15,4.0,auto
2130,586,546,arterial,1,1.0,1,1000.0,30,1.985395,0.15,4.0,auto
2131,547,548,arterial,1,1.0,1,3000.0,30,2.007838,0.15,4.0,auto
2132,548,547,arterial,1,1.0,1,3000.0,30,2.007838,0.15,4.0,auto
2133,547,587,arterial,1,1.0,1,1000.0,30,2.017512,0.15,4.0,auto
2134,587,547,arterial,1,1.0,1,1000.0,30,2.017512,0.15,4.0,auto
2135,548,549,arterial,1,1.0,1,3000.0,30,1.997806,0.15,4.0,auto
2136,549,548,arterial,1,1.0,1,3000.0,30,1.997806,0.15,4.0,auto
2137,548,588,arterial,1,1.0,1,1000.0,30,1.98316,0.15,4.0,auto
2138,588,548,arterial,1,1.0,1,1000.0,30,1.98316,0.15,4.0,auto
2139,549,550,arterial,1,1.0,1,3000.0,30,1.988929,0.15,4.0,auto
2140,550,549,arterial,1,1.0,1,3000.0,30,1.988929,0.15,4.0,auto
2141,549,589,arterial,1,1.0,1,1000.0,30,1.992287,0.15,4.0,auto
2142,589,549,arterial,1,1.0,1,1000.0,30,1.992287,0.15,4.0,auto
2143,550,551,arterial,1,1.0,1,3000.0,30,2.008421,0.15,4.0,auto
2144,551,550,arterial,1,1.0,1,3000.0,30,2.008421,0.15,4.0,auto
2145,550,590,arterial,1,1.0,1,1000.0,30,1.987859,0.15,4.0,auto
2146,590,550,arterial,1,1.0,1,1000.0,30,1.987859,0.15,4.0,auto
2147,551,552,arterial,1,1.0,1,3000.0,30,1.987241,0.15,4.0,auto
2148,552,551,arterial,1,1.0,1,3000.0,30,1.987241,0.15,4.0,auto
2149,551,591,arterial,1,1.0,1,1000.0,30,1.989418,0.15,4.0,auto
2150,591,551,arterial,1,1.0,1,1000.0,30,1.989418,0.15,4.0,auto
2151,552,553,arterial,1,1.0,1,3000.0,30,2.006584,0.15,4.0,auto
2152,553,552,arterial,1,1.0,1,3000.0,30,2.006584,0.15,4.0,auto
2153,552,592,arterial,1,1.0,1,1000.0,30,2.01162,0.15,4.0,auto
2154,592,552,arterial,1,1.0,1,1000.0,30,2.01162,0.15,4.0,auto
2155,553,554,arterial,1,1.0,1,3000.0,30,1.994901,0.15,4.0,auto
2156,554,553,arterial,1,1.0,1,3000.0,30,1.994901,0.15,4.0,auto
2157,553,593,arterial,1,1.0,1,1000.0,30,2.00648,0.15,4.0,auto
2158,593,553,arterial,1,1.0,1,1000.0,30,2.00648,0.15,4.0,auto
2159,554,555,arterial,1,1.0,1,3000.0,30,2.015378,0.15,4.0,auto
2160,555,554,arterial,1,1.0,1,3000.0,30,2.015378,0.15,4.0,auto
2161,554,594,arterial,1,1.0,1,1000.0,30,2.003596,0.15,4.0,auto
2162,594,554,arterial,1,1.0,1,1000.0,30,2.003596,0.15,4.0,auto
2163,555,556,arterial,1,1.0,1,3000.0,30,1.98916,0.15,4.0,auto
2164,556,555,arterial,1,1.0,1,3000.0,30,1.98916,0.15,4.0,auto
2165,555,595,arterial,1,1.0,1,1000.0,30,1.992037,0.15,4.0,auto
2166,595,555,arterial,1,1.0,1,1000.0,30,1.992037,0.15,4.0,auto
2167,556,557,arterial,1,1.0,1,3000.0,30,2.01707,0.15,4.0,auto
2168,557,556,arterial,1,1.0,1,3000.0,30,2.01707,0.15,4.0,auto
2169,556,596,arterial,1,1.0,1,1000.0,30,2.006681,0.15,4.0,auto
2170,596,556,arterial,1,1.0,1,1000.0,30,2.006681,0.15,4.0,auto
2171,557,558,arterial,1,1.0,1,3000.0,30,1.991073,0.15,4.0,auto
2172,558,557,arterial,1,1.0,1,3000.0,30,1.991073,0.15,4.0,auto
2173,557,597,arterial,1,1.0,1,1000.0,30,2.005597,0.15,4.0,auto
2174,597,557,arterial,1,1.0,1,1000.0,30,2.005597,0.15,4.0,auto
2175,558,559,arterial,1,1.0,1,3000.0,30,1.983599,0.15,4.0,auto
2176,559,558,arterial,1,1.0,1,3000.0,30,1.983599,0.15,4.0,auto
2177,558,598,arterial,1,1.0,1,1000.0,30,2.019321,0.15,4.0,auto
2178,598,558,arterial,1,1.0,1,1000.0,30,2.019321,0.15,4.0,auto
2179,559,560,arterial,1,1.0,1,3000.0,30,1.997614,0.15,4.0,auto
2180,560,559,arterial,1,1.0,1,3000.0,30,1.997614,0.15,4.0,auto
2181,559,599,arterial,1,1.0,1,1000.0,30,2.001132,0.15,4.0,auto
2182,599,559,arterial,1,1.0,1,1000.0,30,2.001132,0.15,4.0,auto
2183,560,600,arterial,1,1.0,1,1000.0,30,1.981814,0.15,4.0,auto
2184,600,560,arterial,1,1.0,1,1000.0,30,1.981814,0.15,4.0,auto
2185,561,562,arterial,1,1.0,1,1000.0,30,2.003988,0.15,4.0,auto
2186,562,561,arterial,1,1.0,1,1000.0,30,2.003988,0.15,4.0,auto
2187,561,601,arterial,1,1.0,1,1000.0,30,1.991382,0.15,4.0,auto
2188,601,561,arterial,1,1.0,1,1000.0,30,1.991382,0.15,4.0,auto
2189,562,563,arterial,1,1.0,1,1000.0,30,1.990036,0.15,4.0,auto
2190,563,562,arterial,1,1.0,1,1000.0,30,1.990036,0.15,4.0,auto
2191,562,602,arterial,1,1.0,1,1000.0,30,2.012129,0.15,4.0,auto
2192,602,562,arterial,1,1.0,1,1000.0,30,2.012129,0.15,4.0,auto
2193,563,564,arterial,1,1.0,1,1000.0,30,1.983487,0.15,4.0,auto
2194,564,563,arterial,1,1.0,1,1000.0,30,1.983487,0.15,4.0,auto
2195,563,603,arterial,1,1.0,1,1000.0,30,1.991406,0.15,4.0,auto
2196,603,563,arterial,1,1.0,1,1000.0,30,1.991406,0.15,4.0,auto
2197,564,565,arterial,1,1.0,1,1000.0,30,2.010227,0.15,4.0,auto
2198,565,564,arterial,1,1.0,1,1000.0,30,2.010227,0.15,4.0,auto
2199,564,604,arterial,1,1.0,1,1000.0,30,1.989836,0.15,4.0,auto
2200,604,564,arterial,1,1.0,1,1000.0,30,1.989836,0.15,4.0,auto
2201,565,566,arterial,1,1.0,1,1000.0,30,1.991164,0.15,4.0,auto
2202,566,565,arterial,1,1.0,1,1000.0,30,1.991164,0.15,4.0,auto
2203,565,605,arterial,1,1.0,1,1000.0,30,2.001924,0.15,4.0,auto
2204,605,565,arterial,1,1.0,1,1000.0,30,2.001924,0.15,4.0,auto
2205,566,567,arterial,1,1.0,1,1000.0,30,1.987454,0.15,4.0,auto
2206,567,566,arterial,1,1.0,1,1000.0,30,1.987454,0.15,4.0,auto
2207,566,606,arterial,1,1.0,1,1000.0,30,2.015881,0.15,4.0,auto
2208,606,566,arterial,1,1.0,1,1000.0,30,2.015881,0.15,4.0,auto
2209,567,568,arterial,1,1.0,1,1000.0,30,2.019509,0.15,4.0,auto
2210,568,567,arterial,1,1.0,1,1000.0,30,2.019509,0.15,4.0,auto
2211,567,607,arterial,1,1.0,1,1000.0,30,1.981344,0.15,4.0,auto
2212,607,567,arterial,1,1.0,1,1000.0,30,1.981344,0.15,4.0,auto
2213,568,569,arterial,1,1.0,1,1000.0,30,1.998465,0.15,4.0,auto
2214,569,568,arterial,1,1.0,1,1000.0,30,1.998465,0.15,4.0,auto
2215,568,608,arterial,1,1.0,1,1000.0,30,2.010024,0.15,4.0,auto
2216,608,568,arterial,1,1.0,1,1000.0,30,2.010024,0.15,4.0,auto
2217,569,570,arterial,1,1.0,1,1000.0,30,1.995388,0.15,4.0,auto
2218,570,569,arterial,1,1.0,1,1000.0,30,1.995388,0.15,4.0,auto
2219,569,609,arterial,1,1.0,1,1000.0,30,2.017171,0.15,4.0,auto
2220,609,569,arterial,1,1.0,1,1000.0,30,2.017171,0.15,4.0,auto
2221,570,571,arterial,1,1.0,1,1000.0,30,1.999996,0.15,4.0,auto
2222,571,570,arterial,1,1.0,1,1000.0,30,1.999996,0.15,4.0,auto
2223,570,610,arterial,1,1.0,1,1000.0,30,1.987196,0.15,4.0,auto
2224,610,570,arterial,1,1.0,1,1000.0,30,1.987196,0.15,4.0,auto
2225,571,572,arterial,1,1.0,1,1000.0,30,2.00224,0.15,4.0,auto
2226,572,571,arterial,1,1.0,1,1000.0,30,2.00224,0.15,4.0,auto
2227,571,611,arterial,1,1.0,1,1000.0,30,2.005799,0.15,4.0,auto
2228,611,571,arterial,1,1.0,1,1000.0,30,2.005799,0.15,4.0,auto
2229,572,573,arterial,1,1.0,1,1000.0,30,1.994385,0.15,4.0,auto
2230,573,572,arterial,1,1.0,1,1000.0,30,1.994385,0.15,4.0,auto
2231,572,612,arterial,1,1.0,1,1000.0,30,2.006331,0.15,4.0,auto
2232,612,572,arterial,1,1.0,1,1000.0,30,2.006331,0.15,4.0,auto
2233,573,574,arterial,1,1.0,1,1000.0,30,2.01132,0.15,4.0,auto
2234,574,573,arterial,1,1.0,1,1000.0,30,2.01132,0.15,4.0,auto
2235,573,613,arterial,1,1.0,1,1000.0,30,2.000669,0.15,4.0,auto
2236,613,573,arterial,1,1.0,1,1000.0,30,2.000669,0.15,4.0,auto
2237,574,575,arterial,1,1.0,1,1000.0,30,2.000225,0.15,4.0,auto
2238,575,574,arterial,1,1.0,1,1000.0,30,2.000225,0.15,4.0,auto
2239,574,614,arterial,1,1.0,1,1000.0,30,2.013816,0.15,4.0,auto
2240,614,574,arterial,1,1.0,1,1000.0,30,2.013816,0.15,4.0,auto
2241,575,576,arterial,1,1.0,1,1000.0,30,2.00737,0.15,4.0,auto
2242,576,575,arterial,1,1.0,1,1000.0,30,2.00737,0.15,4.0,auto
2243,575,615,arterial,1,1.0,1,1000.0,30,2.000821,0.15,4.0,auto
2244,615,575,arterial,1,1.0,1,1000.0,30,2.000821,0.15,4.0,auto
2245,576,577,arterial,1,1.0,1,1000.0,30,2.018061,0.15,4.0,auto
2246,577,576,arterial,1,1.0,1,1000.0,30,2.018061,0.15,4.0,auto
2247,576,616,arterial,1,1.0,1,1000.0,30,1.986957,0.15,4.0,auto
2248,616,576,arterial,1,1.0,1,1000.0,30,1.986957,0.15,4.0,auto
2249,577,578,arterial,1,1.0,1,1000.0,30,2.011186,0.15,4.0,auto
2250,578,577,arterial,1,1.0,1,1000.0,30,2.011186,0.15,4.0,auto
2251,577,617,arterial,1,1.0,1,1000.0,30,1.986607,0.15,4.0,auto
2252,617,577,arterial,1,1.0,1,1000.0,30,1.986607,0.15,4.0,auto
2253,578,579,arterial,1,1.0,1,1000.0,30,2.004323,0.15,4.0,auto
2254,579,578,arterial,1,1.0,1,1000.0,30,2.004323,0.15,4.0,auto
2255,578,618,arterial,1,1.0,1,1000.0,30,1.989414,0.15,4.0,auto
2256,618,578,arterial,1,1.0,1,1000.0,30,1.989414,0.15,4.0,auto
2257,579,580,arterial,1,1.0,1,1000.0,30,1.997617,0.15,4.0,auto
2258,580,579,arterial,1,1.0,1,1000.0,30,1.997617,0.15,4.0,auto
2259,579,619,arterial,1,1.0,1,1000.0,30,2.010921,0.15,4.0,auto
2260,619,579,arterial,1,1.0,1,1000.0,30,2.010921,0.15,4.0,auto
2261,580,620,arterial,1,1.0,1,1000.0,30,2.011645,0.15,4.0,auto
2262,620,580,arterial,1,1.0,1,1000.0,30,2.011645,0.15,4.0,auto
2263,581,582,arterial,1,1.0,1,1000.0,30,1.989438,0.15,4.0,auto
2264,582,581,arterial,1,1.0,1,1000.0,30,1.989438,0.15,4.0,auto
2265,581,621,arterial,1,1.0,1,1000.0,30,1.999565,0.15,4.0,auto
2266,621,581,arterial,1,1.0,1,1000.0,30,1.999565,0.15,4.0,auto
2267,582,583,arterial,1,1.0,1,1000.0,30,1.988849,0.15,4.0,auto
2268,583,582,arterial,1,1.0,1,1000.0,30,1.988849,0.15,4.0,auto
2269,582,622,arterial,1,1.0,1,1000.0,30,2.003204,0.15,4.0,auto
2270,622,582,arterial,1,1.0,1,1000.0,30,2.003204,0.15,4.0,auto
2271,583,584,arterial,1,1.0,1,1000.0,30,1.999958,0.15,4.0,auto
2272,584,583,arterial,1,1.0,1,1000.0,30,1.999958,0.15,4.0,auto
2273,583,623,arterial,1,1.0,1,1000.0,30,1.981413,0.15,4.0,auto
2274,623,583,arterial,1,1.0,1,1000.0,30,1.981413,0.15,4.0,auto
2275,584,585,arterial,1,1.0,1,1000.0,30,2.003873,0.15,4.0,auto
2276,585,584,arterial,1,1.0,1,1000.0,30,2.003873,0.15,4.0,auto
2277,584,624,arterial,1,1.0,1,1000.0,30,2.008589,0.15,4.0,auto
2278,624,584,arterial,1,1.0,1,1000.0,30,2.008589,0.15,4.0,auto
2279,585,586,arterial,1,1.0,1,1000.0,30,2.002906,0.15,4.0,auto
2280,586,585,arterial,1,1.0,1,1000.0,30,2.002906,0.15,4.0,auto
2281,585,625,arterial,1,1.0,1,1000.0,30,2.014915,0.15,4.0,auto
2282,625,585,arterial,1,1.0,1,1000.0,30,2.014915,0.15,4.0,auto
2283,586,587,arterial,1,1.0,1,1000.0,30,1.987201,0.15,4.0,auto
2284,587,586,arterial,1,1.0,1,1000.0,30,1.987201,0.15,4.0,auto
2285,586,626,arterial,1,1.0,1,1000.0,30,1.986072,0.15,4.0,auto
2286,626,586,arterial,1,1.0,1,1000.0,30,1.986072,0.15,4.0,auto
2287,587,588,arterial,1,1.0,1,1000.0,30,1.980712,0.15,4.0,auto
2288,588,587,arterial,1,1.0,1,1000.0,30,1.980712,0.15,4.0,auto
2289,587,627,arterial,1,1.0,1,1000.0,30,1.999844,0.15,4.0,auto
2290,627,587,arterial,1,1.0,1,1000.0,30,1.999844,0.15,4.0,auto
2291,588,589,arterial,1,1.0,1,1000.0,30,1.997385,0.15,4.0,auto
2292,589,588,arterial,1,1.0,1,1000.0,30,1.997385,0.15,4.0,auto
2293,588,628,arterial,1,1.0,1,1000.0,30,1.997667,0.15,4.0,auto
2294,628,588,arterial,1,1.0,1,1000.0,30,1.997667,0.15,4.0,auto
2295,589,590,arterial,1,1.0,1,1000.0,30,1.990518,0.15,4.0,auto
2296,590,589,arterial,1,1.0,1,1000.0,30,1.990518,0.15,4.0,auto
2297,589,629,arterial,1,1.0,1,1000.0,30,2.011941,0.15,4.0,auto
2298,629,589,arterial,1,1.0,1,1000.0,30,2.011941,0.15,4.0,auto
2299,590,591,arterial,1,1.0,1,1000.0,30,1.982901,0.15,4.0,auto
2300,591,590,arterial,1,1.0,1,1000.0,30,1.982901,0.15,4.0,auto
2301,590,630,arterial,1,1.0,1,1000.0,30,2.016292,0.15,4.0,auto
2302,630,590,arterial,1,1.0,1,1000.0,30,2.016292,0.15,4.0,auto
2303,591,592,arterial,1,1.0,1,1000.0,30,2.002756,0.15,4.0,auto
2304,592,591,arterial,1,1.0,1,1000.0,30,2.002756,0.15,4.0,auto
2305,591,631,arterial,1,1.0,1,1000.0,30,2.00173,0.15,4.0,auto
2306,631,591,arterial,1,1.0,1,1000.0,30,2.00173,0.15,4.0,auto
2307,592,593,arterial,1,1.0,1,1000.0,30,2.011664,0.15,4.0,auto
2308,593,592,arterial,1,1.0,1,1000.0,30,2.011664,0.15,4.0,auto
2309,592,632,arterial,1,1.0,1,1000.0,30,1.989519,0.15,4.0,auto
2310,632,592,arterial,1,1.0,1,1000.0,30,1.989519,0.15,4.0,auto
2311,593,594,arterial,1,1.0,1,1000.0,30,1.985849,0.15,4.0,auto
2312,594,593,arterial,1,1.0,1,1000.0,30,1.985849,0.15,4.0,auto
2313,593,633,arterial,1,1.0,1,1000.0,30,1.99244,0.15,4.0,auto
2314,633,593,arterial,1,1.0,1,1000.0,30,1.99244,0.15,4.0,auto
2315,594,595,arterial,1,1.0,1,1000.0,30,1.981693,0.15,4.0,auto
2316,595,594,arterial,1,1.0,1,1000.0,30,1.981693,0.15,4.0,auto
2317,594,634,arterial,1,1.0,1,1000.0,30,1.992574,0.15,4.0,auto
2318,634,594,arterial,1,1.0,1,1000.0,30,1.992574,0.15,4.0,auto
2319,595,596,arterial,1,1.0,1,1000.0,30,2.004848,0.15,4.0,auto
2320,596,595,arterial,1,1.0,1,1000.0,30,2.004848,0.15,4.0,auto
2321,595,635,arterial,1,1.0,1,1000.0,30,2.001018,0.15,4.0,auto
2322,635,595,arterial,1,1.0,1,1000.0,30,2.001018,0.15,4.0,auto
2323,596,597,arterial,1,1.0,1,1000.0,30,1.990589,0.15,4.0,auto
2324,597,596,arterial,1,1.0,1,1000.0,30,1.990589,0.15,4.0,auto
2325,596,636,arterial,1,1.0,1,1000.0,30,2.003548,0.15,4.0,auto
2326,636,596,arterial,1,1.0,1,1000.0,30,2.003548,0.15,4.0,auto
2327,597,598,arterial,1,1.0,1,1000.0,30,1.983539,0.15,4.0,auto
2328,598,597,arterial,1,1.0,1,1000.0,30,1.983539,0.15,4.0,auto
2329,597,637,arterial,1,1.0,1,1000.0,30,2.012823,0.15,4.0,auto
2330,637,597,arterial,1,1.0,1,1000.0,30,2.012823,0.15,4.0,auto
2331,598,599,arterial,1,1.0,1,1000.0,30,1.986864,0.15,4.0,auto
2332,599,598,arterial,1,1.0,1,1000.0,30,1.986864,0.15,4.0,auto
2333,598,638,arterial,1,1.0,1,1000.0,30,1.990193,0.15,4.0,auto
2334,638,598,arterial,1,1.0,1,1000.0,30,1.990193,0.15,4.0,auto
2335,599,600,arterial,1,1.0,1,1000.0,30,1.986392,0.15,4.0,auto
2336,600,599,arterial,1,1.0,1,1000.0,30,1.986392,0.15,4.0,auto
2337,599,639,arterial,1,1.0,1,1000.0,30,2.007627,0.15,4.0,auto
2338,639,599,arterial,1,1.0,1,1000.0,30,2.007627,0.15,4.0,auto
2339,600,640,arterial,1,1.0,1,1000.0,30,2.011468,0.15,4.0,auto
2340,640,600,arterial,1,1.0,1,1000.0,30,2.011468,0.15,4.0,auto
2341,601,602,arterial,1,1.0,1,1000.0,30,1.982446,0.15,4.0,auto
2342,602,601,arterial,1,1.0,1,1000.0,30,1.982446,0.15,4.0,auto
2343,601,641,arterial,1,1.0,1,1000.0,30,1.996425,0.15,4.0,auto
2344,641,601,arterial,1,1.0,1,1000.0,30,1.996425,0.15,4.0,auto
2345,602,603,arterial,1,1.0,1,1000.0,30,1.994577,0.15,4.0,auto
2346,603,602,arterial,1,1.0,1,1000.0,30,1.994577,0.15,4.0,auto
2347,602,642,arterial,1,1.0,1,1000.0,30,1.988654,0.15,4.0,auto
2348,642,602,arterial,1,1.0,1,1000.0,30,1.988654,0.15,4.0,auto
2349,603,604,arterial,1,1.0,1,1000.0,30,2.018821,0.15,4.0,auto
2350,604,603,arterial,1,1.0,1,1000.0,30,2.018821,0.15,4.0,auto
2351,603,643,arterial,1,1.0,1,1000.0,30,1.981685,0.15,4.0,auto
2352,643,603,arterial,1,1.0,1,1000.0,30,1.981685,0.15,4.0,auto
2353,604,605,arterial,1,1.0,1,1000.0,30,1.999582,0.15,4.0,auto
2354,605,604,arterial,1,1.0,1,1000.0,30,1.999582,0.15,4.0,auto
2355,604,644,arterial,1,1.0,1,1000.0,30,2.010451,0.15,4.0,auto
2356,644,604,arterial,1,1.0,1,1000.0,30,2.010451,0.15,4.0,auto
2357,605,606,arterial,1,1.0,1,1000.0,30,2.019447,0.15,4.0,auto
2358,606,605,arterial,1,1.0,1,1000.0,30,2.019447,0.15,4.0,auto
2359,605,645,arterial,1,1.0,1,1000.0,30,1.985783,0.15,4.0,auto
2360,645,605,arterial,1,1.0,1,1000.0,30,1.985783,0.15,4.0,auto
2361,606,607,arterial,1,1.0,1,1000.0,30,1.998213,0.15,4.0,auto
2362,607,606,arterial,1,1.0,1,1000.0,30,1.998213,0.15,4.0,auto
2363,606,646,arterial,1,1.0,1,1000.0,30,2.009798,0.15,4.0,auto
2364,646,606,arterial,1,1.0,1,1000.0,30,2.009798,0.15,4.0,auto
2365,607,608,arterial,1,1.0,1,1000.0,30,1.981569,0.15,4.0,auto
2366,608,607,arterial,1,1.0,1,1000.0,30,1.981569,0.15,4.0,auto
2367,607,647,arterial,1,1.0,1,1000.0,30,1.989625,0.15,4.0,auto
2368,647,607,arterial,1,1.0,1,1000.0,30,1.989625,0.15,4.0,auto
2369,608,609,arterial,1,1.0,1,1000.0,30,2.015603,0.15,4.0,auto
2370,609,608,arterial,1,1.0,1,1000.0,30,2.015603,0.15,4.0,auto
2371,608,648,arterial,1,1.0,1,1000.0,30,1.985662,0.15,4.0,auto
2372,648,608,arterial,1,1.0,1,1000.0,30,1.985662,0.15,4.0,auto
2373,609,610,arterial,1,1.0,1,1000.0,30,1.995717,0.15,4.0,auto
2374,610,609,arterial,1,1.0,1,1000.0,30,1.995717,0.15,4.0,auto
2375,609,649,arterial,1,1.0,1,1000.0,30,1.991923,0.15,4.0,auto
2376,649,609,arterial,1,1.0,1,1000.0,30,1.991923,0.15,4.0,auto
2377,610,611,arterial,1,1.0,1,1000.0,30,1.996978,0.15,4.0,auto
2378,611,610,arterial,1,1.0,1,1000.0,30,1.996978,0.15,4.0,auto
2379,610,650,arterial,1,1.0,1,1000.0,30,1.983059,0.15,4.0,auto
2380,650,610,arterial,1,1.0,1,1000.0,30,1.983059,0.15,4.0,auto
2381,611,612,arterial,1,1.0,1,1000.0,30,1.981371,0.15,4.0,auto
2382,612,611,arterial,1,1.0,1,1000.0,30,1.981371,0.15,4.0,auto
2383,611,651,arterial,1,1.0,1,1000.0,30,2.019845,0.15,4.0,auto
2384,651,611,arterial,1,1.0,1,1000.0,30,2.019845,0.15,4.0,auto
2385,612,613,arterial,1,1.0,1,1000.0,30,2.010531,0.15,4.0,auto
2386,613,612,arterial,1,1.0,1,1000.0,30,2.010531,0.15,4.0,auto
2387,612,652,arterial,1,1.0,1,1000.0,30,2.009362,0.15,4.0,auto
2388,652,612,arterial,1,1.0,1,1000.0,30,2.009362,0.15,4.0,auto
2389,613,614,arterial,1,1.0,1,1000.0,30,1.989195,0.15,4.0,auto
2390,614,613,arterial,1,1.0,1,1000.0,30,1.989195,0.15,4.0,auto
2391,613,653,arterial,1,1.0,1,1000.0,30,1.990128,0.15,4.0,auto
2392,653,613,arterial,1,1.0,1,1000.0,30,1.990128,0.15,4.0,auto
2393,614,615,arterial,1,1.0,1,1000.0,30,2.002075,0.15,4.0,auto
2394,615,614,arterial,1,1.0,1,1000.0,30,2.002075,0.15,4.0,auto
2395,614,654,arterial,1,1.0,1,1000.0,30,1.989667,0.15,4.0,auto
2396,654,614,arterial,1,1.0,1,1000.0,30,1.989667,0.15,4.0,auto
2397,615,616,arterial,1,1.0,1,1000.0,30,1.998462,0.15,4.0,auto
2398,616,615,arterial,1,1.0,1,1000.0,30,1.998462,0.15,4.0,auto
2399,615,655,arterial,1,1.0,1,1000.0,30,2.017298,0.15,4.0,auto
2400,655,615,arterial,1,1.0,1,1000.0,30,2.017298,0.15,4.0,auto
2401,616,617,arterial,1,1.0,1,1000.0,30,1.99456,0.15,4.0,auto
2402,617,616,arterial,1,1.0,1,1000.0,30,1.99456,0.15,4.0,auto
2403,616,656,arterial,1,1.0,1,1000.0,30,1.993482,0.15,4.0,auto
2404,656,616,arterial,1,1.0,1,1000.0,30,1.993482,0.15,4.0,auto
2405,617,618,arterial,1,1.0,1,1000.0,30,2.01925,0.15,4.0,auto
2406,618,617,arterial,1,1.0,1,1000.0,30,2.01925,0.15,4.0,auto
2407,617,657,arterial,1,1.0,1,1000.0,30,2.004436,0.15,4.0,auto
2408,657,617,arterial,1,1.0,1,1000.0,30,2.004436,0.15,4.0,auto
2409,618,619,arterial,1,1.0,1,1000.0,30,1.981587,0.15,4.0,auto
2410,619,618,arterial,1,1.0,1,1000.0,30,1.981587,0.15,4.0,auto
2411,618,658,arterial,1,1.0,1,1000.0,30,1.996122,0.15,4.0,auto
2412,658,618,arterial,1,1.0,1,1000.0,30,1.996122,0.15,4.0,auto
2413,619,620,arterial,1,1.0,1,1000.0,30,2.005992,0.15,4.0,auto
2414,620,619,arterial,1,1.0,1,1000.0,30,2.005992,0.15,4.0,auto
2415,619,659,arterial,1,1.0,1,1000.0,30,1.982341,0.15,4.0,auto
2416,659,619,arterial,1,1.0,1,1000.0,30,1.982341,0.15,4.0,auto
2417,620,660,arterial,1,1.0,1,1000.0,30,2.007787,0.15,4.0,auto
2418,660,620,arterial,1,1.0,1,1000.0,30,2.007787,0.15,4.0,auto
2419,621,622,arterial,1,1.0,1,1000.0,30,2.014577,0.15,4.0,auto
2420,622,621,arterial,1,1.0,1,1000.0,30,2.014577,0.15,4.0,auto
2421,621,661,arterial,1,1.0,1,1000.0,30,2.003626,0.15,4.0,auto
2422,661,621,arterial,1,1.0,1,1000.0,30,2.003626,0.15,4.0,auto
2423,622,623,arterial,1,1.0,1,1000.0,30,2.015455,0.15,4.0,auto
2424,623,622,arterial,1,1.0,1,1000.0,30,2.015455,0.15,4.0,auto
2425,622,662,arterial,1,1.0,1,1000.0,30,1.998504,0.15,4.0,auto
2426,662,622,arterial,1,1.0,1,1000.0,30,1.998504,0.15,4.0,auto
2427,623,624,arterial,1,1.0,1,1000.0,30,1.995717,0.15,4.0,auto
2428,624,623,arterial,1,1.0,1,1000.0,30,1.995717,0.15,4.0,auto
2429,623,663,arterial,1,1.0,1,1000.0,30,2.013722,0.15,4.0,auto
2430,663,623,arterial,1,1.0,1,1000.0,30,2.013722,0.15,4.0,auto
2431,624,625,arterial,1,1.0,1,1000.0,30,1.995245,0.15,4.0,auto
2432,625,624,arterial,1,1.0,1,1000.0,30,1.995245,0.15,4.0,auto
2433,624,664,arterial,1,1.0,1,1000.0,30,2.011254,0.15,4.0,auto
2434,664,624,arterial,1,1.0,1,1000.0,30,2.011254,0.15,4.0,auto
2435,625,626,arterial,1,1.0,1,1000.0,30,1.988616,0.15,4.0,auto
2436,626,625,arterial,1,1.0,1,1000.0,30,1.988616,0.15,4.0,auto
2437,625,665,arterial,1,1.0,1,1000.0,30,1.993896,0.15,4.0,auto
2438,665,625,arterial,1,1.0,1,1000.0,30,1.993896,0.15,4.0,auto
2439,626,627,arterial,1,1.0,1,1000.0,30,1.987344,0.15,4.0,auto
2440,627,626,arterial,1,1.0,1,1000.0,30,1.987344,0.15,4.0,auto
2441,626,666,arterial,1,1.0,1,1000.0,30,2.001982,0.15,4.0,auto
2442,666,626,arterial,1,1.0,1,1000.0,30,2.001982,0.15,4.0,auto
2443,627,628,arterial,1,1.0,1,1000.0,30,1.986555,0.15,4.0,auto
2444,628,627,arterial,1,1.0,1,1000.0,30,1.986555,0.15,4.0,auto
2445,627,667,arterial,1,1.0,1,1000.0,30,1.988146,0.15,4.0,auto
2446,667,627,arterial,1,1.0,1,1000.0,30,1.988146,0.15,4.0,auto
2447,628,629,arterial,1,1.0,1,1000.0,30,1.988578,0.15,4.0,auto
2448,629,628,arterial,1,1.0,1,1000.0,30,1.988578,0.15,4.0,auto
2449,628,668,arterial,1,1.0,1,1000.0,30,1.998708,0.15,4.0,auto
2450,668,628,arterial,1,1.0,1,1000.0,30,1.998708,0.15,4.0,auto
2451,629,630,arterial,1,1.0,1,1000.0,30,1.992342,0.15,4.0,auto
2452,630,629,arterial,1,1.0,1,1000.0,30,1.992342,0.15,4.0,auto
2453,629,669,arterial,1,1.0,1,1000.0,30,1.997884,0.15,4.0,auto
2454,669,629,arterial,1,1.0,1,1000.0,30,1.997884,0.15,4.0,auto
2455,630,631,arterial,1,1.0,1,1000.0,30,2.019733,0.15,4.0,auto
2456,631,630,arterial,1,1.0,1,1000.0,30,2.019733,0.15,4.0,auto
2457,630,670,arterial,1,1.0,1,1000.0,30,2.007168,0.15,4.0,auto
2458,670,630,arterial,1,1.0,1,1000.0,30,2.007168,0.15,4.0,auto
2459,631,632,arterial,1,1.0,1,1000.0,30,2.014509,0.15,4.0,auto
2460,632,631,arterial,1,1.0,1,1000.0,30,2.014509,0.15,4.0,auto
2461,631,671,arterial,1,1.0,1,1000.0,30,1.988183,0.15,4.0,auto
2462,671,631,arterial,1,1.0,1,1000.0,30,1.988183,0.15,4.0,auto
2463,632,633,arterial,1,1.0,1,1000.0,30,1.995318,0.15,4.0,auto
2464,633,632,arterial,1,1.0,1,1000.0,30,1.995318,0.15,4.0,auto
2465,632,672,arterial,1,1.0,1,1000.0,30,1.982911,0.15,4.0,auto
2466,672,632,arterial,1,1.0,1,1000.0,30,1.982911,0.15,4.0,auto
2467,633,634,arterial,1,1.0,1,1000.0,30,2.007654,0.15,4.0,auto
2468,634,633,arterial,1,1.0,1,1000.0,30,2.007654,0.15,4.0,auto
2469,633,673,arterial,1,1.0,1,1000.0,30,1.994513,0.15,4.0,auto
2470,673,633,arterial,1,1.0,1,1000.0,30,1.994513,0.15,4.0,auto
2471,634,635,arterial,1,1.0,1,1000.0,30,1.990981,0.15,4.0,auto
2472,635,634,arterial,1,1.0,1,1000.0,30,1.990981,0.15,4.0,auto
2473,634,674,arterial,1,1.0,1,1000.0,30,1.980743,0.15,4.0,auto
2474,674,634,arterial,1,1.0,1,1000.0,30,1.980743,0.15,4.0,auto
2475,635,636,arterial,1,1.0,1,1000.0,30,1.987282,0.15,4.0,auto
2476,636,635,arterial,1,1.0,1,1000.0,30,1.987282,0.15,4.0,auto
2477,635,675,arterial,1,1.0,1,1000.0,30,1.990493,0.15,4.0,auto
2478,675,635,arterial,1,1.0,1,1000.0,30,1.990493,0.15,4.0,auto
2479,636,637,arterial,1,1.0,1,1000.0,30,1.995718,0.15,4.0,auto
2480,637,636,arterial,1,1.0,1,1000.0,30,1.995718,0.15,4.0,auto
2481,636,676,arterial,1,1.0,1,1000.0,30,2.016943,0.15,4.0,auto
2482,676,636,arterial,1,1.0,1,1000.0,30,2.016943,0.15,4.0,auto
2483,637,638,arterial,1,1.0,1,1000.0,30,2.008608,0.15,4.0,auto
2484,638,637,arterial,1,1.0,1,1000.0,30,2.008608,0.15,4.0,auto
2485,637,677,arterial,1,1.0,1,1000.0,30,1.990745,0.15,4.0,auto
2486,677,637,arterial,1,1.0,1,1000.0,30,1.990745,0.15,4.0,auto
2487,638,639,arterial,1,1.0,1,1000.0,30,1.994444,0.15,4.0,auto
2488,639,638,arterial,1,1.0,1,1000.0,30,1.994444,0.15,4.0,auto
2489,638,678,arterial,1,1.0,1,1000.0,30,1.986141,0.15,4.0,auto
2490,678,638,arterial,1,1.0,1,1000.0,30,1.986141,0.15,4.0,auto
2491,639,640,arterial,1,1.0,1,1000.0,30,2.017465,0.15,4.0,auto
2492,640,639,arterial,1,1.0,1,1000.0,30,2.017465,0.15,4.0,auto
2493,639,679,arterial,1,1.0,1,1000.0,30,1.99439,0.15,4.0,auto
2494,679,639,arterial,1,1.0,1,1000.0,30,1.99439,0.15,4.0,auto
2495,640,680,arterial,1,1.0,1,1000.0,30,2.008938,0.15,4.0,auto
2496,680,640,arterial,1,1.0,1,1000.0,30,2.008938,0.15,4.0,auto
2497,641,642,arterial,1,1.0,1,1000.0,30,2.016283,0.15,4.0,auto
2498,642,641,arterial,1,1.0,1,1000.0,30,2.016283,0.15,4.0,auto
2499,641,681,arterial,1,1.0,1,1000.0,30,1.980816,0.15,4.0,auto
2500,681,641,arterial,1,1.0,1,1000.0,30,1.980816,0.15,4.0,auto
2501,642,643,arterial,1,1.0,1,1000.0,30,1.992883,0.15,4.0,auto
2502,643,642,arterial,1,1.0,1,1000.0,30,1.992883,0.15,4.0,auto
2503,642,682,arterial,1,1.0,1,1000.0,30,1.995376,0.15,4.0,auto
2504,682,642,arterial,1,1.0,1,1000.0,30,1.995376,0.15,4.0,auto
2505,643,644,arterial,1,1.0,1,1000.0,30,1.983327,0.15,4.0,auto
2506,644,643,arterial,1,1.0,1,1000.0,30,1.983327,0.15,4.0,auto
2507,643,683,arterial,1,1.0,1,1000.0,30,2.015295,0.15,4.0,auto
2508,683,643,arterial,1,1.0,1,1000.0,30,2.015295,0.15,4.0,auto
2509,644,645,arterial,1,1.0,1,1000.0,30,1.99301,0.15,4.0,auto
2510,645,644,arterial,1,1.0,1,1000.0,30,1.99301,0.15,4.0,auto
2511,644,684,arterial,1,1.0,1,1000.0,30,2.010829,0.15,4.0,auto
2512,684,644,arterial,1,1.0,1,1000.0,30,2.010829,0.15,4.0,auto
2513,645,646,arterial,1,1.0,1,1000.0,30,2.000772,0.15,4.0,auto
2514,646,645,arterial,1,1.0,1,1000.0,30,2.000772,0.15,4.0,auto
2515,645,685,arterial,1,1.0,1,1000.0,30,1.982196,0.15,4.0,auto
2516,685,645,arterial,1,1.0,1,1000.0,30,1.982196,0.15,4.0,auto
2517,646,647,arterial,1,1.0,1,1000.0,30,1.995759,0.15,4.0,auto
2518,647,646,arterial,1,1.0,1,1000.0,30,1.995759,0.15,4.0,auto
2519,646,686,arterial,1,1.0,1,1000.0,30,1.989532,0.15,4.0,auto
2520,686,646,arterial,1,1.0,1,1000.0,30,1.989532,0.15,4.0,auto
2521,647,648,arterial,1,1.0,1,1000.0,30,1.981633,0.15,4.0,auto
2522,648,647,arterial,1,1.0,1,1000.0,30,1.981633,0.15,4.0,auto
2523,647,687,arterial,1,1.0,1,1000.0,30,1.986035,0.15,4.0,auto
2524,687,647,arterial,1,1.0,1,1000.0,30,1.986035,0.15,4.0,auto
2525,648,649,arterial,1,1.0,1,1000.0,30,2.003816,0.15,4.0,auto
2526,649,648,arterial,1,1.0,1,1000.0,30,2.003816,0.15,4.0,auto
2527,648,688,arterial,1,1.0,1,1000.0,30,1.981271,0.15,4.0,auto
2528,688,648,arterial,1,1.0,1,1000.0,30,1.981271,0.15,4.0,auto
2529,649,650,arterial,1,1.0,1,1000.0,30,1.992491,0.15,4.0,auto
2530,650,649,arterial,1,1.0,1,1000.0,30,1.992491,0.15,4.0,auto
2531,649,689,arterial,1,1.0,1,1000.0,30,1.996962,0.15,4.0,auto
2532,689,649,arterial,1,1.0,1,1000.0,30,1.996962,0.15,4.0,auto
2533,650,651,arterial,1,1.0,1,1000.0,30,2.001759,0.15,4.0,auto
2534,651,650,arterial,1,1.0,1,1000.0,30,2.001759,0.15,4.0,auto
2535,650,690,arterial,1,1.0,1,1000.0,30,1.98544,0.15,4.0,auto
2536,690,650,arterial,1,1.0,1,1000.0,30,1.98544,0.15,4.0,auto
2537,651,652,arterial,1,1.0,1,1000.0,30,2.008264,0.15,4.0,auto
2538,652,651,arterial,1,1.0,1,1000.0,30,2.008264,0.15,4.0,auto
2539,651,691,arterial,1,1.0,1,1000.0,30,1.990416,0.15,4.0,auto
2540,691,651,arterial,1,1.0,1,1000.0,30,1.990416,0.15,4.0,auto
2541,652,653,arterial,1,1.0,1,1000.0,30,2.009019,0.15,4.0,auto
2542,653,652,arterial,1,1.0,1,1000.0,30,2.009019,0.15,4.0,auto
2543,652,692,arterial,1,1.0,1,1000.0,30,2.006647,0.15,4.0,auto
2544,692,652,arterial,1,1.0,1,1000.0,30,2.006647,0.15,4.0,auto
2545,653,654,arterial,1,1.0,1,1000.0,30,1.985888,0.15,4.0,auto
2546,654,653,arterial,1,1.0,1,1000.0,30,1.985888,0.15,4.0,auto
2547,653,693,arterial,1,1.0,1,1000.0,30,1.988192,0.15,4.0,auto
2548,693,653,arterial,1,1.0,1,1000.0,30,1.988192,0.15,4.0,auto
2549,654,655,arterial,1,1.0,1,1000.0,30,1.991214,0.15,4.0,auto
2550,655,654,arterial,1,1.0,1,1000.0,30,1.991214,0.15,4.0,auto
2551,654,694,arterial,1,1.0,1,1000.0,30,2.008511,0.15,4.0,auto
2552,694,654,arterial,1,1.0,1,1000.0,30,2.008511,0.15,4.0,auto
2553,655,656,arterial,1,1.0,1,1000.0,30,1.996212,0.15,4.0,auto
2554,656,655,arterial,1,1.0,1,1000.0,30,1.996212,0.15,4.0,auto
2555,655,695,arterial,1,1.0,1,1000.0,30,1.99546,0.15,4.0,auto
2556,695,655,arterial,1,1.0,1,1000.0,30,1.99546,0.15,4.0,auto
2557,656,657,arterial,1,1.0,1,1000.0,30,2.014639,0.15,4.0,auto
2558,657,656,arterial,1,1.0,1,1000.0,30,2.014639,0.15,4.0,auto
2559,656,696,arterial,1,1.0,1,1000.0,30,1.989042,0.15,4.0,auto
2560,696,656,arterial,1,1.0,1,1000.0,30,1.989042,0.15,4.0,auto
2561,657,658,arterial,1,1.0,1,1000.0,30,1.991683,0.15,4.0,auto
2562,658,657,arterial,1,1.0,1,1000.0,30,1.991683,0.15,4.0,auto
2563,657,697,arterial,1,1.0,1,1000.0,30,1.993798,0.15,4.0,auto
2564,697,657,arterial,1,1.0,1,1000.0,30,1.993798,0.15,4.0,auto
2565,658,659,arterial,1,1.0,1,1000.0,30,1.98863,0.15,4.0,auto
2566,659,658,arterial,1,1.0,1,1000.0,30,1.98863,0.15,4.0,auto
2567,658,698,arterial,1,1.0,1,1000.0,30,1.981628,0.15,4.0,auto
2568,698,658,arterial,1,1.0,1,1000.0,30,1.981628,0.15,4.0,auto
2569,659,660,arterial,1,1.0,1,1000.0,30,1.980981,0.15,4.0,auto
2570,660,659,arterial,1,1.0,1,1000.0,30,1.980981,0.15,4.0,auto
2571,659,699,arterial,1,1.0,1,1000.0,30,2.005216,0.15,4.0,auto
2572,699,659,arterial,1,1.0,1,1000.0,30,2.005216,0.15,4.0,auto
2573,660,700,arterial,1,1.0,1,1000.0,30,2.012351,0.15,4.0,auto
2574,700,660,arterial,1,1.0,1,1000.0,30,2.012351,0.15,4.0,auto
2575,661,662,arterial,1,1.0,1,1000.0,30,2.019024,0.15,4.0,auto
2576,662,661,arterial,1,1.0,1,1000.0,30,2.019024,0.15,4.0,auto
2577,661,701,arterial,1,1.0,1,1000.0,30,1.991924,0.15,4.0,auto
2578,701,661,arterial,1,1.0,1,1000.0,30,1.991924,0.15,4.0,auto
2579,662,663,arterial,1,1.0,1,1000.0,30,2.00682,0.15,4.0,auto
2580,663,662,arterial,1,1.0,1,1000.0,30,2.00682,0.15,4.0,auto
2581,662,702,arterial,1,1.0,1,1000.0,30,2.016763,0.15,4.0,auto
2582,702,662,arterial,1,1.0,1,1000.0,30,2.016763,0.15,4.0,auto
2583,663,664,arterial,1,1.0,1,1000.0,30,1.988648,0.15,4.0,auto
2584,664,663,arterial,1,1.0,1,1000.0,30,1.988648,0.15,4.0,auto
2585,663,703,arterial,1,1.0,1,1000.0,30,2.007568,0.15,4.0,auto
2586,703,663,arterial,1,1.0,1,1000.0,30,2.007568,0.15,4.0,auto
2587,664,665,arterial,1,1.0,1,1000.0,30,2.006664,0.15,4.0,auto
2588,665,664,arterial,1,1.0,1,1000.0,30,2.006664,0.15,4.0,auto
2589,664,704,arterial,1,1.0,1,1000.0,30,2.018206,0.15,4.0,auto
2590,704,664,arterial,1,1.0,1,1000.0,30,2.018206,0.15,4.0,auto
2591,665,666,arterial,1,1.0,1,1000.0,30,2.014735,0.15,4.0,auto
2592,666,665,arterial,1,1.0,1,1000.0,30,2.014735,0.15,4.0,auto
2593,665,705,arterial,1,1.0,1,1000.0,30,1.989384,0.15,4.0,auto
2594,705,665,arterial,1,1.0,1,1000.0,30,1.989384,0.15,4.0,auto
2595,666,667,arterial,1,1.0,1,1000.0,30,2.005301,0.15,4.0,auto
2596,667,666,arterial,1,1.0,1,1000.0,30,2.005301,0.15,4.0,auto
2597,666,706,arterial,1,1.0,1,1000.0,30,1.983596,0.15,4.0,auto
2598,706,666,arterial,1,1.0,1,1000.0,30,1.983596,0.15,4.0,auto
2599,667,668,arterial,1,1.0,1,1000.0,30,1.997108,0.15,4.0,auto
2600,668,667,arterial,1,1.0,1,1000.0,30,1.997108,0.15,4.0,auto
2601,667,707,arterial,1,1.0,1,1000.0,30,1.995698,0.15,4.0,auto
2602,707,667,arterial,1,1.0,1,1000.0,30,1.995698,0.15,4.0,auto
2603,668,669,arterial,1,1.0,1,1000.0,30,1.982404,0.15,4.0,auto
2604,669,668,arterial,1,1.0,1,1000.0,30,1.982404,0.15,4.0,auto
2605,668,708,arterial,1,1.0,1,1000.0,30,1.995334,0.15,4.0,auto
2606,708,668,arterial,1,1.0,1,1000.0,30,1.995334,0.15,4.0,auto
2607,669,670,arterial,1,1.0,1,1000.0,30,1.993127,0.15,4.0,auto
2608,670,669,arterial,1,1.0,1,1000.0,30,1.993127,0.15,4.0,auto
2609,669,709,arterial,1,1.0,1,1000.0,30,1.999885,0.15,4.0,auto
2610,709,669,arterial,1,1.0,1,1000.0,30,1.999885,0.15,4.0,auto
2611,670,671,arterial,1,1.0,1,1000.0,30,1.991193,0.15,4.0,auto
2612,671,670,arterial,1,1.0,1,1000.0,30,1.991193,0.15,4.0,auto
2613,670,710,arterial,1,1.0,1,1000.0,30,1.986344,0.15,4.0,auto
2614,710,670,arterial,1,1.0,1,1000.0,30,1.986344,0.15,4.0,auto
2615,671,672,arterial,1,1.0,1,1000.0,30,1.996098,0.15,4.0,auto
2616,672,671,arterial,1,1.0,1,1000.0,30,1.996098,0.15,4.0,auto
2617,671,711,arterial,1,1.0,1,1000.0,30,1.999009,0.15,4.0,auto
2618,711,671,arterial,1,1.0,1,1000.0,30,1.999009,0.15,4.0,auto
2619,672,673,arterial,1,1.0,1,1000.0,30,1.986669,0.15,4.0,auto
2620,673,672,arterial,1,1.0,1,1000.0,30,1.986669,0.15,4.0,auto
2621,672,712,arterial,1,1.0,1,1000.0,30,2.006608,0.15,4.0,auto
2622,712,672,arterial,1,1.0,1,1000.0,30,2.006608,0.15,4.0,auto
2623,673,674,arterial,1,1.0,1,1000.0,30,1.989592,0.15,4.0,auto
2624,674,673,arterial,1,1.0,1,1000.0,30,1.989592,0.15,4.0,auto
2625,673,713,arterial,1,1.0,1,1000.0,30,1.983722,0.15,4.0,auto
2626,713,673,arterial,1,1.0,1,1000.0,30,1.983722,0.15,4.0,auto
2627,674,675,arterial,1,1.0,1,1000.0,30,1.993673,0.15,4.0,auto
2628,675,674,arterial,1,1.0,1,1000.0,30,1.993673,0.15,4.0,auto
2629,674,714,arterial,1,1.0,1,1000.0,30,1.996892,0.15,4.0,auto
2630,714,674,arterial,1,1.0,1,1000.0,30,1.996892,0.15,4.0,auto
2631,675,676,arterial,1,1.0,1,1000.0,30,1.986032,0.15,4.0,auto
2632,676,675,arterial,1,1.0,1,1000.0,30,1.986032,0.15,4.0,auto
2633,675,715,arterial,1,1.0,1,1000.0,30,2.003306,0.15,4.0,auto
2634,715,675,arterial,1,1.0,1,1000.0,30,2.003306,0.15,4.0,auto
2635,676,677,arterial,1,1.0,1,1000.0,30,2.008055,0.15,4.0,auto
2636,677,676,arterial,1,1.0,1,1000.0,30,2.008055,0.15,4.0,auto
2637,676,716,arterial,1,1.0,1,1000.0,30,2.002128,0.15,4.0,auto
2638,716,676,arterial,1,1.0,1,1000.0,30,2.002128,0.15,4.0,auto
2639,677,678,arterial,1,1.0,1,1000.0,30,2.008007,0.15,4.0,auto
2640,678,677,arterial,1,1.0,1,1000.0,30,2.008007,0.15,4.0,auto
2641,677,717,arterial,1,1.0,1,1000.0,30,1.980922,0.15,4.0,auto
2642,717,677,arterial,1,1.0,1,1000.0,30,1.980922,0.15,4.0,auto
2643,678,679,arterial,1,1.0,1,1000.0,30,1.995655,0.15,4.0,auto
2644,679,678,arterial,1,1.0,1,1000.0,30,1.995655,0.15,4.0,auto
2645,678,718,arterial,1,1.0,1,1000.0,30,1.994572,0.15,4.0,auto
2646,718,678,arterial,1,1.0,1,1000.0,30,1.994572,0.15,4.0,auto
2647,679,680,arterial,1,1.0,1,1000.0,30,1.982518,0.15,4.0,auto
2648,680,679,arterial,1,1.0,1,1000.0,30,1.982518,0.15,4.0,auto
2649,679,719,arterial,1,1.0,1,1000.0,30,1.996174,0.15,4.0,auto
2650,719,679,arterial,1,1.0,1,1000.0,30,1.996174,0.15,4.0,auto
2651,680,720,arterial,1,1.0,1,1000.0,30,1.999822,0.15,4.0,auto
2652,720,680,arterial,1,1.0,1,1000.0,30,1.999822,0.15,4.0,auto
2653,681,682,arterial,1,1.0,1,1000.0,30,2.003435,0.15,4.0,auto
2654,682,681,arterial,1,1.0,1,1000.0,30,2.003435,0.15,4.0,auto
2655,681,721,arterial,1,1.0,1,1000.0,30,1.998758,0.15,4.0,auto
2656,721,681,arterial,1,1.0,1,1000.0,30,1.998758,0.15,4.0,auto
2657,682,683,arterial,1,1.0,1,1000.0,30,1.993021,0.15,4.0,auto
2658,683,682,arterial,1,1.0,1,1000.0,30,1.993021,0.15,4.0,auto
2659,682,722,arterial,1,1.0,1,1000.0,30,1.990135,0.15,4.0,auto
2660,722,682,arterial,1,1.0,1,1000.0,30,1.990135,0.15,4.0,auto
2661,683,684,arterial,1,1.0,1,1000.0,30,1.980941,0.15,4.0,auto
2662,684,683,arterial,1,1.0,1,1000.0,30,1.980941,0.15,4.0,auto
2663,683,723,arterial,1,1.0,1,1000.0,30,1.993883,0.15,4.0,auto
2664,723,683,arterial,1,1.0,1,1000.0,30,1.993883,0.15,4.0,auto
2665,684,685,arterial,1,1.0,1,1000.0,30,2.01567,0.15,4.0,auto
2666,685,684,arterial,1,1.0,1,1000.0,30,2.01567,0.15,4.0,auto
2667,684,724,arterial,1,1.0,1,1000.0,30,2.002629,0.15,4.0,auto
2668,724,684,arterial,1,1.0,1,1000.0,30,2.002629,0.15,4.0,auto
2669,685,686,arterial,1,1.0,1,1000.0,30,1.990476,0.15,4.0,auto
2670,686,685,arterial,1,1.0,1,1000.0,30,1.990476,0.15,4.0,auto
2671,685,725,arterial,1,1.0,1,1000.0,30,2.006722,0.15,4.0,auto
2672,725,685,arterial,1,1.0,1,1000.0,30,2.006722,0.15,4.0,auto
2673,686,687,arterial,1,1.0,1,1000.0,30,1.98744,0.15,4.0,auto
2674,687,686,arterial,1,1.0,1,1000.0,30,1.98744,0.15,4.0,auto
2675,686,726,arterial,1,1.0,1,1000.0,30,1.99877,0.15,4.0,auto
2676,726,686,arterial,1,1.0,1,1000.0,30,1.99877,0.15,4.0,auto
2677,687,688,arterial,1,1.0,1,1000.0,30,2.00461,0.15,4.0,auto
2678,688,687,arterial,1,1.0,1,1000.0,30,2.00461,0.15,4.0,auto
2679,687,727,arterial,1,1.0,1,1000.0,30,2.018186,0.15,4.0,auto
2680,727,687,arterial,1,1.0,1,1000.0,30,2.018186,0.15,4.0,auto
2681,688,689,arterial,1,1.0,1,1000.0,30,1.994505,0.15,4.0,auto
2682,689,688,arterial,1,1.0,1,1000.0,30,1.994505,0.15,4.0,auto
2683,688,728,arterial,1,1.0,1,1000.0,30,2.003047,0.15,4.0,auto
2684,728,688,arterial,1,1.0,1,1000.0,30,2.003047,0.15,4.0,auto
2685,689,690,arterial,1,1.0,1,1000.0,30,2.017695,0.15,4.0,auto
2686,690,689,arterial,1,1.0,1,1000.0,30,2.017695,0.15,4.0,auto
2687,689,729,arterial,1,1.0,1,1000.0,30,2.010859,0.15,4.0,auto
2688,729,689,arterial,1,1.0,1,1000.0,30,2.010859,0.15,4.0,auto
2689,690,691,arterial,1,1.0,1,1000.0,30,2.005094,0.15,4.0,auto
2690,691,690,arterial,1,1.0,1,1000.0,30,2.005094,0.15,4.0,auto
2691,690,730,arterial,1,1.0,1,1000.0,30,2.004833,0.15,4.0,auto
2692,730,690,arterial,1,1.0,1,1000.0,30,2.004833,0.15,4.0,auto
2693,691,692,arterial,1,1.0,1,1000.0,30,1.996438,0.15,4.0,auto
2694,692,691,arterial,1,1.0,1,1000.0,30,1.996438,0.15,4.0,auto
2695,691,731,arterial,1,1.0,1,1000.0,30,1.996623,0.15,4.0,auto
2696,731,691,arterial,1,1.0,1,1000.0,30,1.996623,0.15,4.0,auto
2697,692,693,arterial,1,1.0,1,1000.0,30,1.991047,0.15,4.0,auto
2698,693,692,arterial,1,1.0,1,1000.0,30,1.991047,0.15,4.0,auto
2699,692,732,arterial,1,1.0,1,1000.0,30,2.013184,0.15,4.0,auto
2700,732,692,arterial,1,1.0,1,1000.0,30,2.013184,0.15,4.0,auto
2701,693,694,arterial,1,1.0,1,1000.0,30,2.015189,0.15,4.0,auto
2702,694,693,arterial,1,1.0,1,1000.0,30,2.015189,0.15,4.0,auto
2703,693,733,arterial,1,1.0,1,1000.0,30,1.995275,0.15,4.0,auto
2704,733,693,arterial,1,1.0,1,1000.0,30,1.995275,0.15,4.0,auto
2705,694,695,arterial,1,1.0,1,1000.0,30,2.016385,0.15,4.0,auto
2706,695,694,arterial,1,1.0,1,1000.0,30,2.016385,0.15,4.0,auto
2707,694,734,arterial,1,1.0,1,1000.0,30,1.981525,0.15,4.0,auto
2708,734,694,arterial,1,1.0,1,1000.0,30,1.981525,0.15,4.0,auto
2709,695,696,arterial,1,1.0,1,1000.0,30,1.985434,0.15,4.0,auto
2710,696,695,arterial,1,1.0,1,1000.0,30,1.985434,0.15,4.0,auto
2711,695,735,arterial,1,1.0,1,1000.0,30,2.000283,0.15,4.0,auto
2712,735,695,arterial,1,1.0,1,1000.0,30,2.000283,0.15,4.0,auto
2713,696,697,arterial,1,1.0,1,1000.0,30,1.992344,0.15,4.0,auto
2714,697,696,arterial,1,1.0,1,1000.0,30,1.992344,0.15,4.0,auto
2715,696,736,arterial,1,1.0,1,1000.0,30,1.994416,0.15,4.0,auto
2716,736,696,arterial,1,1.0,1,1000.0,30,1.994416,0.15,4.0,auto
2717,697,698,arterial,1,1.0,1,1000.0,30,2.019079,0.15,4.0,auto
2718,698,697,arterial,1,1.0,1,1000.0,30,2.019079,0.15,4.0,auto
2719,697,737,arterial,1,1.0,1,1000.0,30,1.985994,0.15,4.0,auto
2720,737,697,arterial,1,1.0,1,1000.0,30,1.985994,0.15,4.0,auto
2721,698,699,arterial,1,1.0,1,1000.0,30,1.987698,0.15,4.0,auto
2722,699,698,arterial,1,1.0,1,1000.0,30,1.987698,0.15,4.0,auto
2723,698,738,arterial,1,1.0,1,1000.0,30,1.98914,0.15,4.0,auto
2724,738,698,arterial,1,1.0,1,1000.0,30,1.98914,0.15,4.0,auto
2725,699,700,arterial,1,1.0,1,1000.0,30,2.007207,0.15,4.0,auto
2726,700,699,arterial,1,1.0,1,1000.0,30,2.007207,0.15,4.0,auto
2727,699,739,arterial,1,1.0,1,1000.0,30,1.989382,0.15,4.0,auto
2728,739,699,arterial,1,1.0,1,1000.0,30,1.989382,0.15,4.0,auto
2729,700,740,arterial,1,1.0,1,1000.0,30,2.001752,0.15,4.0,auto
2730,740,700,arterial,1,1.0,1,1000.0,30,2.001752,0.15,4.0,auto
2731,701,702,arterial,1,1.0,1,1000.0,30,1.995756,0.15,4.0,auto
2732,702,701,arterial,1,1.0,1,1000.0,30,1.995756,0.15,4.0,auto
2733,701,741,arterial,1,1.0,1,1000.0,30,1.989573,0.15,4.0,auto
2734,741,701,arterial,1,1.0,1,1000.0,30,1.989573,0.15,4.0,auto
2735,702,703,arterial,1,1.0,1,1000.0,30,1.999744,0.15,4.0,auto
2736,703,702,arterial,1,1.0,1,1000.0,30,1.999744,0.15,4.0,auto
2737,702,742,arterial,1,1.0,1,1000.0,30,2.006007,0.15,4.0,auto
2738,742,702,arterial,1,1.0,1,1000.0,30,2.006007,0.15,4.0,auto
2739,703,704,arterial,1,1.0,1,1000.0,30,2.001925,0.15,4.0,auto
2740,704,703,arterial,1,1.0,1,1000.0,30,2.001925,0.15,4.0,auto
2741,703,743,arterial,1,1.0,1,1000.0,30,2.004975,0.15,4.0,auto
2742,743,703,arterial,1,1.0,1,1000.0,30,2.004975,0.15,4.0,auto
2743,704,705,arterial,1,1.0,1,1000.0,30,2.002431,0.15,4.0,auto
2744,705,704,arterial,1,1.0,1,1000.0,30,2.002431,0.15,4.0,auto
2745,704,744,arterial,1,1.0,1,1000.0,30,2.013244,0.15,4.0,auto
2746,744,704,arterial,1,1.0,1,1000.0,30,2.013244,0.15,4.0,auto
2747,705,706,arterial,1,1.0,1,1000.0,30,2.018753,0.15,4.0,auto
2748,706,705,arterial,1,1.0,1,1000.0,30,2.018753,0.15,4.0,auto
2749,705,745,arterial,1,1.0,1,1000.0,30,1.993341,0.15,4.0,auto
2750,745,705,arterial,1,1.0,1,1000.0,30,1.993341,0.15,4.0,auto
2751,706,707,arterial,1,1.0,1,1000.0,30,1.993867,0.15,4.0,auto
2752,707,706,arterial,1,1.0,1,1000.0,30,1.993867,0.15,4.0,auto
2753,706,746,arterial,1,1.0,1,1000.0,30,2.015453,0.15,4.0,auto
2754,746,706,arterial,1,1.0,1,1000.0,30,2.015453,0.15,4.0,auto
2755,707,708,arterial,1,1.0,1,1000.0,30,1.992534,0.15,4.0,auto
2756,708,707,arterial,1,1.0,1,1000.0,30,1.992534,0.15,4.0,auto
2757,707,747,arterial,1,1.0,1,1000.0,30,2.008638,0.15,4.0,auto
2758,747,707,arterial,1,1.0,1,1000.0,30,2.008638,0.15,4.0,auto
2759,708,709,arterial,1,1.0,1,1000.0,30,2.007815,0.15,4.0,auto
2760,709,708,arterial,1,1.0,1,1000.0,30,2.007815,0.15,4.0,auto
2761,708,748,arterial,1,1.0,1,1000.0,30,2.007462,0.15,4.0,auto
2762,748,708,arterial,1,1.0,1,1000.0,30,2.007462,0.15,4.0,auto
2763,709,710,arterial,1,1.0,1,1000.0,30,2.018556,0.15,4.0,auto
2764,710,709,arterial,1,1.0,1,1000.0,30,2.018556,0.15,4.0,auto
2765,709,749,arterial,1,1.0,1,1000.0,30,2.012976,0.15,4.0,auto
2766,749,709,arterial,1,1.0,1,1000.0,30,2.012976,0.15,4.0,auto
2767,710,711,arterial,1,1.0,1,1000.0,30,1.986379,0.15,4.0,auto
2768,711,710,arterial,1,1.0,1,1000.0,30,1.986379,0.15,4.0,auto
2769,710,750,arterial,1,1.0,1,1000.0,30,2.004865,0.15,4.0,auto
2770,750,710,arterial,1,1.0,1,1000.0,30,2.004865,0.15,4.0,auto
2771,711,712,arterial,1,1.0,1,1000.0,30,1.999626,0.15,4.0,auto
2772,712,711,arterial,1,1.0,1,1000.0,30,1.999626,0.15,4.0,auto
2773,711,751,arterial,1,1.0,1,1000.0,30,2.002553,0.15,4.0,auto
2774,751,711,arterial,1,1.0,1,1000.0,30,2.002553,0.15,4.0,auto
2775,712,713,arterial,1,1.0,1,1000.0,30,1.994781,0.15,4.0,auto
2776,713,712,arterial,1,1.0,1,1000.0,30,1.994781,0.15,4.0,auto
2777,712,752,arterial,1,1.0,1,1000.0,30,1.991428,0.15,4.0,auto
2778,752,712,arterial,1,1.0,1,1000.0,30,1.991428,0.15,4.0,auto
2779,713,714,arterial,1,1.0,1,1000.0,30,2.009959,0.15,4.0,auto
2780,714,713,arterial,1,1.0,1,1000.0,30,2.009959,0.15,4.0,auto
2781,713,753,arterial,1,1.0,1,1000.0,30,2.001359,0.15,4.0,auto
2782,753,713,arterial,1,1.0,1,1000.0,30,2.001359,0.15,4.0,auto
2783,714,715,arterial,1,1.0,1,1000.0,30,1.989481,0.15,4.0,auto
2784,715,714,arterial,1,1.0,1,1000.0,30,1.989481,0.15,4.0,auto
2785,714,754,arterial,1,1.0,1,1000.0,30,1.989972,0.15,4.0,auto
2786,754,714,arterial,1,1.0,1,1000.0,30,1.989972,0.15,4.0,auto
2787,715,716,arterial,1,1.0,1,1000.0,30,1.992999,0.15,4.0,auto
2788,716,715,arterial,1,1.0,1,1000.0,30,1.992999,0.15,4.0,auto
2789,715,755,arterial,1,1.0,1,1000.0,30,1.987111,0.15,4.0,auto
2790,755,715,arterial,1,1.0,1,1000.0,30,1.987111,0.15,4.0,auto
2791,716,717,arterial,1,1.0,1,1000.0,30,2.00055,0.15,4.0,auto
2792,717,716,arterial,1,1.0,1,1000.0,30,2.00055,0.15,4.0,auto
2793,716,756,arterial,1,1.0,1,1000.0,30,1.98504,0.15,4.0,auto
2794,756,716,arterial,1,1.0,1,1000.0,30,1.98504,0.15,4.0,auto
2795,717,718,arterial,1,1.0,1,1000.0,30,1.982529,0.15,4.0,auto
2796,718,717,arterial,1,1.0,1,1000.0,30,1.982529,0.15,4.0,auto
2797,717,757,arterial,1,1.0,1,1000.0,30,1.982747,0.15,4.0,auto
2798,757,717,arterial,1,1.0,1,1000.0,30,1.982747,0.15,4.0,auto
2799,718,719,arterial,1,1.0,1,1000.0,30,1.984089,0.15,4.0,auto
2800,719,718,arterial,1,1.0,1,1000.0,30,1.984089,0.15,4.0,auto
2801,718,758,arterial,1,1.0,1,1000.0,30,2.008191,0.15,4.0,auto
2802,758,718,arterial,1,1.0,1,1000.0,30,2.008191,0.15,4.0,auto
2803,719,720,arterial,1,1.0,1,1000.0,30,1.984511,0.15,4.0,auto
2804,720,719,arterial,1,1.0,1,1000.0,30,1.984511,0.15,4.0,auto
2805,719,759,arterial,1,1.0,1,1000.0,30,1.998063,0.15,4.0,auto
2806,759,719,arterial,1,1.0,1,1000.0,30,1.998063,0.15,4.0,auto
2807,720,760,arterial,1,1.0,1,1000.0,30,1.999228,0.15,4.0,auto
2808,760,720,arterial,1,1.0,1,1000.0,30,1.999228,0.15,4.0,auto
2809,721,722,arterial,1,1.0,1,1000.0,30,1.986503,0.15,4.0,auto
2810,722,721,arterial,1,1.0,1,1000.0,30,1.986503,0.15,4.0,auto
2811,721,761,arterial,1,1.0,1,1000.0,30,2.014652,0.15,4.0,auto
2812,761,721,arterial,1,1.0,1,1000.0,30,2.014652,0.15,4.0,auto
2813,722,723,arterial,1,1.0,1,1000.0,30,2.014793,0.15,4.0,auto
2814,723,722,arterial,1,1.0,1,1000.0,30,2.014793,0.15,4.0,auto
2815,722,762,arterial,1,1.0,1,1000.0,30,1.982138,0.15,4.0,auto
2816,762,722,arterial,1,1.0,1,1000.0,30,1.982138,0.15,4.0,auto
2817,723,724,arterial,1,1.0,1,1000.0,30,1.990156,0.15,4.0,auto
2818,724,723,arterial,1,1.0,1,1000.0,30,1.990156,0.15,4.0,auto
2819,723,763,arterial,1,1.0,1,1000.0,30,2.000298,0.15,4.0,auto
2820,763,723,arterial,1,1.0,1,1000.0,30,2.000298,0.15,4.0,auto
2821,724,725,arterial,1,1.0,1,1000.0,30,2.011858,0.15,4.0,auto
2822,725,724,arterial,1,1.0,1,1000.0,30,2.011858,0.15,4.0,auto
2823,724,764,arterial,1,1.0,1,1000.0,30,1.995691,0.15,4.0,auto
2824,764,724,arterial,1,1.0,1,1000.0,30,1.995691,0.15,4.0,auto
2825,725,726,arterial,1,1.0,1,1000.0,30,2.008638,0.15,4.0,auto
2826,726,725,arterial,1,1.0,1,1000.0,30,2.008638,0.15,4.0,auto
2827,725,765,arterial,1,1.0,1,1000.0,30,1.990073,0.15,4.0,auto
2828,765,725,arterial,1,1.0,1,1000.0,30,1.990073,0.15,4.0,auto
2829,726,727,arterial,1,1.0,1,1000.0,30,2.008629,0.15,4.0,auto
2830,727,726,arterial,1,1.0,1,1000.0,30,2.008629,0.15,4.0,auto
2831,726,766,arterial,1,1.0,1,1000.0,30,1.993074,0.15,4.0,auto
2832,766,726,arterial,1,1.0,1,1000.0,30,1.993074,0.15,4.0,auto
2833,727,728,arterial,1,1.0,1,1000.0,30,1.993354,0.15,4.0,auto
2834,728,727,arterial,1,1.0,1,1000.0,30,1.993354,0.15,4.0,auto
2835,727,767,arterial,1,1.0,1,1000.0,30,2.01037,0.15,4.0,auto
2836,767,727,arterial,1,1.0,1,1000.0,30,2.01037,0.15,4.0,auto
2837,728,729,arterial,1,1.0,1,1000.0,30,2.013708,0.15,4.0,auto
2838,729,728,arterial,1,1.0,1,1000.0,30,2.013708,0.15,4.0,auto
2839,728,768,arterial,1,1.0,1,1000.0,30,2.013142,0.15,4.0,auto
2840,768,728,arterial,1,1.0,1,1000.0,30,2.013142,0.15,4.0,auto
2841,729,730,arterial,1,1.0,1,1000.0,30,2.002699,0.15,4.0,auto
2842,730,729,arterial,1,1.0,1,1000.0,30,2.002699,0.15,4.0,auto
2843,729,769,arterial,1,1.0,1,1000.0,30,1.996824,0.15,4.0,auto
2844,769,729,arterial,1,1.0,1,1000.0,30,1.996824,0.15,4.0,auto
2845,730,731,arterial,1,1.0,1,1000.0,30,2.008277,0.15,4.0,auto
2846,731,730,arterial,1,1.0,1,1000.0,30,2.008277,0.15,4.0,auto
2847,730,770,arterial,1,1.0,1,1000.0,30,2.00492,0.15,4.0,auto
2848,770,730,arterial,1,1.0,1,1000.0,30,2.00492,0.15,4.0,auto
2849,731,732,arterial,1,1.0,1,1000.0,30,2.01324,0.15,4.0,auto
2850,732,731,arterial,1,1.0,1,1000.0,30,2.01324,0.15,4.0,auto
2851,731,771,arterial,1,1.0,1,1000.0,30,2.01205,0.15,4.0,auto
2852,771,731,arterial,1,1.0,1,1000.0,30,2.01205,0.15,4.0,auto
2853,732,733,arterial,1,1.0,1,1000.0,30,1.985009,0.15,4.0,auto
2854,733,732,arterial,1,1.0,1,1000.0,30,1.985009,0.15,4.0,auto
2855,732,772,arterial,1,1.0,1,1000.0,30,1.995078,0.15,4.0,auto
2856,772,732,arterial,1,1.0,1,1000.0,30,1.995078,0.15,4.0,auto
2857,733,734,arterial,1,1.0,1,1000.0,30,2.006774,0.15,4.0,auto
2858,734,733,arterial,1,1.0,1,1000.0,30,2.006774,0.15,4.0,auto
2859,733,773,arterial,1,1.0,1,1000.0,30,1.989242,0.15,4.0,auto
2860,773,733,arterial,1,1.0,1,1000.0,30,1.989242,0.15,4.0,auto
2861,734,735,arterial,1,1.0,1,1000.0,30,1.987386,0.15,4.0,auto
2862,735,734,arterial,1,1.0,1,1000.0,30,1.987386,0.15,4.0,auto
2863,734,774,arterial,1,1.0,1,1000.0,30,1.980549,0.15,4.0,auto
2864,774,734,arterial,1,1.0,1,1000.0,30,1.980549,0.15,4.0,auto
2865,735,736,arterial,1,1.0,1,1000.0,30,2.003421,0.15,4.0,auto
2866,736,735,arterial,1,1.0,1,1000.0,30,2.003421,0.15,4.0,auto
2867,735,775,arterial,1,1.0,1,1000.0,30,2.01764,0.15,4.0,auto
2868,775,735,arterial,1,1.0,1,1000.0,30,2.01764,0.15,4.0,auto
2869,736,737,arterial,1,1.0,1,1000.0,30,2.018817,0.15,4.0,auto
2870,737,736,arterial,1,1.0,1,1000.0,30,2.018817,0.15,4.0,auto
2871,736,776,arterial,1,1.0,1,1000.0,30,1.98535,0.15,4.0,auto
2872,776,736,arterial,1,1.0,1,1000.0,30,1.98535,0.15,4.0,auto
2873,737,738,arterial,1,1.0,1,1000.0,30,2.007504,0.15,4.0,auto
2874,738,737,arterial,1,1.0,1,1000.0,30,2.007504,0.15,4.0,auto
2875,737,777,arterial,1,1.0,1,1000.0,30,1.996772,0.15,4.0,auto
2876,777,737,arterial,1,1.0,1,1000.0,30,1.996772,0.15,4.0,auto
2877,738,739,arterial,1,1.0,1,1000.0,30,2.005259,0.15,4.0,auto
2878,739,738,arterial,1,1.0,1,1000.0,30,2.005259,0.15,4.0,auto
2879,738,778,arterial,1,1.0,1,1000.0,30,1.995869,0.15,4.0,auto
2880,778,738,arterial,1,1.0,1,1000.0,30,1.995869,0.15,4.0,auto
2881,739,740,arterial,1,1.0,1,1000.0,30,2.017335,0.15,4.0,auto
2882,740,739,arterial,1,1.0,1,1000.0,30,2.017335,0.15,4.0,auto
2883,739,779,arterial,1,1.0,1,1000.0,30,2.019552,0.15,4.0,auto
2884,779,739,arterial,1,1.0,1,1000.0,30,2.019552,0.15,4.0,auto
2885,740,780,arterial,1,1.0,1,1000.0,30,2.008531,0.15,4.0,auto
2886,780,740,arterial,1,1.0,1,1000.0,30,2.008531,0.15,4.0,auto
2887,741,742,arterial,1,1.0,1,1000.0,30,1.984736,0.15,4.0,auto
2888,742,741,arterial,1,1.0,1,1000.0,30,1.984736,0.15,4.0,auto
2889,741,781,arterial,1,1.0,1,1000.0,30,1.981696,0.15,4.0,auto
2890,781,741,arterial,1,1.0,1,1000.0,30,1.981696,0.15,4.0,auto
2891,742,743,arterial,1,1.0,1,1000.0,30,1.991442,0.15,4.0,auto
2892,743,742,arterial,1,1.0,1,1000.0,30,1.991442,0.15,4.0,auto
2893,742,782,arterial,1,1.0,1,1000.0,30,2.009249,0.15,4.0,auto
2894,782,742,arterial,1,1.0,1,1000.0,30,2.009249,0.15,4.0,auto
2895,743,744,arterial,1,1.0,1,1000.0,30,2.019745,0.15,4.0,auto
2896,744,743,arterial,1,1.0,1,1000.0,30,2.019745,0.15,4.0,auto
2897,743,783,arterial,1,1.0,1,1000.0,30,1.984806,0.15,4.0,auto
2898,783,743,arterial,1,1.0,1,1000.0,30,1.984806,0.15,4.0,auto
2899,744,745,arterial,1,1.0,1,1000.0,30,1.993202,0.15,4.0,auto
2900,745,744,arterial,1,1.0,1,1000.0,30,1.993202,0.15,4.0,auto
2901,744,784,arterial,1,1.0,1,1000.0,30,1.981061,0.15,4.0,auto
2902,784,744,arterial,1,1.0,1,1000.0,30,1.981061,0.15,4.0,auto
2903,745,746,arterial,1,1.0,1,1000.0,30,2.001703,0.15,4.0,auto
2904,746,745,arterial,1,1.0,1,1000.0,30,2.001703,0.15,4.0,auto
2905,745,785,arterial,1,1.0,1,1000.0,30,1.999322,0.15,4.0,auto
2906,785,745,arterial,1,1.0,1,1000.0,30,1.999322,0.15,4.0,auto
2907,746,747,arterial,1,1.0,1,1000.0,30,1.994937,0.15,4.0,auto
2908,747,746,arterial,1,1.0,1,1000.0,30,1.994937,0.15,4.0,auto
2909,746,786,arterial,1,1.0,1,1000.0,30,1.992368,0.15,4.0,auto
2910,786,746,arterial,1,1.0,1,1000.0,30,1.992368,0.15,4.0,auto
2911,747,748,arterial,1,1.0,1,1000.0,30,2.012019,0.15,4.0,auto
2912,748,747,arterial,1,1.0,1,1000.0,30,2.012019,0.15,4.0,auto
2913,747,787,arterial,1,1.0,1,1000.0,30,2.013548,0.15,4.0,auto
2914,787,747,arterial,1,1.0,1,1000.0,30,2.013548,0.15,4.0,auto
2915,748,749,arterial,1,1.0,1,1000.0,30,1.991349,0.15,4.0,auto
2916,749,748,arterial,1,1.0,1,1000.0,30,1.991349,0.15,4.0,auto
2917,748,788,arterial,1,1.0,1,1000.0,30,1.995667,0.15,4.0,auto
2918,788,748,arterial,1,1.0,1,1000.0,30,1.995667,0.15,4.0,auto
2919,749,750,arterial,1,1.0,1,1000.0,30,2.004711,0.15,4.0,auto
2920,750,749,arterial,1,1.0,1,1000.0,30,2.004711,0.15,4.0,auto
2921,749,789,arterial,1,1.0,1,1000.0,30,2.010615,0.15,4.0,auto
2922,789,749,arterial,1,1.0,1,1000.0,30,2.010615,0.15,4.0,auto
2923,750,751,arterial,1,1.0,1,1000.0,30,2.019239,0.15,4.0,auto
2924,751,750,arterial,1,1.0,1,1000.0,30,2.019239,0.15,4.0,auto
2925,750,790,arterial,1,1.0,1,1000.0,30,1.995574,0.15,4.0,auto
2926,790,750,arterial,1,1.0,1,1000.0,30,1.995574,0.15,4.0,auto
2927,751,752,arterial,1,1.0,1,1000.0,30,2.007762,0.15,4.0,auto
2928,752,751,arterial,1,1.0,1,1000.0,30,2.007762,0.15,4.0,auto
2929,751,791,arterial,1,1.0,1,1000.0,30,2.001838,0.15,4.0,auto
2930,791,751,arterial,1,1.0,1,1000.0,30,2.001838,0.15,4.0,auto
2931,752,753,arterial,1,1.0,1,1000.0,30,2.012007,0.15,4.0,auto
2932,753,752,arterial,1,1.0,1,1000.0,30,2.012007,0.15,4.0,auto
2933,752,792,arterial,1,1.0,1,1000.0,30,1.985876,0.15,4.0,auto
2934,792,752,arterial,1,1.0,1,1000.0,30,1.985876,0.15,4.0,auto
2935,753,754,arterial,1,1.0,1,1000.0,30,1.987003,0.15,4.0,auto
2936,754,753,arterial,1,1.0,1,1000.0,30,1.987003,0.15,4.0,auto
2937,753,793,arterial,1,1.0,1,1000.0,30,1.984285,0.15,4.0,auto
2938,793,753,arterial,1,1.0,1,1000.0,30,1.984285,0.15,4.0,auto
2939,754,755,arterial,1,1.0,1,1000.0,30,2.017342,0.15,4.0,auto
2940,755,754,arterial,1,1.0,1,1000.0,30,2.017342,0.15,4.0,auto
2941,754,794,arterial,1,1.0,1,1000.0,30,1.990055,0.15,4.0,auto
2942,794,754,arterial,1,1.0,1,1000.0,30,1.990055,0.15,4.0,auto
2943,755,756,arterial,1,1.0,1,1000.0,30,1.999531,0.15,4.0,auto
2944,756,755,arterial,1,1.0,1,1000.0,30,1.999531,0.15,4.0,auto
2945,755,795,arterial,1,1.0,1,1000.0,30,1.984815,0.15,4.0,auto
2946,795,755,arterial,1,1.0,1,1000.0,30,1.984815,0.15,4.0,auto
2947,756,757,arterial,1,1.0,1,1000.0,30,1.992946,0.15,4.0,auto
2948,757,756,arterial,1,1.0,1,1000.0,30,1.992946,0.15,4.0,auto
2949,756,796,arterial,1,1.0,1,1000.0,30,1.98077,0.15,4.0,auto
2950,796,756,arterial,1,1.0,1,1000.0,30,1.98077,0.15,4.0,auto
2951,757,758,arterial,1,1.0,1,1000.0,30,2.002637,0.15,4.0,auto
2952,758,757,arterial,1,1.0,1,1000.0,30,2.002637,0.15,4.0,auto
2953,757,797,arterial,1,1.0,1,1000.0,30,1.985746,0.15,4.0,auto
2954,797,757,arterial,1,1.0,1,1000.0,30,1.985746,0.15,4.0,auto
2955,758,759,arterial,1,1.0,1,1000.0,30,2.005012,0.15,4.0,auto
2956,759,758,arterial,1,1.0,1,1000.0,30,2.005012,0.15,4.0,auto
2957,758,798,arterial,1,1.0,1,1000.0,30,1.990961,0.15,4.0,auto
2958,798,758,arterial,1,1.0,1,1000.0,30,1.990961,0.15,4.0,auto
2959,759,760,arterial,1,1.0,1,1000.0,30,1.989103,0.15,4.0,auto
2960,760,759,arterial,1,1.0,1,1000.0,30,1.989103,0.15,4.0,auto
2961,759,799,arterial,1,1.0,1,1000.0,30,1.999288,0.15,4.0,auto
2962,799,759,arterial,1,1.0,1,1000.0,30,1.999288,0.15,4.0,auto
2963,760,800,arterial,1,1.0,1,1000.0,30,1.990383,0.15,4.0,auto
2964,800,760,arterial,1,1.0,1,1000.0,30,1.990383,0.15,4.0,auto
2965,761,762,arterial,1,1.0,1,1000.0,30,1.982049,0.15,4.0,auto
2966,762,761,arterial,1,1.0,1,1000.0,30,1.982049,0.15,4.0,auto
2967,761,801,arterial,1,1.0,1,1000.0,30,1.982575,0.15,4.0,auto
2968,801,761,arterial,1,1.0,1,1000.0,30,1.982575,0.15,4.0,auto
2969,762,763,arterial,1,1.0,1,1000.0,30,2.015706,0.15,4.0,auto
2970,763,762,arterial,1,1.0,1,1000.0,30,2.015706,0.15,4.0,auto
2971,762,802,arterial,1,1.0,1,1000.0,30,1.992374,0.15,4.0,auto
2972,802,762,arterial,1,1.0,1,1000.0,30,1.992374,0.15,4.0,auto
2973,763,764,arterial,1,1.0,1,1000.0,30,1.983137,0.15,4.0,auto
2974,764,763,arterial,1,1.0,1,1000.0,30,1.983137,0.15,4.0,auto
2975,763,803,arterial,1,1.0,1,1000.0,30,1.9873,0.15,4.0,auto
2976,803,763,arterial,1,1.0,1,1000.0,30,1.9873,0.15,4.0,auto
2977,764,765,arterial,1,1.0,1,1000.0,30,1.999337,0.15,4.0,auto
2978,765,764,arterial,1,1.0,1,1000.0,30,1.999337,0.15,4.0,auto
2979,764,804,arterial,1,1.0,1,1000.0,30,2.019886,0.15,4.0,auto
2980,804,764,arterial,1,1.0,1,1000.0,30,2.019886,0.15,4.0,auto
2981,765,766,arterial,1,1.0,1,1000.0,30,1.988088,0.15,4.0,auto
2982,766,765,arterial,1,1.0,1,1000.0,30,1.988088,0.15,4.0,auto
2983,765,805,arterial,1,1.0,1,1000.0,30,2.01469,0.15,4.0,auto
2984,805,765,arterial,1,1.0,1,1000.0,30,2.01469,0.15,4.0,auto
2985,766,767,arterial,1,1.0,1,1000.0,30,1.99937,0.15,4.0,auto
2986,767,766,arterial,1,1.0,1,1000.0,30,1.99937,0.15,4.0,auto
2987,766,806,arterial,1,1.0,1,1000.0,30,1.996583,0.15,4.0,auto
2988,806,766,arterial,1,1.0,1,1000.0,30,1.996583,0.15,4.0,auto
2989,767,768,arterial,1,1.0,1,1000.0,30,2.01228,0.15,4.0,auto
2990,768,767,arterial,1,1.0,1,1000.0,30,2.01228,0.15,4.0,auto
2991,767,807,arterial,1,1.0,1,1000.0,30,1.995838,0.15,4.0,auto
2992,807,767,arterial,1,1.0,1,1000.0,30,1.995838,0.15,4.0,auto
2993,768,769,arterial,1,1.0,1,1000.0,30,1.982306,0.15,4.0,auto
2994,769,768,arterial,1,1.0,1,1000.0,30,1.982306,0.15,4.0,auto
2995,768,808,arterial,1,1.0,1,1000.0,30,2.002022,0.15,4.0,auto
2996,808,768,arterial,1,1.0,1,1000.0,30,2.002022,0.15,4.0,auto
2997,769,770,arterial,1,1.0,1,1000.0,30,2.006275,0.15,4.0,auto
2998,770,769,arterial,1,1.0,1,1000.0,30,2.006275,0.15,4.0,auto
2999,769,809,arterial,1,1.0,1,1000.0,30,2.004921,0.15,4.0,auto
3000,809,769,arterial,1,1.0,1,1000.0,30,2.004921,0.15,4.0,auto
3001,770,771,arterial,1,1.0,1,1000.0,30,1.991084,0.15,4.0,auto
3002,771,770,arterial,1,1.0,1,1000.0,30,1.991084,0.15,4.0,auto
3003,770,810,arterial,1,1.0,1,1000.0,30,2.017555,0.15,4.0,auto
3004,810,770,arterial,1,1.0,1,1000.0,30,2.017555,0.15,4.0,auto
3005,771,772,arterial,1,1.0,1,1000.0,30,2.014584,0.15,4.0,auto
3006,772,771,arterial,1,1.0,1,1000.0,30,2.014584,0.15,4.0,auto
3007,771,811,arterial,1,1.0,1,1000.0,30,2.019772,0.15,4.0,auto
3008,811,771,arterial,1,1.0,1,1000.0,30,2.019772,0.15,4.0,auto
3009,772,773,arterial,1,1.0,1,1000.0,30,1.997728,0.15,4.0,auto
3010,773,772,arterial,1,1.0,1,1000.0,30,1.997728,0.15,4.0,auto
3011,772,812,arterial,1,1.0,1,1000.0,30,2.013349,0.15,4.0,auto
3012,812,772,arterial,1,1.0,1,1000.0,30,2.013349,0.15,4.0,auto
3013,773,774,arterial,1,1.0,1,1000.0,30,2.008999,0.15,4.0,auto
3014,774,773,arterial,1,1.0,1,1000.0,30,2.008999,0.15,4.0,auto
3015,773,813,arterial,1,1.0,1,1000.0,30,1.987034,0.15,4.0,auto
3016,813,773,arterial,1,1.0,1,1000.0,30,1.987034,0.15,4.0,auto
3017,774,775,arterial,1,1.0,1,1000.0,30,1.981071,0.15,4.0,auto
3018,775,774,arterial,1,1.0,1,1000.0,30,1.981071,0.15,4.0,auto
3019,774,814,arterial,1,1.0,1,1000.0,30,1.986754,0.15,4.0,auto
3020,814,774,arterial,1,1.0,1,1000.0,30,1.986754,0.15,4.0,auto
3021,775,776,arterial,1,1.0,1,1000.0,30,1.984751,0.15,4.0,auto
3022,776,775,arterial,1,1.0,1,1000.0,30,1.984751,0.15,4.0,auto
3023,775,815,arterial,1,1.0,1,1000.0,30,1.982986,0.15,4.0,auto
3024,815,775,arterial,1,1.0,1,1000.0,30,1.982986,0.15,4.0,auto
3025,776,777,arterial,1,1.0,1,1000.0,30,1.994357,0.15,4.0,auto
3026,777,776,arterial,1,1.0,1,1000.0,30,1.994357,0.15,4.0,auto
3027,776,816,arterial,1,1.0,1,1000.0,30,2.010143,0.15,4.0,auto
3028,816,776,arterial,1,1.0,1,1000.0,30,2.010143,0.15,4.0,auto
3029,777,778,arterial,1,1.0,1,1000.0,30,1.9924,0.15,4.0,auto
3030,778,777,arterial,1,1.0,1,1000.0,30,1.9924,0.15,4.0,auto
3031,777,817,arterial,1,1.0,1,1000.0,30,2.00057,0.15,4.0,auto
3032,817,777,arterial,1,1.0,1,1000.0,30,2.00057,0.15,4.0,auto
3033,778,779,arterial,1,1.0,1,1000.0,30,1.980419,0.15,4.0,auto
3034,779,778,arterial,1,1.0,1,1000.0,30,1.980419,0.15,4.0,auto
3035,778,818,arterial,1,1.0,1,1000.0,30,1.988406,0.15,4.0,auto
3036,818,778,arterial,1,1.0,1,1000.0,30,1.988406,0.15,4.0,auto
3037,779,780,arterial,1,1.0,1,1000.0,30,2.018371,0.15,4.0,auto
3038,780,779,arterial,1,1.0,1,1000.0,30,2.018371,0.15,4.0,auto
3039,779,819,arterial,1,1.0,1,1000.0,30,1.980441,0.15,4.0,auto
3040,819,779,arterial,1,1.0,1,1000.0,30,1.980441,0.15,4.0,auto
3041,780,820,arterial,1,1.0,1,1000.0,30,2.012405,0.15,4.0,auto
3042,820,780,arterial,1,1.0,1,1000.0,30,2.012405,0.15,4.0,auto
3043,781,782,arterial,1,1.0,1,1000.0,30,2.011692,0.15,4.0,auto
3044,782,781,arterial,1,1.0,1,1000.0,30,2.011692,0.15,4.0,auto
3045,781,821,arterial,1,1.0,1,1000.0,30,2.009416,0.15,4.0,auto
3046,821,781,arterial,1,1.0,1,1000.0,30,2.009416,0.15,4.0,auto
3047,782,783,arterial,1,1.0,1,1000.0,30,1.995971,0.15,4.0,auto
3048,783,782,arterial,1,1.0,1,1000.0,30,1.995971,0.15,4.0,auto
3049,782,822,arterial,1,1.0,1,1000.0,30,2.012123,0.15,4.0,auto
3050,822,782,arterial,1,1.0,1,1000.0,30,2.012123,0.15,4.0,auto
3051,783,784,arterial,1,1.0,1,1000.0,30,2.013106,0.15,4.0,auto
3052,784,783,arterial,1,1.0,1,1000.0,30,2.013106,0.15,4.0,auto
3053,783,823,arterial,1,1.0,1,1000.0,30,2.010708,0.15,4.0,auto
3054,823,783,arterial,1,1.0,1,1000.0,30,2.010708,0.15,4.0,auto
3055,784,785,arterial,1,1.0,1,1000.0,30,2.019438,0.15,4.0,auto
3056,785,784,arterial,1,1.0,1,1000.0,30,2.019438,0.15,4.0,auto
3057,784,824,arterial,1,1.0,1,1000.0,30,1.984034,0.15,4.0,auto
3058,824,784,arterial,1,1.0,1,1000.0,30,1.984034,0.15,4.0,auto
3059,785,786,arterial,1,1.0,1,1000.0,30,2.018015,0.15,4.0,auto
3060,786,785,arterial,1,1.0,1,1000.0,30,2.018015,0.15,4.0,auto
3061,785,825,arterial,1,1.0,1,1000.0,30,1.996091,0.15,4.0,auto
3062,825,785,arterial,1,1.0,1,1000.0,30,1.996091,0.15,4.0,auto
3063,786,787,arterial,1,1.0,1,1000.0,30,2.00821,0.15,4.0,auto
3064,787,786,arterial,1,1.0,1,1000.0,30,2.00821,0.15,4.0,auto
3065,786,826,arterial,1,1.0,1,1000.0,30,1.99002,0.15,4.0,auto
3066,826,786,arterial,1,1.0,1,1000.0,30,1.99002,0.15,4.0,auto
3067,787,788,arterial,1,1.0,1,1000.0,30,2.016386,0.15,4.0,auto
3068,788,787,arterial,1,1.0,1,1000.0,30,2.016386,0.15,4.0,auto
3069,787,827,arterial,1,1.0,1,1000.0,30,1.98094,0.15,4.0,auto
3070,827,787,arterial,1,1.0,1,1000.0,30,1.98094,0.15,4.0,auto
3071,788,789,arterial,1,1.0,1,1000.0,30,2.003072,0.15,4.0,auto
3072,789,788,arterial,1,1.0,1,1000.0,30,2.003072,0.15,4.0,auto
3073,788,828,arterial,1,1.0,1,1000.0,30,1.989089,0.15,4.0,auto
3074,828,788,arterial,1,1.0,1,1000.0,30,1.989089,0.15,4.0,auto
3075,789,790,arterial,1,1.0,1,1000.0,30,1.995536,0.15,4.0,auto
3076,790,789,arterial,1,1.0,1,1000.0,30,1.995536,0.15,4.0,auto
3077,789,829,arterial,1,1.0,1,1000.0,30,1.994773,0.15,4.0,auto
3078,829,789,arterial,1,1.0,1,1000.0,30,1.994773,0.15,4.0,auto
3079,790,791,arterial,1,1.0,1,1000.0,30,2.006279,0.15,4.0,auto
3080,791,790,arterial,1,1.0,1,1000.0,30,2.006279,0.15,4.0,auto
3081,790,830,arterial,1,1.0,1,1000.0,30,2.01243,0.15,4.0,auto
3082,830,790,arterial,1,1.0,1,1000.0,30,2.01243,0.15,4.0,auto
3083,791,792,arterial,1,1.0,1,1000.0,30,1.994587,0.15,4.0,auto
3084,792,791,arterial,1,1.0,1,1000.0,30,1.994587,0.15,4.0,auto
3085,791,831,arterial,1,1.0,1,1000.0,30,2.005521,0.15,4.0,auto
3086,831,791,arterial,1,1.0,1,1000.0,30,2.005521,0.15,4.0,auto
3087,792,793,arterial,1,1.0,1,1000.0,30,1.994162,0.15,4.0,auto
3088,793,792,arterial,1,1.0,1,1000.0,30,1.994162,0.15,4.0,auto
3089,792,832,arterial,1,1.0,1,1000.0,30,1.991169,0.15,4.0,auto
3090,832,792,arterial,1,1.0,1,1000.0,30,1.991169,0.15,4.0,auto
3091,793,794,arterial,1,1.0,1,1000.0,30,2.016206,0.15,4.0,auto
3092,794,793,arterial,1,1.0,1,1000.0,30,2.016206,0.15,4.0,auto
3093,793,833,arterial,1,1.0,1,1000.0,30,1.992865,0.15,4.0,auto
3094,833,793,arterial,1,1.0,1,1000.0,30,1.992865,0.15,4.0,auto
3095,794,795,arterial,1,1.0,1,1000.0,30,1.983766,0.15,4.0,auto
3096,795,794,arterial,1,1.0,1,1000.0,30,1.983766,0.15,4.0,auto
3097,794,834,arterial,1,1.0,1,1000.0,30,1.993392,0.15,4.0,auto
3098,834,794,arterial,1,1.0,1,1000.0,30,1.993392,0.15,4.0,auto
3099,795,796,arterial,1,1.0,1,1000.0,30,2.009665,0.15,4.0,auto
3100,796,795,arterial,1,1.0,1,1000.0,30,2.009665,0.15,4.0,auto
3101,795,835,arterial,1,1.0,1,1000.0,30,1.988454,0.15,4.0,auto
3102,835,795,arterial,1,1.0,1,1000.0,30,1.988454,0.15,4.0,auto
3103,796,797,arterial,1,1.0,1,1000.0,30,2.009728,0.15,4.0,auto
3104,797,796,arterial,1,1.0,1,1000.0,30,2.009728,0.15,4.0,auto
3105,796,836,arterial,1,1.0,1,1000.0,30,2.00185,0.15,4.0,auto
3106,836,796,arterial,1,1.0,1,1000.0,30,2.00185,0.15,4.0,auto
3107,797,798,arterial,1,1.0,1,1000.0,30,2.007209,0.15,4.0,auto
3108,798,797,arterial,1,1.0,1,1000.0,30,2.007209,0.15,4.0,auto
3109,797,837,arterial,1,1.0,1,1000.0,30,1.987092,0.15,4.0,auto
3110,837,797,arterial,1,1.0,1,1000.0,30,1.987092,0.15,4.0,auto
3111,798,799,arterial,1,1.0,1,1000.0,30,1.984233,0.15,4.0,auto
3112,799,798,arterial,1,1.0,1,1000.0,30,1.984233,0.15,4.0,auto
3113,798,838,arterial,1,1.0,1,1000.0,30,1.985718,0.15,4.0,auto
3114,838,798,arterial,1,1.0,1,1000.0,30,1.985718,0.15,4.0,auto
3115,799,800,arterial,1,1.0,1,1000.0,30,1.994014,0.15,4.0,auto
3116,800,799,arterial,1,1.0,1,1000.0,30,1.994014,0.15,4.0,auto
3117,799,839,arterial,1,1.0,1,1000.0,30,1.99723,0.15,4.0,auto
3118,839,799,arterial,1,1.0,1,1000.0,30,1.99723,0.15,4.0,auto
3119,800,840,arterial,1,1.0,1,1000.0,30,2.000103,0.15,4.0,auto
3120,840,800,arterial,1,1.0,1,1000.0,30,2.000103,0.15,4.0,auto
3121,801,802,arterial,1,1.0,1,1000.0,30,1.996134,0.15,4.0,auto
3122,802,801,arterial,1,1.0,1,1000.0,30,1.996134,0.15,4.0,auto
3123,801,841,arterial,1,1.0,1,1000.0,30,1.99286,0.15,4.0,auto
3124,841,801,arterial,1,1.0,1,1000.0,30,1.99286,0.15,4.0,auto
3125,802,803,arterial,1,1.0,1,1000.0,30,2.001486,0.15,4.0,auto
3126,803,802,arterial,1,1.0,1,1000.0,30,2.001486,0.15,4.0,auto
3127,802,842,arterial,1,1.0,1,1000.0,30,2.018092,0.15,4.0,auto
3128,842,802,arterial,1,1.0,1,1000.0,30,2.018092,0.15,4.0,auto
3129,803,804,arterial,1,1.0,1,1000.0,30,1.988187,0.15,4.0,auto
3130,804,803,arterial,1,1.0,1,1000.0,30,1.988187,0.15,4.0,auto
3131,803,843,arterial,1,1.0,1,1000.0,30,2.015219,0.15,4.0,auto
3132,843,803,arterial,1,1.0,1,1000.0,30,2.015219,0.15,4.0,auto
3133,804,805,arterial,1,1.0,1,1000.0,30,1.992836,0.15,4.0,auto
3134,805,804,arterial,1,1.0,1,1000.0,30,1.992836,0.15,4.0,auto
3135,804,844,arterial,1,1.0,1,1000.0,30,2.010165,0.15,4.0,auto
3136,844,804,arterial,1,1.0,1,1000.0,30,2.010165,0.15,4.0,auto
3137,805,806,arterial,1,1.0,1,1000.0,30,1.984334,0.15,4.0,auto
3138,806,805,arterial,1,1.0,1,1000.0,30,1.984334,0.15,4.0,auto
3139,805,845,arterial,1,1.0,1,1000.0,30,2.0195,0.15,4.0,auto
3140,845,805,arterial,1,1.0,1,1000.0,30,2.0195,0.15,4.0,auto
3141,806,807,arterial,1,1.0,1,1000.0,30,1.997204,0.15,4.0,auto
3142,807,806,arterial,1,1.0,1,1000.0,30,1.997204,0.15,4.0,auto
3143,806,846,arterial,1,1.0,1,1000.0,30,2.018507,0.15,4.0,auto
3144,846,806,arterial,1,1.0,1,1000.0,30,2.018507,0.15,4.0,auto
3145,807,808,arterial,1,1.0,1,1000.0,30,1.988785,0.15,4.0,auto
3146,808,807,arterial,1,1.0,1,1000.0,30,1.988785,0.15,4.0,auto
3147,807,847,arterial,1,1.0,1,1000.0,30,1.996329,0.15,4.0,auto
3148,847,807,arterial,1,1.0,1,1000.0,30,1.996329,0.15,4.0,auto
3149,808,809,arterial,1,1.0,1,1000.0,30,2.008242,0.15,4.0,auto
3150,809,808,arterial,1,1.0,1,1000.0,30,2.008242,0.15,4.0,auto
3151,808,848,arterial,1,1.0,1,1000.0,30,1.987112,0.15,4.0,auto
3152,848,808,arterial,1,1.0,1,1000.0,30,1.987112,0.15,4.0,auto
3153,809,810,arterial,1,1.0,1,1000.0,30,1.990935,0.15,4.0,auto
3154,810,809,arterial,1,1.0,1,1000.0,30,1.990935,0.15,4.0,auto
3155,809,849,arterial,1,1.0,1,1000.0,30,2.007089,0.15,4.0,auto
3156,849,809,arterial,1,1.0,1,1000.0,30,2.007089,0.15,4.0,auto
3157,810,811,arterial,1,1.0,1,1000.0,30,2.017907,0.15,4.0,auto
3158,811,810,arterial,1,1.0,1,1000.0,30,2.017907,0.15,4.0,auto
3159,810,850,arterial,1,1.0,1,1000.0,30,1.992889,0.15,4.0,auto
3160,850,810,arterial,1,1.0,1,1000.0,30,1.992889,0.15,4.0,auto
3161,811,812,arterial,1,1.0,1,1000.0,30,1.987338,0.15,4.0,auto
3162,812,811,arterial,1,1.0,1,1000.0,30,1.987338,0.15,4.0,auto
3163,811,851,arterial,1,1.0,1,1000.0,30,1.994287,0.15,4.0,auto
3164,851,811,arterial,1,1.0,1,1000.0,30,1.994287,0.15,4.0,auto
3165,812,813,arterial,1,1.0,1,1000.0,30,2.019579,0.15,4.0,auto
3166,813,812,arterial,1,1.0,1,1000.0,30,2.019579,0.15,4.0,auto
3167,812,852,arterial,1,1.0,1,1000.0,30,1.985925,0.15,4.0,auto
3168,852,812,arterial,1,1.0,1,1000.0,30,1.985925,0.15,4.0,auto
3169,813,814,arterial,1,1.0,1,1000.0,30,2.005389,0.15,4.0,auto
3170,814,813,arterial,1,1.0,1,1000.0,30,2.005389,0.15,4.0,auto
3171,813,853,arterial,1,1.0,1,1000.0,30,1.995125,0.15,4.0,auto
3172,853,813,arterial,1,1.0,1,1000.0,30,1.995125,0.15,4.0,auto
3173,814,815,arterial,1,1.0,1,1000.0,30,2.005755,0.15,4.0,auto
3174,815,814,arterial,1,1.0,1,1000.0,30,2.005755,0.15,4.0,auto
3175,814,854,arterial,1,1.0,1,1000.0,30,1.988492,0.15,4.0,auto
3176,854,814,arterial,1,1.0,1,1000.0,30,1.988492,0.15,4.0,auto
3177,815,816,arterial,1,1.0,1,1000.0,30,2.004651,0.15,4.0,auto
3178,816,815,arterial,1,1.0,1,1000.0,30,2.004651,0.15,4.0,auto
3179,815,855,arterial,1,1.0,1,1000.0,30,2.015505,0.15,4.0,auto
3180,855,815,arterial,1,1.0,1,1000.0,30,2.015505,0.15,4.0,auto
3181,816,817,arterial,1,1.0,1,1000.0,30,2.014254,0.15,4.0,auto
3182,817,816,arterial,1,1.0,1,1000.0,30,2.014254,0.15,4.0,auto
3183,816,856,arterial,1,1.0,1,1000.0,30,2.005145,0.15,4.0,auto
3184,856,816,arterial,1,1.0,1,1000.0,30,2.005145,0.15,4.0,auto
3185,817,818,arterial,1,1.0,1,1000.0,30,2.000194,0.15,4.0,auto
3186,818,817,arterial,1,1.0,1,1000.0,30,2.000194,0.15,4.0,auto
3187,817,857,arterial,1,1.0,1,1000.0,30,2.002709,0.15,4.0,auto
3188,857,817,arterial,1,1.0,1,1000.0,30,2.002709,0.15,4.0,auto
3189,818,819,arterial,1,1.0,1,1000.0,30,1.984566,0.15,4.0,auto
3190,819,818,arterial,1,1.0,1,1000.0,30,1.984566,0.15,4.0,auto
3191,818,858,arterial,1,1.0,1,1000.0,30,2.013499,0.15,4.0,auto
3192,858,818,arterial,1,1.0,1,1000.0,30,2.013499,0.15,4.0,auto
3193,819,820,arterial,1,1.0,1,1000.0,30,2.007594,0.15,4.0,auto
3194,820,819,arterial,1,1.0,1,1000.0,30,2.007594,0.15,4.0,auto
3195,819,859,arterial,1,1.0,1,1000.0,30,1.998129,0.15,4.0,auto
3196,859,819,arterial,1,1.0,1,1000.0,30,1.998129,0.15,4.0,auto
3197,820,821,arterial,1,1.0,1,1000.0,30,2.006618,0.15,4.0,auto
3198,821,820,arterial,1,1.0,1,1000.0,30,2.006618,0.15,4.0,auto
3199,820,860,arterial,1,1.0,1,1000.0,30,1.996775,0.15,4.0,auto
3200,860,820,arterial,1,1.0,1,1000.0,30,1.996775,0.15,4.0,auto
3201,821,822,arterial,1,1.0,1,1000.0,30,1.995386,0.15,4.0,auto
3202,822,821,arterial,1,1.0,1,1000.0,30,1.995386,0.15,4.0,auto
3203,821,861,arterial,1,1.0,1,1000.0,30,1.989201,0.15,4.0,auto
3204,861,821,arterial,1,1.0,1,1000.0,30,1.989201,0.15,4.0,auto
3205,822,823,arterial,1,1.0,1,1000.0,30,2.004027,0.15,4.0,auto
3206,823,822,arterial,1,1.0,1,1000.0,30,2.004027,0.15,4.0,auto
3207,822,862,arterial,1,1.0,1,1000.0,30,2.002911,0.15,4.0,auto
3208,862,822,arterial,1,1.0,1,1000.0,30,2.002911,0.15,4.0,auto
3209,823,824,arterial,1,1.0,1,1000.0,30,2.000609,0.15,4.0,auto
3210,824,823,arterial,1,1.0,1,1000.0,30,2.000609,0.15,4.0,auto
3211,823,863,arterial,1,1.0,1,1000.0,30,1.981288,0.15,4.0,auto
3212,863,823,arterial,1,1.0,1,1000.0,30,1.981288,0.15,4.0,auto
3213,824,825,arterial,1,1.0,1,1000.0,30,2.005093,0.15,4.0,auto
3214,825,824,arterial,1,1.0,1,1000.0,30,2.005093,0.15,4.0,auto
3215,824,864,arterial,1,1.0,1,1000.0,30,1.997873,0.15,4.0,auto
3216,864,824,arterial,1,1.0,1,1000.0,30,1.997873,0.15,4.0,auto
3217,825,826,arterial,1,1.0,1,1000.0,30,2.003735,0.15,4.0,auto
3218,826,825,arterial,1,1.0,1,1000.0,30,2.003735,0.15,4.0,auto
3219,825,865,arterial,1,1.0,1,1000.0,30,2.003783,0.15,4.0,auto
3220,865,825,arterial,1,1.0,1,1000.0,30,2.003783,0.15,4.0,auto
3221,826,827,arterial,1,1.0,1,1000.0,30,2.017264,0.15,4.0,auto
3222,827,826,arterial,1,1.0,1,1000.0,30,2.017264,0.15,4.0,auto
3223,826,866,arterial,1,1.0,1,1000.0,30,1.986077,0.15,4.0,auto
3224,866,826,arterial,1,1.0,1,1000.0,30,1.986077,0.15,4.0,auto
3225,827,828,arterial,1,1.0,1,1000.0,30,1.998747,0.15,4.0,auto
3226,828,827,arterial,1,1.0,1,1000.0,30,1.998747,0.15,4.0,auto
3227,827,867,arterial,1,1.0,1,1000.0,30,2.019715,0.15,4.0,auto
3228,867,827,arterial,1,1.0,1,1000.0,30,2.019715,0.15,4.0,auto
3229,828,829,arterial,1,1.0,1,1000.0,30,2.00952,0.15,4.0,auto
3230,829,828,arterial,1,1.0,1,1000.0,30,2.00952,0.15,4.0,auto
3231,828,868,arterial,1,1.0,1,1000.0,30,1.992519,0.15,4.0,auto
3232,868,828,arterial,1,1.0,1,1000.0,30,1.992519,0.15,4.0,auto
3233,829,830,arterial,1,1.0,1,1000.0,30,2.00947,0.15,4.0,auto
3234,830,829,arterial,1,1.0,1,1000.0,30,2.00947,0.15,4.0,auto
3235,829,869,arterial,1,1.0,1,1000.0,30,2.019577,0.15,4.0,auto
3236,869,829,arterial,1,1.0,1,1000.0,30,2.019577,0.15,4.0,auto
3237,830,831,arterial,1,1.0,1,1000.0,30,1.996084,0.15,4.0,auto
3238,831,830,arterial,1,1.0,1,1000.0,30,1.996084,0.15,4.0,auto
3239,830,870,arterial,1,1.0,1,1000.0,30,2.014699,0.15,4.0,auto
3240,870,830,arterial,1,1.0,1,1000.0,30,2.014699,0.15,4.0,auto
3241,831,832,arterial,1,1.0,1,1000.0,30,1.985068,0.15,4.0,auto
3242,832,831,arterial,1,1.0,1,1000.0,30,1.985068,0.15,4.0,auto
3243,831,871,arterial,1,1.0,1,1000.0,30,2.019603,0.15,4.0,auto
3244,871,831,arterial,1,1.0,1,1000.0,30,2.019603,0.15,4.0,auto
3245,832,833,arterial,1,1.0,1,1000.0,30,1.999643,0.15,4.0,auto
3246,833,832,arterial,1,1.0,1,1000.0,30,1.999643,0.15,4.0,auto
3247,832,872,arterial,1,1.0,1,1000.0,30,1.989365,0.15,4.0,auto
3248,872,832,arterial,1,1.0,1,1000.0,30,1.989365,0.15,4.0,auto
3249,833,834,arterial,1,1.0,1,1000.0,30,2.013609,0.15,4.0,auto
3250,834,833,arterial,1,1.0,1,1000.0,30,2.013609,0.15,4.0,auto
3251,833,873,arterial,1,1.0,1,1000.0,30,2.005969,0.15,4.0,auto
3252,873,833,arterial,1,1.0,1,1000.0,30,2.005969,0.15,4.0,auto
3253,834,835,arterial,1,1.0,1,1000.0,30,2.017508,0.15,4.0,auto
3254,835,834,arterial,1,1.0,1,1000.0,30,2.017508,0.15,4.0,auto
3255,834,874,arterial,1,1.0,1,1000.0,30,2.013171,0.15,4.0,auto
3256,874,834,arterial,1,1.0,1,1000.0,30,2.013171,0.15,4.0,auto
3257,835,836,arterial,1,1.0,1,1000.0,30,2.011907,0.15,4.0,auto
3258,836,835,arterial,1,1.0,1,1000.0,30,2.011907,0.15,4.0,auto
3259,835,875,arterial,1,1.0,1,1000.0,30,2.000464,0.15,4.0,auto
3260,875,835,arterial,1,1.0,1,1000.0,30,2.000464,0.15,4.0,auto
3261,836,837,arterial,1,1.0,1,1000.0,30,2.019747,0.15,4.0,auto
3262,837,836,arterial,1,1.0,1,1000.0,30,2.019747,0.15,4.0,auto
3263,836,876,arterial,1,1.0,1,1000.0,30,1.982593,0.15,4.0,auto
3264,876,836,arterial,1,1.0,1,1000.0,30,1.982593,0.15,4.0,auto
3265,837,838,arterial,1,1.0,1,1000.0,30,2.014804,0.15,4.0,auto
3266,838,837,arterial,1,1.0,1,1000.0,30,2.014804,0.15,4.0,auto
3267,837,877,arterial,1,1.0,1,1000.0,30,2.008466,0.15,4.0,auto
3268,877,837,arterial,1,1.0,1,1000.0,30,2.008466,0.15,4.0,auto
3269,838,839,arterial,1,1.0,1,1000.0,30,1.990028,0.15,4.0,auto
3270,839,838,arterial,1,1.0,1,1000.0,30,1.990028,0.15,4.0,auto
3271,838,878,arterial,1,1.0,1,1000.0,30,2.012287,0.15,4.0,auto
3272,878,838,arterial,1,1.0,1,1000.0,30,2.012287,0.15,4.0,auto
3273,839,840,arterial,1,1.0,1,1000.0,30,1.998163,0.15,4.0,auto
3274,840,839,arterial,1,1.0,1,1000.0,30,1.998163,0.15,4.0,auto
3275,839,879,arterial,1,1.0,1,1000.0,30,2.001453,0.15,4.0,auto
3276,879,839,arterial,1,1.0,1,1000.0,30,2.001453,0.15,4.0,auto
3277,840,880,arterial,1,1.0,1,1000.0,30,1.98784,0.15,4.0,auto
3278,880,840,arterial,1,1.0,1,1000.0,30,1.98784,0.15,4.0,auto
3279,841,842,arterial,1,1.0,1,1000.0,30,1.991185,0.15,4.0,auto
3280,842,841,arterial,1,1.0,1,1000.0,30,1.991185,0.15,4.0,auto
3281,841,881,arterial,1,1.0,1,1000.0,30,2.005748,0.15,4.0,auto
3282,881,841,arterial,1,1.0,1,1000.0,30,2.005748,0.15,4.0,auto
3283,842,843,arterial,1,1.0,1,1000.0,30,1.982942,0.15,4.0,auto
3284,843,842,arterial,1,1.0,1,1000.0,30,1.982942,0.15,4.0,auto
3285,842,882,arterial,1,1.0,1,1000.0,30,2.0022,0.15,4.0,auto
3286,882,842,arterial,1,1.0,1,1000.0,30,2.0022,0.15,4.0,auto
3287,843,844,arterial,1,1.0,1,1000.0,30,2.011485,0.15,4.0,auto
3288,844,843,arterial,1,1.0,1,1000.0,30,2.011485,0.15,4.0,auto
3289,843,883,arterial,1,1.0,1,1000.0,30,1.99963,0.15,4.0,auto
3290,883,843,arterial,1,1.0,1,1000.0,30,1.99963,0.15,4.0,auto
3291,844,845,arterial,1,1.0,1,1000.0,30,1.989672,0.15,4.0,auto
3292,845,844,arterial,1,1.0,1,1000.0,30,1.989672,0.15,4.0,auto
3293,844,884,arterial,1,1.0,1,1000.0,30,2.011999,0.15,4.0,auto
3294,884,844,arterial,1,1.0,1,1000.0,30,2.011999,0.15,4.0,auto
3295,845,846,arterial,1,1.0,1,1000.0,30,2.014202,0.15,4.0,auto
3296,846,845,arterial,1,1.0,1,1000.0,30,2.014202,0.15,4.0,auto
3297,845,885,arterial,1,1.0,1,1000.0,30,2.010832,0.15,4.0,auto
3298,885,845,arterial,1,1.0,1,1000.0,30,2.010832,0.15,4.0,auto
3299,846,847,arterial,1,1.0,1,1000.0,30,2.001971,0.15,4.0,auto
3300,847,846,arterial,1,1.0,1,1000.0,30,2.001971,0.15,4.0,auto
3301,846,886,arterial,1,1.0,1,1000.0,30,2.016228,0.15,4.0,auto
3302,886,846,arterial,1,1.0,1,1000.0,30,2.016228,0.15,4.0,auto
3303,847,848,arterial,1,1.0,1,1000.0,30,2.01187,0.15,4.0,auto
3304,848,847,arterial,1,1.0,1,1000.0,30,2.01187,0.15,4.0,auto
3305,847,887,arterial,1,1.0,1,1000.0,30,1.986071,0.15,4.0,auto
3306,887,847,arterial,1,1.0,1,1000.0,30,1.986071,0.15,4.0,auto
3307,848,849,arterial,1,1.0,1,1000.0,30,1.994634,0.15,4.0,auto
3308,849,848,arterial,1,1.0,1,1000.0,30,1.994634,0.15,4.0,auto
3309,848,888,arterial,1,1.0,1,1000.0,30,1.984014,0.15,4.0,auto
3310,888,848,arterial,1,1.0,1,1000.0,30,1.984014,0.15,4.0,auto
3311,849,850,arterial,1,1.0,1,1000.0,30,1.981472,0.15,4.0,auto
3312,850,849,arterial,1,1.0,1,1000.0,30,1.981472,0.15,4.0,auto
3313,849,889,arterial,1,1.0,1,1000.0,30,1.993832,0.15,4.0,auto
3314,889,849,arterial,1,1.0,1,1000.0,30,1.993832,0.15,4.0,auto
3315,850,851,arterial,1,1.0,1,1000.0,30,2.014594,0.15,4.0,auto
3316,851,850,arterial,1,1.0,1,1000.0,30,2.014594,0.15,4.0,auto
3317,850,890,arterial,1,1.0,1,1000.0,30,2.013355,0.15,4.0,auto
3318,890,850,arterial,1,1.0,1,1000.0,30,2.013355,0.15,4.0,auto
3319,851,852,arterial,1,1.0,1,1000.0,30,1.984696,0.15,4.0,auto
3320,852,851,arterial,1,1.0,1,1000.0,30,1.984696,0.15,4.0,auto
3321,851,891,arterial,1,1.0,1,1000.0,30,1.987268,0.15,4.0,auto
3322,891,851,arterial,1,1.0,1,1000.0,30,1.987268,0.15,4.0,auto
3323,852,853,arterial,1,1.0,1,1000.0,30,1.995545,0.15,4.0,auto
3324,853,852,arterial,1,1.0,1,1000.0,30,1.995545,0.15,4.0,auto
3325,852,892,arterial,1,1.0,1,1000.0,30,2.013968,0.15,4.0,auto
3326,892,852,arterial,1,1.0,1,1000.0,30,2.013968,0.15,4.0,auto
3327,853,854,arterial,1,1.0,1,1000.0,30,2.004682,0.15,4.0,auto
3328,854,853,arterial,1,1.0,1,1000.0,30,2.004682,0.15,4.0,auto
3329,853,893,arterial,1,1.0,1,1000.0,30,2.016072,0.15,4.0,auto
3330,893,853,arterial,1,1.0,1,1000.0,30,2.016072,0.15,4.0,auto
3331,854,855,arterial,1,1.0,1,1000.0,30,1.982875,0.15,4.0,auto
3332,855,854,arterial,1,1.0,1,1000.0,30,1.982875,0.15,4.0,auto
3333,854,894,arterial,1,1.0,1,1000.0,30,2.019515,0.15,4.0,auto
3334,894,854,arterial,1,1.0,1,1000.0,30,2.019515,0.15,4.0,auto
3335,855,856,arterial,1,1.0,1,1000.0,30,1.98827,0.15,4.0,auto
3336,856,855,arterial,1,1.0,1,1000.0,30,1.98827,0.15,4.0,auto
3337,855,895,arterial,1,1.0,1,1000.0,30,2.005168,0.15,4.0,auto
3338,895,855,arterial,1,1.0,1,1000.0,30,2.005168,0.15,4.0,auto
3339,856,857,arterial,1,1.0,1,1000.0,30,2.015063,0.15,4.0,auto
3340,857,856,arterial,1,1.0,1,1000.0,30,2.015063,0.15,4.0,auto
3341,856,896,arterial,1,1.0,1,1000.0,30,2.009106,0.15,4.0,auto
3342,896,856,arterial,1,1.0,1,1000.0,30,2.009106,0.15,4.0,auto
3343,857,858,arterial,1,1.0,1,1000.0,30,1.987883,0.15,4.0,auto
3344,858,857,arterial,1,1.0,1,1000.0,30,1.987883,0.15,4.0,auto
3345,857,897,arterial,1,1.0,1,1000.0,30,2.006736,0.15,4.0,auto
3346,897,857,arterial,1,1.0,1,1000.0,30,2.006736,0.15,4.0,auto
3347,858,859,arterial,1,1.0,1,1000.0,30,1.997231,0.15,4.0,auto
3348,859,858,arterial,1,1.0,1,1000.0,30,1.997231,0.15,4.0,auto
3349,858,898,arterial,1,1.0,1,1000.0,30,1.980615,0.15,4.0,auto
3350,898,858,arterial,1,1.0,1,1000.0,30,1.980615,0.15,4.0,auto
3351,859,860,arterial,1,1.0,1,1000.0,30,1.993583,0.15,4.0,auto
3352,860,859,arterial,1,1.0,1,1000.0,30,1.993583,0.15,4.0,auto
3353,859,899,arterial,1,1.0,1,1000.0,30,1.992613,0.15,4.0,auto
3354,899,859,arterial,1,1.0,1,1000.0,30,1.992613,0.15,4.0,auto
3355,860,900,arterial,1,1.0,1,1000.0,30,1.991141,0.15,4.0,auto
3356,900,860,arterial,1,1.0,1,1000.0,30,1.991141,0.15,4.0,auto
3357,861,862,arterial,1,1.0,1,1000.0,30,2.004123,0.15,4.0,auto
3358,862,861,arterial,1,1.0,1,1000.0,30,2.004123,0.15,4.0,auto
3359,861,901,arterial,1,1.0,1,1000.0,30,2.007794,0.15,4.0,auto
3360,901,861,arterial,1,1.0,1,1000.0,30,2.007794,0.15,4.0,auto
3361,862,863,arterial,1,1.0,1,1000.0,30,1.987227,0.15,4.0,auto
3362,863,862,arterial,1,1.0,1,1000.0,30,1.987227,0.15,4.0,auto
3363,862,902,arterial,1,1.0,1,1000.0,30,1.985121,0.15,4.0,auto
3364,902,862,arterial,1,1.0,1,1000.0,30,1.985121,0.15,4.0,auto
3365,863,864,arterial,1,1.0,1,1000.0,30,2.00775,0.15,4.0,auto
3366,864,863,arterial,1,1.0,1,1000.0,30,2.00775,0.15,4.0,auto
3367,863,903,arterial,1,1.0,1,1000.0,30,1.998658,0.15,4.0,auto
3368,903,863,arterial,1,1.0,1,1000.0,30,1.998658,0.15,4.0,auto
3369,864,865,arterial,1,1.0,1,1000.0,30,1.985164,0.15,4.0,auto
3370,865,864,arterial,1,1.0,1,1000.0,30,1.985164,0.15,4.0,auto
3371,864,904,arterial,1,1.0,1,1000.0,30,1.984641,0.15,4.0,auto
3372,904,864,arterial,1,1.0,1,1000.0,30,1.984641,0.15,4.0,auto
3373,865,866,arterial,1,1.0,1,1000.0,30,2.017641,0.15,4.0,auto
3374,866,865,arterial,1,1.0,1,1000.0,30,2.017641,0.15,4.0,auto
3375,865,905,arterial,1,1.0,1,1000.0,30,2.004401,0.15,4.0,auto
3376,905,865,arterial,1,1.0,1,1000.0,30,2.004401,0.15,4.0,auto
3377,866,867,arterial,1,1.0,1,1000.0,30,1.994302,0.15,4.0,auto
3378,867,866,arterial,1,1.0,1,1000.0,30,1.994302,0.15,4.0,auto
3379,866,906,arterial,1,1.0,1,1000.0,30,1.987846,0.15,4.0,auto
3380,906,866,arterial,1,1.0,1,1000.0,30,1.987846,0.15,4.0,auto
3381,867,868,arterial,1,1.0,1,1000.0,30,2.019794,0.15,4.0,auto
3382,868,867,arterial,1,1.0,1,1000.0,30,2.019794,0.15,4.0,auto
3383,867,907,arterial,1,1.0,1,1000.0,30,2.007666,0.15,4.0,auto
3384,907,867,arterial,1,1.0,1,1000.0,30,2.007666,0.15,4.0,auto
3385,868,869,arterial,1,1.0,1,1000.0,30,2.00945,0.15,4.0,auto
3386,869,868,arterial,1,1.0,1,1000.0,30,2.00945,0.15,4.0,auto
3387,868,908,arterial,1,1.0,1,1000.0,30,1.994413,0.15,4.0,auto
3388,908,868,arterial,1,1.0,1,1000.0,30,1.994413,0.15,4.0,auto
3389,869,870,arterial,1,1.0,1,1000.0,30,1.992411,0.15,4.0,auto
3390,870,869,arterial,1,1.0,1,1000.0,30,1.992411,0.15,4.0,auto
3391,869,909,arterial,1,1.0,1,1000.0,30,1.99633,0.15,4.0,auto
3392,909,869,arterial,1,1.0,1,1000.0,30,1.99633,0.15,4.0,auto
3393,870,871,arterial,1,1.0,1,1000.0,30,1.985851,0.15,4.0,auto
3394,871,870,arterial,1,1.0,1,1000.0,30,1.985851,0.15,4.0,auto
3395,870,910,arterial,1,1.0,1,1000.0,30,2.005249,0.15,4.0,auto
3396,910,870,arterial,1,1.0,1,1000.0,30,2.005249,0.15,4.0,auto
3397,871,872,arterial,1,1.0,1,1000.0,30,1.996989,0.15,4.0,auto
3398,872,871,arterial,1,1.0,1,1000.0,30,1.996989,0.15,4.0,auto
3399,871,911,arterial,1,1.0,1,1000.0,30,2.012806,0.15,4.0,auto
3400,911,871,arterial,1,1.0,1,1000.0,30,2.012806,0.15,4.0,auto
3401,872,873,arterial,1,1.0,1,1000.0,30,1.99636,0.15,4.0,auto
3402,873,872,arterial,1,1.0,1,1000.0,30,1.99636,0.15,4.0,auto
3403,872,912,arterial,1,1.0,1,1000.0,30,1.998272,0.15,4.0,auto
3404,912,872,arterial,1,1.0,1,1000.0,30,1.998272,0.15,4.0,auto
3405,873,874,arterial,1,1.0,1,1000.0,30,2.000259,0.15,4.0,auto
3406,874,873,arterial,1,1.0,1,1000.0,30,2.000259,0.15,4.0,auto
3407,873,913,arterial,1,1.0,1,1000.0,30,2.017666,0.15,4.0,auto
3408,913,873,arterial,1,1.0,1,1000.0,30,2.017666,0.15,4.0,auto
3409,874,875,arterial,1,1.0,1,1000.0,30,1.993854,0.15,4.0,auto
3410,875,874,arterial,1,1.0,1,1000.0,30,1.993854,0.15,4.0,auto
3411,874,914,arterial,1,1.0,1,1000.0,30,2.008145,0.15,4.0,auto
3412,914,874,arterial,1,1.0,1,1000.0,30,2.008145,0.15,4.0,auto
3413,875,876,arterial,1,1.0,1,1000.0,30,1.989402,0.15,4.0,auto
3414,876,875,arterial,1,1.0,1,1000.0,30,1.989402,0.15,4.0,auto
3415,875,915,arterial,1,1.0,1,1000.0,30,2.003171,0.15,4.0,auto
3416,915,875,arterial,1,1.0,1,1000.0,30,2.003171,0.15,4.0,auto
3417,876,877,arterial,1,1.0,1,1000.0,30,1.991395,0.15,4.0,auto
3418,877,876,arterial,1,1.0,1,1000.0,30,1.991395,0.15,4.0,auto
3419,876,916,arterial,1,1.0,1,1000.0,30,2.014906,0.15,4.0,auto
3420,916,876,arterial,1,1.0,1,1000.0,30,2.014906,0.15,4.0,auto
3421,877,878,arterial,1,1.0,1,1000.0,30,1.99146,0.15,4.0,auto
3422,878,877,arterial,1,1.0,1,1000.0,30,1.99146,0.15,4.0,auto
3423,877,917,arterial,1,1.0,1,1000.0,30,2.014179,0.15,4.0,auto
3424,917,877,arterial,1,1.0,1,1000.0,30,2.014179,0.15,4.0,auto
3425,878,879,arterial,1,1.0,1,1000.0,30,2.007067,0.15,4.0,auto
3426,879,878,arterial,1,1.0,1,1000.0,30,2.007067,0.15,4.0,auto
3427,878,918,arterial,1,1.0,1,1000.0,30,1.998197,0.15,4.0,auto
3428,918,878,arterial,1,1.0,1,1000.0,30,1.998197,0.15,4.0,auto
3429,879,880,arterial,1,1.0,1,1000.0,30,2.017347,0.15,4.0,auto
3430,880,879,arterial,1,1.0,1,1000.0,30,2.017347,0.15,4.0,auto
3431,879,919,arterial,1,1.0,1,1000.0,30,1.995505,0.15,4.0,auto
3432,919,879,arterial,1,1.0,1,1000.0,30,1.995505,0.15,4.0,auto
3433,880,920,arterial,1,1.0,1,1000.0,30,2.004051,0.15,4.0,auto
3434,920,880,arterial,1,1.0,1,1000.0,30,2.004051,0.15,4.0,auto
3435,881,882,arterial,1,1.0,1,1000.0,30,1.997936,0.15,4.0,auto
3436,882,881,arterial,1,1.0,1,1000.0,30,1.997936,0.15,4.0,auto
3437,881,921,arterial,1,1.0,1,1000.0,30,1.982568,0.15,4.0,auto
3438,921,881,arterial,1,1.0,1,1000.0,30,1.982568,0.15,4.0,auto
3439,882,883,arterial,1,1.0,1,1000.0,30,1.996764,0.15,4.0,auto
3440,883,882,arterial,1,1.0,1,1000.0,30,1.996764,0.15,4.0,auto
3441,882,922,arterial,1,1.0,1,1000.0,30,1.991252,0.15,4.0,auto
3442,922,882,arterial,1,1.0,1,1000.0,30,1.991252,0.15,4.0,auto
3443,883,884,arterial,1,1.0,1,1000.0,30,1.997636,0.15,4.0,auto
3444,884,883,arterial,1,1.0,1,1000.0,30,1.997636,0.15,4.0,auto
3445,883,923,arterial,1,1.0,1,1000.0,30,2.01818,0.15,4.0,auto
3446,923,883,arterial,1,1.0,1,1000.0,30,2.01818,0.15,4.0,auto
3447,884,885,arterial,1,1.0,1,1000.0,30,1.991718,0.15,4.0,auto
3448,885,884,arterial,1,1.0,1,1000.0,30,1.991718,0.15,4.0,auto
3449,884,924,arterial,1,1.0,1,1000.0,30,2.007796,0.15,4.0,auto
3450,924,884,arterial,1,1.0,1,1000.0,30,2.007796,0.15,4.0,auto
3451,885,886,arterial,1,1.0,1,1000.0,30,2.006883,0.15,4.0,auto
3452,886,885,arterial,1,1.0,1,1000.0,30,2.006883,0.15,4.0,auto
3453,885,925,arterial,1,1.0,1,1000.0,30,1.989789,0.15,4.0,auto
3454,925,885,arterial,1,1.0,1,1000.0,30,1.989789,0.15,4.0,auto
3455,886,887,arterial,1,1.0,1,1000.0,30,1.996461,0.15,4.0,auto
3456,887,886,arterial,1,1.0,1,1000.0,30,1.996461,0.15,4.0,auto
3457,886,926,arterial,1,1.0,1,1000.0,30,1.985287,0.15,4.0,auto
3458,926,886,arterial,1,1.0,1,1000.0,30,1.985287,0.15,4.0,auto
3459,887,888,arterial,1,1.0,1,1000.0,30,2.015815,0.15,4.0,auto
3460,888,887,arterial,1,1.0,1,1000.0,30,2.015815,0.15,4.0,auto
3461,887,927,arterial,1,1.0,1,1000.0,30,1.990066,0.15,4.0,auto
3462,927,887,arterial,1,1.0,1,1000.0,30,1.990066,0.15,4.0,auto
3463,888,889,arterial,1,1.0,1,1000.0,30,1.996826,0.15,4.0,auto
3464,889,888,arterial,1,1.0,1,1000.0,30,1.996826,0.15,4.0,auto
3465,888,928,arterial,1,1.0,1,1000.0,30,1.993663,0.15,4.0,auto
3466,928,888,arterial,1,1.0,1,1000.0,30,1.993663,0.15,4.0,auto
3467,889,890,arterial,1,1.0,1,1000.0,30,2.012821,0.15,4.0,auto
3468,890,889,arterial,1,1.0,1,1000.0,30,2.012821,0.15,4.0,auto
3469,889,929,arterial,1,1.0,1,1000.0,30,2.014011,0.15,4.0,auto
3470,929,889,arterial,1,1.0,1,1000.0,30,2.014011,0.15,4.0,auto
3471,890,891,arterial,1,1.0,1,1000.0,30,2.003628,0.15,4.0,auto
3472,891,890,arterial,1,1.0,1,1000.0,30,2.003628,0.15,4.0,auto
3473,890,930,arterial,1,1.0,1,1000.0,30,2.001837,0.15,4.0,auto
3474,930,890,arterial,1,1.0,1,1000.0,30,2.001837,0.15,4.0,auto
3475,891,892,arterial,1,1.0,1,1000.0,30,1.983977,0.15,4.0,auto
3476,892,891,arterial,1,1.0,1,1000.0,30,1.983977,0.15,4.0,auto
3477,891,931,arterial,1,1.0,1,1000.0,30,2.015861,0.15,4.0,auto
3478,931,891,arterial,1,1.0,1,1000.0,30,2.015861,0.15,4.0,auto
3479,892,893,arterial,1,1.0,1,1000.0,30,1.983535,0.15,4.0,auto
3480,893,892,arterial,1,1.0,1,1000.0,30,1.983535,0.15,4.0,auto
3481,892,932,arterial,1,1.0,1,1000.0,30,1.994543,0.15,4.0,auto
3482,932,892,arterial,1,1.0,1,1000.0,30,1.994543,0.15,4.0,auto
3483,893,894,arterial,1,1.0,1,1000.0,30,1.994979,0.15,4.0,auto
3484,894,893,arterial,1,1.0,1,1000.0,30,1.994979,0.15,4.0,auto
3485,893,933,arterial,1,1.0,1,1000.0,30,2.008923,0.15,4.0,auto
3486,933,893,arterial,1,1.0,1,1000.0,30,2.008923,0.15,4.0,auto
3487,894,895,arterial,1,1.0,1,1000.0,30,2.006767,0.15,4.0,auto
3488,895,894,arterial,1,1.0,1,1000.0,30,2.006767,0.15,4.0,auto
3489,894,934,arterial,1,1.0,1,1000.0,30,1.993755,0.15,4.0,auto
3490,934,894,arterial,1,1.0,1,1000.0,30,1.993755,0.15,4.0,auto
3491,895,896,arterial,1,1.0,1,1000.0,30,2.015916,0.15,4.0,auto
3492,896,895,arterial,1,1.0,1,1000.0,30,2.015916,0.15,4.0,auto
3493,895,935,arterial,1,1.0,1,1000.0,30,2.017987,0.15,4.0,auto
3494,935,895,arterial,1,1.0,1,1000.0,30,2.017987,0.15,4.0,auto
3495,896,897,arterial,1,1.0,1,1000.0,30,1.980929,0.15,4.0,auto
3496,897,896,arterial,1,1.0,1,1000.0,30,1.980929,0.15,4.0,auto
3497,896,936,arterial,1,1.0,1,1000.0,30,2.00532,0.15,4.0,auto
3498,936,896,arterial,1,1.0,1,1000.0,30,2.00532,0.15,4.0,auto
3499,897,898,arterial,1,1.0,1,1000.0,30,1.998768,0.15,4.0,auto
3500,898,897,arterial,1,1.0,1,1000.0,30,1.998768,0.15,4.0,auto
3501,897,937,arterial,1,1.0,1,1000.0,30,1.99447,0.15,4.0,auto
3502,937,897,arterial,1,1.0,1,1000.0,30,1.99447,0.15,4.0,auto
3503,898,899,arterial,1,1.0,1,1000.0,30,1.998594,0.15,4.0,auto
3504,899,898,arterial,1,1.0,1,1000.0,30,1.998594,0.15,4.0,auto
3505,898,938,arterial,1,1.0,1,1000.0,30,1.992641,0.15,4.0,auto
3506,938,898,arterial,1,1.0,1,1000.0,30,1.992641,0.15,4.0,auto
3507,899,900,arterial,1,1.0,1,1000.0,30,2.006835,0.15,4.0,auto
3508,900,899,arterial,1,1.0,1,1000.0,30,2.006835,0.15,4.0,auto
3509,899,939,arterial,1,1.0,1,1000.0,30,2.004222,0.15,4.0,auto
3510,939,899,arterial,1,1.0,1,1000.0,30,2.004222,0.15,4.0,auto
3511,900,940,arterial,1,1.0,1,1000.0,30,2.019058,0.15,4.0,auto
3512,940,900,arterial,1,1.0,1,1000.0,30,2.019058,0.15,4.0,auto
3513,901,902,arterial,1,1.0,1,1000.0,30,2.019704,0.15,4.0,auto
3514,902,901,arterial,1,1.0,1,1000.0,30,2.019704,0.15,4.0,auto
3515,901,941,arterial,1,1.0,1,1000.0,30,1.995806,0.15,4.0,auto
3516,941,901,arterial,1,1.0,1,1000.0,30,1.995806,0.15,4.0,auto
3517,902,903,arterial,1,1.0,1,1000.0,30,2.013147,0.15,4.0,auto
3518,903,902,arterial,1,1.0,1,1000.0,30,2.013147,0.15,4.0,auto
3519,902,942,arterial,1,1.0,1,1000.0,30,2.005998,0.15,4.0,auto
3520,942,902,arterial,1,1.0,1,1000.0,30,2.005998,0.15,4.0,auto
3521,903,904,arterial,1,1.0,1,1000.0,30,2.008042,0.15,4.0,auto
3522,904,903,arterial,1,1.0,1,1000.0,30,2.008042,0.15,4.0,auto
3523,903,943,arterial,1,1.0,1,1000.0,30,2.019905,0.15,4.0,auto
3524,943,903,arterial,1,1.0,1,1000.0,30,2.019905,0.15,4.0,auto
3525,904,905,arterial,1,1.0,1,1000.0,30,1.982662,0.15,4.0,auto
3526,905,904,arterial,1,1.0,1,1000.0,30,1.982662,0.15,4.0,auto
3527,904,944,arterial,1,1.0,1,1000.0,30,1.998489,0.15,4.0,auto
3528,944,904,arterial,1,1.0,1,1000.0,30,1.998489,0.15,4.0,auto
3529,905,906,arterial,1,1.0,1,1000.0,30,1.996052,0.15,4.0,auto
3530,906,905,arterial,1,1.0,1,1000.0,30,1.996052,0.15,4.0,auto
3531,905,945,arterial,1,1.0,1,1000.0,30,2.006243,0.15,4.0,auto
3532,945,905,arterial,1,1.0,1,1000.0,30,2.006243,0.15,4.0,auto
3533,906,907,arterial,1,1.0,1,1000.0,30,1.988723,0.15,4.0,auto
3534,907,906,arterial,1,1.0,1,1000.0,30,1.988723,0.15,4.0,auto
3535,906,946,arterial,1,1.0,1,1000.0,30,2.01959,0.15,4.0,auto
3536,946,906,arterial,1,1.0,1,1000.0,30,2.01959,0.15,4.0,auto
3537,907,908,arterial,1,1.0,1,1000.0,30,1.988377,0.15,4.0,auto
3538,908,907,arterial,1,1.0,1,1000.0,30,1.988377,0.15,4.0,auto
3539,907,947,arterial,1,1.0,1,1000.0,30,1.994796,0.15,4.0,auto
3540,947,907,arterial,1,1.0,1,1000.0,30,1.994796,0.15,4.0,auto
3541,908,909,arterial,1,1.0,1,1000.0,30,1.985719,0.15,4.0,auto
3542,909,908,arterial,1,1.0,1,1000.0,30,1.985719,0.15,4.0,auto
3543,908,948,arterial,1,1.0,1,1000.0,30,1.995786,0.15,4.0,auto
3544,948,908,arterial,1,1.0,1,1000.0,30,1.995786,0.15,4.0,auto
3545,909,910,arterial,1,1.0,1,1000.0,30,2.009672,0.15,4.0,auto
3546,910,909,arterial,1,1.0,1,1000.0,30,2.009672,0.15,4.0,auto
3547,909,949,arterial,1,1.0,1,1000.0,30,1.983341,0.15,4.0,auto
3548,949,909,arterial,1,1.0,1,1000.0,30,1.983341,0.15,4.0,auto
3549,910,911,arterial,1,1.0,1,1000.0,30,1.986674,0.15,4.0,auto
3550,911,910,arterial,1,1.0,1,1000.0,30,1.986674,0.15,4.0,auto
3551,910,950,arterial,1,1.0,1,1000.0,30,2.005958,0.15,4.0,auto
3552,950,910,arterial,1,1.0,1,1000.0,30,2.005958,0.15,4.0,auto
3553,911,912,arterial,1,1.0,1,1000.0,30,2.00492,0.15,4.0,auto
3554,912,911,arterial,1,1.0,1,1000.0,30,2.00492,0.15,4.0,auto
3555,911,951,arterial,1,1.0,1,1000.0,30,2.009681,0.15,4.0,auto
3556,951,911,arterial,1,1.0,1,1000.0,30,2.009681,0.15,4.0,auto
3557,912,913,arterial,1,1.0,1,1000.0,30,1.990136,0.15,4.0,auto
3558,913,912,arterial,1,1.0,1,1000.0,30,1.990136,0.15,4.0,auto
3559,912,952,arterial,1,1.0,1,1000.0,30,2.012449,0.15,4.0,auto
3560,952,912,arterial,1,1.0,1,1000.0,30,2.012449,0.15,4.0,auto
3561,913,914,arterial,1,1.0,1,1000.0,30,2.009235,0.15,4.0,auto
3562,914,913,arterial,1,1.0,1,1000.0,30,2.009235,0.15,4.0,auto
3563,913,953,arterial,1,1.0,1,1000.0,30,2.01104,0.15,4.0,auto
3564,953,913,arterial,1,1.0,1,1000.0,30,2.01104,0.15,4.0,auto
3565,914,915,arterial,1,1.0,1,1000.0,30,1.984788,0.15,4.0,auto
3566,915,914,arterial,1,1.0,1,1000.0,30,1.984788,0.15,4.0,auto
3567,914,954,arterial,1,1.0,1,1000.0,30,1.998747,0.15,4.0,auto
3568,954,914,arterial,1,1.0,1,1000.0,30,1.998747,0.15,4.0,auto
3569,915,916,arterial,1,1.0,1,1000.0,30,1.980632,0.15,4.0,auto
3570,916,915,arterial,1,1.0,1,1000.0,30,1.980632,0.15,4.0,auto
3571,915,955,arterial,1,1.0,1,1000.0,30,2.014387,0.15,4.0,auto
3572,955,915,arterial,1,1.0,1,1000.0,30,2.014387,0.15,4.0,auto
3573,916,917,arterial,1,1.0,1,1000.0,30,2.017781,0.15,4.0,auto
3574,917,916,arterial,1,1.0,1,1000.0,30,2.017781,0.15,4.0,auto
3575,916,956,arterial,1,1.0,1,1000.0,30,2.015833,0.15,4.0,auto
3576,956,916,arterial,1,1.0,1,1000.0,30,2.015833,0.15,4.0,auto
3577,917,918,arterial,1,1.0,1,1000.0,30,1.980967,0.15,4.0,auto
3578,918,917,arterial,1,1.0,1,1000.0,30,1.980967,0.15,4.0,auto
3579,917,957,arterial,1,1.0,1,1000.0,30,1.994044,0.15,4.0,auto
3580,957,917,arterial,1,1.0,1,1000.0,30,1.994044,0.15,4.0,auto
3581,918,919,arterial,1,1.0,1,1000.0,30,2.001435,0.15,4.0,auto
3582,919,918,arterial,1,1.0,1,1000.0,30,2.001435,0.15,4.0,auto
3583,918,958,arterial,1,1.0,1,1000.0,30,2.001347,0.15,4.0,auto
3584,958,918,arterial,1,1.0,1,1000.0,30,2.001347,0.15,4.0,auto
3585,919,920,arterial,1,1.0,1,1000.0,30,1.984449,0.15,4.0,auto
3586,920,919,arterial,1,1.0,1,1000.0,30,1.984449,0.15,4.0,auto
3587,919,959,arterial,1,1.0,1,1000.0,30,2.011569,0.15,4.0,auto
3588,959,919,arterial,1,1.0,1,1000.0,30,2.011569,0.15,4.0,auto
3589,920,960,arterial,1,1.0,1,1000.0,30,2.000293,0.15,4.0,auto
3590,960,920,arterial,1,1.0,1,1000.0,30,2.000293,0.15,4.0,auto
3591,921,922,arterial,1,1.0,1,1000.0,30,1.984984,0.15,4.0,auto
3592,922,921,arterial,1,1.0,1,1000.0,30,1.984984,0.15,4.0,auto
3593,921,961,arterial,1,1.0,1,1000.0,30,2.002715,0.15,4.0,auto
3594,961,921,arterial,1,1.0,1,1000.0,30,2.002715,0.15,4.0,auto
3595,922,923,arterial,1,1.0,1,1000.0,30,1.985189,0.15,4.0,auto
3596,923,922,arterial,1,1.0,1,1000.0,30,1.985189,0.15,4.0,auto
3597,922,962,arterial,1,1.0,1,1000.0,30,1.983534,0.15,4.0,auto
3598,962,922,arterial,1,1.0,1,1000.0,30,1.983534,0.15,4.0,auto
3599,923,924,arterial,1,1.0,1,1000.0,30,2.000488,0.15,4.0,auto
3600,924,923,arterial,1,1.0,1,1000.0,30,2.000488,0.15,4.0,auto
3601,923,963,arterial,1,1.0,1,1000.0,30,1.991759,0.15,4.0,auto
3602,963,923,arterial,1,1.0,1,1000.0,30,1.991759,0.15,4.0,auto
3603,924,925,arterial,1,1.0,1,1000.0,30,2.011099,0.15,4.0,auto
3604,925,924,arterial,1,1.0,1,1000.0,30,2.011099,0.15,4.0,auto
3605,924,964,arterial,1,1.0,1,1000.0,30,1.989871,0.15,4.0,auto
3606,964,924,arterial,1,1.0,1,1000.0,30,1.989871,0.15,4.0,auto
3607,925,926,arterial,1,1.0,1,1000.0,30,1.996557,0.15,4.0,auto
3608,926,925,arterial,1,1.0,1,1000.0,30,1.996557,0.15,4.0,auto
3609,925,965,arterial,1,1.0,1,1000.0,30,1.982172,0.15,4.0,auto
3610,965,925,arterial,1,1.0,1,1000.0,30,1.982172,0.15,4.0,auto
3611,926,927,arterial,1,1.0,1,1000.0,30,1.988706,0.15,4.0,auto
3612,927,926,arterial,1,1.0,1,1000.0,30,1.988706,0.15,4.0,auto
3613,926,966,arterial,1,1.0,1,1000.0,30,1.998068,0.15,4.0,auto
3614,966,926,arterial,1,1.0,1,1000.0,30,1.998068,0.15,4.0,auto
3615,927,928,arterial,1,1.0,1,1000.0,30,2.002325,0.15,4.0,auto
3616,928,927,arterial,1,1.0,1,1000.0,30,2.002325,0.15,4.0,auto
3617,927,967,arterial,1,1.0,1,1000.0,30,1.998375,0.15,4.0,auto
3618,967,927,arterial,1,1.0,1,1000.0,30,1.998375,0.15,4.0,auto
3619,928,929,arterial,1,1.0,1,1000.0,30,2.01403,0.15,4.0,auto
3620,929,928,arterial,1,1.0,1,1000.0,30,2.01403,0.15,4.0,auto
3621,928,968,arterial,1,1.0,1,1000.0,30,1.984174,0.15,4.0,auto
3622,968,928,arterial,1,1.0,1,1000.0,30,1.984174,0.15,4.0,auto
3623,929,930,arterial,1,1.0,1,1000.0,30,2.014004,0.15,4.0,auto
3624,930,929,arterial,1,1.0,1,1000.0,30,2.014004,0.15,4.0,auto
3625,929,969,arterial,1,1.0,1,1000.0,30,1.986194,0.15,4.0,auto
3626,969,929,arterial,1,1.0,1,1000.0,30,1.986194,0.15,4.0,auto
3627,930,931,arterial,1,1.0,1,1000.0,30,2.018813,0.15,4.0,auto
3628,931,930,arterial,1,1.0,1,1000.0,30,2.018813,0.15,4.0,auto
3629,930,970,arterial,1,1.0,1,1000.0,30,2.000999,0.15,4.0,auto
3630,970,930,arterial,1,1.0,1,1000.0,30,2.000999,0.15,4.0,auto
3631,931,932,arterial,1,1.0,1,1000.0,30,1.996258,0.15,4.0,auto
3632,932,931,arterial,1,1.0,1,1000.0,30,1.996258,0.15,4.0,auto
3633,931,971,arterial,1,1.0,1,1000.0,30,2.004488,0.15,4.0,auto
3634,971,931,arterial,1,1.0,1,1000.0,30,2.004488,0.15,4.0,auto
3635,932,933,arterial,1,1.0,1,1000.0,30,2.014554,0.15,4.0,auto
3636,933,932,arterial,1,1.0,1,1000.0,30,2.014554,0.15,4.0,auto
3637,932,972,arterial,1,1.0,1,1000.0,30,2.018551,0.15,4.0,auto
3638,972,932,arterial,1,1.0,1,1000.0,30,2.018551,0.15,4.0,auto
3639,933,934,arterial,1,1.0,1,1000.0,30,1.996535,0.15,4.0,auto
3640,934,933,arterial,1,1.0,1,1000.0,30,1.996535,0.15,4.0,auto
3641,933,973,arterial,1,1.0,1,1000.0,30,1.980428,0.15,4.0,auto
3642,973,933,arterial,1,1.0,1,1000.0,30,1.980428,0.15,4.0,auto
3643,934,935,arterial,1,1.0,1,1000.0,30,1.98615,0.15,4.0,auto
3644,935,934,arterial,1,1.0,1,1000.0,30,1.98615,0.15,4.0,auto
3645,934,974,arterial,1,1.0,1,1000.0,30,2.012737,0.15,4.0,auto
3646,974,934,arterial,1,1.0,1,1000.0,30,2.012737,0.15,4.0,auto
3647,935,936,arterial,1,1.0,1,1000.0,30,2.009377,0.15,4.0,auto
3648,936,935,arterial,1,1.0,1,1000.0,30,2.009377,0.15,4.0,auto
3649,935,975,arterial,1,1.0,1,1000.0,30,2.008504,0.15,4.0,auto
3650,975,935,arterial,1,1.0,1,1000.0,30,2.008504,0.15,4.0,auto
3651,936,937,arterial,1,1.0,1,1000.0,30,1.986262,0.15,4.0,auto
3652,937,936,arterial,1,1.0,1,1000.0,30,1.986262,0.15,4.0,auto
3653,936,976,arterial,1,1.0,1,1000.0,30,2.001243,0.15,4.0,auto
3654,976,936,arterial,1,1.0,1,1000.0,30,2.001243,0.15,4.0,auto
3655,937,938,arterial,1,1.0,1,1000.0,30,1.981142,0.15,4.0,auto
3656,938,937,arterial,1,1.0,1,1000.0,30,1.981142,0.15,4.0,auto
3657,937,977,arterial,1,1.0,1,1000.0,30,1.98441,0.15,4.0,auto
3658,977,937,arterial,1,1.0,1,1000.0,30,1.98441,0.15,4.0,auto
3659,938,939,arterial,1,1.0,1,1000.0,30,1.99203,0.15,4.0,auto
3660,939,938,arterial,1,1.0,1,1000.0,30,1.99203,0.15,4.0,auto
3661,938,978,arterial,1,1.0,1,1000.0,30,2.018648,0.15,4.0,auto
3662,978,938,arterial,1,1.0,1,1000.0,30,2.018648,0.15,4.0,auto
3663,939,940,arterial,1,1.0,1,1000.0,30,2.005722,0.15,4.0,auto
3664,940,939,arterial,1,1.0,1,1000.0,30,2.005722,0.15,4.0,auto
3665,939,979,arterial,1,1.0,1,1000.0,30,2.013907,0.15,4.0,auto
3666,979,939,arterial,1,1.0,1,1000.0,30,2.013907,0.15,4.0,auto
3667,940,980,arterial,1,1.0,1,1000.0,30,1.996646,0.15,4.0,auto
3668,980,940,arterial,1,1.0,1,1000.0,30,1.996646,0.15,4.0,auto
3669,941,942,arterial,1,1.0,1,1000.0,30,1.983134,0.15,4.0,auto
3670,942,941,arterial,1,1.0,1,1000.0,30,1.983134,0.15,4.0,auto
3671,941,981,arterial,1,1.0,1,1000.0,30,1.990433,0.15,4.0,auto
3672,981,941,arterial,1,1.0,1,1000.0,30,1.990433,0.15,4.0,auto
3673,942,943,arterial,1,1.0,1,1000.0,30,1.98447,0.15,4.0,auto
3674,943,942,arterial,1,1.0,1,1000.0,30,1.98447,0.15,4.0,auto
3675,942,982,arterial,1,1.0,1,1000.0,30,2.016753,0.15,4.0,auto
3676,982,942,arterial,1,1.0,1,1000.0,30,2.016753,0.15,4.0,auto
3677,943,944,arterial,1,1.0,1,1000.0,30,1.993151,0.15,4.0,auto
3678,944,943,arterial,1,1.0,1,1000.0,30,1.993151,0.15,4.0,auto
3679,943,983,arterial,1,1.0,1,1000.0,30,1.99956,0.15,4.0,auto
3680,983,943,arterial,1,1.0,1,1000.0,30,1.99956,0.15,4.0,auto
3681,944,945,arterial,1,1.0,1,1000.0,30,2.006161,0.15,4.0,auto
3682,945,944,arterial,1,1.0,1,1000.0,30,2.006161,0.15,4.0,auto
3683,944,984,arterial,1,1.0,1,1000.0,30,2.015467,0.15,4.0,auto
3684,984,944,arterial,1,1.0,1,1000.0,30,2.015467,0.15,4.0,auto
3685,945,946,arterial,1,1.0,1,1000.0,30,2.017858,0.15,4.0,auto
3686,946,945,arterial,1,1.0,1,1000.0,30,2.017858,0.15,4.0,auto
3687,945,985,arterial,1,1.0,1,1000.0,30,2.002716,0.15,4.0,auto
3688,985,945,arterial,1,1.0,1,1000.0,30,2.002716,0.15,4.0,auto
3689,946,947,arterial,1,1.0,1,1000.0,30,2.000038,0.15,4.0,auto
3690,947,946,arterial,1,1.0,1,1000.0,30,2.000038,0.15,4.0,auto
3691,946,986,arterial,1,1.0,1,1000.0,30,2.016155,0.15,4.0,auto
3692,986,946,arterial,1,1.0,1,1000.0,30,2.016155,0.15,4.0,auto
3693,947,948,arterial,1,1.0,1,1000.0,30,1.995778,0.15,4.0,auto
3694,948,947,arterial,1,1.0,1,1000.0,30,1.995778,0.15,4.0,auto
3695,947,987,arterial,1,1.0,1,1000.0,30,1.991974,0.15,4.0,auto
3696,987,947,arterial,1,1.0,1,1000.0,30,1.991974,0.15,4.0,auto
3697,948,949,arterial,1,1.0,1,1000.0,30,2.009573,0.15,4.0,auto
3698,949,948,arterial,1,1.0,1,1000.0,30,2.009573,0.15,4.0,auto
3699,948,988,arterial,1,1.0,1,1000.0,30,1.990331,0.15,4.0,auto
3700,988,948,arterial,1,1.0,1,1000.0,30,1.990331,0.15,4.0,auto
3701,949,950,arterial,1,1.0,1,1000.0,30,1.994714,0.15,4.0,auto
3702,950,949,arterial,1,1.0,1,1000.0,30,1.994714,0.15,4.0,auto
3703,949,989,arterial,1,1.0,1,1000.0,30,1.99717,0.15,4.0,auto
3704,989,949,arterial,1,1.0,1,1000.0,30,1.99717,0.15,4.0,auto
3705,950,951,arterial,1,1.0,1,1000.0,30,1.999075,0.15,4.0,auto
3706,951,950,arterial,1,1.0,1,1000.0,30,1.999075,0.15,4.0,auto
3707,950,990,arterial,1,1.0,1,1000.0,30,1.994339,0.15,4.0,auto
3708,990,950,arterial,1,1.0,1,1000.0,30,1.994339,0.15,4.0,auto
3709,951,952,arterial,1,1.0,1,1000.0,30,1.99722,0.15,4.0,auto
3710,952,951,arterial,1,1.0,1,1000.0,30,1.99722,0.15,4.0,auto
3711,951,991,arterial,1,1.0,1,1000.0,30,1.998033,0.15,4.0,auto
3712,991,951,arterial,1,1.0,1,1000.0,30,1.998033,0.15,4.0,auto
3713,952,953,arterial,1,1.0,1,1000.0,30,1.981983,0.15,4.0,auto
3714,953,952,arterial,1,1.0,1,1000.0,30,1.981983,0.15,4.0,auto
3715,952,992,arterial,1,1.0,1,1000.0,30,2.013426,0.15,4.0,auto
3716,992,952,arterial,1,1.0,1,1000.0,30,2.013426,0.15,4.0,auto
3717,953,954,arterial,1,1.0,1,1000.0,30,1.982469,0.15,4.0,auto
3718,954,953,arterial,1,1.0,1,1000.0,30,1.982469,0.15,4.0,auto
3719,953,993,arterial,1,1.0,1,1000.0,30,2.001115,0.15,4.0,auto
3720,993,953,arterial,1,1.0,1,1000.0,30,2.001115,0.15,4.0,auto
3721,954,955,arterial,1,1.0,1,1000.0,30,2.001902,0.15,4.0,auto
3722,955,954,arterial,1,1.0,1,1000.0,30,2.001902,0.15,4.0,auto
3723,954,994,arterial,1,1.0,1,1000.0,30,1.99599,0.15,4.0,auto
3724,994,954,arterial,1,1.0,1,1000.0,30,1.99599,0.15,4.0,auto
3725,955,956,arterial,1,1.0,1,1000.0,30,1.988907,0.15,4.0,auto
3726,956,955,arterial,1,1.0,1,1000.0,30,1.988907,0.15,4.0,auto
3727,955,995,arterial,1,1.0,1,1000.0,30,1.983968,0.15,4.0,auto
3728,995,955,arterial,1,1.0,1,1000.0,30,1.983968,0.15,4.0,auto
3729,956,957,arterial,1,1.0,1,1000.0,30,1.994877,0.15,4.0,auto
3730,957,956,arterial,1,1.0,1,1000.0,30,1.994877,0.15,4.0,auto
3731,956,996,arterial,1,1.0,1,1000.0,30,1.992577,0.15,4.0,auto
3732,996,956,arterial,1,1.0,1,1000.0,30,1.992577,0.15,4.0,auto
3733,957,958,arterial,1,1.0,1,1000.0,30,1.999361,0.15,4.0,auto
3734,958,957,arterial,1,1.0,1,1000.0,30,1.999361,0.15,4.0,auto
3735,957,997,arterial,1,1.0,1,1000.0,30,1.989213,0.15,4.0,auto
3736,997,957,arterial,1,1.0,1,1000.0,30,1.989213,0.15,4.0,auto
3737,958,959,arterial,1,1.0,1,1000.0,30,2.009978,0.15,4.0,auto
3738,959,958,arterial,1,1.0,1,1000.0,30,2.009978,0.15,4.0,auto
3739,958,998,arterial,1,1.0,1,1000.0,30,1.999496,0.15,4.0,auto
3740,998,958,arterial,1,1.0,1,1000.0,30,1.999496,0.15,4.0,auto
3741,959,960,arterial,1,1.0,1,1000.0,30,1.980358,0.15,4.0,auto
3742,960,959,arterial,1,1.0,1,1000.0,30,1.980358,0.15,4.0,auto
3743,959,999,arterial,1,1.0,1,1000.0,30,1.996264,0.15,4.0,auto
3744,999,959,arterial,1,1.0,1,1000.0,30,1.996264,0.15,4.0,auto
3745,960,1000,arterial,1,1.0,1,1000.0,30,1.980283,0.15,4.0,auto
3746,1000,960,arterial,1,1.0,1,1000.0,30,1.980283,0.15,4.0,auto
3747,961,962,arterial,1,1.0,1,1000.0,30,2.003734,0.15,4.0,auto
3748,962,961,arterial,1,1.0,1,1000.0,30,2.003734,0.15,4.0,auto
3749,961,1001,arterial,1,1.0,1,1000.0,30,2.018432,0.15,4.0,auto
3750,1001,961,arterial,1,1.0,1,1000.0,30,2.018432,0.15,4.0,auto
3751,962,963,arterial,1,1.0,1,1000.0,30,1.994625,0.15,4.0,auto
3752,963,962,arterial,1,1.0,1,1000.0,30,1.994625,0.15,4.0,auto
3753,962,1002,arterial,1,1.0,1,1000.0,30,2.003922,0.15,4.0,auto
3754,1002,962,arterial,1,1.0,1,1000.0,30,2.003922,0.15,4.0,auto
3755,963,964,arterial,1,1.0,1,1000.0,30,1.994756,0.15,4.0,auto
3756,964,963,arterial,1,1.0,1,1000.0,30,1.994756,0.15,4.0,auto
3757,963,1003,arterial,1,1.0,1,1000.0,30,1.992047,0.15,4.0,auto
3758,1003,963,arterial,1,1.0,1,1000.0,30,1.992047,0.15,4.0,auto
3759,964,965,arterial,1,1.0,1,1000.0,30,2.004368,0.15,4.0,auto
3760,965,964,arterial,1,1.0,1,1000.0,30,2.004368,0.15,4.0,auto
3761,964,1004,arterial,1,1.0,1,1000.0,30,2.003577,0.15,4.0,auto
3762,1004,964,arterial,1,1.0,1,1000.0,30,2.003577,0.15,4.0,auto
3763,965,966,arterial,1,1.0,1,1000.0,30,1.992605,0.15,4.0,auto
3764,966,965,arterial,1,1.0,1,1000.0,30,1.992605,0.15,4.0,auto
3765,965,1005,arterial,1,1.0,1,1000.0,30,1.999905,0.15,4.0,auto
3766,1005,965,arterial,1,1.0,1,1000.0,30,1.999905,0.15,4.0,auto
3767,966,967,arterial,1,1.0,1,1000.0,30,2.000648,0.15,4.0,auto
3768,967,966,arterial,1,1.0,1,1000.0,30,2.000648,0.15,4.0,auto
3769,966,1006,arterial,1,1.0,1,1000.0,30,2.010151,0.15,4.0,auto
3770,1006,966,arterial,1,1.0,1,1000.0,30,2.010151,0.15,4.0,auto
3771,967,968,arterial,1,1.0,1,1000.0,30,1.982122,0.15,4.0,auto
3772,968,967,arterial,1,1.0,1,1000.0,30,1.982122,0.15,4.0,auto
3773,967,1007,arterial,1,1.0,1,1000.0,30,1.983713,0.15,4.0,auto
3774,1007,967,arterial,1,1.0,1,1000.0,30,1.983713,0.15,4.0,auto
3775,968,969,arterial,1,1.0,1,1000.0,30,1.990079,0.15,4.0,auto
3776,969,968,arterial,1,1.0,1,1000.0,30,1.990079,0.15,4.0,auto
3777,968,1008,arterial,1,1.0,1,1000.0,30,1.990805,0.15,4.0,auto
3778,1008,968,arterial,1,1.0,1,1000.0,30,1.990805,0.15,4.0,auto
3779,969,970,arterial,1,1.0,1,1000.0,30,2.011826,0.15,4.0,auto
3780,970,969,arterial,1,1.0,1,1000.0,30,2.011826,0.15,4.0,auto
3781,969,1009,arterial,1,1.0,1,1000.0,30,1.997021,0.15,4.0,auto
3782,1009,969,arterial,1,1.0,1,1000.0,30,1.997021,0.15,4.0,auto
3783,970,971,arterial,1,1.0,1,1000.0,30,2.014402,0.15,4.0,auto
3784,971,970,arterial,1,1.0,1,1000.0,30,2.014402,0.15,4.0,auto
3785,970,1010,arterial,1,1.0,1,1000.0,30,1.996092,0.15,4.0,auto
3786,1010,970,arterial,1,1.0,1,1000.0,30,1.996092,0.15,4.0,auto
3787,971,972,arterial,1,1.0,1,1000.0,30,1.991431,0.15,4.0,auto
3788,972,971,arterial,1,1.0,1,1000.0,30,1.991431,0.15,4.0,auto
3789,971,1011,arterial,1,1.0,1,1000.0,30,2.007196,0.15,4.0,auto
3790,1011,971,arterial,1,1.0,1,1000.0,30,2.007196,0.15,4.0,auto
3791,972,973,arterial,1,1.0,1,1000.0,30,1.983419,0.15,4.0,auto
3792,973,972,arterial,1,1.0,1,1000.0,30,1.983419,0.15,4.0,auto
3793,972,1012,arterial,1,1.0,1,1000.0,30,2.019364,0.15,4.0,auto
3794,1012,972,arterial,1,1.0,1,1000.0,30,2.019364,0.15,4.0,auto
3795,973,974,arterial,1,1.0,1,1000.0,30,2.013261,0.15,4.0,auto
3796,974,973,arterial,1,1.0,1,1000.0,30,2.013261,0.15,4.0,auto
3797,973,1013,arterial,1,1.0,1,1000.0,30,1.993127,0.15,4.0,auto
3798,1013,973,arterial,1,1.0,1,1000.0,30,1.993127,0.15,4.0,auto
3799,974,975,arterial,1,1.0,1,1000.0,30,1.992694,0.15,4.0,auto
3800,975,974,arterial,1,1.0,1,1000.0,30,1.992694,0.15,4.0,auto
3801,974,1014,arterial,1,1.0,1,1000.0,30,2.012774,0.15,4.0,auto
3802,1014,974,arterial,1,1.0,1,1000.0,30,2.012774,0.15,4.0,auto
3803,975,976,arterial,1,1.0,1,1000.0,30,2.011532,0.15,4.0,auto
3804,976,975,arterial,1,1.0,1,1000.0,30,2.011532,0.15,4.0,auto
3805,975,1015,arterial,1,1.0,1,1000.0,30,2.005691,0.15,4.0,auto
3806,1015,975,arterial,1,1.0,1,1000.0,30,2.005691,0.15,4.0,auto
3807,976,977,arterial,1,1.0,1,1000.0,30,1.98227,0.15,4.0,auto
3808,977,976,arterial,1,1.0,1,1000.0,30,1.98227,0.15,4.0,auto
3809,976,1016,arterial,1,1.0,1,1000.0,30,2.010543,0.15,4.0,auto
3810,1016,976,arterial,1,1.0,1,1000.0,30,2.010543,0.15,4.0,auto
3811,977,978,arterial,1,1.0,1,1000.0,30,1.981918,0.15,4.0,auto
3812,978,977,arterial,1,1.0,1,1000.0,30,1.981918,0.15,4.0,auto
3813,977,1017,arterial,1,1.0,1,1000.0,30,2.004988,0.15,4.0,auto
3814,1017,977,arterial,1,1.0,1,1000.0,30,2.004988,0.15,4.0,auto
3815,978,979,arterial,1,1.0,1,1000.0,30,2.002084,0.15,4.0,auto
3816,979,978,arterial,1,1.0,1,1000.0,30,2.002084,0.15,4.0,auto
3817,978,1018,arterial,1,1.0,1,1000.0,30,2.017093,0.15,4.0,auto
3818,1018,978,arterial,1,1.0,1,1000.0,30,2.017093,0.15,4.0,auto
3819,979,980,arterial,1,1.0,1,1000.0,30,2.005548,0.15,4.0,auto
3820,980,979,arterial,1,1.0,1,1000.0,30,2.005548,0.15,4.0,auto
3821,979,1019,arterial,1,1.0,1,1000.0,30,1.980894,0.15,4.0,auto
3822,1019,979,arterial,1,1.0,1,1000.0,30,1.980894,0.15,4.0,auto
3823,980,1020,arterial,1,1.0,1,1000.0,30,2.010109,0.15,4.0,auto
3824,1020,980,arterial,1,1.0,1,1000.0,30,2.010109,0.15,4.0,auto
3825,981,982,arterial,1,1.0,1,1000.0,30,2.003193,0.15,4.0,auto
3826,982,981,arterial,1,1.0,1,1000.0,30,2.003193,0.15,4.0,auto
3827,981,1021,arterial,1,1.0,1,1000.0,30,1.980223,0.15,4.0,auto
3828,1021,981,arterial,1,1.0,1,1000.0,30,1.980223,0.15,4.0,auto
3829,982,983,arterial,1,1.0,1,1000.0,30,2.009477,0.15,4.0,auto
3830,983,982,arterial,1,1.0,1,1000.0,30,2.009477,0.15,4.0,auto
3831,982,1022,arterial,1,1.0,1,1000.0,30,1.996734,0.15,4.0,auto
3832,1022,982,arterial,1,1.0,1,1000.0,30,1.996734,0.15,4.0,auto
3833,983,984,arterial,1,1.0,1,1000.0,30,2.007186,0.15,4.0,auto
3834,984,983,arterial,1,1.0,1,1000.0,30,2.007186,0.15,4.0,auto
3835,983,1023,arterial,1,1.0,1,1000.0,30,2.019348,0.15,4.0,auto
3836,1023,983,arterial,1,1.0,1,1000.0,30,2.019348,0.15,4.0,auto
3837,984,985,arterial,1,1.0,1,1000.0,30,2.01667,0.15,4.0,auto
3838,985,984,arterial,1,1.0,1,1000.0,30,2.01667,0.15,4.0,auto
3839,984,1024,arterial,1,1.0,1,1000.0,30,1.982998,0.15,4.0,auto
3840,1024,984,arterial,1,1.0,1,1000.0,30,1.982998,0.15,4.0,auto
3841,985,986,arterial,1,1.0,1,1000.0,30,2.011256,0.15,4.0,auto
3842,986,985,arterial,1,1.0,1,1000.0,30,2.011256,0.15,4.0,auto
3843,985,1025,arterial,1,1.0,1,1000.0,30,1.997621,0.15,4.0,auto
3844,1025,985,arterial,1,1.0,1,1000.0,30,1.997621,0.15,4.0,auto
3845,986,987,arterial,1,1.0,1,1000.0,30,2.010062,0.15,4.0,auto
3846,987,986,arterial,1,1.0,1,1000.0,30,2.010062,0.15,4.0,auto
3847,986,1026,arterial,1,1.0,1,1000.0,30,1.995113,0.15,4.0,auto
3848,1026,986,arterial,1,1.0,1,1000.0,30,1.995113,0.15,4.0,auto
3849,987,988,arterial,1,1.0,1,1000.0,30,1.997907,0.15,4.0,auto
3850,988,987,arterial,1,1.0,1,1000.0,30,1.997907,0.15,4.0,auto
3851,987,1027,arterial,1,1.0,1,1000.0,30,1.997475,0.15,4.0,auto
3852,1027,987,arterial,1,1.0,1,1000.0,30,1.997475,0.15,4.0,auto
3853,988,989,arterial,1,1.0,1,1000.0,30,1.984719,0.15,4.0,auto
3854,989,988,arterial,1,1.0,1,1000.0,30,1.984719,0.15,4.0,auto
3855,988,1028,arterial,1,1.0,1,1000.0,30,1.992797,0.15,4.0,auto
3856,1028,988,arterial,1,1.0,1,1000.0,30,1.992797,0.15,4.0,auto
3857,989,990,arterial,1,1.0,1,1000.0,30,2.009388,0.15,4.0,auto
3858,990,989,arterial,1,1.0,1,1000.0,30,2.009388,0.15,4.0,auto
3859,989,1029,arterial,1,1.0,1,1000.0,30,1.982858,0.15,4.0,auto
3860,1029,989,arterial,1,1.0,1,1000.0,30,1.982858,0.15,4.0,auto
3861,990,991,arterial,1,1.0,1,1000.0,30,1.984634,0.15,4.0,auto
3862,991,990,arterial,1,1.0,1,1000.0,30,1.984634,0.15,4.0,auto
3863,990,1030,arterial,1,1.0,1,1000.0,30,2.013361,0.15,4.0,auto
3864,1030,990,arterial,1,1.0,1,1000.0,30,2.013361,0.15,4.0,auto
3865,991,992,arterial,1,1.0,1,1000.0,30,2.00665,0.15,4.0,auto
3866,992,991,arterial,1,1.0,1,1000.0,30,2.00665,0.15,4.0,auto
3867,991,1031,arterial,1,1.0,1,1000.0,30,2.001925,0.15,4.0,auto
3868,1031,991,arterial,1,1.0,1,1000.0,30,2.001925,0.15,4.0,auto
3869,992,993,arterial,1,1.0,1,1000.0,30,1.984529,0.15,4.0,auto
3870,993,992,arterial,1,1.0,1,1000.0,30,1.984529,0.15,4.0,auto
3871,992,1032,arterial,1,1.0,1,1000.0,30,1.984736,0.15,4.0,auto
3872,1032,992,arterial,1,1.0,1,1000.0,30,1.984736,0.15,4.0,auto
3873,993,994,arterial,1,1.0,1,1000.0,30,1.992402,0.15,4.0,auto
3874,994,993,arterial,1,1.0,1,1000.0,30,1.992402,0.15,4.0,auto
3875,993,1033,arterial,1,1.0,1,1000.0,30,2.018155,0.15,4.0,auto
3876,1033,993,arterial,1,1.0,1,1000.0,30,2.018155,0.15,4.0,auto
3877,994,995,arterial,1,1.0,1,1000.0,30,2.002408,0.15,4.0,auto
3878,995,994,arterial,1,1.0,1,1000.0,30,2.002408,0.15,4.0,auto
3879,994,1034,arterial,1,1.0,1,1000.0,30,2.016891,0.15,4.0,auto
3880,1034,994,arterial,1,1.0,1,1000.0,30,2.016891,0.15,4.0,auto
3881,995,996,arterial,1,1.0,1,1000.0,30,1.988446,0.15,4.0,auto
3882,996,995,arterial,1,1.0,1,1000.0,30,1.988446,0.15,4.0,auto
3883,995,1035,arterial,1,1.0,1,1000.0,30,1.996593,0.15,4.0,auto
3884,1035,995,arterial,1,1.0,1,1000.0,30,1.996593,0.15,4.0,auto
3885,996,997,arterial,1,1.0,1,1000.0,30,2.001453,0.15,4.0,auto
3886,997,996,arterial,1,1.0,1,1000.0,30,2.001453,0.15,4.0,auto
3887,996,1036,arterial,1,1.0,1,1000.0,30,2.01357,0.15,4.0,auto
3888,1036,996,arterial,1,1.0,1,1000.0,30,2.01357,0.15,4.0,auto
3889,997,998,arterial,1,1.0,1,1000.0,30,1.984934,0.15,4.0,auto
3890,998,997,arterial,1,1.0,1,1000.0,30,1.984934,0.15,4.0,auto
3891,997,1037,arterial,1,1.0,1,1000.0,30,2.014948,0.15,4.0,auto
3892,1037,997,arterial,1,1.0,1,1000.0,30,2.014948,0.15,4.0,auto
3893,998,999,arterial,1,1.0,1,1000.0,30,1.998896,0.15,4.0,auto
3894,999,998,arterial,1,1.0,1,1000.0,30,1.998896,0.15,4.0,auto
3895,998,1038,arterial,1,1.0,1,1000.0,30,1.981255,0.15,4.0,auto
3896,1038,998,arterial,1,1.0,1,1000.0,30,1.981255,0.15,4.0,auto
3897,999,1000,arterial,1,1.0,1,1000.0,30,1.997278,0.15,4.0,auto
3898,1000,999,arterial,1,1.0,1,1000.0,30,1.997278,0.15,4.0,auto
3899,999,1039,arterial,1,1.0,1,1000.0,30,1.995101,0.15,4.0,auto
3900,1039,999,arterial,1,1.0,1,1000.0,30,1.995101,0.15,4.0,auto
3901,1000,1040,arterial,1,1.0,1,1000.0,30,2.017127,0.15,4.0,auto
3902,1040,1000,arterial,1,1.0,1,1000.0,30,2.017127,0.15,4.0,auto
3903,1001,1002,arterial,1,1.0,1,1000.0,30,1.999745,0.15,4.0,auto
3904,1002,1001,arterial,1,1.0,1,1000.0,30,1.999745,0.15,4.0,auto
3905,1001,1041,arterial,1,1.0,1,1000.0,30,2.007583,0.15,4.0,auto
3906,1041,1001,arterial,1,1.0,1,1000.0,30,2.007583,0.15,4.0,auto
3907,1002,1003,arterial,1,1.0,1,1000.0,30,1.99552,0.15,4.0,auto
3908,1003,1002,arterial,1,1.0,1,1000.0,30,1.99552,0.15,4.0,auto
3909,1002,1042,arterial,1,1.0,1,1000.0,30,2.011143,0.15,4.0,auto
3910,1042,1002,arterial,1,1.0,1,1000.0,30,2.011143,0.15,4.0,auto
3911,1003,1004,arterial,1,1.0,1,1000.0,30,1.984209,0.15,4.0,auto
3912,1004,1003,arterial,1,1.0,1,1000.0,30,1.984209,0.15,4.0,auto
3913,1003,1043,arterial,1,1.0,1,1000.0,30,2.009694,0.15,4.0,auto
3914,1043,1003,arterial,1,1.0,1,1000.0,30,2.009694,0.15,4.0,auto
3915,1004,1005,arterial,1,1.0,1,1000.0,30,1.98666,0.15,4.0,auto
3916,1005,1004,arterial,1,1.0,1,1000.0,30,1.98666,0.15,4.0,auto
3917,1004,1044,arterial,1,1.0,1,1000.0,30,2.003433,0.15,4.0,auto
3918,1044,1004,arterial,1,1.0,1,1000.0,30,2.003433,0.15,4.0,auto
3919,1005,1006,arterial,1,1.0,1,1000.0,30,1.988085,0.15,4.0,auto
3920,1006,1005,arterial,1,1.0,1,1000.0,30,1.988085,0.15,4.0,auto
3921,1005,1045,arterial,1,1.0,1,1000.0,30,1.993851,0.15,4.0,auto
3922,1045,1005,arterial,1,1.0,1,1000.0,30,1.993851,0.15,4.0,auto
3923,1006,1007,arterial,1,1.0,1,1000.0,30,1.986554,0.15,4.0,auto
3924,1007,1006,arterial,1,1.0,1,1000.0,30,1.986554,0.15,4.0,auto
3925,1006,1046,arterial,1,1.0,1,1000.0,30,1.99399,0.15,4.0,auto
3926,1046,1006,arterial,1,1.0,1,1000.0,30,1.99399,0.15,4.0,auto
3927,1007,1008,arterial,1,1.0,1,1000.0,30,2.003656,0.15,4.0,auto
3928,1008,1007,arterial,1,1.0,1,1000.0,30,2.003656,0.15,4.0,auto
3929,1007,1047,arterial,1,1.0,1,1000.0,30,2.000799,0.15,4.0,auto
3930,1047,1007,arterial,1,1.0,1,1000.0,30,2.000799,0.15,4.0,auto
3931,1008,1009,arterial,1,1.0,1,1000.0,30,1.995542,0.15,4.0,auto
3932,1009,1008,arterial,1,1.0,1,1000.0,30,1.995542,0.15,4.0,auto
3933,1008,1048,arterial,1,1.0,1,1000.0,30,2.002971,0.15,4.0,auto
3934,1048,1008,arterial,1,1.0,1,1000.0,30,2.002971,0.15,4.0,auto
3935,1009,1010,arterial,1,1.0,1,1000.0,30,2.013692,0.15,4.0,auto
3936,1010,1009,arterial,1,1.0,1,1000.0,30,2.013692,0.15,4.0,auto
3937,1009,1049,arterial,1,1.0,1,1000.0,30,1.994331,0.15,4.0,auto
3938,1049,1009,arterial,1,1.0,1,1000.0,30,1.994331,0.15,4.0,auto
3939,1010,1011,arterial,1,1.0,1,1000.0,30,2.003353,0.15,4.0,auto
3940,1011,1010,arterial,1,1.0,1,1000.0,30,2.003353,0.15,4.0,auto
3941,1010,1050,arterial,1,1.0,1,1000.0,30,1.999219,0.15,4.0,auto
3942,1050,1010,arterial,1,1.0,1,1000.0,30,1.999219,0.15,4.0,auto
3943,1011,1012,arterial,1,1.0,1,1000.0,30,2.019224,0.15,4.0,auto
3944,1012,1011,arterial,1,1.0,1,1000.0,30,2.019224,0.15,4.0,auto
3945,1011,1051,arterial,1,1.0,1,1000.0,30,1.993121,0.15,4.0,auto
3946,1051,1011,arterial,1,1.0,1,1000.0,30,1.993121,0.15,4.0,auto
3947,1012,1013,arterial,1,1.0,1,1000.0,30,2.007897,0.15,4.0,auto
3948,1013,1012,arterial,1,1.0,1,1000.0,30,2.007897,0.15,4.0,auto
3949,1012,1052,arterial,1,1.0,1,1000.0,30,1.989343,0.15,4.0,auto
3950,1052,1012,arterial,1,1.0,1,1000.0,30,1.989343,0.15,4.0,auto
3951,1013,1014,arterial,1,1.0,1,1000.0,30,1.990451,0.15,4.0,auto
3952,1014,1013,arterial,1,1.0,1,1000.0,30,1.990451,0.15,4.0,auto
3953,1013,1053,arterial,1,1.0,1,1000.0,30,2.009216,0.15,4.0,auto
3954,1053,1013,arterial,1,1.0,1,1000.0,30,2.009216,0.15,4.0,auto
3955,1014,1015,arterial,1,1.0,1,1000.0,30,2.002999,0.15,4.0,auto
3956,1015,1014,arterial,1,1.0,1,1000.0,30,2.002999,0.15,4.0,auto
3957,1014,1054,arterial,1,1.0,1,1000.0,30,1.990282,0.15,4.0,auto
3958,1054,1014,arterial,1,1.0,1,1000.0,30,1.990282,0.15,4.0,auto
3959,1015,1016,arterial,1,1.0,1,1000.0,30,1.982567,0.15,4.0,auto
3960,1016,1015,arterial,1,1.0,1,1000.0,30,1.982567,0.15,4.0,auto
3961,1015,1055,arterial,1,1.0,1,1000.0,30,2.012993,0.15,4.0,auto
3962,1055,1015,arterial,1,1.0,1,1000.0,30,2.012993,0.15,4.0,auto
3963,1016,1017,arterial,1,1.0,1,1000.0,30,1.995103,0.15,4.0,auto
3964,1017,1016,arterial,1,1.0,1,1000.0,30,1.995103,0.15,4.0,auto
3965,1016,1056,arterial,1,1.0,1,1000.0,30,2.008659,0.15,4.0,auto
3966,1056,1016,arterial,1,1.0,1,1000.0,30,2.008659,0.15,4.0,auto
3967,1017,1018,arterial,1,1.0,1,1000.0,30,1.997309,0.15,4.0,auto
3968,1018,1017,arterial,1,1.0,1,1000.0,30,1.997309,0.15,4.0,auto
3969,1017,1057,arterial,1,1.0,1,1000.0,30,2.004705,0.15,4.0,auto
3970,1057,1017,arterial,1,1.0,1,1000.0,30,2.004705,0.15,4.0,auto
3971,1018,1019,arterial,1,1.0,1,1000.0,30,2.002381,0.15,4.0,auto
3972,1019,1018,arterial,1,1.0,1,1000.0,30,2.002381,0.15,4.0,auto
3973,1018,1058,arterial,1,1.0,1,1000.0,30,2.01903,0.15,4.0,auto
3974,1058,1018,arterial,1,1.0,1,1000.0,30,2.01903,0.15,4.0,auto
3975,1019,1020,arterial,1,1.0,1,1000.0,30,2.016385,0.15,4.0,auto
3976,1020,1019,arterial,1,1.0,1,1000.0,30,2.016385,0.15,4.0,auto
3977,1019,1059,arterial,1,1.0,1,1000.0,30,1.998231,0.15,4.0,auto
3978,1059,1019,arterial,1,1.0,1,1000.0,30,1.998231,0.15,4.0,auto
3979,1020,1060,arterial,1,1.0,1,1000.0,30,1.989253,0.15,4.0,auto
3980,1060,1020,arterial,1,1.0,1,1000.0,30,1.989253,0.15,4.0,auto
3981,1021,1022,arterial,1,1.0,1,1000.0,30,2.010125,0.15,4.0,auto
3982,1022,1021,arterial,1,1.0,1,1000.0,30,2.010125,0.15,4.0,auto
3983,1021,1061,arterial,1,1.0,1,1000.0,30,1.984092,0.15,4.0,auto
3984,1061,1021,arterial,1,1.0,1,1000.0,30,1.984092,0.15,4.0,auto
3985,1022,1023,arterial,1,1.0,1,1000.0,30,1.992262,0.15,4.0,auto
3986,1023,1022,arterial,1,1.0,1,1000.0,30,1.992262,0.15,4.0,auto
3987,1022,1062,arterial,1,1.0,1,1000.0,30,2.013897,0.15,4.0,auto
3988,1062,1022,arterial,1,1.0,1,1000.0,30,2.013897,0.15,4.0,auto
3989,1023,1024,arterial,1,1.0,1,1000.0,30,1.981403,0.15,4.0,auto
3990,1024,1023,arterial,1,1.0,1,1000.0,30,1.981403,0.15,4.0,auto
3991,1023,1063,arterial,1,1.0,1,1000.0,30,2.007939,0.15,4.0,auto
3992,1063,1023,arterial,1,1.0,1,1000.0,30,2.007939,0.15,4.0,auto
3993,1024,1025,arterial,1,1.0,1,1000.0,30,2.002723,0.15,4.0,auto
3994,1025,1024,arterial,1,1.0,1,1000.0,30,2.002723,0.15,4.0,auto
3995,1024,1064,arterial,1,1.0,1,1000.0,30,2.00206,0.15,4.0,auto
3996,1064,1024,arterial,1,1.0,1,1000.0,30,2.00206,0.15,4.0,auto
3997,1025,1026,arterial,1,1.0,1,1000.0,30,1.993321,0.15,4.0,auto
3998,1026,1025,arterial,1,1.0,1,1000.0,30,1.993321,0.15,4.0,auto
3999,1025,1065,arterial,1,1.0,1,1000.0,30,1.986062,0.15,4.0,auto
4000,1065,1025,arterial,1,1.0,1,1000.0,30,1.986062,0.15,4.0,auto
4001,1026,1027,arterial,1,1.0,1,1000.0,30,2.018033,0.15,4.0,auto
4002,1027,1026,arterial,1,1.0,1,1000.0,30,2.018033,0.15,4.0,auto
4003,1026,1066,arterial,1,1.0,1,1000.0,30,2.010589,0.15,4.0,auto
4004,1066,1026,arterial,1,1.0,1,1000.0,30,2.010589,0.15,4.0,auto
4005,1027,1028,arterial,1,1.0,1,1000.0,30,2.01223,0.15,4.0,auto
4006,1028,1027,arterial,1,1.0,1,1000.0,30,2.01223,0.15,4.0,auto
4007,1027,1067,arterial,1,1.0,1,1000.0,30,1.983907,0.15,4.0,auto
4008,1067,1027,arterial,1,1.0,1,1000.0,30,1.983907,0.15,4.0,auto
4009,1028,1029,arterial,1,1.0,1,1000.0,30,2.011363,0.15,4.0,auto
4010,1029,1028,arterial,1,1.0,1,1000.0,30,2.011363,0.15,4.0,auto
4011,1028,1068,arterial,1,1.0,1,1000.0,30,1.98874,0.15,4.0,auto
4012,1068,1028,arterial,1,1.0,1,1000.0,30,1.98874,0.15,4.0,auto
4013,1029,1030,arterial,1,1.0,1,1000.0,30,1.987971,0.15,4.0,auto
4014,1030,1029,arterial,1,1.0,1,1000.0,30,1.987971,0.15,4.0,auto
4015,1029,1069,arterial,1,1.0,1,1000.0,30,2.001399,0.15,4.0,auto
4016,1069,1029,arterial,1,1.0,1,1000.0,30,2.001399,0.15,4.0,auto
4017,1030,1031,arterial,1,1.0,1,1000.0,30,2.004393,0.15,4.0,auto
4018,1031,1030,arterial,1,1.0,1,1000.0,30,2.004393,0.15,4.0,auto
4019,1030,1070,arterial,1,1.0,1,1000.0,30,1.984832,0.15,4.0,auto
4020,1070,1030,arterial,1,1.0,1,1000.0,30,1.984832,0.15,4.0,auto
4021,1031,1032,arterial,1,1.0,1,1000.0,30,2.010595,0.15,4.0,auto
4022,1032,1031,arterial,1,1.0,1,1000.0,30,2.010595,0.15,4.0,auto
4023,1031,1071,arterial,1,1.0,1,1000.0,30,2.003298,0.15,4.0,auto
4024,1071,1031,arterial,1,1.0,1,1000.0,30,2.003298,0.15,4.0,auto
4025,1032,1033,arterial,1,1.0,1,1000.0,30,2.015975,0.15,4.0,auto
4026,1033,1032,arterial,1,1.0,1,1000.0,30,2.015975,0.15,4.0,auto
4027,1032,1072,arterial,1,1.0,1,1000.0,30,2.016957,0.15,4.0,auto
4028,1072,1032,arterial,1,1.0,1,1000.0,30,2.016957,0.15,4.0,auto
4029,1033,1034,arterial,1,1.0,1,1000.0,30,2.007571,0.15,4.0,auto
4030,1034,1033,arterial,1,1.0,1,1000.0,30,2.007571,0.15,4.0,auto
4031,1033,1073,arterial,1,1.0,1,1000.0,30,1.994561,0.15,4.0,auto
4032,1073,1033,arterial,1,1.0,1,1000.0,30,1.994561,0.15,4.0,auto
4033,1034,1035,arterial,1,1.0,1,1000.0,30,2.018041,0.15,4.0,auto
4034,1035,1034,arterial,1,1.0,1,1000.0,30,2.018041,0.15,4.0,auto
4035,1034,1074,arterial,1,1.0,1,1000.0,30,2.008743,0.15,4.0,auto
4036,1074,1034,arterial,1,1.0,1,1000.0,30,2.008743,0.15,4.0,auto
4037,1035,1036,arterial,1,1.0,1,1000.0,30,1.991635,0.15,4.0,auto
4038,1036,1035,arterial,1,1.0,1,1000.0,30,1.991635,0.15,4.0,auto
4039,1035,1075,arterial,1,1.0,1,1000.0,30,2.014305,0.15,4.0,auto
4040,1075,1035,arterial,1,1.0,1,1000.0,30,2.014305,0.15,4.0,auto
4041,1036,1037,arterial,1,1.0,1,1000.0,30,2.009075,0.15,4.0,auto
4042,1037,1036,arterial,1,1.0,1,1000.0,30,2.009075,0.15,4.0,auto
4043,1036,1076,arterial,1,1.0,1,1000.0,30,1.990589,0.15,4.0,auto
4044,1076,1036,arterial,1,1.0,1,1000.0,30,1.990589,0.15,4.0,auto
4045,1037,1038,arterial,1,1.0,1,1000.0,30,1.989968,0.15,4.0,auto
4046,1038,1037,arterial,1,1.0,1,1000.0,30,1.989968,0.15,4.0,auto
4047,1037,1077,arterial,1,1.0,1,1000.0,30,1.980813,0.15,4.0,auto
4048,1077,1037,arterial,1,1.0,1,1000.0,30,1.980813,0.15,4.0,auto
4049,1038,1039,arterial,1,1.0,1,1000.0,30,2.001488,0.15,4.0,auto
4050,1039,1038,arterial,1,1.0,1,1000.0,30,2.001488,0.15,4.0,auto
4051,1038,1078,arterial,1,1.0,1,1000.0,30,1.990143,0.15,4.0,auto
4052,1078,1038,arterial,1,1.0,1,1000.0,30,1.990143,0.15,4.0,auto
4053,1039,1040,arterial,1,1.0,1,1000.0,30,1.991721,0.15,4.0,auto
4054,1040,1039,arterial,1,1.0,1,1000.0,30,1.991721,0.15,4.0,auto
4055,1039,1079,arterial,1,1.0,1,1000.0,30,1.990115,0.15,4.0,auto
4056,1079,1039,arterial,1,1.0,1,1000.0,30,1.990115,0.15,4.0,auto
4057,1040,1080,arterial,1,1.0,1,1000.0,30,1.999395,0.15,4.0,auto
4058,1080,1040,arterial,1,1.0,1,1000.0,30,1.999395,0.15,4.0,auto
4059,1041,1042,arterial,1,1.0,1,3000.0,30,1.990905,0.15,4.0,auto
4060,1042,1041,arterial,1,1.0,1,3000.0,30,1.990905,0.15,4.0,auto
4061,1041,1081,arterial,1,1.0,1,1000.0,30,1.991402,0.15,4.0,auto
4062,1081,1041,arterial,1,1.0,1,1000.0,30,1.991402,0.15,4.0,auto
4063,1042,1043,arterial,1,1.0,1,3000.0,30,1.991103,0.15,4.0,auto
4064,1043,1042,arterial,1,1.0,1,3000.0,30,1.991103,0.15,4.0,auto
4065,1042,1082,arterial,1,1.0,1,1000.0,30,2.000368,0.15,4.0,auto
4066,1082,1042,arterial,1,1.0,1,1000.0,30,2.000368,0.15,4.0,auto
4067,1043,1044,arterial,1,1.0,1,3000.0,30,2.014953,0.15,4.0,auto
4068,1044,1043,arterial,1,1.0,1,3000.0,30,2.014953,0.15,4.0,auto
4069,1043,1083,arterial,1,1.0,1,1000.0,30,1.986404,0.15,4.0,auto
4070,1083,1043,arterial,1,1.0,1,1000.0,30,1.986404,0.15,4.0,auto
4071,1044,1045,arterial,1,1.0,1,3000.0,30,2.014385,0.15,4.0,auto
4072,1045,1044,arterial,1,1.0,1,3000.0,30,2.014385,0.15,4.0,auto
4073,1044,1084,arterial,1,1.0,1,1000.0,30,2.014189,0.15,4.0,auto
4074,1084,1044,arterial,1,1.0,1,1000.0,30,2.014189,0.15,4.0,auto
4075,1045,1046,arterial,1,1.0,1,3000.0,30,2.004376,0.15,4.0,auto
4076,1046,1045,arterial,1,1.0,1,3000.0,30,2.004376,0.15,4.0,auto
4077,1045,1085,arterial,1,1.0,1,1000.0,30,2.001752,0.15,4.0,auto
4078,1085,1045,arterial,1,1.0,1,1000.0,30,2.001752,0.15,4.0,auto
4079,1046,1047,arterial,1,1.0,1,3000.0,30,2.009357,0.15,4.0,auto
4080,1047,1046,arterial,1,1.0,1,3000.0,30,2.009357,0.15,4.0,auto
4081,1046,1086,arterial,1,1.0,1,1000.0,30,2.001382,0.15,4.0,auto
4082,1086,1046,arterial,1,1.0,1,1000.0,30,2.001382,0.15,4.0,auto
4083,1047,1048,arterial,1,1.0,1,3000.0,30,2.006398,0.15,4.0,auto
4084,1048,1047,arterial,1,1.0,1,3000.0,30,2.006398,0.15,4.0,auto
4085,1047,1087,arterial,1,1.0,1,1000.0,30,2.016771,0.15,4.0,auto
4086,1087,1047,arterial,1,1.0,1,1000.0,30,2.016771,0.15,4.0,auto
4087,1048,1049,arterial,1,1.0,1,3000.0,30,2.011008,0.15,4.0,auto
4088,1049,1048,arterial,1,1.0,1,3000.0,30,2.011008,0.15,4.0,auto
4089,1048,1088,arterial,1,1.0,1,1000.0,30,1.990394,0.15,4.0,auto
4090,1088,1048,arterial,1,1.0,1,1000.0,30,1.990394,0.15,4.0,auto
4091,1049,1050,arterial,1,1.0,1,3000.0,30,1.982173,0.15,4.0,auto
4092,1050,1049,arterial,1,1.0,1,3000.0,30,1.982173,0.15,4.0,auto
4093,1049,1089,arterial,1,1.0,1,1000.0,30,2.017466,0.15,4.0,auto
4094,1089,1049,arterial,1,1.0,1,1000.0,30,2.017466,0.15,4.0,auto
4095,1050,1051,arterial,1,1.0,1,3000.0,30,1.994507,0.15,4.0,auto
4096,1051,1050,arterial,1,1.0,1,3000.0,30,1.994507,0.15,4.0,auto
4097,1050,1090,arterial,1,1.0,1,1000.0,30,2.011491,0.15,4.0,auto
4098,1090,1050,arterial,1,1.0,1,1000.0,30,2.011491,0.15,4.0,auto
4099,1051,1052,arterial,1,1.0,1,3000.0,30,1.989337,0.15,4.0,auto
4100,1052,1051,arterial,1,1.0,1,3000.0,30,1.989337,0.15,4.0,auto
4101,1051,1091,arterial,1,1.0,1,1000.0,30,1.998113,0.15,4.0,auto
4102,1091,1051,arterial,1,1.0,1,1000.0,30,1.998113,0.15,4.0,auto
4103,1052,1053,arterial,1,1.0,1,3000.0,30,1.994819,0.15,4.0,auto
4104,1053,1052,arterial,1,1.0,1,3000.0,30,1.994819,0.15,4.0,auto
4105,1052,1092,arterial,1,1.0,1,1000.0,30,2.009169,0.15,4.0,auto
4106,1092,1052,arterial,1,1.0,1,1000.0,30,2.009169,0.15,4.0,auto
4107,1053,1054,arterial,1,1.0,1,3000.0,30,2.017745,0.15,4.0,auto
4108,1054,1053,arterial,1,1.0,1,3000.0,30,2.017745,0.15,4.0,auto
4109,1053,1093,arterial,1,1.0,1,1000.0,30,2.000226,0.15,4.0,auto
4110,1093,1053,arterial,1,1.0,1,1000.0,30,2.000226,0.15,4.0,auto
4111,1054,1055,arterial,1,1.0,1,3000.0,30,2.002641,0.15,4.0,auto
4112,1055,1054,arterial,1,1.0,1,3000.0,30,2.002641,0.15,4.0,auto
4113,1054,1094,arterial,1,1.0,1,1000.0,30,1.99395,0.15,4.0,auto
4114,1094,1054,arterial,1,1.0,1,1000.0,30,1.99395,0.15,4.0,auto
4115,1055,1056,arterial,1,1.0,1,3000.0,30,1.989287,0.15,4.0,auto
4116,1056,1055,arterial,1,1.0,1,3000.0,30,1.989287,0.15,4.0,auto
4117,1055,1095,arterial,1,1.0,1,1000.0,30,2.017995,0.15,4.0,auto
4118,1095,1055,arterial,1,1.0,1,1000.0,30,2.017995,0.15,4.0,auto
4119,1056,1057,arterial,1,1.0,1,3000.0,30,1.98441,0.15,4.0,auto
4120,1057,1056,arterial,1,1.0,1,3000.0,30,1.98441,0.15,4.0,auto
4121,1056,1096,arterial,1,1.0,1,1000.0,30,2.01762,0.15,4.0,auto
4122,1096,1056,arterial,1,1.0,1,1000.0,30,2.01762,0.15,4.0,auto
4123,1057,1058,arterial,1,1.0,1,3000.0,30,2.006286,0.15,4.0,auto
4124,1058,1057,arterial,1,1.0,1,3000.0,30,2.006286,0.15,4.0,auto
4125,1057,1097,arterial,1,1.0,1,1000.0,30,1.982872,0.15,4.0,auto
4126,1097,1057,arterial,1,1.0,1,1000.0,30,1.982872,0.15,4.0,auto
4127,1058,1059,arterial,1,1.0,1,3000.0,30,2.016069,0.15,4.0,auto
4128,1059,1058,arterial,1,1.0,1,3000.0,30,2.016069,0.15,4.0,auto
4129,1058,1098,arterial,1,1.0,1,1000.0,30,1.98408,0.15,4.0,auto
4130,1098,1058,arterial,1,1.0,1,1000.0,30,1.98408,0.15,4.0,auto
4131,1059,1060,arterial,1,1.0,1,3000.0,30,2.002617,0.15,4.0,auto
4132,1060,1059,arterial,1,1.0,1,3000.0,30,2.002617,0.15,4.0,auto
4133,1059,1099,arterial,1,1.0,1,1000.0,30,1.984789,0.15,4.0,auto
4134,1099,1059,arterial,1,1.0,1,1000.0,30,1.984789,0.15,4.0,auto
4135,1060,1100,arterial,1,1.0,1,1000.0,30,1.992373,0.15,4.0,auto
4136,1100,1060,arterial,1,1.0,1,1000.0,30,1.992373,0.15,4.0,auto
4137,1061,1062,arterial,1,1.0,1,3000.0,30,2.014885,0.15,4.0,auto
4138,1062,1061,arterial,1,1.0,1,3000.0,30,2.014885,0.15,4.0,auto
4139,1061,1101,arterial,1,1.0,1,1000.0,30,1.982457,0.15,4.0,auto
4140,1101,1061,arterial,1,1.0,1,1000.0,30,1.982457,0.15,4.0,auto
4141,1062,1063,arterial,1,1.0,1,3000.0,30,2.006654,0.15,4.0,auto
4142,1063,1062,arterial,1,1.0,1,3000.0,30,2.006654,0.15,4.0,auto
4143,1062,1102,arterial,1,1.0,1,1000.0,30,1.982715,0.15,4.0,auto
4144,1102,1062,arterial,1,1.0,1,1000.0,30,1.982715,0.15,4.0,auto
4145,1063,1064,arterial,1,1.0,1,3000.0,30,1.981187,0.15,4.0,auto
4146,1064,1063,arterial,1,1.0,1,3000.0,30,1.981187,0.15,4.0,auto
4147,1063,1103,arterial,1,1.0,1,1000.0,30,2.002837,0.15,4.0,auto
4148,1103,1063,arterial,1,1.0,1,1000.0,30,2.002837,0.15,4.0,auto
4149,1064,1065,arterial,1,1.0,1,3000.0,30,2.019312,0.15,4.0,auto
4150,1065,1064,arterial,1,1.0,1,3000.0,30,2.019312,0.15,4.0,auto
4151,1064,1104,arterial,1,1.0,1,1000.0,30,2.007405,0.15,4.0,auto
4152,1104,1064,arterial,1,1.0,1,1000.0,30,2.007405,0.15,4.0,auto
4153,1065,1066,arterial,1,1.0,1,3000.0,30,2.014213,0.15,4.0,auto
4154,1066,1065,arterial,1,1.0,1,3000.0,30,2.014213,0.15,4.0,auto
4155,1065,1105,arterial,1,1.0,1,1000.0,30,2.011393,0.15,4.0,auto
4156,1105,1065,arterial,1,1.0,1,1000.0,30,2.011393,0.15,4.0,auto
4157,1066,1067,arterial,1,1.0,1,3000.0,30,2.000847,0.15,4.0,auto
4158,1067,1066,arterial,1,1.0,1,3000.0,30,2.000847,0.15,4.0,auto
4159,1066,1106,arterial,1,1.0,1,1000.0,30,1.983088,0.15,4.0,auto
4160,1106,1066,arterial,1,1.0,1,1000.0,30,1.983088,0.15,4.0,auto
4161,1067,1068,arterial,1,1.0,1,3000.0,30,2.00108,0.15,4.0,auto
4162,1068,1067,arterial,1,1.0,1,3000.0,30,2.00108,0.15,4.0,auto
4163,1067,1107,arterial,1,1.0,1,1000.0,30,1.987383,0.15,4.0,auto
4164,1107,1067,arterial,1,1.0,1,1000.0,30,1.987383,0.15,4.0,auto
4165,1068,1069,arterial,1,1.0,1,3000.0,30,2.001068,0.15,4.0,auto
4166,1069,1068,arterial,1,1.0,1,3000.0,30,2.001068,0.15,4.0,auto
4167,1068,1108,arterial,1,1.0,1,1000.0,30,1.994169,0.15,4.0,auto
4168,1108,1068,arterial,1,1.0,1,1000.0,30,1.994169,0.15,4.0,auto
4169,1069,1070,arterial,1,1.0,1,3000.0,30,1.99996,0.15,4.0,auto
4170,1070,1069,arterial,1,1.0,1,3000.0,30,1.99996,0.15,4.0,auto
4171,1069,1109,arterial,1,1.0,1,1000.0,30,1.987901,0.15,4.0,auto
4172,1109,1069,arterial,1,1.0,1,1000.0,30,1.987901,0.15,4.0,auto
4173,1070,1071,arterial,1,1.0,1,3000.0,30,2.008202,0.15,4.0,auto
4174,1071,1070,arterial,1,1.0,1,3000.0,30,2.008202,0.15,4.0,auto
4175,1070,1110,arterial,1,1.0,1,1000.0,30,1.996691,0.15,4.0,auto
4176,1110,1070,arterial,1,1.0,1,1000.0,30,1.996691,0.15,4.0,auto
4177,1071,1072,arterial,1,1.0,1,3000.0,30,1.999436,0.15,4.0,auto
4178,1072,1071,arterial,1,1.0,1,3000.0,30,1.999436,0.15,4.0,auto
4179,1071,1111,arterial,1,1.0,1,1000.0,30,1.983148,0.15,4.0,auto
4180,1111,1071,arterial,1,1.0,1,1000.0,30,1.983148,0.15,4.0,auto
4181,1072,1073,arterial,1,1.0,1,3000.0,30,1.999478,0.15,4.0,auto
4182,1073,1072,arterial,1,1.0,1,3000.0,30,1.999478,0.15,4.0,auto
4183,1072,1112,arterial,1,1.0,1,1000.0,30,2.002303,0.15,4.0,auto
4184,1112,1072,arterial,1,1.0,1,1000.0,30,2.002303,0.15,4.0,auto
4185,1073,1074,arterial,1,1.0,1,3000.0,30,2.018902,0.15,4.0,auto
4186,1074,1073,arterial,1,1.0,1,3000.0,30,2.018902,0.15,4.0,auto
4187,1073,1113,arterial,1,1.0,1,1000.0,30,2.002458,0.15,4.0,auto
4188,1113,1073,arterial,1,1.0,1,1000.0,30,2.002458,0.15,4.0,auto
4189,1074,1075,arterial,1,1.0,1,3000.0,30,1.985396,0.15,4.0,auto
4190,1075,1074,arterial,1,1.0,1,3000.0,30,1.985396,0.15,4.0,auto
4191,1074,1114,arterial,1,1.0,1,1000.0,30,1.992009,0.15,4.0,auto
4192,1114,1074,arterial,1,1.0,1,1000.0,30,1.992009,0.15,4.0,auto
4193,1075,1076,arterial,1,1.0,1,3000.0,30,1.993425,0.15,4.0,auto
4194,1076,1075,arterial,1,1.0,1,3000.0,30,1.993425,0.15,4.0,auto
4195,1075,1115,arterial,1,1.0,1,1000.0,30,2.008083,0.15,4.0,auto
4196,1115,1075,arterial,1,1.0,1,1000.0,30,2.008083,0.15,4.0,auto
4197,1076,1077,arterial,1,1.0,1,3000.0,30,2.017556,0.15,4.0,auto
4198,1077,1076,arterial,1,1.0,1,3000.0,30,2.017556,0.15,4.0,auto
4199,1076,1116,arterial,1,1.0,1,1000.0,30,2.019041,0.15,4.0,auto
4200,1116,1076,arterial,1,1.0,1,1000.0,30,2.019041,0.15,4.0,auto
4201,1077,1078,arterial,1,1.0,1,3000.0,30,2.017998,0.15,4.0,auto
4202,1078,1077,arterial,1,1.0,1,3000.0,30,2.017998,0.15,4.0,auto
4203,1077,1117,arterial,1,1.0,1,1000.0,30,2.017014,0.15,4.0,auto
4204,1117,1077,arterial,1,1.0,1,1000.0,30,2.017014,0.15,4.0,auto
4205,1078,1079,arterial,1,1.0,1,3000.0,30,2.014345,0.15,4.0,auto
4206,1079,1078,arterial,1,1.0,1,3000.0,30,2.014345,0.15,4.0,auto
4207,1078,1118,arterial,1,1.0,1,1000.0,30,2.017399,0.15,4.0,auto
4208,1118,1078,arterial,1,1.0,1,1000.0,30,2.017399,0.15,4.0,auto
4209,1079,1080,arterial,1,1.0,1,3000.0,30,1.980807,0.15,4.0,auto
4210,1080,1079,arterial,1,1.0,1,3000.0,30,1.980807,0.15,4.0,auto
4211,1079,1119,arterial,1,1.0,1,1000.0,30,1.999588,0.15,4.0,auto
4212,1119,1079,arterial,1,1.0,1,1000.0,30,1.999588,0.15,4.0,auto
4213,1080,1120,arterial,1,1.0,1,1000.0,30,2.007429,0.15,4.0,auto
4214,1120,1080,arterial,1,1.0,1,1000.0,30,2.007429,0.15,4.0,auto
4215,1081,1082,arterial,1,1.0,1,1000.0,30,2.00451,0.15,4.0,auto
4216,1082,1081,arterial,1,1.0,1,1000.0,30,2.00451,0.15,4.0,auto
4217,1081,1121,arterial,1,1.0,1,1000.0,30,2.004526,0.15,4.0,auto
4218,1121,1081,arterial,1,1.0,1,1000.0,30,2.004526,0.15,4.0,auto
4219,1082,1083,arterial,1,1.0,1,1000.0,30,2.01733,0.15,4.0,auto
4220,1083,1082,arterial,1,1.0,1,1000.0,30,2.01733,0.15,4.0,auto
4221,1082,1122,arterial,1,1.0,1,1000.0,30,1.983456,0.15,4.0,auto
4222,1122,1082,arterial,1,1.0,1,1000.0,30,1.983456,0.15,4.0,auto
4223,1083,1084,arterial,1,1.0,1,1000.0,30,2.00077,0.15,4.0,auto
4224,1084,1083,arterial,1,1.0,1,1000.0,30,2.00077,0.15,4.0,auto
4225,1083,1123,arterial,1,1.0,1,1000.0,30,2.018379,0.15,4.0,auto
4226,1123,1083,arterial,1,1.0,1,1000.0,30,2.018379,0.15,4.0,auto
4227,1084,1085,arterial,1,1.0,1,1000.0,30,1.981274,0.15,4.0,auto
4228,1085,1084,arterial,1,1.0,1,1000.0,30,1.981274,0.15,4.0,auto
4229,1084,1124,arterial,1,1.0,1,1000.0,30,1.984469,0.15,4.0,auto
4230,1124,1084,arterial,1,1.0,1,1000.0,30,1.984469,0.15,4.0,auto
4231,1085,1086,arterial,1,1.0,1,1000.0,30,2.014762,0.15,4.0,auto
4232,1086,1085,arterial,1,1.0,1,1000.0,30,2.014762,0.15,4.0,auto
4233,1085,1125,arterial,1,1.0,1,1000.0,30,2.018286,0.15,4.0,auto
4234,1125,1085,arterial,1,1.0,1,1000.0,30,2.018286,0.15,4.0,auto
4235,1086,1087,arterial,1,1.0,1,1000.0,30,1.980963,0.15,4.0,auto
4236,1087,1086,arterial,1,1.0,1,1000.0,30,1.980963,0.15,4.0,auto
4237,1086,1126,arterial,1,1.0,1,1000.0,30,1.981278,0.15,4.0,auto
4238,1126,1086,arterial,1,1.0,1,1000.0,30,1.981278,0.15,4.0,auto
4239,1087,1088,arterial,1,1.0,1,1000.0,30,2.01319,0.15,4.0,auto
4240,1088,1087,arterial,1,1.0,1,1000.0,30,2.01319,0.15,4.0,auto
4241,1087,1127,arterial,1,1.0,1,1000.0,30,2.007539,0.15,4.0,auto
4242,1127,1087,arterial,1,1.0,1,1000.0,30,2.007539,0.15,4.0,auto
4243,1088,1089,arterial,1,1.0,1,1000.0,30,2.000791,0.15,4.0,auto
4244,1089,1088,arterial,1,1.0,1,1000.0,30,2.000791,0.15,4.0,auto
4245,1088,1128,arterial,1,1.0,1,1000.0,30,2.003203,0.15,4.0,auto
4246,1128,1088,arterial,1,1.0,1,1000.0,30,2.003203,0.15,4.0,auto
4247,1089,1090,arterial,1,1.0,1,1000.0,30,2.010295,0.15,4.0,auto
4248,1090,1089,arterial,1,1.0,1,1000.0,30,2.010295,0.15,4.0,auto
4249,1089,1129,arterial,1,1.0,1,1000.0,30,2.012312,0.15,4.0,auto
4250,1129,1089,arterial,1,1.0,1,1000.0,30,2.012312,0.15,4.0,auto
4251,1090,1091,arterial,1,1.0,1,1000.0,30,1.980027,0.15,4.0,auto
4252,1091,1090,arterial,1,1.0,1,1000.0,30,1.980027,0.15,4.0,auto
4253,1090,1130,arterial,1,1.0,1,1000.0,30,1.982716,0.15,4.0,auto
4254,1130,1090,arterial,1,1.0,1,1000.0,30,1.982716,0.15,4.0,auto
4255,1091,1092,arterial,1,1.0,1,1000.0,30,2.011767,0.15,4.0,auto
4256,1092,1091,arterial,1,1.0,1,1000.0,30,2.011767,0.15,4.0,auto
4257,1091,1131,arterial,1,1.0,1,1000.0,30,2.019016,0.15,4.0,auto
4258,1131,1091,arterial,1,1.0,1,1000.0,30,2.019016,0.15,4.0,auto
4259,1092,1093,arterial,1,1.0,1,1000.0,30,2.013335,0.15,4.0,auto
4260,1093,1092,arterial,1,1.0,1,1000.0,30,2.013335,0.15,4.0,auto
4261,1092,1132,arterial,1,1.0,1,1000.0,30,1.996305,0.15,4.0,auto
4262,1132,1092,arterial,1,1.0,1,1000.0,30,1.996305,0.15,4.0,auto
4263,1093,1094,arterial,1,1.0,1,1000.0,30,1.993422,0.15,4.0,auto
4264,1094,1093,arterial,1,1.0,1,1000.0,30,1.993422,0.15,4.0,auto
4265,1093,1133,arterial,1,1.0,1,1000.0,30,1.99387,0.15,4.0,auto
4266,1133,1093,arterial,1,1.0,1,1000.0,30,1.99387,0.15,4.0,auto
4267,1094,1095,arterial,1,1.0,1,1000.0,30,1.980598,0.15,4.0,auto
4268,1095,1094,arterial,1,1.0,1,1000.0,30,1.980598,0.15,4.0,auto
4269,1094,1134,arterial,1,1.0,1,1000.0,30,2.010808,0.15,4.0,auto
4270,1134,1094,arterial,1,1.0,1,1000.0,30,2.010808,0.15,4.0,auto
4271,1095,1096,arterial,1,1.0,1,1000.0,30,1.990491,0.15,4.0,auto
4272,1096,1095,arterial,1,1.0,1,1000.0,30,1.990491,0.15,4.0,auto
4273,1095,1135,arterial,1,1.0,1,1000.0,30,2.003425,0.15,4.0,auto
4274,1135,1095,arterial,1,1.0,1,1000.0,30,2.003425,0.15,4.0,auto
4275,1096,1097,arterial,1,1.0,1,1000.0,30,2.001045,0.15,4.0,auto
4276,1097,1096,arterial,1,1.0,1,1000.0,30,2.001045,0.15,4.0,auto
4277,1096,1136,arterial,1,1.0,1,1000.0,30,1.993415,0.15,4.0,auto
4278,1136,1096,arterial,1,1.0,1,1000.0,30,1.993415,0.15,4.0,auto
4279,1097,1098,arterial,1,1.0,1,1000.0,30,2.006996,0.15,4.0,auto
4280,1098,1097,arterial,1,1.0,1,1000.0,30,2.006996,0.15,4.0,auto
4281,1097,1137,arterial,1,1.0,1,1000.0,30,1.998196,0.15,4.0,auto
4282,1137,1097,arterial,1,1.0,1,1000.0,30,1.998196,0.15,4.0,auto
4283,1098,1099,arterial,1,1.0,1,1000.0,30,1.989375,0.15,4.0,auto
4284,1099,1098,arterial,1,1.0,1,1000.0,30,1.989375,0.15,4.0,auto
4285,1098,1138,arterial,1,1.0,1,1000.0,30,2.015275,0.15,4.0,auto
4286,1138,1098,arterial,1,1.0,1,1000.0,30,2.015275,0.15,4.0,auto
4287,1099,1100,arterial,1,1.0,1,1000.0,30,1.987028,0.15,4.0,auto
4288,1100,1099,arterial,1,1.0,1,1000.0,30,1.987028,0.15,4.0,auto
4289,1099,1139,arterial,1,1.0,1,1000.0,30,1.985999,0.15,4.0,auto
4290,1139,1099,arterial,1,1.0,1,1000.0,30,1.985999,0.15,4.0,auto
4291,1100,1140,arterial,1,1.0,1,1000.0,30,1.99916,0.15,4.0,auto
4292,1140,1100,arterial,1,1.0,1,1000.0,30,1.99916,0.15,4.0,auto
4293,1101,1102,arterial,1,1.0,1,1000.0,30,2.011346,0.15,4.0,auto
4294,1102,1101,arterial,1,1.0,1,1000.0,30,2.011346,0.15,4.0,auto
4295,1101,1141,arterial,1,1.0,1,1000.0,30,1.993315,0.15,4.0,auto
4296,1141,1101,arterial,1,1.0,1,1000.0,30,1.993315,0.15,4.0,auto
4297,1102,1103,arterial,1,1.0,1,1000.0,30,1.98953,0.15,4.0,auto
4298,1103,1102,arterial,1,1.0,1,1000.0,30,1.98953,0.15,4.0,auto
4299,1102,1142,arterial,1,1.0,1,1000.0,30,2.006174,0.15,4.0,auto
4300,1142,1102,arterial,1,1.0,1,1000.0,30,2.006174,0.15,4.0,auto
4301,1103,1104,arterial,1,1.0,1,1000.0,30,1.99041,0.15,4.0,auto
4302,1104,1103,arterial,1,1.0,1,1000.0,30,1.99041,0.15,4.0,auto
4303,1103,1143,arterial,1,1.0,1,1000.0,30,2.00091,0.15,4.0,auto
4304,1143,1103,arterial,1,1.0,1,1000.0,30,2.00091,0.15,4.0,auto
4305,1104,1105,arterial,1,1.0,1,1000.0,30,1.990197,0.15,4.0,auto
4306,1105,1104,arterial,1,1.0,1,1000.0,30,1.990197,0.15,4.0,auto
4307,1104,1144,arterial,1,1.0,1,1000.0,30,2.01508,0.15,4.0,auto
4308,1144,1104,arterial,1,1.0,1,1000.0,30,2.01508,0.15,4.0,auto
4309,1105,1106,arterial,1,1.0,1,1000.0,30,1.987381,0.15,4.0,auto
4310,1106,1105,arterial,1,1.0,1,1000.0,30,1.987381,0.15,4.0,auto
4311,1105,1145,arterial,1,1.0,1,1000.0,30,1.989289,0.15,4.0,auto
4312,1145,1105,arterial,1,1.0,1,1000.0,30,1.989289,0.15,4.0,auto
4313,1106,1107,arterial,1,1.0,1,1000.0,30,1.99206,0.15,4.0,auto
4314,1107,1106,arterial,1,1.0,1,1000.0,30,1.99206,0.15,4.0,auto
4315,1106,1146,arterial,1,1.0,1,1000.0,30,1.993183,0.15,4.0,auto
4316,1146,1106,arterial,1,1.0,1,1000.0,30,1.993183,0.15,4.0,auto
4317,1107,1108,arterial,1,1.0,1,1000.0,30,2.009058,0.15,4.0,auto
4318,1108,1107,arterial,1,1.0,1,1000.0,30,2.009058,0.15,4.0,auto
4319,1107,1147,arterial,1,1.0,1,1000.0,30,2.006965,0.15,4.0,auto
4320,1147,1107,arterial,1,1.0,1,1000.0,30,2.006965,0.15,4.0,auto
4321,1108,1109,arterial,1,1.0,1,1000.0,30,2.011613,0.15,4.0,auto
4322,1109,1108,arterial,1,1.0,1,1000.0,30,2.011613,0.15,4.0,auto
4323,1108,1148,arterial,1,1.0,1,1000.0,30,2.001603,0.15,4.0,auto
4324,1148,1108,arterial,1,1.0,1,1000.0,30,2.001603,0.15,4.0,auto
4325,1109,1110,arterial,1,1.0,1,1000.0,30,1.983143,0.15,4.0,auto
4326,1110,1109,arterial,1,1.0,1,1000.0,30,1.983143,0.15,4.0,auto
4327,1109,1149,arterial,1,1.0,1,1000.0,30,2.010539,0.15,4.0,auto
4328,1149,1109,arterial,1,1.0,1,1000.0,30,2.010539,0.15,4.0,auto
4329,1110,1111,arterial,1,1.0,1,1000.0,30,1.989778,0.15,4.0,auto
4330,1111,1110,arterial,1,1.0,1,1000.0,30,1.989778,0.15,4.0,auto
4331,1110,1150,arterial,1,1.0,1,1000.0,30,1.988714,0.15,4.0,auto
4332,1150,1110,arterial,1,1.0,1,1000.0,30,1.988714,0.15,4.0,auto
4333,1111,1112,arterial,1,1.0,1,1000.0,30,1.996575,0.15,4.0,auto
4334,1112,1111,arterial,1,1.0,1,1000.0,30,1.996575,0.15,4.0,auto
4335,1111,1151,arterial,1,1.0,1,1000.0,30,2.019592,0.15,4.0,auto
4336,1151,1111,arterial,1,1.0,1,1000.0,30,2.019592,0.15,4.0,auto
4337,1112,1113,arterial,1,1.0,1,1000.0,30,1.994829,0.15,4.0,auto
4338,1113,1112,arterial,1,1.0,1,1000.0,30,1.994829,0.15,4.0,auto
4339,1112,1152,arterial,1,1.0,1,1000.0,30,1.994258,0.15,4.0,auto
4340,1152,1112,arterial,1,1.0,1,1000.0,30,1.994258,0.15,4.0,auto
4341,1113,1114,arterial,1,1.0,1,1000.0,30,2.01644,0.15,4.0,auto
4342,1114,1113,arterial,1,1.0,1,1000.0,30,2.01644,0.15,4.0,auto
4343,1113,1153,arterial,1,1.0,1,1000.0,30,2.019618,0.15,4.0,auto
4344,1153,1113,arterial,1,1.0,1,1000.0,30,2.019618,0.15,4.0,auto
4345,1114,1115,arterial,1,1.0,1,1000.0,30,1.995487,0.15,4.0,auto
4346,1115,1114,arterial,1,1.0,1,1000.0,30,1.995487,0.15,4.0,auto
4347,1114,1154,arterial,1,1.0,1,1000.0,30,1.985422,0.15,4.0,auto
4348,1154,1114,arterial,1,1.0,1,1000.0,30,1.985422,0.15,4.0,auto
4349,1115,1116,arterial,1,1.0,1,1000.0,30,2.011585,0.15,4.0,auto
4350,1116,1115,arterial,1,1.0,1,1000.0,30,2.011585,0.15,4.0,auto
4351,1115,1155,arterial,1,1.0,1,1000.0,30,2.011292,0.15,4.0,auto
4352,1155,1115,arterial,1,1.0,1,1000.0,30,2.011292,0.15,4.0,auto
4353,1116,1117,arterial,1,1.0,1,1000.0,30,1.993526,0.15,4.0,auto
4354,1117,1116,arterial,1,1.0,1,1000.0,30,1.993526,0.15,4.0,auto
4355,1116,1156,arterial,1,1.0,1,1000.0,30,2.011617,0.15,4.0,auto
4356,1156,1116,arterial,1,1.0,1,1000.0,30,2.011617,0.15,4.0,auto
4357,1117,1118,arterial,1,1.0,1,1000.0,30,1.995179,0.15,4.0,auto
4358,1118,1117,arterial,1,1.0,1,1000.0,30,1.995179,0.15,4.0,auto
4359,1117,1157,arterial,1,1.0,1,1000.0,30,1.991483,0.15,4.0,auto
4360,1157,1117,arterial,1,1.0,1,1000.0,30,1.991483,0.15,4.0,auto
4361,1118,1119,arterial,1,1.0,1,1000.0,30,2.003732,0.15,4.0,auto
4362,1119,1118,arterial,1,1.0,1,1000.0,30,2.003732,0.15,4.0,auto
4363,1118,1158,arterial,1,1.0,1,1000.0,30,2.00966,0.15,4.0,auto
4364,1158,1118,arterial,1,1.0,1,1000.0,30,2.00966,0.15,4.0,auto
4365,1119,1120,arterial,1,1.0,1,1000.0,30,1.999034,0.15,4.0,auto
4366,1120,1119,arterial,1,1.0,1,1000.0,30,1.999034,0.15,4.0,auto
4367,1119,1159,arterial,1,1.0,1,1000.0,30,2.012733,0.15,4.0,auto
4368,1159,1119,arterial,1,1.0,1,1000.0,30,2.012733,0.15,4.0,auto
4369,1120,1160,arterial,1,1.0,1,1000.0,30,1.999959,0.15,4.0,auto
4370,1160,1120,arterial,1,1.0,1,1000.0,30,1.999959,0.15,4.0,auto
4371,1121,1122,arterial,1,1.0,1,1000.0,30,1.995216,0.15,4.0,auto
4372,1122,1121,arterial,1,1.0,1,1000.0,30,1.995216,0.15,4.0,auto
4373,1121,1161,arterial,1,1.0,1,1000.0,30,1.982604,0.15,4.0,auto
4374,1161,1121,arterial,1,1.0,1,1000.0,30,1.982604,0.15,4.0,auto
4375,1122,1123,arterial,1,1.0,1,1000.0,30,2.016581,0.15,4.0,auto
4376,1123,1122,arterial,1,1.0,1,1000.0,30,2.016581,0.15,4.0,auto
4377,1122,1162,arterial,1,1.0,1,1000.0,30,1.985739,0.15,4.0,auto
4378,1162,1122,arterial,1,1.0,1,1000.0,30,1.985739,0.15,4.0,auto
4379,1123,1124,arterial,1,1.0,1,1000.0,30,1.988223,0.15,4.0,auto
4380,1124,1123,arterial,1,1.0,1,1000.0,30,1.988223,0.15,4.0,auto
4381,1123,1163,arterial,1,1.0,1,1000.0,30,2.015125,0.15,4.0,auto
4382,1163,1123,arterial,1,1.0,1,1000.0,30,2.015125,0.15,4.0,auto
4383,1124,1125,arterial,1,1.0,1,1000.0,30,2.01842,0.15,4.0,auto
4384,1125,1124,arterial,1,1.0,1,1000.0,30,2.01842,0.15,4.0,auto
4385,1124,1164,arterial,1,1.0,1,1000.0,30,2.017259,0.15,4.0,auto
4386,1164,1124,arterial,1,1.0,1,1000.0,30,2.017259,0.15,4.0,auto
4387,1125,1126,arterial,1,1.0,1,1000.0,30,1.993677,0.15,4.0,auto
4388,1126,1125,arterial,1,1.0,1,1000.0,30,1.993677,0.15,4.0,auto
4389,1125,1165,arterial,1,1.0,1,1000.0,30,2.017229,0.15,4.0,auto
4390,1165,1125,arterial,1,1.0,1,1000.0,30,2.017229,0.15,4.0,auto
4391,1126,1127,arterial,1,1.0,1,1000.0,30,1.98567,0.15,4.0,auto
4392,1127,1126,arterial,1,1.0,1,1000.0,30,1.98567,0.15,4.0,auto
4393,1126,1166,arterial,1,1.0,1,1000.0,30,2.008581,0.15,4.0,auto
4394,1166,1126,arterial,1,1.0,1,1000.0,30,2.008581,0.15,4.0,auto
4395,1127,1128,arterial,1,1.0,1,1000.0,30,2.017824,0.15,4.0,auto
4396,1128,1127,arterial,1,1.0,1,1000.0,30,2.017824,0.15,4.0,auto
4397,1127,1167,arterial,1,1.0,1,1000.0,30,1.987707,0.15,4.0,auto
4398,1167,1127,arterial,1,1.0,1,1000.0,30,1.987707,0.15,4.0,auto
4399,1128,1129,arterial,1,1.0,1,1000.0,30,1.985428,0.15,4.0,auto
4400,1129,1128,arterial,1,1.0,1,1000.0,30,1.985428,0.15,4.0,auto
4401,1128,1168,arterial,1,1.0,1,1000.0,30,2.007128,0.15,4.0,auto
4402,1168,1128,arterial,1,1.0,1,1000.0,30,2.007128,0.15,4.0,auto
4403,1129,1130,arterial,1,1.0,1,1000.0,30,2.015301,0.15,4.0,auto
4404,1130,1129,arterial,1,1.0,1,1000.0,30,2.015301,0.15,4.0,auto
4405,1129,1169,arterial,1,1.0,1,1000.0,30,2.009059,0.15,4.0,auto
4406,1169,1129,arterial,1,1.0,1,1000.0,30,2.009059,0.15,4.0,auto
4407,1130,1131,arterial,1,1.0,1,1000.0,30,2.01797,0.15,4.0,auto
4408,1131,1130,arterial,1,1.0,1,1000.0,30,2.01797,0.15,4.0,auto
4409,1130,1170,arterial,1,1.0,1,1000.0,30,1.99815,0.15,4.0,auto
4410,1170,1130,arterial,1,1.0,1,1000.0,30,1.99815,0.15,4.0,auto
4411,1131,1132,arterial,1,1.0,1,1000.0,30,1.994893,0.15,4.0,auto
4412,1132,1131,arterial,1,1.0,1,1000.0,30,1.994893,0.15,4.0,auto
4413,1131,1171,arterial,1,1.0,1,1000.0,30,1.984806,0.15,4.0,auto
4414,1171,1131,arterial,1,1.0,1,1000.0,30,1.984806,0.15,4.0,auto
4415,1132,1133,arterial,1,1.0,1,1000.0,30,1.99092,0.15,4.0,auto
4416,1133,1132,arterial,1,1.0,1,1000.0,30,1.99092,0.15,4.0,auto
4417,1132,1172,arterial,1,1.0,1,1000.0,30,2.017555,0.15,4.0,auto
4418,1172,1132,arterial,1,1.0,1,1000.0,30,2.017555,0.15,4.0,auto
4419,1133,1134,arterial,1,1.0,1,1000.0,30,1.982866,0.15,4.0,auto
4420,1134,1133,arterial,1,1.0,1,1000.0,30,1.982866,0.15,4.0,auto
4421,1133,1173,arterial,1,1.0,1,1000.0,30,1.987393,0.15,4.0,auto
4422,1173,1133,arterial,1,1.0,1,1000.0,30,1.987393,0.15,4.0,auto
4423,1134,1135,arterial,1,1.0,1,1000.0,30,1.993901,0.15,4.0,auto
4424,1135,1134,arterial,1,1.0,1,1000.0,30,1.993901,0.15,4.0,auto
4425,1134,1174,arterial,1,1.0,1,1000.0,30,1.98197,0.15,4.0,auto
4426,1174,1134,arterial,1,1.0,1,1000.0,30,1.98197,0.15,4.0,auto
4427,1135,1136,arterial,1,1.0,1,1000.0,30,1.992278,0.15,4.0,auto
4428,1136,1135,arterial,1,1.0,1,1000.0,30,1.992278,0.15,4.0,auto
4429,1135,1175,arterial,1,1.0,1,1000.0,30,1.987314,0.15,4.0,auto
4430,1175,1135,arterial,1,1.0,1,1000.0,30,1.987314,0.15,4.0,auto
4431,1136,1137,arterial,1,1.0,1,1000.0,30,1.984911,0.15,4.0,auto
4432,1137,1136,arterial,1,1.0,1,1000.0,30,1.984911,0.15,4.0,auto
4433,1136,1176,arterial,1,1.0,1,1000.0,30,2.001076,0.15,4.0,auto
4434,1176,1136,arterial,1,1.0,1,1000.0,30,2.001076,0.15,4.0,auto
4435,1137,1138,arterial,1,1.0,1,1000.0,30,2.001613,0.15,4.0,auto
4436,1138,1137,arterial,1,1.0,1,1000.0,30,2.001613,0.15,4.0,auto
4437,1137,1177,arterial,1,1.0,1,1000.0,30,2.002708,0.15,4.0,auto
4438,1177,1137,arterial,1,1.0,1,1000.0,30,2.002708,0.15,4.0,auto
4439,1138,1139,arterial,1,1.0,1,1000.0,30,2.010491,0.15,4.0,auto
4440,1139,1138,arterial,1,1.0,1,1000.0,30,2.010491,0.15,4.0,auto
4441,1138,1178,arterial,1,1.0,1,1000.0,30,2.00107,0.15,4.0,auto
4442,1178,1138,arterial,1,1.0,1,1000.0,30,2.00107,0.15,4.0,auto
4443,1139,1140,arterial,1,1.0,1,1000.0,30,2.017885,0.15,4.0,auto
4444,1140,1139,arterial,1,1.0,1,1000.0,30,2.017885,0.15,4.0,auto
4445,1139,1179,arterial,1,1.0,1,1000.0,30,1.983259,0.15,4.0,auto
4446,1179,1139,arterial,1,1.0,1,1000.0,30,1.983259,0.15,4.0,auto
4447,1140,1180,arterial,1,1.0,1,1000.0,30,1.983068,0.15,4.0,auto
4448,1180,1140,arterial,1,1.0,1,1000.0,30,1.983068,0.15,4.0,auto
4449,1141,1142,arterial,1,1.0,1,1000.0,30,1.992376,0.15,4.0,auto
4450,1142,1141,arterial,1,1.0,1,1000.0,30,1.992376,0.15,4.0,auto
4451,1141,1181,arterial,1,1.0,1,1000.0,30,2.010427,0.15,4.0,auto
4452,1181,1141,arterial,1,1.0,1,1000.0,30,2.010427,0.15,4.0,auto
4453,1142,1143,arterial,1,1.0,1,1000.0,30,2.016968,0.15,4.0,auto
4454,1143,1142,arterial,1,1.0,1,1000.0,30,2.016968,0.15,4.0,auto
4455,1142,1182,arterial,1,1.0,1,1000.0,30,2.000152,0.15,4.0,auto
4456,1182,1142,arterial,1,1.0,1,1000.0,30,2.000152,0.15,4.0,auto
4457,1143,1144,arterial,1,1.0,1,1000.0,30,1.986413,0.15,4.0,auto
4458,1144,1143,arterial,1,1.0,1,1000.0,30,1.986413,0.15,4.0,auto
4459,1143,1183,arterial,1,1.0,1,1000.0,30,1.993217,0.15,4.0,auto
4460,1183,1143,arterial,1,1.0,1,1000.0,30,1.993217,0.15,4.0,auto
4461,1144,1145,arterial,1,1.0,1,1000.0,30,2.002737,0.15,4.0,auto
4462,1145,1144,arterial,1,1.0,1,1000.0,30,2.002737,0.15,4.0,auto
4463,1144,1184,arterial,1,1.0,1,1000.0,30,1.991777,0.15,4.0,auto
4464,1184,1144,arterial,1,1.0,1,1000.0,30,1.991777,0.15,4.0,auto
4465,1145,1146,arterial,1,1.0,1,1000.0,30,2.011712,0.15,4.0,auto
4466,1146,1145,arterial,1,1.0,1,1000.0,30,2.011712,0.15,4.0,auto
4467,1145,1185,arterial,1,1.0,1,1000.0,30,2.018903,0.15,4.0,auto
4468,1185,1145,arterial,1,1.0,1,1000.0,30,2.018903,0.15,4.0,auto
4469,1146,1147,arterial,1,1.0,1,1000.0,30,1.99839,0.15,4.0,auto
4470,1147,1146,arterial,1,1.0,1,1000.0,30,1.99839,0.15,4.0,auto
4471,1146,1186,arterial,1,1.0,1,1000.0,30,2.004124,0.15,4.0,auto
4472,1186,1146,arterial,1,1.0,1,1000.0,30,2.004124,0.15,4.0,auto
4473,1147,1148,arterial,1,1.0,1,1000.0,30,2.01384,0.15,4.0,auto
4474,1148,1147,arterial,1,1.0,1,1000.0,30,2.01384,0.15,4.0,auto
4475,1147,1187,arterial,1,1.0,1,1000.0,30,1.998602,0.15,4.0,auto
4476,1187,1147,arterial,1,1.0,1,1000.0,30,1.998602,0.15,4.0,auto
4477,1148,1149,arterial,1,1.0,1,1000.0,30,1.987632,0.15,4.0,auto
4478,1149,1148,arterial,1,1.0,1,1000.0,30,1.987632,0.15,4.0,auto
4479,1148,1188,arterial,1,1.0,1,1000.0,30,2.017763,0.15,4.0,auto
4480,1188,1148,arterial,1,1.0,1,1000.0,30,2.017763,0.15,4.0,auto
4481,1149,1150,arterial,1,1.0,1,1000.0,30,2.019116,0.15,4.0,auto
4482,1150,1149,arterial,1,1.0,1,1000.0,30,2.019116,0.15,4.0,auto
4483,1149,1189,arterial,1,1.0,1,1000.0,30,1.980977,0.15,4.0,auto
4484,1189,1149,arterial,1,1.0,1,1000.0,30,1.980977,0.15,4.0,auto
4485,1150,1151,arterial,1,1.0,1,1000.0,30,2.010508,0.15,4.0,auto
4486,1151,1150,arterial,1,1.0,1,1000.0,30,2.010508,0.15,4.0,auto
4487,1150,1190,arterial,1,1.0,1,1000.0,30,1.996021,0.15,4.0,auto
4488,1190,1150,arterial,1,1.0,1,1000.0,30,1.996021,0.15,4.0,auto
4489,1151,1152,arterial,1,1.0,1,1000.0,30,1.982076,0.15,4.0,auto
4490,1152,1151,arterial,1,1.0,1,1000.0,30,1.982076,0.15,4.0,auto
4491,1151,1191,arterial,1,1.0,1,1000.0,30,1.986513,0.15,4.0,auto
4492,1191,1151,arterial,1,1.0,1,1000.0,30,1.986513,0.15,4.0,auto
4493,1152,1153,arterial,1,1.0,1,1000.0,30,1.986921,0.15,4.0,auto
4494,1153,1152,arterial,1,1.0,1,1000.0,30,1.986921,0.15,4.0,auto
4495,1152,1192,arterial,1,1.0,1,1000.0,30,2.009455,0.15,4.0,auto
4496,1192,1152,arterial,1,1.0,1,1000.0,30,2.009455,0.15,4.0,auto
4497,1153,1154,arterial,1,1.0,1,1000.0,30,1.988464,0.15,4.0,auto
4498,1154,1153,arterial,1,1.0,1,1000.0,30,1.988464,0.15,4.0,auto
4499,1153,1193,arterial,1,1.0,1,1000.0,30,1.980784,0.15,4.0,auto
4500,1193,1153,arterial,1,1.0,1,1000.0,30,1.980784,0.15,4.0,auto
4501,1154,1155,arterial,1,1.0,1,1000.0,30,1.988789,0.15,4.0,auto
4502,1155,1154,arterial,1,1.0,1,1000.0,30,1.988789,0.15,4.0,auto
4503,1154,1194,arterial,1,1.0,1,1000.0,30,2.011966,0.15,4.0,auto
4504,1194,1154,arterial,1,1.0,1,1000.0,30,2.011966,0.15,4.0,auto
4505,1155,1156,arterial,1,1.0,1,1000.0,30,1.999967,0.15,4.0,auto
4506,1156,1155,arterial,1,1.0,1,1000.0,30,1.999967,0.15,4.0,auto
4507,1155,1195,arterial,1,1.0,1,1000.0,30,2.006112,0.15,4.0,auto
4508,1195,1155,arterial,1,1.0,1,1000.0,30,2.006112,0.15,4.0,auto
4509,1156,1157,arterial,1,1.0,1,1000.0,30,1.998604,0.15,4.0,auto
4510,1157,1156,arterial,1,1.0,1,1000.0,30,1.998604,0.15,4.0,auto
4511,1156,1196,arterial,1,1.0,1,1000.0,30,1.987303,0.15,4.0,auto
4512,1196,1156,arterial,1,1.0,1,1000.0,30,1.987303,0.15,4.0,auto
4513,1157,1158,arterial,1,1.0,1,1000.0,30,1.980607,0.15,4.0,auto
4514,1158,1157,arterial,1,1.0,1,1000.0,30,1.980607,0.15,4.0,auto
4515,1157,1197,arterial,1,1.0,1,1000.0,30,1.992172,0.15,4.0,auto
4516,1197,1157,arterial,1,1.0,1,1000.0,30,1.992172,0.15,4.0,auto
4517,1158,1159,arterial,1,1.0,1,1000.0,30,1.981662,0.15,4.0,auto
4518,1159,1158,arterial,1,1.0,1,1000.0,30,1.981662,0.15,4.0,auto
4519,1158,1198,arterial,1,1.0,1,1000.0,30,1.990423,0.15,4.0,auto
4520,1198,1158,arterial,1,1.0,1,1000.0,30,1.990423,0.15,4.0,auto
4521,1159,1160,arterial,1,1.0,1,1000.0,30,2.00475,0.15,4.0,auto
4522,1160,1159,arterial,1,1.0,1,1000.0,30,2.00475,0.15,4.0,auto
4523,1159,1199,arterial,1,1.0,1,1000.0,30,1.994775,0.15,4.0,auto
4524,1199,1159,arterial,1,1.0,1,1000.0,30,1.994775,0.15,4.0,auto
4525,1160,1200,arterial,1,1.0,1,1000.0,30,2.004956,0.15,4.0,auto
4526,1200,1160,arterial,1,1.0,1,1000.0,30,2.004956,0.15,4.0,auto
4527,1161,1162,arterial,1,1.0,1,1000.0,30,1.992684,0.15,4.0,auto
4528,1162,1161,arterial,1,1.0,1,1000.0,30,1.992684,0.15,4.0,auto
4529,1161,1201,arterial,1,1.0,1,1000.0,30,1.994263,0.15,4.0,auto
4530,1201,1161,arterial,1,1.0,1,1000.0,30,1.994263,0.15,4.0,auto
4531,1162,1163,arterial,1,1.0,1,1000.0,30,2.015355,0.15,4.0,auto
4532,1163,1162,arterial,1,1.0,1,1000.0,30,2.015355,0.15,4.0,auto
4533,1162,1202,arterial,1,1.0,1,1000.0,30,2.003239,0.15,4.0,auto
4534,1202,1162,arterial,1,1.0,1,1000.0,30,2.003239,0.15,4.0,auto
4535,1163,1164,arterial,1,1.0,1,1000.0,30,1.996678,0.15,4.0,auto
4536,1164,1163,arterial,1,1.0,1,1000.0,30,1.996678,0.15,4.0,auto
4537,1163,1203,arterial,1,1.0,1,1000.0,30,2.001605,0.15,4.0,auto
4538,1203,1163,arterial,1,1.0,1,1000.0,30,2.001605,0.15,4.0,auto
4539,1164,1165,arterial,1,1.0,1,1000.0,30,1.998414,0.15,4.0,auto
4540,1165,1164,arterial,1,1.0,1,1000.0,30,1.998414,0.15,4.0,auto
4541,1164,1204,arterial,1,1.0,1,1000.0,30,1.993297,0.15,4.0,auto
4542,1204,1164,arterial,1,1.0,1,1000.0,30,1.993297,0.15,4.0,auto
4543,1165,1166,arterial,1,1.0,1,1000.0,30,2.016548,0.15,4.0,auto
4544,1166,1165,arterial,1,1.0,1,1000.0,30,2.016548,0.15,4.0,auto
4545,1165,1205,arterial,1,1.0,1,1000.0,30,1.989334,0.15,4.0,auto
4546,1205,1165,arterial,1,1.0,1,1000.0,30,1.989334,0.15,4.0,auto
4547,1166,1167,arterial,1,1.0,1,1000.0,30,2.017434,0.15,4.0,auto
4548,1167,1166,arterial,1,1.0,1,1000.0,30,2.017434,0.15,4.0,auto
4549,1166,1206,arterial,1,1.0,1,1000.0,30,2.014119,0.15,4.0,auto
4550,1206,1166,arterial,1,1.0,1,1000.0,30,2.014119,0.15,4.0,auto
4551,1167,1168,arterial,1,1.0,1,1000.0,30,2.015279,0.15,4.0,auto
4552,1168,1167,arterial,1,1.0,1,1000.0,30,2.015279,0.15,4.0,auto
4553,1167,1207,arterial,1,1.0,1,1000.0,30,1.986505,0.15,4.0,auto
4554,1207,1167,arterial,1,1.0,1,1000.0,30,1.986505,0.15,4.0,auto
4555,1168,1169,arterial,1,1.0,1,1000.0,30,2.000354,0.15,4.0,auto
4556,1169,1168,arterial,1,1.0,1,1000.0,30,2.000354,0.15,4.0,auto
4557,1168,1208,arterial,1,1.0,1,1000.0,30,2.019382,0.15,4.0,auto
4558,1208,1168,arterial,1,1.0,1,1000.0,30,2.019382,0.15,4.0,auto
4559,1169,1170,arterial,1,1.0,1,1000.0,30,1.991546,0.15,4.0,auto
4560,1170,1169,arterial,1,1.0,1,1000.0,30,1.991546,0.15,4.0,auto
4561,1169,1209,arterial,1,1.0,1,1000.0,30,1.986838,0.15,4.0,auto
4562,1209,1169,arterial,1,1.0,1,1000.0,30,1.986838,0.15,4.0,auto
4563,1170,1171,arterial,1,1.0,1,1000.0,30,2.008936,0.15,4.0,auto
4564,1171,1170,arterial,1,1.0,1,1000.0,30,2.008936,0.15,4.0,auto
4565,1170,1210,arterial,1,1.0,1,1000.0,30,1.989405,0.15,4.0,auto
4566,1210,1170,arterial,1,1.0,1,1000.0,30,1.989405,0.15,4.0,auto
4567,1171,1172,arterial,1,1.0,1,1000.0,30,2.003345,0.15,4.0,auto
4568,1172,1171,arterial,1,1.0,1,1000.0,30,2.003345,0.15,4.0,auto
4569,1171,1211,arterial,1,1.0,1,1000.0,30,1.986305,0.15,4.0,auto
4570,1211,1171,arterial,1,1.0,1,1000.0,30,1.986305,0.15,4.0,auto
4571,1172,1173,arterial,1,1.0,1,1000.0,30,2.017899,0.15,4.0,auto
4572,1173,1172,arterial,1,1.0,1,1000.0,30,2.017899,0.15,4.0,auto
4573,1172,1212,arterial,1,1.0,1,1000.0,30,1.991362,0.15,4.0,auto
4574,1212,1172,arterial,1,1.0,1,1000.0,30,1.991362,0.15,4.0,auto
4575,1173,1174,arterial,1,1.0,1,1000.0,30,1.983877,0.15,4.0,auto
4576,1174,1173,arterial,1,1.0,1,1000.0,30,1.983877,0.15,4.0,auto
4577,1173,1213,arterial,1,1.0,1,1000.0,30,2.007492,0.15,4.0,auto
4578,1213,1173,arterial,1,1.0,1,1000.0,30,2.007492,0.15,4.0,auto
4579,1174,1175,arterial,1,1.0,1,1000.0,30,1.993884,0.15,4.0,auto
4580,1175,1174,arterial,1,1.0,1,1000.0,30,1.993884,0.15,4.0,auto
4581,1174,1214,arterial,1,1.0,1,1000.0,30,2.002373,0.15,4.0,auto
4582,1214,1174,arterial,1,1.0,1,1000.0,30,2.002373,0.15,4.0,auto
4583,1175,1176,arterial,1,1.0,1,1000.0,30,1.999889,0.15,4.0,auto
4584,1176,1175,arterial,1,1.0,1,1000.0,30,1.999889,0.15,4.0,auto
4585,1175,1215,arterial,1,1.0,1,1000.0,30,2.016903,0.15,4.0,auto
4586,1215,1175,arterial,1,1.0,1,1000.0,30,2.016903,0.15,4.0,auto
4587,1176,1177,arterial,1,1.0,1,1000.0,30,2.000568,0.15,4.0,auto
4588,1177,1176,arterial,1,1.0,1,1000.0,30,2.000568,0.15,4.0,auto
4589,1176,1216,arterial,1,1.0,1,1000.0,30,1.995158,0.15,4.0,auto
4590,1216,1176,arterial,1,1.0,1,1000.0,30,1.995158,0.15,4.0,auto
4591,1177,1178,arterial,1,1.0,1,1000.0,30,1.980066,0.15,4.0,auto
4592,1178,1177,arterial,1,1.0,1,1000.0,30,1.980066,0.15,4.0,auto
4593,1177,1217,arterial,1,1.0,1,1000.0,30,1.99986,0.15,4.0,auto
4594,1217,1177,arterial,1,1.0,1,1000.0,30,1.99986,0.15,4.0,auto
4595,1178,1179,arterial,1,1.0,1,1000.0,30,1.990763,0.15,4.0,auto
4596,1179,1178,arterial,1,1.0,1,1000.0,30,1.990763,0.15,4.0,auto
4597,1178,1218,arterial,1,1.0,1,1000.0,30,2.002968,0.15,4.0,auto
4598,1218,1178,arterial,1,1.0,1,1000.0,30,2.002968,0.15,4.0,auto
4599,1179,1180,arterial,1,1.0,1,1000.0,30,2.005275,0.15,4.0,auto
4600,1180,1179,arterial,1,1.0,1,1000.0,30,2.005275,0.15,4.0,auto
4601,1179,1219,arterial,1,1.0,1,1000.0,30,1.99849,0.15,4.0,auto
4602,1219,1179,arterial,1,1.0,1,1000.0,30,1.99849,0.15,4.0,auto
4603,1180,1220,arterial,1,1.0,1,1000.0,30,1.9999,0.15,4.0,auto
4604,1220,1180,arterial,1,1.0,1,1000.0,30,1.9999,0.15,4.0,auto
4605,1181,1182,arterial,1,1.0,1,1000.0,30,1.999272,0.15,4.0,auto
4606,1182,1181,arterial,1,1.0,1,1000.0,30,1.999272,0.15,4.0,auto
4607,1181,1221,arterial,1,1.0,1,1000.0,30,2.005652,0.15,4.0,auto
4608,1221,1181,arterial,1,1.0,1,1000.0,30,2.005652,0.15,4.0,auto
4609,1182,1183,arterial,1,1.0,1,1000.0,30,2.018805,0.15,4.0,auto
4610,1183,1182,arterial,1,1.0,1,1000.0,30,2.018805,0.15,4.0,auto
4611,1182,1222,arterial,1,1.0,1,1000.0,30,1.991205,0.15,4.0,auto
4612,1222,1182,arterial,1,1.0,1,1000.0,30,1.991205,0.15,4.0,auto
4613,1183,1184,arterial,1,1.0,1,1000.0,30,1.997709,0.15,4.0,auto
4614,1184,1183,arterial,1,1.0,1,1000.0,30,1.997709,0.15,4.0,auto
4615,1183,1223,arterial,1,1.0,1,1000.0,30,1.983385,0.15,4.0,auto
4616,1223,1183,arterial,1,1.0,1,1000.0,30,1.983385,0.15,4.0,auto
4617,1184,1185,arterial,1,1.0,1,1000.0,30,2.011997,0.15,4.0,auto
4618,1185,1184,arterial,1,1.0,1,1000.0,30,2.011997,0.15,4.0,auto
4619,1184,1224,arterial,1,1.0,1,1000.0,30,1.989379,0.15,4.0,auto
4620,1224,1184,arterial,1,1.0,1,1000.0,30,1.989379,0.15,4.0,auto
4621,1185,1186,arterial,1,1.0,1,1000.0,30,2.013162,0.15,4.0,auto
4622,1186,1185,arterial,1,1.0,1,1000.0,30,2.013162,0.15,4.0,auto
4623,1185,1225,arterial,1,1.0,1,1000.0,30,2.011918,0.15,4.0,auto
4624,1225,1185,arterial,1,1.0,1,1000.0,30,2.011918,0.15,4.0,auto
4625,1186,1187,arterial,1,1.0,1,1000.0,30,1.990186,0.15,4.0,auto
4626,1187,1186,arterial,1,1.0,1,1000.0,30,1.990186,0.15,4.0,auto
4627,1186,1226,arterial,1,1.0,1,1000.0,30,2.016113,0.15,4.0,auto
4628,1226,1186,arterial,1,1.0,1,1000.0,30,2.016113,0.15,4.0,auto
4629,1187,1188,arterial,1,1.0,1,1000.0,30,2.000158,0.15,4.0,auto
4630,1188,1187,arterial,1,1.0,1,1000.0,30,2.000158,0.15,4.0,auto
4631,1187,1227,arterial,1,1.0,1,1000.0,30,1.997048,0.15,4.0,auto
4632,1227,1187,arterial,1,1.0,1,1000.0,30,1.997048,0.15,4.0,auto
4633,1188,1189,arterial,1,1.0,1,1000.0,30,2.002207,0.15,4.0,auto
4634,1189,1188,arterial,1,1.0,1,1000.0,30,2.002207,0.15,4.0,auto
4635,1188,1228,arterial,1,1.0,1,1000.0,30,2.017835,0.15,4.0,auto
4636,1228,1188,arterial,1,1.0,1,1000.0,30,2.017835,0.15,4.0,auto
4637,1189,1190,arterial,1,1.0,1,1000.0,30,1.999595,0.15,4.0,auto
4638,1190,1189,arterial,1,1.0,1,1000.0,30,1.999595,0.15,4.0,auto
4639,1189,1229,arterial,1,1.0,1,1000.0,30,1.999288,0.15,4.0,auto
4640,1229,1189,arterial,1,1.0,1,1000.0,30,1.999288,0.15,4.0,auto
4641,1190,1191,arterial,1,1.0,1,1000.0,30,1.991625,0.15,4.0,auto
4642,1191,1190,arterial,1,1.0,1,1000.0,30,1.991625,0.15,4.0,auto
4643,1190,1230,arterial,1,1.0,1,1000.0,30,2.013646,0.15,4.0,auto
4644,1230,1190,arterial,1,1.0,1,1000.0,30,2.013646,0.15,4.0,auto
4645,1191,1192,arterial,1,1.0,1,1000.0,30,2.000121,0.15,4.0,auto
4646,1192,1191,arterial,1,1.0,1,1000.0,30,2.000121,0.15,4.0,auto
4647,1191,1231,arterial,1,1.0,1,1000.0,30,1.993699,0.15,4.0,auto
4648,1231,1191,arterial,1,1.0,1,1000.0,30,1.993699,0.15,4.0,auto
4649,1192,1193,arterial,1,1.0,1,1000.0,30,1.987859,0.15,4.0,auto
4650,1193,1192,arterial,1,1.0,1,1000.0,30,1.987859,0.15,4.0,auto
4651,1192,1232,arterial,1,1.0,1,1000.0,30,1.988607,0.15,4.0,auto
4652,1232,1192,arterial,1,1.0,1,1000.0,30,1.988607,0.15,4.0,auto
4653,1193,1194,arterial,1,1.0,1,1000.0,30,2.013366,0.15,4.0,auto
4654,1194,1193,arterial,1,1.0,1,1000.0,30,2.013366,0.15,4.0,auto
4655,1193,1233,arterial,1,1.0,1,1000.0,30,2.012139,0.15,4.0,auto
4656,1233,1193,arterial,1,1.0,1,1000.0,30,2.012139,0.15,4.0,auto
4657,1194,1195,arterial,1,1.0,1,1000.0,30,2.019147,0.15,4.0,auto
4658,1195,1194,arterial,1,1.0,1,1000.0,30,2.019147,0.15,4.0,auto
4659,1194,1234,arterial,1,1.0,1,1000.0,30,2.016684,0.15,4.0,auto
4660,1234,1194,arterial,1,1.0,1,1000.0,30,2.016684,0.15,4.0,auto
4661,1195,1196,arterial,1,1.0,1,1000.0,30,2.007405,0.15,4.0,auto
4662,1196,1195,arterial,1,1.0,1,1000.0,30,2.007405,0.15,4.0,auto
4663,1195,1235,arterial,1,1.0,1,1000.0,30,2.011897,0.15,4.0,auto
4664,1235,1195,arterial,1,1.0,1,1000.0,30,2.011897,0.15,4.0,auto
4665,1196,1197,arterial,1,1.0,1,1000.0,30,2.008466,0.15,4.0,auto
4666,1197,1196,arterial,1,1.0,1,1000.0,30,2.008466,0.15,4.0,auto
4667,1196,1236,arterial,1,1.0,1,1000.0,30,2.012385,0.15,4.0,auto
4668,1236,1196,arterial,1,1.0,1,1000.0,30,2.012385,0.15,4.0,auto
4669,1197,1198,arterial,1,1.0,1,1000.0,30,2.012051,0.15,4.0,auto
4670,1198,1197,arterial,1,1.0,1,1000.0,30,2.012051,0.15,4.0,auto
4671,1197,1237,arterial,1,1.0,1,1000.0,30,1.987049,0.15,4.0,auto
4672,1237,1197,arterial,1,1.0,1,1000.0,30,1.987049,0.15,4.0,auto
4673,1198,1199,arterial,1,1.0,1,1000.0,30,2.012589,0.15,4.0,auto
4674,1199,1198,arterial,1,1.0,1,1000.0,30,2.012589,0.15,4.0,auto
4675,1198,1238,arterial,1,1.0,1,1000.0,30,1.992132,0.15,4.0,auto
4676,1238,1198,arterial,1,1.0,1,1000.0,30,1.992132,0.15,4.0,auto
4677,1199,1200,arterial,1,1.0,1,1000.0,30,1.989764,0.15,4.0,auto
4678,1200,1199,arterial,1,1.0,1,1000.0,30,1.989764,0.15,4.0,auto
4679,1199,1239,arterial,1,1.0,1,1000.0,30,2.016782,0.15,4.0,auto
4680,1239,1199,arterial,1,1.0,1,1000.0,30,2.016782,0.15,4.0,auto
4681,1200,1240,arterial,1,1.0,1,1000.0,30,2.000473,0.15,4.0,auto
4682,1240,1200,arterial,1,1.0,1,1000.0,30,2.000473,0.15,4.0,auto
4683,1201,1202,arterial,1,1.0,1,1000.0,30,1.993726,0.15,4.0,auto
4684,1202,1201,arterial,1,1.0,1,1000.0,30,1.993726,0.15,4.0,auto
4685,1201,1241,arterial,1,1.0,1,1000.0,30,2.01167,0.15,4.0,auto
4686,1241,1201,arterial,1,1.0,1,1000.0,30,2.01167,0.15,4.0,auto
4687,1202,1203,arterial,1,1.0,1,1000.0,30,2.004421,0.15,4.0,auto
4688,1203,1202,arterial,1,1.0,1,1000.0,30,2.004421,0.15,4.0,auto
4689,1202,1242,arterial,1,1.0,1,1000.0,30,2.016442,0.15,4.0,auto
4690,1242,1202,arterial,1,1.0,1,1000.0,30,2.016442,0.15,4.0,auto
4691,1203,1204,arterial,1,1.0,1,1000.0,30,2.0173,0.15,4.0,auto
4692,1204,1203,arterial,1,1.0,1,1000.0,30,2.0173,0.15,4.0,auto
4693,1203,1243,arterial,1,1.0,1,1000.0,30,2.005771,0.15,4.0,auto
4694,1243,1203,arterial,1,1.0,1,1000.0,30,2.005771,0.15,4.0,auto
4695,1204,1205,arterial,1,1.0,1,1000.0,30,1.98258,0.15,4.0,auto
4696,1205,1204,arterial,1,1.0,1,1000.0,30,1.98258,0.15,4.0,auto
4697,1204,1244,arterial,1,1.0,1,1000.0,30,2.006688,0.15,4.0,auto
4698,1244,1204,arterial,1,1.0,1,1000.0,30,2.006688,0.15,4.0,auto
4699,1205,1206,arterial,1,1.0,1,1000.0,30,1.984375,0.15,4.0,auto
4700,1206,1205,arterial,1,1.0,1,1000.0,30,1.984375,0.15,4.0,auto
4701,1205,1245,arterial,1,1.0,1,1000.0,30,2.019287,0.15,4.0,auto
4702,1245,1205,arterial,1,1.0,1,1000.0,30,2.019287,0.15,4.0,auto
4703,1206,1207,arterial,1,1.0,1,1000.0,30,2.014854,0.15,4.0,auto
4704,1207,1206,arterial,1,1.0,1,1000.0,30,2.014854,0.15,4.0,auto
4705,1206,1246,arterial,1,1.0,1,1000.0,30,1.992425,0.15,4.0,auto
4706,1246,1206,arterial,1,1.0,1,1000.0,30,1.992425,0.15,4.0,auto
4707,1207,1208,arterial,1,1.0,1,1000.0,30,1.987437,0.15,4.0,auto
4708,1208,1207,arterial,1,1.0,1,1000.0,30,1.987437,0.15,4.0,auto
4709,1207,1247,arterial,1,1.0,1,1000.0,30,2.00777,0.15,4.0,auto
4710,1247,1207,arterial,1,1.0,1,1000.0,30,2.00777,0.15,4.0,auto
4711,1208,1209,arterial,1,1.0,1,1000.0,30,2.010324,0.15,4.0,auto
4712,1209,1208,arterial,1,1.0,1,1000.0,30,2.010324,0.15,4.0,auto
4713,1208,1248,arterial,1,1.0,1,1000.0,30,2.019401,0.15,4.0,auto
4714,1248,1208,arterial,1,1.0,1,1000.0,30,2.019401,0.15,4.0,auto
4715,1209,1210,arterial,1,1.0,1,1000.0,30,2.004915,0.15,4.0,auto
4716,1210,1209,arterial,1,1.0,1,1000.0,30,2.004915,0.15,4.0,auto
4717,1209,1249,arterial,1,1.0,1,1000.0,30,1.985011,0.15,4.0,auto
4718,1249,1209,arterial,1,1.0,1,1000.0,30,1.985011,0.15,4.0,auto
4719,1210,1211,arterial,1,1.0,1,1000.0,30,2.009068,0.15,4.0,auto
4720,1211,1210,arterial,1,1.0,1,1000.0,30,2.009068,0.15,4.0,auto
4721,1210,1250,arterial,1,1.0,1,1000.0,30,1.982343,0.15,4.0,auto
4722,1250,1210,arterial,1,1.0,1,1000.0,30,1.982343,0.15,4.0,auto
4723,1211,1212,arterial,1,1.0,1,1000.0,30,2.014709,0.15,4.0,auto
4724,1212,1211,arterial,1,1.0,1,1000.0,30,2.014709,0.15,4.0,auto
4725,1211,1251,arterial,1,1.0,1,1000.0,30,2.010746,0.15,4.0,auto
4726,1251,1211,arterial,1,1.0,1,1000.0,30,2.010746,0.15,4.0,auto
4727,1212,1213,arterial,1,1.0,1,1000.0,30,2.011414,0.15,4.0,auto
4728,1213,1212,arterial,1,1.0,1,1000.0,30,2.011414,0.15,4.0,auto
4729,1212,1252,arterial,1,1.0,1,1000.0,30,2.014944,0.15,4.0,auto
4730,1252,1212,arterial,1,1.0,1,1000.0,30,2.014944,0.15,4.0,auto
4731,1213,1214,arterial,1,1.0,1,1000.0,30,2.002766,0.15,4.0,auto
4732,1214,1213,arterial,1,1.0,1,1000.0,30,2.002766,0.15,4.0,auto
4733,1213,1253,arterial,1,1.0,1,1000.0,30,2.017737,0.15,4.0,auto
4734,1253,1213,arterial,1,1.0,1,1000.0,30,2.017737,0.15,4.0,auto
4735,1214,1215,arterial,1,1.0,1,1000.0,30,2.005565,0.15,4.0,auto
4736,1215,1214,arterial,1,1.0,1,1000.0,30,2.005565,0.15,4.0,auto
4737,1214,1254,arterial,1,1.0,1,1000.0,30,1.999677,0.15,4.0,auto
4738,1254,1214,arterial,1,1.0,1,1000.0,30,1.999677,0.15,4.0,auto
4739,1215,1216,arterial,1,1.0,1,1000.0,30,1.995379,0.15,4.0,auto
4740,1216,1215,arterial,1,1.0,1,1000.0,30,1.995379,0.15,4.0,auto
4741,1215,1255,arterial,1,1.0,1,1000.0,30,1.994135,0.15,4.0,auto
4742,1255,1215,arterial,1,1.0,1,1000.0,30,1.994135,0.15,4.0,auto
4743,1216,1217,arterial,1,1.0,1,1000.0,30,1.980916,0.15,4.0,auto
4744,1217,1216,arterial,1,1.0,1,1000.0,30,1.980916,0.15,4.0,auto
4745,1216,1256,arterial,1,1.0,1,1000.0,30,1.986441,0.15,4.0,auto
4746,1256,1216,arterial,1,1.0,1,1000.0,30,1.986441,0.15,4.0,auto
4747,1217,1218,arterial,1,1.0,1,1000.0,30,2.011826,0.15,4.0,auto
4748,1218,1217,arterial,1,1.0,1,1000.0,30,2.011826,0.15,4.0,auto
4749,1217,1257,arterial,1,1.0,1,1000.0,30,1.989148,0.15,4.0,auto
4750,1257,1217,arterial,1,1.0,1,1000.0,30,1.989148,0.15,4.0,auto
4751,1218,1219,arterial,1,1.0,1,1000.0,30,2.006145,0.15,4.0,auto
4752,1219,1218,arterial,1,1.0,1,1000.0,30,2.006145,0.15,4.0,auto
4753,1218,1258,arterial,1,1.0,1,1000.0,30,2.011011,0.15,4.0,auto
4754,1258,1218,arterial,1,1.0,1,1000.0,30,2.011011,0.15,4.0,auto
4755,1219,1220,arterial,1,1.0,1,1000.0,30,2.007778,0.15,4.0,auto
4756,1220,1219,arterial,1,1.0,1,1000.0,30,2.007778,0.15,4.0,auto
4757,1219,1259,arterial,1,1.0,1,1000.0,30,2.000633,0.15,4.0,auto
4758,1259,1219,arterial,1,1.0,1,1000.0,30,2.000633,0.15,4.0,auto
4759,1220,1260,arterial,1,1.0,1,1000.0,30,1.990915,0.15,4.0,auto
4760,1260,1220,arterial,1,1.0,1,1000.0,30,1.990915,0.15,4.0,auto
4761,1221,1222,arterial,1,1.0,1,1000.0,30,1.987493,0.15,4.0,auto
4762,1222,1221,arterial,1,1.0,1,1000.0,30,1.987493,0.15,4.0,auto
4763,1221,1261,arterial,1,1.0,1,1000.0,30,2.005914,0.15,4.0,auto
4764,1261,1221,arterial,1,1.0,1,1000.0,30,2.005914,0.15,4.0,auto
4765,1222,1223,arterial,1,1.0,1,1000.0,30,2.007451,0.15,4.0,auto
4766,1223,1222,arterial,1,1.0,1,1000.0,30,2.007451,0.15,4.0,auto
4767,1222,1262,arterial,1,1.0,1,1000.0,30,2.017689,0.15,4.0,auto
4768,1262,1222,arterial,1,1.0,1,1000.0,30,2.017689,0.15,4.0,auto
4769,1223,1224,arterial,1,1.0,1,1000.0,30,1.993223,0.15,4.0,auto
4770,1224,1223,arterial,1,1.0,1,1000.0,30,1.993223,0.15,4.0,auto
4771,1223,1263,arterial,1,1.0,1,1000.0,30,2.017084,0.15,4.0,auto
4772,1263,1223,arterial,1,1.0,1,1000.0,30,2.017084,0.15,4.0,auto
4773,1224,1225,arterial,1,1.0,1,1000.0,30,2.01646,0.15,4.0,auto
4774,1225,1224,arterial,1,1.0,1,1000.0,30,2.01646,0.15,4.0,auto
4775,1224,1264,arterial,1,1.0,1,1000.0,30,1.991622,0.15,4.0,auto
4776,1264,1224,arterial,1,1.0,1,1000.0,30,1.991622,0.15,4.0,auto
4777,1225,1226,arterial,1,1.0,1,1000.0,30,2.018082,0.15,4.0,auto
4778,1226,1225,arterial,1,1.0,1,1000.0,30,2.018082,0.15,4.0,auto
4779,1225,1265,arterial,1,1.0,1,1000.0,30,2.004775,0.15,4.0,auto
4780,1265,1225,arterial,1,1.0,1,1000.0,30,2.004775,0.15,4.0,auto
4781,1226,1227,arterial,1,1.0,1,1000.0,30,2.018502,0.15,4.0,auto
4782,1227,1226,arterial,1,1.0,1,1000.0,30,2.018502,0.15,4.0,auto
4783,1226,1266,arterial,1,1.0,1,1000.0,30,2.010966,0.15,4.0,auto
4784,1266,1226,arterial,1,1.0,1,1000.0,30,2.010966,0.15,4.0,auto
4785,1227,1228,arterial,1,1.0,1,1000.0,30,1.993331,0.15,4.0,auto
4786,1228,1227,arterial,1,1.0,1,1000.0,30,1.993331,0.15,4.0,auto
4787,1227,1267,arterial,1,1.0,1,1000.0,30,1.991172,0.15,4.0,auto
4788,1267,1227,arterial,1,1.0,1,1000.0,30,1.991172,0.15,4.0,auto
4789,1228,1229,arterial,1,1.0,1,1000.0,30,2.000902,0.15,4.0,auto
4790,1229,1228,arterial,1,1.0,1,1000.0,30,2.000902,0.15,4.0,auto
4791,1228,1268,arterial,1,1.0,1,1000.0,30,1.999514,0.15,4.0,auto
4792,1268,1228,arterial,1,1.0,1,1000.0,30,1.999514,0.15,4.0,auto
4793,1229,1230,arterial,1,1.0,1,1000.0,30,1.981416,0.15,4.0,auto
4794,1230,1229,arterial,1,1.0,1,1000.0,30,1.981416,0.15,4.0,auto
4795,1229,1269,arterial,1,1.0,1,1000.0,30,2.0145,0.15,4.0,auto
4796,1269,1229,arterial,1,1.0,1,1000.0,30,2.0145,0.15,4.0,auto
4797,1230,1231,arterial,1,1.0,1,1000.0,30,2.001418,0.15,4.0,auto
4798,1231,1230,arterial,1,1.0,1,1000.0,30,2.001418,0.15,4.0,auto
4799,1230,1270,arterial,1,1.0,1,1000.0,30,1.998921,0.15,4.0,auto
4800,1270,1230,arterial,1,1.0,1,1000.0,30,1.998921,0.15,4.0,auto
4801,1231,1232,arterial,1,1.0,1,1000.0,30,2.009784,0.15,4.0,auto
4802,1232,1231,arterial,1,1.0,1,1000.0,30,2.009784,0.15,4.0,auto
4803,1231,1271,arterial,1,1.0,1,1000.0,30,1.989991,0.15,4.0,auto
4804,1271,1231,arterial,1,1.0,1,1000.0,30,1.989991,0.15,4.0,auto
4805,1232,1233,arterial,1,1.0,1,1000.0,30,1.987969,0.15,4.0,auto
4806,1233,1232,arterial,1,1.0,1,1000.0,30,1.987969,0.15,4.0,auto
4807,1232,1272,arterial,1,1.0,1,1000.0,30,2.003231,0.15,4.0,auto
4808,1272,1232,arterial,1,1.0,1,1000.0,30,2.003231,0.15,4.0,auto
4809,1233,1234,arterial,1,1.0,1,1000.0,30,1.989653,0.15,4.0,auto
4810,1234,1233,arterial,1,1.0,1,1000.0,30,1.989653,0.15,4.0,auto
4811,1233,1273,arterial,1,1.0,1,1000.0,30,1.9931,0.15,4.0,auto
4812,1273,1233,arterial,1,1.0,1,1000.0,30,1.9931,0.15,4.0,auto
4813,1234,1235,arterial,1,1.0,1,1000.0,30,1.982799,0.15,4.0,auto
4814,1235,1234,arterial,1,1.0,1,1000.0,30,1.982799,0.15,4.0,auto
4815,1234,1274,arterial,1,1.0,1,1000.0,30,1.982087,0.15,4.0,auto
4816,1274,1234,arterial,1,1.0,1,1000.0,30,1.982087,0.15,4.0,auto
4817,1235,1236,arterial,1,1.0,1,1000.0,30,1.994212,0.15,4.0,auto
4818,1236,1235,arterial,1,1.0,1,1000.0,30,1.994212,0.15,4.0,auto
4819,1235,1275,arterial,1,1.0,1,1000.0,30,2.001077,0.15,4.0,auto
4820,1275,1235,arterial,1,1.0,1,1000.0,30,2.001077,0.15,4.0,auto
4821,1236,1237,arterial,1,1.0,1,1000.0,30,2.017957,0.15,4.0,auto
4822,1237,1236,arterial,1,1.0,1,1000.0,30,2.017957,0.15,4.0,auto
4823,1236,1276,arterial,1,1.0,1,1000.0,30,2.005584,0.15,4.0,auto
4824,1276,1236,arterial,1,1.0,1,1000.0,30,2.005584,0.15,4.0,auto
4825,1237,1238,arterial,1,1.0,1,1000.0,30,1.996576,0.15,4.0,auto
4826,1238,1237,arterial,1,1.0,1,1000.0,30,1.996576,0.15,4.0,auto
4827,1237,1277,arterial,1,1.0,1,1000.0,30,1.996271,0.15,4.0,auto
4828,1277,1237,arterial,1,1.0,1,1000.0,30,1.996271,0.15,4.0,auto
4829,1238,1239,arterial,1,1.0,1,1000.0,30,1.989415,0.15,4.0,auto
4830,1239,1238,arterial,1,1.0,1,1000.0,30,1.989415,0.15,4.0,auto
4831,1238,1278,arterial,1,1.0,1,1000.0,30,1.998956,0.15,4.0,auto
4832,1278,1238,arterial,1,1.0,1,1000.0,30,1.998956,0.15,4.0,auto
4833,1239,1240,arterial,1,1.0,1,1000.0,30,2.018363,0.15,4.0,auto
4834,1240,1239,arterial,1,1.0,1,1000.0,30,2.018363,0.15,4.0,auto
4835,1239,1279,arterial,1,1.0,1,1000.0,30,1.984878,0.15,4.0,auto
4836,1279,1239,arterial,1,1.0,1,1000.0,30,1.984878,0.15,4.0,auto
4837,1240,1280,arterial,1,1.0,1,1000.0,30,2.007425,0.15,4.0,auto
4838,1280,1240,arterial,1,1.0,1,1000.0,30,2.007425,0.15,4.0,auto
4839,1241,1242,arterial,1,1.0,1,1000.0,30,2.010497,0.15,4.0,auto
4840,1242,1241,arterial,1,1.0,1,1000.0,30,2.010497,0.15,4.0,auto
4841,1241,1281,arterial,1,1.0,1,1000.0,30,2.002203,0.15,4.0,auto
4842,1281,1241,arterial,1,1.0,1,1000.0,30,2.002203,0.15,4.0,auto
4843,1242,1243,arterial,1,1.0,1,1000.0,30,2.005647,0.15,4.0,auto
4844,1243,1242,arterial,1,1.0,1,1000.0,30,2.005647,0.15,4.0,auto
4845,1242,1282,arterial,1,1.0,1,1000.0,30,2.017534,0.15,4.0,auto
4846,1282,1242,arterial,1,1.0,1,1000.0,30,2.017534,0.15,4.0,auto
4847,1243,1244,arterial,1,1.0,1,1000.0,30,2.016102,0.15,4.0,auto
4848,1244,1243,arterial,1,1.0,1,1000.0,30,2.016102,0.15,4.0,auto
4849,1243,1283,arterial,1,1.0,1,1000.0,30,1.990047,0.15,4.0,auto
4850,1283,1243,arterial,1,1.0,1,1000.0,30,1.990047,0.15,4.0,auto
4851,1244,1245,arterial,1,1.0,1,1000.0,30,2.001648,0.15,4.0,auto
4852,1245,1244,arterial,1,1.0,1,1000.0,30,2.001648,0.15,4.0,auto
4853,1244,1284,arterial,1,1.0,1,1000.0,30,2.019893,0.15,4.0,auto
4854,1284,1244,arterial,1,1.0,1,1000.0,30,2.019893,0.15,4.0,auto
4855,1245,1246,arterial,1,1.0,1,1000.0,30,2.001109,0.15,4.0,auto
4856,1246,1245,arterial,1,1.0,1,1000.0,30,2.001109,0.15,4.0,auto
4857,1245,1285,arterial,1,1.0,1,1000.0,30,1.987575,0.15,4.0,auto
4858,1285,1245,arterial,1,1.0,1,1000.0,30,1.987575,0.15,4.0,auto
4859,1246,1247,arterial,1,1.0,1,1000.0,30,2.010643,0.15,4.0,auto
4860,1247,1246,arterial,1,1.0,1,1000.0,30,2.010643,0.15,4.0,auto
4861,1246,1286,arterial,1,1.0,1,1000.0,30,1.982278,0.15,4.0,auto
4862,1286,1246,arterial,1,1.0,1,1000.0,30,1.982278,0.15,4.0,auto
4863,1247,1248,arterial,1,1.0,1,1000.0,30,1.986013,0.15,4.0,auto
4864,1248,1247,arterial,1,1.0,1,1000.0,30,1.986013,0.15,4.0,auto
4865,1247,1287,arterial,1,1.0,1,1000.0,30,2.002051,0.15,4.0,auto
4866,1287,1247,arterial,1,1.0,1,1000.0,30,2.002051,0.15,4.0,auto
4867,1248,1249,arterial,1,1.0,1,1000.0,30,1.990903,0.15,4.0,auto
4868,1249,1248,arterial,1,1.0,1,1000.0,30,1.990903,0.15,4.0,auto
4869,1248,1288,arterial,1,1.0,1,1000.0,30,2.008786,0.15,4.0,auto
4870,1288,1248,arterial,1,1.0,1,1000.0,30,2.008786,0.15,4.0,auto
4871,1249,1250,arterial,1,1.0,1,1000.0,30,2.009071,0.15,4.0,auto
4872,1250,1249,arterial,1,1.0,1,1000.0,30,2.009071,0.15,4.0,auto
4873,1249,1289,arterial,1,1.0,1,1000.0,30,1.992772,0.15,4.0,auto
4874,1289,1249,arterial,1,1.0,1,1000.0,30,1.992772,0.15,4.0,auto
4875,1250,1251,arterial,1,1.0,1,1000.0,30,2.010678,0.15,4.0,auto
4876,1251,1250,arterial,1,1.0,1,1000.0,30,2.010678,0.15,4.0,auto
4877,1250,1290,arterial,1,1.0,1,1000.0,30,2.005909,0.15,4.0,auto
4878,1290,1250,arterial,1,1.0,1,1000.0,30,2.005909,0.15,4.0,auto
4879,1251,1252,arterial,1,1.0,1,1000.0,30,2.008239,0.15,4.0,auto
4880,1252,1251,arterial,1,1.0,1,1000.0,30,2.008239,0.15,4.0,auto
4881,1251,1291,arterial,1,1.0,1,1000.0,30,1.998265,0.15,4.0,auto
4882,1291,1251,arterial,1,1.0,1,1000.0,30,1.998265,0.15,4.0,auto
4883,1252,1253,arterial,1,1.0,1,1000.0,30,1.997299,0.15,4.0,auto
4884,1253,1252,arterial,1,1.0,1,1000.0,30,1.997299,0.15,4.0,auto
4885,1252,1292,arterial,1,1.0,1,1000.0,30,1.984263,0.15,4.0,auto
4886,1292,1252,arterial,1,1.0,1,1000.0,30,1.984263,0.15,4.0,auto
4887,1253,1254,arterial,1,1.0,1,1000.0,30,1.998994,0.15,4.0,auto
4888,1254,1253,arterial,1,1.0,1,1000.0,30,1.998994,0.15,4.0,auto
4889,1253,1293,arterial,1,1.0,1,1000.0,30,2.018187,0.15,4.0,auto
4890,1293,1253,arterial,1,1.0,1,1000.0,30,2.018187,0.15,4.0,auto
4891,1254,1255,arterial,1,1.0,1,1000.0,30,2.015538,0.15,4.0,auto
4892,1255,1254,arterial,1,1.0,1,1000.0,30,2.015538,0.15,4.0,auto
4893,1254,1294,arterial,1,1.0,1,1000.0,30,1.982244,0.15,4.0,auto
4894,1294,1254,arterial,1,1.0,1,1000.0,30,1.982244,0.15,4.0,auto
4895,1255,1256,arterial,1,1.0,1,1000.0,30,1.982842,0.15,4.0,auto
4896,1256,1255,arterial,1,1.0,1,1000.0,30,1.982842,0.15,4.0,auto
4897,1255,1295,arterial,1,1.0,1,1000.0,30,1.990777,0.15,4.0,auto
4898,1295,1255,arterial,1,1.0,1,1000.0,30,1.990777,0.15,4.0,auto
4899,1256,1257,arterial,1,1.0,1,1000.0,30,2.007779,0.15,4.0,auto
4900,1257,1256,arterial,1,1.0,1,1000.0,30,2.007779,0.15,4.0,auto
4901,1256,1296,arterial,1,1.0,1,1000.0,30,1.997504,0.15,4.0,auto
4902,1296,1256,arterial,1,1.0,1,1000.0,30,1.997504,0.15,4.0,auto
4903,1257,1258,arterial,1,1.0,1,1000.0,30,1.985114,0.15,4.0,auto
4904,1258,1257,arterial,1,1.0,1,1000.0,30,1.985114,0.15,4.0,auto
4905,1257,1297,arterial,1,1.0,1,1000.0,30,1.997024,0.15,4.0,auto
4906,1297,1257,arterial,1,1.0,1,1000.0,30,1.997024,0.15,4.0,auto
4907,1258,1259,arterial,1,1.0,1,1000.0,30,2.002927,0.15,4.0,auto
4908,1259,1258,arterial,1,1.0,1,1000.0,30,2.002927,0.15,4.0,auto
4909,1258,1298,arterial,1,1.0,1,1000.0,30,2.00977,0.15,4.0,auto
4910,1298,1258,arterial,1,1.0,1,1000.0,30,2.00977,0.15,4.0,auto
4911,1259,1260,arterial,1,1.0,1,1000.0,30,1.996121,0.15,4.0,auto
4912,1260,1259,arterial,1,1.0,1,1000.0,30,1.996121,0.15,4.0,auto
4913,1259,1299,arterial,1,1.0,1,1000.0,30,2.005986,0.15,4.0,auto
4914,1299,1259,arterial,1,1.0,1,1000.0,30,2.005986,0.15,4.0,auto
4915,1260,1300,arterial,1,1.0,1,1000.0,30,2.004627,0.15,4.0,auto
4916,1300,1260,arterial,1,1.0,1,1000.0,30,2.004627,0.15,4.0,auto
4917,1261,1262,arterial,1,1.0,1,1000.0,30,1.981856,0.15,4.0,auto
4918,1262,1261,arterial,1,1.0,1,1000.0,30,1.981856,0.15,4.0,auto
4919,1261,1301,arterial,1,1.0,1,1000.0,30,2.00842,0.15,4.0,auto
4920,1301,1261,arterial,1,1.0,1,1000.0,30,2.00842,0.15,4.0,auto
4921,1262,1263,arterial,1,1.0,1,1000.0,30,1.985143,0.15,4.0,auto
4922,1263,1262,arterial,1,1.0,1,1000.0,30,1.985143,0.15,4.0,auto
4923,1262,1302,arterial,1,1.0,1,1000.0,30,1.98219,0.15,4.0,auto
4924,1302,1262,arterial,1,1.0,1,1000.0,30,1.98219,0.15,4.0,auto
4925,1263,1264,arterial,1,1.0,1,1000.0,30,1.998947,0.15,4.0,auto
4926,1264,1263,arterial,1,1.0,1,1000.0,30,1.998947,0.15,4.0,auto
4927,1263,1303,arterial,1,1.0,1,1000.0,30,1.980673,0.15,4.0,auto
4928,1303,1263,arterial,1,1.0,1,1000.0,30,1.980673,0.15,4.0,auto
4929,1264,1265,arterial,1,1.0,1,1000.0,30,1.982915,0.15,4.0,auto
4930,1265,1264,arterial,1,1.0,1,1000.0,30,1.982915,0.15,4.0,auto
4931,1264,1304,arterial,1,1.0,1,1000.0,30,1.99564,0.15,4.0,auto
4932,1304,1264,arterial,1,1.0,1,1000.0,30,1.99564,0.15,4.0,auto
4933,1265,1266,arterial,1,1.0,1,1000.0,30,1.998742,0.15,4.0,auto
4934,1266,1265,arterial,1,1.0,1,1000.0,30,1.998742,0.15,4.0,auto
4935,1265,1305,arterial,1,1.0,1,1000.0,30,1.984224,0.15,4.0,auto
4936,1305,1265,arterial,1,1.0,1,1000.0,30,1.984224,0.15,4.0,auto
4937,1266,1267,arterial,1,1.0,1,1000.0,30,2.018149,0.15,4.0,auto
4938,1267,1266,arterial,1,1.0,1,1000.0,30,2.018149,0.15,4.0,auto
4939,1266,1306,arterial,1,1.0,1,1000.0,30,2.014084,0.15,4.0,auto
4940,1306,1266,arterial,1,1.0,1,1000.0,30,2.014084,0.15,4.0,auto
4941,1267,1268,arterial,1,1.0,1,1000.0,30,1.999466,0.15,4.0,auto
4942,1268,1267,arterial,1,1.0,1,1000.0,30,1.999466,0.15,4.0,auto
4943,1267,1307,arterial,1,1.0,1,1000.0,30,2.003511,0.15,4.0,auto
4944,1307,1267,arterial,1,1.0,1,1000.0,30,2.003511,0.15,4.0,auto
4945,1268,1269,arterial,1,1.0,1,1000.0,30,1.992624,0.15,4.0,auto
4946,1269,1268,arterial,1,1.0,1,1000.0,30,1.992624,0.15,4.0,auto
4947,1268,1308,arterial,1,1.0,1,1000.0,30,2.019346,0.15,4.0,auto
4948,1308,1268,arterial,1,1.0,1,1000.0,30,2.019346,0.15,4.0,auto
4949,1269,1270,arterial,1,1.0,1,1000.0,30,1.984797,0.15,4.0,auto
4950,1270,1269,arterial,1,1.0,1,1000.0,30,1.984797,0.15,4.0,auto
4951,1269,1309,arterial,1,1.0,1,1000.0,30,1.992167,0.15,4.0,auto
4952,1309,1269,arterial,1,1.0,1,1000.0,30,1.992167,0.15,4.0,auto
4953,1270,1271,arterial,1,1.0,1,1000.0,30,1.988838,0.15,4.0,auto
4954,1271,1270,arterial,1,1.0,1,1000.0,30,1.988838,0.15,4.0,auto
4955,1270,1310,arterial,1,1.0,1,1000.0,30,2.014627,0.15,4.0,auto
4956,1310,1270,arterial,1,1.0,1,1000.0,30,2.014627,0.15,4.0,auto
4957,1271,1272,arterial,1,1.0,1,1000.0,30,2.000353,0.15,4.0,auto
4958,1272,1271,arterial,1,1.0,1,1000.0,30,2.000353,0.15,4.0,auto
4959,1271,1311,arterial,1,1.0,1,1000.0,30,1.996417,0.15,4.0,auto
4960,1311,1271,arterial,1,1.0,1,1000.0,30,1.996417,0.15,4.0,auto
4961,1272,1273,arterial,1,1.0,1,1000.0,30,1.995953,0.15,4.0,auto
4962,1273,1272,arterial,1,1.0,1,1000.0,30,1.995953,0.15,4.0,auto
4963,1272,1312,arterial,1,1.0,1,1000.0,30,2.015482,0.15,4.0,auto
4964,1312,1272,arterial,1,1.0,1,1000.0,30,2.015482,0.15,4.0,auto
4965,1273,1274,arterial,1,1.0,1,1000.0,30,1.990297,0.15,4.0,auto
4966,1274,1273,arterial,1,1.0,1,1000.0,30,1.990297,0.15,4.0,auto
4967,1273,1313,arterial,1,1.0,1,1000.0,30,2.011652,0.15,4.0,auto
4968,1313,1273,arterial,1,1.0,1,1000.0,30,2.011652,0.15,4.0,auto
4969,1274,1275,arterial,1,1.0,1,1000.0,30,2.008323,0.15,4.0,auto
4970,1275,1274,arterial,1,1.0,1,1000.0,30,2.008323,0.15,4.0,auto
4971,1274,1314,arterial,1,1.0,1,1000.0,30,1.997935,0.15,4.0,auto
4972,1314,1274,arterial,1,1.0,1,1000.0,30,1.997935,0.15,4.0,auto
4973,1275,1276,arterial,1,1.0,1,1000.0,30,1.994632,0.15,4.0,auto
4974,1276,1275,arterial,1,1.0,1,1000.0,30,1.994632,0.15,4.0,auto
4975,1275,1315,arterial,1,1.0,1,1000.0,30,1.997474,0.15,4.0,auto
4976,1315,1275,arterial,1,1.0,1,1000.0,30,1.997474,0.15,4.0,auto
4977,1276,1277,arterial,1,1.0,1,1000.0,30,1.998121,0.15,4.0,auto
4978,1277,1276,arterial,1,1.0,1,1000.0,30,1.998121,0.15,4.0,auto
4979,1276,1316,arterial,1,1.0,1,1000.0,30,1.992622,0.15,4.0,auto
4980,1316,1276,arterial,1,1.0,1,1000.0,30,1.992622,0.15,4.0,auto
4981,1277,1278,arterial,1,1.0,1,1000.0,30,2.004954,0.15,4.0,auto
4982,1278,1277,arterial,1,1.0,1,1000.0,30,2.004954,0.15,4.0,auto
4983,1277,1317,arterial,1,1.0,1,1000.0,30,1.996446,0.15,4.0,auto
4984,1317,1277,arterial,1,1.0,1,1000.0,30,1.996446,0.15,4.0,auto
4985,1278,1279,arterial,1,1.0,1,1000.0,30,1.992148,0.15,4.0,auto
4986,1279,1278,arterial,1,1.0,1,1000.0,30,1.992148,0.15,4.0,auto
4987,1278,1318,arterial,1,1.0,1,1000.0,30,2.01091,0.15,4.0,auto
4988,1318,1278,arterial,1,1.0,1,1000.0,30,2.01091,0.15,4.0,auto
4989,1279,1280,arterial,1,1.0,1,1000.0,30,1.998205,0.15,4.0,auto
4990,1280,1279,arterial,1,1.0,1,1000.0,30,1.998205,0.15,4.0,auto
4991,1279,1319,arterial,1,1.0,1,1000.0,30,1.998942,0.15,4.0,auto
4992,1319,1279,arterial,1,1.0,1,1000.0,30,1.998942,0.15,4.0,auto
4993,1280,1320,arterial,1,1.0,1,1000.0,30,1.998187,0.15,4.0,auto
4994,1320,1280,arterial,1,1.0,1,1000.0,30,1.998187,0.15,4.0,auto
4995,1281,1282,arterial,1,1.0,1,1000.0,30,1.99504,0.15,4.0,auto
4996,1282,1281,arterial,1,1.0,1,1000.0,30,1.99504,0.15,4.0,auto
4997,1281,1321,arterial,1,1.0,1,1000.0,30,2.01592,0.15,4.0,auto
4998,1321,1281,arterial,1,1.0,1,1000.0,30,2.01592,0.15,4.0,auto
4999,1282,1283,arterial,1,1.0,1,1000.0,30,2.019055,0.15,4.0,auto
5000,1283,1282,arterial,1,1.0,1,1000.0,30,2.019055,0.15,4.0,auto
5001,1282,1322,arterial,1,1.0,1,1000.0,30,2.011428,0.15,4.0,auto
5002,1322,1282,arterial,1,1.0,1,1000.0,30,2.011428,0.15,4.0,auto
5003,1283,1284,arterial,1,1.0,1,1000.0,30,1.996058,0.15,4.0,auto
5004,1284,1283,arterial,1,1.0,1,1000.0,30,1.996058,0.15,4.0,auto
5005,1283,1323,arterial,1,1.0,1,1000.0,30,2.006847,0.15,4.0,auto
5006,1323,1283,arterial,1,1.0,1,1000.0,30,2.006847,0.15,4.0,auto
5007,1284,1285,arterial,1,1.0,1,1000.0,30,2.009637,0.15,4.0,auto
5008,1285,1284,arterial,1,1.0,1,1000.0,30,2.009637,0.15,4.0,auto
5009,1284,1324,arterial,1,1.0,1,1000.0,30,1.99185,0.15,4.0,auto
5010,1324,1284,arterial,1,1.0,1,1000.0,30,1.99185,0.15,4.0,auto
5011,1285,1286,arterial,1,1.0,1,1000.0,30,2.00896,0.15,4.0,auto
5012,1286,1285,arterial,1,1.0,1,1000.0,30,2.00896,0.15,4.0,auto
5013,1285,1325,arterial,1,1.0,1,1000.0,30,2.017991,0.15,4.0,auto
5014,1325,1285,arterial,1,1.0,1,1000.0,30,2.017991,0.15,4.0,auto
5015,1286,1287,arterial,1,1.0,1,1000.0,30,2.006231,0.15,4.0,auto
5016,1287,1286,arterial,1,1.0,1,1000.0,30,2.006231,0.15,4.0,auto
5017,1286,1326,arterial,1,1.0,1,1000.0,30,2.006752,0.15,4.0,auto
5018,1326,1286,arterial,1,1.0,1,1000.0,30,2.006752,0.15,4.0,auto
5019,1287,1288,arterial,1,1.0,1,1000.0,30,1.997404,0.15,4.0,auto
5020,1288,1287,arterial,1,1.0,1,1000.0,30,1.997404,0.15,4.0,auto
5021,1287,1327,arterial,1,1.0,1,1000.0,30,2.006136,0.15,4.0,auto
5022,1327,1287,arterial,1,1.0,1,1000.0,30,2.006136,0.15,4.0,auto
5023,1288,1289,arterial,1,1.0,1,1000.0,30,1.98904,0.15,4.0,auto
5024,1289,1288,arterial,1,1.0,1,1000.0,30,1.98904,0.15,4.0,auto
5025,1288,1328,arterial,1,1.0,1,1000.0,30,2.010815,0.15,4.0,auto
5026,1328,1288,arterial,1,1.0,1,1000.0,30,2.010815,0.15,4.0,auto
5027,1289,1290,arterial,1,1.0,1,1000.0,30,2.001566,0.15,4.0,auto
5028,1290,1289,arterial,1,1.0,1,1000.0,30,2.001566,0.15,4.0,auto
5029,1289,1329,arterial,1,1.0,1,1000.0,30,2.019198,0.15,4.0,auto
5030,1329,1289,arterial,1,1.0,1,1000.0,30,2.019198,0.15,4.0,auto
5031,1290,1291,arterial,1,1.0,1,1000.0,30,1.993668,0.15,4.0,auto
5032,1291,1290,arterial,1,1.0,1,1000.0,30,1.993668,0.15,4.0,auto
5033,1290,1330,arterial,1,1.0,1,1000.0,30,2.008467,0.15,4.0,auto
5034,1330,1290,arterial,1,1.0,1,1000.0,30,2.008467,0.15,4.0,auto
5035,1291,1292,arterial,1,1.0,1,1000.0,30,1.980669,0.15,4.0,auto
5036,1292,1291,arterial,1,1.0,1,1000.0,30,1.980669,0.15,4.0,auto
5037,1291,1331,arterial,1,1.0,1,1000.0,30,1.996645,0.15,4.0,auto
5038,1331,1291,arterial,1,1.0,1,1000.0,30,1.996645,0.15,4.0,auto
5039,1292,1293,arterial,1,1.0,1,1000.0,30,2.010655,0.15,4.0,auto
5040,1293,1292,arterial,1,1.0,1,1000.0,30,2.010655,0.15,4.0,auto
5041,1292,1332,arterial,1,1.0,1,1000.0,30,1.990379,0.15,4.0,auto
5042,1332,1292,arterial,1,1.0,1,1000.0,30,1.990379,0.15,4.0,auto
5043,1293,1294,arterial,1,1.0,1,1000.0,30,2.004541,0.15,4.0,auto
5044,1294,1293,arterial,1,1.0,1,1000.0,30,2.004541,0.15,4.0,auto
5045,1293,1333,arterial,1,1.0,1,1000.0,30,1.988836,0.15,4.0,auto
5046,1333,1293,arterial,1,1.0,1,1000.0,30,1.988836,0.15,4.0,auto
5047,1294,1295,arterial,1,1.0,1,1000.0,30,1.995934,0.15,4.0,auto
5048,1295,1294,arterial,1,1.0,1,1000.0,30,1.995934,0.15,4.0,auto
5049,1294,1334,arterial,1,1.0,1,1000.0,30,2.019747,0.15,4.0,auto
5050,1334,1294,arterial,1,1.0,1,1000.0,30,2.019747,0.15,4.0,auto
5051,1295,1296,arterial,1,1.0,1,1000.0,30,1.987865,0.15,4.0,auto
5052,1296,1295,arterial,1,1.0,1,1000.0,30,1.987865,0.15,4.0,auto
5053,1295,1335,arterial,1,1.0,1,1000.0,30,2.01651,0.15,4.0,auto
5054,1335,1295,arterial,1,1.0,1,1000.0,30,2.01651,0.15,4.0,auto
5055,1296,1297,arterial,1,1.0,1,1000.0,30,1.982391,0.15,4.0,auto
5056,1297,1296,arterial,1,1.0,1,1000.0,30,1.982391,0.15,4.0,auto
5057,1296,1336,arterial,1,1.0,1,1000.0,30,2.003319,0.15,4.0,auto
5058,1336,1296,arterial,1,1.0,1,1000.0,30,2.003319,0.15,4.0,auto
5059,1297,1298,arterial,1,1.0,1,1000.0,30,2.012851,0.15,4.0,auto
5060,1298,1297,arterial,1,1.0,1,1000.0,30,2.012851,0.15,4.0,auto
5061,1297,1337,arterial,1,1.0,1,1000.0,30,2.013493,0.15,4.0,auto
5062,1337,1297,arterial,1,1.0,1,1000.0,30,2.013493,0.15,4.0,auto
5063,1298,1299,arterial,1,1.0,1,1000.0,30,1.99565,0.15,4.0,auto
5064,1299,1298,arterial,1,1.0,1,1000.0,30,1.99565,0.15,4.0,auto
5065,1298,1338,arterial,1,1.0,1,1000.0,30,2.003614,0.15,4.0,auto
5066,1338,1298,arterial,1,1.0,1,1000.0,30,2.003614,0.15,4.0,auto
5067,1299,1300,arterial,1,1.0,1,1000.0,30,2.008485,0.15,4.0,auto
5068,1300,1299,arterial,1,1.0,1,1000.0,30,2.008485,0.15,4.0,auto
5069,1299,1339,arterial,1,1.0,1,1000.0,30,2.010468,0.15,4.0,auto
5070,1339,1299,arterial,1,1.0,1,1000.0,30,2.010468,0.15,4.0,auto
5071,1300,1340,arterial,1,1.0,1,1000.0,30,2.003157,0.15,4.0,auto
5072,1340,1300,arterial,1,1.0,1,1000.0,30,2.003157,0.15,4.0,auto
5073,1301,1302,arterial,1,1.0,1,1000.0,30,1.990063,0.15,4.0,auto
5074,1302,1301,arterial,1,1.0,1,1000.0,30,1.990063,0.15,4.0,auto
5075,1301,1341,arterial,1,1.0,1,1000.0,30,2.008209,0.15,4.0,auto
5076,1341,1301,arterial,1,1.0,1,1000.0,30,2.008209,0.15,4.0,auto
5077,1302,1303,arterial,1,1.0,1,1000.0,30,2.002452,0.15,4.0,auto
5078,1303,1302,arterial,1,1.0,1,1000.0,30,2.002452,0.15,4.0,auto
5079,1302,1342,arterial,1,1.0,1,1000.0,30,2.001772,0.15,4.0,auto
5080,1342,1302,arterial,1,1.0,1,1000.0,30,2.001772,0.15,4.0,auto
5081,1303,1304,arterial,1,1.0,1,1000.0,30,2.019483,0.15,4.0,auto
5082,1304,1303,arterial,1,1.0,1,1000.0,30,2.019483,0.15,4.0,auto
5083,1303,1343,arterial,1,1.0,1,1000.0,30,1.985459,0.15,4.0,auto
5084,1343,1303,arterial,1,1.0,1,1000.0,30,1.985459,0.15,4.0,auto
5085,1304,1305,arterial,1,1.0,1,1000.0,30,2.011226,0.15,4.0,auto
5086,1305,1304,arterial,1,1.0,1,1000.0,30,2.011226,0.15,4.0,auto
5087,1304,1344,arterial,1,1.0,1,1000.0,30,1.992991,0.15,4.0,auto
5088,1344,1304,arterial,1,1.0,1,1000.0,30,1.992991,0.15,4.0,auto
5089,1305,1306,arterial,1,1.0,1,1000.0,30,2.009063,0.15,4.0,auto
5090,1306,1305,arterial,1,1.0,1,1000.0,30,2.009063,0.15,4.0,auto
5091,1305,1345,arterial,1,1.0,1,1000.0,30,2.018014,0.15,4.0,auto
5092,1345,1305,arterial,1,1.0,1,1000.0,30,2.018014,0.15,4.0,auto
5093,1306,1307,arterial,1,1.0,1,1000.0,30,1.990978,0.15,4.0,auto
5094,1307,1306,arterial,1,1.0,1,1000.0,30,1.990978,0.15,4.0,auto
5095,1306,1346,arterial,1,1.0,1,1000.0,30,2.002686,0.15,4.0,auto
5096,1346,1306,arterial,1,1.0,1,1000.0,30,2.002686,0.15,4.0,auto
5097,1307,1308,arterial,1,1.0,1,1000.0,30,2.001132,0.15,4.0,auto
5098,1308,1307,arterial,1,1.0,1,1000.0,30,2.001132,0.15,4.0,auto
5099,1307,1347,arterial,1,1.0,1,1000.0,30,1.999808,0.15,4.0,auto
5100,1347,1307,arterial,1,1.0,1,1000.0,30,1.999808,0.15,4.0,auto
5101,1308,1309,arterial,1,1.0,1,1000.0,30,1.986682,0.15,4.0,auto
5102,1309,1308,arterial,1,1.0,1,1000.0,30,1.986682,0.15,4.0,auto
5103,1308,1348,arterial,1,1.0,1,1000.0,30,2.005018,0.15,4.0,auto
5104,1348,1308,arterial,1,1.0,1,1000.0,30,2.005018,0.15,4.0,auto
5105,1309,1310,arterial,1,1.0,1,1000.0,30,2.015739,0.15,4.0,auto
5106,1310,1309,arterial,1,1.0,1,1000.0,30,2.015739,0.15,4.0,auto
5107,1309,1349,arterial,1,1.0,1,1000.0,30,2.006531,0.15,4.0,auto
5108,1349,1309,arterial,1,1.0,1,1000.0,30,2.006531,0.15,4.0,auto
5109,1310,1311,arterial,1,1.0,1,1000.0,30,1.991566,0.15,4.0,auto
5110,1311,1310,arterial,1,1.0,1,1000.0,30,1.991566,0.15,4.0,auto
5111,1310,1350,arterial,1,1.0,1,1000.0,30,2.012241,0.15,4.0,auto
5112,1350,1310,arterial,1,1.0,1,1000.0,30,2.012241,0.15,4.0,auto
5113,1311,1312,arterial,1,1.0,1,1000.0,30,1.996801,0.15,4.0,auto
5114,1312,1311,arterial,1,1.0,1,1000.0,30,1.996801,0.15,4.0,auto
5115,1311,1351,arterial,1,1.0,1,1000.0,30,1.985808,0.15,4.0,auto
5116,1351,1311,arterial,1,1.0,1,1000.0,30,1.985808,0.15,4.0,auto
5117,1312,1313,arterial,1,1.0,1,1000.0,30,2.004234,0.15,4.0,auto
5118,1313,1312,arterial,1,1.0,1,1000.0,30,2.004234,0.15,4.0,auto
5119,1312,1352,arterial,1,1.0,1,1000.0,30,1.998414,0.15,4.0,auto
5120,1352,1312,arterial,1,1.0,1,1000.0,30,1.998414,0.15,4.0,auto
5121,1313,1314,arterial,1,1.0,1,1000.0,30,2.001193,0.15,4.0,auto
5122,1314,1313,arterial,1,1.0,1,1000.0,30,2.001193,0.15,4.0,auto
5123,1313,1353,arterial,1,1.0,1,1000.0,30,2.019646,0.15,4.0,auto
5124,1353,1313,arterial,1,1.0,1,1000.0,30,2.019646,0.15,4.0,auto
5125,1314,1315,arterial,1,1.0,1,1000.0,30,2.002778,0.15,4.0,auto
5126,1315,1314,arterial,1,1.0,1,1000.0,30,2.002778,0.15,4.0,auto
5127,1314,1354,arterial,1,1.0,1,1000.0,30,2.018139,0.15,4.0,auto
5128,1354,1314,arterial,1,1.0,1,1000.0,30,2.018139,0.15,4.0,auto
5129,1315,1316,arterial,1,1.0,1,1000.0,30,1.994105,0.15,4.0,auto
5130,1316,1315,arterial,1,1.0,1,1000.0,30,1.994105,0.15,4.0,auto
5131,1315,1355,arterial,1,1.0,1,1000.0,30,2.010357,0.15,4.0,auto
5132,1355,1315,arterial,1,1.0,1,1000.0,30,2.010357,0.15,4.0,auto
5133,1316,1317,arterial,1,1.0,1,1000.0,30,1.983013,0.15,4.0,auto
5134,1317,1316,arterial,1,1.0,1,1000.0,30,1.983013,0.15,4.0,auto
5135,1316,1356,arterial,1,1.0,1,1000.0,30,1.992016,0.15,4.0,auto
5136,1356,1316,arterial,1,1.0,1,1000.0,30,1.992016,0.15,4.0,auto
5137,1317,1318,arterial,1,1.0,1,1000.0,30,2.007677,0.15,4.0,auto
5138,1318,1317,arterial,1,1.0,1,1000.0,30,2.007677,0.15,4.0,auto
5139,1317,1357,arterial,1,1.0,1,1000.0,30,2.007608,0.15,4.0,auto
5140,1357,1317,arterial,1,1.0,1,1000.0,30,2.007608,0.15,4.0,auto
5141,1318,1319,arterial,1,1.0,1,1000.0,30,2.013137,0.15,4.0,auto
5142,1319,1318,arterial,1,1.0,1,1000.0,30,2.013137,0.15,4.0,auto
5143,1318,1358,arterial,1,1.0,1,1000.0,30,1.995207,0.15,4.0,auto
5144,1358,1318,arterial,1,1.0,1,1000.0,30,1.995207,0.15,4.0,auto
5145,1319,1320,arterial,1,1.0,1,1000.0,30,1.990945,0.15,4.0,auto
5146,1320,1319,arterial,1,1.0,1,1000.0,30,1.990945,0.15,4.0,auto
5147,1319,1359,arterial,1,1.0,1,1000.0,30,1.994337,0.15,4.0,auto
5148,1359,1319,arterial,1,1.0,1,1000.0,30,1.994337,0.15,4.0,auto
5149,1320,1360,arterial,1,1.0,1,1000.0,30,1.980966,0.15,4.0,auto
5150,1360,1320,arterial,1,1.0,1,1000.0,30,1.980966,0.15,4.0,auto
5151,1321,1322,arterial,1,1.0,1,1000.0,30,1.994981,0.15,4.0,auto
5152,1322,1321,arterial,1,1.0,1,1000.0,30,1.994981,0.15,4.0,auto
5153,1321,1361,arterial,1,1.0,1,1000.0,30,2.00629,0.15,4.0,auto
5154,1361,1321,arterial,1,1.0,1,1000.0,30,2.00629,0.15,4.0,auto
5155,1322,1323,arterial,1,1.0,1,1000.0,30,1.985944,0.15,4.0,auto
5156,1323,1322,arterial,1,1.0,1,1000.0,30,1.985944,0.15,4.0,auto
5157,1322,1362,arterial,1,1.0,1,1000.0,30,1.992445,0.15,4.0,auto
5158,1362,1322,arterial,1,1.0,1,1000.0,30,1.992445,0.15,4.0,auto
5159,1323,1324,arterial,1,1.0,1,1000.0,30,2.014905,0.15,4.0,auto
5160,1324,1323,arterial,1,1.0,1,1000.0,30,2.014905,0.15,4.0,auto
5161,1323,1363,arterial,1,1.0,1,1000.0,30,2.017342,0.15,4.0,auto
5162,1363,1323,arterial,1,1.0,1,1000.0,30,2.017342,0.15,4.0,auto
5163,1324,1325,arterial,1,1.0,1,1000.0,30,1.989989,0.15,4.0,auto
5164,1325,1324,arterial,1,1.0,1,1000.0,30,1.989989,0.15,4.0,auto
5165,1324,1364,arterial,1,1.0,1,1000.0,30,1.987117,0.15,4.0,auto
5166,1364,1324,arterial,1,1.0,1,1000.0,30,1.987117,0.15,4.0,auto
5167,1325,1326,arterial,1,1.0,1,1000.0,30,1.984709,0.15,4.0,auto
5168,1326,1325,arterial,1,1.0,1,1000.0,30,1.984709,0.15,4.0,auto
5169,1325,1365,arterial,1,1.0,1,1000.0,30,1.983428,0.15,4.0,auto
5170,1365,1325,arterial,1,1.0,1,1000.0,30,1.983428,0.15,4.0,auto
5171,1326,1327,arterial,1,1.0,1,1000.0,30,2.011763,0.15,4.0,auto
5172,1327,1326,arterial,1,1.0,1,1000.0,30,2.011763,0.15,4.0,auto
5173,1326,1366,arterial,1,1.0,1,1000.0,30,2.00956,0.15,4.0,auto
5174,1366,1326,arterial,1,1.0,1,1000.0,30,2.00956,0.15,4.0,auto
5175,1327,1328,arterial,1,1.0,1,1000.0,30,1.990576,0.15,4.0,auto
5176,1328,1327,arterial,1,1.0,1,1000.0,30,1.990576,0.15,4.0,auto
5177,1327,1367,arterial,1,1.0,1,1000.0,30,1.999564,0.15,4.0,auto
5178,1367,1327,arterial,1,1.0,1,1000.0,30,1.999564,0.15,4.0,auto
5179,1328,1329,arterial,1,1.0,1,1000.0,30,2.007815,0.15,4.0,auto
5180,1329,1328,arterial,1,1.0,1,1000.0,30,2.007815,0.15,4.0,auto
5181,1328,1368,arterial,1,1.0,1,1000.0,30,1.981124,0.15,4.0,auto
5182,1368,1328,arterial,1,1.0,1,1000.0,30,1.981124,0.15,4.0,auto
5183,1329,1330,arterial,1,1.0,1,1000.0,30,2.012756,0.15,4.0,auto
5184,1330,1329,arterial,1,1.0,1,1000.0,30,2.012756,0.15,4.0,auto
5185,1329,1369,arterial,1,1.0,1,1000.0,30,2.014381,0.15,4.0,auto
5186,1369,1329,arterial,1,1.0,1,1000.0,30,2.014381,0.15,4.0,auto
5187,1330,1331,arterial,1,1.0,1,1000.0,30,1.988452,0.15,4.0,auto
5188,1331,1330,arterial,1,1.0,1,1000.0,30,1.988452,0.15,4.0,auto
5189,1330,1370,arterial,1,1.0,1,1000.0,30,2.008138,0.15,4.0,auto
5190,1370,1330,arterial,1,1.0,1,1000.0,30,2.008138,0.15,4.0,auto
5191,1331,1332,arterial,1,1.0,1,1000.0,30,2.007972,0.15,4.0,auto
5192,1332,1331,arterial,1,1.0,1,1000.0,30,2.007972,0.15,4.0,auto
5193,1331,1371,arterial,1,1.0,1,1000.0,30,1.993482,0.15,4.0,auto
5194,1371,1331,arterial,1,1.0,1,1000.0,30,1.993482,0.15,4.0,auto
5195,1332,1333,arterial,1,1.0,1,1000.0,30,2.015137,0.15,4.0,auto
5196,1333,1332,arterial,1,1.0,1,1000.0,30,2.015137,0.15,4.0,auto
5197,1332,1372,arterial,1,1.0,1,1000.0,30,1.988736,0.15,4.0,auto
5198,1372,1332,arterial,1,1.0,1,1000.0,30,1.988736,0.15,4.0,auto
5199,1333,1334,arterial,1,1.0,1,1000.0,30,1.998957,0.15,4.0,auto
5200,1334,1333,arterial,1,1.0,1,1000.0,30,1.998957,0.15,4.0,auto
5201,1333,1373,arterial,1,1.0,1,1000.0,30,1.992548,0.15,4.0,auto
5202,1373,1333,arterial,1,1.0,1,1000.0,30,1.992548,0.15,4.0,auto
5203,1334,1335,arterial,1,1.0,1,1000.0,30,1.997674,0.15,4.0,auto
5204,1335,1334,arterial,1,1.0,1,1000.0,30,1.997674,0.15,4.0,auto
5205,1334,1374,arterial,1,1.0,1,1000.0,30,2.012492,0.15,4.0,auto
5206,1374,1334,arterial,1,1.0,1,1000.0,30,2.012492,0.15,4.0,auto
5207,1335,1336,arterial,1,1.0,1,1000.0,30,2.002799,0.15,4.0,auto
5208,1336,1335,arterial,1,1.0,1,1000.0,30,2.002799,0.15,4.0,auto
5209,1335,1375,arterial,1,1.0,1,1000.0,30,2.004371,0.15,4.0,auto
5210,1375,1335,arterial,1,1.0,1,1000.0,30,2.004371,0.15,4.0,auto
5211,1336,1337,arterial,1,1.0,1,1000.0,30,2.01948,0.15,4.0,auto
5212,1337,1336,arterial,1,1.0,1,1000.0,30,2.01948,0.15,4.0,auto
5213,1336,1376,arterial,1,1.0,1,1000.0,30,1.988936,0.15,4.0,auto
5214,1376,1336,arterial,1,1.0,1,1000.0,30,1.988936,0.15,4.0,auto
5215,1337,1338,arterial,1,1.0,1,1000.0,30,1.988909,0.15,4.0,auto
5216,1338,1337,arterial,1,1.0,1,1000.0,30,1.988909,0.15,4.0,auto
5217,1337,1377,arterial,1,1.0,1,1000.0,30,2.004788,0.15,4.0,auto
5218,1377,1337,arterial,1,1.0,1,1000.0,30,2.004788,0.15,4.0,auto
5219,1338,1339,arterial,1,1.0,1,1000.0,30,1.986009,0.15,4.0,auto
5220,1339,1338,arterial,1,1.0,1,1000.0,30,1.986009,0.15,4.0,auto
5221,1338,1378,arterial,1,1.0,1,1000.0,30,2.01857,0.15,4.0,auto
5222,1378,1338,arterial,1,1.0,1,1000.0,30,2.01857,0.15,4.0,auto
5223,1339,1340,arterial,1,1.0,1,1000.0,30,1.99365,0.15,4.0,auto
5224,1340,1339,arterial,1,1.0,1,1000.0,30,1.99365,0.15,4.0,auto
5225,1339,1379,arterial,1,1.0,1,1000.0,30,1.997602,0.15,4.0,auto
5226,1379,1339,arterial,1,1.0,1,1000.0,30,1.997602,0.15,4.0,auto
5227,1340,1380,arterial,1,1.0,1,1000.0,30,2.013107,0.15,4.0,auto
5228,1380,1340,arterial,1,1.0,1,1000.0,30,2.013107,0.15,4.0,auto
5229,1341,1342,arterial,1,1.0,1,1000.0,30,2.016614,0.15,4.0,auto
5230,1342,1341,arterial,1,1.0,1,1000.0,30,2.016614,0.15,4.0,auto
5231,1341,1381,arterial,1,1.0,1,1000.0,30,2.00708,0.15,4.0,auto
5232,1381,1341,arterial,1,1.0,1,1000.0,30,2.00708,0.15,4.0,auto
5233,1342,1343,arterial,1,1.0,1,1000.0,30,1.986856,0.15,4.0,auto
5234,1343,1342,arterial,1,1.0,1,1000.0,30,1.986856,0.15,4.0,auto
5235,1342,1382,arterial,1,1.0,1,1000.0,30,1.994207,0.15,4.0,auto
5236,1382,1342,arterial,1,1.0,1,1000.0,30,1.994207,0.15,4.0,auto
5237,1343,1344,arterial,1,1.0,1,1000.0,30,2.008256,0.15,4.0,auto
5238,1344,1343,arterial,1,1.0,1,1000.0,30,2.008256,0.15,4.0,auto
5239,1343,1383,arterial,1,1.0,1,1000.0,30,1.988643,0.15,4.0,auto
5240,1383,1343,arterial,1,1.0,1,1000.0,30,1.988643,0.15,4.0,auto
5241,1344,1345,arterial,1,1.0,1,1000.0,30,2.015308,0.15,4.0,auto
5242,1345,1344,arterial,1,1.0,1,1000.0,30,2.015308,0.15,4.0,auto
5243,1344,1384,arterial,1,1.0,1,1000.0,30,2.014891,0.15,4.0,auto
5244,1384,1344,arterial,1,1.0,1,1000.0,30,2.014891,0.15,4.0,auto
5245,1345,1346,arterial,1,1.0,1,1000.0,30,1.98906,0.15,4.0,auto
5246,1346,1345,arterial,1,1.0,1,1000.0,30,1.98906,0.15,4.0,auto
5247,1345,1385,arterial,1,1.0,1,1000.0,30,1.994571,0.15,4.0,auto
5248,1385,1345,arterial,1,1.0,1,1000.0,30,1.994571,0.15,4.0,auto
5249,1346,1347,arterial,1,1.0,1,1000.0,30,1.98915,0.15,4.0,auto
5250,1347,1346,arterial,1,1.0,1,1000.0,30,1.98915,0.15,4.0,auto
5251,1346,1386,arterial,1,1.0,1,1000.0,30,2.008743,0.15,4.0,auto
5252,1386,1346,arterial,1,1.0,1,1000.0,30,2.008743,0.15,4.0,auto
5253,1347,1348,arterial,1,1.0,1,1000.0,30,1.981884,0.15,4.0,auto
5254,1348,1347,arterial,1,1.0,1,1000.0,30,1.981884,0.15,4.0,auto
5255,1347,1387,arterial,1,1.0,1,1000.0,30,2.007828,0.15,4.0,auto
5256,1387,1347,arterial,1,1.0,1,1000.0,30,2.007828,0.15,4.0,auto
5257,1348,1349,arterial,1,1.0,1,1000.0,30,1.982506,0.15,4.0,auto
5258,1349,1348,arterial,1,1.0,1,1000.0,30,1.982506,0.15,4.0,auto
5259,1348,1388,arterial,1,1.0,1,1000.0,30,2.013645,0.15,4.0,auto
5260,1388,1348,arterial,1,1.0,1,1000.0,30,2.013645,0.15,4.0,auto
5261,1349,1350,arterial,1,1.0,1,1000.0,30,2.00173,0.15,4.0,auto
5262,1350,1349,arterial,1,1.0,1,1000.0,30,2.00173,0.15,4.0,auto
5263,1349,1389,arterial,1,1.0,1,1000.0,30,2.003327,0.15,4.0,auto
5264,1389,1349,arterial,1,1.0,1,1000.0,30,2.003327,0.15,4.0,auto
5265,1350,1351,arterial,1,1.0,1,1000.0,30,1.983809,0.15,4.0,auto
5266,1351,1350,arterial,1,1.0,1,1000.0,30,1.983809,0.15,4.0,auto
5267,1350,1390,arterial,1,1.0,1,1000.0,30,1.98177,0.15,4.0,auto
5268,1390,1350,arterial,1,1.0,1,1000.0,30,1.98177,0.15,4.0,auto
5269,1351,1352,arterial,1,1.0,1,1000.0,30,1.994123,0.15,4.0,auto
5270,1352,1351,arterial,1,1.0,1,1000.0,30,1.994123,0.15,4.0,auto
5271,1351,1391,arterial,1,1.0,1,1000.0,30,2.019389,0.15,4.0,auto
5272,1391,1351,arterial,1,1.0,1,1000.0,30,2.019389,0.15,4.0,auto
5273,1352,1353,arterial,1,1.0,1,1000.0,30,2.004004,0.15,4.0,auto
5274,1353,1352,arterial,1,1.0,1,1000.0,30,2.004004,0.15,4.0,auto
5275,1352,1392,arterial,1,1.0,1,1000.0,30,2.014491,0.15,4.0,auto
5276,1392,1352,arterial,1,1.0,1,1000.0,30,2.014491,0.15,4.0,auto
5277,1353,1354,arterial,1,1.0,1,1000.0,30,1.982506,0.15,4.0,auto
5278,1354,1353,arterial,1,1.0,1,1000.0,30,1.982506,0.15,4.0,auto
5279,1353,1393,arterial,1,1.0,1,1000.0,30,1.984074,0.15,4.0,auto
5280,1393,1353,arterial,1,1.0,1,1000.0,30,1.984074,0.15,4.0,auto
5281,1354,1355,arterial,1,1.0,1,1000.0,30,1.980836,0.15,4.0,auto
5282,1355,1354,arterial,1,1.0,1,1000.0,30,1.980836,0.15,4.0,auto
5283,1354,1394,arterial,1,1.0,1,1000.0,30,2.007879,0.15,4.0,auto
5284,1394,1354,arterial,1,1.0,1,1000.0,30,2.007879,0.15,4.0,auto
5285,1355,1356,arterial,1,1.0,1,1000.0,30,1.987056,0.15,4.0,auto
5286,1356,1355,arterial,1,1.0,1,1000.0,30,1.987056,0.15,4.0,auto
5287,1355,1395,arterial,1,1.0,1,1000.0,30,1.990907,0.15,4.0,auto
5288,1395,1355,arterial,1,1.0,1,1000.0,30,1.990907,0.15,4.0,auto
5289,1356,1357,arterial,1,1.0,1,1000.0,30,2.006681,0.15,4.0,auto
5290,1357,1356,arterial,1,1.0,1,1000.0,30,2.006681,0.15,4.0,auto
5291,1356,1396,arterial,1,1.0,1,1000.0,30,2.00782,0.15,4.0,auto
5292,1396,1356,arterial,1,1.0,1,1000.0,30,2.00782,0.15,4.0,auto
5293,1357,1358,arterial,1,1.0,1,1000.0,30,1.992896,0.15,4.0,auto
5294,1358,1357,arterial,1,1.0,1,1000.0,30,1.992896,0.15,4.0,auto
5295,1357,1397,arterial,1,1.0,1,1000.0,30,1.998698,0.15,4.0,auto
5296,1397,1357,arterial,1,1.0,1,1000.0,30,1.998698,0.15,4.0,auto
5297,1358,1359,arterial,1,1.0,1,1000.0,30,1.991562,0.15,4.0,auto
5298,1359,1358,arterial,1,1.0,1,1000.0,30,1.991562,0.15,4.0,auto
5299,1358,1398,arterial,1,1.0,1,1000.0,30,2.002453,0.15,4.0,auto
5300,1398,1358,arterial,1,1.0,1,1000.0,30,2.002453,0.15,4.0,auto
5301,1359,1360,arterial,1,1.0,1,1000.0,30,1.994235,0.15,4.0,auto
5302,1360,1359,arterial,1,1.0,1,1000.0,30,1.994235,0.15,4.0,auto
5303,1359,1399,arterial,1,1.0,1,1000.0,30,1.9944,0.15,4.0,auto
5304,1399,1359,arterial,1,1.0,1,1000.0,30,1.9944,0.15,4.0,auto
5305,1360,1400,arterial,1,1.0,1,1000.0,30,1.991687,0.15,4.0,auto
5306,1400,1360,arterial,1,1.0,1,1000.0,30,1.991687,0.15,4.0,auto
5307,1361,1362,arterial,1,1.0,1,1000.0,30,1.990438,0.15,4.0,auto
5308,1362,1361,arterial,1,1.0,1,1000.0,30,1.990438,0.15,4.0,auto
5309,1361,1401,arterial,1,1.0,1,1000.0,30,1.980649,0.15,4.0,auto
5310,1401,1361,arterial,1,1.0,1,1000.0,30,1.980649,0.15,4.0,auto
5311,1362,1363,arterial,1,1.0,1,1000.0,30,1.992416,0.15,4.0,auto
5312,1363,1362,arterial,1,1.0,1,1000.0,30,1.992416,0.15,4.0,auto
5313,1362,1402,arterial,1,1.0,1,1000.0,30,2.003681,0.15,4.0,auto
5314,1402,1362,arterial,1,1.0,1,1000.0,30,2.003681,0.15,4.0,auto
5315,1363,1364,arterial,1,1.0,1,1000.0,30,1.990747,0.15,4.0,auto
5316,1364,1363,arterial,1,1.0,1,1000.0,30,1.990747,0.15,4.0,auto
5317,1363,1403,arterial,1,1.0,1,1000.0,30,1.984519,0.15,4.0,auto
5318,1403,1363,arterial,1,1.0,1,1000.0,30,1.984519,0.15,4.0,auto
5319,1364,1365,arterial,1,1.0,1,1000.0,30,2.013841,0.15,4.0,auto
5320,1365,1364,arterial,1,1.0,1,1000.0,30,2.013841,0.15,4.0,auto
5321,1364,1404,arterial,1,1.0,1,1000.0,30,1.998763,0.15,4.0,auto
5322,1404,1364,arterial,1,1.0,1,1000.0,30,1.998763,0.15,4.0,auto
5323,1365,1366,arterial,1,1.0,1,1000.0,30,2.000471,0.15,4.0,auto
5324,1366,1365,arterial,1,1.0,1,1000.0,30,2.000471,0.15,4.0,auto
5325,1365,1405,arterial,1,1.0,1,1000.0,30,1.992475,0.15,4.0,auto
5326,1405,1365,arterial,1,1.0,1,1000.0,30,1.992475,0.15,4.0,auto
5327,1366,1367,arterial,1,1.0,1,1000.0,30,2.015483,0.15,4.0,auto
5328,1367,1366,arterial,1,1.0,1,1000.0,30,2.015483,0.15,4.0,auto
5329,1366,1406,arterial,1,1.0,1,1000.0,30,2.010162,0.15,4.0,auto
5330,1406,1366,arterial,1,1.0,1,1000.0,30,2.010162,0.15,4.0,auto
5331,1367,1368,arterial,1,1.0,1,1000.0,30,2.004906,0.15,4.0,auto
5332,1368,1367,arterial,1,1.0,1,1000.0,30,2.004906,0.15,4.0,auto
5333,1367,1407,arterial,1,1.0,1,1000.0,30,2.006377,0.15,4.0,auto
5334,1407,1367,arterial,1,1.0,1,1000.0,30,2.006377,0.15,4.0,auto
5335,1368,1369,arterial,1,1.0,1,1000.0,30,2.007695,0.15,4.0,auto
5336,1369,1368,arterial,1,1.0,1,1000.0,30,2.007695,0.15,4.0,auto
5337,1368,1408,arterial,1,1.0,1,1000.0,30,2.000019,0.15,4.0,auto
5338,1408,1368,arterial,1,1.0,1,1000.0,30,2.000019,0.15,4.0,auto
5339,1369,1370,arterial,1,1.0,1,1000.0,30,1.996526,0.15,4.0,auto
5340,1370,1369,arterial,1,1.0,1,1000.0,30,1.996526,0.15,4.0,auto
5341,1369,1409,arterial,1,1.0,1,1000.0,30,1.9956,0.15,4.0,auto
5342,1409,1369,arterial,1,1.0,1,1000.0,30,1.9956,0.15,4.0,auto
5343,1370,1371,arterial,1,1.0,1,1000.0,30,2.000165,0.15,4.0,auto
5344,1371,1370,arterial,1,1.0,1,1000.0,30,2.000165,0.15,4.0,auto
5345,1370,1410,arterial,1,1.0,1,1000.0,30,1.998744,0.15,4.0,auto
5346,1410,1370,arterial,1,1.0,1,1000.0,30,1.998744,0.15,4.0,auto
5347,1371,1372,arterial,1,1.0,1,1000.0,30,2.001157,0.15,4.0,auto
5348,1372,1371,arterial,1,1.0,1,1000.0,30,2.001157,0.15,4.0,auto
5349,1371,1411,arterial,1,1.0,1,1000.0,30,2.001322,0.15,4.0,auto
5350,1411,1371,arterial,1,1.0,1,1000.0,30,2.001322,0.15,4.0,auto
5351,1372,1373,arterial,1,1.0,1,1000.0,30,2.011543,0.15,4.0,auto
5352,1373,1372,arterial,1,1.0,1,1000.0,30,2.011543,0.15,4.0,auto
5353,1372,1412,arterial,1,1.0,1,1000.0,30,2.015704,0.15,4.0,auto
5354,1412,1372,arterial,1,1.0,1,1000.0,30,2.015704,0.15,4.0,auto
5355,1373,1374,arterial,1,1.0,1,1000.0,30,1.988959,0.15,4.0,auto
5356,1374,1373,arterial,1,1.0,1,1000.0,30,1.988959,0.15,4.0,auto
5357,1373,1413,arterial,1,1.0,1,1000.0,30,1.980889,0.15,4.0,auto
5358,1413,1373,arterial,1,1.0,1,1000.0,30,1.980889,0.15,4.0,auto
5359,1374,1375,arterial,1,1.0,1,1000.0,30,1.992042,0.15,4.0,auto
5360,1375,1374,arterial,1,1.0,1,1000.0,30,1.992042,0.15,4.0,auto
5361,1374,1414,arterial,1,1.0,1,1000.0,30,1.981274,0.15,4.0,auto
5362,1414,1374,arterial,1,1.0,1,1000.0,30,1.981274,0.15,4.0,auto
5363,1375,1376,arterial,1,1.0,1,1000.0,30,2.011855,0.15,4.0,auto
5364,1376,1375,arterial,1,1.0,1,1000.0,30,2.011855,0.15,4.0,auto
5365,1375,1415,arterial,1,1.0,1,1000.0,30,2.004814,0.15,4.0,auto
5366,1415,1375,arterial,1,1.0,1,1000.0,30,2.004814,0.15,4.0,auto
5367,1376,1377,arterial,1,1.0,1,1000.0,30,1.991421,0.15,4.0,auto
5368,1377,1376,arterial,1,1.0,1,1000.0,30,1.991421,0.15,4.0,auto
5369,1376,1416,arterial,1,1.0,1,1000.0,30,1.98765,0.15,4.0,auto
5370,1416,1376,arterial,1,1.0,1,1000.0,30,1.98765,0.15,4.0,auto
5371,1377,1378,arterial,1,1.0,1,1000.0,30,2.014745,0.15,4.0,auto
5372,1378,1377,arterial,1,1.0,1,1000.0,30,2.014745,0.15,4.0,auto
5373,1377,1417,arterial,1,1.0,1,1000.0,30,2.013445,0.15,4.0,auto
5374,1417,1377,arterial,1,1.0,1,1000.0,30,2.013445,0.15,4.0,auto
5375,1378,1379,arterial,1,1.0,1,1000.0,30,2.007346,0.15,4.0,auto
5376,1379,1378,arterial,1,1.0,1,1000.0,30,2.007346,0.15,4.0,auto
5377,1378,1418,arterial,1,1.0,1,1000.0,30,2.007668,0.15,4.0,auto
5378,1418,1378,arterial,1,1.0,1,1000.0,30,2.007668,0.15,4.0,auto
5379,1379,1380,arterial,1,1.0,1,1000.0,30,2.009782,0.15,4.0,auto
5380,1380,1379,arterial,1,1.0,1,1000.0,30,2.009782,0.15,4.0,auto
5381,1379,1419,arterial,1,1.0,1,1000.0,30,1.998185,0.15,4.0,auto
5382,1419,1379,arterial,1,1.0,1,1000.0,30,1.998185,0.15,4.0,auto
5383,1380,1420,arterial,1,1.0,1,1000.0,30,2.002115,0.15,4.0,auto
5384,1420,1380,arterial,1,1.0,1,1000.0,30,2.002115,0.15,4.0,auto
5385,1381,1382,arterial,1,1.0,1,1000.0,30,2.015218,0.15,4.0,auto
5386,1382,1381,arterial,1,1.0,1,1000.0,30,2.015218,0.15,4.0,auto
5387,1381,1421,arterial,1,1.0,1,1000.0,30,2.019655,0.15,4.0,auto
5388,1421,1381,arterial,1,1.0,1,1000.0,30,2.019655,0.15,4.0,auto
5389,1382,1383,arterial,1,1.0,1,1000.0,30,2.01668,0.15,4.0,auto
5390,1383,1382,arterial,1,1.0,1,1000.0,30,2.01668,0.15,4.0,auto
5391,1382,1422,arterial,1,1.0,1,1000.0,30,2.013418,0.15,4.0,auto
5392,1422,1382,arterial,1,1.0,1,1000.0,30,2.013418,0.15,4.0,auto
5393,1383,1384,arterial,1,1.0,1,1000.0,30,1.982975,0.15,4.0,auto
5394,1384,1383,arterial,1,1.0,1,1000.0,30,1.982975,0.15,4.0,auto
5395,1383,1423,arterial,1,1.0,1,1000.0,30,1.989877,0.15,4.0,auto
5396,1423,1383,arterial,1,1.0,1,1000.0,30,1.989877,0.15,4.0,auto
5397,1384,1385,arterial,1,1.0,1,1000.0,30,2.01884,0.15,4.0,auto
5398,1385,1384,arterial,1,1.0,1,1000.0,30,2.01884,0.15,4.0,auto
5399,1384,1424,arterial,1,1.0,1,1000.0,30,2.00174,0.15,4.0,auto
5400,1424,1384,arterial,1,1.0,1,1000.0,30,2.00174,0.15,4.0,auto
5401,1385,1386,arterial,1,1.0,1,1000.0,30,2.000593,0.15,4.0,auto
5402,1386,1385,arterial,1,1.0,1,1000.0,30,2.000593,0.15,4.0,auto
5403,1385,1425,arterial,1,1.0,1,1000.0,30,1.992393,0.15,4.0,auto
5404,1425,1385,arterial,1,1.0,1,1000.0,30,1.992393,0.15,4.0,auto
5405,1386,1387,arterial,1,1.0,1,1000.0,30,2.014479,0.15,4.0,auto
5406,1387,1386,arterial,1,1.0,1,1000.0,30,2.014479,0.15,4.0,auto
5407,1386,1426,arterial,1,1.0,1,1000.0,30,2.000672,0.15,4.0,auto
5408,1426,1386,arterial,1,1.0,1,1000.0,30,2.000672,0.15,4.0,auto
5409,1387,1388,arterial,1,1.0,1,1000.0,30,2.019614,0.15,4.0,auto
5410,1388,1387,arterial,1,1.0,1,1000.0,30,2.019614,0.15,4.0,auto
5411,1387,1427,arterial,1,1.0,1,1000.0,30,1.983022,0.15,4.0,auto
5412,1427,1387,arterial,1,1.0,1,1000.0,30,1.983022,0.15,4.0,auto
5413,1388,1389,arterial,1,1.0,1,1000.0,30,2.019731,0.15,4.0,auto
5414,1389,1388,arterial,1,1.0,1,1000.0,30,2.019731,0.15,4.0,auto
5415,1388,1428,arterial,1,1.0,1,1000.0,30,1.980536,0.15,4.0,auto
5416,1428,1388,arterial,1,1.0,1,1000.0,30,1.980536,0.15,4.0,auto
5417,1389,1390,arterial,1,1.0,1,1000.0,30,1.985931,0.15,4.0,auto
5418,1390,1389,arterial,1,1.0,1,1000.0,30,1.985931,0.15,4.0,auto
5419,1389,1429,arterial,1,1.0,1,1000.0,30,1.995581,0.15,4.0,auto
5420,1429,1389,arterial,1,1.0,1,1000.0,30,1.995581,0.15,4.0,auto
5421,1390,1391,arterial,1,1.0,1,1000.0,30,2.00558,0.15,4.0,auto
5422,1391,1390,arterial,1,1.0,1,1000.0,30,2.00558,0.15,4.0,auto
5423,1390,1430,arterial,1,1.0,1,1000.0,30,1.984425,0.15,4.0,auto
5424,1430,1390,arterial,1,1.0,1,1000.0,30,1.984425,0.15,4.0,auto
5425,1391,1392,arterial,1,1.0,1,1000.0,30,2.002496,0.15,4.0,auto
5426,1392,1391,arterial,1,1.0,1,1000.0,30,2.002496,0.15,4.0,auto
5427,1391,1431,arterial,1,1.0,1,1000.0,30,2.017574,0.15,4.0,auto
5428,1431,1391,arterial,1,1.0,1,1000.0,30,2.017574,0.15,4.0,auto
5429,1392,1393,arterial,1,1.0,1,1000.0,30,1.99742,0.15,4.0,auto
5430,1393,1392,arterial,1,1.0,1,1000.0,30,1.99742,0.15,4.0,auto
5431,1392,1432,arterial,1,1.0,1,1000.0,30,2.010494,0.15,4.0,auto
5432,1432,1392,arterial,1,1.0,1,1000.0,30,2.010494,0.15,4.0,auto
5433,1393,1394,arterial,1,1.0,1,1000.0,30,2.003676,0.15,4.0,auto
5434,1394,1393,arterial,1,1.0,1,1000.0,30,2.003676,0.15,4.0,auto
5435,1393,1433,arterial,1,1.0,1,1000.0,30,2.003296,0.15,4.0,auto
5436,1433,1393,arterial,1,1.0,1,1000.0,30,2.003296,0.15,4.0,auto
5437,1394,1395,arterial,1,1.0,1,1000.0,30,1.986928,0.15,4.0,auto
5438,1395,1394,arterial,1,1.0,1,1000.0,30,1.986928,0.15,4.0,auto
5439,1394,1434,arterial,1,1.0,1,1000.0,30,1.998559,0.15,4.0,auto
5440,1434,1394,arterial,1,1.0,1,1000.0,30,1.998559,0.15,4.0,auto
5441,1395,1396,arterial,1,1.0,1,1000.0,30,2.016014,0.15,4.0,auto
5442,1396,1395,arterial,1,1.0,1,1000.0,30,2.016014,0.15,4.0,auto
5443,1395,1435,arterial,1,1.0,1,1000.0,30,2.006967,0.15,4.0,auto
5444,1435,1395,arterial,1,1.0,1,1000.0,30,2.006967,0.15,4.0,auto
5445,1396,1397,arterial,1,1.0,1,1000.0,30,1.988672,0.15,4.0,auto
5446,1397,1396,arterial,1,1.0,1,1000.0,30,1.988672,0.15,4.0,auto
5447,1396,1436,arterial,1,1.0,1,1000.0,30,1.997879,0.15,4.0,auto
5448,1436,1396,arterial,1,1.0,1,1000.0,30,1.997879,0.15,4.0,auto
5449,1397,1398,arterial,1,1.0,1,1000.0,30,2.001743,0.15,4.0,auto
5450,1398,1397,arterial,1,1.0,1,1000.0,30,2.001743,0.15,4.0,auto
5451,1397,1437,arterial,1,1.0,1,1000.0,30,1.993471,0.15,4.0,auto
5452,1437,1397,arterial,1,1.0,1,1000.0,30,1.993471,0.15,4.0,auto
5453,1398,1399,arterial,1,1.0,1,1000.0,30,2.00311,0.15,4.0,auto
5454,1399,1398,arterial,1,1.0,1,1000.0,30,2.00311,0.15,4.0,auto
5455,1398,1438,arterial,1,1.0,1,1000.0,30,2.005263,0.15,4.0,auto
5456,1438,1398,arterial,1,1.0,1,1000.0,30,2.005263,0.15,4.0,auto
5457,1399,1400,arterial,1,1.0,1,1000.0,30,1.980714,0.15,4.0,auto
5458,1400,1399,arterial,1,1.0,1,1000.0,30,1.980714,0.15,4.0,auto
5459,1399,1439,arterial,1,1.0,1,1000.0,30,1.988801,0.15,4.0,auto
5460,1439,1399,arterial,1,1.0,1,1000.0,30,1.988801,0.15,4.0,auto
5461,1400,1440,arterial,1,1.0,1,1000.0,30,1.988574,0.15,4.0,auto
5462,1440,1400,arterial,1,1.0,1,1000.0,30,1.988574,0.15,4.0,auto
5463,1401,1402,arterial,1,1.0,1,1000.0,30,1.982911,0.15,4.0,auto
5464,1402,1401,arterial,1,1.0,1,1000.0,30,1.982911,0.15,4.0,auto
5465,1401,1441,arterial,1,1.0,1,1000.0,30,2.010476,0.15,4.0,auto
5466,1441,1401,arterial,1,1.0,1,1000.0,30,2.010476,0.15,4.0,auto
5467,1402,1403,arterial,1,1.0,1,1000.0,30,1.993355,0.15,4.0,auto
5468,1403,1402,arterial,1,1.0,1,1000.0,30,1.993355,0.15,4.0,auto
5469,1402,1442,arterial,1,1.0,1,1000.0,30,2.018312,0.15,4.0,auto
5470,1442,1402,arterial,1,1.0,1,1000.0,30,2.018312,0.15,4.0,auto
5471,1403,1404,arterial,1,1.0,1,1000.0,30,2.00235,0.15,4.0,auto
5472,1404,1403,arterial,1,1.0,1,1000.0,30,2.00235,0.15,4.0,auto
5473,1403,1443,arterial,1,1.0,1,1000.0,30,1.984052,0.15,4.0,auto
5474,1443,1403,arterial,1,1.0,1,1000.0,30,1.984052,0.15,4.0,auto
5475,1404,1405,arterial,1,1.0,1,1000.0,30,2.005473,0.15,4.0,auto
5476,1405,1404,arterial,1,1.0,1,1000.0,30,2.005473,0.15,4.0,auto
5477,1404,1444,arterial,1,1.0,1,1000.0,30,1.99049,0.15,4.0,auto
5478,1444,1404,arterial,1,1.0,1,1000.0,30,1.99049,0.15,4.0,auto
5479,1405,1406,arterial,1,1.0,1,1000.0,30,2.012577,0.15,4.0,auto
5480,1406,1405,arterial,1,1.0,1,1000.0,30,2.012577,0.15,4.0,auto
5481,1405,1445,arterial,1,1.0,1,1000.0,30,2.008966,0.15,4.0,auto
5482,1445,1405,arterial,1,1.0,1,1000.0,30,2.008966,0.15,4.0,auto
5483,1406,1407,arterial,1,1.0,1,1000.0,30,2.010334,0.15,4.0,auto
5484,1407,1406,arterial,1,1.0,1,1000.0,30,2.010334,0.15,4.0,auto
5485,1406,1446,arterial,1,1.0,1,1000.0,30,1.982289,0.15,4.0,auto
5486,1446,1406,arterial,1,1.0,1,1000.0,30,1.982289,0.15,4.0,auto
5487,1407,1408,arterial,1,1.0,1,1000.0,30,1.981369,0.15,4.0,auto
5488,1408,1407,arterial,1,1.0,1,1000.0,30,1.981369,0.15,4.0,auto
5489,1407,1447,arterial,1,1.0,1,1000.0,30,2.011915,0.15,4.0,auto
5490,1447,1407,arterial,1,1.0,1,1000.0,30,2.011915,0.15,4.0,auto
5491,1408,1409,arterial,1,1.0,1,1000.0,30,1.98562,0.15,4.0,auto
5492,1409,1408,arterial,1,1.0,1,1000.0,30,1.98562,0.15,4.0,auto
5493,1408,1448,arterial,1,1.0,1,1000.0,30,1.988071,0.15,4.0,auto
5494,1448,1408,arterial,1,1.0,1,1000.0,30,1.988071,0.15,4.0,auto
5495,1409,1410,arterial,1,1.0,1,1000.0,30,1.981197,0.15,4.0,auto
5496,1410,1409,arterial,1,1.0,1,1000.0,30,1.981197,0.15,4.0,auto
5497,1409,1449,arterial,1,1.0,1,1000.0,30,1.98654,0.15,4.0,auto
5498,1449,1409,arterial,1,1.0,1,1000.0,30,1.98654,0.15,4.0,auto
5499,1410,1411,arterial,1,1.0,1,1000.0,30,1.998944,0.15,4.0,auto
5500,1411,1410,arterial,1,1.0,1,1000.0,30,1.998944,0.15,4.0,auto
5501,1410,1450,arterial,1,1.0,1,1000.0,30,2.018322,0.15,4.0,auto
5502,1450,1410,arterial,1,1.0,1,1000.0,30,2.018322,0.15,4.0,auto
5503,1411,1412,arterial,1,1.0,1,1000.0,30,1.992852,0.15,4.0,auto
5504,1412,1411,arterial,1,1.0,1,1000.0,30,1.992852,0.15,4.0,auto
5505,1411,1451,arterial,1,1.0,1,1000.0,30,1.990373,0.15,4.0,auto
5506,1451,1411,arterial,1,1.0,1,1000.0,30,1.990373,0.15,4.0,auto
5507,1412,1413,arterial,1,1.0,1,1000.0,30,2.013118,0.15,4.0,auto
5508,1413,1412,arterial,1,1.0,1,1000.0,30,2.013118,0.15,4.0,auto
5509,1412,1452,arterial,1,1.0,1,1000.0,30,1.987377,0.15,4.0,auto
5510,1452,1412,arterial,1,1.0,1,1000.0,30,1.987377,0.15,4.0,auto
5511,1413,1414,arterial,1,1.0,1,1000.0,30,2.005405,0.15,4.0,auto
5512,1414,1413,arterial,1,1.0,1,1000.0,30,2.005405,0.15,4.0,auto
5513,1413,1453,arterial,1,1.0,1,1000.0,30,2.004607,0.15,4.0,auto
5514,1453,1413,arterial,1,1.0,1,1000.0,30,2.004607,0.15,4.0,auto
5515,1414,1415,arterial,1,1.0,1,1000.0,30,2.017413,0.15,4.0,auto
5516,1415,1414,arterial,1,1.0,1,1000.0,30,2.017413,0.15,4.0,auto
5517,1414,1454,arterial,1,1.0,1,1000.0,30,1.981749,0.15,4.0,auto
5518,1454,1414,arterial,1,1.0,1,1000.0,30,1.981749,0.15,4.0,auto
5519,1415,1416,arterial,1,1.0,1,1000.0,30,2.002527,0.15,4.0,auto
5520,1416,1415,arterial,1,1.0,1,1000.0,30,2.002527,0.15,4.0,auto
5521,1415,1455,arterial,1,1.0,1,1000.0,30,1.995314,0.15,4.0,auto
5522,1455,1415,arterial,1,1.0,1,1000.0,30,1.995314,0.15,4.0,auto
5523,1416,1417,arterial,1,1.0,1,1000.0,30,2.012946,0.15,4.0,auto
5524,1417,1416,arterial,1,1.0,1,1000.0,30,2.012946,0.15,4.0,auto
5525,1416,1456,arterial,1,1.0,1,1000.0,30,1.990092,0.15,4.0,auto
5526,1456,1416,arterial,1,1.0,1,1000.0,30,1.990092,0.15,4.0,auto
5527,1417,1418,arterial,1,1.0,1,1000.0,30,2.008599,0.15,4.0,auto
5528,1418,1417,arterial,1,1.0,1,1000.0,30,2.008599,0.15,4.0,auto
5529,1417,1457,arterial,1,1.0,1,1000.0,30,1.987411,0.15,4.0,auto
5530,1457,1417,arterial,1,1.0,1,1000.0,30,1.987411,0.15,4.0,auto
5531,1418,1419,arterial,1,1.0,1,1000.0,30,1.999804,0.15,4.0,auto
5532,1419,1418,arterial,1,1.0,1,1000.0,30,1.999804,0.15,4.0,auto
5533,1418,1458,arterial,1,1.0,1,1000.0,30,2.018734,0.15,4.0,auto
5534,1458,1418,arterial,1,1.0,1,1000.0,30,2.018734,0.15,4.0,auto
5535,1419,1420,arterial,1,1.0,1,1000.0,30,1.989597,0.15,4.0,auto
5536,1420,1419,arterial,1,1.0,1,1000.0,30,1.989597,0.15,4.0,auto
5537,1419,1459,arterial,1,1.0,1,1000.0,30,1.991156,0.15,4.0,auto
5538,1459,1419,arterial,1,1.0,1,1000.0,30,1.991156,0.15,4.0,auto
5539,1420,1460,arterial,1,1.0,1,1000.0,30,2.006979,0.15,4.0,auto
5540,1460,1420,arterial,1,1.0,1,1000.0,30,2.006979,0.15,4.0,auto
5541,1421,1422,arterial,1,1.0,1,1000.0,30,1.982636,0.15,4.0,auto
5542,1422,1421,arterial,1,1.0,1,1000.0,30,1.982636,0.15,4.0,auto
5543,1421,1461,arterial,1,1.0,1,1000.0,30,1.987459,0.15,4.0,auto
5544,1461,1421,arterial,1,1.0,1,1000.0,30,1.987459,0.15,4.0,auto
5545,1422,1423,arterial,1,1.0,1,1000.0,30,1.989487,0.15,4.0,auto
5546,1423,1422,arterial,1,1.0,1,1000.0,30,1.989487,0.15,4.0,auto
5547,1422,1462,arterial,1,1.0,1,1000.0,30,1.991597,0.15,4.0,auto
5548,1462,1422,arterial,1,1.0,1,1000.0,30,1.991597,0.15,4.0,auto
5549,1423,1424,arterial,1,1.0,1,1000.0,30,2.013784,0.15,4.0,auto
5550,1424,1423,arterial,1,1.0,1,1000.0,30,2.013784,0.15,4.0,auto
5551,1423,1463,arterial,1,1.0,1,1000.0,30,2.008021,0.15,4.0,auto
5552,1463,1423,arterial,1,1.0,1,1000.0,30,2.008021,0.15,4.0,auto
5553,1424,1425,arterial,1,1.0,1,1000.0,30,2.01919,0.15,4.0,auto
5554,1425,1424,arterial,1,1.0,1,1000.0,30,2.01919,0.15,4.0,auto
5555,1424,1464,arterial,1,1.0,1,1000.0,30,2.006787,0.15,4.0,auto
5556,1464,1424,arterial,1,1.0,1,1000.0,30,2.006787,0.15,4.0,auto
5557,1425,1426,arterial,1,1.0,1,1000.0,30,2.005114,0.15,4.0,auto
5558,1426,1425,arterial,1,1.0,1,1000.0,30,2.005114,0.15,4.0,auto
5559,1425,1465,arterial,1,1.0,1,1000.0,30,1.995325,0.15,4.0,auto
5560,1465,1425,arterial,1,1.0,1,1000.0,30,1.995325,0.15,4.0,auto
5561,1426,1427,arterial,1,1.0,1,1000.0,30,2.008696,0.15,4.0,auto
5562,1427,1426,arterial,1,1.0,1,1000.0,30,2.008696,0.15,4.0,auto
5563,1426,1466,arterial,1,1.0,1,1000.0,30,1.999739,0.15,4.0,auto
5564,1466,1426,arterial,1,1.0,1,1000.0,30,1.999739,0.15,4.0,auto
5565,1427,1428,arterial,1,1.0,1,1000.0,30,1.982355,0.15,4.0,auto
5566,1428,1427,arterial,1,1.0,1,1000.0,30,1.982355,0.15,4.0,auto
5567,1427,1467,arterial,1,1.0,1,1000.0,30,1.999681,0.15,4.0,auto
5568,1467,1427,arterial,1,1.0,1,1000.0,30,1.999681,0.15,4.0,auto
5569,1428,1429,arterial,1,1.0,1,1000.0,30,1.995363,0.15,4.0,auto
5570,1429,1428,arterial,1,1.0,1,1000.0,30,1.995363,0.15,4.0,auto
5571,1428,1468,arterial,1,1.0,1,1000.0,30,2.001238,0.15,4.0,auto
5572,1468,1428,arterial,1,1.0,1,1000.0,30,2.001238,0.15,4.0,auto
5573,1429,1430,arterial,1,1.0,1,1000.0,30,1.98195,0.15,4.0,auto
5574,1430,1429,arterial,1,1.0,1,1000.0,30,1.98195,0.15,4.0,auto
5575,1429,1469,arterial,1,1.0,1,1000.0,30,1.981117,0.15,4.0,auto
5576,1469,1429,arterial,1,1.0,1,1000.0,30,1.981117,0.15,4.0,auto
5577,1430,1431,arterial,1,1.0,1,1000.0,30,2.019315,0.15,4.0,auto
5578,1431,1430,arterial,1,1.0,1,1000.0,30,2.019315,0.15,4.0,auto
5579,1430,1470,arterial,1,1.0,1,1000.0,30,1.99485,0.15,4.0,auto
5580,1470,1430,arterial,1,1.0,1,1000.0,30,1.99485,0.15,4.0,auto
5581,1431,1432,arterial,1,1.0,1,1000.0,30,1.993201,0.15,4.0,auto
5582,1432,1431,arterial,1,1.0,1,1000.0,30,1.993201,0.15,4.0,auto
5583,1431,1471,arterial,1,1.0,1,1000.0,30,1.985933,0.15,4.0,auto
5584,1471,1431,arterial,1,1.0,1,1000.0,30,1.985933,0.15,4.0,auto
5585,1432,1433,arterial,1,1.0,1,1000.0,30,2.0037,0.15,4.0,auto
5586,1433,1432,arterial,1,1.0,1,1000.0,30,2.0037,0.15,4.0,auto
5587,1432,1472,arterial,1,1.0,1,1000.0,30,2.016588,0.15,4.0,auto
5588,1472,1432,arterial,1,1.0,1,1000.0,30,2.016588,0.15,4.0,auto
5589,1433,1434,arterial,1,1.0,1,1000.0,30,1.987215,0.15,4.0,auto
5590,1434,1433,arterial,1,1.0,1,1000.0,30,1.987215,0.15,4.0,auto
5591,1433,1473,arterial,1,1.0,1,1000.0,30,2.000009,0.15,4.0,auto
5592,1473,1433,arterial,1,1.0,1,1000.0,30,2.000009,0.15,4.0,auto
5593,1434,1435,arterial,1,1.0,1,1000.0,30,1.999988,0.15,4.0,auto
5594,1435,1434,arterial,1,1.0,1,1000.0,30,1.999988,0.15,4.0,auto
5595,1434,1474,arterial,1,1.0,1,1000.0,30,2.010633,0.15,4.0,auto
5596,1474,1434,arterial,1,1.0,1,1000.0,30,2.010633,0.15,4.0,auto
5597,1435,1436,arterial,1,1.0,1,1000.0,30,2.002603,0.15,4.0,auto
5598,1436,1435,arterial,1,1.0,1,1000.0,30,2.002603,0.15,4.0,auto
5599,1435,1475,arterial,1,1.0,1,1000.0,30,1.989555,0.15,4.0,auto
5600,1475,1435,arterial,1,1.0,1,1000.0,30,1.989555,0.15,4.0,auto
5601,1436,1437,arterial,1,1.0,1,1000.0,30,1.987586,0.15,4.0,auto
5602,1437,1436,arterial,1,1.0,1,1000.0,30,1.987586,0.15,4.0,auto
5603,1436,1476,arterial,1,1.0,1,1000.0,30,2.008985,0.15,4.0,auto
5604,1476,1436,arterial,1,1.0,1,1000.0,30,2.008985,0.15,4.0,auto
5605,1437,1438,arterial,1,1.0,1,1000.0,30,1.983125,0.15,4.0,auto
5606,1438,1437,arterial,1,1.0,1,1000.0,30,1.983125,0.15,4.0,auto
5607,1437,1477,arterial,1,1.0,1,1000.0,30,2.014588,0.15,4.0,auto
5608,1477,1437,arterial,1,1.0,1,1000.0,30,2.014588,0.15,4.0,auto
5609,1438,1439,arterial,1,1.0,1,1000.0,30,1.981338,0.15,4.0,auto
5610,1439,1438,arterial,1,1.0,1,1000.0,30,1.981338,0.15,4.0,auto
5611,1438,1478,arterial,1,1.0,1,1000.0,30,1.98758,0.15,4.0,auto
5612,1478,1438,arterial,1,1.0,1,1000.0,30,1.98758,0.15,4.0,auto
5613,1439,1440,arterial,1,1.0,1,1000.0,30,1.998712,0.15,4.0,auto
5614,1440,1439,arterial,1,1.0,1,1000.0,30,1.998712,0.15,4.0,auto
5615,1439,1479,arterial,1,1.0,1,1000.0,30,2.01376,0.15,4.0,auto
5616,1479,1439,arterial,1,1.0,1,1000.0,30,2.01376,0.15,4.0,auto
5617,1440,1480,arterial,1,1.0,1,1000.0,30,2.009832,0.15,4.0,auto
5618,1480,1440,arterial,1,1.0,1,1000.0,30,2.009832,0.15,4.0,auto
5619,1441,1442,arterial,1,1.0,1,1000.0,30,2.010441,0.15,4.0,auto
5620,1442,1441,arterial,1,1.0,1,1000.0,30,2.010441,0.15,4.0,auto
5621,1441,1481,arterial,1,1.0,1,1000.0,30,2.008895,0.15,4.0,auto
5622,1481,1441,arterial,1,1.0,1,1000.0,30,2.008895,0.15,4.0,auto
5623,1442,1443,arterial,1,1.0,1,1000.0,30,1.982065,0.15,4.0,auto
5624,1443,1442,arterial,1,1.0,1,1000.0,30,1.982065,0.15,4.0,auto
5625,1442,1482,arterial,1,1.0,1,1000.0,30,2.013011,0.15,4.0,auto
5626,1482,1442,arterial,1,1.0,1,1000.0,30,2.013011,0.15,4.0,auto
5627,1443,1444,arterial,1,1.0,1,1000.0,30,1.985909,0.15,4.0,auto
5628,1444,1443,arterial,1,1.0,1,1000.0,30,1.985909,0.15,4.0,auto
5629,1443,1483,arterial,1,1.0,1,1000.0,30,1.986493,0.15,4.0,auto
5630,1483,1443,arterial,1,1.0,1,1000.0,30,1.986493,0.15,4.0,auto
5631,1444,1445,arterial,1,1.0,1,1000.0,30,1.981502,0.15,4.0,auto
5632,1445,1444,arterial,1,1.0,1,1000.0,30,1.981502,0.15,4.0,auto
5633,1444,1484,arterial,1,1.0,1,1000.0,30,1.981136,0.15,4.0,auto
5634,1484,1444,arterial,1,1.0,1,1000.0,30,1.981136,0.15,4.0,auto
5635,1445,1446,arterial,1,1.0,1,1000.0,30,2.015078,0.15,4.0,auto
5636,1446,1445,arterial,1,1.0,1,1000.0,30,2.015078,0.15,4.0,auto
5637,1445,1485,arterial,1,1.0,1,1000.0,30,1.995239,0.15,4.0,auto
5638,1485,1445,arterial,1,1.0,1,1000.0,30,1.995239,0.15,4.0,auto
5639,1446,1447,arterial,1,1.0,1,1000.0,30,1.98346,0.15,4.0,auto
5640,1447,1446,arterial,1,1.0,1,1000.0,30,1.98346,0.15,4.0,auto
5641,1446,1486,arterial,1,1.0,1,1000.0,30,1.981867,0.15,4.0,auto
5642,1486,1446,arterial,1,1.0,1,1000.0,30,1.981867,0.15,4.0,auto
5643,1447,1448,arterial,1,1.0,1,1000.0,30,2.013855,0.15,4.0,auto
5644,1448,1447,arterial,1,1.0,1,1000.0,30,2.013855,0.15,4.0,auto
5645,1447,1487,arterial,1,1.0,1,1000.0,30,2.004063,0.15,4.0,auto
5646,1487,1447,arterial,1,1.0,1,1000.0,30,2.004063,0.15,4.0,auto
5647,1448,1449,arterial,1,1.0,1,1000.0,30,2.016653,0.15,4.0,auto
5648,1449,1448,arterial,1,1.0,1,1000.0,30,2.016653,0.15,4.0,auto
5649,1448,1488,arterial,1,1.0,1,1000.0,30,1.981495,0.15,4.0,auto
5650,1488,1448,arterial,1,1.0,1,1000.0,30,1.981495,0.15,4.0,auto
5651,1449,1450,arterial,1,1.0,1,1000.0,30,1.984502,0.15,4.0,auto
5652,1450,1449,arterial,1,1.0,1,1000.0,30,1.984502,0.15,4.0,auto
5653,1449,1489,arterial,1,1.0,1,1000.0,30,1.991467,0.15,4.0,auto
5654,1489,1449,arterial,1,1.0,1,1000.0,30,1.991467,0.15,4.0,auto
5655,1450,1451,arterial,1,1.0,1,1000.0,30,1.98764,0.15,4.0,auto
5656,1451,1450,arterial,1,1.0,1,1000.0,30,1.98764,0.15,4.0,auto
5657,1450,1490,arterial,1,1.0,1,1000.0,30,1.984486,0.15,4.0,auto
5658,1490,1450,arterial,1,1.0,1,1000.0,30,1.984486,0.15,4.0,auto
5659,1451,1452,arterial,1,1.0,1,1000.0,30,1.988022,0.15,4.0,auto
5660,1452,1451,arterial,1,1.0,1,1000.0,30,1.988022,0.15,4.0,auto
5661,1451,1491,arterial,1,1.0,1,1000.0,30,2.005614,0.15,4.0,auto
5662,1491,1451,arterial,1,1.0,1,1000.0,30,2.005614,0.15,4.0,auto
5663,1452,1453,arterial,1,1.0,1,1000.0,30,1.986724,0.15,4.0,auto
5664,1453,1452,arterial,1,1.0,1,1000.0,30,1.986724,0.15,4.0,auto
5665,1452,1492,arterial,1,1.0,1,1000.0,30,1.986746,0.15,4.0,auto
5666,1492,1452,arterial,1,1.0,1,1000.0,30,1.986746,0.15,4.0,auto
5667,1453,1454,arterial,1,1.0,1,1000.0,30,2.001421,0.15,4.0,auto
5668,1454,1453,arterial,1,1.0,1,1000.0,30,2.001421,0.15,4.0,auto
5669,1453,1493,arterial,1,1.0,1,1000.0,30,1.99502,0.15,4.0,auto
5670,1493,1453,arterial,1,1.0,1,1000.0,30,1.99502,0.15,4.0,auto
5671,1454,1455,arterial,1,1.0,1,1000.0,30,1.985985,0.15,4.0,auto
5672,1455,1454,arterial,1,1.0,1,1000.0,30,1.985985,0.15,4.0,auto
5673,1454,1494,arterial,1,1.0,1,1000.0,30,2.002725,0.15,4.0,auto
5674,1494,1454,arterial,1,1.0,1,1000.0,30,2.002725,0.15,4.0,auto
5675,1455,1456,arterial,1,1.0,1,1000.0,30,2.000318,0.15,4.0,auto
5676,1456,1455,arterial,1,1.0,1,1000.0,30,2.000318,0.15,4.0,auto
5677,1455,1495,arterial,1,1.0,1,1000.0,30,1.995521,0.15,4.0,auto
5678,1495,1455,arterial,1,1.0,1,1000.0,30,1.995521,0.15,4.0,auto
5679,1456,1457,arterial,1,1.0,1,1000.0,30,1.998972,0.15,4.0,auto
5680,1457,1456,arterial,1,1.0,1,1000.0,30,1.998972,0.15,4.0,auto
5681,1456,1496,arterial,1,1.0,1,1000.0,30,1.98159,0.15,4.0,auto
5682,1496,1456,arterial,1,1.0,1,1000.0,30,1.98159,0.15,4.0,auto
5683,1457,1458,arterial,1,1.0,1,1000.0,30,2.004603,0.15,4.0,auto
5684,1458,1457,arterial,1,1.0,1,1000.0,30,2.004603,0.15,4.0,auto
5685,1457,1497,arterial,1,1.0,1,1000.0,30,1.987735,0.15,4.0,auto
5686,1497,1457,arterial,1,1.0,1,1000.0,30,1.987735,0.15,4.0,auto
5687,1458,1459,arterial,1,1.0,1,1000.0,30,1.993431,0.15,4.0,auto
5688,1459,1458,arterial,1,1.0,1,1000.0,30,1.993431,0.15,4.0,auto
5689,1458,1498,arterial,1,1.0,1,1000.0,30,1.980372,0.15,4.0,auto
5690,1498,1458,arterial,1,1.0,1,1000.0,30,1.980372,0.15,4.0,auto
5691,1459,1460,arterial,1,1.0,1,1000.0,30,2.015508,0.15,4.0,auto
5692,1460,1459,arterial,1,1.0,1,1000.0,30,2.015508,0.15,4.0,auto
5693,1459,1499,arterial,1,1.0,1,1000.0,30,2.003505,0.15,4.0,auto
5694,1499,1459,arterial,1,1.0,1,1000.0,30,2.003505,0.15,4.0,auto
5695,1460,1500,arterial,1,1.0,1,1000.0,30,2.001674,0.15,4.0,auto
5696,1500,1460,arterial,1,1.0,1,1000.0,30,2.001674,0.15,4.0,auto
5697,1461,1462,arterial,1,1.0,1,1000.0,30,2.017595,0.15,4.0,auto
5698,1462,1461,arterial,1,1.0,1,1000.0,30,2.017595,0.15,4.0,auto
5699,1461,1501,arterial,1,1.0,1,1000.0,30,1.985283,0.15,4.0,auto
5700,1501,1461,arterial,1,1.0,1,1000.0,30,1.985283,0.15,4.0,auto
5701,1462,1463,arterial,1,1.0,1,1000.0,30,1.995337,0.15,4.0,auto
5702,1463,1462,arterial,1,1.0,1,1000.0,30,1.995337,0.15,4.0,auto
5703,1462,1502,arterial,1,1.0,1,1000.0,30,2.008322,0.15,4.0,auto
5704,1502,1462,arterial,1,1.0,1,1000.0,30,2.008322,0.15,4.0,auto
5705,1463,1464,arterial,1,1.0,1,1000.0,30,1.994884,0.15,4.0,auto
5706,1464,1463,arterial,1,1.0,1,1000.0,30,1.994884,0.15,4.0,auto
5707,1463,1503,arterial,1,1.0,1,1000.0,30,2.008271,0.15,4.0,auto
5708,1503,1463,arterial,1,1.0,1,1000.0,30,2.008271,0.15,4.0,auto
5709,1464,1465,arterial,1,1.0,1,1000.0,30,2.016329,0.15,4.0,auto
5710,1465,1464,arterial,1,1.0,1,1000.0,30,2.016329,0.15,4.0,auto
5711,1464,1504,arterial,1,1.0,1,1000.0,30,1.981634,0.15,4.0,auto
5712,1504,1464,arterial,1,1.0,1,1000.0,30,1.981634,0.15,4.0,auto
5713,1465,1466,arterial,1,1.0,1,1000.0,30,1.99138,0.15,4.0,auto
5714,1466,1465,arterial,1,1.0,1,1000.0,30,1.99138,0.15,4.0,auto
5715,1465,1505,arterial,1,1.0,1,1000.0,30,1.991713,0.15,4.0,auto
5716,1505,1465,arterial,1,1.0,1,1000.0,30,1.991713,0.15,4.0,auto
5717,1466,1467,arterial,1,1.0,1,1000.0,30,2.010009,0.15,4.0,auto
5718,1467,1466,arterial,1,1.0,1,1000.0,30,2.010009,0.15,4.0,auto
5719,1466,1506,arterial,1,1.0,1,1000.0,30,2.011372,0.15,4.0,auto
5720,1506,1466,arterial,1,1.0,1,1000.0,30,2.011372,0.15,4.0,auto
5721,1467,1468,arterial,1,1.0,1,1000.0,30,2.007979,0.15,4.0,auto
5722,1468,1467,arterial,1,1.0,1,1000.0,30,2.007979,0.15,4.0,auto
5723,1467,1507,arterial,1,1.0,1,1000.0,30,2.01699,0.15,4.0,auto
5724,1507,1467,arterial,1,1.0,1,1000.0,30,2.01699,0.15,4.0,auto
5725,1468,1469,arterial,1,1.0,1,1000.0,30,1.987428,0.15,4.0,auto
5726,1469,1468,arterial,1,1.0,1,1000.0,30,1.987428,0.15,4.0,auto
5727,1468,1508,arterial,1,1.0,1,1000.0,30,1.995735,0.15,4.0,auto
5728,1508,1468,arterial,1,1.0,1,1000.0,30,1.995735,0.15,4.0,auto
5729,1469,1470,arterial,1,1.0,1,1000.0,30,2.014117,0.15,4.0,auto
5730,1470,1469,arterial,1,1.0,1,1000.0,30,2.014117,0.15,4.0,auto
5731,1469,1509,arterial,1,1.0,1,1000.0,30,2.010621,0.15,4.0,auto
5732,1509,1469,arterial,1,1.0,1,1000.0,30,2.010621,0.15,4.0,auto
5733,1470,1471,arterial,1,1.0,1,1000.0,30,1.984507,0.15,4.0,auto
5734,1471,1470,arterial,1,1.0,1,1000.0,30,1.984507,0.15,4.0,auto
5735,1470,1510,arterial,1,1.0,1,1000.0,30,2.01919,0.15,4.0,auto
5736,1510,1470,arterial,1,1.0,1,1000.0,30,2.01919,0.15,4.0,auto
5737,1471,1472,arterial,1,1.0,1,1000.0,30,2.009619,0.15,4.0,auto
5738,1472,1471,arterial,1,1.0,1,1000.0,30,2.009619,0.15,4.0,auto
5739,1471,1511,arterial,1,1.0,1,1000.0,30,2.014637,0.15,4.0,auto
5740,1511,1471,arterial,1,1.0,1,1000.0,30,2.014637,0.15,4.0,auto
5741,1472,1473,arterial,1,1.0,1,1000.0,30,1.994484,0.15,4.0,auto
5742,1473,1472,arterial,1,1.0,1,1000.0,30,1.994484,0.15,4.0,auto
5743,1472,1512,arterial,1,1.0,1,1000.0,30,2.004218,0.15,4.0,auto
5744,1512,1472,arterial,1,1.0,1,1000.0,30,2.004218,0.15,4.0,auto
5745,1473,1474,arterial,1,1.0,1,1000.0,30,2.01835,0.15,4.0,auto
5746,1474,1473,arterial,1,1.0,1,1000.0,30,2.01835,0.15,4.0,auto
5747,1473,1513,arterial,1,1.0,1,1000.0,30,2.015917,0.15,4.0,auto
5748,1513,1473,arterial,1,1.0,1,1000.0,30,2.015917,0.15,4.0,auto
5749,1474,1475,arterial,1,1.0,1,1000.0,30,2.003084,0.15,4.0,auto
5750,1475,1474,arterial,1,1.0,1,1000.0,30,2.003084,0.15,4.0,auto
5751,1474,1514,arterial,1,1.0,1,1000.0,30,2.015599,0.15,4.0,auto
5752,1514,1474,arterial,1,1.0,1,1000.0,30,2.015599,0.15,4.0,auto
5753,1475,1476,arterial,1,1.0,1,1000.0,30,2.019959,0.15,4.0,auto
5754,1476,1475,arterial,1,1.0,1,1000.0,30,2.019959,0.15,4.0,auto
5755,1475,1515,arterial,1,1.0,1,1000.0,30,2.013569,0.15,4.0,auto
5756,1515,1475,arterial,1,1.0,1,1000.0,30,2.013569,0.15,4.0,auto
5757,1476,1477,arterial,1,1.0,1,1000.0,30,2.006234,0.15,4.0,auto
5758,1477,1476,arterial,1,1.0,1,1000.0,30,2.006234,0.15,4.0,auto
5759,1476,1516,arterial,1,1.0,1,1000.0,30,2.018414,0.15,4.0,auto
5760,1516,1476,arterial,1,1.0,1,1000.0,30,2.018414,0.15,4.0,auto
5761,1477,1478,arterial,1,1.0,1,1000.0,30,1.985749,0.15,4.0,auto
5762,1478,1477,arterial,1,1.0,1,1000.0,30,1.985749,0.15,4.0,auto
5763,1477,1517,arterial,1,1.0,1,1000.0,30,1.996148,0.15,4.0,auto
5764,1517,1477,arterial,1,1.0,1,1000.0,30,1.996148,0.15,4.0,auto
5765,1478,1479,arterial,1,1.0,1,1000.0,30,2.002563,0.15,4.0,auto
5766,1479,1478,arterial,1,1.0,1,1000.0,30,2.002563,0.15,4.0,auto
5767,1478,1518,arterial,1,1.0,1,1000.0,30,1.985265,0.15,4.0,auto
5768,1518,1478,arterial,1,1.0,1,1000.0,30,1.985265,0.15,4.0,auto
5769,1479,1480,arterial,1,1.0,1,1000.0,30,2.01123,0.15,4.0,auto
5770,1480,1479,arterial,1,1.0,1,1000.0,30,2.01123,0.15,4.0,auto
5771,1479,1519,arterial,1,1.0,1,1000.0,30,1.982486,0.15,4.0,auto
5772,1519,1479,arterial,1,1.0,1,1000.0,30,1.982486,0.15,4.0,auto
5773,1480,1520,arterial,1,1.0,1,1000.0,30,1.991188,0.15,4.0,auto
5774,1520,1480,arterial,1,1.0,1,1000.0,30,1.991188,0.15,4.0,auto
5775,1481,1482,arterial,1,1.0,1,1000.0,30,1.992913,0.15,4.0,auto
5776,1482,1481,arterial,1,1.0,1,1000.0,30,1.992913,0.15,4.0,auto
5777,1481,1521,arterial,1,1.0,1,1000.0,30,2.004273,0.15,4.0,auto
5778,1521,1481,arterial,1,1.0,1,1000.0,30,2.004273,0.15,4.0,auto
5779,1482,1483,arterial,1,1.0,1,1000.0,30,1.987658,0.15,4.0,auto
5780,1483,1482,arterial,1,1.0,1,1000.0,30,1.987658,0.15,4.0,auto
5781,1482,1522,arterial,1,1.0,1,1000.0,30,1.9979,0.15,4.0,auto
5782,1522,1482,arterial,1,1.0,1,1000.0,30,1.9979,0.15,4.0,auto
5783,1483,1484,arterial,1,1.0,1,1000.0,30,2.014289,0.15,4.0,auto
5784,1484,1483,arterial,1,1.0,1,1000.0,30,2.014289,0.15,4.0,auto
5785,1483,1523,arterial,1,1.0,1,1000.0,30,2.019474,0.15,4.0,auto
5786,1523,1483,arterial,1,1.0,1,1000.0,30,2.019474,0.15,4.0,auto
5787,1484,1485,arterial,1,1.0,1,1000.0,30,1.990502,0.15,4.0,auto
5788,1485,1484,arterial,1,1.0,1,1000.0,30,1.990502,0.15,4.0,auto
5789,1484,1524,arterial,1,1.0,1,1000.0,30,1.994624,0.15,4.0,auto
5790,1524,1484,arterial,1,1.0,1,1000.0,30,1.994624,0.15,4.0,auto
5791,1485,1486,arterial,1,1.0,1,1000.0,30,2.007751,0.15,4.0,auto
5792,1486,1485,arterial,1,1.0,1,1000.0,30,2.007751,0.15,4.0,auto
5793,1485,1525,arterial,1,1.0,1,1000.0,30,1.987591,0.15,4.0,auto
5794,1525,1485,arterial,1,1.0,1,1000.0,30,1.987591,0.15,4.0,auto
5795,1486,1487,arterial,1,1.0,1,1000.0,30,2.013965,0.15,4.0,auto
5796,1487,1486,arterial,1,1.0,1,1000.0,30,2.013965,0.15,4.0,auto
5797,1486,1526,arterial,1,1.0,1,1000.0,30,1.987948,0.15,4.0,auto
5798,1526,1486,arterial,1,1.0,1,1000.0,30,1.987948,0.15,4.0,auto
5799,1487,1488,arterial,1,1.0,1,1000.0,30,2.002269,0.15,4.0,auto
5800,1488,1487,arterial,1,1.0,1,1000.0,30,2.002269,0.15,4.0,auto
5801,1487,1527,arterial,1,1.0,1,1000.0,30,1.993577,0.15,4.0,auto
5802,1527,1487,arterial,1,1.0,1,1000.0,30,1.993577,0.15,4.0,auto
5803,1488,1489,arterial,1,1.0,1,1000.0,30,1.980044,0.15,4.0,auto
5804,1489,1488,arterial,1,1.0,1,1000.0,30,1.980044,0.15,4.0,auto
5805,1488,1528,arterial,1,1.0,1,1000.0,30,1.980041,0.15,4.0,auto
5806,1528,1488,arterial,1,1.0,1,1000.0,30,1.980041,0.15,4.0,auto
5807,1489,1490,arterial,1,1.0,1,1000.0,30,1.980078,0.15,4.0,auto
5808,1490,1489,arterial,1,1.0,1,1000.0,30,1.980078,0.15,4.0,auto
5809,1489,1529,arterial,1,1.0,1,1000.0,30,1.993129,0.15,4.0,auto
5810,1529,1489,arterial,1,1.0,1,1000.0,30,1.993129,0.15,4.0,auto
5811,1490,1491,arterial,1,1.0,1,1000.0,30,1.991008,0.15,4.0,auto
5812,1491,1490,arterial,1,1.0,1,1000.0,30,1.991008,0.15,4.0,auto
5813,1490,1530,arterial,1,1.0,1,1000.0,30,2.019655,0.15,4.0,auto
5814,1530,1490,arterial,1,1.0,1,1000.0,30,2.019655,0.15,4.0,auto
5815,1491,1492,arterial,1,1.0,1,1000.0,30,2.005507,0.15,4.0,auto
5816,1492,1491,arterial,1,1.0,1,1000.0,30,2.005507,0.15,4.0,auto
5817,1491,1531,arterial,1,1.0,1,1000.0,30,1.98261,0.15,4.0,auto
5818,1531,1491,arterial,1,1.0,1,1000.0,30,1.98261,0.15,4.0,auto
5819,1492,1493,arterial,1,1.0,1,1000.0,30,2.008641,0.15,4.0,auto
5820,1493,1492,arterial,1,1.0,1,1000.0,30,2.008641,0.15,4.0,auto
5821,1492,1532,arterial,1,1.0,1,1000.0,30,1.989299,0.15,4.0,auto
5822,1532,1492,arterial,1,1.0,1,1000.0,30,1.989299,0.15,4.0,auto
5823,1493,1494,arterial,1,1.0,1,1000.0,30,1.999261,0.15,4.0,auto
5824,1494,1493,arterial,1,1.0,1,1000.0,30,1.999261,0.15,4.0,auto
5825,1493,1533,arterial,1,1.0,1,1000.0,30,2.008905,0.15,4.0,auto
5826,1533,1493,arterial,1,1.0,1,1000.0,30,2.008905,0.15,4.0,auto
5827,1494,1495,arterial,1,1.0,1,1000.0,30,2.014267,0.15,4.0,auto
5828,1495,1494,arterial,1,1.0,1,1000.0,30,2.014267,0.15,4.0,auto
5829,1494,1534,arterial,1,1.0,1,1000.0,30,2.017411,0.15,4.0,auto
5830,1534,1494,arterial,1,1.0,1,1000.0,30,2.017411,0.15,4.0,auto
5831,1495,1496,arterial,1,1.0,1,1000.0,30,1.996838,0.15,4.0,auto
5832,1496,1495,arterial,1,1.0,1,1000.0,30,1.996838,0.15,4.0,auto
5833,1495,1535,arterial,1,1.0,1,1000.0,30,1.992709,0.15,4.0,auto
5834,1535,1495,arterial,1,1.0,1,1000.0,30,1.992709,0.15,4.0,auto
5835,1496,1497,arterial,1,1.0,1,1000.0,30,1.995899,0.15,4.0,auto
5836,1497,1496,arterial,1,1.0,1,1000.0,30,1.995899,0.15,4.0,auto
5837,1496,1536,arterial,1,1.0,1,1000.0,30,1.99251,0.15,4.0,auto
5838,1536,1496,arterial,1,1.0,1,1000.0,30,1.99251,0.15,4.0,auto
5839,1497,1498,arterial,1,1.0,1,1000.0,30,2.009666,0.15,4.0,auto
5840,1498,1497,arterial,1,1.0,1,1000.0,30,2.009666,0.15,4.0,auto
5841,1497,1537,arterial,1,1.0,1,1000.0,30,1.998519,0.15,4.0,auto
5842,1537,1497,arterial,1,1.0,1,1000.0,30,1.998519,0.15,4.0,auto
5843,1498,1499,arterial,1,1.0,1,1000.0,30,2.007421,0.15,4.0,auto
5844,1499,1498,arterial,1,1.0,1,1000.0,30,2.007421,0.15,4.0,auto
5845,1498,1538,arterial,1,1.0,1,1000.0,30,1.986079,0.15,4.0,auto
5846,1538,1498,arterial,1,1.0,1,1000.0,30,1.986079,0.15,4.0,auto
5847,1499,1500,arterial,1,1.0,1,1000.0,30,2.011312,0.15,4.0,auto
5848,1500,1499,arterial,1,1.0,1,1000.0,30,2.011312,0.15,4.0,auto
5849,1499,1539,arterial,1,1.0,1,1000.0,30,2.01867,0.15,4.0,auto
5850,1539,1499,arterial,1,1.0,1,1000.0,30,2.01867,0.15,4.0,auto
5851,1500,1540,arterial,1,1.0,1,1000.0,30,2.004663,0.15,4.0,auto
5852,1540,1500,arterial,1,1.0,1,1000.0,30,2.004663,0.15,4.0,auto
5853,1501,1502,arterial,1,1.0,1,1000.0,30,1.986483,0.15,4.0,auto
5854,1502,1501,arterial,1,1.0,1,1000.0,30,1.986483,0.15,4.0,auto
5855,1501,1541,arterial,1,1.0,1,1000.0,30,1.981413,0.15,4.0,auto
5856,1541,1501,arterial,1,1.0,1,1000.0,30,1.981413,0.15,4.0,auto
5857,1502,1503,arterial,1,1.0,1,1000.0,30,1.996559,0.15,4.0,auto
5858,1503,1502,arterial,1,1.0,1,1000.0,30,1.996559,0.15,4.0,auto
5859,1502,1542,arterial,1,1.0,1,1000.0,30,1.98733,0.15,4.0,auto
5860,1542,1502,arterial,1,1.0,1,1000.0,30,1.98733,0.15,4.0,auto
5861,1503,1504,arterial,1,1.0,1,1000.0,30,2.009228,0.15,4.0,auto
5862,1504,1503,arterial,1,1.0,1,1000.0,30,2.009228,0.15,4.0,auto
5863,1503,1543,arterial,1,1.0,1,1000.0,30,2.002894,0.15,4.0,auto
5864,1543,1503,arterial,1,1.0,1,1000.0,30,2.002894,0.15,4.0,auto
5865,1504,1505,arterial,1,1.0,1,1000.0,30,2.006981,0.15,4.0,auto
5866,1505,1504,arterial,1,1.0,1,1000.0,30,2.006981,0.15,4.0,auto
5867,1504,1544,arterial,1,1.0,1,1000.0,30,2.018719,0.15,4.0,auto
5868,1544,1504,arterial,1,1.0,1,1000.0,30,2.018719,0.15,4.0,auto
5869,1505,1506,arterial,1,1.0,1,1000.0,30,1.98233,0.15,4.0,auto
5870,1506,1505,arterial,1,1.0,1,1000.0,30,1.98233,0.15,4.0,auto
5871,1505,1545,arterial,1,1.0,1,1000.0,30,1.983934,0.15,4.0,auto
5872,1545,1505,arterial,1,1.0,1,1000.0,30,1.983934,0.15,4.0,auto
5873,1506,1507,arterial,1,1.0,1,1000.0,30,1.98143,0.15,4.0,auto
5874,1507,1506,arterial,1,1.0,1,1000.0,30,1.98143,0.15,4.0,auto
5875,1506,1546,arterial,1,1.0,1,1000.0,30,1.998376,0.15,4.0,auto
5876,1546,1506,arterial,1,1.0,1,1000.0,30,1.998376,0.15,4.0,auto
5877,1507,1508,arterial,1,1.0,1,1000.0,30,2.012979,0.15,4.0,auto
5878,1508,1507,arterial,1,1.0,1,1000.0,30,2.012979,0.15,4.0,auto
5879,1507,1547,arterial,1,1.0,1,1000.0,30,2.007351,0.15,4.0,auto
5880,1547,1507,arterial,1,1.0,1,1000.0,30,2.007351,0.15,4.0,auto
5881,1508,1509,arterial,1,1.0,1,1000.0,30,2.001913,0.15,4.0,auto
5882,1509,1508,arterial,1,1.0,1,1000.0,30,2.001913,0.15,4.0,auto
5883,1508,1548,arterial,1,1.0,1,1000.0,30,2.014247,0.15,4.0,auto
5884,1548,1508,arterial,1,1.0,1,1000.0,30,2.014247,0.15,4.0,auto
5885,1509,1510,arterial,1,1.0,1,1000.0,30,1.994886,0.15,4.0,auto
5886,1510,1509,arterial,1,1.0,1,1000.0,30,1.994886,0.15,4.0,auto
5887,1509,1549,arterial,1,1.0,1,1000.0,30,1.984518,0.15,4.0,auto
5888,1549,1509,arterial,1,1.0,1,1000.0,30,1.984518,0.15,4.0,auto
5889,1510,1511,arterial,1,1.0,1,1000.0,30,2.005664,0.15,4.0,auto
5890,1511,1510,arterial,1,1.0,1,1000.0,30,2.005664,0.15,4.0,auto
5891,1510,1550,arterial,1,1.0,1,1000.0,30,1.981024,0.15,4.0,auto
5892,1550,1510,arterial,1,1.0,1,1000.0,30,1.981024,0.15,4.0,auto
5893,1511,1512,arterial,1,1.0,1,1000.0,30,1.989174,0.15,4.0,auto
5894,1512,1511,arterial,1,1.0,1,1000.0,30,1.989174,0.15,4.0,auto
5895,1511,1551,arterial,1,1.0,1,1000.0,30,1.981192,0.15,4.0,auto
5896,1551,1511,arterial,1,1.0,1,1000.0,30,1.981192,0.15,4.0,auto
5897,1512,1513,arterial,1,1.0,1,1000.0,30,1.986465,0.15,4.0,auto
5898,1513,1512,arterial,1,1.0,1,1000.0,30,1.986465,0.15,4.0,auto
5899,1512,1552,arterial,1,1.0,1,1000.0,30,1.982556,0.15,4.0,auto
5900,1552,1512,arterial,1,1.0,1,1000.0,30,1.982556,0.15,4.0,auto
5901,1513,1514,arterial,1,1.0,1,1000.0,30,2.001262,0.15,4.0,auto
5902,1514,1513,arterial,1,1.0,1,1000.0,30,2.001262,0.15,4.0,auto
5903,1513,1553,arterial,1,1.0,1,1000.0,30,1.985124,0.15,4.0,auto
5904,1553,1513,arterial,1,1.0,1,1000.0,30,1.985124,0.15,4.0,auto
5905,1514,1515,arterial,1,1.0,1,1000.0,30,2.004137,0.15,4.0,auto
5906,1515,1514,arterial,1,1.0,1,1000.0,30,2.004137,0.15,4.0,auto
5907,1514,1554,arterial,1,1.0,1,1000.0,30,2.012967,0.15,4.0,auto
5908,1554,1514,arterial,1,1.0,1,1000.0,30,2.012967,0.15,4.0,auto
5909,1515,1516,arterial,1,1.0,1,1000.0,30,1.993776,0.15,4.0,auto
5910,1516,1515,arterial,1,1.0,1,1000.0,30,1.993776,0.15,4.0,auto
5911,1515,1555,arterial,1,1.0,1,1000.0,30,1.984813,0.15,4.0,auto
5912,1555,1515,arterial,1,1.0,1,1000.0,30,1.984813,0.15,4.0,auto
5913,1516,1517,arterial,1,1.0,1,1000.0,30,2.006849,0.15,4.0,auto
5914,1517,1516,arterial,1,1.0,1,1000.0,30,2.006849,0.15,4.0,auto
5915,1516,1556,arterial,1,1.0,1,1000.0,30,2.009141,0.15,4.0,auto
5916,1556,1516,arterial,1,1.0,1,1000.0,30,2.009141,0.15,4.0,auto
5917,1517,1518,arterial,1,1.0,1,1000.0,30,2.01536,0.15,4.0,auto
5918,1518,1517,arterial,1,1.0,1,1000.0,30,2.01536,0.15,4.0,auto
5919,1517,1557,arterial,1,1.0,1,1000.0,30,2.002164,0.15,4.0,auto
5920,1557,1517,arterial,1,1.0,1,1000.0,30,2.002164,0.15,4.0,auto
5921,1518,1519,arterial,1,1.0,1,1000.0,30,2.003282,0.15,4.0,auto
5922,1519,1518,arterial,1,1.0,1,1000.0,30,2.003282,0.15,4.0,auto
5923,1518,1558,arterial,1,1.0,1,1000.0,30,2.014523,0.15,4.0,auto
5924,1558,1518,arterial,1,1.0,1,1000.0,30,2.014523,0.15,4.0,auto
5925,1519,1520,arterial,1,1.0,1,1000.0,30,2.007088,0.15,4.0,auto
5926,1520,1519,arterial,1,1.0,1,1000.0,30,2.007088,0.15,4.0,auto
5927,1519,1559,arterial,1,1.0,1,1000.0,30,2.018995,0.15,4.0,auto
5928,1559,1519,arterial,1,1.0,1,1000.0,30,2.018995,0.15,4.0,auto
5929,1520,1560,arterial,1,1.0,1,1000.0,30,2.010975,0.15,4.0,auto
5930,1560,1520,arterial,1,1.0,1,1000.0,30,2.010975,0.15,4.0,auto
5931,1521,1522,arterial,1,1.0,1,1000.0,30,2.005313,0.15,4.0,auto
5932,1522,1521,arterial,1,1.0,1,1000.0,30,2.005313,0.15,4.0,auto
5933,1521,1561,arterial,1,1.0,1,1000.0,30,1.998737,0.15,4.0,auto
5934,1561,1521,arterial,1,1.0,1,1000.0,30,1.998737,0.15,4.0,auto
5935,1522,1523,arterial,1,1.0,1,1000.0,30,1.980431,0.15,4.0,auto
5936,1523,1522,arterial,1,1.0,1,1000.0,30,1.980431,0.15,4.0,auto
5937,1522,1562,arterial,1,1.0,1,1000.0,30,1.999057,0.15,4.0,auto
5938,1562,1522,arterial,1,1.0,1,1000.0,30,1.999057,0.15,4.0,auto
5939,1523,1524,arterial,1,1.0,1,1000.0,30,1.990535,0.15,4.0,auto
5940,1524,1523,arterial,1,1.0,1,1000.0,30,1.990535,0.15,4.0,auto
5941,1523,1563,arterial,1,1.0,1,1000.0,30,2.004061,0.15,4.0,auto
5942,1563,1523,arterial,1,1.0,1,1000.0,30,2.004061,0.15,4.0,auto
5943,1524,1525,arterial,1,1.0,1,1000.0,30,2.000378,0.15,4.0,auto
5944,1525,1524,arterial,1,1.0,1,1000.0,30,2.000378,0.15,4.0,auto
5945,1524,1564,arterial,1,1.0,1,1000.0,30,2.000417,0.15,4.0,auto
5946,1564,1524,arterial,1,1.0,1,1000.0,30,2.000417,0.15,4.0,auto
5947,1525,1526,arterial,1,1.0,1,1000.0,30,1.982351,0.15,4.0,auto
5948,1526,1525,arterial,1,1.0,1,1000.0,30,1.982351,0.15,4.0,auto
5949,1525,1565,arterial,1,1.0,1,1000.0,30,1.985262,0.15,4.0,auto
5950,1565,1525,arterial,1,1.0,1,1000.0,30,1.985262,0.15,4.0,auto
5951,1526,1527,arterial,1,1.0,1,1000.0,30,2.004278,0.15,4.0,auto
5952,1527,1526,arterial,1,1.0,1,1000.0,30,2.004278,0.15,4.0,auto
5953,1526,1566,arterial,1,1.0,1,1000.0,30,2.007282,0.15,4.0,auto
5954,1566,1526,arterial,1,1.0,1,1000.0,30,2.007282,0.15,4.0,auto
5955,1527,1528,arterial,1,1.0,1,1000.0,30,2.019621,0.15,4.0,auto
5956,1528,1527,arterial,1,1.0,1,1000.0,30,2.019621,0.15,4.0,auto
5957,1527,1567,arterial,1,1.0,1,1000.0,30,2.011709,0.15,4.0,auto
5958,1567,1527,arterial,1,1.0,1,1000.0,30,2.011709,0.15,4.0,auto
5959,1528,1529,arterial,1,1.0,1,1000.0,30,1.991603,0.15,4.0,auto
5960,1529,1528,arterial,1,1.0,1,1000.0,30,1.991603,0.15,4.0,auto
5961,1528,1568,arterial,1,1.0,1,1000.0,30,1.998227,0.15,4.0,auto
5962,1568,1528,arterial,1,1.0,1,1000.0,30,1.998227,0.15,4.0,auto
5963,1529,1530,arterial,1,1.0,1,1000.0,30,2.000229,0.15,4.0,auto
5964,1530,1529,arterial,1,1.0,1,1000.0,30,2.000229,0.15,4.0,auto
5965,1529,1569,arterial,1,1.0,1,1000.0,30,2.01216,0.15,4.0,auto
5966,1569,1529,arterial,1,1.0,1,1000.0,30,2.01216,0.15,4.0,auto
5967,1530,1531,arterial,1,1.0,1,1000.0,30,1.995781,0.15,4.0,auto
5968,1531,1530,arterial,1,1.0,1,1000.0,30,1.995781,0.15,4.0,auto
5969,1530,1570,arterial,1,1.0,1,1000.0,30,2.016824,0.15,4.0,auto
5970,1570,1530,arterial,1,1.0,1,1000.0,30,2.016824,0.15,4.0,auto
5971,1531,1532,arterial,1,1.0,1,1000.0,30,1.999358,0.15,4.0,auto
5972,1532,1531,arterial,1,1.0,1,1000.0,30,1.999358,0.15,4.0,auto
5973,1531,1571,arterial,1,1.0,1,1000.0,30,1.995919,0.15,4.0,auto
5974,1571,1531,arterial,1,1.0,1,1000.0,30,1.995919,0.15,4.0,auto
5975,1532,1533,arterial,1,1.0,1,1000.0,30,1.999191,0.15,4.0,auto
5976,1533,1532,arterial,1,1.0,1,1000.0,30,1.999191,0.15,4.0,auto
5977,1532,1572,arterial,1,1.0,1,1000.0,30,1.994294,0.15,4.0,auto
5978,1572,1532,arterial,1,1.0,1,1000.0,30,1.994294,0.15,4.0,auto
5979,1533,1534,arterial,1,1.0,1,1000.0,30,2.019985,0.15,4.0,auto
5980,1534,1533,arterial,1,1.0,1,1000.0,30,2.019985,0.15,4.0,auto
5981,1533,1573,arterial,1,1.0,1,1000.0,30,1.981854,0.15,4.0,auto
5982,1573,1533,arterial,1,1.0,1,1000.0,30,1.981854,0.15,4.0,auto
5983,1534,1535,arterial,1,1.0,1,1000.0,30,1.995986,0.15,4.0,auto
5984,1535,1534,arterial,1,1.0,1,1000.0,30,1.995986,0.15,4.0,auto
5985,1534,1574,arterial,1,1.0,1,1000.0,30,1.983177,0.15,4.0,auto
5986,1574,1534,arterial,1,1.0,1,1000.0,30,1.983177,0.15,4.0,auto
5987,1535,1536,arterial,1,1.0,1,1000.0,30,2.007117,0.15,4.0,auto
5988,1536,1535,arterial,1,1.0,1,1000.0,30,2.007117,0.15,4.0,auto
5989,1535,1575,arterial,1,1.0,1,1000.0,30,1.986027,0.15,4.0,auto
5990,1575,1535,arterial,1,1.0,1,1000.0,30,1.986027,0.15,4.0,auto
5991,1536,1537,arterial,1,1.0,1,1000.0,30,1.985966,0.15,4.0,auto
5992,1537,1536,arterial,1,1.0,1,1000.0,30,1.985966,0.15,4.0,auto
5993,1536,1576,arterial,1,1.0,1,1000.0,30,1.996934,0.15,4.0,auto
5994,1576,1536,arterial,1,1.0,1,1000.0,30,1.996934,0.15,4.0,auto
5995,1537,1538,arterial,1,1.0,1,1000.0,30,2.004083,0.15,4.0,auto
5996,1538,1537,arterial,1,1.0,1,1000.0,30,2.004083,0.15,4.0,auto
5997,1537,1577,arterial,1,1.0,1,1000.0,30,2.010544,0.15,4.0,auto
5998,1577,1537,arterial,1,1.0,1,1000.0,30,2.010544,0.15,4.0,auto
5999,1538,1539,arterial,1,1.0,1,1000.0,30,1.99778,0.15,4.0,auto
6000,1539,1538,arterial,1,1.0,1,1000.0,30,1.99778,0.15,4.0,auto
6001,1538,1578,arterial,1,1.0,1,1000.0,30,1.991804,0.15,4.0,auto
6002,1578,1538,arterial,1,1.0,1,1000.0,30,1.991804,0.15,4.0,auto
6003,1539,1540,arterial,1,1.0,1,1000.0,30,1.994715,0.15,4.0,auto
6004,1540,1539,arterial,1,1.0,1,1000.0,30,1.994715,0.15,4.0,auto
6005,1539,1579,arterial,1,1.0,1,1000.0,30,2.015534,0.15,4.0,auto
6006,1579,1539,arterial,1,1.0,1,1000.0,30,2.015534,0.15,4.0,auto
6007,1540,1580,arterial,1,1.0,1,1000.0,30,1.980456,0.15,4.0,auto
6008,1580,1540,arterial,1,1.0,1,1000.0,30,1.980456,0.15,4.0,auto
6009,1541,1542,arterial,1,1.0,1,1000.0,30,2.015432,0.15,4.0,auto
6010,1542,1541,arterial,1,1.0,1,1000.0,30,2.015432,0.15,4.0,auto
6011,1541,1581,arterial,1,1.0,1,1000.0,30,1.999318,0.15,4.0,auto
6012,1581,1541,arterial,1,1.0,1,1000.0,30,1.999318,0.15,4.0,auto
6013,1542,1543,arterial,1,1.0,1,1000.0,30,1.985291,0.15,4.0,auto
6014,1543,1542,arterial,1,1.0,1,1000.0,30,1.985291,0.15,4.0,auto
6015,1542,1582,arterial,1,1.0,1,1000.0,30,1.985441,0.15,4.0,auto
6016,1582,1542,arterial,1,1.0,1,1000.0,30,1.985441,0.15,4.0,auto
6017,1543,1544,arterial,1,1.0,1,1000.0,30,2.015616,0.15,4.0,auto
6018,1544,1543,arterial,1,1.0,1,1000.0,30,2.015616,0.15,4.0,auto
6019,1543,1583,arterial,1,1.0,1,1000.0,30,2.009965,0.15,4.0,auto
6020,1583,1543,arterial,1,1.0,1,1000.0,30,2.009965,0.15,4.0,auto
6021,1544,1545,arterial,1,1.0,1,1000.0,30,1.982576,0.15,4.0,auto
6022,1545,1544,arterial,1,1.0,1,1000.0,30,1.982576,0.15,4.0,auto
6023,1544,1584,arterial,1,1.0,1,1000.0,30,2.007005,0.15,4.0,auto
6024,1584,1544,arterial,1,1.0,1,1000.0,30,2.007005,0.15,4.0,auto
6025,1545,1546,arterial,1,1.0,1,1000.0,30,1.988554,0.15,4.0,auto
6026,1546,1545,arterial,1,1.0,1,1000.0,30,1.988554,0.15,4.0,auto
6027,1545,1585,arterial,1,1.0,1,1000.0,30,1.997836,0.15,4.0,auto
6028,1585,1545,arterial,1,1.0,1,1000.0,30,1.997836,0.15,4.0,auto
6029,1546,1547,arterial,1,1.0,1,1000.0,30,2.004202,0.15,4.0,auto
6030,1547,1546,arterial,1,1.0,1,1000.0,30,2.004202,0.15,4.0,auto
6031,1546,1586,arterial,1,1.0,1,1000.0,30,1.982036,0.15,4.0,auto
6032,1586,1546,arterial,1,1.0,1,1000.0,30,1.982036,0.15,4.0,auto
6033,1547,1548,arterial,1,1.0,1,1000.0,30,2.01742,0.15,4.0,auto
6034,1548,1547,arterial,1,1.0,1,1000.0,30,2.01742,0.15,4.0,auto
6035,1547,1587,arterial,1,1.0,1,1000.0,30,1.993408,0.15,4.0,auto
6036,1587,1547,arterial,1,1.0,1,1000.0,30,1.993408,0.15,4.0,auto
6037,1548,1549,arterial,1,1.0,1,1000.0,30,1.985757,0.15,4.0,auto
6038,1549,1548,arterial,1,1.0,1,1000.0,30,1.985757,0.15,4.0,auto
6039,1548,1588,arterial,1,1.0,1,1000.0,30,2.011209,0.15,4.0,auto
6040,1588,1548,arterial,1,1.0,1,1000.0,30,2.011209,0.15,4.0,auto
6041,1549,1550,arterial,1,1.0,1,1000.0,30,1.984366,0.15,4.0,auto
6042,1550,1549,arterial,1,1.0,1,1000.0,30,1.984366,0.15,4.0,auto
6043,1549,1589,arterial,1,1.0,1,1000.0,30,1.981487,0.15,4.0,auto
6044,1589,1549,arterial,1,1.0,1,1000.0,30,1.981487,0.15,4.0,auto
6045,1550,1551,arterial,1,1.0,1,1000.0,30,2.006079,0.15,4.0,auto
6046,1551,1550,arterial,1,1.0,1,1000.0,30,2.006079,0.15,4.0,auto
6047,1550,1590,arterial,1,1.0,1,1000.0,30,1.998803,0.15,4.0,auto
6048,1590,1550,arterial,1,1.0,1,1000.0,30,1.998803,0.15,4.0,auto
6049,1551,1552,arterial,1,1.0,1,1000.0,30,2.016024,0.15,4.0,auto
6050,1552,1551,arterial,1,1.0,1,1000.0,30,2.016024,0.15,4.0,auto
6051,1551,1591,arterial,1,1.0,1,1000.0,30,2.011627,0.15,4.0,auto
6052,1591,1551,arterial,1,1.0,1,1000.0,30,2.011627,0.15,4.0,auto
6053,1552,1553,arterial,1,1.0,1,1000.0,30,1.988259,0.15,4.0,auto
6054,1553,1552,arterial,1,1.0,1,1000.0,30,1.988259,0.15,4.0,auto
6055,1552,1592,arterial,1,1.0,1,1000.0,30,1.981807,0.15,4.0,auto
6056,1592,1552,arterial,1,1.0,1,1000.0,30,1.981807,0.15,4.0,auto
6057,1553,1554,arterial,1,1.0,1,1000.0,30,2.004136,0.15,4.0,auto
6058,1554,1553,arterial,1,1.0,1,1000.0,30,2.004136,0.15,4.0,auto
6059,1553,1593,arterial,1,1.0,1,1000.0,30,1.998816,0.15,4.0,auto
6060,1593,1553,arterial,1,1.0,1,1000.0,30,1.998816,0.15,4.0,auto
6061,1554,1555,arterial,1,1.0,1,1000.0,30,1.992045,0.15,4.0,auto
6062,1555,1554,arterial,1,1.0,1,1000.0,30,1.992045,0.15,4.0,auto
6063,1554,1594,arterial,1,1.0,1,1000.0,30,2.016675,0.15,4.0,auto
6064,1594,1554,arterial,1,1.0,1,1000.0,30,2.016675,0.15,4.0,auto
6065,1555,1556,arterial,1,1.0,1,1000.0,30,1.988339,0.15,4.0,auto
6066,1556,1555,arterial,1,1.0,1,1000.0,30,1.988339,0.15,4.0,auto
6067,1555,1595,arterial,1,1.0,1,1000.0,30,2.00573,0.15,4.0,auto
6068,1595,1555,arterial,1,1.0,1,1000.0,30,2.00573,0.15,4.0,auto
6069,1556,1557,arterial,1,1.0,1,1000.0,30,1.982941,0.15,4.0,auto
6070,1557,1556,arterial,1,1.0,1,1000.0,30,1.982941,0.15,4.0,auto
6071,1556,1596,arterial,1,1.0,1,1000.0,30,2.016943,0.15,4.0,auto
6072,1596,1556,arterial,1,1.0,1,1000.0,30,2.016943,0.15,4.0,auto
6073,1557,1558,arterial,1,1.0,1,1000.0,30,2.01795,0.15,4.0,auto
6074,1558,1557,arterial,1,1.0,1,1000.0,30,2.01795,0.15,4.0,auto
6075,1557,1597,arterial,1,1.0,1,1000.0,30,2.004722,0.15,4.0,auto
6076,1597,1557,arterial,1,1.0,1,1000.0,30,2.004722,0.15,4.0,auto
6077,1558,1559,arterial,1,1.0,1,1000.0,30,1.992814,0.15,4.0,auto
6078,1559,1558,arterial,1,1.0,1,1000.0,30,1.992814,0.15,4.0,auto
6079,1558,1598,arterial,1,1.0,1,1000.0,30,2.008958,0.15,4.0,auto
6080,1598,1558,arterial,1,1.0,1,1000.0,30,2.008958,0.15,4.0,auto
6081,1559,1560,arterial,1,1.0,1,1000.0,30,2.016139,0.15,4.0,auto
6082,1560,1559,arterial,1,1.0,1,1000.0,30,2.016139,0.15,4.0,auto
6083,1559,1599,arterial,1,1.0,1,1000.0,30,2.011797,0.15,4.0,auto
6084,1599,1559,arterial,1,1.0,1,1000.0,30,2.011797,0.15,4.0,auto
6085,1560,1600,arterial,1,1.0,1,1000.0,30,2.000163,0.15,4.0,auto
6086,1600,1560,arterial,1,1.0,1,1000.0,30,2.000163,0.15,4.0,auto
6087,1561,1562,arterial,1,1.0,1,3000.0,30,1.985597,0.15,4.0,auto
6088,1562,1561,arterial,1,1.0,1,3000.0,30,1.985597,0.15,4.0,auto
6089,1562,1563,arterial,1,1.0,1,3000.0,30,2.001854,0.15,4.0,auto
6090,1563,1562,arterial,1,1.0,1,3000.0,30,2.001854,0.15,4.0,auto
6091,1563,1564,arterial,1,1.0,1,3000.0,30,2.018001,0.15,4.0,auto
6092,1564,1563,arterial,1,1.0,1,3000.0,30,2.018001,0.15,4.0,auto
6093,1564,1565,arterial,1,1.0,1,3000.0,30,2.014597,0.15,4.0,auto
6094,1565,1564,arterial,1,1.0,1,3000.0,30,2.014597,0.15,4.0,auto
6095,1565,1566,arterial,1,1.0,1,3000.0,30,1.989952,0.15,4.0,auto
6096,1566,1565,arterial,1,1.0,1,3000.0,30,1.989952,0.15,4.0,auto
6097,1566,1567,arterial,1,1.0,1,3000.0,30,2.002077,0.15,4.0,auto
6098,1567,1566,arterial,1,1.0,1,3000.0,30,2.002077,0.15,4.0,auto
6099,1567,1568,arterial,1,1.0,1,3000.0,30,1.992698,0.15,4.0,auto
6100,1568,1567,arterial,1,1.0,1,3000.0,30,1.992698,0.15,4.0,auto
6101,1568,1569,arterial,1,1.0,1,3000.0,30,1.986738,0.15,4.0,auto
6102,1569,1568,arterial,1,1.0,1,3000.0,30,1.986738,0.15,4.0,auto
6103,1569,1570,arterial,1,1.0,1,3000.0,30,2.009749,0.15,4.0,auto
6104,1570,1569,arterial,1,1.0,1,3000.0,30,2.009749,0.15,4.0,auto
6105,1570,1571,arterial,1,1.0,1,3000.0,30,2.010374,0.15,4.0,auto
6106,1571,1570,arterial,1,1.0,1,3000.0,30,2.010374,0.15,4.0,auto
6107,1571,1572,arterial,1,1.0,1,3000.0,30,1.993468,0.15,4.0,auto
6108,1572,1571,arterial,1,1.0,1,3000.0,30,1.993468,0.15,4.0,auto
6109,1572,1573,arterial,1,1.0,1,3000.0,30,1.996808,0.15,4.0,auto
6110,1573,1572,arterial,1,1.0,1,3000.0,30,1.996808,0.15,4.0,auto
6111,1573,1574,arterial,1,1.0,1,3000.0,30,2.007859,0.15,4.0,auto
6112,1574,1573,arterial,1,1.0,1,3000.0,30,2.007859,0.15,4.0,auto
6113,1574,1575,arterial,1,1.0,1,3000.0,30,2.009103,0.15,4.0,auto
6114,1575,1574,arterial,1,1.0,1,3000.0,30,2.009103,0.15,4.0,auto
6115,1575,1576,arterial,1,1.0,1,3000.0,30,1.998542,0.15,4.0,auto
6116,1576,1575,arterial,1,1.0,1,3000.0,30,1.998542,0.15,4.0,auto
6117,1576,1577,arterial,1,1.0,1,3000.0,30,1.984729,0.15,4.0,auto
6118,1577,1576,arterial,1,1.0,1,3000.0,30,1.984729,0.15,4.0,auto
6119,1577,1578,arterial,1,1.0,1,3000.0,30,1.983826,0.15,4.0,auto
6120,1578,1577,arterial,1,1.0,1,3000.0,30,1.983826,0.15,4.0,auto
6121,1578,1579,arterial,1,1.0,1,3000.0,30,1.986782,0.15,4.0,auto
6122,1579,1578,arterial,1,1.0,1,3000.0,30,1.986782,0.15,4.0,auto
6123,1579,1580,arterial,1,1.0,1,3000.0,30,2.013055,0.15,4.0,auto
6124,1580,1579,arterial,1,1.0,1,3000.0,30,2.013055,0.15,4.0,auto
6125,1581,1582,arterial,1,1.0,1,3000.0,30,2.005779,0.15,4.0,auto
6126,1582,1581,arterial,1,1.0,1,3000.0,30,2.005779,0.15,4.0,auto
6127,1582,1583,arterial,1,1.0,1,3000.0,30,1.994582,0.15,4.0,auto
6128,1583,1582,arterial,1,1.0,1,3000.0,30,1.994582,0.15,4.0,auto
6129,1583,1584,arterial,1,1.0,1,3000.0,30,1.994757,0.15,4.0,auto
6130,1584,1583,arterial,1,1.0,1,3000.0,30,1.994757,0.15,4.0,auto
6131,1584,1585,arterial,1,1.0,1,3000.0,30,1.987041,0.15,4.0,auto
6132,1585,1584,arterial,1,1.0,1,3000.0,30,1.987041,0.15,4.0,auto
6133,1585,1586,arterial,1,1.0,1,3000.0,30,2.018984,0.15,4.0,auto
6134,1586,1585,arterial,1,1.0,1,3000.0,30,2.018984,0.15,4.0,auto
6135,1586,1587,arterial,1,1.0,1,3000.0,30,2.004221,0.15,4.0,auto
6136,1587,1586,arterial,1,1.0,1,3000.0,30,2.004221,0.15,4.0,auto
6137,1587,1588,arterial,1,1.0,1,3000.0,30,1.985145,0.15,4.0,auto
6138,1588,1587,arterial,1,1.0,1,3000.0,30,1.985145,0.15,4.0,auto
6139,1588,1589,arterial,1,1.0,1,3000.0,30,2.008107,0.15,4.0,auto
6140,1589,1588,arterial,1,1.0,1,3000.0,30,2.008107,0.15,4.0,auto
6141,1589,1590,arterial,1,1.0,1,3000.0,30,2.003917,0.15,4.0,auto
6142,1590,1589,arterial,1,1.0,1,3000.0,30,2.003917,0.15,4.0,auto
6143,1590,1591,arterial,1,1.0,1,3000.0,30,2.004531,0.15,4.0,auto
6144,1591,1590,arterial,1,1.0,1,3000.0,30,2.004531,0.15,4.0,auto
6145,1591,1592,arterial,1,1.0,1,3000.0,30,2.010796,0.15,4.0,auto
6146,1592,1591,arterial,1,1.0,1,3000.0,30,2.010796,0.15,4.0,auto
6147,1592,1593,arterial,1,1.0,1,3000.0,30,2.004335,0.15,4.0,auto
6148,1593,1592,arterial,1,1.0,1,3000.0,30,2.004335,0.15,4.0,auto
6149,1593,1594,arterial,1,1.0,1,3000.0,30,2.015059,0.15,4.0,auto
6150,1594,1593,arterial,1,1.0,1,3000.0,30,2.015059,0.15,4.0,auto
6151,1594,1595,arterial,1,1.0,1,3000.0,30,2.018787,0.15,4.0,auto
6152,1595,1594,arterial,1,1.0,1,3000.0,30,2.018787,0.15,4.0,auto
6153,1595,1596,arterial,1,1.0,1,3000.0,30,1.996269,0.15,4.0,auto
6154,1596,1595,arterial,1,1.0,1,3000.0,30,1.996269,0.15,4.0,auto
6155,1596,1597,arterial,1,1.0,1,3000.0,30,2.005934,0.15,4.0,auto
6156,1597,1596,arterial,1,1.0,1,3000.0,30,2.005934,0.15,4.0,auto
6157,1597,1598,arterial,1,1.0,1,3000.0,30,1.994974,0.15,4.0,auto
6158,1598,1597,arterial,1,1.0,1,3000.0,30,1.994974,0.15,4.0,auto
6159,1598,1599,arterial,1,1.0,1,3000.0,30,1.996423,0.15,4.0,auto
6160,1599,1598,arterial,1,1.0,1,3000.0,30,1.996423,0.15,4.0,auto
6161,1599,1600,arterial,1,1.0,1,3000.0,30,1.994646,0.15,4.0,auto
6162,1600,1599,arterial,1,1.0,1,3000.0,30,1.994646,0.15,4.0,auto
6163,780,821,arterial,1,1.4,1,3000.0,30,1.0,0.15,4.0,auto
6164,10001,1,centroid_connector,1,1.0,1,100000.0,30,0.5,0.15,4.0,auto
6165,1,10001,centroid_connector,1,1.0,1,100000.0,30,0.5,0.15,4.0,auto
6166,10002,2,centroid_connector,1,1.0,1,100000.0,30,0.5,0.15,4.0,auto
6167,2,10002,centroid_connector,1,1.0,1,100000.0,30,0.5,0.15,4.0,auto
6168,10003,3,centroid_connector,1,1.0,1,100000.0,30,0.5,0.15,4.0,auto
6169,3,10003,centroid_connector,1,1.0,1,100000.0,30,0.5,0.15,4.0,auto
6170,10004,4,centroid_connector,1,1.0,1,100000.0,30,0.5,0.15,4.0,auto
6171,4,10004,centroid_connector,1,1.0,1,100000.0,30,0.5,0.15,4.0,auto
6172,10005,5,centroid_connector,1,1.0,1,100000.0,30,0.5,0.15,4.0,auto
6173,5,10005,centroid_connector,1,1.0,1,100000.0,30,0.5,0.15,4.0,auto
6174,10006,6,centroid_connector,1,1.0,1,100000.0,30,0.5,0.15,4.0,auto
6175,6,10006,centroid_connector,1,1.0,1,100000.0,30,0.5,0.15,4.0,auto
6176,10007,7,centroid_connector,1,1.0,1,100000.0,30,0.5,0.15,4.0,auto
6177,7,10007,centroid_connector,1,1.0,1,100000.0,30,0.5,0.15,4.0,auto
6178,10008,8,centroid_connector,1,1.0,1,100000.0,30,0.5,0.15,4.0,auto
6179,8,10008,centroid_connector,1,1.0,1,100000.0,30,0.5,0.15,4.0,auto
6180,10009,9,centroid_connector,1,1.0,1,100000.0,30,0.5,0.15,4.0,auto
6181,9,10009,centroid_connector,1,1.0,1,100000.0,30,0.5,0.15,4.0,auto
6182,10010,10,centroid_connector,1,1.0,1,100000.0,30,0.5,0.15,4.0,auto
6183,10,10010,centroid_connector,1,1.0,1,100000.0,30,0.5,0.15,4.0,auto
6184,10011,11,centroid_connector,1,1.0,1,100000.0,30,0.5,0.15,4.0,auto
6185,11,10011,centroid_connector,1,1.0,1,100000.0,30,0.5,0.15,4.0,auto
6186,10012,12,centroid_connector,1,1.0,1,100000.0,30,0.5,0.15,4.0,auto
6187,12,10012,centroid_connector,1,1.0,1,100000.0,30,0.5,0.15,4.0,auto
6188,10013,13,centroid_connector,1,1.0,1,100000.0,30,0.5,0.15,4.0,auto
6189,13,10013,centroid_connector,1,1.0,1,100000.0,30,0.5,0.15,4.0,auto
6190,10014,14,centroid_connector,1,1.0,1,100000.0,30,0.5,0.15,4.0,auto
6191,14,10014,centroid_connector,1,1.0,1,100000.0,30,0.5,0.15,4.0,auto
6192,10015,15,centroid_connector,1,1.0,1,100000.0,30,0.5,0.15,4.0,auto
6193,15,10015,centroid_connector,1,1.0,1,100000.0,30,0.5,0.15,4.0,auto
6194,10016,16,centroid_connector,1,1.0,1,100000.0,30,0.5,0.15,4.0,auto
6195,16,10016,centroid_connector,1,1.0,1,100000.0,30,0.5,0.15,4.0,auto
6196,10017,17,centroid_connector,1,1.0,1,100000.0,30,0.5,0.15,4.0,auto
6197,17,10017,centroid_connector,1,1.0,1,100000.0,30,0.5,0.15,4.0,auto
6198,10018,18,centroid_connector,1,1.0,1,100000.0,30,0.5,0.15,4.0,auto
6199,18,10018,centroid_connector,1,1.0,1,100000.0,30,0.5,0.15,4.0,auto
6200,10019,19,centroid_connector,1,1.0,1,100000.0,30,0.5,0.15,4.0,auto
6201,19,10019,centroid_connector,1,1.0,1,100000.0,30,0.5,0.15,4.0,auto
6202,10020,20,centroid_connector,1,1.0,1,100000.0,30,0.5,0.15,4.0,auto
6203,20,10020,centroid_connector,1,1.0,1,100000.0,30,0.5,0.15,4.0,auto
6204,10021,21,centroid_connector,1,1.0,1,100000.0,30,0.5,0.15,4.0,auto
6205,21,10021,centroid_connector,1,1.0,1,100000.0,30,0.5,0.15,4.0,auto
6206,10022,22,centroid_connector,1,1.0,1,100000.0,30,0.5,0.15,4.0,auto
6207,22,10022,centroid_connector,1,1.0,1,100000.0,30,0.5,0.15,4.0,auto
6208,10023,23,centroid_connector,1,1.0,1,100000.0,30,0.5,0.15,4.0,auto
6209,23,10023,centroid_connector,1,1.0,1,100000.0,30,0.5,0.15,4.0,auto
6210,10024,24,centroid_connector,1,1.0,1,100000.0,30,0.5,0.15,4.0,auto
6211,24,10024,centroid_connector,1,1.0,1,100000.0,30,0.5,0.15,4.0,auto
6212,10025,25,centroid_connector,1,1.0,1,100000.0,30,0.5,0.15,4.0,auto
6213,25,10025,centroid_connector,1,1.0,1,100000.0,30,0.5,0.15,4.0,auto
6214,10026,26,centroid_connector,1,1.0,1,100000.0,30,0.5,0.15,4.0,auto
6215,26,10026,centroid_connector,1,1.0,1,100000.0,30,0.5,0.15,4.0,auto
6216,10027,27,centroid_connector,1,1.0,1,100000.0,30,0.5,0.15,4.0,auto
6217,27,10027,centroid_connector,1,1.0,1,100000.0,30,0.5,0.15,4.0,auto
6218,10028,28,centroid_connector,1,1.0,1,100000.0,30,0.5,0.15,4.0,auto
6219,28,10028,centroid_connector,1,1.0,1,100000.0,30,0.5,0.15,4.0,auto
6220,10029,29,centroid_connector,1,1.0,1,100000.0,30,0.5,0.15,4.0,auto
6221,29,10029,centroid_connector,1,1.0,1,100000.0,30,0.5,0.15,4.0,auto
6222,10030,30,centroid_connector,1,1.0,1,100000.0,30,0.5,0.15,4.0,auto
6223,30,10030,centroid_connector,1,1.0,1,100000.0,30,0.5,0.15,4.0,auto
6224,10031,31,centroid_connector,1,1.0,1,100000.0,30,0.5,0.15,4.0,auto
6225,31,10031,centroid_connector,1,1.0,1,100000.0,30,0.5,0.15,4.0,auto
6226,10032,32,centroid_connector,1,1.0,1,100000.0,30,0.5,0.15,4.0,auto
6227,32,10032,centroid_connector,1,1.0,1,100000.0,30,0.5,0.15,4.0,auto
6228,10033,33,centroid_connector,1,1.0,1,100000.0,30,0.5,0.15,4.0,auto
6229,33,10033,centroid_connector,1,1.0,1,100000.0,30,0.5,0.15,4.0,auto
6230,10034,34,centroid_connector,1,1.0,1,100000.0,30,0.5,0.15,4.0,auto
6231,34,10034,centroid_connector,1,1.0,1,100000.0,30,0.5,0.15,4.0,auto
6232,10035,35,centroid_connector,1,1.0,1,100000.0,30,0.5,0.15,4.0,auto
6233,35,10035,centroid_connector,1,1.0,1,100000.0,30,0.5,0.15,4.0,auto
6234,10036,36,centroid_connector,1,1.0,1,100000.0,30,0.5,0.15,4.0,auto
6235,36,10036,centroid_connector,1,1.0,1,100000.0,30,0.5,0.15,4.0,auto
6236,10037,37,centroid_connector,1,1.0,1,100000.0,30,0.5,0.15,4.0,auto
6237,37,10037,centroid_connector,1,1.0,1,100000.0,30,0.5,0.15,4.0,auto
6238,10038,38,centroid_connector,1,1.0,1,100000.0,30,0.5,0.15,4.0,auto
6239,38,10038,centroid_connector,1,1.0,1,100000.0,30,0.5,0.15,4.0,auto
6240,10039,39,centroid_connector,1,1.0,1,100000.0,30,0.5,0.15,4.0,auto
6241,39,10039,centroid_connector,1,1.0,1,100000.0,30,0.5,0.15,4.0,auto
6242,10040,40,centroid_connector,1,1.0,1,100000.0,30,0.5,0.15,4.0,auto
6243,40,10040,centroid_connector,1,1.0,1,100000.0,30,0.5,0.15,4.0,auto
6244,10041,41,centroid_connector,1,1.0,1,100000.0,30,0.5,0.15,4.0,auto
6245,41,10041,centroid_connector,1,1.0,1,100000.0,30,0.5,0.15,4.0,auto
6246,10042,80,centroid_connector,1,1.0,1,100000.0,30,0.5,0.15,4.0,auto
6247,80,10042,centroid_connector,1,1.0,1,100000.0,30,0.5,0.15,4.0,auto
6248,10043,81,centroid_connector,1,1.0,1,100000.0,30,0.5,0.15,4.0,auto
6249,81,10043,centroid_connector,1,1.0,1,100000.0,30,0.5,0.15,4.0,auto
6250,10044,120,centroid_connector,1,1.0,1,100000.0,30,0.5,0.15,4.0,auto
6251,120,10044,centroid_connector,1,1.0,1,100000.0,30,0.5,0.15,4.0,auto
6252,10045,121,centroid_connector,1,1.0,1,100000.0,30,0.5,0.15,4.0,auto
6253,121,10045,centroid_connector,1,1.0,1,100000.0,30,0.5,0.15,4.0,auto
6254,10046,160,centroid_connector,1,1.0,1,100000.0,30,0.5,0.15,4.0,auto
6255,160,10046,centroid_connector,1,1.0,1,100000.0,30,0.5,0.15,4.0,auto
6256,10047,161,centroid_connector,1,1.0,1,100000.0,30,0.5,0.15,4.0,auto
6257,161,10047,centroid_connector,1,1.0,1,100000.0,30,0.5,0.15,4.0,auto
6258,10048,200,centroid_connector,1,1.0,1,100000.0,30,0.5,0.15,4.0,auto
6259,200,10048,centroid_connector,1,1.0,1,100000.0,30,0.5,0.15,4.0,auto
6260,10049,201,centroid_connector,1,1.0,1,100000.0,30,0.5,0.15,4.0,auto
6261,201,10049,centroid_connector,1,1.0,1,100000.0,30,0.5,0.15,4.0,auto
6262,10050,240,centroid_connector,1,1.0,1,100000.0,30,0.5,0.15,4.0,auto
6263,240,10050,centroid_connector,1,1.0,1,100000.0,30,0.5,0.15,4.0,auto
6264,10051,241,centroid_connector,1,1.0,1,100000.0,30,0.5,0.15,4.0,auto
6265,241,10051,centroid_connector,1,1.0,1,100000.0,30,0.5,0.15,4.0,auto
6266,10052,280,centroid_connector,1,1.0,1,100000.0,30,0.5,0.15,4.0,auto
6267,280,10052,centroid_connector,1,1.0,1,100000.0,30,0.5,0.15,4.0,auto
6268,10053,281,centroid_connector,1,1.0,1,100000.0,30,0.5,0.15,4.0,auto
6269,281,10053,centroid_connector,1,1.0,1,100000.0,30,0.5,0.15,4.0,auto
6270,10054,320,centroid_connector,1,1.0,1,100000.0,30,0.5,0.15,4.0,auto
6271,320,10054,centroid_connector,1,1.0,1,100000.0,30,0.5,0.15,4.0,auto
6272,10055,321,centroid_connector,1,1.0,1,100000.0,30,0.5,0.15,4.0,auto
6273,321,10055,centroid_connector,1,1.0,1,100000.0,30,0.5,0.15,4.0,auto
6274,10056,360,centroid_connector,1,1.0,1,100000.0,30,0.5,0.15,4.0,auto
6275,360,10056,centroid_connector,1,1.0,1,100000.0,30,0.5,0.15,4.0,auto
6276,10057,361,centroid_connector,1,1.0,1,100000.0,30,0.5,0.15,4.0,auto
6277,361,10057,centroid_connector,1,1.0,1,100000.0,30,0.5,0.15,4.0,auto
6278,10058,400,centroid_connector,1,1.0,1,100000.0,30,0.5,0.15,4.0,auto
6279,400,10058,centroid_connector,1,1.0,1,100000.0,30,0.5,0.15,4.0,auto
6280,10059,401,centroid_connector,1,1.0,1,100000.0,30,0.5,0.15,4.0,auto
6281,401,10059,centroid_connector,1,1.0,1,100000.0,30,0.5,0.15,4.0,auto
6282,10060,440,centroid_connector,1,1.0,1,100000.0,30,0.5,0.15,4.0,auto
6283,440,10060,centroid_connector,1,1.0,1,100000.0,30,0.5,0.15,4.0,auto
6284,10061,441,centroid_connector,1,1.0,1,100000.0,30,0.5,0.15,4.0,auto
6285,441,10061,centroid_connector,1,1.0,1,100000.0,30,0.5,0.15,4.0,auto
6286,10062,480,centroid_connector,1,1.0,1,100000.0,30,0.5,0.15,4.0,auto
6287,480,10062,centroid_connector,1,1.0,1,100000.0,30,0.5,0.15,4.0,auto
6288,10063,481,centroid_connector,1,1.0,1,100000.0,30,0.5,0.15,4.0,auto
6289,481,10063,centroid_connector,1,1.0,1,100000.0,30,0.5,0.15,4.0,auto
6290,10064,520,centroid_connector,1,1.0,1,100000.0,30,0.5,0.15,4.0,auto
6291,520,10064,centroid_connector,1,1.0,1,100000.0,30,0.5,0.15,4.0,auto
6292,10065,521,centroid_connector,1,1.0,1,100000.0,30,0.5,0.15,4.0,auto
6293,521,10065,centroid_connector,1,1.0,1,100000.0,30,0.5,0.15,4.0,auto
6294,10066,560,centroid_connector,1,1.0,1,100000.0,30,0.5,0.15,4.0,auto
6295,560,10066,centroid_connector,1,1.0,1,100000.0,30,0.5,0.15,4.0,auto
6296,10067,561,centroid_connector,1,1.0,1,100000.0,30,0.5,0.15,4.0,auto
6297,561,10067,centroid_connector,1,1.0,1,100000.0,30,0.5,0.15,4.0,auto
6298,10068,600,centroid_connector,1,1.0,1,100000.0,30,0.5,0.15,4.0,auto
6299,600,10068,centroid_connector,1,1.0,1,100000.0,30,0.5,0.15,4.0,auto
6300,10069,601,centroid_connector,1,1.0,1,100000.0,30,0.5,0.15,4.0,auto
6301,601,10069,centroid_connector,1,1.0,1,100000.0,30,0.5,0.15,4.0,auto
6302,10070,640,centroid_connector,1,1.0,1,100000.0,30,0.5,0.15,4.0,auto
6303,640,10070,centroid_connector,1,1.0,1,100000.0,30,0.5,0.15,4.0,auto
6304,10071,641,centroid_connector,1,1.0,1,100000.0,30,0.5,0.15,4.0,auto
6305,641,10071,centroid_connector,1,1.0,1,100000.0,30,0.5,0.15,4.0,auto
6306,10072,680,centroid_connector,1,1.0,1,100000.0,30,0.5,0.15,4.0,auto
6307,680,10072,centroid_connector,1,1.0,1,100000.0,30,0.5,0.15,4.0,auto
6308,10073,681,centroid_connector,1,1.0,1,100000.0,30,0.5,0.15,4.0,auto
6309,681,10073,centroid_connector,1,1.0,1,100000.0,30,0.5,0.15,4.0,auto
6310,10074,720,centroid_connector,1,1.0,1,100000.0,30,0.5,0.15,4.0,auto
6311,720,10074,centroid_connector,1,1.0,1,100000.0,30,0.5,0.15,4.0,auto
6312,10075,721,centroid_connector,1,1.0,1,100000.0,30,0.5,0.15,4.0,auto
6313,721,10075,centroid_connector,1,1.0,1,100000.0,30,0.5,0.15,4.0,auto
6314,10076,760,centroid_connector,1,1.0,1,100000.0,30,0.5,0.15,4.0,auto
6315,760,10076,centroid_connector,1,1.0,1,100000.0,30,0.5,0.15,4.0,auto
6316,10077,761,centroid_connector,1,1.0,1,100000.0,30,0.5,0.15,4.0,auto
6317,761,10077,centroid_connector,1,1.0,1,100000.0,30,0.5,0.15,4.0,auto
6318,10078,800,centroid_connector,1,1.0,1,100000.0,30,0.5,0.15,4.0,auto
6319,800,10078,centroid_connector,1,1.0,1,100000.0,30,0.5,0.15,4.0,auto
6320,10079,801,centroid_connector,1,1.0,1,100000.0,30,0.5,0.15,4.0,auto
6321,801,10079,centroid_connector,1,1.0,1,100000.0,30,0.5,0.15,4.0,auto
6322,10080,840,centroid_connector,1,1.0,1,100000.0,30,0.5,0.15,4.0,auto
6323,840,10080,centroid_connector,1,1.0,1,100000.0,30,0.5,0.15,4.0,auto
6324,10081,841,centroid_connector,1,1.0,1,100000.0,30,0.5,0.15,4.0,auto
6325,841,10081,centroid_connector,1,1.0,1,100000.0,30,0.5,0.15,4.0,auto
6326,10082,880,centroid_connector,1,1.0,1,100000.0,30,0.5,0.15,4.0,auto
6327,880,10082,centroid_connector,1,1.0,1,100000.0,30,0.5,0.15,4.0,auto
6328,10083,881,centroid_connector,1,1.0,1,100000.0,30,0.5,0.15,4.0,auto
6329,881,10083,centroid_connector,1,1.0,1,100000.0,30,0.5,0.15,4.0,auto
6330,10084,920,centroid_connector,1,1.0,1,100000.0,30,0.5,0.15,4.0,auto
6331,920,10084,centroid_connector,1,1.0,1,100000.0,30,0.5,0.15,4.0,auto
6332,10085,921,centroid_connector,1,1.0,1,100000.0,30,0.5,0.15,4.0,auto
6333,921,10085,centroid_connector,1,1.0,1,100000.0,30,0.5,0.15,4.0,auto
6334,10086,960,centroid_connector,1,1.0,1,100000.0,30,0.5,0.15,4.0,auto
6335,960,10086,centroid_connector,1,1.0,1,100000.0,30,0.5,0.15,4.0,auto
6336,10087,961,centroid_connector,1,1.0,1,100000.0,30,0.5,0.15,4.0,auto
6337,961,10087,centroid_connector,1,1.0,1,100000.0,30,0.5,0.15,4.0,auto
6338,10088,1000,centroid_connector,1,1.0,1,100000.0,30,0.5,0.15,4.0,auto
6339,1000,10088,centroid_connector,1,1.0,1,100000.0,30,0.5,0.15,4.0,auto
6340,10089,1001,centroid_connector,1,1.0,1,100000.0,30,0.5,0.15,4.0,auto
6341,1001,10089,centroid_connector,1,1.0,1,100000.0,30,0.5,0.15,4.0,auto
6342,10090,1040,centroid_connector,1,1.0,1,100000.0,30,0.5,0.15,4.0,auto
6343,1040,10090,centroid_connector,1,1.0,1,100000.0,30,0.5,0.15,4.0,auto
6344,10091,1041,centroid_connector,1,1.0,1,100000.0,30,0.5,0.15,4.0,auto
6345,1041,10091,centroid_connector,1,1.0,1,100000.0,30,0.5,0.15,4.0,auto
6346,10092,1080,centroid_connector,1,1.0,1,100000.0,30,0.5,0.15,4.0,auto
6347,1080,10092,centroid_connector,1,1.0,1,100000.0,30,0.5,0.15,4.0,auto
6348,10093,1081,centroid_connector,1,1.0,1,100000.0,30,0.5,0.15,4.0,auto
6349,1081,10093,centroid_connector,1,1.0,1,100000.0,30,0.5,0.15,4.0,auto
6350,10094,1120,centroid_connector,1,1.0,1,100000.0,30,0.5,0.15,4.0,auto
6351,1120,10094,centroid_connector,1,1.0,1,100000.0,30,0.5,0.15,4.0,auto
6352,10095,1121,centroid_connector,1,1.0,1,100000.0,30,0.5,0.15,4.0,auto
6353,1121,10095,centroid_connector,1,1.0,1,100000.0,30,0.5,0.15,4.0,auto
6354,10096,1160,centroid_connector,1,1.0,1,100000.0,30,0.5,0.15,4.0,auto
6355,1160,10096,centroid_connector,1,1.0,1,100000.0,30,0.5,0.15,4.0,auto
6356,10097,1161,centroid_connector,1,1.0,1,100000.0,30,0.5,0.15,4.0,auto
6357,1161,10097,centroid_connector,1,1.0,1,100000.0,30,0.5,0.15,4.0,auto
6358,10098,1200,centroid_connector,1,1.0,1,100000.0,30,0.5,0.15,4.0,auto
6359,1200,10098,centroid_connector,1,1.0,1,100000.0,30,0.5,0.15,4.0,auto
6360,10099,1201,centroid_connector,1,1.0,1,100000.0,30,0.5,0.15,4.0,auto
6361,1201,10099,centroid_connector,1,1.0,1,100000.0,30,0.5,0.15,4.0,auto
6362,10100,1240,centroid_connector,1,1.0,1,100000.0,30,0.5,0.15,4.0,auto
6363,1240,10100,centroid_connector,1,1.0,1,100000.0,30,0.5,0.15,4.0,auto
6364,10101,1241,centroid_connector,1,1.0,1,100000.0,30,0.5,0.15,4.0,auto
6365,1241,10101,centroid_connector,1,1.0,1,100000.0,30,0.5,0.15,4.0,auto
6366,10102,1280,centroid_connector,1,1.0,1,100000.0,30,0.5,0.15,4.0,auto
6367,1280,10102,centroid_connector,1,1.0,1,100000.0,30,0.5,0.15,4.0,auto
6368,10103,1281,centroid_connector,1,1.0,1,100000.0,30,0.5,0.15,4.0,auto
6369,1281,10103,centroid_connector,1,1.0,1,100000.0,30,0.5,0.15,4.0,auto
6370,10104,1320,centroid_connector,1,1.0,1,100000.0,30,0.5,0.15,4.0,auto
6371,1320,10104,centroid_connector,1,1.0,1,100000.0,30,0.5,0.15,4.0,auto
6372,10105,1321,centroid_connector,1,1.0,1,100000.0,30,0.5,0.15,4.0,auto
6373,1321,10105,centroid_connector,1,1.0,1,100000.0,30,0.5,0.15,4.0,auto
6374,10106,1360,centroid_connector,1,1.0,1,100000.0,30,0.5,0.15,4.0,auto
6375,1360,10106,centroid_connector,1,1.0,1,100000.0,30,0.5,0.15,4.0,auto
6376,10107,1361,centroid_connector,1,1.0,1,100000.0,30,0.5,0.15,4.0,auto
6377,1361,10107,centroid_connector,1,1.0,1,100000.0,30,0.5,0.15,4.0,auto
6378,10108,1400,centroid_connector,1,1.0,1,100000.0,30,0.5,0.15,4.0,auto
6379,1400,10108,centroid_connector,1,1.0,1,100000.0,30,0.5,0.15,4.0,auto
6380,10109,1401,centroid_connector,1,1.0,1,100000.0,30,0.5,0.15,4.0,auto
6381,1401,10109,centroid_connector,1,1.0,1,100000.0,30,0.5,0.15,4.0,auto
6382,10110,1440,centroid_connector,1,1.0,1,100000.0,30,0.5,0.15,4.0,auto
6383,1440,10110,centroid_connector,1,1.0,1,100000.0,30,0.5,0.15,4.0,auto
6384,10111,1441,centroid_connector,1,1.0,1,100000.0,30,0.5,0.15,4.0,auto
6385,1441,10111,centroid_connector,1,1.0,1,100000.0,30,0.5,0.15,4.0,auto
6386,10112,1480,centroid_connector,1,1.0,1,100000.0,30,0.5,0.15,4.0,auto
6387,1480,10112,centroid_connector,1,1.0,1,100000.0,30,0.5,0.15,4.0,auto
6388,10113,1481,centroid_connector,1,1.0,1,100000.0,30,0.5,0.15,4.0,auto
6389,1481,10113,centroid_connector,1,1.0,1,100000.0,30,0.5,0.15,4.0,auto
6390,10114,1520,centroid_connector,1,1.0,1,100000.0,30,0.5,0.15,4.0,auto
6391,1520,10114,centroid_connector,1,1.0,1,100000.0,30,0.5,0.15,4.0,auto
6392,10115,1521,centroid_connector,1,1.0,1,100000.0,30,0.5,0.15,4.0,auto
6393,1521,10115,centroid_connector,1,1.0,1,100000.0,30,0.5,0.15,4.0,auto
6394,10116,1560,centroid_connector,1,1.0,1,100000.0,30,0.5,0.15,4.0,auto
6395,1560,10116,centroid_connector,1,1.0,1,100000.0,30,0.5,0.15,4.0,auto
6396,10117,1561,centroid_connector,1,1.0,1,100000.0,30,0.5,0.15,4.0,auto
6397,1561,10117,centroid_connector,1,1.0,1,100000.0,30,0.5,0.15,4.0,auto
6398,10118,1562,centroid_connector,1,1.0,1,100000.0,30,0.5,0.15,4.0,auto
6399,1562,10118,centroid_connector,1,1.0,1,100000.0,30,0.5,0.15,4.0,auto
6400,10119,1563,centroid_connector,1,1.0,1,100000.0,30,0.5,0.15,4.0,auto
6401,1563,10119,centroid_connector,1,1.0,1,100000.0,30,0.5,0.15,4.0,auto
6402,10120,1564,centroid_connector,1,1.0,1,100000.0,30,0.5,0.15,4.0,auto
6403,1564,10120,centroid_connector,1,1.0,1,100000.0,30,0.5,0.15,4.0,auto
6404,10121,1565,centroid_connector,1,1.0,1,100000.0,30,0.5,0.15,4.0,auto
6405,1565,10121,centroid_connector,1,1.0,1,100000.0,30,0.5,0.15,4.0,auto
6406,10122,1566,centroid_connector,1,1.0,1,100000.0,30,0.5,0.15,4.0,auto
6407,1566,10122,centroid_connector,1,1.0,1,100000.0,30,0.5,0.15,4.0,auto
6408,10123,1567,centroid_connector,1,1.0,1,100000.0,30,0.5,0.15,4.0,auto
6409,1567,10123,centroid_connector,1,1.0,1,100000.0,30,0.5,0.15,4.0,auto
6410,10124,1568,centroid_connector,1,1.0,1,100000.0,30,0.5,0.15,4.0,auto
6411,1568,10124,centroid_connector,1,1.0,1,100000.0,30,0.5,0.15,4.0,auto
6412,10125,1569,centroid_connector,1,1.0,1,100000.0,30,0.5,0.15,4.0,auto
6413,1569,10125,centroid_connector,1,1.0,1,100000.0,30,0.5,0.15,4.0,auto
6414,10126,1570,centroid_connector,1,1.0,1,100000.0,30,0.5,0.15,4.0,auto
6415,1570,10126,centroid_connector,1,1.0,1,100000.0,30,0.5,0.15,4.0,auto
6416,10127,1571,centroid_connector,1,1.0,1,100000.0,30,0.5,0.15,4.0,auto
6417,1571,10127,centroid_connector,1,1.0,1,100000.0,30,0.5,0.15,4.0,auto
6418,10128,1572,centroid_connector,1,1.0,1,100000.0,30,0.5,0.15,4.0,auto
6419,1572,10128,centroid_connector,1,1.0,1,100000.0,30,0.5,0.15,4.0,auto
6420,10129,1573,centroid_connector,1,1.0,1,100000.0,30,0.5,0.15,4.0,auto
6421,1573,10129,centroid_connector,1,1.0,1,100000.0,30,0.5,0.15,4.0,auto
6422,10130,1574,centroid_connector,1,1.0,1,100000.0,30,0.5,0.15,4.0,auto
6423,1574,10130,centroid_connector,1,1.0,1,100000.0,30,0.5,0.15,4.0,auto
6424,10131,1575,centroid_connector,1,1.0,1,100000.0,30,0.5,0.15,4.0,auto
6425,1575,10131,centroid_connector,1,1.0,1,100000.0,30,0.5,0.15,4.0,auto
6426,10132,1576,centroid_connector,1,1.0,1,100000.0,30,0.5,0.15,4.0,auto
6427,1576,10132,centroid_connector,1,1.0,1,100000.0,30,0.5,0.15,4.0,auto
6428,10133,1577,centroid_connector,1,1.0,1,100000.0,30,0.5,0.15,4.0,auto
6429,1577,10133,centroid_connector,1,1.0,1,100000.0,30,0.5,0.15,4.0,auto
6430,10134,1578,centroid_connector,1,1.0,1,100000.0,30,0.5,0.15,4.0,auto
6431,1578,10134,centroid_connector,1,1.0,1,100000.0,30,0.5,0.15,4.0,auto
6432,10135,1579,centroid_connector,1,1.0,1,100000.0,30,0.5,0.15,4.0,auto
6433,1579,10135,centroid_connector,1,1.0,1,100000.0,30,0.5,0.15,4.0,auto
6434,10136,1580,centroid_connector,1,1.0,1,100000.0,30,0.5,0.15,4.0,auto
6435,1580,10136,centroid_connector,1,1.0,1,100000.0,30,0.5,0.15,4.0,auto
6436,10137,1581,centroid_connector,1,1.0,1,100000.0,30,0.5,0.15,4.0,auto
6437,1581,10137,centroid_connector,1,1.0,1,100000.0,30,0.5,0.15,4.0,auto
6438,10138,1582,centroid_connector,1,1.0,1,100000.0,30,0.5,0.15,4.0,auto
6439,1582,10138,centroid_connector,1,1.0,1,100000.0,30,0.5,0.15,4.0,auto
6440,10139,1583,centroid_connector,1,1.0,1,100000.0,30,0.5,0.15,4.0,auto
6441,1583,10139,centroid_connector,1,1.0,1,100000.0,30,0.5,0.15,4.0,auto
6442,10140,1584,centroid_connector,1,1.0,1,100000.0,30,0.5,0.15,4.0,auto
6443,1584,10140,centroid_connector,1,1.0,1,100000.0,30,0.5,0.15,4.0,auto
6444,10141,1585,centroid_connector,1,1.0,1,100000.0,30,0.5,0.15,4.0,auto
6445,1585,10141,centroid_connector,1,1.0,1,100000.0,30,0.5,0.15,4.0,auto
6446,10142,1586,centroid_connector,1,1.0,1,100000.0,30,0.5,0.15,4.0,auto
6447,1586,10142,centroid_connector,1,1.0,1,100000.0,30,0.5,0.15,4.0,auto
6448,10143,1587,centroid_connector,1,1.0,1,100000.0,30,0.5,0.15,4.0,auto
6449,1587,10143,centroid_connector,1,1.0,1,100000.0,30,0.5,0.15,4.0,auto
6450,10144,1588,centroid_connector,1,1.0,1,100000.0,30,0.5,0.15,4.0,auto
6451,1588,10144,centroid_connector,1,1.0,1,100000.0,30,0.5,0.15,4.0,auto
6452,10145,1589,centroid_connector,1,1.0,1,100000.0,30,0.5,0.15,4.0,auto
6453,1589,10145,centroid_connector,1,1.0,1,100000.0,30,0.5,0.15,4.0,auto
6454,10146,1590,centroid_connector,1,1.0,1,100000.0,30,0.5,0.15,4.0,auto
6455,1590,10146,centroid_connector,1,1.0,1,100000.0,30,0.5,0.15,4.0,auto
6456,10147,1591,centroid_connector,1,1.0,1,100000.0,30,0.5,0.15,4.0,auto
6457,1591,10147,centroid_connector,1,1.0,1,100000.0,30,0.5,0.15,4.0,auto
6458,10148,1592,centroid_connector,1,1.0,1,100000.0,30,0.5,0.15,4.0,auto
6459,1592,10148,centroid_connector,1,1.0,1,100000.0,30,0.5,0.15,4.0,auto
6460,10149,1593,centroid_connector,1,1.0,1,100000.0,30,0.5,0.15,4.0,auto
6461,1593,10149,centroid_connector,1,1.0,1,100000.0,30,0.5,0.15,4.0,auto
6462,10150,1594,centroid_connector,1,1.0,1,100000.0,30,0.5,0.15,4.0,auto
6463,1594,10150,centroid_connector,1,1.0,1,100000.0,30,0.5,0.15,4.0,auto
6464,10151,1595,centroid_connector,1,1.0,1,100000.0,30,0.5,0.15,4.0,auto
6465,1595,10151,centroid_connector,1,1.0,1,100000.0,30,0.5,0.15,4.0,auto
6466,10152,1596,centroid_connector,1,1.0,1,100000.0,30,0.5,0.15,4.0,auto
6467,1596,10152,centroid_connector,1,1.0,1,100000.0,30,0.5,0.15,4.0,auto
6468,10153,1597,centroid_connector,1,1.0,1,100000.0,30,0.5,0.15,4.0,auto
6469,1597,10153,centroid_connector,1,1.0,1,100000.0,30,0.5,0.15,4.0,auto
6470,10154,1598,centroid_connector,1,1.0,1,100000.0,30,0.5,0.15,4.0,auto
6471,1598,10154,centroid_connector,1,1.0,1,100000.0,30,0.5,0.15,4.0,auto
6472,10155,1599,centroid_connector,1,1.0,1,100000.0,30,0.5,0.15,4.0,auto
6473,1599,10155,centroid_connector,1,1.0,1,100000.0,30,0.5,0.15,4.0,auto
6474,10156,1600,centroid_connector,1,1.0,1,100000.0,30,0.5,0.15,4.0,auto
6475,1600,10156,centroid_connector,1,1.0,1,100000.0,30,0.5,0.15,4.0,auto
