o_zone_id,d_zone_id,volume,period,agent_type
1,3,1.65,AM,w_bus_metro
1,4,0.45,AM,w_bus_metro
1,6,0.15,AM,w_bus_metro
1,7,0.6,AM,w_bus_metro
1,8,0.45,AM,w_bus_metro
1,9,0.75,AM,w_bus_metro
1,10,1.35,AM,w_bus_metro
1,15,0.3,AM,w_bus_metro
1,17,0.15,AM,w_bus_metro
1,21,0.15,AM,w_bus_metro
1,22,0.9,AM,w_bus_metro
1,23,0.6,AM,w_bus_metro
1,24,0.3,AM,w_bus_metro
1,25,1.8,AM,w_bus_metro
1,26,0.75,AM,w_bus_metro
1,30,0.6,AM,w_bus_metro
1,31,0.3,AM,w_bus_metro
1,32,4.05,AM,w_bus_metro
1,33,0.45,AM,w_bus_metro
1,34,0.45,AM,w_bus_metro
1,35,2.25,AM,w_bus_metro
1,36,0.9,AM,w_bus_metro
1,37,0.6,AM,w_bus_metro
1,38,1.5,AM,w_bus_metro
1,39,1.65,AM,w_bus_metro
1,40,3.45,AM,w_bus_metro
1,42,1.5,AM,w_bus_metro
1,43,1.65,AM,w_bus_metro
1,44,1.5,AM,w_bus_metro
1,46,0.3,AM,w_bus_metro
1,47,0.45,AM,w_bus_metro
1,48,0.75,AM,w_bus_metro
1,49,1.35,AM,w_bus_metro
1,51,0.3,AM,w_bus_metro
1,52,0.6,AM,w_bus_metro
1,53,0.45,AM,w_bus_metro
1,54,0.45,AM,w_bus_metro
1,56,0.6,AM,w_bus_metro
1,57,1.5,AM,w_bus_metro
1,58,1.5,AM,w_bus_metro
1,60,1.5,AM,w_bus_metro
1,61,1.05,AM,w_bus_metro
1,64,0.9,AM,w_bus_metro
1,65,1.5,AM,w_bus_metro
1,66,0.45,AM,w_bus_metro
1,67,5.1,AM,w_bus_metro
1,68,0.75,AM,w_bus_metro
1,71,0.15,AM,w_bus_metro
1,72,0.9,AM,w_bus_metro
1,73,0.15,AM,w_bus_metro
1,74,0.6,AM,w_bus_metro
1,75,1.8,AM,w_bus_metro
1,76,0.6,AM,w_bus_metro
1,77,1.05,AM,w_bus_metro
1,78,2.25,AM,w_bus_metro
1,79,4.5,AM,w_bus_metro
1,80,0.15,AM,w_bus_metro
1,81,0.3,AM,w_bus_metro
1,82,0.9,AM,w_bus_metro
1,83,0.45,AM,w_bus_metro
1,84,0.45,AM,w_bus_metro
1,85,0.15,AM,w_bus_metro
1,86,0.3,AM,w_bus_metro
1,87,7.8,AM,w_bus_metro
1,88,0.9,AM,w_bus_metro
1,89,0.15,AM,w_bus_metro
1,90,0.9,AM,w_bus_metro
1,91,0.45,AM,w_bus_metro
1,92,0.15,AM,w_bus_metro
1,95,0.15,AM,w_bus_metro
1,96,9.3,AM,w_bus_metro
1,97,1.65,AM,w_bus_metro
1,98,0.3,AM,w_bus_metro
1,99,0.9,AM,w_bus_metro
1,102,0.3,AM,w_bus_metro
1,103,0.3,AM,w_bus_metro
1,104,0.9,AM,w_bus_metro
1,105,0.45,AM,w_bus_metro
1,107,0.45,AM,w_bus_metro
1,108,0.3,AM,w_bus_metro
1,111,0.9,AM,w_bus_metro
1,112,1.2,AM,w_bus_metro
1,115,1.05,AM,w_bus_metro
1,116,0.15,AM,w_bus_metro
1,120,0.45,AM,w_bus_metro
1,121,1.5,AM,w_bus_metro
1,122,0.15,AM,w_bus_metro
1,123,4.5,AM,w_bus_metro
1,124,0.15,AM,w_bus_metro
1,125,0.9,AM,w_bus_metro
1,126,0.15,AM,w_bus_metro
1,129,0.75,AM,w_bus_metro
1,130,0.3,AM,w_bus_metro
1,131,0.3,AM,w_bus_metro
1,136,0.15,AM,w_bus_metro
1,139,1.35,AM,w_bus_metro
1,140,0.15,AM,w_bus_metro
2,3,0.3,AM,w_bus_metro
2,4,0.15,AM,w_bus_metro
2,9,0.15,AM,w_bus_metro
2,10,0.15,AM,w_bus_metro
2,12,0.15,AM,w_bus_metro
2,20,2.7,AM,w_bus_metro
2,21,2.4,AM,w_bus_metro
2,22,1.35,AM,w_bus_metro
2,23,1.05,AM,w_bus_metro
2,24,0.45,AM,w_bus_metro
2,25,3.3,AM,w_bus_metro
2,26,1.5,AM,w_bus_metro
2,28,0.45,AM,w_bus_metro
2,30,1.35,AM,w_bus_metro
2,31,1.65,AM,w_bus_metro
2,32,3.45,AM,w_bus_metro
2,33,0.9,AM,w_bus_metro
2,34,0.3,AM,w_bus_metro
2,35,0.3,AM,w_bus_metro
2,36,1.05,AM,w_bus_metro
2,37,0.45,AM,w_bus_metro
2,38,3.0,AM,w_bus_metro
2,39,2.1,AM,w_bus_metro
2,40,1.05,AM,w_bus_metro
2,42,1.35,AM,w_bus_metro
2,44,1.65,AM,w_bus_metro
2,45,0.3,AM,w_bus_metro
2,48,1.2,AM,w_bus_metro
2,49,0.3,AM,w_bus_metro
2,56,0.15,AM,w_bus_metro
2,57,1.5,AM,w_bus_metro
2,58,2.4,AM,w_bus_metro
2,60,0.75,AM,w_bus_metro
2,61,0.15,AM,w_bus_metro
2,64,0.15,AM,w_bus_metro
2,66,0.15,AM,w_bus_metro
2,67,3.75,AM,w_bus_metro
2,68,1.65,AM,w_bus_metro
2,79,0.3,AM,w_bus_metro
2,80,0.6,AM,w_bus_metro
2,84,0.45,AM,w_bus_metro
2,87,1.05,AM,w_bus_metro
2,91,0.15,AM,w_bus_metro
2,96,2.1,AM,w_bus_metro
2,97,0.75,AM,w_bus_metro
2,104,0.15,AM,w_bus_metro
2,105,0.15,AM,w_bus_metro
2,111,0.15,AM,w_bus_metro
2,116,0.15,AM,w_bus_metro
2,117,0.15,AM,w_bus_metro
2,120,1.35,AM,w_bus_metro
2,121,0.15,AM,w_bus_metro
2,122,0.15,AM,w_bus_metro
2,123,1.65,AM,w_bus_metro
2,129,0.15,AM,w_bus_metro
2,131,0.15,AM,w_bus_metro
3,2,0.3,AM,w_bus_metro
3,4,1.05,AM,w_bus_metro
3,7,0.15,AM,w_bus_metro
3,8,0.15,AM,w_bus_metro
3,10,0.45,AM,w_bus_metro
3,14,0.6,AM,w_bus_metro
3,20,0.15,AM,w_bus_metro
3,21,0.75,AM,w_bus_metro
3,22,0.3,AM,w_bus_metro
3,23,0.15,AM,w_bus_metro
3,24,0.15,AM,w_bus_metro
3,25,10.05,AM,w_bus_metro
3,26,6.9,AM,w_bus_metro
3,28,1.5,AM,w_bus_metro
3,29,0.45,AM,w_bus_metro
3,30,1.95,AM,w_bus_metro
3,31,0.6,AM,w_bus_metro
3,32,14.1,AM,w_bus_metro
3,33,1.5,AM,w_bus_metro
3,34,1.2,AM,w_bus_metro
3,35,0.3,AM,w_bus_metro
3,36,2.55,AM,w_bus_metro
3,38,6.3,AM,w_bus_metro
3,39,3.3,AM,w_bus_metro
3,40,3.3,AM,w_bus_metro
3,41,0.15,AM,w_bus_metro
3,42,3.15,AM,w_bus_metro
3,43,2.1,AM,w_bus_metro
3,44,0.3,AM,w_bus_metro
3,47,0.3,AM,w_bus_metro
3,48,0.6,AM,w_bus_metro
3,49,0.3,AM,w_bus_metro
3,57,1.35,AM,w_bus_metro
3,58,3.9,AM,w_bus_metro
3,59,0.15,AM,w_bus_metro
3,60,4.05,AM,w_bus_metro
3,61,1.05,AM,w_bus_metro
3,63,0.15,AM,w_bus_metro
3,65,0.45,AM,w_bus_metro
3,66,0.3,AM,w_bus_metro
3,67,13.2,AM,w_bus_metro
3,68,1.05,AM,w_bus_metro
3,73,0.15,AM,w_bus_metro
3,76,0.15,AM,w_bus_metro
3,79,0.15,AM,w_bus_metro
3,80,0.3,AM,w_bus_metro
3,81,0.3,AM,w_bus_metro
3,86,2.1,AM,w_bus_metro
3,87,1.5,AM,w_bus_metro
3,90,0.9,AM,w_bus_metro
3,93,0.45,AM,w_bus_metro
3,95,0.45,AM,w_bus_metro
3,96,7.35,AM,w_bus_metro
3,97,1.95,AM,w_bus_metro
3,99,0.9,AM,w_bus_metro
3,100,0.15,AM,w_bus_metro
3,102,0.15,AM,w_bus_metro
3,104,0.15,AM,w_bus_metro
3,105,0.3,AM,w_bus_metro
3,108,0.3,AM,w_bus_metro
3,116,1.35,AM,w_bus_metro
3,120,3.15,AM,w_bus_metro
3,121,0.75,AM,w_bus_metro
3,123,0.3,AM,w_bus_metro
3,129,0.15,AM,w_bus_metro
3,138,0.3,AM,w_bus_metro
3,139,0.15,AM,w_bus_metro
4,2,0.15,AM,w_bus_metro
4,3,3.0,AM,w_bus_metro
4,5,0.15,AM,w_bus_metro
4,7,0.6,AM,w_bus_metro
4,8,0.45,AM,w_bus_metro
4,10,0.9,AM,w_bus_metro
4,12,0.6,AM,w_bus_metro
4,14,0.3,AM,w_bus_metro
4,15,0.45,AM,w_bus_metro
4,17,0.6,AM,w_bus_metro
4,20,0.3,AM,w_bus_metro
4,21,0.3,AM,w_bus_metro
4,22,2.7,AM,w_bus_metro
4,23,0.75,AM,w_bus_metro
4,24,0.3,AM,w_bus_metro
4,25,8.55,AM,w_bus_metro
4,26,3.6,AM,w_bus_metro
4,27,0.6,AM,w_bus_metro
4,28,0.15,AM,w_bus_metro
4,30,3.0,AM,w_bus_metro
4,31,1.35,AM,w_bus_metro
4,32,7.95,AM,w_bus_metro
4,33,3.9,AM,w_bus_metro
4,34,1.2,AM,w_bus_metro
4,35,1.5,AM,w_bus_metro
4,36,4.95,AM,w_bus_metro
4,38,6.45,AM,w_bus_metro
4,39,6.0,AM,w_bus_metro
4,40,3.6,AM,w_bus_metro
4,42,3.0,AM,w_bus_metro
4,43,1.95,AM,w_bus_metro
4,44,0.6,AM,w_bus_metro
4,45,0.15,AM,w_bus_metro
4,46,0.15,AM,w_bus_metro
4,47,0.9,AM,w_bus_metro
4,48,2.1,AM,w_bus_metro
4,50,0.15,AM,w_bus_metro
4,57,4.05,AM,w_bus_metro
4,58,3.6,AM,w_bus_metro
4,59,0.3,AM,w_bus_metro
4,60,5.7,AM,w_bus_metro
4,61,1.65,AM,w_bus_metro
4,63,0.75,AM,w_bus_metro
4,64,1.35,AM,w_bus_metro
4,65,1.65,AM,w_bus_metro
4,66,1.05,AM,w_bus_metro
4,67,18.6,AM,w_bus_metro
4,68,3.3,AM,w_bus_metro
4,70,0.15,AM,w_bus_metro
4,72,0.15,AM,w_bus_metro
4,74,0.15,AM,w_bus_metro
4,75,0.15,AM,w_bus_metro
4,76,0.15,AM,w_bus_metro
4,77,0.15,AM,w_bus_metro
4,78,0.15,AM,w_bus_metro
4,79,1.35,AM,w_bus_metro
4,80,0.15,AM,w_bus_metro
4,81,0.15,AM,w_bus_metro
4,82,0.3,AM,w_bus_metro
4,85,0.3,AM,w_bus_metro
4,86,1.05,AM,w_bus_metro
4,87,8.85,AM,w_bus_metro
4,88,0.15,AM,w_bus_metro
4,90,0.75,AM,w_bus_metro
4,93,0.15,AM,w_bus_metro
4,95,0.75,AM,w_bus_metro
4,96,7.8,AM,w_bus_metro
4,97,4.05,AM,w_bus_metro
4,99,1.05,AM,w_bus_metro
4,100,0.3,AM,w_bus_metro
4,104,0.3,AM,w_bus_metro
4,105,0.6,AM,w_bus_metro
4,108,1.2,AM,w_bus_metro
4,109,0.3,AM,w_bus_metro
4,112,0.15,AM,w_bus_metro
4,114,0.15,AM,w_bus_metro
4,115,0.45,AM,w_bus_metro
4,116,0.9,AM,w_bus_metro
4,120,4.5,AM,w_bus_metro
4,121,0.6,AM,w_bus_metro
4,123,0.15,AM,w_bus_metro
4,125,0.15,AM,w_bus_metro
4,128,0.15,AM,w_bus_metro
4,131,0.45,AM,w_bus_metro
4,136,0.15,AM,w_bus_metro
4,138,0.15,AM,w_bus_metro
4,139,0.15,AM,w_bus_metro
5,3,0.15,AM,w_bus_metro
5,4,0.75,AM,w_bus_metro
5,7,0.15,AM,w_bus_metro
5,8,0.15,AM,w_bus_metro
5,12,0.15,AM,w_bus_metro
5,13,0.3,AM,w_bus_metro
5,15,0.15,AM,w_bus_metro
5,20,0.9,AM,w_bus_metro
5,23,0.15,AM,w_bus_metro
5,25,3.0,AM,w_bus_metro
5,26,1.5,AM,w_bus_metro
5,28,1.05,AM,w_bus_metro
5,30,0.6,AM,w_bus_metro
5,31,0.3,AM,w_bus_metro
5,32,4.65,AM,w_bus_metro
5,33,0.3,AM,w_bus_metro
5,34,0.3,AM,w_bus_metro
5,36,1.35,AM,w_bus_metro
5,38,3.45,AM,w_bus_metro
5,39,4.65,AM,w_bus_metro
5,40,0.3,AM,w_bus_metro
5,42,1.95,AM,w_bus_metro
5,43,1.05,AM,w_bus_metro
5,46,0.3,AM,w_bus_metro
5,47,0.6,AM,w_bus_metro
5,48,1.35,AM,w_bus_metro
5,49,0.3,AM,w_bus_metro
5,57,1.95,AM,w_bus_metro
5,58,2.4,AM,w_bus_metro
5,59,0.3,AM,w_bus_metro
5,60,1.05,AM,w_bus_metro
5,61,1.35,AM,w_bus_metro
5,62,0.15,AM,w_bus_metro
5,63,0.15,AM,w_bus_metro
5,64,0.45,AM,w_bus_metro
5,65,0.45,AM,w_bus_metro
5,66,0.3,AM,w_bus_metro
5,67,5.85,AM,w_bus_metro
5,68,1.2,AM,w_bus_metro
5,75,0.15,AM,w_bus_metro
5,78,0.15,AM,w_bus_metro
5,80,0.3,AM,w_bus_metro
5,86,0.15,AM,w_bus_metro
5,87,2.4,AM,w_bus_metro
5,90,0.75,AM,w_bus_metro
5,93,0.3,AM,w_bus_metro
5,96,2.1,AM,w_bus_metro
5,97,0.75,AM,w_bus_metro
5,99,0.45,AM,w_bus_metro
5,102,0.15,AM,w_bus_metro
5,114,0.15,AM,w_bus_metro
5,115,0.3,AM,w_bus_metro
5,116,0.3,AM,w_bus_metro
5,120,1.65,AM,w_bus_metro
5,121,0.15,AM,w_bus_metro
5,123,0.3,AM,w_bus_metro
5,128,0.15,AM,w_bus_metro
5,130,0.15,AM,w_bus_metro
5,139,0.45,AM,w_bus_metro
6,4,1.35,AM,w_bus_metro
6,7,0.6,AM,w_bus_metro
6,13,0.45,AM,w_bus_metro
6,15,0.45,AM,w_bus_metro
6,21,0.3,AM,w_bus_metro
6,22,0.15,AM,w_bus_metro
6,23,0.3,AM,w_bus_metro
6,24,0.15,AM,w_bus_metro
6,25,4.65,AM,w_bus_metro
6,26,2.7,AM,w_bus_metro
6,27,0.45,AM,w_bus_metro
6,28,0.15,AM,w_bus_metro
6,30,0.75,AM,w_bus_metro
6,31,0.6,AM,w_bus_metro
6,32,4.05,AM,w_bus_metro
6,33,0.75,AM,w_bus_metro
6,34,0.45,AM,w_bus_metro
6,35,0.3,AM,w_bus_metro
6,36,1.5,AM,w_bus_metro
6,38,5.7,AM,w_bus_metro
6,39,3.45,AM,w_bus_metro
6,40,0.45,AM,w_bus_metro
6,42,0.6,AM,w_bus_metro
6,43,0.45,AM,w_bus_metro
6,46,0.15,AM,w_bus_metro
6,48,1.2,AM,w_bus_metro
6,49,0.45,AM,w_bus_metro
6,57,1.65,AM,w_bus_metro
6,58,1.8,AM,w_bus_metro
6,59,0.45,AM,w_bus_metro
6,60,1.95,AM,w_bus_metro
6,61,1.8,AM,w_bus_metro
6,62,0.6,AM,w_bus_metro
6,63,1.2,AM,w_bus_metro
6,64,2.1,AM,w_bus_metro
6,65,0.45,AM,w_bus_metro
6,66,0.45,AM,w_bus_metro
6,67,9.0,AM,w_bus_metro
6,68,1.8,AM,w_bus_metro
6,70,0.15,AM,w_bus_metro
6,72,0.15,AM,w_bus_metro
6,74,0.15,AM,w_bus_metro
6,75,0.3,AM,w_bus_metro
6,76,0.3,AM,w_bus_metro
6,79,0.6,AM,w_bus_metro
6,81,0.15,AM,w_bus_metro
6,83,0.15,AM,w_bus_metro
6,86,0.15,AM,w_bus_metro
6,87,4.5,AM,w_bus_metro
6,90,0.3,AM,w_bus_metro
6,91,0.15,AM,w_bus_metro
6,95,0.3,AM,w_bus_metro
6,96,4.95,AM,w_bus_metro
6,97,2.1,AM,w_bus_metro
6,98,0.45,AM,w_bus_metro
6,99,1.35,AM,w_bus_metro
6,100,0.3,AM,w_bus_metro
6,105,0.15,AM,w_bus_metro
6,108,0.45,AM,w_bus_metro
6,114,0.15,AM,w_bus_metro
6,115,0.75,AM,w_bus_metro
6,116,3.15,AM,w_bus_metro
6,120,3.0,AM,w_bus_metro
6,121,0.75,AM,w_bus_metro
6,123,0.6,AM,w_bus_metro
6,125,0.15,AM,w_bus_metro
6,129,0.15,AM,w_bus_metro
6,131,0.15,AM,w_bus_metro
6,139,0.15,AM,w_bus_metro
7,3,1.8,AM,w_bus_metro
7,4,1.8,AM,w_bus_metro
7,5,0.45,AM,w_bus_metro
7,6,0.15,AM,w_bus_metro
7,8,0.3,AM,w_bus_metro
7,10,1.2,AM,w_bus_metro
7,11,0.15,AM,w_bus_metro
7,12,0.9,AM,w_bus_metro
7,13,0.75,AM,w_bus_metro
7,14,0.45,AM,w_bus_metro
7,15,0.15,AM,w_bus_metro
7,18,0.6,AM,w_bus_metro
7,20,0.15,AM,w_bus_metro
7,21,0.45,AM,w_bus_metro
7,22,1.8,AM,w_bus_metro
7,23,0.15,AM,w_bus_metro
7,25,4.65,AM,w_bus_metro
7,26,2.25,AM,w_bus_metro
7,28,0.15,AM,w_bus_metro
7,30,0.45,AM,w_bus_metro
7,31,0.45,AM,w_bus_metro
7,32,2.55,AM,w_bus_metro
7,33,1.05,AM,w_bus_metro
7,35,0.3,AM,w_bus_metro
7,36,0.9,AM,w_bus_metro
7,37,0.3,AM,w_bus_metro
7,38,4.8,AM,w_bus_metro
7,39,2.55,AM,w_bus_metro
7,40,1.65,AM,w_bus_metro
7,41,0.15,AM,w_bus_metro
7,42,1.35,AM,w_bus_metro
7,43,1.2,AM,w_bus_metro
7,44,1.2,AM,w_bus_metro
7,46,0.45,AM,w_bus_metro
7,47,1.05,AM,w_bus_metro
7,48,2.55,AM,w_bus_metro
7,49,0.45,AM,w_bus_metro
7,50,0.15,AM,w_bus_metro
7,56,0.15,AM,w_bus_metro
7,57,2.4,AM,w_bus_metro
7,58,2.1,AM,w_bus_metro
7,59,0.75,AM,w_bus_metro
7,60,3.9,AM,w_bus_metro
7,61,3.75,AM,w_bus_metro
7,62,0.3,AM,w_bus_metro
7,63,1.65,AM,w_bus_metro
7,64,2.25,AM,w_bus_metro
7,65,1.65,AM,w_bus_metro
7,66,0.45,AM,w_bus_metro
7,67,13.8,AM,w_bus_metro
7,68,2.1,AM,w_bus_metro
7,79,0.6,AM,w_bus_metro
7,80,0.3,AM,w_bus_metro
7,84,0.15,AM,w_bus_metro
7,85,0.15,AM,w_bus_metro
7,87,6.0,AM,w_bus_metro
7,89,0.3,AM,w_bus_metro
7,90,0.15,AM,w_bus_metro
7,91,0.3,AM,w_bus_metro
7,93,0.15,AM,w_bus_metro
7,95,0.45,AM,w_bus_metro
7,96,8.4,AM,w_bus_metro
7,97,4.65,AM,w_bus_metro
7,98,0.15,AM,w_bus_metro
7,99,0.3,AM,w_bus_metro
7,100,0.15,AM,w_bus_metro
7,104,0.15,AM,w_bus_metro
7,105,0.15,AM,w_bus_metro
7,108,0.3,AM,w_bus_metro
7,109,0.15,AM,w_bus_metro
7,111,0.3,AM,w_bus_metro
7,114,0.3,AM,w_bus_metro
7,115,0.6,AM,w_bus_metro
7,116,2.25,AM,w_bus_metro
7,117,0.75,AM,w_bus_metro
7,118,0.15,AM,w_bus_metro
7,120,2.7,AM,w_bus_metro
7,121,0.3,AM,w_bus_metro
7,122,0.3,AM,w_bus_metro
7,123,0.3,AM,w_bus_metro
7,129,0.15,AM,w_bus_metro
7,131,0.15,AM,w_bus_metro
7,135,0.15,AM,w_bus_metro
8,3,1.5,AM,w_bus_metro
8,4,0.9,AM,w_bus_metro
8,7,1.2,AM,w_bus_metro
8,9,1.35,AM,w_bus_metro
8,10,1.65,AM,w_bus_metro
8,11,0.15,AM,w_bus_metro
8,12,0.9,AM,w_bus_metro
8,13,0.3,AM,w_bus_metro
8,14,0.3,AM,w_bus_metro
8,15,0.45,AM,w_bus_metro
8,18,0.75,AM,w_bus_metro
8,19,0.3,AM,w_bus_metro
8,20,0.3,AM,w_bus_metro
8,21,0.15,AM,w_bus_metro
8,22,0.6,AM,w_bus_metro
8,24,0.15,AM,w_bus_metro
8,25,5.1,AM,w_bus_metro
8,26,3.15,AM,w_bus_metro
8,30,0.3,AM,w_bus_metro
8,31,0.45,AM,w_bus_metro
8,32,4.2,AM,w_bus_metro
8,33,1.05,AM,w_bus_metro
8,34,0.45,AM,w_bus_metro
8,35,0.6,AM,w_bus_metro
8,36,0.9,AM,w_bus_metro
8,38,4.95,AM,w_bus_metro
8,39,4.35,AM,w_bus_metro
8,40,5.55,AM,w_bus_metro
8,42,2.4,AM,w_bus_metro
8,43,2.7,AM,w_bus_metro
8,44,0.3,AM,w_bus_metro
8,45,0.3,AM,w_bus_metro
8,47,0.45,AM,w_bus_metro
8,48,0.75,AM,w_bus_metro
8,49,0.45,AM,w_bus_metro
8,51,0.15,AM,w_bus_metro
8,52,0.15,AM,w_bus_metro
8,56,0.75,AM,w_bus_metro
8,57,4.35,AM,w_bus_metro
8,58,2.55,AM,w_bus_metro
8,59,0.9,AM,w_bus_metro
8,60,3.3,AM,w_bus_metro
8,61,4.5,AM,w_bus_metro
8,62,1.05,AM,w_bus_metro
8,63,1.2,AM,w_bus_metro
8,64,1.95,AM,w_bus_metro
8,65,1.2,AM,w_bus_metro
8,66,0.45,AM,w_bus_metro
8,67,17.1,AM,w_bus_metro
8,68,4.05,AM,w_bus_metro
8,70,0.15,AM,w_bus_metro
8,74,0.45,AM,w_bus_metro
8,75,0.15,AM,w_bus_metro
8,78,0.9,AM,w_bus_metro
8,79,1.05,AM,w_bus_metro
8,80,0.9,AM,w_bus_metro
8,81,0.45,AM,w_bus_metro
8,82,0.15,AM,w_bus_metro
8,83,0.15,AM,w_bus_metro
8,85,0.15,AM,w_bus_metro
8,86,0.45,AM,w_bus_metro
8,87,10.65,AM,w_bus_metro
8,88,0.9,AM,w_bus_metro
8,89,0.6,AM,w_bus_metro
8,90,0.3,AM,w_bus_metro
8,91,0.15,AM,w_bus_metro
8,95,0.15,AM,w_bus_metro
8,96,10.05,AM,w_bus_metro
8,97,3.45,AM,w_bus_metro
8,98,0.3,AM,w_bus_metro
8,99,0.9,AM,w_bus_metro
8,104,0.3,AM,w_bus_metro
8,105,0.15,AM,w_bus_metro
8,107,0.3,AM,w_bus_metro
8,108,0.6,AM,w_bus_metro
8,111,0.3,AM,w_bus_metro
8,114,0.15,AM,w_bus_metro
8,115,1.65,AM,w_bus_metro
8,116,3.6,AM,w_bus_metro
8,117,1.5,AM,w_bus_metro
8,120,3.9,AM,w_bus_metro
8,121,0.45,AM,w_bus_metro
8,122,0.15,AM,w_bus_metro
8,123,1.2,AM,w_bus_metro
8,125,0.45,AM,w_bus_metro
8,128,0.15,AM,w_bus_metro
8,129,0.3,AM,w_bus_metro
8,139,0.3,AM,w_bus_metro
9,3,0.45,AM,w_bus_metro
9,4,1.35,AM,w_bus_metro
9,7,1.5,AM,w_bus_metro
9,8,0.6,AM,w_bus_metro
9,10,0.45,AM,w_bus_metro
9,12,2.25,AM,w_bus_metro
9,13,1.2,AM,w_bus_metro
9,14,0.3,AM,w_bus_metro
9,15,0.15,AM,w_bus_metro
9,17,0.15,AM,w_bus_metro
9,18,0.15,AM,w_bus_metro
9,19,0.45,AM,w_bus_metro
9,20,0.45,AM,w_bus_metro
9,21,0.3,AM,w_bus_metro
9,22,1.5,AM,w_bus_metro
9,23,0.6,AM,w_bus_metro
9,25,3.75,AM,w_bus_metro
9,26,1.35,AM,w_bus_metro
9,30,0.45,AM,w_bus_metro
9,31,0.45,AM,w_bus_metro
9,32,5.4,AM,w_bus_metro
9,33,0.9,AM,w_bus_metro
9,34,0.75,AM,w_bus_metro
9,35,0.9,AM,w_bus_metro
9,36,1.65,AM,w_bus_metro
9,38,2.85,AM,w_bus_metro
9,39,1.05,AM,w_bus_metro
9,40,3.0,AM,w_bus_metro
9,41,0.15,AM,w_bus_metro
9,42,1.35,AM,w_bus_metro
9,43,0.75,AM,w_bus_metro
9,44,0.45,AM,w_bus_metro
9,46,0.45,AM,w_bus_metro
9,47,1.5,AM,w_bus_metro
9,48,0.9,AM,w_bus_metro
9,49,0.15,AM,w_bus_metro
9,54,0.15,AM,w_bus_metro
9,56,0.3,AM,w_bus_metro
9,57,1.5,AM,w_bus_metro
9,58,1.35,AM,w_bus_metro
9,59,0.9,AM,w_bus_metro
9,60,2.1,AM,w_bus_metro
9,61,2.1,AM,w_bus_metro
9,62,0.15,AM,w_bus_metro
9,63,0.15,AM,w_bus_metro
9,64,1.35,AM,w_bus_metro
9,65,0.75,AM,w_bus_metro
9,67,12.45,AM,w_bus_metro
9,68,2.55,AM,w_bus_metro
9,71,0.45,AM,w_bus_metro
9,73,0.15,AM,w_bus_metro
9,75,0.75,AM,w_bus_metro
9,78,0.45,AM,w_bus_metro
9,79,1.05,AM,w_bus_metro
9,81,0.3,AM,w_bus_metro
9,82,0.15,AM,w_bus_metro
9,83,0.15,AM,w_bus_metro
9,85,0.15,AM,w_bus_metro
9,86,1.05,AM,w_bus_metro
9,87,6.3,AM,w_bus_metro
9,89,0.15,AM,w_bus_metro
9,90,0.9,AM,w_bus_metro
9,94,0.3,AM,w_bus_metro
9,95,0.9,AM,w_bus_metro
9,96,5.85,AM,w_bus_metro
9,97,1.95,AM,w_bus_metro
9,99,1.2,AM,w_bus_metro
9,100,0.15,AM,w_bus_metro
9,102,0.45,AM,w_bus_metro
9,105,0.15,AM,w_bus_metro
9,108,0.15,AM,w_bus_metro
9,115,0.3,AM,w_bus_metro
9,116,1.8,AM,w_bus_metro
9,117,0.3,AM,w_bus_metro
9,118,0.45,AM,w_bus_metro
9,120,2.55,AM,w_bus_metro
9,121,0.45,AM,w_bus_metro
9,123,0.15,AM,w_bus_metro
9,124,0.15,AM,w_bus_metro
9,125,0.15,AM,w_bus_metro
9,128,0.15,AM,w_bus_metro
9,130,0.15,AM,w_bus_metro
9,139,0.3,AM,w_bus_metro
9,140,0.15,AM,w_bus_metro
10,1,0.15,AM,w_bus_metro
10,2,0.3,AM,w_bus_metro
10,3,2.25,AM,w_bus_metro
10,4,1.35,AM,w_bus_metro
10,6,0.3,AM,w_bus_metro
10,7,1.8,AM,w_bus_metro
10,8,0.9,AM,w_bus_metro
10,9,0.3,AM,w_bus_metro
10,11,0.3,AM,w_bus_metro
10,12,0.75,AM,w_bus_metro
10,13,0.3,AM,w_bus_metro
10,14,0.45,AM,w_bus_metro
10,15,0.9,AM,w_bus_metro
10,18,1.95,AM,w_bus_metro
10,19,0.6,AM,w_bus_metro
10,20,0.6,AM,w_bus_metro
10,21,0.6,AM,w_bus_metro
10,22,1.8,AM,w_bus_metro
10,23,0.9,AM,w_bus_metro
10,24,0.6,AM,w_bus_metro
10,25,5.1,AM,w_bus_metro
10,26,7.05,AM,w_bus_metro
10,27,0.45,AM,w_bus_metro
10,28,0.45,AM,w_bus_metro
10,30,0.9,AM,w_bus_metro
10,31,0.3,AM,w_bus_metro
10,32,6.3,AM,w_bus_metro
10,33,1.65,AM,w_bus_metro
10,34,0.3,AM,w_bus_metro
10,35,0.9,AM,w_bus_metro
10,36,1.5,AM,w_bus_metro
10,38,11.4,AM,w_bus_metro
10,39,9.6,AM,w_bus_metro
10,40,3.9,AM,w_bus_metro
10,41,0.45,AM,w_bus_metro
10,42,1.05,AM,w_bus_metro
10,43,1.35,AM,w_bus_metro
10,44,1.2,AM,w_bus_metro
10,45,0.15,AM,w_bus_metro
10,46,0.6,AM,w_bus_metro
10,47,0.75,AM,w_bus_metro
10,48,4.05,AM,w_bus_metro
10,49,1.5,AM,w_bus_metro
10,50,0.15,AM,w_bus_metro
10,51,0.3,AM,w_bus_metro
10,53,0.3,AM,w_bus_metro
10,56,0.15,AM,w_bus_metro
10,57,6.6,AM,w_bus_metro
10,58,6.0,AM,w_bus_metro
10,59,0.75,AM,w_bus_metro
10,60,5.55,AM,w_bus_metro
10,61,6.15,AM,w_bus_metro
10,62,0.3,AM,w_bus_metro
10,63,1.8,AM,w_bus_metro
10,64,1.5,AM,w_bus_metro
10,65,3.6,AM,w_bus_metro
10,66,1.35,AM,w_bus_metro
10,67,30.75,AM,w_bus_metro
10,68,5.1,AM,w_bus_metro
10,69,0.3,AM,w_bus_metro
10,70,0.15,AM,w_bus_metro
10,74,0.15,AM,w_bus_metro
10,77,0.45,AM,w_bus_metro
10,78,0.6,AM,w_bus_metro
10,79,1.8,AM,w_bus_metro
10,80,3.0,AM,w_bus_metro
10,81,0.3,AM,w_bus_metro
10,83,0.6,AM,w_bus_metro
10,84,0.45,AM,w_bus_metro
10,85,0.15,AM,w_bus_metro
10,86,1.95,AM,w_bus_metro
10,87,14.1,AM,w_bus_metro
10,88,0.45,AM,w_bus_metro
10,89,1.05,AM,w_bus_metro
10,90,1.65,AM,w_bus_metro
10,91,0.9,AM,w_bus_metro
10,93,0.3,AM,w_bus_metro
10,94,0.45,AM,w_bus_metro
10,95,1.95,AM,w_bus_metro
10,96,16.5,AM,w_bus_metro
10,97,6.45,AM,w_bus_metro
10,98,0.6,AM,w_bus_metro
10,99,0.75,AM,w_bus_metro
10,100,0.15,AM,w_bus_metro
10,104,0.15,AM,w_bus_metro
10,105,0.15,AM,w_bus_metro
10,107,0.15,AM,w_bus_metro
10,108,1.95,AM,w_bus_metro
10,109,0.3,AM,w_bus_metro
10,110,0.15,AM,w_bus_metro
10,111,0.6,AM,w_bus_metro
10,114,2.55,AM,w_bus_metro
10,115,1.95,AM,w_bus_metro
10,116,5.4,AM,w_bus_metro
10,117,1.95,AM,w_bus_metro
10,118,0.9,AM,w_bus_metro
10,120,4.2,AM,w_bus_metro
10,121,0.15,AM,w_bus_metro
10,123,2.7,AM,w_bus_metro
10,125,0.75,AM,w_bus_metro
10,126,0.45,AM,w_bus_metro
10,128,0.15,AM,w_bus_metro
10,129,0.3,AM,w_bus_metro
10,130,0.15,AM,w_bus_metro
10,131,0.15,AM,w_bus_metro
10,135,0.15,AM,w_bus_metro
10,136,0.15,AM,w_bus_metro
10,139,0.3,AM,w_bus_metro
10,140,0.15,AM,w_bus_metro
11,1,0.45,AM,w_bus_metro
11,3,1.05,AM,w_bus_metro
11,4,0.45,AM,w_bus_metro
11,5,0.45,AM,w_bus_metro
11,6,0.45,AM,w_bus_metro
11,7,1.35,AM,w_bus_metro
11,8,0.45,AM,w_bus_metro
11,9,0.6,AM,w_bus_metro
11,10,3.6,AM,w_bus_metro
11,12,0.9,AM,w_bus_metro
11,14,0.3,AM,w_bus_metro
11,15,1.35,AM,w_bus_metro
11,16,0.15,AM,w_bus_metro
11,17,0.75,AM,w_bus_metro
11,18,0.45,AM,w_bus_metro
11,21,0.75,AM,w_bus_metro
11,22,1.2,AM,w_bus_metro
11,23,0.6,AM,w_bus_metro
11,24,0.15,AM,w_bus_metro
11,25,5.7,AM,w_bus_metro
11,26,2.25,AM,w_bus_metro
11,27,0.15,AM,w_bus_metro
11,28,0.15,AM,w_bus_metro
11,30,1.35,AM,w_bus_metro
11,31,1.8,AM,w_bus_metro
11,32,5.55,AM,w_bus_metro
11,33,2.85,AM,w_bus_metro
11,34,0.3,AM,w_bus_metro
11,35,1.05,AM,w_bus_metro
11,36,0.75,AM,w_bus_metro
11,38,6.75,AM,w_bus_metro
11,39,3.9,AM,w_bus_metro
11,40,2.1,AM,w_bus_metro
11,41,0.45,AM,w_bus_metro
11,42,2.25,AM,w_bus_metro
11,43,0.9,AM,w_bus_metro
11,44,1.95,AM,w_bus_metro
11,45,0.15,AM,w_bus_metro
11,46,0.45,AM,w_bus_metro
11,47,0.45,AM,w_bus_metro
11,48,3.45,AM,w_bus_metro
11,49,0.15,AM,w_bus_metro
11,51,0.75,AM,w_bus_metro
11,56,0.6,AM,w_bus_metro
11,57,3.45,AM,w_bus_metro
11,58,3.45,AM,w_bus_metro
11,59,0.6,AM,w_bus_metro
11,60,2.25,AM,w_bus_metro
11,61,4.35,AM,w_bus_metro
11,62,0.6,AM,w_bus_metro
11,63,1.35,AM,w_bus_metro
11,64,1.05,AM,w_bus_metro
11,65,1.05,AM,w_bus_metro
11,66,1.65,AM,w_bus_metro
11,67,23.25,AM,w_bus_metro
11,68,3.15,AM,w_bus_metro
11,69,0.15,AM,w_bus_metro
11,74,0.15,AM,w_bus_metro
11,75,0.9,AM,w_bus_metro
11,76,0.3,AM,w_bus_metro
11,79,1.65,AM,w_bus_metro
11,80,1.8,AM,w_bus_metro
11,81,0.3,AM,w_bus_metro
11,82,0.75,AM,w_bus_metro
11,84,0.45,AM,w_bus_metro
11,85,0.15,AM,w_bus_metro
11,86,1.35,AM,w_bus_metro
11,87,10.35,AM,w_bus_metro
11,90,1.05,AM,w_bus_metro
11,91,0.3,AM,w_bus_metro
11,93,0.3,AM,w_bus_metro
11,94,0.3,AM,w_bus_metro
11,95,1.5,AM,w_bus_metro
11,96,10.65,AM,w_bus_metro
11,97,1.8,AM,w_bus_metro
11,98,0.9,AM,w_bus_metro
11,99,1.65,AM,w_bus_metro
11,100,0.9,AM,w_bus_metro
11,102,0.3,AM,w_bus_metro
11,104,0.45,AM,w_bus_metro
11,105,0.6,AM,w_bus_metro
11,107,0.3,AM,w_bus_metro
11,108,1.8,AM,w_bus_metro
11,110,0.45,AM,w_bus_metro
11,111,0.75,AM,w_bus_metro
11,114,1.05,AM,w_bus_metro
11,115,0.75,AM,w_bus_metro
11,116,0.9,AM,w_bus_metro
11,117,0.75,AM,w_bus_metro
11,118,0.15,AM,w_bus_metro
11,120,3.3,AM,w_bus_metro
11,121,0.3,AM,w_bus_metro
11,122,0.15,AM,w_bus_metro
11,123,0.75,AM,w_bus_metro
11,125,0.3,AM,w_bus_metro
11,129,0.3,AM,w_bus_metro
11,131,0.15,AM,w_bus_metro
11,132,0.15,AM,w_bus_metro
11,137,0.45,AM,w_bus_metro
11,138,0.15,AM,w_bus_metro
12,1,0.3,AM,w_bus_metro
12,2,0.15,AM,w_bus_metro
12,3,1.65,AM,w_bus_metro
12,4,0.9,AM,w_bus_metro
12,6,1.5,AM,w_bus_metro
12,7,0.15,AM,w_bus_metro
12,8,0.3,AM,w_bus_metro
12,9,0.45,AM,w_bus_metro
12,10,0.9,AM,w_bus_metro
12,13,0.9,AM,w_bus_metro
12,14,0.15,AM,w_bus_metro
12,15,0.15,AM,w_bus_metro
12,16,0.15,AM,w_bus_metro
12,18,0.6,AM,w_bus_metro
12,20,1.5,AM,w_bus_metro
12,21,0.15,AM,w_bus_metro
12,22,0.45,AM,w_bus_metro
12,24,0.45,AM,w_bus_metro
12,25,5.4,AM,w_bus_metro
12,26,3.6,AM,w_bus_metro
12,27,0.15,AM,w_bus_metro
12,28,0.15,AM,w_bus_metro
12,29,0.15,AM,w_bus_metro
12,30,1.5,AM,w_bus_metro
12,31,1.05,AM,w_bus_metro
12,32,4.2,AM,w_bus_metro
12,33,0.45,AM,w_bus_metro
12,34,0.45,AM,w_bus_metro
12,35,0.75,AM,w_bus_metro
12,36,1.05,AM,w_bus_metro
12,37,0.3,AM,w_bus_metro
12,38,9.0,AM,w_bus_metro
12,39,3.3,AM,w_bus_metro
12,40,2.55,AM,w_bus_metro
12,42,1.5,AM,w_bus_metro
12,43,1.35,AM,w_bus_metro
12,44,0.15,AM,w_bus_metro
12,46,0.3,AM,w_bus_metro
12,47,0.45,AM,w_bus_metro
12,48,1.5,AM,w_bus_metro
12,49,0.45,AM,w_bus_metro
12,51,0.3,AM,w_bus_metro
12,53,0.15,AM,w_bus_metro
12,56,0.15,AM,w_bus_metro
12,57,3.0,AM,w_bus_metro
12,58,7.8,AM,w_bus_metro
12,60,2.7,AM,w_bus_metro
12,61,4.2,AM,w_bus_metro
12,62,0.15,AM,w_bus_metro
12,63,0.3,AM,w_bus_metro
12,64,0.75,AM,w_bus_metro
12,65,0.75,AM,w_bus_metro
12,66,1.5,AM,w_bus_metro
12,67,15.9,AM,w_bus_metro
12,68,4.65,AM,w_bus_metro
12,73,0.3,AM,w_bus_metro
12,75,0.15,AM,w_bus_metro
12,77,0.3,AM,w_bus_metro
12,78,0.45,AM,w_bus_metro
12,79,0.6,AM,w_bus_metro
12,80,1.05,AM,w_bus_metro
12,83,0.3,AM,w_bus_metro
12,84,0.6,AM,w_bus_metro
12,86,0.3,AM,w_bus_metro
12,87,8.55,AM,w_bus_metro
12,89,0.15,AM,w_bus_metro
12,90,0.3,AM,w_bus_metro
12,94,0.15,AM,w_bus_metro
12,95,0.15,AM,w_bus_metro
12,96,12.6,AM,w_bus_metro
12,97,6.15,AM,w_bus_metro
12,99,0.3,AM,w_bus_metro
12,100,1.2,AM,w_bus_metro
12,102,0.15,AM,w_bus_metro
12,104,0.45,AM,w_bus_metro
12,105,0.15,AM,w_bus_metro
12,107,0.3,AM,w_bus_metro
12,108,0.15,AM,w_bus_metro
12,111,0.6,AM,w_bus_metro
12,114,0.15,AM,w_bus_metro
12,115,0.3,AM,w_bus_metro
12,116,1.65,AM,w_bus_metro
12,117,0.9,AM,w_bus_metro
12,118,0.45,AM,w_bus_metro
12,119,0.15,AM,w_bus_metro
12,120,3.0,AM,w_bus_metro
12,121,0.6,AM,w_bus_metro
12,122,0.15,AM,w_bus_metro
12,123,1.2,AM,w_bus_metro
12,125,0.15,AM,w_bus_metro
12,128,0.15,AM,w_bus_metro
12,130,0.3,AM,w_bus_metro
12,131,0.15,AM,w_bus_metro
12,133,0.15,AM,w_bus_metro
13,2,0.3,AM,w_bus_metro
13,3,1.35,AM,w_bus_metro
13,4,0.9,AM,w_bus_metro
13,5,0.6,AM,w_bus_metro
13,6,2.7,AM,w_bus_metro
13,7,1.5,AM,w_bus_metro
13,8,0.15,AM,w_bus_metro
13,9,0.15,AM,w_bus_metro
13,10,0.3,AM,w_bus_metro
13,12,0.15,AM,w_bus_metro
13,14,0.75,AM,w_bus_metro
13,18,0.6,AM,w_bus_metro
13,19,0.75,AM,w_bus_metro
13,20,0.6,AM,w_bus_metro
13,21,0.75,AM,w_bus_metro
13,22,0.6,AM,w_bus_metro
13,23,1.05,AM,w_bus_metro
13,25,6.9,AM,w_bus_metro
13,26,4.05,AM,w_bus_metro
13,27,0.15,AM,w_bus_metro
13,28,0.15,AM,w_bus_metro
13,30,1.65,AM,w_bus_metro
13,31,0.15,AM,w_bus_metro
13,32,3.75,AM,w_bus_metro
13,33,0.6,AM,w_bus_metro
13,34,0.9,AM,w_bus_metro
13,36,0.9,AM,w_bus_metro
13,38,4.35,AM,w_bus_metro
13,39,4.35,AM,w_bus_metro
13,40,4.05,AM,w_bus_metro
13,42,2.25,AM,w_bus_metro
13,43,1.65,AM,w_bus_metro
13,44,0.3,AM,w_bus_metro
13,46,0.15,AM,w_bus_metro
13,47,0.9,AM,w_bus_metro
13,48,0.75,AM,w_bus_metro
13,50,0.15,AM,w_bus_metro
13,51,0.15,AM,w_bus_metro
13,52,0.3,AM,w_bus_metro
13,53,0.15,AM,w_bus_metro
13,57,4.5,AM,w_bus_metro
13,58,6.3,AM,w_bus_metro
13,59,0.6,AM,w_bus_metro
13,60,2.25,AM,w_bus_metro
13,61,4.35,AM,w_bus_metro
13,62,0.15,AM,w_bus_metro
13,63,1.35,AM,w_bus_metro
13,64,0.6,AM,w_bus_metro
13,65,1.2,AM,w_bus_metro
13,66,1.05,AM,w_bus_metro
13,67,17.55,AM,w_bus_metro
13,68,5.4,AM,w_bus_metro
13,69,0.3,AM,w_bus_metro
13,73,0.15,AM,w_bus_metro
13,75,0.15,AM,w_bus_metro
13,76,0.3,AM,w_bus_metro
13,77,0.15,AM,w_bus_metro
13,78,0.3,AM,w_bus_metro
13,79,0.75,AM,w_bus_metro
13,80,0.3,AM,w_bus_metro
13,81,0.3,AM,w_bus_metro
13,82,0.15,AM,w_bus_metro
13,85,0.15,AM,w_bus_metro
13,87,13.05,AM,w_bus_metro
13,89,0.15,AM,w_bus_metro
13,90,0.75,AM,w_bus_metro
13,93,0.15,AM,w_bus_metro
13,94,0.15,AM,w_bus_metro
13,95,0.6,AM,w_bus_metro
13,96,8.85,AM,w_bus_metro
13,97,6.15,AM,w_bus_metro
13,98,0.45,AM,w_bus_metro
13,99,1.95,AM,w_bus_metro
13,100,1.05,AM,w_bus_metro
13,104,0.15,AM,w_bus_metro
13,105,0.15,AM,w_bus_metro
13,106,0.3,AM,w_bus_metro
13,107,0.15,AM,w_bus_metro
13,108,0.15,AM,w_bus_metro
13,110,0.3,AM,w_bus_metro
13,114,0.3,AM,w_bus_metro
13,115,0.6,AM,w_bus_metro
13,116,2.25,AM,w_bus_metro
13,118,0.15,AM,w_bus_metro
13,120,1.65,AM,w_bus_metro
13,121,0.15,AM,w_bus_metro
13,123,0.45,AM,w_bus_metro
13,126,0.15,AM,w_bus_metro
13,136,0.15,AM,w_bus_metro
13,138,0.15,AM,w_bus_metro
13,139,0.15,AM,w_bus_metro
14,3,1.05,AM,w_bus_metro
14,4,0.45,AM,w_bus_metro
14,6,1.05,AM,w_bus_metro
14,7,0.45,AM,w_bus_metro
14,8,0.6,AM,w_bus_metro
14,9,0.6,AM,w_bus_metro
14,10,1.35,AM,w_bus_metro
14,12,2.55,AM,w_bus_metro
14,13,0.45,AM,w_bus_metro
14,15,1.2,AM,w_bus_metro
14,16,0.15,AM,w_bus_metro
14,17,1.8,AM,w_bus_metro
14,18,1.35,AM,w_bus_metro
14,19,0.15,AM,w_bus_metro
14,20,0.15,AM,w_bus_metro
14,22,0.3,AM,w_bus_metro
14,24,0.15,AM,w_bus_metro
14,25,2.7,AM,w_bus_metro
14,26,1.65,AM,w_bus_metro
14,27,0.15,AM,w_bus_metro
14,28,0.15,AM,w_bus_metro
14,30,1.05,AM,w_bus_metro
14,31,0.6,AM,w_bus_metro
14,32,4.5,AM,w_bus_metro
14,33,1.05,AM,w_bus_metro
14,34,0.6,AM,w_bus_metro
14,35,0.45,AM,w_bus_metro
14,36,1.35,AM,w_bus_metro
14,37,0.15,AM,w_bus_metro
14,38,6.15,AM,w_bus_metro
14,39,2.7,AM,w_bus_metro
14,40,3.45,AM,w_bus_metro
14,42,1.5,AM,w_bus_metro
14,43,1.65,AM,w_bus_metro
14,44,0.75,AM,w_bus_metro
14,46,0.3,AM,w_bus_metro
14,47,1.2,AM,w_bus_metro
14,48,1.65,AM,w_bus_metro
14,49,0.45,AM,w_bus_metro
14,50,0.15,AM,w_bus_metro
14,52,0.3,AM,w_bus_metro
14,56,0.3,AM,w_bus_metro
14,57,3.75,AM,w_bus_metro
14,58,2.85,AM,w_bus_metro
14,59,0.45,AM,w_bus_metro
14,60,2.85,AM,w_bus_metro
14,61,4.05,AM,w_bus_metro
14,62,0.3,AM,w_bus_metro
14,63,1.35,AM,w_bus_metro
14,64,1.05,AM,w_bus_metro
14,65,0.9,AM,w_bus_metro
14,66,0.9,AM,w_bus_metro
14,67,15.75,AM,w_bus_metro
14,68,2.55,AM,w_bus_metro
14,71,0.15,AM,w_bus_metro
14,72,0.15,AM,w_bus_metro
14,73,0.15,AM,w_bus_metro
14,74,0.45,AM,w_bus_metro
14,75,0.15,AM,w_bus_metro
14,76,0.15,AM,w_bus_metro
14,77,0.15,AM,w_bus_metro
14,79,1.65,AM,w_bus_metro
14,80,1.05,AM,w_bus_metro
14,81,0.45,AM,w_bus_metro
14,82,0.9,AM,w_bus_metro
14,83,0.15,AM,w_bus_metro
14,85,0.15,AM,w_bus_metro
14,86,1.05,AM,w_bus_metro
14,87,11.7,AM,w_bus_metro
14,89,0.15,AM,w_bus_metro
14,90,1.05,AM,w_bus_metro
14,91,0.45,AM,w_bus_metro
14,95,0.9,AM,w_bus_metro
14,96,10.35,AM,w_bus_metro
14,97,3.0,AM,w_bus_metro
14,99,2.1,AM,w_bus_metro
14,100,0.6,AM,w_bus_metro
14,105,0.15,AM,w_bus_metro
14,106,0.15,AM,w_bus_metro
14,108,0.15,AM,w_bus_metro
14,109,0.15,AM,w_bus_metro
14,111,0.15,AM,w_bus_metro
14,114,0.3,AM,w_bus_metro
14,115,0.6,AM,w_bus_metro
14,116,1.35,AM,w_bus_metro
14,117,0.15,AM,w_bus_metro
14,118,0.3,AM,w_bus_metro
14,120,3.75,AM,w_bus_metro
14,121,0.6,AM,w_bus_metro
14,122,0.15,AM,w_bus_metro
14,123,1.35,AM,w_bus_metro
14,125,0.45,AM,w_bus_metro
14,138,0.15,AM,w_bus_metro
14,139,0.3,AM,w_bus_metro
14,140,0.15,AM,w_bus_metro
15,3,1.95,AM,w_bus_metro
15,4,1.2,AM,w_bus_metro
15,5,0.15,AM,w_bus_metro
15,6,0.15,AM,w_bus_metro
15,7,0.6,AM,w_bus_metro
15,8,1.05,AM,w_bus_metro
15,9,1.35,AM,w_bus_metro
15,10,3.9,AM,w_bus_metro
15,11,0.3,AM,w_bus_metro
15,12,1.95,AM,w_bus_metro
15,13,0.9,AM,w_bus_metro
15,14,0.6,AM,w_bus_metro
15,16,0.15,AM,w_bus_metro
15,17,0.15,AM,w_bus_metro
15,18,0.45,AM,w_bus_metro
15,19,0.45,AM,w_bus_metro
15,20,0.9,AM,w_bus_metro
15,21,0.9,AM,w_bus_metro
15,22,0.3,AM,w_bus_metro
15,24,0.15,AM,w_bus_metro
15,25,4.05,AM,w_bus_metro
15,26,4.65,AM,w_bus_metro
15,27,0.6,AM,w_bus_metro
15,28,0.45,AM,w_bus_metro
15,30,1.5,AM,w_bus_metro
15,31,0.9,AM,w_bus_metro
15,32,9.0,AM,w_bus_metro
15,33,1.5,AM,w_bus_metro
15,34,0.45,AM,w_bus_metro
15,35,1.2,AM,w_bus_metro
15,36,2.55,AM,w_bus_metro
15,37,0.3,AM,w_bus_metro
15,38,5.85,AM,w_bus_metro
15,39,5.4,AM,w_bus_metro
15,40,1.8,AM,w_bus_metro
15,41,0.15,AM,w_bus_metro
15,42,2.1,AM,w_bus_metro
15,43,1.95,AM,w_bus_metro
15,44,0.6,AM,w_bus_metro
15,45,0.15,AM,w_bus_metro
15,46,0.75,AM,w_bus_metro
15,47,0.15,AM,w_bus_metro
15,48,1.95,AM,w_bus_metro
15,49,0.6,AM,w_bus_metro
15,50,0.3,AM,w_bus_metro
15,51,0.75,AM,w_bus_metro
15,52,0.3,AM,w_bus_metro
15,53,0.15,AM,w_bus_metro
15,54,0.15,AM,w_bus_metro
15,56,0.6,AM,w_bus_metro
15,57,2.7,AM,w_bus_metro
15,58,1.8,AM,w_bus_metro
15,59,0.45,AM,w_bus_metro
15,60,2.7,AM,w_bus_metro
15,61,3.15,AM,w_bus_metro
15,62,0.15,AM,w_bus_metro
15,63,1.2,AM,w_bus_metro
15,64,2.85,AM,w_bus_metro
15,65,1.2,AM,w_bus_metro
15,66,1.05,AM,w_bus_metro
15,67,22.65,AM,w_bus_metro
15,68,3.45,AM,w_bus_metro
15,70,0.15,AM,w_bus_metro
15,74,0.15,AM,w_bus_metro
15,75,0.6,AM,w_bus_metro
15,76,0.3,AM,w_bus_metro
15,77,0.15,AM,w_bus_metro
15,78,0.45,AM,w_bus_metro
15,79,3.3,AM,w_bus_metro
15,80,1.2,AM,w_bus_metro
15,81,0.75,AM,w_bus_metro
15,82,0.45,AM,w_bus_metro
15,84,0.15,AM,w_bus_metro
15,85,0.6,AM,w_bus_metro
15,86,1.05,AM,w_bus_metro
15,87,10.8,AM,w_bus_metro
15,88,0.45,AM,w_bus_metro
15,90,1.8,AM,w_bus_metro
15,91,0.3,AM,w_bus_metro
15,92,0.15,AM,w_bus_metro
15,93,0.6,AM,w_bus_metro
15,94,0.3,AM,w_bus_metro
15,95,0.3,AM,w_bus_metro
15,96,10.8,AM,w_bus_metro
15,97,6.0,AM,w_bus_metro
15,98,0.45,AM,w_bus_metro
15,99,1.35,AM,w_bus_metro
15,100,0.9,AM,w_bus_metro
15,102,0.9,AM,w_bus_metro
15,104,0.45,AM,w_bus_metro
15,105,0.3,AM,w_bus_metro
15,108,2.25,AM,w_bus_metro
15,109,0.15,AM,w_bus_metro
15,110,0.6,AM,w_bus_metro
15,111,0.3,AM,w_bus_metro
15,112,0.15,AM,w_bus_metro
15,113,0.3,AM,w_bus_metro
15,114,1.05,AM,w_bus_metro
15,115,0.6,AM,w_bus_metro
15,116,2.25,AM,w_bus_metro
15,117,1.5,AM,w_bus_metro
15,118,1.65,AM,w_bus_metro
15,120,3.15,AM,w_bus_metro
15,121,0.75,AM,w_bus_metro
15,122,0.3,AM,w_bus_metro
15,123,2.7,AM,w_bus_metro
15,124,0.15,AM,w_bus_metro
15,125,1.05,AM,w_bus_metro
15,129,0.3,AM,w_bus_metro
15,130,0.3,AM,w_bus_metro
15,131,0.15,AM,w_bus_metro
15,137,0.45,AM,w_bus_metro
15,139,0.9,AM,w_bus_metro
15,140,0.45,AM,w_bus_metro
16,3,0.75,AM,w_bus_metro
16,4,0.6,AM,w_bus_metro
16,6,0.15,AM,w_bus_metro
16,8,0.3,AM,w_bus_metro
16,9,0.15,AM,w_bus_metro
16,10,2.1,AM,w_bus_metro
16,12,2.1,AM,w_bus_metro
16,13,0.75,AM,w_bus_metro
16,14,0.75,AM,w_bus_metro
16,15,0.45,AM,w_bus_metro
16,18,0.45,AM,w_bus_metro
16,22,0.15,AM,w_bus_metro
16,23,0.9,AM,w_bus_metro
16,24,0.45,AM,w_bus_metro
16,25,1.65,AM,w_bus_metro
16,26,1.65,AM,w_bus_metro
16,27,0.15,AM,w_bus_metro
16,28,0.45,AM,w_bus_metro
16,30,0.75,AM,w_bus_metro
16,31,0.75,AM,w_bus_metro
16,32,2.25,AM,w_bus_metro
16,33,1.2,AM,w_bus_metro
16,34,0.3,AM,w_bus_metro
16,35,1.05,AM,w_bus_metro
16,36,0.9,AM,w_bus_metro
16,37,0.15,AM,w_bus_metro
16,38,4.95,AM,w_bus_metro
16,39,2.25,AM,w_bus_metro
16,40,1.8,AM,w_bus_metro
16,41,0.15,AM,w_bus_metro
16,42,0.9,AM,w_bus_metro
16,43,0.75,AM,w_bus_metro
16,44,0.45,AM,w_bus_metro
16,45,0.3,AM,w_bus_metro
16,46,0.75,AM,w_bus_metro
16,47,0.45,AM,w_bus_metro
16,48,0.75,AM,w_bus_metro
16,52,0.45,AM,w_bus_metro
16,56,0.15,AM,w_bus_metro
16,57,1.65,AM,w_bus_metro
16,58,1.5,AM,w_bus_metro
16,59,0.3,AM,w_bus_metro
16,60,1.65,AM,w_bus_metro
16,61,3.15,AM,w_bus_metro
16,62,0.45,AM,w_bus_metro
16,63,0.9,AM,w_bus_metro
16,64,0.75,AM,w_bus_metro
16,65,0.45,AM,w_bus_metro
16,66,0.3,AM,w_bus_metro
16,67,11.55,AM,w_bus_metro
16,68,1.5,AM,w_bus_metro
16,72,0.15,AM,w_bus_metro
16,75,0.15,AM,w_bus_metro
16,76,0.45,AM,w_bus_metro
16,77,0.45,AM,w_bus_metro
16,79,0.45,AM,w_bus_metro
16,80,0.3,AM,w_bus_metro
16,81,0.15,AM,w_bus_metro
16,85,0.15,AM,w_bus_metro
16,86,1.05,AM,w_bus_metro
16,87,5.85,AM,w_bus_metro
16,89,0.15,AM,w_bus_metro
16,90,0.75,AM,w_bus_metro
16,91,0.15,AM,w_bus_metro
16,94,0.15,AM,w_bus_metro
16,95,0.3,AM,w_bus_metro
16,96,4.95,AM,w_bus_metro
16,97,1.8,AM,w_bus_metro
16,98,0.75,AM,w_bus_metro
16,99,0.9,AM,w_bus_metro
16,105,0.3,AM,w_bus_metro
16,108,0.3,AM,w_bus_metro
16,109,0.15,AM,w_bus_metro
16,110,0.3,AM,w_bus_metro
16,111,0.15,AM,w_bus_metro
16,114,0.15,AM,w_bus_metro
16,115,0.15,AM,w_bus_metro
16,116,1.35,AM,w_bus_metro
16,117,0.15,AM,w_bus_metro
16,120,0.9,AM,w_bus_metro
16,121,0.3,AM,w_bus_metro
16,123,1.2,AM,w_bus_metro
16,125,0.45,AM,w_bus_metro
16,127,0.45,AM,w_bus_metro
16,132,0.15,AM,w_bus_metro
17,6,0.15,AM,w_bus_metro
17,21,0.45,AM,w_bus_metro
17,32,0.15,AM,w_bus_metro
17,37,0.15,AM,w_bus_metro
17,38,0.15,AM,w_bus_metro
17,43,0.15,AM,w_bus_metro
17,48,0.15,AM,w_bus_metro
17,56,0.15,AM,w_bus_metro
17,61,0.15,AM,w_bus_metro
17,67,0.15,AM,w_bus_metro
17,68,0.15,AM,w_bus_metro
17,87,0.45,AM,w_bus_metro
17,96,0.15,AM,w_bus_metro
17,100,0.3,AM,w_bus_metro
17,108,0.15,AM,w_bus_metro
17,114,0.15,AM,w_bus_metro
17,117,0.15,AM,w_bus_metro
17,123,0.15,AM,w_bus_metro
17,134,0.15,AM,w_bus_metro
17,139,0.15,AM,w_bus_metro
18,3,1.2,AM,w_bus_metro
18,4,0.9,AM,w_bus_metro
18,6,0.45,AM,w_bus_metro
18,7,0.15,AM,w_bus_metro
18,8,0.15,AM,w_bus_metro
18,9,1.05,AM,w_bus_metro
18,10,1.65,AM,w_bus_metro
18,12,0.9,AM,w_bus_metro
18,13,0.6,AM,w_bus_metro
18,14,0.3,AM,w_bus_metro
18,15,0.15,AM,w_bus_metro
18,16,0.15,AM,w_bus_metro
18,19,0.6,AM,w_bus_metro
18,20,0.9,AM,w_bus_metro
18,21,0.45,AM,w_bus_metro
18,22,0.75,AM,w_bus_metro
18,25,1.8,AM,w_bus_metro
18,26,2.55,AM,w_bus_metro
18,27,0.15,AM,w_bus_metro
18,30,0.15,AM,w_bus_metro
18,31,0.6,AM,w_bus_metro
18,32,2.1,AM,w_bus_metro
18,33,1.35,AM,w_bus_metro
18,34,0.15,AM,w_bus_metro
18,35,0.9,AM,w_bus_metro
18,36,2.85,AM,w_bus_metro
18,38,5.25,AM,w_bus_metro
18,39,1.8,AM,w_bus_metro
18,40,2.85,AM,w_bus_metro
18,42,0.45,AM,w_bus_metro
18,43,0.15,AM,w_bus_metro
18,44,0.45,AM,w_bus_metro
18,45,0.15,AM,w_bus_metro
18,46,0.3,AM,w_bus_metro
18,47,0.9,AM,w_bus_metro
18,48,0.45,AM,w_bus_metro
18,49,0.9,AM,w_bus_metro
18,52,0.15,AM,w_bus_metro
18,57,1.5,AM,w_bus_metro
18,58,1.8,AM,w_bus_metro
18,59,0.3,AM,w_bus_metro
18,60,1.2,AM,w_bus_metro
18,61,2.4,AM,w_bus_metro
18,62,0.3,AM,w_bus_metro
18,63,0.9,AM,w_bus_metro
18,64,1.35,AM,w_bus_metro
18,65,0.45,AM,w_bus_metro
18,67,9.6,AM,w_bus_metro
18,68,1.95,AM,w_bus_metro
18,74,0.15,AM,w_bus_metro
18,79,0.9,AM,w_bus_metro
18,80,1.2,AM,w_bus_metro
18,82,0.15,AM,w_bus_metro
18,85,0.15,AM,w_bus_metro
18,86,0.45,AM,w_bus_metro
18,87,4.35,AM,w_bus_metro
18,89,0.6,AM,w_bus_metro
18,90,0.9,AM,w_bus_metro
18,91,0.15,AM,w_bus_metro
18,93,0.3,AM,w_bus_metro
18,94,0.15,AM,w_bus_metro
18,95,0.3,AM,w_bus_metro
18,96,7.35,AM,w_bus_metro
18,97,2.55,AM,w_bus_metro
18,98,0.15,AM,w_bus_metro
18,99,1.05,AM,w_bus_metro
18,100,0.45,AM,w_bus_metro
18,105,0.6,AM,w_bus_metro
18,107,0.3,AM,w_bus_metro
18,108,0.3,AM,w_bus_metro
18,109,0.15,AM,w_bus_metro
18,111,0.3,AM,w_bus_metro
18,115,1.05,AM,w_bus_metro
18,116,1.5,AM,w_bus_metro
18,117,1.2,AM,w_bus_metro
18,118,0.6,AM,w_bus_metro
18,119,0.15,AM,w_bus_metro
18,120,1.8,AM,w_bus_metro
18,121,0.15,AM,w_bus_metro
18,122,0.15,AM,w_bus_metro
18,123,0.45,AM,w_bus_metro
18,125,0.15,AM,w_bus_metro
18,132,0.15,AM,w_bus_metro
18,135,0.15,AM,w_bus_metro
18,138,0.15,AM,w_bus_metro
18,139,0.3,AM,w_bus_metro
19,3,0.3,AM,w_bus_metro
19,4,0.6,AM,w_bus_metro
19,6,0.9,AM,w_bus_metro
19,7,1.05,AM,w_bus_metro
19,8,0.15,AM,w_bus_metro
19,9,0.3,AM,w_bus_metro
19,10,0.45,AM,w_bus_metro
19,12,1.2,AM,w_bus_metro
19,13,0.45,AM,w_bus_metro
19,14,1.2,AM,w_bus_metro
19,15,1.5,AM,w_bus_metro
19,16,0.15,AM,w_bus_metro
19,18,0.3,AM,w_bus_metro
19,20,0.15,AM,w_bus_metro
19,21,0.15,AM,w_bus_metro
19,22,0.6,AM,w_bus_metro
19,23,0.3,AM,w_bus_metro
19,25,2.4,AM,w_bus_metro
19,26,2.1,AM,w_bus_metro
19,27,0.15,AM,w_bus_metro
19,28,0.6,AM,w_bus_metro
19,30,1.2,AM,w_bus_metro
19,31,0.15,AM,w_bus_metro
19,32,2.25,AM,w_bus_metro
19,33,0.9,AM,w_bus_metro
19,34,0.3,AM,w_bus_metro
19,35,0.75,AM,w_bus_metro
19,36,1.5,AM,w_bus_metro
19,38,4.05,AM,w_bus_metro
19,39,2.4,AM,w_bus_metro
19,40,2.4,AM,w_bus_metro
19,42,0.9,AM,w_bus_metro
19,43,1.5,AM,w_bus_metro
19,45,0.15,AM,w_bus_metro
19,46,1.35,AM,w_bus_metro
19,47,0.75,AM,w_bus_metro
19,48,0.6,AM,w_bus_metro
19,57,3.15,AM,w_bus_metro
19,58,2.85,AM,w_bus_metro
19,59,0.9,AM,w_bus_metro
19,60,3.45,AM,w_bus_metro
19,61,2.25,AM,w_bus_metro
19,63,0.3,AM,w_bus_metro
19,64,0.6,AM,w_bus_metro
19,65,0.6,AM,w_bus_metro
19,66,0.15,AM,w_bus_metro
19,67,12.9,AM,w_bus_metro
19,68,2.4,AM,w_bus_metro
19,72,0.6,AM,w_bus_metro
19,74,0.3,AM,w_bus_metro
19,77,0.15,AM,w_bus_metro
19,78,0.6,AM,w_bus_metro
19,79,0.9,AM,w_bus_metro
19,80,0.9,AM,w_bus_metro
19,81,0.3,AM,w_bus_metro
19,86,0.9,AM,w_bus_metro
19,87,6.15,AM,w_bus_metro
19,89,0.3,AM,w_bus_metro
19,90,1.05,AM,w_bus_metro
19,93,0.15,AM,w_bus_metro
19,95,0.3,AM,w_bus_metro
19,96,8.4,AM,w_bus_metro
19,97,3.3,AM,w_bus_metro
19,98,0.3,AM,w_bus_metro
19,99,1.2,AM,w_bus_metro
19,100,1.05,AM,w_bus_metro
19,102,0.3,AM,w_bus_metro
19,104,0.3,AM,w_bus_metro
19,105,0.15,AM,w_bus_metro
19,108,0.3,AM,w_bus_metro
19,114,0.45,AM,w_bus_metro
19,115,2.1,AM,w_bus_metro
19,116,0.9,AM,w_bus_metro
19,117,0.15,AM,w_bus_metro
19,118,0.15,AM,w_bus_metro
19,120,2.25,AM,w_bus_metro
19,123,0.75,AM,w_bus_metro
19,124,0.15,AM,w_bus_metro
19,125,0.3,AM,w_bus_metro
19,127,0.15,AM,w_bus_metro
19,132,0.3,AM,w_bus_metro
19,134,0.15,AM,w_bus_metro
20,1,0.3,AM,w_bus_metro
20,2,0.15,AM,w_bus_metro
20,3,0.3,AM,w_bus_metro
20,4,1.2,AM,w_bus_metro
20,7,0.15,AM,w_bus_metro
20,14,0.15,AM,w_bus_metro
20,15,0.15,AM,w_bus_metro
20,21,2.7,AM,w_bus_metro
20,22,4.65,AM,w_bus_metro
20,23,0.45,AM,w_bus_metro
20,24,0.45,AM,w_bus_metro
20,25,8.4,AM,w_bus_metro
20,26,5.55,AM,w_bus_metro
20,27,0.45,AM,w_bus_metro
20,30,6.75,AM,w_bus_metro
20,31,2.25,AM,w_bus_metro
20,32,7.8,AM,w_bus_metro
20,33,0.45,AM,w_bus_metro
20,34,1.2,AM,w_bus_metro
20,35,0.45,AM,w_bus_metro
20,36,3.3,AM,w_bus_metro
20,37,0.15,AM,w_bus_metro
20,38,8.55,AM,w_bus_metro
20,39,6.3,AM,w_bus_metro
20,40,2.4,AM,w_bus_metro
20,41,0.75,AM,w_bus_metro
20,42,3.15,AM,w_bus_metro
20,43,1.5,AM,w_bus_metro
20,44,0.9,AM,w_bus_metro
20,45,0.9,AM,w_bus_metro
20,46,0.9,AM,w_bus_metro
20,47,0.15,AM,w_bus_metro
20,48,0.45,AM,w_bus_metro
20,49,0.15,AM,w_bus_metro
20,52,0.15,AM,w_bus_metro
20,56,0.15,AM,w_bus_metro
20,57,2.55,AM,w_bus_metro
20,58,2.1,AM,w_bus_metro
20,60,0.45,AM,w_bus_metro
20,61,0.6,AM,w_bus_metro
20,62,0.15,AM,w_bus_metro
20,65,0.75,AM,w_bus_metro
20,66,0.3,AM,w_bus_metro
20,67,8.4,AM,w_bus_metro
20,68,2.55,AM,w_bus_metro
20,72,0.3,AM,w_bus_metro
20,74,0.6,AM,w_bus_metro
20,75,0.15,AM,w_bus_metro
20,76,0.15,AM,w_bus_metro
20,78,0.45,AM,w_bus_metro
20,79,0.6,AM,w_bus_metro
20,80,0.3,AM,w_bus_metro
20,82,0.15,AM,w_bus_metro
20,83,0.9,AM,w_bus_metro
20,84,0.3,AM,w_bus_metro
20,85,0.15,AM,w_bus_metro
20,86,0.45,AM,w_bus_metro
20,87,6.0,AM,w_bus_metro
20,90,0.9,AM,w_bus_metro
20,93,0.15,AM,w_bus_metro
20,95,0.15,AM,w_bus_metro
20,96,3.3,AM,w_bus_metro
20,97,0.45,AM,w_bus_metro
20,99,0.75,AM,w_bus_metro
20,100,1.05,AM,w_bus_metro
20,104,0.15,AM,w_bus_metro
20,108,0.15,AM,w_bus_metro
20,115,0.3,AM,w_bus_metro
20,116,0.9,AM,w_bus_metro
20,117,0.6,AM,w_bus_metro
20,118,0.15,AM,w_bus_metro
20,120,1.95,AM,w_bus_metro
20,121,0.3,AM,w_bus_metro
20,123,1.35,AM,w_bus_metro
20,125,0.15,AM,w_bus_metro
20,129,0.15,AM,w_bus_metro
20,131,0.45,AM,w_bus_metro
20,132,0.15,AM,w_bus_metro
20,141,0.15,AM,w_bus_metro
21,2,0.3,AM,w_bus_metro
21,3,1.2,AM,w_bus_metro
21,4,0.3,AM,w_bus_metro
21,9,0.15,AM,w_bus_metro
21,10,0.15,AM,w_bus_metro
21,14,0.3,AM,w_bus_metro
21,15,0.15,AM,w_bus_metro
21,20,2.1,AM,w_bus_metro
21,22,4.2,AM,w_bus_metro
21,23,0.6,AM,w_bus_metro
21,24,0.45,AM,w_bus_metro
21,25,8.1,AM,w_bus_metro
21,26,3.75,AM,w_bus_metro
21,27,0.15,AM,w_bus_metro
21,28,0.3,AM,w_bus_metro
21,30,1.65,AM,w_bus_metro
21,31,0.9,AM,w_bus_metro
21,32,7.95,AM,w_bus_metro
21,33,0.45,AM,w_bus_metro
21,34,0.3,AM,w_bus_metro
21,36,1.8,AM,w_bus_metro
21,38,3.9,AM,w_bus_metro
21,39,4.05,AM,w_bus_metro
21,40,1.65,AM,w_bus_metro
21,41,0.15,AM,w_bus_metro
21,42,1.95,AM,w_bus_metro
21,43,0.75,AM,w_bus_metro
21,44,0.9,AM,w_bus_metro
21,45,0.3,AM,w_bus_metro
21,47,0.15,AM,w_bus_metro
21,48,0.3,AM,w_bus_metro
21,56,0.3,AM,w_bus_metro
21,57,1.8,AM,w_bus_metro
21,58,1.2,AM,w_bus_metro
21,60,0.9,AM,w_bus_metro
21,61,0.45,AM,w_bus_metro
21,64,0.6,AM,w_bus_metro
21,65,0.45,AM,w_bus_metro
21,66,0.3,AM,w_bus_metro
21,67,8.85,AM,w_bus_metro
21,68,2.85,AM,w_bus_metro
21,69,0.15,AM,w_bus_metro
21,70,0.15,AM,w_bus_metro
21,73,0.15,AM,w_bus_metro
21,74,0.15,AM,w_bus_metro
21,77,0.15,AM,w_bus_metro
21,78,0.15,AM,w_bus_metro
21,79,0.3,AM,w_bus_metro
21,80,0.15,AM,w_bus_metro
21,81,0.15,AM,w_bus_metro
21,87,1.95,AM,w_bus_metro
21,88,0.15,AM,w_bus_metro
21,90,0.15,AM,w_bus_metro
21,95,0.3,AM,w_bus_metro
21,96,2.7,AM,w_bus_metro
21,97,1.65,AM,w_bus_metro
21,99,0.15,AM,w_bus_metro
21,100,0.45,AM,w_bus_metro
21,104,0.3,AM,w_bus_metro
21,105,0.15,AM,w_bus_metro
21,109,0.15,AM,w_bus_metro
21,112,0.15,AM,w_bus_metro
21,114,0.3,AM,w_bus_metro
21,115,0.45,AM,w_bus_metro
21,117,0.15,AM,w_bus_metro
21,120,3.6,AM,w_bus_metro
21,129,0.15,AM,w_bus_metro
21,130,0.15,AM,w_bus_metro
21,131,0.15,AM,w_bus_metro
21,139,0.3,AM,w_bus_metro
22,2,0.15,AM,w_bus_metro
22,3,1.2,AM,w_bus_metro
22,4,0.15,AM,w_bus_metro
22,5,0.15,AM,w_bus_metro
22,8,0.45,AM,w_bus_metro
22,10,0.45,AM,w_bus_metro
22,11,0.15,AM,w_bus_metro
22,12,0.15,AM,w_bus_metro
22,13,0.15,AM,w_bus_metro
22,15,0.3,AM,w_bus_metro
22,18,0.15,AM,w_bus_metro
22,20,3.6,AM,w_bus_metro
22,21,0.9,AM,w_bus_metro
22,23,0.15,AM,w_bus_metro
22,24,0.75,AM,w_bus_metro
22,25,11.55,AM,w_bus_metro
22,26,7.65,AM,w_bus_metro
22,27,0.15,AM,w_bus_metro
22,28,0.9,AM,w_bus_metro
22,30,4.05,AM,w_bus_metro
22,31,0.6,AM,w_bus_metro
22,32,8.55,AM,w_bus_metro
22,33,0.6,AM,w_bus_metro
22,34,1.65,AM,w_bus_metro
22,35,0.45,AM,w_bus_metro
22,36,5.25,AM,w_bus_metro
22,37,0.45,AM,w_bus_metro
22,38,6.6,AM,w_bus_metro
22,39,6.3,AM,w_bus_metro
22,40,5.1,AM,w_bus_metro
22,41,1.2,AM,w_bus_metro
22,42,2.55,AM,w_bus_metro
22,43,1.8,AM,w_bus_metro
22,44,0.3,AM,w_bus_metro
22,45,0.3,AM,w_bus_metro
22,47,0.9,AM,w_bus_metro
22,48,1.2,AM,w_bus_metro
22,49,0.75,AM,w_bus_metro
22,56,0.15,AM,w_bus_metro
22,57,3.15,AM,w_bus_metro
22,58,2.1,AM,w_bus_metro
22,59,0.45,AM,w_bus_metro
22,60,1.95,AM,w_bus_metro
22,61,0.3,AM,w_bus_metro
22,62,0.15,AM,w_bus_metro
22,63,0.3,AM,w_bus_metro
22,64,0.15,AM,w_bus_metro
22,65,0.6,AM,w_bus_metro
22,66,1.05,AM,w_bus_metro
22,67,14.55,AM,w_bus_metro
22,68,4.35,AM,w_bus_metro
22,72,0.15,AM,w_bus_metro
22,74,0.15,AM,w_bus_metro
22,75,0.15,AM,w_bus_metro
22,78,0.15,AM,w_bus_metro
22,79,1.35,AM,w_bus_metro
22,85,0.3,AM,w_bus_metro
22,87,3.75,AM,w_bus_metro
22,89,0.45,AM,w_bus_metro
22,90,1.35,AM,w_bus_metro
22,96,3.9,AM,w_bus_metro
22,97,0.75,AM,w_bus_metro
22,98,0.15,AM,w_bus_metro
22,99,0.3,AM,w_bus_metro
22,100,0.3,AM,w_bus_metro
22,108,0.15,AM,w_bus_metro
22,109,0.15,AM,w_bus_metro
22,116,0.45,AM,w_bus_metro
22,120,3.15,AM,w_bus_metro
22,125,0.3,AM,w_bus_metro
22,130,0.15,AM,w_bus_metro
22,139,0.15,AM,w_bus_metro
23,2,0.15,AM,w_bus_metro
23,3,0.9,AM,w_bus_metro
23,4,0.75,AM,w_bus_metro
23,7,0.15,AM,w_bus_metro
23,12,0.15,AM,w_bus_metro
23,17,0.15,AM,w_bus_metro
23,19,0.15,AM,w_bus_metro
23,20,2.85,AM,w_bus_metro
23,21,2.4,AM,w_bus_metro
23,22,5.1,AM,w_bus_metro
23,24,1.35,AM,w_bus_metro
23,25,19.05,AM,w_bus_metro
23,26,8.25,AM,w_bus_metro
23,27,0.6,AM,w_bus_metro
23,28,0.15,AM,w_bus_metro
23,30,7.35,AM,w_bus_metro
23,31,2.1,AM,w_bus_metro
23,32,10.8,AM,w_bus_metro
23,33,0.75,AM,w_bus_metro
23,34,1.8,AM,w_bus_metro
23,36,3.45,AM,w_bus_metro
23,37,0.9,AM,w_bus_metro
23,38,5.7,AM,w_bus_metro
23,39,5.85,AM,w_bus_metro
23,40,3.75,AM,w_bus_metro
23,41,0.15,AM,w_bus_metro
23,42,2.1,AM,w_bus_metro
23,43,1.8,AM,w_bus_metro
23,44,0.9,AM,w_bus_metro
23,46,0.6,AM,w_bus_metro
23,47,0.3,AM,w_bus_metro
23,48,0.75,AM,w_bus_metro
23,49,0.15,AM,w_bus_metro
23,57,2.4,AM,w_bus_metro
23,58,1.5,AM,w_bus_metro
23,60,1.5,AM,w_bus_metro
23,61,2.4,AM,w_bus_metro
23,62,0.3,AM,w_bus_metro
23,64,0.3,AM,w_bus_metro
23,65,0.6,AM,w_bus_metro
23,66,0.3,AM,w_bus_metro
23,67,11.4,AM,w_bus_metro
23,68,1.8,AM,w_bus_metro
23,74,0.15,AM,w_bus_metro
23,75,0.15,AM,w_bus_metro
23,76,0.3,AM,w_bus_metro
23,78,0.3,AM,w_bus_metro
23,79,0.15,AM,w_bus_metro
23,81,0.15,AM,w_bus_metro
23,82,0.15,AM,w_bus_metro
23,83,0.3,AM,w_bus_metro
23,84,0.15,AM,w_bus_metro
23,86,0.15,AM,w_bus_metro
23,87,2.4,AM,w_bus_metro
23,90,0.3,AM,w_bus_metro
23,93,0.15,AM,w_bus_metro
23,96,3.75,AM,w_bus_metro
23,97,1.2,AM,w_bus_metro
23,98,0.15,AM,w_bus_metro
23,99,0.75,AM,w_bus_metro
23,100,0.45,AM,w_bus_metro
23,105,0.15,AM,w_bus_metro
23,107,0.15,AM,w_bus_metro
23,111,0.15,AM,w_bus_metro
23,117,0.15,AM,w_bus_metro
23,120,3.0,AM,w_bus_metro
23,121,0.15,AM,w_bus_metro
23,123,0.45,AM,w_bus_metro
23,125,0.45,AM,w_bus_metro
23,131,0.45,AM,w_bus_metro
23,135,0.15,AM,w_bus_metro
23,136,0.15,AM,w_bus_metro
23,141,0.15,AM,w_bus_metro
24,1,0.15,AM,w_bus_metro
24,2,0.15,AM,w_bus_metro
24,3,1.5,AM,w_bus_metro
24,4,0.15,AM,w_bus_metro
24,6,0.15,AM,w_bus_metro
24,7,0.3,AM,w_bus_metro
24,10,0.15,AM,w_bus_metro
24,14,0.15,AM,w_bus_metro
24,20,0.45,AM,w_bus_metro
24,21,0.3,AM,w_bus_metro
24,22,1.5,AM,w_bus_metro
24,23,2.1,AM,w_bus_metro
24,25,7.65,AM,w_bus_metro
24,26,3.6,AM,w_bus_metro
24,27,0.3,AM,w_bus_metro
24,30,3.3,AM,w_bus_metro
24,31,0.3,AM,w_bus_metro
24,32,10.2,AM,w_bus_metro
24,33,0.6,AM,w_bus_metro
24,34,0.15,AM,w_bus_metro
24,35,0.45,AM,w_bus_metro
24,36,3.3,AM,w_bus_metro
24,37,0.15,AM,w_bus_metro
24,38,7.05,AM,w_bus_metro
24,39,3.75,AM,w_bus_metro
24,40,2.25,AM,w_bus_metro
24,41,0.15,AM,w_bus_metro
24,42,0.9,AM,w_bus_metro
24,43,1.65,AM,w_bus_metro
24,44,0.45,AM,w_bus_metro
24,47,0.3,AM,w_bus_metro
24,48,0.45,AM,w_bus_metro
24,51,0.15,AM,w_bus_metro
24,57,1.05,AM,w_bus_metro
24,58,1.2,AM,w_bus_metro
24,59,0.3,AM,w_bus_metro
24,60,1.2,AM,w_bus_metro
24,61,1.5,AM,w_bus_metro
24,62,0.15,AM,w_bus_metro
24,63,0.15,AM,w_bus_metro
24,64,0.3,AM,w_bus_metro
24,66,0.45,AM,w_bus_metro
24,67,9.15,AM,w_bus_metro
24,68,1.5,AM,w_bus_metro
24,69,0.15,AM,w_bus_metro
24,77,0.45,AM,w_bus_metro
24,78,0.15,AM,w_bus_metro
24,79,1.2,AM,w_bus_metro
24,80,0.15,AM,w_bus_metro
24,81,0.15,AM,w_bus_metro
24,86,0.3,AM,w_bus_metro
24,87,2.25,AM,w_bus_metro
24,88,0.15,AM,w_bus_metro
24,95,0.45,AM,w_bus_metro
24,96,1.05,AM,w_bus_metro
24,97,1.05,AM,w_bus_metro
24,98,0.3,AM,w_bus_metro
24,99,0.15,AM,w_bus_metro
24,100,0.15,AM,w_bus_metro
24,104,0.15,AM,w_bus_metro
24,105,0.3,AM,w_bus_metro
24,106,0.15,AM,w_bus_metro
24,108,0.75,AM,w_bus_metro
24,116,0.15,AM,w_bus_metro
24,117,0.15,AM,w_bus_metro
24,120,2.7,AM,w_bus_metro
24,123,0.45,AM,w_bus_metro
24,126,0.15,AM,w_bus_metro
24,139,0.15,AM,w_bus_metro
25,3,1.5,AM,w_bus_metro
25,4,1.65,AM,w_bus_metro
25,8,0.15,AM,w_bus_metro
25,11,0.15,AM,w_bus_metro
25,14,0.15,AM,w_bus_metro
25,20,2.1,AM,w_bus_metro
25,21,0.45,AM,w_bus_metro
25,22,2.1,AM,w_bus_metro
25,23,1.95,AM,w_bus_metro
25,24,1.35,AM,w_bus_metro
25,26,11.85,AM,w_bus_metro
25,27,0.3,AM,w_bus_metro
25,28,0.3,AM,w_bus_metro
25,30,5.4,AM,w_bus_metro
25,31,2.7,AM,w_bus_metro
25,32,16.8,AM,w_bus_metro
25,33,1.65,AM,w_bus_metro
25,34,2.25,AM,w_bus_metro
25,35,0.45,AM,w_bus_metro
25,36,6.3,AM,w_bus_metro
25,38,8.1,AM,w_bus_metro
25,39,6.9,AM,w_bus_metro
25,40,2.85,AM,w_bus_metro
25,41,0.3,AM,w_bus_metro
25,42,2.85,AM,w_bus_metro
25,43,1.65,AM,w_bus_metro
25,44,0.9,AM,w_bus_metro
25,45,0.15,AM,w_bus_metro
25,46,0.6,AM,w_bus_metro
25,47,0.3,AM,w_bus_metro
25,48,1.05,AM,w_bus_metro
25,50,0.15,AM,w_bus_metro
25,51,0.15,AM,w_bus_metro
25,54,0.15,AM,w_bus_metro
25,57,3.6,AM,w_bus_metro
25,58,4.2,AM,w_bus_metro
25,59,0.3,AM,w_bus_metro
25,60,2.4,AM,w_bus_metro
25,61,0.9,AM,w_bus_metro
25,64,0.15,AM,w_bus_metro
25,65,1.35,AM,w_bus_metro
25,67,18.3,AM,w_bus_metro
25,68,3.45,AM,w_bus_metro
25,79,0.9,AM,w_bus_metro
25,80,0.15,AM,w_bus_metro
25,81,0.6,AM,w_bus_metro
25,85,0.15,AM,w_bus_metro
25,86,0.3,AM,w_bus_metro
25,87,6.3,AM,w_bus_metro
25,88,0.15,AM,w_bus_metro
25,90,0.15,AM,w_bus_metro
25,95,0.15,AM,w_bus_metro
25,96,5.55,AM,w_bus_metro
25,97,1.5,AM,w_bus_metro
25,99,0.45,AM,w_bus_metro
25,100,0.3,AM,w_bus_metro
25,104,0.3,AM,w_bus_metro
25,105,0.3,AM,w_bus_metro
25,107,0.3,AM,w_bus_metro
25,108,0.45,AM,w_bus_metro
25,112,0.15,AM,w_bus_metro
25,115,0.3,AM,w_bus_metro
25,116,0.3,AM,w_bus_metro
25,120,4.35,AM,w_bus_metro
25,121,0.45,AM,w_bus_metro
25,122,0.3,AM,w_bus_metro
25,123,0.45,AM,w_bus_metro
25,129,0.15,AM,w_bus_metro
25,131,0.45,AM,w_bus_metro
25,138,0.15,AM,w_bus_metro
25,139,0.15,AM,w_bus_metro
26,3,4.65,AM,w_bus_metro
26,4,0.45,AM,w_bus_metro
26,6,0.45,AM,w_bus_metro
26,7,0.15,AM,w_bus_metro
26,8,0.45,AM,w_bus_metro
26,13,0.15,AM,w_bus_metro
26,14,0.3,AM,w_bus_metro
26,18,0.15,AM,w_bus_metro
26,20,2.1,AM,w_bus_metro
26,21,1.8,AM,w_bus_metro
26,22,2.55,AM,w_bus_metro
26,23,2.1,AM,w_bus_metro
26,24,1.05,AM,w_bus_metro
26,25,30.6,AM,w_bus_metro
26,27,1.05,AM,w_bus_metro
26,29,0.6,AM,w_bus_metro
26,30,5.1,AM,w_bus_metro
26,31,3.0,AM,w_bus_metro
26,32,38.25,AM,w_bus_metro
26,33,1.5,AM,w_bus_metro
26,34,1.65,AM,w_bus_metro
26,35,1.2,AM,w_bus_metro
26,36,5.1,AM,w_bus_metro
26,37,0.6,AM,w_bus_metro
26,38,12.45,AM,w_bus_metro
26,39,9.6,AM,w_bus_metro
26,40,4.65,AM,w_bus_metro
26,41,0.3,AM,w_bus_metro
26,42,2.7,AM,w_bus_metro
26,43,1.95,AM,w_bus_metro
26,44,1.05,AM,w_bus_metro
26,45,0.15,AM,w_bus_metro
26,46,0.45,AM,w_bus_metro
26,47,0.15,AM,w_bus_metro
26,48,1.05,AM,w_bus_metro
26,49,0.45,AM,w_bus_metro
26,51,0.45,AM,w_bus_metro
26,52,0.15,AM,w_bus_metro
26,57,3.75,AM,w_bus_metro
26,58,3.15,AM,w_bus_metro
26,59,0.15,AM,w_bus_metro
26,60,4.05,AM,w_bus_metro
26,61,1.95,AM,w_bus_metro
26,62,0.3,AM,w_bus_metro
26,63,0.6,AM,w_bus_metro
26,64,0.15,AM,w_bus_metro
26,65,0.75,AM,w_bus_metro
26,66,1.2,AM,w_bus_metro
26,67,29.7,AM,w_bus_metro
26,68,5.4,AM,w_bus_metro
26,72,0.45,AM,w_bus_metro
26,77,0.15,AM,w_bus_metro
26,78,1.05,AM,w_bus_metro
26,79,1.05,AM,w_bus_metro
26,80,0.3,AM,w_bus_metro
26,83,0.15,AM,w_bus_metro
26,86,1.2,AM,w_bus_metro
26,87,6.6,AM,w_bus_metro
26,89,0.45,AM,w_bus_metro
26,90,0.15,AM,w_bus_metro
26,94,0.15,AM,w_bus_metro
26,95,0.3,AM,w_bus_metro
26,96,6.45,AM,w_bus_metro
26,97,2.25,AM,w_bus_metro
26,98,0.6,AM,w_bus_metro
26,99,0.75,AM,w_bus_metro
26,100,0.75,AM,w_bus_metro
26,104,0.45,AM,w_bus_metro
26,105,0.15,AM,w_bus_metro
26,107,0.15,AM,w_bus_metro
26,110,0.15,AM,w_bus_metro
26,112,0.3,AM,w_bus_metro
26,114,0.15,AM,w_bus_metro
26,116,1.05,AM,w_bus_metro
26,117,0.15,AM,w_bus_metro
26,120,4.65,AM,w_bus_metro
26,122,0.15,AM,w_bus_metro
26,123,0.75,AM,w_bus_metro
26,125,0.15,AM,w_bus_metro
26,129,0.15,AM,w_bus_metro
26,131,0.15,AM,w_bus_metro
26,136,0.3,AM,w_bus_metro
26,139,0.3,AM,w_bus_metro
27,2,0.45,AM,w_bus_metro
27,3,2.7,AM,w_bus_metro
27,4,0.75,AM,w_bus_metro
27,7,0.6,AM,w_bus_metro
27,8,0.15,AM,w_bus_metro
27,10,0.3,AM,w_bus_metro
27,11,0.15,AM,w_bus_metro
27,15,0.15,AM,w_bus_metro
27,18,0.15,AM,w_bus_metro
27,20,2.1,AM,w_bus_metro
27,21,1.8,AM,w_bus_metro
27,22,2.85,AM,w_bus_metro
27,23,2.55,AM,w_bus_metro
27,24,2.85,AM,w_bus_metro
27,25,20.7,AM,w_bus_metro
27,26,8.85,AM,w_bus_metro
27,28,0.6,AM,w_bus_metro
27,30,4.95,AM,w_bus_metro
27,31,2.1,AM,w_bus_metro
27,32,18.15,AM,w_bus_metro
27,33,0.6,AM,w_bus_metro
27,34,0.3,AM,w_bus_metro
27,35,0.15,AM,w_bus_metro
27,36,6.45,AM,w_bus_metro
27,38,6.15,AM,w_bus_metro
27,39,5.1,AM,w_bus_metro
27,40,3.45,AM,w_bus_metro
27,42,3.75,AM,w_bus_metro
27,43,1.2,AM,w_bus_metro
27,44,0.9,AM,w_bus_metro
27,45,0.15,AM,w_bus_metro
27,46,0.6,AM,w_bus_metro
27,48,1.05,AM,w_bus_metro
27,49,1.05,AM,w_bus_metro
27,51,0.3,AM,w_bus_metro
27,52,0.15,AM,w_bus_metro
27,56,0.15,AM,w_bus_metro
27,57,3.0,AM,w_bus_metro
27,58,3.0,AM,w_bus_metro
27,59,0.6,AM,w_bus_metro
27,60,2.55,AM,w_bus_metro
27,61,1.2,AM,w_bus_metro
27,63,0.3,AM,w_bus_metro
27,64,0.15,AM,w_bus_metro
27,65,0.15,AM,w_bus_metro
27,66,0.45,AM,w_bus_metro
27,67,12.3,AM,w_bus_metro
27,68,2.7,AM,w_bus_metro
27,74,0.45,AM,w_bus_metro
27,75,0.15,AM,w_bus_metro
27,78,0.3,AM,w_bus_metro
27,79,1.65,AM,w_bus_metro
27,80,0.15,AM,w_bus_metro
27,81,0.3,AM,w_bus_metro
27,83,0.15,AM,w_bus_metro
27,84,0.6,AM,w_bus_metro
27,86,0.3,AM,w_bus_metro
27,87,3.9,AM,w_bus_metro
27,88,0.15,AM,w_bus_metro
27,90,0.45,AM,w_bus_metro
27,93,0.15,AM,w_bus_metro
27,96,3.75,AM,w_bus_metro
27,97,2.85,AM,w_bus_metro
27,98,0.15,AM,w_bus_metro
27,99,0.45,AM,w_bus_metro
27,102,0.15,AM,w_bus_metro
27,104,0.3,AM,w_bus_metro
27,107,0.3,AM,w_bus_metro
27,111,0.3,AM,w_bus_metro
27,114,0.9,AM,w_bus_metro
27,115,0.75,AM,w_bus_metro
27,116,0.9,AM,w_bus_metro
27,120,5.4,AM,w_bus_metro
27,121,0.45,AM,w_bus_metro
27,123,1.35,AM,w_bus_metro
27,125,0.3,AM,w_bus_metro
27,131,0.3,AM,w_bus_metro
27,136,0.3,AM,w_bus_metro
27,140,0.15,AM,w_bus_metro
27,141,0.3,AM,w_bus_metro
28,1,0.15,AM,w_bus_metro
28,2,0.3,AM,w_bus_metro
28,3,1.8,AM,w_bus_metro
28,4,0.6,AM,w_bus_metro
28,6,0.15,AM,w_bus_metro
28,7,0.15,AM,w_bus_metro
28,8,0.6,AM,w_bus_metro
28,9,0.3,AM,w_bus_metro
28,10,0.45,AM,w_bus_metro
28,12,0.15,AM,w_bus_metro
28,13,0.45,AM,w_bus_metro
28,18,0.15,AM,w_bus_metro
28,20,0.75,AM,w_bus_metro
28,21,0.15,AM,w_bus_metro
28,22,0.45,AM,w_bus_metro
28,23,0.15,AM,w_bus_metro
28,24,0.15,AM,w_bus_metro
28,25,8.4,AM,w_bus_metro
28,26,7.05,AM,w_bus_metro
28,29,0.15,AM,w_bus_metro
28,30,2.4,AM,w_bus_metro
28,31,0.75,AM,w_bus_metro
28,32,11.85,AM,w_bus_metro
28,33,1.8,AM,w_bus_metro
28,34,0.9,AM,w_bus_metro
28,35,0.75,AM,w_bus_metro
28,36,2.7,AM,w_bus_metro
28,37,0.15,AM,w_bus_metro
28,38,7.2,AM,w_bus_metro
28,39,4.5,AM,w_bus_metro
28,40,3.15,AM,w_bus_metro
28,41,0.3,AM,w_bus_metro
28,42,2.1,AM,w_bus_metro
28,43,4.65,AM,w_bus_metro
28,46,0.15,AM,w_bus_metro
28,47,0.9,AM,w_bus_metro
28,48,0.6,AM,w_bus_metro
28,49,0.15,AM,w_bus_metro
28,53,0.15,AM,w_bus_metro
28,57,3.15,AM,w_bus_metro
28,58,3.15,AM,w_bus_metro
28,59,1.05,AM,w_bus_metro
28,60,3.45,AM,w_bus_metro
28,61,1.2,AM,w_bus_metro
28,64,0.15,AM,w_bus_metro
28,65,0.75,AM,w_bus_metro
28,66,0.3,AM,w_bus_metro
28,67,17.7,AM,w_bus_metro
28,68,1.8,AM,w_bus_metro
28,70,0.15,AM,w_bus_metro
28,77,0.3,AM,w_bus_metro
28,78,0.45,AM,w_bus_metro
28,79,0.45,AM,w_bus_metro
28,80,0.15,AM,w_bus_metro
28,84,0.15,AM,w_bus_metro
28,85,0.3,AM,w_bus_metro
28,86,1.5,AM,w_bus_metro
28,87,6.9,AM,w_bus_metro
28,89,0.15,AM,w_bus_metro
28,95,0.75,AM,w_bus_metro
28,96,7.95,AM,w_bus_metro
28,97,2.25,AM,w_bus_metro
28,98,0.15,AM,w_bus_metro
28,99,0.9,AM,w_bus_metro
28,100,0.15,AM,w_bus_metro
28,105,0.6,AM,w_bus_metro
28,108,0.15,AM,w_bus_metro
28,109,0.15,AM,w_bus_metro
28,115,0.3,AM,w_bus_metro
28,116,1.5,AM,w_bus_metro
28,120,3.9,AM,w_bus_metro
28,121,0.45,AM,w_bus_metro
28,123,0.75,AM,w_bus_metro
28,125,0.75,AM,w_bus_metro
28,130,0.15,AM,w_bus_metro
28,131,0.15,AM,w_bus_metro
28,132,0.15,AM,w_bus_metro
29,3,3.6,AM,w_bus_metro
29,4,0.3,AM,w_bus_metro
29,7,0.45,AM,w_bus_metro
29,10,0.15,AM,w_bus_metro
29,14,0.3,AM,w_bus_metro
29,15,0.15,AM,w_bus_metro
29,17,0.3,AM,w_bus_metro
29,20,0.75,AM,w_bus_metro
29,21,0.6,AM,w_bus_metro
29,22,1.8,AM,w_bus_metro
29,23,0.9,AM,w_bus_metro
29,24,0.15,AM,w_bus_metro
29,25,12.0,AM,w_bus_metro
29,26,9.0,AM,w_bus_metro
29,27,0.45,AM,w_bus_metro
29,28,1.2,AM,w_bus_metro
29,30,4.05,AM,w_bus_metro
29,31,1.05,AM,w_bus_metro
29,32,15.6,AM,w_bus_metro
29,33,1.5,AM,w_bus_metro
29,34,0.15,AM,w_bus_metro
29,35,0.75,AM,w_bus_metro
29,36,2.1,AM,w_bus_metro
29,38,5.55,AM,w_bus_metro
29,39,4.8,AM,w_bus_metro
29,40,3.0,AM,w_bus_metro
29,42,1.95,AM,w_bus_metro
29,43,3.3,AM,w_bus_metro
29,44,0.15,AM,w_bus_metro
29,45,0.45,AM,w_bus_metro
29,46,1.05,AM,w_bus_metro
29,48,0.75,AM,w_bus_metro
29,49,0.6,AM,w_bus_metro
29,51,0.45,AM,w_bus_metro
29,57,3.3,AM,w_bus_metro
29,58,2.7,AM,w_bus_metro
29,60,3.6,AM,w_bus_metro
29,61,2.25,AM,w_bus_metro
29,63,0.45,AM,w_bus_metro
29,65,0.45,AM,w_bus_metro
29,66,0.75,AM,w_bus_metro
29,67,13.8,AM,w_bus_metro
29,68,3.15,AM,w_bus_metro
29,74,0.3,AM,w_bus_metro
29,76,0.15,AM,w_bus_metro
29,78,0.15,AM,w_bus_metro
29,79,0.6,AM,w_bus_metro
29,80,1.05,AM,w_bus_metro
29,81,0.15,AM,w_bus_metro
29,84,0.15,AM,w_bus_metro
29,85,0.3,AM,w_bus_metro
29,86,0.45,AM,w_bus_metro
29,87,6.3,AM,w_bus_metro
29,90,0.6,AM,w_bus_metro
29,93,0.15,AM,w_bus_metro
29,95,0.75,AM,w_bus_metro
29,96,6.0,AM,w_bus_metro
29,97,3.9,AM,w_bus_metro
29,98,0.15,AM,w_bus_metro
29,99,0.75,AM,w_bus_metro
29,102,0.15,AM,w_bus_metro
29,104,0.45,AM,w_bus_metro
29,109,0.15,AM,w_bus_metro
29,112,0.15,AM,w_bus_metro
29,114,0.45,AM,w_bus_metro
29,116,0.15,AM,w_bus_metro
29,118,0.3,AM,w_bus_metro
29,120,2.4,AM,w_bus_metro
29,121,0.75,AM,w_bus_metro
29,123,0.6,AM,w_bus_metro
29,125,0.15,AM,w_bus_metro
29,131,0.15,AM,w_bus_metro
29,132,0.15,AM,w_bus_metro
29,137,0.15,AM,w_bus_metro
29,139,0.6,AM,w_bus_metro
29,141,0.15,AM,w_bus_metro
30,2,0.3,AM,w_bus_metro
30,3,2.7,AM,w_bus_metro
30,4,1.2,AM,w_bus_metro
30,6,0.15,AM,w_bus_metro
30,7,0.3,AM,w_bus_metro
30,9,0.45,AM,w_bus_metro
30,13,0.15,AM,w_bus_metro
30,14,0.15,AM,w_bus_metro
30,15,0.15,AM,w_bus_metro
30,20,0.6,AM,w_bus_metro
30,21,2.55,AM,w_bus_metro
30,22,2.85,AM,w_bus_metro
30,23,0.6,AM,w_bus_metro
30,24,0.3,AM,w_bus_metro
30,25,11.25,AM,w_bus_metro
30,26,5.7,AM,w_bus_metro
30,28,0.6,AM,w_bus_metro
30,31,1.8,AM,w_bus_metro
30,32,13.2,AM,w_bus_metro
30,33,1.2,AM,w_bus_metro
30,34,0.45,AM,w_bus_metro
30,35,1.95,AM,w_bus_metro
30,36,6.9,AM,w_bus_metro
30,37,0.75,AM,w_bus_metro
30,38,6.9,AM,w_bus_metro
30,39,2.7,AM,w_bus_metro
30,40,2.85,AM,w_bus_metro
30,41,0.3,AM,w_bus_metro
30,42,2.85,AM,w_bus_metro
30,43,1.05,AM,w_bus_metro
30,44,0.45,AM,w_bus_metro
30,45,0.3,AM,w_bus_metro
30,47,0.45,AM,w_bus_metro
30,48,1.95,AM,w_bus_metro
30,49,0.45,AM,w_bus_metro
30,51,0.3,AM,w_bus_metro
30,57,2.1,AM,w_bus_metro
30,58,1.8,AM,w_bus_metro
30,60,2.25,AM,w_bus_metro
30,61,1.8,AM,w_bus_metro
30,63,0.6,AM,w_bus_metro
30,65,0.75,AM,w_bus_metro
30,66,0.45,AM,w_bus_metro
30,67,15.75,AM,w_bus_metro
30,68,1.35,AM,w_bus_metro
30,69,0.15,AM,w_bus_metro
30,72,0.15,AM,w_bus_metro
30,74,0.15,AM,w_bus_metro
30,76,0.15,AM,w_bus_metro
30,78,0.45,AM,w_bus_metro
30,79,0.15,AM,w_bus_metro
30,80,0.6,AM,w_bus_metro
30,83,0.15,AM,w_bus_metro
30,85,0.15,AM,w_bus_metro
30,86,0.75,AM,w_bus_metro
30,87,2.7,AM,w_bus_metro
30,90,0.75,AM,w_bus_metro
30,91,0.3,AM,w_bus_metro
30,96,5.7,AM,w_bus_metro
30,97,0.9,AM,w_bus_metro
30,98,0.15,AM,w_bus_metro
30,99,0.75,AM,w_bus_metro
30,100,0.45,AM,w_bus_metro
30,102,0.15,AM,w_bus_metro
30,103,0.3,AM,w_bus_metro
30,105,0.15,AM,w_bus_metro
30,108,0.3,AM,w_bus_metro
30,112,0.15,AM,w_bus_metro
30,114,0.3,AM,w_bus_metro
30,116,0.15,AM,w_bus_metro
30,117,0.3,AM,w_bus_metro
30,120,3.9,AM,w_bus_metro
30,121,0.45,AM,w_bus_metro
30,122,0.15,AM,w_bus_metro
30,124,0.15,AM,w_bus_metro
30,125,0.6,AM,w_bus_metro
30,129,0.15,AM,w_bus_metro
30,131,0.15,AM,w_bus_metro
30,137,0.15,AM,w_bus_metro
31,2,0.3,AM,w_bus_metro
31,3,0.6,AM,w_bus_metro
31,4,0.15,AM,w_bus_metro
31,10,0.15,AM,w_bus_metro
31,12,0.3,AM,w_bus_metro
31,15,0.15,AM,w_bus_metro
31,20,0.6,AM,w_bus_metro
31,21,1.35,AM,w_bus_metro
31,22,1.65,AM,w_bus_metro
31,23,1.05,AM,w_bus_metro
31,25,13.95,AM,w_bus_metro
31,26,6.75,AM,w_bus_metro
31,28,0.75,AM,w_bus_metro
31,30,3.3,AM,w_bus_metro
31,32,9.9,AM,w_bus_metro
31,33,0.75,AM,w_bus_metro
31,34,0.45,AM,w_bus_metro
31,35,0.15,AM,w_bus_metro
31,36,2.7,AM,w_bus_metro
31,38,4.65,AM,w_bus_metro
31,39,2.4,AM,w_bus_metro
31,40,1.5,AM,w_bus_metro
31,42,1.95,AM,w_bus_metro
31,43,0.9,AM,w_bus_metro
31,44,0.3,AM,w_bus_metro
31,46,0.6,AM,w_bus_metro
31,48,0.45,AM,w_bus_metro
31,49,0.15,AM,w_bus_metro
31,57,1.5,AM,w_bus_metro
31,58,1.35,AM,w_bus_metro
31,59,0.3,AM,w_bus_metro
31,60,1.2,AM,w_bus_metro
31,61,0.9,AM,w_bus_metro
31,63,0.45,AM,w_bus_metro
31,65,0.3,AM,w_bus_metro
31,66,0.15,AM,w_bus_metro
31,67,12.15,AM,w_bus_metro
31,68,1.05,AM,w_bus_metro
31,78,0.15,AM,w_bus_metro
31,79,0.15,AM,w_bus_metro
31,84,0.15,AM,w_bus_metro
31,86,0.15,AM,w_bus_metro
31,87,1.95,AM,w_bus_metro
31,90,0.3,AM,w_bus_metro
31,93,0.3,AM,w_bus_metro
31,95,0.3,AM,w_bus_metro
31,96,2.85,AM,w_bus_metro
31,97,0.3,AM,w_bus_metro
31,99,0.15,AM,w_bus_metro
31,100,0.15,AM,w_bus_metro
31,101,0.15,AM,w_bus_metro
31,104,0.15,AM,w_bus_metro
31,115,0.15,AM,w_bus_metro
31,116,0.75,AM,w_bus_metro
31,120,2.1,AM,w_bus_metro
31,123,0.45,AM,w_bus_metro
31,129,0.15,AM,w_bus_metro
31,130,0.3,AM,w_bus_metro
31,141,0.15,AM,w_bus_metro
32,1,0.15,AM,w_bus_metro
32,3,3.15,AM,w_bus_metro
32,4,0.3,AM,w_bus_metro
32,6,0.45,AM,w_bus_metro
32,7,0.15,AM,w_bus_metro
32,8,0.15,AM,w_bus_metro
32,10,0.15,AM,w_bus_metro
32,13,0.3,AM,w_bus_metro
32,14,0.3,AM,w_bus_metro
32,20,0.45,AM,w_bus_metro
32,21,0.45,AM,w_bus_metro
32,22,2.7,AM,w_bus_metro
32,23,0.75,AM,w_bus_metro
32,24,1.05,AM,w_bus_metro
32,25,11.55,AM,w_bus_metro
32,26,12.0,AM,w_bus_metro
32,30,5.1,AM,w_bus_metro
32,31,2.7,AM,w_bus_metro
32,33,1.05,AM,w_bus_metro
32,34,0.6,AM,w_bus_metro
32,35,1.05,AM,w_bus_metro
32,36,4.05,AM,w_bus_metro
32,37,0.45,AM,w_bus_metro
32,38,6.75,AM,w_bus_metro
32,39,5.7,AM,w_bus_metro
32,40,2.4,AM,w_bus_metro
32,41,0.45,AM,w_bus_metro
32,42,3.3,AM,w_bus_metro
32,43,0.75,AM,w_bus_metro
32,44,0.3,AM,w_bus_metro
32,45,0.15,AM,w_bus_metro
32,46,0.3,AM,w_bus_metro
32,47,0.15,AM,w_bus_metro
32,48,1.8,AM,w_bus_metro
32,49,0.6,AM,w_bus_metro
32,52,0.15,AM,w_bus_metro
32,57,2.7,AM,w_bus_metro
32,58,3.9,AM,w_bus_metro
32,59,0.15,AM,w_bus_metro
32,60,5.55,AM,w_bus_metro
32,61,1.5,AM,w_bus_metro
32,62,0.3,AM,w_bus_metro
32,64,0.15,AM,w_bus_metro
32,65,0.3,AM,w_bus_metro
32,66,0.15,AM,w_bus_metro
32,67,18.45,AM,w_bus_metro
32,68,4.35,AM,w_bus_metro
32,72,0.15,AM,w_bus_metro
32,79,0.6,AM,w_bus_metro
32,81,0.3,AM,w_bus_metro
32,86,1.05,AM,w_bus_metro
32,87,4.95,AM,w_bus_metro
32,89,0.15,AM,w_bus_metro
32,95,0.45,AM,w_bus_metro
32,96,6.9,AM,w_bus_metro
32,97,2.25,AM,w_bus_metro
32,99,0.3,AM,w_bus_metro
32,100,0.3,AM,w_bus_metro
32,101,0.15,AM,w_bus_metro
32,104,0.15,AM,w_bus_metro
32,105,0.15,AM,w_bus_metro
32,107,0.15,AM,w_bus_metro
32,108,0.3,AM,w_bus_metro
32,114,0.15,AM,w_bus_metro
32,115,0.15,AM,w_bus_metro
32,116,0.15,AM,w_bus_metro
32,120,3.75,AM,w_bus_metro
32,123,1.05,AM,w_bus_metro
32,124,0.15,AM,w_bus_metro
32,125,0.15,AM,w_bus_metro
32,127,0.15,AM,w_bus_metro
32,129,0.15,AM,w_bus_metro
32,131,0.3,AM,w_bus_metro
32,139,0.3,AM,w_bus_metro
33,3,4.5,AM,w_bus_metro
33,4,2.1,AM,w_bus_metro
33,6,0.15,AM,w_bus_metro
33,7,0.15,AM,w_bus_metro
33,10,0.3,AM,w_bus_metro
33,12,0.3,AM,w_bus_metro
33,13,0.3,AM,w_bus_metro
33,18,0.15,AM,w_bus_metro
33,19,0.15,AM,w_bus_metro
33,20,0.3,AM,w_bus_metro
33,21,0.45,AM,w_bus_metro
33,22,1.65,AM,w_bus_metro
33,23,0.9,AM,w_bus_metro
33,24,0.45,AM,w_bus_metro
33,25,11.1,AM,w_bus_metro
33,26,13.5,AM,w_bus_metro
33,27,0.6,AM,w_bus_metro
33,28,1.2,AM,w_bus_metro
33,29,0.45,AM,w_bus_metro
33,30,5.55,AM,w_bus_metro
33,31,1.95,AM,w_bus_metro
33,32,18.3,AM,w_bus_metro
33,34,1.35,AM,w_bus_metro
33,35,1.65,AM,w_bus_metro
33,36,6.15,AM,w_bus_metro
33,37,0.9,AM,w_bus_metro
33,38,12.9,AM,w_bus_metro
33,39,9.0,AM,w_bus_metro
33,40,5.25,AM,w_bus_metro
33,41,0.75,AM,w_bus_metro
33,42,6.15,AM,w_bus_metro
33,43,4.5,AM,w_bus_metro
33,44,0.6,AM,w_bus_metro
33,45,1.2,AM,w_bus_metro
33,46,0.15,AM,w_bus_metro
33,47,2.7,AM,w_bus_metro
33,48,3.6,AM,w_bus_metro
33,49,0.45,AM,w_bus_metro
33,51,0.3,AM,w_bus_metro
33,57,6.9,AM,w_bus_metro
33,58,3.75,AM,w_bus_metro
33,59,0.3,AM,w_bus_metro
33,60,6.0,AM,w_bus_metro
33,61,6.15,AM,w_bus_metro
33,62,0.9,AM,w_bus_metro
33,63,0.9,AM,w_bus_metro
33,64,1.65,AM,w_bus_metro
33,65,1.35,AM,w_bus_metro
33,66,0.75,AM,w_bus_metro
33,67,36.15,AM,w_bus_metro
33,68,2.85,AM,w_bus_metro
33,69,0.3,AM,w_bus_metro
33,72,0.6,AM,w_bus_metro
33,74,0.45,AM,w_bus_metro
33,75,0.15,AM,w_bus_metro
33,76,0.15,AM,w_bus_metro
33,78,0.3,AM,w_bus_metro
33,79,0.3,AM,w_bus_metro
33,80,0.3,AM,w_bus_metro
33,81,0.15,AM,w_bus_metro
33,85,0.45,AM,w_bus_metro
33,86,1.05,AM,w_bus_metro
33,87,9.45,AM,w_bus_metro
33,89,0.15,AM,w_bus_metro
33,90,1.2,AM,w_bus_metro
33,95,1.5,AM,w_bus_metro
33,96,14.1,AM,w_bus_metro
33,97,3.6,AM,w_bus_metro
33,98,0.45,AM,w_bus_metro
33,99,1.65,AM,w_bus_metro
33,100,0.45,AM,w_bus_metro
33,102,0.45,AM,w_bus_metro
33,104,0.3,AM,w_bus_metro
33,105,0.15,AM,w_bus_metro
33,108,0.15,AM,w_bus_metro
33,109,0.15,AM,w_bus_metro
33,114,0.15,AM,w_bus_metro
33,115,0.15,AM,w_bus_metro
33,116,0.9,AM,w_bus_metro
33,117,0.15,AM,w_bus_metro
33,120,6.6,AM,w_bus_metro
33,121,1.05,AM,w_bus_metro
33,123,1.2,AM,w_bus_metro
33,124,0.3,AM,w_bus_metro
33,125,0.15,AM,w_bus_metro
33,128,0.15,AM,w_bus_metro
33,129,0.3,AM,w_bus_metro
33,131,0.15,AM,w_bus_metro
33,132,0.15,AM,w_bus_metro
33,134,0.15,AM,w_bus_metro
33,135,0.45,AM,w_bus_metro
33,136,0.3,AM,w_bus_metro
34,3,1.8,AM,w_bus_metro
34,4,0.75,AM,w_bus_metro
34,15,0.15,AM,w_bus_metro
34,17,0.45,AM,w_bus_metro
34,20,2.25,AM,w_bus_metro
34,21,1.35,AM,w_bus_metro
34,22,4.05,AM,w_bus_metro
34,23,1.35,AM,w_bus_metro
34,24,0.3,AM,w_bus_metro
34,25,14.85,AM,w_bus_metro
34,26,7.8,AM,w_bus_metro
34,27,0.3,AM,w_bus_metro
34,28,0.6,AM,w_bus_metro
34,30,4.05,AM,w_bus_metro
34,31,1.35,AM,w_bus_metro
34,32,13.8,AM,w_bus_metro
34,33,1.95,AM,w_bus_metro
34,35,0.75,AM,w_bus_metro
34,36,8.25,AM,w_bus_metro
34,37,0.45,AM,w_bus_metro
34,38,10.35,AM,w_bus_metro
34,39,8.85,AM,w_bus_metro
34,40,1.95,AM,w_bus_metro
34,42,3.45,AM,w_bus_metro
34,43,2.85,AM,w_bus_metro
34,44,0.15,AM,w_bus_metro
34,45,0.45,AM,w_bus_metro
34,46,0.6,AM,w_bus_metro
34,48,1.35,AM,w_bus_metro
34,49,0.3,AM,w_bus_metro
34,50,0.15,AM,w_bus_metro
34,52,0.75,AM,w_bus_metro
34,57,3.45,AM,w_bus_metro
34,58,5.1,AM,w_bus_metro
34,59,0.45,AM,w_bus_metro
34,60,2.25,AM,w_bus_metro
34,61,2.7,AM,w_bus_metro
34,63,0.45,AM,w_bus_metro
34,64,0.3,AM,w_bus_metro
34,65,0.75,AM,w_bus_metro
34,66,0.9,AM,w_bus_metro
34,67,21.3,AM,w_bus_metro
34,68,4.5,AM,w_bus_metro
34,72,0.15,AM,w_bus_metro
34,78,0.3,AM,w_bus_metro
34,79,0.3,AM,w_bus_metro
34,83,0.15,AM,w_bus_metro
34,84,0.15,AM,w_bus_metro
34,86,0.15,AM,w_bus_metro
34,87,4.5,AM,w_bus_metro
34,89,0.3,AM,w_bus_metro
34,90,0.45,AM,w_bus_metro
34,95,0.15,AM,w_bus_metro
34,96,5.4,AM,w_bus_metro
34,97,1.95,AM,w_bus_metro
34,99,1.05,AM,w_bus_metro
34,100,0.9,AM,w_bus_metro
34,104,0.3,AM,w_bus_metro
34,105,0.15,AM,w_bus_metro
34,108,0.3,AM,w_bus_metro
34,111,0.3,AM,w_bus_metro
34,116,0.15,AM,w_bus_metro
34,120,3.3,AM,w_bus_metro
34,121,0.3,AM,w_bus_metro
34,122,0.15,AM,w_bus_metro
34,123,1.2,AM,w_bus_metro
34,124,0.15,AM,w_bus_metro
34,125,0.3,AM,w_bus_metro
34,136,0.15,AM,w_bus_metro
34,139,0.3,AM,w_bus_metro
35,3,3.0,AM,w_bus_metro
35,4,2.25,AM,w_bus_metro
35,7,0.15,AM,w_bus_metro
35,8,0.45,AM,w_bus_metro
35,10,0.3,AM,w_bus_metro
35,13,0.15,AM,w_bus_metro
35,14,0.3,AM,w_bus_metro
35,15,0.45,AM,w_bus_metro
35,16,0.45,AM,w_bus_metro
35,18,0.45,AM,w_bus_metro
35,20,0.45,AM,w_bus_metro
35,21,0.6,AM,w_bus_metro
35,22,2.1,AM,w_bus_metro
35,23,0.6,AM,w_bus_metro
35,24,0.6,AM,w_bus_metro
35,25,13.95,AM,w_bus_metro
35,26,18.3,AM,w_bus_metro
35,28,0.9,AM,w_bus_metro
35,30,2.85,AM,w_bus_metro
35,31,1.5,AM,w_bus_metro
35,32,12.0,AM,w_bus_metro
35,33,2.1,AM,w_bus_metro
35,34,0.45,AM,w_bus_metro
35,36,4.2,AM,w_bus_metro
35,37,0.3,AM,w_bus_metro
35,38,7.65,AM,w_bus_metro
35,39,10.05,AM,w_bus_metro
35,40,2.4,AM,w_bus_metro
35,41,1.05,AM,w_bus_metro
35,42,2.7,AM,w_bus_metro
35,43,1.65,AM,w_bus_metro
35,44,0.6,AM,w_bus_metro
35,46,0.6,AM,w_bus_metro
35,47,0.15,AM,w_bus_metro
35,48,1.05,AM,w_bus_metro
35,50,0.15,AM,w_bus_metro
35,52,0.45,AM,w_bus_metro
35,53,0.15,AM,w_bus_metro
35,57,8.4,AM,w_bus_metro
35,58,4.35,AM,w_bus_metro
35,59,0.3,AM,w_bus_metro
35,60,8.7,AM,w_bus_metro
35,61,2.7,AM,w_bus_metro
35,62,0.45,AM,w_bus_metro
35,63,0.45,AM,w_bus_metro
35,64,0.75,AM,w_bus_metro
35,65,1.2,AM,w_bus_metro
35,66,0.3,AM,w_bus_metro
35,67,32.85,AM,w_bus_metro
35,68,3.0,AM,w_bus_metro
35,75,0.15,AM,w_bus_metro
35,76,0.15,AM,w_bus_metro
35,77,0.15,AM,w_bus_metro
35,78,0.3,AM,w_bus_metro
35,79,2.1,AM,w_bus_metro
35,80,0.6,AM,w_bus_metro
35,84,0.15,AM,w_bus_metro
35,86,2.7,AM,w_bus_metro
35,87,8.1,AM,w_bus_metro
35,88,0.3,AM,w_bus_metro
35,90,1.35,AM,w_bus_metro
35,91,0.15,AM,w_bus_metro
35,93,0.15,AM,w_bus_metro
35,95,0.9,AM,w_bus_metro
35,96,12.6,AM,w_bus_metro
35,97,1.8,AM,w_bus_metro
35,98,0.3,AM,w_bus_metro
35,99,0.75,AM,w_bus_metro
35,102,0.3,AM,w_bus_metro
35,104,0.3,AM,w_bus_metro
35,107,0.15,AM,w_bus_metro
35,108,0.15,AM,w_bus_metro
35,109,0.15,AM,w_bus_metro
35,111,0.15,AM,w_bus_metro
35,112,0.15,AM,w_bus_metro
35,115,0.3,AM,w_bus_metro
35,116,0.75,AM,w_bus_metro
35,118,0.15,AM,w_bus_metro
35,120,6.3,AM,w_bus_metro
35,121,0.15,AM,w_bus_metro
35,122,0.15,AM,w_bus_metro
35,123,0.45,AM,w_bus_metro
35,125,0.6,AM,w_bus_metro
35,129,0.3,AM,w_bus_metro
35,130,0.15,AM,w_bus_metro
35,135,0.15,AM,w_bus_metro
35,140,0.15,AM,w_bus_metro
36,2,0.75,AM,w_bus_metro
36,3,3.0,AM,w_bus_metro
36,4,1.8,AM,w_bus_metro
36,5,0.15,AM,w_bus_metro
36,8,0.15,AM,w_bus_metro
36,9,0.45,AM,w_bus_metro
36,12,0.3,AM,w_bus_metro
36,14,0.15,AM,w_bus_metro
36,20,1.65,AM,w_bus_metro
36,21,1.65,AM,w_bus_metro
36,22,3.0,AM,w_bus_metro
36,23,1.35,AM,w_bus_metro
36,25,13.8,AM,w_bus_metro
36,26,13.05,AM,w_bus_metro
36,27,0.45,AM,w_bus_metro
36,28,1.2,AM,w_bus_metro
36,30,9.3,AM,w_bus_metro
36,31,2.85,AM,w_bus_metro
36,32,19.35,AM,w_bus_metro
36,33,2.1,AM,w_bus_metro
36,34,1.05,AM,w_bus_metro
36,35,0.9,AM,w_bus_metro
36,37,0.75,AM,w_bus_metro
36,38,9.45,AM,w_bus_metro
36,39,8.4,AM,w_bus_metro
36,40,4.35,AM,w_bus_metro
36,41,0.6,AM,w_bus_metro
36,42,4.65,AM,w_bus_metro
36,43,3.3,AM,w_bus_metro
36,44,0.6,AM,w_bus_metro
36,46,0.6,AM,w_bus_metro
36,47,0.45,AM,w_bus_metro
36,48,0.75,AM,w_bus_metro
36,49,0.15,AM,w_bus_metro
36,51,0.15,AM,w_bus_metro
36,52,0.15,AM,w_bus_metro
36,53,0.15,AM,w_bus_metro
36,56,0.15,AM,w_bus_metro
36,57,4.35,AM,w_bus_metro
36,58,3.0,AM,w_bus_metro
36,59,0.15,AM,w_bus_metro
36,60,3.0,AM,w_bus_metro
36,61,1.35,AM,w_bus_metro
36,63,0.3,AM,w_bus_metro
36,65,0.3,AM,w_bus_metro
36,66,0.9,AM,w_bus_metro
36,67,19.2,AM,w_bus_metro
36,68,3.6,AM,w_bus_metro
36,74,0.45,AM,w_bus_metro
36,78,0.6,AM,w_bus_metro
36,79,1.5,AM,w_bus_metro
36,80,0.3,AM,w_bus_metro
36,81,0.15,AM,w_bus_metro
36,83,0.15,AM,w_bus_metro
36,85,0.3,AM,w_bus_metro
36,86,0.9,AM,w_bus_metro
36,87,4.5,AM,w_bus_metro
36,90,0.6,AM,w_bus_metro
36,95,0.15,AM,w_bus_metro
36,96,6.75,AM,w_bus_metro
36,97,1.8,AM,w_bus_metro
36,98,0.15,AM,w_bus_metro
36,99,1.2,AM,w_bus_metro
36,100,1.05,AM,w_bus_metro
36,105,0.3,AM,w_bus_metro
36,106,0.15,AM,w_bus_metro
36,111,0.15,AM,w_bus_metro
36,114,0.15,AM,w_bus_metro
36,115,0.15,AM,w_bus_metro
36,116,0.15,AM,w_bus_metro
36,120,6.45,AM,w_bus_metro
36,122,0.15,AM,w_bus_metro
36,123,1.2,AM,w_bus_metro
36,124,0.15,AM,w_bus_metro
36,125,1.05,AM,w_bus_metro
36,126,0.15,AM,w_bus_metro
36,128,0.45,AM,w_bus_metro
36,131,0.15,AM,w_bus_metro
36,139,0.6,AM,w_bus_metro
36,140,0.15,AM,w_bus_metro
37,3,0.45,AM,w_bus_metro
37,4,1.05,AM,w_bus_metro
37,6,0.45,AM,w_bus_metro
37,8,0.15,AM,w_bus_metro
37,13,0.15,AM,w_bus_metro
37,19,0.15,AM,w_bus_metro
37,20,1.5,AM,w_bus_metro
37,21,0.75,AM,w_bus_metro
37,22,3.0,AM,w_bus_metro
37,23,1.2,AM,w_bus_metro
37,24,0.45,AM,w_bus_metro
37,25,8.85,AM,w_bus_metro
37,26,5.7,AM,w_bus_metro
37,28,0.15,AM,w_bus_metro
37,30,3.6,AM,w_bus_metro
37,31,1.65,AM,w_bus_metro
37,32,7.8,AM,w_bus_metro
37,33,0.9,AM,w_bus_metro
37,34,2.1,AM,w_bus_metro
37,36,4.5,AM,w_bus_metro
37,38,5.4,AM,w_bus_metro
37,39,4.65,AM,w_bus_metro
37,40,3.45,AM,w_bus_metro
37,41,0.45,AM,w_bus_metro
37,42,3.3,AM,w_bus_metro
37,43,1.2,AM,w_bus_metro
37,44,1.65,AM,w_bus_metro
37,46,1.2,AM,w_bus_metro
37,48,0.6,AM,w_bus_metro
37,49,0.6,AM,w_bus_metro
37,57,0.45,AM,w_bus_metro
37,58,1.65,AM,w_bus_metro
37,60,1.8,AM,w_bus_metro
37,61,0.6,AM,w_bus_metro
37,64,0.3,AM,w_bus_metro
37,65,0.75,AM,w_bus_metro
37,66,0.15,AM,w_bus_metro
37,67,10.5,AM,w_bus_metro
37,68,2.7,AM,w_bus_metro
37,78,0.45,AM,w_bus_metro
37,79,0.3,AM,w_bus_metro
37,80,0.3,AM,w_bus_metro
37,86,0.15,AM,w_bus_metro
37,87,1.35,AM,w_bus_metro
37,88,0.15,AM,w_bus_metro
37,89,0.15,AM,w_bus_metro
37,90,0.15,AM,w_bus_metro
37,91,0.3,AM,w_bus_metro
37,96,3.0,AM,w_bus_metro
37,97,0.3,AM,w_bus_metro
37,99,0.75,AM,w_bus_metro
37,100,0.3,AM,w_bus_metro
37,105,0.15,AM,w_bus_metro
37,120,3.45,AM,w_bus_metro
37,121,0.15,AM,w_bus_metro
37,122,0.15,AM,w_bus_metro
37,123,0.15,AM,w_bus_metro
37,124,0.15,AM,w_bus_metro
37,125,1.05,AM,w_bus_metro
37,130,0.15,AM,w_bus_metro
38,3,0.3,AM,w_bus_metro
38,4,0.3,AM,w_bus_metro
38,7,0.3,AM,w_bus_metro
38,12,0.45,AM,w_bus_metro
38,13,0.15,AM,w_bus_metro
38,18,0.15,AM,w_bus_metro
38,20,0.75,AM,w_bus_metro
38,21,0.15,AM,w_bus_metro
38,22,0.9,AM,w_bus_metro
38,25,3.6,AM,w_bus_metro
38,26,3.0,AM,w_bus_metro
38,28,0.3,AM,w_bus_metro
38,30,1.35,AM,w_bus_metro
38,31,0.15,AM,w_bus_metro
38,32,2.85,AM,w_bus_metro
38,33,0.6,AM,w_bus_metro
38,34,0.3,AM,w_bus_metro
38,35,0.15,AM,w_bus_metro
38,36,0.15,AM,w_bus_metro
38,37,0.45,AM,w_bus_metro
38,39,2.1,AM,w_bus_metro
38,40,0.6,AM,w_bus_metro
38,41,0.15,AM,w_bus_metro
38,42,1.5,AM,w_bus_metro
38,43,0.75,AM,w_bus_metro
38,44,0.45,AM,w_bus_metro
38,46,1.05,AM,w_bus_metro
38,47,0.3,AM,w_bus_metro
38,48,1.5,AM,w_bus_metro
38,56,0.15,AM,w_bus_metro
38,57,2.4,AM,w_bus_metro
38,58,2.85,AM,w_bus_metro
38,60,1.65,AM,w_bus_metro
38,61,1.2,AM,w_bus_metro
38,63,0.6,AM,w_bus_metro
38,65,0.15,AM,w_bus_metro
38,66,0.3,AM,w_bus_metro
38,67,7.8,AM,w_bus_metro
38,68,0.3,AM,w_bus_metro
38,70,0.3,AM,w_bus_metro
38,74,0.3,AM,w_bus_metro
38,79,0.3,AM,w_bus_metro
38,85,0.15,AM,w_bus_metro
38,86,0.6,AM,w_bus_metro
38,87,4.5,AM,w_bus_metro
38,96,4.8,AM,w_bus_metro
38,97,1.35,AM,w_bus_metro
38,98,0.15,AM,w_bus_metro
38,99,0.15,AM,w_bus_metro
38,100,0.75,AM,w_bus_metro
38,103,0.15,AM,w_bus_metro
38,104,0.15,AM,w_bus_metro
38,115,0.75,AM,w_bus_metro
38,118,0.15,AM,w_bus_metro
38,120,4.35,AM,w_bus_metro
38,121,0.3,AM,w_bus_metro
38,122,0.15,AM,w_bus_metro
38,123,0.6,AM,w_bus_metro
38,126,0.15,AM,w_bus_metro
38,130,0.15,AM,w_bus_metro
39,3,1.2,AM,w_bus_metro
39,4,0.75,AM,w_bus_metro
39,6,0.75,AM,w_bus_metro
39,8,0.3,AM,w_bus_metro
39,10,0.15,AM,w_bus_metro
39,13,0.45,AM,w_bus_metro
39,14,0.45,AM,w_bus_metro
39,15,0.3,AM,w_bus_metro
39,18,0.3,AM,w_bus_metro
39,20,1.5,AM,w_bus_metro
39,21,0.45,AM,w_bus_metro
39,22,1.35,AM,w_bus_metro
39,23,0.75,AM,w_bus_metro
39,25,8.1,AM,w_bus_metro
39,26,5.25,AM,w_bus_metro
39,27,0.45,AM,w_bus_metro
39,28,0.75,AM,w_bus_metro
39,30,1.95,AM,w_bus_metro
39,31,1.95,AM,w_bus_metro
39,32,8.55,AM,w_bus_metro
39,33,1.2,AM,w_bus_metro
39,34,0.3,AM,w_bus_metro
39,35,0.9,AM,w_bus_metro
39,36,2.25,AM,w_bus_metro
39,38,18.75,AM,w_bus_metro
39,40,4.95,AM,w_bus_metro
39,41,0.15,AM,w_bus_metro
39,42,3.3,AM,w_bus_metro
39,43,2.25,AM,w_bus_metro
39,44,0.3,AM,w_bus_metro
39,46,0.15,AM,w_bus_metro
39,47,0.6,AM,w_bus_metro
39,48,1.65,AM,w_bus_metro
39,49,0.45,AM,w_bus_metro
39,50,0.3,AM,w_bus_metro
39,53,0.15,AM,w_bus_metro
39,56,0.15,AM,w_bus_metro
39,57,7.8,AM,w_bus_metro
39,58,6.3,AM,w_bus_metro
39,59,0.3,AM,w_bus_metro
39,60,5.4,AM,w_bus_metro
39,61,2.25,AM,w_bus_metro
39,63,1.05,AM,w_bus_metro
39,64,0.75,AM,w_bus_metro
39,65,0.6,AM,w_bus_metro
39,66,0.15,AM,w_bus_metro
39,67,23.7,AM,w_bus_metro
39,68,3.0,AM,w_bus_metro
39,69,0.15,AM,w_bus_metro
39,72,0.15,AM,w_bus_metro
39,74,0.3,AM,w_bus_metro
39,76,0.45,AM,w_bus_metro
39,78,0.6,AM,w_bus_metro
39,79,1.35,AM,w_bus_metro
39,80,0.3,AM,w_bus_metro
39,81,0.3,AM,w_bus_metro
39,82,0.15,AM,w_bus_metro
39,86,0.3,AM,w_bus_metro
39,87,3.45,AM,w_bus_metro
39,88,0.15,AM,w_bus_metro
39,89,0.15,AM,w_bus_metro
39,90,0.6,AM,w_bus_metro
39,91,0.45,AM,w_bus_metro
39,93,0.15,AM,w_bus_metro
39,95,0.3,AM,w_bus_metro
39,96,12.3,AM,w_bus_metro
39,97,3.45,AM,w_bus_metro
39,98,0.15,AM,w_bus_metro
39,99,2.7,AM,w_bus_metro
39,100,1.05,AM,w_bus_metro
39,103,0.15,AM,w_bus_metro
39,108,0.75,AM,w_bus_metro
39,111,0.3,AM,w_bus_metro
39,113,0.3,AM,w_bus_metro
39,115,0.3,AM,w_bus_metro
39,116,0.75,AM,w_bus_metro
39,120,9.0,AM,w_bus_metro
39,121,1.35,AM,w_bus_metro
39,123,0.6,AM,w_bus_metro
39,125,1.05,AM,w_bus_metro
39,126,0.15,AM,w_bus_metro
39,128,0.15,AM,w_bus_metro
39,135,0.15,AM,w_bus_metro
39,136,0.15,AM,w_bus_metro
39,138,0.15,AM,w_bus_metro
39,141,0.45,AM,w_bus_metro
40,1,0.3,AM,w_bus_metro
40,2,0.45,AM,w_bus_metro
40,3,3.9,AM,w_bus_metro
40,4,1.65,AM,w_bus_metro
40,6,1.05,AM,w_bus_metro
40,9,0.75,AM,w_bus_metro
40,10,0.3,AM,w_bus_metro
40,12,0.15,AM,w_bus_metro
40,13,0.75,AM,w_bus_metro
40,14,0.3,AM,w_bus_metro
40,15,0.45,AM,w_bus_metro
40,20,1.5,AM,w_bus_metro
40,21,1.35,AM,w_bus_metro
40,22,2.25,AM,w_bus_metro
40,23,1.5,AM,w_bus_metro
40,24,1.8,AM,w_bus_metro
40,25,13.35,AM,w_bus_metro
40,26,15.9,AM,w_bus_metro
40,27,0.3,AM,w_bus_metro
40,28,0.45,AM,w_bus_metro
40,29,0.15,AM,w_bus_metro
40,30,8.55,AM,w_bus_metro
40,31,2.1,AM,w_bus_metro
40,32,16.5,AM,w_bus_metro
40,33,2.85,AM,w_bus_metro
40,34,1.65,AM,w_bus_metro
40,35,1.65,AM,w_bus_metro
40,36,4.5,AM,w_bus_metro
40,37,0.15,AM,w_bus_metro
40,38,16.95,AM,w_bus_metro
40,39,15.6,AM,w_bus_metro
40,41,1.95,AM,w_bus_metro
40,42,6.6,AM,w_bus_metro
40,43,2.4,AM,w_bus_metro
40,44,3.15,AM,w_bus_metro
40,45,0.75,AM,w_bus_metro
40,46,1.5,AM,w_bus_metro
40,47,1.05,AM,w_bus_metro
40,48,1.5,AM,w_bus_metro
40,49,0.9,AM,w_bus_metro
40,50,0.15,AM,w_bus_metro
40,51,0.15,AM,w_bus_metro
40,53,0.3,AM,w_bus_metro
40,56,0.15,AM,w_bus_metro
40,57,10.5,AM,w_bus_metro
40,58,20.1,AM,w_bus_metro
40,59,1.95,AM,w_bus_metro
40,60,8.55,AM,w_bus_metro
40,61,6.75,AM,w_bus_metro
40,62,0.15,AM,w_bus_metro
40,63,0.45,AM,w_bus_metro
40,64,1.35,AM,w_bus_metro
40,65,1.35,AM,w_bus_metro
40,66,1.65,AM,w_bus_metro
40,67,48.15,AM,w_bus_metro
40,68,6.6,AM,w_bus_metro
40,69,0.15,AM,w_bus_metro
40,72,0.3,AM,w_bus_metro
40,75,0.15,AM,w_bus_metro
40,76,0.3,AM,w_bus_metro
40,77,0.15,AM,w_bus_metro
40,78,0.45,AM,w_bus_metro
40,79,3.6,AM,w_bus_metro
40,80,0.6,AM,w_bus_metro
40,81,0.3,AM,w_bus_metro
40,84,0.15,AM,w_bus_metro
40,86,1.65,AM,w_bus_metro
40,87,14.1,AM,w_bus_metro
40,89,0.3,AM,w_bus_metro
40,90,1.5,AM,w_bus_metro
40,91,0.15,AM,w_bus_metro
40,93,0.3,AM,w_bus_metro
40,94,0.45,AM,w_bus_metro
40,95,1.8,AM,w_bus_metro
40,96,18.6,AM,w_bus_metro
40,97,3.15,AM,w_bus_metro
40,98,0.3,AM,w_bus_metro
40,99,4.65,AM,w_bus_metro
40,100,1.35,AM,w_bus_metro
40,102,0.15,AM,w_bus_metro
40,104,0.6,AM,w_bus_metro
40,105,0.15,AM,w_bus_metro
40,106,0.15,AM,w_bus_metro
40,107,0.75,AM,w_bus_metro
40,108,0.3,AM,w_bus_metro
40,114,0.3,AM,w_bus_metro
40,115,0.75,AM,w_bus_metro
40,116,1.5,AM,w_bus_metro
40,117,0.3,AM,w_bus_metro
40,118,0.3,AM,w_bus_metro
40,120,14.7,AM,w_bus_metro
40,121,0.6,AM,w_bus_metro
40,123,1.05,AM,w_bus_metro
40,124,0.3,AM,w_bus_metro
40,125,0.45,AM,w_bus_metro
40,129,0.6,AM,w_bus_metro
40,131,0.3,AM,w_bus_metro
40,134,0.15,AM,w_bus_metro
40,139,0.6,AM,w_bus_metro
41,1,0.15,AM,w_bus_metro
41,3,1.35,AM,w_bus_metro
41,4,1.65,AM,w_bus_metro
41,6,0.3,AM,w_bus_metro
41,7,0.15,AM,w_bus_metro
41,8,0.15,AM,w_bus_metro
41,9,0.15,AM,w_bus_metro
41,10,0.45,AM,w_bus_metro
41,12,0.15,AM,w_bus_metro
41,15,0.3,AM,w_bus_metro
41,20,5.55,AM,w_bus_metro
41,21,1.65,AM,w_bus_metro
41,22,4.5,AM,w_bus_metro
41,23,1.5,AM,w_bus_metro
41,24,0.3,AM,w_bus_metro
41,25,12.3,AM,w_bus_metro
41,26,5.25,AM,w_bus_metro
41,27,0.3,AM,w_bus_metro
41,28,0.3,AM,w_bus_metro
41,29,0.15,AM,w_bus_metro
41,30,5.25,AM,w_bus_metro
41,31,1.8,AM,w_bus_metro
41,32,10.65,AM,w_bus_metro
41,33,1.5,AM,w_bus_metro
41,34,1.95,AM,w_bus_metro
41,35,0.6,AM,w_bus_metro
41,36,3.6,AM,w_bus_metro
41,37,0.45,AM,w_bus_metro
41,38,14.25,AM,w_bus_metro
41,39,10.35,AM,w_bus_metro
41,40,6.3,AM,w_bus_metro
41,42,6.3,AM,w_bus_metro
41,43,1.95,AM,w_bus_metro
41,44,1.2,AM,w_bus_metro
41,45,0.15,AM,w_bus_metro
41,46,0.75,AM,w_bus_metro
41,47,0.3,AM,w_bus_metro
41,48,0.6,AM,w_bus_metro
41,49,0.45,AM,w_bus_metro
41,50,0.3,AM,w_bus_metro
41,57,3.75,AM,w_bus_metro
41,58,6.75,AM,w_bus_metro
41,59,0.3,AM,w_bus_metro
41,60,5.7,AM,w_bus_metro
41,61,2.4,AM,w_bus_metro
41,62,0.45,AM,w_bus_metro
41,64,0.15,AM,w_bus_metro
41,65,0.3,AM,w_bus_metro
41,66,0.9,AM,w_bus_metro
41,67,30.3,AM,w_bus_metro
41,68,5.4,AM,w_bus_metro
41,75,0.15,AM,w_bus_metro
41,78,0.6,AM,w_bus_metro
41,79,1.35,AM,w_bus_metro
41,80,0.3,AM,w_bus_metro
41,81,0.15,AM,w_bus_metro
41,82,0.3,AM,w_bus_metro
41,84,0.3,AM,w_bus_metro
41,86,1.05,AM,w_bus_metro
41,87,5.85,AM,w_bus_metro
41,90,1.8,AM,w_bus_metro
41,96,7.95,AM,w_bus_metro
41,97,1.2,AM,w_bus_metro
41,99,1.35,AM,w_bus_metro
41,100,1.2,AM,w_bus_metro
41,104,0.45,AM,w_bus_metro
41,105,0.6,AM,w_bus_metro
41,107,0.15,AM,w_bus_metro
41,111,0.15,AM,w_bus_metro
41,112,0.15,AM,w_bus_metro
41,114,0.15,AM,w_bus_metro
41,116,0.15,AM,w_bus_metro
41,120,6.9,AM,w_bus_metro
41,121,0.75,AM,w_bus_metro
41,123,1.5,AM,w_bus_metro
41,124,0.15,AM,w_bus_metro
41,131,0.3,AM,w_bus_metro
41,138,0.15,AM,w_bus_metro
41,141,0.3,AM,w_bus_metro
42,2,0.6,AM,w_bus_metro
42,3,1.95,AM,w_bus_metro
42,4,0.9,AM,w_bus_metro
42,5,0.15,AM,w_bus_metro
42,6,0.3,AM,w_bus_metro
42,7,0.45,AM,w_bus_metro
42,10,0.15,AM,w_bus_metro
42,14,0.15,AM,w_bus_metro
42,16,0.15,AM,w_bus_metro
42,18,0.3,AM,w_bus_metro
42,20,1.65,AM,w_bus_metro
42,21,1.05,AM,w_bus_metro
42,22,2.4,AM,w_bus_metro
42,23,1.65,AM,w_bus_metro
42,24,0.15,AM,w_bus_metro
42,25,14.55,AM,w_bus_metro
42,26,7.05,AM,w_bus_metro
42,27,0.45,AM,w_bus_metro
42,28,1.95,AM,w_bus_metro
42,30,5.85,AM,w_bus_metro
42,31,1.5,AM,w_bus_metro
42,32,19.5,AM,w_bus_metro
42,33,2.55,AM,w_bus_metro
42,34,3.3,AM,w_bus_metro
42,35,0.15,AM,w_bus_metro
42,36,6.3,AM,w_bus_metro
42,37,0.6,AM,w_bus_metro
42,38,15.75,AM,w_bus_metro
42,39,14.85,AM,w_bus_metro
42,40,7.8,AM,w_bus_metro
42,41,0.6,AM,w_bus_metro
42,43,3.6,AM,w_bus_metro
42,44,1.35,AM,w_bus_metro
42,45,0.15,AM,w_bus_metro
42,46,0.9,AM,w_bus_metro
42,48,0.75,AM,w_bus_metro
42,49,0.6,AM,w_bus_metro
42,50,0.3,AM,w_bus_metro
42,51,0.15,AM,w_bus_metro
42,57,5.4,AM,w_bus_metro
42,58,6.3,AM,w_bus_metro
42,59,0.6,AM,w_bus_metro
42,60,7.35,AM,w_bus_metro
42,61,3.75,AM,w_bus_metro
42,62,0.3,AM,w_bus_metro
42,63,0.15,AM,w_bus_metro
42,64,0.3,AM,w_bus_metro
42,65,1.2,AM,w_bus_metro
42,66,0.75,AM,w_bus_metro
42,67,30.6,AM,w_bus_metro
42,68,5.7,AM,w_bus_metro
42,74,0.3,AM,w_bus_metro
42,78,0.3,AM,w_bus_metro
42,79,1.2,AM,w_bus_metro
42,80,0.45,AM,w_bus_metro
42,81,0.3,AM,w_bus_metro
42,84,0.15,AM,w_bus_metro
42,85,0.45,AM,w_bus_metro
42,86,2.1,AM,w_bus_metro
42,87,5.55,AM,w_bus_metro
42,88,0.15,AM,w_bus_metro
42,89,0.15,AM,w_bus_metro
42,90,0.3,AM,w_bus_metro
42,94,0.45,AM,w_bus_metro
42,95,1.65,AM,w_bus_metro
42,96,8.85,AM,w_bus_metro
42,97,4.05,AM,w_bus_metro
42,98,0.15,AM,w_bus_metro
42,99,1.5,AM,w_bus_metro
42,100,0.75,AM,w_bus_metro
42,103,0.15,AM,w_bus_metro
42,104,0.15,AM,w_bus_metro
42,105,0.3,AM,w_bus_metro
42,108,0.15,AM,w_bus_metro
42,114,0.45,AM,w_bus_metro
42,115,0.6,AM,w_bus_metro
42,116,1.5,AM,w_bus_metro
42,117,0.15,AM,w_bus_metro
42,120,7.65,AM,w_bus_metro
42,121,0.45,AM,w_bus_metro
42,123,0.6,AM,w_bus_metro
42,124,0.15,AM,w_bus_metro
42,125,0.45,AM,w_bus_metro
42,129,0.15,AM,w_bus_metro
42,131,0.3,AM,w_bus_metro
42,132,0.15,AM,w_bus_metro
42,139,0.3,AM,w_bus_metro
43,2,0.15,AM,w_bus_metro
43,3,1.95,AM,w_bus_metro
43,4,0.6,AM,w_bus_metro
43,7,0.3,AM,w_bus_metro
43,8,0.45,AM,w_bus_metro
43,10,0.3,AM,w_bus_metro
43,13,0.15,AM,w_bus_metro
43,14,0.15,AM,w_bus_metro
43,18,0.15,AM,w_bus_metro
43,20,0.45,AM,w_bus_metro
43,21,1.8,AM,w_bus_metro
43,22,2.25,AM,w_bus_metro
43,23,0.45,AM,w_bus_metro
43,25,8.1,AM,w_bus_metro
43,26,6.0,AM,w_bus_metro
43,28,0.15,AM,w_bus_metro
43,29,0.15,AM,w_bus_metro
43,30,2.4,AM,w_bus_metro
43,31,0.75,AM,w_bus_metro
43,32,7.05,AM,w_bus_metro
43,33,1.5,AM,w_bus_metro
43,34,0.6,AM,w_bus_metro
43,35,0.3,AM,w_bus_metro
43,36,2.85,AM,w_bus_metro
43,37,0.15,AM,w_bus_metro
43,38,4.35,AM,w_bus_metro
43,39,6.45,AM,w_bus_metro
43,40,2.85,AM,w_bus_metro
43,42,5.85,AM,w_bus_metro
43,44,1.35,AM,w_bus_metro
43,45,0.3,AM,w_bus_metro
43,46,0.45,AM,w_bus_metro
43,47,0.3,AM,w_bus_metro
43,48,0.75,AM,w_bus_metro
43,50,0.15,AM,w_bus_metro
43,51,0.15,AM,w_bus_metro
43,57,2.55,AM,w_bus_metro
43,58,3.45,AM,w_bus_metro
43,59,0.15,AM,w_bus_metro
43,60,3.6,AM,w_bus_metro
43,61,1.8,AM,w_bus_metro
43,62,0.9,AM,w_bus_metro
43,64,0.45,AM,w_bus_metro
43,65,0.75,AM,w_bus_metro
43,66,0.45,AM,w_bus_metro
43,67,12.9,AM,w_bus_metro
43,68,3.6,AM,w_bus_metro
43,74,0.3,AM,w_bus_metro
43,78,1.2,AM,w_bus_metro
43,79,1.95,AM,w_bus_metro
43,80,0.15,AM,w_bus_metro
43,81,0.15,AM,w_bus_metro
43,82,0.15,AM,w_bus_metro
43,84,0.3,AM,w_bus_metro
43,86,1.35,AM,w_bus_metro
43,87,3.9,AM,w_bus_metro
43,88,0.15,AM,w_bus_metro
43,89,0.6,AM,w_bus_metro
43,90,1.5,AM,w_bus_metro
43,95,0.15,AM,w_bus_metro
43,96,4.65,AM,w_bus_metro
43,97,3.6,AM,w_bus_metro
43,99,0.6,AM,w_bus_metro
43,100,0.3,AM,w_bus_metro
43,102,0.15,AM,w_bus_metro
43,114,0.15,AM,w_bus_metro
43,116,0.6,AM,w_bus_metro
43,120,4.05,AM,w_bus_metro
43,121,0.45,AM,w_bus_metro
43,123,0.45,AM,w_bus_metro
43,125,0.6,AM,w_bus_metro
43,129,0.15,AM,w_bus_metro
43,131,0.15,AM,w_bus_metro
43,132,0.15,AM,w_bus_metro
44,1,0.15,AM,w_bus_metro
44,2,0.3,AM,w_bus_metro
44,3,2.4,AM,w_bus_metro
44,4,1.65,AM,w_bus_metro
44,5,0.75,AM,w_bus_metro
44,6,0.15,AM,w_bus_metro
44,10,0.45,AM,w_bus_metro
44,12,0.6,AM,w_bus_metro
44,14,0.15,AM,w_bus_metro
44,20,2.25,AM,w_bus_metro
44,21,0.75,AM,w_bus_metro
44,22,3.15,AM,w_bus_metro
44,23,1.8,AM,w_bus_metro
44,24,0.6,AM,w_bus_metro
44,25,9.6,AM,w_bus_metro
44,26,4.35,AM,w_bus_metro
44,28,0.15,AM,w_bus_metro
44,29,0.3,AM,w_bus_metro
44,30,2.55,AM,w_bus_metro
44,31,2.1,AM,w_bus_metro
44,32,9.3,AM,w_bus_metro
44,33,2.1,AM,w_bus_metro
44,34,0.45,AM,w_bus_metro
44,35,1.2,AM,w_bus_metro
44,36,3.45,AM,w_bus_metro
44,37,0.45,AM,w_bus_metro
44,38,10.8,AM,w_bus_metro
44,39,7.65,AM,w_bus_metro
44,40,8.25,AM,w_bus_metro
44,41,0.45,AM,w_bus_metro
44,42,6.0,AM,w_bus_metro
44,43,1.05,AM,w_bus_metro
44,45,1.5,AM,w_bus_metro
44,46,1.35,AM,w_bus_metro
44,47,0.15,AM,w_bus_metro
44,48,2.1,AM,w_bus_metro
44,49,1.2,AM,w_bus_metro
44,50,1.05,AM,w_bus_metro
44,51,0.45,AM,w_bus_metro
44,53,0.15,AM,w_bus_metro
44,56,0.3,AM,w_bus_metro
44,57,7.95,AM,w_bus_metro
44,58,6.9,AM,w_bus_metro
44,59,0.6,AM,w_bus_metro
44,60,4.95,AM,w_bus_metro
44,61,2.85,AM,w_bus_metro
44,62,0.3,AM,w_bus_metro
44,63,0.15,AM,w_bus_metro
44,64,0.45,AM,w_bus_metro
44,65,1.2,AM,w_bus_metro
44,66,1.05,AM,w_bus_metro
44,67,20.55,AM,w_bus_metro
44,68,4.8,AM,w_bus_metro
44,70,0.15,AM,w_bus_metro
44,72,0.3,AM,w_bus_metro
44,74,0.6,AM,w_bus_metro
44,75,0.45,AM,w_bus_metro
44,77,0.15,AM,w_bus_metro
44,78,0.15,AM,w_bus_metro
44,79,1.05,AM,w_bus_metro
44,80,0.3,AM,w_bus_metro
44,81,0.3,AM,w_bus_metro
44,85,0.45,AM,w_bus_metro
44,86,1.5,AM,w_bus_metro
44,87,13.65,AM,w_bus_metro
44,89,1.05,AM,w_bus_metro
44,90,0.9,AM,w_bus_metro
44,92,0.15,AM,w_bus_metro
44,94,0.45,AM,w_bus_metro
44,95,1.95,AM,w_bus_metro
44,96,11.4,AM,w_bus_metro
44,97,2.85,AM,w_bus_metro
44,98,0.45,AM,w_bus_metro
44,99,1.95,AM,w_bus_metro
44,100,0.45,AM,w_bus_metro
44,101,0.15,AM,w_bus_metro
44,104,0.45,AM,w_bus_metro
44,105,0.15,AM,w_bus_metro
44,107,0.15,AM,w_bus_metro
44,108,0.3,AM,w_bus_metro
44,110,0.15,AM,w_bus_metro
44,112,0.3,AM,w_bus_metro
44,113,0.15,AM,w_bus_metro
44,114,0.75,AM,w_bus_metro
44,115,0.45,AM,w_bus_metro
44,116,1.05,AM,w_bus_metro
44,117,0.3,AM,w_bus_metro
44,120,6.75,AM,w_bus_metro
44,121,0.45,AM,w_bus_metro
44,122,0.9,AM,w_bus_metro
44,123,2.4,AM,w_bus_metro
44,125,0.9,AM,w_bus_metro
44,129,0.45,AM,w_bus_metro
44,130,0.3,AM,w_bus_metro
44,131,0.75,AM,w_bus_metro
44,132,0.3,AM,w_bus_metro
44,134,0.15,AM,w_bus_metro
44,136,0.6,AM,w_bus_metro
44,139,0.15,AM,w_bus_metro
44,140,0.15,AM,w_bus_metro
45,3,0.9,AM,w_bus_metro
45,4,0.45,AM,w_bus_metro
45,7,0.3,AM,w_bus_metro
45,8,0.15,AM,w_bus_metro
45,9,0.15,AM,w_bus_metro
45,10,0.15,AM,w_bus_metro
45,13,0.15,AM,w_bus_metro
45,15,1.05,AM,w_bus_metro
45,18,0.15,AM,w_bus_metro
45,21,0.15,AM,w_bus_metro
45,22,1.95,AM,w_bus_metro
45,23,0.9,AM,w_bus_metro
45,25,3.9,AM,w_bus_metro
45,26,2.85,AM,w_bus_metro
45,27,0.3,AM,w_bus_metro
45,28,0.15,AM,w_bus_metro
45,30,0.3,AM,w_bus_metro
45,31,0.45,AM,w_bus_metro
45,32,6.0,AM,w_bus_metro
45,33,0.3,AM,w_bus_metro
45,34,0.3,AM,w_bus_metro
45,35,0.75,AM,w_bus_metro
45,36,1.35,AM,w_bus_metro
45,38,2.25,AM,w_bus_metro
45,39,4.95,AM,w_bus_metro
45,40,4.2,AM,w_bus_metro
45,41,0.15,AM,w_bus_metro
45,42,2.7,AM,w_bus_metro
45,43,1.2,AM,w_bus_metro
45,44,2.7,AM,w_bus_metro
45,46,2.55,AM,w_bus_metro
45,48,0.45,AM,w_bus_metro
45,49,0.3,AM,w_bus_metro
45,50,0.15,AM,w_bus_metro
45,51,0.15,AM,w_bus_metro
45,54,0.15,AM,w_bus_metro
45,56,0.3,AM,w_bus_metro
45,57,1.2,AM,w_bus_metro
45,58,2.7,AM,w_bus_metro
45,59,0.15,AM,w_bus_metro
45,60,1.65,AM,w_bus_metro
45,61,1.5,AM,w_bus_metro
45,63,0.3,AM,w_bus_metro
45,64,0.6,AM,w_bus_metro
45,65,1.05,AM,w_bus_metro
45,66,0.3,AM,w_bus_metro
45,67,8.85,AM,w_bus_metro
45,68,0.6,AM,w_bus_metro
45,69,0.15,AM,w_bus_metro
45,76,0.15,AM,w_bus_metro
45,78,0.3,AM,w_bus_metro
45,79,1.35,AM,w_bus_metro
45,81,0.15,AM,w_bus_metro
45,83,0.15,AM,w_bus_metro
45,86,1.2,AM,w_bus_metro
45,87,4.2,AM,w_bus_metro
45,88,0.3,AM,w_bus_metro
45,89,0.45,AM,w_bus_metro
45,90,0.9,AM,w_bus_metro
45,91,0.45,AM,w_bus_metro
45,94,0.3,AM,w_bus_metro
45,95,0.3,AM,w_bus_metro
45,96,4.5,AM,w_bus_metro
45,97,0.75,AM,w_bus_metro
45,99,1.2,AM,w_bus_metro
45,100,0.9,AM,w_bus_metro
45,102,0.45,AM,w_bus_metro
45,104,0.15,AM,w_bus_metro
45,105,0.3,AM,w_bus_metro
45,108,0.6,AM,w_bus_metro
45,111,0.3,AM,w_bus_metro
45,113,0.15,AM,w_bus_metro
45,116,0.75,AM,w_bus_metro
45,120,1.35,AM,w_bus_metro
45,121,0.3,AM,w_bus_metro
45,123,0.9,AM,w_bus_metro
45,125,0.3,AM,w_bus_metro
45,129,0.15,AM,w_bus_metro
45,138,0.15,AM,w_bus_metro
46,3,2.55,AM,w_bus_metro
46,4,0.6,AM,w_bus_metro
46,6,0.15,AM,w_bus_metro
46,7,0.45,AM,w_bus_metro
46,8,0.3,AM,w_bus_metro
46,9,0.15,AM,w_bus_metro
46,15,0.15,AM,w_bus_metro
46,20,3.3,AM,w_bus_metro
46,21,2.1,AM,w_bus_metro
46,22,3.45,AM,w_bus_metro
46,23,1.05,AM,w_bus_metro
46,24,0.75,AM,w_bus_metro
46,25,10.5,AM,w_bus_metro
46,26,6.75,AM,w_bus_metro
46,28,0.3,AM,w_bus_metro
46,30,6.15,AM,w_bus_metro
46,31,1.65,AM,w_bus_metro
46,32,8.85,AM,w_bus_metro
46,33,1.8,AM,w_bus_metro
46,34,1.95,AM,w_bus_metro
46,35,0.9,AM,w_bus_metro
46,36,5.55,AM,w_bus_metro
46,37,0.6,AM,w_bus_metro
46,38,11.4,AM,w_bus_metro
46,39,7.65,AM,w_bus_metro
46,40,8.7,AM,w_bus_metro
46,41,1.35,AM,w_bus_metro
46,42,5.4,AM,w_bus_metro
46,43,1.95,AM,w_bus_metro
46,44,1.95,AM,w_bus_metro
46,45,2.25,AM,w_bus_metro
46,48,1.2,AM,w_bus_metro
46,49,0.75,AM,w_bus_metro
46,50,0.3,AM,w_bus_metro
46,51,0.15,AM,w_bus_metro
46,57,5.7,AM,w_bus_metro
46,58,7.8,AM,w_bus_metro
46,59,0.3,AM,w_bus_metro
46,60,4.8,AM,w_bus_metro
46,61,3.3,AM,w_bus_metro
46,62,0.6,AM,w_bus_metro
46,63,0.45,AM,w_bus_metro
46,64,0.75,AM,w_bus_metro
46,65,1.5,AM,w_bus_metro
46,66,0.9,AM,w_bus_metro
46,67,19.5,AM,w_bus_metro
46,68,6.3,AM,w_bus_metro
46,70,0.15,AM,w_bus_metro
46,74,0.3,AM,w_bus_metro
46,76,0.15,AM,w_bus_metro
46,77,0.15,AM,w_bus_metro
46,79,1.2,AM,w_bus_metro
46,80,1.05,AM,w_bus_metro
46,82,0.15,AM,w_bus_metro
46,84,0.3,AM,w_bus_metro
46,85,0.15,AM,w_bus_metro
46,86,0.15,AM,w_bus_metro
46,87,4.95,AM,w_bus_metro
46,90,0.15,AM,w_bus_metro
46,95,1.05,AM,w_bus_metro
46,96,9.0,AM,w_bus_metro
46,97,2.55,AM,w_bus_metro
46,98,0.15,AM,w_bus_metro
46,99,1.8,AM,w_bus_metro
46,100,1.05,AM,w_bus_metro
46,104,0.15,AM,w_bus_metro
46,108,0.45,AM,w_bus_metro
46,115,0.3,AM,w_bus_metro
46,116,0.75,AM,w_bus_metro
46,117,0.3,AM,w_bus_metro
46,120,5.25,AM,w_bus_metro
46,121,0.3,AM,w_bus_metro
46,122,0.15,AM,w_bus_metro
46,123,0.9,AM,w_bus_metro
46,124,0.15,AM,w_bus_metro
46,125,0.45,AM,w_bus_metro
46,126,0.3,AM,w_bus_metro
46,131,0.6,AM,w_bus_metro
46,132,0.6,AM,w_bus_metro
46,135,0.15,AM,w_bus_metro
46,136,0.15,AM,w_bus_metro
46,139,0.15,AM,w_bus_metro
47,2,0.15,AM,w_bus_metro
47,3,2.1,AM,w_bus_metro
47,4,0.9,AM,w_bus_metro
47,6,0.3,AM,w_bus_metro
47,7,0.75,AM,w_bus_metro
47,8,0.3,AM,w_bus_metro
47,9,0.15,AM,w_bus_metro
47,10,0.15,AM,w_bus_metro
47,13,0.9,AM,w_bus_metro
47,15,0.3,AM,w_bus_metro
47,17,0.15,AM,w_bus_metro
47,19,0.15,AM,w_bus_metro
47,20,0.6,AM,w_bus_metro
47,21,0.3,AM,w_bus_metro
47,22,1.2,AM,w_bus_metro
47,23,0.6,AM,w_bus_metro
47,24,0.3,AM,w_bus_metro
47,25,11.7,AM,w_bus_metro
47,26,7.8,AM,w_bus_metro
47,28,0.3,AM,w_bus_metro
47,29,0.15,AM,w_bus_metro
47,30,2.1,AM,w_bus_metro
47,31,1.2,AM,w_bus_metro
47,32,10.95,AM,w_bus_metro
47,33,4.2,AM,w_bus_metro
47,34,0.9,AM,w_bus_metro
47,35,0.45,AM,w_bus_metro
47,36,3.6,AM,w_bus_metro
47,38,16.35,AM,w_bus_metro
47,39,8.4,AM,w_bus_metro
47,40,2.25,AM,w_bus_metro
47,41,0.15,AM,w_bus_metro
47,42,1.2,AM,w_bus_metro
47,43,0.15,AM,w_bus_metro
47,44,0.45,AM,w_bus_metro
47,46,0.9,AM,w_bus_metro
47,48,3.75,AM,w_bus_metro
47,49,0.3,AM,w_bus_metro
47,57,6.0,AM,w_bus_metro
47,58,6.3,AM,w_bus_metro
47,59,0.45,AM,w_bus_metro
47,60,3.45,AM,w_bus_metro
47,61,2.55,AM,w_bus_metro
47,62,0.45,AM,w_bus_metro
47,63,1.35,AM,w_bus_metro
47,64,0.45,AM,w_bus_metro
47,65,1.2,AM,w_bus_metro
47,66,1.2,AM,w_bus_metro
47,67,13.8,AM,w_bus_metro
47,68,4.05,AM,w_bus_metro
47,70,0.3,AM,w_bus_metro
47,74,0.45,AM,w_bus_metro
47,76,0.15,AM,w_bus_metro
47,78,0.45,AM,w_bus_metro
47,79,0.6,AM,w_bus_metro
47,80,0.15,AM,w_bus_metro
47,81,0.15,AM,w_bus_metro
47,85,0.15,AM,w_bus_metro
47,86,0.9,AM,w_bus_metro
47,87,6.9,AM,w_bus_metro
47,89,0.3,AM,w_bus_metro
47,90,0.3,AM,w_bus_metro
47,93,0.15,AM,w_bus_metro
47,95,1.2,AM,w_bus_metro
47,96,10.2,AM,w_bus_metro
47,97,3.15,AM,w_bus_metro
47,99,1.35,AM,w_bus_metro
47,100,0.75,AM,w_bus_metro
47,105,0.3,AM,w_bus_metro
47,111,0.15,AM,w_bus_metro
47,115,0.45,AM,w_bus_metro
47,116,2.1,AM,w_bus_metro
47,117,0.3,AM,w_bus_metro
47,120,6.6,AM,w_bus_metro
47,123,1.35,AM,w_bus_metro
47,124,0.15,AM,w_bus_metro
47,129,0.3,AM,w_bus_metro
47,131,0.15,AM,w_bus_metro
47,136,0.15,AM,w_bus_metro
48,2,0.6,AM,w_bus_metro
48,3,1.2,AM,w_bus_metro
48,4,1.65,AM,w_bus_metro
48,5,0.15,AM,w_bus_metro
48,6,0.15,AM,w_bus_metro
48,7,0.6,AM,w_bus_metro
48,8,0.3,AM,w_bus_metro
48,9,0.3,AM,w_bus_metro
48,12,0.6,AM,w_bus_metro
48,13,0.15,AM,w_bus_metro
48,15,0.15,AM,w_bus_metro
48,20,1.5,AM,w_bus_metro
48,21,1.8,AM,w_bus_metro
48,22,3.6,AM,w_bus_metro
48,23,0.15,AM,w_bus_metro
48,24,0.9,AM,w_bus_metro
48,25,9.6,AM,w_bus_metro
48,26,8.4,AM,w_bus_metro
48,28,0.75,AM,w_bus_metro
48,30,1.65,AM,w_bus_metro
48,31,2.25,AM,w_bus_metro
48,32,8.7,AM,w_bus_metro
48,33,2.55,AM,w_bus_metro
48,34,1.65,AM,w_bus_metro
48,35,0.15,AM,w_bus_metro
48,36,1.95,AM,w_bus_metro
48,37,0.3,AM,w_bus_metro
48,38,12.6,AM,w_bus_metro
48,39,12.75,AM,w_bus_metro
48,40,4.05,AM,w_bus_metro
48,41,0.15,AM,w_bus_metro
48,42,2.25,AM,w_bus_metro
48,43,1.95,AM,w_bus_metro
48,44,1.35,AM,w_bus_metro
48,46,1.5,AM,w_bus_metro
48,47,1.35,AM,w_bus_metro
48,49,0.15,AM,w_bus_metro
48,57,6.15,AM,w_bus_metro
48,58,15.9,AM,w_bus_metro
48,59,0.6,AM,w_bus_metro
48,60,4.35,AM,w_bus_metro
48,61,6.75,AM,w_bus_metro
48,63,2.7,AM,w_bus_metro
48,64,1.05,AM,w_bus_metro
48,65,1.5,AM,w_bus_metro
48,66,1.35,AM,w_bus_metro
48,67,27.0,AM,w_bus_metro
48,68,5.85,AM,w_bus_metro
48,75,0.3,AM,w_bus_metro
48,76,0.15,AM,w_bus_metro
48,77,0.3,AM,w_bus_metro
48,78,1.05,AM,w_bus_metro
48,79,0.6,AM,w_bus_metro
48,80,0.6,AM,w_bus_metro
48,81,0.3,AM,w_bus_metro
48,83,0.15,AM,w_bus_metro
48,84,0.3,AM,w_bus_metro
48,85,0.15,AM,w_bus_metro
48,86,0.6,AM,w_bus_metro
48,87,5.85,AM,w_bus_metro
48,89,0.3,AM,w_bus_metro
48,90,0.9,AM,w_bus_metro
48,93,0.15,AM,w_bus_metro
48,95,1.65,AM,w_bus_metro
48,96,9.9,AM,w_bus_metro
48,97,3.45,AM,w_bus_metro
48,99,0.9,AM,w_bus_metro
48,100,0.45,AM,w_bus_metro
48,104,0.45,AM,w_bus_metro
48,105,0.45,AM,w_bus_metro
48,107,0.45,AM,w_bus_metro
48,108,0.45,AM,w_bus_metro
48,111,0.15,AM,w_bus_metro
48,114,0.6,AM,w_bus_metro
48,115,0.45,AM,w_bus_metro
48,116,0.45,AM,w_bus_metro
48,117,0.6,AM,w_bus_metro
48,118,0.75,AM,w_bus_metro
48,120,6.0,AM,w_bus_metro
48,121,0.3,AM,w_bus_metro
48,123,0.6,AM,w_bus_metro
48,124,0.15,AM,w_bus_metro
48,131,0.45,AM,w_bus_metro
48,139,0.15,AM,w_bus_metro
49,3,0.6,AM,w_bus_metro
49,8,0.15,AM,w_bus_metro
49,9,0.75,AM,w_bus_metro
49,10,0.15,AM,w_bus_metro
49,18,0.15,AM,w_bus_metro
49,20,0.45,AM,w_bus_metro
49,21,0.45,AM,w_bus_metro
49,22,1.5,AM,w_bus_metro
49,24,0.45,AM,w_bus_metro
49,25,0.15,AM,w_bus_metro
49,26,0.45,AM,w_bus_metro
49,27,0.3,AM,w_bus_metro
49,28,0.15,AM,w_bus_metro
49,31,0.3,AM,w_bus_metro
49,32,1.05,AM,w_bus_metro
49,35,1.35,AM,w_bus_metro
49,36,1.05,AM,w_bus_metro
49,38,0.75,AM,w_bus_metro
49,39,2.1,AM,w_bus_metro
49,40,0.9,AM,w_bus_metro
49,41,0.6,AM,w_bus_metro
49,42,0.3,AM,w_bus_metro
49,43,0.3,AM,w_bus_metro
49,44,1.05,AM,w_bus_metro
49,48,0.45,AM,w_bus_metro
49,50,0.15,AM,w_bus_metro
49,51,0.15,AM,w_bus_metro
49,52,0.15,AM,w_bus_metro
49,53,0.15,AM,w_bus_metro
49,57,0.3,AM,w_bus_metro
49,58,1.05,AM,w_bus_metro
49,60,0.9,AM,w_bus_metro
49,61,0.45,AM,w_bus_metro
49,64,0.15,AM,w_bus_metro
49,67,2.25,AM,w_bus_metro
49,68,0.45,AM,w_bus_metro
49,74,0.3,AM,w_bus_metro
49,75,0.6,AM,w_bus_metro
49,76,0.3,AM,w_bus_metro
49,77,0.15,AM,w_bus_metro
49,78,0.9,AM,w_bus_metro
49,79,1.35,AM,w_bus_metro
49,80,0.15,AM,w_bus_metro
49,86,0.6,AM,w_bus_metro
49,87,3.3,AM,w_bus_metro
49,89,0.15,AM,w_bus_metro
49,90,0.3,AM,w_bus_metro
49,95,0.3,AM,w_bus_metro
49,96,2.25,AM,w_bus_metro
49,97,0.9,AM,w_bus_metro
49,98,0.15,AM,w_bus_metro
49,99,0.45,AM,w_bus_metro
49,102,0.6,AM,w_bus_metro
49,103,0.15,AM,w_bus_metro
49,108,0.75,AM,w_bus_metro
49,114,0.15,AM,w_bus_metro
49,118,0.15,AM,w_bus_metro
49,120,0.6,AM,w_bus_metro
49,121,0.45,AM,w_bus_metro
49,123,1.5,AM,w_bus_metro
49,124,0.3,AM,w_bus_metro
49,129,0.15,AM,w_bus_metro
49,132,0.15,AM,w_bus_metro
49,138,0.15,AM,w_bus_metro
49,139,0.15,AM,w_bus_metro
50,1,0.3,AM,w_bus_metro
50,2,0.6,AM,w_bus_metro
50,3,1.5,AM,w_bus_metro
50,4,1.05,AM,w_bus_metro
50,5,0.15,AM,w_bus_metro
50,7,0.45,AM,w_bus_metro
50,10,0.75,AM,w_bus_metro
50,14,0.15,AM,w_bus_metro
50,15,1.65,AM,w_bus_metro
50,18,0.3,AM,w_bus_metro
50,20,0.3,AM,w_bus_metro
50,21,2.25,AM,w_bus_metro
50,22,0.9,AM,w_bus_metro
50,23,1.05,AM,w_bus_metro
50,24,0.6,AM,w_bus_metro
50,25,4.95,AM,w_bus_metro
50,26,3.0,AM,w_bus_metro
50,27,0.3,AM,w_bus_metro
50,28,0.45,AM,w_bus_metro
50,30,1.05,AM,w_bus_metro
50,31,0.75,AM,w_bus_metro
50,32,6.45,AM,w_bus_metro
50,33,1.05,AM,w_bus_metro
50,34,0.6,AM,w_bus_metro
50,35,2.25,AM,w_bus_metro
50,36,1.5,AM,w_bus_metro
50,37,0.15,AM,w_bus_metro
50,38,3.6,AM,w_bus_metro
50,39,4.5,AM,w_bus_metro
50,40,8.4,AM,w_bus_metro
50,41,0.75,AM,w_bus_metro
50,42,1.95,AM,w_bus_metro
50,43,0.6,AM,w_bus_metro
50,44,1.65,AM,w_bus_metro
50,45,0.45,AM,w_bus_metro
50,46,0.9,AM,w_bus_metro
50,47,0.45,AM,w_bus_metro
50,48,0.3,AM,w_bus_metro
50,49,1.35,AM,w_bus_metro
50,52,0.15,AM,w_bus_metro
50,53,0.15,AM,w_bus_metro
50,54,0.15,AM,w_bus_metro
50,56,1.35,AM,w_bus_metro
50,57,2.85,AM,w_bus_metro
50,58,3.75,AM,w_bus_metro
50,59,0.15,AM,w_bus_metro
50,60,2.55,AM,w_bus_metro
50,61,2.25,AM,w_bus_metro
50,62,0.75,AM,w_bus_metro
50,63,0.45,AM,w_bus_metro
50,64,1.05,AM,w_bus_metro
50,65,0.3,AM,w_bus_metro
50,66,0.45,AM,w_bus_metro
50,67,10.65,AM,w_bus_metro
50,68,3.45,AM,w_bus_metro
50,69,0.3,AM,w_bus_metro
50,71,0.3,AM,w_bus_metro
50,72,0.6,AM,w_bus_metro
50,74,0.15,AM,w_bus_metro
50,75,0.15,AM,w_bus_metro
50,76,0.75,AM,w_bus_metro
50,77,0.45,AM,w_bus_metro
50,78,1.05,AM,w_bus_metro
50,79,3.45,AM,w_bus_metro
50,80,0.45,AM,w_bus_metro
50,82,0.15,AM,w_bus_metro
50,85,1.05,AM,w_bus_metro
50,86,3.15,AM,w_bus_metro
50,87,10.2,AM,w_bus_metro
50,88,0.45,AM,w_bus_metro
50,89,0.15,AM,w_bus_metro
50,90,0.75,AM,w_bus_metro
50,91,0.15,AM,w_bus_metro
50,95,1.05,AM,w_bus_metro
50,96,7.05,AM,w_bus_metro
50,97,2.85,AM,w_bus_metro
50,98,0.75,AM,w_bus_metro
50,99,1.65,AM,w_bus_metro
50,100,0.75,AM,w_bus_metro
50,102,0.3,AM,w_bus_metro
50,104,0.3,AM,w_bus_metro
50,105,0.3,AM,w_bus_metro
50,111,0.6,AM,w_bus_metro
50,112,0.15,AM,w_bus_metro
50,113,0.15,AM,w_bus_metro
50,114,0.45,AM,w_bus_metro
50,115,0.15,AM,w_bus_metro
50,116,1.35,AM,w_bus_metro
50,117,0.15,AM,w_bus_metro
50,120,2.1,AM,w_bus_metro
50,121,1.35,AM,w_bus_metro
50,122,0.15,AM,w_bus_metro
50,123,2.7,AM,w_bus_metro
50,124,0.15,AM,w_bus_metro
50,125,1.2,AM,w_bus_metro
50,129,0.9,AM,w_bus_metro
50,131,0.6,AM,w_bus_metro
50,137,0.3,AM,w_bus_metro
50,138,3.0,AM,w_bus_metro
50,139,1.35,AM,w_bus_metro
50,140,0.15,AM,w_bus_metro
51,3,1.2,AM,w_bus_metro
51,4,0.3,AM,w_bus_metro
51,7,1.2,AM,w_bus_metro
51,9,0.15,AM,w_bus_metro
51,10,0.45,AM,w_bus_metro
51,14,0.15,AM,w_bus_metro
51,15,0.45,AM,w_bus_metro
51,18,0.15,AM,w_bus_metro
51,20,0.45,AM,w_bus_metro
51,21,0.15,AM,w_bus_metro
51,22,0.9,AM,w_bus_metro
51,23,0.45,AM,w_bus_metro
51,25,1.8,AM,w_bus_metro
51,26,1.65,AM,w_bus_metro
51,27,0.15,AM,w_bus_metro
51,30,0.3,AM,w_bus_metro
51,31,0.15,AM,w_bus_metro
51,32,0.75,AM,w_bus_metro
51,33,1.5,AM,w_bus_metro
51,35,1.05,AM,w_bus_metro
51,36,0.75,AM,w_bus_metro
51,38,1.5,AM,w_bus_metro
51,39,1.95,AM,w_bus_metro
51,40,3.0,AM,w_bus_metro
51,41,0.15,AM,w_bus_metro
51,42,1.05,AM,w_bus_metro
51,43,0.45,AM,w_bus_metro
51,44,0.9,AM,w_bus_metro
51,45,0.15,AM,w_bus_metro
51,47,0.15,AM,w_bus_metro
51,48,0.45,AM,w_bus_metro
51,49,1.8,AM,w_bus_metro
51,50,0.15,AM,w_bus_metro
51,52,0.6,AM,w_bus_metro
51,56,0.6,AM,w_bus_metro
51,57,1.35,AM,w_bus_metro
51,58,1.2,AM,w_bus_metro
51,59,0.45,AM,w_bus_metro
51,60,0.9,AM,w_bus_metro
51,61,0.9,AM,w_bus_metro
51,63,0.45,AM,w_bus_metro
51,64,0.6,AM,w_bus_metro
51,65,0.45,AM,w_bus_metro
51,67,4.35,AM,w_bus_metro
51,68,0.45,AM,w_bus_metro
51,69,0.15,AM,w_bus_metro
51,70,0.15,AM,w_bus_metro
51,71,0.15,AM,w_bus_metro
51,72,0.15,AM,w_bus_metro
51,73,0.9,AM,w_bus_metro
51,74,0.15,AM,w_bus_metro
51,75,0.45,AM,w_bus_metro
51,78,0.45,AM,w_bus_metro
51,79,0.6,AM,w_bus_metro
51,81,0.15,AM,w_bus_metro
51,83,0.15,AM,w_bus_metro
51,85,0.15,AM,w_bus_metro
51,86,1.65,AM,w_bus_metro
51,87,8.7,AM,w_bus_metro
51,88,0.3,AM,w_bus_metro
51,89,1.5,AM,w_bus_metro
51,90,0.9,AM,w_bus_metro
51,92,0.15,AM,w_bus_metro
51,93,0.15,AM,w_bus_metro
51,95,0.15,AM,w_bus_metro
51,96,4.2,AM,w_bus_metro
51,97,1.65,AM,w_bus_metro
51,99,1.05,AM,w_bus_metro
51,100,0.15,AM,w_bus_metro
51,102,0.15,AM,w_bus_metro
51,105,0.3,AM,w_bus_metro
51,107,0.45,AM,w_bus_metro
51,108,0.3,AM,w_bus_metro
51,111,0.6,AM,w_bus_metro
51,115,0.3,AM,w_bus_metro
51,116,0.15,AM,w_bus_metro
51,117,0.15,AM,w_bus_metro
51,120,0.15,AM,w_bus_metro
51,121,1.05,AM,w_bus_metro
51,122,0.3,AM,w_bus_metro
51,123,2.7,AM,w_bus_metro
51,124,0.3,AM,w_bus_metro
51,128,0.15,AM,w_bus_metro
51,129,0.6,AM,w_bus_metro
51,131,0.6,AM,w_bus_metro
51,132,0.45,AM,w_bus_metro
51,133,0.15,AM,w_bus_metro
51,135,0.15,AM,w_bus_metro
51,137,0.6,AM,w_bus_metro
51,139,0.45,AM,w_bus_metro
52,1,0.15,AM,w_bus_metro
52,3,0.3,AM,w_bus_metro
52,4,0.6,AM,w_bus_metro
52,7,0.15,AM,w_bus_metro
52,8,0.6,AM,w_bus_metro
52,9,0.15,AM,w_bus_metro
52,10,0.15,AM,w_bus_metro
52,13,0.15,AM,w_bus_metro
52,14,0.3,AM,w_bus_metro
52,15,0.45,AM,w_bus_metro
52,16,0.15,AM,w_bus_metro
52,18,0.45,AM,w_bus_metro
52,19,0.15,AM,w_bus_metro
52,20,0.15,AM,w_bus_metro
52,21,0.15,AM,w_bus_metro
52,23,0.3,AM,w_bus_metro
52,25,0.9,AM,w_bus_metro
52,26,0.9,AM,w_bus_metro
52,27,0.15,AM,w_bus_metro
52,28,0.15,AM,w_bus_metro
52,30,0.45,AM,w_bus_metro
52,31,0.15,AM,w_bus_metro
52,32,1.8,AM,w_bus_metro
52,34,0.3,AM,w_bus_metro
52,35,0.45,AM,w_bus_metro
52,36,0.3,AM,w_bus_metro
52,38,2.7,AM,w_bus_metro
52,39,1.5,AM,w_bus_metro
52,40,0.9,AM,w_bus_metro
52,41,0.45,AM,w_bus_metro
52,42,0.6,AM,w_bus_metro
52,43,0.15,AM,w_bus_metro
52,44,0.9,AM,w_bus_metro
52,46,0.15,AM,w_bus_metro
52,47,0.75,AM,w_bus_metro
52,48,0.45,AM,w_bus_metro
52,49,0.15,AM,w_bus_metro
52,51,0.75,AM,w_bus_metro
52,53,0.15,AM,w_bus_metro
52,54,0.6,AM,w_bus_metro
52,57,1.5,AM,w_bus_metro
52,58,0.9,AM,w_bus_metro
52,59,0.45,AM,w_bus_metro
52,60,2.25,AM,w_bus_metro
52,61,1.95,AM,w_bus_metro
52,62,0.45,AM,w_bus_metro
52,63,0.15,AM,w_bus_metro
52,64,0.6,AM,w_bus_metro
52,66,0.9,AM,w_bus_metro
52,67,6.45,AM,w_bus_metro
52,68,0.45,AM,w_bus_metro
52,70,0.15,AM,w_bus_metro
52,71,0.15,AM,w_bus_metro
52,75,0.6,AM,w_bus_metro
52,76,0.15,AM,w_bus_metro
52,77,0.15,AM,w_bus_metro
52,79,1.05,AM,w_bus_metro
52,80,0.6,AM,w_bus_metro
52,81,0.3,AM,w_bus_metro
52,83,0.3,AM,w_bus_metro
52,84,0.15,AM,w_bus_metro
52,86,1.2,AM,w_bus_metro
52,87,6.45,AM,w_bus_metro
52,88,0.45,AM,w_bus_metro
52,89,0.3,AM,w_bus_metro
52,91,0.15,AM,w_bus_metro
52,95,0.3,AM,w_bus_metro
52,96,5.55,AM,w_bus_metro
52,97,1.35,AM,w_bus_metro
52,98,0.15,AM,w_bus_metro
52,99,0.45,AM,w_bus_metro
52,100,0.3,AM,w_bus_metro
52,108,0.15,AM,w_bus_metro
52,114,0.45,AM,w_bus_metro
52,115,0.9,AM,w_bus_metro
52,116,0.3,AM,w_bus_metro
52,117,0.15,AM,w_bus_metro
52,120,0.9,AM,w_bus_metro
52,121,0.45,AM,w_bus_metro
52,122,0.15,AM,w_bus_metro
52,123,1.8,AM,w_bus_metro
52,128,0.15,AM,w_bus_metro
52,129,0.9,AM,w_bus_metro
52,130,0.3,AM,w_bus_metro
52,131,0.6,AM,w_bus_metro
52,137,0.3,AM,w_bus_metro
52,138,0.3,AM,w_bus_metro
52,139,0.45,AM,w_bus_metro
53,1,0.6,AM,w_bus_metro
53,3,0.45,AM,w_bus_metro
53,4,0.15,AM,w_bus_metro
53,6,0.15,AM,w_bus_metro
53,8,0.3,AM,w_bus_metro
53,9,0.3,AM,w_bus_metro
53,10,0.15,AM,w_bus_metro
53,15,0.6,AM,w_bus_metro
53,20,0.15,AM,w_bus_metro
53,21,0.15,AM,w_bus_metro
53,22,0.6,AM,w_bus_metro
53,23,0.15,AM,w_bus_metro
53,24,0.3,AM,w_bus_metro
53,25,2.55,AM,w_bus_metro
53,26,1.65,AM,w_bus_metro
53,27,0.6,AM,w_bus_metro
53,28,0.45,AM,w_bus_metro
53,30,0.75,AM,w_bus_metro
53,31,1.2,AM,w_bus_metro
53,32,5.85,AM,w_bus_metro
53,33,0.45,AM,w_bus_metro
53,34,0.3,AM,w_bus_metro
53,35,1.2,AM,w_bus_metro
53,36,1.2,AM,w_bus_metro
53,38,2.55,AM,w_bus_metro
53,39,5.25,AM,w_bus_metro
53,40,3.75,AM,w_bus_metro
53,42,1.65,AM,w_bus_metro
53,43,0.75,AM,w_bus_metro
53,44,1.2,AM,w_bus_metro
53,45,0.15,AM,w_bus_metro
53,46,0.45,AM,w_bus_metro
53,47,0.3,AM,w_bus_metro
53,48,0.75,AM,w_bus_metro
53,49,1.95,AM,w_bus_metro
53,50,0.45,AM,w_bus_metro
53,56,1.35,AM,w_bus_metro
53,57,1.65,AM,w_bus_metro
53,58,1.5,AM,w_bus_metro
53,59,0.3,AM,w_bus_metro
53,60,0.75,AM,w_bus_metro
53,61,2.7,AM,w_bus_metro
53,62,0.3,AM,w_bus_metro
53,63,0.3,AM,w_bus_metro
53,64,0.3,AM,w_bus_metro
53,65,0.3,AM,w_bus_metro
53,66,0.45,AM,w_bus_metro
53,67,7.95,AM,w_bus_metro
53,68,1.5,AM,w_bus_metro
53,71,0.3,AM,w_bus_metro
53,73,0.15,AM,w_bus_metro
53,74,0.15,AM,w_bus_metro
53,75,1.2,AM,w_bus_metro
53,76,0.45,AM,w_bus_metro
53,77,0.45,AM,w_bus_metro
53,78,0.75,AM,w_bus_metro
53,79,2.25,AM,w_bus_metro
53,80,0.9,AM,w_bus_metro
53,82,0.6,AM,w_bus_metro
53,83,0.15,AM,w_bus_metro
53,85,0.45,AM,w_bus_metro
53,86,3.3,AM,w_bus_metro
53,87,12.75,AM,w_bus_metro
53,88,0.15,AM,w_bus_metro
53,89,0.75,AM,w_bus_metro
53,90,1.2,AM,w_bus_metro
53,91,0.15,AM,w_bus_metro
53,93,0.3,AM,w_bus_metro
53,95,0.6,AM,w_bus_metro
53,96,7.35,AM,w_bus_metro
53,97,2.85,AM,w_bus_metro
53,98,0.6,AM,w_bus_metro
53,99,1.35,AM,w_bus_metro
53,102,0.15,AM,w_bus_metro
53,103,0.15,AM,w_bus_metro
53,104,0.3,AM,w_bus_metro
53,105,0.6,AM,w_bus_metro
53,108,0.3,AM,w_bus_metro
53,110,0.15,AM,w_bus_metro
53,114,0.6,AM,w_bus_metro
53,115,0.3,AM,w_bus_metro
53,116,0.3,AM,w_bus_metro
53,117,0.15,AM,w_bus_metro
53,120,1.35,AM,w_bus_metro
53,121,0.75,AM,w_bus_metro
53,123,1.35,AM,w_bus_metro
53,125,0.45,AM,w_bus_metro
53,127,0.15,AM,w_bus_metro
53,128,0.15,AM,w_bus_metro
53,129,0.6,AM,w_bus_metro
53,130,0.6,AM,w_bus_metro
53,131,0.3,AM,w_bus_metro
53,132,0.3,AM,w_bus_metro
53,136,0.3,AM,w_bus_metro
53,139,0.3,AM,w_bus_metro
54,2,0.45,AM,w_bus_metro
54,3,0.15,AM,w_bus_metro
54,4,0.45,AM,w_bus_metro
54,7,0.9,AM,w_bus_metro
54,10,0.75,AM,w_bus_metro
54,12,0.15,AM,w_bus_metro
54,14,0.15,AM,w_bus_metro
54,15,1.2,AM,w_bus_metro
54,18,1.05,AM,w_bus_metro
54,21,0.3,AM,w_bus_metro
54,22,0.45,AM,w_bus_metro
54,23,0.3,AM,w_bus_metro
54,25,2.1,AM,w_bus_metro
54,26,0.6,AM,w_bus_metro
54,27,0.3,AM,w_bus_metro
54,28,0.15,AM,w_bus_metro
54,30,1.05,AM,w_bus_metro
54,31,0.45,AM,w_bus_metro
54,32,3.15,AM,w_bus_metro
54,33,0.6,AM,w_bus_metro
54,34,0.15,AM,w_bus_metro
54,35,1.05,AM,w_bus_metro
54,36,0.9,AM,w_bus_metro
54,37,0.15,AM,w_bus_metro
54,38,1.35,AM,w_bus_metro
54,39,4.95,AM,w_bus_metro
54,40,1.8,AM,w_bus_metro
54,41,0.6,AM,w_bus_metro
54,42,1.2,AM,w_bus_metro
54,43,0.6,AM,w_bus_metro
54,44,1.2,AM,w_bus_metro
54,45,0.6,AM,w_bus_metro
54,46,0.3,AM,w_bus_metro
54,47,0.6,AM,w_bus_metro
54,48,0.75,AM,w_bus_metro
54,49,1.05,AM,w_bus_metro
54,51,0.45,AM,w_bus_metro
54,52,0.3,AM,w_bus_metro
54,53,0.45,AM,w_bus_metro
54,57,1.2,AM,w_bus_metro
54,58,1.5,AM,w_bus_metro
54,59,0.6,AM,w_bus_metro
54,60,1.2,AM,w_bus_metro
54,61,1.5,AM,w_bus_metro
54,62,0.3,AM,w_bus_metro
54,63,0.3,AM,w_bus_metro
54,64,0.6,AM,w_bus_metro
54,65,0.45,AM,w_bus_metro
54,66,0.45,AM,w_bus_metro
54,67,5.55,AM,w_bus_metro
54,68,1.05,AM,w_bus_metro
54,69,0.3,AM,w_bus_metro
54,72,0.3,AM,w_bus_metro
54,73,0.15,AM,w_bus_metro
54,74,0.15,AM,w_bus_metro
54,75,1.65,AM,w_bus_metro
54,76,0.15,AM,w_bus_metro
54,78,1.35,AM,w_bus_metro
54,79,2.7,AM,w_bus_metro
54,80,0.45,AM,w_bus_metro
54,81,0.15,AM,w_bus_metro
54,82,0.15,AM,w_bus_metro
54,83,0.15,AM,w_bus_metro
54,86,3.3,AM,w_bus_metro
54,87,9.0,AM,w_bus_metro
54,88,0.15,AM,w_bus_metro
54,89,0.15,AM,w_bus_metro
54,90,1.2,AM,w_bus_metro
54,92,0.45,AM,w_bus_metro
54,95,1.5,AM,w_bus_metro
54,96,6.0,AM,w_bus_metro
54,97,2.7,AM,w_bus_metro
54,98,0.15,AM,w_bus_metro
54,99,1.5,AM,w_bus_metro
54,100,0.15,AM,w_bus_metro
54,102,0.3,AM,w_bus_metro
54,105,0.45,AM,w_bus_metro
54,107,0.6,AM,w_bus_metro
54,108,0.75,AM,w_bus_metro
54,109,0.15,AM,w_bus_metro
54,111,0.15,AM,w_bus_metro
54,112,0.75,AM,w_bus_metro
54,113,0.15,AM,w_bus_metro
54,115,0.45,AM,w_bus_metro
54,116,0.45,AM,w_bus_metro
54,117,0.9,AM,w_bus_metro
54,120,1.35,AM,w_bus_metro
54,121,0.75,AM,w_bus_metro
54,122,0.15,AM,w_bus_metro
54,123,2.55,AM,w_bus_metro
54,125,0.45,AM,w_bus_metro
54,126,0.15,AM,w_bus_metro
54,128,0.15,AM,w_bus_metro
54,129,0.15,AM,w_bus_metro
54,130,0.45,AM,w_bus_metro
54,131,0.45,AM,w_bus_metro
54,132,0.3,AM,w_bus_metro
54,134,0.15,AM,w_bus_metro
54,136,0.3,AM,w_bus_metro
54,137,0.15,AM,w_bus_metro
54,139,0.75,AM,w_bus_metro
54,141,0.15,AM,w_bus_metro
55,4,0.3,AM,w_bus_metro
55,10,0.3,AM,w_bus_metro
55,12,0.15,AM,w_bus_metro
55,19,0.15,AM,w_bus_metro
55,20,0.15,AM,w_bus_metro
55,21,0.15,AM,w_bus_metro
55,23,0.3,AM,w_bus_metro
55,25,1.05,AM,w_bus_metro
55,27,0.3,AM,w_bus_metro
55,28,0.15,AM,w_bus_metro
55,30,0.6,AM,w_bus_metro
55,32,0.3,AM,w_bus_metro
55,33,0.3,AM,w_bus_metro
55,35,0.9,AM,w_bus_metro
55,38,1.35,AM,w_bus_metro
55,39,0.45,AM,w_bus_metro
55,40,0.75,AM,w_bus_metro
55,41,0.15,AM,w_bus_metro
55,42,0.3,AM,w_bus_metro
55,44,0.6,AM,w_bus_metro
55,46,0.3,AM,w_bus_metro
55,48,1.2,AM,w_bus_metro
55,49,0.45,AM,w_bus_metro
55,50,0.15,AM,w_bus_metro
55,53,0.75,AM,w_bus_metro
55,56,0.15,AM,w_bus_metro
55,57,0.3,AM,w_bus_metro
55,58,0.3,AM,w_bus_metro
55,61,0.15,AM,w_bus_metro
55,62,0.15,AM,w_bus_metro
55,64,0.15,AM,w_bus_metro
55,67,2.1,AM,w_bus_metro
55,68,0.45,AM,w_bus_metro
55,72,0.3,AM,w_bus_metro
55,74,0.15,AM,w_bus_metro
55,78,0.15,AM,w_bus_metro
55,79,1.65,AM,w_bus_metro
55,80,0.45,AM,w_bus_metro
55,85,0.15,AM,w_bus_metro
55,86,0.15,AM,w_bus_metro
55,87,3.6,AM,w_bus_metro
55,90,0.6,AM,w_bus_metro
55,95,0.15,AM,w_bus_metro
55,96,0.3,AM,w_bus_metro
55,97,0.9,AM,w_bus_metro
55,104,0.15,AM,w_bus_metro
55,105,0.15,AM,w_bus_metro
55,112,0.15,AM,w_bus_metro
55,113,0.15,AM,w_bus_metro
55,114,0.15,AM,w_bus_metro
55,120,0.75,AM,w_bus_metro
55,122,0.15,AM,w_bus_metro
55,123,0.75,AM,w_bus_metro
55,124,0.3,AM,w_bus_metro
55,125,0.15,AM,w_bus_metro
55,129,0.45,AM,w_bus_metro
55,130,0.15,AM,w_bus_metro
55,131,0.15,AM,w_bus_metro
55,134,0.3,AM,w_bus_metro
55,141,0.15,AM,w_bus_metro
56,1,0.3,AM,w_bus_metro
56,3,1.05,AM,w_bus_metro
56,4,0.45,AM,w_bus_metro
56,6,0.3,AM,w_bus_metro
56,7,1.5,AM,w_bus_metro
56,9,0.15,AM,w_bus_metro
56,10,1.35,AM,w_bus_metro
56,15,0.15,AM,w_bus_metro
56,18,0.15,AM,w_bus_metro
56,20,0.75,AM,w_bus_metro
56,21,0.6,AM,w_bus_metro
56,22,0.9,AM,w_bus_metro
56,23,0.45,AM,w_bus_metro
56,24,0.15,AM,w_bus_metro
56,25,2.1,AM,w_bus_metro
56,26,2.85,AM,w_bus_metro
56,28,0.45,AM,w_bus_metro
56,29,0.6,AM,w_bus_metro
56,30,1.5,AM,w_bus_metro
56,31,0.6,AM,w_bus_metro
56,32,4.05,AM,w_bus_metro
56,33,0.3,AM,w_bus_metro
56,34,0.45,AM,w_bus_metro
56,35,2.4,AM,w_bus_metro
56,36,0.6,AM,w_bus_metro
56,37,0.15,AM,w_bus_metro
56,38,3.0,AM,w_bus_metro
56,39,4.8,AM,w_bus_metro
56,40,4.65,AM,w_bus_metro
56,41,0.45,AM,w_bus_metro
56,42,2.1,AM,w_bus_metro
56,43,0.15,AM,w_bus_metro
56,44,1.35,AM,w_bus_metro
56,45,0.15,AM,w_bus_metro
56,46,0.6,AM,w_bus_metro
56,48,0.15,AM,w_bus_metro
56,49,2.25,AM,w_bus_metro
56,50,0.15,AM,w_bus_metro
56,51,1.05,AM,w_bus_metro
56,52,0.6,AM,w_bus_metro
56,53,0.6,AM,w_bus_metro
56,54,0.6,AM,w_bus_metro
56,57,2.4,AM,w_bus_metro
56,58,2.7,AM,w_bus_metro
56,59,0.15,AM,w_bus_metro
56,60,1.8,AM,w_bus_metro
56,61,1.95,AM,w_bus_metro
56,63,0.15,AM,w_bus_metro
56,64,0.3,AM,w_bus_metro
56,65,0.45,AM,w_bus_metro
56,66,0.45,AM,w_bus_metro
56,67,7.95,AM,w_bus_metro
56,68,1.2,AM,w_bus_metro
56,72,0.45,AM,w_bus_metro
56,74,0.75,AM,w_bus_metro
56,75,0.75,AM,w_bus_metro
56,76,0.15,AM,w_bus_metro
56,77,0.9,AM,w_bus_metro
56,78,0.45,AM,w_bus_metro
56,79,3.9,AM,w_bus_metro
56,80,0.3,AM,w_bus_metro
56,82,0.15,AM,w_bus_metro
56,83,0.45,AM,w_bus_metro
56,84,0.15,AM,w_bus_metro
56,85,0.3,AM,w_bus_metro
56,86,1.5,AM,w_bus_metro
56,87,15.45,AM,w_bus_metro
56,88,0.75,AM,w_bus_metro
56,89,1.8,AM,w_bus_metro
56,90,1.05,AM,w_bus_metro
56,91,0.75,AM,w_bus_metro
56,93,0.45,AM,w_bus_metro
56,94,0.6,AM,w_bus_metro
56,95,1.65,AM,w_bus_metro
56,96,7.95,AM,w_bus_metro
56,97,2.4,AM,w_bus_metro
56,99,1.35,AM,w_bus_metro
56,100,0.15,AM,w_bus_metro
56,102,1.2,AM,w_bus_metro
56,103,0.3,AM,w_bus_metro
56,104,0.3,AM,w_bus_metro
56,105,0.3,AM,w_bus_metro
56,107,0.15,AM,w_bus_metro
56,108,0.3,AM,w_bus_metro
56,109,0.15,AM,w_bus_metro
56,110,0.3,AM,w_bus_metro
56,111,0.15,AM,w_bus_metro
56,113,0.15,AM,w_bus_metro
56,114,0.15,AM,w_bus_metro
56,115,0.6,AM,w_bus_metro
56,120,2.1,AM,w_bus_metro
56,121,1.95,AM,w_bus_metro
56,122,0.3,AM,w_bus_metro
56,123,8.55,AM,w_bus_metro
56,125,0.6,AM,w_bus_metro
56,126,0.3,AM,w_bus_metro
56,127,0.15,AM,w_bus_metro
56,128,0.15,AM,w_bus_metro
56,129,0.9,AM,w_bus_metro
56,130,0.15,AM,w_bus_metro
56,131,0.75,AM,w_bus_metro
56,132,0.3,AM,w_bus_metro
56,133,0.75,AM,w_bus_metro
56,134,0.45,AM,w_bus_metro
56,136,0.15,AM,w_bus_metro
56,137,0.15,AM,w_bus_metro
56,138,0.3,AM,w_bus_metro
56,139,1.05,AM,w_bus_metro
57,1,0.3,AM,w_bus_metro
57,3,1.05,AM,w_bus_metro
57,8,0.15,AM,w_bus_metro
57,15,0.75,AM,w_bus_metro
57,20,0.6,AM,w_bus_metro
57,21,0.6,AM,w_bus_metro
57,24,0.15,AM,w_bus_metro
57,25,7.65,AM,w_bus_metro
57,26,4.2,AM,w_bus_metro
57,30,0.45,AM,w_bus_metro
57,31,0.75,AM,w_bus_metro
57,32,5.4,AM,w_bus_metro
57,33,0.45,AM,w_bus_metro
57,35,0.45,AM,w_bus_metro
57,36,0.15,AM,w_bus_metro
57,37,0.45,AM,w_bus_metro
57,38,8.4,AM,w_bus_metro
57,39,3.75,AM,w_bus_metro
57,40,0.9,AM,w_bus_metro
57,42,0.15,AM,w_bus_metro
57,43,0.3,AM,w_bus_metro
57,44,0.6,AM,w_bus_metro
57,46,0.15,AM,w_bus_metro
57,48,0.45,AM,w_bus_metro
57,49,0.15,AM,w_bus_metro
57,58,7.2,AM,w_bus_metro
57,59,0.6,AM,w_bus_metro
57,60,1.95,AM,w_bus_metro
57,61,1.35,AM,w_bus_metro
57,62,0.6,AM,w_bus_metro
57,63,0.15,AM,w_bus_metro
57,64,0.15,AM,w_bus_metro
57,65,0.9,AM,w_bus_metro
57,66,0.6,AM,w_bus_metro
57,67,19.05,AM,w_bus_metro
57,68,1.65,AM,w_bus_metro
57,71,0.15,AM,w_bus_metro
57,74,0.15,AM,w_bus_metro
57,76,0.15,AM,w_bus_metro
57,77,0.15,AM,w_bus_metro
57,79,1.5,AM,w_bus_metro
57,81,0.6,AM,w_bus_metro
57,86,0.9,AM,w_bus_metro
57,87,3.15,AM,w_bus_metro
57,88,0.15,AM,w_bus_metro
57,90,0.45,AM,w_bus_metro
57,93,0.15,AM,w_bus_metro
57,95,0.75,AM,w_bus_metro
57,96,4.95,AM,w_bus_metro
57,97,1.2,AM,w_bus_metro
57,99,1.2,AM,w_bus_metro
57,100,0.3,AM,w_bus_metro
57,102,0.15,AM,w_bus_metro
57,103,0.15,AM,w_bus_metro
57,106,0.15,AM,w_bus_metro
57,115,0.75,AM,w_bus_metro
57,117,0.15,AM,w_bus_metro
57,120,8.1,AM,w_bus_metro
57,121,0.3,AM,w_bus_metro
57,123,0.3,AM,w_bus_metro
57,125,0.15,AM,w_bus_metro
57,135,0.15,AM,w_bus_metro
58,4,0.15,AM,w_bus_metro
58,7,0.45,AM,w_bus_metro
58,8,0.15,AM,w_bus_metro
58,9,0.15,AM,w_bus_metro
58,10,0.15,AM,w_bus_metro
58,12,0.15,AM,w_bus_metro
58,13,0.15,AM,w_bus_metro
58,15,0.15,AM,w_bus_metro
58,21,0.75,AM,w_bus_metro
58,23,0.15,AM,w_bus_metro
58,25,2.55,AM,w_bus_metro
58,26,0.6,AM,w_bus_metro
58,28,0.15,AM,w_bus_metro
58,30,0.3,AM,w_bus_metro
58,31,0.9,AM,w_bus_metro
58,32,1.95,AM,w_bus_metro
58,35,0.45,AM,w_bus_metro
58,36,1.2,AM,w_bus_metro
58,38,2.1,AM,w_bus_metro
58,39,1.05,AM,w_bus_metro
58,40,1.35,AM,w_bus_metro
58,42,0.45,AM,w_bus_metro
58,43,0.6,AM,w_bus_metro
58,46,0.6,AM,w_bus_metro
58,47,0.15,AM,w_bus_metro
58,48,0.3,AM,w_bus_metro
58,49,0.3,AM,w_bus_metro
58,52,0.3,AM,w_bus_metro
58,53,0.15,AM,w_bus_metro
58,57,3.45,AM,w_bus_metro
58,60,0.6,AM,w_bus_metro
58,61,0.45,AM,w_bus_metro
58,63,0.15,AM,w_bus_metro
58,64,0.3,AM,w_bus_metro
58,65,0.15,AM,w_bus_metro
58,66,0.15,AM,w_bus_metro
58,67,5.55,AM,w_bus_metro
58,68,0.3,AM,w_bus_metro
58,71,0.15,AM,w_bus_metro
58,74,0.45,AM,w_bus_metro
58,77,0.15,AM,w_bus_metro
58,79,0.15,AM,w_bus_metro
58,81,0.3,AM,w_bus_metro
58,85,0.3,AM,w_bus_metro
58,86,0.3,AM,w_bus_metro
58,87,1.95,AM,w_bus_metro
58,88,0.15,AM,w_bus_metro
58,90,0.45,AM,w_bus_metro
58,95,0.3,AM,w_bus_metro
58,96,3.9,AM,w_bus_metro
58,97,0.6,AM,w_bus_metro
58,99,1.05,AM,w_bus_metro
58,100,0.45,AM,w_bus_metro
58,120,1.05,AM,w_bus_metro
58,121,0.75,AM,w_bus_metro
58,123,1.05,AM,w_bus_metro
58,125,0.15,AM,w_bus_metro
58,128,0.15,AM,w_bus_metro
58,129,0.15,AM,w_bus_metro
58,139,0.45,AM,w_bus_metro
59,3,1.35,AM,w_bus_metro
59,4,1.8,AM,w_bus_metro
59,6,0.3,AM,w_bus_metro
59,7,0.3,AM,w_bus_metro
59,9,0.15,AM,w_bus_metro
59,10,0.3,AM,w_bus_metro
59,14,0.15,AM,w_bus_metro
59,20,0.6,AM,w_bus_metro
59,21,1.05,AM,w_bus_metro
59,22,3.15,AM,w_bus_metro
59,23,0.15,AM,w_bus_metro
59,24,0.3,AM,w_bus_metro
59,25,8.7,AM,w_bus_metro
59,26,6.45,AM,w_bus_metro
59,29,0.15,AM,w_bus_metro
59,30,2.7,AM,w_bus_metro
59,31,1.2,AM,w_bus_metro
59,32,9.3,AM,w_bus_metro
59,33,1.65,AM,w_bus_metro
59,34,0.9,AM,w_bus_metro
59,35,0.15,AM,w_bus_metro
59,36,4.35,AM,w_bus_metro
59,37,0.15,AM,w_bus_metro
59,38,14.25,AM,w_bus_metro
59,39,5.4,AM,w_bus_metro
59,40,3.45,AM,w_bus_metro
59,42,1.95,AM,w_bus_metro
59,43,0.75,AM,w_bus_metro
59,44,1.2,AM,w_bus_metro
59,45,0.15,AM,w_bus_metro
59,46,0.6,AM,w_bus_metro
59,47,0.15,AM,w_bus_metro
59,48,2.85,AM,w_bus_metro
59,49,0.15,AM,w_bus_metro
59,50,0.45,AM,w_bus_metro
59,53,0.15,AM,w_bus_metro
59,56,0.3,AM,w_bus_metro
59,57,6.3,AM,w_bus_metro
59,58,9.0,AM,w_bus_metro
59,60,6.15,AM,w_bus_metro
59,61,5.25,AM,w_bus_metro
59,62,0.45,AM,w_bus_metro
59,63,0.15,AM,w_bus_metro
59,64,0.45,AM,w_bus_metro
59,66,0.3,AM,w_bus_metro
59,67,27.45,AM,w_bus_metro
59,68,5.4,AM,w_bus_metro
59,69,0.15,AM,w_bus_metro
59,76,0.3,AM,w_bus_metro
59,78,0.3,AM,w_bus_metro
59,79,1.35,AM,w_bus_metro
59,80,0.15,AM,w_bus_metro
59,81,0.15,AM,w_bus_metro
59,84,0.15,AM,w_bus_metro
59,85,0.15,AM,w_bus_metro
59,86,0.6,AM,w_bus_metro
59,87,7.05,AM,w_bus_metro
59,89,0.75,AM,w_bus_metro
59,90,1.65,AM,w_bus_metro
59,91,0.15,AM,w_bus_metro
59,93,0.15,AM,w_bus_metro
59,95,0.45,AM,w_bus_metro
59,96,8.4,AM,w_bus_metro
59,97,4.95,AM,w_bus_metro
59,98,0.15,AM,w_bus_metro
59,99,1.5,AM,w_bus_metro
59,100,0.3,AM,w_bus_metro
59,102,0.15,AM,w_bus_metro
59,108,0.75,AM,w_bus_metro
59,113,0.3,AM,w_bus_metro
59,115,0.9,AM,w_bus_metro
59,116,1.8,AM,w_bus_metro
59,117,0.45,AM,w_bus_metro
59,118,0.75,AM,w_bus_metro
59,120,10.05,AM,w_bus_metro
59,121,0.75,AM,w_bus_metro
59,123,0.9,AM,w_bus_metro
59,125,0.15,AM,w_bus_metro
59,128,0.15,AM,w_bus_metro
59,131,0.3,AM,w_bus_metro
59,135,0.15,AM,w_bus_metro
59,138,0.15,AM,w_bus_metro
59,140,0.15,AM,w_bus_metro
60,1,0.3,AM,w_bus_metro
60,2,0.3,AM,w_bus_metro
60,3,0.75,AM,w_bus_metro
60,4,1.8,AM,w_bus_metro
60,5,0.15,AM,w_bus_metro
60,7,0.15,AM,w_bus_metro
60,9,0.15,AM,w_bus_metro
60,10,0.3,AM,w_bus_metro
60,14,0.45,AM,w_bus_metro
60,15,0.3,AM,w_bus_metro
60,20,0.15,AM,w_bus_metro
60,21,1.5,AM,w_bus_metro
60,22,0.75,AM,w_bus_metro
60,23,0.6,AM,w_bus_metro
60,25,11.7,AM,w_bus_metro
60,26,12.15,AM,w_bus_metro
60,28,0.45,AM,w_bus_metro
60,29,0.15,AM,w_bus_metro
60,30,3.3,AM,w_bus_metro
60,31,1.35,AM,w_bus_metro
60,32,14.1,AM,w_bus_metro
60,33,1.05,AM,w_bus_metro
60,34,0.75,AM,w_bus_metro
60,35,0.9,AM,w_bus_metro
60,36,3.6,AM,w_bus_metro
60,37,0.45,AM,w_bus_metro
60,38,19.5,AM,w_bus_metro
60,39,8.85,AM,w_bus_metro
60,40,4.65,AM,w_bus_metro
60,42,2.55,AM,w_bus_metro
60,43,4.2,AM,w_bus_metro
60,44,1.5,AM,w_bus_metro
60,48,1.2,AM,w_bus_metro
60,49,0.3,AM,w_bus_metro
60,50,0.15,AM,w_bus_metro
60,51,0.15,AM,w_bus_metro
60,56,0.3,AM,w_bus_metro
60,57,12.6,AM,w_bus_metro
60,58,12.9,AM,w_bus_metro
60,59,0.3,AM,w_bus_metro
60,61,6.6,AM,w_bus_metro
60,62,0.3,AM,w_bus_metro
60,63,0.45,AM,w_bus_metro
60,64,0.9,AM,w_bus_metro
60,65,1.35,AM,w_bus_metro
60,66,0.6,AM,w_bus_metro
60,67,41.85,AM,w_bus_metro
60,68,3.9,AM,w_bus_metro
60,72,0.15,AM,w_bus_metro
60,73,0.3,AM,w_bus_metro
60,74,0.15,AM,w_bus_metro
60,75,0.3,AM,w_bus_metro
60,77,0.15,AM,w_bus_metro
60,78,0.75,AM,w_bus_metro
60,79,2.85,AM,w_bus_metro
60,80,0.15,AM,w_bus_metro
60,82,0.15,AM,w_bus_metro
60,83,0.15,AM,w_bus_metro
60,84,0.15,AM,w_bus_metro
60,85,0.15,AM,w_bus_metro
60,86,1.35,AM,w_bus_metro
60,87,10.2,AM,w_bus_metro
60,89,0.15,AM,w_bus_metro
60,90,1.65,AM,w_bus_metro
60,95,1.05,AM,w_bus_metro
60,96,12.3,AM,w_bus_metro
60,97,3.6,AM,w_bus_metro
60,99,1.65,AM,w_bus_metro
60,100,0.75,AM,w_bus_metro
60,102,0.15,AM,w_bus_metro
60,106,0.15,AM,w_bus_metro
60,108,0.15,AM,w_bus_metro
60,114,0.15,AM,w_bus_metro
60,115,0.9,AM,w_bus_metro
60,116,2.1,AM,w_bus_metro
60,117,0.9,AM,w_bus_metro
60,118,0.15,AM,w_bus_metro
60,120,9.0,AM,w_bus_metro
60,121,0.3,AM,w_bus_metro
60,123,0.75,AM,w_bus_metro
60,124,0.15,AM,w_bus_metro
60,125,0.15,AM,w_bus_metro
60,128,0.3,AM,w_bus_metro
60,131,0.3,AM,w_bus_metro
60,141,0.15,AM,w_bus_metro
61,3,0.75,AM,w_bus_metro
61,4,2.55,AM,w_bus_metro
61,6,0.6,AM,w_bus_metro
61,7,0.45,AM,w_bus_metro
61,8,0.3,AM,w_bus_metro
61,10,0.75,AM,w_bus_metro
61,12,0.15,AM,w_bus_metro
61,14,0.15,AM,w_bus_metro
61,15,0.6,AM,w_bus_metro
61,18,0.3,AM,w_bus_metro
61,20,1.2,AM,w_bus_metro
61,21,0.3,AM,w_bus_metro
61,22,0.45,AM,w_bus_metro
61,23,0.6,AM,w_bus_metro
61,24,0.45,AM,w_bus_metro
61,25,7.8,AM,w_bus_metro
61,26,4.8,AM,w_bus_metro
61,27,0.45,AM,w_bus_metro
61,28,0.75,AM,w_bus_metro
61,29,0.3,AM,w_bus_metro
61,30,1.8,AM,w_bus_metro
61,31,1.35,AM,w_bus_metro
61,32,7.65,AM,w_bus_metro
61,33,1.5,AM,w_bus_metro
61,34,0.9,AM,w_bus_metro
61,35,0.45,AM,w_bus_metro
61,36,3.9,AM,w_bus_metro
61,37,0.6,AM,w_bus_metro
61,38,9.15,AM,w_bus_metro
61,39,4.8,AM,w_bus_metro
61,40,5.1,AM,w_bus_metro
61,41,0.45,AM,w_bus_metro
61,42,1.5,AM,w_bus_metro
61,43,1.95,AM,w_bus_metro
61,44,0.75,AM,w_bus_metro
61,45,0.15,AM,w_bus_metro
61,46,0.15,AM,w_bus_metro
61,47,1.05,AM,w_bus_metro
61,48,2.4,AM,w_bus_metro
61,51,0.15,AM,w_bus_metro
61,52,0.45,AM,w_bus_metro
61,54,0.15,AM,w_bus_metro
61,57,6.0,AM,w_bus_metro
61,58,7.2,AM,w_bus_metro
61,59,0.9,AM,w_bus_metro
61,60,5.25,AM,w_bus_metro
61,62,0.75,AM,w_bus_metro
61,63,0.6,AM,w_bus_metro
61,64,1.95,AM,w_bus_metro
61,65,2.1,AM,w_bus_metro
61,66,0.75,AM,w_bus_metro
61,67,22.5,AM,w_bus_metro
61,68,3.75,AM,w_bus_metro
61,72,0.3,AM,w_bus_metro
61,73,0.15,AM,w_bus_metro
61,74,0.15,AM,w_bus_metro
61,75,0.15,AM,w_bus_metro
61,76,0.3,AM,w_bus_metro
61,77,0.3,AM,w_bus_metro
61,79,1.65,AM,w_bus_metro
61,80,0.6,AM,w_bus_metro
61,81,0.45,AM,w_bus_metro
61,82,0.15,AM,w_bus_metro
61,85,0.15,AM,w_bus_metro
61,86,0.9,AM,w_bus_metro
61,87,10.65,AM,w_bus_metro
61,88,0.15,AM,w_bus_metro
61,89,0.75,AM,w_bus_metro
61,90,0.6,AM,w_bus_metro
61,93,0.15,AM,w_bus_metro
61,95,1.2,AM,w_bus_metro
61,96,5.1,AM,w_bus_metro
61,97,3.9,AM,w_bus_metro
61,98,0.15,AM,w_bus_metro
61,99,1.2,AM,w_bus_metro
61,100,0.6,AM,w_bus_metro
61,101,0.15,AM,w_bus_metro
61,104,0.3,AM,w_bus_metro
61,105,0.15,AM,w_bus_metro
61,107,0.15,AM,w_bus_metro
61,108,1.05,AM,w_bus_metro
61,109,0.15,AM,w_bus_metro
61,112,0.3,AM,w_bus_metro
61,113,0.3,AM,w_bus_metro
61,114,0.15,AM,w_bus_metro
61,115,0.45,AM,w_bus_metro
61,116,2.4,AM,w_bus_metro
61,117,0.6,AM,w_bus_metro
61,118,0.3,AM,w_bus_metro
61,120,6.75,AM,w_bus_metro
61,121,0.3,AM,w_bus_metro
61,123,1.05,AM,w_bus_metro
61,124,0.15,AM,w_bus_metro
61,126,0.15,AM,w_bus_metro
61,129,0.15,AM,w_bus_metro
61,130,0.15,AM,w_bus_metro
61,131,0.6,AM,w_bus_metro
61,138,0.15,AM,w_bus_metro
62,3,0.15,AM,w_bus_metro
62,4,0.9,AM,w_bus_metro
62,6,0.75,AM,w_bus_metro
62,7,0.3,AM,w_bus_metro
62,8,0.3,AM,w_bus_metro
62,9,0.6,AM,w_bus_metro
62,10,0.6,AM,w_bus_metro
62,12,0.15,AM,w_bus_metro
62,13,0.15,AM,w_bus_metro
62,20,0.3,AM,w_bus_metro
62,21,0.15,AM,w_bus_metro
62,22,0.9,AM,w_bus_metro
62,23,0.3,AM,w_bus_metro
62,24,0.15,AM,w_bus_metro
62,25,3.0,AM,w_bus_metro
62,26,1.5,AM,w_bus_metro
62,28,0.15,AM,w_bus_metro
62,30,1.5,AM,w_bus_metro
62,31,0.45,AM,w_bus_metro
62,32,5.7,AM,w_bus_metro
62,33,0.9,AM,w_bus_metro
62,34,0.6,AM,w_bus_metro
62,37,0.45,AM,w_bus_metro
62,38,5.25,AM,w_bus_metro
62,39,4.2,AM,w_bus_metro
62,40,3.0,AM,w_bus_metro
62,42,1.05,AM,w_bus_metro
62,43,1.5,AM,w_bus_metro
62,44,1.05,AM,w_bus_metro
62,46,0.3,AM,w_bus_metro
62,47,0.3,AM,w_bus_metro
62,48,3.15,AM,w_bus_metro
62,50,0.45,AM,w_bus_metro
62,56,0.15,AM,w_bus_metro
62,57,3.0,AM,w_bus_metro
62,58,4.65,AM,w_bus_metro
62,59,0.15,AM,w_bus_metro
62,60,2.85,AM,w_bus_metro
62,61,4.8,AM,w_bus_metro
62,63,0.9,AM,w_bus_metro
62,64,1.35,AM,w_bus_metro
62,65,1.5,AM,w_bus_metro
62,67,13.2,AM,w_bus_metro
62,68,1.65,AM,w_bus_metro
62,73,0.15,AM,w_bus_metro
62,74,0.3,AM,w_bus_metro
62,78,0.3,AM,w_bus_metro
62,79,0.3,AM,w_bus_metro
62,80,1.05,AM,w_bus_metro
62,82,0.15,AM,w_bus_metro
62,84,0.6,AM,w_bus_metro
62,87,4.8,AM,w_bus_metro
62,90,0.15,AM,w_bus_metro
62,95,0.75,AM,w_bus_metro
62,96,5.55,AM,w_bus_metro
62,97,1.2,AM,w_bus_metro
62,98,0.3,AM,w_bus_metro
62,99,0.15,AM,w_bus_metro
62,100,0.75,AM,w_bus_metro
62,104,0.3,AM,w_bus_metro
62,108,0.15,AM,w_bus_metro
62,114,0.3,AM,w_bus_metro
62,115,0.3,AM,w_bus_metro
62,116,0.6,AM,w_bus_metro
62,117,0.15,AM,w_bus_metro
62,118,0.15,AM,w_bus_metro
62,120,2.55,AM,w_bus_metro
62,122,0.15,AM,w_bus_metro
62,123,0.45,AM,w_bus_metro
62,129,0.15,AM,w_bus_metro
63,1,0.15,AM,w_bus_metro
63,2,0.15,AM,w_bus_metro
63,3,0.3,AM,w_bus_metro
63,4,3.45,AM,w_bus_metro
63,5,0.15,AM,w_bus_metro
63,6,0.6,AM,w_bus_metro
63,8,0.75,AM,w_bus_metro
63,10,0.9,AM,w_bus_metro
63,11,0.15,AM,w_bus_metro
63,12,1.35,AM,w_bus_metro
63,13,0.45,AM,w_bus_metro
63,14,0.3,AM,w_bus_metro
63,15,0.6,AM,w_bus_metro
63,18,0.3,AM,w_bus_metro
63,19,0.9,AM,w_bus_metro
63,20,0.15,AM,w_bus_metro
63,21,0.45,AM,w_bus_metro
63,22,2.25,AM,w_bus_metro
63,23,2.4,AM,w_bus_metro
63,24,0.45,AM,w_bus_metro
63,25,9.15,AM,w_bus_metro
63,26,5.7,AM,w_bus_metro
63,27,0.3,AM,w_bus_metro
63,28,0.6,AM,w_bus_metro
63,30,4.2,AM,w_bus_metro
63,31,1.2,AM,w_bus_metro
63,32,10.5,AM,w_bus_metro
63,33,1.5,AM,w_bus_metro
63,34,0.6,AM,w_bus_metro
63,35,0.3,AM,w_bus_metro
63,36,3.45,AM,w_bus_metro
63,37,0.3,AM,w_bus_metro
63,38,8.1,AM,w_bus_metro
63,39,4.95,AM,w_bus_metro
63,40,2.85,AM,w_bus_metro
63,42,1.35,AM,w_bus_metro
63,43,2.4,AM,w_bus_metro
63,44,1.05,AM,w_bus_metro
63,45,0.15,AM,w_bus_metro
63,46,1.05,AM,w_bus_metro
63,47,2.1,AM,w_bus_metro
63,48,3.0,AM,w_bus_metro
63,49,0.15,AM,w_bus_metro
63,50,0.15,AM,w_bus_metro
63,57,2.55,AM,w_bus_metro
63,58,3.6,AM,w_bus_metro
63,59,0.45,AM,w_bus_metro
63,60,3.45,AM,w_bus_metro
63,61,7.35,AM,w_bus_metro
63,62,0.6,AM,w_bus_metro
63,64,4.05,AM,w_bus_metro
63,65,2.1,AM,w_bus_metro
63,66,0.9,AM,w_bus_metro
63,67,19.65,AM,w_bus_metro
63,68,1.8,AM,w_bus_metro
63,74,0.15,AM,w_bus_metro
63,77,0.15,AM,w_bus_metro
63,78,0.45,AM,w_bus_metro
63,79,0.6,AM,w_bus_metro
63,80,0.45,AM,w_bus_metro
63,84,0.15,AM,w_bus_metro
63,85,0.15,AM,w_bus_metro
63,86,0.75,AM,w_bus_metro
63,87,6.3,AM,w_bus_metro
63,93,0.3,AM,w_bus_metro
63,94,0.15,AM,w_bus_metro
63,95,1.2,AM,w_bus_metro
63,96,11.4,AM,w_bus_metro
63,97,3.9,AM,w_bus_metro
63,98,0.3,AM,w_bus_metro
63,99,2.1,AM,w_bus_metro
63,100,0.45,AM,w_bus_metro
63,104,0.15,AM,w_bus_metro
63,105,0.15,AM,w_bus_metro
63,106,0.15,AM,w_bus_metro
63,108,1.05,AM,w_bus_metro
63,109,0.15,AM,w_bus_metro
63,114,0.15,AM,w_bus_metro
63,115,1.35,AM,w_bus_metro
63,116,1.95,AM,w_bus_metro
63,117,0.75,AM,w_bus_metro
63,118,0.6,AM,w_bus_metro
63,120,7.35,AM,w_bus_metro
63,121,0.6,AM,w_bus_metro
63,123,0.6,AM,w_bus_metro
63,124,0.15,AM,w_bus_metro
63,125,0.15,AM,w_bus_metro
63,129,0.45,AM,w_bus_metro
63,131,0.15,AM,w_bus_metro
63,136,0.3,AM,w_bus_metro
63,139,0.6,AM,w_bus_metro
64,2,0.15,AM,w_bus_metro
64,3,0.9,AM,w_bus_metro
64,4,0.9,AM,w_bus_metro
64,6,0.6,AM,w_bus_metro
64,7,0.3,AM,w_bus_metro
64,8,0.15,AM,w_bus_metro
64,12,0.15,AM,w_bus_metro
64,13,1.5,AM,w_bus_metro
64,14,0.3,AM,w_bus_metro
64,15,0.15,AM,w_bus_metro
64,18,0.15,AM,w_bus_metro
64,19,0.3,AM,w_bus_metro
64,20,0.45,AM,w_bus_metro
64,21,0.3,AM,w_bus_metro
64,22,1.35,AM,w_bus_metro
64,23,1.35,AM,w_bus_metro
64,24,0.3,AM,w_bus_metro
64,25,6.45,AM,w_bus_metro
64,26,4.2,AM,w_bus_metro
64,28,0.3,AM,w_bus_metro
64,30,1.35,AM,w_bus_metro
64,31,0.9,AM,w_bus_metro
64,32,4.95,AM,w_bus_metro
64,33,0.9,AM,w_bus_metro
64,34,0.15,AM,w_bus_metro
64,35,0.15,AM,w_bus_metro
64,36,1.05,AM,w_bus_metro
64,37,0.3,AM,w_bus_metro
64,38,3.6,AM,w_bus_metro
64,39,3.3,AM,w_bus_metro
64,40,1.8,AM,w_bus_metro
64,42,0.6,AM,w_bus_metro
64,43,0.6,AM,w_bus_metro
64,44,0.9,AM,w_bus_metro
64,46,1.05,AM,w_bus_metro
64,47,0.45,AM,w_bus_metro
64,48,1.5,AM,w_bus_metro
64,49,0.15,AM,w_bus_metro
64,52,0.15,AM,w_bus_metro
64,56,0.15,AM,w_bus_metro
64,57,3.75,AM,w_bus_metro
64,58,3.3,AM,w_bus_metro
64,60,3.0,AM,w_bus_metro
64,61,2.4,AM,w_bus_metro
64,62,1.35,AM,w_bus_metro
64,63,0.75,AM,w_bus_metro
64,65,1.5,AM,w_bus_metro
64,67,18.45,AM,w_bus_metro
64,68,2.25,AM,w_bus_metro
64,72,0.6,AM,w_bus_metro
64,74,0.15,AM,w_bus_metro
64,78,0.15,AM,w_bus_metro
64,80,0.45,AM,w_bus_metro
64,81,0.3,AM,w_bus_metro
64,85,0.15,AM,w_bus_metro
64,86,0.45,AM,w_bus_metro
64,87,4.65,AM,w_bus_metro
64,90,0.45,AM,w_bus_metro
64,93,0.3,AM,w_bus_metro
64,94,0.15,AM,w_bus_metro
64,95,0.3,AM,w_bus_metro
64,96,7.5,AM,w_bus_metro
64,97,1.05,AM,w_bus_metro
64,99,1.2,AM,w_bus_metro
64,100,0.6,AM,w_bus_metro
64,104,0.3,AM,w_bus_metro
64,105,0.3,AM,w_bus_metro
64,106,0.15,AM,w_bus_metro
64,108,0.45,AM,w_bus_metro
64,109,0.15,AM,w_bus_metro
64,115,0.15,AM,w_bus_metro
64,116,1.8,AM,w_bus_metro
64,117,0.6,AM,w_bus_metro
64,118,0.3,AM,w_bus_metro
64,120,2.55,AM,w_bus_metro
64,121,0.6,AM,w_bus_metro
64,123,0.9,AM,w_bus_metro
64,125,0.15,AM,w_bus_metro
64,141,0.3,AM,w_bus_metro
65,2,0.45,AM,w_bus_metro
65,3,1.35,AM,w_bus_metro
65,4,1.8,AM,w_bus_metro
65,5,0.3,AM,w_bus_metro
65,6,0.15,AM,w_bus_metro
65,8,0.15,AM,w_bus_metro
65,9,0.45,AM,w_bus_metro
65,10,0.3,AM,w_bus_metro
65,12,0.45,AM,w_bus_metro
65,14,0.3,AM,w_bus_metro
65,15,0.45,AM,w_bus_metro
65,16,0.15,AM,w_bus_metro
65,20,0.45,AM,w_bus_metro
65,21,0.9,AM,w_bus_metro
65,22,0.45,AM,w_bus_metro
65,23,0.75,AM,w_bus_metro
65,24,0.6,AM,w_bus_metro
65,25,7.05,AM,w_bus_metro
65,26,5.4,AM,w_bus_metro
65,28,0.15,AM,w_bus_metro
65,30,2.55,AM,w_bus_metro
65,31,0.3,AM,w_bus_metro
65,32,9.3,AM,w_bus_metro
65,33,1.5,AM,w_bus_metro
65,34,0.6,AM,w_bus_metro
65,35,0.75,AM,w_bus_metro
65,36,3.3,AM,w_bus_metro
65,37,0.15,AM,w_bus_metro
65,38,9.0,AM,w_bus_metro
65,39,6.15,AM,w_bus_metro
65,40,5.25,AM,w_bus_metro
65,42,2.25,AM,w_bus_metro
65,43,3.0,AM,w_bus_metro
65,44,0.15,AM,w_bus_metro
65,45,0.3,AM,w_bus_metro
65,46,0.45,AM,w_bus_metro
65,47,0.15,AM,w_bus_metro
65,48,3.15,AM,w_bus_metro
65,49,1.5,AM,w_bus_metro
65,50,0.3,AM,w_bus_metro
65,51,0.15,AM,w_bus_metro
65,52,0.15,AM,w_bus_metro
65,57,6.6,AM,w_bus_metro
65,58,6.0,AM,w_bus_metro
65,59,0.3,AM,w_bus_metro
65,60,6.9,AM,w_bus_metro
65,61,10.65,AM,w_bus_metro
65,62,0.6,AM,w_bus_metro
65,63,1.8,AM,w_bus_metro
65,64,1.5,AM,w_bus_metro
65,66,0.9,AM,w_bus_metro
65,67,39.45,AM,w_bus_metro
65,68,7.35,AM,w_bus_metro
65,71,0.3,AM,w_bus_metro
65,72,0.3,AM,w_bus_metro
65,73,0.15,AM,w_bus_metro
65,74,0.3,AM,w_bus_metro
65,75,0.45,AM,w_bus_metro
65,78,0.75,AM,w_bus_metro
65,79,2.25,AM,w_bus_metro
65,80,0.3,AM,w_bus_metro
65,82,0.3,AM,w_bus_metro
65,85,0.3,AM,w_bus_metro
65,86,1.2,AM,w_bus_metro
65,87,11.1,AM,w_bus_metro
65,89,0.15,AM,w_bus_metro
65,90,0.3,AM,w_bus_metro
65,91,0.3,AM,w_bus_metro
65,94,0.15,AM,w_bus_metro
65,95,0.15,AM,w_bus_metro
65,96,13.2,AM,w_bus_metro
65,97,2.85,AM,w_bus_metro
65,98,0.6,AM,w_bus_metro
65,99,1.95,AM,w_bus_metro
65,100,0.3,AM,w_bus_metro
65,101,0.3,AM,w_bus_metro
65,102,0.15,AM,w_bus_metro
65,104,0.3,AM,w_bus_metro
65,105,0.15,AM,w_bus_metro
65,106,0.15,AM,w_bus_metro
65,107,0.45,AM,w_bus_metro
65,108,1.95,AM,w_bus_metro
65,109,0.3,AM,w_bus_metro
65,112,0.45,AM,w_bus_metro
65,113,0.15,AM,w_bus_metro
65,115,1.65,AM,w_bus_metro
65,116,2.1,AM,w_bus_metro
65,117,0.3,AM,w_bus_metro
65,120,7.35,AM,w_bus_metro
65,121,1.2,AM,w_bus_metro
65,122,0.15,AM,w_bus_metro
65,123,1.5,AM,w_bus_metro
65,124,0.15,AM,w_bus_metro
65,125,0.3,AM,w_bus_metro
65,126,0.15,AM,w_bus_metro
65,130,0.15,AM,w_bus_metro
65,132,0.15,AM,w_bus_metro
65,136,0.15,AM,w_bus_metro
65,139,0.15,AM,w_bus_metro
66,3,0.9,AM,w_bus_metro
66,4,1.05,AM,w_bus_metro
66,6,0.3,AM,w_bus_metro
66,7,0.15,AM,w_bus_metro
66,8,0.15,AM,w_bus_metro
66,9,0.3,AM,w_bus_metro
66,10,0.75,AM,w_bus_metro
66,14,0.6,AM,w_bus_metro
66,15,0.6,AM,w_bus_metro
66,18,0.15,AM,w_bus_metro
66,22,1.35,AM,w_bus_metro
66,23,0.75,AM,w_bus_metro
66,25,5.7,AM,w_bus_metro
66,26,1.65,AM,w_bus_metro
66,28,0.15,AM,w_bus_metro
66,30,1.95,AM,w_bus_metro
66,31,0.3,AM,w_bus_metro
66,32,5.1,AM,w_bus_metro
66,33,2.1,AM,w_bus_metro
66,34,0.3,AM,w_bus_metro
66,35,0.9,AM,w_bus_metro
66,36,3.0,AM,w_bus_metro
66,37,0.15,AM,w_bus_metro
66,38,7.35,AM,w_bus_metro
66,39,5.85,AM,w_bus_metro
66,40,2.25,AM,w_bus_metro
66,42,1.65,AM,w_bus_metro
66,43,0.75,AM,w_bus_metro
66,44,1.8,AM,w_bus_metro
66,46,0.3,AM,w_bus_metro
66,47,0.45,AM,w_bus_metro
66,48,1.8,AM,w_bus_metro
66,49,0.3,AM,w_bus_metro
66,51,0.6,AM,w_bus_metro
66,52,0.15,AM,w_bus_metro
66,53,0.15,AM,w_bus_metro
66,56,0.45,AM,w_bus_metro
66,57,5.25,AM,w_bus_metro
66,58,6.15,AM,w_bus_metro
66,59,1.65,AM,w_bus_metro
66,60,5.85,AM,w_bus_metro
66,61,6.0,AM,w_bus_metro
66,62,0.9,AM,w_bus_metro
66,63,1.35,AM,w_bus_metro
66,64,1.5,AM,w_bus_metro
66,65,1.95,AM,w_bus_metro
66,67,30.45,AM,w_bus_metro
66,68,3.0,AM,w_bus_metro
66,72,0.15,AM,w_bus_metro
66,73,0.3,AM,w_bus_metro
66,75,0.45,AM,w_bus_metro
66,76,0.15,AM,w_bus_metro
66,77,0.15,AM,w_bus_metro
66,78,0.6,AM,w_bus_metro
66,79,3.0,AM,w_bus_metro
66,80,0.45,AM,w_bus_metro
66,81,0.3,AM,w_bus_metro
66,84,0.6,AM,w_bus_metro
66,85,0.6,AM,w_bus_metro
66,86,1.5,AM,w_bus_metro
66,87,9.15,AM,w_bus_metro
66,88,0.75,AM,w_bus_metro
66,89,0.3,AM,w_bus_metro
66,90,1.5,AM,w_bus_metro
66,95,1.8,AM,w_bus_metro
66,96,13.2,AM,w_bus_metro
66,97,3.3,AM,w_bus_metro
66,98,0.15,AM,w_bus_metro
66,99,1.05,AM,w_bus_metro
66,100,0.9,AM,w_bus_metro
66,102,0.15,AM,w_bus_metro
66,104,0.15,AM,w_bus_metro
66,105,0.15,AM,w_bus_metro
66,108,0.3,AM,w_bus_metro
66,111,0.3,AM,w_bus_metro
66,114,0.15,AM,w_bus_metro
66,115,0.3,AM,w_bus_metro
66,116,0.9,AM,w_bus_metro
66,117,0.15,AM,w_bus_metro
66,120,3.45,AM,w_bus_metro
66,122,0.3,AM,w_bus_metro
66,123,1.5,AM,w_bus_metro
66,125,0.15,AM,w_bus_metro
66,131,0.15,AM,w_bus_metro
66,139,0.6,AM,w_bus_metro
66,140,0.15,AM,w_bus_metro
67,2,0.15,AM,w_bus_metro
67,3,0.45,AM,w_bus_metro
67,4,0.6,AM,w_bus_metro
67,5,0.15,AM,w_bus_metro
67,6,0.3,AM,w_bus_metro
67,7,0.9,AM,w_bus_metro
67,8,0.3,AM,w_bus_metro
67,9,0.15,AM,w_bus_metro
67,10,0.15,AM,w_bus_metro
67,12,0.15,AM,w_bus_metro
67,13,0.15,AM,w_bus_metro
67,18,0.6,AM,w_bus_metro
67,20,0.15,AM,w_bus_metro
67,22,0.3,AM,w_bus_metro
67,23,0.3,AM,w_bus_metro
67,24,0.15,AM,w_bus_metro
67,25,3.9,AM,w_bus_metro
67,26,2.7,AM,w_bus_metro
67,27,0.15,AM,w_bus_metro
67,30,1.2,AM,w_bus_metro
67,31,0.15,AM,w_bus_metro
67,32,3.9,AM,w_bus_metro
67,33,0.6,AM,w_bus_metro
67,34,0.75,AM,w_bus_metro
67,35,0.75,AM,w_bus_metro
67,36,0.15,AM,w_bus_metro
67,38,3.6,AM,w_bus_metro
67,39,2.1,AM,w_bus_metro
67,40,0.75,AM,w_bus_metro
67,42,0.75,AM,w_bus_metro
67,43,0.45,AM,w_bus_metro
67,44,0.75,AM,w_bus_metro
67,48,0.6,AM,w_bus_metro
67,49,1.2,AM,w_bus_metro
67,52,0.3,AM,w_bus_metro
67,53,0.15,AM,w_bus_metro
67,56,0.9,AM,w_bus_metro
67,57,2.7,AM,w_bus_metro
67,58,4.65,AM,w_bus_metro
67,59,0.6,AM,w_bus_metro
67,60,5.4,AM,w_bus_metro
67,61,1.05,AM,w_bus_metro
67,63,0.3,AM,w_bus_metro
67,65,1.35,AM,w_bus_metro
67,66,0.75,AM,w_bus_metro
67,68,2.7,AM,w_bus_metro
67,70,0.15,AM,w_bus_metro
67,74,0.3,AM,w_bus_metro
67,77,0.15,AM,w_bus_metro
67,78,0.3,AM,w_bus_metro
67,79,4.05,AM,w_bus_metro
67,81,0.3,AM,w_bus_metro
67,86,0.75,AM,w_bus_metro
67,87,3.3,AM,w_bus_metro
67,90,0.75,AM,w_bus_metro
67,91,0.9,AM,w_bus_metro
67,93,0.15,AM,w_bus_metro
67,95,0.6,AM,w_bus_metro
67,96,6.15,AM,w_bus_metro
67,97,1.35,AM,w_bus_metro
67,98,0.15,AM,w_bus_metro
67,99,0.6,AM,w_bus_metro
67,104,0.15,AM,w_bus_metro
67,105,0.15,AM,w_bus_metro
67,107,0.15,AM,w_bus_metro
67,108,0.45,AM,w_bus_metro
67,114,0.15,AM,w_bus_metro
67,115,0.45,AM,w_bus_metro
67,118,0.45,AM,w_bus_metro
67,120,1.8,AM,w_bus_metro
67,122,0.15,AM,w_bus_metro
67,123,1.05,AM,w_bus_metro
67,125,0.45,AM,w_bus_metro
67,139,0.3,AM,w_bus_metro
68,3,0.6,AM,w_bus_metro
68,4,0.75,AM,w_bus_metro
68,7,0.15,AM,w_bus_metro
68,8,0.3,AM,w_bus_metro
68,10,0.3,AM,w_bus_metro
68,14,0.45,AM,w_bus_metro
68,15,0.3,AM,w_bus_metro
68,25,1.05,AM,w_bus_metro
68,26,2.25,AM,w_bus_metro
68,27,0.3,AM,w_bus_metro
68,28,0.3,AM,w_bus_metro
68,30,0.75,AM,w_bus_metro
68,31,0.9,AM,w_bus_metro
68,32,2.4,AM,w_bus_metro
68,33,0.45,AM,w_bus_metro
68,34,0.15,AM,w_bus_metro
68,35,0.45,AM,w_bus_metro
68,36,0.15,AM,w_bus_metro
68,38,1.2,AM,w_bus_metro
68,39,4.05,AM,w_bus_metro
68,40,1.2,AM,w_bus_metro
68,41,0.3,AM,w_bus_metro
68,42,0.75,AM,w_bus_metro
68,43,0.45,AM,w_bus_metro
68,45,0.15,AM,w_bus_metro
68,46,0.15,AM,w_bus_metro
68,48,0.9,AM,w_bus_metro
68,49,0.45,AM,w_bus_metro
68,57,1.35,AM,w_bus_metro
68,58,1.95,AM,w_bus_metro
68,60,1.05,AM,w_bus_metro
68,61,1.8,AM,w_bus_metro
68,62,0.3,AM,w_bus_metro
68,63,0.3,AM,w_bus_metro
68,64,0.3,AM,w_bus_metro
68,65,0.15,AM,w_bus_metro
68,66,0.15,AM,w_bus_metro
68,67,4.65,AM,w_bus_metro
68,71,0.15,AM,w_bus_metro
68,72,0.15,AM,w_bus_metro
68,75,0.3,AM,w_bus_metro
68,78,0.15,AM,w_bus_metro
68,79,1.8,AM,w_bus_metro
68,80,0.3,AM,w_bus_metro
68,81,0.15,AM,w_bus_metro
68,82,0.15,AM,w_bus_metro
68,85,0.45,AM,w_bus_metro
68,86,1.2,AM,w_bus_metro
68,87,4.8,AM,w_bus_metro
68,90,0.6,AM,w_bus_metro
68,91,0.15,AM,w_bus_metro
68,93,0.15,AM,w_bus_metro
68,95,0.15,AM,w_bus_metro
68,96,4.2,AM,w_bus_metro
68,97,2.55,AM,w_bus_metro
68,99,0.9,AM,w_bus_metro
68,100,0.15,AM,w_bus_metro
68,102,0.75,AM,w_bus_metro
68,103,0.15,AM,w_bus_metro
68,106,0.15,AM,w_bus_metro
68,107,0.6,AM,w_bus_metro
68,111,0.15,AM,w_bus_metro
68,115,0.3,AM,w_bus_metro
68,116,0.45,AM,w_bus_metro
68,118,0.15,AM,w_bus_metro
68,120,0.75,AM,w_bus_metro
68,121,0.45,AM,w_bus_metro
68,123,0.3,AM,w_bus_metro
68,125,0.15,AM,w_bus_metro
68,128,0.15,AM,w_bus_metro
68,133,0.15,AM,w_bus_metro
68,135,0.15,AM,w_bus_metro
68,139,0.15,AM,w_bus_metro
69,2,0.15,AM,w_bus_metro
69,3,0.45,AM,w_bus_metro
69,4,0.3,AM,w_bus_metro
69,7,0.15,AM,w_bus_metro
69,15,0.45,AM,w_bus_metro
69,22,0.45,AM,w_bus_metro
69,25,1.2,AM,w_bus_metro
69,26,0.75,AM,w_bus_metro
69,28,0.15,AM,w_bus_metro
69,31,0.15,AM,w_bus_metro
69,32,2.4,AM,w_bus_metro
69,34,0.15,AM,w_bus_metro
69,35,0.3,AM,w_bus_metro
69,36,0.3,AM,w_bus_metro
69,37,0.15,AM,w_bus_metro
69,38,1.35,AM,w_bus_metro
69,39,0.9,AM,w_bus_metro
69,40,1.8,AM,w_bus_metro
69,41,0.15,AM,w_bus_metro
69,42,0.3,AM,w_bus_metro
69,44,0.6,AM,w_bus_metro
69,45,0.15,AM,w_bus_metro
69,47,0.15,AM,w_bus_metro
69,48,0.15,AM,w_bus_metro
69,49,0.15,AM,w_bus_metro
69,51,0.3,AM,w_bus_metro
69,53,0.15,AM,w_bus_metro
69,56,0.75,AM,w_bus_metro
69,57,1.05,AM,w_bus_metro
69,58,1.2,AM,w_bus_metro
69,60,0.15,AM,w_bus_metro
69,61,0.45,AM,w_bus_metro
69,62,0.15,AM,w_bus_metro
69,66,0.15,AM,w_bus_metro
69,67,3.9,AM,w_bus_metro
69,68,0.6,AM,w_bus_metro
69,71,0.3,AM,w_bus_metro
69,72,0.15,AM,w_bus_metro
69,73,0.45,AM,w_bus_metro
69,75,1.05,AM,w_bus_metro
69,76,0.15,AM,w_bus_metro
69,78,0.45,AM,w_bus_metro
69,79,0.75,AM,w_bus_metro
69,86,0.6,AM,w_bus_metro
69,87,2.4,AM,w_bus_metro
69,88,0.15,AM,w_bus_metro
69,89,0.3,AM,w_bus_metro
69,90,0.75,AM,w_bus_metro
69,93,0.15,AM,w_bus_metro
69,95,0.3,AM,w_bus_metro
69,96,1.95,AM,w_bus_metro
69,97,1.5,AM,w_bus_metro
69,99,0.3,AM,w_bus_metro
69,102,0.15,AM,w_bus_metro
69,111,0.45,AM,w_bus_metro
69,114,0.15,AM,w_bus_metro
69,115,0.15,AM,w_bus_metro
69,118,0.3,AM,w_bus_metro
69,120,0.6,AM,w_bus_metro
69,121,0.6,AM,w_bus_metro
69,123,1.05,AM,w_bus_metro
69,125,0.6,AM,w_bus_metro
69,131,0.45,AM,w_bus_metro
69,137,0.15,AM,w_bus_metro
70,4,0.15,AM,w_bus_metro
70,5,0.15,AM,w_bus_metro
70,7,0.15,AM,w_bus_metro
70,8,0.75,AM,w_bus_metro
70,9,0.15,AM,w_bus_metro
70,10,0.45,AM,w_bus_metro
70,12,0.15,AM,w_bus_metro
70,15,0.9,AM,w_bus_metro
70,22,0.15,AM,w_bus_metro
70,25,0.3,AM,w_bus_metro
70,26,0.15,AM,w_bus_metro
70,33,0.3,AM,w_bus_metro
70,34,0.45,AM,w_bus_metro
70,35,0.15,AM,w_bus_metro
70,36,0.6,AM,w_bus_metro
70,38,0.9,AM,w_bus_metro
70,39,1.05,AM,w_bus_metro
70,40,0.9,AM,w_bus_metro
70,42,1.2,AM,w_bus_metro
70,43,0.3,AM,w_bus_metro
70,47,0.45,AM,w_bus_metro
70,48,0.3,AM,w_bus_metro
70,49,0.3,AM,w_bus_metro
70,52,0.75,AM,w_bus_metro
70,57,1.05,AM,w_bus_metro
70,60,0.3,AM,w_bus_metro
70,61,0.75,AM,w_bus_metro
70,63,0.45,AM,w_bus_metro
70,64,0.15,AM,w_bus_metro
70,65,0.3,AM,w_bus_metro
70,66,0.15,AM,w_bus_metro
70,67,0.9,AM,w_bus_metro
70,68,1.2,AM,w_bus_metro
70,73,0.15,AM,w_bus_metro
70,74,0.3,AM,w_bus_metro
70,77,0.15,AM,w_bus_metro
70,78,0.3,AM,w_bus_metro
70,79,2.25,AM,w_bus_metro
70,80,0.45,AM,w_bus_metro
70,81,0.15,AM,w_bus_metro
70,86,1.05,AM,w_bus_metro
70,87,3.75,AM,w_bus_metro
70,89,0.6,AM,w_bus_metro
70,90,0.9,AM,w_bus_metro
70,95,0.3,AM,w_bus_metro
70,96,1.35,AM,w_bus_metro
70,97,1.05,AM,w_bus_metro
70,99,0.15,AM,w_bus_metro
70,100,0.3,AM,w_bus_metro
70,104,0.3,AM,w_bus_metro
70,105,0.15,AM,w_bus_metro
70,112,0.15,AM,w_bus_metro
70,114,0.15,AM,w_bus_metro
70,115,0.15,AM,w_bus_metro
70,116,0.3,AM,w_bus_metro
70,120,0.3,AM,w_bus_metro
70,121,0.3,AM,w_bus_metro
70,123,0.6,AM,w_bus_metro
70,125,0.15,AM,w_bus_metro
70,126,0.15,AM,w_bus_metro
70,129,0.3,AM,w_bus_metro
70,130,0.3,AM,w_bus_metro
70,132,0.15,AM,w_bus_metro
70,137,0.45,AM,w_bus_metro
70,139,0.75,AM,w_bus_metro
71,3,0.45,AM,w_bus_metro
71,4,0.15,AM,w_bus_metro
71,7,1.2,AM,w_bus_metro
71,9,0.15,AM,w_bus_metro
71,12,0.75,AM,w_bus_metro
71,13,0.15,AM,w_bus_metro
71,15,0.9,AM,w_bus_metro
71,20,0.15,AM,w_bus_metro
71,21,0.3,AM,w_bus_metro
71,22,0.75,AM,w_bus_metro
71,23,0.15,AM,w_bus_metro
71,24,0.3,AM,w_bus_metro
71,25,0.6,AM,w_bus_metro
71,26,1.2,AM,w_bus_metro
71,28,0.15,AM,w_bus_metro
71,30,0.75,AM,w_bus_metro
71,31,0.45,AM,w_bus_metro
71,32,2.1,AM,w_bus_metro
71,33,0.15,AM,w_bus_metro
71,34,0.15,AM,w_bus_metro
71,35,0.6,AM,w_bus_metro
71,36,0.3,AM,w_bus_metro
71,38,1.8,AM,w_bus_metro
71,39,3.6,AM,w_bus_metro
71,40,1.65,AM,w_bus_metro
71,42,1.35,AM,w_bus_metro
71,43,0.3,AM,w_bus_metro
71,44,0.45,AM,w_bus_metro
71,47,0.15,AM,w_bus_metro
71,48,0.45,AM,w_bus_metro
71,49,0.45,AM,w_bus_metro
71,51,0.15,AM,w_bus_metro
71,52,0.15,AM,w_bus_metro
71,53,0.15,AM,w_bus_metro
71,54,0.45,AM,w_bus_metro
71,56,1.35,AM,w_bus_metro
71,57,1.65,AM,w_bus_metro
71,58,1.2,AM,w_bus_metro
71,59,0.15,AM,w_bus_metro
71,60,0.9,AM,w_bus_metro
71,61,1.65,AM,w_bus_metro
71,63,0.3,AM,w_bus_metro
71,65,0.75,AM,w_bus_metro
71,66,0.3,AM,w_bus_metro
71,67,4.65,AM,w_bus_metro
71,68,1.2,AM,w_bus_metro
71,72,0.3,AM,w_bus_metro
71,74,0.15,AM,w_bus_metro
71,75,1.05,AM,w_bus_metro
71,76,0.6,AM,w_bus_metro
71,77,0.9,AM,w_bus_metro
71,78,0.9,AM,w_bus_metro
71,79,5.85,AM,w_bus_metro
71,80,0.15,AM,w_bus_metro
71,82,0.15,AM,w_bus_metro
71,85,0.45,AM,w_bus_metro
71,86,2.7,AM,w_bus_metro
71,87,8.7,AM,w_bus_metro
71,88,0.45,AM,w_bus_metro
71,89,0.15,AM,w_bus_metro
71,90,0.9,AM,w_bus_metro
71,95,1.05,AM,w_bus_metro
71,96,4.35,AM,w_bus_metro
71,97,1.8,AM,w_bus_metro
71,98,0.3,AM,w_bus_metro
71,99,0.9,AM,w_bus_metro
71,103,0.15,AM,w_bus_metro
71,104,0.3,AM,w_bus_metro
71,105,0.6,AM,w_bus_metro
71,106,0.15,AM,w_bus_metro
71,109,0.15,AM,w_bus_metro
71,110,0.3,AM,w_bus_metro
71,111,0.3,AM,w_bus_metro
71,112,0.3,AM,w_bus_metro
71,113,0.15,AM,w_bus_metro
71,114,0.6,AM,w_bus_metro
71,117,0.15,AM,w_bus_metro
71,118,0.15,AM,w_bus_metro
71,120,1.5,AM,w_bus_metro
71,121,1.5,AM,w_bus_metro
71,122,0.75,AM,w_bus_metro
71,123,3.3,AM,w_bus_metro
71,125,0.6,AM,w_bus_metro
71,129,0.9,AM,w_bus_metro
71,130,0.45,AM,w_bus_metro
71,131,0.3,AM,w_bus_metro
71,134,0.15,AM,w_bus_metro
71,136,0.15,AM,w_bus_metro
71,137,0.15,AM,w_bus_metro
71,139,0.75,AM,w_bus_metro
71,141,0.3,AM,w_bus_metro
72,2,0.3,AM,w_bus_metro
72,3,0.45,AM,w_bus_metro
72,4,0.6,AM,w_bus_metro
72,6,0.15,AM,w_bus_metro
72,7,0.45,AM,w_bus_metro
72,9,0.15,AM,w_bus_metro
72,10,1.05,AM,w_bus_metro
72,16,0.15,AM,w_bus_metro
72,22,0.15,AM,w_bus_metro
72,23,0.3,AM,w_bus_metro
72,24,0.3,AM,w_bus_metro
72,25,2.4,AM,w_bus_metro
72,26,0.75,AM,w_bus_metro
72,28,0.15,AM,w_bus_metro
72,30,0.6,AM,w_bus_metro
72,31,0.75,AM,w_bus_metro
72,32,2.4,AM,w_bus_metro
72,33,0.6,AM,w_bus_metro
72,34,0.3,AM,w_bus_metro
72,35,1.05,AM,w_bus_metro
72,36,0.6,AM,w_bus_metro
72,37,0.15,AM,w_bus_metro
72,38,1.5,AM,w_bus_metro
72,39,2.7,AM,w_bus_metro
72,40,1.95,AM,w_bus_metro
72,41,0.15,AM,w_bus_metro
72,42,1.05,AM,w_bus_metro
72,43,0.6,AM,w_bus_metro
72,44,0.45,AM,w_bus_metro
72,45,0.3,AM,w_bus_metro
72,48,0.75,AM,w_bus_metro
72,49,1.05,AM,w_bus_metro
72,51,0.3,AM,w_bus_metro
72,52,0.3,AM,w_bus_metro
72,56,0.15,AM,w_bus_metro
72,57,1.65,AM,w_bus_metro
72,58,1.35,AM,w_bus_metro
72,59,0.3,AM,w_bus_metro
72,60,1.05,AM,w_bus_metro
72,61,1.35,AM,w_bus_metro
72,64,0.45,AM,w_bus_metro
72,65,0.3,AM,w_bus_metro
72,66,0.15,AM,w_bus_metro
72,67,4.2,AM,w_bus_metro
72,68,1.2,AM,w_bus_metro
72,71,0.3,AM,w_bus_metro
72,73,0.15,AM,w_bus_metro
72,75,0.6,AM,w_bus_metro
72,76,0.15,AM,w_bus_metro
72,77,0.75,AM,w_bus_metro
72,79,2.1,AM,w_bus_metro
72,80,0.15,AM,w_bus_metro
72,81,0.15,AM,w_bus_metro
72,83,0.15,AM,w_bus_metro
72,85,0.15,AM,w_bus_metro
72,86,2.1,AM,w_bus_metro
72,87,3.9,AM,w_bus_metro
72,88,0.15,AM,w_bus_metro
72,89,0.3,AM,w_bus_metro
72,90,0.6,AM,w_bus_metro
72,94,0.15,AM,w_bus_metro
72,95,0.3,AM,w_bus_metro
72,96,4.2,AM,w_bus_metro
72,97,2.1,AM,w_bus_metro
72,98,0.15,AM,w_bus_metro
72,99,2.85,AM,w_bus_metro
72,100,0.3,AM,w_bus_metro
72,101,0.3,AM,w_bus_metro
72,102,0.45,AM,w_bus_metro
72,105,0.15,AM,w_bus_metro
72,107,0.15,AM,w_bus_metro
72,108,0.9,AM,w_bus_metro
72,111,0.6,AM,w_bus_metro
72,114,0.3,AM,w_bus_metro
72,115,0.3,AM,w_bus_metro
72,116,0.3,AM,w_bus_metro
72,120,0.6,AM,w_bus_metro
72,121,0.3,AM,w_bus_metro
72,122,0.15,AM,w_bus_metro
72,123,2.7,AM,w_bus_metro
72,125,0.45,AM,w_bus_metro
72,128,0.15,AM,w_bus_metro
72,129,0.15,AM,w_bus_metro
72,130,0.3,AM,w_bus_metro
72,133,0.15,AM,w_bus_metro
72,134,0.45,AM,w_bus_metro
72,138,0.3,AM,w_bus_metro
72,139,0.15,AM,w_bus_metro
72,141,0.15,AM,w_bus_metro
73,3,0.15,AM,w_bus_metro
73,4,0.45,AM,w_bus_metro
73,7,0.45,AM,w_bus_metro
73,8,0.45,AM,w_bus_metro
73,9,0.45,AM,w_bus_metro
73,10,0.45,AM,w_bus_metro
73,14,0.15,AM,w_bus_metro
73,15,0.3,AM,w_bus_metro
73,22,0.45,AM,w_bus_metro
73,25,1.5,AM,w_bus_metro
73,26,0.45,AM,w_bus_metro
73,28,0.3,AM,w_bus_metro
73,30,0.15,AM,w_bus_metro
73,31,0.3,AM,w_bus_metro
73,32,1.2,AM,w_bus_metro
73,33,1.2,AM,w_bus_metro
73,35,0.45,AM,w_bus_metro
73,36,0.75,AM,w_bus_metro
73,38,1.2,AM,w_bus_metro
73,39,1.95,AM,w_bus_metro
73,40,3.0,AM,w_bus_metro
73,42,1.35,AM,w_bus_metro
73,43,0.75,AM,w_bus_metro
73,44,0.45,AM,w_bus_metro
73,45,0.45,AM,w_bus_metro
73,46,0.15,AM,w_bus_metro
73,47,0.15,AM,w_bus_metro
73,48,1.35,AM,w_bus_metro
73,49,0.6,AM,w_bus_metro
73,50,0.3,AM,w_bus_metro
73,51,0.15,AM,w_bus_metro
73,52,0.15,AM,w_bus_metro
73,53,0.15,AM,w_bus_metro
73,56,0.15,AM,w_bus_metro
73,57,1.65,AM,w_bus_metro
73,58,0.3,AM,w_bus_metro
73,60,0.75,AM,w_bus_metro
73,61,1.2,AM,w_bus_metro
73,63,0.15,AM,w_bus_metro
73,64,0.3,AM,w_bus_metro
73,66,0.3,AM,w_bus_metro
73,67,3.45,AM,w_bus_metro
73,68,0.9,AM,w_bus_metro
73,74,0.15,AM,w_bus_metro
73,77,0.6,AM,w_bus_metro
73,78,0.9,AM,w_bus_metro
73,79,1.5,AM,w_bus_metro
73,80,0.15,AM,w_bus_metro
73,82,0.45,AM,w_bus_metro
73,86,2.25,AM,w_bus_metro
73,87,5.85,AM,w_bus_metro
73,88,0.15,AM,w_bus_metro
73,89,1.05,AM,w_bus_metro
73,90,0.45,AM,w_bus_metro
73,91,0.15,AM,w_bus_metro
73,93,0.45,AM,w_bus_metro
73,96,3.15,AM,w_bus_metro
73,97,2.1,AM,w_bus_metro
73,99,0.75,AM,w_bus_metro
73,105,0.45,AM,w_bus_metro
73,106,0.15,AM,w_bus_metro
73,107,0.3,AM,w_bus_metro
73,108,0.15,AM,w_bus_metro
73,112,0.15,AM,w_bus_metro
73,113,0.15,AM,w_bus_metro
73,115,0.15,AM,w_bus_metro
73,117,0.15,AM,w_bus_metro
73,120,0.6,AM,w_bus_metro
73,121,0.45,AM,w_bus_metro
73,123,1.65,AM,w_bus_metro
73,125,0.6,AM,w_bus_metro
73,129,0.6,AM,w_bus_metro
73,130,0.3,AM,w_bus_metro
73,136,0.15,AM,w_bus_metro
73,137,0.75,AM,w_bus_metro
73,139,0.3,AM,w_bus_metro
74,1,0.15,AM,w_bus_metro
74,3,1.35,AM,w_bus_metro
74,7,0.45,AM,w_bus_metro
74,9,0.3,AM,w_bus_metro
74,10,0.3,AM,w_bus_metro
74,14,0.3,AM,w_bus_metro
74,15,0.15,AM,w_bus_metro
74,22,0.15,AM,w_bus_metro
74,23,0.15,AM,w_bus_metro
74,25,1.65,AM,w_bus_metro
74,26,0.75,AM,w_bus_metro
74,31,0.9,AM,w_bus_metro
74,32,1.5,AM,w_bus_metro
74,33,0.45,AM,w_bus_metro
74,35,0.6,AM,w_bus_metro
74,36,0.6,AM,w_bus_metro
74,38,1.35,AM,w_bus_metro
74,39,3.3,AM,w_bus_metro
74,40,1.05,AM,w_bus_metro
74,42,0.3,AM,w_bus_metro
74,43,0.15,AM,w_bus_metro
74,44,0.45,AM,w_bus_metro
74,47,0.3,AM,w_bus_metro
74,49,0.45,AM,w_bus_metro
74,51,0.3,AM,w_bus_metro
74,56,0.15,AM,w_bus_metro
74,57,0.9,AM,w_bus_metro
74,59,0.15,AM,w_bus_metro
74,60,1.5,AM,w_bus_metro
74,61,1.05,AM,w_bus_metro
74,62,0.15,AM,w_bus_metro
74,64,0.15,AM,w_bus_metro
74,66,0.15,AM,w_bus_metro
74,67,3.75,AM,w_bus_metro
74,68,0.9,AM,w_bus_metro
74,73,0.3,AM,w_bus_metro
74,75,0.9,AM,w_bus_metro
74,76,0.15,AM,w_bus_metro
74,77,0.6,AM,w_bus_metro
74,78,0.3,AM,w_bus_metro
74,79,2.25,AM,w_bus_metro
74,80,0.45,AM,w_bus_metro
74,86,2.55,AM,w_bus_metro
74,87,3.9,AM,w_bus_metro
74,88,0.15,AM,w_bus_metro
74,89,0.6,AM,w_bus_metro
74,90,1.05,AM,w_bus_metro
74,91,0.15,AM,w_bus_metro
74,93,0.45,AM,w_bus_metro
74,95,0.15,AM,w_bus_metro
74,96,3.15,AM,w_bus_metro
74,97,1.2,AM,w_bus_metro
74,99,0.9,AM,w_bus_metro
74,102,0.3,AM,w_bus_metro
74,105,0.15,AM,w_bus_metro
74,107,0.45,AM,w_bus_metro
74,110,0.75,AM,w_bus_metro
74,112,0.15,AM,w_bus_metro
74,114,0.75,AM,w_bus_metro
74,115,0.45,AM,w_bus_metro
74,118,0.15,AM,w_bus_metro
74,120,1.05,AM,w_bus_metro
74,121,1.2,AM,w_bus_metro
74,122,0.3,AM,w_bus_metro
74,123,0.75,AM,w_bus_metro
74,125,0.15,AM,w_bus_metro
74,131,0.15,AM,w_bus_metro
74,133,0.3,AM,w_bus_metro
74,140,0.15,AM,w_bus_metro
74,141,0.15,AM,w_bus_metro
75,3,0.15,AM,w_bus_metro
75,4,0.3,AM,w_bus_metro
75,8,0.3,AM,w_bus_metro
75,10,0.6,AM,w_bus_metro
75,12,0.15,AM,w_bus_metro
75,14,0.15,AM,w_bus_metro
75,15,0.3,AM,w_bus_metro
75,22,0.45,AM,w_bus_metro
75,23,0.15,AM,w_bus_metro
75,25,1.95,AM,w_bus_metro
75,26,1.65,AM,w_bus_metro
75,29,0.15,AM,w_bus_metro
75,30,1.05,AM,w_bus_metro
75,31,0.6,AM,w_bus_metro
75,32,2.1,AM,w_bus_metro
75,33,0.3,AM,w_bus_metro
75,35,1.35,AM,w_bus_metro
75,36,0.75,AM,w_bus_metro
75,37,0.3,AM,w_bus_metro
75,38,1.35,AM,w_bus_metro
75,39,3.15,AM,w_bus_metro
75,40,2.7,AM,w_bus_metro
75,41,0.15,AM,w_bus_metro
75,42,0.6,AM,w_bus_metro
75,43,0.45,AM,w_bus_metro
75,44,0.15,AM,w_bus_metro
75,47,0.3,AM,w_bus_metro
75,48,0.45,AM,w_bus_metro
75,49,0.75,AM,w_bus_metro
75,50,0.15,AM,w_bus_metro
75,51,0.3,AM,w_bus_metro
75,52,0.15,AM,w_bus_metro
75,56,0.6,AM,w_bus_metro
75,57,0.9,AM,w_bus_metro
75,58,0.3,AM,w_bus_metro
75,59,0.3,AM,w_bus_metro
75,60,0.75,AM,w_bus_metro
75,61,0.9,AM,w_bus_metro
75,63,0.15,AM,w_bus_metro
75,65,0.75,AM,w_bus_metro
75,66,0.15,AM,w_bus_metro
75,67,6.0,AM,w_bus_metro
75,68,1.2,AM,w_bus_metro
75,69,0.15,AM,w_bus_metro
75,73,0.15,AM,w_bus_metro
75,76,0.15,AM,w_bus_metro
75,77,0.15,AM,w_bus_metro
75,78,0.15,AM,w_bus_metro
75,79,2.4,AM,w_bus_metro
75,81,0.15,AM,w_bus_metro
75,82,0.3,AM,w_bus_metro
75,85,0.15,AM,w_bus_metro
75,86,1.35,AM,w_bus_metro
75,87,6.0,AM,w_bus_metro
75,88,0.3,AM,w_bus_metro
75,89,1.5,AM,w_bus_metro
75,90,1.8,AM,w_bus_metro
75,95,0.15,AM,w_bus_metro
75,96,5.7,AM,w_bus_metro
75,97,1.2,AM,w_bus_metro
75,98,0.9,AM,w_bus_metro
75,99,0.75,AM,w_bus_metro
75,101,0.15,AM,w_bus_metro
75,105,0.3,AM,w_bus_metro
75,106,0.15,AM,w_bus_metro
75,107,0.6,AM,w_bus_metro
75,113,0.15,AM,w_bus_metro
75,114,0.6,AM,w_bus_metro
75,116,0.9,AM,w_bus_metro
75,117,0.15,AM,w_bus_metro
75,120,1.35,AM,w_bus_metro
75,121,0.75,AM,w_bus_metro
75,123,0.15,AM,w_bus_metro
75,125,0.6,AM,w_bus_metro
75,128,0.45,AM,w_bus_metro
75,130,0.45,AM,w_bus_metro
75,131,0.15,AM,w_bus_metro
75,132,0.15,AM,w_bus_metro
75,135,0.15,AM,w_bus_metro
75,139,0.3,AM,w_bus_metro
76,1,0.15,AM,w_bus_metro
76,2,0.3,AM,w_bus_metro
76,3,0.3,AM,w_bus_metro
76,4,0.15,AM,w_bus_metro
76,6,0.15,AM,w_bus_metro
76,9,0.3,AM,w_bus_metro
76,10,0.15,AM,w_bus_metro
76,12,0.15,AM,w_bus_metro
76,13,0.15,AM,w_bus_metro
76,14,0.3,AM,w_bus_metro
76,15,0.15,AM,w_bus_metro
76,25,1.5,AM,w_bus_metro
76,26,0.45,AM,w_bus_metro
76,28,1.05,AM,w_bus_metro
76,30,0.15,AM,w_bus_metro
76,31,0.9,AM,w_bus_metro
76,32,2.1,AM,w_bus_metro
76,33,0.45,AM,w_bus_metro
76,34,0.3,AM,w_bus_metro
76,35,0.75,AM,w_bus_metro
76,36,1.2,AM,w_bus_metro
76,37,0.6,AM,w_bus_metro
76,38,1.65,AM,w_bus_metro
76,39,2.25,AM,w_bus_metro
76,40,1.95,AM,w_bus_metro
76,42,0.6,AM,w_bus_metro
76,43,0.15,AM,w_bus_metro
76,44,0.75,AM,w_bus_metro
76,45,0.15,AM,w_bus_metro
76,46,0.45,AM,w_bus_metro
76,47,0.3,AM,w_bus_metro
76,48,0.3,AM,w_bus_metro
76,49,1.2,AM,w_bus_metro
76,51,0.15,AM,w_bus_metro
76,53,0.15,AM,w_bus_metro
76,56,0.75,AM,w_bus_metro
76,57,1.2,AM,w_bus_metro
76,58,1.05,AM,w_bus_metro
76,60,1.2,AM,w_bus_metro
76,61,3.15,AM,w_bus_metro
76,62,0.15,AM,w_bus_metro
76,63,0.15,AM,w_bus_metro
76,64,0.3,AM,w_bus_metro
76,65,0.75,AM,w_bus_metro
76,67,6.75,AM,w_bus_metro
76,68,0.9,AM,w_bus_metro
76,71,0.15,AM,w_bus_metro
76,75,0.6,AM,w_bus_metro
76,77,0.45,AM,w_bus_metro
76,78,0.15,AM,w_bus_metro
76,79,1.65,AM,w_bus_metro
76,80,0.15,AM,w_bus_metro
76,81,0.45,AM,w_bus_metro
76,86,1.2,AM,w_bus_metro
76,87,4.2,AM,w_bus_metro
76,89,0.15,AM,w_bus_metro
76,90,0.9,AM,w_bus_metro
76,91,0.15,AM,w_bus_metro
76,95,0.45,AM,w_bus_metro
76,96,4.05,AM,w_bus_metro
76,97,1.95,AM,w_bus_metro
76,98,0.3,AM,w_bus_metro
76,99,0.15,AM,w_bus_metro
76,100,0.6,AM,w_bus_metro
76,102,0.15,AM,w_bus_metro
76,104,0.15,AM,w_bus_metro
76,105,0.3,AM,w_bus_metro
76,108,0.3,AM,w_bus_metro
76,110,0.15,AM,w_bus_metro
76,115,0.6,AM,w_bus_metro
76,116,0.3,AM,w_bus_metro
76,117,0.15,AM,w_bus_metro
76,120,0.45,AM,w_bus_metro
76,121,0.15,AM,w_bus_metro
76,122,0.15,AM,w_bus_metro
76,123,1.2,AM,w_bus_metro
76,126,0.15,AM,w_bus_metro
76,131,0.3,AM,w_bus_metro
76,132,0.15,AM,w_bus_metro
76,139,0.6,AM,w_bus_metro
76,140,0.3,AM,w_bus_metro
76,141,0.45,AM,w_bus_metro
77,1,0.45,AM,w_bus_metro
77,2,0.15,AM,w_bus_metro
77,3,0.6,AM,w_bus_metro
77,4,0.3,AM,w_bus_metro
77,6,0.3,AM,w_bus_metro
77,7,0.45,AM,w_bus_metro
77,8,0.45,AM,w_bus_metro
77,9,0.3,AM,w_bus_metro
77,10,0.15,AM,w_bus_metro
77,11,0.3,AM,w_bus_metro
77,12,0.3,AM,w_bus_metro
77,15,0.15,AM,w_bus_metro
77,20,0.3,AM,w_bus_metro
77,23,0.3,AM,w_bus_metro
77,24,0.15,AM,w_bus_metro
77,25,0.15,AM,w_bus_metro
77,26,0.75,AM,w_bus_metro
77,28,0.3,AM,w_bus_metro
77,30,0.6,AM,w_bus_metro
77,31,0.45,AM,w_bus_metro
77,32,4.35,AM,w_bus_metro
77,33,0.6,AM,w_bus_metro
77,34,0.3,AM,w_bus_metro
77,35,1.05,AM,w_bus_metro
77,36,1.65,AM,w_bus_metro
77,37,0.3,AM,w_bus_metro
77,38,1.65,AM,w_bus_metro
77,39,0.75,AM,w_bus_metro
77,40,2.25,AM,w_bus_metro
77,42,0.9,AM,w_bus_metro
77,44,0.75,AM,w_bus_metro
77,45,0.15,AM,w_bus_metro
77,46,0.15,AM,w_bus_metro
77,47,0.75,AM,w_bus_metro
77,48,0.3,AM,w_bus_metro
77,49,1.5,AM,w_bus_metro
77,51,0.45,AM,w_bus_metro
77,52,0.75,AM,w_bus_metro
77,54,0.6,AM,w_bus_metro
77,56,1.65,AM,w_bus_metro
77,57,1.35,AM,w_bus_metro
77,58,0.3,AM,w_bus_metro
77,59,0.3,AM,w_bus_metro
77,61,1.35,AM,w_bus_metro
77,62,0.15,AM,w_bus_metro
77,63,0.15,AM,w_bus_metro
77,64,0.9,AM,w_bus_metro
77,65,0.9,AM,w_bus_metro
77,66,0.15,AM,w_bus_metro
77,67,4.8,AM,w_bus_metro
77,68,0.9,AM,w_bus_metro
77,71,0.6,AM,w_bus_metro
77,72,0.15,AM,w_bus_metro
77,73,0.15,AM,w_bus_metro
77,74,0.6,AM,w_bus_metro
77,75,1.35,AM,w_bus_metro
77,76,0.15,AM,w_bus_metro
77,78,1.8,AM,w_bus_metro
77,79,6.3,AM,w_bus_metro
77,83,0.45,AM,w_bus_metro
77,84,0.3,AM,w_bus_metro
77,85,0.75,AM,w_bus_metro
77,86,1.65,AM,w_bus_metro
77,87,9.6,AM,w_bus_metro
77,88,1.2,AM,w_bus_metro
77,89,0.45,AM,w_bus_metro
77,90,1.05,AM,w_bus_metro
77,92,0.3,AM,w_bus_metro
77,95,1.05,AM,w_bus_metro
77,96,3.75,AM,w_bus_metro
77,97,2.7,AM,w_bus_metro
77,99,0.45,AM,w_bus_metro
77,100,0.15,AM,w_bus_metro
77,102,0.45,AM,w_bus_metro
77,104,0.6,AM,w_bus_metro
77,105,0.45,AM,w_bus_metro
77,106,0.15,AM,w_bus_metro
77,107,0.9,AM,w_bus_metro
77,108,0.3,AM,w_bus_metro
77,111,0.3,AM,w_bus_metro
77,112,0.15,AM,w_bus_metro
77,113,0.15,AM,w_bus_metro
77,114,0.3,AM,w_bus_metro
77,115,0.15,AM,w_bus_metro
77,116,0.15,AM,w_bus_metro
77,117,0.15,AM,w_bus_metro
77,118,0.45,AM,w_bus_metro
77,120,1.2,AM,w_bus_metro
77,121,0.75,AM,w_bus_metro
77,122,0.15,AM,w_bus_metro
77,123,2.85,AM,w_bus_metro
77,125,0.6,AM,w_bus_metro
77,126,0.3,AM,w_bus_metro
77,128,0.15,AM,w_bus_metro
77,129,1.5,AM,w_bus_metro
77,130,0.3,AM,w_bus_metro
77,131,0.15,AM,w_bus_metro
77,132,0.3,AM,w_bus_metro
77,139,0.15,AM,w_bus_metro
77,140,0.15,AM,w_bus_metro
77,141,0.15,AM,w_bus_metro
78,3,0.3,AM,w_bus_metro
78,4,0.75,AM,w_bus_metro
78,5,0.15,AM,w_bus_metro
78,7,0.45,AM,w_bus_metro
78,8,0.15,AM,w_bus_metro
78,9,0.3,AM,w_bus_metro
78,14,0.15,AM,w_bus_metro
78,15,0.45,AM,w_bus_metro
78,20,0.3,AM,w_bus_metro
78,21,0.45,AM,w_bus_metro
78,22,0.75,AM,w_bus_metro
78,23,0.3,AM,w_bus_metro
78,25,0.3,AM,w_bus_metro
78,26,1.8,AM,w_bus_metro
78,28,0.15,AM,w_bus_metro
78,30,0.75,AM,w_bus_metro
78,31,0.3,AM,w_bus_metro
78,32,1.2,AM,w_bus_metro
78,33,0.45,AM,w_bus_metro
78,35,0.9,AM,w_bus_metro
78,38,0.3,AM,w_bus_metro
78,39,1.05,AM,w_bus_metro
78,40,0.75,AM,w_bus_metro
78,41,0.15,AM,w_bus_metro
78,42,0.45,AM,w_bus_metro
78,43,1.35,AM,w_bus_metro
78,44,0.15,AM,w_bus_metro
78,47,0.45,AM,w_bus_metro
78,48,0.15,AM,w_bus_metro
78,49,0.6,AM,w_bus_metro
78,50,0.15,AM,w_bus_metro
78,56,0.45,AM,w_bus_metro
78,57,0.3,AM,w_bus_metro
78,58,1.05,AM,w_bus_metro
78,59,0.15,AM,w_bus_metro
78,60,0.45,AM,w_bus_metro
78,61,0.3,AM,w_bus_metro
78,64,0.15,AM,w_bus_metro
78,65,0.3,AM,w_bus_metro
78,66,0.15,AM,w_bus_metro
78,67,1.65,AM,w_bus_metro
78,68,0.6,AM,w_bus_metro
78,69,0.15,AM,w_bus_metro
78,73,0.6,AM,w_bus_metro
78,75,0.3,AM,w_bus_metro
78,76,0.15,AM,w_bus_metro
78,77,0.15,AM,w_bus_metro
78,79,1.2,AM,w_bus_metro
78,80,0.15,AM,w_bus_metro
78,82,0.15,AM,w_bus_metro
78,83,0.3,AM,w_bus_metro
78,84,0.3,AM,w_bus_metro
78,85,0.75,AM,w_bus_metro
78,86,0.9,AM,w_bus_metro
78,87,5.1,AM,w_bus_metro
78,89,0.45,AM,w_bus_metro
78,90,0.6,AM,w_bus_metro
78,91,0.3,AM,w_bus_metro
78,95,0.3,AM,w_bus_metro
78,96,2.7,AM,w_bus_metro
78,97,0.75,AM,w_bus_metro
78,99,0.3,AM,w_bus_metro
78,102,0.6,AM,w_bus_metro
78,104,0.6,AM,w_bus_metro
78,105,0.45,AM,w_bus_metro
78,110,0.15,AM,w_bus_metro
78,111,0.6,AM,w_bus_metro
78,112,0.45,AM,w_bus_metro
78,114,0.15,AM,w_bus_metro
78,116,0.3,AM,w_bus_metro
78,117,0.15,AM,w_bus_metro
78,118,0.15,AM,w_bus_metro
78,120,0.45,AM,w_bus_metro
78,121,0.15,AM,w_bus_metro
78,123,0.75,AM,w_bus_metro
78,127,0.15,AM,w_bus_metro
78,129,0.9,AM,w_bus_metro
78,130,0.15,AM,w_bus_metro
78,131,1.05,AM,w_bus_metro
78,132,0.15,AM,w_bus_metro
78,135,0.15,AM,w_bus_metro
78,139,0.3,AM,w_bus_metro
79,1,0.15,AM,w_bus_metro
79,2,0.3,AM,w_bus_metro
79,3,0.3,AM,w_bus_metro
79,4,0.15,AM,w_bus_metro
79,7,1.2,AM,w_bus_metro
79,8,0.45,AM,w_bus_metro
79,10,0.6,AM,w_bus_metro
79,13,0.15,AM,w_bus_metro
79,15,0.3,AM,w_bus_metro
79,16,0.15,AM,w_bus_metro
79,18,0.45,AM,w_bus_metro
79,19,0.3,AM,w_bus_metro
79,20,0.6,AM,w_bus_metro
79,21,0.3,AM,w_bus_metro
79,22,0.6,AM,w_bus_metro
79,23,0.3,AM,w_bus_metro
79,24,0.15,AM,w_bus_metro
79,25,2.4,AM,w_bus_metro
79,26,0.6,AM,w_bus_metro
79,28,0.9,AM,w_bus_metro
79,30,1.35,AM,w_bus_metro
79,32,2.4,AM,w_bus_metro
79,33,1.05,AM,w_bus_metro
79,34,0.3,AM,w_bus_metro
79,35,0.9,AM,w_bus_metro
79,36,0.15,AM,w_bus_metro
79,37,0.3,AM,w_bus_metro
79,38,4.05,AM,w_bus_metro
79,39,3.0,AM,w_bus_metro
79,40,3.6,AM,w_bus_metro
79,41,0.45,AM,w_bus_metro
79,42,1.05,AM,w_bus_metro
79,43,0.45,AM,w_bus_metro
79,44,1.2,AM,w_bus_metro
79,46,1.2,AM,w_bus_metro
79,47,0.15,AM,w_bus_metro
79,48,1.05,AM,w_bus_metro
79,49,0.3,AM,w_bus_metro
79,53,0.75,AM,w_bus_metro
79,57,1.95,AM,w_bus_metro
79,58,1.35,AM,w_bus_metro
79,59,0.45,AM,w_bus_metro
79,60,1.65,AM,w_bus_metro
79,61,2.55,AM,w_bus_metro
79,62,0.6,AM,w_bus_metro
79,63,0.15,AM,w_bus_metro
79,64,0.45,AM,w_bus_metro
79,65,0.45,AM,w_bus_metro
79,66,0.6,AM,w_bus_metro
79,67,11.25,AM,w_bus_metro
79,68,2.1,AM,w_bus_metro
79,74,0.3,AM,w_bus_metro
79,75,0.15,AM,w_bus_metro
79,77,1.05,AM,w_bus_metro
79,78,5.1,AM,w_bus_metro
79,80,1.05,AM,w_bus_metro
79,81,0.3,AM,w_bus_metro
79,84,0.15,AM,w_bus_metro
79,85,0.45,AM,w_bus_metro
79,86,1.8,AM,w_bus_metro
79,87,8.4,AM,w_bus_metro
79,88,0.15,AM,w_bus_metro
79,90,0.15,AM,w_bus_metro
79,91,1.2,AM,w_bus_metro
79,93,0.15,AM,w_bus_metro
79,95,2.4,AM,w_bus_metro
79,96,6.75,AM,w_bus_metro
79,97,1.95,AM,w_bus_metro
79,98,0.6,AM,w_bus_metro
79,99,1.05,AM,w_bus_metro
79,100,0.9,AM,w_bus_metro
79,101,0.3,AM,w_bus_metro
79,104,0.3,AM,w_bus_metro
79,105,0.75,AM,w_bus_metro
79,106,0.15,AM,w_bus_metro
79,107,0.15,AM,w_bus_metro
79,108,0.9,AM,w_bus_metro
79,111,0.15,AM,w_bus_metro
79,112,0.45,AM,w_bus_metro
79,113,0.3,AM,w_bus_metro
79,117,0.3,AM,w_bus_metro
79,120,1.05,AM,w_bus_metro
79,121,1.35,AM,w_bus_metro
79,122,0.15,AM,w_bus_metro
79,123,1.35,AM,w_bus_metro
79,129,1.2,AM,w_bus_metro
79,130,0.3,AM,w_bus_metro
79,132,0.15,AM,w_bus_metro
79,138,0.15,AM,w_bus_metro
79,139,0.75,AM,w_bus_metro
79,141,0.15,AM,w_bus_metro
80,3,2.55,AM,w_bus_metro
80,4,2.55,AM,w_bus_metro
80,5,0.15,AM,w_bus_metro
80,6,0.75,AM,w_bus_metro
80,7,0.6,AM,w_bus_metro
80,9,0.15,AM,w_bus_metro
80,10,1.05,AM,w_bus_metro
80,11,0.3,AM,w_bus_metro
80,12,0.45,AM,w_bus_metro
80,13,0.3,AM,w_bus_metro
80,15,0.9,AM,w_bus_metro
80,18,0.3,AM,w_bus_metro
80,21,0.45,AM,w_bus_metro
80,22,0.75,AM,w_bus_metro
80,23,0.45,AM,w_bus_metro
80,24,0.3,AM,w_bus_metro
80,25,3.0,AM,w_bus_metro
80,26,2.1,AM,w_bus_metro
80,28,0.15,AM,w_bus_metro
80,29,0.15,AM,w_bus_metro
80,30,0.9,AM,w_bus_metro
80,32,4.8,AM,w_bus_metro
80,33,1.05,AM,w_bus_metro
80,34,0.45,AM,w_bus_metro
80,35,0.9,AM,w_bus_metro
80,36,2.4,AM,w_bus_metro
80,37,0.45,AM,w_bus_metro
80,38,11.25,AM,w_bus_metro
80,39,2.7,AM,w_bus_metro
80,40,4.05,AM,w_bus_metro
80,41,0.3,AM,w_bus_metro
80,42,1.95,AM,w_bus_metro
80,43,1.5,AM,w_bus_metro
80,44,0.75,AM,w_bus_metro
80,46,0.6,AM,w_bus_metro
80,48,2.85,AM,w_bus_metro
80,49,0.3,AM,w_bus_metro
80,52,0.3,AM,w_bus_metro
80,53,0.15,AM,w_bus_metro
80,57,5.25,AM,w_bus_metro
80,58,3.75,AM,w_bus_metro
80,60,4.8,AM,w_bus_metro
80,61,3.0,AM,w_bus_metro
80,62,0.15,AM,w_bus_metro
80,63,0.75,AM,w_bus_metro
80,64,1.35,AM,w_bus_metro
80,65,1.65,AM,w_bus_metro
80,66,0.9,AM,w_bus_metro
80,67,19.65,AM,w_bus_metro
80,68,3.15,AM,w_bus_metro
80,71,0.3,AM,w_bus_metro
80,72,0.3,AM,w_bus_metro
80,74,0.15,AM,w_bus_metro
80,75,0.3,AM,w_bus_metro
80,77,0.3,AM,w_bus_metro
80,78,1.05,AM,w_bus_metro
80,79,0.9,AM,w_bus_metro
80,81,0.6,AM,w_bus_metro
80,82,0.15,AM,w_bus_metro
80,83,0.15,AM,w_bus_metro
80,85,0.3,AM,w_bus_metro
80,86,1.2,AM,w_bus_metro
80,87,9.0,AM,w_bus_metro
80,88,0.15,AM,w_bus_metro
80,89,0.45,AM,w_bus_metro
80,90,0.15,AM,w_bus_metro
80,91,0.3,AM,w_bus_metro
80,93,0.3,AM,w_bus_metro
80,94,0.45,AM,w_bus_metro
80,95,0.6,AM,w_bus_metro
80,96,10.5,AM,w_bus_metro
80,97,4.05,AM,w_bus_metro
80,98,1.65,AM,w_bus_metro
80,99,1.5,AM,w_bus_metro
80,100,0.45,AM,w_bus_metro
80,102,0.3,AM,w_bus_metro
80,105,0.15,AM,w_bus_metro
80,107,0.15,AM,w_bus_metro
80,108,1.65,AM,w_bus_metro
80,109,0.15,AM,w_bus_metro
80,111,0.3,AM,w_bus_metro
80,112,0.3,AM,w_bus_metro
80,114,0.45,AM,w_bus_metro
80,115,0.3,AM,w_bus_metro
80,116,1.35,AM,w_bus_metro
80,117,1.8,AM,w_bus_metro
80,118,0.6,AM,w_bus_metro
80,120,4.05,AM,w_bus_metro
80,121,0.9,AM,w_bus_metro
80,123,2.1,AM,w_bus_metro
80,125,0.6,AM,w_bus_metro
80,128,0.15,AM,w_bus_metro
80,131,0.3,AM,w_bus_metro
80,136,0.15,AM,w_bus_metro
80,141,0.15,AM,w_bus_metro
81,2,0.3,AM,w_bus_metro
81,3,0.15,AM,w_bus_metro
81,4,0.75,AM,w_bus_metro
81,6,0.45,AM,w_bus_metro
81,7,0.45,AM,w_bus_metro
81,8,0.6,AM,w_bus_metro
81,9,0.15,AM,w_bus_metro
81,10,0.3,AM,w_bus_metro
81,13,0.6,AM,w_bus_metro
81,14,0.15,AM,w_bus_metro
81,15,0.15,AM,w_bus_metro
81,20,0.15,AM,w_bus_metro
81,21,0.6,AM,w_bus_metro
81,22,0.45,AM,w_bus_metro
81,24,0.15,AM,w_bus_metro
81,25,1.05,AM,w_bus_metro
81,26,0.9,AM,w_bus_metro
81,29,0.3,AM,w_bus_metro
81,30,0.6,AM,w_bus_metro
81,31,0.3,AM,w_bus_metro
81,32,3.0,AM,w_bus_metro
81,33,0.6,AM,w_bus_metro
81,35,0.3,AM,w_bus_metro
81,36,1.05,AM,w_bus_metro
81,37,0.15,AM,w_bus_metro
81,38,1.35,AM,w_bus_metro
81,39,2.85,AM,w_bus_metro
81,40,3.45,AM,w_bus_metro
81,41,0.15,AM,w_bus_metro
81,42,1.05,AM,w_bus_metro
81,43,0.45,AM,w_bus_metro
81,44,0.15,AM,w_bus_metro
81,46,0.15,AM,w_bus_metro
81,47,0.15,AM,w_bus_metro
81,48,0.45,AM,w_bus_metro
81,49,0.15,AM,w_bus_metro
81,52,0.15,AM,w_bus_metro
81,54,0.15,AM,w_bus_metro
81,56,0.15,AM,w_bus_metro
81,57,1.8,AM,w_bus_metro
81,58,1.2,AM,w_bus_metro
81,60,1.2,AM,w_bus_metro
81,61,1.95,AM,w_bus_metro
81,62,0.3,AM,w_bus_metro
81,64,1.05,AM,w_bus_metro
81,65,1.35,AM,w_bus_metro
81,66,0.3,AM,w_bus_metro
81,67,7.95,AM,w_bus_metro
81,68,0.6,AM,w_bus_metro
81,71,0.15,AM,w_bus_metro
81,75,0.3,AM,w_bus_metro
81,76,0.15,AM,w_bus_metro
81,78,0.3,AM,w_bus_metro
81,79,1.65,AM,w_bus_metro
81,80,1.5,AM,w_bus_metro
81,82,0.15,AM,w_bus_metro
81,85,0.6,AM,w_bus_metro
81,86,0.75,AM,w_bus_metro
81,87,7.2,AM,w_bus_metro
81,89,0.3,AM,w_bus_metro
81,90,1.05,AM,w_bus_metro
81,92,0.15,AM,w_bus_metro
81,93,0.15,AM,w_bus_metro
81,95,0.75,AM,w_bus_metro
81,96,3.9,AM,w_bus_metro
81,97,1.2,AM,w_bus_metro
81,98,0.9,AM,w_bus_metro
81,99,0.9,AM,w_bus_metro
81,100,0.45,AM,w_bus_metro
81,102,0.15,AM,w_bus_metro
81,105,0.15,AM,w_bus_metro
81,107,0.15,AM,w_bus_metro
81,108,1.2,AM,w_bus_metro
81,112,0.15,AM,w_bus_metro
81,115,0.9,AM,w_bus_metro
81,116,1.5,AM,w_bus_metro
81,117,0.45,AM,w_bus_metro
81,118,0.45,AM,w_bus_metro
81,120,2.4,AM,w_bus_metro
81,121,0.9,AM,w_bus_metro
81,123,2.4,AM,w_bus_metro
81,124,0.15,AM,w_bus_metro
81,125,0.45,AM,w_bus_metro
81,126,0.15,AM,w_bus_metro
81,127,0.15,AM,w_bus_metro
81,129,0.6,AM,w_bus_metro
81,131,0.15,AM,w_bus_metro
81,139,0.3,AM,w_bus_metro
82,3,0.45,AM,w_bus_metro
82,4,0.3,AM,w_bus_metro
82,6,0.15,AM,w_bus_metro
82,7,0.75,AM,w_bus_metro
82,8,0.45,AM,w_bus_metro
82,10,0.9,AM,w_bus_metro
82,11,0.15,AM,w_bus_metro
82,12,0.15,AM,w_bus_metro
82,15,0.6,AM,w_bus_metro
82,16,0.15,AM,w_bus_metro
82,21,0.15,AM,w_bus_metro
82,22,0.75,AM,w_bus_metro
82,25,0.15,AM,w_bus_metro
82,26,1.65,AM,w_bus_metro
82,27,0.15,AM,w_bus_metro
82,30,0.6,AM,w_bus_metro
82,31,0.15,AM,w_bus_metro
82,32,3.45,AM,w_bus_metro
82,33,0.9,AM,w_bus_metro
82,34,0.45,AM,w_bus_metro
82,35,1.05,AM,w_bus_metro
82,36,1.65,AM,w_bus_metro
82,37,0.15,AM,w_bus_metro
82,38,0.9,AM,w_bus_metro
82,39,1.95,AM,w_bus_metro
82,40,1.05,AM,w_bus_metro
82,41,0.15,AM,w_bus_metro
82,42,0.6,AM,w_bus_metro
82,43,0.3,AM,w_bus_metro
82,44,0.3,AM,w_bus_metro
82,45,0.15,AM,w_bus_metro
82,46,0.45,AM,w_bus_metro
82,47,0.15,AM,w_bus_metro
82,48,0.45,AM,w_bus_metro
82,49,0.3,AM,w_bus_metro
82,50,0.9,AM,w_bus_metro
82,51,0.15,AM,w_bus_metro
82,53,0.15,AM,w_bus_metro
82,57,1.2,AM,w_bus_metro
82,58,0.9,AM,w_bus_metro
82,60,1.65,AM,w_bus_metro
82,61,0.45,AM,w_bus_metro
82,64,0.6,AM,w_bus_metro
82,65,0.45,AM,w_bus_metro
82,67,3.6,AM,w_bus_metro
82,68,1.35,AM,w_bus_metro
82,70,0.15,AM,w_bus_metro
82,71,0.3,AM,w_bus_metro
82,72,0.15,AM,w_bus_metro
82,74,0.3,AM,w_bus_metro
82,75,0.6,AM,w_bus_metro
82,77,0.15,AM,w_bus_metro
82,78,1.05,AM,w_bus_metro
82,79,3.15,AM,w_bus_metro
82,80,0.15,AM,w_bus_metro
82,83,0.3,AM,w_bus_metro
82,85,0.45,AM,w_bus_metro
82,86,2.4,AM,w_bus_metro
82,87,5.85,AM,w_bus_metro
82,88,0.45,AM,w_bus_metro
82,89,0.45,AM,w_bus_metro
82,90,0.3,AM,w_bus_metro
82,91,0.9,AM,w_bus_metro
82,95,0.15,AM,w_bus_metro
82,96,3.9,AM,w_bus_metro
82,97,1.65,AM,w_bus_metro
82,99,0.9,AM,w_bus_metro
82,100,0.15,AM,w_bus_metro
82,103,0.15,AM,w_bus_metro
82,104,0.3,AM,w_bus_metro
82,107,0.45,AM,w_bus_metro
82,108,0.9,AM,w_bus_metro
82,111,0.15,AM,w_bus_metro
82,112,0.15,AM,w_bus_metro
82,113,0.3,AM,w_bus_metro
82,114,0.45,AM,w_bus_metro
82,115,0.6,AM,w_bus_metro
82,116,1.35,AM,w_bus_metro
82,117,0.15,AM,w_bus_metro
82,120,0.75,AM,w_bus_metro
82,121,1.05,AM,w_bus_metro
82,122,0.15,AM,w_bus_metro
82,123,0.6,AM,w_bus_metro
82,125,0.6,AM,w_bus_metro
82,129,0.75,AM,w_bus_metro
82,130,0.3,AM,w_bus_metro
82,131,0.3,AM,w_bus_metro
82,132,0.15,AM,w_bus_metro
82,136,0.15,AM,w_bus_metro
82,138,0.15,AM,w_bus_metro
82,139,0.3,AM,w_bus_metro
83,1,0.15,AM,w_bus_metro
83,3,0.6,AM,w_bus_metro
83,4,0.3,AM,w_bus_metro
83,7,0.3,AM,w_bus_metro
83,8,0.15,AM,w_bus_metro
83,10,1.35,AM,w_bus_metro
83,12,0.15,AM,w_bus_metro
83,18,0.15,AM,w_bus_metro
83,22,1.05,AM,w_bus_metro
83,23,0.6,AM,w_bus_metro
83,24,0.3,AM,w_bus_metro
83,25,1.05,AM,w_bus_metro
83,26,0.45,AM,w_bus_metro
83,27,0.15,AM,w_bus_metro
83,31,0.15,AM,w_bus_metro
83,32,1.65,AM,w_bus_metro
83,33,0.15,AM,w_bus_metro
83,35,0.45,AM,w_bus_metro
83,36,1.65,AM,w_bus_metro
83,37,0.15,AM,w_bus_metro
83,38,0.6,AM,w_bus_metro
83,39,1.5,AM,w_bus_metro
83,40,3.15,AM,w_bus_metro
83,41,0.15,AM,w_bus_metro
83,42,0.15,AM,w_bus_metro
83,43,0.15,AM,w_bus_metro
83,44,0.15,AM,w_bus_metro
83,47,0.15,AM,w_bus_metro
83,48,0.3,AM,w_bus_metro
83,49,0.15,AM,w_bus_metro
83,51,0.15,AM,w_bus_metro
83,56,0.45,AM,w_bus_metro
83,57,0.75,AM,w_bus_metro
83,58,0.9,AM,w_bus_metro
83,59,0.15,AM,w_bus_metro
83,60,0.3,AM,w_bus_metro
83,61,2.1,AM,w_bus_metro
83,64,0.9,AM,w_bus_metro
83,65,0.3,AM,w_bus_metro
83,66,0.15,AM,w_bus_metro
83,67,3.75,AM,w_bus_metro
83,68,0.15,AM,w_bus_metro
83,73,0.3,AM,w_bus_metro
83,75,0.6,AM,w_bus_metro
83,77,0.3,AM,w_bus_metro
83,78,0.15,AM,w_bus_metro
83,79,2.1,AM,w_bus_metro
83,81,0.15,AM,w_bus_metro
83,82,0.45,AM,w_bus_metro
83,85,0.3,AM,w_bus_metro
83,86,0.45,AM,w_bus_metro
83,87,3.6,AM,w_bus_metro
83,88,0.15,AM,w_bus_metro
83,89,0.3,AM,w_bus_metro
83,90,0.45,AM,w_bus_metro
83,91,0.15,AM,w_bus_metro
83,92,0.15,AM,w_bus_metro
83,93,0.3,AM,w_bus_metro
83,96,2.85,AM,w_bus_metro
83,97,1.5,AM,w_bus_metro
83,98,0.15,AM,w_bus_metro
83,99,0.75,AM,w_bus_metro
83,100,0.15,AM,w_bus_metro
83,101,0.15,AM,w_bus_metro
83,104,0.15,AM,w_bus_metro
83,105,0.15,AM,w_bus_metro
83,106,0.15,AM,w_bus_metro
83,107,0.45,AM,w_bus_metro
83,108,1.05,AM,w_bus_metro
83,110,0.15,AM,w_bus_metro
83,111,0.15,AM,w_bus_metro
83,114,0.3,AM,w_bus_metro
83,115,0.15,AM,w_bus_metro
83,116,0.45,AM,w_bus_metro
83,118,0.15,AM,w_bus_metro
83,120,1.95,AM,w_bus_metro
83,121,0.15,AM,w_bus_metro
83,123,1.8,AM,w_bus_metro
83,125,0.6,AM,w_bus_metro
83,126,0.3,AM,w_bus_metro
83,128,0.3,AM,w_bus_metro
83,131,0.15,AM,w_bus_metro
83,138,0.45,AM,w_bus_metro
83,139,0.15,AM,w_bus_metro
84,1,0.3,AM,w_bus_metro
84,2,0.15,AM,w_bus_metro
84,3,0.3,AM,w_bus_metro
84,4,0.9,AM,w_bus_metro
84,5,0.15,AM,w_bus_metro
84,7,0.3,AM,w_bus_metro
84,8,0.6,AM,w_bus_metro
84,9,0.15,AM,w_bus_metro
84,10,0.15,AM,w_bus_metro
84,14,0.15,AM,w_bus_metro
84,15,0.75,AM,w_bus_metro
84,20,0.15,AM,w_bus_metro
84,21,0.15,AM,w_bus_metro
84,23,0.3,AM,w_bus_metro
84,24,0.3,AM,w_bus_metro
84,25,1.5,AM,w_bus_metro
84,26,0.9,AM,w_bus_metro
84,28,0.3,AM,w_bus_metro
84,30,0.75,AM,w_bus_metro
84,31,0.6,AM,w_bus_metro
84,32,4.5,AM,w_bus_metro
84,33,0.15,AM,w_bus_metro
84,34,0.6,AM,w_bus_metro
84,35,1.2,AM,w_bus_metro
84,36,1.2,AM,w_bus_metro
84,37,0.3,AM,w_bus_metro
84,38,1.95,AM,w_bus_metro
84,39,3.15,AM,w_bus_metro
84,40,1.8,AM,w_bus_metro
84,42,1.65,AM,w_bus_metro
84,43,1.2,AM,w_bus_metro
84,44,0.75,AM,w_bus_metro
84,47,0.3,AM,w_bus_metro
84,48,0.75,AM,w_bus_metro
84,49,0.9,AM,w_bus_metro
84,50,0.75,AM,w_bus_metro
84,51,0.45,AM,w_bus_metro
84,52,0.15,AM,w_bus_metro
84,53,0.15,AM,w_bus_metro
84,54,0.3,AM,w_bus_metro
84,56,0.15,AM,w_bus_metro
84,57,1.5,AM,w_bus_metro
84,58,2.55,AM,w_bus_metro
84,59,0.3,AM,w_bus_metro
84,60,1.35,AM,w_bus_metro
84,61,0.75,AM,w_bus_metro
84,62,0.3,AM,w_bus_metro
84,63,0.3,AM,w_bus_metro
84,64,0.9,AM,w_bus_metro
84,65,0.9,AM,w_bus_metro
84,66,0.3,AM,w_bus_metro
84,67,11.55,AM,w_bus_metro
84,68,2.25,AM,w_bus_metro
84,69,0.3,AM,w_bus_metro
84,70,0.15,AM,w_bus_metro
84,72,0.45,AM,w_bus_metro
84,74,0.15,AM,w_bus_metro
84,75,0.15,AM,w_bus_metro
84,76,0.45,AM,w_bus_metro
84,77,0.9,AM,w_bus_metro
84,78,0.15,AM,w_bus_metro
84,79,2.55,AM,w_bus_metro
84,80,0.6,AM,w_bus_metro
84,81,0.15,AM,w_bus_metro
84,82,0.75,AM,w_bus_metro
84,83,0.15,AM,w_bus_metro
84,86,1.2,AM,w_bus_metro
84,87,12.75,AM,w_bus_metro
84,89,0.3,AM,w_bus_metro
84,90,1.65,AM,w_bus_metro
84,91,0.15,AM,w_bus_metro
84,93,0.3,AM,w_bus_metro
84,94,0.15,AM,w_bus_metro
84,95,0.9,AM,w_bus_metro
84,96,6.3,AM,w_bus_metro
84,97,2.1,AM,w_bus_metro
84,99,2.1,AM,w_bus_metro
84,100,0.3,AM,w_bus_metro
84,102,0.15,AM,w_bus_metro
84,103,0.3,AM,w_bus_metro
84,104,0.3,AM,w_bus_metro
84,105,0.45,AM,w_bus_metro
84,107,0.6,AM,w_bus_metro
84,108,1.35,AM,w_bus_metro
84,111,0.45,AM,w_bus_metro
84,113,0.3,AM,w_bus_metro
84,115,0.75,AM,w_bus_metro
84,116,0.75,AM,w_bus_metro
84,117,0.15,AM,w_bus_metro
84,120,1.65,AM,w_bus_metro
84,121,1.05,AM,w_bus_metro
84,123,2.25,AM,w_bus_metro
84,125,0.6,AM,w_bus_metro
84,126,0.15,AM,w_bus_metro
84,128,0.15,AM,w_bus_metro
84,129,0.75,AM,w_bus_metro
84,131,0.45,AM,w_bus_metro
84,132,0.45,AM,w_bus_metro
84,134,0.45,AM,w_bus_metro
84,137,0.45,AM,w_bus_metro
84,139,0.45,AM,w_bus_metro
84,141,0.15,AM,w_bus_metro
85,1,0.45,AM,w_bus_metro
85,2,0.15,AM,w_bus_metro
85,3,0.45,AM,w_bus_metro
85,4,0.45,AM,w_bus_metro
85,7,2.1,AM,w_bus_metro
85,9,0.15,AM,w_bus_metro
85,10,0.45,AM,w_bus_metro
85,11,0.3,AM,w_bus_metro
85,12,0.45,AM,w_bus_metro
85,14,0.15,AM,w_bus_metro
85,15,0.75,AM,w_bus_metro
85,21,0.15,AM,w_bus_metro
85,22,0.6,AM,w_bus_metro
85,24,0.15,AM,w_bus_metro
85,25,1.05,AM,w_bus_metro
85,26,0.9,AM,w_bus_metro
85,28,0.6,AM,w_bus_metro
85,30,0.45,AM,w_bus_metro
85,31,0.15,AM,w_bus_metro
85,32,2.25,AM,w_bus_metro
85,33,1.05,AM,w_bus_metro
85,34,0.15,AM,w_bus_metro
85,35,1.05,AM,w_bus_metro
85,36,1.2,AM,w_bus_metro
85,37,0.3,AM,w_bus_metro
85,38,1.2,AM,w_bus_metro
85,39,3.45,AM,w_bus_metro
85,40,3.6,AM,w_bus_metro
85,41,0.45,AM,w_bus_metro
85,42,0.75,AM,w_bus_metro
85,43,0.3,AM,w_bus_metro
85,44,0.15,AM,w_bus_metro
85,46,0.15,AM,w_bus_metro
85,47,0.3,AM,w_bus_metro
85,48,0.3,AM,w_bus_metro
85,49,1.35,AM,w_bus_metro
85,51,0.15,AM,w_bus_metro
85,52,0.3,AM,w_bus_metro
85,56,0.9,AM,w_bus_metro
85,57,1.35,AM,w_bus_metro
85,58,0.9,AM,w_bus_metro
85,59,0.75,AM,w_bus_metro
85,60,1.05,AM,w_bus_metro
85,61,1.05,AM,w_bus_metro
85,63,0.15,AM,w_bus_metro
85,64,0.3,AM,w_bus_metro
85,65,0.15,AM,w_bus_metro
85,66,0.3,AM,w_bus_metro
85,67,7.35,AM,w_bus_metro
85,68,2.55,AM,w_bus_metro
85,70,0.15,AM,w_bus_metro
85,74,0.15,AM,w_bus_metro
85,75,1.35,AM,w_bus_metro
85,76,0.15,AM,w_bus_metro
85,77,0.6,AM,w_bus_metro
85,78,0.6,AM,w_bus_metro
85,79,1.5,AM,w_bus_metro
85,80,0.6,AM,w_bus_metro
85,83,0.6,AM,w_bus_metro
85,84,0.3,AM,w_bus_metro
85,86,3.75,AM,w_bus_metro
85,87,7.65,AM,w_bus_metro
85,89,0.3,AM,w_bus_metro
85,90,0.45,AM,w_bus_metro
85,91,0.15,AM,w_bus_metro
85,94,0.3,AM,w_bus_metro
85,95,0.75,AM,w_bus_metro
85,96,6.0,AM,w_bus_metro
85,97,4.05,AM,w_bus_metro
85,98,0.45,AM,w_bus_metro
85,99,1.05,AM,w_bus_metro
85,100,0.3,AM,w_bus_metro
85,104,0.15,AM,w_bus_metro
85,105,0.15,AM,w_bus_metro
85,107,0.3,AM,w_bus_metro
85,108,0.75,AM,w_bus_metro
85,109,0.3,AM,w_bus_metro
85,112,0.45,AM,w_bus_metro
85,113,0.3,AM,w_bus_metro
85,114,0.3,AM,w_bus_metro
85,115,0.6,AM,w_bus_metro
85,116,0.3,AM,w_bus_metro
85,120,0.3,AM,w_bus_metro
85,121,0.6,AM,w_bus_metro
85,123,1.35,AM,w_bus_metro
85,125,1.35,AM,w_bus_metro
85,130,0.15,AM,w_bus_metro
85,131,0.45,AM,w_bus_metro
85,132,0.15,AM,w_bus_metro
85,137,0.15,AM,w_bus_metro
85,138,0.45,AM,w_bus_metro
85,139,1.2,AM,w_bus_metro
85,141,0.15,AM,w_bus_metro
86,2,0.3,AM,w_bus_metro
86,3,0.75,AM,w_bus_metro
86,4,0.6,AM,w_bus_metro
86,7,0.45,AM,w_bus_metro
86,21,0.15,AM,w_bus_metro
86,23,0.45,AM,w_bus_metro
86,24,0.15,AM,w_bus_metro
86,25,0.3,AM,w_bus_metro
86,26,0.75,AM,w_bus_metro
86,27,0.15,AM,w_bus_metro
86,30,0.45,AM,w_bus_metro
86,31,0.15,AM,w_bus_metro
86,32,0.6,AM,w_bus_metro
86,33,0.15,AM,w_bus_metro
86,34,0.3,AM,w_bus_metro
86,35,0.15,AM,w_bus_metro
86,36,0.15,AM,w_bus_metro
86,38,0.9,AM,w_bus_metro
86,39,1.05,AM,w_bus_metro
86,40,2.1,AM,w_bus_metro
86,41,0.3,AM,w_bus_metro
86,42,0.45,AM,w_bus_metro
86,44,0.3,AM,w_bus_metro
86,47,0.45,AM,w_bus_metro
86,49,0.3,AM,w_bus_metro
86,51,0.6,AM,w_bus_metro
86,52,0.15,AM,w_bus_metro
86,54,0.3,AM,w_bus_metro
86,57,0.3,AM,w_bus_metro
86,58,1.05,AM,w_bus_metro
86,59,0.15,AM,w_bus_metro
86,60,0.75,AM,w_bus_metro
86,61,0.15,AM,w_bus_metro
86,63,0.45,AM,w_bus_metro
86,65,0.3,AM,w_bus_metro
86,66,0.15,AM,w_bus_metro
86,67,3.75,AM,w_bus_metro
86,68,1.5,AM,w_bus_metro
86,75,0.3,AM,w_bus_metro
86,77,0.6,AM,w_bus_metro
86,78,0.15,AM,w_bus_metro
86,79,1.2,AM,w_bus_metro
86,87,4.2,AM,w_bus_metro
86,88,0.15,AM,w_bus_metro
86,89,0.15,AM,w_bus_metro
86,91,0.15,AM,w_bus_metro
86,95,0.3,AM,w_bus_metro
86,96,3.15,AM,w_bus_metro
86,97,1.35,AM,w_bus_metro
86,99,0.6,AM,w_bus_metro
86,102,0.3,AM,w_bus_metro
86,105,0.45,AM,w_bus_metro
86,107,0.45,AM,w_bus_metro
86,116,0.45,AM,w_bus_metro
86,118,0.15,AM,w_bus_metro
86,120,0.9,AM,w_bus_metro
86,121,0.3,AM,w_bus_metro
86,123,0.45,AM,w_bus_metro
86,125,0.45,AM,w_bus_metro
86,128,0.15,AM,w_bus_metro
86,131,0.15,AM,w_bus_metro
86,139,0.3,AM,w_bus_metro
86,141,0.15,AM,w_bus_metro
87,2,0.15,AM,w_bus_metro
87,3,0.75,AM,w_bus_metro
87,4,0.15,AM,w_bus_metro
87,7,0.6,AM,w_bus_metro
87,8,0.3,AM,w_bus_metro
87,9,0.15,AM,w_bus_metro
87,10,0.45,AM,w_bus_metro
87,15,0.45,AM,w_bus_metro
87,18,0.45,AM,w_bus_metro
87,20,0.6,AM,w_bus_metro
87,21,0.75,AM,w_bus_metro
87,22,0.15,AM,w_bus_metro
87,23,0.45,AM,w_bus_metro
87,24,0.3,AM,w_bus_metro
87,25,1.2,AM,w_bus_metro
87,26,0.9,AM,w_bus_metro
87,28,0.15,AM,w_bus_metro
87,30,0.45,AM,w_bus_metro
87,31,1.5,AM,w_bus_metro
87,32,3.9,AM,w_bus_metro
87,33,0.6,AM,w_bus_metro
87,34,0.15,AM,w_bus_metro
87,35,0.6,AM,w_bus_metro
87,36,1.05,AM,w_bus_metro
87,38,1.65,AM,w_bus_metro
87,39,2.7,AM,w_bus_metro
87,40,2.25,AM,w_bus_metro
87,42,1.05,AM,w_bus_metro
87,43,0.3,AM,w_bus_metro
87,44,0.3,AM,w_bus_metro
87,46,1.2,AM,w_bus_metro
87,48,0.75,AM,w_bus_metro
87,49,0.3,AM,w_bus_metro
87,54,0.15,AM,w_bus_metro
87,56,0.15,AM,w_bus_metro
87,57,1.05,AM,w_bus_metro
87,58,1.95,AM,w_bus_metro
87,60,1.2,AM,w_bus_metro
87,61,2.7,AM,w_bus_metro
87,63,0.15,AM,w_bus_metro
87,65,0.3,AM,w_bus_metro
87,66,0.15,AM,w_bus_metro
87,67,12.15,AM,w_bus_metro
87,68,0.3,AM,w_bus_metro
87,72,0.15,AM,w_bus_metro
87,73,0.15,AM,w_bus_metro
87,75,0.15,AM,w_bus_metro
87,79,1.8,AM,w_bus_metro
87,85,0.15,AM,w_bus_metro
87,86,1.95,AM,w_bus_metro
87,90,1.35,AM,w_bus_metro
87,91,0.15,AM,w_bus_metro
87,93,0.3,AM,w_bus_metro
87,94,0.15,AM,w_bus_metro
87,95,0.75,AM,w_bus_metro
87,96,7.05,AM,w_bus_metro
87,97,4.8,AM,w_bus_metro
87,98,0.45,AM,w_bus_metro
87,99,0.45,AM,w_bus_metro
87,102,0.15,AM,w_bus_metro
87,104,0.15,AM,w_bus_metro
87,108,0.3,AM,w_bus_metro
87,111,0.3,AM,w_bus_metro
87,114,0.15,AM,w_bus_metro
87,115,0.45,AM,w_bus_metro
87,116,0.6,AM,w_bus_metro
87,118,0.15,AM,w_bus_metro
87,120,1.2,AM,w_bus_metro
87,122,0.15,AM,w_bus_metro
87,123,0.9,AM,w_bus_metro
87,125,0.15,AM,w_bus_metro
87,128,0.15,AM,w_bus_metro
87,130,0.15,AM,w_bus_metro
87,131,0.3,AM,w_bus_metro
87,132,0.15,AM,w_bus_metro
87,138,0.15,AM,w_bus_metro
87,141,0.15,AM,w_bus_metro
88,3,0.15,AM,w_bus_metro
88,4,0.75,AM,w_bus_metro
88,8,0.15,AM,w_bus_metro
88,10,0.15,AM,w_bus_metro
88,13,0.15,AM,w_bus_metro
88,22,0.15,AM,w_bus_metro
88,23,0.15,AM,w_bus_metro
88,24,0.15,AM,w_bus_metro
88,25,0.3,AM,w_bus_metro
88,26,1.65,AM,w_bus_metro
88,30,0.45,AM,w_bus_metro
88,31,0.45,AM,w_bus_metro
88,32,1.5,AM,w_bus_metro
88,33,0.45,AM,w_bus_metro
88,36,0.3,AM,w_bus_metro
88,37,0.3,AM,w_bus_metro
88,38,0.9,AM,w_bus_metro
88,39,1.05,AM,w_bus_metro
88,40,1.05,AM,w_bus_metro
88,43,0.3,AM,w_bus_metro
88,44,0.15,AM,w_bus_metro
88,50,0.3,AM,w_bus_metro
88,57,0.9,AM,w_bus_metro
88,58,0.15,AM,w_bus_metro
88,59,0.15,AM,w_bus_metro
88,60,0.3,AM,w_bus_metro
88,61,0.3,AM,w_bus_metro
88,62,0.15,AM,w_bus_metro
88,63,0.15,AM,w_bus_metro
88,64,0.15,AM,w_bus_metro
88,65,0.3,AM,w_bus_metro
88,67,4.65,AM,w_bus_metro
88,68,1.2,AM,w_bus_metro
88,74,0.15,AM,w_bus_metro
88,75,0.15,AM,w_bus_metro
88,77,0.15,AM,w_bus_metro
88,78,0.15,AM,w_bus_metro
88,79,0.45,AM,w_bus_metro
88,81,0.15,AM,w_bus_metro
88,83,0.45,AM,w_bus_metro
88,84,0.3,AM,w_bus_metro
88,86,1.2,AM,w_bus_metro
88,87,3.6,AM,w_bus_metro
88,89,0.6,AM,w_bus_metro
88,90,0.6,AM,w_bus_metro
88,95,0.45,AM,w_bus_metro
88,96,2.1,AM,w_bus_metro
88,97,0.6,AM,w_bus_metro
88,98,0.3,AM,w_bus_metro
88,99,0.3,AM,w_bus_metro
88,104,0.15,AM,w_bus_metro
88,105,0.75,AM,w_bus_metro
88,108,0.15,AM,w_bus_metro
88,114,0.15,AM,w_bus_metro
88,116,0.3,AM,w_bus_metro
88,120,0.6,AM,w_bus_metro
88,121,0.3,AM,w_bus_metro
88,122,0.15,AM,w_bus_metro
88,123,0.45,AM,w_bus_metro
88,135,0.15,AM,w_bus_metro
88,139,0.3,AM,w_bus_metro
88,141,0.3,AM,w_bus_metro
89,2,0.15,AM,w_bus_metro
89,7,0.45,AM,w_bus_metro
89,8,0.15,AM,w_bus_metro
89,9,0.15,AM,w_bus_metro
89,15,0.3,AM,w_bus_metro
89,22,0.3,AM,w_bus_metro
89,25,0.3,AM,w_bus_metro
89,26,0.3,AM,w_bus_metro
89,30,0.15,AM,w_bus_metro
89,32,1.8,AM,w_bus_metro
89,33,0.15,AM,w_bus_metro
89,36,0.15,AM,w_bus_metro
89,37,0.15,AM,w_bus_metro
89,38,1.2,AM,w_bus_metro
89,39,1.5,AM,w_bus_metro
89,40,2.25,AM,w_bus_metro
89,41,0.6,AM,w_bus_metro
89,46,0.15,AM,w_bus_metro
89,47,0.15,AM,w_bus_metro
89,48,0.45,AM,w_bus_metro
89,51,0.3,AM,w_bus_metro
89,52,0.3,AM,w_bus_metro
89,53,0.3,AM,w_bus_metro
89,54,0.15,AM,w_bus_metro
89,57,0.3,AM,w_bus_metro
89,58,0.3,AM,w_bus_metro
89,60,0.45,AM,w_bus_metro
89,61,0.75,AM,w_bus_metro
89,62,0.15,AM,w_bus_metro
89,63,0.15,AM,w_bus_metro
89,65,0.6,AM,w_bus_metro
89,67,1.2,AM,w_bus_metro
89,69,0.15,AM,w_bus_metro
89,71,0.3,AM,w_bus_metro
89,72,0.6,AM,w_bus_metro
89,75,0.9,AM,w_bus_metro
89,77,0.15,AM,w_bus_metro
89,79,0.75,AM,w_bus_metro
89,82,0.15,AM,w_bus_metro
89,83,0.15,AM,w_bus_metro
89,85,0.3,AM,w_bus_metro
89,86,2.25,AM,w_bus_metro
89,87,2.55,AM,w_bus_metro
89,88,0.6,AM,w_bus_metro
89,90,0.3,AM,w_bus_metro
89,91,0.15,AM,w_bus_metro
89,95,0.75,AM,w_bus_metro
89,96,0.6,AM,w_bus_metro
89,97,0.9,AM,w_bus_metro
89,99,0.9,AM,w_bus_metro
89,103,0.15,AM,w_bus_metro
89,108,0.6,AM,w_bus_metro
89,116,0.3,AM,w_bus_metro
89,120,0.75,AM,w_bus_metro
89,121,0.3,AM,w_bus_metro
89,122,0.15,AM,w_bus_metro
89,123,0.45,AM,w_bus_metro
89,129,0.15,AM,w_bus_metro
89,131,0.15,AM,w_bus_metro
89,138,0.3,AM,w_bus_metro
89,139,0.6,AM,w_bus_metro
90,2,0.15,AM,w_bus_metro
90,3,0.45,AM,w_bus_metro
90,7,0.3,AM,w_bus_metro
90,10,0.15,AM,w_bus_metro
90,12,0.15,AM,w_bus_metro
90,14,0.3,AM,w_bus_metro
90,15,0.45,AM,w_bus_metro
90,22,0.45,AM,w_bus_metro
90,24,0.3,AM,w_bus_metro
90,25,1.05,AM,w_bus_metro
90,26,0.75,AM,w_bus_metro
90,30,0.9,AM,w_bus_metro
90,31,0.15,AM,w_bus_metro
90,32,1.35,AM,w_bus_metro
90,33,0.45,AM,w_bus_metro
90,34,0.3,AM,w_bus_metro
90,35,0.15,AM,w_bus_metro
90,36,0.3,AM,w_bus_metro
90,37,0.15,AM,w_bus_metro
90,38,0.45,AM,w_bus_metro
90,39,1.5,AM,w_bus_metro
90,40,0.45,AM,w_bus_metro
90,42,1.2,AM,w_bus_metro
90,44,0.6,AM,w_bus_metro
90,45,0.15,AM,w_bus_metro
90,47,0.15,AM,w_bus_metro
90,48,0.45,AM,w_bus_metro
90,49,0.75,AM,w_bus_metro
90,57,1.2,AM,w_bus_metro
90,58,0.9,AM,w_bus_metro
90,59,0.15,AM,w_bus_metro
90,60,1.2,AM,w_bus_metro
90,61,0.6,AM,w_bus_metro
90,63,0.3,AM,w_bus_metro
90,66,0.15,AM,w_bus_metro
90,67,3.45,AM,w_bus_metro
90,68,1.5,AM,w_bus_metro
90,73,0.45,AM,w_bus_metro
90,74,0.45,AM,w_bus_metro
90,77,0.3,AM,w_bus_metro
90,78,0.3,AM,w_bus_metro
90,79,0.75,AM,w_bus_metro
90,80,0.15,AM,w_bus_metro
90,81,0.15,AM,w_bus_metro
90,86,0.15,AM,w_bus_metro
90,87,3.15,AM,w_bus_metro
90,88,0.9,AM,w_bus_metro
90,89,0.15,AM,w_bus_metro
90,93,0.15,AM,w_bus_metro
90,94,0.15,AM,w_bus_metro
90,95,0.3,AM,w_bus_metro
90,96,2.7,AM,w_bus_metro
90,97,2.4,AM,w_bus_metro
90,98,0.45,AM,w_bus_metro
90,99,0.6,AM,w_bus_metro
90,102,0.15,AM,w_bus_metro
90,107,0.15,AM,w_bus_metro
90,108,0.15,AM,w_bus_metro
90,114,0.45,AM,w_bus_metro
90,115,0.45,AM,w_bus_metro
90,116,0.45,AM,w_bus_metro
90,120,0.45,AM,w_bus_metro
90,121,0.75,AM,w_bus_metro
90,123,0.45,AM,w_bus_metro
90,128,0.15,AM,w_bus_metro
90,129,0.3,AM,w_bus_metro
90,138,0.6,AM,w_bus_metro
90,139,0.15,AM,w_bus_metro
90,140,0.15,AM,w_bus_metro
91,3,0.75,AM,w_bus_metro
91,4,0.45,AM,w_bus_metro
91,8,0.75,AM,w_bus_metro
91,10,0.6,AM,w_bus_metro
91,12,0.15,AM,w_bus_metro
91,14,0.15,AM,w_bus_metro
91,15,0.15,AM,w_bus_metro
91,20,0.15,AM,w_bus_metro
91,22,0.45,AM,w_bus_metro
91,23,0.15,AM,w_bus_metro
91,25,1.5,AM,w_bus_metro
91,26,1.95,AM,w_bus_metro
91,30,0.3,AM,w_bus_metro
91,32,2.7,AM,w_bus_metro
91,33,0.45,AM,w_bus_metro
91,35,1.5,AM,w_bus_metro
91,36,0.45,AM,w_bus_metro
91,38,0.9,AM,w_bus_metro
91,39,2.1,AM,w_bus_metro
91,40,2.25,AM,w_bus_metro
91,42,0.45,AM,w_bus_metro
91,43,0.3,AM,w_bus_metro
91,45,0.3,AM,w_bus_metro
91,46,0.15,AM,w_bus_metro
91,48,1.35,AM,w_bus_metro
91,49,0.9,AM,w_bus_metro
91,50,0.15,AM,w_bus_metro
91,51,0.3,AM,w_bus_metro
91,54,0.3,AM,w_bus_metro
91,56,0.75,AM,w_bus_metro
91,57,1.35,AM,w_bus_metro
91,58,1.2,AM,w_bus_metro
91,59,0.3,AM,w_bus_metro
91,60,1.35,AM,w_bus_metro
91,61,1.35,AM,w_bus_metro
91,62,0.15,AM,w_bus_metro
91,63,0.6,AM,w_bus_metro
91,64,0.45,AM,w_bus_metro
91,65,0.15,AM,w_bus_metro
91,66,0.45,AM,w_bus_metro
91,67,3.6,AM,w_bus_metro
91,68,1.2,AM,w_bus_metro
91,73,0.15,AM,w_bus_metro
91,74,0.3,AM,w_bus_metro
91,75,0.6,AM,w_bus_metro
91,77,0.45,AM,w_bus_metro
91,78,0.15,AM,w_bus_metro
91,79,1.8,AM,w_bus_metro
91,80,0.45,AM,w_bus_metro
91,84,0.15,AM,w_bus_metro
91,85,0.3,AM,w_bus_metro
91,86,1.2,AM,w_bus_metro
91,87,5.85,AM,w_bus_metro
91,88,0.3,AM,w_bus_metro
91,89,0.3,AM,w_bus_metro
91,90,0.75,AM,w_bus_metro
91,92,0.15,AM,w_bus_metro
91,93,0.15,AM,w_bus_metro
91,94,0.45,AM,w_bus_metro
91,95,0.9,AM,w_bus_metro
91,96,6.15,AM,w_bus_metro
91,97,1.65,AM,w_bus_metro
91,98,0.3,AM,w_bus_metro
91,99,2.55,AM,w_bus_metro
91,100,0.6,AM,w_bus_metro
91,102,0.3,AM,w_bus_metro
91,105,0.15,AM,w_bus_metro
91,108,1.2,AM,w_bus_metro
91,110,0.15,AM,w_bus_metro
91,111,0.15,AM,w_bus_metro
91,114,0.45,AM,w_bus_metro
91,115,0.6,AM,w_bus_metro
91,116,0.15,AM,w_bus_metro
91,120,1.05,AM,w_bus_metro
91,121,0.45,AM,w_bus_metro
91,123,1.2,AM,w_bus_metro
91,125,0.45,AM,w_bus_metro
91,128,0.3,AM,w_bus_metro
91,129,0.45,AM,w_bus_metro
91,135,0.15,AM,w_bus_metro
91,138,0.3,AM,w_bus_metro
91,139,0.6,AM,w_bus_metro
92,3,0.3,AM,w_bus_metro
92,4,0.3,AM,w_bus_metro
92,8,0.3,AM,w_bus_metro
92,10,0.3,AM,w_bus_metro
92,12,0.15,AM,w_bus_metro
92,18,0.6,AM,w_bus_metro
92,22,0.9,AM,w_bus_metro
92,23,0.3,AM,w_bus_metro
92,24,0.15,AM,w_bus_metro
92,25,0.6,AM,w_bus_metro
92,26,0.6,AM,w_bus_metro
92,27,0.15,AM,w_bus_metro
92,28,0.6,AM,w_bus_metro
92,29,0.15,AM,w_bus_metro
92,30,0.3,AM,w_bus_metro
92,31,0.15,AM,w_bus_metro
92,32,1.65,AM,w_bus_metro
92,33,0.45,AM,w_bus_metro
92,35,0.9,AM,w_bus_metro
92,36,0.75,AM,w_bus_metro
92,38,0.15,AM,w_bus_metro
92,39,0.6,AM,w_bus_metro
92,40,3.3,AM,w_bus_metro
92,42,0.75,AM,w_bus_metro
92,43,0.45,AM,w_bus_metro
92,44,0.45,AM,w_bus_metro
92,45,0.45,AM,w_bus_metro
92,52,0.15,AM,w_bus_metro
92,53,0.15,AM,w_bus_metro
92,56,0.3,AM,w_bus_metro
92,57,0.6,AM,w_bus_metro
92,58,0.75,AM,w_bus_metro
92,60,0.15,AM,w_bus_metro
92,62,0.15,AM,w_bus_metro
92,64,0.3,AM,w_bus_metro
92,65,0.15,AM,w_bus_metro
92,67,1.95,AM,w_bus_metro
92,68,1.05,AM,w_bus_metro
92,71,0.15,AM,w_bus_metro
92,72,0.15,AM,w_bus_metro
92,73,0.15,AM,w_bus_metro
92,74,0.15,AM,w_bus_metro
92,75,0.15,AM,w_bus_metro
92,77,0.15,AM,w_bus_metro
92,78,0.15,AM,w_bus_metro
92,79,1.05,AM,w_bus_metro
92,80,0.3,AM,w_bus_metro
92,81,0.3,AM,w_bus_metro
92,84,0.15,AM,w_bus_metro
92,86,0.75,AM,w_bus_metro
92,87,3.9,AM,w_bus_metro
92,88,0.15,AM,w_bus_metro
92,89,0.3,AM,w_bus_metro
92,90,0.45,AM,w_bus_metro
92,91,0.6,AM,w_bus_metro
92,93,0.3,AM,w_bus_metro
92,95,0.3,AM,w_bus_metro
92,96,2.4,AM,w_bus_metro
92,97,0.75,AM,w_bus_metro
92,98,0.15,AM,w_bus_metro
92,99,1.05,AM,w_bus_metro
92,103,0.15,AM,w_bus_metro
92,104,0.3,AM,w_bus_metro
92,105,0.15,AM,w_bus_metro
92,107,0.45,AM,w_bus_metro
92,109,0.15,AM,w_bus_metro
92,112,0.15,AM,w_bus_metro
92,120,1.35,AM,w_bus_metro
92,123,1.65,AM,w_bus_metro
92,125,0.45,AM,w_bus_metro
92,128,0.3,AM,w_bus_metro
92,129,0.3,AM,w_bus_metro
92,130,0.15,AM,w_bus_metro
92,132,0.15,AM,w_bus_metro
92,133,0.15,AM,w_bus_metro
92,135,0.3,AM,w_bus_metro
92,136,0.45,AM,w_bus_metro
92,139,0.15,AM,w_bus_metro
92,141,0.3,AM,w_bus_metro
93,3,0.3,AM,w_bus_metro
93,7,0.15,AM,w_bus_metro
93,9,0.3,AM,w_bus_metro
93,10,0.15,AM,w_bus_metro
93,11,0.15,AM,w_bus_metro
93,12,0.3,AM,w_bus_metro
93,13,0.15,AM,w_bus_metro
93,14,0.15,AM,w_bus_metro
93,15,0.15,AM,w_bus_metro
93,18,0.3,AM,w_bus_metro
93,20,0.15,AM,w_bus_metro
93,23,0.15,AM,w_bus_metro
93,24,0.15,AM,w_bus_metro
93,25,0.15,AM,w_bus_metro
93,26,0.3,AM,w_bus_metro
93,27,0.15,AM,w_bus_metro
93,28,0.3,AM,w_bus_metro
93,30,0.45,AM,w_bus_metro
93,31,1.2,AM,w_bus_metro
93,32,1.05,AM,w_bus_metro
93,33,0.3,AM,w_bus_metro
93,34,0.15,AM,w_bus_metro
93,35,0.45,AM,w_bus_metro
93,38,1.05,AM,w_bus_metro
93,39,2.25,AM,w_bus_metro
93,40,2.55,AM,w_bus_metro
93,42,0.6,AM,w_bus_metro
93,43,0.3,AM,w_bus_metro
93,44,0.6,AM,w_bus_metro
93,45,0.3,AM,w_bus_metro
93,46,0.15,AM,w_bus_metro
93,47,0.3,AM,w_bus_metro
93,48,0.45,AM,w_bus_metro
93,51,0.15,AM,w_bus_metro
93,52,0.15,AM,w_bus_metro
93,53,0.3,AM,w_bus_metro
93,56,0.15,AM,w_bus_metro
93,57,0.45,AM,w_bus_metro
93,58,0.75,AM,w_bus_metro
93,59,0.45,AM,w_bus_metro
93,60,1.35,AM,w_bus_metro
93,61,1.2,AM,w_bus_metro
93,63,0.3,AM,w_bus_metro
93,64,1.2,AM,w_bus_metro
93,65,0.45,AM,w_bus_metro
93,66,0.75,AM,w_bus_metro
93,67,7.5,AM,w_bus_metro
93,68,1.2,AM,w_bus_metro
93,75,0.15,AM,w_bus_metro
93,78,0.6,AM,w_bus_metro
93,79,0.9,AM,w_bus_metro
93,80,0.6,AM,w_bus_metro
93,82,0.45,AM,w_bus_metro
93,84,0.15,AM,w_bus_metro
93,85,0.45,AM,w_bus_metro
93,86,0.6,AM,w_bus_metro
93,87,6.15,AM,w_bus_metro
93,88,1.05,AM,w_bus_metro
93,89,0.3,AM,w_bus_metro
93,90,0.6,AM,w_bus_metro
93,91,0.6,AM,w_bus_metro
93,95,0.45,AM,w_bus_metro
93,96,2.25,AM,w_bus_metro
93,97,1.2,AM,w_bus_metro
93,98,0.15,AM,w_bus_metro
93,99,0.75,AM,w_bus_metro
93,100,0.3,AM,w_bus_metro
93,102,0.3,AM,w_bus_metro
93,107,0.3,AM,w_bus_metro
93,108,0.75,AM,w_bus_metro
93,111,0.15,AM,w_bus_metro
93,113,0.15,AM,w_bus_metro
93,115,0.6,AM,w_bus_metro
93,116,0.45,AM,w_bus_metro
93,118,0.15,AM,w_bus_metro
93,120,1.35,AM,w_bus_metro
93,121,0.75,AM,w_bus_metro
93,122,0.15,AM,w_bus_metro
93,123,1.2,AM,w_bus_metro
93,125,0.45,AM,w_bus_metro
93,126,0.15,AM,w_bus_metro
93,129,0.15,AM,w_bus_metro
93,131,0.15,AM,w_bus_metro
93,139,0.15,AM,w_bus_metro
93,140,0.15,AM,w_bus_metro
94,4,0.3,AM,w_bus_metro
94,7,0.3,AM,w_bus_metro
94,10,0.15,AM,w_bus_metro
94,15,0.75,AM,w_bus_metro
94,18,0.3,AM,w_bus_metro
94,20,0.6,AM,w_bus_metro
94,22,0.15,AM,w_bus_metro
94,24,0.15,AM,w_bus_metro
94,25,1.5,AM,w_bus_metro
94,26,0.3,AM,w_bus_metro
94,30,0.45,AM,w_bus_metro
94,31,0.3,AM,w_bus_metro
94,32,1.5,AM,w_bus_metro
94,35,0.3,AM,w_bus_metro
94,36,0.6,AM,w_bus_metro
94,38,1.05,AM,w_bus_metro
94,39,0.9,AM,w_bus_metro
94,40,0.45,AM,w_bus_metro
94,42,0.3,AM,w_bus_metro
94,46,0.15,AM,w_bus_metro
94,48,0.3,AM,w_bus_metro
94,49,0.3,AM,w_bus_metro
94,57,1.05,AM,w_bus_metro
94,58,0.75,AM,w_bus_metro
94,59,0.15,AM,w_bus_metro
94,60,0.45,AM,w_bus_metro
94,61,0.45,AM,w_bus_metro
94,63,0.45,AM,w_bus_metro
94,64,0.15,AM,w_bus_metro
94,67,2.7,AM,w_bus_metro
94,68,0.6,AM,w_bus_metro
94,73,0.15,AM,w_bus_metro
94,77,0.15,AM,w_bus_metro
94,78,0.3,AM,w_bus_metro
94,79,0.3,AM,w_bus_metro
94,80,0.6,AM,w_bus_metro
94,82,0.15,AM,w_bus_metro
94,84,0.15,AM,w_bus_metro
94,86,0.9,AM,w_bus_metro
94,87,2.25,AM,w_bus_metro
94,88,0.15,AM,w_bus_metro
94,89,0.15,AM,w_bus_metro
94,95,0.6,AM,w_bus_metro
94,96,1.2,AM,w_bus_metro
94,97,1.35,AM,w_bus_metro
94,98,0.6,AM,w_bus_metro
94,99,0.3,AM,w_bus_metro
94,104,0.15,AM,w_bus_metro
94,105,0.15,AM,w_bus_metro
94,108,0.75,AM,w_bus_metro
94,113,0.15,AM,w_bus_metro
94,114,0.3,AM,w_bus_metro
94,116,0.15,AM,w_bus_metro
94,118,0.15,AM,w_bus_metro
94,120,0.75,AM,w_bus_metro
94,121,0.6,AM,w_bus_metro
94,123,0.45,AM,w_bus_metro
94,124,0.15,AM,w_bus_metro
94,128,0.45,AM,w_bus_metro
94,129,0.6,AM,w_bus_metro
94,131,0.15,AM,w_bus_metro
94,138,0.15,AM,w_bus_metro
94,140,0.15,AM,w_bus_metro
94,141,0.15,AM,w_bus_metro
95,3,0.45,AM,w_bus_metro
95,4,0.45,AM,w_bus_metro
95,7,0.15,AM,w_bus_metro
95,9,0.15,AM,w_bus_metro
95,10,0.15,AM,w_bus_metro
95,13,0.15,AM,w_bus_metro
95,20,0.15,AM,w_bus_metro
95,21,0.3,AM,w_bus_metro
95,22,0.15,AM,w_bus_metro
95,23,0.3,AM,w_bus_metro
95,24,0.15,AM,w_bus_metro
95,25,0.45,AM,w_bus_metro
95,26,0.75,AM,w_bus_metro
95,27,0.3,AM,w_bus_metro
95,30,0.75,AM,w_bus_metro
95,31,0.45,AM,w_bus_metro
95,32,2.1,AM,w_bus_metro
95,33,0.15,AM,w_bus_metro
95,34,0.3,AM,w_bus_metro
95,35,0.3,AM,w_bus_metro
95,38,1.2,AM,w_bus_metro
95,39,1.65,AM,w_bus_metro
95,40,2.7,AM,w_bus_metro
95,41,0.15,AM,w_bus_metro
95,42,0.9,AM,w_bus_metro
95,44,0.3,AM,w_bus_metro
95,46,0.3,AM,w_bus_metro
95,48,0.3,AM,w_bus_metro
95,49,0.3,AM,w_bus_metro
95,56,0.15,AM,w_bus_metro
95,57,0.45,AM,w_bus_metro
95,58,1.2,AM,w_bus_metro
95,61,0.75,AM,w_bus_metro
95,62,0.3,AM,w_bus_metro
95,63,0.15,AM,w_bus_metro
95,64,0.75,AM,w_bus_metro
95,65,0.75,AM,w_bus_metro
95,66,0.6,AM,w_bus_metro
95,67,5.7,AM,w_bus_metro
95,68,1.05,AM,w_bus_metro
95,72,0.15,AM,w_bus_metro
95,73,0.45,AM,w_bus_metro
95,74,0.45,AM,w_bus_metro
95,75,0.3,AM,w_bus_metro
95,76,0.15,AM,w_bus_metro
95,77,0.3,AM,w_bus_metro
95,78,0.15,AM,w_bus_metro
95,79,1.5,AM,w_bus_metro
95,81,0.15,AM,w_bus_metro
95,82,0.15,AM,w_bus_metro
95,83,0.15,AM,w_bus_metro
95,86,1.05,AM,w_bus_metro
95,87,4.65,AM,w_bus_metro
95,89,0.3,AM,w_bus_metro
95,90,0.3,AM,w_bus_metro
95,96,2.55,AM,w_bus_metro
95,97,1.8,AM,w_bus_metro
95,99,0.6,AM,w_bus_metro
95,100,0.45,AM,w_bus_metro
95,101,0.3,AM,w_bus_metro
95,102,0.45,AM,w_bus_metro
95,108,0.45,AM,w_bus_metro
95,109,0.15,AM,w_bus_metro
95,114,0.15,AM,w_bus_metro
95,115,0.15,AM,w_bus_metro
95,120,0.15,AM,w_bus_metro
95,121,0.9,AM,w_bus_metro
95,123,1.2,AM,w_bus_metro
95,125,1.05,AM,w_bus_metro
95,129,0.3,AM,w_bus_metro
95,135,0.15,AM,w_bus_metro
95,139,0.15,AM,w_bus_metro
95,141,0.15,AM,w_bus_metro
96,2,0.3,AM,w_bus_metro
96,3,1.2,AM,w_bus_metro
96,4,0.6,AM,w_bus_metro
96,5,0.15,AM,w_bus_metro
96,7,0.9,AM,w_bus_metro
96,9,0.3,AM,w_bus_metro
96,10,0.15,AM,w_bus_metro
96,15,0.45,AM,w_bus_metro
96,17,0.3,AM,w_bus_metro
96,20,0.15,AM,w_bus_metro
96,21,0.3,AM,w_bus_metro
96,22,0.6,AM,w_bus_metro
96,24,0.15,AM,w_bus_metro
96,25,2.85,AM,w_bus_metro
96,26,3.6,AM,w_bus_metro
96,30,2.7,AM,w_bus_metro
96,31,0.9,AM,w_bus_metro
96,32,3.45,AM,w_bus_metro
96,33,0.9,AM,w_bus_metro
96,34,0.3,AM,w_bus_metro
96,35,0.9,AM,w_bus_metro
96,36,1.2,AM,w_bus_metro
96,37,0.45,AM,w_bus_metro
96,38,4.05,AM,w_bus_metro
96,39,4.35,AM,w_bus_metro
96,40,3.3,AM,w_bus_metro
96,42,1.8,AM,w_bus_metro
96,43,1.65,AM,w_bus_metro
96,44,1.2,AM,w_bus_metro
96,46,0.45,AM,w_bus_metro
96,47,0.9,AM,w_bus_metro
96,48,1.05,AM,w_bus_metro
96,53,0.15,AM,w_bus_metro
96,54,0.15,AM,w_bus_metro
96,56,0.3,AM,w_bus_metro
96,57,2.4,AM,w_bus_metro
96,58,1.8,AM,w_bus_metro
96,59,0.45,AM,w_bus_metro
96,60,2.7,AM,w_bus_metro
96,61,2.4,AM,w_bus_metro
96,64,2.1,AM,w_bus_metro
96,65,0.9,AM,w_bus_metro
96,66,0.75,AM,w_bus_metro
96,67,9.3,AM,w_bus_metro
96,68,1.65,AM,w_bus_metro
96,69,0.15,AM,w_bus_metro
96,70,0.15,AM,w_bus_metro
96,72,0.15,AM,w_bus_metro
96,74,1.05,AM,w_bus_metro
96,75,0.45,AM,w_bus_metro
96,76,0.15,AM,w_bus_metro
96,77,0.15,AM,w_bus_metro
96,78,0.6,AM,w_bus_metro
96,79,1.95,AM,w_bus_metro
96,80,0.15,AM,w_bus_metro
96,81,0.3,AM,w_bus_metro
96,82,0.3,AM,w_bus_metro
96,86,3.6,AM,w_bus_metro
96,87,10.05,AM,w_bus_metro
96,88,0.3,AM,w_bus_metro
96,89,0.3,AM,w_bus_metro
96,90,0.45,AM,w_bus_metro
96,91,0.3,AM,w_bus_metro
96,93,0.3,AM,w_bus_metro
96,94,0.15,AM,w_bus_metro
96,95,0.6,AM,w_bus_metro
96,97,4.2,AM,w_bus_metro
96,98,0.75,AM,w_bus_metro
96,99,1.2,AM,w_bus_metro
96,100,0.15,AM,w_bus_metro
96,102,0.15,AM,w_bus_metro
96,104,0.15,AM,w_bus_metro
96,105,0.75,AM,w_bus_metro
96,106,0.15,AM,w_bus_metro
96,108,0.15,AM,w_bus_metro
96,110,0.3,AM,w_bus_metro
96,113,0.15,AM,w_bus_metro
96,114,0.45,AM,w_bus_metro
96,115,0.6,AM,w_bus_metro
96,116,3.15,AM,w_bus_metro
96,117,0.15,AM,w_bus_metro
96,120,1.65,AM,w_bus_metro
96,121,0.45,AM,w_bus_metro
96,123,1.35,AM,w_bus_metro
96,124,0.45,AM,w_bus_metro
96,125,0.15,AM,w_bus_metro
96,128,0.15,AM,w_bus_metro
96,129,0.15,AM,w_bus_metro
96,130,0.15,AM,w_bus_metro
96,131,0.3,AM,w_bus_metro
97,2,0.75,AM,w_bus_metro
97,3,0.3,AM,w_bus_metro
97,7,0.45,AM,w_bus_metro
97,8,0.3,AM,w_bus_metro
97,10,0.15,AM,w_bus_metro
97,12,0.6,AM,w_bus_metro
97,13,0.45,AM,w_bus_metro
97,18,0.15,AM,w_bus_metro
97,20,0.15,AM,w_bus_metro
97,22,0.3,AM,w_bus_metro
97,23,0.3,AM,w_bus_metro
97,25,1.35,AM,w_bus_metro
97,26,2.7,AM,w_bus_metro
97,28,0.45,AM,w_bus_metro
97,30,0.6,AM,w_bus_metro
97,31,0.15,AM,w_bus_metro
97,32,5.1,AM,w_bus_metro
97,33,1.2,AM,w_bus_metro
97,34,0.3,AM,w_bus_metro
97,35,0.75,AM,w_bus_metro
97,36,1.5,AM,w_bus_metro
97,37,0.15,AM,w_bus_metro
97,38,4.65,AM,w_bus_metro
97,39,1.8,AM,w_bus_metro
97,40,1.95,AM,w_bus_metro
97,41,0.9,AM,w_bus_metro
97,42,1.2,AM,w_bus_metro
97,43,0.6,AM,w_bus_metro
97,44,0.6,AM,w_bus_metro
97,46,0.3,AM,w_bus_metro
97,47,0.45,AM,w_bus_metro
97,48,0.45,AM,w_bus_metro
97,49,0.6,AM,w_bus_metro
97,50,0.15,AM,w_bus_metro
97,51,0.6,AM,w_bus_metro
97,52,0.15,AM,w_bus_metro
97,56,0.3,AM,w_bus_metro
97,57,3.3,AM,w_bus_metro
97,58,1.65,AM,w_bus_metro
97,59,0.45,AM,w_bus_metro
97,60,2.1,AM,w_bus_metro
97,61,1.65,AM,w_bus_metro
97,62,0.75,AM,w_bus_metro
97,63,0.15,AM,w_bus_metro
97,64,1.2,AM,w_bus_metro
97,65,0.9,AM,w_bus_metro
97,66,0.3,AM,w_bus_metro
97,67,15.6,AM,w_bus_metro
97,68,2.1,AM,w_bus_metro
97,72,0.3,AM,w_bus_metro
97,74,0.3,AM,w_bus_metro
97,75,0.15,AM,w_bus_metro
97,79,1.65,AM,w_bus_metro
97,80,1.05,AM,w_bus_metro
97,85,0.15,AM,w_bus_metro
97,86,0.9,AM,w_bus_metro
97,87,3.6,AM,w_bus_metro
97,88,0.3,AM,w_bus_metro
97,90,0.9,AM,w_bus_metro
97,91,0.15,AM,w_bus_metro
97,92,0.15,AM,w_bus_metro
97,93,0.15,AM,w_bus_metro
97,94,0.15,AM,w_bus_metro
97,95,0.6,AM,w_bus_metro
97,96,8.85,AM,w_bus_metro
97,98,0.3,AM,w_bus_metro
97,99,0.75,AM,w_bus_metro
97,100,0.3,AM,w_bus_metro
97,102,0.45,AM,w_bus_metro
97,104,0.6,AM,w_bus_metro
97,105,0.6,AM,w_bus_metro
97,107,0.15,AM,w_bus_metro
97,108,0.75,AM,w_bus_metro
97,112,0.3,AM,w_bus_metro
97,114,0.9,AM,w_bus_metro
97,115,0.45,AM,w_bus_metro
97,116,0.9,AM,w_bus_metro
97,117,0.3,AM,w_bus_metro
97,120,1.8,AM,w_bus_metro
97,121,0.15,AM,w_bus_metro
97,123,0.6,AM,w_bus_metro
97,124,0.15,AM,w_bus_metro
97,125,0.15,AM,w_bus_metro
97,128,0.3,AM,w_bus_metro
97,130,0.15,AM,w_bus_metro
97,132,0.15,AM,w_bus_metro
97,133,0.15,AM,w_bus_metro
97,136,0.15,AM,w_bus_metro
97,138,0.15,AM,w_bus_metro
97,139,0.45,AM,w_bus_metro
98,2,0.15,AM,w_bus_metro
98,3,0.9,AM,w_bus_metro
98,4,0.9,AM,w_bus_metro
98,5,0.15,AM,w_bus_metro
98,7,0.15,AM,w_bus_metro
98,8,0.15,AM,w_bus_metro
98,9,0.45,AM,w_bus_metro
98,10,0.45,AM,w_bus_metro
98,11,0.15,AM,w_bus_metro
98,12,0.15,AM,w_bus_metro
98,13,0.3,AM,w_bus_metro
98,16,0.15,AM,w_bus_metro
98,20,0.9,AM,w_bus_metro
98,21,0.3,AM,w_bus_metro
98,22,0.3,AM,w_bus_metro
98,23,0.3,AM,w_bus_metro
98,25,3.6,AM,w_bus_metro
98,26,2.4,AM,w_bus_metro
98,27,0.15,AM,w_bus_metro
98,28,0.3,AM,w_bus_metro
98,30,0.75,AM,w_bus_metro
98,31,1.2,AM,w_bus_metro
98,32,2.7,AM,w_bus_metro
98,33,0.45,AM,w_bus_metro
98,35,0.45,AM,w_bus_metro
98,36,1.5,AM,w_bus_metro
98,37,0.15,AM,w_bus_metro
98,38,3.3,AM,w_bus_metro
98,39,2.7,AM,w_bus_metro
98,40,3.45,AM,w_bus_metro
98,41,0.15,AM,w_bus_metro
98,42,2.1,AM,w_bus_metro
98,43,0.6,AM,w_bus_metro
98,44,1.2,AM,w_bus_metro
98,48,0.3,AM,w_bus_metro
98,49,0.15,AM,w_bus_metro
98,56,0.15,AM,w_bus_metro
98,57,2.4,AM,w_bus_metro
98,58,4.5,AM,w_bus_metro
98,59,0.15,AM,w_bus_metro
98,60,2.25,AM,w_bus_metro
98,61,1.05,AM,w_bus_metro
98,62,0.9,AM,w_bus_metro
98,64,1.5,AM,w_bus_metro
98,65,0.75,AM,w_bus_metro
98,66,0.15,AM,w_bus_metro
98,67,10.5,AM,w_bus_metro
98,68,2.85,AM,w_bus_metro
98,71,0.15,AM,w_bus_metro
98,73,0.15,AM,w_bus_metro
98,74,0.45,AM,w_bus_metro
98,76,0.3,AM,w_bus_metro
98,77,0.45,AM,w_bus_metro
98,78,0.45,AM,w_bus_metro
98,79,1.35,AM,w_bus_metro
98,80,2.4,AM,w_bus_metro
98,81,0.45,AM,w_bus_metro
98,83,0.3,AM,w_bus_metro
98,85,0.15,AM,w_bus_metro
98,86,0.45,AM,w_bus_metro
98,87,9.6,AM,w_bus_metro
98,90,0.3,AM,w_bus_metro
98,91,0.3,AM,w_bus_metro
98,92,0.15,AM,w_bus_metro
98,94,0.6,AM,w_bus_metro
98,95,0.45,AM,w_bus_metro
98,96,10.95,AM,w_bus_metro
98,97,3.15,AM,w_bus_metro
98,99,0.75,AM,w_bus_metro
98,100,0.75,AM,w_bus_metro
98,104,0.15,AM,w_bus_metro
98,105,0.15,AM,w_bus_metro
98,108,3.0,AM,w_bus_metro
98,111,0.15,AM,w_bus_metro
98,114,0.6,AM,w_bus_metro
98,115,0.6,AM,w_bus_metro
98,116,2.55,AM,w_bus_metro
98,117,0.3,AM,w_bus_metro
98,118,0.6,AM,w_bus_metro
98,120,1.65,AM,w_bus_metro
98,121,1.05,AM,w_bus_metro
98,122,0.3,AM,w_bus_metro
98,123,1.65,AM,w_bus_metro
98,125,0.15,AM,w_bus_metro
98,128,0.15,AM,w_bus_metro
98,131,0.3,AM,w_bus_metro
98,134,0.15,AM,w_bus_metro
98,136,0.15,AM,w_bus_metro
98,138,0.15,AM,w_bus_metro
99,1,0.15,AM,w_bus_metro
99,2,0.6,AM,w_bus_metro
99,3,1.65,AM,w_bus_metro
99,4,0.75,AM,w_bus_metro
99,7,0.45,AM,w_bus_metro
99,9,0.15,AM,w_bus_metro
99,10,0.15,AM,w_bus_metro
99,13,0.15,AM,w_bus_metro
99,14,0.3,AM,w_bus_metro
99,15,0.3,AM,w_bus_metro
99,18,0.45,AM,w_bus_metro
99,21,0.75,AM,w_bus_metro
99,22,1.65,AM,w_bus_metro
99,23,0.3,AM,w_bus_metro
99,24,0.6,AM,w_bus_metro
99,25,9.3,AM,w_bus_metro
99,26,8.1,AM,w_bus_metro
99,27,0.15,AM,w_bus_metro
99,28,0.6,AM,w_bus_metro
99,29,0.3,AM,w_bus_metro
99,30,0.75,AM,w_bus_metro
99,31,2.25,AM,w_bus_metro
99,32,10.5,AM,w_bus_metro
99,33,2.1,AM,w_bus_metro
99,34,0.45,AM,w_bus_metro
99,35,1.05,AM,w_bus_metro
99,36,1.8,AM,w_bus_metro
99,37,0.15,AM,w_bus_metro
99,38,8.4,AM,w_bus_metro
99,39,10.2,AM,w_bus_metro
99,40,6.3,AM,w_bus_metro
99,41,0.3,AM,w_bus_metro
99,42,1.65,AM,w_bus_metro
99,43,1.05,AM,w_bus_metro
99,44,1.05,AM,w_bus_metro
99,46,0.6,AM,w_bus_metro
99,48,1.2,AM,w_bus_metro
99,49,0.9,AM,w_bus_metro
99,51,0.15,AM,w_bus_metro
99,54,0.15,AM,w_bus_metro
99,57,8.25,AM,w_bus_metro
99,58,14.85,AM,w_bus_metro
99,59,0.15,AM,w_bus_metro
99,60,5.55,AM,w_bus_metro
99,61,1.95,AM,w_bus_metro
99,62,0.75,AM,w_bus_metro
99,64,0.3,AM,w_bus_metro
99,65,0.75,AM,w_bus_metro
99,67,22.5,AM,w_bus_metro
99,68,2.7,AM,w_bus_metro
99,74,0.15,AM,w_bus_metro
99,75,0.15,AM,w_bus_metro
99,76,0.3,AM,w_bus_metro
99,78,0.3,AM,w_bus_metro
99,79,2.85,AM,w_bus_metro
99,80,0.6,AM,w_bus_metro
99,82,0.3,AM,w_bus_metro
99,84,0.6,AM,w_bus_metro
99,85,0.3,AM,w_bus_metro
99,86,1.5,AM,w_bus_metro
99,87,4.2,AM,w_bus_metro
99,89,0.3,AM,w_bus_metro
99,90,1.65,AM,w_bus_metro
99,93,0.15,AM,w_bus_metro
99,95,1.5,AM,w_bus_metro
99,96,13.5,AM,w_bus_metro
99,97,2.85,AM,w_bus_metro
99,98,0.45,AM,w_bus_metro
99,100,1.65,AM,w_bus_metro
99,104,0.15,AM,w_bus_metro
99,105,0.3,AM,w_bus_metro
99,107,0.15,AM,w_bus_metro
99,108,0.9,AM,w_bus_metro
99,115,0.45,AM,w_bus_metro
99,116,1.65,AM,w_bus_metro
99,117,0.45,AM,w_bus_metro
99,118,0.15,AM,w_bus_metro
99,120,6.9,AM,w_bus_metro
99,121,0.6,AM,w_bus_metro
99,122,0.3,AM,w_bus_metro
99,123,0.3,AM,w_bus_metro
99,125,0.6,AM,w_bus_metro
99,132,0.15,AM,w_bus_metro
99,136,0.15,AM,w_bus_metro
99,139,0.3,AM,w_bus_metro
100,1,0.15,AM,w_bus_metro
100,15,0.15,AM,w_bus_metro
100,20,0.3,AM,w_bus_metro
100,21,0.15,AM,w_bus_metro
100,22,0.6,AM,w_bus_metro
100,24,0.15,AM,w_bus_metro
100,25,1.2,AM,w_bus_metro
100,26,0.6,AM,w_bus_metro
100,30,0.15,AM,w_bus_metro
100,31,0.15,AM,w_bus_metro
100,32,0.45,AM,w_bus_metro
100,33,0.45,AM,w_bus_metro
100,35,0.15,AM,w_bus_metro
100,36,0.3,AM,w_bus_metro
100,38,0.6,AM,w_bus_metro
100,39,1.8,AM,w_bus_metro
100,40,1.35,AM,w_bus_metro
100,41,0.3,AM,w_bus_metro
100,42,0.75,AM,w_bus_metro
100,43,0.75,AM,w_bus_metro
100,44,0.45,AM,w_bus_metro
100,45,0.15,AM,w_bus_metro
100,46,0.75,AM,w_bus_metro
100,48,0.3,AM,w_bus_metro
100,49,0.15,AM,w_bus_metro
100,50,0.3,AM,w_bus_metro
100,57,1.05,AM,w_bus_metro
100,58,1.95,AM,w_bus_metro
100,59,0.3,AM,w_bus_metro
100,60,1.35,AM,w_bus_metro
100,61,0.75,AM,w_bus_metro
100,62,0.15,AM,w_bus_metro
100,63,0.45,AM,w_bus_metro
100,65,0.15,AM,w_bus_metro
100,66,0.3,AM,w_bus_metro
100,67,4.05,AM,w_bus_metro
100,68,1.2,AM,w_bus_metro
100,79,0.3,AM,w_bus_metro
100,80,0.15,AM,w_bus_metro
100,83,0.15,AM,w_bus_metro
100,84,0.15,AM,w_bus_metro
100,86,0.15,AM,w_bus_metro
100,87,1.05,AM,w_bus_metro
100,96,1.2,AM,w_bus_metro
100,97,0.75,AM,w_bus_metro
100,99,0.6,AM,w_bus_metro
100,102,0.3,AM,w_bus_metro
100,105,0.15,AM,w_bus_metro
100,108,0.15,AM,w_bus_metro
100,114,0.15,AM,w_bus_metro
100,116,0.15,AM,w_bus_metro
100,120,0.45,AM,w_bus_metro
100,121,0.15,AM,w_bus_metro
100,123,0.45,AM,w_bus_metro
100,125,0.15,AM,w_bus_metro
100,131,0.15,AM,w_bus_metro
100,132,0.15,AM,w_bus_metro
100,139,0.15,AM,w_bus_metro
101,2,0.15,AM,w_bus_metro
101,3,0.15,AM,w_bus_metro
101,4,0.15,AM,w_bus_metro
101,6,0.15,AM,w_bus_metro
101,7,0.15,AM,w_bus_metro
101,18,0.6,AM,w_bus_metro
101,20,0.15,AM,w_bus_metro
101,21,0.3,AM,w_bus_metro
101,22,0.6,AM,w_bus_metro
101,25,0.45,AM,w_bus_metro
101,26,1.05,AM,w_bus_metro
101,30,0.15,AM,w_bus_metro
101,31,0.3,AM,w_bus_metro
101,32,1.65,AM,w_bus_metro
101,33,0.9,AM,w_bus_metro
101,35,0.15,AM,w_bus_metro
101,36,0.75,AM,w_bus_metro
101,37,0.45,AM,w_bus_metro
101,38,0.6,AM,w_bus_metro
101,39,1.2,AM,w_bus_metro
101,40,1.05,AM,w_bus_metro
101,43,0.15,AM,w_bus_metro
101,45,0.15,AM,w_bus_metro
101,46,0.15,AM,w_bus_metro
101,47,0.45,AM,w_bus_metro
101,48,1.65,AM,w_bus_metro
101,49,0.6,AM,w_bus_metro
101,52,0.15,AM,w_bus_metro
101,53,0.15,AM,w_bus_metro
101,57,1.35,AM,w_bus_metro
101,58,0.15,AM,w_bus_metro
101,60,0.3,AM,w_bus_metro
101,61,0.45,AM,w_bus_metro
101,64,0.45,AM,w_bus_metro
101,65,0.6,AM,w_bus_metro
101,66,0.15,AM,w_bus_metro
101,67,3.15,AM,w_bus_metro
101,68,0.9,AM,w_bus_metro
101,71,0.15,AM,w_bus_metro
101,72,0.6,AM,w_bus_metro
101,74,0.15,AM,w_bus_metro
101,75,0.3,AM,w_bus_metro
101,77,0.15,AM,w_bus_metro
101,78,0.15,AM,w_bus_metro
101,79,0.6,AM,w_bus_metro
101,86,2.85,AM,w_bus_metro
101,87,1.8,AM,w_bus_metro
101,88,0.3,AM,w_bus_metro
101,89,0.3,AM,w_bus_metro
101,95,0.45,AM,w_bus_metro
101,96,0.75,AM,w_bus_metro
101,97,0.45,AM,w_bus_metro
101,98,0.45,AM,w_bus_metro
101,100,0.3,AM,w_bus_metro
101,105,0.15,AM,w_bus_metro
101,108,0.45,AM,w_bus_metro
101,110,0.15,AM,w_bus_metro
101,112,0.15,AM,w_bus_metro
101,113,0.15,AM,w_bus_metro
101,115,0.45,AM,w_bus_metro
101,116,0.3,AM,w_bus_metro
101,120,0.15,AM,w_bus_metro
101,121,0.15,AM,w_bus_metro
101,123,0.9,AM,w_bus_metro
101,125,0.3,AM,w_bus_metro
101,130,0.15,AM,w_bus_metro
101,131,0.3,AM,w_bus_metro
101,132,0.15,AM,w_bus_metro
101,138,0.45,AM,w_bus_metro
101,139,0.45,AM,w_bus_metro
102,1,0.15,AM,w_bus_metro
102,3,0.6,AM,w_bus_metro
102,4,0.6,AM,w_bus_metro
102,8,0.6,AM,w_bus_metro
102,10,0.15,AM,w_bus_metro
102,13,0.15,AM,w_bus_metro
102,14,0.15,AM,w_bus_metro
102,15,0.6,AM,w_bus_metro
102,20,0.15,AM,w_bus_metro
102,22,0.9,AM,w_bus_metro
102,23,0.9,AM,w_bus_metro
102,25,2.1,AM,w_bus_metro
102,26,1.8,AM,w_bus_metro
102,28,0.15,AM,w_bus_metro
102,30,0.45,AM,w_bus_metro
102,32,3.0,AM,w_bus_metro
102,33,1.35,AM,w_bus_metro
102,35,0.75,AM,w_bus_metro
102,36,0.6,AM,w_bus_metro
102,37,0.15,AM,w_bus_metro
102,38,1.35,AM,w_bus_metro
102,39,3.45,AM,w_bus_metro
102,40,1.95,AM,w_bus_metro
102,41,0.45,AM,w_bus_metro
102,42,0.6,AM,w_bus_metro
102,43,0.45,AM,w_bus_metro
102,44,1.35,AM,w_bus_metro
102,45,0.15,AM,w_bus_metro
102,48,1.2,AM,w_bus_metro
102,49,0.9,AM,w_bus_metro
102,50,0.15,AM,w_bus_metro
102,51,0.15,AM,w_bus_metro
102,52,0.6,AM,w_bus_metro
102,53,0.15,AM,w_bus_metro
102,56,0.6,AM,w_bus_metro
102,57,1.2,AM,w_bus_metro
102,58,1.65,AM,w_bus_metro
102,59,0.6,AM,w_bus_metro
102,60,1.65,AM,w_bus_metro
102,61,1.95,AM,w_bus_metro
102,63,0.45,AM,w_bus_metro
102,64,0.15,AM,w_bus_metro
102,65,0.3,AM,w_bus_metro
102,67,4.05,AM,w_bus_metro
102,68,0.9,AM,w_bus_metro
102,72,0.45,AM,w_bus_metro
102,73,0.3,AM,w_bus_metro
102,74,0.6,AM,w_bus_metro
102,75,0.9,AM,w_bus_metro
102,77,1.05,AM,w_bus_metro
102,78,1.05,AM,w_bus_metro
102,79,1.65,AM,w_bus_metro
102,82,0.45,AM,w_bus_metro
102,84,0.3,AM,w_bus_metro
102,85,0.3,AM,w_bus_metro
102,86,1.05,AM,w_bus_metro
102,87,6.6,AM,w_bus_metro
102,88,0.15,AM,w_bus_metro
102,89,0.75,AM,w_bus_metro
102,90,0.45,AM,w_bus_metro
102,91,0.15,AM,w_bus_metro
102,93,0.15,AM,w_bus_metro
102,95,1.2,AM,w_bus_metro
102,96,2.85,AM,w_bus_metro
102,97,1.2,AM,w_bus_metro
102,99,0.15,AM,w_bus_metro
102,100,0.3,AM,w_bus_metro
102,101,0.15,AM,w_bus_metro
102,104,0.15,AM,w_bus_metro
102,105,0.15,AM,w_bus_metro
102,108,0.15,AM,w_bus_metro
102,110,0.6,AM,w_bus_metro
102,114,0.15,AM,w_bus_metro
102,115,0.9,AM,w_bus_metro
102,116,0.3,AM,w_bus_metro
102,120,0.15,AM,w_bus_metro
102,121,0.9,AM,w_bus_metro
102,123,2.85,AM,w_bus_metro
102,125,0.6,AM,w_bus_metro
102,129,0.6,AM,w_bus_metro
102,131,0.15,AM,w_bus_metro
102,132,0.15,AM,w_bus_metro
102,140,0.3,AM,w_bus_metro
103,3,0.75,AM,w_bus_metro
103,4,1.05,AM,w_bus_metro
103,7,1.05,AM,w_bus_metro
103,8,0.15,AM,w_bus_metro
103,10,0.15,AM,w_bus_metro
103,15,0.45,AM,w_bus_metro
103,16,0.15,AM,w_bus_metro
103,21,0.15,AM,w_bus_metro
103,22,0.15,AM,w_bus_metro
103,24,0.45,AM,w_bus_metro
103,25,0.45,AM,w_bus_metro
103,26,1.05,AM,w_bus_metro
103,30,0.3,AM,w_bus_metro
103,32,1.95,AM,w_bus_metro
103,33,0.45,AM,w_bus_metro
103,35,0.75,AM,w_bus_metro
103,36,0.15,AM,w_bus_metro
103,38,0.45,AM,w_bus_metro
103,39,3.0,AM,w_bus_metro
103,40,2.85,AM,w_bus_metro
103,42,1.35,AM,w_bus_metro
103,43,0.3,AM,w_bus_metro
103,44,0.75,AM,w_bus_metro
103,47,0.9,AM,w_bus_metro
103,48,0.3,AM,w_bus_metro
103,49,1.05,AM,w_bus_metro
103,50,0.3,AM,w_bus_metro
103,51,0.75,AM,w_bus_metro
103,53,0.45,AM,w_bus_metro
103,54,0.3,AM,w_bus_metro
103,56,0.3,AM,w_bus_metro
103,57,1.65,AM,w_bus_metro
103,58,0.75,AM,w_bus_metro
103,60,0.45,AM,w_bus_metro
103,61,1.2,AM,w_bus_metro
103,63,0.15,AM,w_bus_metro
103,64,0.3,AM,w_bus_metro
103,65,0.45,AM,w_bus_metro
103,66,0.3,AM,w_bus_metro
103,67,3.0,AM,w_bus_metro
103,68,0.75,AM,w_bus_metro
103,71,0.15,AM,w_bus_metro
103,72,0.3,AM,w_bus_metro
103,74,0.3,AM,w_bus_metro
103,75,0.45,AM,w_bus_metro
103,76,0.15,AM,w_bus_metro
103,77,0.6,AM,w_bus_metro
103,78,0.45,AM,w_bus_metro
103,79,1.5,AM,w_bus_metro
103,80,0.15,AM,w_bus_metro
103,82,0.15,AM,w_bus_metro
103,84,0.15,AM,w_bus_metro
103,85,0.15,AM,w_bus_metro
103,86,1.65,AM,w_bus_metro
103,87,5.85,AM,w_bus_metro
103,88,0.45,AM,w_bus_metro
103,89,0.3,AM,w_bus_metro
103,94,0.3,AM,w_bus_metro
103,95,1.35,AM,w_bus_metro
103,96,3.15,AM,w_bus_metro
103,97,1.5,AM,w_bus_metro
103,99,1.2,AM,w_bus_metro
103,100,0.3,AM,w_bus_metro
103,102,0.6,AM,w_bus_metro
103,105,0.15,AM,w_bus_metro
103,107,0.15,AM,w_bus_metro
103,110,0.15,AM,w_bus_metro
103,112,0.15,AM,w_bus_metro
103,113,0.3,AM,w_bus_metro
103,115,0.6,AM,w_bus_metro
103,117,0.15,AM,w_bus_metro
103,118,0.45,AM,w_bus_metro
103,120,0.3,AM,w_bus_metro
103,121,0.6,AM,w_bus_metro
103,122,0.15,AM,w_bus_metro
103,123,2.25,AM,w_bus_metro
103,124,0.45,AM,w_bus_metro
103,125,0.6,AM,w_bus_metro
103,129,0.3,AM,w_bus_metro
103,130,0.15,AM,w_bus_metro
103,131,0.3,AM,w_bus_metro
103,136,0.3,AM,w_bus_metro
103,137,0.3,AM,w_bus_metro
103,139,0.15,AM,w_bus_metro
104,1,0.45,AM,w_bus_metro
104,3,0.75,AM,w_bus_metro
104,4,0.45,AM,w_bus_metro
104,5,0.45,AM,w_bus_metro
104,6,0.15,AM,w_bus_metro
104,7,0.9,AM,w_bus_metro
104,8,0.3,AM,w_bus_metro
104,9,0.3,AM,w_bus_metro
104,10,0.9,AM,w_bus_metro
104,11,0.3,AM,w_bus_metro
104,14,0.15,AM,w_bus_metro
104,15,1.95,AM,w_bus_metro
104,17,0.15,AM,w_bus_metro
104,21,0.45,AM,w_bus_metro
104,22,1.5,AM,w_bus_metro
104,23,0.3,AM,w_bus_metro
104,24,0.15,AM,w_bus_metro
104,25,3.0,AM,w_bus_metro
104,26,1.8,AM,w_bus_metro
104,27,0.45,AM,w_bus_metro
104,29,0.15,AM,w_bus_metro
104,30,0.45,AM,w_bus_metro
104,31,1.05,AM,w_bus_metro
104,32,5.55,AM,w_bus_metro
104,33,0.75,AM,w_bus_metro
104,34,1.05,AM,w_bus_metro
104,35,2.25,AM,w_bus_metro
104,36,0.6,AM,w_bus_metro
104,37,0.3,AM,w_bus_metro
104,38,3.0,AM,w_bus_metro
104,39,3.9,AM,w_bus_metro
104,40,5.1,AM,w_bus_metro
104,41,0.45,AM,w_bus_metro
104,42,1.65,AM,w_bus_metro
104,43,0.3,AM,w_bus_metro
104,44,0.45,AM,w_bus_metro
104,46,0.15,AM,w_bus_metro
104,47,0.15,AM,w_bus_metro
104,48,1.35,AM,w_bus_metro
104,49,1.8,AM,w_bus_metro
104,50,0.3,AM,w_bus_metro
104,51,0.15,AM,w_bus_metro
104,52,0.9,AM,w_bus_metro
104,53,0.15,AM,w_bus_metro
104,56,0.15,AM,w_bus_metro
104,57,2.7,AM,w_bus_metro
104,58,3.3,AM,w_bus_metro
104,59,1.05,AM,w_bus_metro
104,60,0.45,AM,w_bus_metro
104,61,2.55,AM,w_bus_metro
104,63,1.05,AM,w_bus_metro
104,64,1.05,AM,w_bus_metro
104,65,1.65,AM,w_bus_metro
104,66,0.75,AM,w_bus_metro
104,67,11.25,AM,w_bus_metro
104,68,2.4,AM,w_bus_metro
104,70,0.15,AM,w_bus_metro
104,71,0.15,AM,w_bus_metro
104,73,0.3,AM,w_bus_metro
104,74,0.45,AM,w_bus_metro
104,75,1.05,AM,w_bus_metro
104,76,0.45,AM,w_bus_metro
104,77,1.5,AM,w_bus_metro
104,78,1.5,AM,w_bus_metro
104,79,7.8,AM,w_bus_metro
104,80,0.45,AM,w_bus_metro
104,82,0.9,AM,w_bus_metro
104,83,0.3,AM,w_bus_metro
104,84,1.35,AM,w_bus_metro
104,85,1.5,AM,w_bus_metro
104,86,3.0,AM,w_bus_metro
104,87,18.0,AM,w_bus_metro
104,88,0.15,AM,w_bus_metro
104,89,0.75,AM,w_bus_metro
104,90,1.65,AM,w_bus_metro
104,91,0.45,AM,w_bus_metro
104,92,0.15,AM,w_bus_metro
104,93,0.15,AM,w_bus_metro
104,94,0.15,AM,w_bus_metro
104,95,0.3,AM,w_bus_metro
104,96,9.9,AM,w_bus_metro
104,97,3.75,AM,w_bus_metro
104,98,0.45,AM,w_bus_metro
104,99,1.05,AM,w_bus_metro
104,100,0.3,AM,w_bus_metro
104,102,0.3,AM,w_bus_metro
104,103,0.3,AM,w_bus_metro
104,105,2.4,AM,w_bus_metro
104,107,1.05,AM,w_bus_metro
104,108,1.2,AM,w_bus_metro
104,109,0.45,AM,w_bus_metro
104,110,0.45,AM,w_bus_metro
104,111,0.75,AM,w_bus_metro
104,112,0.6,AM,w_bus_metro
104,114,0.75,AM,w_bus_metro
104,115,0.6,AM,w_bus_metro
104,116,0.15,AM,w_bus_metro
104,118,0.45,AM,w_bus_metro
104,120,0.3,AM,w_bus_metro
104,121,1.95,AM,w_bus_metro
104,122,0.45,AM,w_bus_metro
104,123,3.0,AM,w_bus_metro
104,125,1.05,AM,w_bus_metro
104,126,0.3,AM,w_bus_metro
104,128,0.3,AM,w_bus_metro
104,129,0.75,AM,w_bus_metro
104,130,0.9,AM,w_bus_metro
104,131,0.6,AM,w_bus_metro
104,136,0.15,AM,w_bus_metro
104,139,1.95,AM,w_bus_metro
104,140,0.45,AM,w_bus_metro
104,141,0.6,AM,w_bus_metro
105,1,0.3,AM,w_bus_metro
105,2,0.15,AM,w_bus_metro
105,3,0.3,AM,w_bus_metro
105,4,0.3,AM,w_bus_metro
105,6,0.3,AM,w_bus_metro
105,7,0.3,AM,w_bus_metro
105,8,0.15,AM,w_bus_metro
105,9,0.15,AM,w_bus_metro
105,10,0.9,AM,w_bus_metro
105,12,0.15,AM,w_bus_metro
105,14,0.15,AM,w_bus_metro
105,15,0.3,AM,w_bus_metro
105,20,0.3,AM,w_bus_metro
105,21,0.3,AM,w_bus_metro
105,22,0.75,AM,w_bus_metro
105,23,0.15,AM,w_bus_metro
105,24,0.75,AM,w_bus_metro
105,26,0.75,AM,w_bus_metro
105,28,0.3,AM,w_bus_metro
105,29,0.15,AM,w_bus_metro
105,30,0.45,AM,w_bus_metro
105,31,0.15,AM,w_bus_metro
105,32,3.0,AM,w_bus_metro
105,33,0.15,AM,w_bus_metro
105,34,0.45,AM,w_bus_metro
105,36,0.3,AM,w_bus_metro
105,37,0.15,AM,w_bus_metro
105,38,0.9,AM,w_bus_metro
105,39,1.5,AM,w_bus_metro
105,40,1.5,AM,w_bus_metro
105,41,0.15,AM,w_bus_metro
105,42,0.75,AM,w_bus_metro
105,43,0.15,AM,w_bus_metro
105,44,0.45,AM,w_bus_metro
105,47,0.45,AM,w_bus_metro
105,48,0.15,AM,w_bus_metro
105,49,0.3,AM,w_bus_metro
105,50,0.3,AM,w_bus_metro
105,52,0.15,AM,w_bus_metro
105,53,0.45,AM,w_bus_metro
105,56,0.75,AM,w_bus_metro
105,57,0.45,AM,w_bus_metro
105,58,0.9,AM,w_bus_metro
105,59,1.35,AM,w_bus_metro
105,60,0.45,AM,w_bus_metro
105,61,1.65,AM,w_bus_metro
105,63,0.9,AM,w_bus_metro
105,66,0.15,AM,w_bus_metro
105,67,3.3,AM,w_bus_metro
105,68,0.45,AM,w_bus_metro
105,74,0.15,AM,w_bus_metro
105,75,1.05,AM,w_bus_metro
105,77,0.3,AM,w_bus_metro
105,78,0.6,AM,w_bus_metro
105,79,5.7,AM,w_bus_metro
105,82,0.15,AM,w_bus_metro
105,83,0.15,AM,w_bus_metro
105,85,0.15,AM,w_bus_metro
105,86,2.7,AM,w_bus_metro
105,87,6.15,AM,w_bus_metro
105,88,1.35,AM,w_bus_metro
105,90,0.45,AM,w_bus_metro
105,93,0.3,AM,w_bus_metro
105,95,0.3,AM,w_bus_metro
105,96,3.6,AM,w_bus_metro
105,97,0.75,AM,w_bus_metro
105,99,0.3,AM,w_bus_metro
105,100,0.15,AM,w_bus_metro
105,101,0.15,AM,w_bus_metro
105,102,0.3,AM,w_bus_metro
105,104,0.3,AM,w_bus_metro
105,107,0.45,AM,w_bus_metro
105,108,0.3,AM,w_bus_metro
105,110,0.15,AM,w_bus_metro
105,111,0.3,AM,w_bus_metro
105,112,0.15,AM,w_bus_metro
105,114,0.45,AM,w_bus_metro
105,120,0.75,AM,w_bus_metro
105,121,0.45,AM,w_bus_metro
105,122,0.3,AM,w_bus_metro
105,123,1.35,AM,w_bus_metro
105,126,0.15,AM,w_bus_metro
105,129,0.45,AM,w_bus_metro
105,130,0.15,AM,w_bus_metro
105,134,0.3,AM,w_bus_metro
105,136,0.15,AM,w_bus_metro
105,137,0.15,AM,w_bus_metro
105,138,0.3,AM,w_bus_metro
105,139,0.3,AM,w_bus_metro
106,3,0.15,AM,w_bus_metro
106,7,0.15,AM,w_bus_metro
106,12,0.15,AM,w_bus_metro
106,30,0.15,AM,w_bus_metro
106,31,0.3,AM,w_bus_metro
106,34,0.15,AM,w_bus_metro
106,40,0.15,AM,w_bus_metro
106,48,0.15,AM,w_bus_metro
106,49,0.15,AM,w_bus_metro
106,52,0.15,AM,w_bus_metro
106,57,0.15,AM,w_bus_metro
106,58,0.15,AM,w_bus_metro
106,60,0.15,AM,w_bus_metro
106,67,0.15,AM,w_bus_metro
106,68,0.15,AM,w_bus_metro
106,85,0.15,AM,w_bus_metro
106,87,0.3,AM,w_bus_metro
106,90,0.3,AM,w_bus_metro
106,96,0.3,AM,w_bus_metro
106,97,0.15,AM,w_bus_metro
106,107,0.15,AM,w_bus_metro
106,111,0.15,AM,w_bus_metro
106,112,0.15,AM,w_bus_metro
106,116,0.15,AM,w_bus_metro
106,120,0.15,AM,w_bus_metro
106,123,0.15,AM,w_bus_metro
106,133,0.15,AM,w_bus_metro
107,1,0.3,AM,w_bus_metro
107,3,1.05,AM,w_bus_metro
107,4,1.5,AM,w_bus_metro
107,5,0.15,AM,w_bus_metro
107,7,0.75,AM,w_bus_metro
107,8,0.45,AM,w_bus_metro
107,10,0.6,AM,w_bus_metro
107,11,0.15,AM,w_bus_metro
107,12,0.3,AM,w_bus_metro
107,14,0.15,AM,w_bus_metro
107,22,0.9,AM,w_bus_metro
107,23,0.45,AM,w_bus_metro
107,25,2.7,AM,w_bus_metro
107,26,1.35,AM,w_bus_metro
107,27,0.15,AM,w_bus_metro
107,28,0.45,AM,w_bus_metro
107,30,0.9,AM,w_bus_metro
107,31,0.45,AM,w_bus_metro
107,32,2.55,AM,w_bus_metro
107,33,3.0,AM,w_bus_metro
107,34,0.45,AM,w_bus_metro
107,35,1.8,AM,w_bus_metro
107,36,0.6,AM,w_bus_metro
107,37,0.15,AM,w_bus_metro
107,38,2.85,AM,w_bus_metro
107,39,2.7,AM,w_bus_metro
107,40,2.4,AM,w_bus_metro
107,41,0.6,AM,w_bus_metro
107,42,2.4,AM,w_bus_metro
107,43,1.05,AM,w_bus_metro
107,44,1.2,AM,w_bus_metro
107,45,0.3,AM,w_bus_metro
107,46,0.45,AM,w_bus_metro
107,47,0.3,AM,w_bus_metro
107,48,0.6,AM,w_bus_metro
107,49,0.9,AM,w_bus_metro
107,51,0.15,AM,w_bus_metro
107,52,0.45,AM,w_bus_metro
107,53,0.3,AM,w_bus_metro
107,56,0.45,AM,w_bus_metro
107,57,1.5,AM,w_bus_metro
107,58,3.6,AM,w_bus_metro
107,60,2.55,AM,w_bus_metro
107,61,1.95,AM,w_bus_metro
107,63,0.6,AM,w_bus_metro
107,64,1.2,AM,w_bus_metro
107,65,0.9,AM,w_bus_metro
107,66,0.9,AM,w_bus_metro
107,67,8.85,AM,w_bus_metro
107,68,1.2,AM,w_bus_metro
107,70,0.15,AM,w_bus_metro
107,72,0.15,AM,w_bus_metro
107,73,0.6,AM,w_bus_metro
107,75,1.05,AM,w_bus_metro
107,76,0.45,AM,w_bus_metro
107,77,1.05,AM,w_bus_metro
107,78,0.3,AM,w_bus_metro
107,79,3.0,AM,w_bus_metro
107,80,0.3,AM,w_bus_metro
107,81,0.3,AM,w_bus_metro
107,82,0.3,AM,w_bus_metro
107,84,0.45,AM,w_bus_metro
107,85,0.15,AM,w_bus_metro
107,86,1.35,AM,w_bus_metro
107,87,10.8,AM,w_bus_metro
107,88,0.45,AM,w_bus_metro
107,89,0.75,AM,w_bus_metro
107,90,0.45,AM,w_bus_metro
107,92,0.15,AM,w_bus_metro
107,93,0.15,AM,w_bus_metro
107,95,0.3,AM,w_bus_metro
107,96,11.55,AM,w_bus_metro
107,97,3.15,AM,w_bus_metro
107,98,0.9,AM,w_bus_metro
107,99,1.95,AM,w_bus_metro
107,100,1.95,AM,w_bus_metro
107,102,0.45,AM,w_bus_metro
107,104,0.45,AM,w_bus_metro
107,105,0.3,AM,w_bus_metro
107,108,0.45,AM,w_bus_metro
107,109,0.15,AM,w_bus_metro
107,110,0.15,AM,w_bus_metro
107,111,0.15,AM,w_bus_metro
107,112,0.75,AM,w_bus_metro
107,115,0.6,AM,w_bus_metro
107,116,1.5,AM,w_bus_metro
107,117,0.15,AM,w_bus_metro
107,118,0.45,AM,w_bus_metro
107,120,1.5,AM,w_bus_metro
107,121,0.75,AM,w_bus_metro
107,122,0.3,AM,w_bus_metro
107,123,2.25,AM,w_bus_metro
107,125,0.3,AM,w_bus_metro
107,128,0.6,AM,w_bus_metro
107,129,0.75,AM,w_bus_metro
107,131,0.15,AM,w_bus_metro
107,136,0.15,AM,w_bus_metro
107,137,0.3,AM,w_bus_metro
107,139,1.05,AM,w_bus_metro
107,141,0.15,AM,w_bus_metro
108,1,0.15,AM,w_bus_metro
108,3,1.5,AM,w_bus_metro
108,4,0.15,AM,w_bus_metro
108,6,0.45,AM,w_bus_metro
108,7,0.15,AM,w_bus_metro
108,8,0.3,AM,w_bus_metro
108,9,0.15,AM,w_bus_metro
108,10,1.05,AM,w_bus_metro
108,12,0.6,AM,w_bus_metro
108,13,0.3,AM,w_bus_metro
108,15,0.3,AM,w_bus_metro
108,18,1.2,AM,w_bus_metro
108,19,0.45,AM,w_bus_metro
108,21,0.75,AM,w_bus_metro
108,22,0.15,AM,w_bus_metro
108,25,2.7,AM,w_bus_metro
108,26,3.15,AM,w_bus_metro
108,27,0.3,AM,w_bus_metro
108,28,0.3,AM,w_bus_metro
108,30,1.35,AM,w_bus_metro
108,31,0.15,AM,w_bus_metro
108,32,2.85,AM,w_bus_metro
108,33,0.75,AM,w_bus_metro
108,34,0.45,AM,w_bus_metro
108,35,1.05,AM,w_bus_metro
108,36,0.6,AM,w_bus_metro
108,37,0.15,AM,w_bus_metro
108,38,6.15,AM,w_bus_metro
108,39,4.65,AM,w_bus_metro
108,40,1.2,AM,w_bus_metro
108,43,0.75,AM,w_bus_metro
108,44,0.15,AM,w_bus_metro
108,46,0.6,AM,w_bus_metro
108,47,0.3,AM,w_bus_metro
108,48,2.85,AM,w_bus_metro
108,49,0.45,AM,w_bus_metro
108,56,0.3,AM,w_bus_metro
108,57,4.8,AM,w_bus_metro
108,58,2.55,AM,w_bus_metro
108,59,0.9,AM,w_bus_metro
108,60,2.25,AM,w_bus_metro
108,61,3.9,AM,w_bus_metro
108,62,0.45,AM,w_bus_metro
108,63,0.75,AM,w_bus_metro
108,64,2.1,AM,w_bus_metro
108,65,1.65,AM,w_bus_metro
108,66,1.2,AM,w_bus_metro
108,67,16.05,AM,w_bus_metro
108,68,2.1,AM,w_bus_metro
108,74,0.15,AM,w_bus_metro
108,75,0.15,AM,w_bus_metro
108,76,0.45,AM,w_bus_metro
108,78,0.15,AM,w_bus_metro
108,79,1.05,AM,w_bus_metro
108,80,2.4,AM,w_bus_metro
108,81,0.6,AM,w_bus_metro
108,82,0.3,AM,w_bus_metro
108,83,0.15,AM,w_bus_metro
108,84,0.3,AM,w_bus_metro
108,85,0.3,AM,w_bus_metro
108,86,0.75,AM,w_bus_metro
108,87,6.45,AM,w_bus_metro
108,88,0.15,AM,w_bus_metro
108,90,0.3,AM,w_bus_metro
108,91,0.15,AM,w_bus_metro
108,93,0.45,AM,w_bus_metro
108,94,0.3,AM,w_bus_metro
108,95,0.6,AM,w_bus_metro
108,96,8.85,AM,w_bus_metro
108,97,4.35,AM,w_bus_metro
108,98,0.6,AM,w_bus_metro
108,99,1.05,AM,w_bus_metro
108,100,0.3,AM,w_bus_metro
108,104,0.3,AM,w_bus_metro
108,105,0.45,AM,w_bus_metro
108,107,0.15,AM,w_bus_metro
108,109,0.15,AM,w_bus_metro
108,111,0.15,AM,w_bus_metro
108,113,0.3,AM,w_bus_metro
108,114,0.9,AM,w_bus_metro
108,115,0.3,AM,w_bus_metro
108,116,2.25,AM,w_bus_metro
108,117,0.9,AM,w_bus_metro
108,118,0.15,AM,w_bus_metro
108,120,1.65,AM,w_bus_metro
108,121,0.15,AM,w_bus_metro
108,122,0.3,AM,w_bus_metro
108,123,0.45,AM,w_bus_metro
108,125,0.3,AM,w_bus_metro
108,126,0.15,AM,w_bus_metro
108,129,0.3,AM,w_bus_metro
108,131,0.3,AM,w_bus_metro
108,135,0.15,AM,w_bus_metro
108,139,0.15,AM,w_bus_metro
109,3,0.15,AM,w_bus_metro
109,7,0.3,AM,w_bus_metro
109,8,0.45,AM,w_bus_metro
109,12,0.6,AM,w_bus_metro
109,13,0.15,AM,w_bus_metro
109,19,0.15,AM,w_bus_metro
109,20,0.3,AM,w_bus_metro
109,21,0.15,AM,w_bus_metro
109,22,0.3,AM,w_bus_metro
109,23,0.15,AM,w_bus_metro
109,25,0.75,AM,w_bus_metro
109,26,0.6,AM,w_bus_metro
109,27,0.15,AM,w_bus_metro
109,31,0.15,AM,w_bus_metro
109,32,1.2,AM,w_bus_metro
109,36,0.3,AM,w_bus_metro
109,38,1.35,AM,w_bus_metro
109,39,0.75,AM,w_bus_metro
109,40,0.75,AM,w_bus_metro
109,42,0.15,AM,w_bus_metro
109,44,0.6,AM,w_bus_metro
109,47,0.15,AM,w_bus_metro
109,48,0.3,AM,w_bus_metro
109,49,0.15,AM,w_bus_metro
109,57,2.1,AM,w_bus_metro
109,60,0.45,AM,w_bus_metro
109,61,1.05,AM,w_bus_metro
109,62,0.15,AM,w_bus_metro
109,63,0.45,AM,w_bus_metro
109,64,0.75,AM,w_bus_metro
109,65,0.15,AM,w_bus_metro
109,67,3.15,AM,w_bus_metro
109,68,0.75,AM,w_bus_metro
109,69,0.15,AM,w_bus_metro
109,73,0.15,AM,w_bus_metro
109,74,0.3,AM,w_bus_metro
109,76,0.3,AM,w_bus_metro
109,78,0.15,AM,w_bus_metro
109,79,0.15,AM,w_bus_metro
109,80,0.3,AM,w_bus_metro
109,82,0.15,AM,w_bus_metro
109,83,0.15,AM,w_bus_metro
109,84,0.15,AM,w_bus_metro
109,85,0.15,AM,w_bus_metro
109,87,1.2,AM,w_bus_metro
109,89,0.45,AM,w_bus_metro
109,96,0.45,AM,w_bus_metro
109,97,1.35,AM,w_bus_metro
109,98,0.15,AM,w_bus_metro
109,99,0.15,AM,w_bus_metro
109,105,0.45,AM,w_bus_metro
109,106,0.15,AM,w_bus_metro
109,108,0.45,AM,w_bus_metro
109,111,0.3,AM,w_bus_metro
109,116,0.9,AM,w_bus_metro
109,117,0.45,AM,w_bus_metro
109,118,0.15,AM,w_bus_metro
109,120,0.15,AM,w_bus_metro
109,122,0.15,AM,w_bus_metro
109,123,0.9,AM,w_bus_metro
109,131,0.3,AM,w_bus_metro
109,138,0.15,AM,w_bus_metro
109,139,0.15,AM,w_bus_metro
110,11,0.15,AM,w_bus_metro
110,15,0.15,AM,w_bus_metro
110,21,0.15,AM,w_bus_metro
110,25,0.15,AM,w_bus_metro
110,26,0.15,AM,w_bus_metro
110,33,0.15,AM,w_bus_metro
110,36,0.15,AM,w_bus_metro
110,39,0.15,AM,w_bus_metro
110,40,0.15,AM,w_bus_metro
110,44,0.15,AM,w_bus_metro
110,59,0.15,AM,w_bus_metro
110,65,0.15,AM,w_bus_metro
110,66,0.15,AM,w_bus_metro
110,67,0.15,AM,w_bus_metro
110,68,0.15,AM,w_bus_metro
110,85,0.15,AM,w_bus_metro
110,87,0.3,AM,w_bus_metro
110,91,0.3,AM,w_bus_metro
110,113,0.15,AM,w_bus_metro
110,116,0.15,AM,w_bus_metro
110,123,0.15,AM,w_bus_metro
111,1,0.45,AM,w_bus_metro
111,2,0.3,AM,w_bus_metro
111,3,1.2,AM,w_bus_metro
111,4,0.9,AM,w_bus_metro
111,6,0.45,AM,w_bus_metro
111,7,1.2,AM,w_bus_metro
111,8,0.45,AM,w_bus_metro
111,9,0.45,AM,w_bus_metro
111,10,0.45,AM,w_bus_metro
111,11,0.3,AM,w_bus_metro
111,12,0.9,AM,w_bus_metro
111,13,1.2,AM,w_bus_metro
111,15,1.05,AM,w_bus_metro
111,20,0.75,AM,w_bus_metro
111,21,0.45,AM,w_bus_metro
111,22,0.15,AM,w_bus_metro
111,23,1.05,AM,w_bus_metro
111,24,0.15,AM,w_bus_metro
111,25,1.95,AM,w_bus_metro
111,26,2.7,AM,w_bus_metro
111,27,0.45,AM,w_bus_metro
111,28,0.3,AM,w_bus_metro
111,29,0.15,AM,w_bus_metro
111,30,0.45,AM,w_bus_metro
111,31,0.45,AM,w_bus_metro
111,32,4.95,AM,w_bus_metro
111,33,0.6,AM,w_bus_metro
111,34,0.6,AM,w_bus_metro
111,35,0.9,AM,w_bus_metro
111,36,1.2,AM,w_bus_metro
111,38,5.85,AM,w_bus_metro
111,39,2.4,AM,w_bus_metro
111,40,1.65,AM,w_bus_metro
111,41,0.6,AM,w_bus_metro
111,42,2.25,AM,w_bus_metro
111,43,1.2,AM,w_bus_metro
111,44,1.65,AM,w_bus_metro
111,45,0.15,AM,w_bus_metro
111,47,1.2,AM,w_bus_metro
111,48,0.75,AM,w_bus_metro
111,49,0.45,AM,w_bus_metro
111,50,0.3,AM,w_bus_metro
111,51,0.15,AM,w_bus_metro
111,53,0.15,AM,w_bus_metro
111,56,0.45,AM,w_bus_metro
111,57,3.15,AM,w_bus_metro
111,58,2.85,AM,w_bus_metro
111,60,3.3,AM,w_bus_metro
111,61,2.7,AM,w_bus_metro
111,62,0.3,AM,w_bus_metro
111,63,0.75,AM,w_bus_metro
111,64,1.2,AM,w_bus_metro
111,65,0.9,AM,w_bus_metro
111,66,0.75,AM,w_bus_metro
111,67,15.3,AM,w_bus_metro
111,68,2.25,AM,w_bus_metro
111,69,0.3,AM,w_bus_metro
111,74,0.15,AM,w_bus_metro
111,75,0.9,AM,w_bus_metro
111,77,0.15,AM,w_bus_metro
111,78,0.9,AM,w_bus_metro
111,79,1.5,AM,w_bus_metro
111,80,2.7,AM,w_bus_metro
111,84,0.3,AM,w_bus_metro
111,86,0.3,AM,w_bus_metro
111,87,9.45,AM,w_bus_metro
111,89,0.15,AM,w_bus_metro
111,90,0.15,AM,w_bus_metro
111,95,0.75,AM,w_bus_metro
111,96,6.45,AM,w_bus_metro
111,97,2.1,AM,w_bus_metro
111,98,0.75,AM,w_bus_metro
111,99,0.75,AM,w_bus_metro
111,100,0.75,AM,w_bus_metro
111,102,0.3,AM,w_bus_metro
111,105,0.45,AM,w_bus_metro
111,107,0.45,AM,w_bus_metro
111,108,3.3,AM,w_bus_metro
111,109,0.3,AM,w_bus_metro
111,110,0.3,AM,w_bus_metro
111,114,1.65,AM,w_bus_metro
111,115,0.6,AM,w_bus_metro
111,116,1.8,AM,w_bus_metro
111,117,0.15,AM,w_bus_metro
111,118,1.05,AM,w_bus_metro
111,120,2.55,AM,w_bus_metro
111,121,0.9,AM,w_bus_metro
111,123,1.2,AM,w_bus_metro
111,125,0.3,AM,w_bus_metro
111,126,0.15,AM,w_bus_metro
111,127,0.15,AM,w_bus_metro
111,131,0.15,AM,w_bus_metro
111,139,0.45,AM,w_bus_metro
112,2,0.15,AM,w_bus_metro
112,4,0.15,AM,w_bus_metro
112,7,0.75,AM,w_bus_metro
112,8,0.6,AM,w_bus_metro
112,10,0.75,AM,w_bus_metro
112,12,0.15,AM,w_bus_metro
112,15,0.6,AM,w_bus_metro
112,18,0.15,AM,w_bus_metro
112,20,0.15,AM,w_bus_metro
112,21,0.15,AM,w_bus_metro
112,22,0.3,AM,w_bus_metro
112,23,0.3,AM,w_bus_metro
112,25,1.5,AM,w_bus_metro
112,26,0.6,AM,w_bus_metro
112,28,0.15,AM,w_bus_metro
112,30,0.6,AM,w_bus_metro
112,31,0.15,AM,w_bus_metro
112,32,0.9,AM,w_bus_metro
112,34,0.3,AM,w_bus_metro
112,35,1.35,AM,w_bus_metro
112,36,0.45,AM,w_bus_metro
112,37,0.3,AM,w_bus_metro
112,38,0.9,AM,w_bus_metro
112,39,2.85,AM,w_bus_metro
112,40,1.35,AM,w_bus_metro
112,42,0.6,AM,w_bus_metro
112,43,0.6,AM,w_bus_metro
112,44,0.45,AM,w_bus_metro
112,45,0.45,AM,w_bus_metro
112,48,0.9,AM,w_bus_metro
112,49,1.05,AM,w_bus_metro
112,50,0.15,AM,w_bus_metro
112,52,0.15,AM,w_bus_metro
112,56,0.45,AM,w_bus_metro
112,57,1.5,AM,w_bus_metro
112,58,2.55,AM,w_bus_metro
112,60,1.35,AM,w_bus_metro
112,61,1.95,AM,w_bus_metro
112,63,0.15,AM,w_bus_metro
112,64,0.15,AM,w_bus_metro
112,66,0.75,AM,w_bus_metro
112,67,6.3,AM,w_bus_metro
112,68,0.9,AM,w_bus_metro
112,69,0.3,AM,w_bus_metro
112,72,0.15,AM,w_bus_metro
112,74,0.15,AM,w_bus_metro
112,75,0.3,AM,w_bus_metro
112,76,0.45,AM,w_bus_metro
112,77,0.3,AM,w_bus_metro
112,78,1.2,AM,w_bus_metro
112,79,4.35,AM,w_bus_metro
112,80,0.75,AM,w_bus_metro
112,81,0.15,AM,w_bus_metro
112,82,0.15,AM,w_bus_metro
112,84,0.15,AM,w_bus_metro
112,85,0.3,AM,w_bus_metro
112,86,1.5,AM,w_bus_metro
112,87,7.95,AM,w_bus_metro
112,88,0.3,AM,w_bus_metro
112,89,0.15,AM,w_bus_metro
112,90,0.9,AM,w_bus_metro
112,91,0.6,AM,w_bus_metro
112,92,0.3,AM,w_bus_metro
112,95,0.6,AM,w_bus_metro
112,96,4.05,AM,w_bus_metro
112,97,0.75,AM,w_bus_metro
112,98,0.3,AM,w_bus_metro
112,99,1.2,AM,w_bus_metro
112,100,0.15,AM,w_bus_metro
112,102,0.15,AM,w_bus_metro
112,104,0.15,AM,w_bus_metro
112,105,0.6,AM,w_bus_metro
112,108,1.2,AM,w_bus_metro
112,109,0.45,AM,w_bus_metro
112,110,0.45,AM,w_bus_metro
112,111,0.45,AM,w_bus_metro
112,114,0.3,AM,w_bus_metro
112,115,0.3,AM,w_bus_metro
112,116,0.3,AM,w_bus_metro
112,118,0.15,AM,w_bus_metro
112,120,0.75,AM,w_bus_metro
112,121,0.75,AM,w_bus_metro
112,122,0.15,AM,w_bus_metro
112,123,1.35,AM,w_bus_metro
112,125,0.3,AM,w_bus_metro
112,127,0.15,AM,w_bus_metro
112,129,0.3,AM,w_bus_metro
112,130,0.15,AM,w_bus_metro
112,131,0.15,AM,w_bus_metro
112,139,0.75,AM,w_bus_metro
112,140,0.15,AM,w_bus_metro
112,141,0.15,AM,w_bus_metro
113,2,0.15,AM,w_bus_metro
113,7,0.3,AM,w_bus_metro
113,8,0.3,AM,w_bus_metro
113,10,0.6,AM,w_bus_metro
113,11,0.45,AM,w_bus_metro
113,12,0.45,AM,w_bus_metro
113,14,0.15,AM,w_bus_metro
113,15,0.45,AM,w_bus_metro
113,19,0.15,AM,w_bus_metro
113,20,0.3,AM,w_bus_metro
113,21,0.15,AM,w_bus_metro
113,22,0.3,AM,w_bus_metro
113,23,0.15,AM,w_bus_metro
113,25,0.75,AM,w_bus_metro
113,26,0.45,AM,w_bus_metro
113,28,0.15,AM,w_bus_metro
113,30,0.3,AM,w_bus_metro
113,31,0.45,AM,w_bus_metro
113,32,1.05,AM,w_bus_metro
113,33,1.2,AM,w_bus_metro
113,35,0.15,AM,w_bus_metro
113,36,0.6,AM,w_bus_metro
113,37,0.15,AM,w_bus_metro
113,38,0.3,AM,w_bus_metro
113,39,1.5,AM,w_bus_metro
113,40,1.2,AM,w_bus_metro
113,42,1.05,AM,w_bus_metro
113,43,0.6,AM,w_bus_metro
113,44,1.05,AM,w_bus_metro
113,48,0.6,AM,w_bus_metro
113,49,0.9,AM,w_bus_metro
113,56,0.15,AM,w_bus_metro
113,57,0.6,AM,w_bus_metro
113,58,0.3,AM,w_bus_metro
113,59,0.3,AM,w_bus_metro
113,60,0.45,AM,w_bus_metro
113,61,0.45,AM,w_bus_metro
113,66,0.3,AM,w_bus_metro
113,67,3.15,AM,w_bus_metro
113,68,1.05,AM,w_bus_metro
113,73,0.3,AM,w_bus_metro
113,76,0.3,AM,w_bus_metro
113,77,0.15,AM,w_bus_metro
113,78,0.3,AM,w_bus_metro
113,79,1.65,AM,w_bus_metro
113,81,0.3,AM,w_bus_metro
113,82,0.45,AM,w_bus_metro
113,83,0.15,AM,w_bus_metro
113,84,0.15,AM,w_bus_metro
113,85,0.3,AM,w_bus_metro
113,86,0.45,AM,w_bus_metro
113,87,3.6,AM,w_bus_metro
113,88,0.3,AM,w_bus_metro
113,89,0.15,AM,w_bus_metro
113,90,0.3,AM,w_bus_metro
113,93,0.15,AM,w_bus_metro
113,94,0.15,AM,w_bus_metro
113,95,0.45,AM,w_bus_metro
113,96,3.0,AM,w_bus_metro
113,97,0.75,AM,w_bus_metro
113,98,0.45,AM,w_bus_metro
113,99,0.6,AM,w_bus_metro
113,100,0.3,AM,w_bus_metro
113,102,0.3,AM,w_bus_metro
113,108,0.45,AM,w_bus_metro
113,109,0.15,AM,w_bus_metro
113,111,0.15,AM,w_bus_metro
113,112,0.15,AM,w_bus_metro
113,114,0.9,AM,w_bus_metro
113,116,0.15,AM,w_bus_metro
113,120,0.6,AM,w_bus_metro
113,121,0.3,AM,w_bus_metro
113,122,0.15,AM,w_bus_metro
113,123,1.05,AM,w_bus_metro
113,125,0.3,AM,w_bus_metro
113,126,0.15,AM,w_bus_metro
113,128,0.3,AM,w_bus_metro
113,130,0.15,AM,w_bus_metro
113,131,0.6,AM,w_bus_metro
113,135,0.3,AM,w_bus_metro
113,139,0.3,AM,w_bus_metro
114,3,1.05,AM,w_bus_metro
114,4,0.75,AM,w_bus_metro
114,6,2.25,AM,w_bus_metro
114,7,0.75,AM,w_bus_metro
114,8,0.9,AM,w_bus_metro
114,9,0.75,AM,w_bus_metro
114,10,2.85,AM,w_bus_metro
114,12,0.3,AM,w_bus_metro
114,14,0.3,AM,w_bus_metro
114,15,1.05,AM,w_bus_metro
114,17,0.15,AM,w_bus_metro
114,18,1.2,AM,w_bus_metro
114,20,0.45,AM,w_bus_metro
114,21,0.75,AM,w_bus_metro
114,22,1.95,AM,w_bus_metro
114,23,0.6,AM,w_bus_metro
114,24,0.15,AM,w_bus_metro
114,25,5.55,AM,w_bus_metro
114,26,2.7,AM,w_bus_metro
114,28,0.3,AM,w_bus_metro
114,30,1.05,AM,w_bus_metro
114,31,0.3,AM,w_bus_metro
114,32,7.95,AM,w_bus_metro
114,33,1.5,AM,w_bus_metro
114,34,0.75,AM,w_bus_metro
114,36,1.2,AM,w_bus_metro
114,38,7.5,AM,w_bus_metro
114,39,6.75,AM,w_bus_metro
114,40,4.65,AM,w_bus_metro
114,41,0.3,AM,w_bus_metro
114,42,1.5,AM,w_bus_metro
114,43,1.5,AM,w_bus_metro
114,44,0.6,AM,w_bus_metro
114,45,0.15,AM,w_bus_metro
114,46,1.65,AM,w_bus_metro
114,47,1.05,AM,w_bus_metro
114,48,1.35,AM,w_bus_metro
114,49,0.9,AM,w_bus_metro
114,50,0.15,AM,w_bus_metro
114,52,0.45,AM,w_bus_metro
114,56,0.15,AM,w_bus_metro
114,57,4.35,AM,w_bus_metro
114,58,7.95,AM,w_bus_metro
114,59,0.15,AM,w_bus_metro
114,60,3.3,AM,w_bus_metro
114,61,4.95,AM,w_bus_metro
114,62,0.9,AM,w_bus_metro
114,63,0.9,AM,w_bus_metro
114,64,1.95,AM,w_bus_metro
114,65,2.55,AM,w_bus_metro
114,66,1.5,AM,w_bus_metro
114,67,18.9,AM,w_bus_metro
114,68,4.65,AM,w_bus_metro
114,70,0.15,AM,w_bus_metro
114,72,0.15,AM,w_bus_metro
114,74,0.3,AM,w_bus_metro
114,75,0.15,AM,w_bus_metro
114,76,0.15,AM,w_bus_metro
114,77,0.6,AM,w_bus_metro
114,78,0.6,AM,w_bus_metro
114,79,1.2,AM,w_bus_metro
114,80,5.4,AM,w_bus_metro
114,81,0.15,AM,w_bus_metro
114,82,0.6,AM,w_bus_metro
114,84,0.3,AM,w_bus_metro
114,85,0.45,AM,w_bus_metro
114,86,0.9,AM,w_bus_metro
114,87,15.3,AM,w_bus_metro
114,88,0.15,AM,w_bus_metro
114,89,0.75,AM,w_bus_metro
114,90,1.8,AM,w_bus_metro
114,91,0.15,AM,w_bus_metro
114,92,0.15,AM,w_bus_metro
114,93,0.9,AM,w_bus_metro
114,94,0.15,AM,w_bus_metro
114,95,1.65,AM,w_bus_metro
114,96,10.95,AM,w_bus_metro
114,97,6.45,AM,w_bus_metro
114,98,0.9,AM,w_bus_metro
114,99,0.6,AM,w_bus_metro
114,100,1.2,AM,w_bus_metro
114,104,0.15,AM,w_bus_metro
114,105,0.3,AM,w_bus_metro
114,107,0.15,AM,w_bus_metro
114,108,3.15,AM,w_bus_metro
114,109,0.15,AM,w_bus_metro
114,111,0.3,AM,w_bus_metro
114,115,0.9,AM,w_bus_metro
114,116,4.95,AM,w_bus_metro
114,117,0.45,AM,w_bus_metro
114,118,1.05,AM,w_bus_metro
114,120,4.35,AM,w_bus_metro
114,121,0.3,AM,w_bus_metro
114,123,0.6,AM,w_bus_metro
114,125,0.15,AM,w_bus_metro
114,129,0.15,AM,w_bus_metro
114,132,0.3,AM,w_bus_metro
114,136,0.15,AM,w_bus_metro
115,3,0.45,AM,w_bus_metro
115,4,0.6,AM,w_bus_metro
115,9,0.15,AM,w_bus_metro
115,10,0.45,AM,w_bus_metro
115,12,0.15,AM,w_bus_metro
115,13,0.45,AM,w_bus_metro
115,18,0.45,AM,w_bus_metro
115,20,0.15,AM,w_bus_metro
115,21,0.6,AM,w_bus_metro
115,22,1.05,AM,w_bus_metro
115,23,0.15,AM,w_bus_metro
115,25,3.9,AM,w_bus_metro
115,26,3.15,AM,w_bus_metro
115,28,0.75,AM,w_bus_metro
115,30,1.35,AM,w_bus_metro
115,31,1.2,AM,w_bus_metro
115,32,4.95,AM,w_bus_metro
115,34,0.15,AM,w_bus_metro
115,35,0.3,AM,w_bus_metro
115,36,1.05,AM,w_bus_metro
115,38,4.5,AM,w_bus_metro
115,39,4.2,AM,w_bus_metro
115,40,1.95,AM,w_bus_metro
115,42,1.35,AM,w_bus_metro
115,43,0.15,AM,w_bus_metro
115,44,0.6,AM,w_bus_metro
115,47,0.45,AM,w_bus_metro
115,48,1.05,AM,w_bus_metro
115,49,0.6,AM,w_bus_metro
115,52,0.45,AM,w_bus_metro
115,53,0.15,AM,w_bus_metro
115,57,2.4,AM,w_bus_metro
115,58,1.65,AM,w_bus_metro
115,59,0.15,AM,w_bus_metro
115,60,3.0,AM,w_bus_metro
115,61,4.8,AM,w_bus_metro
115,62,1.5,AM,w_bus_metro
115,63,1.8,AM,w_bus_metro
115,64,2.7,AM,w_bus_metro
115,65,1.5,AM,w_bus_metro
115,66,0.75,AM,w_bus_metro
115,67,17.85,AM,w_bus_metro
115,68,2.7,AM,w_bus_metro
115,74,0.45,AM,w_bus_metro
115,77,0.15,AM,w_bus_metro
115,79,0.45,AM,w_bus_metro
115,80,0.6,AM,w_bus_metro
115,81,0.3,AM,w_bus_metro
115,86,0.9,AM,w_bus_metro
115,87,4.5,AM,w_bus_metro
115,88,0.15,AM,w_bus_metro
115,89,0.3,AM,w_bus_metro
115,90,2.25,AM,w_bus_metro
115,95,0.3,AM,w_bus_metro
115,96,8.25,AM,w_bus_metro
115,97,4.2,AM,w_bus_metro
115,98,0.15,AM,w_bus_metro
115,99,0.6,AM,w_bus_metro
115,100,1.2,AM,w_bus_metro
115,104,0.3,AM,w_bus_metro
115,106,0.3,AM,w_bus_metro
115,108,0.6,AM,w_bus_metro
115,113,0.15,AM,w_bus_metro
115,114,0.15,AM,w_bus_metro
115,116,3.0,AM,w_bus_metro
115,117,1.05,AM,w_bus_metro
115,120,2.85,AM,w_bus_metro
115,121,0.45,AM,w_bus_metro
115,123,0.3,AM,w_bus_metro
115,129,0.15,AM,w_bus_metro
115,130,0.15,AM,w_bus_metro
115,131,0.15,AM,w_bus_metro
115,132,0.15,AM,w_bus_metro
115,139,0.15,AM,w_bus_metro
116,3,1.5,AM,w_bus_metro
116,4,0.15,AM,w_bus_metro
116,6,1.35,AM,w_bus_metro
116,7,0.15,AM,w_bus_metro
116,8,0.45,AM,w_bus_metro
116,9,0.3,AM,w_bus_metro
116,10,0.3,AM,w_bus_metro
116,12,0.75,AM,w_bus_metro
116,13,0.9,AM,w_bus_metro
116,14,0.15,AM,w_bus_metro
116,15,0.45,AM,w_bus_metro
116,19,0.75,AM,w_bus_metro
116,20,0.75,AM,w_bus_metro
116,21,0.3,AM,w_bus_metro
116,22,0.6,AM,w_bus_metro
116,23,0.6,AM,w_bus_metro
116,25,8.55,AM,w_bus_metro
116,26,4.8,AM,w_bus_metro
116,27,0.3,AM,w_bus_metro
116,28,0.6,AM,w_bus_metro
116,30,1.2,AM,w_bus_metro
116,31,0.3,AM,w_bus_metro
116,32,5.25,AM,w_bus_metro
116,33,0.75,AM,w_bus_metro
116,34,0.3,AM,w_bus_metro
116,35,0.6,AM,w_bus_metro
116,36,1.8,AM,w_bus_metro
116,38,8.1,AM,w_bus_metro
116,39,5.85,AM,w_bus_metro
116,40,2.4,AM,w_bus_metro
116,41,0.3,AM,w_bus_metro
116,42,1.05,AM,w_bus_metro
116,43,1.5,AM,w_bus_metro
116,44,0.45,AM,w_bus_metro
116,46,0.15,AM,w_bus_metro
116,47,0.45,AM,w_bus_metro
116,48,0.6,AM,w_bus_metro
116,49,0.3,AM,w_bus_metro
116,56,0.15,AM,w_bus_metro
116,57,4.5,AM,w_bus_metro
116,58,4.65,AM,w_bus_metro
116,59,0.3,AM,w_bus_metro
116,60,2.85,AM,w_bus_metro
116,61,4.95,AM,w_bus_metro
116,62,0.3,AM,w_bus_metro
116,63,1.35,AM,w_bus_metro
116,64,2.1,AM,w_bus_metro
116,65,0.9,AM,w_bus_metro
116,66,0.75,AM,w_bus_metro
116,67,21.6,AM,w_bus_metro
116,68,3.6,AM,w_bus_metro
116,69,0.3,AM,w_bus_metro
116,74,0.15,AM,w_bus_metro
116,78,0.6,AM,w_bus_metro
116,79,0.3,AM,w_bus_metro
116,80,1.35,AM,w_bus_metro
116,81,0.3,AM,w_bus_metro
116,82,0.15,AM,w_bus_metro
116,86,0.45,AM,w_bus_metro
116,87,6.0,AM,w_bus_metro
116,89,0.3,AM,w_bus_metro
116,90,0.3,AM,w_bus_metro
116,95,0.15,AM,w_bus_metro
116,96,10.2,AM,w_bus_metro
116,97,3.75,AM,w_bus_metro
116,99,1.05,AM,w_bus_metro
116,100,0.45,AM,w_bus_metro
116,105,0.15,AM,w_bus_metro
116,108,0.6,AM,w_bus_metro
116,111,0.6,AM,w_bus_metro
116,113,0.15,AM,w_bus_metro
116,114,0.15,AM,w_bus_metro
116,115,3.15,AM,w_bus_metro
116,117,0.45,AM,w_bus_metro
116,118,0.45,AM,w_bus_metro
116,120,6.3,AM,w_bus_metro
116,121,0.3,AM,w_bus_metro
116,123,2.55,AM,w_bus_metro
116,129,0.3,AM,w_bus_metro
116,130,0.15,AM,w_bus_metro
116,132,0.3,AM,w_bus_metro
116,139,0.15,AM,w_bus_metro
117,2,0.15,AM,w_bus_metro
117,3,0.75,AM,w_bus_metro
117,4,0.3,AM,w_bus_metro
117,6,0.15,AM,w_bus_metro
117,7,1.05,AM,w_bus_metro
117,8,0.6,AM,w_bus_metro
117,10,1.05,AM,w_bus_metro
117,12,0.45,AM,w_bus_metro
117,13,0.6,AM,w_bus_metro
117,14,0.15,AM,w_bus_metro
117,15,0.3,AM,w_bus_metro
117,20,0.15,AM,w_bus_metro
117,22,0.45,AM,w_bus_metro
117,23,0.45,AM,w_bus_metro
117,24,0.15,AM,w_bus_metro
117,25,4.35,AM,w_bus_metro
117,26,2.55,AM,w_bus_metro
117,29,0.3,AM,w_bus_metro
117,30,2.1,AM,w_bus_metro
117,31,0.15,AM,w_bus_metro
117,32,3.0,AM,w_bus_metro
117,33,0.6,AM,w_bus_metro
117,34,0.9,AM,w_bus_metro
117,35,0.15,AM,w_bus_metro
117,36,2.25,AM,w_bus_metro
117,38,6.0,AM,w_bus_metro
117,39,3.45,AM,w_bus_metro
117,40,3.0,AM,w_bus_metro
117,42,1.65,AM,w_bus_metro
117,43,0.6,AM,w_bus_metro
117,45,0.15,AM,w_bus_metro
117,46,0.75,AM,w_bus_metro
117,47,0.15,AM,w_bus_metro
117,48,2.4,AM,w_bus_metro
117,49,0.75,AM,w_bus_metro
117,57,3.6,AM,w_bus_metro
117,58,3.15,AM,w_bus_metro
117,59,0.15,AM,w_bus_metro
117,60,3.3,AM,w_bus_metro
117,61,5.1,AM,w_bus_metro
117,62,0.3,AM,w_bus_metro
117,63,1.35,AM,w_bus_metro
117,64,2.55,AM,w_bus_metro
117,65,1.8,AM,w_bus_metro
117,66,0.6,AM,w_bus_metro
117,67,14.7,AM,w_bus_metro
117,68,3.0,AM,w_bus_metro
117,69,0.15,AM,w_bus_metro
117,72,0.15,AM,w_bus_metro
117,75,0.45,AM,w_bus_metro
117,76,0.15,AM,w_bus_metro
117,78,0.3,AM,w_bus_metro
117,79,1.8,AM,w_bus_metro
117,80,1.5,AM,w_bus_metro
117,81,0.15,AM,w_bus_metro
117,83,0.15,AM,w_bus_metro
117,85,0.45,AM,w_bus_metro
117,86,0.6,AM,w_bus_metro
117,87,7.65,AM,w_bus_metro
117,89,0.3,AM,w_bus_metro
117,90,0.15,AM,w_bus_metro
117,91,0.3,AM,w_bus_metro
117,93,0.15,AM,w_bus_metro
117,94,0.45,AM,w_bus_metro
117,95,1.35,AM,w_bus_metro
117,96,9.0,AM,w_bus_metro
117,97,1.95,AM,w_bus_metro
117,98,0.9,AM,w_bus_metro
117,99,0.75,AM,w_bus_metro
117,100,1.05,AM,w_bus_metro
117,107,0.15,AM,w_bus_metro
117,108,1.2,AM,w_bus_metro
117,109,0.15,AM,w_bus_metro
117,113,0.15,AM,w_bus_metro
117,114,0.45,AM,w_bus_metro
117,115,1.2,AM,w_bus_metro
117,116,1.5,AM,w_bus_metro
117,118,0.75,AM,w_bus_metro
117,120,1.95,AM,w_bus_metro
117,121,0.15,AM,w_bus_metro
117,123,0.75,AM,w_bus_metro
117,125,0.45,AM,w_bus_metro
117,127,0.15,AM,w_bus_metro
117,132,0.15,AM,w_bus_metro
117,136,0.15,AM,w_bus_metro
117,139,0.3,AM,w_bus_metro
118,3,0.9,AM,w_bus_metro
118,4,1.35,AM,w_bus_metro
118,7,0.75,AM,w_bus_metro
118,8,0.6,AM,w_bus_metro
118,9,0.15,AM,w_bus_metro
118,10,1.95,AM,w_bus_metro
118,11,0.3,AM,w_bus_metro
118,12,0.9,AM,w_bus_metro
118,14,0.45,AM,w_bus_metro
118,15,0.15,AM,w_bus_metro
118,17,0.15,AM,w_bus_metro
118,18,0.15,AM,w_bus_metro
118,20,1.35,AM,w_bus_metro
118,21,0.15,AM,w_bus_metro
118,22,1.05,AM,w_bus_metro
118,24,0.15,AM,w_bus_metro
118,25,3.0,AM,w_bus_metro
118,26,0.75,AM,w_bus_metro
118,28,0.3,AM,w_bus_metro
118,30,0.6,AM,w_bus_metro
118,31,0.3,AM,w_bus_metro
118,32,3.45,AM,w_bus_metro
118,33,1.35,AM,w_bus_metro
118,34,0.6,AM,w_bus_metro
118,35,0.15,AM,w_bus_metro
118,36,1.8,AM,w_bus_metro
118,37,0.15,AM,w_bus_metro
118,38,5.25,AM,w_bus_metro
118,39,2.85,AM,w_bus_metro
118,40,2.1,AM,w_bus_metro
118,41,0.3,AM,w_bus_metro
118,42,0.6,AM,w_bus_metro
118,43,1.35,AM,w_bus_metro
118,44,0.15,AM,w_bus_metro
118,45,0.15,AM,w_bus_metro
118,47,0.45,AM,w_bus_metro
118,48,1.5,AM,w_bus_metro
118,49,0.75,AM,w_bus_metro
118,53,0.15,AM,w_bus_metro
118,57,2.7,AM,w_bus_metro
118,58,2.1,AM,w_bus_metro
118,59,0.15,AM,w_bus_metro
118,60,1.8,AM,w_bus_metro
118,61,3.6,AM,w_bus_metro
118,62,1.2,AM,w_bus_metro
118,63,0.9,AM,w_bus_metro
118,64,3.0,AM,w_bus_metro
118,65,1.05,AM,w_bus_metro
118,66,0.15,AM,w_bus_metro
118,67,10.8,AM,w_bus_metro
118,68,2.55,AM,w_bus_metro
118,72,0.15,AM,w_bus_metro
118,76,0.3,AM,w_bus_metro
118,77,0.3,AM,w_bus_metro
118,78,0.45,AM,w_bus_metro
118,79,0.9,AM,w_bus_metro
118,82,0.15,AM,w_bus_metro
118,86,0.15,AM,w_bus_metro
118,87,3.0,AM,w_bus_metro
118,88,0.15,AM,w_bus_metro
118,89,0.45,AM,w_bus_metro
118,90,0.45,AM,w_bus_metro
118,93,0.6,AM,w_bus_metro
118,95,0.6,AM,w_bus_metro
118,96,6.15,AM,w_bus_metro
118,97,1.05,AM,w_bus_metro
118,98,0.15,AM,w_bus_metro
118,99,0.45,AM,w_bus_metro
118,100,0.45,AM,w_bus_metro
118,104,0.15,AM,w_bus_metro
118,108,2.1,AM,w_bus_metro
118,110,0.15,AM,w_bus_metro
118,111,0.15,AM,w_bus_metro
118,114,0.6,AM,w_bus_metro
118,115,1.5,AM,w_bus_metro
118,116,3.6,AM,w_bus_metro
118,117,1.2,AM,w_bus_metro
118,120,3.0,AM,w_bus_metro
118,122,0.15,AM,w_bus_metro
118,123,0.6,AM,w_bus_metro
118,124,0.3,AM,w_bus_metro
118,125,0.15,AM,w_bus_metro
118,131,0.15,AM,w_bus_metro
118,132,0.15,AM,w_bus_metro
118,139,0.15,AM,w_bus_metro
118,140,0.3,AM,w_bus_metro
119,1,0.15,AM,w_bus_metro
119,3,0.3,AM,w_bus_metro
119,4,0.3,AM,w_bus_metro
119,8,0.3,AM,w_bus_metro
119,9,0.3,AM,w_bus_metro
119,10,0.3,AM,w_bus_metro
119,12,0.45,AM,w_bus_metro
119,15,0.75,AM,w_bus_metro
119,21,0.15,AM,w_bus_metro
119,22,0.15,AM,w_bus_metro
119,23,0.15,AM,w_bus_metro
119,25,0.15,AM,w_bus_metro
119,26,0.15,AM,w_bus_metro
119,28,0.15,AM,w_bus_metro
119,30,0.15,AM,w_bus_metro
119,32,0.6,AM,w_bus_metro
119,35,0.3,AM,w_bus_metro
119,36,0.15,AM,w_bus_metro
119,38,0.3,AM,w_bus_metro
119,39,0.3,AM,w_bus_metro
119,40,0.9,AM,w_bus_metro
119,42,0.3,AM,w_bus_metro
119,43,0.15,AM,w_bus_metro
119,44,0.15,AM,w_bus_metro
119,45,0.15,AM,w_bus_metro
119,47,0.15,AM,w_bus_metro
119,52,0.15,AM,w_bus_metro
119,57,0.3,AM,w_bus_metro
119,58,0.9,AM,w_bus_metro
119,60,0.15,AM,w_bus_metro
119,61,0.6,AM,w_bus_metro
119,63,0.45,AM,w_bus_metro
119,65,0.15,AM,w_bus_metro
119,66,0.45,AM,w_bus_metro
119,67,1.35,AM,w_bus_metro
119,68,0.15,AM,w_bus_metro
119,73,0.45,AM,w_bus_metro
119,75,0.3,AM,w_bus_metro
119,77,0.15,AM,w_bus_metro
119,79,1.95,AM,w_bus_metro
119,80,0.3,AM,w_bus_metro
119,82,0.3,AM,w_bus_metro
119,85,0.3,AM,w_bus_metro
119,86,0.15,AM,w_bus_metro
119,87,1.2,AM,w_bus_metro
119,88,0.15,AM,w_bus_metro
119,89,0.75,AM,w_bus_metro
119,90,0.15,AM,w_bus_metro
119,92,0.15,AM,w_bus_metro
119,95,0.45,AM,w_bus_metro
119,96,1.05,AM,w_bus_metro
119,97,1.8,AM,w_bus_metro
119,99,0.15,AM,w_bus_metro
119,100,0.15,AM,w_bus_metro
119,105,0.3,AM,w_bus_metro
119,110,0.15,AM,w_bus_metro
119,111,0.15,AM,w_bus_metro
119,112,0.15,AM,w_bus_metro
119,114,0.3,AM,w_bus_metro
119,115,0.45,AM,w_bus_metro
119,116,0.3,AM,w_bus_metro
119,118,0.75,AM,w_bus_metro
119,120,0.45,AM,w_bus_metro
119,121,0.75,AM,w_bus_metro
119,123,0.45,AM,w_bus_metro
119,125,0.15,AM,w_bus_metro
119,128,0.15,AM,w_bus_metro
119,129,0.15,AM,w_bus_metro
119,132,0.15,AM,w_bus_metro
119,138,0.3,AM,w_bus_metro
119,139,0.3,AM,w_bus_metro
120,2,0.45,AM,w_bus_metro
120,3,3.45,AM,w_bus_metro
120,4,0.75,AM,w_bus_metro
120,5,0.15,AM,w_bus_metro
120,6,0.75,AM,w_bus_metro
120,7,0.15,AM,w_bus_metro
120,10,0.3,AM,w_bus_metro
120,13,0.15,AM,w_bus_metro
120,14,0.15,AM,w_bus_metro
120,15,0.15,AM,w_bus_metro
120,19,0.15,AM,w_bus_metro
120,20,0.3,AM,w_bus_metro
120,21,1.5,AM,w_bus_metro
120,22,1.8,AM,w_bus_metro
120,23,1.05,AM,w_bus_metro
120,24,0.75,AM,w_bus_metro
120,25,19.5,AM,w_bus_metro
120,26,13.95,AM,w_bus_metro
120,27,0.45,AM,w_bus_metro
120,30,2.7,AM,w_bus_metro
120,31,1.2,AM,w_bus_metro
120,32,15.9,AM,w_bus_metro
120,33,2.1,AM,w_bus_metro
120,34,1.2,AM,w_bus_metro
120,35,0.75,AM,w_bus_metro
120,36,4.35,AM,w_bus_metro
120,37,0.3,AM,w_bus_metro
120,38,25.65,AM,w_bus_metro
120,39,18.3,AM,w_bus_metro
120,40,3.45,AM,w_bus_metro
120,41,0.3,AM,w_bus_metro
120,42,3.6,AM,w_bus_metro
120,43,1.65,AM,w_bus_metro
120,44,2.25,AM,w_bus_metro
120,46,0.75,AM,w_bus_metro
120,47,0.3,AM,w_bus_metro
120,48,1.8,AM,w_bus_metro
120,49,0.9,AM,w_bus_metro
120,50,0.15,AM,w_bus_metro
120,57,8.25,AM,w_bus_metro
120,58,12.15,AM,w_bus_metro
120,59,0.45,AM,w_bus_metro
120,60,8.25,AM,w_bus_metro
120,61,4.35,AM,w_bus_metro
120,62,0.15,AM,w_bus_metro
120,63,0.3,AM,w_bus_metro
120,64,1.05,AM,w_bus_metro
120,65,1.65,AM,w_bus_metro
120,66,1.65,AM,w_bus_metro
120,67,49.2,AM,w_bus_metro
120,68,8.1,AM,w_bus_metro
120,74,0.3,AM,w_bus_metro
120,78,0.45,AM,w_bus_metro
120,79,2.7,AM,w_bus_metro
120,80,0.75,AM,w_bus_metro
120,81,0.45,AM,w_bus_metro
120,86,1.5,AM,w_bus_metro
120,87,8.55,AM,w_bus_metro
120,89,0.15,AM,w_bus_metro
120,90,1.05,AM,w_bus_metro
120,92,0.15,AM,w_bus_metro
120,95,1.2,AM,w_bus_metro
120,96,14.85,AM,w_bus_metro
120,97,4.05,AM,w_bus_metro
120,98,0.6,AM,w_bus_metro
120,99,2.55,AM,w_bus_metro
120,100,0.9,AM,w_bus_metro
120,102,0.15,AM,w_bus_metro
120,104,0.6,AM,w_bus_metro
120,105,0.3,AM,w_bus_metro
120,106,0.15,AM,w_bus_metro
120,107,0.15,AM,w_bus_metro
120,108,0.15,AM,w_bus_metro
120,114,0.15,AM,w_bus_metro
120,116,0.6,AM,w_bus_metro
120,117,0.15,AM,w_bus_metro
120,118,0.15,AM,w_bus_metro
120,121,0.45,AM,w_bus_metro
120,123,1.8,AM,w_bus_metro
120,124,0.15,AM,w_bus_metro
120,125,0.45,AM,w_bus_metro
120,131,0.3,AM,w_bus_metro
120,135,0.15,AM,w_bus_metro
120,139,0.45,AM,w_bus_metro
121,1,0.3,AM,w_bus_metro
121,2,0.45,AM,w_bus_metro
121,3,1.65,AM,w_bus_metro
121,4,0.45,AM,w_bus_metro
121,6,0.3,AM,w_bus_metro
121,7,1.05,AM,w_bus_metro
121,8,0.45,AM,w_bus_metro
121,10,0.45,AM,w_bus_metro
121,15,1.35,AM,w_bus_metro
121,18,0.3,AM,w_bus_metro
121,20,0.9,AM,w_bus_metro
121,21,0.45,AM,w_bus_metro
121,22,0.9,AM,w_bus_metro
121,23,0.3,AM,w_bus_metro
121,24,0.3,AM,w_bus_metro
121,25,3.3,AM,w_bus_metro
121,26,2.4,AM,w_bus_metro
121,28,0.15,AM,w_bus_metro
121,30,0.75,AM,w_bus_metro
121,31,1.05,AM,w_bus_metro
121,32,7.35,AM,w_bus_metro
121,33,1.95,AM,w_bus_metro
121,34,0.15,AM,w_bus_metro
121,35,2.25,AM,w_bus_metro
121,36,0.9,AM,w_bus_metro
121,37,1.05,AM,w_bus_metro
121,38,4.65,AM,w_bus_metro
121,39,4.65,AM,w_bus_metro
121,40,4.2,AM,w_bus_metro
121,42,2.25,AM,w_bus_metro
121,43,1.05,AM,w_bus_metro
121,44,1.2,AM,w_bus_metro
121,45,0.45,AM,w_bus_metro
121,46,0.75,AM,w_bus_metro
121,47,0.75,AM,w_bus_metro
121,48,0.45,AM,w_bus_metro
121,49,1.2,AM,w_bus_metro
121,51,0.3,AM,w_bus_metro
121,53,0.6,AM,w_bus_metro
121,54,0.75,AM,w_bus_metro
121,56,0.15,AM,w_bus_metro
121,57,2.85,AM,w_bus_metro
121,58,2.85,AM,w_bus_metro
121,59,0.3,AM,w_bus_metro
121,60,3.3,AM,w_bus_metro
121,61,1.95,AM,w_bus_metro
121,64,0.6,AM,w_bus_metro
121,65,1.05,AM,w_bus_metro
121,66,1.65,AM,w_bus_metro
121,67,16.65,AM,w_bus_metro
121,68,3.45,AM,w_bus_metro
121,69,0.3,AM,w_bus_metro
121,70,0.15,AM,w_bus_metro
121,72,0.15,AM,w_bus_metro
121,73,0.15,AM,w_bus_metro
121,74,0.45,AM,w_bus_metro
121,75,0.75,AM,w_bus_metro
121,76,1.35,AM,w_bus_metro
121,77,1.35,AM,w_bus_metro
121,78,1.95,AM,w_bus_metro
121,79,7.2,AM,w_bus_metro
121,80,0.75,AM,w_bus_metro
121,82,0.15,AM,w_bus_metro
121,84,0.15,AM,w_bus_metro
121,85,0.3,AM,w_bus_metro
121,86,3.6,AM,w_bus_metro
121,87,24.75,AM,w_bus_metro
121,88,0.75,AM,w_bus_metro
121,89,0.6,AM,w_bus_metro
121,90,1.65,AM,w_bus_metro
121,91,0.15,AM,w_bus_metro
121,94,0.45,AM,w_bus_metro
121,95,0.6,AM,w_bus_metro
121,96,15.45,AM,w_bus_metro
121,97,4.95,AM,w_bus_metro
121,98,0.6,AM,w_bus_metro
121,99,2.4,AM,w_bus_metro
121,100,0.75,AM,w_bus_metro
121,102,0.9,AM,w_bus_metro
121,103,0.15,AM,w_bus_metro
121,104,0.9,AM,w_bus_metro
121,105,1.5,AM,w_bus_metro
121,108,0.6,AM,w_bus_metro
121,110,0.3,AM,w_bus_metro
121,111,0.75,AM,w_bus_metro
121,112,0.3,AM,w_bus_metro
121,113,0.15,AM,w_bus_metro
121,114,0.6,AM,w_bus_metro
121,115,0.3,AM,w_bus_metro
121,116,0.3,AM,w_bus_metro
121,118,0.15,AM,w_bus_metro
121,120,3.6,AM,w_bus_metro
121,122,0.9,AM,w_bus_metro
121,123,4.35,AM,w_bus_metro
121,124,0.6,AM,w_bus_metro
121,125,0.75,AM,w_bus_metro
121,126,0.15,AM,w_bus_metro
121,127,0.15,AM,w_bus_metro
121,128,0.6,AM,w_bus_metro
121,129,1.8,AM,w_bus_metro
121,130,0.6,AM,w_bus_metro
121,131,0.45,AM,w_bus_metro
121,132,0.45,AM,w_bus_metro
121,135,0.45,AM,w_bus_metro
121,136,0.15,AM,w_bus_metro
121,138,0.15,AM,w_bus_metro
121,139,2.25,AM,w_bus_metro
121,140,0.15,AM,w_bus_metro
121,141,1.65,AM,w_bus_metro
122,3,1.8,AM,w_bus_metro
122,4,0.9,AM,w_bus_metro
122,5,0.15,AM,w_bus_metro
122,6,0.45,AM,w_bus_metro
122,7,0.45,AM,w_bus_metro
122,8,0.45,AM,w_bus_metro
122,9,0.3,AM,w_bus_metro
122,10,1.2,AM,w_bus_metro
122,11,0.15,AM,w_bus_metro
122,12,0.6,AM,w_bus_metro
122,13,0.3,AM,w_bus_metro
122,15,1.8,AM,w_bus_metro
122,18,0.45,AM,w_bus_metro
122,20,0.75,AM,w_bus_metro
122,21,0.15,AM,w_bus_metro
122,22,1.05,AM,w_bus_metro
122,23,0.15,AM,w_bus_metro
122,24,0.3,AM,w_bus_metro
122,25,3.75,AM,w_bus_metro
122,26,3.75,AM,w_bus_metro
122,28,0.6,AM,w_bus_metro
122,30,0.6,AM,w_bus_metro
122,31,0.3,AM,w_bus_metro
122,32,6.15,AM,w_bus_metro
122,33,1.2,AM,w_bus_metro
122,34,0.15,AM,w_bus_metro
122,35,1.65,AM,w_bus_metro
122,36,0.9,AM,w_bus_metro
122,37,0.3,AM,w_bus_metro
122,38,3.15,AM,w_bus_metro
122,39,6.75,AM,w_bus_metro
122,40,4.5,AM,w_bus_metro
122,41,0.15,AM,w_bus_metro
122,42,3.0,AM,w_bus_metro
122,43,1.95,AM,w_bus_metro
122,44,1.8,AM,w_bus_metro
122,46,0.15,AM,w_bus_metro
122,48,1.35,AM,w_bus_metro
122,49,1.8,AM,w_bus_metro
122,50,0.15,AM,w_bus_metro
122,51,2.55,AM,w_bus_metro
122,53,0.3,AM,w_bus_metro
122,56,1.5,AM,w_bus_metro
122,57,2.55,AM,w_bus_metro
122,58,2.55,AM,w_bus_metro
122,59,0.45,AM,w_bus_metro
122,60,2.55,AM,w_bus_metro
122,61,1.95,AM,w_bus_metro
122,62,0.6,AM,w_bus_metro
122,63,0.6,AM,w_bus_metro
122,64,0.15,AM,w_bus_metro
122,65,0.6,AM,w_bus_metro
122,66,0.45,AM,w_bus_metro
122,67,13.2,AM,w_bus_metro
122,68,3.6,AM,w_bus_metro
122,69,0.15,AM,w_bus_metro
122,70,0.3,AM,w_bus_metro
122,71,1.05,AM,w_bus_metro
122,72,0.15,AM,w_bus_metro
122,73,0.3,AM,w_bus_metro
122,74,1.35,AM,w_bus_metro
122,75,1.2,AM,w_bus_metro
122,76,0.3,AM,w_bus_metro
122,77,0.45,AM,w_bus_metro
122,78,0.75,AM,w_bus_metro
122,79,3.6,AM,w_bus_metro
122,80,0.15,AM,w_bus_metro
122,81,0.3,AM,w_bus_metro
122,82,0.6,AM,w_bus_metro
122,84,0.45,AM,w_bus_metro
122,85,1.05,AM,w_bus_metro
122,86,3.45,AM,w_bus_metro
122,87,21.9,AM,w_bus_metro
122,88,0.9,AM,w_bus_metro
122,89,2.25,AM,w_bus_metro
122,90,3.0,AM,w_bus_metro
122,91,0.3,AM,w_bus_metro
122,93,0.6,AM,w_bus_metro
122,95,0.6,AM,w_bus_metro
122,96,10.5,AM,w_bus_metro
122,97,3.75,AM,w_bus_metro
122,98,0.3,AM,w_bus_metro
122,99,1.65,AM,w_bus_metro
122,100,0.6,AM,w_bus_metro
122,102,0.75,AM,w_bus_metro
122,103,0.15,AM,w_bus_metro
122,104,0.6,AM,w_bus_metro
122,105,1.2,AM,w_bus_metro
122,106,0.15,AM,w_bus_metro
122,107,0.45,AM,w_bus_metro
122,108,0.15,AM,w_bus_metro
122,110,0.15,AM,w_bus_metro
122,111,0.3,AM,w_bus_metro
122,114,0.3,AM,w_bus_metro
122,115,0.75,AM,w_bus_metro
122,116,0.45,AM,w_bus_metro
122,117,0.3,AM,w_bus_metro
122,118,0.15,AM,w_bus_metro
122,120,3.0,AM,w_bus_metro
122,121,4.5,AM,w_bus_metro
122,123,6.9,AM,w_bus_metro
122,124,0.15,AM,w_bus_metro
122,125,1.5,AM,w_bus_metro
122,126,1.35,AM,w_bus_metro
122,128,0.75,AM,w_bus_metro
122,129,1.95,AM,w_bus_metro
122,130,1.95,AM,w_bus_metro
122,131,2.7,AM,w_bus_metro
122,132,0.45,AM,w_bus_metro
122,134,0.3,AM,w_bus_metro
122,135,0.15,AM,w_bus_metro
122,136,0.3,AM,w_bus_metro
122,137,0.15,AM,w_bus_metro
122,138,0.15,AM,w_bus_metro
122,139,2.4,AM,w_bus_metro
122,141,0.6,AM,w_bus_metro
123,4,0.45,AM,w_bus_metro
123,6,0.15,AM,w_bus_metro
123,8,1.05,AM,w_bus_metro
123,9,0.15,AM,w_bus_metro
123,10,0.15,AM,w_bus_metro
123,12,0.15,AM,w_bus_metro
123,15,0.15,AM,w_bus_metro
123,20,0.3,AM,w_bus_metro
123,21,0.15,AM,w_bus_metro
123,22,0.9,AM,w_bus_metro
123,25,0.6,AM,w_bus_metro
123,26,0.9,AM,w_bus_metro
123,27,0.15,AM,w_bus_metro
123,28,0.15,AM,w_bus_metro
123,30,0.6,AM,w_bus_metro
123,31,0.15,AM,w_bus_metro
123,32,2.85,AM,w_bus_metro
123,33,0.75,AM,w_bus_metro
123,34,0.3,AM,w_bus_metro
123,35,1.5,AM,w_bus_metro
123,36,0.75,AM,w_bus_metro
123,38,0.9,AM,w_bus_metro
123,39,2.55,AM,w_bus_metro
123,40,2.55,AM,w_bus_metro
123,41,0.15,AM,w_bus_metro
123,42,0.9,AM,w_bus_metro
123,43,0.6,AM,w_bus_metro
123,44,0.75,AM,w_bus_metro
123,45,0.15,AM,w_bus_metro
123,46,0.15,AM,w_bus_metro
123,48,0.45,AM,w_bus_metro
123,49,1.65,AM,w_bus_metro
123,50,0.3,AM,w_bus_metro
123,52,0.45,AM,w_bus_metro
123,53,0.3,AM,w_bus_metro
123,56,0.3,AM,w_bus_metro
123,57,2.25,AM,w_bus_metro
123,58,0.6,AM,w_bus_metro
123,59,0.3,AM,w_bus_metro
123,60,1.35,AM,w_bus_metro
123,61,0.3,AM,w_bus_metro
123,63,0.15,AM,w_bus_metro
123,64,0.3,AM,w_bus_metro
123,65,0.45,AM,w_bus_metro
123,66,0.3,AM,w_bus_metro
123,67,7.65,AM,w_bus_metro
123,68,1.65,AM,w_bus_metro
123,69,0.15,AM,w_bus_metro
123,72,0.3,AM,w_bus_metro
123,73,0.9,AM,w_bus_metro
123,74,0.15,AM,w_bus_metro
123,75,0.45,AM,w_bus_metro
123,76,0.6,AM,w_bus_metro
123,77,0.6,AM,w_bus_metro
123,78,0.6,AM,w_bus_metro
123,79,3.15,AM,w_bus_metro
123,80,0.45,AM,w_bus_metro
123,82,0.15,AM,w_bus_metro
123,84,0.3,AM,w_bus_metro
123,85,0.3,AM,w_bus_metro
123,86,2.7,AM,w_bus_metro
123,87,7.2,AM,w_bus_metro
123,88,0.15,AM,w_bus_metro
123,89,0.75,AM,w_bus_metro
123,90,0.9,AM,w_bus_metro
123,91,0.3,AM,w_bus_metro
123,92,0.15,AM,w_bus_metro
123,95,0.3,AM,w_bus_metro
123,96,3.45,AM,w_bus_metro
123,97,1.5,AM,w_bus_metro
123,98,0.15,AM,w_bus_metro
123,99,0.45,AM,w_bus_metro
123,102,0.15,AM,w_bus_metro
123,112,0.75,AM,w_bus_metro
123,115,0.6,AM,w_bus_metro
123,116,0.9,AM,w_bus_metro
123,117,0.15,AM,w_bus_metro
123,120,0.75,AM,w_bus_metro
123,121,2.25,AM,w_bus_metro
123,122,0.15,AM,w_bus_metro
123,124,0.15,AM,w_bus_metro
123,126,0.15,AM,w_bus_metro
123,129,0.45,AM,w_bus_metro
123,130,0.75,AM,w_bus_metro
123,131,0.45,AM,w_bus_metro
123,132,0.15,AM,w_bus_metro
123,134,0.15,AM,w_bus_metro
123,135,0.15,AM,w_bus_metro
123,138,0.3,AM,w_bus_metro
123,139,0.75,AM,w_bus_metro
124,1,0.15,AM,w_bus_metro
124,2,0.15,AM,w_bus_metro
124,3,1.05,AM,w_bus_metro
124,4,0.75,AM,w_bus_metro
124,5,0.15,AM,w_bus_metro
124,6,0.15,AM,w_bus_metro
124,7,0.75,AM,w_bus_metro
124,8,0.45,AM,w_bus_metro
124,9,0.15,AM,w_bus_metro
124,10,0.3,AM,w_bus_metro
124,13,0.15,AM,w_bus_metro
124,15,0.45,AM,w_bus_metro
124,20,0.15,AM,w_bus_metro
124,22,2.1,AM,w_bus_metro
124,23,0.6,AM,w_bus_metro
124,25,2.1,AM,w_bus_metro
124,26,1.2,AM,w_bus_metro
124,30,0.3,AM,w_bus_metro
124,31,0.15,AM,w_bus_metro
124,32,5.85,AM,w_bus_metro
124,33,1.5,AM,w_bus_metro
124,34,0.75,AM,w_bus_metro
124,35,1.35,AM,w_bus_metro
124,36,1.5,AM,w_bus_metro
124,37,0.6,AM,w_bus_metro
124,38,1.95,AM,w_bus_metro
124,39,3.0,AM,w_bus_metro
124,40,1.95,AM,w_bus_metro
124,41,0.45,AM,w_bus_metro
124,42,1.8,AM,w_bus_metro
124,43,0.75,AM,w_bus_metro
124,44,2.4,AM,w_bus_metro
124,45,0.15,AM,w_bus_metro
124,46,0.15,AM,w_bus_metro
124,47,0.3,AM,w_bus_metro
124,48,0.15,AM,w_bus_metro
124,49,1.05,AM,w_bus_metro
124,50,0.15,AM,w_bus_metro
124,51,1.2,AM,w_bus_metro
124,53,0.3,AM,w_bus_metro
124,54,0.75,AM,w_bus_metro
124,56,1.35,AM,w_bus_metro
124,57,0.75,AM,w_bus_metro
124,58,2.55,AM,w_bus_metro
124,60,2.1,AM,w_bus_metro
124,61,1.2,AM,w_bus_metro
124,63,0.15,AM,w_bus_metro
124,64,0.15,AM,w_bus_metro
124,65,0.6,AM,w_bus_metro
124,66,0.45,AM,w_bus_metro
124,67,4.8,AM,w_bus_metro
124,68,2.25,AM,w_bus_metro
124,69,0.15,AM,w_bus_metro
124,71,2.1,AM,w_bus_metro
124,72,0.15,AM,w_bus_metro
124,73,0.3,AM,w_bus_metro
124,74,0.45,AM,w_bus_metro
124,75,1.5,AM,w_bus_metro
124,76,0.45,AM,w_bus_metro
124,77,0.75,AM,w_bus_metro
124,78,1.05,AM,w_bus_metro
124,79,2.55,AM,w_bus_metro
124,80,0.45,AM,w_bus_metro
124,81,0.45,AM,w_bus_metro
124,82,0.15,AM,w_bus_metro
124,83,0.3,AM,w_bus_metro
124,84,0.15,AM,w_bus_metro
124,85,0.45,AM,w_bus_metro
124,86,1.5,AM,w_bus_metro
124,87,13.35,AM,w_bus_metro
124,89,2.4,AM,w_bus_metro
124,90,1.05,AM,w_bus_metro
124,91,0.15,AM,w_bus_metro
124,92,0.45,AM,w_bus_metro
124,94,0.15,AM,w_bus_metro
124,95,0.3,AM,w_bus_metro
124,96,6.6,AM,w_bus_metro
124,97,1.95,AM,w_bus_metro
124,98,0.3,AM,w_bus_metro
124,99,0.9,AM,w_bus_metro
124,100,0.45,AM,w_bus_metro
124,102,0.45,AM,w_bus_metro
124,104,0.3,AM,w_bus_metro
124,105,0.15,AM,w_bus_metro
124,107,0.45,AM,w_bus_metro
124,108,0.9,AM,w_bus_metro
124,109,0.15,AM,w_bus_metro
124,110,0.3,AM,w_bus_metro
124,111,0.15,AM,w_bus_metro
124,112,0.15,AM,w_bus_metro
124,114,0.15,AM,w_bus_metro
124,115,0.15,AM,w_bus_metro
124,116,0.45,AM,w_bus_metro
124,118,0.3,AM,w_bus_metro
124,120,0.9,AM,w_bus_metro
124,121,1.8,AM,w_bus_metro
124,122,0.75,AM,w_bus_metro
124,123,7.8,AM,w_bus_metro
124,125,1.05,AM,w_bus_metro
124,127,0.15,AM,w_bus_metro
124,129,1.05,AM,w_bus_metro
124,130,0.6,AM,w_bus_metro
124,131,1.35,AM,w_bus_metro
124,132,0.45,AM,w_bus_metro
124,133,0.45,AM,w_bus_metro
124,134,0.3,AM,w_bus_metro
124,136,0.15,AM,w_bus_metro
124,137,0.75,AM,w_bus_metro
124,138,0.15,AM,w_bus_metro
124,139,0.3,AM,w_bus_metro
125,2,0.45,AM,w_bus_metro
125,3,0.3,AM,w_bus_metro
125,4,0.15,AM,w_bus_metro
125,6,0.15,AM,w_bus_metro
125,10,0.45,AM,w_bus_metro
125,14,0.3,AM,w_bus_metro
125,15,0.3,AM,w_bus_metro
125,20,0.3,AM,w_bus_metro
125,21,0.3,AM,w_bus_metro
125,22,0.15,AM,w_bus_metro
125,23,0.15,AM,w_bus_metro
125,24,0.15,AM,w_bus_metro
125,25,1.5,AM,w_bus_metro
125,26,0.15,AM,w_bus_metro
125,31,0.3,AM,w_bus_metro
125,32,2.1,AM,w_bus_metro
125,33,0.3,AM,w_bus_metro
125,34,0.45,AM,w_bus_metro
125,35,0.6,AM,w_bus_metro
125,37,0.3,AM,w_bus_metro
125,38,0.15,AM,w_bus_metro
125,39,1.35,AM,w_bus_metro
125,40,2.1,AM,w_bus_metro
125,42,1.05,AM,w_bus_metro
125,43,0.45,AM,w_bus_metro
125,44,1.65,AM,w_bus_metro
125,46,0.45,AM,w_bus_metro
125,49,2.1,AM,w_bus_metro
125,50,0.15,AM,w_bus_metro
125,57,0.3,AM,w_bus_metro
125,58,1.05,AM,w_bus_metro
125,60,0.75,AM,w_bus_metro
125,61,0.45,AM,w_bus_metro
125,65,0.15,AM,w_bus_metro
125,66,0.15,AM,w_bus_metro
125,67,3.6,AM,w_bus_metro
125,68,0.15,AM,w_bus_metro
125,71,0.3,AM,w_bus_metro
125,73,0.15,AM,w_bus_metro
125,74,0.3,AM,w_bus_metro
125,75,0.9,AM,w_bus_metro
125,76,0.15,AM,w_bus_metro
125,78,0.3,AM,w_bus_metro
125,79,0.6,AM,w_bus_metro
125,80,0.15,AM,w_bus_metro
125,82,0.15,AM,w_bus_metro
125,83,0.15,AM,w_bus_metro
125,85,0.15,AM,w_bus_metro
125,86,0.45,AM,w_bus_metro
125,87,5.1,AM,w_bus_metro
125,89,0.75,AM,w_bus_metro
125,90,0.6,AM,w_bus_metro
125,91,0.3,AM,w_bus_metro
125,95,0.45,AM,w_bus_metro
125,96,3.0,AM,w_bus_metro
125,97,0.45,AM,w_bus_metro
125,99,1.2,AM,w_bus_metro
125,102,0.45,AM,w_bus_metro
125,106,0.15,AM,w_bus_metro
125,107,0.15,AM,w_bus_metro
125,112,0.15,AM,w_bus_metro
125,114,0.45,AM,w_bus_metro
125,117,0.15,AM,w_bus_metro
125,118,0.3,AM,w_bus_metro
125,120,0.15,AM,w_bus_metro
125,121,0.75,AM,w_bus_metro
125,122,0.3,AM,w_bus_metro
125,123,3.15,AM,w_bus_metro
125,124,0.3,AM,w_bus_metro
125,129,0.3,AM,w_bus_metro
125,130,0.3,AM,w_bus_metro
125,131,0.3,AM,w_bus_metro
125,132,0.15,AM,w_bus_metro
125,134,0.15,AM,w_bus_metro
125,135,0.15,AM,w_bus_metro
125,137,0.45,AM,w_bus_metro
125,138,0.3,AM,w_bus_metro
125,139,0.3,AM,w_bus_metro
126,1,0.15,AM,w_bus_metro
126,3,0.15,AM,w_bus_metro
126,4,0.45,AM,w_bus_metro
126,5,0.3,AM,w_bus_metro
126,6,0.15,AM,w_bus_metro
126,8,0.15,AM,w_bus_metro
126,10,0.3,AM,w_bus_metro
126,15,0.15,AM,w_bus_metro
126,18,0.15,AM,w_bus_metro
126,20,0.3,AM,w_bus_metro
126,21,0.6,AM,w_bus_metro
126,22,0.45,AM,w_bus_metro
126,24,0.15,AM,w_bus_metro
126,25,0.75,AM,w_bus_metro
126,26,1.05,AM,w_bus_metro
126,28,0.15,AM,w_bus_metro
126,30,0.45,AM,w_bus_metro
126,31,0.45,AM,w_bus_metro
126,32,3.6,AM,w_bus_metro
126,33,1.05,AM,w_bus_metro
126,34,0.15,AM,w_bus_metro
126,35,1.05,AM,w_bus_metro
126,38,1.05,AM,w_bus_metro
126,39,3.6,AM,w_bus_metro
126,40,2.1,AM,w_bus_metro
126,41,0.15,AM,w_bus_metro
126,42,0.15,AM,w_bus_metro
126,43,0.15,AM,w_bus_metro
126,44,0.6,AM,w_bus_metro
126,46,0.15,AM,w_bus_metro
126,48,0.6,AM,w_bus_metro
126,50,0.45,AM,w_bus_metro
126,51,0.15,AM,w_bus_metro
126,52,0.6,AM,w_bus_metro
126,54,0.15,AM,w_bus_metro
126,56,0.75,AM,w_bus_metro
126,57,0.9,AM,w_bus_metro
126,58,0.6,AM,w_bus_metro
126,59,0.15,AM,w_bus_metro
126,60,0.45,AM,w_bus_metro
126,61,0.9,AM,w_bus_metro
126,65,0.15,AM,w_bus_metro
126,66,0.6,AM,w_bus_metro
126,67,5.1,AM,w_bus_metro
126,68,1.2,AM,w_bus_metro
126,71,0.6,AM,w_bus_metro
126,73,0.15,AM,w_bus_metro
126,74,0.15,AM,w_bus_metro
126,75,1.2,AM,w_bus_metro
126,76,0.9,AM,w_bus_metro
126,77,0.15,AM,w_bus_metro
126,78,0.15,AM,w_bus_metro
126,79,1.2,AM,w_bus_metro
126,80,1.05,AM,w_bus_metro
126,82,0.9,AM,w_bus_metro
126,84,0.3,AM,w_bus_metro
126,85,0.6,AM,w_bus_metro
126,86,1.8,AM,w_bus_metro
126,87,6.15,AM,w_bus_metro
126,88,0.15,AM,w_bus_metro
126,89,0.75,AM,w_bus_metro
126,90,1.5,AM,w_bus_metro
126,91,0.3,AM,w_bus_metro
126,95,0.3,AM,w_bus_metro
126,96,4.05,AM,w_bus_metro
126,97,0.9,AM,w_bus_metro
126,99,0.45,AM,w_bus_metro
126,103,0.15,AM,w_bus_metro
126,104,0.15,AM,w_bus_metro
126,105,0.75,AM,w_bus_metro
126,107,0.45,AM,w_bus_metro
126,108,0.45,AM,w_bus_metro
126,110,0.45,AM,w_bus_metro
126,113,0.15,AM,w_bus_metro
126,114,0.15,AM,w_bus_metro
126,115,0.3,AM,w_bus_metro
126,117,0.15,AM,w_bus_metro
126,120,1.2,AM,w_bus_metro
126,121,1.05,AM,w_bus_metro
126,122,0.15,AM,w_bus_metro
126,123,2.55,AM,w_bus_metro
126,125,0.15,AM,w_bus_metro
126,128,0.15,AM,w_bus_metro
126,129,0.15,AM,w_bus_metro
126,131,0.45,AM,w_bus_metro
126,132,0.3,AM,w_bus_metro
126,136,0.3,AM,w_bus_metro
126,138,0.15,AM,w_bus_metro
126,139,0.9,AM,w_bus_metro
126,141,0.3,AM,w_bus_metro
127,2,0.15,AM,w_bus_metro
127,4,0.15,AM,w_bus_metro
127,7,1.35,AM,w_bus_metro
127,8,0.3,AM,w_bus_metro
127,9,0.15,AM,w_bus_metro
127,10,0.45,AM,w_bus_metro
127,15,0.75,AM,w_bus_metro
127,18,0.15,AM,w_bus_metro
127,22,1.05,AM,w_bus_metro
127,25,0.75,AM,w_bus_metro
127,26,1.2,AM,w_bus_metro
127,28,0.3,AM,w_bus_metro
127,30,0.3,AM,w_bus_metro
127,31,0.75,AM,w_bus_metro
127,32,1.95,AM,w_bus_metro
127,33,0.9,AM,w_bus_metro
127,35,1.5,AM,w_bus_metro
127,36,0.15,AM,w_bus_metro
127,37,0.15,AM,w_bus_metro
127,38,1.2,AM,w_bus_metro
127,39,3.0,AM,w_bus_metro
127,40,0.45,AM,w_bus_metro
127,42,1.05,AM,w_bus_metro
127,43,0.15,AM,w_bus_metro
127,44,0.45,AM,w_bus_metro
127,45,0.15,AM,w_bus_metro
127,48,0.15,AM,w_bus_metro
127,49,0.6,AM,w_bus_metro
127,50,0.45,AM,w_bus_metro
127,52,0.15,AM,w_bus_metro
127,54,0.15,AM,w_bus_metro
127,56,0.45,AM,w_bus_metro
127,57,0.75,AM,w_bus_metro
127,58,1.05,AM,w_bus_metro
127,59,0.3,AM,w_bus_metro
127,60,0.3,AM,w_bus_metro
127,61,1.5,AM,w_bus_metro
127,63,0.3,AM,w_bus_metro
127,64,0.15,AM,w_bus_metro
127,65,0.45,AM,w_bus_metro
127,66,0.6,AM,w_bus_metro
127,67,3.15,AM,w_bus_metro
127,68,1.05,AM,w_bus_metro
127,71,0.9,AM,w_bus_metro
127,75,0.9,AM,w_bus_metro
127,76,0.3,AM,w_bus_metro
127,77,0.3,AM,w_bus_metro
127,78,0.6,AM,w_bus_metro
127,79,3.6,AM,w_bus_metro
127,80,0.3,AM,w_bus_metro
127,85,0.3,AM,w_bus_metro
127,86,0.6,AM,w_bus_metro
127,87,6.3,AM,w_bus_metro
127,88,0.15,AM,w_bus_metro
127,89,0.15,AM,w_bus_metro
127,90,1.05,AM,w_bus_metro
127,91,0.75,AM,w_bus_metro
127,92,0.15,AM,w_bus_metro
127,95,0.75,AM,w_bus_metro
127,96,4.2,AM,w_bus_metro
127,97,1.65,AM,w_bus_metro
127,99,0.75,AM,w_bus_metro
127,100,0.15,AM,w_bus_metro
127,102,0.3,AM,w_bus_metro
127,104,0.45,AM,w_bus_metro
127,105,0.15,AM,w_bus_metro
127,107,0.3,AM,w_bus_metro
127,108,0.45,AM,w_bus_metro
127,112,0.3,AM,w_bus_metro
127,115,0.9,AM,w_bus_metro
127,120,0.15,AM,w_bus_metro
127,121,2.1,AM,w_bus_metro
127,122,0.3,AM,w_bus_metro
127,123,3.6,AM,w_bus_metro
127,126,0.15,AM,w_bus_metro
127,128,0.15,AM,w_bus_metro
127,129,0.3,AM,w_bus_metro
127,130,0.15,AM,w_bus_metro
127,131,0.15,AM,w_bus_metro
127,132,0.45,AM,w_bus_metro
127,137,0.3,AM,w_bus_metro
127,139,0.45,AM,w_bus_metro
127,140,0.15,AM,w_bus_metro
127,141,0.15,AM,w_bus_metro
128,1,0.45,AM,w_bus_metro
128,3,1.5,AM,w_bus_metro
128,4,0.15,AM,w_bus_metro
128,6,0.3,AM,w_bus_metro
128,7,0.75,AM,w_bus_metro
128,8,0.3,AM,w_bus_metro
128,9,0.45,AM,w_bus_metro
128,10,0.15,AM,w_bus_metro
128,14,0.3,AM,w_bus_metro
128,15,0.15,AM,w_bus_metro
128,18,0.3,AM,w_bus_metro
128,20,1.2,AM,w_bus_metro
128,21,0.9,AM,w_bus_metro
128,22,0.75,AM,w_bus_metro
128,23,0.15,AM,w_bus_metro
128,25,0.9,AM,w_bus_metro
128,26,1.95,AM,w_bus_metro
128,29,0.15,AM,w_bus_metro
128,30,0.3,AM,w_bus_metro
128,31,0.75,AM,w_bus_metro
128,32,1.65,AM,w_bus_metro
128,33,1.05,AM,w_bus_metro
128,34,0.3,AM,w_bus_metro
128,35,1.65,AM,w_bus_metro
128,36,0.75,AM,w_bus_metro
128,37,0.15,AM,w_bus_metro
128,38,2.85,AM,w_bus_metro
128,39,3.0,AM,w_bus_metro
128,40,3.6,AM,w_bus_metro
128,41,0.15,AM,w_bus_metro
128,42,1.65,AM,w_bus_metro
128,43,0.15,AM,w_bus_metro
128,44,1.8,AM,w_bus_metro
128,45,0.15,AM,w_bus_metro
128,46,0.15,AM,w_bus_metro
128,47,0.6,AM,w_bus_metro
128,48,1.8,AM,w_bus_metro
128,49,1.2,AM,w_bus_metro
128,50,0.3,AM,w_bus_metro
128,51,0.9,AM,w_bus_metro
128,52,0.3,AM,w_bus_metro
128,53,0.45,AM,w_bus_metro
128,54,0.3,AM,w_bus_metro
128,56,0.9,AM,w_bus_metro
128,57,1.8,AM,w_bus_metro
128,58,1.8,AM,w_bus_metro
128,60,1.35,AM,w_bus_metro
128,61,2.4,AM,w_bus_metro
128,62,0.15,AM,w_bus_metro
128,63,0.15,AM,w_bus_metro
128,64,0.9,AM,w_bus_metro
128,65,0.45,AM,w_bus_metro
128,66,0.6,AM,w_bus_metro
128,67,8.85,AM,w_bus_metro
128,68,1.35,AM,w_bus_metro
128,69,0.3,AM,w_bus_metro
128,71,0.75,AM,w_bus_metro
128,72,0.75,AM,w_bus_metro
128,73,0.9,AM,w_bus_metro
128,75,0.75,AM,w_bus_metro
128,76,0.45,AM,w_bus_metro
128,77,0.45,AM,w_bus_metro
128,78,0.9,AM,w_bus_metro
128,79,5.7,AM,w_bus_metro
128,80,0.15,AM,w_bus_metro
128,81,0.45,AM,w_bus_metro
128,82,0.3,AM,w_bus_metro
128,83,0.6,AM,w_bus_metro
128,86,1.5,AM,w_bus_metro
128,87,15.6,AM,w_bus_metro
128,88,0.9,AM,w_bus_metro
128,89,0.3,AM,w_bus_metro
128,90,1.2,AM,w_bus_metro
128,91,0.6,AM,w_bus_metro
128,93,0.15,AM,w_bus_metro
128,94,0.3,AM,w_bus_metro
128,95,0.6,AM,w_bus_metro
128,96,8.55,AM,w_bus_metro
128,97,2.7,AM,w_bus_metro
128,98,0.45,AM,w_bus_metro
128,99,2.4,AM,w_bus_metro
128,100,0.15,AM,w_bus_metro
128,102,0.45,AM,w_bus_metro
128,104,0.75,AM,w_bus_metro
128,105,0.45,AM,w_bus_metro
128,106,0.15,AM,w_bus_metro
128,107,0.75,AM,w_bus_metro
128,108,0.15,AM,w_bus_metro
128,112,0.3,AM,w_bus_metro
128,113,0.3,AM,w_bus_metro
128,114,0.6,AM,w_bus_metro
128,115,0.9,AM,w_bus_metro
128,116,0.15,AM,w_bus_metro
128,118,0.15,AM,w_bus_metro
128,120,1.2,AM,w_bus_metro
128,121,1.65,AM,w_bus_metro
128,122,0.3,AM,w_bus_metro
128,123,5.4,AM,w_bus_metro
128,124,0.15,AM,w_bus_metro
128,125,1.35,AM,w_bus_metro
128,126,0.45,AM,w_bus_metro
128,129,1.65,AM,w_bus_metro
128,130,0.45,AM,w_bus_metro
128,131,0.45,AM,w_bus_metro
128,132,0.45,AM,w_bus_metro
128,134,0.15,AM,w_bus_metro
128,135,0.45,AM,w_bus_metro
128,136,0.15,AM,w_bus_metro
128,137,0.15,AM,w_bus_metro
128,138,0.45,AM,w_bus_metro
128,139,1.5,AM,w_bus_metro
128,141,0.45,AM,w_bus_metro
129,3,0.45,AM,w_bus_metro
129,7,0.15,AM,w_bus_metro
129,9,0.15,AM,w_bus_metro
129,10,0.15,AM,w_bus_metro
129,14,0.15,AM,w_bus_metro
129,15,0.9,AM,w_bus_metro
129,17,0.45,AM,w_bus_metro
129,20,0.15,AM,w_bus_metro
129,21,0.45,AM,w_bus_metro
129,22,0.15,AM,w_bus_metro
129,25,0.75,AM,w_bus_metro
129,26,2.1,AM,w_bus_metro
129,27,0.15,AM,w_bus_metro
129,28,0.75,AM,w_bus_metro
129,30,0.45,AM,w_bus_metro
129,31,1.05,AM,w_bus_metro
129,32,3.75,AM,w_bus_metro
129,33,0.45,AM,w_bus_metro
129,35,0.45,AM,w_bus_metro
129,36,0.6,AM,w_bus_metro
129,37,0.6,AM,w_bus_metro
129,38,2.85,AM,w_bus_metro
129,39,3.45,AM,w_bus_metro
129,40,2.1,AM,w_bus_metro
129,41,0.15,AM,w_bus_metro
129,42,0.75,AM,w_bus_metro
129,43,1.05,AM,w_bus_metro
129,44,0.75,AM,w_bus_metro
129,47,0.15,AM,w_bus_metro
129,48,0.3,AM,w_bus_metro
129,49,1.05,AM,w_bus_metro
129,51,0.15,AM,w_bus_metro
129,52,0.45,AM,w_bus_metro
129,54,0.15,AM,w_bus_metro
129,56,0.15,AM,w_bus_metro
129,57,0.15,AM,w_bus_metro
129,58,1.2,AM,w_bus_metro
129,60,0.3,AM,w_bus_metro
129,61,0.15,AM,w_bus_metro
129,63,0.3,AM,w_bus_metro
129,64,0.15,AM,w_bus_metro
129,65,0.9,AM,w_bus_metro
129,66,0.3,AM,w_bus_metro
129,67,5.25,AM,w_bus_metro
129,68,1.5,AM,w_bus_metro
129,69,0.15,AM,w_bus_metro
129,72,0.6,AM,w_bus_metro
129,73,0.15,AM,w_bus_metro
129,74,0.45,AM,w_bus_metro
129,75,0.75,AM,w_bus_metro
129,76,0.15,AM,w_bus_metro
129,77,0.9,AM,w_bus_metro
129,78,0.3,AM,w_bus_metro
129,79,4.35,AM,w_bus_metro
129,80,0.15,AM,w_bus_metro
129,81,0.45,AM,w_bus_metro
129,82,0.15,AM,w_bus_metro
129,83,0.3,AM,w_bus_metro
129,85,0.15,AM,w_bus_metro
129,86,2.7,AM,w_bus_metro
129,87,8.4,AM,w_bus_metro
129,88,0.3,AM,w_bus_metro
129,89,0.15,AM,w_bus_metro
129,90,1.05,AM,w_bus_metro
129,91,0.3,AM,w_bus_metro
129,92,0.15,AM,w_bus_metro
129,93,0.15,AM,w_bus_metro
129,95,0.6,AM,w_bus_metro
129,96,4.95,AM,w_bus_metro
129,97,1.35,AM,w_bus_metro
129,98,0.15,AM,w_bus_metro
129,99,0.6,AM,w_bus_metro
129,100,0.15,AM,w_bus_metro
129,104,0.3,AM,w_bus_metro
129,105,0.6,AM,w_bus_metro
129,108,0.15,AM,w_bus_metro
129,110,0.3,AM,w_bus_metro
129,111,0.3,AM,w_bus_metro
129,112,0.15,AM,w_bus_metro
129,114,0.15,AM,w_bus_metro
129,115,0.6,AM,w_bus_metro
129,120,0.3,AM,w_bus_metro
129,121,2.1,AM,w_bus_metro
129,122,0.15,AM,w_bus_metro
129,123,2.85,AM,w_bus_metro
129,124,0.3,AM,w_bus_metro
129,125,0.75,AM,w_bus_metro
129,126,0.3,AM,w_bus_metro
129,128,0.45,AM,w_bus_metro
129,130,1.5,AM,w_bus_metro
129,131,0.9,AM,w_bus_metro
129,132,0.75,AM,w_bus_metro
129,133,0.15,AM,w_bus_metro
129,134,0.15,AM,w_bus_metro
129,137,0.15,AM,w_bus_metro
129,139,1.95,AM,w_bus_metro
129,141,1.05,AM,w_bus_metro
130,1,0.15,AM,w_bus_metro
130,3,0.9,AM,w_bus_metro
130,4,0.3,AM,w_bus_metro
130,7,1.05,AM,w_bus_metro
130,9,0.45,AM,w_bus_metro
130,10,0.45,AM,w_bus_metro
130,12,0.3,AM,w_bus_metro
130,14,0.3,AM,w_bus_metro
130,15,0.3,AM,w_bus_metro
130,17,0.15,AM,w_bus_metro
130,18,0.15,AM,w_bus_metro
130,21,0.75,AM,w_bus_metro
130,22,1.05,AM,w_bus_metro
130,23,0.3,AM,w_bus_metro
130,25,1.05,AM,w_bus_metro
130,26,2.1,AM,w_bus_metro
130,28,0.15,AM,w_bus_metro
130,30,0.15,AM,w_bus_metro
130,31,0.75,AM,w_bus_metro
130,32,3.3,AM,w_bus_metro
130,33,1.95,AM,w_bus_metro
130,36,0.3,AM,w_bus_metro
130,37,0.45,AM,w_bus_metro
130,38,2.4,AM,w_bus_metro
130,39,2.55,AM,w_bus_metro
130,40,3.0,AM,w_bus_metro
130,41,0.3,AM,w_bus_metro
130,42,0.75,AM,w_bus_metro
130,43,0.45,AM,w_bus_metro
130,44,0.9,AM,w_bus_metro
130,45,0.15,AM,w_bus_metro
130,46,0.15,AM,w_bus_metro
130,47,0.15,AM,w_bus_metro
130,48,0.75,AM,w_bus_metro
130,49,0.9,AM,w_bus_metro
130,50,0.15,AM,w_bus_metro
130,51,0.3,AM,w_bus_metro
130,52,0.45,AM,w_bus_metro
130,53,0.15,AM,w_bus_metro
130,56,1.05,AM,w_bus_metro
130,57,1.2,AM,w_bus_metro
130,58,2.55,AM,w_bus_metro
130,59,0.6,AM,w_bus_metro
130,60,1.5,AM,w_bus_metro
130,61,0.9,AM,w_bus_metro
130,62,0.45,AM,w_bus_metro
130,63,0.3,AM,w_bus_metro
130,64,0.15,AM,w_bus_metro
130,65,0.6,AM,w_bus_metro
130,67,6.6,AM,w_bus_metro
130,68,1.95,AM,w_bus_metro
130,69,0.3,AM,w_bus_metro
130,73,0.15,AM,w_bus_metro
130,74,0.6,AM,w_bus_metro
130,75,0.45,AM,w_bus_metro
130,76,0.45,AM,w_bus_metro
130,77,0.45,AM,w_bus_metro
130,78,0.3,AM,w_bus_metro
130,79,3.3,AM,w_bus_metro
130,80,0.6,AM,w_bus_metro
130,81,0.15,AM,w_bus_metro
130,82,0.45,AM,w_bus_metro
130,83,0.15,AM,w_bus_metro
130,84,0.15,AM,w_bus_metro
130,86,1.95,AM,w_bus_metro
130,87,13.65,AM,w_bus_metro
130,88,0.3,AM,w_bus_metro
130,89,1.2,AM,w_bus_metro
130,90,0.9,AM,w_bus_metro
130,92,0.15,AM,w_bus_metro
130,95,1.2,AM,w_bus_metro
130,96,5.85,AM,w_bus_metro
130,97,1.65,AM,w_bus_metro
130,99,0.3,AM,w_bus_metro
130,100,0.45,AM,w_bus_metro
130,102,0.3,AM,w_bus_metro
130,104,0.3,AM,w_bus_metro
130,105,0.75,AM,w_bus_metro
130,106,0.45,AM,w_bus_metro
130,107,0.45,AM,w_bus_metro
130,110,0.3,AM,w_bus_metro
130,112,0.45,AM,w_bus_metro
130,113,0.3,AM,w_bus_metro
130,114,0.15,AM,w_bus_metro
130,115,0.45,AM,w_bus_metro
130,116,0.15,AM,w_bus_metro
130,117,0.15,AM,w_bus_metro
130,118,0.45,AM,w_bus_metro
130,120,1.2,AM,w_bus_metro
130,121,2.1,AM,w_bus_metro
130,122,0.15,AM,w_bus_metro
130,123,2.1,AM,w_bus_metro
130,124,0.15,AM,w_bus_metro
130,125,1.35,AM,w_bus_metro
130,126,0.9,AM,w_bus_metro
130,128,0.15,AM,w_bus_metro
130,129,0.75,AM,w_bus_metro
130,131,0.75,AM,w_bus_metro
130,132,0.3,AM,w_bus_metro
130,134,0.6,AM,w_bus_metro
130,135,0.15,AM,w_bus_metro
130,136,0.3,AM,w_bus_metro
130,137,0.45,AM,w_bus_metro
130,138,0.3,AM,w_bus_metro
130,139,0.3,AM,w_bus_metro
130,140,0.3,AM,w_bus_metro
131,1,0.45,AM,w_bus_metro
131,3,0.9,AM,w_bus_metro
131,4,0.3,AM,w_bus_metro
131,6,0.3,AM,w_bus_metro
131,7,0.3,AM,w_bus_metro
131,8,0.3,AM,w_bus_metro
131,9,0.45,AM,w_bus_metro
131,10,0.45,AM,w_bus_metro
131,15,0.15,AM,w_bus_metro
131,20,0.45,AM,w_bus_metro
131,21,0.3,AM,w_bus_metro
131,22,0.3,AM,w_bus_metro
131,23,0.6,AM,w_bus_metro
131,25,2.1,AM,w_bus_metro
131,26,2.4,AM,w_bus_metro
131,27,0.15,AM,w_bus_metro
131,30,0.75,AM,w_bus_metro
131,31,0.3,AM,w_bus_metro
131,32,4.5,AM,w_bus_metro
131,33,2.25,AM,w_bus_metro
131,35,1.35,AM,w_bus_metro
131,36,1.05,AM,w_bus_metro
131,37,0.3,AM,w_bus_metro
131,38,1.2,AM,w_bus_metro
131,39,3.6,AM,w_bus_metro
131,40,2.4,AM,w_bus_metro
131,42,2.1,AM,w_bus_metro
131,43,0.15,AM,w_bus_metro
131,44,1.95,AM,w_bus_metro
131,47,0.3,AM,w_bus_metro
131,48,0.75,AM,w_bus_metro
131,49,2.25,AM,w_bus_metro
131,50,0.6,AM,w_bus_metro
131,51,0.9,AM,w_bus_metro
131,52,0.15,AM,w_bus_metro
131,54,0.15,AM,w_bus_metro
131,56,0.45,AM,w_bus_metro
131,57,2.4,AM,w_bus_metro
131,58,1.5,AM,w_bus_metro
131,59,0.6,AM,w_bus_metro
131,60,3.9,AM,w_bus_metro
131,61,1.95,AM,w_bus_metro
131,63,0.15,AM,w_bus_metro
131,64,0.45,AM,w_bus_metro
131,65,0.15,AM,w_bus_metro
131,66,0.75,AM,w_bus_metro
131,67,10.05,AM,w_bus_metro
131,68,2.25,AM,w_bus_metro
131,69,0.15,AM,w_bus_metro
131,72,0.15,AM,w_bus_metro
131,73,0.45,AM,w_bus_metro
131,74,0.6,AM,w_bus_metro
131,75,0.15,AM,w_bus_metro
131,76,0.15,AM,w_bus_metro
131,77,0.75,AM,w_bus_metro
131,79,3.9,AM,w_bus_metro
131,81,0.15,AM,w_bus_metro
131,82,0.15,AM,w_bus_metro
131,83,0.15,AM,w_bus_metro
131,84,0.3,AM,w_bus_metro
131,85,0.3,AM,w_bus_metro
131,86,1.8,AM,w_bus_metro
131,87,19.35,AM,w_bus_metro
131,88,0.3,AM,w_bus_metro
131,89,1.65,AM,w_bus_metro
131,90,3.15,AM,w_bus_metro
131,91,0.15,AM,w_bus_metro
131,95,0.9,AM,w_bus_metro
131,96,6.6,AM,w_bus_metro
131,97,1.8,AM,w_bus_metro
131,98,0.15,AM,w_bus_metro
131,99,1.5,AM,w_bus_metro
131,100,0.3,AM,w_bus_metro
131,102,1.2,AM,w_bus_metro
131,104,0.45,AM,w_bus_metro
131,105,0.75,AM,w_bus_metro
131,107,0.6,AM,w_bus_metro
131,110,0.3,AM,w_bus_metro
131,111,0.15,AM,w_bus_metro
131,113,0.15,AM,w_bus_metro
131,114,0.45,AM,w_bus_metro
131,115,0.45,AM,w_bus_metro
131,116,0.3,AM,w_bus_metro
131,120,3.0,AM,w_bus_metro
131,121,2.4,AM,w_bus_metro
131,122,0.9,AM,w_bus_metro
131,123,4.95,AM,w_bus_metro
131,124,0.3,AM,w_bus_metro
131,125,0.9,AM,w_bus_metro
131,126,0.15,AM,w_bus_metro
131,128,0.45,AM,w_bus_metro
131,129,0.3,AM,w_bus_metro
131,130,1.05,AM,w_bus_metro
131,132,0.75,AM,w_bus_metro
131,133,0.15,AM,w_bus_metro
131,135,0.6,AM,w_bus_metro
131,136,0.6,AM,w_bus_metro
131,137,0.15,AM,w_bus_metro
131,139,0.3,AM,w_bus_metro
132,1,0.15,AM,w_bus_metro
132,2,0.15,AM,w_bus_metro
132,3,0.45,AM,w_bus_metro
132,6,0.15,AM,w_bus_metro
132,7,0.75,AM,w_bus_metro
132,8,0.75,AM,w_bus_metro
132,9,0.75,AM,w_bus_metro
132,10,1.65,AM,w_bus_metro
132,12,0.15,AM,w_bus_metro
132,15,1.5,AM,w_bus_metro
132,18,0.6,AM,w_bus_metro
132,21,0.45,AM,w_bus_metro
132,22,1.05,AM,w_bus_metro
132,23,0.6,AM,w_bus_metro
132,24,0.45,AM,w_bus_metro
132,25,2.7,AM,w_bus_metro
132,26,1.65,AM,w_bus_metro
132,28,0.15,AM,w_bus_metro
132,30,0.6,AM,w_bus_metro
132,31,0.45,AM,w_bus_metro
132,32,3.3,AM,w_bus_metro
132,33,1.05,AM,w_bus_metro
132,35,1.65,AM,w_bus_metro
132,36,1.05,AM,w_bus_metro
132,37,0.6,AM,w_bus_metro
132,38,1.2,AM,w_bus_metro
132,39,3.3,AM,w_bus_metro
132,40,1.05,AM,w_bus_metro
132,41,0.15,AM,w_bus_metro
132,42,0.75,AM,w_bus_metro
132,44,1.2,AM,w_bus_metro
132,46,0.15,AM,w_bus_metro
132,47,0.6,AM,w_bus_metro
132,48,1.35,AM,w_bus_metro
132,49,1.95,AM,w_bus_metro
132,50,0.3,AM,w_bus_metro
132,51,1.2,AM,w_bus_metro
132,52,0.15,AM,w_bus_metro
132,53,0.45,AM,w_bus_metro
132,54,0.9,AM,w_bus_metro
132,56,0.6,AM,w_bus_metro
132,57,1.65,AM,w_bus_metro
132,58,1.95,AM,w_bus_metro
132,59,0.3,AM,w_bus_metro
132,60,1.65,AM,w_bus_metro
132,61,2.4,AM,w_bus_metro
132,63,0.15,AM,w_bus_metro
132,64,0.15,AM,w_bus_metro
132,65,1.2,AM,w_bus_metro
132,66,0.3,AM,w_bus_metro
132,67,11.85,AM,w_bus_metro
132,68,2.25,AM,w_bus_metro
132,69,0.3,AM,w_bus_metro
132,70,0.15,AM,w_bus_metro
132,72,0.15,AM,w_bus_metro
132,73,0.15,AM,w_bus_metro
132,74,0.45,AM,w_bus_metro
132,75,0.45,AM,w_bus_metro
132,76,0.15,AM,w_bus_metro
132,77,0.6,AM,w_bus_metro
132,78,1.2,AM,w_bus_metro
132,79,5.7,AM,w_bus_metro
132,80,0.6,AM,w_bus_metro
132,82,0.15,AM,w_bus_metro
132,83,0.75,AM,w_bus_metro
132,84,0.15,AM,w_bus_metro
132,85,0.45,AM,w_bus_metro
132,86,3.15,AM,w_bus_metro
132,87,13.95,AM,w_bus_metro
132,88,1.05,AM,w_bus_metro
132,89,0.45,AM,w_bus_metro
132,90,1.95,AM,w_bus_metro
132,91,0.45,AM,w_bus_metro
132,92,0.15,AM,w_bus_metro
132,93,0.75,AM,w_bus_metro
132,95,0.75,AM,w_bus_metro
132,96,6.45,AM,w_bus_metro
132,97,3.9,AM,w_bus_metro
132,98,0.15,AM,w_bus_metro
132,99,1.95,AM,w_bus_metro
132,102,0.75,AM,w_bus_metro
132,105,0.6,AM,w_bus_metro
132,107,0.3,AM,w_bus_metro
132,108,0.3,AM,w_bus_metro
132,109,0.15,AM,w_bus_metro
132,110,0.15,AM,w_bus_metro
132,111,0.15,AM,w_bus_metro
132,113,0.3,AM,w_bus_metro
132,114,0.6,AM,w_bus_metro
132,115,0.6,AM,w_bus_metro
132,116,0.9,AM,w_bus_metro
132,118,0.15,AM,w_bus_metro
132,120,1.65,AM,w_bus_metro
132,121,2.1,AM,w_bus_metro
132,123,2.55,AM,w_bus_metro
132,124,0.45,AM,w_bus_metro
132,125,0.75,AM,w_bus_metro
132,128,0.75,AM,w_bus_metro
132,129,0.45,AM,w_bus_metro
132,130,0.9,AM,w_bus_metro
132,131,0.9,AM,w_bus_metro
132,134,0.3,AM,w_bus_metro
132,135,0.15,AM,w_bus_metro
132,136,0.3,AM,w_bus_metro
132,139,1.2,AM,w_bus_metro
132,141,0.3,AM,w_bus_metro
133,1,0.15,AM,w_bus_metro
133,3,0.15,AM,w_bus_metro
133,4,0.15,AM,w_bus_metro
133,7,0.15,AM,w_bus_metro
133,10,0.15,AM,w_bus_metro
133,13,0.15,AM,w_bus_metro
133,15,0.9,AM,w_bus_metro
133,19,0.6,AM,w_bus_metro
133,22,0.6,AM,w_bus_metro
133,25,1.5,AM,w_bus_metro
133,26,0.9,AM,w_bus_metro
133,27,0.15,AM,w_bus_metro
133,28,0.15,AM,w_bus_metro
133,30,0.3,AM,w_bus_metro
133,31,0.6,AM,w_bus_metro
133,32,1.5,AM,w_bus_metro
133,33,0.15,AM,w_bus_metro
133,34,0.15,AM,w_bus_metro
133,35,0.6,AM,w_bus_metro
133,36,0.3,AM,w_bus_metro
133,37,0.15,AM,w_bus_metro
133,38,1.05,AM,w_bus_metro
133,39,2.25,AM,w_bus_metro
133,40,2.7,AM,w_bus_metro
133,41,0.15,AM,w_bus_metro
133,42,0.75,AM,w_bus_metro
133,43,0.45,AM,w_bus_metro
133,44,0.45,AM,w_bus_metro
133,48,0.15,AM,w_bus_metro
133,49,1.35,AM,w_bus_metro
133,50,0.6,AM,w_bus_metro
133,53,0.3,AM,w_bus_metro
133,56,0.45,AM,w_bus_metro
133,57,1.05,AM,w_bus_metro
133,58,0.15,AM,w_bus_metro
133,60,0.45,AM,w_bus_metro
133,61,0.15,AM,w_bus_metro
133,62,0.15,AM,w_bus_metro
133,65,0.3,AM,w_bus_metro
133,67,1.8,AM,w_bus_metro
133,68,0.6,AM,w_bus_metro
133,71,0.15,AM,w_bus_metro
133,72,0.45,AM,w_bus_metro
133,73,0.45,AM,w_bus_metro
133,74,0.3,AM,w_bus_metro
133,75,0.6,AM,w_bus_metro
133,79,1.05,AM,w_bus_metro
133,80,0.6,AM,w_bus_metro
133,83,0.3,AM,w_bus_metro
133,85,0.15,AM,w_bus_metro
133,86,1.8,AM,w_bus_metro
133,87,4.5,AM,w_bus_metro
133,88,0.15,AM,w_bus_metro
133,90,0.75,AM,w_bus_metro
133,95,0.6,AM,w_bus_metro
133,96,2.25,AM,w_bus_metro
133,97,1.05,AM,w_bus_metro
133,98,0.6,AM,w_bus_metro
133,99,0.45,AM,w_bus_metro
133,100,0.3,AM,w_bus_metro
133,102,0.45,AM,w_bus_metro
133,105,0.45,AM,w_bus_metro
133,108,1.05,AM,w_bus_metro
133,111,0.15,AM,w_bus_metro
133,112,0.15,AM,w_bus_metro
133,114,0.15,AM,w_bus_metro
133,120,0.75,AM,w_bus_metro
133,121,0.15,AM,w_bus_metro
133,122,0.45,AM,w_bus_metro
133,123,3.75,AM,w_bus_metro
133,125,0.45,AM,w_bus_metro
133,126,0.15,AM,w_bus_metro
133,128,0.3,AM,w_bus_metro
133,129,1.05,AM,w_bus_metro
133,130,0.3,AM,w_bus_metro
133,131,0.3,AM,w_bus_metro
133,132,0.6,AM,w_bus_metro
133,134,1.05,AM,w_bus_metro
133,135,0.15,AM,w_bus_metro
133,137,0.3,AM,w_bus_metro
133,138,0.15,AM,w_bus_metro
133,139,0.45,AM,w_bus_metro
133,140,0.15,AM,w_bus_metro
133,141,0.3,AM,w_bus_metro
134,2,0.15,AM,w_bus_metro
134,3,0.45,AM,w_bus_metro
134,4,0.45,AM,w_bus_metro
134,7,0.75,AM,w_bus_metro
134,8,0.15,AM,w_bus_metro
134,9,0.15,AM,w_bus_metro
134,10,1.05,AM,w_bus_metro
134,11,0.15,AM,w_bus_metro
134,12,0.15,AM,w_bus_metro
134,15,0.15,AM,w_bus_metro
134,18,0.3,AM,w_bus_metro
134,20,0.15,AM,w_bus_metro
134,21,0.3,AM,w_bus_metro
134,22,1.05,AM,w_bus_metro
134,23,0.3,AM,w_bus_metro
134,25,0.9,AM,w_bus_metro
134,26,0.9,AM,w_bus_metro
134,27,0.15,AM,w_bus_metro
134,28,0.3,AM,w_bus_metro
134,30,0.3,AM,w_bus_metro
134,31,0.15,AM,w_bus_metro
134,32,1.5,AM,w_bus_metro
134,33,0.3,AM,w_bus_metro
134,35,1.05,AM,w_bus_metro
134,36,0.15,AM,w_bus_metro
134,37,0.15,AM,w_bus_metro
134,38,2.1,AM,w_bus_metro
134,39,1.8,AM,w_bus_metro
134,40,3.45,AM,w_bus_metro
134,41,0.45,AM,w_bus_metro
134,42,1.05,AM,w_bus_metro
134,43,0.3,AM,w_bus_metro
134,44,0.9,AM,w_bus_metro
134,45,0.15,AM,w_bus_metro
134,47,0.15,AM,w_bus_metro
134,48,0.15,AM,w_bus_metro
134,49,0.9,AM,w_bus_metro
134,50,0.15,AM,w_bus_metro
134,51,0.45,AM,w_bus_metro
134,54,1.05,AM,w_bus_metro
134,56,1.95,AM,w_bus_metro
134,57,0.3,AM,w_bus_metro
134,58,1.2,AM,w_bus_metro
134,60,1.35,AM,w_bus_metro
134,61,0.6,AM,w_bus_metro
134,62,0.15,AM,w_bus_metro
134,65,0.6,AM,w_bus_metro
134,66,0.3,AM,w_bus_metro
134,67,4.2,AM,w_bus_metro
134,68,0.75,AM,w_bus_metro
134,69,0.3,AM,w_bus_metro
134,71,0.6,AM,w_bus_metro
134,75,0.45,AM,w_bus_metro
134,76,0.45,AM,w_bus_metro
134,77,0.3,AM,w_bus_metro
134,78,0.6,AM,w_bus_metro
134,79,3.6,AM,w_bus_metro
134,80,0.15,AM,w_bus_metro
134,81,0.15,AM,w_bus_metro
134,82,0.15,AM,w_bus_metro
134,84,0.15,AM,w_bus_metro
134,85,0.15,AM,w_bus_metro
134,86,0.9,AM,w_bus_metro
134,87,6.45,AM,w_bus_metro
134,88,0.75,AM,w_bus_metro
134,89,0.3,AM,w_bus_metro
134,90,1.05,AM,w_bus_metro
134,91,0.15,AM,w_bus_metro
134,92,0.15,AM,w_bus_metro
134,93,0.15,AM,w_bus_metro
134,95,1.35,AM,w_bus_metro
134,96,3.45,AM,w_bus_metro
134,97,0.75,AM,w_bus_metro
134,99,0.45,AM,w_bus_metro
134,100,0.45,AM,w_bus_metro
134,103,0.3,AM,w_bus_metro
134,105,0.6,AM,w_bus_metro
134,106,0.15,AM,w_bus_metro
134,109,0.15,AM,w_bus_metro
134,111,0.15,AM,w_bus_metro
134,112,0.3,AM,w_bus_metro
134,114,0.3,AM,w_bus_metro
134,115,0.45,AM,w_bus_metro
134,118,0.3,AM,w_bus_metro
134,120,0.9,AM,w_bus_metro
134,121,0.9,AM,w_bus_metro
134,123,4.65,AM,w_bus_metro
134,124,0.75,AM,w_bus_metro
134,125,1.05,AM,w_bus_metro
134,127,0.15,AM,w_bus_metro
134,128,0.15,AM,w_bus_metro
134,129,0.6,AM,w_bus_metro
134,130,1.65,AM,w_bus_metro
134,131,0.3,AM,w_bus_metro
134,136,0.3,AM,w_bus_metro
134,137,0.6,AM,w_bus_metro
134,138,0.15,AM,w_bus_metro
134,139,0.15,AM,w_bus_metro
135,2,0.3,AM,w_bus_metro
135,3,1.35,AM,w_bus_metro
135,4,0.9,AM,w_bus_metro
135,5,0.15,AM,w_bus_metro
135,6,0.15,AM,w_bus_metro
135,7,0.9,AM,w_bus_metro
135,9,0.15,AM,w_bus_metro
135,10,0.75,AM,w_bus_metro
135,12,0.3,AM,w_bus_metro
135,13,0.15,AM,w_bus_metro
135,15,0.75,AM,w_bus_metro
135,19,0.15,AM,w_bus_metro
135,20,0.45,AM,w_bus_metro
135,21,0.9,AM,w_bus_metro
135,22,1.5,AM,w_bus_metro
135,23,1.35,AM,w_bus_metro
135,24,0.6,AM,w_bus_metro
135,25,2.55,AM,w_bus_metro
135,26,2.85,AM,w_bus_metro
135,28,0.45,AM,w_bus_metro
135,29,0.3,AM,w_bus_metro
135,30,1.2,AM,w_bus_metro
135,31,0.75,AM,w_bus_metro
135,32,4.05,AM,w_bus_metro
135,33,0.75,AM,w_bus_metro
135,34,0.6,AM,w_bus_metro
135,35,2.55,AM,w_bus_metro
135,36,0.45,AM,w_bus_metro
135,37,0.15,AM,w_bus_metro
135,38,4.05,AM,w_bus_metro
135,39,4.8,AM,w_bus_metro
135,40,3.0,AM,w_bus_metro
135,41,0.3,AM,w_bus_metro
135,42,2.55,AM,w_bus_metro
135,43,0.75,AM,w_bus_metro
135,44,1.8,AM,w_bus_metro
135,46,0.3,AM,w_bus_metro
135,48,0.45,AM,w_bus_metro
135,49,3.3,AM,w_bus_metro
135,50,0.15,AM,w_bus_metro
135,51,1.05,AM,w_bus_metro
135,52,0.45,AM,w_bus_metro
135,53,0.3,AM,w_bus_metro
135,54,0.15,AM,w_bus_metro
135,56,2.1,AM,w_bus_metro
135,57,1.8,AM,w_bus_metro
135,58,1.65,AM,w_bus_metro
135,59,0.45,AM,w_bus_metro
135,60,1.95,AM,w_bus_metro
135,61,1.35,AM,w_bus_metro
135,62,0.45,AM,w_bus_metro
135,63,0.15,AM,w_bus_metro
135,64,0.15,AM,w_bus_metro
135,65,0.9,AM,w_bus_metro
135,66,0.75,AM,w_bus_metro
135,67,10.2,AM,w_bus_metro
135,68,1.95,AM,w_bus_metro
135,71,0.45,AM,w_bus_metro
135,72,0.3,AM,w_bus_metro
135,73,1.2,AM,w_bus_metro
135,74,0.3,AM,w_bus_metro
135,75,1.05,AM,w_bus_metro
135,76,0.6,AM,w_bus_metro
135,77,0.45,AM,w_bus_metro
135,78,0.6,AM,w_bus_metro
135,79,4.2,AM,w_bus_metro
135,81,0.45,AM,w_bus_metro
135,82,0.15,AM,w_bus_metro
135,83,0.6,AM,w_bus_metro
135,84,0.15,AM,w_bus_metro
135,85,0.3,AM,w_bus_metro
135,86,1.35,AM,w_bus_metro
135,87,19.5,AM,w_bus_metro
135,88,0.6,AM,w_bus_metro
135,89,0.75,AM,w_bus_metro
135,90,1.35,AM,w_bus_metro
135,94,0.45,AM,w_bus_metro
135,95,0.3,AM,w_bus_metro
135,96,9.15,AM,w_bus_metro
135,97,3.0,AM,w_bus_metro
135,99,2.25,AM,w_bus_metro
135,102,0.6,AM,w_bus_metro
135,103,0.75,AM,w_bus_metro
135,104,0.15,AM,w_bus_metro
135,105,0.75,AM,w_bus_metro
135,106,0.15,AM,w_bus_metro
135,107,1.05,AM,w_bus_metro
135,108,1.2,AM,w_bus_metro
135,109,0.15,AM,w_bus_metro
135,112,0.15,AM,w_bus_metro
135,114,0.9,AM,w_bus_metro
135,115,0.6,AM,w_bus_metro
135,116,0.75,AM,w_bus_metro
135,117,0.45,AM,w_bus_metro
135,120,2.4,AM,w_bus_metro
135,121,2.1,AM,w_bus_metro
135,122,0.3,AM,w_bus_metro
135,123,4.8,AM,w_bus_metro
135,124,0.3,AM,w_bus_metro
135,125,1.35,AM,w_bus_metro
135,126,0.15,AM,w_bus_metro
135,129,0.6,AM,w_bus_metro
135,131,0.45,AM,w_bus_metro
135,132,0.45,AM,w_bus_metro
135,133,0.15,AM,w_bus_metro
135,134,0.15,AM,w_bus_metro
135,136,0.75,AM,w_bus_metro
135,137,0.3,AM,w_bus_metro
135,138,0.45,AM,w_bus_metro
135,139,0.3,AM,w_bus_metro
135,141,0.45,AM,w_bus_metro
136,1,0.15,AM,w_bus_metro
136,2,0.15,AM,w_bus_metro
136,3,0.3,AM,w_bus_metro
136,4,0.9,AM,w_bus_metro
136,7,0.3,AM,w_bus_metro
136,8,0.3,AM,w_bus_metro
136,9,0.15,AM,w_bus_metro
136,10,0.15,AM,w_bus_metro
136,13,0.3,AM,w_bus_metro
136,15,0.15,AM,w_bus_metro
136,21,0.6,AM,w_bus_metro
136,22,0.45,AM,w_bus_metro
136,23,0.3,AM,w_bus_metro
136,24,0.3,AM,w_bus_metro
136,25,0.45,AM,w_bus_metro
136,26,0.15,AM,w_bus_metro
136,30,1.05,AM,w_bus_metro
136,31,0.3,AM,w_bus_metro
136,32,1.95,AM,w_bus_metro
136,34,0.15,AM,w_bus_metro
136,35,0.9,AM,w_bus_metro
136,36,0.3,AM,w_bus_metro
136,38,0.3,AM,w_bus_metro
136,39,1.35,AM,w_bus_metro
136,40,2.4,AM,w_bus_metro
136,41,0.15,AM,w_bus_metro
136,42,1.35,AM,w_bus_metro
136,43,0.15,AM,w_bus_metro
136,44,1.05,AM,w_bus_metro
136,46,0.15,AM,w_bus_metro
136,47,0.45,AM,w_bus_metro
136,48,0.6,AM,w_bus_metro
136,49,0.75,AM,w_bus_metro
136,50,0.15,AM,w_bus_metro
136,52,0.3,AM,w_bus_metro
136,56,0.9,AM,w_bus_metro
136,57,0.45,AM,w_bus_metro
136,58,1.2,AM,w_bus_metro
136,59,0.15,AM,w_bus_metro
136,60,0.45,AM,w_bus_metro
136,61,1.2,AM,w_bus_metro
136,64,0.6,AM,w_bus_metro
136,66,0.15,AM,w_bus_metro
136,67,2.55,AM,w_bus_metro
136,68,0.75,AM,w_bus_metro
136,69,0.15,AM,w_bus_metro
136,73,0.6,AM,w_bus_metro
136,75,0.3,AM,w_bus_metro
136,76,0.3,AM,w_bus_metro
136,77,0.6,AM,w_bus_metro
136,78,0.45,AM,w_bus_metro
136,79,1.65,AM,w_bus_metro
136,80,0.15,AM,w_bus_metro
136,81,0.15,AM,w_bus_metro
136,84,0.15,AM,w_bus_metro
136,85,0.45,AM,w_bus_metro
136,86,2.1,AM,w_bus_metro
136,87,5.1,AM,w_bus_metro
136,88,0.15,AM,w_bus_metro
136,89,0.6,AM,w_bus_metro
136,90,0.15,AM,w_bus_metro
136,91,0.3,AM,w_bus_metro
136,95,0.75,AM,w_bus_metro
136,96,3.0,AM,w_bus_metro
136,97,1.2,AM,w_bus_metro
136,99,1.2,AM,w_bus_metro
136,105,0.45,AM,w_bus_metro
136,106,0.15,AM,w_bus_metro
136,107,0.3,AM,w_bus_metro
136,108,0.15,AM,w_bus_metro
136,109,0.15,AM,w_bus_metro
136,110,0.15,AM,w_bus_metro
136,114,0.3,AM,w_bus_metro
136,115,0.75,AM,w_bus_metro
136,117,0.15,AM,w_bus_metro
136,120,0.75,AM,w_bus_metro
136,121,1.05,AM,w_bus_metro
136,123,1.95,AM,w_bus_metro
136,125,1.05,AM,w_bus_metro
136,129,0.3,AM,w_bus_metro
136,130,0.15,AM,w_bus_metro
136,132,0.3,AM,w_bus_metro
136,137,0.3,AM,w_bus_metro
136,138,0.3,AM,w_bus_metro
136,139,0.75,AM,w_bus_metro
136,140,0.15,AM,w_bus_metro
137,3,0.15,AM,w_bus_metro
137,4,0.3,AM,w_bus_metro
137,7,0.15,AM,w_bus_metro
137,8,0.45,AM,w_bus_metro
137,10,0.45,AM,w_bus_metro
137,12,0.15,AM,w_bus_metro
137,15,0.3,AM,w_bus_metro
137,21,0.15,AM,w_bus_metro
137,24,0.15,AM,w_bus_metro
137,25,0.9,AM,w_bus_metro
137,26,0.6,AM,w_bus_metro
137,28,0.15,AM,w_bus_metro
137,30,0.6,AM,w_bus_metro
137,31,0.15,AM,w_bus_metro
137,32,0.45,AM,w_bus_metro
137,33,0.3,AM,w_bus_metro
137,35,1.05,AM,w_bus_metro
137,36,0.3,AM,w_bus_metro
137,37,0.15,AM,w_bus_metro
137,38,0.45,AM,w_bus_metro
137,39,1.65,AM,w_bus_metro
137,40,1.2,AM,w_bus_metro
137,41,0.6,AM,w_bus_metro
137,42,0.9,AM,w_bus_metro
137,43,0.15,AM,w_bus_metro
137,44,0.75,AM,w_bus_metro
137,46,0.15,AM,w_bus_metro
137,47,0.15,AM,w_bus_metro
137,49,0.45,AM,w_bus_metro
137,56,0.45,AM,w_bus_metro
137,57,0.45,AM,w_bus_metro
137,60,0.45,AM,w_bus_metro
137,61,0.6,AM,w_bus_metro
137,63,0.15,AM,w_bus_metro
137,64,0.15,AM,w_bus_metro
137,65,0.15,AM,w_bus_metro
137,66,0.15,AM,w_bus_metro
137,67,2.25,AM,w_bus_metro
137,68,0.6,AM,w_bus_metro
137,74,0.45,AM,w_bus_metro
137,75,0.45,AM,w_bus_metro
137,76,0.15,AM,w_bus_metro
137,77,0.3,AM,w_bus_metro
137,78,0.45,AM,w_bus_metro
137,79,2.7,AM,w_bus_metro
137,81,0.15,AM,w_bus_metro
137,83,0.15,AM,w_bus_metro
137,86,0.9,AM,w_bus_metro
137,87,3.75,AM,w_bus_metro
137,89,0.75,AM,w_bus_metro
137,90,0.3,AM,w_bus_metro
137,91,0.15,AM,w_bus_metro
137,95,0.3,AM,w_bus_metro
137,96,1.95,AM,w_bus_metro
137,97,0.45,AM,w_bus_metro
137,99,0.75,AM,w_bus_metro
137,100,0.15,AM,w_bus_metro
137,102,0.6,AM,w_bus_metro
137,107,0.45,AM,w_bus_metro
137,112,0.3,AM,w_bus_metro
137,114,0.3,AM,w_bus_metro
137,115,0.3,AM,w_bus_metro
137,120,0.9,AM,w_bus_metro
137,121,1.05,AM,w_bus_metro
137,123,2.1,AM,w_bus_metro
137,124,0.3,AM,w_bus_metro
137,125,0.75,AM,w_bus_metro
137,126,0.3,AM,w_bus_metro
137,128,0.15,AM,w_bus_metro
137,129,0.6,AM,w_bus_metro
137,130,0.15,AM,w_bus_metro
137,131,0.3,AM,w_bus_metro
137,132,0.3,AM,w_bus_metro
137,139,0.3,AM,w_bus_metro
137,140,0.15,AM,w_bus_metro
138,3,0.75,AM,w_bus_metro
138,4,0.15,AM,w_bus_metro
138,7,0.75,AM,w_bus_metro
138,8,0.3,AM,w_bus_metro
138,9,0.15,AM,w_bus_metro
138,10,0.45,AM,w_bus_metro
138,15,1.2,AM,w_bus_metro
138,20,0.15,AM,w_bus_metro
138,21,1.05,AM,w_bus_metro
138,22,1.8,AM,w_bus_metro
138,23,0.75,AM,w_bus_metro
138,24,0.15,AM,w_bus_metro
138,25,1.05,AM,w_bus_metro
138,26,0.9,AM,w_bus_metro
138,28,0.6,AM,w_bus_metro
138,30,0.3,AM,w_bus_metro
138,31,0.45,AM,w_bus_metro
138,32,2.7,AM,w_bus_metro
138,34,0.45,AM,w_bus_metro
138,35,0.9,AM,w_bus_metro
138,36,0.6,AM,w_bus_metro
138,37,0.15,AM,w_bus_metro
138,38,1.35,AM,w_bus_metro
138,39,4.2,AM,w_bus_metro
138,40,4.8,AM,w_bus_metro
138,41,0.15,AM,w_bus_metro
138,42,1.35,AM,w_bus_metro
138,43,1.2,AM,w_bus_metro
138,44,2.85,AM,w_bus_metro
138,45,0.75,AM,w_bus_metro
138,46,0.15,AM,w_bus_metro
138,47,0.6,AM,w_bus_metro
138,48,0.6,AM,w_bus_metro
138,49,1.05,AM,w_bus_metro
138,50,0.15,AM,w_bus_metro
138,51,0.3,AM,w_bus_metro
138,52,0.15,AM,w_bus_metro
138,53,0.6,AM,w_bus_metro
138,56,0.3,AM,w_bus_metro
138,57,0.3,AM,w_bus_metro
138,58,1.95,AM,w_bus_metro
138,59,0.6,AM,w_bus_metro
138,60,0.45,AM,w_bus_metro
138,61,1.5,AM,w_bus_metro
138,63,0.75,AM,w_bus_metro
138,64,0.15,AM,w_bus_metro
138,65,1.05,AM,w_bus_metro
138,66,0.15,AM,w_bus_metro
138,67,3.9,AM,w_bus_metro
138,68,0.6,AM,w_bus_metro
138,71,0.15,AM,w_bus_metro
138,72,0.3,AM,w_bus_metro
138,73,0.15,AM,w_bus_metro
138,75,0.3,AM,w_bus_metro
138,77,0.3,AM,w_bus_metro
138,78,0.15,AM,w_bus_metro
138,79,2.4,AM,w_bus_metro
138,80,0.3,AM,w_bus_metro
138,81,0.15,AM,w_bus_metro
138,82,0.3,AM,w_bus_metro
138,83,0.15,AM,w_bus_metro
138,85,0.45,AM,w_bus_metro
138,86,1.2,AM,w_bus_metro
138,87,6.3,AM,w_bus_metro
138,88,0.6,AM,w_bus_metro
138,89,0.45,AM,w_bus_metro
138,90,0.6,AM,w_bus_metro
138,91,0.3,AM,w_bus_metro
138,93,0.45,AM,w_bus_metro
138,94,0.15,AM,w_bus_metro
138,95,1.05,AM,w_bus_metro
138,96,5.4,AM,w_bus_metro
138,97,2.55,AM,w_bus_metro
138,98,0.15,AM,w_bus_metro
138,99,1.5,AM,w_bus_metro
138,100,0.6,AM,w_bus_metro
138,102,0.45,AM,w_bus_metro
138,103,0.15,AM,w_bus_metro
138,105,0.45,AM,w_bus_metro
138,108,0.3,AM,w_bus_metro
138,110,0.6,AM,w_bus_metro
138,111,0.15,AM,w_bus_metro
138,114,0.15,AM,w_bus_metro
138,115,0.15,AM,w_bus_metro
138,116,0.6,AM,w_bus_metro
138,118,0.15,AM,w_bus_metro
138,120,0.45,AM,w_bus_metro
138,121,0.9,AM,w_bus_metro
138,123,3.0,AM,w_bus_metro
138,124,0.45,AM,w_bus_metro
138,125,1.2,AM,w_bus_metro
138,126,0.45,AM,w_bus_metro
138,128,0.45,AM,w_bus_metro
138,129,0.75,AM,w_bus_metro
138,130,0.3,AM,w_bus_metro
138,131,0.75,AM,w_bus_metro
138,132,0.15,AM,w_bus_metro
138,134,0.45,AM,w_bus_metro
138,135,0.15,AM,w_bus_metro
138,139,0.15,AM,w_bus_metro
139,1,0.15,AM,w_bus_metro
139,3,1.65,AM,w_bus_metro
139,4,0.45,AM,w_bus_metro
139,6,0.3,AM,w_bus_metro
139,7,1.05,AM,w_bus_metro
139,8,0.15,AM,w_bus_metro
139,9,0.45,AM,w_bus_metro
139,10,0.3,AM,w_bus_metro
139,13,1.2,AM,w_bus_metro
139,15,0.6,AM,w_bus_metro
139,20,0.9,AM,w_bus_metro
139,21,0.45,AM,w_bus_metro
139,22,0.45,AM,w_bus_metro
139,23,0.9,AM,w_bus_metro
139,24,0.3,AM,w_bus_metro
139,25,2.4,AM,w_bus_metro
139,26,2.25,AM,w_bus_metro
139,28,0.15,AM,w_bus_metro
139,30,0.75,AM,w_bus_metro
139,31,0.75,AM,w_bus_metro
139,32,5.55,AM,w_bus_metro
139,33,2.4,AM,w_bus_metro
139,35,2.55,AM,w_bus_metro
139,36,2.7,AM,w_bus_metro
139,37,0.3,AM,w_bus_metro
139,38,3.15,AM,w_bus_metro
139,39,6.0,AM,w_bus_metro
139,40,4.2,AM,w_bus_metro
139,41,0.3,AM,w_bus_metro
139,42,3.3,AM,w_bus_metro
139,43,0.45,AM,w_bus_metro
139,44,1.35,AM,w_bus_metro
139,45,0.15,AM,w_bus_metro
139,46,0.6,AM,w_bus_metro
139,47,0.3,AM,w_bus_metro
139,48,1.65,AM,w_bus_metro
139,49,0.6,AM,w_bus_metro
139,51,0.45,AM,w_bus_metro
139,54,0.3,AM,w_bus_metro
139,56,1.65,AM,w_bus_metro
139,57,1.35,AM,w_bus_metro
139,58,2.85,AM,w_bus_metro
139,59,0.15,AM,w_bus_metro
139,60,2.4,AM,w_bus_metro
139,61,1.8,AM,w_bus_metro
139,63,0.15,AM,w_bus_metro
139,64,1.65,AM,w_bus_metro
139,65,1.2,AM,w_bus_metro
139,66,1.5,AM,w_bus_metro
139,67,14.7,AM,w_bus_metro
139,68,2.4,AM,w_bus_metro
139,70,0.15,AM,w_bus_metro
139,71,0.75,AM,w_bus_metro
139,72,0.45,AM,w_bus_metro
139,73,0.15,AM,w_bus_metro
139,74,0.45,AM,w_bus_metro
139,75,0.6,AM,w_bus_metro
139,76,1.2,AM,w_bus_metro
139,77,1.2,AM,w_bus_metro
139,78,2.4,AM,w_bus_metro
139,79,10.2,AM,w_bus_metro
139,80,0.6,AM,w_bus_metro
139,81,0.15,AM,w_bus_metro
139,84,0.45,AM,w_bus_metro
139,85,0.3,AM,w_bus_metro
139,86,4.2,AM,w_bus_metro
139,87,17.7,AM,w_bus_metro
139,88,0.3,AM,w_bus_metro
139,89,1.05,AM,w_bus_metro
139,90,2.1,AM,w_bus_metro
139,91,0.75,AM,w_bus_metro
139,93,0.15,AM,w_bus_metro
139,95,0.9,AM,w_bus_metro
139,96,10.5,AM,w_bus_metro
139,97,4.5,AM,w_bus_metro
139,99,2.1,AM,w_bus_metro
139,100,0.75,AM,w_bus_metro
139,102,0.6,AM,w_bus_metro
139,104,0.75,AM,w_bus_metro
139,105,1.2,AM,w_bus_metro
139,106,0.15,AM,w_bus_metro
139,107,1.35,AM,w_bus_metro
139,108,0.15,AM,w_bus_metro
139,110,0.6,AM,w_bus_metro
139,111,0.15,AM,w_bus_metro
139,112,0.15,AM,w_bus_metro
139,113,0.3,AM,w_bus_metro
139,115,0.45,AM,w_bus_metro
139,116,0.15,AM,w_bus_metro
139,117,0.15,AM,w_bus_metro
139,118,0.15,AM,w_bus_metro
139,120,2.4,AM,w_bus_metro
139,121,4.05,AM,w_bus_metro
139,122,0.15,AM,w_bus_metro
139,123,4.65,AM,w_bus_metro
139,125,0.9,AM,w_bus_metro
139,126,0.3,AM,w_bus_metro
139,128,0.15,AM,w_bus_metro
139,129,1.95,AM,w_bus_metro
139,130,0.3,AM,w_bus_metro
139,131,0.6,AM,w_bus_metro
139,132,0.6,AM,w_bus_metro
139,136,0.15,AM,w_bus_metro
139,137,0.45,AM,w_bus_metro
139,138,0.6,AM,w_bus_metro
139,140,0.3,AM,w_bus_metro
139,141,0.6,AM,w_bus_metro
140,1,0.3,AM,w_bus_metro
140,3,1.2,AM,w_bus_metro
140,4,0.3,AM,w_bus_metro
140,6,0.3,AM,w_bus_metro
140,7,0.9,AM,w_bus_metro
140,8,0.3,AM,w_bus_metro
140,10,0.75,AM,w_bus_metro
140,14,0.15,AM,w_bus_metro
140,15,0.15,AM,w_bus_metro
140,16,0.15,AM,w_bus_metro
140,19,0.15,AM,w_bus_metro
140,20,0.3,AM,w_bus_metro
140,22,0.45,AM,w_bus_metro
140,23,0.15,AM,w_bus_metro
140,24,0.15,AM,w_bus_metro
140,25,1.95,AM,w_bus_metro
140,26,3.45,AM,w_bus_metro
140,28,0.15,AM,w_bus_metro
140,29,0.15,AM,w_bus_metro
140,30,1.65,AM,w_bus_metro
140,31,1.05,AM,w_bus_metro
140,32,3.3,AM,w_bus_metro
140,33,2.4,AM,w_bus_metro
140,35,1.65,AM,w_bus_metro
140,36,0.9,AM,w_bus_metro
140,37,0.45,AM,w_bus_metro
140,38,2.4,AM,w_bus_metro
140,39,2.4,AM,w_bus_metro
140,40,2.7,AM,w_bus_metro
140,41,0.45,AM,w_bus_metro
140,42,1.05,AM,w_bus_metro
140,43,1.65,AM,w_bus_metro
140,45,0.45,AM,w_bus_metro
140,47,0.3,AM,w_bus_metro
140,48,0.3,AM,w_bus_metro
140,49,0.45,AM,w_bus_metro
140,51,0.15,AM,w_bus_metro
140,52,0.6,AM,w_bus_metro
140,56,0.45,AM,w_bus_metro
140,57,1.2,AM,w_bus_metro
140,58,2.4,AM,w_bus_metro
140,60,1.95,AM,w_bus_metro
140,61,1.35,AM,w_bus_metro
140,62,0.15,AM,w_bus_metro
140,63,0.45,AM,w_bus_metro
140,64,0.75,AM,w_bus_metro
140,65,0.9,AM,w_bus_metro
140,66,1.05,AM,w_bus_metro
140,67,12.45,AM,w_bus_metro
140,68,1.8,AM,w_bus_metro
140,69,0.3,AM,w_bus_metro
140,70,0.3,AM,w_bus_metro
140,72,0.3,AM,w_bus_metro
140,74,0.6,AM,w_bus_metro
140,75,1.35,AM,w_bus_metro
140,76,0.15,AM,w_bus_metro
140,77,1.05,AM,w_bus_metro
140,78,1.05,AM,w_bus_metro
140,79,3.9,AM,w_bus_metro
140,80,0.3,AM,w_bus_metro
140,83,0.45,AM,w_bus_metro
140,84,0.15,AM,w_bus_metro
140,85,0.45,AM,w_bus_metro
140,86,1.2,AM,w_bus_metro
140,87,8.25,AM,w_bus_metro
140,88,0.3,AM,w_bus_metro
140,89,0.15,AM,w_bus_metro
140,90,1.2,AM,w_bus_metro
140,93,0.6,AM,w_bus_metro
140,95,0.15,AM,w_bus_metro
140,96,5.4,AM,w_bus_metro
140,97,3.45,AM,w_bus_metro
140,98,0.45,AM,w_bus_metro
140,99,1.5,AM,w_bus_metro
140,102,0.75,AM,w_bus_metro
140,103,0.15,AM,w_bus_metro
140,104,0.3,AM,w_bus_metro
140,105,0.45,AM,w_bus_metro
140,108,0.45,AM,w_bus_metro
140,110,0.3,AM,w_bus_metro
140,112,0.9,AM,w_bus_metro
140,115,0.15,AM,w_bus_metro
140,116,1.95,AM,w_bus_metro
140,118,0.15,AM,w_bus_metro
140,120,1.35,AM,w_bus_metro
140,121,0.6,AM,w_bus_metro
140,122,0.15,AM,w_bus_metro
140,123,3.45,AM,w_bus_metro
140,125,0.45,AM,w_bus_metro
140,126,0.3,AM,w_bus_metro
140,129,0.75,AM,w_bus_metro
140,131,0.6,AM,w_bus_metro
140,132,0.15,AM,w_bus_metro
140,138,0.15,AM,w_bus_metro
140,139,0.75,AM,w_bus_metro
141,1,0.3,AM,w_bus_metro
141,2,0.15,AM,w_bus_metro
141,3,0.9,AM,w_bus_metro
141,7,0.3,AM,w_bus_metro
141,8,0.3,AM,w_bus_metro
141,9,0.3,AM,w_bus_metro
141,10,0.3,AM,w_bus_metro
141,12,0.15,AM,w_bus_metro
141,13,0.9,AM,w_bus_metro
141,15,0.45,AM,w_bus_metro
141,18,0.15,AM,w_bus_metro
141,19,0.15,AM,w_bus_metro
141,20,1.2,AM,w_bus_metro
141,21,0.45,AM,w_bus_metro
141,23,0.15,AM,w_bus_metro
141,24,0.3,AM,w_bus_metro
141,25,2.85,AM,w_bus_metro
141,26,0.9,AM,w_bus_metro
141,27,0.3,AM,w_bus_metro
141,30,1.5,AM,w_bus_metro
141,31,0.45,AM,w_bus_metro
141,32,3.3,AM,w_bus_metro
141,33,1.2,AM,w_bus_metro
141,34,0.15,AM,w_bus_metro
141,35,0.9,AM,w_bus_metro
141,36,0.9,AM,w_bus_metro
141,37,0.3,AM,w_bus_metro
141,38,1.35,AM,w_bus_metro
141,39,3.45,AM,w_bus_metro
141,40,2.85,AM,w_bus_metro
141,42,2.85,AM,w_bus_metro
141,43,0.15,AM,w_bus_metro
141,44,0.75,AM,w_bus_metro
141,45,0.75,AM,w_bus_metro
141,47,0.3,AM,w_bus_metro
141,49,1.35,AM,w_bus_metro
141,50,0.3,AM,w_bus_metro
141,51,0.15,AM,w_bus_metro
141,53,0.15,AM,w_bus_metro
141,54,0.3,AM,w_bus_metro
141,56,0.3,AM,w_bus_metro
141,57,1.95,AM,w_bus_metro
141,58,2.25,AM,w_bus_metro
141,59,0.3,AM,w_bus_metro
141,60,0.6,AM,w_bus_metro
141,61,0.9,AM,w_bus_metro
141,64,0.15,AM,w_bus_metro
141,65,0.6,AM,w_bus_metro
141,66,0.3,AM,w_bus_metro
141,67,5.55,AM,w_bus_metro
141,68,1.05,AM,w_bus_metro
141,70,0.15,AM,w_bus_metro
141,72,0.3,AM,w_bus_metro
141,73,0.3,AM,w_bus_metro
141,74,0.45,AM,w_bus_metro
141,75,0.75,AM,w_bus_metro
141,76,1.05,AM,w_bus_metro
141,77,0.75,AM,w_bus_metro
141,78,1.5,AM,w_bus_metro
141,79,4.2,AM,w_bus_metro
141,80,0.6,AM,w_bus_metro
141,81,0.3,AM,w_bus_metro
141,82,0.3,AM,w_bus_metro
141,85,0.3,AM,w_bus_metro
141,86,2.4,AM,w_bus_metro
141,87,13.35,AM,w_bus_metro
141,88,0.45,AM,w_bus_metro
141,89,0.3,AM,w_bus_metro
141,90,1.65,AM,w_bus_metro
141,91,0.3,AM,w_bus_metro
141,95,0.9,AM,w_bus_metro
141,96,8.1,AM,w_bus_metro
141,97,3.45,AM,w_bus_metro
141,98,0.6,AM,w_bus_metro
141,99,0.75,AM,w_bus_metro
141,100,1.05,AM,w_bus_metro
141,102,0.45,AM,w_bus_metro
141,105,1.2,AM,w_bus_metro
141,107,1.95,AM,w_bus_metro
141,108,0.3,AM,w_bus_metro
141,109,0.6,AM,w_bus_metro
141,110,0.45,AM,w_bus_metro
141,111,0.45,AM,w_bus_metro
141,112,0.15,AM,w_bus_metro
141,114,0.75,AM,w_bus_metro
141,115,0.3,AM,w_bus_metro
141,120,2.7,AM,w_bus_metro
141,121,2.25,AM,w_bus_metro
141,122,0.45,AM,w_bus_metro
141,123,1.5,AM,w_bus_metro
141,125,0.45,AM,w_bus_metro
141,126,0.45,AM,w_bus_metro
141,129,1.5,AM,w_bus_metro
141,130,0.15,AM,w_bus_metro
141,131,0.6,AM,w_bus_metro
141,132,0.3,AM,w_bus_metro
141,136,0.3,AM,w_bus_metro
141,139,1.65,AM,w_bus_metro
141,140,1.5,AM,w_bus_metro
