link_id,from_node_id,to_node_id,link_type,directed,length,lanes,capacity,free_speed,vdf_fftt,vdf_alpha,vdf_beta,allowed_uses
1,1,547,centroid_connector,1,0.862670,1,49500.0000,30.0000,1.725340,0.15,4.0,auto
2,2,548,centroid_connector,1,0.862670,1,49500.0000,30.0000,1.725340,0.15,4.0,auto
3,3,549,centroid_connector,1,0.862670,1,49500.0000,30.0000,1.725340,0.15,4.0,auto
4,4,550,centroid_connector,1,0.862670,1,49500.0000,30.0000,1.725340,0.15,4.0,auto
5,5,551,centroid_connector,1,0.862670,1,49500.0000,30.0000,1.725340,0.15,4.0,auto
6,6,552,centroid_connector,1,0.862670,1,49500.0000,30.0000,1.725340,0.15,4.0,auto
7,7,553,centroid_connector,1,0.862670,1,49500.0000,30.0000,1.725340,0.15,4.0,auto
8,8,554,centroid_connector,1,0.862670,1,49500.0000,30.0000,1.725340,0.15,4.0,auto
9,9,555,centroid_connector,1,0.862670,1,49500.0000,30.0000,1.725340,0.15,4.0,auto
10,10,556,centroid_connector,1,0.862670,1,49500.0000,30.0000,1.725340,0.15,4.0,auto
11,11,557,centroid_connector,1,0.862670,1,49500.0000,30.0000,1.725340,0.15,4.0,auto
12,12,558,centroid_connector,1,0.862670,1,49500.0000,30.0000,1.725340,0.15,4.0,auto
13,13,559,centroid_connector,1,0.862670,1,49500.0000,30.0000,1.725340,0.15,4.0,auto
14,14,560,centroid_connector,1,0.862670,1,49500.0000,30.0000,1.725340,0.15,4.0,auto
15,15,561,centroid_connector,1,0.862670,1,49500.0000,30.0000,1.725340,0.15,4.0,auto
16,16,562,centroid_connector,1,0.862670,1,49500.0000,30.0000,1.725340,0.15,4.0,auto
17,17,563,centroid_connector,1,0.862670,1,49500.0000,30.0000,1.725340,0.15,4.0,auto
18,18,564,centroid_connector,1,0.862670,1,49500.0000,30.0000,1.725340,0.15,4.0,auto
19,19,565,centroid_connector,1,0.862670,1,49500.0000,30.0000,1.725340,0.15,4.0,auto
20,20,566,centroid_connector,1,0.862670,1,49500.0000,30.0000,1.725340,0.15,4.0,auto
21,21,567,centroid_connector,1,0.862670,1,49500.0000,30.0000,1.725340,0.15,4.0,auto
22,22,568,centroid_connector,1,0.862670,1,49500.0000,30.0000,1.725340,0.15,4.0,auto
23,23,569,centroid_connector,1,0.862670,1,49500.0000,30.0000,1.725340,0.15,4.0,auto
24,24,570,centroid_connector,1,0.862670,1,49500.0000,30.0000,1.725340,0.15,4.0,auto
25,25,571,centroid_connector,1,0.862670,1,49500.0000,30.0000,1.725340,0.15,4.0,auto
26,26,572,centroid_connector,1,0.862670,1,49500.0000,30.0000,1.725340,0.15,4.0,auto
27,27,573,centroid_connector,1,0.862670,1,49500.0000,30.0000,1.725340,0.15,4.0,auto
28,28,574,centroid_connector,1,0.862670,1,49500.0000,30.0000,1.725340,0.15,4.0,auto
29,29,575,centroid_connector,1,0.862670,1,49500.0000,30.0000,1.725340,0.15,4.0,auto
30,30,576,centroid_connector,1,0.862670,1,49500.0000,30.0000,1.725340,0.15,4.0,auto
31,31,577,centroid_connector,1,0.862670,1,49500.0000,30.0000,1.725340,0.15,4.0,auto
32,32,578,centroid_connector,1,0.862670,1,49500.0000,30.0000,1.725340,0.15,4.0,auto
33,33,579,centroid_connector,1,0.862670,1,49500.0000,30.0000,1.725340,0.15,4.0,auto
34,34,580,centroid_connector,1,0.862670,1,49500.0000,30.0000,1.725340,0.15,4.0,auto
35,35,581,centroid_connector,1,0.862670,1,49500.0000,30.0000,1.725340,0.15,4.0,auto
36,36,582,centroid_connector,1,0.862670,1,49500.0000,30.0000,1.725340,0.15,4.0,auto
37,37,583,centroid_connector,1,0.862670,1,49500.0000,30.0000,1.725340,0.15,4.0,auto
38,38,584,centroid_connector,1,0.862670,1,49500.0000,30.0000,1.725340,0.15,4.0,auto
39,39,585,centroid_connector,1,0.862670,1,49500.0000,30.0000,1.725340,0.15,4.0,auto
40,40,586,centroid_connector,1,0.862670,1,49500.0000,30.0000,1.725340,0.15,4.0,auto
41,41,587,centroid_connector,1,0.862670,1,49500.0000,30.0000,1.725340,0.15,4.0,auto
42,42,588,centroid_connector,1,0.862670,1,49500.0000,30.0000,1.725340,0.15,4.0,auto
43,43,589,centroid_connector,1,0.862670,1,49500.0000,30.0000,1.725340,0.15,4.0,auto
44,44,590,centroid_connector,1,0.862670,1,49500.0000,30.0000,1.725340,0.15,4.0,auto
45,45,591,centroid_connector,1,0.862670,1,49500.0000,30.0000,1.725340,0.15,4.0,auto
46,46,592,centroid_connector,1,0.862670,1,49500.0000,30.0000,1.725340,0.15,4.0,auto
47,47,593,centroid_connector,1,0.862670,1,49500.0000,30.0000,1.725340,0.15,4.0,auto
48,48,594,centroid_connector,1,0.862670,1,49500.0000,30.0000,1.725340,0.15,4.0,auto
49,49,595,centroid_connector,1,0.862670,1,49500.0000,30.0000,1.725340,0.15,4.0,auto
50,50,596,centroid_connector,1,0.862670,1,49500.0000,30.0000,1.725340,0.15,4.0,auto
51,51,597,centroid_connector,1,0.862670,1,49500.0000,30.0000,1.725340,0.15,4.0,auto
52,52,598,centroid_connector,1,0.862670,1,49500.0000,30.0000,1.725340,0.15,4.0,auto
53,53,599,centroid_connector,1,0.862670,1,49500.0000,30.0000,1.725340,0.15,4.0,auto
54,54,600,centroid_connector,1,0.862670,1,49500.0000,30.0000,1.725340,0.15,4.0,auto
55,55,601,centroid_connector,1,0.862670,1,49500.0000,30.0000,1.725340,0.15,4.0,auto
56,56,602,centroid_connector,1,0.862670,1,49500.0000,30.0000,1.725340,0.15,4.0,auto
57,57,603,centroid_connector,1,0.862670,1,49500.0000,30.0000,1.725340,0.15,4.0,auto
58,58,604,centroid_connector,1,0.862670,1,49500.0000,30.0000,1.725340,0.15,4.0,auto
59,59,605,centroid_connector,1,0.862670,1,49500.0000,30.0000,1.725340,0.15,4.0,auto
60,60,606,centroid_connector,1,0.862670,1,49500.0000,30.0000,1.725340,0.15,4.0,auto
61,61,607,centroid_connector,1,0.862670,1,49500.0000,30.0000,1.725340,0.15,4.0,auto
62,62,608,centroid_connector,1,0.862670,1,49500.0000,30.0000,1.725340,0.15,4.0,auto
63,63,609,centroid_connector,1,0.862670,1,49500.0000,30.0000,1.725340,0.15,4.0,auto
64,64,610,centroid_connector,1,0.862670,1,49500.0000,30.0000,1.725340,0.15,4.0,auto
65,65,611,centroid_connector,1,0.862670,1,49500.0000,30.0000,1.725340,0.15,4.0,auto
66,66,612,centroid_connector,1,0.862670,1,49500.0000,30.0000,1.725340,0.15,4.0,auto
67,67,613,centroid_connector,1,0.862670,1,49500.0000,30.0000,1.725340,0.15,4.0,auto
68,68,614,centroid_connector,1,0.862670,1,49500.0000,30.0000,1.725340,0.15,4.0,auto
69,69,615,centroid_connector,1,0.862670,1,49500.0000,30.0000,1.725340,0.15,4.0,auto
70,70,616,centroid_connector,1,0.862670,1,49500.0000,30.0000,1.725340,0.15,4.0,auto
71,71,617,centroid_connector,1,0.862670,1,49500.0000,30.0000,1.725340,0.15,4.0,auto
72,72,618,centroid_connector,1,0.862670,1,49500.0000,30.0000,1.725340,0.15,4.0,auto
73,73,619,centroid_connector,1,0.862670,1,49500.0000,30.0000,1.725340,0.15,4.0,auto
74,74,620,centroid_connector,1,0.862670,1,49500.0000,30.0000,1.725340,0.15,4.0,auto
75,75,621,centroid_connector,1,0.862670,1,49500.0000,30.0000,1.725340,0.15,4.0,auto
76,76,622,centroid_connector,1,0.862670,1,49500.0000,30.0000,1.725340,0.15,4.0,auto
77,77,623,centroid_connector,1,0.862670,1,49500.0000,30.0000,1.725340,0.15,4.0,auto
78,78,624,centroid_connector,1,0.862670,1,49500.0000,30.0000,1.725340,0.15,4.0,auto
79,79,625,centroid_connector,1,0.862670,1,49500.0000,30.0000,1.725340,0.15,4.0,auto
80,80,626,centroid_connector,1,0.862670,1,49500.0000,30.0000,1.725340,0.15,4.0,auto
81,81,627,centroid_connector,1,0.862670,1,49500.0000,30.0000,1.725340,0.15,4.0,auto
82,82,628,centroid_connector,1,0.862670,1,49500.0000,30.0000,1.725340,0.15,4.0,auto
83,83,629,centroid_connector,1,0.862670,1,49500.0000,30.0000,1.725340,0.15,4.0,auto
84,84,630,centroid_connector,1,0.862670,1,49500.0000,30.0000,1.725340,0.15,4.0,auto
85,85,631,centroid_connector,1,0.862670,1,49500.0000,30.0000,1.725340,0.15,4.0,auto
86,86,632,centroid_connector,1,0.862670,1,49500.0000,30.0000,1.725340,0.15,4.0,auto
87,87,633,centroid_connector,1,0.862670,1,49500.0000,30.0000,1.725340,0.15,4.0,auto
88,88,634,centroid_connector,1,0.862670,1,49500.0000,30.0000,1.725340,0.15,4.0,auto
89,89,635,centroid_connector,1,0.862670,1,49500.0000,30.0000,1.725340,0.15,4.0,auto
90,90,636,centroid_connector,1,0.862670,1,49500.0000,30.0000,1.725340,0.15,4.0,auto
91,91,637,centroid_connector,1,0.862670,1,49500.0000,30.0000,1.725340,0.15,4.0,auto
92,92,638,centroid_connector,1,0.862670,1,49500.0000,30.0000,1.725340,0.15,4.0,auto
93,93,639,centroid_connector,1,0.862670,1,49500.0000,30.0000,1.725340,0.15,4.0,auto
94,94,640,centroid_connector,1,0.862670,1,49500.0000,30.0000,1.725340,0.15,4.0,auto
95,95,641,centroid_connector,1,0.862670,1,49500.0000,30.0000,1.725340,0.15,4.0,auto
96,96,642,centroid_connector,1,0.862670,1,49500.0000,30.0000,1.725340,0.15,4.0,auto
97,97,643,centroid_connector,1,0.862670,1,49500.0000,30.0000,1.725340,0.15,4.0,auto
98,98,644,centroid_connector,1,0.862670,1,49500.0000,30.0000,1.725340,0.15,4.0,auto
99,99,645,centroid_connector,1,0.862670,1,49500.0000,30.0000,1.725340,0.15,4.0,auto
100,100,646,centroid_connector,1,0.862670,1,49500.0000,30.0000,1.725340,0.15,4.0,auto
101,101,647,centroid_connector,1,0.862670,1,49500.0000,30.0000,1.725340,0.15,4.0,auto
102,102,648,centroid_connector,1,0.862670,1,49500.0000,30.0000,1.725340,0.15,4.0,auto
103,103,649,centroid_connector,1,0.862670,1,49500.0000,30.0000,1.725340,0.15,4.0,auto
104,104,650,centroid_connector,1,0.862670,1,49500.0000,30.0000,1.725340,0.15,4.0,auto
105,105,651,centroid_connector,1,0.862670,1,49500.0000,30.0000,1.725340,0.15,4.0,auto
106,106,652,centroid_connector,1,0.862670,1,49500.0000,30.0000,1.725340,0.15,4.0,auto
107,107,653,centroid_connector,1,0.862670,1,49500.0000,30.0000,1.725340,0.15,4.0,auto
108,108,654,centroid_connector,1,0.862670,1,49500.0000,30.0000,1.725340,0.15,4.0,auto
109,109,655,centroid_connector,1,0.862670,1,49500.0000,30.0000,1.725340,0.15,4.0,auto
110,110,656,centroid_connector,1,0.862670,1,49500.0000,30.0000,1.725340,0.15,4.0,auto
111,111,657,centroid_connector,1,0.862670,1,49500.0000,30.0000,1.725340,0.15,4.0,auto
112,112,658,centroid_connector,1,0.862670,1,49500.0000,30.0000,1.725340,0.15,4.0,auto
113,113,659,centroid_connector,1,0.862670,1,49500.0000,30.0000,1.725340,0.15,4.0,auto
114,114,660,centroid_connector,1,0.862670,1,49500.0000,30.0000,1.725340,0.15,4.0,auto
115,115,661,centroid_connector,1,0.862670,1,49500.0000,30.0000,1.725340,0.15,4.0,auto
116,116,662,centroid_connector,1,0.862670,1,49500.0000,30.0000,1.725340,0.15,4.0,auto
117,117,663,centroid_connector,1,0.862670,1,49500.0000,30.0000,1.725340,0.15,4.0,auto
118,118,664,centroid_connector,1,0.862670,1,49500.0000,30.0000,1.725340,0.15,4.0,auto
119,119,665,centroid_connector,1,0.862670,1,49500.0000,30.0000,1.725340,0.15,4.0,auto
120,120,666,centroid_connector,1,0.862670,1,49500.0000,30.0000,1.725340,0.15,4.0,auto
121,121,667,centroid_connector,1,0.862670,1,49500.0000,30.0000,1.725340,0.15,4.0,auto
122,122,668,centroid_connector,1,0.862670,1,49500.0000,30.0000,1.725340,0.15,4.0,auto
123,123,669,centroid_connector,1,0.862670,1,49500.0000,30.0000,1.725340,0.15,4.0,auto
124,124,670,centroid_connector,1,0.862670,1,49500.0000,30.0000,1.725340,0.15,4.0,auto
125,125,671,centroid_connector,1,0.862670,1,49500.0000,30.0000,1.725340,0.15,4.0,auto
126,126,672,centroid_connector,1,0.862670,1,49500.0000,30.0000,1.725340,0.15,4.0,auto
127,127,673,centroid_connector,1,0.862670,1,49500.0000,30.0000,1.725340,0.15,4.0,auto
128,128,674,centroid_connector,1,0.862670,1,49500.0000,30.0000,1.725340,0.15,4.0,auto
129,129,675,centroid_connector,1,0.862670,1,49500.0000,30.0000,1.725340,0.15,4.0,auto
130,130,676,centroid_connector,1,0.862670,1,49500.0000,30.0000,1.725340,0.15,4.0,auto
131,131,677,centroid_connector,1,0.862670,1,49500.0000,30.0000,1.725340,0.15,4.0,auto
132,132,678,centroid_connector,1,0.862670,1,49500.0000,30.0000,1.725340,0.15,4.0,auto
133,133,679,centroid_connector,1,0.862670,1,49500.0000,30.0000,1.725340,0.15,4.0,auto
134,134,680,centroid_connector,1,0.862670,1,49500.0000,30.0000,1.725340,0.15,4.0,auto
135,135,681,centroid_connector,1,0.862670,1,49500.0000,30.0000,1.725340,0.15,4.0,auto
136,136,682,centroid_connector,1,0.862670,1,49500.0000,30.0000,1.725340,0.15,4.0,auto
137,137,683,centroid_connector,1,0.862670,1,49500.0000,30.0000,1.725340,0.15,4.0,auto
138,138,684,centroid_connector,1,0.862670,1,49500.0000,30.0000,1.725340,0.15,4.0,auto
139,139,685,centroid_connector,1,0.862670,1,49500.0000,30.0000,1.725340,0.15,4.0,auto
140,140,686,centroid_connector,1,0.862670,1,49500.0000,30.0000,1.725340,0.15,4.0,auto
141,141,687,centroid_connector,1,0.862670,1,49500.0000,30.0000,1.725340,0.15,4.0,auto
142,142,688,centroid_connector,1,0.862670,1,49500.0000,30.0000,1.725340,0.15,4.0,auto
143,143,689,centroid_connector,1,0.862670,1,49500.0000,30.0000,1.725340,0.15,4.0,auto
144,144,690,centroid_connector,1,0.862670,1,49500.0000,30.0000,1.725340,0.15,4.0,auto
145,145,691,centroid_connector,1,0.862670,1,49500.0000,30.0000,1.725340,0.15,4.0,auto
146,146,692,centroid_connector,1,0.862670,1,49500.0000,30.0000,1.725340,0.15,4.0,auto
147,147,693,centroid_connector,1,0.862670,1,49500.0000,30.0000,1.725340,0.15,4.0,auto
148,148,694,centroid_connector,1,0.862670,1,49500.0000,30.0000,1.725340,0.15,4.0,auto
149,149,695,centroid_connector,1,0.862670,1,49500.0000,30.0000,1.725340,0.15,4.0,auto
150,150,696,centroid_connector,1,0.862670,1,49500.0000,30.0000,1.725340,0.15,4.0,auto
151,151,697,centroid_connector,1,0.862670,1,49500.0000,30.0000,1.725340,0.15,4.0,auto
152,152,698,centroid_connector,1,0.862670,1,49500.0000,30.0000,1.725340,0.15,4.0,auto
153,153,699,centroid_connector,1,0.862670,1,49500.0000,30.0000,1.725340,0.15,4.0,auto
154,154,700,centroid_connector,1,0.862670,1,49500.0000,30.0000,1.725340,0.15,4.0,auto
155,155,701,centroid_connector,1,0.862670,1,49500.0000,30.0000,1.725340,0.15,4.0,auto
156,156,702,centroid_connector,1,0.862670,1,49500.0000,30.0000,1.725340,0.15,4.0,auto
157,157,703,centroid_connector,1,0.862670,1,49500.0000,30.0000,1.725340,0.15,4.0,auto
158,158,704,centroid_connector,1,0.862670,1,49500.0000,30.0000,1.725340,0.15,4.0,auto
159,159,705,centroid_connector,1,0.862670,1,49500.0000,30.0000,1.725340,0.15,4.0,auto
160,160,706,centroid_connector,1,0.862670,1,49500.0000,30.0000,1.725340,0.15,4.0,auto
161,161,707,centroid_connector,1,0.862670,1,49500.0000,30.0000,1.725340,0.15,4.0,auto
162,162,708,centroid_connector,1,0.862670,1,49500.0000,30.0000,1.725340,0.15,4.0,auto
163,163,709,centroid_connector,1,0.862670,1,49500.0000,30.0000,1.725340,0.15,4.0,auto
164,164,710,centroid_connector,1,0.862670,1,49500.0000,30.0000,1.725340,0.15,4.0,auto
165,165,711,centroid_connector,1,0.862670,1,49500.0000,30.0000,1.725340,0.15,4.0,auto
166,166,712,centroid_connector,1,0.862670,1,49500.0000,30.0000,1.725340,0.15,4.0,auto
167,167,713,centroid_connector,1,0.862670,1,49500.0000,30.0000,1.725340,0.15,4.0,auto
168,168,714,centroid_connector,1,0.862670,1,49500.0000,30.0000,1.725340,0.15,4.0,auto
169,169,715,centroid_connector,1,0.862670,1,49500.0000,30.0000,1.725340,0.15,4.0,auto
170,170,716,centroid_connector,1,0.862670,1,49500.0000,30.0000,1.725340,0.15,4.0,auto
171,171,717,centroid_connector,1,0.862670,1,49500.0000,30.0000,1.725340,0.15,4.0,auto
172,172,718,centroid_connector,1,0.862670,1,49500.0000,30.0000,1.725340,0.15,4.0,auto
173,173,719,centroid_connector,1,0.862670,1,49500.0000,30.0000,1.725340,0.15,4.0,auto
174,174,720,centroid_connector,1,0.862670,1,49500.0000,30.0000,1.725340,0.15,4.0,auto
175,175,721,centroid_connector,1,0.862670,1,49500.0000,30.0000,1.725340,0.15,4.0,auto
176,176,722,centroid_connector,1,0.862670,1,49500.0000,30.0000,1.725340,0.15,4.0,auto
177,177,723,centroid_connector,1,0.862670,1,49500.0000,30.0000,1.725340,0.15,4.0,auto
178,178,724,centroid_connector,1,0.862670,1,49500.0000,30.0000,1.725340,0.15,4.0,auto
179,179,725,centroid_connector,1,0.862670,1,49500.0000,30.0000,1.725340,0.15,4.0,auto
180,180,726,centroid_connector,1,0.862670,1,49500.0000,30.0000,1.725340,0.15,4.0,auto
181,181,727,centroid_connector,1,0.862670,1,49500.0000,30.0000,1.725340,0.15,4.0,auto
182,182,728,centroid_connector,1,0.862670,1,49500.0000,30.0000,1.725340,0.15,4.0,auto
183,183,729,centroid_connector,1,0.862670,1,49500.0000,30.0000,1.725340,0.15,4.0,auto
184,184,730,centroid_connector,1,0.862670,1,49500.0000,30.0000,1.725340,0.15,4.0,auto
185,185,731,centroid_connector,1,0.862670,1,49500.0000,30.0000,1.725340,0.15,4.0,auto
186,186,732,centroid_connector,1,0.862670,1,49500.0000,30.0000,1.725340,0.15,4.0,auto
187,187,733,centroid_connector,1,0.862670,1,49500.0000,30.0000,1.725340,0.15,4.0,auto
188,188,734,centroid_connector,1,0.862670,1,49500.0000,30.0000,1.725340,0.15,4.0,auto
189,189,735,centroid_connector,1,0.862670,1,49500.0000,30.0000,1.725340,0.15,4.0,auto
190,190,736,centroid_connector,1,0.862670,1,49500.0000,30.0000,1.725340,0.15,4.0,auto
191,191,737,centroid_connector,1,0.862670,1,49500.0000,30.0000,1.725340,0.15,4.0,auto
192,192,738,centroid_connector,1,0.862670,1,49500.0000,30.0000,1.725340,0.15,4.0,auto
193,193,739,centroid_connector,1,0.862670,1,49500.0000,30.0000,1.725340,0.15,4.0,auto
194,194,740,centroid_connector,1,0.862670,1,49500.0000,30.0000,1.725340,0.15,4.0,auto
195,195,741,centroid_connector,1,0.862670,1,49500.0000,30.0000,1.725340,0.15,4.0,auto
196,196,742,centroid_connector,1,0.862670,1,49500.0000,30.0000,1.725340,0.15,4.0,auto
197,197,743,centroid_connector,1,0.862670,1,49500.0000,30.0000,1.725340,0.15,4.0,auto
198,198,744,centroid_connector,1,0.862670,1,49500.0000,30.0000,1.725340,0.15,4.0,auto
199,199,745,centroid_connector,1,0.862670,1,49500.0000,30.0000,1.725340,0.15,4.0,auto
200,200,746,centroid_connector,1,0.862670,1,49500.0000,30.0000,1.725340,0.15,4.0,auto
201,201,747,centroid_connector,1,0.862670,1,49500.0000,30.0000,1.725340,0.15,4.0,auto
202,202,748,centroid_connector,1,0.862670,1,49500.0000,30.0000,1.725340,0.15,4.0,auto
203,203,749,centroid_connector,1,0.862670,1,49500.0000,30.0000,1.725340,0.15,4.0,auto
204,204,750,centroid_connector,1,0.862670,1,49500.0000,30.0000,1.725340,0.15,4.0,auto
205,205,751,centroid_connector,1,0.862670,1,49500.0000,30.0000,1.725340,0.15,4.0,auto
206,206,752,centroid_connector,1,0.862670,1,49500.0000,30.0000,1.725340,0.15,4.0,auto
207,207,753,centroid_connector,1,0.862670,1,49500.0000,30.0000,1.725340,0.15,4.0,auto
208,208,754,centroid_connector,1,0.862670,1,49500.0000,30.0000,1.725340,0.15,4.0,auto
209,209,755,centroid_connector,1,0.862670,1,49500.0000,30.0000,1.725340,0.15,4.0,auto
210,210,756,centroid_connector,1,0.862670,1,49500.0000,30.0000,1.725340,0.15,4.0,auto
211,211,757,centroid_connector,1,0.862670,1,49500.0000,30.0000,1.725340,0.15,4.0,auto
212,212,758,centroid_connector,1,0.862670,1,49500.0000,30.0000,1.725340,0.15,4.0,auto
213,213,759,centroid_connector,1,0.862670,1,49500.0000,30.0000,1.725340,0.15,4.0,auto
214,214,760,centroid_connector,1,0.862670,1,49500.0000,30.0000,1.725340,0.15,4.0,auto
215,215,761,centroid_connector,1,0.862670,1,49500.0000,30.0000,1.725340,0.15,4.0,auto
216,216,762,centroid_connector,1,0.862670,1,49500.0000,30.0000,1.725340,0.15,4.0,auto
217,217,763,centroid_connector,1,0.862670,1,49500.0000,30.0000,1.725340,0.15,4.0,auto
218,218,764,centroid_connector,1,0.862670,1,49500.0000,30.0000,1.725340,0.15,4.0,auto
219,219,765,centroid_connector,1,0.862670,1,49500.0000,30.0000,1.725340,0.15,4.0,auto
220,220,766,centroid_connector,1,0.862670,1,49500.0000,30.0000,1.725340,0.15,4.0,auto
221,221,767,centroid_connector,1,0.862670,1,49500.0000,30.0000,1.725340,0.15,4.0,auto
222,222,768,centroid_connector,1,0.862670,1,49500.0000,30.0000,1.725340,0.15,4.0,auto
223,223,769,centroid_connector,1,0.862670,1,49500.0000,30.0000,1.725340,0.15,4.0,auto
224,224,770,centroid_connector,1,0.862670,1,49500.0000,30.0000,1.725340,0.15,4.0,auto
225,225,771,centroid_connector,1,0.862670,1,49500.0000,30.0000,1.725340,0.15,4.0,auto
226,226,772,centroid_connector,1,0.862670,1,49500.0000,30.0000,1.725340,0.15,4.0,auto
227,227,773,centroid_connector,1,0.862670,1,49500.0000,30.0000,1.725340,0.15,4.0,auto
228,228,774,centroid_connector,1,0.862670,1,49500.0000,30.0000,1.725340,0.15,4.0,auto
229,229,775,centroid_connector,1,0.862670,1,49500.0000,30.0000,1.725340,0.15,4.0,auto
230,230,776,centroid_connector,1,0.862670,1,49500.0000,30.0000,1.725340,0.15,4.0,auto
231,231,777,centroid_connector,1,0.862670,1,49500.0000,30.0000,1.725340,0.15,4.0,auto
232,232,778,centroid_connector,1,0.862670,1,49500.0000,30.0000,1.725340,0.15,4.0,auto
233,233,779,centroid_connector,1,0.862670,1,49500.0000,30.0000,1.725340,0.15,4.0,auto
234,234,780,centroid_connector,1,0.862670,1,49500.0000,30.0000,1.725340,0.15,4.0,auto
235,235,781,centroid_connector,1,0.862670,1,49500.0000,30.0000,1.725340,0.15,4.0,auto
236,236,782,centroid_connector,1,0.862670,1,49500.0000,30.0000,1.725340,0.15,4.0,auto
237,237,783,centroid_connector,1,0.862670,1,49500.0000,30.0000,1.725340,0.15,4.0,auto
238,238,784,centroid_connector,1,0.862670,1,49500.0000,30.0000,1.725340,0.15,4.0,auto
239,239,785,centroid_connector,1,0.862670,1,49500.0000,30.0000,1.725340,0.15,4.0,auto
240,240,786,centroid_connector,1,0.862670,1,49500.0000,30.0000,1.725340,0.15,4.0,auto
241,241,787,centroid_connector,1,0.862670,1,49500.0000,30.0000,1.725340,0.15,4.0,auto
242,242,788,centroid_connector,1,0.862670,1,49500.0000,30.0000,1.725340,0.15,4.0,auto
243,243,789,centroid_connector,1,0.862670,1,49500.0000,30.0000,1.725340,0.15,4.0,auto
244,244,790,centroid_connector,1,0.862670,1,49500.0000,30.0000,1.725340,0.15,4.0,auto
245,245,791,centroid_connector,1,0.862670,1,49500.0000,30.0000,1.725340,0.15,4.0,auto
246,246,792,centroid_connector,1,0.862670,1,49500.0000,30.0000,1.725340,0.15,4.0,auto
247,247,793,centroid_connector,1,0.862670,1,49500.0000,30.0000,1.725340,0.15,4.0,auto
248,248,794,centroid_connector,1,0.862670,1,49500.0000,30.0000,1.725340,0.15,4.0,auto
249,249,795,centroid_connector,1,0.862670,1,49500.0000,30.0000,1.725340,0.15,4.0,auto
250,250,796,centroid_connector,1,0.862670,1,49500.0000,30.0000,1.725340,0.15,4.0,auto
251,251,797,centroid_connector,1,0.862670,1,49500.0000,30.0000,1.725340,0.15,4.0,auto
252,252,798,centroid_connector,1,0.862670,1,49500.0000,30.0000,1.725340,0.15,4.0,auto
253,253,799,centroid_connector,1,0.862670,1,49500.0000,30.0000,1.725340,0.15,4.0,auto
254,254,800,centroid_connector,1,0.862670,1,49500.0000,30.0000,1.725340,0.15,4.0,auto
255,255,801,centroid_connector,1,0.862670,1,49500.0000,30.0000,1.725340,0.15,4.0,auto
256,256,802,centroid_connector,1,0.862670,1,49500.0000,30.0000,1.725340,0.15,4.0,auto
257,257,803,centroid_connector,1,0.862670,1,49500.0000,30.0000,1.725340,0.15,4.0,auto
258,258,804,centroid_connector,1,0.862670,1,49500.0000,30.0000,1.725340,0.15,4.0,auto
259,259,805,centroid_connector,1,0.862670,1,49500.0000,30.0000,1.725340,0.15,4.0,auto
260,260,806,centroid_connector,1,0.862670,1,49500.0000,30.0000,1.725340,0.15,4.0,auto
261,261,807,centroid_connector,1,0.862670,1,49500.0000,30.0000,1.725340,0.15,4.0,auto
262,262,808,centroid_connector,1,0.862670,1,49500.0000,30.0000,1.725340,0.15,4.0,auto
263,263,809,centroid_connector,1,0.862670,1,49500.0000,30.0000,1.725340,0.15,4.0,auto
264,264,810,centroid_connector,1,0.862670,1,49500.0000,30.0000,1.725340,0.15,4.0,auto
265,265,811,centroid_connector,1,0.862670,1,49500.0000,30.0000,1.725340,0.15,4.0,auto
266,266,812,centroid_connector,1,0.862670,1,49500.0000,30.0000,1.725340,0.15,4.0,auto
267,267,813,centroid_connector,1,0.862670,1,49500.0000,30.0000,1.725340,0.15,4.0,auto
268,268,814,centroid_connector,1,0.862670,1,49500.0000,30.0000,1.725340,0.15,4.0,auto
269,269,815,centroid_connector,1,0.862670,1,49500.0000,30.0000,1.725340,0.15,4.0,auto
270,270,816,centroid_connector,1,0.862670,1,49500.0000,30.0000,1.725340,0.15,4.0,auto
271,271,817,centroid_connector,1,0.862670,1,49500.0000,30.0000,1.725340,0.15,4.0,auto
272,272,818,centroid_connector,1,0.862670,1,49500.0000,30.0000,1.725340,0.15,4.0,auto
273,273,819,centroid_connector,1,0.862670,1,49500.0000,30.0000,1.725340,0.15,4.0,auto
274,274,820,centroid_connector,1,0.862670,1,49500.0000,30.0000,1.725340,0.15,4.0,auto
275,275,821,centroid_connector,1,0.862670,1,49500.0000,30.0000,1.725340,0.15,4.0,auto
276,276,822,centroid_connector,1,0.862670,1,49500.0000,30.0000,1.725340,0.15,4.0,auto
277,277,823,centroid_connector,1,0.862670,1,49500.0000,30.0000,1.725340,0.15,4.0,auto
278,278,824,centroid_connector,1,0.862670,1,49500.0000,30.0000,1.725340,0.15,4.0,auto
279,279,825,centroid_connector,1,0.862670,1,49500.0000,30.0000,1.725340,0.15,4.0,auto
280,280,826,centroid_connector,1,0.862670,1,49500.0000,30.0000,1.725340,0.15,4.0,auto
281,281,827,centroid_connector,1,0.862670,1,49500.0000,30.0000,1.725340,0.15,4.0,auto
282,282,828,centroid_connector,1,0.862670,1,49500.0000,30.0000,1.725340,0.15,4.0,auto
283,283,829,centroid_connector,1,0.862670,1,49500.0000,30.0000,1.725340,0.15,4.0,auto
284,284,830,centroid_connector,1,0.862670,1,49500.0000,30.0000,1.725340,0.15,4.0,auto
285,285,831,centroid_connector,1,0.862670,1,49500.0000,30.0000,1.725340,0.15,4.0,auto
286,286,832,centroid_connector,1,0.862670,1,49500.0000,30.0000,1.725340,0.15,4.0,auto
287,287,833,centroid_connector,1,0.862670,1,49500.0000,30.0000,1.725340,0.15,4.0,auto
288,288,834,centroid_connector,1,0.862670,1,49500.0000,30.0000,1.725340,0.15,4.0,auto
289,289,835,centroid_connector,1,0.862670,1,49500.0000,30.0000,1.725340,0.15,4.0,auto
290,290,836,centroid_connector,1,0.862670,1,49500.0000,30.0000,1.725340,0.15,4.0,auto
291,291,837,centroid_connector,1,0.862670,1,49500.0000,30.0000,1.725340,0.15,4.0,auto
292,292,838,centroid_connector,1,0.862670,1,49500.0000,30.0000,1.725340,0.15,4.0,auto
293,293,839,centroid_connector,1,0.862670,1,49500.0000,30.0000,1.725340,0.15,4.0,auto
294,294,840,centroid_connector,1,0.862670,1,49500.0000,30.0000,1.725340,0.15,4.0,auto
295,295,841,centroid_connector,1,0.862670,1,49500.0000,30.0000,1.725340,0.15,4.0,auto
296,296,842,centroid_connector,1,0.862670,1,49500.0000,30.0000,1.725340,0.15,4.0,auto
297,297,843,centroid_connector,1,0.862670,1,49500.0000,30.0000,1.725340,0.15,4.0,auto
298,298,844,centroid_connector,1,0.862670,1,49500.0000,30.0000,1.725340,0.15,4.0,auto
299,299,845,centroid_connector,1,0.862670,1,49500.0000,30.0000,1.725340,0.15,4.0,auto
300,300,846,centroid_connector,1,0.862670,1,49500.0000,30.0000,1.725340,0.15,4.0,auto
301,301,847,centroid_connector,1,0.862670,1,49500.0000,30.0000,1.725340,0.15,4.0,auto
302,302,848,centroid_connector,1,0.862670,1,49500.0000,30.0000,1.725340,0.15,4.0,auto
303,303,849,centroid_connector,1,0.862670,1,49500.0000,30.0000,1.725340,0.15,4.0,auto
304,304,850,centroid_connector,1,0.862670,1,49500.0000,30.0000,1.725340,0.15,4.0,auto
305,305,851,centroid_connector,1,0.862670,1,49500.0000,30.0000,1.725340,0.15,4.0,auto
306,306,852,centroid_connector,1,0.862670,1,49500.0000,30.0000,1.725340,0.15,4.0,auto
307,307,853,centroid_connector,1,0.862670,1,49500.0000,30.0000,1.725340,0.15,4.0,auto
308,308,854,centroid_connector,1,0.862670,1,49500.0000,30.0000,1.725340,0.15,4.0,auto
309,309,855,centroid_connector,1,0.862670,1,49500.0000,30.0000,1.725340,0.15,4.0,auto
310,310,856,centroid_connector,1,0.862670,1,49500.0000,30.0000,1.725340,0.15,4.0,auto
311,311,857,centroid_connector,1,0.862670,1,49500.0000,30.0000,1.725340,0.15,4.0,auto
312,312,858,centroid_connector,1,0.862670,1,49500.0000,30.0000,1.725340,0.15,4.0,auto
313,313,859,centroid_connector,1,0.862670,1,49500.0000,30.0000,1.725340,0.15,4.0,auto
314,314,860,centroid_connector,1,0.862670,1,49500.0000,30.0000,1.725340,0.15,4.0,auto
315,315,861,centroid_connector,1,0.862670,1,49500.0000,30.0000,1.725340,0.15,4.0,auto
316,316,862,centroid_connector,1,0.862670,1,49500.0000,30.0000,1.725340,0.15,4.0,auto
317,317,863,centroid_connector,1,0.862670,1,49500.0000,30.0000,1.725340,0.15,4.0,auto
318,318,864,centroid_connector,1,0.862670,1,49500.0000,30.0000,1.725340,0.15,4.0,auto
319,319,865,centroid_connector,1,0.862670,1,49500.0000,30.0000,1.725340,0.15,4.0,auto
320,320,866,centroid_connector,1,0.862670,1,49500.0000,30.0000,1.725340,0.15,4.0,auto
321,321,867,centroid_connector,1,0.862670,1,49500.0000,30.0000,1.725340,0.15,4.0,auto
322,322,868,centroid_connector,1,0.862670,1,49500.0000,30.0000,1.725340,0.15,4.0,auto
323,323,869,centroid_connector,1,0.862670,1,49500.0000,30.0000,1.725340,0.15,4.0,auto
324,324,870,centroid_connector,1,0.862670,1,49500.0000,30.0000,1.725340,0.15,4.0,auto
325,325,871,centroid_connector,1,0.862670,1,49500.0000,30.0000,1.725340,0.15,4.0,auto
326,326,872,centroid_connector,1,0.862670,1,49500.0000,30.0000,1.725340,0.15,4.0,auto
327,327,873,centroid_connector,1,0.862670,1,49500.0000,30.0000,1.725340,0.15,4.0,auto
328,328,874,centroid_connector,1,0.862670,1,49500.0000,30.0000,1.725340,0.15,4.0,auto
329,329,875,centroid_connector,1,0.862670,1,49500.0000,30.0000,1.725340,0.15,4.0,auto
330,330,876,centroid_connector,1,0.862670,1,49500.0000,30.0000,1.725340,0.15,4.0,auto
331,331,877,centroid_connector,1,0.862670,1,49500.0000,30.0000,1.725340,0.15,4.0,auto
332,332,878,centroid_connector,1,0.862670,1,49500.0000,30.0000,1.725340,0.15,4.0,auto
333,333,879,centroid_connector,1,0.862670,1,49500.0000,30.0000,1.725340,0.15,4.0,auto
334,334,880,centroid_connector,1,0.862670,1,49500.0000,30.0000,1.725340,0.15,4.0,auto
335,335,881,centroid_connector,1,0.862670,1,49500.0000,30.0000,1.725340,0.15,4.0,auto
336,336,882,centroid_connector,1,0.862670,1,49500.0000,30.0000,1.725340,0.15,4.0,auto
337,337,883,centroid_connector,1,0.862670,1,49500.0000,30.0000,1.725340,0.15,4.0,auto
338,338,884,centroid_connector,1,0.862670,1,49500.0000,30.0000,1.725340,0.15,4.0,auto
339,339,885,centroid_connector,1,0.862670,1,49500.0000,30.0000,1.725340,0.15,4.0,auto
340,340,886,centroid_connector,1,0.862670,1,49500.0000,30.0000,1.725340,0.15,4.0,auto
341,341,887,centroid_connector,1,0.862670,1,49500.0000,30.0000,1.725340,0.15,4.0,auto
342,342,888,centroid_connector,1,0.862670,1,49500.0000,30.0000,1.725340,0.15,4.0,auto
343,343,889,centroid_connector,1,0.862670,1,49500.0000,30.0000,1.725340,0.15,4.0,auto
344,344,890,centroid_connector,1,0.862670,1,49500.0000,30.0000,1.725340,0.15,4.0,auto
345,345,891,centroid_connector,1,0.862670,1,49500.0000,30.0000,1.725340,0.15,4.0,auto
346,346,892,centroid_connector,1,0.862670,1,49500.0000,30.0000,1.725340,0.15,4.0,auto
347,347,893,centroid_connector,1,0.862670,1,49500.0000,30.0000,1.725340,0.15,4.0,auto
348,348,894,centroid_connector,1,0.862670,1,49500.0000,30.0000,1.725340,0.15,4.0,auto
349,349,895,centroid_connector,1,0.862670,1,49500.0000,30.0000,1.725340,0.15,4.0,auto
350,350,896,centroid_connector,1,0.862670,1,49500.0000,30.0000,1.725340,0.15,4.0,auto
351,351,897,centroid_connector,1,0.862670,1,49500.0000,30.0000,1.725340,0.15,4.0,auto
352,352,898,centroid_connector,1,0.862670,1,49500.0000,30.0000,1.725340,0.15,4.0,auto
353,353,899,centroid_connector,1,0.862670,1,49500.0000,30.0000,1.725340,0.15,4.0,auto
354,354,900,centroid_connector,1,0.862670,1,49500.0000,30.0000,1.725340,0.15,4.0,auto
355,355,901,centroid_connector,1,0.862670,1,49500.0000,30.0000,1.725340,0.15,4.0,auto
356,356,902,centroid_connector,1,0.862670,1,49500.0000,30.0000,1.725340,0.15,4.0,auto
357,357,903,centroid_connector,1,0.862670,1,49500.0000,30.0000,1.725340,0.15,4.0,auto
358,358,904,centroid_connector,1,0.862670,1,49500.0000,30.0000,1.725340,0.15,4.0,auto
359,359,905,centroid_connector,1,0.862670,1,49500.0000,30.0000,1.725340,0.15,4.0,auto
360,360,906,centroid_connector,1,0.862670,1,49500.0000,30.0000,1.725340,0.15,4.0,auto
361,361,907,centroid_connector,1,0.862670,1,49500.0000,30.0000,1.725340,0.15,4.0,auto
362,362,908,centroid_connector,1,0.862670,1,49500.0000,30.0000,1.725340,0.15,4.0,auto
363,363,909,centroid_connector,1,0.862670,1,49500.0000,30.0000,1.725340,0.15,4.0,auto
364,364,910,centroid_connector,1,0.862670,1,49500.0000,30.0000,1.725340,0.15,4.0,auto
365,365,911,centroid_connector,1,0.862670,1,49500.0000,30.0000,1.725340,0.15,4.0,auto
366,366,912,centroid_connector,1,0.862670,1,49500.0000,30.0000,1.725340,0.15,4.0,auto
367,367,913,centroid_connector,1,0.862670,1,49500.0000,30.0000,1.725340,0.15,4.0,auto
368,368,914,centroid_connector,1,0.862670,1,49500.0000,30.0000,1.725340,0.15,4.0,auto
369,369,915,centroid_connector,1,0.862670,1,49500.0000,30.0000,1.725340,0.15,4.0,auto
370,370,916,centroid_connector,1,0.862670,1,49500.0000,30.0000,1.725340,0.15,4.0,auto
371,371,917,centroid_connector,1,0.862670,1,49500.0000,30.0000,1.725340,0.15,4.0,auto
372,372,918,centroid_connector,1,0.862670,1,49500.0000,30.0000,1.725340,0.15,4.0,auto
373,373,919,centroid_connector,1,0.862670,1,49500.0000,30.0000,1.725340,0.15,4.0,auto
374,374,920,centroid_connector,1,0.862670,1,49500.0000,30.0000,1.725340,0.15,4.0,auto
375,375,921,centroid_connector,1,0.862670,1,49500.0000,30.0000,1.725340,0.15,4.0,auto
376,376,922,centroid_connector,1,0.862670,1,49500.0000,30.0000,1.725340,0.15,4.0,auto
377,377,923,centroid_connector,1,0.862670,1,49500.0000,30.0000,1.725340,0.15,4.0,auto
378,378,924,centroid_connector,1,0.862670,1,49500.0000,30.0000,1.725340,0.15,4.0,auto
379,379,925,centroid_connector,1,0.862670,1,49500.0000,30.0000,1.725340,0.15,4.0,auto
380,380,926,centroid_connector,1,0.862670,1,49500.0000,30.0000,1.725340,0.15,4.0,auto
381,381,927,centroid_connector,1,0.862670,1,49500.0000,30.0000,1.725340,0.15,4.0,auto
382,382,928,centroid_connector,1,0.862670,1,49500.0000,30.0000,1.725340,0.15,4.0,auto
383,383,929,centroid_connector,1,0.862670,1,49500.0000,30.0000,1.725340,0.15,4.0,auto
384,384,930,centroid_connector,1,0.862670,1,49500.0000,30.0000,1.725340,0.15,4.0,auto
385,385,931,centroid_connector,1,0.862670,1,49500.0000,30.0000,1.725340,0.15,4.0,auto
386,386,932,centroid_connector,1,0.862670,1,49500.0000,30.0000,1.725340,0.15,4.0,auto
387,387,933,centroid_connector,1,0.862670,1,49500.0000,30.0000,1.725340,0.15,4.0,auto
388,388,390,arterial,1,12.046800,1,3500.0000,65.1766,11.089992,0.15,4.0,auto
389,388,391,arterial,1,6.357180,1,3500.0000,63.7844,5.980001,0.15,4.0,auto
390,388,708,arterial,1,1.813660,1,2000.0000,37.5240,2.900000,0.15,4.0,auto
391,388,802,arterial,1,4.426180,1,2000.0000,55.5587,4.780004,0.15,4.0,auto
392,389,390,arterial,1,4.700560,1,1000.0000,64.9847,4.340000,0.15,4.0,auto
393,389,801,arterial,1,7.509690,1,2500.0000,47.0335,9.580010,0.15,4.0,auto
394,389,914,arterial,1,3.301900,1,2500.0000,50.0288,3.959999,0.15,4.0,auto
395,390,388,arterial,1,12.046800,1,3500.0000,65.1766,11.089992,0.15,4.0,auto
396,390,389,arterial,1,4.700560,1,1000.0000,64.9847,4.340000,0.15,4.0,auto
397,390,925,arterial,1,7.060210,1,3500.0000,61.1274,6.929995,0.15,4.0,auto
398,391,388,arterial,1,6.357180,1,3500.0000,63.7844,5.980001,0.15,4.0,auto
399,391,392,arterial,1,4.558700,1,3500.0000,64.8156,4.220003,0.15,4.0,auto
400,391,709,arterial,1,1.269330,1,3000.0000,143.6977,0.530000,0.15,4.0,auto
401,391,715,arterial,1,4.716370,1,3000.0000,44.4941,6.359994,0.15,4.0,auto
402,392,391,arterial,1,4.558700,1,3500.0000,64.8156,4.220003,0.15,4.0,auto
403,392,393,arterial,1,2.700590,1,3500.0000,63.5433,2.550000,0.15,4.0,auto
404,392,713,arterial,1,1.675000,1,1000.0000,95.7143,1.050000,0.15,4.0,auto
405,392,717,arterial,1,1.604660,1,1000.0000,32.3086,2.979999,0.15,4.0,auto
406,393,392,arterial,1,2.700590,1,3500.0000,63.5433,2.550000,0.15,4.0,auto
407,393,394,arterial,1,3.111600,1,5000.0000,54.5895,3.419998,0.15,4.0,auto
408,393,712,arterial,1,2.709530,1,3500.0000,62.0503,2.620000,0.15,4.0,auto
409,393,716,arterial,1,0.613040,1,3500.0000,19.6697,1.870003,0.15,4.0,auto
410,394,393,arterial,1,3.111600,1,5000.0000,54.5895,3.419998,0.15,4.0,auto
411,394,395,arterial,1,2.257820,1,5000.0000,55.9790,2.420000,0.15,4.0,auto
412,394,584,arterial,1,4.772450,1,500.0000,57.6151,4.969999,0.15,4.0,auto
413,394,601,arterial,1,0.562390,1,500.0000,19.2819,1.750004,0.15,4.0,auto
414,395,394,arterial,1,2.257820,1,5000.0000,55.9790,2.420000,0.15,4.0,auto
415,395,396,arterial,1,3.357220,1,5000.0000,55.1872,3.649999,0.15,4.0,auto
416,395,584,arterial,1,3.873860,1,3500.0000,59.9051,3.879997,0.15,4.0,auto
417,395,600,arterial,1,0.829690,1,3500.0000,36.6040,1.359999,0.15,4.0,auto
418,396,395,arterial,1,3.357220,1,5000.0000,55.1872,3.649999,0.15,4.0,auto
419,396,397,arterial,1,1.952950,1,5000.0000,55.5341,2.110001,0.15,4.0,auto
420,397,396,arterial,1,1.952950,1,5000.0000,55.5341,2.110001,0.15,4.0,auto
421,397,398,arterial,1,2.177280,1,5000.0000,55.3546,2.359999,0.15,4.0,auto
422,397,588,arterial,1,2.501000,1,3000.0000,49.6887,3.020003,0.15,4.0,auto
423,397,604,arterial,1,1.104760,1,3000.0000,51.7856,1.280001,0.15,4.0,auto
424,398,397,arterial,1,2.177280,1,5000.0000,55.3546,2.359999,0.15,4.0,auto
425,398,399,arterial,1,0.628030,1,5000.0000,52.3358,0.720000,0.15,4.0,auto
426,398,400,arterial,1,1.955810,1,6500.0000,55.6155,2.109998,0.15,4.0,auto
427,398,403,arterial,1,2.806000,1,8000.0000,55.0196,3.060000,0.15,4.0,auto
428,399,398,arterial,1,0.628030,1,5000.0000,52.3358,0.720000,0.15,4.0,auto
429,399,537,arterial,1,3.934380,1,5000.0000,55.1549,4.279997,0.15,4.0,auto
430,399,604,arterial,1,1.699260,1,7000.0000,30.7095,3.320002,0.15,4.0,auto
431,399,609,arterial,1,1.364000,1,7000.0000,93.0000,0.880000,0.15,4.0,auto
432,400,398,arterial,1,1.955810,1,6500.0000,55.6155,2.109998,0.15,4.0,auto
433,400,401,arterial,1,3.455530,1,5000.0000,50.6924,4.089998,0.15,4.0,auto
434,400,587,arterial,1,1.009730,1,500.0000,68.8452,0.880000,0.15,4.0,auto
435,400,609,arterial,1,2.507690,1,500.0000,22.3901,6.719997,0.15,4.0,auto
436,401,400,arterial,1,3.455530,1,5000.0000,50.6924,4.089998,0.15,4.0,auto
437,401,402,arterial,1,1.500400,1,5000.0000,53.2686,1.690001,0.15,4.0,auto
438,401,585,arterial,1,1.000470,1,6000.0000,35.3107,1.700000,0.15,4.0,auto
439,401,590,arterial,1,2.220430,1,6000.0000,73.6054,1.810000,0.15,4.0,auto
440,402,401,arterial,1,1.500400,1,5000.0000,53.2686,1.690001,0.15,4.0,auto
441,403,398,arterial,1,2.806000,1,8000.0000,55.0196,3.060000,0.15,4.0,auto
442,403,404,arterial,1,3.004520,1,6500.0000,55.2979,3.260001,0.15,4.0,auto
443,403,606,arterial,1,1.203110,1,1500.0000,25.4178,2.840002,0.15,4.0,auto
444,403,611,arterial,1,1.928990,1,1500.0000,55.9128,2.069998,0.15,4.0,auto
445,404,403,arterial,1,3.004520,1,6500.0000,55.2979,3.260001,0.15,4.0,auto
446,404,405,arterial,1,0.917030,1,5000.0000,52.4017,1.050000,0.15,4.0,auto
447,404,675,arterial,1,1.543190,1,5500.0000,29.4877,3.140001,0.15,4.0,auto
448,404,680,arterial,1,1.610450,1,5500.0000,76.0843,1.269999,0.15,4.0,auto
449,405,404,arterial,1,0.917030,1,5000.0000,52.4017,1.050000,0.15,4.0,auto
450,405,406,arterial,1,2.186660,1,5000.0000,51.8575,2.530002,0.15,4.0,auto
451,405,488,arterial,1,0.952850,1,5000.0000,56.6050,1.009999,0.15,4.0,auto
452,406,405,arterial,1,2.186660,1,5000.0000,51.8575,2.530002,0.15,4.0,auto
453,406,407,arterial,1,3.050610,1,5000.0000,55.2981,3.309998,0.15,4.0,auto
454,406,677,arterial,1,0.820670,1,3000.0000,24.6201,2.000000,0.15,4.0,auto
455,406,682,arterial,1,2.204460,1,3000.0000,53.9868,2.449999,0.15,4.0,auto
456,407,406,arterial,1,3.050610,1,5000.0000,55.2981,3.309998,0.15,4.0,auto
457,407,408,arterial,1,2.943840,1,5000.0000,54.3478,3.250001,0.15,4.0,auto
458,407,687,arterial,1,0.820670,1,6500.0000,28.7954,1.710002,0.15,4.0,auto
459,407,692,arterial,1,2.455960,1,6500.0000,59.6589,2.470002,0.15,4.0,auto
460,408,407,arterial,1,2.943840,1,5000.0000,54.3478,3.250001,0.15,4.0,auto
461,408,409,arterial,1,1.914470,1,5000.0000,52.9347,2.169998,0.15,4.0,auto
462,408,689,arterial,1,1.049480,1,2000.0000,28.7529,2.189998,0.15,4.0,auto
463,408,694,arterial,1,2.103390,1,2000.0000,59.8120,2.110001,0.15,4.0,auto
464,409,408,arterial,1,1.914470,1,5000.0000,52.9347,2.169998,0.15,4.0,auto
465,409,410,arterial,1,3.580340,1,5000.0000,54.6617,3.929999,0.15,4.0,auto
466,409,538,arterial,1,1.408290,1,5000.0000,57.4812,1.470001,0.15,4.0,auto
467,409,539,arterial,1,2.554730,1,5000.0000,53.5957,2.860002,0.15,4.0,auto
468,410,409,arterial,1,3.580340,1,5000.0000,54.6617,3.929999,0.15,4.0,auto
469,410,411,arterial,1,2.991490,1,3500.0000,65.9887,2.720002,0.15,4.0,auto
470,410,690,arterial,1,2.811960,1,2000.0000,58.1785,2.899999,0.15,4.0,auto
471,410,700,arterial,1,0.636860,1,2000.0000,35.0565,1.090000,0.15,4.0,auto
472,411,410,arterial,1,2.991490,1,3500.0000,65.9887,2.720002,0.15,4.0,auto
473,411,412,arterial,1,2.938150,1,3500.0000,64.5747,2.730001,0.15,4.0,auto
474,411,685,arterial,1,2.919090,1,6000.0000,57.6136,3.040001,0.15,4.0,auto
475,411,695,arterial,1,0.636860,1,6000.0000,36.7419,1.040001,0.15,4.0,auto
476,412,411,arterial,1,2.938150,1,3500.0000,64.5747,2.730001,0.15,4.0,auto
477,412,413,arterial,1,2.872830,1,3500.0000,66.0421,2.609999,0.15,4.0,auto
478,413,412,arterial,1,2.872830,1,3500.0000,66.0421,2.609999,0.15,4.0,auto
479,413,414,arterial,1,2.808650,1,3500.0000,64.3202,2.620001,0.15,4.0,auto
480,413,730,arterial,1,3.170240,1,4000.0000,56.7804,3.350001,0.15,4.0,auto
481,413,734,arterial,1,0.622080,1,4000.0000,57.4228,0.650000,0.15,4.0,auto
482,414,413,arterial,1,2.808650,1,3500.0000,64.3202,2.620001,0.15,4.0,auto
483,414,415,arterial,1,4.373750,1,3500.0000,64.0061,4.100000,0.15,4.0,auto
484,414,731,arterial,1,3.200610,1,3500.0000,58.3698,3.289999,0.15,4.0,auto
485,414,735,arterial,1,0.636860,1,3500.0000,70.7622,0.540000,0.15,4.0,auto
486,415,414,arterial,1,4.373750,1,3500.0000,64.0061,4.100000,0.15,4.0,auto
487,415,416,arterial,1,6.154960,1,3500.0000,65.1319,5.669996,0.15,4.0,auto
488,415,727,arterial,1,4.244650,1,3500.0000,53.0581,4.800002,0.15,4.0,auto
489,415,733,arterial,1,1.756330,1,3500.0000,35.0099,3.010000,0.15,4.0,auto
490,416,415,arterial,1,6.154960,1,3500.0000,65.1319,5.669996,0.15,4.0,auto
491,416,417,arterial,1,5.594070,1,3500.0000,65.1736,5.150002,0.15,4.0,auto
492,416,726,arterial,1,2.045090,1,2000.0000,79.6788,1.540001,0.15,4.0,auto
493,416,732,arterial,1,3.951370,1,2000.0000,44.9019,5.280004,0.15,4.0,auto
494,417,416,arterial,1,5.594070,1,3500.0000,65.1736,5.150002,0.15,4.0,auto
495,417,732,arterial,1,8.197180,1,3500.0000,49.9828,9.840001,0.15,4.0,auto
496,417,913,arterial,1,3.127110,1,3500.0000,54.3845,3.450001,0.15,4.0,auto
497,417,926,arterial,1,6.520160,1,3500.0000,62.1955,6.289998,0.15,4.0,auto
498,418,419,arterial,1,5.506580,1,5000.0000,62.6935,5.270001,0.15,4.0,auto
499,418,921,arterial,1,2.337980,1,2000.0000,36.3417,3.859996,0.15,4.0,auto
500,418,922,arterial,1,4.252970,1,2000.0000,53.4965,4.769998,0.15,4.0,auto
501,418,923,arterial,1,10.391700,1,5000.0000,69.4323,8.979999,0.15,4.0,auto
502,419,418,arterial,1,5.506580,1,5000.0000,62.6935,5.270001,0.15,4.0,auto
503,419,420,arterial,1,4.813980,1,5000.0000,64.6172,4.469999,0.15,4.0,auto
504,419,739,arterial,1,3.412730,1,1500.0000,40.3873,5.070005,0.15,4.0,auto
505,419,743,arterial,1,1.627680,1,1500.0000,67.8200,1.440000,0.15,4.0,auto
506,420,419,arterial,1,4.813980,1,5000.0000,64.6172,4.469999,0.15,4.0,auto
507,420,421,arterial,1,2.970890,1,5000.0000,54.1804,3.289998,0.15,4.0,auto
508,420,751,arterial,1,2.501000,1,3000.0000,58.3891,2.570000,0.15,4.0,auto
509,420,752,arterial,1,0.906830,1,3000.0000,32.3868,1.679999,0.15,4.0,auto
510,421,420,arterial,1,2.970890,1,5000.0000,54.1804,3.289998,0.15,4.0,auto
511,421,422,arterial,1,3.251940,1,5000.0000,55.2738,3.529998,0.15,4.0,auto
512,421,753,arterial,1,1.474130,1,2000.0000,94.0934,0.940000,0.15,4.0,auto
513,421,754,arterial,1,1.835080,1,2000.0000,38.4982,2.859999,0.15,4.0,auto
514,422,421,arterial,1,3.251940,1,5000.0000,55.2738,3.529998,0.15,4.0,auto
515,422,423,arterial,1,2.808650,1,5000.0000,54.1862,3.109998,0.15,4.0,auto
516,422,762,arterial,1,0.610000,1,1000.0000,42.0690,0.869999,0.15,4.0,auto
517,422,766,arterial,1,3.050610,1,1000.0000,50.7027,3.609997,0.15,4.0,auto
518,423,422,arterial,1,2.808650,1,5000.0000,54.1862,3.109998,0.15,4.0,auto
519,423,424,arterial,1,3.099020,1,5000.0000,54.2103,3.429998,0.15,4.0,auto
520,423,764,arterial,1,0.695510,1,1000.0000,69.5510,0.600000,0.15,4.0,auto
521,423,767,arterial,1,3.496210,1,1000.0000,51.4149,4.079996,0.15,4.0,auto
522,424,423,arterial,1,3.099020,1,5000.0000,54.2103,3.429998,0.15,4.0,auto
523,424,425,arterial,1,3.067640,1,5000.0000,55.6068,3.309998,0.15,4.0,auto
524,424,773,arterial,1,0.682000,1,1000.0000,31.4769,1.300001,0.15,4.0,auto
525,424,777,arterial,1,3.329950,1,1000.0000,53.7089,3.719998,0.15,4.0,auto
526,425,424,arterial,1,3.067640,1,5000.0000,55.6068,3.309998,0.15,4.0,auto
527,425,426,arterial,1,1.535940,1,5000.0000,53.8926,1.710001,0.15,4.0,auto
528,425,775,arterial,1,1.475390,1,2000.0000,33.7876,2.619997,0.15,4.0,auto
529,425,779,arterial,1,1.736090,1,2000.0000,70.3820,1.480001,0.15,4.0,auto
530,426,425,arterial,1,1.535940,1,5000.0000,53.8926,1.710001,0.15,4.0,auto
531,426,427,arterial,1,0.954800,1,3500.0000,51.6108,1.110000,0.15,4.0,auto
532,426,441,arterial,1,4.402580,1,5000.0000,54.8039,4.820000,0.15,4.0,auto
533,427,426,arterial,1,0.954800,1,3500.0000,51.6108,1.110000,0.15,4.0,auto
534,427,428,arterial,1,3.242190,1,3500.0000,55.5804,3.500000,0.15,4.0,auto
535,427,594,arterial,1,0.744600,1,7000.0000,31.2420,1.429998,0.15,4.0,auto
536,427,779,arterial,1,2.574320,1,7000.0000,58.2865,2.650000,0.15,4.0,auto
537,428,427,arterial,1,3.242190,1,3500.0000,55.5804,3.500000,0.15,4.0,auto
538,428,429,arterial,1,0.682000,1,3500.0000,52.4615,0.780001,0.15,4.0,auto
539,428,431,arterial,1,0.954800,1,5000.0000,55.0846,1.040000,0.15,4.0,auto
540,429,428,arterial,1,0.682000,1,3500.0000,52.4615,0.780001,0.15,4.0,auto
541,429,430,arterial,1,0.600780,1,3500.0000,57.2171,0.630000,0.15,4.0,auto
542,429,593,arterial,1,1.000470,1,6500.0000,25.1164,2.390000,0.15,4.0,auto
543,429,778,arterial,1,2.396920,1,6500.0000,51.9188,2.770002,0.15,4.0,auto
544,430,429,arterial,1,0.600780,1,3500.0000,57.2171,0.630000,0.15,4.0,auto
545,431,428,arterial,1,0.954800,1,5000.0000,55.0846,1.040000,0.15,4.0,auto
546,431,432,arterial,1,3.220890,1,5000.0000,54.9015,3.520002,0.15,4.0,auto
547,431,593,arterial,1,0.682000,1,4000.0000,32.2205,1.269999,0.15,4.0,auto
548,431,597,arterial,1,2.428540,1,4000.0000,50.0730,2.909999,0.15,4.0,auto
549,432,431,arterial,1,3.220890,1,5000.0000,54.9015,3.520002,0.15,4.0,auto
550,432,433,arterial,1,2.379780,1,5000.0000,54.4988,2.619999,0.15,4.0,auto
551,432,595,arterial,1,1.666090,1,4500.0000,31.6346,3.160002,0.15,4.0,auto
552,432,599,arterial,1,1.563550,1,4500.0000,70.5361,1.330000,0.15,4.0,auto
553,433,432,arterial,1,2.379780,1,5000.0000,54.4988,2.619999,0.15,4.0,auto
554,433,434,arterial,1,2.012080,1,5000.0000,51.3723,2.349998,0.15,4.0,auto
555,433,616,arterial,1,2.799360,1,9500.0000,49.4005,3.399998,0.15,4.0,auto
556,433,617,arterial,1,0.764330,1,9500.0000,30.5732,1.500000,0.15,4.0,auto
557,434,433,arterial,1,2.012080,1,5000.0000,51.3723,2.349998,0.15,4.0,auto
558,434,435,arterial,1,2.605920,1,5000.0000,50.9300,3.070002,0.15,4.0,auto
559,434,618,arterial,1,3.170240,1,9000.0000,46.1685,4.120004,0.15,4.0,auto
560,434,619,arterial,1,0.636860,1,9000.0000,58.7871,0.650000,0.15,4.0,auto
561,435,434,arterial,1,2.605920,1,5000.0000,50.9300,3.070002,0.15,4.0,auto
562,435,436,arterial,1,1.785750,1,5000.0000,55.8047,1.920000,0.15,4.0,auto
563,435,552,arterial,1,1.309730,1,4500.0000,88.2964,0.890000,0.15,4.0,auto
564,435,554,arterial,1,1.760570,1,4500.0000,26.8789,3.930005,0.15,4.0,auto
565,436,435,arterial,1,1.785750,1,5000.0000,55.8047,1.920000,0.15,4.0,auto
566,436,437,arterial,1,2.755820,1,5000.0000,53.6848,3.080000,0.15,4.0,auto
567,436,496,arterial,1,0.952850,1,9000.0000,56.0500,1.020000,0.15,4.0,auto
568,437,436,arterial,1,2.755820,1,5000.0000,53.6848,3.080000,0.15,4.0,auto
569,437,438,arterial,1,3.799670,1,5000.0000,55.0677,4.139999,0.15,4.0,auto
570,437,554,arterial,1,1.037000,1,4000.0000,100.3548,0.620000,0.15,4.0,auto
571,437,556,arterial,1,3.321560,1,4000.0000,27.7568,7.179992,0.15,4.0,auto
572,438,437,arterial,1,3.799670,1,5000.0000,55.0677,4.139999,0.15,4.0,auto
573,438,439,arterial,1,2.196000,1,5000.0000,54.9000,2.400000,0.15,4.0,auto
574,438,535,arterial,1,7.090970,1,6500.0000,52.0757,8.169995,0.15,4.0,auto
575,438,536,arterial,1,1.859250,1,5000.0000,52.8697,2.109999,0.15,4.0,auto
576,438,540,arterial,1,1.506590,1,3500.0000,53.8068,1.680000,0.15,4.0,auto
577,439,438,arterial,1,2.196000,1,5000.0000,54.9000,2.400000,0.15,4.0,auto
578,439,440,arterial,1,2.318000,1,5000.0000,54.9723,2.530001,0.15,4.0,auto
579,439,614,arterial,1,2.337980,1,6000.0000,51.5731,2.719999,0.15,4.0,auto
580,439,615,arterial,1,0.776400,1,6000.0000,24.0124,1.939998,0.15,4.0,auto
581,440,439,arterial,1,2.318000,1,5000.0000,54.9723,2.530001,0.15,4.0,auto
582,440,441,arterial,1,2.440760,1,5000.0000,55.6827,2.630002,0.15,4.0,auto
583,440,612,arterial,1,2.337980,1,2000.0000,53.1359,2.640000,0.15,4.0,auto
584,440,613,arterial,1,0.862670,1,2000.0000,27.5320,1.880001,0.15,4.0,auto
585,441,426,arterial,1,4.402580,1,5000.0000,54.8039,4.820000,0.15,4.0,auto
586,441,440,arterial,1,2.440760,1,5000.0000,55.6827,2.630002,0.15,4.0,auto
587,441,591,arterial,1,1.871220,1,6000.0000,35.1954,3.189996,0.15,4.0,auto
588,441,596,arterial,1,1.309730,1,6000.0000,109.1442,0.720000,0.15,4.0,auto
589,442,443,arterial,1,3.928700,1,3500.0000,65.6607,3.590001,0.15,4.0,auto
590,442,898,arterial,1,6.250940,1,500.0000,57.7899,6.489999,0.15,4.0,auto
591,442,899,arterial,1,1.544400,1,500.0000,33.3324,2.779998,0.15,4.0,auto
592,442,929,arterial,1,32.881800,1,3500.0000,312.6637,6.310000,0.15,4.0,auto
593,443,442,arterial,1,3.928700,1,3500.0000,65.6607,3.590001,0.15,4.0,auto
594,443,444,arterial,1,4.528810,1,3500.0000,61.0626,4.450000,0.15,4.0,auto
595,443,897,arterial,1,1.009730,1,500.0000,46.6029,1.300001,0.15,4.0,auto
596,443,898,arterial,1,3.821640,1,500.0000,57.6127,3.979997,0.15,4.0,auto
597,444,443,arterial,1,4.528810,1,3500.0000,61.0626,4.450000,0.15,4.0,auto
598,444,445,arterial,1,5.429340,1,3500.0000,65.1521,4.999998,0.15,4.0,auto
599,445,444,arterial,1,5.429340,1,3500.0000,65.1521,4.999998,0.15,4.0,auto
600,445,446,arterial,1,6.811540,1,3500.0000,65.1822,6.270000,0.15,4.0,auto
601,445,885,arterial,1,4.736440,1,1000.0000,44.6132,6.370007,0.15,4.0,auto
602,445,886,arterial,1,1.642480,1,1000.0000,93.8560,1.050000,0.15,4.0,auto
603,446,445,arterial,1,6.811540,1,3500.0000,65.1822,6.270000,0.15,4.0,auto
604,446,447,arterial,1,6.287740,1,3500.0000,65.2707,5.779996,0.15,4.0,auto
605,446,858,arterial,1,1.418820,1,8500.0000,35.3233,2.410001,0.15,4.0,auto
606,446,859,arterial,1,4.744690,1,8500.0000,54.6413,5.210004,0.15,4.0,auto
607,447,446,arterial,1,6.287740,1,3500.0000,65.2707,5.779996,0.15,4.0,auto
608,447,448,arterial,1,4.322400,1,3500.0000,65.1618,3.980001,0.15,4.0,auto
609,447,848,arterial,1,3.813350,1,4000.0000,40.9304,5.590002,0.15,4.0,auto
610,447,849,arterial,1,2.161850,1,4000.0000,69.3642,1.869999,0.15,4.0,auto
611,448,447,arterial,1,4.322400,1,3500.0000,65.1618,3.980001,0.15,4.0,auto
612,448,449,arterial,1,2.989000,1,5000.0000,54.6768,3.280002,0.15,4.0,auto
613,448,664,arterial,1,2.752450,1,3500.0000,59.4054,2.780000,0.15,4.0,auto
614,448,665,arterial,1,0.656990,1,3500.0000,33.6918,1.170000,0.15,4.0,auto
615,449,448,arterial,1,2.989000,1,5000.0000,54.6768,3.280002,0.15,4.0,auto
616,449,450,arterial,1,1.830000,1,5000.0000,54.9000,2.000000,0.15,4.0,auto
617,449,662,arterial,1,2.633620,1,2000.0000,54.3014,2.910002,0.15,4.0,auto
618,449,663,arterial,1,0.682000,1,2000.0000,29.0213,1.409999,0.15,4.0,auto
619,450,449,arterial,1,1.830000,1,5000.0000,54.9000,2.000000,0.15,4.0,auto
620,450,451,arterial,1,1.309730,1,5000.0000,54.5721,1.440000,0.15,4.0,auto
621,450,453,arterial,1,4.055930,1,5000.0000,53.3675,4.560000,0.15,4.0,auto
622,450,508,arterial,1,3.519550,1,5000.0000,55.5718,3.800003,0.15,4.0,auto
623,451,450,arterial,1,1.309730,1,5000.0000,54.5721,1.440000,0.15,4.0,auto
624,451,452,arterial,1,2.000950,1,5000.0000,55.0720,2.180001,0.15,4.0,auto
625,451,654,arterial,1,2.006520,1,5000.0000,66.5145,1.809999,0.15,4.0,auto
626,451,655,arterial,1,1.227600,1,5000.0000,29.7000,2.480000,0.15,4.0,auto
627,452,451,arterial,1,2.000950,1,5000.0000,55.0720,2.180001,0.15,4.0,auto
628,452,525,arterial,1,2.156680,1,5000.0000,55.7762,2.320000,0.15,4.0,auto
629,452,652,arterial,1,2.161850,1,7000.0000,59.7747,2.169998,0.15,4.0,auto
630,452,654,arterial,1,1.134670,1,7000.0000,29.8597,2.280003,0.15,4.0,auto
631,453,450,arterial,1,4.055930,1,5000.0000,53.3675,4.560000,0.15,4.0,auto
632,453,454,arterial,1,9.133110,1,3500.0000,53.3580,10.269999,0.15,4.0,auto
633,453,650,arterial,1,2.620160,1,500.0000,55.7481,2.819999,0.15,4.0,auto
634,453,841,arterial,1,0.744600,1,500.0000,30.1865,1.479999,0.15,4.0,auto
635,454,453,arterial,1,9.133110,1,3500.0000,53.3580,10.269999,0.15,4.0,auto
636,454,455,arterial,1,2.998940,1,3500.0000,55.7079,3.229998,0.15,4.0,auto
637,454,838,arterial,1,1.986950,1,3000.0000,61.7705,1.929999,0.15,4.0,auto
638,454,840,arterial,1,1.203110,1,3000.0000,29.4639,2.450002,0.15,4.0,auto
639,455,454,arterial,1,2.998940,1,3500.0000,55.7079,3.229998,0.15,4.0,auto
640,455,456,arterial,1,2.928640,1,3500.0000,65.0809,2.700000,0.15,4.0,auto
641,455,833,arterial,1,2.145430,1,3000.0000,47.6762,2.700001,0.15,4.0,auto
642,455,835,arterial,1,1.184410,1,3000.0000,24.9349,2.850005,0.15,4.0,auto
643,456,455,arterial,1,2.928640,1,3500.0000,65.0809,2.700000,0.15,4.0,auto
644,456,457,arterial,1,3.184290,1,3500.0000,65.2073,2.930000,0.15,4.0,auto
645,456,834,arterial,1,1.969080,1,5500.0000,58.7785,2.010000,0.15,4.0,auto
646,456,836,arterial,1,1.134670,1,5500.0000,28.2490,2.410004,0.15,4.0,auto
647,457,456,arterial,1,3.184290,1,3500.0000,65.2073,2.930000,0.15,4.0,auto
648,457,458,arterial,1,1.582480,1,3500.0000,63.2992,1.500000,0.15,4.0,auto
649,457,829,arterial,1,3.050610,1,1000.0000,50.1470,3.650001,0.15,4.0,auto
650,457,831,arterial,1,0.682000,1,1000.0000,56.8333,0.720000,0.15,4.0,auto
651,458,457,arterial,1,1.582480,1,3500.0000,63.2992,1.500000,0.15,4.0,auto
652,458,459,arterial,1,1.370800,1,5000.0000,57.5161,1.430000,0.15,4.0,auto
653,458,467,arterial,1,5.617300,1,3500.0000,65.1911,5.170000,0.15,4.0,auto
654,458,468,arterial,1,3.088790,1,3500.0000,63.6864,2.910000,0.15,4.0,auto
655,459,458,arterial,1,1.370800,1,5000.0000,57.5161,1.430000,0.15,4.0,auto
656,459,460,arterial,1,5.046810,1,3500.0000,64.9804,4.659999,0.15,4.0,auto
657,459,832,arterial,1,1.273720,1,2000.0000,60.1757,1.270001,0.15,4.0,auto
658,459,845,arterial,1,3.638080,1,2000.0000,28.2752,7.720009,0.15,4.0,auto
659,460,459,arterial,1,5.046810,1,3500.0000,64.9804,4.659999,0.15,4.0,auto
660,460,461,arterial,1,6.784450,1,3500.0000,64.6138,6.300001,0.15,4.0,auto
661,460,872,arterial,1,4.805080,1,3500.0000,49.1988,5.859997,0.15,4.0,auto
662,460,875,arterial,1,1.099690,1,3500.0000,29.8558,2.210003,0.15,4.0,auto
663,461,460,arterial,1,6.784450,1,3500.0000,64.6138,6.300001,0.15,4.0,auto
664,461,462,arterial,1,5.797250,1,3500.0000,64.5334,5.390000,0.15,4.0,auto
665,461,874,arterial,1,2.428540,1,2000.0000,62.0053,2.349999,0.15,4.0,auto
666,461,877,arterial,1,3.936750,1,2000.0000,40.2394,5.869993,0.15,4.0,auto
667,462,461,arterial,1,5.797250,1,3500.0000,64.5334,5.390000,0.15,4.0,auto
668,462,873,arterial,1,3.261080,1,1500.0000,56.7144,3.450002,0.15,4.0,auto
669,462,876,arterial,1,2.740250,1,1500.0000,37.7966,4.349994,0.15,4.0,auto
670,462,927,arterial,1,7.726800,1,3500.0000,59.5897,7.780002,0.15,4.0,auto
671,463,464,arterial,1,4.163220,1,3500.0000,64.0495,3.900002,0.15,4.0,auto
672,463,928,arterial,1,16.654000,1,3500.0000,62.6090,15.960006,0.15,4.0,auto
673,464,463,arterial,1,4.163220,1,3500.0000,64.0495,3.900002,0.15,4.0,auto
674,464,465,arterial,1,7.808240,1,3500.0000,64.9784,7.210002,0.15,4.0,auto
675,464,883,arterial,1,2.788040,1,2000.0000,42.6741,3.919998,0.15,4.0,auto
676,464,884,arterial,1,3.361650,1,2000.0000,63.4274,3.179998,0.15,4.0,auto
677,465,464,arterial,1,7.808240,1,3500.0000,64.9784,7.210002,0.15,4.0,auto
678,465,466,arterial,1,6.002850,1,3500.0000,62.7476,5.739996,0.15,4.0,auto
679,465,862,arterial,1,4.474260,1,3500.0000,59.6568,4.500000,0.15,4.0,auto
680,465,881,arterial,1,1.543190,1,3500.0000,37.3352,2.480003,0.15,4.0,auto
681,466,465,arterial,1,6.002850,1,3500.0000,62.7476,5.739996,0.15,4.0,auto
682,466,467,arterial,1,5.735300,1,3500.0000,64.5625,5.329998,0.15,4.0,auto
683,466,855,arterial,1,2.103390,1,5000.0000,75.5709,1.670000,0.15,4.0,auto
684,466,862,arterial,1,3.972030,1,5000.0000,44.1337,5.399996,0.15,4.0,auto
685,467,458,arterial,1,5.617300,1,3500.0000,65.1911,5.170000,0.15,4.0,auto
686,467,466,arterial,1,5.735300,1,3500.0000,64.5625,5.329998,0.15,4.0,auto
687,467,845,arterial,1,2.204460,1,2500.0000,63.2859,2.090001,0.15,4.0,auto
688,467,855,arterial,1,3.792320,1,2500.0000,38.6971,5.880007,0.15,4.0,auto
689,468,458,arterial,1,3.088790,1,3500.0000,63.6864,2.910000,0.15,4.0,auto
690,468,469,arterial,1,3.184290,1,3500.0000,65.4306,2.920001,0.15,4.0,auto
691,468,829,arterial,1,1.666090,1,2500.0000,75.1620,1.329999,0.15,4.0,auto
692,468,830,arterial,1,1.506590,1,2500.0000,31.7177,2.849999,0.15,4.0,auto
693,469,468,arterial,1,3.184290,1,3500.0000,65.4306,2.920001,0.15,4.0,auto
694,469,470,arterial,1,2.943840,1,3500.0000,64.6998,2.729999,0.15,4.0,auto
695,469,819,arterial,1,0.659820,1,3000.0000,116.4388,0.340000,0.15,4.0,auto
696,469,824,arterial,1,3.541150,1,3000.0000,52.9848,4.009999,0.15,4.0,auto
697,470,469,arterial,1,2.943840,1,3500.0000,64.6998,2.729999,0.15,4.0,auto
698,470,471,arterial,1,4.144410,1,3500.0000,60.3555,4.119999,0.15,4.0,auto
699,470,817,arterial,1,0.613040,1,1000.0000,49.7059,0.740001,0.15,4.0,auto
700,470,822,arterial,1,3.195960,1,1000.0000,57.0707,3.360001,0.15,4.0,auto
701,471,470,arterial,1,4.144410,1,3500.0000,60.3555,4.119999,0.15,4.0,auto
702,471,472,arterial,1,3.172590,1,3500.0000,65.1902,2.920000,0.15,4.0,auto
703,471,815,arterial,1,3.242190,1,3000.0000,50.6592,3.840001,0.15,4.0,auto
704,471,816,arterial,1,0.656990,1,3000.0000,64.6220,0.610000,0.15,4.0,auto
705,472,471,arterial,1,3.172590,1,3500.0000,65.1902,2.920000,0.15,4.0,auto
706,472,473,arterial,1,1.555200,1,5000.0000,53.3211,1.750001,0.15,4.0,auto
707,472,813,arterial,1,1.871220,1,3000.0000,80.7721,1.390000,0.15,4.0,auto
708,472,815,arterial,1,1.446100,1,3000.0000,39.0838,2.219999,0.15,4.0,auto
709,473,472,arterial,1,1.555200,1,5000.0000,53.3211,1.750001,0.15,4.0,auto
710,473,474,arterial,1,2.989620,1,5000.0000,55.5347,3.230002,0.15,4.0,auto
711,473,475,arterial,1,2.923550,1,5000.0000,55.3353,3.170002,0.15,4.0,auto
712,473,707,arterial,1,3.852190,1,1000.0000,52.6495,4.390002,0.15,4.0,auto
713,473,813,arterial,1,0.744600,1,1000.0000,31.0250,1.440000,0.15,4.0,auto
714,474,473,arterial,1,2.989620,1,5000.0000,55.5347,3.230002,0.15,4.0,auto
715,474,538,arterial,1,2.991490,1,5000.0000,54.0631,3.319998,0.15,4.0,auto
716,474,701,arterial,1,0.820670,1,3500.0000,28.4625,1.730003,0.15,4.0,auto
717,474,706,arterial,1,2.413170,1,3500.0000,59.0980,2.450002,0.15,4.0,auto
718,475,473,arterial,1,2.923550,1,5000.0000,55.3353,3.170002,0.15,4.0,auto
719,475,476,arterial,1,1.528660,1,5000.0000,54.5950,1.680000,0.15,4.0,auto
720,475,706,arterial,1,2.519530,1,3500.0000,49.0818,3.079997,0.15,4.0,auto
721,475,707,arterial,1,1.178110,1,3500.0000,40.6245,1.739999,0.15,4.0,auto
722,476,475,arterial,1,1.528660,1,5000.0000,54.5950,1.680000,0.15,4.0,auto
723,476,477,arterial,1,3.383710,1,5000.0000,54.7231,3.709998,0.15,4.0,auto
724,476,705,arterial,1,2.284040,1,3500.0000,67.8428,2.019999,0.15,4.0,auto
725,476,707,arterial,1,1.184410,1,3500.0000,25.4712,2.789998,0.15,4.0,auto
726,477,476,arterial,1,3.383710,1,5000.0000,54.7231,3.709998,0.15,4.0,auto
727,477,478,arterial,1,2.297040,1,6500.0000,54.4753,2.529998,0.15,4.0,auto
728,477,503,arterial,1,0.793000,1,6500.0000,54.0682,0.880000,0.15,4.0,auto
729,477,504,arterial,1,0.873390,1,6500.0000,55.1615,0.950000,0.15,4.0,auto
730,478,477,arterial,1,2.297040,1,6500.0000,54.4753,2.529998,0.15,4.0,auto
731,478,479,arterial,1,3.019350,1,6500.0000,55.9139,3.239999,0.15,4.0,auto
732,478,633,arterial,1,1.970970,1,5500.0000,61.9153,1.910000,0.15,4.0,auto
733,478,703,arterial,1,1.313980,1,5500.0000,29.3081,2.690000,0.15,4.0,auto
734,479,478,arterial,1,3.019350,1,6500.0000,55.9139,3.239999,0.15,4.0,auto
735,479,480,arterial,1,1.173360,1,6500.0000,53.3345,1.320001,0.15,4.0,auto
736,479,629,arterial,1,2.237960,1,3000.0000,63.3385,2.120000,0.15,4.0,auto
737,479,693,arterial,1,0.964490,1,3000.0000,30.7816,1.880000,0.15,4.0,auto
738,480,479,arterial,1,1.173360,1,6500.0000,53.3345,1.320001,0.15,4.0,auto
739,480,481,arterial,1,1.294010,1,5000.0000,55.0643,1.409999,0.15,4.0,auto
740,480,483,arterial,1,1.525000,1,5000.0000,54.4643,1.680000,0.15,4.0,auto
741,480,484,arterial,1,1.801310,1,5000.0000,50.7411,2.130001,0.15,4.0,auto
742,480,486,arterial,1,1.894930,1,6500.0000,56.0078,2.029999,0.15,4.0,auto
743,481,480,arterial,1,1.294010,1,5000.0000,55.0643,1.409999,0.15,4.0,auto
744,481,482,arterial,1,0.488000,1,5000.0000,54.2222,0.540000,0.15,4.0,auto
745,481,483,arterial,1,1.099690,1,6500.0000,39.5098,1.670001,0.15,4.0,auto
746,481,691,arterial,1,2.309150,1,6500.0000,57.2517,2.419998,0.15,4.0,auto
747,482,481,arterial,1,0.488000,1,5000.0000,54.2222,0.540000,0.15,4.0,auto
748,483,480,arterial,1,1.525000,1,5000.0000,54.4643,1.680000,0.15,4.0,auto
749,483,481,arterial,1,1.099690,1,6500.0000,39.5098,1.670001,0.15,4.0,auto
750,483,539,arterial,1,3.077330,1,5000.0000,55.4474,3.329999,0.15,4.0,auto
751,483,693,arterial,1,0.682000,1,6500.0000,81.8400,0.500000,0.15,4.0,auto
752,484,480,arterial,1,1.801310,1,5000.0000,50.7411,2.130001,0.15,4.0,auto
753,484,485,arterial,1,2.989620,1,5000.0000,55.0237,3.259999,0.15,4.0,auto
754,484,627,arterial,1,1.736090,1,6000.0000,52.6088,1.980000,0.15,4.0,auto
755,484,629,arterial,1,1.528660,1,6000.0000,25.1287,3.649994,0.15,4.0,auto
756,485,484,arterial,1,2.989620,1,5000.0000,55.0237,3.259999,0.15,4.0,auto
757,485,489,arterial,1,2.440000,1,5000.0000,55.0376,2.660000,0.15,4.0,auto
758,485,626,arterial,1,1.756330,1,6500.0000,62.7261,1.679999,0.15,4.0,auto
759,485,628,arterial,1,1.364000,1,6500.0000,28.8169,2.840000,0.15,4.0,auto
760,486,480,arterial,1,1.894930,1,6500.0000,56.0078,2.029999,0.15,4.0,auto
761,486,535,arterial,1,0.251510,1,6500.0000,52.0366,0.290000,0.15,4.0,auto
762,486,627,arterial,1,2.103390,1,6500.0000,56.8484,2.219999,0.15,4.0,auto
763,486,691,arterial,1,1.067060,1,6500.0000,26.6765,2.400000,0.15,4.0,auto
764,487,488,arterial,1,2.403900,1,5000.0000,54.4279,2.650001,0.15,4.0,auto
765,487,535,arterial,1,3.496210,1,6500.0000,50.9157,4.119998,0.15,4.0,auto
766,487,681,arterial,1,1.642480,1,3000.0000,72.4624,1.359999,0.15,4.0,auto
767,487,682,arterial,1,1.506590,1,3000.0000,29.7353,3.040003,0.15,4.0,auto
768,488,405,arterial,1,0.952850,1,5000.0000,56.6050,1.009999,0.15,4.0,auto
769,488,487,arterial,1,2.403900,1,5000.0000,54.4279,2.650001,0.15,4.0,auto
770,488,680,arterial,1,2.296230,1,2500.0000,46.3885,2.969999,0.15,4.0,auto
771,488,682,arterial,1,1.015240,1,2500.0000,21.9908,2.769995,0.15,4.0,auto
772,489,485,arterial,1,2.440000,1,5000.0000,55.0376,2.660000,0.15,4.0,auto
773,489,490,arterial,1,0.977900,1,6500.0000,55.3528,1.060001,0.15,4.0,auto
774,489,630,arterial,1,1.725340,1,3500.0000,38.6270,2.680001,0.15,4.0,auto
775,489,631,arterial,1,1.769000,1,3500.0000,25.0922,4.230000,0.15,4.0,auto
776,490,489,arterial,1,0.977900,1,6500.0000,55.3528,1.060001,0.15,4.0,auto
777,490,491,arterial,1,2.398470,1,6500.0000,55.1372,2.610002,0.15,4.0,auto
778,490,557,arterial,1,2.435420,1,5000.0000,40.7034,3.590000,0.15,4.0,auto
779,490,631,arterial,1,1.198460,1,5000.0000,18.9231,3.799990,0.15,4.0,auto
780,491,490,arterial,1,2.398470,1,6500.0000,55.1372,2.610002,0.15,4.0,auto
781,491,492,arterial,1,2.634320,1,6500.0000,55.6546,2.840002,0.15,4.0,auto
782,491,558,arterial,1,2.346720,1,6500.0000,44.0010,3.200000,0.15,4.0,auto
783,491,559,arterial,1,0.737070,1,6500.0000,73.7070,0.600000,0.15,4.0,auto
784,492,491,arterial,1,2.634320,1,6500.0000,55.6546,2.840002,0.15,4.0,auto
785,492,493,arterial,1,0.993010,1,6500.0000,43.4895,1.370000,0.15,4.0,auto
786,492,561,arterial,1,2.196850,1,9000.0000,42.6573,3.089999,0.15,4.0,auto
787,492,562,arterial,1,0.737070,1,9000.0000,90.2535,0.490000,0.15,4.0,auto
788,493,492,arterial,1,0.993010,1,6500.0000,43.4895,1.370000,0.15,4.0,auto
789,493,494,arterial,1,1.909600,1,6500.0000,51.1500,2.240000,0.15,4.0,auto
790,493,497,arterial,1,1.408290,1,6500.0000,43.5554,1.939998,0.15,4.0,auto
791,493,562,arterial,1,0.575470,1,14500.0000,27.4033,1.260002,0.15,4.0,auto
792,493,564,arterial,1,1.827970,1,14500.0000,80.0571,1.370000,0.15,4.0,auto
793,494,493,arterial,1,1.909600,1,6500.0000,51.1500,2.240000,0.15,4.0,auto
794,494,495,arterial,1,2.588010,1,9000.0000,55.2600,2.810000,0.15,4.0,auto
795,494,561,arterial,1,0.673770,1,10000.0000,40.4262,1.000000,0.15,4.0,auto
796,494,563,arterial,1,2.204460,1,10000.0000,56.7672,2.330000,0.15,4.0,auto
797,495,494,arterial,1,2.588010,1,9000.0000,55.2600,2.810000,0.15,4.0,auto
798,495,496,arterial,1,2.372740,1,9000.0000,55.6111,2.560000,0.15,4.0,auto
799,495,551,arterial,1,3.269620,1,7000.0000,41.8288,4.690003,0.15,4.0,auto
800,495,560,arterial,1,0.613040,1,7000.0000,39.1302,0.940000,0.15,4.0,auto
801,496,436,arterial,1,0.952850,1,9000.0000,56.0500,1.020000,0.15,4.0,auto
802,496,495,arterial,1,2.372740,1,9000.0000,55.6111,2.560000,0.15,4.0,auto
803,496,553,arterial,1,1.469070,1,6000.0000,67.8032,1.300001,0.15,4.0,auto
804,496,556,arterial,1,0.983600,1,6000.0000,15.9073,3.709995,0.15,4.0,auto
805,497,493,arterial,1,1.408290,1,6500.0000,43.5554,1.939998,0.15,4.0,auto
806,497,498,arterial,1,0.578700,1,6500.0000,52.6091,0.660000,0.15,4.0,auto
807,498,497,arterial,1,0.578700,1,6500.0000,52.6091,0.660000,0.15,4.0,auto
808,498,499,arterial,1,1.257550,1,5000.0000,56.3082,1.340000,0.15,4.0,auto
809,498,533,arterial,1,1.227600,1,6500.0000,45.7491,1.609999,0.15,4.0,auto
810,499,498,arterial,1,1.257550,1,5000.0000,56.3082,1.340000,0.15,4.0,auto
811,499,500,arterial,1,2.605920,1,5000.0000,55.0546,2.840002,0.15,4.0,auto
812,499,567,arterial,1,1.525000,1,12500.0000,58.6538,1.560001,0.15,4.0,auto
813,499,569,arterial,1,1.049480,1,12500.0000,27.1417,2.320002,0.15,4.0,auto
814,500,499,arterial,1,2.605920,1,5000.0000,55.0546,2.840002,0.15,4.0,auto
815,500,501,arterial,1,3.308090,1,5000.0000,54.9821,3.610000,0.15,4.0,auto
816,500,566,arterial,1,1.543190,1,4500.0000,50.8744,1.820000,0.15,4.0,auto
817,500,570,arterial,1,0.671000,1,4500.0000,29.6029,1.360002,0.15,4.0,auto
818,501,500,arterial,1,3.308090,1,5000.0000,54.9821,3.610000,0.15,4.0,auto
819,501,502,arterial,1,3.191880,1,5000.0000,54.8747,3.490002,0.15,4.0,auto
820,501,571,arterial,1,1.124780,1,5500.0000,27.1031,2.490003,0.15,4.0,auto
821,501,636,arterial,1,1.067060,1,5500.0000,103.2639,0.620000,0.15,4.0,auto
822,502,501,arterial,1,3.191880,1,5000.0000,54.8747,3.490002,0.15,4.0,auto
823,502,503,arterial,1,3.329950,1,6500.0000,51.6271,3.870002,0.15,4.0,auto
824,502,632,arterial,1,1.642480,1,1500.0000,59.0113,1.669999,0.15,4.0,auto
825,502,634,arterial,1,1.586000,1,1500.0000,24.3376,3.909999,0.15,4.0,auto
826,503,477,arterial,1,0.793000,1,6500.0000,54.0682,0.880000,0.15,4.0,auto
827,503,502,arterial,1,3.329950,1,6500.0000,51.6271,3.870002,0.15,4.0,auto
828,503,504,arterial,1,0.366000,1,7000.0000,42.2308,0.520000,0.15,4.0,auto
829,503,633,arterial,1,3.050610,1,7000.0000,52.2962,3.499998,0.15,4.0,auto
830,504,477,arterial,1,0.873390,1,6500.0000,55.1615,0.950000,0.15,4.0,auto
831,504,503,arterial,1,0.366000,1,7000.0000,42.2308,0.520000,0.15,4.0,auto
832,504,505,arterial,1,3.228390,1,6500.0000,55.1862,3.509997,0.15,4.0,auto
833,504,635,arterial,1,0.711380,1,7000.0000,94.8507,0.450000,0.15,4.0,auto
834,505,504,arterial,1,3.228390,1,6500.0000,55.1862,3.509997,0.15,4.0,auto
835,505,506,arterial,1,2.233800,1,6500.0000,55.3835,2.419999,0.15,4.0,auto
836,505,634,arterial,1,1.794060,1,6000.0000,72.7322,1.479999,0.15,4.0,auto
837,505,639,arterial,1,1.392350,1,6000.0000,34.5211,2.419998,0.15,4.0,auto
838,506,505,arterial,1,2.233800,1,6500.0000,55.3835,2.419999,0.15,4.0,auto
839,506,507,arterial,1,3.580340,1,5000.0000,54.8011,3.920002,0.15,4.0,auto
840,506,639,arterial,1,0.862670,1,5000.0000,28.7557,1.799998,0.15,4.0,auto
841,506,644,arterial,1,2.413170,1,5000.0000,55.9036,2.589998,0.15,4.0,auto
842,507,506,arterial,1,3.580340,1,5000.0000,54.8011,3.920002,0.15,4.0,auto
843,507,508,arterial,1,7.073900,1,5000.0000,53.9992,7.860005,0.15,4.0,auto
844,507,578,arterial,1,5.156570,1,1500.0000,38.2440,8.090006,0.15,4.0,auto
845,507,646,arterial,1,0.272800,1,1500.0000,10.8397,1.510005,0.15,4.0,auto
846,508,450,arterial,1,3.519550,1,5000.0000,55.5718,3.800003,0.15,4.0,auto
847,508,507,arterial,1,7.073900,1,5000.0000,53.9992,7.860005,0.15,4.0,auto
848,508,509,arterial,1,1.891980,1,5000.0000,47.1032,2.410002,0.15,4.0,auto
849,509,508,arterial,1,1.891980,1,5000.0000,47.1032,2.410002,0.15,4.0,auto
850,509,510,arterial,1,2.989620,1,5000.0000,55.3633,3.240002,0.15,4.0,auto
851,509,659,arterial,1,1.099690,1,5000.0000,111.8329,0.590000,0.15,4.0,auto
852,509,667,arterial,1,2.161850,1,5000.0000,25.6853,5.050009,0.15,4.0,auto
853,510,509,arterial,1,2.989620,1,5000.0000,55.3633,3.240002,0.15,4.0,auto
854,510,511,arterial,1,0.244000,1,5000.0000,48.8000,0.300000,0.15,4.0,auto
855,510,658,arterial,1,1.049480,1,4000.0000,170.1859,0.370000,0.15,4.0,auto
856,510,666,arterial,1,2.220430,1,4000.0000,32.6534,4.079998,0.15,4.0,auto
857,511,510,arterial,1,0.244000,1,5000.0000,48.8000,0.300000,0.15,4.0,auto
858,511,512,arterial,1,2.074000,1,5000.0000,56.3077,2.210000,0.15,4.0,auto
859,511,521,arterial,1,2.867650,1,5000.0000,55.1471,3.120001,0.15,4.0,auto
860,511,522,arterial,1,4.271740,1,5000.0000,54.5329,4.699996,0.15,4.0,auto
861,512,511,arterial,1,2.074000,1,5000.0000,56.3077,2.210000,0.15,4.0,auto
862,512,513,arterial,1,3.429590,1,5000.0000,55.1677,3.729998,0.15,4.0,auto
863,512,661,arterial,1,1.099690,1,2000.0000,113.7610,0.580000,0.15,4.0,auto
864,512,670,arterial,1,3.421440,1,2000.0000,27.4447,7.480002,0.15,4.0,auto
865,513,512,arterial,1,3.429590,1,5000.0000,55.1677,3.729998,0.15,4.0,auto
866,513,514,arterial,1,4.886100,1,5000.0000,55.2102,5.309997,0.15,4.0,auto
867,513,902,arterial,1,3.140170,1,3500.0000,52.4819,3.590003,0.15,4.0,auto
868,513,905,arterial,1,5.898100,1,3500.0000,38.8033,9.119998,0.15,4.0,auto
869,514,513,arterial,1,4.886100,1,5000.0000,55.2102,5.309997,0.15,4.0,auto
870,514,515,arterial,1,4.027850,1,5000.0000,54.5533,4.429998,0.15,4.0,auto
871,514,903,arterial,1,2.562730,1,3000.0000,58.9133,2.610001,0.15,4.0,auto
872,514,905,arterial,1,6.716930,1,3000.0000,35.7601,11.269985,0.15,4.0,auto
873,515,514,arterial,1,4.027850,1,5000.0000,54.5533,4.429998,0.15,4.0,auto
874,515,516,arterial,1,5.287680,1,5000.0000,54.9845,5.770004,0.15,4.0,auto
875,515,534,arterial,1,1.495430,1,3500.0000,55.7303,1.610000,0.15,4.0,auto
876,515,544,arterial,1,0.305000,1,3500.0000,63.1034,0.290000,0.15,4.0,auto
877,515,932,arterial,1,10.442600,1,5000.0000,105.6587,5.929999,0.15,4.0,auto
878,516,515,arterial,1,5.287680,1,5000.0000,54.9845,5.770004,0.15,4.0,auto
879,516,517,arterial,1,6.588280,1,3500.0000,65.1230,6.070003,0.15,4.0,auto
880,516,903,arterial,1,7.213750,1,6000.0000,48.3064,8.959993,0.15,4.0,auto
881,516,906,arterial,1,1.119810,1,6000.0000,41.4744,1.620002,0.15,4.0,auto
882,517,516,arterial,1,6.588280,1,3500.0000,65.1230,6.070003,0.15,4.0,auto
883,517,518,arterial,1,7.191020,1,3500.0000,64.9791,6.640000,0.15,4.0,auto
884,517,908,arterial,1,1.642480,1,2500.0000,38.6466,2.549999,0.15,4.0,auto
885,517,909,arterial,1,4.313350,1,2500.0000,58.9524,4.389999,0.15,4.0,auto
886,518,517,arterial,1,7.191020,1,3500.0000,64.9791,6.640000,0.15,4.0,auto
887,518,911,arterial,1,3.627320,1,3500.0000,41.3763,5.259997,0.15,4.0,auto
888,518,912,arterial,1,2.166140,1,3500.0000,79.2490,1.640001,0.15,4.0,auto
889,518,930,arterial,1,38.355800,1,3500.0000,246.9258,9.319998,0.15,4.0,auto
890,519,520,arterial,1,0.682000,1,5000.0000,54.5600,0.750000,0.15,4.0,auto
891,519,521,arterial,1,2.507690,1,5000.0000,55.3167,2.720000,0.15,4.0,auto
892,519,668,arterial,1,0.355690,1,2000.0000,33.3459,0.640001,0.15,4.0,auto
893,519,670,arterial,1,3.210480,1,2000.0000,61.3468,3.139998,0.15,4.0,auto
894,520,519,arterial,1,0.682000,1,5000.0000,54.5600,0.750000,0.15,4.0,auto
895,521,511,arterial,1,2.867650,1,5000.0000,55.1471,3.120001,0.15,4.0,auto
896,521,519,arterial,1,2.507690,1,5000.0000,55.3167,2.720000,0.15,4.0,auto
897,521,666,arterial,1,0.793000,1,1500.0000,86.5091,0.550000,0.15,4.0,auto
898,521,670,arterial,1,2.728000,1,1500.0000,41.6489,3.929996,0.15,4.0,auto
899,522,511,arterial,1,4.271740,1,5000.0000,54.5329,4.699996,0.15,4.0,auto
900,522,523,arterial,1,5.704720,1,5000.0000,46.8240,7.309995,0.15,4.0,auto
901,523,522,arterial,1,5.704720,1,5000.0000,46.8240,7.309995,0.15,4.0,auto
902,523,530,arterial,1,2.074000,1,5000.0000,55.5536,2.239999,0.15,4.0,auto
903,523,545,arterial,1,0.061000,1,5000.0000,30.5000,0.120000,0.15,4.0,auto
904,524,525,arterial,1,2.944470,1,5000.0000,54.5272,3.240001,0.15,4.0,auto
905,524,545,arterial,1,3.715000,1,5000.0000,50.4299,4.419997,0.15,4.0,auto
906,524,578,arterial,1,2.745680,1,5500.0000,35.2764,4.670000,0.15,4.0,auto
907,524,647,arterial,1,0.802330,1,5500.0000,30.4682,1.580001,0.15,4.0,auto
908,525,452,arterial,1,2.156680,1,5000.0000,55.7762,2.320000,0.15,4.0,auto
909,525,524,arterial,1,2.944470,1,5000.0000,54.5272,3.240001,0.15,4.0,auto
910,525,652,arterial,1,1.067060,1,5000.0000,24.9119,2.570001,0.15,4.0,auto
911,525,657,arterial,1,2.237960,1,5000.0000,53.4971,2.509998,0.15,4.0,auto
912,526,527,arterial,1,5.368350,1,3500.0000,53.5942,6.009997,0.15,4.0,auto
913,526,528,arterial,1,8.594940,1,5000.0000,52.4082,9.839995,0.15,4.0,auto
914,526,541,arterial,1,0.439880,1,3500.0000,59.9836,0.440000,0.15,4.0,auto
915,526,546,arterial,1,2.938150,1,3500.0000,54.5786,3.230002,0.15,4.0,auto
916,527,526,arterial,1,5.368350,1,3500.0000,53.5942,6.009997,0.15,4.0,auto
917,527,542,arterial,1,0.613040,1,3500.0000,56.5883,0.650000,0.15,4.0,auto
918,527,543,arterial,1,3.662030,1,3500.0000,55.3455,3.970003,0.15,4.0,auto
919,527,546,arterial,1,3.246780,1,3500.0000,45.9450,4.240000,0.15,4.0,auto
920,528,526,arterial,1,8.594940,1,5000.0000,52.4082,9.839995,0.15,4.0,auto
921,528,529,arterial,1,1.305460,1,6500.0000,54.7745,1.430001,0.15,4.0,auto
922,528,573,arterial,1,2.391480,1,4000.0000,25.3067,5.669993,0.15,4.0,auto
923,528,575,arterial,1,1.146090,1,4000.0000,78.1425,0.880000,0.15,4.0,auto
924,529,528,arterial,1,1.305460,1,6500.0000,54.7745,1.430001,0.15,4.0,auto
925,529,530,arterial,1,1.894930,1,6500.0000,55.4614,2.049999,0.15,4.0,auto
926,529,531,arterial,1,1.124780,1,6500.0000,55.3170,1.220001,0.15,4.0,auto
927,530,523,arterial,1,2.074000,1,5000.0000,55.5536,2.239999,0.15,4.0,auto
928,530,529,arterial,1,1.894930,1,6500.0000,55.4614,2.049999,0.15,4.0,auto
929,530,575,arterial,1,2.515090,1,5000.0000,55.0750,2.739998,0.15,4.0,auto
930,530,577,arterial,1,0.818400,1,5000.0000,17.4747,2.810005,0.15,4.0,auto
931,531,529,arterial,1,1.124780,1,6500.0000,55.3170,1.220001,0.15,4.0,auto
932,531,532,arterial,1,1.403000,1,6500.0000,51.0182,1.649999,0.15,4.0,auto
933,531,573,arterial,1,0.744600,1,3500.0000,13.0632,3.419989,0.15,4.0,auto
934,531,574,arterial,1,2.249570,1,3500.0000,45.7540,2.949998,0.15,4.0,auto
935,532,531,arterial,1,1.403000,1,6500.0000,51.0182,1.649999,0.15,4.0,auto
936,532,533,arterial,1,1.221520,1,6500.0000,48.5372,1.510001,0.15,4.0,auto
937,532,569,arterial,1,1.455080,1,5000.0000,29.5948,2.950005,0.15,4.0,auto
938,532,574,arterial,1,1.709090,1,5000.0000,45.9845,2.229999,0.15,4.0,auto
939,533,498,arterial,1,1.227600,1,6500.0000,45.7491,1.609999,0.15,4.0,auto
940,533,532,arterial,1,1.221520,1,6500.0000,48.5372,1.510001,0.15,4.0,auto
941,533,568,arterial,1,1.489200,1,5000.0000,70.9143,1.260000,0.15,4.0,auto
942,533,569,arterial,1,0.854000,1,5000.0000,17.1946,2.980005,0.15,4.0,auto
943,534,515,arterial,1,1.495430,1,3500.0000,55.7303,1.610000,0.15,4.0,auto
944,534,543,arterial,1,2.956460,1,3500.0000,53.5914,3.310001,0.15,4.0,auto
945,534,933,arterial,1,6.107620,1,3500.0000,61.4861,5.960001,0.15,4.0,auto
946,535,438,arterial,1,7.090970,1,6500.0000,52.0757,8.169995,0.15,4.0,auto
947,535,486,arterial,1,0.251510,1,6500.0000,52.0366,0.290000,0.15,4.0,auto
948,535,487,arterial,1,3.496210,1,6500.0000,50.9157,4.119998,0.15,4.0,auto
949,536,438,arterial,1,1.859250,1,5000.0000,52.8697,2.109999,0.15,4.0,auto
950,536,537,arterial,1,2.948260,1,5000.0000,54.7664,3.230002,0.15,4.0,auto
951,536,615,arterial,1,1.747840,1,2000.0000,68.9937,1.520000,0.15,4.0,auto
952,537,399,arterial,1,3.934380,1,5000.0000,55.1549,4.279997,0.15,4.0,auto
953,537,536,arterial,1,2.948260,1,5000.0000,54.7664,3.230002,0.15,4.0,auto
954,537,608,arterial,1,2.693000,1,5500.0000,48.8157,3.310001,0.15,4.0,auto
955,537,610,arterial,1,0.622080,1,5500.0000,46.0800,0.810000,0.15,4.0,auto
956,538,409,arterial,1,1.408290,1,5000.0000,57.4812,1.470001,0.15,4.0,auto
957,538,474,arterial,1,2.991490,1,5000.0000,54.0631,3.319998,0.15,4.0,auto
958,538,699,arterial,1,0.711380,1,8000.0000,94.8507,0.450000,0.15,4.0,auto
959,538,704,arterial,1,3.374350,1,8000.0000,48.4356,4.180004,0.15,4.0,auto
960,539,409,arterial,1,2.554730,1,5000.0000,53.5957,2.860002,0.15,4.0,auto
961,539,483,arterial,1,3.077330,1,5000.0000,55.4474,3.329999,0.15,4.0,auto
962,539,694,arterial,1,1.150950,1,5000.0000,111.3823,0.620000,0.15,4.0,auto
963,539,704,arterial,1,2.141960,1,5000.0000,26.3356,4.879995,0.15,4.0,auto
964,540,438,arterial,1,1.506590,1,3500.0000,53.8068,1.680000,0.15,4.0,auto
965,540,583,arterial,1,0.742100,1,3000.0000,79.5107,0.560000,0.15,4.0,auto
966,540,622,arterial,1,2.046000,1,3000.0000,70.1486,1.749999,0.15,4.0,auto
967,541,526,arterial,1,0.439880,1,3500.0000,59.9836,0.440000,0.15,4.0,auto
968,541,582,arterial,1,2.913350,1,2500.0000,30.3474,5.759999,0.15,4.0,auto
969,541,902,arterial,1,3.772640,1,2500.0000,28.2242,8.020011,0.15,4.0,auto
970,542,527,arterial,1,0.613040,1,3500.0000,56.5883,0.650000,0.15,4.0,auto
971,542,902,arterial,1,2.166140,1,10500.0000,30.8714,4.209994,0.15,4.0,auto
972,542,903,arterial,1,4.212980,1,10500.0000,41.1692,6.139998,0.15,4.0,auto
973,543,527,arterial,1,3.662030,1,3500.0000,55.3455,3.970003,0.15,4.0,auto
974,543,534,arterial,1,2.956460,1,3500.0000,53.5914,3.310001,0.15,4.0,auto
975,543,903,arterial,1,0.906830,1,3500.0000,38.8641,1.400002,0.15,4.0,auto
976,544,515,arterial,1,0.305000,1,3500.0000,63.1034,0.290000,0.15,4.0,auto
977,544,903,arterial,1,3.282680,1,5000.0000,36.5419,5.389999,0.15,4.0,auto
978,544,904,arterial,1,2.519530,1,5000.0000,46.5144,3.250000,0.15,4.0,auto
979,545,523,arterial,1,0.061000,1,5000.0000,30.5000,0.120000,0.15,4.0,auto
980,545,524,arterial,1,3.715000,1,5000.0000,50.4299,4.419997,0.15,4.0,auto
981,545,577,arterial,1,1.835080,1,4000.0000,30.4999,3.610005,0.15,4.0,auto
982,545,580,arterial,1,1.104760,1,4000.0000,44.1904,1.500000,0.15,4.0,auto
983,546,526,arterial,1,2.938150,1,3500.0000,54.5786,3.230002,0.15,4.0,auto
984,546,527,arterial,1,3.246780,1,3500.0000,45.9450,4.240000,0.15,4.0,auto
985,547,1,centroid_connector,1,0.862670,1,49500.0000,30.0000,1.725340,0.15,4.0,auto
986,547,548,arterial,1,1.337830,1,3000.0000,24.6226,3.260005,0.15,4.0,auto
987,547,549,arterial,1,2.382130,1,4500.0000,29.2286,4.889998,0.15,4.0,auto
988,547,621,arterial,1,1.583650,1,5500.0000,32.8785,2.890004,0.15,4.0,auto
989,548,2,centroid_connector,1,0.862670,1,49500.0000,30.0000,1.725340,0.15,4.0,auto
990,548,547,arterial,1,1.337830,1,3000.0000,24.6226,3.260005,0.15,4.0,auto
991,548,550,arterial,1,2.728000,1,7000.0000,28.1721,5.810004,0.15,4.0,auto
992,548,552,arterial,1,2.435420,1,3000.0000,32.5446,4.489998,0.15,4.0,auto
993,548,618,arterial,1,1.952950,1,7500.0000,33.2889,3.520002,0.15,4.0,auto
994,549,3,centroid_connector,1,0.862670,1,49500.0000,30.0000,1.725340,0.15,4.0,auto
995,549,547,arterial,1,2.382130,1,4500.0000,29.2286,4.889998,0.15,4.0,auto
996,549,550,arterial,1,1.574230,1,5000.0000,28.7969,3.279999,0.15,4.0,auto
997,549,551,arterial,1,3.110400,1,15500.0000,44.3287,4.210004,0.15,4.0,auto
998,550,4,centroid_connector,1,0.862670,1,49500.0000,30.0000,1.725340,0.15,4.0,auto
999,550,548,arterial,1,2.728000,1,7000.0000,28.1721,5.810004,0.15,4.0,auto
1000,550,549,arterial,1,1.574230,1,5000.0000,28.7969,3.279999,0.15,4.0,auto
1001,550,551,arterial,1,2.852040,1,7000.0000,33.0352,5.180002,0.15,4.0,auto
1002,550,552,arterial,1,3.265640,1,2000.0000,25.2173,7.769999,0.15,4.0,auto
1003,550,553,arterial,1,1.846190,1,3500.0000,28.2580,3.920001,0.15,4.0,auto
1004,550,560,arterial,1,2.619450,1,3500.0000,29.1050,5.400000,0.15,4.0,auto
1005,551,5,centroid_connector,1,0.862670,1,49500.0000,30.0000,1.725340,0.15,4.0,auto
1006,551,495,arterial,1,3.269620,1,7000.0000,41.8288,4.690003,0.15,4.0,auto
1007,551,549,arterial,1,3.110400,1,15500.0000,44.3287,4.210004,0.15,4.0,auto
1008,551,550,arterial,1,2.852040,1,7000.0000,33.0352,5.180002,0.15,4.0,auto
1009,551,563,arterial,1,2.220430,1,20000.0000,43.2551,3.080002,0.15,4.0,auto
1010,552,6,centroid_connector,1,0.862670,1,49500.0000,30.0000,1.725340,0.15,4.0,auto
1011,552,435,arterial,1,1.309730,1,4500.0000,88.2964,0.890000,0.15,4.0,auto
1012,552,548,arterial,1,2.435420,1,3000.0000,32.5446,4.489998,0.15,4.0,auto
1013,552,550,arterial,1,3.265640,1,2000.0000,25.2173,7.769999,0.15,4.0,auto
1014,552,553,arterial,1,2.211200,1,8500.0000,29.0947,4.560006,0.15,4.0,auto
1015,552,618,arterial,1,2.651220,1,5000.0000,36.6528,4.340001,0.15,4.0,auto
1016,552,619,arterial,1,3.086990,1,9500.0000,38.5874,4.799997,0.15,4.0,auto
1017,553,7,centroid_connector,1,0.862670,1,49500.0000,30.0000,1.725340,0.15,4.0,auto
1018,553,496,arterial,1,1.469070,1,6000.0000,67.8032,1.300001,0.15,4.0,auto
1019,553,550,arterial,1,1.846190,1,3500.0000,28.2580,3.920001,0.15,4.0,auto
1020,553,552,arterial,1,2.211200,1,8500.0000,29.0947,4.560006,0.15,4.0,auto
1021,553,560,arterial,1,2.161850,1,7500.0000,32.6728,3.970000,0.15,4.0,auto
1022,554,8,centroid_connector,1,0.862670,1,49500.0000,30.0000,1.725340,0.15,4.0,auto
1023,554,435,arterial,1,1.760570,1,4500.0000,26.8789,3.930005,0.15,4.0,auto
1024,554,437,arterial,1,1.037000,1,4000.0000,100.3548,0.620000,0.15,4.0,auto
1025,554,614,arterial,1,3.024270,1,3500.0000,36.0032,5.040002,0.15,4.0,auto
1026,554,619,arterial,1,2.798700,1,2500.0000,33.7871,4.970003,0.15,4.0,auto
1027,554,622,arterial,1,3.732480,1,2000.0000,38.6785,5.790007,0.15,4.0,auto
1028,554,625,arterial,1,1.844180,1,7000.0000,32.6404,3.389995,0.15,4.0,auto
1029,555,9,centroid_connector,1,0.862670,1,49500.0000,30.0000,1.725340,0.15,4.0,auto
1030,555,556,arterial,1,3.063390,1,7500.0000,28.8999,6.360001,0.15,4.0,auto
1031,555,622,arterial,1,3.135420,1,4500.0000,38.4714,4.890001,0.15,4.0,auto
1032,555,624,arterial,1,1.611600,1,5500.0000,36.0806,2.680000,0.15,4.0,auto
1033,555,625,arterial,1,1.104760,1,13500.0000,41.9529,1.580000,0.15,4.0,auto
1034,556,10,centroid_connector,1,0.862670,1,49500.0000,30.0000,1.725340,0.15,4.0,auto
1035,556,437,arterial,1,3.321560,1,4000.0000,27.7568,7.179992,0.15,4.0,auto
1036,556,496,arterial,1,0.983600,1,6000.0000,15.9073,3.709995,0.15,4.0,auto
1037,556,555,arterial,1,3.063390,1,7500.0000,28.8999,6.360001,0.15,4.0,auto
1038,556,557,arterial,1,2.869590,1,6500.0000,29.0837,5.919996,0.15,4.0,auto
1039,556,560,arterial,1,2.633620,1,4500.0000,28.0670,5.630000,0.15,4.0,auto
1040,556,624,arterial,1,3.852190,1,1000.0000,24.9064,9.280000,0.15,4.0,auto
1041,557,11,centroid_connector,1,0.862670,1,49500.0000,30.0000,1.725340,0.15,4.0,auto
1042,557,490,arterial,1,2.435420,1,5000.0000,40.7034,3.590000,0.15,4.0,auto
1043,557,556,arterial,1,2.869590,1,6500.0000,29.0837,5.919996,0.15,4.0,auto
1044,557,558,arterial,1,1.866240,1,5000.0000,28.0638,3.989994,0.15,4.0,auto
1045,557,559,arterial,1,2.696450,1,5500.0000,28.6856,5.640008,0.15,4.0,auto
1046,557,624,arterial,1,4.449660,1,2000.0000,28.8627,9.249987,0.15,4.0,auto
1047,557,630,arterial,1,1.717780,1,8500.0000,27.4845,3.749997,0.15,4.0,auto
1048,558,12,centroid_connector,1,0.862670,1,49500.0000,30.0000,1.725340,0.15,4.0,auto
1049,558,491,arterial,1,2.346720,1,6500.0000,44.0010,3.200000,0.15,4.0,auto
1050,558,557,arterial,1,1.866240,1,5000.0000,28.0638,3.989994,0.15,4.0,auto
1051,558,560,arterial,1,1.986950,1,4000.0000,29.5824,4.029998,0.15,4.0,auto
1052,558,561,arterial,1,2.321210,1,10000.0000,32.6931,4.260000,0.15,4.0,auto
1053,559,13,centroid_connector,1,0.862670,1,49500.0000,30.0000,1.725340,0.15,4.0,auto
1054,559,491,arterial,1,0.737070,1,6500.0000,73.7070,0.600000,0.15,4.0,auto
1055,559,557,arterial,1,2.696450,1,5500.0000,28.6856,5.640008,0.15,4.0,auto
1056,559,562,arterial,1,2.634320,1,12000.0000,27.9257,5.659991,0.15,4.0,auto
1057,559,566,arterial,1,2.138480,1,7500.0000,28.0150,4.580004,0.15,4.0,auto
1058,559,631,arterial,1,3.265640,1,5000.0000,32.1210,6.100009,0.15,4.0,auto
1059,560,14,centroid_connector,1,0.862670,1,49500.0000,30.0000,1.725340,0.15,4.0,auto
1060,560,495,arterial,1,0.613040,1,7000.0000,39.1302,0.940000,0.15,4.0,auto
1061,560,550,arterial,1,2.619450,1,3500.0000,29.1050,5.400000,0.15,4.0,auto
1062,560,553,arterial,1,2.161850,1,7500.0000,32.6728,3.970000,0.15,4.0,auto
1063,560,556,arterial,1,2.633620,1,4500.0000,28.0670,5.630000,0.15,4.0,auto
1064,560,558,arterial,1,1.986950,1,4000.0000,29.5824,4.029998,0.15,4.0,auto
1065,560,561,arterial,1,2.458990,1,11000.0000,33.6848,4.379999,0.15,4.0,auto
1066,561,15,centroid_connector,1,0.862670,1,49500.0000,30.0000,1.725340,0.15,4.0,auto
1067,561,492,arterial,1,2.196850,1,9000.0000,42.6573,3.089999,0.15,4.0,auto
1068,561,494,arterial,1,0.673770,1,10000.0000,40.4262,1.000000,0.15,4.0,auto
1069,561,558,arterial,1,2.321210,1,10000.0000,32.6931,4.260000,0.15,4.0,auto
1070,561,560,arterial,1,2.458990,1,11000.0000,33.6848,4.379999,0.15,4.0,auto
1071,562,16,centroid_connector,1,0.862670,1,49500.0000,30.0000,1.725340,0.15,4.0,auto
1072,562,492,arterial,1,0.737070,1,9000.0000,90.2535,0.490000,0.15,4.0,auto
1073,562,493,arterial,1,0.575470,1,14500.0000,27.4033,1.260002,0.15,4.0,auto
1074,562,559,arterial,1,2.634320,1,12000.0000,27.9257,5.659991,0.15,4.0,auto
1075,562,563,arterial,1,2.375870,1,500.0000,25.4104,5.609994,0.15,4.0,auto
1076,562,567,arterial,1,1.469070,1,12000.0000,27.4593,3.209994,0.15,4.0,auto
1077,563,17,centroid_connector,1,0.862670,1,49500.0000,30.0000,1.725340,0.15,4.0,auto
1078,563,494,arterial,1,2.204460,1,10000.0000,56.7672,2.330000,0.15,4.0,auto
1079,563,551,arterial,1,2.220430,1,20000.0000,43.2551,3.080002,0.15,4.0,auto
1080,563,562,arterial,1,2.375870,1,500.0000,25.4104,5.609994,0.15,4.0,auto
1081,563,564,arterial,1,1.509060,1,24000.0000,42.3101,2.140000,0.15,4.0,auto
1082,564,18,centroid_connector,1,0.862670,1,49500.0000,30.0000,1.725340,0.15,4.0,auto
1083,564,493,arterial,1,1.827970,1,14500.0000,80.0571,1.370000,0.15,4.0,auto
1084,564,563,arterial,1,1.509060,1,24000.0000,42.3101,2.140000,0.15,4.0,auto
1085,564,565,arterial,1,1.484190,1,14000.0000,41.2275,2.160000,0.15,4.0,auto
1086,565,19,centroid_connector,1,0.862670,1,49500.0000,30.0000,1.725340,0.15,4.0,auto
1087,565,564,arterial,1,1.484190,1,14000.0000,41.2275,2.160000,0.15,4.0,auto
1088,565,568,arterial,1,1.535940,1,12000.0000,44.3060,2.079998,0.15,4.0,auto
1089,565,569,arterial,1,3.039000,1,6500.0000,27.8382,6.549992,0.15,4.0,auto
1090,566,20,centroid_connector,1,0.862670,1,49500.0000,30.0000,1.725340,0.15,4.0,auto
1091,566,500,arterial,1,1.543190,1,4500.0000,50.8744,1.820000,0.15,4.0,auto
1092,566,559,arterial,1,2.138480,1,7500.0000,28.0150,4.580004,0.15,4.0,auto
1093,566,567,arterial,1,2.548900,1,5000.0000,28.1646,5.430008,0.15,4.0,auto
1094,566,631,arterial,1,2.890270,1,2000.0000,23.8209,7.280002,0.15,4.0,auto
1095,567,21,centroid_connector,1,0.862670,1,49500.0000,30.0000,1.725340,0.15,4.0,auto
1096,567,499,arterial,1,1.525000,1,12500.0000,58.6538,1.560001,0.15,4.0,auto
1097,567,562,arterial,1,1.469070,1,12000.0000,27.4593,3.209994,0.15,4.0,auto
1098,567,566,arterial,1,2.548900,1,5000.0000,28.1646,5.430008,0.15,4.0,auto
1099,568,22,centroid_connector,1,0.862670,1,49500.0000,30.0000,1.725340,0.15,4.0,auto
1100,568,533,arterial,1,1.489200,1,5000.0000,70.9143,1.260000,0.15,4.0,auto
1101,568,565,arterial,1,1.535940,1,12000.0000,44.3060,2.079998,0.15,4.0,auto
1102,568,574,arterial,1,2.057790,1,17500.0000,40.0868,3.080001,0.15,4.0,auto
1103,569,23,centroid_connector,1,0.862670,1,49500.0000,30.0000,1.725340,0.15,4.0,auto
1104,569,499,arterial,1,1.049480,1,12500.0000,27.1417,2.320002,0.15,4.0,auto
1105,569,532,arterial,1,1.455080,1,5000.0000,29.5948,2.950005,0.15,4.0,auto
1106,569,533,arterial,1,0.854000,1,5000.0000,17.1946,2.980005,0.15,4.0,auto
1107,569,565,arterial,1,3.039000,1,6500.0000,27.8382,6.549992,0.15,4.0,auto
1108,569,570,arterial,1,2.640670,1,9000.0000,28.3435,5.590001,0.15,4.0,auto
1109,569,572,arterial,1,3.718500,1,3500.0000,28.2418,7.899992,0.15,4.0,auto
1110,569,573,arterial,1,3.055490,1,6000.0000,36.0176,5.089995,0.15,4.0,auto
1111,570,24,centroid_connector,1,0.862670,1,49500.0000,30.0000,1.725340,0.15,4.0,auto
1112,570,500,arterial,1,0.671000,1,4500.0000,29.6029,1.360002,0.15,4.0,auto
1113,570,569,arterial,1,2.640670,1,9000.0000,28.3435,5.590001,0.15,4.0,auto
1114,570,571,arterial,1,3.503120,1,3000.0000,32.3863,6.490003,0.15,4.0,auto
1115,570,572,arterial,1,2.507690,1,5500.0000,28.3355,5.309996,0.15,4.0,auto
1116,571,25,centroid_connector,1,0.862670,1,49500.0000,30.0000,1.725340,0.15,4.0,auto
1117,571,501,arterial,1,1.124780,1,5500.0000,27.1031,2.490003,0.15,4.0,auto
1118,571,570,arterial,1,3.503120,1,3000.0000,32.3863,6.490003,0.15,4.0,auto
1119,571,572,arterial,1,3.088790,1,6000.0000,32.0082,5.789998,0.15,4.0,auto
1120,571,631,arterial,1,3.847350,1,2000.0000,34.3003,6.729999,0.15,4.0,auto
1121,571,632,arterial,1,3.226090,1,2500.0000,24.9440,7.759998,0.15,4.0,auto
1122,571,634,arterial,1,3.773130,1,2000.0000,35.9346,6.299995,0.15,4.0,auto
1123,571,637,arterial,1,2.142830,1,3500.0000,28.6347,4.490000,0.15,4.0,auto
1124,572,26,centroid_connector,1,0.862670,1,49500.0000,30.0000,1.725340,0.15,4.0,auto
1125,572,569,arterial,1,3.718500,1,3500.0000,28.2418,7.899992,0.15,4.0,auto
1126,572,570,arterial,1,2.507690,1,5500.0000,28.3355,5.309996,0.15,4.0,auto
1127,572,571,arterial,1,3.088790,1,6000.0000,32.0082,5.789998,0.15,4.0,auto
1128,572,573,arterial,1,2.634320,1,6500.0000,32.1913,4.909997,0.15,4.0,auto
1129,572,576,arterial,1,2.379780,1,8500.0000,33.9969,4.199995,0.15,4.0,auto
1130,572,637,arterial,1,3.628350,1,2500.0000,33.7521,6.449999,0.15,4.0,auto
1131,573,27,centroid_connector,1,0.862670,1,49500.0000,30.0000,1.725340,0.15,4.0,auto
1132,573,528,arterial,1,2.391480,1,4000.0000,25.3067,5.669993,0.15,4.0,auto
1133,573,531,arterial,1,0.744600,1,3500.0000,13.0632,3.419989,0.15,4.0,auto
1134,573,569,arterial,1,3.055490,1,6000.0000,36.0176,5.089995,0.15,4.0,auto
1135,573,572,arterial,1,2.634320,1,6500.0000,32.1913,4.909997,0.15,4.0,auto
1136,573,577,arterial,1,2.938150,1,6500.0000,35.9041,4.909996,0.15,4.0,auto
1137,574,28,centroid_connector,1,0.862670,1,49500.0000,30.0000,1.725340,0.15,4.0,auto
1138,574,531,arterial,1,2.249570,1,3500.0000,45.7540,2.949998,0.15,4.0,auto
1139,574,532,arterial,1,1.709090,1,5000.0000,45.9845,2.229999,0.15,4.0,auto
1140,574,568,arterial,1,2.057790,1,17500.0000,40.0868,3.080001,0.15,4.0,auto
1141,574,575,arterial,1,2.931180,1,16000.0000,36.1131,4.870000,0.15,4.0,auto
1142,575,29,centroid_connector,1,0.862670,1,49500.0000,30.0000,1.725340,0.15,4.0,auto
1143,575,528,arterial,1,1.146090,1,4000.0000,78.1425,0.880000,0.15,4.0,auto
1144,575,530,arterial,1,2.515090,1,5000.0000,55.0750,2.739998,0.15,4.0,auto
1145,575,574,arterial,1,2.931180,1,16000.0000,36.1131,4.870000,0.15,4.0,auto
1146,575,580,arterial,1,3.654400,1,4000.0000,36.2420,6.049997,0.15,4.0,auto
1147,575,581,arterial,1,2.623710,1,15000.0000,38.2094,4.119997,0.15,4.0,auto
1148,576,30,centroid_connector,1,0.862670,1,49500.0000,30.0000,1.725340,0.15,4.0,auto
1149,576,572,arterial,1,2.379780,1,8500.0000,33.9969,4.199995,0.15,4.0,auto
1150,576,577,arterial,1,3.033490,1,2000.0000,28.5281,6.380004,0.15,4.0,auto
1151,576,578,arterial,1,3.442580,1,2000.0000,32.5796,6.340004,0.15,4.0,auto
1152,576,637,arterial,1,3.255370,1,4000.0000,33.6762,5.800007,0.15,4.0,auto
1153,576,643,arterial,1,1.657140,1,3000.0000,28.1667,3.529998,0.15,4.0,auto
1154,577,31,centroid_connector,1,0.862670,1,49500.0000,30.0000,1.725340,0.15,4.0,auto
1155,577,530,arterial,1,0.818400,1,5000.0000,17.4747,2.810005,0.15,4.0,auto
1156,577,545,arterial,1,1.835080,1,4000.0000,30.4999,3.610005,0.15,4.0,auto
1157,577,573,arterial,1,2.938150,1,6500.0000,35.9041,4.909996,0.15,4.0,auto
1158,577,576,arterial,1,3.033490,1,2000.0000,28.5281,6.380004,0.15,4.0,auto
1159,577,578,arterial,1,2.512130,1,8000.0000,32.5546,4.630000,0.15,4.0,auto
1160,578,32,centroid_connector,1,0.862670,1,49500.0000,30.0000,1.725340,0.15,4.0,auto
1161,578,507,arterial,1,5.156570,1,1500.0000,38.2440,8.090006,0.15,4.0,auto
1162,578,524,arterial,1,2.745680,1,5500.0000,35.2764,4.670000,0.15,4.0,auto
1163,578,576,arterial,1,3.442580,1,2000.0000,32.5796,6.340004,0.15,4.0,auto
1164,578,577,arterial,1,2.512130,1,8000.0000,32.5546,4.630000,0.15,4.0,auto
1165,578,579,arterial,1,3.519020,1,2000.0000,29.0029,7.280003,0.15,4.0,auto
1166,578,580,arterial,1,3.050610,1,2500.0000,28.6891,6.380005,0.15,4.0,auto
1167,578,643,arterial,1,2.318800,1,12000.0000,36.7092,3.790004,0.15,4.0,auto
1168,578,645,arterial,1,3.149040,1,6000.0000,32.2978,5.850008,0.15,4.0,auto
1169,579,33,centroid_connector,1,0.862670,1,49500.0000,30.0000,1.725340,0.15,4.0,auto
1170,579,578,arterial,1,3.519020,1,2000.0000,29.0029,7.280003,0.15,4.0,auto
1171,579,580,arterial,1,2.562730,1,7500.0000,36.1797,4.250002,0.15,4.0,auto
1172,579,582,arterial,1,3.418720,1,1500.0000,40.2993,5.089994,0.15,4.0,auto
1173,579,647,arterial,1,2.266870,1,5500.0000,38.6398,3.520003,0.15,4.0,auto
1174,579,656,arterial,1,3.491950,1,3000.0000,31.6014,6.629991,0.15,4.0,auto
1175,580,34,centroid_connector,1,0.862670,1,49500.0000,30.0000,1.725340,0.15,4.0,auto
1176,580,545,arterial,1,1.104760,1,4000.0000,44.1904,1.500000,0.15,4.0,auto
1177,580,575,arterial,1,3.654400,1,4000.0000,36.2420,6.049997,0.15,4.0,auto
1178,580,578,arterial,1,3.050610,1,2500.0000,28.6891,6.380005,0.15,4.0,auto
1179,580,579,arterial,1,2.562730,1,7500.0000,36.1797,4.250002,0.15,4.0,auto
1180,580,581,arterial,1,3.654400,1,1000.0000,22.3967,9.790014,0.15,4.0,auto
1181,580,582,arterial,1,3.628350,1,3500.0000,33.5958,6.480006,0.15,4.0,auto
1182,581,35,centroid_connector,1,0.862670,1,49500.0000,30.0000,1.725340,0.15,4.0,auto
1183,581,575,arterial,1,2.623710,1,15000.0000,38.2094,4.119997,0.15,4.0,auto
1184,581,580,arterial,1,3.654400,1,1000.0000,22.3967,9.790014,0.15,4.0,auto
1185,581,582,arterial,1,3.664570,1,7500.0000,32.3344,6.800009,0.15,4.0,auto
1186,582,36,centroid_connector,1,0.862670,1,49500.0000,30.0000,1.725340,0.15,4.0,auto
1187,582,541,arterial,1,2.913350,1,2500.0000,30.3474,5.759999,0.15,4.0,auto
1188,582,579,arterial,1,3.418720,1,1500.0000,40.2993,5.089994,0.15,4.0,auto
1189,582,580,arterial,1,3.628350,1,3500.0000,33.5958,6.480006,0.15,4.0,auto
1190,582,581,arterial,1,3.664570,1,7500.0000,32.3344,6.800009,0.15,4.0,auto
1191,582,660,arterial,1,4.071950,1,3500.0000,41.5505,5.880001,0.15,4.0,auto
1192,583,37,centroid_connector,1,0.862670,1,49500.0000,30.0000,1.725340,0.15,4.0,auto
1193,583,540,arterial,1,0.742100,1,3000.0000,79.5107,0.560000,0.15,4.0,auto
1194,584,38,centroid_connector,1,0.862670,1,49500.0000,30.0000,1.725340,0.15,4.0,auto
1195,584,394,arterial,1,4.772450,1,500.0000,57.6151,4.969999,0.15,4.0,auto
1196,584,395,arterial,1,3.873860,1,3500.0000,59.9051,3.879997,0.15,4.0,auto
1197,584,586,arterial,1,4.417760,1,4000.0000,43.1001,6.150000,0.15,4.0,auto
1198,584,588,arterial,1,4.555030,1,2500.0000,45.0993,6.060001,0.15,4.0,auto
1199,584,605,arterial,1,5.247420,1,1500.0000,39.0143,8.069995,0.15,4.0,auto
1200,584,710,arterial,1,4.709260,1,1000.0000,49.3978,5.720004,0.15,4.0,auto
1201,584,712,arterial,1,4.706890,1,2000.0000,37.7558,7.480000,0.15,4.0,auto
1202,584,768,arterial,1,5.978310,1,5000.0000,35.3398,10.149990,0.15,4.0,auto
1203,584,808,arterial,1,6.269960,1,500.0000,35.3569,10.640005,0.15,4.0,auto
1204,585,39,centroid_connector,1,0.862670,1,49500.0000,30.0000,1.725340,0.15,4.0,auto
1205,585,401,arterial,1,1.000470,1,6000.0000,35.3107,1.700000,0.15,4.0,auto
1206,585,586,arterial,1,3.050000,1,3000.0000,45.6359,4.010001,0.15,4.0,auto
1207,585,587,arterial,1,2.928000,1,6000.0000,37.9438,4.630005,0.15,4.0,auto
1208,585,771,arterial,1,3.050000,1,3000.0000,47.1649,3.880004,0.15,4.0,auto
1209,586,40,centroid_connector,1,0.862670,1,49500.0000,30.0000,1.725340,0.15,4.0,auto
1210,586,584,arterial,1,4.417760,1,4000.0000,43.1001,6.150000,0.15,4.0,auto
1211,586,585,arterial,1,3.050000,1,3000.0000,45.6359,4.010001,0.15,4.0,auto
1212,586,588,arterial,1,2.928640,1,5500.0000,39.5762,4.440002,0.15,4.0,auto
1213,586,772,arterial,1,2.867650,1,3000.0000,44.9240,3.830002,0.15,4.0,auto
1214,587,41,centroid_connector,1,0.862670,1,49500.0000,30.0000,1.725340,0.15,4.0,auto
1215,587,400,arterial,1,1.009730,1,500.0000,68.8452,0.880000,0.15,4.0,auto
1216,587,585,arterial,1,2.928000,1,6000.0000,37.9438,4.630005,0.15,4.0,auto
1217,587,588,arterial,1,2.989000,1,6000.0000,37.9154,4.730004,0.15,4.0,auto
1218,587,592,arterial,1,2.869590,1,6500.0000,32.0625,5.369993,0.15,4.0,auto
1219,587,604,arterial,1,2.892200,1,3500.0000,42.1194,4.120002,0.15,4.0,auto
1220,588,42,centroid_connector,1,0.862670,1,49500.0000,30.0000,1.725340,0.15,4.0,auto
1221,588,397,arterial,1,2.501000,1,3000.0000,49.6887,3.020003,0.15,4.0,auto
1222,588,584,arterial,1,4.555030,1,2500.0000,45.0993,6.060001,0.15,4.0,auto
1223,588,586,arterial,1,2.928640,1,5500.0000,39.5762,4.440002,0.15,4.0,auto
1224,588,587,arterial,1,2.989000,1,6000.0000,37.9154,4.730004,0.15,4.0,auto
1225,589,43,centroid_connector,1,0.862670,1,49500.0000,30.0000,1.725340,0.15,4.0,auto
1226,589,590,arterial,1,2.989620,1,4500.0000,40.0396,4.479995,0.15,4.0,auto
1227,589,591,arterial,1,2.867000,1,5500.0000,46.8719,3.670003,0.15,4.0,auto
1228,589,594,arterial,1,2.928640,1,1500.0000,42.0379,4.179999,0.15,4.0,auto
1229,589,775,arterial,1,3.172000,1,2500.0000,38.2938,4.969995,0.15,4.0,auto
1230,590,44,centroid_connector,1,0.862670,1,49500.0000,30.0000,1.725340,0.15,4.0,auto
1231,590,401,arterial,1,2.220430,1,6000.0000,73.6054,1.810000,0.15,4.0,auto
1232,590,589,arterial,1,2.989620,1,4500.0000,40.0396,4.479995,0.15,4.0,auto
1233,590,592,arterial,1,3.050610,1,10000.0000,42.7656,4.279996,0.15,4.0,auto
1234,590,776,arterial,1,3.111000,1,7500.0000,39.2143,4.759998,0.15,4.0,auto
1235,591,45,centroid_connector,1,0.862670,1,49500.0000,30.0000,1.725340,0.15,4.0,auto
1236,591,441,arterial,1,1.871220,1,6000.0000,35.1954,3.189996,0.15,4.0,auto
1237,591,589,arterial,1,2.867000,1,5500.0000,46.8719,3.670003,0.15,4.0,auto
1238,591,592,arterial,1,3.052440,1,5500.0000,39.7281,4.609996,0.15,4.0,auto
1239,591,608,arterial,1,2.994600,1,3500.0000,34.4207,5.219998,0.15,4.0,auto
1240,591,613,arterial,1,2.728000,1,5000.0000,43.3016,3.779999,0.15,4.0,auto
1241,592,46,centroid_connector,1,0.862670,1,49500.0000,30.0000,1.725340,0.15,4.0,auto
1242,592,587,arterial,1,2.869590,1,6500.0000,32.0625,5.369993,0.15,4.0,auto
1243,592,590,arterial,1,3.050610,1,10000.0000,42.7656,4.279996,0.15,4.0,auto
1244,592,591,arterial,1,3.052440,1,5500.0000,39.7281,4.609996,0.15,4.0,auto
1245,592,608,arterial,1,2.761890,1,4000.0000,37.9207,4.369998,0.15,4.0,auto
1246,592,609,arterial,1,2.814610,1,2500.0000,33.5073,5.039994,0.15,4.0,auto
1247,593,47,centroid_connector,1,0.862670,1,49500.0000,30.0000,1.725340,0.15,4.0,auto
1248,593,429,arterial,1,1.000470,1,6500.0000,25.1164,2.390000,0.15,4.0,auto
1249,593,431,arterial,1,0.682000,1,4000.0000,32.2205,1.269999,0.15,4.0,auto
1250,593,594,arterial,1,2.928000,1,6500.0000,38.6960,4.540004,0.15,4.0,auto
1251,593,595,arterial,1,2.928640,1,3500.0000,41.9376,4.189997,0.15,4.0,auto
1252,594,48,centroid_connector,1,0.862670,1,49500.0000,30.0000,1.725340,0.15,4.0,auto
1253,594,427,arterial,1,0.744600,1,7000.0000,31.2420,1.429998,0.15,4.0,auto
1254,594,589,arterial,1,2.928640,1,1500.0000,42.0379,4.179999,0.15,4.0,auto
1255,594,593,arterial,1,2.928000,1,6500.0000,38.6960,4.540004,0.15,4.0,auto
1256,594,596,arterial,1,2.928000,1,3000.0000,37.9438,4.630005,0.15,4.0,auto
1257,595,49,centroid_connector,1,0.862670,1,49500.0000,30.0000,1.725340,0.15,4.0,auto
1258,595,432,arterial,1,1.666090,1,4500.0000,31.6346,3.160002,0.15,4.0,auto
1259,595,593,arterial,1,2.928640,1,3500.0000,41.9376,4.189997,0.15,4.0,auto
1260,595,596,arterial,1,2.867000,1,3500.0000,42.0587,4.089998,0.15,4.0,auto
1261,595,612,arterial,1,2.978400,1,1500.0000,25.3122,7.059995,0.15,4.0,auto
1262,595,617,arterial,1,2.673580,1,2000.0000,34.3501,4.669995,0.15,4.0,auto
1263,596,50,centroid_connector,1,0.862670,1,49500.0000,30.0000,1.725340,0.15,4.0,auto
1264,596,441,arterial,1,1.309730,1,6000.0000,109.1442,0.720000,0.15,4.0,auto
1265,596,594,arterial,1,2.928000,1,3000.0000,37.9438,4.630005,0.15,4.0,auto
1266,596,595,arterial,1,2.867000,1,3500.0000,42.0587,4.089998,0.15,4.0,auto
1267,596,612,arterial,1,2.701270,1,3000.0000,38.3159,4.229999,0.15,4.0,auto
1268,596,613,arterial,1,2.978400,1,500.0000,29.3438,6.090009,0.15,4.0,auto
1269,597,51,centroid_connector,1,0.862670,1,49500.0000,30.0000,1.725340,0.15,4.0,auto
1270,597,431,arterial,1,2.428540,1,4000.0000,50.0730,2.909999,0.15,4.0,auto
1271,597,599,arterial,1,2.898620,1,3500.0000,38.3923,4.530002,0.15,4.0,auto
1272,597,778,arterial,1,4.135870,1,500.0000,23.3226,10.639989,0.15,4.0,auto
1273,598,52,centroid_connector,1,0.862670,1,49500.0000,30.0000,1.725340,0.15,4.0,auto
1274,598,599,arterial,1,2.574320,1,6500.0000,36.3433,4.250005,0.15,4.0,auto
1275,598,616,arterial,1,2.114860,1,2500.0000,28.1356,4.510002,0.15,4.0,auto
1276,598,620,arterial,1,1.858250,1,3500.0000,28.2266,3.949998,0.15,4.0,auto
1277,599,53,centroid_connector,1,0.862670,1,49500.0000,30.0000,1.725340,0.15,4.0,auto
1278,599,432,arterial,1,1.563550,1,4500.0000,70.5361,1.330000,0.15,4.0,auto
1279,599,597,arterial,1,2.898620,1,3500.0000,38.3923,4.530002,0.15,4.0,auto
1280,599,598,arterial,1,2.574320,1,6500.0000,36.3433,4.250005,0.15,4.0,auto
1281,599,616,arterial,1,2.731410,1,3000.0000,27.8715,5.880006,0.15,4.0,auto
1282,599,617,arterial,1,2.867650,1,1500.0000,37.8985,4.539995,0.15,4.0,auto
1283,600,54,centroid_connector,1,0.862670,1,49500.0000,30.0000,1.725340,0.15,4.0,auto
1284,600,395,arterial,1,0.829690,1,3500.0000,36.6040,1.359999,0.15,4.0,auto
1285,600,601,arterial,1,3.052440,1,1500.0000,48.9696,3.740002,0.15,4.0,auto
1286,600,602,arterial,1,2.623000,1,6000.0000,47.4036,3.320001,0.15,4.0,auto
1287,600,605,arterial,1,2.867650,1,5000.0000,47.0107,3.659997,0.15,4.0,auto
1288,601,55,centroid_connector,1,0.862670,1,49500.0000,30.0000,1.725340,0.15,4.0,auto
1289,601,394,arterial,1,0.562390,1,500.0000,19.2819,1.750004,0.15,4.0,auto
1290,601,600,arterial,1,3.052440,1,1500.0000,48.9696,3.740002,0.15,4.0,auto
1291,601,603,arterial,1,2.501000,1,1500.0000,38.4769,3.900002,0.15,4.0,auto
1292,601,716,arterial,1,2.928000,1,3000.0000,33.9807,5.169994,0.15,4.0,auto
1293,602,56,centroid_connector,1,0.862670,1,49500.0000,30.0000,1.725340,0.15,4.0,auto
1294,602,600,arterial,1,2.623000,1,6000.0000,47.4036,3.320001,0.15,4.0,auto
1295,602,603,arterial,1,3.050000,1,4000.0000,47.9058,3.819997,0.15,4.0,auto
1296,602,607,arterial,1,2.872830,1,3000.0000,38.0507,4.530003,0.15,4.0,auto
1297,602,671,arterial,1,2.869590,1,3500.0000,36.4778,4.720005,0.15,4.0,auto
1298,603,57,centroid_connector,1,0.862670,1,49500.0000,30.0000,1.725340,0.15,4.0,auto
1299,603,601,arterial,1,2.501000,1,1500.0000,38.4769,3.900002,0.15,4.0,auto
1300,603,602,arterial,1,3.050000,1,4000.0000,47.9058,3.819997,0.15,4.0,auto
1301,603,672,arterial,1,3.050610,1,2000.0000,48.4224,3.779999,0.15,4.0,auto
1302,603,718,arterial,1,2.991490,1,1000.0000,44.9848,3.990001,0.15,4.0,auto
1303,604,58,centroid_connector,1,0.862670,1,49500.0000,30.0000,1.725340,0.15,4.0,auto
1304,604,397,arterial,1,1.104760,1,3000.0000,51.7856,1.280001,0.15,4.0,auto
1305,604,399,arterial,1,1.699260,1,7000.0000,30.7095,3.320002,0.15,4.0,auto
1306,604,587,arterial,1,2.892200,1,3500.0000,42.1194,4.120002,0.15,4.0,auto
1307,604,605,arterial,1,2.869590,1,3500.0000,42.0967,4.089998,0.15,4.0,auto
1308,604,606,arterial,1,2.501000,1,3500.0000,40.4474,3.710004,0.15,4.0,auto
1309,605,59,centroid_connector,1,0.862670,1,49500.0000,30.0000,1.725340,0.15,4.0,auto
1310,605,584,arterial,1,5.247420,1,1500.0000,39.0143,8.069995,0.15,4.0,auto
1311,605,600,arterial,1,2.867650,1,5000.0000,47.0107,3.659997,0.15,4.0,auto
1312,605,604,arterial,1,2.869590,1,3500.0000,42.0967,4.089998,0.15,4.0,auto
1313,605,607,arterial,1,2.501000,1,2000.0000,27.2836,5.500007,0.15,4.0,auto
1314,606,60,centroid_connector,1,0.862670,1,49500.0000,30.0000,1.725340,0.15,4.0,auto
1315,606,403,arterial,1,1.203110,1,1500.0000,25.4178,2.840002,0.15,4.0,auto
1316,606,604,arterial,1,2.501000,1,3500.0000,40.4474,3.710004,0.15,4.0,auto
1317,606,607,arterial,1,2.869590,1,3500.0000,42.0967,4.089998,0.15,4.0,auto
1318,606,675,arterial,1,3.113390,1,3500.0000,29.1880,6.400007,0.15,4.0,auto
1319,607,61,centroid_connector,1,0.862670,1,49500.0000,30.0000,1.725340,0.15,4.0,auto
1320,607,602,arterial,1,2.872830,1,3000.0000,38.0507,4.530003,0.15,4.0,auto
1321,607,605,arterial,1,2.501000,1,2000.0000,27.2836,5.500007,0.15,4.0,auto
1322,607,606,arterial,1,2.869590,1,3500.0000,42.0967,4.089998,0.15,4.0,auto
1323,607,676,arterial,1,3.111000,1,500.0000,27.1703,6.870001,0.15,4.0,auto
1324,608,62,centroid_connector,1,0.862670,1,49500.0000,30.0000,1.725340,0.15,4.0,auto
1325,608,537,arterial,1,2.693000,1,5500.0000,48.8157,3.310001,0.15,4.0,auto
1326,608,591,arterial,1,2.994600,1,3500.0000,34.4207,5.219998,0.15,4.0,auto
1327,608,592,arterial,1,2.761890,1,4000.0000,37.9207,4.369998,0.15,4.0,auto
1328,608,609,arterial,1,2.806660,1,6500.0000,38.0995,4.419995,0.15,4.0,auto
1329,608,613,arterial,1,2.867650,1,4500.0000,40.0137,4.300002,0.15,4.0,auto
1330,609,63,centroid_connector,1,0.862670,1,49500.0000,30.0000,1.725340,0.15,4.0,auto
1331,609,399,arterial,1,1.364000,1,7000.0000,93.0000,0.880000,0.15,4.0,auto
1332,609,400,arterial,1,2.507690,1,500.0000,22.3901,6.719997,0.15,4.0,auto
1333,609,592,arterial,1,2.814610,1,2500.0000,33.5073,5.039994,0.15,4.0,auto
1334,609,608,arterial,1,2.806660,1,6500.0000,38.0995,4.419995,0.15,4.0,auto
1335,609,611,arterial,1,2.501740,1,3000.0000,39.3975,3.809998,0.15,4.0,auto
1336,610,64,centroid_connector,1,0.862670,1,49500.0000,30.0000,1.725340,0.15,4.0,auto
1337,610,537,arterial,1,0.622080,1,5500.0000,46.0800,0.810000,0.15,4.0,auto
1338,610,611,arterial,1,2.745680,1,6500.0000,44.1664,3.730003,0.15,4.0,auto
1339,610,615,arterial,1,2.933710,1,8500.0000,42.0102,4.189997,0.15,4.0,auto
1340,610,679,arterial,1,3.050610,1,6500.0000,38.3725,4.769994,0.15,4.0,auto
1341,611,65,centroid_connector,1,0.862670,1,49500.0000,30.0000,1.725340,0.15,4.0,auto
1342,611,403,arterial,1,1.928990,1,1500.0000,55.9128,2.069998,0.15,4.0,auto
1343,611,609,arterial,1,2.501740,1,3000.0000,39.3975,3.809998,0.15,4.0,auto
1344,611,610,arterial,1,2.745680,1,6500.0000,44.1664,3.730003,0.15,4.0,auto
1345,611,680,arterial,1,2.928640,1,4500.0000,40.4881,4.340001,0.15,4.0,auto
1346,612,66,centroid_connector,1,0.862670,1,49500.0000,30.0000,1.725340,0.15,4.0,auto
1347,612,440,arterial,1,2.337980,1,2000.0000,53.1359,2.640000,0.15,4.0,auto
1348,612,595,arterial,1,2.978400,1,1500.0000,25.3122,7.059995,0.15,4.0,auto
1349,612,596,arterial,1,2.701270,1,3000.0000,38.3159,4.229999,0.15,4.0,auto
1350,612,614,arterial,1,2.318000,1,5500.0000,32.5714,4.270004,0.15,4.0,auto
1351,612,617,arterial,1,2.928640,1,5000.0000,40.0270,4.389997,0.15,4.0,auto
1352,613,67,centroid_connector,1,0.862670,1,49500.0000,30.0000,1.725340,0.15,4.0,auto
1353,613,440,arterial,1,0.862670,1,2000.0000,27.5320,1.880001,0.15,4.0,auto
1354,613,591,arterial,1,2.728000,1,5000.0000,43.3016,3.779999,0.15,4.0,auto
1355,613,596,arterial,1,2.978400,1,500.0000,29.3438,6.090009,0.15,4.0,auto
1356,613,608,arterial,1,2.867650,1,4500.0000,40.0137,4.300002,0.15,4.0,auto
1357,613,615,arterial,1,2.379780,1,10000.0000,39.5531,3.610003,0.15,4.0,auto
1358,614,68,centroid_connector,1,0.862670,1,49500.0000,30.0000,1.725340,0.15,4.0,auto
1359,614,439,arterial,1,2.337980,1,6000.0000,51.5731,2.719999,0.15,4.0,auto
1360,614,554,arterial,1,3.024270,1,3500.0000,36.0032,5.040002,0.15,4.0,auto
1361,614,612,arterial,1,2.318000,1,5500.0000,32.5714,4.270004,0.15,4.0,auto
1362,614,619,arterial,1,3.011320,1,3500.0000,31.9786,5.650003,0.15,4.0,auto
1363,614,622,arterial,1,3.412730,1,4000.0000,33.7894,6.060001,0.15,4.0,auto
1364,615,69,centroid_connector,1,0.862670,1,49500.0000,30.0000,1.725340,0.15,4.0,auto
1365,615,439,arterial,1,0.776400,1,6000.0000,24.0124,1.939998,0.15,4.0,auto
1366,615,536,arterial,1,1.747840,1,2000.0000,68.9937,1.520000,0.15,4.0,auto
1367,615,610,arterial,1,2.933710,1,8500.0000,42.0102,4.189997,0.15,4.0,auto
1368,615,613,arterial,1,2.379780,1,10000.0000,39.5531,3.610003,0.15,4.0,auto
1369,615,622,arterial,1,3.149040,1,4000.0000,37.5631,5.030000,0.15,4.0,auto
1370,616,70,centroid_connector,1,0.862670,1,49500.0000,30.0000,1.725340,0.15,4.0,auto
1371,616,433,arterial,1,2.799360,1,9500.0000,49.4005,3.399998,0.15,4.0,auto
1372,616,598,arterial,1,2.114860,1,2500.0000,28.1356,4.510002,0.15,4.0,auto
1373,616,599,arterial,1,2.731410,1,3000.0000,27.8715,5.880006,0.15,4.0,auto
1374,616,618,arterial,1,1.894930,1,6500.0000,35.7534,3.180000,0.15,4.0,auto
1375,616,620,arterial,1,1.891980,1,5500.0000,29.9522,3.789999,0.15,4.0,auto
1376,617,71,centroid_connector,1,0.862670,1,49500.0000,30.0000,1.725340,0.15,4.0,auto
1377,617,433,arterial,1,0.764330,1,9500.0000,30.5732,1.500000,0.15,4.0,auto
1378,617,595,arterial,1,2.673580,1,2000.0000,34.3501,4.669995,0.15,4.0,auto
1379,617,599,arterial,1,2.867650,1,1500.0000,37.8985,4.539995,0.15,4.0,auto
1380,617,612,arterial,1,2.928640,1,5000.0000,40.0270,4.389997,0.15,4.0,auto
1381,617,619,arterial,1,2.013920,1,10500.0000,35.9629,3.359996,0.15,4.0,auto
1382,618,72,centroid_connector,1,0.862670,1,49500.0000,30.0000,1.725340,0.15,4.0,auto
1383,618,434,arterial,1,3.170240,1,9000.0000,46.1685,4.120004,0.15,4.0,auto
1384,618,548,arterial,1,1.952950,1,7500.0000,33.2889,3.520002,0.15,4.0,auto
1385,618,552,arterial,1,2.651220,1,5000.0000,36.6528,4.340001,0.15,4.0,auto
1386,618,616,arterial,1,1.894930,1,6500.0000,35.7534,3.180000,0.15,4.0,auto
1387,618,621,arterial,1,2.086520,1,3500.0000,32.2658,3.879997,0.15,4.0,auto
1388,619,73,centroid_connector,1,0.862670,1,49500.0000,30.0000,1.725340,0.15,4.0,auto
1389,619,434,arterial,1,0.636860,1,9000.0000,58.7871,0.650000,0.15,4.0,auto
1390,619,552,arterial,1,3.086990,1,9500.0000,38.5874,4.799997,0.15,4.0,auto
1391,619,554,arterial,1,2.798700,1,2500.0000,33.7871,4.970003,0.15,4.0,auto
1392,619,614,arterial,1,3.011320,1,3500.0000,31.9786,5.650003,0.15,4.0,auto
1393,619,617,arterial,1,2.013920,1,10500.0000,35.9629,3.359996,0.15,4.0,auto
1394,620,74,centroid_connector,1,0.862670,1,49500.0000,30.0000,1.725340,0.15,4.0,auto
1395,620,598,arterial,1,1.858250,1,3500.0000,28.2266,3.949998,0.15,4.0,auto
1396,620,616,arterial,1,1.891980,1,5500.0000,29.9522,3.789999,0.15,4.0,auto
1397,620,621,arterial,1,1.403000,1,3000.0000,32.2529,2.609998,0.15,4.0,auto
1398,621,75,centroid_connector,1,0.862670,1,49500.0000,30.0000,1.725340,0.15,4.0,auto
1399,621,547,arterial,1,1.583650,1,5500.0000,32.8785,2.890004,0.15,4.0,auto
1400,621,618,arterial,1,2.086520,1,3500.0000,32.2658,3.879997,0.15,4.0,auto
1401,621,620,arterial,1,1.403000,1,3000.0000,32.2529,2.609998,0.15,4.0,auto
1402,622,76,centroid_connector,1,0.862670,1,49500.0000,30.0000,1.725340,0.15,4.0,auto
1403,622,540,arterial,1,2.046000,1,3000.0000,70.1486,1.749999,0.15,4.0,auto
1404,622,554,arterial,1,3.732480,1,2000.0000,38.6785,5.790007,0.15,4.0,auto
1405,622,555,arterial,1,3.135420,1,4500.0000,38.4714,4.890001,0.15,4.0,auto
1406,622,614,arterial,1,3.412730,1,4000.0000,33.7894,6.060001,0.15,4.0,auto
1407,622,615,arterial,1,3.149040,1,4000.0000,37.5631,5.030000,0.15,4.0,auto
1408,622,623,arterial,1,3.228390,1,3500.0000,38.5863,5.020005,0.15,4.0,auto
1409,622,625,arterial,1,2.740250,1,2500.0000,34.2531,4.800004,0.15,4.0,auto
1410,623,77,centroid_connector,1,0.862670,1,49500.0000,30.0000,1.725340,0.15,4.0,auto
1411,623,622,arterial,1,3.228390,1,3500.0000,38.5863,5.020005,0.15,4.0,auto
1412,623,624,arterial,1,2.943840,1,6500.0000,28.2157,6.260004,0.15,4.0,auto
1413,623,627,arterial,1,3.050610,1,5500.0000,37.8958,4.829997,0.15,4.0,auto
1414,623,681,arterial,1,2.877360,1,4000.0000,40.0561,4.309995,0.15,4.0,auto
1415,624,78,centroid_connector,1,0.862670,1,49500.0000,30.0000,1.725340,0.15,4.0,auto
1416,624,555,arterial,1,1.611600,1,5500.0000,36.0806,2.680000,0.15,4.0,auto
1417,624,556,arterial,1,3.852190,1,1000.0000,24.9064,9.280000,0.15,4.0,auto
1418,624,557,arterial,1,4.449660,1,2000.0000,28.8627,9.249987,0.15,4.0,auto
1419,624,623,arterial,1,2.943840,1,6500.0000,28.2157,6.260004,0.15,4.0,auto
1420,624,626,arterial,1,2.690230,1,9500.0000,36.4365,4.430003,0.15,4.0,auto
1421,625,79,centroid_connector,1,0.862670,1,49500.0000,30.0000,1.725340,0.15,4.0,auto
1422,625,554,arterial,1,1.844180,1,7000.0000,32.6404,3.389995,0.15,4.0,auto
1423,625,555,arterial,1,1.104760,1,13500.0000,41.9529,1.580000,0.15,4.0,auto
1424,625,622,arterial,1,2.740250,1,2500.0000,34.2531,4.800004,0.15,4.0,auto
1425,626,80,centroid_connector,1,0.862670,1,49500.0000,30.0000,1.725340,0.15,4.0,auto
1426,626,485,arterial,1,1.756330,1,6500.0000,62.7261,1.679999,0.15,4.0,auto
1427,626,624,arterial,1,2.690230,1,9500.0000,36.4365,4.430003,0.15,4.0,auto
1428,626,627,arterial,1,3.050610,1,13000.0000,35.8895,5.100004,0.15,4.0,auto
1429,626,630,arterial,1,2.074900,1,11000.0000,28.8181,4.319993,0.15,4.0,auto
1430,627,81,centroid_connector,1,0.862670,1,49500.0000,30.0000,1.725340,0.15,4.0,auto
1431,627,484,arterial,1,1.736090,1,6000.0000,52.6088,1.980000,0.15,4.0,auto
1432,627,486,arterial,1,2.103390,1,6500.0000,56.8484,2.219999,0.15,4.0,auto
1433,627,623,arterial,1,3.050610,1,5500.0000,37.8958,4.829997,0.15,4.0,auto
1434,627,626,arterial,1,3.050610,1,13000.0000,35.8895,5.100004,0.15,4.0,auto
1435,628,82,centroid_connector,1,0.862670,1,49500.0000,30.0000,1.725340,0.15,4.0,auto
1436,628,485,arterial,1,1.364000,1,6500.0000,28.8169,2.840000,0.15,4.0,auto
1437,628,629,arterial,1,2.872830,1,6000.0000,36.0606,4.780004,0.15,4.0,auto
1438,628,631,arterial,1,3.111000,1,6500.0000,28.4977,6.550002,0.15,4.0,auto
1439,628,632,arterial,1,2.994600,1,5000.0000,36.0072,4.990002,0.15,4.0,auto
1440,629,83,centroid_connector,1,0.862670,1,49500.0000,30.0000,1.725340,0.15,4.0,auto
1441,629,479,arterial,1,2.237960,1,3000.0000,63.3385,2.120000,0.15,4.0,auto
1442,629,484,arterial,1,1.528660,1,6000.0000,25.1287,3.649994,0.15,4.0,auto
1443,629,628,arterial,1,2.872830,1,6000.0000,36.0606,4.780004,0.15,4.0,auto
1444,629,633,arterial,1,2.930540,1,6000.0000,35.9575,4.890006,0.15,4.0,auto
1445,630,84,centroid_connector,1,0.862670,1,49500.0000,30.0000,1.725340,0.15,4.0,auto
1446,630,489,arterial,1,1.725340,1,3500.0000,38.6270,2.680001,0.15,4.0,auto
1447,630,557,arterial,1,1.717780,1,8500.0000,27.4845,3.749997,0.15,4.0,auto
1448,630,626,arterial,1,2.074900,1,11000.0000,28.8181,4.319993,0.15,4.0,auto
1449,631,85,centroid_connector,1,0.862670,1,49500.0000,30.0000,1.725340,0.15,4.0,auto
1450,631,489,arterial,1,1.769000,1,3500.0000,25.0922,4.230000,0.15,4.0,auto
1451,631,490,arterial,1,1.198460,1,5000.0000,18.9231,3.799990,0.15,4.0,auto
1452,631,559,arterial,1,3.265640,1,5000.0000,32.1210,6.100009,0.15,4.0,auto
1453,631,566,arterial,1,2.890270,1,2000.0000,23.8209,7.280002,0.15,4.0,auto
1454,631,571,arterial,1,3.847350,1,2000.0000,34.3003,6.729999,0.15,4.0,auto
1455,631,628,arterial,1,3.111000,1,6500.0000,28.4977,6.550002,0.15,4.0,auto
1456,631,636,arterial,1,2.199390,1,6500.0000,30.1976,4.369996,0.15,4.0,auto
1457,632,86,centroid_connector,1,0.862670,1,49500.0000,30.0000,1.725340,0.15,4.0,auto
1458,632,502,arterial,1,1.642480,1,1500.0000,59.0113,1.669999,0.15,4.0,auto
1459,632,571,arterial,1,3.226090,1,2500.0000,24.9440,7.759998,0.15,4.0,auto
1460,632,628,arterial,1,2.994600,1,5000.0000,36.0072,4.990002,0.15,4.0,auto
1461,632,633,arterial,1,2.930540,1,8000.0000,38.8151,4.530000,0.15,4.0,auto
1462,632,636,arterial,1,2.915900,1,2500.0000,41.9554,4.170000,0.15,4.0,auto
1463,633,87,centroid_connector,1,0.862670,1,49500.0000,30.0000,1.725340,0.15,4.0,auto
1464,633,478,arterial,1,1.970970,1,5500.0000,61.9153,1.910000,0.15,4.0,auto
1465,633,503,arterial,1,3.050610,1,7000.0000,52.2962,3.499998,0.15,4.0,auto
1466,633,629,arterial,1,2.930540,1,6000.0000,35.9575,4.890006,0.15,4.0,auto
1467,633,632,arterial,1,2.930540,1,8000.0000,38.8151,4.530000,0.15,4.0,auto
1468,634,88,centroid_connector,1,0.862670,1,49500.0000,30.0000,1.725340,0.15,4.0,auto
1469,634,502,arterial,1,1.586000,1,1500.0000,24.3376,3.909999,0.15,4.0,auto
1470,634,505,arterial,1,1.794060,1,6000.0000,72.7322,1.479999,0.15,4.0,auto
1471,634,571,arterial,1,3.773130,1,2000.0000,35.9346,6.299995,0.15,4.0,auto
1472,634,635,arterial,1,2.930540,1,3500.0000,45.5524,3.860003,0.15,4.0,auto
1473,634,637,arterial,1,2.928000,1,4500.0000,32.4133,5.419997,0.15,4.0,auto
1474,635,89,centroid_connector,1,0.862670,1,49500.0000,30.0000,1.725340,0.15,4.0,auto
1475,635,504,arterial,1,0.711380,1,7000.0000,94.8507,0.450000,0.15,4.0,auto
1476,635,634,arterial,1,2.930540,1,3500.0000,45.5524,3.860003,0.15,4.0,auto
1477,635,640,arterial,1,2.930540,1,1000.0000,48.3056,3.640000,0.15,4.0,auto
1478,635,705,arterial,1,2.928000,1,5500.0000,41.5319,4.230002,0.15,4.0,auto
1479,636,90,centroid_connector,1,0.862670,1,49500.0000,30.0000,1.725340,0.15,4.0,auto
1480,636,501,arterial,1,1.067060,1,5500.0000,103.2639,0.620000,0.15,4.0,auto
1481,636,631,arterial,1,2.199390,1,6500.0000,30.1976,4.369996,0.15,4.0,auto
1482,636,632,arterial,1,2.915900,1,2500.0000,41.9554,4.170000,0.15,4.0,auto
1483,637,91,centroid_connector,1,0.862670,1,49500.0000,30.0000,1.725340,0.15,4.0,auto
1484,637,571,arterial,1,2.142830,1,3500.0000,28.6347,4.490000,0.15,4.0,auto
1485,637,572,arterial,1,3.628350,1,2500.0000,33.7521,6.449999,0.15,4.0,auto
1486,637,576,arterial,1,3.255370,1,4000.0000,33.6762,5.800007,0.15,4.0,auto
1487,637,634,arterial,1,2.928000,1,4500.0000,32.4133,5.419997,0.15,4.0,auto
1488,637,644,arterial,1,2.869590,1,5000.0000,38.3464,4.490002,0.15,4.0,auto
1489,638,92,centroid_connector,1,0.862670,1,49500.0000,30.0000,1.725340,0.15,4.0,auto
1490,638,640,arterial,1,5.478470,1,1500.0000,49.5789,6.630002,0.15,4.0,auto
1491,638,642,arterial,1,4.473430,1,3000.0000,49.3393,5.440000,0.15,4.0,auto
1492,638,707,arterial,1,3.242190,1,2500.0000,47.2164,4.119996,0.15,4.0,auto
1493,638,815,arterial,1,4.392420,1,2000.0000,46.0743,5.720004,0.15,4.0,auto
1494,638,825,arterial,1,3.034100,1,1000.0000,50.1504,3.630001,0.15,4.0,auto
1495,638,826,arterial,1,3.000800,1,1500.0000,37.5100,4.800000,0.15,4.0,auto
1496,639,93,centroid_connector,1,0.862670,1,49500.0000,30.0000,1.725340,0.15,4.0,auto
1497,639,505,arterial,1,1.392350,1,6000.0000,34.5211,2.419998,0.15,4.0,auto
1498,639,506,arterial,1,0.862670,1,5000.0000,28.7557,1.799998,0.15,4.0,auto
1499,639,640,arterial,1,2.930540,1,3000.0000,50.0947,3.510000,0.15,4.0,auto
1500,639,641,arterial,1,3.050610,1,8500.0000,38.5340,4.750003,0.15,4.0,auto
1501,640,94,centroid_connector,1,0.862670,1,49500.0000,30.0000,1.725340,0.15,4.0,auto
1502,640,635,arterial,1,2.930540,1,1000.0000,48.3056,3.640000,0.15,4.0,auto
1503,640,638,arterial,1,5.478470,1,1500.0000,49.5789,6.630002,0.15,4.0,auto
1504,640,639,arterial,1,2.930540,1,3000.0000,50.0947,3.510000,0.15,4.0,auto
1505,640,642,arterial,1,2.930540,1,2000.0000,40.0529,4.390004,0.15,4.0,auto
1506,641,95,centroid_connector,1,0.862670,1,49500.0000,30.0000,1.725340,0.15,4.0,auto
1507,641,639,arterial,1,3.050610,1,8500.0000,38.5340,4.750003,0.15,4.0,auto
1508,641,642,arterial,1,2.867000,1,6500.0000,48.4563,3.550003,0.15,4.0,auto
1509,641,646,arterial,1,2.930540,1,7000.0000,45.0852,3.900003,0.15,4.0,auto
1510,641,648,arterial,1,2.989620,1,500.0000,38.3285,4.679995,0.15,4.0,auto
1511,642,96,centroid_connector,1,0.862670,1,49500.0000,30.0000,1.725340,0.15,4.0,auto
1512,642,638,arterial,1,4.473430,1,3000.0000,49.3393,5.440000,0.15,4.0,auto
1513,642,640,arterial,1,2.930540,1,2000.0000,40.0529,4.390004,0.15,4.0,auto
1514,642,641,arterial,1,2.867000,1,6500.0000,48.4563,3.550003,0.15,4.0,auto
1515,642,649,arterial,1,3.052440,1,2000.0000,42.6915,4.289997,0.15,4.0,auto
1516,643,97,centroid_connector,1,0.862670,1,49500.0000,30.0000,1.725340,0.15,4.0,auto
1517,643,576,arterial,1,1.657140,1,3000.0000,28.1667,3.529998,0.15,4.0,auto
1518,643,578,arterial,1,2.318800,1,12000.0000,36.7092,3.790004,0.15,4.0,auto
1519,643,644,arterial,1,2.908240,1,8000.0000,35.3944,4.930000,0.15,4.0,auto
1520,644,98,centroid_connector,1,0.862670,1,49500.0000,30.0000,1.725340,0.15,4.0,auto
1521,644,506,arterial,1,2.413170,1,5000.0000,55.9036,2.589998,0.15,4.0,auto
1522,644,637,arterial,1,2.869590,1,5000.0000,38.3464,4.490002,0.15,4.0,auto
1523,644,643,arterial,1,2.908240,1,8000.0000,35.3944,4.930000,0.15,4.0,auto
1524,644,646,arterial,1,2.989620,1,5500.0000,34.2977,5.230007,0.15,4.0,auto
1525,645,99,centroid_connector,1,0.862670,1,49500.0000,30.0000,1.725340,0.15,4.0,auto
1526,645,578,arterial,1,3.149040,1,6000.0000,32.2978,5.850008,0.15,4.0,auto
1527,645,646,arterial,1,3.099020,1,6000.0000,42.0681,4.420005,0.15,4.0,auto
1528,645,647,arterial,1,2.507690,1,10000.0000,37.8996,3.970000,0.15,4.0,auto
1529,645,652,arterial,1,2.382130,1,10000.0000,37.4157,3.819995,0.15,4.0,auto
1530,646,100,centroid_connector,1,0.862670,1,49500.0000,30.0000,1.725340,0.15,4.0,auto
1531,646,507,arterial,1,0.272800,1,1500.0000,10.8397,1.510005,0.15,4.0,auto
1532,646,641,arterial,1,2.930540,1,7000.0000,45.0852,3.900003,0.15,4.0,auto
1533,646,644,arterial,1,2.989620,1,5500.0000,34.2977,5.230007,0.15,4.0,auto
1534,646,645,arterial,1,3.099020,1,6000.0000,42.0681,4.420005,0.15,4.0,auto
1535,646,653,arterial,1,2.930540,1,4500.0000,42.4716,4.139999,0.15,4.0,auto
1536,647,101,centroid_connector,1,0.862670,1,49500.0000,30.0000,1.725340,0.15,4.0,auto
1537,647,524,arterial,1,0.802330,1,5500.0000,30.4682,1.580001,0.15,4.0,auto
1538,647,579,arterial,1,2.266870,1,5500.0000,38.6398,3.520003,0.15,4.0,auto
1539,647,645,arterial,1,2.507690,1,10000.0000,37.8996,3.970000,0.15,4.0,auto
1540,647,657,arterial,1,2.179840,1,3500.0000,36.0304,3.630001,0.15,4.0,auto
1541,648,102,centroid_connector,1,0.862670,1,49500.0000,30.0000,1.725340,0.15,4.0,auto
1542,648,641,arterial,1,2.989620,1,500.0000,38.3285,4.679995,0.15,4.0,auto
1543,648,649,arterial,1,2.806660,1,3000.0000,37.5892,4.480000,0.15,4.0,auto
1544,648,650,arterial,1,2.933710,1,3500.0000,44.1159,3.990004,0.15,4.0,auto
1545,648,653,arterial,1,2.994600,1,5000.0000,45.4876,3.950000,0.15,4.0,auto
1546,649,103,centroid_connector,1,0.862670,1,49500.0000,30.0000,1.725340,0.15,4.0,auto
1547,649,642,arterial,1,3.052440,1,2000.0000,42.6915,4.289997,0.15,4.0,auto
1548,649,648,arterial,1,2.806660,1,3000.0000,37.5892,4.480000,0.15,4.0,auto
1549,649,651,arterial,1,2.928640,1,2000.0000,45.0560,3.900000,0.15,4.0,auto
1550,649,825,arterial,1,3.050000,1,1500.0000,45.6359,4.010001,0.15,4.0,auto
1551,650,104,centroid_connector,1,0.862670,1,49500.0000,30.0000,1.725340,0.15,4.0,auto
1552,650,453,arterial,1,2.620160,1,500.0000,55.7481,2.819999,0.15,4.0,auto
1553,650,648,arterial,1,2.933710,1,3500.0000,44.1159,3.990004,0.15,4.0,auto
1554,650,651,arterial,1,3.050610,1,2500.0000,42.0774,4.349998,0.15,4.0,auto
1555,650,655,arterial,1,2.928000,1,3000.0000,35.5628,4.939993,0.15,4.0,auto
1556,651,105,centroid_connector,1,0.862670,1,49500.0000,30.0000,1.725340,0.15,4.0,auto
1557,651,649,arterial,1,2.928640,1,2000.0000,45.0560,3.900000,0.15,4.0,auto
1558,651,650,arterial,1,3.050610,1,2500.0000,42.0774,4.349998,0.15,4.0,auto
1559,651,827,arterial,1,2.930540,1,1000.0000,44.0683,3.989997,0.15,4.0,auto
1560,651,842,arterial,1,2.933710,1,2000.0000,39.1161,4.500004,0.15,4.0,auto
1561,652,106,centroid_connector,1,0.862670,1,49500.0000,30.0000,1.725340,0.15,4.0,auto
1562,652,452,arterial,1,2.161850,1,7000.0000,59.7747,2.169998,0.15,4.0,auto
1563,652,525,arterial,1,1.067060,1,5000.0000,24.9119,2.570001,0.15,4.0,auto
1564,652,645,arterial,1,2.382130,1,10000.0000,37.4157,3.819995,0.15,4.0,auto
1565,652,653,arterial,1,3.050000,1,4500.0000,42.6573,4.290004,0.15,4.0,auto
1566,653,107,centroid_connector,1,0.862670,1,49500.0000,30.0000,1.725340,0.15,4.0,auto
1567,653,646,arterial,1,2.930540,1,4500.0000,42.4716,4.139999,0.15,4.0,auto
1568,653,648,arterial,1,2.994600,1,5000.0000,45.4876,3.950000,0.15,4.0,auto
1569,653,652,arterial,1,3.050000,1,4500.0000,42.6573,4.290004,0.15,4.0,auto
1570,653,655,arterial,1,3.113390,1,2500.0000,38.8365,4.809996,0.15,4.0,auto
1571,654,108,centroid_connector,1,0.862670,1,49500.0000,30.0000,1.725340,0.15,4.0,auto
1572,654,451,arterial,1,2.006520,1,5000.0000,66.5145,1.809999,0.15,4.0,auto
1573,654,452,arterial,1,1.134670,1,7000.0000,29.8597,2.280003,0.15,4.0,auto
1574,654,659,arterial,1,3.050610,1,5500.0000,38.0533,4.810006,0.15,4.0,auto
1575,654,662,arterial,1,3.050610,1,5000.0000,42.0774,4.349998,0.15,4.0,auto
1576,655,109,centroid_connector,1,0.862670,1,49500.0000,30.0000,1.725340,0.15,4.0,auto
1577,655,451,arterial,1,1.227600,1,5000.0000,29.7000,2.480000,0.15,4.0,auto
1578,655,650,arterial,1,2.928000,1,3000.0000,35.5628,4.939993,0.15,4.0,auto
1579,655,653,arterial,1,3.113390,1,2500.0000,38.8365,4.809996,0.15,4.0,auto
1580,655,663,arterial,1,2.933710,1,6000.0000,40.0963,4.389996,0.15,4.0,auto
1581,656,110,centroid_connector,1,0.862670,1,49500.0000,30.0000,1.725340,0.15,4.0,auto
1582,656,579,arterial,1,3.491950,1,3000.0000,31.6014,6.629991,0.15,4.0,auto
1583,656,657,arterial,1,2.991490,1,7000.0000,31.8244,5.639993,0.15,4.0,auto
1584,656,658,arterial,1,3.050610,1,4000.0000,38.5340,4.750003,0.15,4.0,auto
1585,656,660,arterial,1,2.318000,1,3000.0000,36.3133,3.830002,0.15,4.0,auto
1586,657,111,centroid_connector,1,0.862670,1,49500.0000,30.0000,1.725340,0.15,4.0,auto
1587,657,525,arterial,1,2.237960,1,5000.0000,53.4971,2.509998,0.15,4.0,auto
1588,657,647,arterial,1,2.179840,1,3500.0000,36.0304,3.630001,0.15,4.0,auto
1589,657,656,arterial,1,2.991490,1,7000.0000,31.8244,5.639993,0.15,4.0,auto
1590,657,659,arterial,1,3.172590,1,15000.0000,36.4666,5.219993,0.15,4.0,auto
1591,658,112,centroid_connector,1,0.862670,1,49500.0000,30.0000,1.725340,0.15,4.0,auto
1592,658,510,arterial,1,1.049480,1,4000.0000,170.1859,0.370000,0.15,4.0,auto
1593,658,656,arterial,1,3.050610,1,4000.0000,38.5340,4.750003,0.15,4.0,auto
1594,658,659,arterial,1,2.989000,1,5500.0000,32.2554,5.559999,0.15,4.0,auto
1595,658,661,arterial,1,2.318800,1,6000.0000,38.3273,3.629997,0.15,4.0,auto
1596,659,113,centroid_connector,1,0.862670,1,49500.0000,30.0000,1.725340,0.15,4.0,auto
1597,659,509,arterial,1,1.099690,1,5000.0000,111.8329,0.590000,0.15,4.0,auto
1598,659,654,arterial,1,3.050610,1,5500.0000,38.0533,4.810006,0.15,4.0,auto
1599,659,657,arterial,1,3.172590,1,15000.0000,36.4666,5.219993,0.15,4.0,auto
1600,659,658,arterial,1,2.989000,1,5500.0000,32.2554,5.559999,0.15,4.0,auto
1601,660,114,centroid_connector,1,0.862670,1,49500.0000,30.0000,1.725340,0.15,4.0,auto
1602,660,582,arterial,1,4.071950,1,3500.0000,41.5505,5.880001,0.15,4.0,auto
1603,660,656,arterial,1,2.318000,1,3000.0000,36.3133,3.830002,0.15,4.0,auto
1604,660,661,arterial,1,2.989620,1,5000.0000,38.9105,4.609995,0.15,4.0,auto
1605,660,902,arterial,1,3.472180,1,4500.0000,34.4919,6.039992,0.15,4.0,auto
1606,661,115,centroid_connector,1,0.862670,1,49500.0000,30.0000,1.725340,0.15,4.0,auto
1607,661,512,arterial,1,1.099690,1,2000.0000,113.7610,0.580000,0.15,4.0,auto
1608,661,658,arterial,1,2.318800,1,6000.0000,38.3273,3.629997,0.15,4.0,auto
1609,661,660,arterial,1,2.989620,1,5000.0000,38.9105,4.609995,0.15,4.0,auto
1610,661,902,arterial,1,3.745420,1,3500.0000,28.2673,7.950006,0.15,4.0,auto
1611,662,116,centroid_connector,1,0.862670,1,49500.0000,30.0000,1.725340,0.15,4.0,auto
1612,662,449,arterial,1,2.633620,1,2000.0000,54.3014,2.910002,0.15,4.0,auto
1613,662,654,arterial,1,3.050610,1,5000.0000,42.0774,4.349998,0.15,4.0,auto
1614,662,664,arterial,1,2.991490,1,4500.0000,47.3587,3.789998,0.15,4.0,auto
1615,662,667,arterial,1,2.989000,1,2500.0000,33.2727,5.390004,0.15,4.0,auto
1616,663,117,centroid_connector,1,0.862670,1,49500.0000,30.0000,1.725340,0.15,4.0,auto
1617,663,449,arterial,1,0.682000,1,2000.0000,29.0213,1.409999,0.15,4.0,auto
1618,663,655,arterial,1,2.933710,1,6000.0000,40.0963,4.389996,0.15,4.0,auto
1619,663,665,arterial,1,2.989620,1,2000.0000,41.8129,4.289997,0.15,4.0,auto
1620,663,841,arterial,1,3.050610,1,3500.0000,43.9992,4.159998,0.15,4.0,auto
1621,664,118,centroid_connector,1,0.862670,1,49500.0000,30.0000,1.725340,0.15,4.0,auto
1622,664,448,arterial,1,2.752450,1,3500.0000,59.4054,2.780000,0.15,4.0,auto
1623,664,662,arterial,1,2.991490,1,4500.0000,47.3587,3.789998,0.15,4.0,auto
1624,664,669,arterial,1,2.928640,1,5500.0000,45.7600,3.840000,0.15,4.0,auto
1625,664,849,arterial,1,4.458010,1,5500.0000,45.4899,5.880000,0.15,4.0,auto
1626,665,119,centroid_connector,1,0.862670,1,49500.0000,30.0000,1.725340,0.15,4.0,auto
1627,665,448,arterial,1,0.656990,1,3500.0000,33.6918,1.170000,0.15,4.0,auto
1628,665,663,arterial,1,2.989620,1,2000.0000,41.8129,4.289997,0.15,4.0,auto
1629,665,843,arterial,1,2.928000,1,2000.0000,47.0992,3.730000,0.15,4.0,auto
1630,665,849,arterial,1,4.576630,1,1000.0000,42.3762,6.480001,0.15,4.0,auto
1631,666,120,centroid_connector,1,0.862670,1,49500.0000,30.0000,1.725340,0.15,4.0,auto
1632,666,510,arterial,1,2.220430,1,4000.0000,32.6534,4.079998,0.15,4.0,auto
1633,666,521,arterial,1,0.793000,1,1500.0000,86.5091,0.550000,0.15,4.0,auto
1634,666,667,arterial,1,2.989000,1,2000.0000,38.3205,4.680002,0.15,4.0,auto
1635,666,668,arterial,1,2.928640,1,3000.0000,42.0379,4.179999,0.15,4.0,auto
1636,667,121,centroid_connector,1,0.862670,1,49500.0000,30.0000,1.725340,0.15,4.0,auto
1637,667,509,arterial,1,2.161850,1,5000.0000,25.6853,5.050009,0.15,4.0,auto
1638,667,662,arterial,1,2.989000,1,2500.0000,33.2727,5.390004,0.15,4.0,auto
1639,667,666,arterial,1,2.989000,1,2000.0000,38.3205,4.680002,0.15,4.0,auto
1640,667,669,arterial,1,2.928640,1,7000.0000,40.6756,4.319995,0.15,4.0,auto
1641,668,122,centroid_connector,1,0.862670,1,49500.0000,30.0000,1.725340,0.15,4.0,auto
1642,668,519,arterial,1,0.355690,1,2000.0000,33.3459,0.640001,0.15,4.0,auto
1643,668,666,arterial,1,2.928640,1,3000.0000,42.0379,4.179999,0.15,4.0,auto
1644,668,669,arterial,1,2.989000,1,3500.0000,37.7558,4.749999,0.15,4.0,auto
1645,668,850,arterial,1,2.989000,1,4500.0000,46.7031,3.840002,0.15,4.0,auto
1646,669,123,centroid_connector,1,0.862670,1,49500.0000,30.0000,1.725340,0.15,4.0,auto
1647,669,664,arterial,1,2.928640,1,5500.0000,45.7600,3.840000,0.15,4.0,auto
1648,669,667,arterial,1,2.928640,1,7000.0000,40.6756,4.319995,0.15,4.0,auto
1649,669,668,arterial,1,2.989000,1,3500.0000,37.7558,4.749999,0.15,4.0,auto
1650,669,851,arterial,1,2.930540,1,5500.0000,38.0590,4.619995,0.15,4.0,auto
1651,670,124,centroid_connector,1,0.862670,1,49500.0000,30.0000,1.725340,0.15,4.0,auto
1652,670,512,arterial,1,3.421440,1,2000.0000,27.4447,7.480002,0.15,4.0,auto
1653,670,519,arterial,1,3.210480,1,2000.0000,61.3468,3.139998,0.15,4.0,auto
1654,670,521,arterial,1,2.728000,1,1500.0000,41.6489,3.929996,0.15,4.0,auto
1655,670,854,arterial,1,5.917310,1,500.0000,34.4363,10.310010,0.15,4.0,auto
1656,670,902,arterial,1,6.929610,1,500.0000,40.1329,10.359994,0.15,4.0,auto
1657,670,905,arterial,1,4.722680,1,1000.0000,28.3361,9.999993,0.15,4.0,auto
1658,671,125,centroid_connector,1,0.862670,1,49500.0000,30.0000,1.725340,0.15,4.0,auto
1659,671,602,arterial,1,2.869590,1,3500.0000,36.4778,4.720005,0.15,4.0,auto
1660,671,672,arterial,1,2.872830,1,2500.0000,47.0956,3.659998,0.15,4.0,auto
1661,671,673,arterial,1,2.991490,1,4500.0000,44.9848,3.990001,0.15,4.0,auto
1662,671,676,arterial,1,2.989620,1,3000.0000,45.8765,3.910002,0.15,4.0,auto
1663,672,126,centroid_connector,1,0.862670,1,49500.0000,30.0000,1.725340,0.15,4.0,auto
1664,672,603,arterial,1,3.050610,1,2000.0000,48.4224,3.779999,0.15,4.0,auto
1665,672,671,arterial,1,2.872830,1,2500.0000,47.0956,3.659998,0.15,4.0,auto
1666,672,674,arterial,1,2.989620,1,2000.0000,44.9567,3.989999,0.15,4.0,auto
1667,672,722,arterial,1,2.869590,1,1000.0000,48.0937,3.579999,0.15,4.0,auto
1668,673,127,centroid_connector,1,0.862670,1,49500.0000,30.0000,1.725340,0.15,4.0,auto
1669,673,671,arterial,1,2.991490,1,4500.0000,44.9848,3.990001,0.15,4.0,auto
1670,673,674,arterial,1,3.055490,1,3500.0000,47.8667,3.829999,0.15,4.0,auto
1671,673,678,arterial,1,2.867650,1,4000.0000,47.0107,3.659997,0.15,4.0,auto
1672,673,683,arterial,1,3.113390,1,3000.0000,43.7479,4.269997,0.15,4.0,auto
1673,674,128,centroid_connector,1,0.862670,1,49500.0000,30.0000,1.725340,0.15,4.0,auto
1674,674,672,arterial,1,2.989620,1,2000.0000,44.9567,3.989999,0.15,4.0,auto
1675,674,673,arterial,1,3.055490,1,3500.0000,47.8667,3.829999,0.15,4.0,auto
1676,674,684,arterial,1,2.928000,1,1500.0000,40.9510,4.290005,0.15,4.0,auto
1677,674,724,arterial,1,2.928000,1,2000.0000,39.0400,4.500000,0.15,4.0,auto
1678,675,129,centroid_connector,1,0.862670,1,49500.0000,30.0000,1.725340,0.15,4.0,auto
1679,675,404,arterial,1,1.543190,1,5500.0000,29.4877,3.140001,0.15,4.0,auto
1680,675,606,arterial,1,3.113390,1,3500.0000,29.1880,6.400007,0.15,4.0,auto
1681,675,676,arterial,1,2.747710,1,5500.0000,38.1626,4.320004,0.15,4.0,auto
1682,675,677,arterial,1,2.808650,1,4500.0000,42.1298,3.999995,0.15,4.0,auto
1683,676,130,centroid_connector,1,0.862670,1,49500.0000,30.0000,1.725340,0.15,4.0,auto
1684,676,607,arterial,1,3.111000,1,500.0000,27.1703,6.870001,0.15,4.0,auto
1685,676,671,arterial,1,2.989620,1,3000.0000,45.8765,3.910002,0.15,4.0,auto
1686,676,675,arterial,1,2.747710,1,5500.0000,38.1626,4.320004,0.15,4.0,auto
1687,676,678,arterial,1,2.867000,1,3500.0000,42.0587,4.089998,0.15,4.0,auto
1688,677,131,centroid_connector,1,0.862670,1,49500.0000,30.0000,1.725340,0.15,4.0,auto
1689,677,406,arterial,1,0.820670,1,3000.0000,24.6201,2.000000,0.15,4.0,auto
1690,677,675,arterial,1,2.808650,1,4500.0000,42.1298,3.999995,0.15,4.0,auto
1691,677,678,arterial,1,2.872830,1,5500.0000,38.0507,4.530003,0.15,4.0,auto
1692,677,687,arterial,1,3.050610,1,8000.0000,41.8848,4.370001,0.15,4.0,auto
1693,678,132,centroid_connector,1,0.862670,1,49500.0000,30.0000,1.725340,0.15,4.0,auto
1694,678,673,arterial,1,2.867650,1,4000.0000,47.0107,3.659997,0.15,4.0,auto
1695,678,676,arterial,1,2.867000,1,3500.0000,42.0587,4.089998,0.15,4.0,auto
1696,678,677,arterial,1,2.872830,1,5500.0000,38.0507,4.530003,0.15,4.0,auto
1697,678,688,arterial,1,2.989000,1,7500.0000,42.9043,4.180001,0.15,4.0,auto
1698,679,133,centroid_connector,1,0.862670,1,49500.0000,30.0000,1.725340,0.15,4.0,auto
1699,679,610,arterial,1,3.050610,1,6500.0000,38.3725,4.769994,0.15,4.0,auto
1700,679,680,arterial,1,2.196000,1,3500.0000,38.7529,3.400004,0.15,4.0,auto
1701,679,681,arterial,1,3.050610,1,4000.0000,39.0270,4.689999,0.15,4.0,auto
1702,680,134,centroid_connector,1,0.862670,1,49500.0000,30.0000,1.725340,0.15,4.0,auto
1703,680,404,arterial,1,1.610450,1,5500.0000,76.0843,1.269999,0.15,4.0,auto
1704,680,488,arterial,1,2.296230,1,2500.0000,46.3885,2.969999,0.15,4.0,auto
1705,680,611,arterial,1,2.928640,1,4500.0000,40.4881,4.340001,0.15,4.0,auto
1706,680,679,arterial,1,2.196000,1,3500.0000,38.7529,3.400004,0.15,4.0,auto
1707,681,135,centroid_connector,1,0.862670,1,49500.0000,30.0000,1.725340,0.15,4.0,auto
1708,681,487,arterial,1,1.642480,1,3000.0000,72.4624,1.359999,0.15,4.0,auto
1709,681,623,arterial,1,2.877360,1,4000.0000,40.0561,4.309995,0.15,4.0,auto
1710,681,679,arterial,1,3.050610,1,4000.0000,39.0270,4.689999,0.15,4.0,auto
1711,681,691,arterial,1,2.867000,1,12000.0000,43.0050,4.000000,0.15,4.0,auto
1712,682,136,centroid_connector,1,0.862670,1,49500.0000,30.0000,1.725340,0.15,4.0,auto
1713,682,406,arterial,1,2.204460,1,3000.0000,53.9868,2.449999,0.15,4.0,auto
1714,682,487,arterial,1,1.506590,1,3000.0000,29.7353,3.040003,0.15,4.0,auto
1715,682,488,arterial,1,1.015240,1,2500.0000,21.9908,2.769995,0.15,4.0,auto
1716,682,692,arterial,1,2.994600,1,8000.0000,44.9190,4.000000,0.15,4.0,auto
1717,683,137,centroid_connector,1,0.862670,1,49500.0000,30.0000,1.725340,0.15,4.0,auto
1718,683,673,arterial,1,3.113390,1,3000.0000,43.7479,4.269997,0.15,4.0,auto
1719,683,684,arterial,1,2.928000,1,2500.0000,39.0400,4.500000,0.15,4.0,auto
1720,683,685,arterial,1,2.806660,1,4000.0000,45.1473,3.730004,0.15,4.0,auto
1721,683,688,arterial,1,2.994600,1,3500.0000,42.8821,4.190000,0.15,4.0,auto
1722,684,138,centroid_connector,1,0.862670,1,49500.0000,30.0000,1.725340,0.15,4.0,auto
1723,684,674,arterial,1,2.928000,1,1500.0000,40.9510,4.290005,0.15,4.0,auto
1724,684,683,arterial,1,2.928000,1,2500.0000,39.0400,4.500000,0.15,4.0,auto
1725,684,728,arterial,1,2.928640,1,3500.0000,44.9408,3.909997,0.15,4.0,auto
1726,685,139,centroid_connector,1,0.862670,1,49500.0000,30.0000,1.725340,0.15,4.0,auto
1727,685,411,arterial,1,2.919090,1,6000.0000,57.6136,3.040001,0.15,4.0,auto
1728,685,683,arterial,1,2.806660,1,4000.0000,45.1473,3.730004,0.15,4.0,auto
1729,685,686,arterial,1,2.808650,1,1500.0000,48.1483,3.499999,0.15,4.0,auto
1730,685,690,arterial,1,3.050000,1,4000.0000,47.9058,3.819997,0.15,4.0,auto
1731,686,140,centroid_connector,1,0.862670,1,49500.0000,30.0000,1.725340,0.15,4.0,auto
1732,686,685,arterial,1,2.808650,1,1500.0000,48.1483,3.499999,0.15,4.0,auto
1733,686,730,arterial,1,2.928640,1,1000.0000,44.9408,3.909997,0.15,4.0,auto
1734,687,141,centroid_connector,1,0.862670,1,49500.0000,30.0000,1.725340,0.15,4.0,auto
1735,687,407,arterial,1,0.820670,1,6500.0000,28.7954,1.710002,0.15,4.0,auto
1736,687,677,arterial,1,3.050610,1,8000.0000,41.8848,4.370001,0.15,4.0,auto
1737,687,688,arterial,1,2.808650,1,6500.0000,38.1265,4.419997,0.15,4.0,auto
1738,687,689,arterial,1,2.928000,1,7000.0000,34.9960,5.020002,0.15,4.0,auto
1739,688,142,centroid_connector,1,0.862670,1,49500.0000,30.0000,1.725340,0.15,4.0,auto
1740,688,678,arterial,1,2.989000,1,7500.0000,42.9043,4.180001,0.15,4.0,auto
1741,688,683,arterial,1,2.994600,1,3500.0000,42.8821,4.190000,0.15,4.0,auto
1742,688,687,arterial,1,2.808650,1,6500.0000,38.1265,4.419997,0.15,4.0,auto
1743,688,690,arterial,1,2.989000,1,5000.0000,33.7105,5.320004,0.15,4.0,auto
1744,689,143,centroid_connector,1,0.862670,1,49500.0000,30.0000,1.725340,0.15,4.0,auto
1745,689,408,arterial,1,1.049480,1,2000.0000,28.7529,2.189998,0.15,4.0,auto
1746,689,687,arterial,1,2.928000,1,7000.0000,34.9960,5.020002,0.15,4.0,auto
1747,689,690,arterial,1,2.811960,1,3500.0000,42.1794,4.000000,0.15,4.0,auto
1748,689,699,arterial,1,3.111600,1,1500.0000,38.6534,4.830002,0.15,4.0,auto
1749,690,144,centroid_connector,1,0.862670,1,49500.0000,30.0000,1.725340,0.15,4.0,auto
1750,690,410,arterial,1,2.811960,1,2000.0000,58.1785,2.899999,0.15,4.0,auto
1751,690,685,arterial,1,3.050000,1,4000.0000,47.9058,3.819997,0.15,4.0,auto
1752,690,688,arterial,1,2.989000,1,5000.0000,33.7105,5.320004,0.15,4.0,auto
1753,690,689,arterial,1,2.811960,1,3500.0000,42.1794,4.000000,0.15,4.0,auto
1754,691,145,centroid_connector,1,0.862670,1,49500.0000,30.0000,1.725340,0.15,4.0,auto
1755,691,481,arterial,1,2.309150,1,6500.0000,57.2517,2.419998,0.15,4.0,auto
1756,691,486,arterial,1,1.067060,1,6500.0000,26.6765,2.400000,0.15,4.0,auto
1757,691,681,arterial,1,2.867000,1,12000.0000,43.0050,4.000000,0.15,4.0,auto
1758,691,692,arterial,1,2.751090,1,8000.0000,39.1150,4.220003,0.15,4.0,auto
1759,692,146,centroid_connector,1,0.862670,1,49500.0000,30.0000,1.725340,0.15,4.0,auto
1760,692,407,arterial,1,2.455960,1,6500.0000,59.6589,2.470002,0.15,4.0,auto
1761,692,682,arterial,1,2.994600,1,8000.0000,44.9190,4.000000,0.15,4.0,auto
1762,692,691,arterial,1,2.751090,1,8000.0000,39.1150,4.220003,0.15,4.0,auto
1763,692,694,arterial,1,2.928640,1,5500.0000,33.9881,5.169998,0.15,4.0,auto
1764,693,147,centroid_connector,1,0.862670,1,49500.0000,30.0000,1.725340,0.15,4.0,auto
1765,693,479,arterial,1,0.964490,1,3000.0000,30.7816,1.880000,0.15,4.0,auto
1766,693,483,arterial,1,0.682000,1,6500.0000,81.8400,0.500000,0.15,4.0,auto
1767,693,694,arterial,1,2.989620,1,4500.0000,41.9106,4.279996,0.15,4.0,auto
1768,693,703,arterial,1,3.050000,1,2000.0000,35.6725,5.130002,0.15,4.0,auto
1769,694,148,centroid_connector,1,0.862670,1,49500.0000,30.0000,1.725340,0.15,4.0,auto
1770,694,408,arterial,1,2.103390,1,2000.0000,59.8120,2.110001,0.15,4.0,auto
1771,694,539,arterial,1,1.150950,1,5000.0000,111.3823,0.620000,0.15,4.0,auto
1772,694,692,arterial,1,2.928640,1,5500.0000,33.9881,5.169998,0.15,4.0,auto
1773,694,693,arterial,1,2.989620,1,4500.0000,41.9106,4.279996,0.15,4.0,auto
1774,695,149,centroid_connector,1,0.862670,1,49500.0000,30.0000,1.725340,0.15,4.0,auto
1775,695,411,arterial,1,0.636860,1,6000.0000,36.7419,1.040001,0.15,4.0,auto
1776,695,696,arterial,1,2.989000,1,8500.0000,44.9474,3.989997,0.15,4.0,auto
1777,695,697,arterial,1,2.928640,1,4500.0000,37.9521,4.630005,0.15,4.0,auto
1778,695,700,arterial,1,2.991490,1,10500.0000,32.6344,5.500006,0.15,4.0,auto
1779,696,150,centroid_connector,1,0.862670,1,49500.0000,30.0000,1.725340,0.15,4.0,auto
1780,696,695,arterial,1,2.989000,1,8500.0000,44.9474,3.989997,0.15,4.0,auto
1781,696,698,arterial,1,3.050610,1,5000.0000,42.4679,4.309999,0.15,4.0,auto
1782,696,734,arterial,1,2.808650,1,1500.0000,40.1236,4.199997,0.15,4.0,auto
1783,697,151,centroid_connector,1,0.862670,1,49500.0000,30.0000,1.725340,0.15,4.0,auto
1784,697,695,arterial,1,2.928640,1,4500.0000,37.9521,4.630005,0.15,4.0,auto
1785,697,698,arterial,1,2.991490,1,4000.0000,45.4404,3.949996,0.15,4.0,auto
1786,697,702,arterial,1,2.989000,1,5500.0000,45.1738,3.970000,0.15,4.0,auto
1787,697,809,arterial,1,2.989000,1,2500.0000,45.4025,3.950003,0.15,4.0,auto
1788,698,152,centroid_connector,1,0.862670,1,49500.0000,30.0000,1.725340,0.15,4.0,auto
1789,698,696,arterial,1,3.050610,1,5000.0000,42.4679,4.309999,0.15,4.0,auto
1790,698,697,arterial,1,2.991490,1,4000.0000,45.4404,3.949996,0.15,4.0,auto
1791,698,736,arterial,1,2.867000,1,4500.0000,39.8194,4.320005,0.15,4.0,auto
1792,698,810,arterial,1,2.867650,1,2000.0000,36.8435,4.669996,0.15,4.0,auto
1793,699,153,centroid_connector,1,0.862670,1,49500.0000,30.0000,1.725340,0.15,4.0,auto
1794,699,538,arterial,1,0.711380,1,8000.0000,94.8507,0.450000,0.15,4.0,auto
1795,699,689,arterial,1,3.111600,1,1500.0000,38.6534,4.830002,0.15,4.0,auto
1796,699,700,arterial,1,2.867000,1,5000.0000,42.0587,4.089998,0.15,4.0,auto
1797,699,701,arterial,1,2.867650,1,5000.0000,47.0107,3.659997,0.15,4.0,auto
1798,700,154,centroid_connector,1,0.862670,1,49500.0000,30.0000,1.725340,0.15,4.0,auto
1799,700,410,arterial,1,0.636860,1,2000.0000,35.0565,1.090000,0.15,4.0,auto
1800,700,695,arterial,1,2.991490,1,10500.0000,32.6344,5.500006,0.15,4.0,auto
1801,700,699,arterial,1,2.867000,1,5000.0000,42.0587,4.089998,0.15,4.0,auto
1802,700,702,arterial,1,3.050610,1,4500.0000,35.8895,5.100004,0.15,4.0,auto
1803,701,155,centroid_connector,1,0.862670,1,49500.0000,30.0000,1.725340,0.15,4.0,auto
1804,701,474,arterial,1,0.820670,1,3500.0000,28.4625,1.730003,0.15,4.0,auto
1805,701,699,arterial,1,2.867650,1,5000.0000,47.0107,3.659997,0.15,4.0,auto
1806,701,702,arterial,1,2.872830,1,2500.0000,50.1075,3.440000,0.15,4.0,auto
1807,701,813,arterial,1,2.930540,1,2000.0000,39.6913,4.429999,0.15,4.0,auto
1808,702,156,centroid_connector,1,0.862670,1,49500.0000,30.0000,1.725340,0.15,4.0,auto
1809,702,697,arterial,1,2.989000,1,5500.0000,45.1738,3.970000,0.15,4.0,auto
1810,702,700,arterial,1,3.050610,1,4500.0000,35.8895,5.100004,0.15,4.0,auto
1811,702,701,arterial,1,2.872830,1,2500.0000,50.1075,3.440000,0.15,4.0,auto
1812,702,814,arterial,1,2.928640,1,3500.0000,38.6194,4.550003,0.15,4.0,auto
1813,703,157,centroid_connector,1,0.862670,1,49500.0000,30.0000,1.725340,0.15,4.0,auto
1814,703,478,arterial,1,1.313980,1,5500.0000,29.3081,2.690000,0.15,4.0,auto
1815,703,693,arterial,1,3.050000,1,2000.0000,35.6725,5.130002,0.15,4.0,auto
1816,703,704,arterial,1,2.867000,1,7500.0000,40.0979,4.290000,0.15,4.0,auto
1817,703,705,arterial,1,2.747710,1,3500.0000,39.4408,4.180001,0.15,4.0,auto
1818,704,158,centroid_connector,1,0.862670,1,49500.0000,30.0000,1.725340,0.15,4.0,auto
1819,704,538,arterial,1,3.374350,1,8000.0000,48.4356,4.180004,0.15,4.0,auto
1820,704,539,arterial,1,2.141960,1,5000.0000,26.3356,4.879995,0.15,4.0,auto
1821,704,703,arterial,1,2.867000,1,7500.0000,40.0979,4.290000,0.15,4.0,auto
1822,704,706,arterial,1,2.867650,1,8500.0000,37.8152,4.549996,0.15,4.0,auto
1823,705,159,centroid_connector,1,0.862670,1,49500.0000,30.0000,1.725340,0.15,4.0,auto
1824,705,476,arterial,1,2.284040,1,3500.0000,67.8428,2.019999,0.15,4.0,auto
1825,705,635,arterial,1,2.928000,1,5500.0000,41.5319,4.230002,0.15,4.0,auto
1826,705,703,arterial,1,2.747710,1,3500.0000,39.4408,4.180001,0.15,4.0,auto
1827,705,706,arterial,1,2.930540,1,5000.0000,42.4716,4.139999,0.15,4.0,auto
1828,706,160,centroid_connector,1,0.862670,1,49500.0000,30.0000,1.725340,0.15,4.0,auto
1829,706,474,arterial,1,2.413170,1,3500.0000,59.0980,2.450002,0.15,4.0,auto
1830,706,475,arterial,1,2.519530,1,3500.0000,49.0818,3.079997,0.15,4.0,auto
1831,706,704,arterial,1,2.867650,1,8500.0000,37.8152,4.549996,0.15,4.0,auto
1832,706,705,arterial,1,2.930540,1,5000.0000,42.4716,4.139999,0.15,4.0,auto
1833,707,161,centroid_connector,1,0.862670,1,49500.0000,30.0000,1.725340,0.15,4.0,auto
1834,707,473,arterial,1,3.852190,1,1000.0000,52.6495,4.390002,0.15,4.0,auto
1835,707,475,arterial,1,1.178110,1,3500.0000,40.6245,1.739999,0.15,4.0,auto
1836,707,476,arterial,1,1.184410,1,3500.0000,25.4712,2.789998,0.15,4.0,auto
1837,707,638,arterial,1,3.242190,1,2500.0000,47.2164,4.119996,0.15,4.0,auto
1838,708,162,centroid_connector,1,0.862670,1,49500.0000,30.0000,1.725340,0.15,4.0,auto
1839,708,388,arterial,1,1.813660,1,2000.0000,37.5240,2.900000,0.15,4.0,auto
1840,708,709,arterial,1,5.856000,1,3000.0000,50.4828,6.959994,0.15,4.0,auto
1841,708,714,arterial,1,5.816470,1,4000.0000,49.9268,6.989997,0.15,4.0,auto
1842,708,913,arterial,1,16.732500,1,3000.0000,50.0973,20.040002,0.15,4.0,auto
1843,709,163,centroid_connector,1,0.862670,1,49500.0000,30.0000,1.725340,0.15,4.0,auto
1844,709,391,arterial,1,1.269330,1,3000.0000,143.6977,0.530000,0.15,4.0,auto
1845,709,708,arterial,1,5.856000,1,3000.0000,50.4828,6.959994,0.15,4.0,auto
1846,709,711,arterial,1,4.649220,1,1000.0000,50.8111,5.490005,0.15,4.0,auto
1847,709,713,arterial,1,4.591640,1,2500.0000,46.5369,5.919999,0.15,4.0,auto
1848,709,803,arterial,1,6.100300,1,2500.0000,47.5966,7.690003,0.15,4.0,auto
1849,710,164,centroid_connector,1,0.862670,1,49500.0000,30.0000,1.725340,0.15,4.0,auto
1850,710,584,arterial,1,4.709260,1,1000.0000,49.3978,5.720004,0.15,4.0,auto
1851,710,712,arterial,1,2.867650,1,3000.0000,33.6710,5.110006,0.15,4.0,auto
1852,710,806,arterial,1,2.867000,1,2500.0000,48.8693,3.520001,0.15,4.0,auto
1853,711,165,centroid_connector,1,0.862670,1,49500.0000,30.0000,1.725340,0.15,4.0,auto
1854,711,709,arterial,1,4.649220,1,1000.0000,50.8111,5.490005,0.15,4.0,auto
1855,711,713,arterial,1,3.050610,1,1000.0000,44.7522,4.090002,0.15,4.0,auto
1856,711,807,arterial,1,2.745680,1,2500.0000,51.6429,3.189999,0.15,4.0,auto
1857,712,166,centroid_connector,1,0.862670,1,49500.0000,30.0000,1.725340,0.15,4.0,auto
1858,712,393,arterial,1,2.709530,1,3500.0000,62.0503,2.620000,0.15,4.0,auto
1859,712,584,arterial,1,4.706890,1,2000.0000,37.7558,7.480000,0.15,4.0,auto
1860,712,710,arterial,1,2.867650,1,3000.0000,33.6710,5.110006,0.15,4.0,auto
1861,712,713,arterial,1,3.050610,1,1000.0000,42.7656,4.279996,0.15,4.0,auto
1862,713,167,centroid_connector,1,0.862670,1,49500.0000,30.0000,1.725340,0.15,4.0,auto
1863,713,392,arterial,1,1.675000,1,1000.0000,95.7143,1.050000,0.15,4.0,auto
1864,713,709,arterial,1,4.591640,1,2500.0000,46.5369,5.919999,0.15,4.0,auto
1865,713,711,arterial,1,3.050610,1,1000.0000,44.7522,4.090002,0.15,4.0,auto
1866,713,712,arterial,1,3.050610,1,1000.0000,42.7656,4.279996,0.15,4.0,auto
1867,713,716,arterial,1,3.337210,1,2000.0000,29.5765,6.769990,0.15,4.0,auto
1868,714,168,centroid_connector,1,0.862670,1,49500.0000,30.0000,1.725340,0.15,4.0,auto
1869,714,708,arterial,1,5.816470,1,4000.0000,49.9268,6.989997,0.15,4.0,auto
1870,714,715,arterial,1,5.673000,1,4500.0000,51.1081,6.660001,0.15,4.0,auto
1871,714,720,arterial,1,5.795320,1,3500.0000,50.0315,6.950005,0.15,4.0,auto
1872,714,913,arterial,1,11.385000,1,3500.0000,50.1910,13.610010,0.15,4.0,auto
1873,715,169,centroid_connector,1,0.862670,1,49500.0000,30.0000,1.725340,0.15,4.0,auto
1874,715,391,arterial,1,4.716370,1,3000.0000,44.4941,6.359994,0.15,4.0,auto
1875,715,714,arterial,1,5.673000,1,4500.0000,51.1081,6.660001,0.15,4.0,auto
1876,715,717,arterial,1,4.499550,1,2500.0000,50.3681,5.360000,0.15,4.0,auto
1877,715,719,arterial,1,4.516470,1,1500.0000,51.3235,5.280002,0.15,4.0,auto
1878,715,721,arterial,1,5.673000,1,2500.0000,51.4169,6.620002,0.15,4.0,auto
1879,716,170,centroid_connector,1,0.862670,1,49500.0000,30.0000,1.725340,0.15,4.0,auto
1880,716,393,arterial,1,0.613040,1,3500.0000,19.6697,1.870003,0.15,4.0,auto
1881,716,601,arterial,1,2.928000,1,3000.0000,33.9807,5.169994,0.15,4.0,auto
1882,716,713,arterial,1,3.337210,1,2000.0000,29.5765,6.769990,0.15,4.0,auto
1883,716,717,arterial,1,2.869590,1,4000.0000,42.0967,4.089998,0.15,4.0,auto
1884,716,718,arterial,1,2.623710,1,7000.0000,35.3759,4.449996,0.15,4.0,auto
1885,717,171,centroid_connector,1,0.862670,1,49500.0000,30.0000,1.725340,0.15,4.0,auto
1886,717,392,arterial,1,1.604660,1,1000.0000,32.3086,2.979999,0.15,4.0,auto
1887,717,715,arterial,1,4.499550,1,2500.0000,50.3681,5.360000,0.15,4.0,auto
1888,717,716,arterial,1,2.869590,1,4000.0000,42.0967,4.089998,0.15,4.0,auto
1889,717,719,arterial,1,2.501000,1,1500.0000,38.4769,3.900002,0.15,4.0,auto
1890,718,172,centroid_connector,1,0.862670,1,49500.0000,30.0000,1.725340,0.15,4.0,auto
1891,718,603,arterial,1,2.991490,1,1000.0000,44.9848,3.990001,0.15,4.0,auto
1892,718,716,arterial,1,2.623710,1,7000.0000,35.3759,4.449996,0.15,4.0,auto
1893,718,719,arterial,1,2.806000,1,1000.0000,45.1367,3.730002,0.15,4.0,auto
1894,718,722,arterial,1,3.055490,1,2500.0000,48.3719,3.789998,0.15,4.0,auto
1895,719,173,centroid_connector,1,0.862670,1,49500.0000,30.0000,1.725340,0.15,4.0,auto
1896,719,715,arterial,1,4.516470,1,1500.0000,51.3235,5.280002,0.15,4.0,auto
1897,719,717,arterial,1,2.501000,1,1500.0000,38.4769,3.900002,0.15,4.0,auto
1898,719,718,arterial,1,2.806000,1,1000.0000,45.1367,3.730002,0.15,4.0,auto
1899,719,723,arterial,1,2.989000,1,2000.0000,45.4025,3.950003,0.15,4.0,auto
1900,720,174,centroid_connector,1,0.862670,1,49500.0000,30.0000,1.725340,0.15,4.0,auto
1901,720,714,arterial,1,5.795320,1,3500.0000,50.0315,6.950005,0.15,4.0,auto
1902,720,721,arterial,1,5.613330,1,4000.0000,51.1854,6.579997,0.15,4.0,auto
1903,720,726,arterial,1,5.917310,1,3000.0000,50.2176,7.070003,0.15,4.0,auto
1904,720,913,arterial,1,7.754440,1,3000.0000,50.2991,9.249995,0.15,4.0,auto
1905,721,175,centroid_connector,1,0.862670,1,49500.0000,30.0000,1.725340,0.15,4.0,auto
1906,721,715,arterial,1,5.673000,1,2500.0000,51.4169,6.620002,0.15,4.0,auto
1907,721,720,arterial,1,5.613330,1,4000.0000,51.1854,6.579997,0.15,4.0,auto
1908,721,723,arterial,1,4.552580,1,1000.0000,50.4907,5.410002,0.15,4.0,auto
1909,721,725,arterial,1,4.712420,1,2500.0000,51.4082,5.500002,0.15,4.0,auto
1910,721,727,arterial,1,5.856320,1,3000.0000,49.9828,7.030002,0.15,4.0,auto
1911,722,176,centroid_connector,1,0.862670,1,49500.0000,30.0000,1.725340,0.15,4.0,auto
1912,722,672,arterial,1,2.869590,1,1000.0000,48.0937,3.579999,0.15,4.0,auto
1913,722,718,arterial,1,3.055490,1,2500.0000,48.3719,3.789998,0.15,4.0,auto
1914,722,723,arterial,1,2.989620,1,2000.0000,41.9106,4.279996,0.15,4.0,auto
1915,722,724,arterial,1,2.869590,1,1000.0000,43.0438,4.000005,0.15,4.0,auto
1916,723,177,centroid_connector,1,0.862670,1,49500.0000,30.0000,1.725340,0.15,4.0,auto
1917,723,719,arterial,1,2.989000,1,2000.0000,45.4025,3.950003,0.15,4.0,auto
1918,723,721,arterial,1,4.552580,1,1000.0000,50.4907,5.410002,0.15,4.0,auto
1919,723,722,arterial,1,2.989620,1,2000.0000,41.9106,4.279996,0.15,4.0,auto
1920,723,725,arterial,1,3.111600,1,2000.0000,45.7588,4.080002,0.15,4.0,auto
1921,724,178,centroid_connector,1,0.862670,1,49500.0000,30.0000,1.725340,0.15,4.0,auto
1922,724,674,arterial,1,2.928000,1,2000.0000,39.0400,4.500000,0.15,4.0,auto
1923,724,722,arterial,1,2.869590,1,1000.0000,43.0438,4.000005,0.15,4.0,auto
1924,724,725,arterial,1,2.811960,1,3000.0000,42.1794,4.000000,0.15,4.0,auto
1925,724,728,arterial,1,2.989000,1,4500.0000,47.9519,3.739998,0.15,4.0,auto
1926,725,179,centroid_connector,1,0.862670,1,49500.0000,30.0000,1.725340,0.15,4.0,auto
1927,725,721,arterial,1,4.712420,1,2500.0000,51.4082,5.500002,0.15,4.0,auto
1928,725,723,arterial,1,3.111600,1,2000.0000,45.7588,4.080002,0.15,4.0,auto
1929,725,724,arterial,1,2.811960,1,3000.0000,42.1794,4.000000,0.15,4.0,auto
1930,725,729,arterial,1,2.928000,1,4500.0000,40.0182,4.390003,0.15,4.0,auto
1931,726,180,centroid_connector,1,0.862670,1,49500.0000,30.0000,1.725340,0.15,4.0,auto
1932,726,416,arterial,1,2.045090,1,2000.0000,79.6788,1.540001,0.15,4.0,auto
1933,726,720,arterial,1,5.917310,1,3000.0000,50.2176,7.070003,0.15,4.0,auto
1934,726,727,arterial,1,5.736920,1,4000.0000,51.0705,6.740001,0.15,4.0,auto
1935,726,913,arterial,1,7.532940,1,4000.0000,48.1851,9.380003,0.15,4.0,auto
1936,727,181,centroid_connector,1,0.862670,1,49500.0000,30.0000,1.725340,0.15,4.0,auto
1937,727,415,arterial,1,4.244650,1,3500.0000,53.0581,4.800002,0.15,4.0,auto
1938,727,721,arterial,1,5.856320,1,3000.0000,49.9828,7.030002,0.15,4.0,auto
1939,727,726,arterial,1,5.736920,1,4000.0000,51.0705,6.740001,0.15,4.0,auto
1940,727,729,arterial,1,4.499550,1,1000.0000,47.2807,5.710004,0.15,4.0,auto
1941,727,731,arterial,1,4.519770,1,2000.0000,51.5563,5.260001,0.15,4.0,auto
1942,728,182,centroid_connector,1,0.862670,1,49500.0000,30.0000,1.725340,0.15,4.0,auto
1943,728,684,arterial,1,2.928640,1,3500.0000,44.9408,3.909997,0.15,4.0,auto
1944,728,724,arterial,1,2.989000,1,4500.0000,47.9519,3.739998,0.15,4.0,auto
1945,728,729,arterial,1,2.808650,1,5000.0000,42.1298,3.999995,0.15,4.0,auto
1946,728,730,arterial,1,2.928640,1,3500.0000,42.0379,4.179999,0.15,4.0,auto
1947,729,183,centroid_connector,1,0.862670,1,49500.0000,30.0000,1.725340,0.15,4.0,auto
1948,729,725,arterial,1,2.928000,1,4500.0000,40.0182,4.390003,0.15,4.0,auto
1949,729,727,arterial,1,4.499550,1,1000.0000,47.2807,5.710004,0.15,4.0,auto
1950,729,728,arterial,1,2.808650,1,5000.0000,42.1298,3.999995,0.15,4.0,auto
1951,729,731,arterial,1,2.869590,1,4000.0000,40.0408,4.299999,0.15,4.0,auto
1952,730,184,centroid_connector,1,0.862670,1,49500.0000,30.0000,1.725340,0.15,4.0,auto
1953,730,413,arterial,1,3.170240,1,4000.0000,56.7804,3.350001,0.15,4.0,auto
1954,730,686,arterial,1,2.928640,1,1000.0000,44.9408,3.909997,0.15,4.0,auto
1955,730,728,arterial,1,2.928640,1,3500.0000,42.0379,4.179999,0.15,4.0,auto
1956,730,731,arterial,1,2.989620,1,3000.0000,39.9504,4.489998,0.15,4.0,auto
1957,731,185,centroid_connector,1,0.862670,1,49500.0000,30.0000,1.725340,0.15,4.0,auto
1958,731,414,arterial,1,3.200610,1,3500.0000,58.3698,3.289999,0.15,4.0,auto
1959,731,727,arterial,1,4.519770,1,2000.0000,51.5563,5.260001,0.15,4.0,auto
1960,731,729,arterial,1,2.869590,1,4000.0000,40.0408,4.299999,0.15,4.0,auto
1961,731,730,arterial,1,2.989620,1,3000.0000,39.9504,4.489998,0.15,4.0,auto
1962,732,186,centroid_connector,1,0.862670,1,49500.0000,30.0000,1.725340,0.15,4.0,auto
1963,732,416,arterial,1,3.951370,1,2000.0000,44.9019,5.280004,0.15,4.0,auto
1964,732,417,arterial,1,8.197180,1,3500.0000,49.9828,9.840001,0.15,4.0,auto
1965,732,733,arterial,1,5.797890,1,3000.0000,51.0078,6.820004,0.15,4.0,auto
1966,732,864,arterial,1,6.222000,1,4000.0000,47.0176,7.940005,0.15,4.0,auto
1967,733,187,centroid_connector,1,0.862670,1,49500.0000,30.0000,1.725340,0.15,4.0,auto
1968,733,415,arterial,1,1.756330,1,3500.0000,35.0099,3.010000,0.15,4.0,auto
1969,733,732,arterial,1,5.797890,1,3000.0000,51.0078,6.820004,0.15,4.0,auto
1970,733,735,arterial,1,4.499550,1,1000.0000,45.2975,5.959998,0.15,4.0,auto
1971,733,737,arterial,1,4.701750,1,2500.0000,47.8144,5.900001,0.15,4.0,auto
1972,733,865,arterial,1,5.858860,1,5000.0000,50.5801,6.949998,0.15,4.0,auto
1973,734,188,centroid_connector,1,0.862670,1,49500.0000,30.0000,1.725340,0.15,4.0,auto
1974,734,413,arterial,1,0.622080,1,4000.0000,57.4228,0.650000,0.15,4.0,auto
1975,734,696,arterial,1,2.808650,1,1500.0000,40.1236,4.199997,0.15,4.0,auto
1976,734,735,arterial,1,2.806660,1,4500.0000,43.0690,3.909996,0.15,4.0,auto
1977,734,736,arterial,1,2.928000,1,5000.0000,36.0000,4.880000,0.15,4.0,auto
1978,735,189,centroid_connector,1,0.862670,1,49500.0000,30.0000,1.725340,0.15,4.0,auto
1979,735,414,arterial,1,0.636860,1,3500.0000,70.7622,0.540000,0.15,4.0,auto
1980,735,733,arterial,1,4.499550,1,1000.0000,45.2975,5.959998,0.15,4.0,auto
1981,735,734,arterial,1,2.806660,1,4500.0000,43.0690,3.909996,0.15,4.0,auto
1982,735,737,arterial,1,3.050000,1,3000.0000,35.2601,5.190002,0.15,4.0,auto
1983,736,190,centroid_connector,1,0.862670,1,49500.0000,30.0000,1.725340,0.15,4.0,auto
1984,736,698,arterial,1,2.867000,1,4500.0000,39.8194,4.320005,0.15,4.0,auto
1985,736,734,arterial,1,2.928000,1,5000.0000,36.0000,4.880000,0.15,4.0,auto
1986,736,737,arterial,1,2.811960,1,6500.0000,36.1280,4.669996,0.15,4.0,auto
1987,736,866,arterial,1,4.709260,1,3500.0000,42.4258,6.659995,0.15,4.0,auto
1988,737,191,centroid_connector,1,0.862670,1,49500.0000,30.0000,1.725340,0.15,4.0,auto
1989,737,733,arterial,1,4.701750,1,2500.0000,47.8144,5.900001,0.15,4.0,auto
1990,737,735,arterial,1,3.050000,1,3000.0000,35.2601,5.190002,0.15,4.0,auto
1991,737,736,arterial,1,2.811960,1,6500.0000,36.1280,4.669996,0.15,4.0,auto
1992,737,866,arterial,1,4.571750,1,2000.0000,51.1763,5.360001,0.15,4.0,auto
1993,738,192,centroid_connector,1,0.862670,1,49500.0000,30.0000,1.725340,0.15,4.0,auto
1994,738,740,arterial,1,3.472180,1,1000.0000,48.6754,4.280002,0.15,4.0,auto
1995,738,742,arterial,1,3.852670,1,2000.0000,42.9666,5.379997,0.15,4.0,auto
1996,738,746,arterial,1,5.797890,1,1500.0000,40.3565,8.620009,0.15,4.0,auto
1997,738,784,arterial,1,2.867000,1,1500.0000,48.8693,3.520001,0.15,4.0,auto
1998,738,920,arterial,1,5.815510,1,1500.0000,42.3459,8.240009,0.15,4.0,auto
1999,739,193,centroid_connector,1,0.862670,1,49500.0000,30.0000,1.725340,0.15,4.0,auto
2000,739,419,arterial,1,3.412730,1,1500.0000,40.3873,5.070005,0.15,4.0,auto
2001,739,740,arterial,1,3.052440,1,2000.0000,44.5612,4.109997,0.15,4.0,auto
2002,739,741,arterial,1,2.684690,1,2000.0000,47.6572,3.380001,0.15,4.0,auto
2003,739,921,arterial,1,4.601360,1,2000.0000,47.2742,5.840006,0.15,4.0,auto
2004,740,194,centroid_connector,1,0.862670,1,49500.0000,30.0000,1.725340,0.15,4.0,auto
2005,740,738,arterial,1,3.472180,1,1000.0000,48.6754,4.280002,0.15,4.0,auto
2006,740,739,arterial,1,3.052440,1,2000.0000,44.5612,4.109997,0.15,4.0,auto
2007,740,742,arterial,1,2.634320,1,1500.0000,39.6138,3.990003,0.15,4.0,auto
2008,740,920,arterial,1,4.848250,1,2000.0000,38.3261,7.589997,0.15,4.0,auto
2009,741,195,centroid_connector,1,0.862670,1,49500.0000,30.0000,1.725340,0.15,4.0,auto
2010,741,739,arterial,1,2.684690,1,2000.0000,47.6572,3.380001,0.15,4.0,auto
2011,741,742,arterial,1,2.867650,1,500.0000,42.2749,4.070004,0.15,4.0,auto
2012,741,743,arterial,1,4.727010,1,1000.0000,41.8937,6.770006,0.15,4.0,auto
2013,741,747,arterial,1,3.050610,1,2500.0000,48.1675,3.800002,0.15,4.0,auto
2014,742,196,centroid_connector,1,0.862670,1,49500.0000,30.0000,1.725340,0.15,4.0,auto
2015,742,738,arterial,1,3.852670,1,2000.0000,42.9666,5.379997,0.15,4.0,auto
2016,742,740,arterial,1,2.634320,1,1500.0000,39.6138,3.990003,0.15,4.0,auto
2017,742,741,arterial,1,2.867650,1,500.0000,42.2749,4.070004,0.15,4.0,auto
2018,742,748,arterial,1,2.991490,1,2500.0000,47.9918,3.740001,0.15,4.0,auto
2019,743,197,centroid_connector,1,0.862670,1,49500.0000,30.0000,1.725340,0.15,4.0,auto
2020,743,419,arterial,1,1.627680,1,1500.0000,67.8200,1.440000,0.15,4.0,auto
2021,743,741,arterial,1,4.727010,1,1000.0000,41.8937,6.770006,0.15,4.0,auto
2022,743,744,arterial,1,5.385990,1,2500.0000,45.4514,7.109999,0.15,4.0,auto
2023,743,745,arterial,1,5.387720,1,2000.0000,42.4230,7.619999,0.15,4.0,auto
2024,743,751,arterial,1,4.842110,1,3000.0000,47.5494,6.109995,0.15,4.0,auto
2025,743,752,arterial,1,4.687480,1,1500.0000,43.2026,6.509997,0.15,4.0,auto
2026,743,921,arterial,1,6.674410,1,2500.0000,44.7947,8.940000,0.15,4.0,auto
2027,743,922,arterial,1,6.494710,1,1000.0000,40.1321,9.709998,0.15,4.0,auto
2028,744,198,centroid_connector,1,0.862670,1,49500.0000,30.0000,1.725340,0.15,4.0,auto
2029,744,743,arterial,1,5.385990,1,2500.0000,45.4514,7.109999,0.15,4.0,auto
2030,744,745,arterial,1,2.684690,1,6000.0000,42.5017,3.789999,0.15,4.0,auto
2031,744,922,arterial,1,5.019820,1,1500.0000,48.2675,6.240000,0.15,4.0,auto
2032,745,199,centroid_connector,1,0.862670,1,49500.0000,30.0000,1.725340,0.15,4.0,auto
2033,745,743,arterial,1,5.387720,1,2000.0000,42.4230,7.619999,0.15,4.0,auto
2034,745,744,arterial,1,2.684690,1,6000.0000,42.5017,3.789999,0.15,4.0,auto
2035,745,755,arterial,1,2.928640,1,4000.0000,36.9933,4.750006,0.15,4.0,auto
2036,746,200,centroid_connector,1,0.862670,1,49500.0000,30.0000,1.725340,0.15,4.0,auto
2037,746,738,arterial,1,5.797890,1,1500.0000,40.3565,8.620009,0.15,4.0,auto
2038,746,748,arterial,1,3.477540,1,2000.0000,44.7752,4.659999,0.15,4.0,auto
2039,746,750,arterial,1,3.601070,1,2000.0000,44.6414,4.839996,0.15,4.0,auto
2040,746,757,arterial,1,5.918260,1,4000.0000,50.0840,7.090001,0.15,4.0,auto
2041,746,792,arterial,1,3.050000,1,1000.0000,45.9799,3.980000,0.15,4.0,auto
2042,747,201,centroid_connector,1,0.862670,1,49500.0000,30.0000,1.725340,0.15,4.0,auto
2043,747,741,arterial,1,3.050610,1,2500.0000,48.1675,3.800002,0.15,4.0,auto
2044,747,748,arterial,1,3.050000,1,3000.0000,40.4867,4.520003,0.15,4.0,auto
2045,747,749,arterial,1,2.806000,1,2000.0000,43.7299,3.849997,0.15,4.0,auto
2046,747,752,arterial,1,2.989000,1,2500.0000,40.1208,4.470001,0.15,4.0,auto
2047,748,202,centroid_connector,1,0.862670,1,49500.0000,30.0000,1.725340,0.15,4.0,auto
2048,748,742,arterial,1,2.991490,1,2500.0000,47.9918,3.740001,0.15,4.0,auto
2049,748,746,arterial,1,3.477540,1,2000.0000,44.7752,4.659999,0.15,4.0,auto
2050,748,747,arterial,1,3.050000,1,3000.0000,40.4867,4.520003,0.15,4.0,auto
2051,748,750,arterial,1,2.867000,1,4500.0000,34.9634,4.920002,0.15,4.0,auto
2052,749,203,centroid_connector,1,0.862670,1,49500.0000,30.0000,1.725340,0.15,4.0,auto
2053,749,747,arterial,1,2.806000,1,2000.0000,43.7299,3.849997,0.15,4.0,auto
2054,749,750,arterial,1,3.050610,1,2000.0000,34.4054,5.319996,0.15,4.0,auto
2055,749,754,arterial,1,2.867000,1,3500.0000,41.9561,4.100000,0.15,4.0,auto
2056,749,758,arterial,1,2.989620,1,3000.0000,49.1444,3.650003,0.15,4.0,auto
2057,750,204,centroid_connector,1,0.862670,1,49500.0000,30.0000,1.725340,0.15,4.0,auto
2058,750,746,arterial,1,3.601070,1,2000.0000,44.6414,4.839996,0.15,4.0,auto
2059,750,748,arterial,1,2.867000,1,4500.0000,34.9634,4.920002,0.15,4.0,auto
2060,750,749,arterial,1,3.050610,1,2000.0000,34.4054,5.319996,0.15,4.0,auto
2061,750,759,arterial,1,2.928640,1,1000.0000,42.9629,4.090003,0.15,4.0,auto
2062,751,205,centroid_connector,1,0.862670,1,49500.0000,30.0000,1.725340,0.15,4.0,auto
2063,751,420,arterial,1,2.501000,1,3000.0000,58.3891,2.570000,0.15,4.0,auto
2064,751,743,arterial,1,4.842110,1,3000.0000,47.5494,6.109995,0.15,4.0,auto
2065,751,753,arterial,1,2.747710,1,8000.0000,37.8125,4.360003,0.15,4.0,auto
2066,751,755,arterial,1,3.664570,1,3000.0000,45.1487,4.870001,0.15,4.0,auto
2067,752,206,centroid_connector,1,0.862670,1,49500.0000,30.0000,1.725340,0.15,4.0,auto
2068,752,420,arterial,1,0.906830,1,3000.0000,32.3868,1.679999,0.15,4.0,auto
2069,752,743,arterial,1,4.687480,1,1500.0000,43.2026,6.509997,0.15,4.0,auto
2070,752,747,arterial,1,2.989000,1,2500.0000,40.1208,4.470001,0.15,4.0,auto
2071,752,754,arterial,1,2.808650,1,2000.0000,45.6691,3.690000,0.15,4.0,auto
2072,753,207,centroid_connector,1,0.862670,1,49500.0000,30.0000,1.725340,0.15,4.0,auto
2073,753,421,arterial,1,1.474130,1,2000.0000,94.0934,0.940000,0.15,4.0,auto
2074,753,751,arterial,1,2.747710,1,8000.0000,37.8125,4.360003,0.15,4.0,auto
2075,753,756,arterial,1,3.294560,1,4500.0000,42.4192,4.660003,0.15,4.0,auto
2076,753,762,arterial,1,2.989620,1,3500.0000,51.9934,3.449999,0.15,4.0,auto
2077,754,208,centroid_connector,1,0.862670,1,49500.0000,30.0000,1.725340,0.15,4.0,auto
2078,754,421,arterial,1,1.835080,1,2000.0000,38.4982,2.859999,0.15,4.0,auto
2079,754,749,arterial,1,2.867000,1,3500.0000,41.9561,4.100000,0.15,4.0,auto
2080,754,752,arterial,1,2.808650,1,2000.0000,45.6691,3.690000,0.15,4.0,auto
2081,754,763,arterial,1,3.111600,1,1000.0000,48.3668,3.860003,0.15,4.0,auto
2082,755,209,centroid_connector,1,0.862670,1,49500.0000,30.0000,1.725340,0.15,4.0,auto
2083,755,745,arterial,1,2.928640,1,4000.0000,36.9933,4.750006,0.15,4.0,auto
2084,755,751,arterial,1,3.664570,1,3000.0000,45.1487,4.870001,0.15,4.0,auto
2085,755,756,arterial,1,2.908240,1,9000.0000,38.6050,4.519995,0.15,4.0,auto
2086,756,210,centroid_connector,1,0.862670,1,49500.0000,30.0000,1.725340,0.15,4.0,auto
2087,756,753,arterial,1,3.294560,1,4500.0000,42.4192,4.660003,0.15,4.0,auto
2088,756,755,arterial,1,2.908240,1,9000.0000,38.6050,4.519995,0.15,4.0,auto
2089,756,766,arterial,1,3.071880,1,6500.0000,38.1600,4.830000,0.15,4.0,auto
2090,757,211,centroid_connector,1,0.862670,1,49500.0000,30.0000,1.725340,0.15,4.0,auto
2091,757,746,arterial,1,5.918260,1,4000.0000,50.0840,7.090001,0.15,4.0,auto
2092,757,759,arterial,1,3.692890,1,1500.0000,50.0166,4.429997,0.15,4.0,auto
2093,757,761,arterial,1,3.740950,1,3000.0000,47.7568,4.700001,0.15,4.0,auto
2094,757,768,arterial,1,5.856000,1,2000.0000,46.9733,7.479994,0.15,4.0,auto
2095,757,800,arterial,1,2.930540,1,3000.0000,47.3942,3.709998,0.15,4.0,auto
2096,758,212,centroid_connector,1,0.862670,1,49500.0000,30.0000,1.725340,0.15,4.0,auto
2097,758,749,arterial,1,2.989620,1,3000.0000,49.1444,3.650003,0.15,4.0,auto
2098,758,759,arterial,1,2.928000,1,500.0000,45.3953,3.870004,0.15,4.0,auto
2099,758,760,arterial,1,3.111000,1,2000.0000,48.2326,3.869997,0.15,4.0,auto
2100,758,763,arterial,1,2.991490,1,5500.0000,44.1006,4.069999,0.15,4.0,auto
2101,759,213,centroid_connector,1,0.862670,1,49500.0000,30.0000,1.725340,0.15,4.0,auto
2102,759,750,arterial,1,2.928640,1,1000.0000,42.9629,4.090003,0.15,4.0,auto
2103,759,757,arterial,1,3.692890,1,1500.0000,50.0166,4.429997,0.15,4.0,auto
2104,759,758,arterial,1,2.928000,1,500.0000,45.3953,3.870004,0.15,4.0,auto
2105,759,761,arterial,1,2.928000,1,2000.0000,48.9359,3.590002,0.15,4.0,auto
2106,760,214,centroid_connector,1,0.862670,1,49500.0000,30.0000,1.725340,0.15,4.0,auto
2107,760,758,arterial,1,3.111000,1,2000.0000,48.2326,3.869997,0.15,4.0,auto
2108,760,761,arterial,1,2.933710,1,2500.0000,48.4911,3.629998,0.15,4.0,auto
2109,760,765,arterial,1,2.930540,1,6000.0000,37.9768,4.629995,0.15,4.0,auto
2110,760,769,arterial,1,2.806660,1,1000.0000,46.7777,3.599997,0.15,4.0,auto
2111,761,215,centroid_connector,1,0.862670,1,49500.0000,30.0000,1.725340,0.15,4.0,auto
2112,761,757,arterial,1,3.740950,1,3000.0000,47.7568,4.700001,0.15,4.0,auto
2113,761,759,arterial,1,2.928000,1,2000.0000,48.9359,3.590002,0.15,4.0,auto
2114,761,760,arterial,1,2.933710,1,2500.0000,48.4911,3.629998,0.15,4.0,auto
2115,761,770,arterial,1,2.928000,1,1500.0000,45.9895,3.820002,0.15,4.0,auto
2116,762,216,centroid_connector,1,0.862670,1,49500.0000,30.0000,1.725340,0.15,4.0,auto
2117,762,422,arterial,1,0.610000,1,1000.0000,42.0690,0.869999,0.15,4.0,auto
2118,762,753,arterial,1,2.989620,1,3500.0000,51.9934,3.449999,0.15,4.0,auto
2119,762,763,arterial,1,2.928640,1,2500.0000,41.9376,4.189997,0.15,4.0,auto
2120,762,764,arterial,1,2.745680,1,500.0000,36.7725,4.480000,0.15,4.0,auto
2121,763,217,centroid_connector,1,0.862670,1,49500.0000,30.0000,1.725340,0.15,4.0,auto
2122,763,754,arterial,1,3.111600,1,1000.0000,48.3668,3.860003,0.15,4.0,auto
2123,763,758,arterial,1,2.991490,1,5500.0000,44.1006,4.069999,0.15,4.0,auto
2124,763,762,arterial,1,2.928640,1,2500.0000,41.9376,4.189997,0.15,4.0,auto
2125,763,765,arterial,1,2.867650,1,4500.0000,36.6083,4.700000,0.15,4.0,auto
2126,764,218,centroid_connector,1,0.862670,1,49500.0000,30.0000,1.725340,0.15,4.0,auto
2127,764,423,arterial,1,0.695510,1,1000.0000,69.5510,0.600000,0.15,4.0,auto
2128,764,762,arterial,1,2.745680,1,500.0000,36.7725,4.480000,0.15,4.0,auto
2129,764,765,arterial,1,3.055490,1,3500.0000,43.1363,4.250003,0.15,4.0,auto
2130,764,773,arterial,1,3.111600,1,3000.0000,45.2048,4.130004,0.15,4.0,auto
2131,765,219,centroid_connector,1,0.862670,1,49500.0000,30.0000,1.725340,0.15,4.0,auto
2132,765,760,arterial,1,2.930540,1,6000.0000,37.9768,4.629995,0.15,4.0,auto
2133,765,763,arterial,1,2.867650,1,4500.0000,36.6083,4.700000,0.15,4.0,auto
2134,765,764,arterial,1,3.055490,1,3500.0000,43.1363,4.250003,0.15,4.0,auto
2135,765,774,arterial,1,2.867650,1,6000.0000,42.9075,4.009998,0.15,4.0,auto
2136,766,220,centroid_connector,1,0.862670,1,49500.0000,30.0000,1.725340,0.15,4.0,auto
2137,766,422,arterial,1,3.050610,1,1000.0000,50.7027,3.609997,0.15,4.0,auto
2138,766,756,arterial,1,3.071880,1,6500.0000,38.1600,4.830000,0.15,4.0,auto
2139,766,767,arterial,1,3.071880,1,3500.0000,50.3587,3.659999,0.15,4.0,auto
2140,767,221,centroid_connector,1,0.862670,1,49500.0000,30.0000,1.725340,0.15,4.0,auto
2141,767,423,arterial,1,3.496210,1,1000.0000,51.4149,4.079996,0.15,4.0,auto
2142,767,766,arterial,1,3.071880,1,3500.0000,50.3587,3.659999,0.15,4.0,auto
2143,767,777,arterial,1,2.950790,1,6000.0000,38.6566,4.580004,0.15,4.0,auto
2144,768,222,centroid_connector,1,0.862670,1,49500.0000,30.0000,1.725340,0.15,4.0,auto
2145,768,584,arterial,1,5.978310,1,5000.0000,35.3398,10.149990,0.15,4.0,auto
2146,768,757,arterial,1,5.856000,1,2000.0000,46.9733,7.479994,0.15,4.0,auto
2147,768,770,arterial,1,3.692890,1,1500.0000,35.0037,6.329999,0.15,4.0,auto
2148,768,772,arterial,1,3.819200,1,1500.0000,44.1526,5.190000,0.15,4.0,auto
2149,768,808,arterial,1,2.928000,1,4500.0000,48.9359,3.590002,0.15,4.0,auto
2150,769,223,centroid_connector,1,0.862670,1,49500.0000,30.0000,1.725340,0.15,4.0,auto
2151,769,760,arterial,1,2.806660,1,1000.0000,46.7777,3.599997,0.15,4.0,auto
2152,769,770,arterial,1,2.867650,1,2500.0000,45.3982,3.789996,0.15,4.0,auto
2153,769,771,arterial,1,2.869590,1,2000.0000,37.9241,4.540000,0.15,4.0,auto
2154,769,774,arterial,1,3.050610,1,1000.0000,35.1318,5.209998,0.15,4.0,auto
2155,770,224,centroid_connector,1,0.862670,1,49500.0000,30.0000,1.725340,0.15,4.0,auto
2156,770,761,arterial,1,2.928000,1,1500.0000,45.9895,3.820002,0.15,4.0,auto
2157,770,768,arterial,1,3.692890,1,1500.0000,35.0037,6.329999,0.15,4.0,auto
2158,770,769,arterial,1,2.867650,1,2500.0000,45.3982,3.789996,0.15,4.0,auto
2159,770,772,arterial,1,3.111000,1,5500.0000,46.0889,4.049999,0.15,4.0,auto
2160,771,225,centroid_connector,1,0.862670,1,49500.0000,30.0000,1.725340,0.15,4.0,auto
2161,771,585,arterial,1,3.050000,1,3000.0000,47.1649,3.880004,0.15,4.0,auto
2162,771,769,arterial,1,2.869590,1,2000.0000,37.9241,4.540000,0.15,4.0,auto
2163,771,772,arterial,1,2.994600,1,5000.0000,45.6030,3.940004,0.15,4.0,auto
2164,771,776,arterial,1,2.928640,1,2500.0000,45.0560,3.900000,0.15,4.0,auto
2165,772,226,centroid_connector,1,0.862670,1,49500.0000,30.0000,1.725340,0.15,4.0,auto
2166,772,586,arterial,1,2.867650,1,3000.0000,44.9240,3.830002,0.15,4.0,auto
2167,772,768,arterial,1,3.819200,1,1500.0000,44.1526,5.190000,0.15,4.0,auto
2168,772,770,arterial,1,3.111000,1,5500.0000,46.0889,4.049999,0.15,4.0,auto
2169,772,771,arterial,1,2.994600,1,5000.0000,45.6030,3.940004,0.15,4.0,auto
2170,773,227,centroid_connector,1,0.862670,1,49500.0000,30.0000,1.725340,0.15,4.0,auto
2171,773,424,arterial,1,0.682000,1,1000.0000,31.4769,1.300001,0.15,4.0,auto
2172,773,764,arterial,1,3.111600,1,3000.0000,45.2048,4.130004,0.15,4.0,auto
2173,773,774,arterial,1,3.050610,1,4000.0000,45.1942,4.050002,0.15,4.0,auto
2174,773,775,arterial,1,2.806660,1,2000.0000,49.8224,3.379998,0.15,4.0,auto
2175,774,228,centroid_connector,1,0.862670,1,49500.0000,30.0000,1.725340,0.15,4.0,auto
2176,774,765,arterial,1,2.867650,1,6000.0000,42.9075,4.009998,0.15,4.0,auto
2177,774,769,arterial,1,3.050610,1,1000.0000,35.1318,5.209998,0.15,4.0,auto
2178,774,773,arterial,1,3.050610,1,4000.0000,45.1942,4.050002,0.15,4.0,auto
2179,774,776,arterial,1,2.867000,1,3000.0000,42.8978,4.009996,0.15,4.0,auto
2180,775,229,centroid_connector,1,0.862670,1,49500.0000,30.0000,1.725340,0.15,4.0,auto
2181,775,425,arterial,1,1.475390,1,2000.0000,33.7876,2.619997,0.15,4.0,auto
2182,775,589,arterial,1,3.172000,1,2500.0000,38.2938,4.969995,0.15,4.0,auto
2183,775,773,arterial,1,2.806660,1,2000.0000,49.8224,3.379998,0.15,4.0,auto
2184,775,776,arterial,1,2.989000,1,2500.0000,47.0709,3.809997,0.15,4.0,auto
2185,776,230,centroid_connector,1,0.862670,1,49500.0000,30.0000,1.725340,0.15,4.0,auto
2186,776,590,arterial,1,3.111000,1,7500.0000,39.2143,4.759998,0.15,4.0,auto
2187,776,771,arterial,1,2.928640,1,2500.0000,45.0560,3.900000,0.15,4.0,auto
2188,776,774,arterial,1,2.867000,1,3000.0000,42.8978,4.009996,0.15,4.0,auto
2189,776,775,arterial,1,2.989000,1,2500.0000,47.0709,3.809997,0.15,4.0,auto
2190,777,231,centroid_connector,1,0.862670,1,49500.0000,30.0000,1.725340,0.15,4.0,auto
2191,777,424,arterial,1,3.329950,1,1000.0000,53.7089,3.719998,0.15,4.0,auto
2192,777,767,arterial,1,2.950790,1,6000.0000,38.6566,4.580004,0.15,4.0,auto
2193,777,778,arterial,1,3.467890,1,3000.0000,44.6509,4.660005,0.15,4.0,auto
2194,777,779,arterial,1,2.958970,1,2500.0000,46.9678,3.779998,0.15,4.0,auto
2195,778,232,centroid_connector,1,0.862670,1,49500.0000,30.0000,1.725340,0.15,4.0,auto
2196,778,429,arterial,1,2.396920,1,6500.0000,51.9188,2.770002,0.15,4.0,auto
2197,778,597,arterial,1,4.135870,1,500.0000,23.3226,10.639989,0.15,4.0,auto
2198,778,777,arterial,1,3.467890,1,3000.0000,44.6509,4.660005,0.15,4.0,auto
2199,778,779,arterial,1,2.933710,1,4000.0000,33.9812,5.180000,0.15,4.0,auto
2200,779,233,centroid_connector,1,0.862670,1,49500.0000,30.0000,1.725340,0.15,4.0,auto
2201,779,425,arterial,1,1.736090,1,2000.0000,70.3820,1.480001,0.15,4.0,auto
2202,779,427,arterial,1,2.574320,1,7000.0000,58.2865,2.650000,0.15,4.0,auto
2203,779,777,arterial,1,2.958970,1,2500.0000,46.9678,3.779998,0.15,4.0,auto
2204,779,778,arterial,1,2.933710,1,4000.0000,33.9812,5.180000,0.15,4.0,auto
2205,780,234,centroid_connector,1,0.862670,1,49500.0000,30.0000,1.725340,0.15,4.0,auto
2206,780,781,arterial,1,5.917310,1,3500.0000,50.0760,7.089995,0.15,4.0,auto
2207,780,785,arterial,1,5.734000,1,2500.0000,40.2857,8.540003,0.15,4.0,auto
2208,780,914,arterial,1,11.553500,1,2000.0000,51.2729,13.520008,0.15,4.0,auto
2209,780,916,arterial,1,6.207930,1,500.0000,46.9705,7.929994,0.15,4.0,auto
2210,781,235,centroid_connector,1,0.862670,1,49500.0000,30.0000,1.725340,0.15,4.0,auto
2211,781,780,arterial,1,5.917310,1,3500.0000,50.0760,7.089995,0.15,4.0,auto
2212,781,782,arterial,1,5.796280,1,3000.0000,51.4463,6.759996,0.15,4.0,auto
2213,781,786,arterial,1,5.673330,1,2500.0000,50.3550,6.760000,0.15,4.0,auto
2214,781,917,arterial,1,6.219010,1,1000.0000,50.1533,7.440001,0.15,4.0,auto
2215,782,236,centroid_connector,1,0.862670,1,49500.0000,30.0000,1.725340,0.15,4.0,auto
2216,782,781,arterial,1,5.796280,1,3000.0000,51.4463,6.759996,0.15,4.0,auto
2217,782,783,arterial,1,5.978310,1,3000.0000,51.0967,7.019995,0.15,4.0,auto
2218,782,787,arterial,1,5.551000,1,3500.0000,46.7781,7.119998,0.15,4.0,auto
2219,782,917,arterial,1,6.894080,1,3000.0000,50.1996,8.240002,0.15,4.0,auto
2220,782,918,arterial,1,6.391910,1,500.0000,40.3700,9.499990,0.15,4.0,auto
2221,783,237,centroid_connector,1,0.862670,1,49500.0000,30.0000,1.725340,0.15,4.0,auto
2222,783,782,arterial,1,5.978310,1,3000.0000,51.0967,7.019995,0.15,4.0,auto
2223,783,784,arterial,1,3.908290,1,3500.0000,47.4691,4.940001,0.15,4.0,auto
2224,783,788,arterial,1,4.629570,1,1500.0000,50.2304,5.530002,0.15,4.0,auto
2225,783,789,arterial,1,4.571750,1,1000.0000,48.2931,5.680004,0.15,4.0,auto
2226,783,918,arterial,1,6.726890,1,500.0000,40.4422,9.980006,0.15,4.0,auto
2227,783,919,arterial,1,6.336080,1,1500.0000,42.2405,9.000007,0.15,4.0,auto
2228,784,238,centroid_connector,1,0.862670,1,49500.0000,30.0000,1.725340,0.15,4.0,auto
2229,784,738,arterial,1,2.867000,1,1500.0000,48.8693,3.520001,0.15,4.0,auto
2230,784,783,arterial,1,3.908290,1,3500.0000,47.4691,4.940001,0.15,4.0,auto
2231,784,792,arterial,1,5.795000,1,1000.0000,44.9806,7.729999,0.15,4.0,auto
2232,784,919,arterial,1,5.770230,1,2500.0000,47.1039,7.350003,0.15,4.0,auto
2233,785,239,centroid_connector,1,0.862670,1,49500.0000,30.0000,1.725340,0.15,4.0,auto
2234,785,780,arterial,1,5.734000,1,2500.0000,40.2857,8.540003,0.15,4.0,auto
2235,785,786,arterial,1,5.856000,1,4000.0000,49.9801,7.029998,0.15,4.0,auto
2236,785,793,arterial,1,5.795320,1,4000.0000,49.9597,6.959994,0.15,4.0,auto
2237,785,914,arterial,1,7.747960,1,2500.0000,50.3114,9.240005,0.15,4.0,auto
2238,786,240,centroid_connector,1,0.862670,1,49500.0000,30.0000,1.725340,0.15,4.0,auto
2239,786,781,arterial,1,5.673330,1,2500.0000,50.3550,6.760000,0.15,4.0,auto
2240,786,785,arterial,1,5.856000,1,4000.0000,49.9801,7.029998,0.15,4.0,auto
2241,786,787,arterial,1,5.856000,1,1500.0000,50.4828,6.959994,0.15,4.0,auto
2242,786,794,arterial,1,5.856000,1,3000.0000,50.9956,6.890006,0.15,4.0,auto
2243,787,241,centroid_connector,1,0.862670,1,49500.0000,30.0000,1.725340,0.15,4.0,auto
2244,787,782,arterial,1,5.551000,1,3500.0000,46.7781,7.119998,0.15,4.0,auto
2245,787,786,arterial,1,5.856000,1,1500.0000,50.4828,6.959994,0.15,4.0,auto
2246,787,789,arterial,1,4.692240,1,500.0000,46.6890,6.029994,0.15,4.0,auto
2247,787,791,arterial,1,4.784520,1,500.0000,50.0124,5.740000,0.15,4.0,auto
2248,787,795,arterial,1,5.917310,1,4500.0000,50.5034,7.029994,0.15,4.0,auto
2249,788,242,centroid_connector,1,0.862670,1,49500.0000,30.0000,1.725340,0.15,4.0,auto
2250,788,783,arterial,1,4.629570,1,1500.0000,50.2304,5.530002,0.15,4.0,auto
2251,788,789,arterial,1,2.928640,1,2000.0000,40.0270,4.389997,0.15,4.0,auto
2252,788,790,arterial,1,2.745000,1,1500.0000,48.7278,3.380001,0.15,4.0,auto
2253,788,792,arterial,1,2.728000,1,2000.0000,46.7657,3.500001,0.15,4.0,auto
2254,789,243,centroid_connector,1,0.862670,1,49500.0000,30.0000,1.725340,0.15,4.0,auto
2255,789,783,arterial,1,4.571750,1,1000.0000,48.2931,5.680004,0.15,4.0,auto
2256,789,787,arterial,1,4.692240,1,500.0000,46.6890,6.029994,0.15,4.0,auto
2257,789,788,arterial,1,2.928640,1,2000.0000,40.0270,4.389997,0.15,4.0,auto
2258,789,791,arterial,1,2.867000,1,1500.0000,49.8609,3.449998,0.15,4.0,auto
2259,790,244,centroid_connector,1,0.862670,1,49500.0000,30.0000,1.725340,0.15,4.0,auto
2260,790,788,arterial,1,2.745000,1,1500.0000,48.7278,3.380001,0.15,4.0,auto
2261,790,791,arterial,1,2.928640,1,2000.0000,38.0343,4.619998,0.15,4.0,auto
2262,790,792,arterial,1,2.877360,1,2500.0000,50.4800,3.420000,0.15,4.0,auto
2263,790,796,arterial,1,2.989000,1,2000.0000,45.0603,3.980000,0.15,4.0,auto
2264,791,245,centroid_connector,1,0.862670,1,49500.0000,30.0000,1.725340,0.15,4.0,auto
2265,791,787,arterial,1,4.784520,1,500.0000,50.0124,5.740000,0.15,4.0,auto
2266,791,789,arterial,1,2.867000,1,1500.0000,49.8609,3.449998,0.15,4.0,auto
2267,791,790,arterial,1,2.928640,1,2000.0000,38.0343,4.619998,0.15,4.0,auto
2268,791,797,arterial,1,3.052440,1,1500.0000,50.1771,3.650000,0.15,4.0,auto
2269,792,246,centroid_connector,1,0.862670,1,49500.0000,30.0000,1.725340,0.15,4.0,auto
2270,792,746,arterial,1,3.050000,1,1000.0000,45.9799,3.980000,0.15,4.0,auto
2271,792,784,arterial,1,5.795000,1,1000.0000,44.9806,7.729999,0.15,4.0,auto
2272,792,788,arterial,1,2.728000,1,2000.0000,46.7657,3.500001,0.15,4.0,auto
2273,792,790,arterial,1,2.877360,1,2500.0000,50.4800,3.420000,0.15,4.0,auto
2274,792,800,arterial,1,5.795000,1,500.0000,43.5169,7.989999,0.15,4.0,auto
2275,793,247,centroid_connector,1,0.862670,1,49500.0000,30.0000,1.725340,0.15,4.0,auto
2276,793,785,arterial,1,5.795320,1,4000.0000,49.9597,6.959994,0.15,4.0,auto
2277,793,794,arterial,1,5.795320,1,3500.0000,49.9597,6.959994,0.15,4.0,auto
2278,793,801,arterial,1,5.856320,1,3000.0000,49.9828,7.030002,0.15,4.0,auto
2279,793,914,arterial,1,7.311100,1,2000.0000,50.4214,8.699996,0.15,4.0,auto
2280,794,248,centroid_connector,1,0.862670,1,49500.0000,30.0000,1.725340,0.15,4.0,auto
2281,794,786,arterial,1,5.856000,1,3000.0000,50.9956,6.890006,0.15,4.0,auto
2282,794,793,arterial,1,5.795320,1,3500.0000,49.9597,6.959994,0.15,4.0,auto
2283,794,795,arterial,1,5.917310,1,4000.0000,50.5034,7.029994,0.15,4.0,auto
2284,794,802,arterial,1,5.795320,1,3000.0000,46.9257,7.409995,0.15,4.0,auto
2285,795,249,centroid_connector,1,0.862670,1,49500.0000,30.0000,1.725340,0.15,4.0,auto
2286,795,787,arterial,1,5.917310,1,4500.0000,50.5034,7.029994,0.15,4.0,auto
2287,795,794,arterial,1,5.917310,1,4000.0000,50.5034,7.029994,0.15,4.0,auto
2288,795,797,arterial,1,4.516470,1,1500.0000,46.7221,5.800000,0.15,4.0,auto
2289,795,799,arterial,1,4.734870,1,2500.0000,49.7535,5.709994,0.15,4.0,auto
2290,795,803,arterial,1,5.734000,1,2500.0000,46.9359,7.329997,0.15,4.0,auto
2291,796,250,centroid_connector,1,0.862670,1,49500.0000,30.0000,1.725340,0.15,4.0,auto
2292,796,790,arterial,1,2.989000,1,2000.0000,45.0603,3.980000,0.15,4.0,auto
2293,796,797,arterial,1,3.052440,1,1000.0000,51.1582,3.580001,0.15,4.0,auto
2294,796,798,arterial,1,2.928640,1,1000.0000,40.0270,4.389997,0.15,4.0,auto
2295,796,800,arterial,1,2.755820,1,500.0000,49.9544,3.310003,0.15,4.0,auto
2296,797,251,centroid_connector,1,0.862670,1,49500.0000,30.0000,1.725340,0.15,4.0,auto
2297,797,791,arterial,1,3.052440,1,1500.0000,50.1771,3.650000,0.15,4.0,auto
2298,797,795,arterial,1,4.516470,1,1500.0000,46.7221,5.800000,0.15,4.0,auto
2299,797,796,arterial,1,3.052440,1,1000.0000,51.1582,3.580001,0.15,4.0,auto
2300,797,799,arterial,1,3.050610,1,1000.0000,50.1470,3.650001,0.15,4.0,auto
2301,798,252,centroid_connector,1,0.862670,1,49500.0000,30.0000,1.725340,0.15,4.0,auto
2302,798,796,arterial,1,2.928640,1,1000.0000,40.0270,4.389997,0.15,4.0,auto
2303,798,799,arterial,1,3.059740,1,2000.0000,50.1597,3.659998,0.15,4.0,auto
2304,798,800,arterial,1,2.893480,1,1000.0000,50.1760,3.459997,0.15,4.0,auto
2305,798,804,arterial,1,2.991490,1,3000.0000,40.0646,4.480000,0.15,4.0,auto
2306,799,253,centroid_connector,1,0.862670,1,49500.0000,30.0000,1.725340,0.15,4.0,auto
2307,799,795,arterial,1,4.734870,1,2500.0000,49.7535,5.709994,0.15,4.0,auto
2308,799,797,arterial,1,3.050610,1,1000.0000,50.1470,3.650001,0.15,4.0,auto
2309,799,798,arterial,1,3.059740,1,2000.0000,50.1597,3.659998,0.15,4.0,auto
2310,799,805,arterial,1,2.806660,1,6000.0000,46.7777,3.599997,0.15,4.0,auto
2311,800,254,centroid_connector,1,0.862670,1,49500.0000,30.0000,1.725340,0.15,4.0,auto
2312,800,757,arterial,1,2.930540,1,3000.0000,47.3942,3.709998,0.15,4.0,auto
2313,800,792,arterial,1,5.795000,1,500.0000,43.5169,7.989999,0.15,4.0,auto
2314,800,796,arterial,1,2.755820,1,500.0000,49.9544,3.310003,0.15,4.0,auto
2315,800,798,arterial,1,2.893480,1,1000.0000,50.1760,3.459997,0.15,4.0,auto
2316,800,808,arterial,1,5.978000,1,500.0000,28.9492,12.389980,0.15,4.0,auto
2317,801,255,centroid_connector,1,0.862670,1,49500.0000,30.0000,1.725340,0.15,4.0,auto
2318,801,389,arterial,1,7.509690,1,2500.0000,47.0335,9.580010,0.15,4.0,auto
2319,801,793,arterial,1,5.856320,1,3000.0000,49.9828,7.030002,0.15,4.0,auto
2320,801,802,arterial,1,5.917000,1,2000.0000,50.0733,7.090006,0.15,4.0,auto
2321,801,913,arterial,1,20.898200,1,3500.0000,50.3167,24.919997,0.15,4.0,auto
2322,802,256,centroid_connector,1,0.862670,1,49500.0000,30.0000,1.725340,0.15,4.0,auto
2323,802,388,arterial,1,4.426180,1,2000.0000,55.5587,4.780004,0.15,4.0,auto
2324,802,794,arterial,1,5.795320,1,3000.0000,46.9257,7.409995,0.15,4.0,auto
2325,802,801,arterial,1,5.917000,1,2000.0000,50.0733,7.090006,0.15,4.0,auto
2326,802,803,arterial,1,5.856000,1,2500.0000,50.4828,6.959994,0.15,4.0,auto
2327,803,257,centroid_connector,1,0.862670,1,49500.0000,30.0000,1.725340,0.15,4.0,auto
2328,803,709,arterial,1,6.100300,1,2500.0000,47.5966,7.690003,0.15,4.0,auto
2329,803,795,arterial,1,5.734000,1,2500.0000,46.9359,7.329997,0.15,4.0,auto
2330,803,802,arterial,1,5.856000,1,2500.0000,50.4828,6.959994,0.15,4.0,auto
2331,803,805,arterial,1,4.601360,1,1000.0000,46.7935,5.899999,0.15,4.0,auto
2332,803,807,arterial,1,4.758000,1,1000.0000,49.7352,5.739999,0.15,4.0,auto
2333,804,258,centroid_connector,1,0.862670,1,49500.0000,30.0000,1.725340,0.15,4.0,auto
2334,804,798,arterial,1,2.991490,1,3000.0000,40.0646,4.480000,0.15,4.0,auto
2335,804,805,arterial,1,2.867650,1,4500.0000,47.7942,3.599997,0.15,4.0,auto
2336,804,806,arterial,1,3.050610,1,2000.0000,48.1675,3.800002,0.15,4.0,auto
2337,804,808,arterial,1,2.838300,1,2500.0000,49.5052,3.440002,0.15,4.0,auto
2338,805,259,centroid_connector,1,0.862670,1,49500.0000,30.0000,1.725340,0.15,4.0,auto
2339,805,799,arterial,1,2.806660,1,6000.0000,46.7777,3.599997,0.15,4.0,auto
2340,805,803,arterial,1,4.601360,1,1000.0000,46.7935,5.899999,0.15,4.0,auto
2341,805,804,arterial,1,2.867650,1,4500.0000,47.7942,3.599997,0.15,4.0,auto
2342,805,807,arterial,1,2.989620,1,2000.0000,47.0806,3.810002,0.15,4.0,auto
2343,806,260,centroid_connector,1,0.862670,1,49500.0000,30.0000,1.725340,0.15,4.0,auto
2344,806,710,arterial,1,2.867000,1,2500.0000,48.8693,3.520001,0.15,4.0,auto
2345,806,804,arterial,1,3.050610,1,2000.0000,48.1675,3.800002,0.15,4.0,auto
2346,806,807,arterial,1,2.989000,1,2000.0000,30.6041,5.859999,0.15,4.0,auto
2347,806,808,arterial,1,2.978400,1,1500.0000,49.3657,3.620003,0.15,4.0,auto
2348,807,261,centroid_connector,1,0.862670,1,49500.0000,30.0000,1.725340,0.15,4.0,auto
2349,807,711,arterial,1,2.745680,1,2500.0000,51.6429,3.189999,0.15,4.0,auto
2350,807,803,arterial,1,4.758000,1,1000.0000,49.7352,5.739999,0.15,4.0,auto
2351,807,805,arterial,1,2.989620,1,2000.0000,47.0806,3.810002,0.15,4.0,auto
2352,807,806,arterial,1,2.989000,1,2000.0000,30.6041,5.859999,0.15,4.0,auto
2353,808,262,centroid_connector,1,0.862670,1,49500.0000,30.0000,1.725340,0.15,4.0,auto
2354,808,584,arterial,1,6.269960,1,500.0000,35.3569,10.640005,0.15,4.0,auto
2355,808,768,arterial,1,2.928000,1,4500.0000,48.9359,3.590002,0.15,4.0,auto
2356,808,800,arterial,1,5.978000,1,500.0000,28.9492,12.389980,0.15,4.0,auto
2357,808,804,arterial,1,2.838300,1,2500.0000,49.5052,3.440002,0.15,4.0,auto
2358,808,806,arterial,1,2.978400,1,1500.0000,49.3657,3.620003,0.15,4.0,auto
2359,809,263,centroid_connector,1,0.862670,1,49500.0000,30.0000,1.725340,0.15,4.0,auto
2360,809,697,arterial,1,2.989000,1,2500.0000,45.4025,3.950003,0.15,4.0,auto
2361,809,810,arterial,1,2.928000,1,1000.0000,42.1295,4.170000,0.15,4.0,auto
2362,809,811,arterial,1,2.989000,1,2500.0000,45.4025,3.950003,0.15,4.0,auto
2363,809,814,arterial,1,2.928640,1,2500.0000,47.3635,3.709996,0.15,4.0,auto
2364,810,264,centroid_connector,1,0.862670,1,49500.0000,30.0000,1.725340,0.15,4.0,auto
2365,810,698,arterial,1,2.867650,1,2000.0000,36.8435,4.669996,0.15,4.0,auto
2366,810,809,arterial,1,2.928000,1,1000.0000,42.1295,4.170000,0.15,4.0,auto
2367,810,812,arterial,1,2.989620,1,3500.0000,44.7325,4.009997,0.15,4.0,auto
2368,810,866,arterial,1,4.576630,1,2500.0000,42.3109,6.490001,0.15,4.0,auto
2369,811,265,centroid_connector,1,0.862670,1,49500.0000,30.0000,1.725340,0.15,4.0,auto
2370,811,809,arterial,1,2.989000,1,2500.0000,45.4025,3.950003,0.15,4.0,auto
2371,811,812,arterial,1,2.867000,1,2500.0000,44.7969,3.839998,0.15,4.0,auto
2372,811,816,arterial,1,3.113390,1,3000.0000,49.0298,3.809997,0.15,4.0,auto
2373,811,817,arterial,1,2.930540,1,2500.0000,45.4347,3.870002,0.15,4.0,auto
2374,812,266,centroid_connector,1,0.862670,1,49500.0000,30.0000,1.725340,0.15,4.0,auto
2375,812,810,arterial,1,2.989620,1,3500.0000,44.7325,4.009997,0.15,4.0,auto
2376,812,811,arterial,1,2.867000,1,2500.0000,44.7969,3.839998,0.15,4.0,auto
2377,812,818,arterial,1,3.113390,1,2000.0000,48.0214,3.890003,0.15,4.0,auto
2378,812,866,arterial,1,4.534150,1,1000.0000,42.0478,6.469994,0.15,4.0,auto
2379,813,267,centroid_connector,1,0.862670,1,49500.0000,30.0000,1.725340,0.15,4.0,auto
2380,813,472,arterial,1,1.871220,1,3000.0000,80.7721,1.390000,0.15,4.0,auto
2381,813,473,arterial,1,0.744600,1,1000.0000,31.0250,1.440000,0.15,4.0,auto
2382,813,701,arterial,1,2.930540,1,2000.0000,39.6913,4.429999,0.15,4.0,auto
2383,813,814,arterial,1,3.055490,1,6000.0000,48.7578,3.760001,0.15,4.0,auto
2384,814,268,centroid_connector,1,0.862670,1,49500.0000,30.0000,1.725340,0.15,4.0,auto
2385,814,702,arterial,1,2.928640,1,3500.0000,38.6194,4.550003,0.15,4.0,auto
2386,814,809,arterial,1,2.928640,1,2500.0000,47.3635,3.709996,0.15,4.0,auto
2387,814,813,arterial,1,3.055490,1,6000.0000,48.7578,3.760001,0.15,4.0,auto
2388,814,816,arterial,1,2.933710,1,2500.0000,44.5627,3.949999,0.15,4.0,auto
2389,815,269,centroid_connector,1,0.862670,1,49500.0000,30.0000,1.725340,0.15,4.0,auto
2390,815,471,arterial,1,3.242190,1,3000.0000,50.6592,3.840001,0.15,4.0,auto
2391,815,472,arterial,1,1.446100,1,3000.0000,39.0838,2.219999,0.15,4.0,auto
2392,815,638,arterial,1,4.392420,1,2000.0000,46.0743,5.720004,0.15,4.0,auto
2393,815,821,arterial,1,2.930540,1,2500.0000,49.1152,3.580000,0.15,4.0,auto
2394,816,270,centroid_connector,1,0.862670,1,49500.0000,30.0000,1.725340,0.15,4.0,auto
2395,816,471,arterial,1,0.656990,1,3000.0000,64.6220,0.610000,0.15,4.0,auto
2396,816,811,arterial,1,3.113390,1,3000.0000,49.0298,3.809997,0.15,4.0,auto
2397,816,814,arterial,1,2.933710,1,2500.0000,44.5627,3.949999,0.15,4.0,auto
2398,816,822,arterial,1,2.928640,1,2500.0000,45.0560,3.900000,0.15,4.0,auto
2399,817,271,centroid_connector,1,0.862670,1,49500.0000,30.0000,1.725340,0.15,4.0,auto
2400,817,470,arterial,1,0.613040,1,1000.0000,49.7059,0.740001,0.15,4.0,auto
2401,817,811,arterial,1,2.930540,1,2500.0000,45.4347,3.870002,0.15,4.0,auto
2402,817,818,arterial,1,2.872830,1,3500.0000,41.8373,4.120003,0.15,4.0,auto
2403,817,819,arterial,1,2.989000,1,3500.0000,51.0940,3.510001,0.15,4.0,auto
2404,818,272,centroid_connector,1,0.862670,1,49500.0000,30.0000,1.725340,0.15,4.0,auto
2405,818,812,arterial,1,3.113390,1,2000.0000,48.0214,3.890003,0.15,4.0,auto
2406,818,817,arterial,1,2.872830,1,3500.0000,41.8373,4.120003,0.15,4.0,auto
2407,818,820,arterial,1,2.808650,1,1500.0000,39.5585,4.259995,0.15,4.0,auto
2408,818,869,arterial,1,4.440870,1,1500.0000,42.0936,6.329993,0.15,4.0,auto
2409,819,273,centroid_connector,1,0.862670,1,49500.0000,30.0000,1.725340,0.15,4.0,auto
2410,819,469,arterial,1,0.659820,1,3000.0000,116.4388,0.340000,0.15,4.0,auto
2411,819,817,arterial,1,2.989000,1,3500.0000,51.0940,3.510001,0.15,4.0,auto
2412,819,820,arterial,1,2.745000,1,1500.0000,46.7898,3.519998,0.15,4.0,auto
2413,819,829,arterial,1,2.938150,1,3000.0000,46.5142,3.790004,0.15,4.0,auto
2414,820,274,centroid_connector,1,0.862670,1,49500.0000,30.0000,1.725340,0.15,4.0,auto
2415,820,818,arterial,1,2.808650,1,1500.0000,39.5585,4.259995,0.15,4.0,auto
2416,820,819,arterial,1,2.745000,1,1500.0000,46.7898,3.519998,0.15,4.0,auto
2417,820,830,arterial,1,3.050610,1,500.0000,38.5340,4.750003,0.15,4.0,auto
2418,820,869,arterial,1,4.440870,1,1500.0000,47.0764,5.659995,0.15,4.0,auto
2419,821,275,centroid_connector,1,0.862670,1,49500.0000,30.0000,1.725340,0.15,4.0,auto
2420,821,815,arterial,1,2.930540,1,2500.0000,49.1152,3.580000,0.15,4.0,auto
2421,821,822,arterial,1,2.989620,1,2000.0000,45.4119,3.950004,0.15,4.0,auto
2422,821,823,arterial,1,2.928000,1,4000.0000,47.0992,3.730000,0.15,4.0,auto
2423,821,826,arterial,1,2.933710,1,2500.0000,40.0963,4.389996,0.15,4.0,auto
2424,822,276,centroid_connector,1,0.862670,1,49500.0000,30.0000,1.725340,0.15,4.0,auto
2425,822,470,arterial,1,3.195960,1,1000.0000,57.0707,3.360001,0.15,4.0,auto
2426,822,816,arterial,1,2.928640,1,2500.0000,45.0560,3.900000,0.15,4.0,auto
2427,822,821,arterial,1,2.989620,1,2000.0000,45.4119,3.950004,0.15,4.0,auto
2428,822,824,arterial,1,2.989620,1,2000.0000,45.4119,3.950004,0.15,4.0,auto
2429,823,277,centroid_connector,1,0.862670,1,49500.0000,30.0000,1.725340,0.15,4.0,auto
2430,823,821,arterial,1,2.928000,1,4000.0000,47.0992,3.730000,0.15,4.0,auto
2431,823,824,arterial,1,2.930540,1,2000.0000,44.5145,3.950003,0.15,4.0,auto
2432,823,828,arterial,1,2.928000,1,3000.0000,45.7500,3.840000,0.15,4.0,auto
2433,823,833,arterial,1,2.928640,1,3000.0000,42.7539,4.109997,0.15,4.0,auto
2434,824,278,centroid_connector,1,0.862670,1,49500.0000,30.0000,1.725340,0.15,4.0,auto
2435,824,469,arterial,1,3.541150,1,3000.0000,52.9848,4.009999,0.15,4.0,auto
2436,824,822,arterial,1,2.989620,1,2000.0000,45.4119,3.950004,0.15,4.0,auto
2437,824,823,arterial,1,2.930540,1,2000.0000,44.5145,3.950003,0.15,4.0,auto
2438,824,834,arterial,1,3.050610,1,9000.0000,36.5343,5.009993,0.15,4.0,auto
2439,825,279,centroid_connector,1,0.862670,1,49500.0000,30.0000,1.725340,0.15,4.0,auto
2440,825,638,arterial,1,3.034100,1,1000.0000,50.1504,3.630001,0.15,4.0,auto
2441,825,649,arterial,1,3.050000,1,1500.0000,45.6359,4.010001,0.15,4.0,auto
2442,825,826,arterial,1,2.867650,1,2000.0000,46.7552,3.679997,0.15,4.0,auto
2443,825,827,arterial,1,3.050610,1,1000.0000,42.0774,4.349998,0.15,4.0,auto
2444,826,280,centroid_connector,1,0.862670,1,49500.0000,30.0000,1.725340,0.15,4.0,auto
2445,826,638,arterial,1,3.000800,1,1500.0000,37.5100,4.800000,0.15,4.0,auto
2446,826,821,arterial,1,2.933710,1,2500.0000,40.0963,4.389996,0.15,4.0,auto
2447,826,825,arterial,1,2.867650,1,2000.0000,46.7552,3.679997,0.15,4.0,auto
2448,826,828,arterial,1,3.111000,1,2000.0000,47.3756,3.940003,0.15,4.0,auto
2449,827,281,centroid_connector,1,0.862670,1,49500.0000,30.0000,1.725340,0.15,4.0,auto
2450,827,651,arterial,1,2.930540,1,1000.0000,44.0683,3.989997,0.15,4.0,auto
2451,827,825,arterial,1,3.050610,1,1000.0000,42.0774,4.349998,0.15,4.0,auto
2452,827,828,arterial,1,2.930540,1,2000.0000,44.0683,3.989997,0.15,4.0,auto
2453,827,837,arterial,1,2.867650,1,2500.0000,44.8070,3.840003,0.15,4.0,auto
2454,828,282,centroid_connector,1,0.862670,1,49500.0000,30.0000,1.725340,0.15,4.0,auto
2455,828,823,arterial,1,2.928000,1,3000.0000,45.7500,3.840000,0.15,4.0,auto
2456,828,826,arterial,1,3.111000,1,2000.0000,47.3756,3.940003,0.15,4.0,auto
2457,828,827,arterial,1,2.930540,1,2000.0000,44.0683,3.989997,0.15,4.0,auto
2458,828,838,arterial,1,2.872830,1,500.0000,47.4848,3.629999,0.15,4.0,auto
2459,829,283,centroid_connector,1,0.862670,1,49500.0000,30.0000,1.725340,0.15,4.0,auto
2460,829,457,arterial,1,3.050610,1,1000.0000,50.1470,3.650001,0.15,4.0,auto
2461,829,468,arterial,1,1.666090,1,2500.0000,75.1620,1.329999,0.15,4.0,auto
2462,829,819,arterial,1,2.938150,1,3000.0000,46.5142,3.790004,0.15,4.0,auto
2463,829,834,arterial,1,2.928000,1,7500.0000,33.0847,5.310007,0.15,4.0,auto
2464,830,284,centroid_connector,1,0.862670,1,49500.0000,30.0000,1.725340,0.15,4.0,auto
2465,830,468,arterial,1,1.506590,1,2500.0000,31.7177,2.849999,0.15,4.0,auto
2466,830,820,arterial,1,3.050610,1,500.0000,38.5340,4.750003,0.15,4.0,auto
2467,830,832,arterial,1,2.867000,1,500.0000,41.8540,4.110001,0.15,4.0,auto
2468,830,872,arterial,1,4.497900,1,3000.0000,45.2809,5.959996,0.15,4.0,auto
2469,831,285,centroid_connector,1,0.862670,1,49500.0000,30.0000,1.725340,0.15,4.0,auto
2470,831,457,arterial,1,0.682000,1,1000.0000,56.8333,0.720000,0.15,4.0,auto
2471,831,836,arterial,1,2.989620,1,1000.0000,48.7438,3.680000,0.15,4.0,auto
2472,831,845,arterial,1,4.516470,1,1000.0000,45.3917,5.969995,0.15,4.0,auto
2473,832,286,centroid_connector,1,0.862670,1,49500.0000,30.0000,1.725340,0.15,4.0,auto
2474,832,459,arterial,1,1.273720,1,2000.0000,60.1757,1.270001,0.15,4.0,auto
2475,832,830,arterial,1,2.867000,1,500.0000,41.8540,4.110001,0.15,4.0,auto
2476,832,872,arterial,1,4.399620,1,2000.0000,41.9678,6.289994,0.15,4.0,auto
2477,833,287,centroid_connector,1,0.862670,1,49500.0000,30.0000,1.725340,0.15,4.0,auto
2478,833,455,arterial,1,2.145430,1,3000.0000,47.6762,2.700001,0.15,4.0,auto
2479,833,823,arterial,1,2.928640,1,3000.0000,42.7539,4.109997,0.15,4.0,auto
2480,833,834,arterial,1,2.938150,1,10500.0000,36.0509,4.890003,0.15,4.0,auto
2481,833,838,arterial,1,3.050610,1,2000.0000,40.5846,4.510001,0.15,4.0,auto
2482,834,288,centroid_connector,1,0.862670,1,49500.0000,30.0000,1.725340,0.15,4.0,auto
2483,834,456,arterial,1,1.969080,1,5500.0000,58.7785,2.010000,0.15,4.0,auto
2484,834,824,arterial,1,3.050610,1,9000.0000,36.5343,5.009993,0.15,4.0,auto
2485,834,829,arterial,1,2.928000,1,7500.0000,33.0847,5.310007,0.15,4.0,auto
2486,834,833,arterial,1,2.938150,1,10500.0000,36.0509,4.890003,0.15,4.0,auto
2487,835,289,centroid_connector,1,0.862670,1,49500.0000,30.0000,1.725340,0.15,4.0,auto
2488,835,455,arterial,1,1.184410,1,3000.0000,24.9349,2.850005,0.15,4.0,auto
2489,835,836,arterial,1,2.928000,1,6000.0000,47.0992,3.730000,0.15,4.0,auto
2490,835,840,arterial,1,2.933710,1,3500.0000,45.7202,3.849996,0.15,4.0,auto
2491,835,846,arterial,1,4.378850,1,1500.0000,37.7487,6.960001,0.15,4.0,auto
2492,836,290,centroid_connector,1,0.862670,1,49500.0000,30.0000,1.725340,0.15,4.0,auto
2493,836,456,arterial,1,1.134670,1,5500.0000,28.2490,2.410004,0.15,4.0,auto
2494,836,831,arterial,1,2.989620,1,1000.0000,48.7438,3.680000,0.15,4.0,auto
2495,836,835,arterial,1,2.928000,1,6000.0000,47.0992,3.730000,0.15,4.0,auto
2496,836,846,arterial,1,4.419450,1,2500.0000,41.8244,6.340007,0.15,4.0,auto
2497,837,291,centroid_connector,1,0.862670,1,49500.0000,30.0000,1.725340,0.15,4.0,auto
2498,837,827,arterial,1,2.867650,1,2500.0000,44.8070,3.840003,0.15,4.0,auto
2499,837,838,arterial,1,2.808650,1,3000.0000,44.4641,3.790001,0.15,4.0,auto
2500,837,839,arterial,1,2.991490,1,2500.0000,36.3339,4.939998,0.15,4.0,auto
2501,837,842,arterial,1,3.050610,1,2000.0000,50.7027,3.609997,0.15,4.0,auto
2502,838,292,centroid_connector,1,0.862670,1,49500.0000,30.0000,1.725340,0.15,4.0,auto
2503,838,454,arterial,1,1.986950,1,3000.0000,61.7705,1.929999,0.15,4.0,auto
2504,838,828,arterial,1,2.872830,1,500.0000,47.4848,3.629999,0.15,4.0,auto
2505,838,833,arterial,1,3.050610,1,2000.0000,40.5846,4.510001,0.15,4.0,auto
2506,838,837,arterial,1,2.808650,1,3000.0000,44.4641,3.790001,0.15,4.0,auto
2507,839,293,centroid_connector,1,0.862670,1,49500.0000,30.0000,1.725340,0.15,4.0,auto
2508,839,837,arterial,1,2.991490,1,2500.0000,36.3339,4.939998,0.15,4.0,auto
2509,839,840,arterial,1,2.928640,1,2000.0000,45.0560,3.900000,0.15,4.0,auto
2510,839,844,arterial,1,2.930540,1,1500.0000,44.5145,3.950003,0.15,4.0,auto
2511,839,847,arterial,1,4.499550,1,2000.0000,42.3155,6.380003,0.15,4.0,auto
2512,840,294,centroid_connector,1,0.862670,1,49500.0000,30.0000,1.725340,0.15,4.0,auto
2513,840,454,arterial,1,1.203110,1,3000.0000,29.4639,2.450002,0.15,4.0,auto
2514,840,835,arterial,1,2.933710,1,3500.0000,45.7202,3.849996,0.15,4.0,auto
2515,840,839,arterial,1,2.928640,1,2000.0000,45.0560,3.900000,0.15,4.0,auto
2516,840,847,arterial,1,4.598930,1,2500.0000,43.1150,6.399995,0.15,4.0,auto
2517,841,295,centroid_connector,1,0.862670,1,49500.0000,30.0000,1.725340,0.15,4.0,auto
2518,841,453,arterial,1,0.744600,1,500.0000,30.1865,1.479999,0.15,4.0,auto
2519,841,663,arterial,1,3.050610,1,3500.0000,43.9992,4.159998,0.15,4.0,auto
2520,841,842,arterial,1,2.928000,1,3500.0000,45.0462,3.899996,0.15,4.0,auto
2521,841,843,arterial,1,2.933710,1,500.0000,42.1107,4.179997,0.15,4.0,auto
2522,842,296,centroid_connector,1,0.862670,1,49500.0000,30.0000,1.725340,0.15,4.0,auto
2523,842,651,arterial,1,2.933710,1,2000.0000,39.1161,4.500004,0.15,4.0,auto
2524,842,837,arterial,1,3.050610,1,2000.0000,50.7027,3.609997,0.15,4.0,auto
2525,842,841,arterial,1,2.928000,1,3500.0000,45.0462,3.899996,0.15,4.0,auto
2526,842,844,arterial,1,2.928000,1,1500.0000,45.0462,3.899996,0.15,4.0,auto
2527,843,297,centroid_connector,1,0.862670,1,49500.0000,30.0000,1.725340,0.15,4.0,auto
2528,843,665,arterial,1,2.928000,1,2000.0000,47.0992,3.730000,0.15,4.0,auto
2529,843,841,arterial,1,2.933710,1,500.0000,42.1107,4.179997,0.15,4.0,auto
2530,843,844,arterial,1,3.111000,1,3000.0000,43.9200,4.250000,0.15,4.0,auto
2531,843,848,arterial,1,4.575000,1,2000.0000,42.5581,6.450006,0.15,4.0,auto
2532,844,298,centroid_connector,1,0.862670,1,49500.0000,30.0000,1.725340,0.15,4.0,auto
2533,844,839,arterial,1,2.930540,1,1500.0000,44.5145,3.950003,0.15,4.0,auto
2534,844,842,arterial,1,2.928000,1,1500.0000,45.0462,3.899996,0.15,4.0,auto
2535,844,843,arterial,1,3.111000,1,3000.0000,43.9200,4.250000,0.15,4.0,auto
2536,844,848,arterial,1,4.758000,1,3500.0000,47.5800,6.000000,0.15,4.0,auto
2537,845,299,centroid_connector,1,0.862670,1,49500.0000,30.0000,1.725340,0.15,4.0,auto
2538,845,459,arterial,1,3.638080,1,2000.0000,28.2752,7.720009,0.15,4.0,auto
2539,845,467,arterial,1,2.204460,1,2500.0000,63.2859,2.090001,0.15,4.0,auto
2540,845,831,arterial,1,4.516470,1,1000.0000,45.3917,5.969995,0.15,4.0,auto
2541,845,846,arterial,1,5.800130,1,2500.0000,44.2758,7.860000,0.15,4.0,auto
2542,845,875,arterial,1,5.980800,1,3000.0000,50.2588,7.140003,0.15,4.0,auto
2543,846,300,centroid_connector,1,0.862670,1,49500.0000,30.0000,1.725340,0.15,4.0,auto
2544,846,835,arterial,1,4.378850,1,1500.0000,37.7487,6.960001,0.15,4.0,auto
2545,846,836,arterial,1,4.419450,1,2500.0000,41.8244,6.340007,0.15,4.0,auto
2546,846,845,arterial,1,5.800130,1,2500.0000,44.2758,7.860000,0.15,4.0,auto
2547,846,847,arterial,1,6.039310,1,3500.0000,47.2436,7.670004,0.15,4.0,auto
2548,846,856,arterial,1,5.919830,1,1500.0000,47.2327,7.519998,0.15,4.0,auto
2549,847,301,centroid_connector,1,0.862670,1,49500.0000,30.0000,1.725340,0.15,4.0,auto
2550,847,839,arterial,1,4.499550,1,2000.0000,42.3155,6.380003,0.15,4.0,auto
2551,847,840,arterial,1,4.598930,1,2500.0000,43.1150,6.399995,0.15,4.0,auto
2552,847,846,arterial,1,6.039310,1,3500.0000,47.2436,7.670004,0.15,4.0,auto
2553,847,848,arterial,1,5.978310,1,5000.0000,47.0733,7.620001,0.15,4.0,auto
2554,847,857,arterial,1,5.796280,1,3500.0000,41.9514,8.289993,0.15,4.0,auto
2555,848,302,centroid_connector,1,0.862670,1,49500.0000,30.0000,1.725340,0.15,4.0,auto
2556,848,447,arterial,1,3.813350,1,4000.0000,40.9304,5.590002,0.15,4.0,auto
2557,848,843,arterial,1,4.575000,1,2000.0000,42.5581,6.450006,0.15,4.0,auto
2558,848,844,arterial,1,4.758000,1,3500.0000,47.5800,6.000000,0.15,4.0,auto
2559,848,847,arterial,1,5.978310,1,5000.0000,47.0733,7.620001,0.15,4.0,auto
2560,848,858,arterial,1,5.673330,1,3000.0000,46.9517,7.249999,0.15,4.0,auto
2561,849,303,centroid_connector,1,0.862670,1,49500.0000,30.0000,1.725340,0.15,4.0,auto
2562,849,447,arterial,1,2.161850,1,4000.0000,69.3642,1.869999,0.15,4.0,auto
2563,849,664,arterial,1,4.458010,1,5500.0000,45.4899,5.880000,0.15,4.0,auto
2564,849,665,arterial,1,4.576630,1,1000.0000,42.3762,6.480001,0.15,4.0,auto
2565,849,851,arterial,1,4.552580,1,2000.0000,38.3106,7.130006,0.15,4.0,auto
2566,849,853,arterial,1,4.514000,1,2500.0000,41.9907,6.450000,0.15,4.0,auto
2567,849,859,arterial,1,5.736920,1,5500.0000,46.7684,7.359995,0.15,4.0,auto
2568,850,304,centroid_connector,1,0.862670,1,49500.0000,30.0000,1.725340,0.15,4.0,auto
2569,850,668,arterial,1,2.989000,1,4500.0000,46.7031,3.840002,0.15,4.0,auto
2570,850,851,arterial,1,2.867650,1,3500.0000,35.8456,4.800003,0.15,4.0,auto
2571,850,852,arterial,1,2.806660,1,2500.0000,45.8854,3.670004,0.15,4.0,auto
2572,850,854,arterial,1,2.673580,1,2500.0000,47.4600,3.380000,0.15,4.0,auto
2573,851,305,centroid_connector,1,0.862670,1,49500.0000,30.0000,1.725340,0.15,4.0,auto
2574,851,669,arterial,1,2.930540,1,5500.0000,38.0590,4.619995,0.15,4.0,auto
2575,851,849,arterial,1,4.552580,1,2000.0000,38.3106,7.130006,0.15,4.0,auto
2576,851,850,arterial,1,2.867650,1,3500.0000,35.8456,4.800003,0.15,4.0,auto
2577,851,853,arterial,1,2.867650,1,1500.0000,41.8635,4.110000,0.15,4.0,auto
2578,852,306,centroid_connector,1,0.862670,1,49500.0000,30.0000,1.725340,0.15,4.0,auto
2579,852,850,arterial,1,2.806660,1,2500.0000,45.8854,3.670004,0.15,4.0,auto
2580,852,853,arterial,1,2.989000,1,2000.0000,51.3868,3.490001,0.15,4.0,auto
2581,852,854,arterial,1,2.808650,1,500.0000,43.7712,3.849997,0.15,4.0,auto
2582,852,860,arterial,1,4.475920,1,2000.0000,44.1703,6.079995,0.15,4.0,auto
2583,853,307,centroid_connector,1,0.862670,1,49500.0000,30.0000,1.725340,0.15,4.0,auto
2584,853,849,arterial,1,4.514000,1,2500.0000,41.9907,6.450000,0.15,4.0,auto
2585,853,851,arterial,1,2.867650,1,1500.0000,41.8635,4.110000,0.15,4.0,auto
2586,853,852,arterial,1,2.989000,1,2000.0000,51.3868,3.490001,0.15,4.0,auto
2587,853,860,arterial,1,4.576630,1,2500.0000,47.5906,5.770001,0.15,4.0,auto
2588,854,308,centroid_connector,1,0.862670,1,49500.0000,30.0000,1.725340,0.15,4.0,auto
2589,854,670,arterial,1,5.917310,1,500.0000,34.4363,10.310010,0.15,4.0,auto
2590,854,850,arterial,1,2.673580,1,2500.0000,47.4600,3.380000,0.15,4.0,auto
2591,854,852,arterial,1,2.808650,1,500.0000,43.7712,3.849997,0.15,4.0,auto
2592,854,861,arterial,1,5.734000,1,500.0000,38.0997,9.029992,0.15,4.0,auto
2593,854,905,arterial,1,4.936100,1,1000.0000,35.5541,8.330010,0.15,4.0,auto
2594,854,907,arterial,1,4.184620,1,3500.0000,42.0565,5.969998,0.15,4.0,auto
2595,855,309,centroid_connector,1,0.862670,1,49500.0000,30.0000,1.725340,0.15,4.0,auto
2596,855,466,arterial,1,2.103390,1,5000.0000,75.5709,1.670000,0.15,4.0,auto
2597,855,467,arterial,1,3.792320,1,2500.0000,38.6971,5.880007,0.15,4.0,auto
2598,855,856,arterial,1,5.797890,1,4000.0000,46.9465,7.409996,0.15,4.0,auto
2599,855,878,arterial,1,5.917310,1,2500.0000,44.4354,7.989994,0.15,4.0,auto
2600,856,310,centroid_connector,1,0.862670,1,49500.0000,30.0000,1.725340,0.15,4.0,auto
2601,856,846,arterial,1,5.919830,1,1500.0000,47.2327,7.519998,0.15,4.0,auto
2602,856,855,arterial,1,5.797890,1,4000.0000,46.9465,7.409996,0.15,4.0,auto
2603,856,857,arterial,1,5.980800,1,3000.0000,47.0929,7.620002,0.15,4.0,auto
2604,856,863,arterial,1,5.922030,1,2000.0000,50.2577,7.069997,0.15,4.0,auto
2605,857,311,centroid_connector,1,0.862670,1,49500.0000,30.0000,1.725340,0.15,4.0,auto
2606,857,847,arterial,1,5.796280,1,3500.0000,41.9514,8.289993,0.15,4.0,auto
2607,857,856,arterial,1,5.980800,1,3000.0000,47.0929,7.620002,0.15,4.0,auto
2608,857,858,arterial,1,5.919830,1,3000.0000,47.6126,7.459996,0.15,4.0,auto
2609,857,885,arterial,1,6.224690,1,3500.0000,50.5388,7.389993,0.15,4.0,auto
2610,858,312,centroid_connector,1,0.862670,1,49500.0000,30.0000,1.725340,0.15,4.0,auto
2611,858,446,arterial,1,1.418820,1,8500.0000,35.3233,2.410001,0.15,4.0,auto
2612,858,848,arterial,1,5.673330,1,3000.0000,46.9517,7.249999,0.15,4.0,auto
2613,858,857,arterial,1,5.919830,1,3000.0000,47.6126,7.459996,0.15,4.0,auto
2614,858,886,arterial,1,6.423560,1,5000.0000,50.2495,7.669999,0.15,4.0,auto
2615,859,313,centroid_connector,1,0.862670,1,49500.0000,30.0000,1.725340,0.15,4.0,auto
2616,859,446,arterial,1,4.744690,1,8500.0000,54.6413,5.210004,0.15,4.0,auto
2617,859,849,arterial,1,5.736920,1,5500.0000,46.7684,7.359995,0.15,4.0,auto
2618,859,860,arterial,1,5.734000,1,4000.0000,42.1102,8.169992,0.15,4.0,auto
2619,859,887,arterial,1,6.470600,1,4000.0000,42.1537,9.210010,0.15,4.0,auto
2620,860,314,centroid_connector,1,0.862670,1,49500.0000,30.0000,1.725340,0.15,4.0,auto
2621,860,852,arterial,1,4.475920,1,2000.0000,44.1703,6.079995,0.15,4.0,auto
2622,860,853,arterial,1,4.576630,1,2500.0000,47.5906,5.770001,0.15,4.0,auto
2623,860,859,arterial,1,5.734000,1,4000.0000,42.1102,8.169992,0.15,4.0,auto
2624,860,861,arterial,1,3.662030,1,2500.0000,46.8490,4.690000,0.15,4.0,auto
2625,860,888,arterial,1,6.258080,1,3500.0000,45.0762,8.330001,0.15,4.0,auto
2626,861,315,centroid_connector,1,0.862670,1,49500.0000,30.0000,1.725340,0.15,4.0,auto
2627,861,854,arterial,1,5.734000,1,500.0000,38.0997,9.029992,0.15,4.0,auto
2628,861,860,arterial,1,3.662030,1,2500.0000,46.8490,4.690000,0.15,4.0,auto
2629,861,888,arterial,1,6.785270,1,4000.0000,44.9356,9.059993,0.15,4.0,auto
2630,861,907,arterial,1,4.659220,1,1500.0000,42.5500,6.569993,0.15,4.0,auto
2631,861,910,arterial,1,6.751190,1,1500.0000,42.1510,9.610007,0.15,4.0,auto
2632,862,316,centroid_connector,1,0.862670,1,49500.0000,30.0000,1.725340,0.15,4.0,auto
2633,862,465,arterial,1,4.474260,1,3500.0000,59.6568,4.500000,0.15,4.0,auto
2634,862,466,arterial,1,3.972030,1,5000.0000,44.1337,5.399996,0.15,4.0,auto
2635,862,863,arterial,1,5.919830,1,1000.0000,41.9350,8.470008,0.15,4.0,auto
2636,862,889,arterial,1,6.285660,1,500.0000,50.2853,7.499997,0.15,4.0,auto
2637,863,317,centroid_connector,1,0.862670,1,49500.0000,30.0000,1.725340,0.15,4.0,auto
2638,863,856,arterial,1,5.922030,1,2000.0000,50.2577,7.069997,0.15,4.0,auto
2639,863,862,arterial,1,5.919830,1,1000.0000,41.9350,8.470008,0.15,4.0,auto
2640,863,885,arterial,1,5.918260,1,500.0000,50.3682,7.049996,0.15,4.0,auto
2641,863,890,arterial,1,6.345170,1,3000.0000,42.3953,8.980010,0.15,4.0,auto
2642,864,318,centroid_connector,1,0.862670,1,49500.0000,30.0000,1.725340,0.15,4.0,auto
2643,864,732,arterial,1,6.222000,1,4000.0000,47.0176,7.940005,0.15,4.0,auto
2644,864,865,arterial,1,5.638790,1,4500.0000,50.1969,6.740006,0.15,4.0,auto
2645,864,867,arterial,1,6.040230,1,1500.0000,42.0922,8.609999,0.15,4.0,auto
2646,864,913,arterial,1,16.399100,1,2500.0000,42.1390,23.350008,0.15,4.0,auto
2647,865,319,centroid_connector,1,0.862670,1,49500.0000,30.0000,1.725340,0.15,4.0,auto
2648,865,733,arterial,1,5.858860,1,5000.0000,50.5801,6.949998,0.15,4.0,auto
2649,865,864,arterial,1,5.638790,1,4500.0000,50.1969,6.740006,0.15,4.0,auto
2650,865,866,arterial,1,5.985780,1,1000.0000,51.1605,7.020002,0.15,4.0,auto
2651,865,868,arterial,1,6.168550,1,500.0000,30.0416,12.320016,0.15,4.0,auto
2652,866,320,centroid_connector,1,0.862670,1,49500.0000,30.0000,1.725340,0.15,4.0,auto
2653,866,736,arterial,1,4.709260,1,3500.0000,42.4258,6.659995,0.15,4.0,auto
2654,866,737,arterial,1,4.571750,1,2000.0000,51.1763,5.360001,0.15,4.0,auto
2655,866,810,arterial,1,4.576630,1,2500.0000,42.3109,6.490001,0.15,4.0,auto
2656,866,812,arterial,1,4.534150,1,1000.0000,42.0478,6.469994,0.15,4.0,auto
2657,866,865,arterial,1,5.985780,1,1000.0000,51.1605,7.020002,0.15,4.0,auto
2658,866,868,arterial,1,8.153260,1,1500.0000,47.1741,10.370004,0.15,4.0,auto
2659,866,869,arterial,1,6.046700,1,2500.0000,44.0829,8.229994,0.15,4.0,auto
2660,867,321,centroid_connector,1,0.862670,1,49500.0000,30.0000,1.725340,0.15,4.0,auto
2661,867,864,arterial,1,6.040230,1,1500.0000,42.0922,8.609999,0.15,4.0,auto
2662,867,868,arterial,1,5.810710,1,3500.0000,47.1776,7.390003,0.15,4.0,auto
2663,867,870,arterial,1,5.857270,1,1500.0000,51.1552,6.870000,0.15,4.0,auto
2664,868,322,centroid_connector,1,0.862670,1,49500.0000,30.0000,1.725340,0.15,4.0,auto
2665,868,865,arterial,1,6.168550,1,500.0000,30.0416,12.320016,0.15,4.0,auto
2666,868,866,arterial,1,8.153260,1,1500.0000,47.1741,10.370004,0.15,4.0,auto
2667,868,867,arterial,1,5.810710,1,3500.0000,47.1776,7.390003,0.15,4.0,auto
2668,868,869,arterial,1,5.980800,1,2000.0000,51.1179,7.020007,0.15,4.0,auto
2669,868,871,arterial,1,6.224690,1,2500.0000,45.0520,8.290007,0.15,4.0,auto
2670,869,323,centroid_connector,1,0.862670,1,49500.0000,30.0000,1.725340,0.15,4.0,auto
2671,869,818,arterial,1,4.440870,1,1500.0000,42.0936,6.329993,0.15,4.0,auto
2672,869,820,arterial,1,4.440870,1,1500.0000,47.0764,5.659995,0.15,4.0,auto
2673,869,866,arterial,1,6.046700,1,2500.0000,44.0829,8.229994,0.15,4.0,auto
2674,869,868,arterial,1,5.980800,1,2000.0000,51.1179,7.020007,0.15,4.0,auto
2675,869,872,arterial,1,5.857270,1,2500.0000,44.1503,7.959996,0.15,4.0,auto
2676,870,324,centroid_connector,1,0.862670,1,49500.0000,30.0000,1.725340,0.15,4.0,auto
2677,870,867,arterial,1,5.857270,1,1500.0000,51.1552,6.870000,0.15,4.0,auto
2678,870,871,arterial,1,5.856320,1,5500.0000,45.1644,7.780004,0.15,4.0,auto
2679,871,325,centroid_connector,1,0.862670,1,49500.0000,30.0000,1.725340,0.15,4.0,auto
2680,871,868,arterial,1,6.224690,1,2500.0000,45.0520,8.290007,0.15,4.0,auto
2681,871,870,arterial,1,5.856320,1,5500.0000,45.1644,7.780004,0.15,4.0,auto
2682,871,872,arterial,1,5.919830,1,2000.0000,51.1801,6.939998,0.15,4.0,auto
2683,871,874,arterial,1,5.917310,1,2500.0000,45.1129,7.870002,0.15,4.0,auto
2684,872,326,centroid_connector,1,0.862670,1,49500.0000,30.0000,1.725340,0.15,4.0,auto
2685,872,460,arterial,1,4.805080,1,3500.0000,49.1988,5.859997,0.15,4.0,auto
2686,872,830,arterial,1,4.497900,1,3000.0000,45.2809,5.959996,0.15,4.0,auto
2687,872,832,arterial,1,4.399620,1,2000.0000,41.9678,6.289994,0.15,4.0,auto
2688,872,869,arterial,1,5.857270,1,2500.0000,44.1503,7.959996,0.15,4.0,auto
2689,872,871,arterial,1,5.919830,1,2000.0000,51.1801,6.939998,0.15,4.0,auto
2690,873,327,centroid_connector,1,0.862670,1,49500.0000,30.0000,1.725340,0.15,4.0,auto
2691,873,462,arterial,1,3.261080,1,1500.0000,56.7144,3.450002,0.15,4.0,auto
2692,873,874,arterial,1,5.795000,1,2000.0000,45.1558,7.700008,0.15,4.0,auto
2693,874,328,centroid_connector,1,0.862670,1,49500.0000,30.0000,1.725340,0.15,4.0,auto
2694,874,461,arterial,1,2.428540,1,2000.0000,62.0053,2.349999,0.15,4.0,auto
2695,874,871,arterial,1,5.917310,1,2500.0000,45.1129,7.870002,0.15,4.0,auto
2696,874,873,arterial,1,5.795000,1,2000.0000,45.1558,7.700008,0.15,4.0,auto
2697,874,875,arterial,1,5.810710,1,4000.0000,51.1957,6.809998,0.15,4.0,auto
2698,875,329,centroid_connector,1,0.862670,1,49500.0000,30.0000,1.725340,0.15,4.0,auto
2699,875,460,arterial,1,1.099690,1,3500.0000,29.8558,2.210003,0.15,4.0,auto
2700,875,845,arterial,1,5.980800,1,3000.0000,50.2588,7.140003,0.15,4.0,auto
2701,875,874,arterial,1,5.810710,1,4000.0000,51.1957,6.809998,0.15,4.0,auto
2702,875,878,arterial,1,5.739190,1,1000.0000,42.1483,8.169995,0.15,4.0,auto
2703,876,330,centroid_connector,1,0.862670,1,49500.0000,30.0000,1.725340,0.15,4.0,auto
2704,876,462,arterial,1,2.740250,1,1500.0000,37.7966,4.349994,0.15,4.0,auto
2705,876,877,arterial,1,5.806550,1,1500.0000,45.1872,7.709993,0.15,4.0,auto
2706,876,879,arterial,1,6.161300,1,1000.0000,45.5268,8.120008,0.15,4.0,auto
2707,877,331,centroid_connector,1,0.862670,1,49500.0000,30.0000,1.725340,0.15,4.0,auto
2708,877,461,arterial,1,3.936750,1,2000.0000,40.2394,5.869993,0.15,4.0,auto
2709,877,876,arterial,1,5.806550,1,1500.0000,45.1872,7.709993,0.15,4.0,auto
2710,877,878,arterial,1,5.746320,1,1000.0000,45.2466,7.620002,0.15,4.0,auto
2711,877,880,arterial,1,5.734000,1,2000.0000,44.1643,7.790002,0.15,4.0,auto
2712,878,332,centroid_connector,1,0.862670,1,49500.0000,30.0000,1.725340,0.15,4.0,auto
2713,878,855,arterial,1,5.917310,1,2500.0000,44.4354,7.989994,0.15,4.0,auto
2714,878,875,arterial,1,5.739190,1,1000.0000,42.1483,8.169995,0.15,4.0,auto
2715,878,877,arterial,1,5.746320,1,1000.0000,45.2466,7.620002,0.15,4.0,auto
2716,878,881,arterial,1,6.224690,1,4500.0000,47.0380,7.939993,0.15,4.0,auto
2717,879,333,centroid_connector,1,0.862670,1,49500.0000,30.0000,1.725340,0.15,4.0,auto
2718,879,876,arterial,1,6.161300,1,1000.0000,45.5268,8.120008,0.15,4.0,auto
2719,879,880,arterial,1,5.856320,1,500.0000,45.1644,7.780004,0.15,4.0,auto
2720,879,882,arterial,1,5.917000,1,1000.0000,45.1105,7.870008,0.15,4.0,auto
2721,880,334,centroid_connector,1,0.862670,1,49500.0000,30.0000,1.725340,0.15,4.0,auto
2722,880,877,arterial,1,5.734000,1,2000.0000,44.1643,7.790002,0.15,4.0,auto
2723,880,879,arterial,1,5.856320,1,500.0000,45.1644,7.780004,0.15,4.0,auto
2724,880,881,arterial,1,5.871550,1,2500.0000,45.1658,7.799995,0.15,4.0,auto
2725,880,883,arterial,1,5.856320,1,1000.0000,50.1254,7.010003,0.15,4.0,auto
2726,881,335,centroid_connector,1,0.862670,1,49500.0000,30.0000,1.725340,0.15,4.0,auto
2727,881,465,arterial,1,1.543190,1,3500.0000,37.3352,2.480003,0.15,4.0,auto
2728,881,878,arterial,1,6.224690,1,4500.0000,47.0380,7.939993,0.15,4.0,auto
2729,881,880,arterial,1,5.871550,1,2500.0000,45.1658,7.799995,0.15,4.0,auto
2730,881,884,arterial,1,6.101220,1,3000.0000,51.6323,7.090004,0.15,4.0,auto
2731,882,336,centroid_connector,1,0.862670,1,49500.0000,30.0000,1.725340,0.15,4.0,auto
2732,882,879,arterial,1,5.917000,1,1000.0000,45.1105,7.870008,0.15,4.0,auto
2733,882,883,arterial,1,5.796280,1,1000.0000,45.1658,7.700003,0.15,4.0,auto
2734,883,337,centroid_connector,1,0.862670,1,49500.0000,30.0000,1.725340,0.15,4.0,auto
2735,883,464,arterial,1,2.788040,1,2000.0000,42.6741,3.919998,0.15,4.0,auto
2736,883,880,arterial,1,5.856320,1,1000.0000,50.1254,7.010003,0.15,4.0,auto
2737,883,882,arterial,1,5.796280,1,1000.0000,45.1658,7.700003,0.15,4.0,auto
2738,884,338,centroid_connector,1,0.862670,1,49500.0000,30.0000,1.725340,0.15,4.0,auto
2739,884,464,arterial,1,3.361650,1,2000.0000,63.4274,3.179998,0.15,4.0,auto
2740,884,881,arterial,1,6.101220,1,3000.0000,51.6323,7.090004,0.15,4.0,auto
2741,884,889,arterial,1,5.919830,1,1500.0000,45.1895,7.860007,0.15,4.0,auto
2742,885,339,centroid_connector,1,0.862670,1,49500.0000,30.0000,1.725340,0.15,4.0,auto
2743,885,445,arterial,1,4.736440,1,1000.0000,44.6132,6.370007,0.15,4.0,auto
2744,885,857,arterial,1,6.224690,1,3500.0000,50.5388,7.389993,0.15,4.0,auto
2745,885,863,arterial,1,5.918260,1,500.0000,50.3682,7.049996,0.15,4.0,auto
2746,885,892,arterial,1,6.935780,1,500.0000,50.1382,8.299995,0.15,4.0,auto
2747,886,340,centroid_connector,1,0.862670,1,49500.0000,30.0000,1.725340,0.15,4.0,auto
2748,886,445,arterial,1,1.642480,1,1000.0000,93.8560,1.050000,0.15,4.0,auto
2749,886,858,arterial,1,6.423560,1,5000.0000,50.2495,7.669999,0.15,4.0,auto
2750,886,887,arterial,1,5.734000,1,500.0000,50.2982,6.840006,0.15,4.0,auto
2751,886,892,arterial,1,5.671360,1,1000.0000,50.0414,6.800002,0.15,4.0,auto
2752,887,341,centroid_connector,1,0.862670,1,49500.0000,30.0000,1.725340,0.15,4.0,auto
2753,887,859,arterial,1,6.470600,1,4000.0000,42.1537,9.210010,0.15,4.0,auto
2754,887,886,arterial,1,5.734000,1,500.0000,50.2982,6.840006,0.15,4.0,auto
2755,887,888,arterial,1,6.595060,1,1500.0000,50.1525,7.890007,0.15,4.0,auto
2756,887,893,arterial,1,5.796280,1,500.0000,50.6225,6.870004,0.15,4.0,auto
2757,888,342,centroid_connector,1,0.862670,1,49500.0000,30.0000,1.725340,0.15,4.0,auto
2758,888,860,arterial,1,6.258080,1,3500.0000,45.0762,8.330001,0.15,4.0,auto
2759,888,861,arterial,1,6.785270,1,4000.0000,44.9356,9.059993,0.15,4.0,auto
2760,888,887,arterial,1,6.595060,1,1500.0000,50.1525,7.890007,0.15,4.0,auto
2761,888,894,arterial,1,5.796280,1,1000.0000,50.1119,6.940004,0.15,4.0,auto
2762,888,910,arterial,1,6.251830,1,2000.0000,49.9480,7.510006,0.15,4.0,auto
2763,889,343,centroid_connector,1,0.862670,1,49500.0000,30.0000,1.725340,0.15,4.0,auto
2764,889,862,arterial,1,6.285660,1,500.0000,50.2853,7.499997,0.15,4.0,auto
2765,889,884,arterial,1,5.919830,1,1500.0000,45.1895,7.860007,0.15,4.0,auto
2766,889,895,arterial,1,7.153660,1,500.0000,49.9674,8.589993,0.15,4.0,auto
2767,890,344,centroid_connector,1,0.862670,1,49500.0000,30.0000,1.725340,0.15,4.0,auto
2768,890,863,arterial,1,6.345170,1,3000.0000,42.3953,8.980010,0.15,4.0,auto
2769,890,891,arterial,1,6.264320,1,1000.0000,49.9813,7.519996,0.15,4.0,auto
2770,890,896,arterial,1,6.893270,1,2000.0000,50.0722,8.259997,0.15,4.0,auto
2771,891,345,centroid_connector,1,0.862670,1,49500.0000,30.0000,1.725340,0.15,4.0,auto
2772,891,890,arterial,1,6.264320,1,1000.0000,49.9813,7.519996,0.15,4.0,auto
2773,891,896,arterial,1,7.393840,1,500.0000,50.0147,8.870000,0.15,4.0,auto
2774,891,897,arterial,1,4.691050,1,1500.0000,49.9934,5.630003,0.15,4.0,auto
2775,891,899,arterial,1,6.000680,1,1000.0000,50.1450,7.179994,0.15,4.0,auto
2776,892,346,centroid_connector,1,0.862670,1,49500.0000,30.0000,1.725340,0.15,4.0,auto
2777,892,885,arterial,1,6.935780,1,500.0000,50.1382,8.299995,0.15,4.0,auto
2778,892,886,arterial,1,5.671360,1,1000.0000,50.0414,6.800002,0.15,4.0,auto
2779,892,897,arterial,1,4.273920,1,1000.0000,50.6789,5.059999,0.15,4.0,auto
2780,893,347,centroid_connector,1,0.862670,1,49500.0000,30.0000,1.725340,0.15,4.0,auto
2781,893,887,arterial,1,5.796280,1,500.0000,50.6225,6.870004,0.15,4.0,auto
2782,893,894,arterial,1,6.595060,1,2000.0000,50.6015,7.819997,0.15,4.0,auto
2783,893,898,arterial,1,6.246170,1,2000.0000,50.1030,7.479995,0.15,4.0,auto
2784,893,901,arterial,1,9.532600,1,500.0000,50.2598,11.379990,0.15,4.0,auto
2785,894,348,centroid_connector,1,0.862670,1,49500.0000,30.0000,1.725340,0.15,4.0,auto
2786,894,888,arterial,1,5.796280,1,1000.0000,50.1119,6.940004,0.15,4.0,auto
2787,894,893,arterial,1,6.595060,1,2000.0000,50.6015,7.819997,0.15,4.0,auto
2788,894,910,arterial,1,8.845000,1,500.0000,49.9247,10.630009,0.15,4.0,auto
2789,895,349,centroid_connector,1,0.862670,1,49500.0000,30.0000,1.725340,0.15,4.0,auto
2790,895,889,arterial,1,7.153660,1,500.0000,49.9674,8.589993,0.15,4.0,auto
2791,895,896,arterial,1,6.293650,1,500.0000,50.2822,7.509994,0.15,4.0,auto
2792,896,350,centroid_connector,1,0.862670,1,49500.0000,30.0000,1.725340,0.15,4.0,auto
2793,896,890,arterial,1,6.893270,1,2000.0000,50.0722,8.259997,0.15,4.0,auto
2794,896,891,arterial,1,7.393840,1,500.0000,50.0147,8.870000,0.15,4.0,auto
2795,896,895,arterial,1,6.293650,1,500.0000,50.2822,7.509994,0.15,4.0,auto
2796,896,899,arterial,1,7.721980,1,500.0000,50.1971,9.229991,0.15,4.0,auto
2797,897,351,centroid_connector,1,0.862670,1,49500.0000,30.0000,1.725340,0.15,4.0,auto
2798,897,443,arterial,1,1.009730,1,500.0000,46.6029,1.300001,0.15,4.0,auto
2799,897,891,arterial,1,4.691050,1,1500.0000,49.9934,5.630003,0.15,4.0,auto
2800,897,892,arterial,1,4.273920,1,1000.0000,50.6789,5.059999,0.15,4.0,auto
2801,897,899,arterial,1,5.471330,1,500.0000,49.7394,6.599995,0.15,4.0,auto
2802,898,352,centroid_connector,1,0.862670,1,49500.0000,30.0000,1.725340,0.15,4.0,auto
2803,898,442,arterial,1,6.250940,1,500.0000,57.7899,6.489999,0.15,4.0,auto
2804,898,443,arterial,1,3.821640,1,500.0000,57.6127,3.979997,0.15,4.0,auto
2805,898,893,arterial,1,6.246170,1,2000.0000,50.1030,7.479995,0.15,4.0,auto
2806,898,900,arterial,1,4.678350,1,1500.0000,50.1252,5.599998,0.15,4.0,auto
2807,899,353,centroid_connector,1,0.862670,1,49500.0000,30.0000,1.725340,0.15,4.0,auto
2808,899,442,arterial,1,1.544400,1,500.0000,33.3324,2.779998,0.15,4.0,auto
2809,899,891,arterial,1,6.000680,1,1000.0000,50.1450,7.179994,0.15,4.0,auto
2810,899,896,arterial,1,7.721980,1,500.0000,50.1971,9.229991,0.15,4.0,auto
2811,899,897,arterial,1,5.471330,1,500.0000,49.7394,6.599995,0.15,4.0,auto
2812,900,354,centroid_connector,1,0.862670,1,49500.0000,30.0000,1.725340,0.15,4.0,auto
2813,900,898,arterial,1,4.678350,1,1500.0000,50.1252,5.599998,0.15,4.0,auto
2814,900,901,arterial,1,6.584040,1,500.0000,50.0687,7.890007,0.15,4.0,auto
2815,901,355,centroid_connector,1,0.862670,1,49500.0000,30.0000,1.725340,0.15,4.0,auto
2816,901,893,arterial,1,9.532600,1,500.0000,50.2598,11.379990,0.15,4.0,auto
2817,901,900,arterial,1,6.584040,1,500.0000,50.0687,7.890007,0.15,4.0,auto
2818,902,356,centroid_connector,1,0.862670,1,49500.0000,30.0000,1.725340,0.15,4.0,auto
2819,902,513,arterial,1,3.140170,1,3500.0000,52.4819,3.590003,0.15,4.0,auto
2820,902,541,arterial,1,3.772640,1,2500.0000,28.2242,8.020011,0.15,4.0,auto
2821,902,542,arterial,1,2.166140,1,10500.0000,30.8714,4.209994,0.15,4.0,auto
2822,902,660,arterial,1,3.472180,1,4500.0000,34.4919,6.039992,0.15,4.0,auto
2823,902,661,arterial,1,3.745420,1,3500.0000,28.2673,7.950006,0.15,4.0,auto
2824,902,670,arterial,1,6.929610,1,500.0000,40.1329,10.359994,0.15,4.0,auto
2825,903,357,centroid_connector,1,0.862670,1,49500.0000,30.0000,1.725340,0.15,4.0,auto
2826,903,514,arterial,1,2.562730,1,3000.0000,58.9133,2.610001,0.15,4.0,auto
2827,903,516,arterial,1,7.213750,1,6000.0000,48.3064,8.959993,0.15,4.0,auto
2828,903,542,arterial,1,4.212980,1,10500.0000,41.1692,6.139998,0.15,4.0,auto
2829,903,543,arterial,1,0.906830,1,3500.0000,38.8641,1.400002,0.15,4.0,auto
2830,903,544,arterial,1,3.282680,1,5000.0000,36.5419,5.389999,0.15,4.0,auto
2831,904,358,centroid_connector,1,0.862670,1,49500.0000,30.0000,1.725340,0.15,4.0,auto
2832,904,544,arterial,1,2.519530,1,5000.0000,46.5144,3.250000,0.15,4.0,auto
2833,904,906,arterial,1,5.728810,1,4500.0000,42.2271,8.140000,0.15,4.0,auto
2834,905,359,centroid_connector,1,0.862670,1,49500.0000,30.0000,1.725340,0.15,4.0,auto
2835,905,513,arterial,1,5.898100,1,3500.0000,38.8033,9.119998,0.15,4.0,auto
2836,905,514,arterial,1,6.716930,1,3000.0000,35.7601,11.269985,0.15,4.0,auto
2837,905,670,arterial,1,4.722680,1,1000.0000,28.3361,9.999993,0.15,4.0,auto
2838,905,854,arterial,1,4.936100,1,1000.0000,35.5541,8.330010,0.15,4.0,auto
2839,905,906,arterial,1,7.747240,1,3000.0000,48.0201,9.679997,0.15,4.0,auto
2840,905,907,arterial,1,5.689050,1,5000.0000,48.0765,7.099997,0.15,4.0,auto
2841,906,360,centroid_connector,1,0.862670,1,49500.0000,30.0000,1.725340,0.15,4.0,auto
2842,906,516,arterial,1,1.119810,1,6000.0000,41.4744,1.620002,0.15,4.0,auto
2843,906,904,arterial,1,5.728810,1,4500.0000,42.2271,8.140000,0.15,4.0,auto
2844,906,905,arterial,1,7.747240,1,3000.0000,48.0201,9.679997,0.15,4.0,auto
2845,906,908,arterial,1,6.003160,1,3500.0000,47.2070,7.630004,0.15,4.0,auto
2846,906,909,arterial,1,6.318730,1,1500.0000,33.0247,11.480007,0.15,4.0,auto
2847,906,931,arterial,1,22.654300,1,500.0000,91.9660,14.780006,0.15,4.0,auto
2848,907,361,centroid_connector,1,0.862670,1,49500.0000,30.0000,1.725340,0.15,4.0,auto
2849,907,854,arterial,1,4.184620,1,3500.0000,42.0565,5.969998,0.15,4.0,auto
2850,907,861,arterial,1,4.659220,1,1500.0000,42.5500,6.569993,0.15,4.0,auto
2851,907,905,arterial,1,5.689050,1,5000.0000,48.0765,7.099997,0.15,4.0,auto
2852,907,908,arterial,1,5.614980,1,3000.0000,43.4148,7.759999,0.15,4.0,auto
2853,907,910,arterial,1,8.911220,1,2500.0000,48.3430,11.059992,0.15,4.0,auto
2854,908,362,centroid_connector,1,0.862670,1,49500.0000,30.0000,1.725340,0.15,4.0,auto
2855,908,517,arterial,1,1.642480,1,2500.0000,38.6466,2.549999,0.15,4.0,auto
2856,908,906,arterial,1,6.003160,1,3500.0000,47.2070,7.630004,0.15,4.0,auto
2857,908,907,arterial,1,5.614980,1,3000.0000,43.4148,7.759999,0.15,4.0,auto
2858,908,911,arterial,1,8.926870,1,2500.0000,46.9012,11.420011,0.15,4.0,auto
2859,908,912,arterial,1,8.005890,1,1500.0000,38.9897,12.320008,0.15,4.0,auto
2860,909,363,centroid_connector,1,0.862670,1,49500.0000,30.0000,1.725340,0.15,4.0,auto
2861,909,517,arterial,1,4.313350,1,2500.0000,58.9524,4.389999,0.15,4.0,auto
2862,909,906,arterial,1,6.318730,1,1500.0000,33.0247,11.480007,0.15,4.0,auto
2863,909,912,arterial,1,6.629100,1,1500.0000,40.4625,9.829991,0.15,4.0,auto
2864,910,364,centroid_connector,1,0.862670,1,49500.0000,30.0000,1.725340,0.15,4.0,auto
2865,910,861,arterial,1,6.751190,1,1500.0000,42.1510,9.610007,0.15,4.0,auto
2866,910,888,arterial,1,6.251830,1,2000.0000,49.9480,7.510006,0.15,4.0,auto
2867,910,894,arterial,1,8.845000,1,500.0000,49.9247,10.630009,0.15,4.0,auto
2868,910,907,arterial,1,8.911220,1,2500.0000,48.3430,11.059992,0.15,4.0,auto
2869,910,911,arterial,1,4.700560,1,4500.0000,40.1186,7.029996,0.15,4.0,auto
2870,911,365,centroid_connector,1,0.862670,1,49500.0000,30.0000,1.725340,0.15,4.0,auto
2871,911,518,arterial,1,3.627320,1,3500.0000,41.3763,5.259997,0.15,4.0,auto
2872,911,908,arterial,1,8.926870,1,2500.0000,46.9012,11.420011,0.15,4.0,auto
2873,911,910,arterial,1,4.700560,1,4500.0000,40.1186,7.029996,0.15,4.0,auto
2874,912,366,centroid_connector,1,0.862670,1,49500.0000,30.0000,1.725340,0.15,4.0,auto
2875,912,518,arterial,1,2.166140,1,3500.0000,79.2490,1.640001,0.15,4.0,auto
2876,912,908,arterial,1,8.005890,1,1500.0000,38.9897,12.320008,0.15,4.0,auto
2877,912,909,arterial,1,6.629100,1,1500.0000,40.4625,9.829991,0.15,4.0,auto
2878,913,367,centroid_connector,1,0.862670,1,49500.0000,30.0000,1.725340,0.15,4.0,auto
2879,913,417,arterial,1,3.127110,1,3500.0000,54.3845,3.450001,0.15,4.0,auto
2880,913,708,arterial,1,16.732500,1,3000.0000,50.0973,20.040002,0.15,4.0,auto
2881,913,714,arterial,1,11.385000,1,3500.0000,50.1910,13.610010,0.15,4.0,auto
2882,913,720,arterial,1,7.754440,1,3000.0000,50.2991,9.249995,0.15,4.0,auto
2883,913,726,arterial,1,7.532940,1,4000.0000,48.1851,9.380003,0.15,4.0,auto
2884,913,801,arterial,1,20.898200,1,3500.0000,50.3167,24.919997,0.15,4.0,auto
2885,913,864,arterial,1,16.399100,1,2500.0000,42.1390,23.350008,0.15,4.0,auto
2886,914,368,centroid_connector,1,0.862670,1,49500.0000,30.0000,1.725340,0.15,4.0,auto
2887,914,389,arterial,1,3.301900,1,2500.0000,50.0288,3.959999,0.15,4.0,auto
2888,914,780,arterial,1,11.553500,1,2000.0000,51.2729,13.520008,0.15,4.0,auto
2889,914,785,arterial,1,7.747960,1,2500.0000,50.3114,9.240005,0.15,4.0,auto
2890,914,793,arterial,1,7.311100,1,2000.0000,50.4214,8.699996,0.15,4.0,auto
2891,914,915,arterial,1,15.389900,1,500.0000,42.2413,21.859981,0.15,4.0,auto
2892,915,369,centroid_connector,1,0.862670,1,49500.0000,30.0000,1.725340,0.15,4.0,auto
2893,915,914,arterial,1,15.389900,1,500.0000,42.2413,21.859981,0.15,4.0,auto
2894,915,916,arterial,1,5.856000,1,500.0000,44.8163,7.840005,0.15,4.0,auto
2895,916,370,centroid_connector,1,0.862670,1,49500.0000,30.0000,1.725340,0.15,4.0,auto
2896,916,780,arterial,1,6.207930,1,500.0000,46.9705,7.929994,0.15,4.0,auto
2897,916,915,arterial,1,5.856000,1,500.0000,44.8163,7.840005,0.15,4.0,auto
2898,916,917,arterial,1,5.795000,1,1000.0000,45.5105,7.639995,0.15,4.0,auto
2899,917,371,centroid_connector,1,0.862670,1,49500.0000,30.0000,1.725340,0.15,4.0,auto
2900,917,781,arterial,1,6.219010,1,1000.0000,50.1533,7.440001,0.15,4.0,auto
2901,917,782,arterial,1,6.894080,1,3000.0000,50.1996,8.240002,0.15,4.0,auto
2902,917,916,arterial,1,5.795000,1,1000.0000,45.5105,7.639995,0.15,4.0,auto
2903,917,918,arterial,1,6.100300,1,500.0000,44.9654,8.139992,0.15,4.0,auto
2904,918,372,centroid_connector,1,0.862670,1,49500.0000,30.0000,1.725340,0.15,4.0,auto
2905,918,782,arterial,1,6.391910,1,500.0000,40.3700,9.499990,0.15,4.0,auto
2906,918,783,arterial,1,6.726890,1,500.0000,40.4422,9.980006,0.15,4.0,auto
2907,918,917,arterial,1,6.100300,1,500.0000,44.9654,8.139992,0.15,4.0,auto
2908,918,919,arterial,1,5.978000,1,1500.0000,45.4601,7.889996,0.15,4.0,auto
2909,919,373,centroid_connector,1,0.862670,1,49500.0000,30.0000,1.725340,0.15,4.0,auto
2910,919,783,arterial,1,6.336080,1,1500.0000,42.2405,9.000007,0.15,4.0,auto
2911,919,784,arterial,1,5.770230,1,2500.0000,47.1039,7.350003,0.15,4.0,auto
2912,919,918,arterial,1,5.978000,1,1500.0000,45.4601,7.889996,0.15,4.0,auto
2913,919,920,arterial,1,5.734000,1,3000.0000,50.0058,6.880002,0.15,4.0,auto
2914,919,924,arterial,1,8.538690,1,1000.0000,50.3263,10.179993,0.15,4.0,auto
2915,920,374,centroid_connector,1,0.862670,1,49500.0000,30.0000,1.725340,0.15,4.0,auto
2916,920,738,arterial,1,5.815510,1,1500.0000,42.3459,8.240009,0.15,4.0,auto
2917,920,740,arterial,1,4.848250,1,2000.0000,38.3261,7.589997,0.15,4.0,auto
2918,920,919,arterial,1,5.734000,1,3000.0000,50.0058,6.880002,0.15,4.0,auto
2919,920,921,arterial,1,5.978310,1,1500.0000,50.2379,7.140000,0.15,4.0,auto
2920,921,375,centroid_connector,1,0.862670,1,49500.0000,30.0000,1.725340,0.15,4.0,auto
2921,921,418,arterial,1,2.337980,1,2000.0000,36.3417,3.859996,0.15,4.0,auto
2922,921,739,arterial,1,4.601360,1,2000.0000,47.2742,5.840006,0.15,4.0,auto
2923,921,743,arterial,1,6.674410,1,2500.0000,44.7947,8.940000,0.15,4.0,auto
2924,921,920,arterial,1,5.978310,1,1500.0000,50.2379,7.140000,0.15,4.0,auto
2925,922,376,centroid_connector,1,0.862670,1,49500.0000,30.0000,1.725340,0.15,4.0,auto
2926,922,418,arterial,1,4.252970,1,2000.0000,53.4965,4.769998,0.15,4.0,auto
2927,922,743,arterial,1,6.494710,1,1000.0000,40.1321,9.709998,0.15,4.0,auto
2928,922,744,arterial,1,5.019820,1,1500.0000,48.2675,6.240000,0.15,4.0,auto
2929,923,377,centroid_connector,1,0.862670,1,49500.0000,30.0000,1.725340,0.15,4.0,auto
2930,923,418,arterial,1,10.391700,1,5000.0000,69.4323,8.979999,0.15,4.0,auto
2931,924,378,centroid_connector,1,0.862670,1,49500.0000,30.0000,1.725340,0.15,4.0,auto
2932,924,919,arterial,1,8.538690,1,1000.0000,50.3263,10.179993,0.15,4.0,auto
2933,925,379,centroid_connector,1,0.862670,1,49500.0000,30.0000,1.725340,0.15,4.0,auto
2934,925,390,arterial,1,7.060210,1,3500.0000,61.1274,6.929995,0.15,4.0,auto
2935,926,380,centroid_connector,1,0.862670,1,49500.0000,30.0000,1.725340,0.15,4.0,auto
2936,926,417,arterial,1,6.520160,1,3500.0000,62.1955,6.289998,0.15,4.0,auto
2937,927,381,centroid_connector,1,0.862670,1,49500.0000,30.0000,1.725340,0.15,4.0,auto
2938,927,462,arterial,1,7.726800,1,3500.0000,59.5897,7.780002,0.15,4.0,auto
2939,928,382,centroid_connector,1,0.862670,1,49500.0000,30.0000,1.725340,0.15,4.0,auto
2940,928,463,arterial,1,16.654000,1,3500.0000,62.6090,15.960006,0.15,4.0,auto
2941,929,383,centroid_connector,1,0.862670,1,49500.0000,30.0000,1.725340,0.15,4.0,auto
2942,929,442,arterial,1,32.881800,1,3500.0000,312.6637,6.310000,0.15,4.0,auto
2943,930,384,centroid_connector,1,0.862670,1,49500.0000,30.0000,1.725340,0.15,4.0,auto
2944,930,518,arterial,1,38.355800,1,3500.0000,246.9258,9.319998,0.15,4.0,auto
2945,931,385,centroid_connector,1,0.862670,1,49500.0000,30.0000,1.725340,0.15,4.0,auto
2946,931,906,arterial,1,22.654300,1,500.0000,91.9660,14.780006,0.15,4.0,auto
2947,932,386,centroid_connector,1,0.862670,1,49500.0000,30.0000,1.725340,0.15,4.0,auto
2948,932,515,arterial,1,10.442600,1,5000.0000,105.6587,5.929999,0.15,4.0,auto
2949,933,387,centroid_connector,1,0.862670,1,49500.0000,30.0000,1.725340,0.15,4.0,auto
2950,933,534,arterial,1,6.107620,1,3500.0000,61.4861,5.960001,0.15,4.0,auto
