node_id,node_type,zone_id,x_coord,y_coord
1,centroid,1,0,0
2,centroid,2,0,0
3,centroid,3,0,0
4,centroid,4,0,0
5,centroid,5,0,0
6,centroid,6,0,0
7,centroid,7,0,0
8,centroid,8,0,0
9,centroid,9,0,0
10,centroid,10,0,0
11,centroid,11,0,0
12,centroid,12,0,0
13,centroid,13,0,0
14,centroid,14,0,0
15,centroid,15,0,0
16,centroid,16,0,0
17,centroid,17,0,0
18,centroid,18,0,0
19,centroid,19,0,0
20,centroid,20,0,0
21,centroid,21,0,0
22,centroid,22,0,0
23,centroid,23,0,0
24,centroid,24,0,0
25,centroid,25,0,0
26,centroid,26,0,0
27,centroid,27,0,0
28,centroid,28,0,0
29,centroid,29,0,0
30,centroid,30,0,0
31,centroid,31,0,0
32,centroid,32,0,0
33,centroid,33,0,0
34,centroid,34,0,0
35,centroid,35,0,0
36,centroid,36,0,0
37,centroid,37,0,0
38,centroid,38,0,0
39,centroid,39,0,0
40,centroid,40,0,0
41,centroid,41,0,0
42,centroid,42,0,0
43,centroid,43,0,0
44,centroid,44,0,0
45,centroid,45,0,0
46,centroid,46,0,0
47,centroid,47,0,0
48,centroid,48,0,0
49,centroid,49,0,0
50,centroid,50,0,0
51,centroid,51,0,0
52,centroid,52,0,0
53,centroid,53,0,0
54,centroid,54,0,0
55,centroid,55,0,0
56,centroid,56,0,0
57,centroid,57,0,0
58,centroid,58,0,0
59,centroid,59,0,0
60,centroid,60,0,0
61,centroid,61,0,0
62,centroid,62,0,0
63,centroid,63,0,0
64,centroid,64,0,0
65,centroid,65,0,0
66,centroid,66,0,0
67,centroid,67,0,0
68,centroid,68,0,0
69,centroid,69,0,0
70,centroid,70,0,0
71,centroid,71,0,0
72,centroid,72,0,0
73,centroid,73,0,0
74,centroid,74,0,0
75,centroid,75,0,0
76,centroid,76,0,0
77,centroid,77,0,0
78,centroid,78,0,0
79,centroid,79,0,0
80,centroid,80,0,0
81,centroid,81,0,0
82,centroid,82,0,0
83,centroid,83,0,0
84,centroid,84,0,0
85,centroid,85,0,0
86,centroid,86,0,0
87,centroid,87,0,0
88,centroid,88,0,0
89,centroid,89,0,0
90,centroid,90,0,0
91,centroid,91,0,0
92,centroid,92,0,0
93,centroid,93,0,0
94,centroid,94,0,0
95,centroid,95,0,0
96,centroid,96,0,0
97,centroid,97,0,0
98,centroid,98,0,0
99,centroid,99,0,0
100,centroid,100,0,0
101,centroid,101,0,0
102,centroid,102,0,0
103,centroid,103,0,0
104,centroid,104,0,0
105,centroid,105,0,0
106,centroid,106,0,0
107,centroid,107,0,0
108,centroid,108,0,0
109,centroid,109,0,0
110,centroid,110,0,0
111,centroid,111,0,0
112,centroid,112,0,0
113,centroid,113,0,0
114,centroid,114,0,0
115,centroid,115,0,0
116,centroid,116,0,0
117,centroid,117,0,0
118,centroid,118,0,0
119,centroid,119,0,0
120,centroid,120,0,0
121,centroid,121,0,0
122,centroid,122,0,0
123,centroid,123,0,0
124,centroid,124,0,0
125,centroid,125,0,0
126,centroid,126,0,0
127,centroid,127,0,0
128,centroid,128,0,0
129,centroid,129,0,0
130,centroid,130,0,0
131,centroid,131,0,0
132,centroid,132,0,0
133,centroid,133,0,0
134,centroid,134,0,0
135,centroid,135,0,0
136,centroid,136,0,0
137,centroid,137,0,0
138,centroid,138,0,0
139,centroid,139,0,0
140,centroid,140,0,0
141,centroid,141,0,0
142,centroid,142,0,0
143,centroid,143,0,0
144,centroid,144,0,0
145,centroid,145,0,0
146,centroid,146,0,0
147,centroid,147,0,0
148,centroid,148,0,0
149,centroid,149,0,0
150,centroid,150,0,0
151,centroid,151,0,0
152,centroid,152,0,0
153,centroid,153,0,0
154,centroid,154,0,0
155,centroid,155,0,0
156,centroid,156,0,0
157,centroid,157,0,0
158,centroid,158,0,0
159,centroid,159,0,0
160,centroid,160,0,0
161,centroid,161,0,0
162,centroid,162,0,0
163,centroid,163,0,0
164,centroid,164,0,0
165,centroid,165,0,0
166,centroid,166,0,0
167,centroid,167,0,0
168,centroid,168,0,0
169,centroid,169,0,0
170,centroid,170,0,0
171,centroid,171,0,0
172,centroid,172,0,0
173,centroid,173,0,0
174,centroid,174,0,0
175,centroid,175,0,0
176,centroid,176,0,0
177,centroid,177,0,0
178,centroid,178,0,0
179,centroid,179,0,0
180,centroid,180,0,0
181,centroid,181,0,0
182,centroid,182,0,0
183,centroid,183,0,0
184,centroid,184,0,0
185,centroid,185,0,0
186,centroid,186,0,0
187,centroid,187,0,0
188,centroid,188,0,0
189,centroid,189,0,0
190,centroid,190,0,0
191,centroid,191,0,0
192,centroid,192,0,0
193,centroid,193,0,0
194,centroid,194,0,0
195,centroid,195,0,0
196,centroid,196,0,0
197,centroid,197,0,0
198,centroid,198,0,0
199,centroid,199,0,0
200,centroid,200,0,0
201,centroid,201,0,0
202,centroid,202,0,0
203,centroid,203,0,0
204,centroid,204,0,0
205,centroid,205,0,0
206,centroid,206,0,0
207,centroid,207,0,0
208,centroid,208,0,0
209,centroid,209,0,0
210,centroid,210,0,0
211,centroid,211,0,0
212,centroid,212,0,0
213,centroid,213,0,0
214,centroid,214,0,0
215,centroid,215,0,0
216,centroid,216,0,0
217,centroid,217,0,0
218,centroid,218,0,0
219,centroid,219,0,0
220,centroid,220,0,0
221,centroid,221,0,0
222,centroid,222,0,0
223,centroid,223,0,0
224,centroid,224,0,0
225,centroid,225,0,0
226,centroid,226,0,0
227,centroid,227,0,0
228,centroid,228,0,0
229,centroid,229,0,0
230,centroid,230,0,0
231,centroid,231,0,0
232,centroid,232,0,0
233,centroid,233,0,0
234,centroid,234,0,0
235,centroid,235,0,0
236,centroid,236,0,0
237,centroid,237,0,0
238,centroid,238,0,0
239,centroid,239,0,0
240,centroid,240,0,0
241,centroid,241,0,0
242,centroid,242,0,0
243,centroid,243,0,0
244,centroid,244,0,0
245,centroid,245,0,0
246,centroid,246,0,0
247,centroid,247,0,0
248,centroid,248,0,0
249,centroid,249,0,0
250,centroid,250,0,0
251,centroid,251,0,0
252,centroid,252,0,0
253,centroid,253,0,0
254,centroid,254,0,0
255,centroid,255,0,0
256,centroid,256,0,0
257,centroid,257,0,0
258,centroid,258,0,0
259,centroid,259,0,0
260,centroid,260,0,0
261,centroid,261,0,0
262,centroid,262,0,0
263,centroid,263,0,0
264,centroid,264,0,0
265,centroid,265,0,0
266,centroid,266,0,0
267,centroid,267,0,0
268,centroid,268,0,0
269,centroid,269,0,0
270,centroid,270,0,0
271,centroid,271,0,0
272,centroid,272,0,0
273,centroid,273,0,0
274,centroid,274,0,0
275,centroid,275,0,0
276,centroid,276,0,0
277,centroid,277,0,0
278,centroid,278,0,0
279,centroid,279,0,0
280,centroid,280,0,0
281,centroid,281,0,0
282,centroid,282,0,0
283,centroid,283,0,0
284,centroid,284,0,0
285,centroid,285,0,0
286,centroid,286,0,0
287,centroid,287,0,0
288,centroid,288,0,0
289,centroid,289,0,0
290,centroid,290,0,0
291,centroid,291,0,0
292,centroid,292,0,0
293,centroid,293,0,0
294,centroid,294,0,0
295,centroid,295,0,0
296,centroid,296,0,0
297,centroid,297,0,0
298,centroid,298,0,0
299,centroid,299,0,0
300,centroid,300,0,0
301,centroid,301,0,0
302,centroid,302,0,0
303,centroid,303,0,0
304,centroid,304,0,0
305,centroid,305,0,0
306,centroid,306,0,0
307,centroid,307,0,0
308,centroid,308,0,0
309,centroid,309,0,0
310,centroid,310,0,0
311,centroid,311,0,0
312,centroid,312,0,0
313,centroid,313,0,0
314,centroid,314,0,0
315,centroid,315,0,0
316,centroid,316,0,0
317,centroid,317,0,0
318,centroid,318,0,0
319,centroid,319,0,0
320,centroid,320,0,0
321,centroid,321,0,0
322,centroid,322,0,0
323,centroid,323,0,0
324,centroid,324,0,0
325,centroid,325,0,0
326,centroid,326,0,0
327,centroid,327,0,0
328,centroid,328,0,0
329,centroid,329,0,0
330,centroid,330,0,0
331,centroid,331,0,0
332,centroid,332,0,0
333,centroid,333,0,0
334,centroid,334,0,0
335,centroid,335,0,0
336,centroid,336,0,0
337,centroid,337,0,0
338,centroid,338,0,0
339,centroid,339,0,0
340,centroid,340,0,0
341,centroid,341,0,0
342,centroid,342,0,0
343,centroid,343,0,0
344,centroid,344,0,0
345,centroid,345,0,0
346,centroid,346,0,0
347,centroid,347,0,0
348,centroid,348,0,0
349,centroid,349,0,0
350,centroid,350,0,0
351,centroid,351,0,0
352,centroid,352,0,0
353,centroid,353,0,0
354,centroid,354,0,0
355,centroid,355,0,0
356,centroid,356,0,0
357,centroid,357,0,0
358,centroid,358,0,0
359,centroid,359,0,0
360,centroid,360,0,0
361,centroid,361,0,0
362,centroid,362,0,0
363,centroid,363,0,0
364,centroid,364,0,0
365,centroid,365,0,0
366,centroid,366,0,0
367,centroid,367,0,0
368,centroid,368,0,0
369,centroid,369,0,0
370,centroid,370,0,0
371,centroid,371,0,0
372,centroid,372,0,0
373,centroid,373,0,0
374,centroid,374,0,0
375,centroid,375,0,0
376,centroid,376,0,0
377,centroid,377,0,0
378,centroid,378,0,0
379,centroid,379,0,0
380,centroid,380,0,0
381,centroid,381,0,0
382,centroid,382,0,0
383,centroid,383,0,0
384,centroid,384,0,0
385,centroid,385,0,0
386,centroid,386,0,0
387,centroid,387,0,0
388,centroid,388,0,0
389,centroid,389,0,0
390,centroid,390,0,0
391,centroid,391,0,0
392,centroid,392,0,0
393,centroid,393,0,0
394,centroid,394,0,0
395,centroid,395,0,0
396,centroid,396,0,0
397,centroid,397,0,0
398,centroid,398,0,0
399,centroid,399,0,0
400,centroid,400,0,0
401,centroid,401,0,0
402,centroid,402,0,0
403,centroid,403,0,0
404,centroid,404,0,0
405,centroid,405,0,0
406,centroid,406,0,0
407,centroid,407,0,0
408,centroid,408,0,0
409,centroid,409,0,0
410,centroid,410,0,0
411,centroid,411,0,0
412,centroid,412,0,0
413,centroid,413,0,0
414,centroid,414,0,0
415,centroid,415,0,0
416,centroid,416,0,0
417,centroid,417,0,0
418,centroid,418,0,0
419,centroid,419,0,0
420,centroid,420,0,0
421,centroid,421,0,0
422,centroid,422,0,0
423,centroid,423,0,0
424,centroid,424,0,0
425,centroid,425,0,0
426,centroid,426,0,0
427,centroid,427,0,0
428,centroid,428,0,0
429,centroid,429,0,0
430,centroid,430,0,0
431,centroid,431,0,0
432,centroid,432,0,0
433,centroid,433,0,0
434,centroid,434,0,0
435,centroid,435,0,0
436,centroid,436,0,0
437,centroid,437,0,0
438,centroid,438,0,0
439,centroid,439,0,0
440,centroid,440,0,0
441,centroid,441,0,0
442,centroid,442,0,0
443,centroid,443,0,0
444,centroid,444,0,0
445,centroid,445,0,0
446,centroid,446,0,0
447,centroid,447,0,0
448,centroid,448,0,0
449,centroid,449,0,0
450,centroid,450,0,0
451,centroid,451,0,0
452,centroid,452,0,0
453,centroid,453,0,0
454,centroid,454,0,0
455,centroid,455,0,0
456,centroid,456,0,0
457,centroid,457,0,0
458,centroid,458,0,0
459,centroid,459,0,0
460,centroid,460,0,0
461,centroid,461,0,0
462,centroid,462,0,0
463,centroid,463,0,0
464,centroid,464,0,0
465,centroid,465,0,0
466,centroid,466,0,0
467,centroid,467,0,0
468,centroid,468,0,0
469,centroid,469,0,0
470,centroid,470,0,0
471,centroid,471,0,0
472,centroid,472,0,0
473,centroid,473,0,0
474,centroid,474,0,0
475,centroid,475,0,0
476,centroid,476,0,0
477,centroid,477,0,0
478,centroid,478,0,0
479,centroid,479,0,0
480,centroid,480,0,0
481,centroid,481,0,0
482,centroid,482,0,0
483,centroid,483,0,0
484,centroid,484,0,0
485,centroid,485,0,0
486,centroid,486,0,0
487,centroid,487,0,0
488,centroid,488,0,0
489,centroid,489,0,0
490,centroid,490,0,0
491,centroid,491,0,0
492,centroid,492,0,0
493,centroid,493,0,0
494,centroid,494,0,0
495,centroid,495,0,0
496,centroid,496,0,0
497,centroid,497,0,0
498,centroid,498,0,0
499,centroid,499,0,0
500,centroid,500,0,0
501,centroid,501,0,0
502,centroid,502,0,0
503,centroid,503,0,0
504,centroid,504,0,0
505,centroid,505,0,0
506,centroid,506,0,0
507,centroid,507,0,0
508,centroid,508,0,0
509,centroid,509,0,0
510,centroid,510,0,0
511,centroid,511,0,0
512,centroid,512,0,0
513,centroid,513,0,0
514,centroid,514,0,0
515,centroid,515,0,0
516,centroid,516,0,0
517,centroid,517,0,0
518,centroid,518,0,0
519,centroid,519,0,0
520,centroid,520,0,0
521,centroid,521,0,0
522,centroid,522,0,0
523,centroid,523,0,0
524,centroid,524,0,0
525,centroid,525,0,0
526,centroid,526,0,0
527,centroid,527,0,0
528,centroid,528,0,0
529,centroid,529,0,0
530,centroid,530,0,0
531,centroid,531,0,0
532,centroid,532,0,0
533,centroid,533,0,0
534,centroid,534,0,0
535,centroid,535,0,0
536,centroid,536,0,0
537,centroid,537,0,0
538,centroid,538,0,0
539,centroid,539,0,0
540,centroid,540,0,0
541,centroid,541,0,0
542,centroid,542,0,0
543,centroid,543,0,0
544,centroid,544,0,0
545,centroid,545,0,0
546,centroid,546,0,0
547,centroid,547,0,0
548,centroid,548,0,0
549,centroid,549,0,0
550,centroid,550,0,0
551,centroid,551,0,0
552,centroid,552,0,0
553,centroid,553,0,0
554,centroid,554,0,0
555,centroid,555,0,0
556,centroid,556,0,0
557,centroid,557,0,0
558,centroid,558,0,0
559,centroid,559,0,0
560,centroid,560,0,0
561,centroid,561,0,0
562,centroid,562,0,0
563,centroid,563,0,0
564,centroid,564,0,0
565,centroid,565,0,0
566,centroid,566,0,0
567,centroid,567,0,0
568,centroid,568,0,0
569,centroid,569,0,0
570,centroid,570,0,0
571,centroid,571,0,0
572,centroid,572,0,0
573,centroid,573,0,0
574,centroid,574,0,0
575,centroid,575,0,0
576,centroid,576,0,0
577,centroid,577,0,0
578,centroid,578,0,0
579,centroid,579,0,0
580,centroid,580,0,0
581,centroid,581,0,0
582,centroid,582,0,0
583,centroid,583,0,0
584,centroid,584,0,0
585,centroid,585,0,0
586,centroid,586,0,0
587,centroid,587,0,0
588,centroid,588,0,0
589,centroid,589,0,0
590,centroid,590,0,0
591,centroid,591,0,0
592,centroid,592,0,0
593,centroid,593,0,0
594,centroid,594,0,0
595,centroid,595,0,0
596,centroid,596,0,0
597,centroid,597,0,0
598,centroid,598,0,0
599,centroid,599,0,0
600,centroid,600,0,0
601,centroid,601,0,0
602,centroid,602,0,0
603,centroid,603,0,0
604,centroid,604,0,0
605,centroid,605,0,0
606,centroid,606,0,0
607,centroid,607,0,0
608,centroid,608,0,0
609,centroid,609,0,0
610,centroid,610,0,0
611,centroid,611,0,0
612,centroid,612,0,0
613,centroid,613,0,0
614,centroid,614,0,0
615,centroid,615,0,0
616,centroid,616,0,0
617,centroid,617,0,0
618,centroid,618,0,0
619,centroid,619,0,0
620,centroid,620,0,0
621,centroid,621,0,0
622,centroid,622,0,0
623,centroid,623,0,0
624,centroid,624,0,0
625,centroid,625,0,0
626,centroid,626,0,0
627,centroid,627,0,0
628,centroid,628,0,0
629,centroid,629,0,0
630,centroid,630,0,0
631,centroid,631,0,0
632,centroid,632,0,0
633,centroid,633,0,0
634,centroid,634,0,0
635,centroid,635,0,0
636,centroid,636,0,0
637,centroid,637,0,0
638,centroid,638,0,0
639,centroid,639,0,0
640,centroid,640,0,0
641,centroid,641,0,0
642,centroid,642,0,0
643,centroid,643,0,0
644,centroid,644,0,0
645,centroid,645,0,0
646,centroid,646,0,0
647,centroid,647,0,0
648,centroid,648,0,0
649,centroid,649,0,0
650,centroid,650,0,0
651,centroid,651,0,0
652,centroid,652,0,0
653,centroid,653,0,0
654,centroid,654,0,0
655,centroid,655,0,0
656,centroid,656,0,0
657,centroid,657,0,0
658,centroid,658,0,0
659,centroid,659,0,0
660,centroid,660,0,0
661,centroid,661,0,0
662,centroid,662,0,0
663,centroid,663,0,0
664,centroid,664,0,0
665,centroid,665,0,0
666,centroid,666,0,0
667,centroid,667,0,0
668,centroid,668,0,0
669,centroid,669,0,0
670,centroid,670,0,0
671,centroid,671,0,0
672,centroid,672,0,0
673,centroid,673,0,0
674,centroid,674,0,0
675,centroid,675,0,0
676,centroid,676,0,0
677,centroid,677,0,0
678,centroid,678,0,0
679,centroid,679,0,0
680,centroid,680,0,0
681,centroid,681,0,0
682,centroid,682,0,0
683,centroid,683,0,0
684,centroid,684,0,0
685,centroid,685,0,0
686,centroid,686,0,0
687,centroid,687,0,0
688,centroid,688,0,0
689,centroid,689,0,0
690,centroid,690,0,0
691,centroid,691,0,0
692,centroid,692,0,0
693,centroid,693,0,0
694,centroid,694,0,0
695,centroid,695,0,0
696,centroid,696,0,0
697,centroid,697,0,0
698,centroid,698,0,0
699,centroid,699,0,0
700,centroid,700,0,0
701,centroid,701,0,0
702,centroid,702,0,0
703,centroid,703,0,0
704,centroid,704,0,0
705,centroid,705,0,0
706,centroid,706,0,0
707,centroid,707,0,0
708,centroid,708,0,0
709,centroid,709,0,0
710,centroid,710,0,0
711,centroid,711,0,0
712,centroid,712,0,0
713,centroid,713,0,0
714,centroid,714,0,0
715,centroid,715,0,0
716,centroid,716,0,0
717,centroid,717,0,0
718,centroid,718,0,0
719,centroid,719,0,0
720,centroid,720,0,0
721,centroid,721,0,0
722,centroid,722,0,0
723,centroid,723,0,0
724,centroid,724,0,0
725,centroid,725,0,0
726,centroid,726,0,0
727,centroid,727,0,0
728,centroid,728,0,0
729,centroid,729,0,0
730,centroid,730,0,0
731,centroid,731,0,0
732,centroid,732,0,0
733,centroid,733,0,0
734,centroid,734,0,0
735,centroid,735,0,0
736,centroid,736,0,0
737,centroid,737,0,0
738,centroid,738,0,0
739,centroid,739,0,0
740,centroid,740,0,0
741,centroid,741,0,0
742,centroid,742,0,0
743,centroid,743,0,0
744,centroid,744,0,0
745,centroid,745,0,0
746,centroid,746,0,0
747,centroid,747,0,0
748,centroid,748,0,0
749,centroid,749,0,0
750,centroid,750,0,0
751,centroid,751,0,0
752,centroid,752,0,0
753,centroid,753,0,0
754,centroid,754,0,0
755,centroid,755,0,0
756,centroid,756,0,0
757,centroid,757,0,0
758,centroid,758,0,0
759,centroid,759,0,0
760,centroid,760,0,0
761,centroid,761,0,0
762,centroid,762,0,0
763,centroid,763,0,0
764,centroid,764,0,0
765,centroid,765,0,0
766,centroid,766,0,0
767,centroid,767,0,0
768,centroid,768,0,0
769,centroid,769,0,0
770,centroid,770,0,0
771,centroid,771,0,0
772,centroid,772,0,0
773,centroid,773,0,0
774,centroid,774,0,0
775,centroid,775,0,0
776,centroid,776,0,0
777,centroid,777,0,0
778,centroid,778,0,0
779,centroid,779,0,0
780,centroid,780,0,0
781,centroid,781,0,0
782,centroid,782,0,0
783,centroid,783,0,0
784,centroid,784,0,0
785,centroid,785,0,0
786,centroid,786,0,0
787,centroid,787,0,0
788,centroid,788,0,0
789,centroid,789,0,0
790,centroid,790,0,0
791,centroid,791,0,0
792,centroid,792,0,0
793,centroid,793,0,0
794,centroid,794,0,0
795,centroid,795,0,0
796,centroid,796,0,0
797,centroid,797,0,0
798,centroid,798,0,0
799,centroid,799,0,0
800,centroid,800,0,0
801,centroid,801,0,0
802,centroid,802,0,0
803,centroid,803,0,0
804,centroid,804,0,0
805,centroid,805,0,0
806,centroid,806,0,0
807,centroid,807,0,0
808,centroid,808,0,0
809,centroid,809,0,0
810,centroid,810,0,0
811,centroid,811,0,0
812,centroid,812,0,0
813,centroid,813,0,0
814,centroid,814,0,0
815,centroid,815,0,0
816,centroid,816,0,0
817,centroid,817,0,0
818,centroid,818,0,0
819,centroid,819,0,0
820,centroid,820,0,0
821,centroid,821,0,0
822,centroid,822,0,0
823,centroid,823,0,0
824,centroid,824,0,0
825,centroid,825,0,0
826,centroid,826,0,0
827,centroid,827,0,0
828,centroid,828,0,0
829,centroid,829,0,0
830,centroid,830,0,0
831,centroid,831,0,0
832,centroid,832,0,0
833,centroid,833,0,0
834,centroid,834,0,0
835,centroid,835,0,0
836,centroid,836,0,0
837,centroid,837,0,0
838,centroid,838,0,0
839,centroid,839,0,0
840,centroid,840,0,0
841,centroid,841,0,0
842,centroid,842,0,0
843,centroid,843,0,0
844,centroid,844,0,0
845,centroid,845,0,0
846,centroid,846,0,0
847,centroid,847,0,0
848,centroid,848,0,0
849,centroid,849,0,0
850,centroid,850,0,0
851,centroid,851,0,0
852,centroid,852,0,0
853,centroid,853,0,0
854,centroid,854,0,0
855,centroid,855,0,0
856,centroid,856,0,0
857,centroid,857,0,0
858,centroid,858,0,0
859,centroid,859,0,0
860,centroid,860,0,0
861,centroid,861,0,0
862,centroid,862,0,0
863,centroid,863,0,0
864,centroid,864,0,0
865,centroid,865,0,0
866,centroid,866,0,0
867,centroid,867,0,0
868,centroid,868,0,0
869,centroid,869,0,0
870,centroid,870,0,0
871,centroid,871,0,0
872,centroid,872,0,0
873,centroid,873,0,0
874,centroid,874,0,0
875,centroid,875,0,0
876,centroid,876,0,0
877,centroid,877,0,0
878,centroid,878,0,0
879,centroid,879,0,0
880,centroid,880,0,0
881,centroid,881,0,0
882,centroid,882,0,0
883,centroid,883,0,0
884,centroid,884,0,0
885,centroid,885,0,0
886,centroid,886,0,0
887,centroid,887,0,0
888,centroid,888,0,0
889,centroid,889,0,0
890,centroid,890,0,0
891,centroid,891,0,0
892,centroid,892,0,0
893,centroid,893,0,0
894,centroid,894,0,0
895,centroid,895,0,0
896,centroid,896,0,0
897,centroid,897,0,0
898,centroid,898,0,0
899,centroid,899,0,0
900,centroid,900,0,0
901,centroid,901,0,0
902,centroid,902,0,0
903,centroid,903,0,0
904,centroid,904,0,0
905,centroid,905,0,0
906,centroid,906,0,0
907,centroid,907,0,0
908,centroid,908,0,0
909,centroid,909,0,0
910,centroid,910,0,0
911,centroid,911,0,0
912,centroid,912,0,0
913,centroid,913,0,0
914,centroid,914,0,0
915,centroid,915,0,0
916,centroid,916,0,0
917,centroid,917,0,0
918,centroid,918,0,0
919,centroid,919,0,0
920,centroid,920,0,0
921,centroid,921,0,0
922,centroid,922,0,0
923,centroid,923,0,0
924,centroid,924,0,0
925,centroid,925,0,0
926,centroid,926,0,0
927,centroid,927,0,0
928,centroid,928,0,0
929,centroid,929,0,0
930,centroid,930,0,0
931,centroid,931,0,0
932,centroid,932,0,0
933,centroid,933,0,0
934,centroid,934,0,0
935,centroid,935,0,0
936,centroid,936,0,0
937,centroid,937,0,0
938,centroid,938,0,0
939,centroid,939,0,0
940,centroid,940,0,0
941,centroid,941,0,0
942,centroid,942,0,0
943,centroid,943,0,0
944,centroid,944,0,0
945,centroid,945,0,0
946,centroid,946,0,0
947,centroid,947,0,0
948,centroid,948,0,0
949,centroid,949,0,0
950,centroid,950,0,0
951,centroid,951,0,0
952,centroid,952,0,0
953,centroid,953,0,0
954,centroid,954,0,0
955,centroid,955,0,0
956,centroid,956,0,0
957,centroid,957,0,0
958,centroid,958,0,0
959,centroid,959,0,0
960,centroid,960,0,0
961,centroid,961,0,0
962,centroid,962,0,0
963,centroid,963,0,0
964,centroid,964,0,0
965,centroid,965,0,0
966,centroid,966,0,0
967,centroid,967,0,0
968,centroid,968,0,0
969,centroid,969,0,0
970,centroid,970,0,0
971,centroid,971,0,0
972,centroid,972,0,0
973,centroid,973,0,0
974,centroid,974,0,0
975,centroid,975,0,0
976,centroid,976,0,0
977,centroid,977,0,0
978,centroid,978,0,0
979,centroid,979,0,0
980,centroid,980,0,0
981,centroid,981,0,0
982,centroid,982,0,0
983,centroid,983,0,0
984,centroid,984,0,0
985,centroid,985,0,0
986,centroid,986,0,0
987,centroid,987,0,0
988,centroid,988,0,0
989,centroid,989,0,0
990,centroid,990,0,0
991,centroid,991,0,0
992,centroid,992,0,0
993,centroid,993,0,0
994,centroid,994,0,0
995,centroid,995,0,0
996,centroid,996,0,0
997,centroid,997,0,0
998,centroid,998,0,0
999,centroid,999,0,0
1000,centroid,1000,0,0
1001,centroid,1001,0,0
1002,centroid,1002,0,0
1003,centroid,1003,0,0
1004,centroid,1004,0,0
1005,centroid,1005,0,0
1006,centroid,1006,0,0
1007,centroid,1007,0,0
1008,centroid,1008,0,0
1009,centroid,1009,0,0
1010,centroid,1010,0,0
1011,centroid,1011,0,0
1012,centroid,1012,0,0
1013,centroid,1013,0,0
1014,centroid,1014,0,0
1015,centroid,1015,0,0
1016,centroid,1016,0,0
1017,centroid,1017,0,0
1018,centroid,1018,0,0
1019,centroid,1019,0,0
1020,centroid,1020,0,0
1021,centroid,1021,0,0
1022,centroid,1022,0,0
1023,centroid,1023,0,0
1024,centroid,1024,0,0
1025,centroid,1025,0,0
1026,centroid,1026,0,0
1027,centroid,1027,0,0
1028,centroid,1028,0,0
1029,centroid,1029,0,0
1030,centroid,1030,0,0
1031,centroid,1031,0,0
1032,centroid,1032,0,0
1033,centroid,1033,0,0
1034,centroid,1034,0,0
1035,centroid,1035,0,0
1036,centroid,1036,0,0
1037,centroid,1037,0,0
1038,centroid,1038,0,0
1039,centroid,1039,0,0
1040,centroid,1040,0,0
1041,centroid,1041,0,0
1042,centroid,1042,0,0
1043,centroid,1043,0,0
1044,centroid,1044,0,0
1045,centroid,1045,0,0
1046,centroid,1046,0,0
1047,centroid,1047,0,0
1048,centroid,1048,0,0
1049,centroid,1049,0,0
1050,centroid,1050,0,0
1051,centroid,1051,0,0
1052,centroid,1052,0,0
1053,centroid,1053,0,0
1054,centroid,1054,0,0
1055,centroid,1055,0,0
1056,centroid,1056,0,0
1057,centroid,1057,0,0
1058,centroid,1058,0,0
1059,centroid,1059,0,0
1060,centroid,1060,0,0
1061,centroid,1061,0,0
1062,centroid,1062,0,0
1063,centroid,1063,0,0
1064,centroid,1064,0,0
1065,centroid,1065,0,0
1066,centroid,1066,0,0
1067,centroid,1067,0,0
1068,centroid,1068,0,0
1069,centroid,1069,0,0
1070,centroid,1070,0,0
1071,centroid,1071,0,0
1072,centroid,1072,0,0
1073,centroid,1073,0,0
1074,centroid,1074,0,0
1075,centroid,1075,0,0
1076,centroid,1076,0,0
1077,centroid,1077,0,0
1078,centroid,1078,0,0
1079,centroid,1079,0,0
1080,centroid,1080,0,0
1081,centroid,1081,0,0
1082,centroid,1082,0,0
1083,centroid,1083,0,0
1084,centroid,1084,0,0
1085,centroid,1085,0,0
1086,centroid,1086,0,0
1087,centroid,1087,0,0
1088,centroid,1088,0,0
1089,centroid,1089,0,0
1090,centroid,1090,0,0
1091,centroid,1091,0,0
1092,centroid,1092,0,0
1093,centroid,1093,0,0
1094,centroid,1094,0,0
1095,centroid,1095,0,0
1096,centroid,1096,0,0
1097,centroid,1097,0,0
1098,centroid,1098,0,0
1099,centroid,1099,0,0
1100,centroid,1100,0,0
1101,centroid,1101,0,0
1102,centroid,1102,0,0
1103,centroid,1103,0,0
1104,centroid,1104,0,0
1105,centroid,1105,0,0
1106,centroid,1106,0,0
1107,centroid,1107,0,0
1108,centroid,1108,0,0
1109,centroid,1109,0,0
1110,centroid,1110,0,0
1111,centroid,1111,0,0
1112,centroid,1112,0,0
1113,centroid,1113,0,0
1114,centroid,1114,0,0
1115,centroid,1115,0,0
1116,centroid,1116,0,0
1117,centroid,1117,0,0
1118,centroid,1118,0,0
1119,centroid,1119,0,0
1120,centroid,1120,0,0
1121,centroid,1121,0,0
1122,centroid,1122,0,0
1123,centroid,1123,0,0
1124,centroid,1124,0,0
1125,centroid,1125,0,0
1126,centroid,1126,0,0
1127,centroid,1127,0,0
1128,centroid,1128,0,0
1129,centroid,1129,0,0
1130,centroid,1130,0,0
1131,centroid,1131,0,0
1132,centroid,1132,0,0
1133,centroid,1133,0,0
1134,centroid,1134,0,0
1135,centroid,1135,0,0
1136,centroid,1136,0,0
1137,centroid,1137,0,0
1138,centroid,1138,0,0
1139,centroid,1139,0,0
1140,centroid,1140,0,0
1141,centroid,1141,0,0
1142,centroid,1142,0,0
1143,centroid,1143,0,0
1144,centroid,1144,0,0
1145,centroid,1145,0,0
1146,centroid,1146,0,0
1147,centroid,1147,0,0
1148,centroid,1148,0,0
1149,centroid,1149,0,0
1150,centroid,1150,0,0
1151,centroid,1151,0,0
1152,centroid,1152,0,0
1153,centroid,1153,0,0
1154,centroid,1154,0,0
1155,centroid,1155,0,0
1156,centroid,1156,0,0
1157,centroid,1157,0,0
1158,centroid,1158,0,0
1159,centroid,1159,0,0
1160,centroid,1160,0,0
1161,centroid,1161,0,0
1162,centroid,1162,0,0
1163,centroid,1163,0,0
1164,centroid,1164,0,0
1165,centroid,1165,0,0
1166,centroid,1166,0,0
1167,centroid,1167,0,0
1168,centroid,1168,0,0
1169,centroid,1169,0,0
1170,centroid,1170,0,0
1171,centroid,1171,0,0
1172,centroid,1172,0,0
1173,centroid,1173,0,0
1174,centroid,1174,0,0
1175,centroid,1175,0,0
1176,centroid,1176,0,0
1177,centroid,1177,0,0
1178,centroid,1178,0,0
1179,centroid,1179,0,0
1180,centroid,1180,0,0
1181,centroid,1181,0,0
1182,centroid,1182,0,0
1183,centroid,1183,0,0
1184,centroid,1184,0,0
1185,centroid,1185,0,0
1186,centroid,1186,0,0
1187,centroid,1187,0,0
1188,centroid,1188,0,0
1189,centroid,1189,0,0
1190,centroid,1190,0,0
1191,centroid,1191,0,0
1192,centroid,1192,0,0
1193,centroid,1193,0,0
1194,centroid,1194,0,0
1195,centroid,1195,0,0
1196,centroid,1196,0,0
1197,centroid,1197,0,0
1198,centroid,1198,0,0
1199,centroid,1199,0,0
1200,centroid,1200,0,0
1201,centroid,1201,0,0
1202,centroid,1202,0,0
1203,centroid,1203,0,0
1204,centroid,1204,0,0
1205,centroid,1205,0,0
1206,centroid,1206,0,0
1207,centroid,1207,0,0
1208,centroid,1208,0,0
1209,centroid,1209,0,0
1210,centroid,1210,0,0
1211,centroid,1211,0,0
1212,centroid,1212,0,0
1213,centroid,1213,0,0
1214,centroid,1214,0,0
1215,centroid,1215,0,0
1216,centroid,1216,0,0
1217,centroid,1217,0,0
1218,centroid,1218,0,0
1219,centroid,1219,0,0
1220,centroid,1220,0,0
1221,centroid,1221,0,0
1222,centroid,1222,0,0
1223,centroid,1223,0,0
1224,centroid,1224,0,0
1225,centroid,1225,0,0
1226,centroid,1226,0,0
1227,centroid,1227,0,0
1228,centroid,1228,0,0
1229,centroid,1229,0,0
1230,centroid,1230,0,0
1231,centroid,1231,0,0
1232,centroid,1232,0,0
1233,centroid,1233,0,0
1234,centroid,1234,0,0
1235,centroid,1235,0,0
1236,centroid,1236,0,0
1237,centroid,1237,0,0
1238,centroid,1238,0,0
1239,centroid,1239,0,0
1240,centroid,1240,0,0
1241,centroid,1241,0,0
1242,centroid,1242,0,0
1243,centroid,1243,0,0
1244,centroid,1244,0,0
1245,centroid,1245,0,0
1246,centroid,1246,0,0
1247,centroid,1247,0,0
1248,centroid,1248,0,0
1249,centroid,1249,0,0
1250,centroid,1250,0,0
1251,centroid,1251,0,0
1252,centroid,1252,0,0
1253,centroid,1253,0,0
1254,centroid,1254,0,0
1255,centroid,1255,0,0
1256,centroid,1256,0,0
1257,centroid,1257,0,0
1258,centroid,1258,0,0
1259,centroid,1259,0,0
1260,centroid,1260,0,0
1261,centroid,1261,0,0
1262,centroid,1262,0,0
1263,centroid,1263,0,0
1264,centroid,1264,0,0
1265,centroid,1265,0,0
1266,centroid,1266,0,0
1267,centroid,1267,0,0
1268,centroid,1268,0,0
1269,centroid,1269,0,0
1270,centroid,1270,0,0
1271,centroid,1271,0,0
1272,centroid,1272,0,0
1273,centroid,1273,0,0
1274,centroid,1274,0,0
1275,centroid,1275,0,0
1276,centroid,1276,0,0
1277,centroid,1277,0,0
1278,centroid,1278,0,0
1279,centroid,1279,0,0
1280,centroid,1280,0,0
1281,centroid,1281,0,0
1282,centroid,1282,0,0
1283,centroid,1283,0,0
1284,centroid,1284,0,0
1285,centroid,1285,0,0
1286,centroid,1286,0,0
1287,centroid,1287,0,0
1288,centroid,1288,0,0
1289,centroid,1289,0,0
1290,centroid,1290,0,0
1291,centroid,1291,0,0
1292,centroid,1292,0,0
1293,centroid,1293,0,0
1294,centroid,1294,0,0
1295,centroid,1295,0,0
1296,centroid,1296,0,0
1297,centroid,1297,0,0
1298,centroid,1298,0,0
1299,centroid,1299,0,0
1300,centroid,1300,0,0
1301,centroid,1301,0,0
1302,centroid,1302,0,0
1303,centroid,1303,0,0
1304,centroid,1304,0,0
1305,centroid,1305,0,0
1306,centroid,1306,0,0
1307,centroid,1307,0,0
1308,centroid,1308,0,0
1309,centroid,1309,0,0
1310,centroid,1310,0,0
1311,centroid,1311,0,0
1312,centroid,1312,0,0
1313,centroid,1313,0,0
1314,centroid,1314,0,0
1315,centroid,1315,0,0
1316,centroid,1316,0,0
1317,centroid,1317,0,0
1318,centroid,1318,0,0
1319,centroid,1319,0,0
1320,centroid,1320,0,0
1321,centroid,1321,0,0
1322,centroid,1322,0,0
1323,centroid,1323,0,0
1324,centroid,1324,0,0
1325,centroid,1325,0,0
1326,centroid,1326,0,0
1327,centroid,1327,0,0
1328,centroid,1328,0,0
1329,centroid,1329,0,0
1330,centroid,1330,0,0
1331,centroid,1331,0,0
1332,centroid,1332,0,0
1333,centroid,1333,0,0
1334,centroid,1334,0,0
1335,centroid,1335,0,0
1336,centroid,1336,0,0
1337,centroid,1337,0,0
1338,centroid,1338,0,0
1339,centroid,1339,0,0
1340,centroid,1340,0,0
1341,centroid,1341,0,0
1342,centroid,1342,0,0
1343,centroid,1343,0,0
1344,centroid,1344,0,0
1345,centroid,1345,0,0
1346,centroid,1346,0,0
1347,centroid,1347,0,0
1348,centroid,1348,0,0
1349,centroid,1349,0,0
1350,centroid,1350,0,0
1351,centroid,1351,0,0
1352,centroid,1352,0,0
1353,centroid,1353,0,0
1354,centroid,1354,0,0
1355,centroid,1355,0,0
1356,centroid,1356,0,0
1357,centroid,1357,0,0
1358,centroid,1358,0,0
1359,centroid,1359,0,0
1360,centroid,1360,0,0
1361,centroid,1361,0,0
1362,centroid,1362,0,0
1363,centroid,1363,0,0
1364,centroid,1364,0,0
1365,centroid,1365,0,0
1366,centroid,1366,0,0
1367,centroid,1367,0,0
1368,centroid,1368,0,0
1369,centroid,1369,0,0
1370,centroid,1370,0,0
1371,centroid,1371,0,0
1372,centroid,1372,0,0
1373,centroid,1373,0,0
1374,centroid,1374,0,0
1375,centroid,1375,0,0
1376,centroid,1376,0,0
1377,centroid,1377,0,0
1378,centroid,1378,0,0
1379,centroid,1379,0,0
1380,centroid,1380,0,0
1381,centroid,1381,0,0
1382,centroid,1382,0,0
1383,centroid,1383,0,0
1384,centroid,1384,0,0
1385,centroid,1385,0,0
1386,centroid,1386,0,0
1387,centroid,1387,0,0
1388,centroid,1388,0,0
1389,centroid,1389,0,0
1390,centroid,1390,0,0
1391,centroid,1391,0,0
1392,centroid,1392,0,0
1393,centroid,1393,0,0
1394,centroid,1394,0,0
1395,centroid,1395,0,0
1396,centroid,1396,0,0
1397,centroid,1397,0,0
1398,centroid,1398,0,0
1399,centroid,1399,0,0
1400,centroid,1400,0,0
1401,centroid,1401,0,0
1402,centroid,1402,0,0
1403,centroid,1403,0,0
1404,centroid,1404,0,0
1405,centroid,1405,0,0
1406,centroid,1406,0,0
1407,centroid,1407,0,0
1408,centroid,1408,0,0
1409,centroid,1409,0,0
1410,centroid,1410,0,0
1411,centroid,1411,0,0
1412,centroid,1412,0,0
1413,centroid,1413,0,0
1414,centroid,1414,0,0
1415,centroid,1415,0,0
1416,centroid,1416,0,0
1417,centroid,1417,0,0
1418,centroid,1418,0,0
1419,centroid,1419,0,0
1420,centroid,1420,0,0
1421,centroid,1421,0,0
1422,centroid,1422,0,0
1423,centroid,1423,0,0
1424,centroid,1424,0,0
1425,centroid,1425,0,0
1426,centroid,1426,0,0
1427,centroid,1427,0,0
1428,centroid,1428,0,0
1429,centroid,1429,0,0
1430,centroid,1430,0,0
1431,centroid,1431,0,0
1432,centroid,1432,0,0
1433,centroid,1433,0,0
1434,centroid,1434,0,0
1435,centroid,1435,0,0
1436,centroid,1436,0,0
1437,centroid,1437,0,0
1438,centroid,1438,0,0
1439,centroid,1439,0,0
1440,centroid,1440,0,0
1441,centroid,1441,0,0
1442,centroid,1442,0,0
1443,centroid,1443,0,0
1444,centroid,1444,0,0
1445,centroid,1445,0,0
1446,centroid,1446,0,0
1447,centroid,1447,0,0
1448,centroid,1448,0,0
1449,centroid,1449,0,0
1450,centroid,1450,0,0
1451,centroid,1451,0,0
1452,centroid,1452,0,0
1453,centroid,1453,0,0
1454,centroid,1454,0,0
1455,centroid,1455,0,0
1456,centroid,1456,0,0
1457,centroid,1457,0,0
1458,centroid,1458,0,0
1459,centroid,1459,0,0
1460,centroid,1460,0,0
1461,centroid,1461,0,0
1462,centroid,1462,0,0
1463,centroid,1463,0,0
1464,centroid,1464,0,0
1465,centroid,1465,0,0
1466,centroid,1466,0,0
1467,centroid,1467,0,0
1468,centroid,1468,0,0
1469,centroid,1469,0,0
1470,centroid,1470,0,0
1471,centroid,1471,0,0
1472,centroid,1472,0,0
1473,centroid,1473,0,0
1474,centroid,1474,0,0
1475,centroid,1475,0,0
1476,centroid,1476,0,0
1477,centroid,1477,0,0
1478,centroid,1478,0,0
1479,centroid,1479,0,0
1480,centroid,1480,0,0
1481,centroid,1481,0,0
1482,centroid,1482,0,0
1483,centroid,1483,0,0
1484,centroid,1484,0,0
1485,centroid,1485,0,0
1486,centroid,1486,0,0
1487,centroid,1487,0,0
1488,centroid,1488,0,0
1489,centroid,1489,0,0
1490,centroid,1490,0,0
1491,centroid,1491,0,0
1492,centroid,1492,0,0
1493,centroid,1493,0,0
1494,centroid,1494,0,0
1495,centroid,1495,0,0
1496,centroid,1496,0,0
1497,centroid,1497,0,0
1498,centroid,1498,0,0
1499,centroid,1499,0,0
1500,centroid,1500,0,0
1501,centroid,1501,0,0
1502,centroid,1502,0,0
1503,centroid,1503,0,0
1504,centroid,1504,0,0
1505,centroid,1505,0,0
1506,centroid,1506,0,0
1507,centroid,1507,0,0
1508,centroid,1508,0,0
1509,centroid,1509,0,0
1510,centroid,1510,0,0
1511,centroid,1511,0,0
1512,centroid,1512,0,0
1513,centroid,1513,0,0
1514,centroid,1514,0,0
1515,centroid,1515,0,0
1516,centroid,1516,0,0
1517,centroid,1517,0,0
1518,centroid,1518,0,0
1519,centroid,1519,0,0
1520,centroid,1520,0,0
1521,centroid,1521,0,0
1522,centroid,1522,0,0
1523,centroid,1523,0,0
1524,centroid,1524,0,0
1525,centroid,1525,0,0
1526,centroid,1526,0,0
1527,centroid,1527,0,0
1528,centroid,1528,0,0
1529,centroid,1529,0,0
1530,centroid,1530,0,0
1531,centroid,1531,0,0
1532,centroid,1532,0,0
1533,centroid,1533,0,0
1534,centroid,1534,0,0
1535,centroid,1535,0,0
1536,centroid,1536,0,0
1537,centroid,1537,0,0
1538,centroid,1538,0,0
1539,centroid,1539,0,0
1540,centroid,1540,0,0
1541,centroid,1541,0,0
1542,centroid,1542,0,0
1543,centroid,1543,0,0
1544,centroid,1544,0,0
1545,centroid,1545,0,0
1546,centroid,1546,0,0
1547,centroid,1547,0,0
1548,centroid,1548,0,0
1549,centroid,1549,0,0
1550,centroid,1550,0,0
1551,centroid,1551,0,0
1552,centroid,1552,0,0
1553,centroid,1553,0,0
1554,centroid,1554,0,0
1555,centroid,1555,0,0
1556,centroid,1556,0,0
1557,centroid,1557,0,0
1558,centroid,1558,0,0
1559,centroid,1559,0,0
1560,centroid,1560,0,0
1561,centroid,1561,0,0
1562,centroid,1562,0,0
1563,centroid,1563,0,0
1564,centroid,1564,0,0
1565,centroid,1565,0,0
1566,centroid,1566,0,0
1567,centroid,1567,0,0
1568,centroid,1568,0,0
1569,centroid,1569,0,0
1570,centroid,1570,0,0
1571,centroid,1571,0,0
1572,centroid,1572,0,0
1573,centroid,1573,0,0
1574,centroid,1574,0,0
1575,centroid,1575,0,0
1576,centroid,1576,0,0
1577,centroid,1577,0,0
1578,centroid,1578,0,0
1579,centroid,1579,0,0
1580,centroid,1580,0,0
1581,centroid,1581,0,0
1582,centroid,1582,0,0
1583,centroid,1583,0,0
1584,centroid,1584,0,0
1585,centroid,1585,0,0
1586,centroid,1586,0,0
1587,centroid,1587,0,0
1588,centroid,1588,0,0
1589,centroid,1589,0,0
1590,centroid,1590,0,0
1591,centroid,1591,0,0
1592,centroid,1592,0,0
1593,centroid,1593,0,0
1594,centroid,1594,0,0
1595,centroid,1595,0,0
1596,centroid,1596,0,0
1597,centroid,1597,0,0
1598,centroid,1598,0,0
1599,centroid,1599,0,0
1600,centroid,1600,0,0
1601,centroid,1601,0,0
1602,centroid,1602,0,0
1603,centroid,1603,0,0
1604,centroid,1604,0,0
1605,centroid,1605,0,0
1606,centroid,1606,0,0
1607,centroid,1607,0,0
1608,centroid,1608,0,0
1609,centroid,1609,0,0
1610,centroid,1610,0,0
1611,centroid,1611,0,0
1612,centroid,1612,0,0
1613,centroid,1613,0,0
1614,centroid,1614,0,0
1615,centroid,1615,0,0
1616,centroid,1616,0,0
1617,centroid,1617,0,0
1618,centroid,1618,0,0
1619,centroid,1619,0,0
1620,centroid,1620,0,0
1621,centroid,1621,0,0
1622,centroid,1622,0,0
1623,centroid,1623,0,0
1624,centroid,1624,0,0
1625,centroid,1625,0,0
1626,centroid,1626,0,0
1627,centroid,1627,0,0
1628,centroid,1628,0,0
1629,centroid,1629,0,0
1630,centroid,1630,0,0
1631,centroid,1631,0,0
1632,centroid,1632,0,0
1633,centroid,1633,0,0
1634,centroid,1634,0,0
1635,centroid,1635,0,0
1636,centroid,1636,0,0
1637,centroid,1637,0,0
1638,centroid,1638,0,0
1639,centroid,1639,0,0
1640,centroid,1640,0,0
1641,centroid,1641,0,0
1642,centroid,1642,0,0
1643,centroid,1643,0,0
1644,centroid,1644,0,0
1645,centroid,1645,0,0
1646,centroid,1646,0,0
1647,centroid,1647,0,0
1648,centroid,1648,0,0
1649,centroid,1649,0,0
1650,centroid,1650,0,0
1651,centroid,1651,0,0
1652,centroid,1652,0,0
1653,centroid,1653,0,0
1654,centroid,1654,0,0
1655,centroid,1655,0,0
1656,centroid,1656,0,0
1657,centroid,1657,0,0
1658,centroid,1658,0,0
1659,centroid,1659,0,0
1660,centroid,1660,0,0
1661,centroid,1661,0,0
1662,centroid,1662,0,0
1663,centroid,1663,0,0
1664,centroid,1664,0,0
1665,centroid,1665,0,0
1666,centroid,1666,0,0
1667,centroid,1667,0,0
1668,centroid,1668,0,0
1669,centroid,1669,0,0
1670,centroid,1670,0,0
1671,centroid,1671,0,0
1672,centroid,1672,0,0
1673,centroid,1673,0,0
1674,centroid,1674,0,0
1675,centroid,1675,0,0
1676,centroid,1676,0,0
1677,centroid,1677,0,0
1678,centroid,1678,0,0
1679,centroid,1679,0,0
1680,centroid,1680,0,0
1681,centroid,1681,0,0
1682,centroid,1682,0,0
1683,centroid,1683,0,0
1684,centroid,1684,0,0
1685,centroid,1685,0,0
1686,centroid,1686,0,0
1687,centroid,1687,0,0
1688,centroid,1688,0,0
1689,centroid,1689,0,0
1690,centroid,1690,0,0
1691,centroid,1691,0,0
1692,centroid,1692,0,0
1693,centroid,1693,0,0
1694,centroid,1694,0,0
1695,centroid,1695,0,0
1696,centroid,1696,0,0
1697,centroid,1697,0,0
1698,centroid,1698,0,0
1699,centroid,1699,0,0
1700,centroid,1700,0,0
1701,centroid,1701,0,0
1702,centroid,1702,0,0
1703,centroid,1703,0,0
1704,centroid,1704,0,0
1705,centroid,1705,0,0
1706,centroid,1706,0,0
1707,centroid,1707,0,0
1708,centroid,1708,0,0
1709,centroid,1709,0,0
1710,centroid,1710,0,0
1711,centroid,1711,0,0
1712,centroid,1712,0,0
1713,centroid,1713,0,0
1714,centroid,1714,0,0
1715,centroid,1715,0,0
1716,centroid,1716,0,0
1717,centroid,1717,0,0
1718,centroid,1718,0,0
1719,centroid,1719,0,0
1720,centroid,1720,0,0
1721,centroid,1721,0,0
1722,centroid,1722,0,0
1723,centroid,1723,0,0
1724,centroid,1724,0,0
1725,centroid,1725,0,0
1726,centroid,1726,0,0
1727,centroid,1727,0,0
1728,centroid,1728,0,0
1729,centroid,1729,0,0
1730,centroid,1730,0,0
1731,centroid,1731,0,0
1732,centroid,1732,0,0
1733,centroid,1733,0,0
1734,centroid,1734,0,0
1735,centroid,1735,0,0
1736,centroid,1736,0,0
1737,centroid,1737,0,0
1738,centroid,1738,0,0
1739,centroid,1739,0,0
1740,centroid,1740,0,0
1741,centroid,1741,0,0
1742,centroid,1742,0,0
1743,centroid,1743,0,0
1744,centroid,1744,0,0
1745,centroid,1745,0,0
1746,centroid,1746,0,0
1747,centroid,1747,0,0
1748,centroid,1748,0,0
1749,centroid,1749,0,0
1750,centroid,1750,0,0
1751,centroid,1751,0,0
1752,centroid,1752,0,0
1753,centroid,1753,0,0
1754,centroid,1754,0,0
1755,centroid,1755,0,0
1756,centroid,1756,0,0
1757,centroid,1757,0,0
1758,centroid,1758,0,0
1759,centroid,1759,0,0
1760,centroid,1760,0,0
1761,centroid,1761,0,0
1762,centroid,1762,0,0
1763,centroid,1763,0,0
1764,centroid,1764,0,0
1765,centroid,1765,0,0
1766,centroid,1766,0,0
1767,centroid,1767,0,0
1768,centroid,1768,0,0
1769,centroid,1769,0,0
1770,centroid,1770,0,0
1771,centroid,1771,0,0
1772,centroid,1772,0,0
1773,centroid,1773,0,0
1774,centroid,1774,0,0
1775,centroid,1775,0,0
1776,centroid,1776,0,0
1777,centroid,1777,0,0
1778,centroid,1778,0,0
1779,centroid,1779,0,0
1780,centroid,1780,0,0
1781,centroid,1781,0,0
1782,centroid,1782,0,0
1783,centroid,1783,0,0
1784,centroid,1784,0,0
1785,centroid,1785,0,0
1786,centroid,1786,0,0
1787,centroid,1787,0,0
1788,centroid,1788,0,0
1789,centroid,1789,0,0
1790,centroid,1790,0,0
1791,centroid,1791,0,0
1792,centroid,1792,0,0
1793,centroid,1793,0,0
1794,centroid,1794,0,0
1795,centroid,1795,0,0
1796,centroid,1796,0,0
1797,centroid,1797,0,0
1798,centroid,1798,0,0
1799,centroid,1799,0,0
1800,centroid,1800,0,0
1801,centroid,1801,0,0
1802,centroid,1802,0,0
1803,centroid,1803,0,0
1804,centroid,1804,0,0
1805,centroid,1805,0,0
1806,centroid,1806,0,0
1807,centroid,1807,0,0
1808,centroid,1808,0,0
1809,centroid,1809,0,0
1810,centroid,1810,0,0
1811,centroid,1811,0,0
1812,centroid,1812,0,0
1813,centroid,1813,0,0
1814,centroid,1814,0,0
1815,centroid,1815,0,0
1816,centroid,1816,0,0
1817,centroid,1817,0,0
1818,centroid,1818,0,0
1819,centroid,1819,0,0
1820,centroid,1820,0,0
1821,centroid,1821,0,0
1822,centroid,1822,0,0
1823,centroid,1823,0,0
1824,centroid,1824,0,0
1825,centroid,1825,0,0
1826,centroid,1826,0,0
1827,centroid,1827,0,0
1828,centroid,1828,0,0
1829,centroid,1829,0,0
1830,centroid,1830,0,0
1831,centroid,1831,0,0
1832,centroid,1832,0,0
1833,centroid,1833,0,0
1834,centroid,1834,0,0
1835,centroid,1835,0,0
1836,centroid,1836,0,0
1837,centroid,1837,0,0
1838,centroid,1838,0,0
1839,centroid,1839,0,0
1840,centroid,1840,0,0
1841,centroid,1841,0,0
1842,centroid,1842,0,0
1843,centroid,1843,0,0
1844,centroid,1844,0,0
1845,centroid,1845,0,0
1846,centroid,1846,0,0
1847,centroid,1847,0,0
1848,centroid,1848,0,0
1849,centroid,1849,0,0
1850,centroid,1850,0,0
1851,centroid,1851,0,0
1852,centroid,1852,0,0
1853,centroid,1853,0,0
1854,centroid,1854,0,0
1855,centroid,1855,0,0
1856,centroid,1856,0,0
1857,centroid,1857,0,0
1858,centroid,1858,0,0
1859,centroid,1859,0,0
1860,centroid,1860,0,0
1861,centroid,1861,0,0
1862,centroid,1862,0,0
1863,centroid,1863,0,0
1864,centroid,1864,0,0
1865,centroid,1865,0,0
1866,centroid,1866,0,0
1867,centroid,1867,0,0
1868,centroid,1868,0,0
1869,centroid,1869,0,0
1870,centroid,1870,0,0
1871,centroid,1871,0,0
1872,centroid,1872,0,0
1873,centroid,1873,0,0
1874,centroid,1874,0,0
1875,centroid,1875,0,0
1876,centroid,1876,0,0
1877,centroid,1877,0,0
1878,centroid,1878,0,0
1879,centroid,1879,0,0
1880,centroid,1880,0,0
1881,centroid,1881,0,0
1882,centroid,1882,0,0
1883,centroid,1883,0,0
1884,centroid,1884,0,0
1885,centroid,1885,0,0
1886,centroid,1886,0,0
1887,centroid,1887,0,0
1888,centroid,1888,0,0
1889,centroid,1889,0,0
1890,centroid,1890,0,0
1891,centroid,1891,0,0
1892,centroid,1892,0,0
1893,centroid,1893,0,0
1894,centroid,1894,0,0
1895,centroid,1895,0,0
1896,centroid,1896,0,0
1897,centroid,1897,0,0
1898,centroid,1898,0,0
1899,centroid,1899,0,0
1900,centroid,1900,0,0
1901,centroid,1901,0,0
1902,centroid,1902,0,0
1903,centroid,1903,0,0
1904,centroid,1904,0,0
1905,centroid,1905,0,0
1906,centroid,1906,0,0
1907,centroid,1907,0,0
1908,centroid,1908,0,0
1909,centroid,1909,0,0
1910,centroid,1910,0,0
1911,centroid,1911,0,0
1912,centroid,1912,0,0
1913,centroid,1913,0,0
1914,centroid,1914,0,0
1915,centroid,1915,0,0
1916,centroid,1916,0,0
1917,centroid,1917,0,0
1918,centroid,1918,0,0
1919,centroid,1919,0,0
1920,centroid,1920,0,0
1921,centroid,1921,0,0
1922,centroid,1922,0,0
1923,centroid,1923,0,0
1924,centroid,1924,0,0
1925,centroid,1925,0,0
1926,centroid,1926,0,0
1927,centroid,1927,0,0
1928,centroid,1928,0,0
1929,centroid,1929,0,0
1930,centroid,1930,0,0
1931,centroid,1931,0,0
1932,centroid,1932,0,0
1933,centroid,1933,0,0
1934,centroid,1934,0,0
1935,centroid,1935,0,0
1936,centroid,1936,0,0
1937,centroid,1937,0,0
1938,centroid,1938,0,0
1939,centroid,1939,0,0
1940,centroid,1940,0,0
1941,centroid,1941,0,0
1942,centroid,1942,0,0
1943,centroid,1943,0,0
1944,centroid,1944,0,0
1945,centroid,1945,0,0
1946,centroid,1946,0,0
1947,centroid,1947,0,0
1948,centroid,1948,0,0
1949,centroid,1949,0,0
1950,centroid,1950,0,0
1951,centroid,1951,0,0
1952,centroid,1952,0,0
1953,centroid,1953,0,0
1954,centroid,1954,0,0
1955,centroid,1955,0,0
1956,centroid,1956,0,0
1957,centroid,1957,0,0
1958,centroid,1958,0,0
1959,centroid,1959,0,0
1960,centroid,1960,0,0
1961,centroid,1961,0,0
1962,centroid,1962,0,0
1963,centroid,1963,0,0
1964,centroid,1964,0,0
1965,centroid,1965,0,0
1966,centroid,1966,0,0
1967,centroid,1967,0,0
1968,centroid,1968,0,0
1969,centroid,1969,0,0
1970,centroid,1970,0,0
1971,centroid,1971,0,0
1972,centroid,1972,0,0
1973,centroid,1973,0,0
1974,centroid,1974,0,0
1975,centroid,1975,0,0
1976,centroid,1976,0,0
1977,centroid,1977,0,0
1978,centroid,1978,0,0
1979,centroid,1979,0,0
1980,centroid,1980,0,0
1981,centroid,1981,0,0
1982,centroid,1982,0,0
1983,centroid,1983,0,0
1984,centroid,1984,0,0
1985,centroid,1985,0,0
1986,centroid,1986,0,0
1987,centroid,1987,0,0
1988,centroid,1988,0,0
1989,centroid,1989,0,0
1990,centroid,1990,0,0
1991,centroid,1991,0,0
1992,centroid,1992,0,0
1993,centroid,1993,0,0
1994,centroid,1994,0,0
1995,centroid,1995,0,0
1996,centroid,1996,0,0
1997,centroid,1997,0,0
1998,centroid,1998,0,0
1999,centroid,1999,0,0
2000,centroid,2000,0,0
2001,centroid,2001,0,0
2002,centroid,2002,0,0
2003,centroid,2003,0,0
2004,centroid,2004,0,0
2005,centroid,2005,0,0
2006,centroid,2006,0,0
2007,centroid,2007,0,0
2008,centroid,2008,0,0
2009,centroid,2009,0,0
2010,centroid,2010,0,0
2011,centroid,2011,0,0
2012,centroid,2012,0,0
2013,centroid,2013,0,0
2014,centroid,2014,0,0
2015,centroid,2015,0,0
2016,centroid,2016,0,0
2017,centroid,2017,0,0
2018,centroid,2018,0,0
2019,centroid,2019,0,0
2020,centroid,2020,0,0
2021,centroid,2021,0,0
2022,centroid,2022,0,0
2023,centroid,2023,0,0
2024,centroid,2024,0,0
2025,centroid,2025,0,0
2026,centroid,2026,0,0
2027,centroid,2027,0,0
2028,centroid,2028,0,0
2029,centroid,2029,0,0
2030,centroid,2030,0,0
2031,centroid,2031,0,0
2032,centroid,2032,0,0
2033,centroid,2033,0,0
2034,centroid,2034,0,0
2035,centroid,2035,0,0
2036,centroid,2036,0,0
2037,centroid,2037,0,0
2038,centroid,2038,0,0
2039,centroid,2039,0,0
2040,centroid,2040,0,0
2041,centroid,2041,0,0
2042,centroid,2042,0,0
2043,centroid,2043,0,0
2044,centroid,2044,0,0
2045,centroid,2045,0,0
2046,centroid,2046,0,0
2047,centroid,2047,0,0
2048,centroid,2048,0,0
2049,centroid,2049,0,0
2050,centroid,2050,0,0
2051,centroid,2051,0,0
2052,centroid,2052,0,0
2053,centroid,2053,0,0
2054,centroid,2054,0,0
2055,centroid,2055,0,0
2056,centroid,2056,0,0
2057,centroid,2057,0,0
2058,centroid,2058,0,0
2059,centroid,2059,0,0
2060,centroid,2060,0,0
2061,centroid,2061,0,0
2062,centroid,2062,0,0
2063,centroid,2063,0,0
2064,centroid,2064,0,0
2065,centroid,2065,0,0
2066,centroid,2066,0,0
2067,centroid,2067,0,0
2068,centroid,2068,0,0
2069,centroid,2069,0,0
2070,centroid,2070,0,0
2071,centroid,2071,0,0
2072,centroid,2072,0,0
2073,centroid,2073,0,0
2074,centroid,2074,0,0
2075,centroid,2075,0,0
2076,centroid,2076,0,0
2077,centroid,2077,0,0
2078,centroid,2078,0,0
2079,centroid,2079,0,0
2080,centroid,2080,0,0
2081,centroid,2081,0,0
2082,centroid,2082,0,0
2083,centroid,2083,0,0
2084,centroid,2084,0,0
2085,centroid,2085,0,0
2086,centroid,2086,0,0
2087,centroid,2087,0,0
2088,centroid,2088,0,0
2089,centroid,2089,0,0
2090,centroid,2090,0,0
2091,centroid,2091,0,0
2092,centroid,2092,0,0
2093,centroid,2093,0,0
2094,centroid,2094,0,0
2095,centroid,2095,0,0
2096,centroid,2096,0,0
2097,centroid,2097,0,0
2098,centroid,2098,0,0
2099,centroid,2099,0,0
2100,centroid,2100,0,0
2101,centroid,2101,0,0
2102,centroid,2102,0,0
2103,centroid,2103,0,0
2104,centroid,2104,0,0
2105,centroid,2105,0,0
2106,centroid,2106,0,0
2107,centroid,2107,0,0
2108,centroid,2108,0,0
2109,centroid,2109,0,0
2110,centroid,2110,0,0
2111,centroid,2111,0,0
2112,centroid,2112,0,0
2113,centroid,2113,0,0
2114,centroid,2114,0,0
2115,centroid,2115,0,0
2116,centroid,2116,0,0
2117,centroid,2117,0,0
2118,centroid,2118,0,0
2119,centroid,2119,0,0
2120,centroid,2120,0,0
2121,centroid,2121,0,0
2122,centroid,2122,0,0
2123,centroid,2123,0,0
2124,centroid,2124,0,0
2125,centroid,2125,0,0
2126,centroid,2126,0,0
2127,centroid,2127,0,0
2128,centroid,2128,0,0
2129,centroid,2129,0,0
2130,centroid,2130,0,0
2131,centroid,2131,0,0
2132,centroid,2132,0,0
2133,centroid,2133,0,0
2134,centroid,2134,0,0
2135,centroid,2135,0,0
2136,centroid,2136,0,0
2137,centroid,2137,0,0
2138,centroid,2138,0,0
2139,centroid,2139,0,0
2140,centroid,2140,0,0
2141,centroid,2141,0,0
2142,centroid,2142,0,0
2143,centroid,2143,0,0
2144,centroid,2144,0,0
2145,centroid,2145,0,0
2146,centroid,2146,0,0
2147,centroid,2147,0,0
2148,centroid,2148,0,0
2149,centroid,2149,0,0
2150,centroid,2150,0,0
2151,centroid,2151,0,0
2152,centroid,2152,0,0
2153,centroid,2153,0,0
2154,centroid,2154,0,0
2155,centroid,2155,0,0
2156,centroid,2156,0,0
2157,centroid,2157,0,0
2158,centroid,2158,0,0
2159,centroid,2159,0,0
2160,centroid,2160,0,0
2161,centroid,2161,0,0
2162,centroid,2162,0,0
2163,centroid,2163,0,0
2164,centroid,2164,0,0
2165,centroid,2165,0,0
2166,centroid,2166,0,0
2167,centroid,2167,0,0
2168,centroid,2168,0,0
2169,centroid,2169,0,0
2170,centroid,2170,0,0
2171,centroid,2171,0,0
2172,centroid,2172,0,0
2173,centroid,2173,0,0
2174,centroid,2174,0,0
2175,centroid,2175,0,0
2176,centroid,2176,0,0
2177,centroid,2177,0,0
2178,centroid,2178,0,0
2179,centroid,2179,0,0
2180,centroid,2180,0,0
2181,centroid,2181,0,0
2182,centroid,2182,0,0
2183,centroid,2183,0,0
2184,centroid,2184,0,0
2185,centroid,2185,0,0
2186,centroid,2186,0,0
2187,centroid,2187,0,0
2188,centroid,2188,0,0
2189,centroid,2189,0,0
2190,centroid,2190,0,0
2191,centroid,2191,0,0
2192,centroid,2192,0,0
2193,centroid,2193,0,0
2194,centroid,2194,0,0
2195,centroid,2195,0,0
2196,centroid,2196,0,0
2197,centroid,2197,0,0
2198,centroid,2198,0,0
2199,centroid,2199,0,0
2200,centroid,2200,0,0
2201,centroid,2201,0,0
2202,centroid,2202,0,0
2203,centroid,2203,0,0
2204,centroid,2204,0,0
2205,centroid,2205,0,0
2206,centroid,2206,0,0
2207,centroid,2207,0,0
2208,centroid,2208,0,0
2209,centroid,2209,0,0
2210,centroid,2210,0,0
2211,centroid,2211,0,0
2212,centroid,2212,0,0
2213,centroid,2213,0,0
2214,centroid,2214,0,0
2215,centroid,2215,0,0
2216,centroid,2216,0,0
2217,centroid,2217,0,0
2218,centroid,2218,0,0
2219,centroid,2219,0,0
2220,centroid,2220,0,0
2221,centroid,2221,0,0
2222,centroid,2222,0,0
2223,centroid,2223,0,0
2224,centroid,2224,0,0
2225,centroid,2225,0,0
2226,centroid,2226,0,0
2227,centroid,2227,0,0
2228,centroid,2228,0,0
2229,centroid,2229,0,0
2230,centroid,2230,0,0
2231,centroid,2231,0,0
2232,centroid,2232,0,0
2233,centroid,2233,0,0
2234,centroid,2234,0,0
2235,centroid,2235,0,0
2236,centroid,2236,0,0
2237,centroid,2237,0,0
2238,centroid,2238,0,0
2239,centroid,2239,0,0
2240,centroid,2240,0,0
2241,centroid,2241,0,0
2242,centroid,2242,0,0
2243,centroid,2243,0,0
2244,centroid,2244,0,0
2245,centroid,2245,0,0
2246,centroid,2246,0,0
2247,centroid,2247,0,0
2248,centroid,2248,0,0
2249,centroid,2249,0,0
2250,centroid,2250,0,0
2251,centroid,2251,0,0
2252,centroid,2252,0,0
2253,centroid,2253,0,0
2254,centroid,2254,0,0
2255,centroid,2255,0,0
2256,centroid,2256,0,0
2257,centroid,2257,0,0
2258,centroid,2258,0,0
2259,centroid,2259,0,0
2260,centroid,2260,0,0
2261,centroid,2261,0,0
2262,centroid,2262,0,0
2263,centroid,2263,0,0
2264,centroid,2264,0,0
2265,centroid,2265,0,0
2266,centroid,2266,0,0
2267,centroid,2267,0,0
2268,centroid,2268,0,0
2269,centroid,2269,0,0
2270,centroid,2270,0,0
2271,centroid,2271,0,0
2272,centroid,2272,0,0
2273,centroid,2273,0,0
2274,centroid,2274,0,0
2275,centroid,2275,0,0
2276,centroid,2276,0,0
2277,centroid,2277,0,0
2278,centroid,2278,0,0
2279,centroid,2279,0,0
2280,centroid,2280,0,0
2281,centroid,2281,0,0
2282,centroid,2282,0,0
2283,centroid,2283,0,0
2284,centroid,2284,0,0
2285,centroid,2285,0,0
2286,centroid,2286,0,0
2287,centroid,2287,0,0
2288,centroid,2288,0,0
2289,centroid,2289,0,0
2290,centroid,2290,0,0
2291,centroid,2291,0,0
2292,centroid,2292,0,0
2293,centroid,2293,0,0
2294,centroid,2294,0,0
2295,centroid,2295,0,0
2296,centroid,2296,0,0
2297,centroid,2297,0,0
2298,centroid,2298,0,0
2299,centroid,2299,0,0
2300,centroid,2300,0,0
2301,centroid,2301,0,0
2302,centroid,2302,0,0
2303,centroid,2303,0,0
2304,centroid,2304,0,0
2305,centroid,2305,0,0
2306,centroid,2306,0,0
2307,centroid,2307,0,0
2308,centroid,2308,0,0
2309,centroid,2309,0,0
2310,centroid,2310,0,0
2311,centroid,2311,0,0
2312,centroid,2312,0,0
2313,centroid,2313,0,0
2314,centroid,2314,0,0
2315,centroid,2315,0,0
2316,centroid,2316,0,0
2317,centroid,2317,0,0
2318,centroid,2318,0,0
2319,centroid,2319,0,0
2320,centroid,2320,0,0
2321,centroid,2321,0,0
2322,centroid,2322,0,0
2323,centroid,2323,0,0
2324,centroid,2324,0,0
2325,centroid,2325,0,0
2326,centroid,2326,0,0
2327,centroid,2327,0,0
2328,centroid,2328,0,0
2329,centroid,2329,0,0
2330,centroid,2330,0,0
2331,centroid,2331,0,0
2332,centroid,2332,0,0
2333,centroid,2333,0,0
2334,centroid,2334,0,0
2335,centroid,2335,0,0
2336,centroid,2336,0,0
2337,centroid,2337,0,0
2338,centroid,2338,0,0
2339,centroid,2339,0,0
2340,centroid,2340,0,0
2341,centroid,2341,0,0
2342,centroid,2342,0,0
2343,centroid,2343,0,0
2344,centroid,2344,0,0
2345,centroid,2345,0,0
2346,centroid,2346,0,0
2347,centroid,2347,0,0
2348,centroid,2348,0,0
2349,centroid,2349,0,0
2350,centroid,2350,0,0
2351,centroid,2351,0,0
2352,centroid,2352,0,0
2353,centroid,2353,0,0
2354,centroid,2354,0,0
2355,centroid,2355,0,0
2356,centroid,2356,0,0
2357,centroid,2357,0,0
2358,centroid,2358,0,0
2359,centroid,2359,0,0
2360,centroid,2360,0,0
2361,centroid,2361,0,0
2362,centroid,2362,0,0
2363,centroid,2363,0,0
2364,centroid,2364,0,0
2365,centroid,2365,0,0
2366,centroid,2366,0,0
2367,centroid,2367,0,0
2368,centroid,2368,0,0
2369,centroid,2369,0,0
2370,centroid,2370,0,0
2371,centroid,2371,0,0
2372,centroid,2372,0,0
2373,centroid,2373,0,0
2374,centroid,2374,0,0
2375,centroid,2375,0,0
2376,centroid,2376,0,0
2377,centroid,2377,0,0
2378,centroid,2378,0,0
2379,centroid,2379,0,0
2380,centroid,2380,0,0
2381,centroid,2381,0,0
2382,centroid,2382,0,0
2383,centroid,2383,0,0
2384,centroid,2384,0,0
2385,centroid,2385,0,0
2386,centroid,2386,0,0
2387,centroid,2387,0,0
2388,centroid,2388,0,0
2389,centroid,2389,0,0
2390,centroid,2390,0,0
2391,centroid,2391,0,0
2392,centroid,2392,0,0
2393,centroid,2393,0,0
2394,centroid,2394,0,0
2395,centroid,2395,0,0
2396,centroid,2396,0,0
2397,centroid,2397,0,0
2398,centroid,2398,0,0
2399,centroid,2399,0,0
2400,centroid,2400,0,0
2401,centroid,2401,0,0
2402,centroid,2402,0,0
2403,centroid,2403,0,0
2404,centroid,2404,0,0
2405,centroid,2405,0,0
2406,centroid,2406,0,0
2407,centroid,2407,0,0
2408,centroid,2408,0,0
2409,centroid,2409,0,0
2410,centroid,2410,0,0
2411,centroid,2411,0,0
2412,centroid,2412,0,0
2413,centroid,2413,0,0
2414,centroid,2414,0,0
2415,centroid,2415,0,0
2416,centroid,2416,0,0
2417,centroid,2417,0,0
2418,centroid,2418,0,0
2419,centroid,2419,0,0
2420,centroid,2420,0,0
2421,centroid,2421,0,0
2422,centroid,2422,0,0
2423,centroid,2423,0,0
2424,centroid,2424,0,0
2425,centroid,2425,0,0
2426,centroid,2426,0,0
2427,centroid,2427,0,0
2428,centroid,2428,0,0
2429,centroid,2429,0,0
2430,centroid,2430,0,0
2431,centroid,2431,0,0
2432,centroid,2432,0,0
2433,centroid,2433,0,0
2434,centroid,2434,0,0
2435,centroid,2435,0,0
2436,centroid,2436,0,0
2437,centroid,2437,0,0
2438,centroid,2438,0,0
2439,centroid,2439,0,0
2440,centroid,2440,0,0
2441,centroid,2441,0,0
2442,centroid,2442,0,0
2443,centroid,2443,0,0
2444,centroid,2444,0,0
2445,centroid,2445,0,0
2446,centroid,2446,0,0
2447,centroid,2447,0,0
2448,centroid,2448,0,0
2449,centroid,2449,0,0
2450,centroid,2450,0,0
2451,centroid,2451,0,0
2452,centroid,2452,0,0
2453,centroid,2453,0,0
2454,centroid,2454,0,0
2455,centroid,2455,0,0
2456,centroid,2456,0,0
2457,centroid,2457,0,0
2458,centroid,2458,0,0
2459,centroid,2459,0,0
2460,centroid,2460,0,0
2461,centroid,2461,0,0
2462,centroid,2462,0,0
2463,centroid,2463,0,0
2464,centroid,2464,0,0
2465,centroid,2465,0,0
2466,centroid,2466,0,0
2467,centroid,2467,0,0
2468,centroid,2468,0,0
2469,centroid,2469,0,0
2470,centroid,2470,0,0
2471,centroid,2471,0,0
2472,centroid,2472,0,0
2473,centroid,2473,0,0
2474,centroid,2474,0,0
2475,centroid,2475,0,0
2476,centroid,2476,0,0
2477,centroid,2477,0,0
2478,centroid,2478,0,0
2479,centroid,2479,0,0
2480,centroid,2480,0,0
2481,centroid,2481,0,0
2482,centroid,2482,0,0
2483,centroid,2483,0,0
2484,centroid,2484,0,0
2485,centroid,2485,0,0
2486,centroid,2486,0,0
2487,centroid,2487,0,0
2488,centroid,2488,0,0
2489,centroid,2489,0,0
2490,centroid,2490,0,0
2491,centroid,2491,0,0
2492,centroid,2492,0,0
2493,centroid,2493,0,0
2494,centroid,2494,0,0
2495,centroid,2495,0,0
2496,centroid,2496,0,0
2497,centroid,2497,0,0
2498,centroid,2498,0,0
2499,centroid,2499,0,0
2500,centroid,2500,0,0
2501,centroid,2501,0,0
2502,centroid,2502,0,0
2503,centroid,2503,0,0
2504,centroid,2504,0,0
2505,centroid,2505,0,0
2506,centroid,2506,0,0
2507,centroid,2507,0,0
2508,centroid,2508,0,0
2509,centroid,2509,0,0
2510,centroid,2510,0,0
2511,centroid,2511,0,0
2512,centroid,2512,0,0
2513,centroid,2513,0,0
2514,centroid,2514,0,0
2515,centroid,2515,0,0
2516,centroid,2516,0,0
2517,centroid,2517,0,0
2518,centroid,2518,0,0
2519,centroid,2519,0,0
2520,centroid,2520,0,0
2521,centroid,2521,0,0
2522,centroid,2522,0,0
2523,centroid,2523,0,0
2524,centroid,2524,0,0
2525,centroid,2525,0,0
2526,centroid,2526,0,0
2527,centroid,2527,0,0
2528,centroid,2528,0,0
2529,centroid,2529,0,0
2530,centroid,2530,0,0
2531,centroid,2531,0,0
2532,centroid,2532,0,0
2533,centroid,2533,0,0
2534,centroid,2534,0,0
2535,centroid,2535,0,0
2536,centroid,2536,0,0
2537,centroid,2537,0,0
2538,centroid,2538,0,0
2539,centroid,2539,0,0
2540,centroid,2540,0,0
2541,centroid,2541,0,0
2542,centroid,2542,0,0
2543,centroid,2543,0,0
2544,centroid,2544,0,0
2545,centroid,2545,0,0
2546,centroid,2546,0,0
2547,centroid,2547,0,0
2548,centroid,2548,0,0
2549,centroid,2549,0,0
2550,centroid,2550,0,0
2551,centroid,2551,0,0
2552,centroid,2552,0,0
2553,centroid,2553,0,0
2554,centroid,2554,0,0
2555,centroid,2555,0,0
2556,centroid,2556,0,0
2557,centroid,2557,0,0
2558,centroid,2558,0,0
2559,centroid,2559,0,0
2560,centroid,2560,0,0
2561,centroid,2561,0,0
2562,centroid,2562,0,0
2563,centroid,2563,0,0
2564,centroid,2564,0,0
2565,centroid,2565,0,0
2566,centroid,2566,0,0
2567,centroid,2567,0,0
2568,centroid,2568,0,0
2569,centroid,2569,0,0
2570,centroid,2570,0,0
2571,centroid,2571,0,0
2572,centroid,2572,0,0
2573,centroid,2573,0,0
2574,centroid,2574,0,0
2575,centroid,2575,0,0
2576,centroid,2576,0,0
2577,centroid,2577,0,0
2578,centroid,2578,0,0
2579,centroid,2579,0,0
2580,centroid,2580,0,0
2581,centroid,2581,0,0
2582,centroid,2582,0,0
2583,centroid,2583,0,0
2584,centroid,2584,0,0
2585,centroid,2585,0,0
2586,centroid,2586,0,0
2587,centroid,2587,0,0
2588,centroid,2588,0,0
2589,centroid,2589,0,0
2590,centroid,2590,0,0
2591,centroid,2591,0,0
2592,centroid,2592,0,0
2593,centroid,2593,0,0
2594,centroid,2594,0,0
2595,centroid,2595,0,0
2596,centroid,2596,0,0
2597,centroid,2597,0,0
2598,centroid,2598,0,0
2599,centroid,2599,0,0
2600,centroid,2600,0,0
2601,centroid,2601,0,0
2602,centroid,2602,0,0
2603,centroid,2603,0,0
2604,centroid,2604,0,0
2605,centroid,2605,0,0
2606,centroid,2606,0,0
2607,centroid,2607,0,0
2608,centroid,2608,0,0
2609,centroid,2609,0,0
2610,centroid,2610,0,0
2611,centroid,2611,0,0
2612,centroid,2612,0,0
2613,centroid,2613,0,0
2614,centroid,2614,0,0
2615,centroid,2615,0,0
2616,centroid,2616,0,0
2617,centroid,2617,0,0
2618,centroid,2618,0,0
2619,centroid,2619,0,0
2620,centroid,2620,0,0
2621,centroid,2621,0,0
2622,centroid,2622,0,0
2623,centroid,2623,0,0
2624,centroid,2624,0,0
2625,centroid,2625,0,0
2626,centroid,2626,0,0
2627,centroid,2627,0,0
2628,centroid,2628,0,0
2629,centroid,2629,0,0
2630,centroid,2630,0,0
2631,centroid,2631,0,0
2632,centroid,2632,0,0
2633,centroid,2633,0,0
2634,centroid,2634,0,0
2635,centroid,2635,0,0
2636,centroid,2636,0,0
2637,centroid,2637,0,0
2638,centroid,2638,0,0
2639,centroid,2639,0,0
2640,centroid,2640,0,0
2641,centroid,2641,0,0
2642,centroid,2642,0,0
2643,centroid,2643,0,0
2644,centroid,2644,0,0
2645,centroid,2645,0,0
2646,centroid,2646,0,0
2647,centroid,2647,0,0
2648,centroid,2648,0,0
2649,centroid,2649,0,0
2650,centroid,2650,0,0
2651,centroid,2651,0,0
2652,centroid,2652,0,0
2653,centroid,2653,0,0
2654,centroid,2654,0,0
2655,centroid,2655,0,0
2656,centroid,2656,0,0
2657,centroid,2657,0,0
2658,centroid,2658,0,0
2659,centroid,2659,0,0
2660,centroid,2660,0,0
2661,centroid,2661,0,0
2662,centroid,2662,0,0
2663,centroid,2663,0,0
2664,centroid,2664,0,0
2665,centroid,2665,0,0
2666,centroid,2666,0,0
2667,centroid,2667,0,0
2668,centroid,2668,0,0
2669,centroid,2669,0,0
2670,centroid,2670,0,0
2671,centroid,2671,0,0
2672,centroid,2672,0,0
2673,centroid,2673,0,0
2674,centroid,2674,0,0
2675,centroid,2675,0,0
2676,centroid,2676,0,0
2677,centroid,2677,0,0
2678,centroid,2678,0,0
2679,centroid,2679,0,0
2680,centroid,2680,0,0
2681,centroid,2681,0,0
2682,centroid,2682,0,0
2683,centroid,2683,0,0
2684,centroid,2684,0,0
2685,centroid,2685,0,0
2686,centroid,2686,0,0
2687,centroid,2687,0,0
2688,centroid,2688,0,0
2689,centroid,2689,0,0
2690,centroid,2690,0,0
2691,centroid,2691,0,0
2692,centroid,2692,0,0
2693,centroid,2693,0,0
2694,centroid,2694,0,0
2695,centroid,2695,0,0
2696,centroid,2696,0,0
2697,centroid,2697,0,0
2698,centroid,2698,0,0
2699,centroid,2699,0,0
2700,centroid,2700,0,0
2701,centroid,2701,0,0
2702,centroid,2702,0,0
2703,centroid,2703,0,0
2704,centroid,2704,0,0
2705,centroid,2705,0,0
2706,centroid,2706,0,0
2707,centroid,2707,0,0
2708,centroid,2708,0,0
2709,centroid,2709,0,0
2710,centroid,2710,0,0
2711,centroid,2711,0,0
2712,centroid,2712,0,0
2713,centroid,2713,0,0
2714,centroid,2714,0,0
2715,centroid,2715,0,0
2716,centroid,2716,0,0
2717,centroid,2717,0,0
2718,centroid,2718,0,0
2719,centroid,2719,0,0
2720,centroid,2720,0,0
2721,centroid,2721,0,0
2722,centroid,2722,0,0
2723,centroid,2723,0,0
2724,centroid,2724,0,0
2725,centroid,2725,0,0
2726,centroid,2726,0,0
2727,centroid,2727,0,0
2728,centroid,2728,0,0
2729,centroid,2729,0,0
2730,centroid,2730,0,0
2731,centroid,2731,0,0
2732,centroid,2732,0,0
2733,centroid,2733,0,0
2734,centroid,2734,0,0
2735,centroid,2735,0,0
2736,centroid,2736,0,0
2737,centroid,2737,0,0
2738,centroid,2738,0,0
2739,centroid,2739,0,0
2740,centroid,2740,0,0
2741,centroid,2741,0,0
2742,centroid,2742,0,0
2743,centroid,2743,0,0
2744,centroid,2744,0,0
2745,centroid,2745,0,0
2746,centroid,2746,0,0
2747,centroid,2747,0,0
2748,centroid,2748,0,0
2749,centroid,2749,0,0
2750,centroid,2750,0,0
2751,centroid,2751,0,0
2752,centroid,2752,0,0
2753,centroid,2753,0,0
2754,centroid,2754,0,0
2755,centroid,2755,0,0
2756,centroid,2756,0,0
2757,centroid,2757,0,0
2758,centroid,2758,0,0
2759,centroid,2759,0,0
2760,centroid,2760,0,0
2761,centroid,2761,0,0
2762,centroid,2762,0,0
2763,centroid,2763,0,0
2764,centroid,2764,0,0
2765,centroid,2765,0,0
2766,centroid,2766,0,0
2767,centroid,2767,0,0
2768,centroid,2768,0,0
2769,centroid,2769,0,0
2770,centroid,2770,0,0
2771,centroid,2771,0,0
2772,centroid,2772,0,0
2773,centroid,2773,0,0
2774,centroid,2774,0,0
2775,centroid,2775,0,0
2776,centroid,2776,0,0
2777,centroid,2777,0,0
2778,centroid,2778,0,0
2779,centroid,2779,0,0
2780,centroid,2780,0,0
2781,centroid,2781,0,0
2782,centroid,2782,0,0
2783,centroid,2783,0,0
2784,centroid,2784,0,0
2785,centroid,2785,0,0
2786,centroid,2786,0,0
2787,centroid,2787,0,0
2788,centroid,2788,0,0
2789,centroid,2789,0,0
2790,centroid,2790,0,0
2791,centroid,2791,0,0
2792,centroid,2792,0,0
2793,centroid,2793,0,0
2794,centroid,2794,0,0
2795,centroid,2795,0,0
2796,centroid,2796,0,0
2797,centroid,2797,0,0
2798,centroid,2798,0,0
2799,centroid,2799,0,0
2800,centroid,2800,0,0
2801,centroid,2801,0,0
2802,centroid,2802,0,0
2803,centroid,2803,0,0
2804,centroid,2804,0,0
2805,centroid,2805,0,0
2806,centroid,2806,0,0
2807,centroid,2807,0,0
2808,centroid,2808,0,0
2809,centroid,2809,0,0
2810,centroid,2810,0,0
2811,centroid,2811,0,0
2812,centroid,2812,0,0
2813,centroid,2813,0,0
2814,centroid,2814,0,0
2815,centroid,2815,0,0
2816,centroid,2816,0,0
2817,centroid,2817,0,0
2818,centroid,2818,0,0
2819,centroid,2819,0,0
2820,centroid,2820,0,0
2821,centroid,2821,0,0
2822,centroid,2822,0,0
2823,centroid,2823,0,0
2824,centroid,2824,0,0
2825,centroid,2825,0,0
2826,centroid,2826,0,0
2827,centroid,2827,0,0
2828,centroid,2828,0,0
2829,centroid,2829,0,0
2830,centroid,2830,0,0
2831,centroid,2831,0,0
2832,centroid,2832,0,0
2833,centroid,2833,0,0
2834,centroid,2834,0,0
2835,centroid,2835,0,0
2836,centroid,2836,0,0
2837,centroid,2837,0,0
2838,centroid,2838,0,0
2839,centroid,2839,0,0
2840,centroid,2840,0,0
2841,centroid,2841,0,0
2842,centroid,2842,0,0
2843,centroid,2843,0,0
2844,centroid,2844,0,0
2845,centroid,2845,0,0
2846,centroid,2846,0,0
2847,centroid,2847,0,0
2848,centroid,2848,0,0
2849,centroid,2849,0,0
2850,centroid,2850,0,0
2851,centroid,2851,0,0
2852,centroid,2852,0,0
2853,centroid,2853,0,0
2854,centroid,2854,0,0
2855,centroid,2855,0,0
2856,centroid,2856,0,0
2857,centroid,2857,0,0
2858,centroid,2858,0,0
2859,centroid,2859,0,0
2860,centroid,2860,0,0
2861,centroid,2861,0,0
2862,centroid,2862,0,0
2863,centroid,2863,0,0
2864,centroid,2864,0,0
2865,centroid,2865,0,0
2866,centroid,2866,0,0
2867,centroid,2867,0,0
2868,centroid,2868,0,0
2869,centroid,2869,0,0
2870,centroid,2870,0,0
2871,centroid,2871,0,0
2872,centroid,2872,0,0
2873,centroid,2873,0,0
2874,centroid,2874,0,0
2875,centroid,2875,0,0
2876,centroid,2876,0,0
2877,centroid,2877,0,0
2878,centroid,2878,0,0
2879,centroid,2879,0,0
2880,centroid,2880,0,0
2881,centroid,2881,0,0
2882,centroid,2882,0,0
2883,centroid,2883,0,0
2884,centroid,2884,0,0
2885,centroid,2885,0,0
2886,centroid,2886,0,0
2887,centroid,2887,0,0
2888,centroid,2888,0,0
2889,centroid,2889,0,0
2890,centroid,2890,0,0
2891,centroid,2891,0,0
2892,centroid,2892,0,0
2893,centroid,2893,0,0
2894,centroid,2894,0,0
2895,centroid,2895,0,0
2896,centroid,2896,0,0
2897,centroid,2897,0,0
2898,centroid,2898,0,0
2899,centroid,2899,0,0
2900,centroid,2900,0,0
2901,centroid,2901,0,0
2902,centroid,2902,0,0
2903,centroid,2903,0,0
2904,centroid,2904,0,0
2905,centroid,2905,0,0
2906,centroid,2906,0,0
2907,centroid,2907,0,0
2908,centroid,2908,0,0
2909,centroid,2909,0,0
2910,centroid,2910,0,0
2911,centroid,2911,0,0
2912,centroid,2912,0,0
2913,centroid,2913,0,0
2914,centroid,2914,0,0
2915,centroid,2915,0,0
2916,centroid,2916,0,0
2917,centroid,2917,0,0
2918,centroid,2918,0,0
2919,centroid,2919,0,0
2920,centroid,2920,0,0
2921,centroid,2921,0,0
2922,centroid,2922,0,0
2923,centroid,2923,0,0
2924,centroid,2924,0,0
2925,centroid,2925,0,0
2926,centroid,2926,0,0
2927,centroid,2927,0,0
2928,centroid,2928,0,0
2929,centroid,2929,0,0
2930,centroid,2930,0,0
2931,centroid,2931,0,0
2932,centroid,2932,0,0
2933,centroid,2933,0,0
2934,centroid,2934,0,0
2935,centroid,2935,0,0
2936,centroid,2936,0,0
2937,centroid,2937,0,0
2938,centroid,2938,0,0
2939,centroid,2939,0,0
2940,centroid,2940,0,0
2941,centroid,2941,0,0
2942,centroid,2942,0,0
2943,centroid,2943,0,0
2944,centroid,2944,0,0
2945,centroid,2945,0,0
2946,centroid,2946,0,0
2947,centroid,2947,0,0
2948,centroid,2948,0,0
2949,centroid,2949,0,0
2950,centroid,2950,0,0
2951,centroid,2951,0,0
2952,centroid,2952,0,0
2953,centroid,2953,0,0
2954,centroid,2954,0,0
2955,centroid,2955,0,0
2956,centroid,2956,0,0
2957,centroid,2957,0,0
2958,centroid,2958,0,0
2959,centroid,2959,0,0
2960,centroid,2960,0,0
2961,centroid,2961,0,0
2962,centroid,2962,0,0
2963,centroid,2963,0,0
2964,centroid,2964,0,0
2965,centroid,2965,0,0
2966,centroid,2966,0,0
2967,centroid,2967,0,0
2968,centroid,2968,0,0
2969,centroid,2969,0,0
2970,centroid,2970,0,0
2971,centroid,2971,0,0
2972,centroid,2972,0,0
2973,centroid,2973,0,0
2974,centroid,2974,0,0
2975,centroid,2975,0,0
2976,centroid,2976,0,0
2977,centroid,2977,0,0
2978,centroid,2978,0,0
2979,centroid,2979,0,0
2980,centroid,2980,0,0
2981,centroid,2981,0,0
2982,centroid,2982,0,0
2983,centroid,2983,0,0
2984,centroid,2984,0,0
2985,centroid,2985,0,0
2986,centroid,2986,0,0
2987,centroid,2987,0,0
2988,centroid,2988,0,0
2989,centroid,2989,0,0
2990,centroid,2990,0,0
2991,centroid,2991,0,0
2992,centroid,2992,0,0
2993,centroid,2993,0,0
2994,centroid,2994,0,0
2995,centroid,2995,0,0
2996,centroid,2996,0,0
2997,centroid,2997,0,0
2998,centroid,2998,0,0
2999,centroid,2999,0,0
3000,centroid,3000,0,0
3001,centroid,3001,0,0
3002,centroid,3002,0,0
3003,centroid,3003,0,0
3004,centroid,3004,0,0
3005,centroid,3005,0,0
3006,centroid,3006,0,0
3007,centroid,3007,0,0
3008,centroid,3008,0,0
3009,centroid,3009,0,0
3010,centroid,3010,0,0
3011,centroid,3011,0,0
3012,centroid,3012,0,0
3013,centroid,3013,0,0
3014,centroid,3014,0,0
3015,centroid,3015,0,0
3016,centroid,3016,0,0
3017,centroid,3017,0,0
3018,centroid,3018,0,0
3019,centroid,3019,0,0
3020,centroid,3020,0,0
3021,centroid,3021,0,0
3022,centroid,3022,0,0
3023,centroid,3023,0,0
3024,centroid,3024,0,0
3025,centroid,3025,0,0
3026,centroid,3026,0,0
3027,centroid,3027,0,0
3028,centroid,3028,0,0
3029,centroid,3029,0,0
3030,centroid,3030,0,0
3031,centroid,3031,0,0
3032,centroid,3032,0,0
3033,centroid,3033,0,0
3034,centroid,3034,0,0
3035,centroid,3035,0,0
3036,centroid,3036,0,0
3037,centroid,3037,0,0
3038,centroid,3038,0,0
3039,centroid,3039,0,0
3040,centroid,3040,0,0
3041,centroid,3041,0,0
3042,centroid,3042,0,0
3043,centroid,3043,0,0
3044,centroid,3044,0,0
3045,centroid,3045,0,0
3046,centroid,3046,0,0
3047,centroid,3047,0,0
3048,centroid,3048,0,0
3049,centroid,3049,0,0
3050,centroid,3050,0,0
3051,centroid,3051,0,0
3052,centroid,3052,0,0
3053,centroid,3053,0,0
3054,centroid,3054,0,0
3055,centroid,3055,0,0
3056,centroid,3056,0,0
3057,centroid,3057,0,0
3058,centroid,3058,0,0
3059,centroid,3059,0,0
3060,centroid,3060,0,0
3061,centroid,3061,0,0
3062,centroid,3062,0,0
3063,centroid,3063,0,0
3064,centroid,3064,0,0
3065,centroid,3065,0,0
3066,centroid,3066,0,0
3067,centroid,3067,0,0
3068,centroid,3068,0,0
3069,centroid,3069,0,0
3070,centroid,3070,0,0
3071,centroid,3071,0,0
3072,centroid,3072,0,0
3073,centroid,3073,0,0
3074,centroid,3074,0,0
3075,centroid,3075,0,0
3076,centroid,3076,0,0
3077,centroid,3077,0,0
3078,centroid,3078,0,0
3079,centroid,3079,0,0
3080,centroid,3080,0,0
3081,centroid,3081,0,0
3082,centroid,3082,0,0
3083,centroid,3083,0,0
3084,centroid,3084,0,0
3085,centroid,3085,0,0
3086,centroid,3086,0,0
3087,centroid,3087,0,0
3088,centroid,3088,0,0
3089,centroid,3089,0,0
3090,centroid,3090,0,0
3091,centroid,3091,0,0
3092,centroid,3092,0,0
3093,centroid,3093,0,0
3094,centroid,3094,0,0
3095,centroid,3095,0,0
3096,centroid,3096,0,0
3097,centroid,3097,0,0
3098,centroid,3098,0,0
3099,centroid,3099,0,0
3100,centroid,3100,0,0
3101,centroid,3101,0,0
3102,centroid,3102,0,0
3103,centroid,3103,0,0
3104,centroid,3104,0,0
3105,centroid,3105,0,0
3106,centroid,3106,0,0
3107,centroid,3107,0,0
3108,centroid,3108,0,0
3109,centroid,3109,0,0
3110,centroid,3110,0,0
3111,centroid,3111,0,0
3112,centroid,3112,0,0
3113,centroid,3113,0,0
3114,centroid,3114,0,0
3115,centroid,3115,0,0
3116,centroid,3116,0,0
3117,centroid,3117,0,0
3118,centroid,3118,0,0
3119,centroid,3119,0,0
3120,centroid,3120,0,0
3121,centroid,3121,0,0
3122,centroid,3122,0,0
3123,centroid,3123,0,0
3124,centroid,3124,0,0
3125,centroid,3125,0,0
3126,centroid,3126,0,0
3127,centroid,3127,0,0
3128,centroid,3128,0,0
3129,centroid,3129,0,0
3130,centroid,3130,0,0
3131,centroid,3131,0,0
3132,centroid,3132,0,0
3133,centroid,3133,0,0
3134,centroid,3134,0,0
3135,centroid,3135,0,0
3136,centroid,3136,0,0
3137,centroid,3137,0,0
3138,centroid,3138,0,0
3139,centroid,3139,0,0
3140,centroid,3140,0,0
3141,centroid,3141,0,0
3142,centroid,3142,0,0
3143,centroid,3143,0,0
3144,centroid,3144,0,0
3145,centroid,3145,0,0
3146,centroid,3146,0,0
3147,centroid,3147,0,0
3148,centroid,3148,0,0
3149,centroid,3149,0,0
3150,centroid,3150,0,0
3151,centroid,3151,0,0
3152,centroid,3152,0,0
3153,centroid,3153,0,0
3154,centroid,3154,0,0
3155,centroid,3155,0,0
3156,centroid,3156,0,0
3157,centroid,3157,0,0
3158,centroid,3158,0,0
3159,centroid,3159,0,0
3160,centroid,3160,0,0
3161,centroid,3161,0,0
3162,centroid,3162,0,0
3163,centroid,3163,0,0
3164,centroid,3164,0,0
3165,centroid,3165,0,0
3166,centroid,3166,0,0
3167,centroid,3167,0,0
3168,centroid,3168,0,0
3169,centroid,3169,0,0
3170,centroid,3170,0,0
3171,centroid,3171,0,0
3172,centroid,3172,0,0
3173,centroid,3173,0,0
3174,centroid,3174,0,0
3175,centroid,3175,0,0
3176,centroid,3176,0,0
3177,centroid,3177,0,0
3178,centroid,3178,0,0
3179,centroid,3179,0,0
3180,centroid,3180,0,0
3181,centroid,3181,0,0
3182,centroid,3182,0,0
3183,centroid,3183,0,0
3184,centroid,3184,0,0
3185,centroid,3185,0,0
3186,centroid,3186,0,0
3187,centroid,3187,0,0
3188,centroid,3188,0,0
3189,centroid,3189,0,0
3190,centroid,3190,0,0
3191,centroid,3191,0,0
3192,centroid,3192,0,0
3193,centroid,3193,0,0
3194,centroid,3194,0,0
3195,centroid,3195,0,0
3196,centroid,3196,0,0
3197,centroid,3197,0,0
3198,centroid,3198,0,0
3199,centroid,3199,0,0
3200,centroid,3200,0,0
3201,centroid,3201,0,0
3202,centroid,3202,0,0
3203,centroid,3203,0,0
3204,centroid,3204,0,0
3205,centroid,3205,0,0
3206,centroid,3206,0,0
3207,centroid,3207,0,0
3208,centroid,3208,0,0
3209,centroid,3209,0,0
3210,centroid,3210,0,0
3211,centroid,3211,0,0
3212,centroid,3212,0,0
3213,centroid,3213,0,0
3214,centroid,3214,0,0
3215,centroid,3215,0,0
3216,centroid,3216,0,0
3217,centroid,3217,0,0
3218,centroid,3218,0,0
3219,centroid,3219,0,0
3220,centroid,3220,0,0
3221,centroid,3221,0,0
3222,centroid,3222,0,0
3223,centroid,3223,0,0
3224,centroid,3224,0,0
3225,centroid,3225,0,0
3226,centroid,3226,0,0
3227,centroid,3227,0,0
3228,centroid,3228,0,0
3229,centroid,3229,0,0
3230,centroid,3230,0,0
3231,centroid,3231,0,0
3232,centroid,3232,0,0
3233,centroid,3233,0,0
3234,centroid,3234,0,0
3235,centroid,3235,0,0
3236,centroid,3236,0,0
3237,centroid,3237,0,0
3238,centroid,3238,0,0
3239,centroid,3239,0,0
3240,centroid,3240,0,0
3241,centroid,3241,0,0
3242,centroid,3242,0,0
3243,centroid,3243,0,0
3244,centroid,3244,0,0
3245,centroid,3245,0,0
3246,centroid,3246,0,0
3247,centroid,3247,0,0
3248,centroid,3248,0,0
3249,centroid,3249,0,0
3250,centroid,3250,0,0
3251,centroid,3251,0,0
3252,centroid,3252,0,0
3253,centroid,3253,0,0
3254,centroid,3254,0,0
3255,centroid,3255,0,0
3256,centroid,3256,0,0
3257,centroid,3257,0,0
3258,centroid,3258,0,0
3259,centroid,3259,0,0
3260,centroid,3260,0,0
3261,centroid,3261,0,0
3262,centroid,3262,0,0
3263,centroid,3263,0,0
3264,centroid,3264,0,0
3265,centroid,3265,0,0
3266,centroid,3266,0,0
3267,centroid,3267,0,0
3268,centroid,3268,0,0
3269,centroid,3269,0,0
3270,centroid,3270,0,0
3271,centroid,3271,0,0
3272,centroid,3272,0,0
3273,centroid,3273,0,0
3274,centroid,3274,0,0
3275,centroid,3275,0,0
3276,centroid,3276,0,0
3277,centroid,3277,0,0
3278,centroid,3278,0,0
3279,centroid,3279,0,0
3280,centroid,3280,0,0
3281,centroid,3281,0,0
3282,centroid,3282,0,0
3283,centroid,3283,0,0
3284,centroid,3284,0,0
3285,centroid,3285,0,0
3286,centroid,3286,0,0
3287,centroid,3287,0,0
3288,centroid,3288,0,0
3289,centroid,3289,0,0
3290,centroid,3290,0,0
3291,centroid,3291,0,0
3292,centroid,3292,0,0
3293,centroid,3293,0,0
3294,centroid,3294,0,0
3295,centroid,3295,0,0
3296,centroid,3296,0,0
3297,centroid,3297,0,0
3298,centroid,3298,0,0
3299,centroid,3299,0,0
3300,centroid,3300,0,0
3301,centroid,3301,0,0
3302,centroid,3302,0,0
3303,centroid,3303,0,0
3304,centroid,3304,0,0
3305,centroid,3305,0,0
3306,centroid,3306,0,0
3307,centroid,3307,0,0
3308,centroid,3308,0,0
3309,centroid,3309,0,0
3310,centroid,3310,0,0
3311,centroid,3311,0,0
3312,centroid,3312,0,0
3313,centroid,3313,0,0
3314,centroid,3314,0,0
3315,centroid,3315,0,0
3316,centroid,3316,0,0
3317,centroid,3317,0,0
3318,centroid,3318,0,0
3319,centroid,3319,0,0
3320,centroid,3320,0,0
3321,centroid,3321,0,0
3322,centroid,3322,0,0
3323,centroid,3323,0,0
3324,centroid,3324,0,0
3325,centroid,3325,0,0
3326,centroid,3326,0,0
3327,centroid,3327,0,0
3328,centroid,3328,0,0
3329,centroid,3329,0,0
3330,centroid,3330,0,0
3331,centroid,3331,0,0
3332,centroid,3332,0,0
3333,centroid,3333,0,0
3334,centroid,3334,0,0
3335,centroid,3335,0,0
3336,centroid,3336,0,0
3337,centroid,3337,0,0
3338,centroid,3338,0,0
3339,centroid,3339,0,0
3340,centroid,3340,0,0
3341,centroid,3341,0,0
3342,centroid,3342,0,0
3343,centroid,3343,0,0
3344,centroid,3344,0,0
3345,centroid,3345,0,0
3346,centroid,3346,0,0
3347,centroid,3347,0,0
3348,centroid,3348,0,0
3349,centroid,3349,0,0
3350,centroid,3350,0,0
3351,centroid,3351,0,0
3352,centroid,3352,0,0
3353,centroid,3353,0,0
3354,centroid,3354,0,0
3355,centroid,3355,0,0
3356,centroid,3356,0,0
3357,centroid,3357,0,0
3358,centroid,3358,0,0
3359,centroid,3359,0,0
3360,centroid,3360,0,0
3361,centroid,3361,0,0
3362,centroid,3362,0,0
3363,centroid,3363,0,0
3364,centroid,3364,0,0
3365,centroid,3365,0,0
3366,centroid,3366,0,0
3367,centroid,3367,0,0
3368,centroid,3368,0,0
3369,centroid,3369,0,0
3370,centroid,3370,0,0
3371,centroid,3371,0,0
3372,centroid,3372,0,0
3373,centroid,3373,0,0
3374,centroid,3374,0,0
3375,centroid,3375,0,0
3376,centroid,3376,0,0
3377,centroid,3377,0,0
3378,centroid,3378,0,0
3379,centroid,3379,0,0
3380,centroid,3380,0,0
3381,centroid,3381,0,0
3382,centroid,3382,0,0
3383,centroid,3383,0,0
3384,centroid,3384,0,0
3385,centroid,3385,0,0
3386,centroid,3386,0,0
3387,centroid,3387,0,0
3388,centroid,3388,0,0
3389,centroid,3389,0,0
3390,centroid,3390,0,0
3391,centroid,3391,0,0
3392,centroid,3392,0,0
3393,centroid,3393,0,0
3394,centroid,3394,0,0
3395,centroid,3395,0,0
3396,centroid,3396,0,0
3397,centroid,3397,0,0
3398,centroid,3398,0,0
3399,centroid,3399,0,0
3400,centroid,3400,0,0
3401,centroid,3401,0,0
3402,centroid,3402,0,0
3403,centroid,3403,0,0
3404,centroid,3404,0,0
3405,centroid,3405,0,0
3406,centroid,3406,0,0
3407,centroid,3407,0,0
3408,centroid,3408,0,0
3409,centroid,3409,0,0
3410,centroid,3410,0,0
3411,centroid,3411,0,0
3412,centroid,3412,0,0
3413,centroid,3413,0,0
3414,centroid,3414,0,0
3415,centroid,3415,0,0
3416,centroid,3416,0,0
3417,centroid,3417,0,0
3418,centroid,3418,0,0
3419,centroid,3419,0,0
3420,centroid,3420,0,0
3421,centroid,3421,0,0
3422,centroid,3422,0,0
3423,centroid,3423,0,0
3424,centroid,3424,0,0
3425,centroid,3425,0,0
3426,centroid,3426,0,0
3427,centroid,3427,0,0
3428,centroid,3428,0,0
3429,centroid,3429,0,0
3430,centroid,3430,0,0
3431,centroid,3431,0,0
3432,centroid,3432,0,0
3433,centroid,3433,0,0
3434,centroid,3434,0,0
3435,centroid,3435,0,0
3436,centroid,3436,0,0
3437,centroid,3437,0,0
3438,centroid,3438,0,0
3439,centroid,3439,0,0
3440,centroid,3440,0,0
3441,centroid,3441,0,0
3442,centroid,3442,0,0
3443,centroid,3443,0,0
3444,centroid,3444,0,0
3445,centroid,3445,0,0
3446,centroid,3446,0,0
3447,centroid,3447,0,0
3448,centroid,3448,0,0
3449,centroid,3449,0,0
3450,centroid,3450,0,0
3451,centroid,3451,0,0
3452,centroid,3452,0,0
3453,centroid,3453,0,0
3454,centroid,3454,0,0
3455,centroid,3455,0,0
3456,centroid,3456,0,0
3457,centroid,3457,0,0
3458,centroid,3458,0,0
3459,centroid,3459,0,0
3460,centroid,3460,0,0
3461,centroid,3461,0,0
3462,centroid,3462,0,0
3463,centroid,3463,0,0
3464,centroid,3464,0,0
3465,centroid,3465,0,0
3466,centroid,3466,0,0
3467,centroid,3467,0,0
3468,centroid,3468,0,0
3469,centroid,3469,0,0
3470,centroid,3470,0,0
3471,centroid,3471,0,0
3472,centroid,3472,0,0
3473,centroid,3473,0,0
3474,centroid,3474,0,0
3475,centroid,3475,0,0
3476,centroid,3476,0,0
3477,centroid,3477,0,0
3478,centroid,3478,0,0
3479,centroid,3479,0,0
3480,centroid,3480,0,0
3481,centroid,3481,0,0
3482,centroid,3482,0,0
3483,centroid,3483,0,0
3484,centroid,3484,0,0
3485,centroid,3485,0,0
3486,centroid,3486,0,0
3487,centroid,3487,0,0
3488,centroid,3488,0,0
3489,centroid,3489,0,0
3490,centroid,3490,0,0
3491,centroid,3491,0,0
3492,centroid,3492,0,0
3493,centroid,3493,0,0
3494,centroid,3494,0,0
3495,centroid,3495,0,0
3496,centroid,3496,0,0
3497,centroid,3497,0,0
3498,centroid,3498,0,0
3499,centroid,3499,0,0
3500,centroid,3500,0,0
3501,centroid,3501,0,0
3502,centroid,3502,0,0
3503,centroid,3503,0,0
3504,centroid,3504,0,0
3505,centroid,3505,0,0
3506,centroid,3506,0,0
3507,centroid,3507,0,0
3508,centroid,3508,0,0
3509,centroid,3509,0,0
3510,centroid,3510,0,0
3511,centroid,3511,0,0
3512,centroid,3512,0,0
3513,centroid,3513,0,0
3514,centroid,3514,0,0
3515,centroid,3515,0,0
3516,centroid,3516,0,0
3517,centroid,3517,0,0
3518,centroid,3518,0,0
3519,centroid,3519,0,0
3520,centroid,3520,0,0
3521,centroid,3521,0,0
3522,centroid,3522,0,0
3523,centroid,3523,0,0
3524,centroid,3524,0,0
3525,centroid,3525,0,0
3526,centroid,3526,0,0
3527,centroid,3527,0,0
3528,centroid,3528,0,0
3529,centroid,3529,0,0
3530,centroid,3530,0,0
3531,centroid,3531,0,0
3532,centroid,3532,0,0
3533,centroid,3533,0,0
3534,centroid,3534,0,0
3535,centroid,3535,0,0
3536,centroid,3536,0,0
3537,centroid,3537,0,0
3538,centroid,3538,0,0
3539,centroid,3539,0,0
3540,centroid,3540,0,0
3541,centroid,3541,0,0
3542,centroid,3542,0,0
3543,centroid,3543,0,0
3544,centroid,3544,0,0
3545,centroid,3545,0,0
3546,centroid,3546,0,0
3547,centroid,3547,0,0
3548,centroid,3548,0,0
3549,centroid,3549,0,0
3550,centroid,3550,0,0
3551,centroid,3551,0,0
3552,centroid,3552,0,0
3553,centroid,3553,0,0
3554,centroid,3554,0,0
3555,centroid,3555,0,0
3556,centroid,3556,0,0
3557,centroid,3557,0,0
3558,centroid,3558,0,0
3559,centroid,3559,0,0
3560,centroid,3560,0,0
3561,centroid,3561,0,0
3562,centroid,3562,0,0
3563,centroid,3563,0,0
3564,centroid,3564,0,0
3565,centroid,3565,0,0
3566,centroid,3566,0,0
3567,centroid,3567,0,0
3568,centroid,3568,0,0
3569,centroid,3569,0,0
3570,centroid,3570,0,0
3571,centroid,3571,0,0
3572,centroid,3572,0,0
3573,centroid,3573,0,0
3574,centroid,3574,0,0
3575,centroid,3575,0,0
3576,centroid,3576,0,0
3577,centroid,3577,0,0
3578,centroid,3578,0,0
3579,centroid,3579,0,0
3580,centroid,3580,0,0
3581,centroid,3581,0,0
3582,centroid,3582,0,0
3583,centroid,3583,0,0
3584,centroid,3584,0,0
3585,centroid,3585,0,0
3586,centroid,3586,0,0
3587,centroid,3587,0,0
3588,centroid,3588,0,0
3589,centroid,3589,0,0
3590,centroid,3590,0,0
3591,centroid,3591,0,0
3592,centroid,3592,0,0
3593,centroid,3593,0,0
3594,centroid,3594,0,0
3595,centroid,3595,0,0
3596,centroid,3596,0,0
3597,centroid,3597,0,0
3598,centroid,3598,0,0
3599,centroid,3599,0,0
3600,centroid,3600,0,0
3601,centroid,3601,0,0
3602,centroid,3602,0,0
3603,centroid,3603,0,0
3604,centroid,3604,0,0
3605,centroid,3605,0,0
3606,centroid,3606,0,0
3607,centroid,3607,0,0
3608,centroid,3608,0,0
3609,centroid,3609,0,0
3610,centroid,3610,0,0
3611,centroid,3611,0,0
3612,centroid,3612,0,0
3613,centroid,3613,0,0
3614,centroid,3614,0,0
3615,centroid,3615,0,0
3616,centroid,3616,0,0
3617,centroid,3617,0,0
3618,centroid,3618,0,0
3619,centroid,3619,0,0
3620,centroid,3620,0,0
3621,centroid,3621,0,0
3622,centroid,3622,0,0
3623,centroid,3623,0,0
3624,centroid,3624,0,0
3625,centroid,3625,0,0
3626,centroid,3626,0,0
3627,centroid,3627,0,0
3628,centroid,3628,0,0
3629,centroid,3629,0,0
3630,centroid,3630,0,0
3631,centroid,3631,0,0
3632,centroid,3632,0,0
3633,centroid,3633,0,0
3634,centroid,3634,0,0
3635,centroid,3635,0,0
3636,centroid,3636,0,0
3637,centroid,3637,0,0
3638,centroid,3638,0,0
3639,centroid,3639,0,0
3640,centroid,3640,0,0
3641,centroid,3641,0,0
3642,centroid,3642,0,0
3643,centroid,3643,0,0
3644,centroid,3644,0,0
3645,centroid,3645,0,0
3646,centroid,3646,0,0
3647,centroid,3647,0,0
3648,centroid,3648,0,0
3649,centroid,3649,0,0
3650,centroid,3650,0,0
3651,centroid,3651,0,0
3652,centroid,3652,0,0
3653,centroid,3653,0,0
3654,centroid,3654,0,0
3655,centroid,3655,0,0
3656,centroid,3656,0,0
3657,centroid,3657,0,0
3658,centroid,3658,0,0
3659,centroid,3659,0,0
3660,centroid,3660,0,0
3661,centroid,3661,0,0
3662,centroid,3662,0,0
3663,centroid,3663,0,0
3664,centroid,3664,0,0
3665,centroid,3665,0,0
3666,centroid,3666,0,0
3667,centroid,3667,0,0
3668,centroid,3668,0,0
3669,centroid,3669,0,0
3670,centroid,3670,0,0
3671,centroid,3671,0,0
3672,centroid,3672,0,0
3673,centroid,3673,0,0
3674,centroid,3674,0,0
3675,centroid,3675,0,0
3676,centroid,3676,0,0
3677,centroid,3677,0,0
3678,centroid,3678,0,0
3679,centroid,3679,0,0
3680,centroid,3680,0,0
3681,centroid,3681,0,0
3682,centroid,3682,0,0
3683,centroid,3683,0,0
3684,centroid,3684,0,0
3685,centroid,3685,0,0
3686,centroid,3686,0,0
3687,centroid,3687,0,0
3688,centroid,3688,0,0
3689,centroid,3689,0,0
3690,centroid,3690,0,0
3691,centroid,3691,0,0
3692,centroid,3692,0,0
3693,centroid,3693,0,0
3694,centroid,3694,0,0
3695,centroid,3695,0,0
3696,centroid,3696,0,0
3697,centroid,3697,0,0
3698,centroid,3698,0,0
3699,centroid,3699,0,0
3700,centroid,3700,0,0
3701,centroid,3701,0,0
3702,centroid,3702,0,0
3703,centroid,3703,0,0
3704,centroid,3704,0,0
3705,centroid,3705,0,0
3706,centroid,3706,0,0
3707,centroid,3707,0,0
3708,centroid,3708,0,0
3709,centroid,3709,0,0
3710,centroid,3710,0,0
3711,centroid,3711,0,0
3712,centroid,3712,0,0
3713,centroid,3713,0,0
3714,centroid,3714,0,0
3715,centroid,3715,0,0
3716,centroid,3716,0,0
3717,centroid,3717,0,0
3718,centroid,3718,0,0
3719,centroid,3719,0,0
3720,centroid,3720,0,0
3721,centroid,3721,0,0
3722,centroid,3722,0,0
3723,centroid,3723,0,0
3724,centroid,3724,0,0
3725,centroid,3725,0,0
3726,centroid,3726,0,0
3727,centroid,3727,0,0
3728,centroid,3728,0,0
3729,centroid,3729,0,0
3730,centroid,3730,0,0
3731,centroid,3731,0,0
3732,centroid,3732,0,0
3733,centroid,3733,0,0
3734,centroid,3734,0,0
3735,centroid,3735,0,0
3736,centroid,3736,0,0
3737,centroid,3737,0,0
3738,centroid,3738,0,0
3739,centroid,3739,0,0
3740,centroid,3740,0,0
3741,centroid,3741,0,0
3742,centroid,3742,0,0
3743,centroid,3743,0,0
3744,centroid,3744,0,0
3745,centroid,3745,0,0
3746,centroid,3746,0,0
3747,centroid,3747,0,0
3748,centroid,3748,0,0
3749,centroid,3749,0,0
3750,centroid,3750,0,0
3751,centroid,3751,0,0
3752,centroid,3752,0,0
3753,centroid,3753,0,0
3754,centroid,3754,0,0
3755,centroid,3755,0,0
3756,centroid,3756,0,0
3757,centroid,3757,0,0
3758,centroid,3758,0,0
3759,centroid,3759,0,0
3760,centroid,3760,0,0
3761,centroid,3761,0,0
3762,centroid,3762,0,0
3763,centroid,3763,0,0
3764,centroid,3764,0,0
3765,centroid,3765,0,0
3766,centroid,3766,0,0
3767,centroid,3767,0,0
3768,centroid,3768,0,0
3769,centroid,3769,0,0
3770,centroid,3770,0,0
3771,centroid,3771,0,0
3772,centroid,3772,0,0
3773,centroid,3773,0,0
3774,centroid,3774,0,0
3775,centroid,3775,0,0
3776,centroid,3776,0,0
3777,centroid,3777,0,0
3778,centroid,3778,0,0
3779,centroid,3779,0,0
3780,centroid,3780,0,0
3781,centroid,3781,0,0
3782,centroid,3782,0,0
3783,centroid,3783,0,0
3784,centroid,3784,0,0
3785,centroid,3785,0,0
3786,centroid,3786,0,0
3787,centroid,3787,0,0
3788,centroid,3788,0,0
3789,centroid,3789,0,0
3790,centroid,3790,0,0
3791,centroid,3791,0,0
3792,centroid,3792,0,0
3793,centroid,3793,0,0
3794,centroid,3794,0,0
3795,centroid,3795,0,0
3796,centroid,3796,0,0
3797,centroid,3797,0,0
3798,centroid,3798,0,0
3799,centroid,3799,0,0
3800,centroid,3800,0,0
3801,centroid,3801,0,0
3802,centroid,3802,0,0
3803,centroid,3803,0,0
3804,centroid,3804,0,0
3805,centroid,3805,0,0
3806,centroid,3806,0,0
3807,centroid,3807,0,0
3808,centroid,3808,0,0
3809,centroid,3809,0,0
3810,centroid,3810,0,0
3811,centroid,3811,0,0
3812,centroid,3812,0,0
3813,centroid,3813,0,0
3814,centroid,3814,0,0
3815,centroid,3815,0,0
3816,centroid,3816,0,0
3817,centroid,3817,0,0
3818,centroid,3818,0,0
3819,centroid,3819,0,0
3820,centroid,3820,0,0
3821,centroid,3821,0,0
3822,centroid,3822,0,0
3823,centroid,3823,0,0
3824,centroid,3824,0,0
3825,centroid,3825,0,0
3826,centroid,3826,0,0
3827,centroid,3827,0,0
3828,centroid,3828,0,0
3829,centroid,3829,0,0
3830,centroid,3830,0,0
3831,centroid,3831,0,0
3832,centroid,3832,0,0
3833,centroid,3833,0,0
3834,centroid,3834,0,0
3835,centroid,3835,0,0
3836,centroid,3836,0,0
3837,centroid,3837,0,0
3838,centroid,3838,0,0
3839,centroid,3839,0,0
3840,centroid,3840,0,0
3841,centroid,3841,0,0
3842,centroid,3842,0,0
3843,centroid,3843,0,0
3844,centroid,3844,0,0
3845,centroid,3845,0,0
3846,centroid,3846,0,0
3847,centroid,3847,0,0
3848,centroid,3848,0,0
3849,centroid,3849,0,0
3850,centroid,3850,0,0
3851,centroid,3851,0,0
3852,centroid,3852,0,0
3853,centroid,3853,0,0
3854,centroid,3854,0,0
3855,centroid,3855,0,0
3856,centroid,3856,0,0
3857,centroid,3857,0,0
3858,centroid,3858,0,0
3859,centroid,3859,0,0
3860,centroid,3860,0,0
3861,centroid,3861,0,0
3862,centroid,3862,0,0
3863,centroid,3863,0,0
3864,centroid,3864,0,0
3865,centroid,3865,0,0
3866,centroid,3866,0,0
3867,centroid,3867,0,0
3868,centroid,3868,0,0
3869,centroid,3869,0,0
3870,centroid,3870,0,0
3871,centroid,3871,0,0
3872,centroid,3872,0,0
3873,centroid,3873,0,0
3874,centroid,3874,0,0
3875,centroid,3875,0,0
3876,centroid,3876,0,0
3877,centroid,3877,0,0
3878,centroid,3878,0,0
3879,centroid,3879,0,0
3880,centroid,3880,0,0
3881,centroid,3881,0,0
3882,centroid,3882,0,0
3883,centroid,3883,0,0
3884,centroid,3884,0,0
3885,centroid,3885,0,0
3886,centroid,3886,0,0
3887,centroid,3887,0,0
3888,centroid,3888,0,0
3889,centroid,3889,0,0
3890,centroid,3890,0,0
3891,centroid,3891,0,0
3892,centroid,3892,0,0
3893,centroid,3893,0,0
3894,centroid,3894,0,0
3895,centroid,3895,0,0
3896,centroid,3896,0,0
3897,centroid,3897,0,0
3898,centroid,3898,0,0
3899,centroid,3899,0,0
3900,centroid,3900,0,0
3901,centroid,3901,0,0
3902,centroid,3902,0,0
3903,centroid,3903,0,0
3904,centroid,3904,0,0
3905,centroid,3905,0,0
3906,centroid,3906,0,0
3907,centroid,3907,0,0
3908,centroid,3908,0,0
3909,centroid,3909,0,0
3910,centroid,3910,0,0
3911,centroid,3911,0,0
3912,centroid,3912,0,0
3913,centroid,3913,0,0
3914,centroid,3914,0,0
3915,centroid,3915,0,0
3916,centroid,3916,0,0
3917,centroid,3917,0,0
3918,centroid,3918,0,0
3919,centroid,3919,0,0
3920,centroid,3920,0,0
3921,centroid,3921,0,0
3922,centroid,3922,0,0
3923,centroid,3923,0,0
3924,centroid,3924,0,0
3925,centroid,3925,0,0
3926,centroid,3926,0,0
3927,centroid,3927,0,0
3928,centroid,3928,0,0
3929,centroid,3929,0,0
3930,centroid,3930,0,0
3931,centroid,3931,0,0
3932,centroid,3932,0,0
3933,centroid,3933,0,0
3934,centroid,3934,0,0
3935,centroid,3935,0,0
3936,centroid,3936,0,0
3937,centroid,3937,0,0
3938,centroid,3938,0,0
3939,centroid,3939,0,0
3940,centroid,3940,0,0
3941,centroid,3941,0,0
3942,centroid,3942,0,0
3943,centroid,3943,0,0
3944,centroid,3944,0,0
3945,centroid,3945,0,0
3946,centroid,3946,0,0
3947,centroid,3947,0,0
3948,centroid,3948,0,0
3949,centroid,3949,0,0
3950,centroid,3950,0,0
3951,centroid,3951,0,0
3952,centroid,3952,0,0
3953,centroid,3953,0,0
3954,centroid,3954,0,0
3955,centroid,3955,0,0
3956,centroid,3956,0,0
3957,centroid,3957,0,0
3958,centroid,3958,0,0
3959,centroid,3959,0,0
3960,centroid,3960,0,0
3961,centroid,3961,0,0
3962,centroid,3962,0,0
3963,centroid,3963,0,0
3964,centroid,3964,0,0
3965,centroid,3965,0,0
3966,centroid,3966,0,0
3967,centroid,3967,0,0
3968,centroid,3968,0,0
3969,centroid,3969,0,0
3970,centroid,3970,0,0
3971,centroid,3971,0,0
3972,centroid,3972,0,0
3973,centroid,3973,0,0
3974,centroid,3974,0,0
3975,centroid,3975,0,0
3976,centroid,3976,0,0
3977,centroid,3977,0,0
3978,centroid,3978,0,0
3979,centroid,3979,0,0
3980,centroid,3980,0,0
3981,centroid,3981,0,0
3982,centroid,3982,0,0
3983,centroid,3983,0,0
3984,centroid,3984,0,0
3985,centroid,3985,0,0
3986,centroid,3986,0,0
3987,centroid,3987,0,0
3988,centroid,3988,0,0
3989,centroid,3989,0,0
3990,centroid,3990,0,0
3991,centroid,3991,0,0
3992,centroid,3992,0,0
3993,centroid,3993,0,0
3994,centroid,3994,0,0
3995,centroid,3995,0,0
3996,centroid,3996,0,0
3997,centroid,3997,0,0
3998,centroid,3998,0,0
3999,centroid,3999,0,0
4000,centroid,4000,0,0
4001,centroid,4001,0,0
4002,centroid,4002,0,0
4003,centroid,4003,0,0
4004,centroid,4004,0,0
4005,centroid,4005,0,0
4006,centroid,4006,0,0
4007,centroid,4007,0,0
4008,centroid,4008,0,0
4009,centroid,4009,0,0
4010,centroid,4010,0,0
4011,centroid,4011,0,0
4012,centroid,4012,0,0
4013,centroid,4013,0,0
4014,centroid,4014,0,0
4015,centroid,4015,0,0
4016,centroid,4016,0,0
4017,centroid,4017,0,0
4018,centroid,4018,0,0
4019,centroid,4019,0,0
4020,centroid,4020,0,0
4021,centroid,4021,0,0
4022,centroid,4022,0,0
4023,centroid,4023,0,0
4024,centroid,4024,0,0
4025,centroid,4025,0,0
4026,centroid,4026,0,0
4027,centroid,4027,0,0
4028,centroid,4028,0,0
4029,centroid,4029,0,0
4030,centroid,4030,0,0
4031,centroid,4031,0,0
4032,centroid,4032,0,0
4033,centroid,4033,0,0
4034,centroid,4034,0,0
4035,centroid,4035,0,0
4036,centroid,4036,0,0
4037,centroid,4037,0,0
4038,centroid,4038,0,0
4039,centroid,4039,0,0
4040,centroid,4040,0,0
4041,centroid,4041,0,0
4042,centroid,4042,0,0
4043,centroid,4043,0,0
4044,centroid,4044,0,0
4045,centroid,4045,0,0
4046,centroid,4046,0,0
4047,centroid,4047,0,0
4048,centroid,4048,0,0
4049,centroid,4049,0,0
4050,centroid,4050,0,0
4051,centroid,4051,0,0
4052,centroid,4052,0,0
4053,centroid,4053,0,0
4054,centroid,4054,0,0
4055,centroid,4055,0,0
4056,centroid,4056,0,0
4057,centroid,4057,0,0
4058,centroid,4058,0,0
4059,centroid,4059,0,0
4060,centroid,4060,0,0
4061,centroid,4061,0,0
4062,centroid,4062,0,0
4063,centroid,4063,0,0
4064,centroid,4064,0,0
4065,centroid,4065,0,0
4066,centroid,4066,0,0
4067,centroid,4067,0,0
4068,centroid,4068,0,0
4069,centroid,4069,0,0
4070,centroid,4070,0,0
4071,centroid,4071,0,0
4072,centroid,4072,0,0
4073,centroid,4073,0,0
4074,centroid,4074,0,0
4075,centroid,4075,0,0
4076,centroid,4076,0,0
4077,centroid,4077,0,0
4078,centroid,4078,0,0
4079,centroid,4079,0,0
4080,centroid,4080,0,0
4081,centroid,4081,0,0
4082,centroid,4082,0,0
4083,centroid,4083,0,0
4084,centroid,4084,0,0
4085,centroid,4085,0,0
4086,centroid,4086,0,0
4087,centroid,4087,0,0
4088,centroid,4088,0,0
4089,centroid,4089,0,0
4090,centroid,4090,0,0
4091,centroid,4091,0,0
4092,centroid,4092,0,0
4093,centroid,4093,0,0
4094,centroid,4094,0,0
4095,centroid,4095,0,0
4096,centroid,4096,0,0
4097,centroid,4097,0,0
4098,centroid,4098,0,0
4099,centroid,4099,0,0
4100,centroid,4100,0,0
4101,centroid,4101,0,0
4102,centroid,4102,0,0
4103,centroid,4103,0,0
4104,centroid,4104,0,0
4105,centroid,4105,0,0
4106,centroid,4106,0,0
4107,centroid,4107,0,0
4108,centroid,4108,0,0
4109,centroid,4109,0,0
4110,centroid,4110,0,0
4111,centroid,4111,0,0
4112,centroid,4112,0,0
4113,centroid,4113,0,0
4114,centroid,4114,0,0
4115,centroid,4115,0,0
4116,centroid,4116,0,0
4117,centroid,4117,0,0
4118,centroid,4118,0,0
4119,centroid,4119,0,0
4120,centroid,4120,0,0
4121,centroid,4121,0,0
4122,centroid,4122,0,0
4123,centroid,4123,0,0
4124,centroid,4124,0,0
4125,centroid,4125,0,0
4126,centroid,4126,0,0
4127,centroid,4127,0,0
4128,centroid,4128,0,0
4129,centroid,4129,0,0
4130,centroid,4130,0,0
4131,centroid,4131,0,0
4132,centroid,4132,0,0
4133,centroid,4133,0,0
4134,centroid,4134,0,0
4135,centroid,4135,0,0
4136,centroid,4136,0,0
4137,centroid,4137,0,0
4138,centroid,4138,0,0
4139,centroid,4139,0,0
4140,centroid,4140,0,0
4141,centroid,4141,0,0
4142,centroid,4142,0,0
4143,centroid,4143,0,0
4144,centroid,4144,0,0
4145,centroid,4145,0,0
4146,centroid,4146,0,0
4147,centroid,4147,0,0
4148,centroid,4148,0,0
4149,centroid,4149,0,0
4150,centroid,4150,0,0
4151,centroid,4151,0,0
4152,centroid,4152,0,0
4153,centroid,4153,0,0
4154,centroid,4154,0,0
4155,centroid,4155,0,0
4156,centroid,4156,0,0
4157,centroid,4157,0,0
4158,centroid,4158,0,0
4159,centroid,4159,0,0
4160,centroid,4160,0,0
4161,centroid,4161,0,0
4162,centroid,4162,0,0
4163,centroid,4163,0,0
4164,centroid,4164,0,0
4165,centroid,4165,0,0
4166,centroid,4166,0,0
4167,centroid,4167,0,0
4168,centroid,4168,0,0
4169,centroid,4169,0,0
4170,centroid,4170,0,0
4171,centroid,4171,0,0
4172,centroid,4172,0,0
4173,centroid,4173,0,0
4174,centroid,4174,0,0
4175,centroid,4175,0,0
4176,centroid,4176,0,0
4177,centroid,4177,0,0
4178,centroid,4178,0,0
4179,centroid,4179,0,0
4180,centroid,4180,0,0
4181,centroid,4181,0,0
4182,centroid,4182,0,0
4183,centroid,4183,0,0
4184,centroid,4184,0,0
4185,centroid,4185,0,0
4186,centroid,4186,0,0
4187,centroid,4187,0,0
4188,centroid,4188,0,0
4189,centroid,4189,0,0
4190,centroid,4190,0,0
4191,centroid,4191,0,0
4192,centroid,4192,0,0
4193,centroid,4193,0,0
4194,centroid,4194,0,0
4195,centroid,4195,0,0
4196,centroid,4196,0,0
4197,centroid,4197,0,0
4198,centroid,4198,0,0
4199,centroid,4199,0,0
4200,centroid,4200,0,0
4201,centroid,4201,0,0
4202,centroid,4202,0,0
4203,centroid,4203,0,0
4204,centroid,4204,0,0
4205,centroid,4205,0,0
4206,centroid,4206,0,0
4207,centroid,4207,0,0
4208,centroid,4208,0,0
4209,centroid,4209,0,0
4210,centroid,4210,0,0
4211,centroid,4211,0,0
4212,centroid,4212,0,0
4213,centroid,4213,0,0
4214,centroid,4214,0,0
4215,centroid,4215,0,0
4216,centroid,4216,0,0
4217,centroid,4217,0,0
4218,centroid,4218,0,0
4219,centroid,4219,0,0
4220,centroid,4220,0,0
4221,centroid,4221,0,0
4222,centroid,4222,0,0
4223,centroid,4223,0,0
4224,centroid,4224,0,0
4225,centroid,4225,0,0
4226,centroid,4226,0,0
4227,centroid,4227,0,0
4228,centroid,4228,0,0
4229,centroid,4229,0,0
4230,centroid,4230,0,0
4231,centroid,4231,0,0
4232,centroid,4232,0,0
4233,centroid,4233,0,0
4234,centroid,4234,0,0
4235,centroid,4235,0,0
4236,centroid,4236,0,0
4237,centroid,4237,0,0
4238,centroid,4238,0,0
4239,centroid,4239,0,0
4240,centroid,4240,0,0
4241,centroid,4241,0,0
4242,centroid,4242,0,0
4243,centroid,4243,0,0
4244,centroid,4244,0,0
4245,centroid,4245,0,0
4246,centroid,4246,0,0
4247,centroid,4247,0,0
4248,centroid,4248,0,0
4249,centroid,4249,0,0
4250,centroid,4250,0,0
4251,centroid,4251,0,0
4252,centroid,4252,0,0
4253,centroid,4253,0,0
4254,centroid,4254,0,0
4255,centroid,4255,0,0
4256,centroid,4256,0,0
4257,centroid,4257,0,0
4258,centroid,4258,0,0
4259,centroid,4259,0,0
4260,centroid,4260,0,0
4261,centroid,4261,0,0
4262,centroid,4262,0,0
4263,centroid,4263,0,0
4264,centroid,4264,0,0
4265,centroid,4265,0,0
4266,centroid,4266,0,0
4267,centroid,4267,0,0
4268,centroid,4268,0,0
4269,centroid,4269,0,0
4270,centroid,4270,0,0
4271,centroid,4271,0,0
4272,centroid,4272,0,0
4273,centroid,4273,0,0
4274,centroid,4274,0,0
4275,centroid,4275,0,0
4276,centroid,4276,0,0
4277,centroid,4277,0,0
4278,centroid,4278,0,0
4279,centroid,4279,0,0
4280,centroid,4280,0,0
4281,centroid,4281,0,0
4282,centroid,4282,0,0
4283,centroid,4283,0,0
4284,centroid,4284,0,0
4285,centroid,4285,0,0
4286,centroid,4286,0,0
4287,centroid,4287,0,0
4288,centroid,4288,0,0
4289,centroid,4289,0,0
4290,centroid,4290,0,0
4291,centroid,4291,0,0
4292,centroid,4292,0,0
4293,centroid,4293,0,0
4294,centroid,4294,0,0
4295,centroid,4295,0,0
4296,centroid,4296,0,0
4297,centroid,4297,0,0
4298,centroid,4298,0,0
4299,centroid,4299,0,0
4300,centroid,4300,0,0
4301,centroid,4301,0,0
4302,centroid,4302,0,0
4303,centroid,4303,0,0
4304,centroid,4304,0,0
4305,centroid,4305,0,0
4306,centroid,4306,0,0
4307,centroid,4307,0,0
4308,centroid,4308,0,0
4309,centroid,4309,0,0
4310,centroid,4310,0,0
4311,centroid,4311,0,0
4312,centroid,4312,0,0
4313,centroid,4313,0,0
4314,centroid,4314,0,0
4315,centroid,4315,0,0
4316,centroid,4316,0,0
4317,centroid,4317,0,0
4318,centroid,4318,0,0
4319,centroid,4319,0,0
4320,centroid,4320,0,0
4321,centroid,4321,0,0
4322,centroid,4322,0,0
4323,centroid,4323,0,0
4324,centroid,4324,0,0
4325,centroid,4325,0,0
4326,centroid,4326,0,0
4327,centroid,4327,0,0
4328,centroid,4328,0,0
4329,centroid,4329,0,0
4330,centroid,4330,0,0
4331,centroid,4331,0,0
4332,centroid,4332,0,0
4333,centroid,4333,0,0
4334,centroid,4334,0,0
4335,centroid,4335,0,0
4336,centroid,4336,0,0
4337,centroid,4337,0,0
4338,centroid,4338,0,0
4339,centroid,4339,0,0
4340,centroid,4340,0,0
4341,centroid,4341,0,0
4342,centroid,4342,0,0
4343,centroid,4343,0,0
4344,centroid,4344,0,0
4345,centroid,4345,0,0
4346,centroid,4346,0,0
4347,centroid,4347,0,0
4348,centroid,4348,0,0
4349,centroid,4349,0,0
4350,centroid,4350,0,0
4351,centroid,4351,0,0
4352,centroid,4352,0,0
4353,centroid,4353,0,0
4354,centroid,4354,0,0
4355,centroid,4355,0,0
4356,centroid,4356,0,0
4357,centroid,4357,0,0
4358,centroid,4358,0,0
4359,centroid,4359,0,0
4360,centroid,4360,0,0
4361,centroid,4361,0,0
4362,centroid,4362,0,0
4363,centroid,4363,0,0
4364,centroid,4364,0,0
4365,centroid,4365,0,0
4366,centroid,4366,0,0
4367,centroid,4367,0,0
4368,centroid,4368,0,0
4369,centroid,4369,0,0
4370,centroid,4370,0,0
4371,centroid,4371,0,0
4372,centroid,4372,0,0
4373,centroid,4373,0,0
4374,centroid,4374,0,0
4375,centroid,4375,0,0
4376,centroid,4376,0,0
4377,centroid,4377,0,0
4378,centroid,4378,0,0
4379,centroid,4379,0,0
4380,centroid,4380,0,0
4381,centroid,4381,0,0
4382,centroid,4382,0,0
4383,centroid,4383,0,0
4384,centroid,4384,0,0
4385,centroid,4385,0,0
4386,centroid,4386,0,0
4387,centroid,4387,0,0
4388,centroid,4388,0,0
4389,centroid,4389,0,0
4390,centroid,4390,0,0
4391,centroid,4391,0,0
4392,centroid,4392,0,0
4393,centroid,4393,0,0
4394,centroid,4394,0,0
4395,centroid,4395,0,0
4396,centroid,4396,0,0
4397,centroid,4397,0,0
4398,centroid,4398,0,0
4399,centroid,4399,0,0
4400,centroid,4400,0,0
4401,centroid,4401,0,0
4402,centroid,4402,0,0
4403,centroid,4403,0,0
4404,centroid,4404,0,0
4405,centroid,4405,0,0
4406,centroid,4406,0,0
4407,centroid,4407,0,0
4408,centroid,4408,0,0
4409,centroid,4409,0,0
4410,centroid,4410,0,0
4411,centroid,4411,0,0
4412,centroid,4412,0,0
4413,centroid,4413,0,0
4414,centroid,4414,0,0
4415,centroid,4415,0,0
4416,centroid,4416,0,0
4417,centroid,4417,0,0
4418,centroid,4418,0,0
4419,centroid,4419,0,0
4420,centroid,4420,0,0
4421,centroid,4421,0,0
4422,centroid,4422,0,0
4423,centroid,4423,0,0
4424,centroid,4424,0,0
4425,centroid,4425,0,0
4426,centroid,4426,0,0
4427,centroid,4427,0,0
4428,centroid,4428,0,0
4429,centroid,4429,0,0
4430,centroid,4430,0,0
4431,centroid,4431,0,0
4432,centroid,4432,0,0
4433,centroid,4433,0,0
4434,centroid,4434,0,0
4435,centroid,4435,0,0
4436,centroid,4436,0,0
4437,centroid,4437,0,0
4438,centroid,4438,0,0
4439,centroid,4439,0,0
4440,centroid,4440,0,0
4441,centroid,4441,0,0
4442,centroid,4442,0,0
4443,centroid,4443,0,0
4444,centroid,4444,0,0
4445,centroid,4445,0,0
4446,centroid,4446,0,0
4447,centroid,4447,0,0
4448,centroid,4448,0,0
4449,centroid,4449,0,0
4450,centroid,4450,0,0
4451,centroid,4451,0,0
4452,centroid,4452,0,0
4453,centroid,4453,0,0
4454,centroid,4454,0,0
4455,centroid,4455,0,0
4456,centroid,4456,0,0
4457,centroid,4457,0,0
4458,centroid,4458,0,0
4459,centroid,4459,0,0
4460,centroid,4460,0,0
4461,centroid,4461,0,0
4462,centroid,4462,0,0
4463,centroid,4463,0,0
4464,centroid,4464,0,0
4465,centroid,4465,0,0
4466,centroid,4466,0,0
4467,centroid,4467,0,0
4468,centroid,4468,0,0
4469,centroid,4469,0,0
4470,centroid,4470,0,0
4471,centroid,4471,0,0
4472,centroid,4472,0,0
4473,centroid,4473,0,0
4474,centroid,4474,0,0
4475,centroid,4475,0,0
4476,centroid,4476,0,0
4477,centroid,4477,0,0
4478,centroid,4478,0,0
4479,centroid,4479,0,0
4480,centroid,4480,0,0
4481,centroid,4481,0,0
4482,centroid,4482,0,0
4483,centroid,4483,0,0
4484,centroid,4484,0,0
4485,centroid,4485,0,0
4486,centroid,4486,0,0
4487,centroid,4487,0,0
4488,centroid,4488,0,0
4489,centroid,4489,0,0
4490,centroid,4490,0,0
4491,centroid,4491,0,0
4492,centroid,4492,0,0
4493,centroid,4493,0,0
4494,centroid,4494,0,0
4495,centroid,4495,0,0
4496,centroid,4496,0,0
4497,centroid,4497,0,0
4498,centroid,4498,0,0
4499,centroid,4499,0,0
4500,centroid,4500,0,0
4501,centroid,4501,0,0
4502,centroid,4502,0,0
4503,centroid,4503,0,0
4504,centroid,4504,0,0
4505,centroid,4505,0,0
4506,centroid,4506,0,0
4507,centroid,4507,0,0
4508,centroid,4508,0,0
4509,centroid,4509,0,0
4510,centroid,4510,0,0
4511,centroid,4511,0,0
4512,centroid,4512,0,0
4513,centroid,4513,0,0
4514,centroid,4514,0,0
4515,centroid,4515,0,0
4516,centroid,4516,0,0
4517,centroid,4517,0,0
4518,centroid,4518,0,0
4519,centroid,4519,0,0
4520,centroid,4520,0,0
4521,centroid,4521,0,0
4522,centroid,4522,0,0
4523,centroid,4523,0,0
4524,centroid,4524,0,0
4525,centroid,4525,0,0
4526,centroid,4526,0,0
4527,centroid,4527,0,0
4528,centroid,4528,0,0
4529,centroid,4529,0,0
4530,centroid,4530,0,0
4531,centroid,4531,0,0
4532,centroid,4532,0,0
4533,centroid,4533,0,0
4534,centroid,4534,0,0
4535,centroid,4535,0,0
4536,centroid,4536,0,0
4537,centroid,4537,0,0
4538,centroid,4538,0,0
4539,centroid,4539,0,0
4540,centroid,4540,0,0
4541,centroid,4541,0,0
4542,centroid,4542,0,0
4543,centroid,4543,0,0
4544,centroid,4544,0,0
4545,centroid,4545,0,0
4546,centroid,4546,0,0
4547,centroid,4547,0,0
4548,centroid,4548,0,0
4549,centroid,4549,0,0
4550,centroid,4550,0,0
4551,centroid,4551,0,0
4552,centroid,4552,0,0
4553,centroid,4553,0,0
4554,centroid,4554,0,0
4555,centroid,4555,0,0
4556,centroid,4556,0,0
4557,centroid,4557,0,0
4558,centroid,4558,0,0
4559,centroid,4559,0,0
4560,centroid,4560,0,0
4561,centroid,4561,0,0
4562,centroid,4562,0,0
4563,centroid,4563,0,0
4564,centroid,4564,0,0
4565,centroid,4565,0,0
4566,centroid,4566,0,0
4567,centroid,4567,0,0
4568,centroid,4568,0,0
4569,centroid,4569,0,0
4570,centroid,4570,0,0
4571,centroid,4571,0,0
4572,centroid,4572,0,0
4573,centroid,4573,0,0
4574,centroid,4574,0,0
4575,centroid,4575,0,0
4576,centroid,4576,0,0
4577,centroid,4577,0,0
4578,centroid,4578,0,0
4579,centroid,4579,0,0
4580,centroid,4580,0,0
4581,centroid,4581,0,0
4582,centroid,4582,0,0
4583,centroid,4583,0,0
4584,centroid,4584,0,0
4585,centroid,4585,0,0
4586,centroid,4586,0,0
4587,centroid,4587,0,0
4588,centroid,4588,0,0
4589,centroid,4589,0,0
4590,centroid,4590,0,0
4591,centroid,4591,0,0
4592,centroid,4592,0,0
4593,centroid,4593,0,0
4594,centroid,4594,0,0
4595,centroid,4595,0,0
4596,centroid,4596,0,0
4597,centroid,4597,0,0
4598,centroid,4598,0,0
4599,centroid,4599,0,0
4600,centroid,4600,0,0
4601,centroid,4601,0,0
4602,centroid,4602,0,0
4603,centroid,4603,0,0
4604,centroid,4604,0,0
4605,centroid,4605,0,0
4606,centroid,4606,0,0
4607,centroid,4607,0,0
4608,centroid,4608,0,0
4609,centroid,4609,0,0
4610,centroid,4610,0,0
4611,centroid,4611,0,0
4612,centroid,4612,0,0
4613,centroid,4613,0,0
4614,centroid,4614,0,0
4615,centroid,4615,0,0
4616,centroid,4616,0,0
4617,centroid,4617,0,0
4618,centroid,4618,0,0
4619,centroid,4619,0,0
4620,centroid,4620,0,0
4621,centroid,4621,0,0
4622,centroid,4622,0,0
4623,centroid,4623,0,0
4624,centroid,4624,0,0
4625,centroid,4625,0,0
4626,centroid,4626,0,0
4627,centroid,4627,0,0
4628,centroid,4628,0,0
4629,centroid,4629,0,0
4630,centroid,4630,0,0
4631,centroid,4631,0,0
4632,centroid,4632,0,0
4633,centroid,4633,0,0
4634,centroid,4634,0,0
4635,centroid,4635,0,0
4636,centroid,4636,0,0
4637,centroid,4637,0,0
4638,centroid,4638,0,0
4639,centroid,4639,0,0
4640,centroid,4640,0,0
4641,centroid,4641,0,0
4642,centroid,4642,0,0
4643,centroid,4643,0,0
4644,centroid,4644,0,0
4645,centroid,4645,0,0
4646,centroid,4646,0,0
4647,centroid,4647,0,0
4648,centroid,4648,0,0
4649,centroid,4649,0,0
4650,centroid,4650,0,0
4651,centroid,4651,0,0
4652,centroid,4652,0,0
4653,centroid,4653,0,0
4654,centroid,4654,0,0
4655,centroid,4655,0,0
4656,centroid,4656,0,0
4657,centroid,4657,0,0
4658,centroid,4658,0,0
4659,centroid,4659,0,0
4660,centroid,4660,0,0
4661,centroid,4661,0,0
4662,centroid,4662,0,0
4663,centroid,4663,0,0
4664,centroid,4664,0,0
4665,centroid,4665,0,0
4666,centroid,4666,0,0
4667,centroid,4667,0,0
4668,centroid,4668,0,0
4669,centroid,4669,0,0
4670,centroid,4670,0,0
4671,centroid,4671,0,0
4672,centroid,4672,0,0
4673,centroid,4673,0,0
4674,centroid,4674,0,0
4675,centroid,4675,0,0
4676,centroid,4676,0,0
4677,centroid,4677,0,0
4678,centroid,4678,0,0
4679,centroid,4679,0,0
4680,centroid,4680,0,0
4681,centroid,4681,0,0
4682,centroid,4682,0,0
4683,centroid,4683,0,0
4684,centroid,4684,0,0
4685,centroid,4685,0,0
4686,centroid,4686,0,0
4687,centroid,4687,0,0
4688,centroid,4688,0,0
4689,centroid,4689,0,0
4690,centroid,4690,0,0
4691,centroid,4691,0,0
4692,centroid,4692,0,0
4693,centroid,4693,0,0
4694,centroid,4694,0,0
4695,centroid,4695,0,0
4696,centroid,4696,0,0
4697,centroid,4697,0,0
4698,centroid,4698,0,0
4699,centroid,4699,0,0
4700,centroid,4700,0,0
4701,centroid,4701,0,0
4702,centroid,4702,0,0
4703,centroid,4703,0,0
4704,centroid,4704,0,0
4705,centroid,4705,0,0
4706,centroid,4706,0,0
4707,centroid,4707,0,0
4708,centroid,4708,0,0
4709,centroid,4709,0,0
4710,centroid,4710,0,0
4711,centroid,4711,0,0
4712,centroid,4712,0,0
4713,centroid,4713,0,0
4714,centroid,4714,0,0
4715,centroid,4715,0,0
4716,centroid,4716,0,0
4717,centroid,4717,0,0
4718,centroid,4718,0,0
4719,centroid,4719,0,0
4720,centroid,4720,0,0
4721,centroid,4721,0,0
4722,centroid,4722,0,0
4723,centroid,4723,0,0
4724,centroid,4724,0,0
4725,centroid,4725,0,0
4726,centroid,4726,0,0
4727,centroid,4727,0,0
4728,centroid,4728,0,0
4729,centroid,4729,0,0
4730,centroid,4730,0,0
4731,centroid,4731,0,0
4732,centroid,4732,0,0
4733,centroid,4733,0,0
4734,centroid,4734,0,0
4735,centroid,4735,0,0
4736,centroid,4736,0,0
4737,centroid,4737,0,0
4738,centroid,4738,0,0
4739,centroid,4739,0,0
4740,centroid,4740,0,0
4741,centroid,4741,0,0
4742,centroid,4742,0,0
4743,centroid,4743,0,0
4744,centroid,4744,0,0
4745,centroid,4745,0,0
4746,centroid,4746,0,0
4747,centroid,4747,0,0
4748,centroid,4748,0,0
4749,centroid,4749,0,0
4750,centroid,4750,0,0
4751,centroid,4751,0,0
4752,centroid,4752,0,0
4753,centroid,4753,0,0
4754,centroid,4754,0,0
4755,centroid,4755,0,0
4756,centroid,4756,0,0
4757,centroid,4757,0,0
4758,centroid,4758,0,0
4759,centroid,4759,0,0
4760,centroid,4760,0,0
4761,centroid,4761,0,0
4762,centroid,4762,0,0
4763,centroid,4763,0,0
4764,centroid,4764,0,0
4765,centroid,4765,0,0
4766,centroid,4766,0,0
4767,centroid,4767,0,0
4768,centroid,4768,0,0
4769,centroid,4769,0,0
4770,centroid,4770,0,0
4771,centroid,4771,0,0
4772,centroid,4772,0,0
4773,centroid,4773,0,0
4774,centroid,4774,0,0
4775,centroid,4775,0,0
4776,centroid,4776,0,0
4777,centroid,4777,0,0
4778,centroid,4778,0,0
4779,centroid,4779,0,0
4780,centroid,4780,0,0
4781,centroid,4781,0,0
4782,centroid,4782,0,0
4783,centroid,4783,0,0
4784,centroid,4784,0,0
4785,centroid,4785,0,0
4786,centroid,4786,0,0
4787,centroid,4787,0,0
4788,centroid,4788,0,0
4789,centroid,4789,0,0
4790,centroid,4790,0,0
4791,centroid,4791,0,0
4792,centroid,4792,0,0
4793,centroid,4793,0,0
4794,centroid,4794,0,0
4795,centroid,4795,0,0
4796,centroid,4796,0,0
4797,centroid,4797,0,0
4798,centroid,4798,0,0
4799,centroid,4799,0,0
4800,centroid,4800,0,0
4801,centroid,4801,0,0
4802,centroid,4802,0,0
4803,centroid,4803,0,0
4804,centroid,4804,0,0
4805,centroid,4805,0,0
4806,centroid,4806,0,0
4807,centroid,4807,0,0
4808,centroid,4808,0,0
4809,centroid,4809,0,0
4810,centroid,4810,0,0
4811,centroid,4811,0,0
4812,centroid,4812,0,0
4813,centroid,4813,0,0
4814,centroid,4814,0,0
4815,centroid,4815,0,0
4816,centroid,4816,0,0
4817,centroid,4817,0,0
4818,centroid,4818,0,0
4819,centroid,4819,0,0
4820,centroid,4820,0,0
4821,centroid,4821,0,0
4822,centroid,4822,0,0
4823,centroid,4823,0,0
4824,centroid,4824,0,0
4825,centroid,4825,0,0
4826,centroid,4826,0,0
4827,centroid,4827,0,0
4828,centroid,4828,0,0
4829,centroid,4829,0,0
4830,centroid,4830,0,0
4831,centroid,4831,0,0
4832,centroid,4832,0,0
4833,centroid,4833,0,0
4834,centroid,4834,0,0
4835,centroid,4835,0,0
4836,centroid,4836,0,0
4837,centroid,4837,0,0
4838,centroid,4838,0,0
4839,centroid,4839,0,0
4840,centroid,4840,0,0
4841,centroid,4841,0,0
4842,centroid,4842,0,0
4843,centroid,4843,0,0
4844,centroid,4844,0,0
4845,centroid,4845,0,0
4846,centroid,4846,0,0
4847,centroid,4847,0,0
4848,centroid,4848,0,0
4849,centroid,4849,0,0
4850,centroid,4850,0,0
4851,centroid,4851,0,0
4852,centroid,4852,0,0
4853,centroid,4853,0,0
4854,centroid,4854,0,0
4855,centroid,4855,0,0
4856,centroid,4856,0,0
4857,centroid,4857,0,0
4858,centroid,4858,0,0
4859,centroid,4859,0,0
4860,centroid,4860,0,0
4861,centroid,4861,0,0
4862,centroid,4862,0,0
4863,centroid,4863,0,0
4864,centroid,4864,0,0
4865,centroid,4865,0,0
4866,centroid,4866,0,0
4867,centroid,4867,0,0
4868,centroid,4868,0,0
4869,centroid,4869,0,0
4870,centroid,4870,0,0
4871,centroid,4871,0,0
4872,centroid,4872,0,0
4873,centroid,4873,0,0
4874,centroid,4874,0,0
4875,centroid,4875,0,0
4876,centroid,4876,0,0
4877,centroid,4877,0,0
4878,centroid,4878,0,0
4879,centroid,4879,0,0
4880,centroid,4880,0,0
4881,centroid,4881,0,0
4882,centroid,4882,0,0
4883,centroid,4883,0,0
4884,centroid,4884,0,0
4885,centroid,4885,0,0
4886,centroid,4886,0,0
4887,centroid,4887,0,0
4888,centroid,4888,0,0
4889,centroid,4889,0,0
4890,centroid,4890,0,0
4891,centroid,4891,0,0
4892,centroid,4892,0,0
4893,centroid,4893,0,0
4894,centroid,4894,0,0
4895,centroid,4895,0,0
4896,centroid,4896,0,0
4897,centroid,4897,0,0
4898,centroid,4898,0,0
4899,centroid,4899,0,0
4900,centroid,4900,0,0
4901,centroid,4901,0,0
4902,centroid,4902,0,0
4903,centroid,4903,0,0
4904,centroid,4904,0,0
4905,centroid,4905,0,0
4906,centroid,4906,0,0
4907,centroid,4907,0,0
4908,centroid,4908,0,0
4909,centroid,4909,0,0
4910,centroid,4910,0,0
4911,centroid,4911,0,0
4912,centroid,4912,0,0
4913,centroid,4913,0,0
4914,centroid,4914,0,0
4915,centroid,4915,0,0
4916,centroid,4916,0,0
4917,centroid,4917,0,0
4918,centroid,4918,0,0
4919,centroid,4919,0,0
4920,centroid,4920,0,0
4921,centroid,4921,0,0
4922,centroid,4922,0,0
4923,centroid,4923,0,0
4924,centroid,4924,0,0
4925,centroid,4925,0,0
4926,centroid,4926,0,0
4927,centroid,4927,0,0
4928,centroid,4928,0,0
4929,centroid,4929,0,0
4930,centroid,4930,0,0
4931,centroid,4931,0,0
4932,centroid,4932,0,0
4933,centroid,4933,0,0
4934,centroid,4934,0,0
4935,centroid,4935,0,0
4936,centroid,4936,0,0
4937,centroid,4937,0,0
4938,centroid,4938,0,0
4939,centroid,4939,0,0
4940,centroid,4940,0,0
4941,centroid,4941,0,0
4942,centroid,4942,0,0
4943,centroid,4943,0,0
4944,centroid,4944,0,0
4945,centroid,4945,0,0
4946,centroid,4946,0,0
4947,centroid,4947,0,0
4948,centroid,4948,0,0
4949,centroid,4949,0,0
4950,centroid,4950,0,0
4951,centroid,4951,0,0
4952,centroid,4952,0,0
4953,centroid,4953,0,0
4954,centroid,4954,0,0
4955,centroid,4955,0,0
4956,centroid,4956,0,0
4957,centroid,4957,0,0
4958,centroid,4958,0,0
4959,centroid,4959,0,0
4960,centroid,4960,0,0
4961,centroid,4961,0,0
4962,centroid,4962,0,0
4963,centroid,4963,0,0
4964,centroid,4964,0,0
4965,centroid,4965,0,0
4966,centroid,4966,0,0
4967,centroid,4967,0,0
4968,centroid,4968,0,0
4969,centroid,4969,0,0
4970,centroid,4970,0,0
4971,centroid,4971,0,0
4972,centroid,4972,0,0
4973,centroid,4973,0,0
4974,centroid,4974,0,0
4975,centroid,4975,0,0
4976,centroid,4976,0,0
4977,centroid,4977,0,0
4978,centroid,4978,0,0
4979,centroid,4979,0,0
4980,centroid,4980,0,0
4981,centroid,4981,0,0
4982,centroid,4982,0,0
4983,centroid,4983,0,0
4984,centroid,4984,0,0
4985,centroid,4985,0,0
4986,centroid,4986,0,0
4987,centroid,4987,0,0
4988,centroid,4988,0,0
4989,centroid,4989,0,0
4990,centroid,4990,0,0
4991,centroid,4991,0,0
4992,centroid,4992,0,0
4993,centroid,4993,0,0
4994,centroid,4994,0,0
4995,centroid,4995,0,0
4996,centroid,4996,0,0
4997,centroid,4997,0,0
4998,centroid,4998,0,0
4999,centroid,4999,0,0
5000,centroid,5000,0,0
5001,centroid,5001,0,0
5002,centroid,5002,0,0
5003,centroid,5003,0,0
5004,centroid,5004,0,0
5005,centroid,5005,0,0
5006,centroid,5006,0,0
5007,centroid,5007,0,0
5008,centroid,5008,0,0
5009,centroid,5009,0,0
5010,centroid,5010,0,0
5011,centroid,5011,0,0
5012,centroid,5012,0,0
5013,centroid,5013,0,0
5014,centroid,5014,0,0
5015,centroid,5015,0,0
5016,centroid,5016,0,0
5017,centroid,5017,0,0
5018,centroid,5018,0,0
5019,centroid,5019,0,0
5020,centroid,5020,0,0
5021,centroid,5021,0,0
5022,centroid,5022,0,0
5023,centroid,5023,0,0
5024,centroid,5024,0,0
5025,centroid,5025,0,0
5026,centroid,5026,0,0
5027,centroid,5027,0,0
5028,centroid,5028,0,0
5029,centroid,5029,0,0
5030,centroid,5030,0,0
5031,centroid,5031,0,0
5032,centroid,5032,0,0
5033,centroid,5033,0,0
5034,centroid,5034,0,0
5035,centroid,5035,0,0
5036,centroid,5036,0,0
5037,centroid,5037,0,0
5038,centroid,5038,0,0
5039,centroid,5039,0,0
5040,centroid,5040,0,0
5041,centroid,5041,0,0
5042,centroid,5042,0,0
5043,centroid,5043,0,0
5044,centroid,5044,0,0
5045,centroid,5045,0,0
5046,centroid,5046,0,0
5047,centroid,5047,0,0
5048,centroid,5048,0,0
5049,centroid,5049,0,0
5050,centroid,5050,0,0
5051,centroid,5051,0,0
5052,centroid,5052,0,0
5053,centroid,5053,0,0
5054,centroid,5054,0,0
5055,centroid,5055,0,0
5056,centroid,5056,0,0
5057,centroid,5057,0,0
5058,centroid,5058,0,0
5059,centroid,5059,0,0
5060,centroid,5060,0,0
5061,centroid,5061,0,0
5062,centroid,5062,0,0
5063,centroid,5063,0,0
5064,centroid,5064,0,0
5065,centroid,5065,0,0
5066,centroid,5066,0,0
5067,centroid,5067,0,0
5068,centroid,5068,0,0
5069,centroid,5069,0,0
5070,centroid,5070,0,0
5071,centroid,5071,0,0
5072,centroid,5072,0,0
5073,centroid,5073,0,0
5074,centroid,5074,0,0
5075,centroid,5075,0,0
5076,centroid,5076,0,0
5077,centroid,5077,0,0
5078,centroid,5078,0,0
5079,centroid,5079,0,0
5080,centroid,5080,0,0
5081,centroid,5081,0,0
5082,centroid,5082,0,0
5083,centroid,5083,0,0
5084,centroid,5084,0,0
5085,centroid,5085,0,0
5086,centroid,5086,0,0
5087,centroid,5087,0,0
5088,centroid,5088,0,0
5089,centroid,5089,0,0
5090,centroid,5090,0,0
5091,centroid,5091,0,0
5092,centroid,5092,0,0
5093,centroid,5093,0,0
5094,centroid,5094,0,0
5095,centroid,5095,0,0
5096,centroid,5096,0,0
5097,centroid,5097,0,0
5098,centroid,5098,0,0
5099,centroid,5099,0,0
5100,centroid,5100,0,0
5101,centroid,5101,0,0
5102,centroid,5102,0,0
5103,centroid,5103,0,0
5104,centroid,5104,0,0
5105,centroid,5105,0,0
5106,centroid,5106,0,0
5107,centroid,5107,0,0
5108,centroid,5108,0,0
5109,centroid,5109,0,0
5110,centroid,5110,0,0
5111,centroid,5111,0,0
5112,centroid,5112,0,0
5113,centroid,5113,0,0
5114,centroid,5114,0,0
5115,centroid,5115,0,0
5116,centroid,5116,0,0
5117,centroid,5117,0,0
5118,centroid,5118,0,0
5119,centroid,5119,0,0
5120,centroid,5120,0,0
5121,centroid,5121,0,0
5122,centroid,5122,0,0
5123,centroid,5123,0,0
5124,centroid,5124,0,0
5125,centroid,5125,0,0
5126,centroid,5126,0,0
5127,centroid,5127,0,0
5128,centroid,5128,0,0
5129,centroid,5129,0,0
5130,centroid,5130,0,0
5131,centroid,5131,0,0
5132,centroid,5132,0,0
5133,centroid,5133,0,0
5134,centroid,5134,0,0
5135,centroid,5135,0,0
5136,centroid,5136,0,0
5137,centroid,5137,0,0
5138,centroid,5138,0,0
5139,centroid,5139,0,0
5140,centroid,5140,0,0
5141,centroid,5141,0,0
5142,centroid,5142,0,0
5143,centroid,5143,0,0
5144,centroid,5144,0,0
5145,centroid,5145,0,0
5146,centroid,5146,0,0
5147,centroid,5147,0,0
5148,centroid,5148,0,0
5149,centroid,5149,0,0
5150,centroid,5150,0,0
5151,centroid,5151,0,0
5152,centroid,5152,0,0
5153,centroid,5153,0,0
5154,centroid,5154,0,0
5155,centroid,5155,0,0
5156,centroid,5156,0,0
5157,centroid,5157,0,0
5158,centroid,5158,0,0
5159,centroid,5159,0,0
5160,centroid,5160,0,0
5161,centroid,5161,0,0
5162,centroid,5162,0,0
5163,centroid,5163,0,0
5164,centroid,5164,0,0
5165,centroid,5165,0,0
5166,centroid,5166,0,0
5167,centroid,5167,0,0
5168,centroid,5168,0,0
5169,centroid,5169,0,0
5170,centroid,5170,0,0
5171,centroid,5171,0,0
5172,centroid,5172,0,0
5173,centroid,5173,0,0
5174,centroid,5174,0,0
5175,centroid,5175,0,0
5176,centroid,5176,0,0
5177,centroid,5177,0,0
5178,centroid,5178,0,0
5179,centroid,5179,0,0
5180,centroid,5180,0,0
5181,centroid,5181,0,0
5182,centroid,5182,0,0
5183,centroid,5183,0,0
5184,centroid,5184,0,0
5185,centroid,5185,0,0
5186,centroid,5186,0,0
5187,centroid,5187,0,0
5188,centroid,5188,0,0
5189,centroid,5189,0,0
5190,centroid,5190,0,0
5191,centroid,5191,0,0
5192,centroid,5192,0,0
5193,centroid,5193,0,0
5194,centroid,5194,0,0
5195,centroid,5195,0,0
5196,centroid,5196,0,0
5197,centroid,5197,0,0
5198,centroid,5198,0,0
5199,centroid,5199,0,0
5200,centroid,5200,0,0
5201,centroid,5201,0,0
5202,centroid,5202,0,0
5203,centroid,5203,0,0
5204,centroid,5204,0,0
5205,centroid,5205,0,0
5206,centroid,5206,0,0
5207,centroid,5207,0,0
5208,centroid,5208,0,0
5209,centroid,5209,0,0
5210,centroid,5210,0,0
5211,centroid,5211,0,0
5212,centroid,5212,0,0
5213,centroid,5213,0,0
5214,centroid,5214,0,0
5215,centroid,5215,0,0
5216,centroid,5216,0,0
5217,centroid,5217,0,0
5218,centroid,5218,0,0
5219,centroid,5219,0,0
5220,centroid,5220,0,0
5221,centroid,5221,0,0
5222,centroid,5222,0,0
5223,centroid,5223,0,0
5224,centroid,5224,0,0
5225,centroid,5225,0,0
5226,centroid,5226,0,0
5227,centroid,5227,0,0
5228,centroid,5228,0,0
5229,centroid,5229,0,0
5230,centroid,5230,0,0
5231,centroid,5231,0,0
5232,centroid,5232,0,0
5233,centroid,5233,0,0
5234,centroid,5234,0,0
5235,centroid,5235,0,0
5236,centroid,5236,0,0
5237,centroid,5237,0,0
5238,centroid,5238,0,0
5239,centroid,5239,0,0
5240,centroid,5240,0,0
5241,centroid,5241,0,0
5242,centroid,5242,0,0
5243,centroid,5243,0,0
5244,centroid,5244,0,0
5245,centroid,5245,0,0
5246,centroid,5246,0,0
5247,centroid,5247,0,0
5248,centroid,5248,0,0
5249,centroid,5249,0,0
5250,centroid,5250,0,0
5251,centroid,5251,0,0
5252,centroid,5252,0,0
5253,centroid,5253,0,0
5254,centroid,5254,0,0
5255,centroid,5255,0,0
5256,centroid,5256,0,0
5257,centroid,5257,0,0
5258,centroid,5258,0,0
5259,centroid,5259,0,0
5260,centroid,5260,0,0
5261,centroid,5261,0,0
5262,centroid,5262,0,0
5263,centroid,5263,0,0
5264,centroid,5264,0,0
5265,centroid,5265,0,0
5266,centroid,5266,0,0
5267,centroid,5267,0,0
5268,centroid,5268,0,0
5269,centroid,5269,0,0
5270,centroid,5270,0,0
5271,centroid,5271,0,0
5272,centroid,5272,0,0
5273,centroid,5273,0,0
5274,centroid,5274,0,0
5275,centroid,5275,0,0
5276,centroid,5276,0,0
5277,centroid,5277,0,0
5278,centroid,5278,0,0
5279,centroid,5279,0,0
5280,centroid,5280,0,0
5281,centroid,5281,0,0
5282,centroid,5282,0,0
5283,centroid,5283,0,0
5284,centroid,5284,0,0
5285,centroid,5285,0,0
5286,centroid,5286,0,0
5287,centroid,5287,0,0
5288,centroid,5288,0,0
5289,centroid,5289,0,0
5290,centroid,5290,0,0
5291,centroid,5291,0,0
5292,centroid,5292,0,0
5293,centroid,5293,0,0
5294,centroid,5294,0,0
5295,centroid,5295,0,0
5296,centroid,5296,0,0
5297,centroid,5297,0,0
5298,centroid,5298,0,0
5299,centroid,5299,0,0
5300,centroid,5300,0,0
5301,centroid,5301,0,0
5302,centroid,5302,0,0
5303,centroid,5303,0,0
5304,centroid,5304,0,0
5305,centroid,5305,0,0
5306,centroid,5306,0,0
5307,centroid,5307,0,0
5308,centroid,5308,0,0
5309,centroid,5309,0,0
5310,centroid,5310,0,0
5311,centroid,5311,0,0
5312,centroid,5312,0,0
5313,centroid,5313,0,0
5314,centroid,5314,0,0
5315,centroid,5315,0,0
5316,centroid,5316,0,0
5317,centroid,5317,0,0
5318,centroid,5318,0,0
5319,centroid,5319,0,0
5320,centroid,5320,0,0
5321,centroid,5321,0,0
5322,centroid,5322,0,0
5323,centroid,5323,0,0
5324,centroid,5324,0,0
5325,centroid,5325,0,0
5326,centroid,5326,0,0
5327,centroid,5327,0,0
5328,centroid,5328,0,0
5329,centroid,5329,0,0
5330,centroid,5330,0,0
5331,centroid,5331,0,0
5332,centroid,5332,0,0
5333,centroid,5333,0,0
5334,centroid,5334,0,0
5335,centroid,5335,0,0
5336,centroid,5336,0,0
5337,centroid,5337,0,0
5338,centroid,5338,0,0
5339,centroid,5339,0,0
5340,centroid,5340,0,0
5341,centroid,5341,0,0
5342,centroid,5342,0,0
5343,centroid,5343,0,0
5344,centroid,5344,0,0
5345,centroid,5345,0,0
5346,centroid,5346,0,0
5347,centroid,5347,0,0
5348,centroid,5348,0,0
5349,centroid,5349,0,0
5350,centroid,5350,0,0
5351,centroid,5351,0,0
5352,centroid,5352,0,0
5353,centroid,5353,0,0
5354,centroid,5354,0,0
5355,centroid,5355,0,0
5356,centroid,5356,0,0
5357,centroid,5357,0,0
5358,centroid,5358,0,0
5359,centroid,5359,0,0
5360,centroid,5360,0,0
5361,centroid,5361,0,0
5362,centroid,5362,0,0
5363,centroid,5363,0,0
5364,centroid,5364,0,0
5365,centroid,5365,0,0
5366,centroid,5366,0,0
5367,centroid,5367,0,0
5368,centroid,5368,0,0
5369,centroid,5369,0,0
5370,centroid,5370,0,0
5371,centroid,5371,0,0
5372,centroid,5372,0,0
5373,centroid,5373,0,0
5374,centroid,5374,0,0
5375,centroid,5375,0,0
5376,centroid,5376,0,0
5377,centroid,5377,0,0
5378,centroid,5378,0,0
5379,centroid,5379,0,0
5380,centroid,5380,0,0
5381,centroid,5381,0,0
5382,centroid,5382,0,0
5383,centroid,5383,0,0
5384,centroid,5384,0,0
5385,centroid,5385,0,0
5386,centroid,5386,0,0
5387,centroid,5387,0,0
5388,centroid,5388,0,0
5389,centroid,5389,0,0
5390,centroid,5390,0,0
5391,centroid,5391,0,0
5392,centroid,5392,0,0
5393,centroid,5393,0,0
5394,centroid,5394,0,0
5395,centroid,5395,0,0
5396,centroid,5396,0,0
5397,centroid,5397,0,0
5398,centroid,5398,0,0
5399,centroid,5399,0,0
5400,centroid,5400,0,0
5401,centroid,5401,0,0
5402,centroid,5402,0,0
5403,centroid,5403,0,0
5404,centroid,5404,0,0
5405,centroid,5405,0,0
5406,centroid,5406,0,0
5407,centroid,5407,0,0
5408,centroid,5408,0,0
5409,centroid,5409,0,0
5410,centroid,5410,0,0
5411,centroid,5411,0,0
5412,centroid,5412,0,0
5413,centroid,5413,0,0
5414,centroid,5414,0,0
5415,centroid,5415,0,0
5416,centroid,5416,0,0
5417,centroid,5417,0,0
5418,centroid,5418,0,0
5419,centroid,5419,0,0
5420,centroid,5420,0,0
5421,centroid,5421,0,0
5422,centroid,5422,0,0
5423,centroid,5423,0,0
5424,centroid,5424,0,0
5425,centroid,5425,0,0
5426,centroid,5426,0,0
5427,centroid,5427,0,0
5428,centroid,5428,0,0
5429,centroid,5429,0,0
5430,centroid,5430,0,0
5431,centroid,5431,0,0
5432,centroid,5432,0,0
5433,centroid,5433,0,0
5434,centroid,5434,0,0
5435,centroid,5435,0,0
5436,centroid,5436,0,0
5437,centroid,5437,0,0
5438,centroid,5438,0,0
5439,centroid,5439,0,0
5440,centroid,5440,0,0
5441,centroid,5441,0,0
5442,centroid,5442,0,0
5443,centroid,5443,0,0
5444,centroid,5444,0,0
5445,centroid,5445,0,0
5446,centroid,5446,0,0
5447,centroid,5447,0,0
5448,centroid,5448,0,0
5449,centroid,5449,0,0
5450,centroid,5450,0,0
5451,centroid,5451,0,0
5452,centroid,5452,0,0
5453,centroid,5453,0,0
5454,centroid,5454,0,0
5455,centroid,5455,0,0
5456,centroid,5456,0,0
5457,centroid,5457,0,0
5458,centroid,5458,0,0
5459,centroid,5459,0,0
5460,centroid,5460,0,0
5461,centroid,5461,0,0
5462,centroid,5462,0,0
5463,centroid,5463,0,0
5464,centroid,5464,0,0
5465,centroid,5465,0,0
5466,centroid,5466,0,0
5467,centroid,5467,0,0
5468,centroid,5468,0,0
5469,centroid,5469,0,0
5470,centroid,5470,0,0
5471,centroid,5471,0,0
5472,centroid,5472,0,0
5473,centroid,5473,0,0
5474,centroid,5474,0,0
5475,centroid,5475,0,0
5476,centroid,5476,0,0
5477,centroid,5477,0,0
5478,centroid,5478,0,0
5479,centroid,5479,0,0
5480,centroid,5480,0,0
5481,centroid,5481,0,0
5482,centroid,5482,0,0
5483,centroid,5483,0,0
5484,centroid,5484,0,0
5485,centroid,5485,0,0
5486,centroid,5486,0,0
5487,centroid,5487,0,0
5488,centroid,5488,0,0
5489,centroid,5489,0,0
5490,centroid,5490,0,0
5491,centroid,5491,0,0
5492,centroid,5492,0,0
5493,centroid,5493,0,0
5494,centroid,5494,0,0
5495,centroid,5495,0,0
5496,centroid,5496,0,0
5497,centroid,5497,0,0
5498,centroid,5498,0,0
5499,centroid,5499,0,0
5500,centroid,5500,0,0
5501,centroid,5501,0,0
5502,centroid,5502,0,0
5503,centroid,5503,0,0
5504,centroid,5504,0,0
5505,centroid,5505,0,0
5506,centroid,5506,0,0
5507,centroid,5507,0,0
5508,centroid,5508,0,0
5509,centroid,5509,0,0
5510,centroid,5510,0,0
5511,centroid,5511,0,0
5512,centroid,5512,0,0
5513,centroid,5513,0,0
5514,centroid,5514,0,0
5515,centroid,5515,0,0
5516,centroid,5516,0,0
5517,centroid,5517,0,0
5518,centroid,5518,0,0
5519,centroid,5519,0,0
5520,centroid,5520,0,0
5521,centroid,5521,0,0
5522,centroid,5522,0,0
5523,centroid,5523,0,0
5524,centroid,5524,0,0
5525,centroid,5525,0,0
5526,centroid,5526,0,0
5527,centroid,5527,0,0
5528,centroid,5528,0,0
5529,centroid,5529,0,0
5530,centroid,5530,0,0
5531,centroid,5531,0,0
5532,centroid,5532,0,0
5533,centroid,5533,0,0
5534,centroid,5534,0,0
5535,centroid,5535,0,0
5536,centroid,5536,0,0
5537,centroid,5537,0,0
5538,centroid,5538,0,0
5539,centroid,5539,0,0
5540,centroid,5540,0,0
5541,centroid,5541,0,0
5542,centroid,5542,0,0
5543,centroid,5543,0,0
5544,centroid,5544,0,0
5545,centroid,5545,0,0
5546,centroid,5546,0,0
5547,centroid,5547,0,0
5548,centroid,5548,0,0
5549,centroid,5549,0,0
5550,centroid,5550,0,0
5551,centroid,5551,0,0
5552,centroid,5552,0,0
5553,centroid,5553,0,0
5554,centroid,5554,0,0
5555,centroid,5555,0,0
5556,centroid,5556,0,0
5557,centroid,5557,0,0
5558,centroid,5558,0,0
5559,centroid,5559,0,0
5560,centroid,5560,0,0
5561,centroid,5561,0,0
5562,centroid,5562,0,0
5563,centroid,5563,0,0
5564,centroid,5564,0,0
5565,centroid,5565,0,0
5566,centroid,5566,0,0
5567,centroid,5567,0,0
5568,centroid,5568,0,0
5569,centroid,5569,0,0
5570,centroid,5570,0,0
5571,centroid,5571,0,0
5572,centroid,5572,0,0
5573,centroid,5573,0,0
5574,centroid,5574,0,0
5575,centroid,5575,0,0
5576,centroid,5576,0,0
5577,centroid,5577,0,0
5578,centroid,5578,0,0
5579,centroid,5579,0,0
5580,centroid,5580,0,0
5581,centroid,5581,0,0
5582,centroid,5582,0,0
5583,centroid,5583,0,0
5584,centroid,5584,0,0
5585,centroid,5585,0,0
5586,centroid,5586,0,0
5587,centroid,5587,0,0
5588,centroid,5588,0,0
5589,centroid,5589,0,0
5590,centroid,5590,0,0
5591,centroid,5591,0,0
5592,centroid,5592,0,0
5593,centroid,5593,0,0
5594,centroid,5594,0,0
5595,centroid,5595,0,0
5596,centroid,5596,0,0
5597,centroid,5597,0,0
5598,centroid,5598,0,0
5599,centroid,5599,0,0
5600,centroid,5600,0,0
5601,centroid,5601,0,0
5602,centroid,5602,0,0
5603,centroid,5603,0,0
5604,centroid,5604,0,0
5605,centroid,5605,0,0
5606,centroid,5606,0,0
5607,centroid,5607,0,0
5608,centroid,5608,0,0
5609,centroid,5609,0,0
5610,centroid,5610,0,0
5611,centroid,5611,0,0
5612,centroid,5612,0,0
5613,centroid,5613,0,0
5614,centroid,5614,0,0
5615,centroid,5615,0,0
5616,centroid,5616,0,0
5617,centroid,5617,0,0
5618,centroid,5618,0,0
5619,centroid,5619,0,0
5620,centroid,5620,0,0
5621,centroid,5621,0,0
5622,centroid,5622,0,0
5623,centroid,5623,0,0
5624,centroid,5624,0,0
5625,centroid,5625,0,0
5626,centroid,5626,0,0
5627,centroid,5627,0,0
5628,centroid,5628,0,0
5629,centroid,5629,0,0
5630,centroid,5630,0,0
5631,centroid,5631,0,0
5632,centroid,5632,0,0
5633,centroid,5633,0,0
5634,centroid,5634,0,0
5635,centroid,5635,0,0
5636,centroid,5636,0,0
5637,centroid,5637,0,0
5638,centroid,5638,0,0
5639,centroid,5639,0,0
5640,centroid,5640,0,0
5641,centroid,5641,0,0
5642,centroid,5642,0,0
5643,centroid,5643,0,0
5644,centroid,5644,0,0
5645,centroid,5645,0,0
5646,centroid,5646,0,0
5647,centroid,5647,0,0
5648,centroid,5648,0,0
5649,centroid,5649,0,0
5650,centroid,5650,0,0
5651,centroid,5651,0,0
5652,centroid,5652,0,0
5653,centroid,5653,0,0
5654,centroid,5654,0,0
5655,centroid,5655,0,0
5656,centroid,5656,0,0
5657,centroid,5657,0,0
5658,centroid,5658,0,0
5659,centroid,5659,0,0
5660,centroid,5660,0,0
5661,centroid,5661,0,0
5662,centroid,5662,0,0
5663,centroid,5663,0,0
5664,centroid,5664,0,0
5665,centroid,5665,0,0
5666,centroid,5666,0,0
5667,centroid,5667,0,0
5668,centroid,5668,0,0
5669,centroid,5669,0,0
5670,centroid,5670,0,0
5671,centroid,5671,0,0
5672,centroid,5672,0,0
5673,centroid,5673,0,0
5674,centroid,5674,0,0
5675,centroid,5675,0,0
5676,centroid,5676,0,0
5677,centroid,5677,0,0
5678,centroid,5678,0,0
5679,centroid,5679,0,0
5680,centroid,5680,0,0
5681,centroid,5681,0,0
5682,centroid,5682,0,0
5683,centroid,5683,0,0
5684,centroid,5684,0,0
5685,centroid,5685,0,0
5686,centroid,5686,0,0
5687,centroid,5687,0,0
5688,centroid,5688,0,0
5689,centroid,5689,0,0
5690,centroid,5690,0,0
5691,centroid,5691,0,0
5692,centroid,5692,0,0
5693,centroid,5693,0,0
5694,centroid,5694,0,0
5695,centroid,5695,0,0
5696,centroid,5696,0,0
5697,centroid,5697,0,0
5698,centroid,5698,0,0
5699,centroid,5699,0,0
5700,centroid,5700,0,0
5701,centroid,5701,0,0
5702,centroid,5702,0,0
5703,centroid,5703,0,0
5704,centroid,5704,0,0
5705,centroid,5705,0,0
5706,centroid,5706,0,0
5707,centroid,5707,0,0
5708,centroid,5708,0,0
5709,centroid,5709,0,0
5710,centroid,5710,0,0
5711,centroid,5711,0,0
5712,centroid,5712,0,0
5713,centroid,5713,0,0
5714,centroid,5714,0,0
5715,centroid,5715,0,0
5716,centroid,5716,0,0
5717,centroid,5717,0,0
5718,centroid,5718,0,0
5719,centroid,5719,0,0
5720,centroid,5720,0,0
5721,centroid,5721,0,0
5722,centroid,5722,0,0
5723,centroid,5723,0,0
5724,centroid,5724,0,0
5725,centroid,5725,0,0
5726,centroid,5726,0,0
5727,centroid,5727,0,0
5728,centroid,5728,0,0
5729,centroid,5729,0,0
5730,centroid,5730,0,0
5731,centroid,5731,0,0
5732,centroid,5732,0,0
5733,centroid,5733,0,0
5734,centroid,5734,0,0
5735,centroid,5735,0,0
5736,centroid,5736,0,0
5737,centroid,5737,0,0
5738,centroid,5738,0,0
5739,centroid,5739,0,0
5740,centroid,5740,0,0
5741,centroid,5741,0,0
5742,centroid,5742,0,0
5743,centroid,5743,0,0
5744,centroid,5744,0,0
5745,centroid,5745,0,0
5746,centroid,5746,0,0
5747,centroid,5747,0,0
5748,centroid,5748,0,0
5749,centroid,5749,0,0
5750,centroid,5750,0,0
5751,centroid,5751,0,0
5752,centroid,5752,0,0
5753,centroid,5753,0,0
5754,centroid,5754,0,0
5755,centroid,5755,0,0
5756,centroid,5756,0,0
5757,centroid,5757,0,0
5758,centroid,5758,0,0
5759,centroid,5759,0,0
5760,centroid,5760,0,0
5761,centroid,5761,0,0
5762,centroid,5762,0,0
5763,centroid,5763,0,0
5764,centroid,5764,0,0
5765,centroid,5765,0,0
5766,centroid,5766,0,0
5767,centroid,5767,0,0
5768,centroid,5768,0,0
5769,centroid,5769,0,0
5770,centroid,5770,0,0
5771,centroid,5771,0,0
5772,centroid,5772,0,0
5773,centroid,5773,0,0
5774,centroid,5774,0,0
5775,centroid,5775,0,0
5776,centroid,5776,0,0
5777,centroid,5777,0,0
5778,centroid,5778,0,0
5779,centroid,5779,0,0
5780,centroid,5780,0,0
5781,centroid,5781,0,0
5782,centroid,5782,0,0
5783,centroid,5783,0,0
5784,centroid,5784,0,0
5785,centroid,5785,0,0
5786,centroid,5786,0,0
5787,centroid,5787,0,0
5788,centroid,5788,0,0
5789,centroid,5789,0,0
5790,centroid,5790,0,0
5791,centroid,5791,0,0
5792,centroid,5792,0,0
5793,centroid,5793,0,0
5794,centroid,5794,0,0
5795,centroid,5795,0,0
5796,centroid,5796,0,0
5797,centroid,5797,0,0
5798,centroid,5798,0,0
5799,centroid,5799,0,0
5800,centroid,5800,0,0
5801,centroid,5801,0,0
5802,centroid,5802,0,0
5803,centroid,5803,0,0
5804,centroid,5804,0,0
5805,centroid,5805,0,0
5806,centroid,5806,0,0
5807,centroid,5807,0,0
5808,centroid,5808,0,0
5809,centroid,5809,0,0
5810,centroid,5810,0,0
5811,centroid,5811,0,0
5812,centroid,5812,0,0
5813,centroid,5813,0,0
5814,centroid,5814,0,0
5815,centroid,5815,0,0
5816,centroid,5816,0,0
5817,centroid,5817,0,0
5818,centroid,5818,0,0
5819,centroid,5819,0,0
5820,centroid,5820,0,0
5821,centroid,5821,0,0
5822,centroid,5822,0,0
5823,centroid,5823,0,0
5824,centroid,5824,0,0
5825,centroid,5825,0,0
5826,centroid,5826,0,0
5827,centroid,5827,0,0
5828,centroid,5828,0,0
5829,centroid,5829,0,0
5830,centroid,5830,0,0
5831,centroid,5831,0,0
5832,centroid,5832,0,0
5833,centroid,5833,0,0
5834,centroid,5834,0,0
5835,centroid,5835,0,0
5836,centroid,5836,0,0
5837,centroid,5837,0,0
5838,centroid,5838,0,0
5839,centroid,5839,0,0
5840,centroid,5840,0,0
5841,centroid,5841,0,0
5842,centroid,5842,0,0
5843,centroid,5843,0,0
5844,centroid,5844,0,0
5845,centroid,5845,0,0
5846,centroid,5846,0,0
5847,centroid,5847,0,0
5848,centroid,5848,0,0
5849,centroid,5849,0,0
5850,centroid,5850,0,0
5851,centroid,5851,0,0
5852,centroid,5852,0,0
5853,centroid,5853,0,0
5854,centroid,5854,0,0
5855,centroid,5855,0,0
5856,centroid,5856,0,0
5857,centroid,5857,0,0
5858,centroid,5858,0,0
5859,centroid,5859,0,0
5860,centroid,5860,0,0
5861,centroid,5861,0,0
5862,centroid,5862,0,0
5863,centroid,5863,0,0
5864,centroid,5864,0,0
5865,centroid,5865,0,0
5866,centroid,5866,0,0
5867,centroid,5867,0,0
5868,centroid,5868,0,0
5869,centroid,5869,0,0
5870,centroid,5870,0,0
5871,centroid,5871,0,0
5872,centroid,5872,0,0
5873,centroid,5873,0,0
5874,centroid,5874,0,0
5875,centroid,5875,0,0
5876,centroid,5876,0,0
5877,centroid,5877,0,0
5878,centroid,5878,0,0
5879,centroid,5879,0,0
5880,centroid,5880,0,0
5881,centroid,5881,0,0
5882,centroid,5882,0,0
5883,centroid,5883,0,0
5884,centroid,5884,0,0
5885,centroid,5885,0,0
5886,centroid,5886,0,0
5887,centroid,5887,0,0
5888,centroid,5888,0,0
5889,centroid,5889,0,0
5890,centroid,5890,0,0
5891,centroid,5891,0,0
5892,centroid,5892,0,0
5893,centroid,5893,0,0
5894,centroid,5894,0,0
5895,centroid,5895,0,0
5896,centroid,5896,0,0
5897,centroid,5897,0,0
5898,centroid,5898,0,0
5899,centroid,5899,0,0
5900,centroid,5900,0,0
5901,centroid,5901,0,0
5902,centroid,5902,0,0
5903,centroid,5903,0,0
5904,centroid,5904,0,0
5905,centroid,5905,0,0
5906,centroid,5906,0,0
5907,centroid,5907,0,0
5908,centroid,5908,0,0
5909,centroid,5909,0,0
5910,centroid,5910,0,0
5911,centroid,5911,0,0
5912,centroid,5912,0,0
5913,centroid,5913,0,0
5914,centroid,5914,0,0
5915,centroid,5915,0,0
5916,centroid,5916,0,0
5917,centroid,5917,0,0
5918,centroid,5918,0,0
5919,centroid,5919,0,0
5920,centroid,5920,0,0
5921,centroid,5921,0,0
5922,centroid,5922,0,0
5923,centroid,5923,0,0
5924,centroid,5924,0,0
5925,centroid,5925,0,0
5926,centroid,5926,0,0
5927,centroid,5927,0,0
5928,centroid,5928,0,0
5929,centroid,5929,0,0
5930,centroid,5930,0,0
5931,centroid,5931,0,0
5932,centroid,5932,0,0
5933,centroid,5933,0,0
5934,centroid,5934,0,0
5935,centroid,5935,0,0
5936,centroid,5936,0,0
5937,centroid,5937,0,0
5938,centroid,5938,0,0
5939,centroid,5939,0,0
5940,centroid,5940,0,0
5941,centroid,5941,0,0
5942,centroid,5942,0,0
5943,centroid,5943,0,0
5944,centroid,5944,0,0
5945,centroid,5945,0,0
5946,centroid,5946,0,0
5947,centroid,5947,0,0
5948,centroid,5948,0,0
5949,centroid,5949,0,0
5950,centroid,5950,0,0
5951,centroid,5951,0,0
5952,centroid,5952,0,0
5953,centroid,5953,0,0
5954,centroid,5954,0,0
5955,centroid,5955,0,0
5956,centroid,5956,0,0
5957,centroid,5957,0,0
5958,centroid,5958,0,0
5959,centroid,5959,0,0
5960,centroid,5960,0,0
5961,centroid,5961,0,0
5962,centroid,5962,0,0
5963,centroid,5963,0,0
5964,centroid,5964,0,0
5965,centroid,5965,0,0
5966,centroid,5966,0,0
5967,centroid,5967,0,0
5968,centroid,5968,0,0
5969,centroid,5969,0,0
5970,centroid,5970,0,0
5971,centroid,5971,0,0
5972,centroid,5972,0,0
5973,centroid,5973,0,0
5974,centroid,5974,0,0
5975,centroid,5975,0,0
5976,centroid,5976,0,0
5977,centroid,5977,0,0
5978,centroid,5978,0,0
5979,centroid,5979,0,0
5980,centroid,5980,0,0
5981,centroid,5981,0,0
5982,centroid,5982,0,0
5983,centroid,5983,0,0
5984,centroid,5984,0,0
5985,centroid,5985,0,0
5986,centroid,5986,0,0
5987,centroid,5987,0,0
5988,centroid,5988,0,0
5989,centroid,5989,0,0
5990,centroid,5990,0,0
5991,centroid,5991,0,0
5992,centroid,5992,0,0
5993,centroid,5993,0,0
5994,centroid,5994,0,0
5995,centroid,5995,0,0
5996,centroid,5996,0,0
5997,centroid,5997,0,0
5998,centroid,5998,0,0
5999,centroid,5999,0,0
6000,centroid,6000,0,0
6001,centroid,6001,0,0
6002,centroid,6002,0,0
6003,centroid,6003,0,0
6004,centroid,6004,0,0
6005,centroid,6005,0,0
6006,centroid,6006,0,0
6007,centroid,6007,0,0
6008,centroid,6008,0,0
6009,centroid,6009,0,0
6010,centroid,6010,0,0
6011,centroid,6011,0,0
6012,centroid,6012,0,0
6013,centroid,6013,0,0
6014,centroid,6014,0,0
6015,centroid,6015,0,0
6016,centroid,6016,0,0
6017,centroid,6017,0,0
6018,centroid,6018,0,0
6019,centroid,6019,0,0
6020,centroid,6020,0,0
6021,centroid,6021,0,0
6022,centroid,6022,0,0
6023,centroid,6023,0,0
6024,centroid,6024,0,0
6025,centroid,6025,0,0
6026,centroid,6026,0,0
6027,centroid,6027,0,0
6028,centroid,6028,0,0
6029,centroid,6029,0,0
6030,centroid,6030,0,0
6031,centroid,6031,0,0
6032,centroid,6032,0,0
6033,centroid,6033,0,0
6034,centroid,6034,0,0
6035,centroid,6035,0,0
6036,centroid,6036,0,0
6037,centroid,6037,0,0
6038,centroid,6038,0,0
6039,centroid,6039,0,0
6040,centroid,6040,0,0
6041,centroid,6041,0,0
6042,centroid,6042,0,0
6043,centroid,6043,0,0
6044,centroid,6044,0,0
6045,centroid,6045,0,0
6046,centroid,6046,0,0
6047,centroid,6047,0,0
6048,centroid,6048,0,0
6049,centroid,6049,0,0
6050,centroid,6050,0,0
6051,centroid,6051,0,0
6052,centroid,6052,0,0
6053,centroid,6053,0,0
6054,centroid,6054,0,0
6055,centroid,6055,0,0
6056,centroid,6056,0,0
6057,centroid,6057,0,0
6058,centroid,6058,0,0
6059,centroid,6059,0,0
6060,centroid,6060,0,0
6061,centroid,6061,0,0
6062,centroid,6062,0,0
6063,centroid,6063,0,0
6064,centroid,6064,0,0
6065,centroid,6065,0,0
6066,centroid,6066,0,0
6067,centroid,6067,0,0
6068,centroid,6068,0,0
6069,centroid,6069,0,0
6070,centroid,6070,0,0
6071,centroid,6071,0,0
6072,centroid,6072,0,0
6073,centroid,6073,0,0
6074,centroid,6074,0,0
6075,centroid,6075,0,0
6076,centroid,6076,0,0
6077,centroid,6077,0,0
6078,centroid,6078,0,0
6079,centroid,6079,0,0
6080,centroid,6080,0,0
6081,centroid,6081,0,0
6082,centroid,6082,0,0
6083,centroid,6083,0,0
6084,centroid,6084,0,0
6085,centroid,6085,0,0
6086,centroid,6086,0,0
6087,centroid,6087,0,0
6088,centroid,6088,0,0
6089,centroid,6089,0,0
6090,centroid,6090,0,0
6091,centroid,6091,0,0
6092,centroid,6092,0,0
6093,centroid,6093,0,0
6094,centroid,6094,0,0
6095,centroid,6095,0,0
6096,centroid,6096,0,0
6097,centroid,6097,0,0
6098,centroid,6098,0,0
6099,centroid,6099,0,0
6100,centroid,6100,0,0
6101,centroid,6101,0,0
6102,centroid,6102,0,0
6103,centroid,6103,0,0
6104,centroid,6104,0,0
6105,centroid,6105,0,0
6106,centroid,6106,0,0
6107,centroid,6107,0,0
6108,centroid,6108,0,0
6109,centroid,6109,0,0
6110,centroid,6110,0,0
6111,centroid,6111,0,0
6112,centroid,6112,0,0
6113,centroid,6113,0,0
6114,centroid,6114,0,0
6115,centroid,6115,0,0
6116,centroid,6116,0,0
6117,centroid,6117,0,0
6118,centroid,6118,0,0
6119,centroid,6119,0,0
6120,centroid,6120,0,0
6121,centroid,6121,0,0
6122,centroid,6122,0,0
6123,centroid,6123,0,0
6124,centroid,6124,0,0
6125,centroid,6125,0,0
6126,centroid,6126,0,0
6127,centroid,6127,0,0
6128,centroid,6128,0,0
6129,centroid,6129,0,0
6130,centroid,6130,0,0
6131,centroid,6131,0,0
6132,centroid,6132,0,0
6133,centroid,6133,0,0
6134,centroid,6134,0,0
6135,centroid,6135,0,0
6136,centroid,6136,0,0
6137,centroid,6137,0,0
6138,centroid,6138,0,0
6139,centroid,6139,0,0
6140,centroid,6140,0,0
6141,centroid,6141,0,0
6142,centroid,6142,0,0
6143,centroid,6143,0,0
6144,centroid,6144,0,0
6145,centroid,6145,0,0
6146,centroid,6146,0,0
6147,centroid,6147,0,0
6148,centroid,6148,0,0
6149,centroid,6149,0,0
6150,centroid,6150,0,0
6151,centroid,6151,0,0
6152,centroid,6152,0,0
6153,centroid,6153,0,0
6154,centroid,6154,0,0
6155,centroid,6155,0,0
6156,centroid,6156,0,0
6157,centroid,6157,0,0
6158,centroid,6158,0,0
6159,centroid,6159,0,0
6160,centroid,6160,0,0
6161,centroid,6161,0,0
6162,centroid,6162,0,0
6163,centroid,6163,0,0
6164,centroid,6164,0,0
6165,centroid,6165,0,0
6166,centroid,6166,0,0
6167,centroid,6167,0,0
6168,centroid,6168,0,0
6169,centroid,6169,0,0
6170,centroid,6170,0,0
6171,centroid,6171,0,0
6172,centroid,6172,0,0
6173,centroid,6173,0,0
6174,centroid,6174,0,0
6175,centroid,6175,0,0
6176,centroid,6176,0,0
6177,centroid,6177,0,0
6178,centroid,6178,0,0
6179,centroid,6179,0,0
6180,centroid,6180,0,0
6181,centroid,6181,0,0
6182,centroid,6182,0,0
6183,centroid,6183,0,0
6184,centroid,6184,0,0
6185,centroid,6185,0,0
6186,centroid,6186,0,0
6187,centroid,6187,0,0
6188,centroid,6188,0,0
6189,centroid,6189,0,0
6190,centroid,6190,0,0
6191,centroid,6191,0,0
6192,centroid,6192,0,0
6193,centroid,6193,0,0
6194,centroid,6194,0,0
6195,centroid,6195,0,0
6196,centroid,6196,0,0
6197,centroid,6197,0,0
6198,centroid,6198,0,0
6199,centroid,6199,0,0
6200,centroid,6200,0,0
6201,centroid,6201,0,0
6202,centroid,6202,0,0
6203,centroid,6203,0,0
6204,centroid,6204,0,0
6205,centroid,6205,0,0
6206,centroid,6206,0,0
6207,centroid,6207,0,0
6208,centroid,6208,0,0
6209,centroid,6209,0,0
6210,centroid,6210,0,0
6211,centroid,6211,0,0
6212,centroid,6212,0,0
6213,centroid,6213,0,0
6214,centroid,6214,0,0
6215,centroid,6215,0,0
6216,centroid,6216,0,0
6217,centroid,6217,0,0
6218,centroid,6218,0,0
6219,centroid,6219,0,0
6220,centroid,6220,0,0
6221,centroid,6221,0,0
6222,centroid,6222,0,0
6223,centroid,6223,0,0
6224,centroid,6224,0,0
6225,centroid,6225,0,0
6226,centroid,6226,0,0
6227,centroid,6227,0,0
6228,centroid,6228,0,0
6229,centroid,6229,0,0
6230,centroid,6230,0,0
6231,centroid,6231,0,0
6232,centroid,6232,0,0
6233,centroid,6233,0,0
6234,centroid,6234,0,0
6235,centroid,6235,0,0
6236,centroid,6236,0,0
6237,centroid,6237,0,0
6238,centroid,6238,0,0
6239,centroid,6239,0,0
6240,centroid,6240,0,0
6241,centroid,6241,0,0
6242,centroid,6242,0,0
6243,centroid,6243,0,0
6244,centroid,6244,0,0
6245,centroid,6245,0,0
6246,centroid,6246,0,0
6247,centroid,6247,0,0
6248,centroid,6248,0,0
6249,centroid,6249,0,0
6250,centroid,6250,0,0
6251,centroid,6251,0,0
6252,centroid,6252,0,0
6253,centroid,6253,0,0
6254,centroid,6254,0,0
6255,centroid,6255,0,0
6256,centroid,6256,0,0
6257,centroid,6257,0,0
6258,centroid,6258,0,0
6259,centroid,6259,0,0
6260,centroid,6260,0,0
6261,centroid,6261,0,0
6262,centroid,6262,0,0
6263,centroid,6263,0,0
6264,centroid,6264,0,0
6265,centroid,6265,0,0
6266,centroid,6266,0,0
6267,centroid,6267,0,0
6268,centroid,6268,0,0
6269,centroid,6269,0,0
6270,centroid,6270,0,0
6271,centroid,6271,0,0
6272,centroid,6272,0,0
6273,centroid,6273,0,0
6274,centroid,6274,0,0
6275,centroid,6275,0,0
6276,centroid,6276,0,0
6277,centroid,6277,0,0
6278,centroid,6278,0,0
6279,centroid,6279,0,0
6280,centroid,6280,0,0
6281,centroid,6281,0,0
6282,centroid,6282,0,0
6283,centroid,6283,0,0
6284,centroid,6284,0,0
6285,centroid,6285,0,0
6286,centroid,6286,0,0
6287,centroid,6287,0,0
6288,centroid,6288,0,0
6289,centroid,6289,0,0
6290,centroid,6290,0,0
6291,centroid,6291,0,0
6292,centroid,6292,0,0
6293,centroid,6293,0,0
6294,centroid,6294,0,0
6295,centroid,6295,0,0
6296,centroid,6296,0,0
6297,centroid,6297,0,0
6298,centroid,6298,0,0
6299,centroid,6299,0,0
6300,centroid,6300,0,0
6301,centroid,6301,0,0
6302,centroid,6302,0,0
6303,centroid,6303,0,0
6304,centroid,6304,0,0
6305,centroid,6305,0,0
6306,centroid,6306,0,0
6307,centroid,6307,0,0
6308,centroid,6308,0,0
6309,centroid,6309,0,0
6310,centroid,6310,0,0
6311,centroid,6311,0,0
6312,centroid,6312,0,0
6313,centroid,6313,0,0
6314,centroid,6314,0,0
6315,centroid,6315,0,0
6316,centroid,6316,0,0
6317,centroid,6317,0,0
6318,centroid,6318,0,0
6319,centroid,6319,0,0
6320,centroid,6320,0,0
6321,centroid,6321,0,0
6322,centroid,6322,0,0
6323,centroid,6323,0,0
6324,centroid,6324,0,0
6325,centroid,6325,0,0
6326,centroid,6326,0,0
6327,centroid,6327,0,0
6328,centroid,6328,0,0
6329,centroid,6329,0,0
6330,centroid,6330,0,0
6331,centroid,6331,0,0
6332,centroid,6332,0,0
6333,centroid,6333,0,0
6334,centroid,6334,0,0
6335,centroid,6335,0,0
6336,centroid,6336,0,0
6337,centroid,6337,0,0
6338,centroid,6338,0,0
6339,centroid,6339,0,0
6340,centroid,6340,0,0
6341,centroid,6341,0,0
6342,centroid,6342,0,0
6343,centroid,6343,0,0
6344,centroid,6344,0,0
6345,centroid,6345,0,0
6346,centroid,6346,0,0
6347,centroid,6347,0,0
6348,centroid,6348,0,0
6349,centroid,6349,0,0
6350,centroid,6350,0,0
6351,centroid,6351,0,0
6352,centroid,6352,0,0
6353,centroid,6353,0,0
6354,centroid,6354,0,0
6355,centroid,6355,0,0
6356,centroid,6356,0,0
6357,centroid,6357,0,0
6358,centroid,6358,0,0
6359,centroid,6359,0,0
6360,centroid,6360,0,0
6361,centroid,6361,0,0
6362,centroid,6362,0,0
6363,centroid,6363,0,0
6364,centroid,6364,0,0
6365,centroid,6365,0,0
6366,centroid,6366,0,0
6367,centroid,6367,0,0
6368,centroid,6368,0,0
6369,centroid,6369,0,0
6370,centroid,6370,0,0
6371,centroid,6371,0,0
6372,centroid,6372,0,0
6373,centroid,6373,0,0
6374,centroid,6374,0,0
6375,centroid,6375,0,0
6376,centroid,6376,0,0
6377,centroid,6377,0,0
6378,centroid,6378,0,0
6379,centroid,6379,0,0
6380,centroid,6380,0,0
6381,centroid,6381,0,0
6382,centroid,6382,0,0
6383,centroid,6383,0,0
6384,centroid,6384,0,0
6385,centroid,6385,0,0
6386,centroid,6386,0,0
6387,centroid,6387,0,0
6388,centroid,6388,0,0
6389,centroid,6389,0,0
6390,centroid,6390,0,0
6391,centroid,6391,0,0
6392,centroid,6392,0,0
6393,centroid,6393,0,0
6394,centroid,6394,0,0
6395,centroid,6395,0,0
6396,centroid,6396,0,0
6397,centroid,6397,0,0
6398,centroid,6398,0,0
6399,centroid,6399,0,0
6400,centroid,6400,0,0
6401,centroid,6401,0,0
6402,centroid,6402,0,0
6403,centroid,6403,0,0
6404,centroid,6404,0,0
6405,centroid,6405,0,0
6406,centroid,6406,0,0
6407,centroid,6407,0,0
6408,centroid,6408,0,0
6409,centroid,6409,0,0
6410,centroid,6410,0,0
6411,centroid,6411,0,0
6412,centroid,6412,0,0
6413,centroid,6413,0,0
6414,centroid,6414,0,0
6415,centroid,6415,0,0
6416,centroid,6416,0,0
6417,centroid,6417,0,0
6418,centroid,6418,0,0
6419,centroid,6419,0,0
6420,centroid,6420,0,0
6421,centroid,6421,0,0
6422,centroid,6422,0,0
6423,centroid,6423,0,0
6424,centroid,6424,0,0
6425,centroid,6425,0,0
6426,centroid,6426,0,0
6427,centroid,6427,0,0
6428,centroid,6428,0,0
6429,centroid,6429,0,0
6430,centroid,6430,0,0
6431,centroid,6431,0,0
6432,centroid,6432,0,0
6433,centroid,6433,0,0
6434,centroid,6434,0,0
6435,centroid,6435,0,0
6436,centroid,6436,0,0
6437,centroid,6437,0,0
6438,centroid,6438,0,0
6439,centroid,6439,0,0
6440,centroid,6440,0,0
6441,centroid,6441,0,0
6442,centroid,6442,0,0
6443,centroid,6443,0,0
6444,centroid,6444,0,0
6445,centroid,6445,0,0
6446,centroid,6446,0,0
6447,centroid,6447,0,0
6448,centroid,6448,0,0
6449,centroid,6449,0,0
6450,centroid,6450,0,0
6451,centroid,6451,0,0
6452,centroid,6452,0,0
6453,centroid,6453,0,0
6454,centroid,6454,0,0
6455,centroid,6455,0,0
6456,centroid,6456,0,0
6457,centroid,6457,0,0
6458,centroid,6458,0,0
6459,centroid,6459,0,0
6460,centroid,6460,0,0
6461,centroid,6461,0,0
6462,centroid,6462,0,0
6463,centroid,6463,0,0
6464,centroid,6464,0,0
6465,centroid,6465,0,0
6466,centroid,6466,0,0
6467,centroid,6467,0,0
6468,centroid,6468,0,0
6469,centroid,6469,0,0
6470,centroid,6470,0,0
6471,centroid,6471,0,0
6472,centroid,6472,0,0
6473,centroid,6473,0,0
6474,centroid,6474,0,0
6475,centroid,6475,0,0
6476,centroid,6476,0,0
6477,centroid,6477,0,0
6478,centroid,6478,0,0
6479,centroid,6479,0,0
6480,centroid,6480,0,0
6481,centroid,6481,0,0
6482,centroid,6482,0,0
6483,centroid,6483,0,0
6484,centroid,6484,0,0
6485,centroid,6485,0,0
6486,centroid,6486,0,0
6487,centroid,6487,0,0
6488,centroid,6488,0,0
6489,centroid,6489,0,0
6490,centroid,6490,0,0
6491,centroid,6491,0,0
6492,centroid,6492,0,0
6493,centroid,6493,0,0
6494,centroid,6494,0,0
6495,centroid,6495,0,0
6496,centroid,6496,0,0
6497,centroid,6497,0,0
6498,centroid,6498,0,0
6499,centroid,6499,0,0
6500,centroid,6500,0,0
6501,centroid,6501,0,0
6502,centroid,6502,0,0
6503,centroid,6503,0,0
6504,centroid,6504,0,0
6505,centroid,6505,0,0
6506,centroid,6506,0,0
6507,centroid,6507,0,0
6508,centroid,6508,0,0
6509,centroid,6509,0,0
6510,centroid,6510,0,0
6511,centroid,6511,0,0
6512,centroid,6512,0,0
6513,centroid,6513,0,0
6514,centroid,6514,0,0
6515,centroid,6515,0,0
6516,centroid,6516,0,0
6517,centroid,6517,0,0
6518,centroid,6518,0,0
6519,centroid,6519,0,0
6520,centroid,6520,0,0
6521,centroid,6521,0,0
6522,centroid,6522,0,0
6523,centroid,6523,0,0
6524,centroid,6524,0,0
6525,centroid,6525,0,0
6526,centroid,6526,0,0
6527,centroid,6527,0,0
6528,centroid,6528,0,0
6529,centroid,6529,0,0
6530,centroid,6530,0,0
6531,centroid,6531,0,0
6532,centroid,6532,0,0
6533,centroid,6533,0,0
6534,centroid,6534,0,0
6535,centroid,6535,0,0
6536,centroid,6536,0,0
6537,centroid,6537,0,0
6538,centroid,6538,0,0
6539,centroid,6539,0,0
6540,centroid,6540,0,0
6541,centroid,6541,0,0
6542,centroid,6542,0,0
6543,centroid,6543,0,0
6544,centroid,6544,0,0
6545,centroid,6545,0,0
6546,centroid,6546,0,0
6547,centroid,6547,0,0
6548,centroid,6548,0,0
6549,centroid,6549,0,0
6550,centroid,6550,0,0
6551,centroid,6551,0,0
6552,centroid,6552,0,0
6553,centroid,6553,0,0
6554,centroid,6554,0,0
6555,centroid,6555,0,0
6556,centroid,6556,0,0
6557,centroid,6557,0,0
6558,centroid,6558,0,0
6559,centroid,6559,0,0
6560,centroid,6560,0,0
6561,centroid,6561,0,0
6562,centroid,6562,0,0
6563,centroid,6563,0,0
6564,centroid,6564,0,0
6565,centroid,6565,0,0
6566,centroid,6566,0,0
6567,centroid,6567,0,0
6568,centroid,6568,0,0
6569,centroid,6569,0,0
6570,centroid,6570,0,0
6571,centroid,6571,0,0
6572,centroid,6572,0,0
6573,centroid,6573,0,0
6574,centroid,6574,0,0
6575,centroid,6575,0,0
6576,centroid,6576,0,0
6577,centroid,6577,0,0
6578,centroid,6578,0,0
6579,centroid,6579,0,0
6580,centroid,6580,0,0
6581,centroid,6581,0,0
6582,centroid,6582,0,0
6583,centroid,6583,0,0
6584,centroid,6584,0,0
6585,centroid,6585,0,0
6586,centroid,6586,0,0
6587,centroid,6587,0,0
6588,centroid,6588,0,0
6589,centroid,6589,0,0
6590,centroid,6590,0,0
6591,centroid,6591,0,0
6592,centroid,6592,0,0
6593,centroid,6593,0,0
6594,centroid,6594,0,0
6595,centroid,6595,0,0
6596,centroid,6596,0,0
6597,centroid,6597,0,0
6598,centroid,6598,0,0
6599,centroid,6599,0,0
6600,centroid,6600,0,0
6601,centroid,6601,0,0
6602,centroid,6602,0,0
6603,centroid,6603,0,0
6604,centroid,6604,0,0
6605,centroid,6605,0,0
6606,centroid,6606,0,0
6607,centroid,6607,0,0
6608,centroid,6608,0,0
6609,centroid,6609,0,0
6610,centroid,6610,0,0
6611,centroid,6611,0,0
6612,centroid,6612,0,0
6613,centroid,6613,0,0
6614,centroid,6614,0,0
6615,centroid,6615,0,0
6616,centroid,6616,0,0
6617,centroid,6617,0,0
6618,centroid,6618,0,0
6619,centroid,6619,0,0
6620,centroid,6620,0,0
6621,centroid,6621,0,0
6622,centroid,6622,0,0
6623,centroid,6623,0,0
6624,centroid,6624,0,0
6625,centroid,6625,0,0
6626,centroid,6626,0,0
6627,centroid,6627,0,0
6628,centroid,6628,0,0
6629,centroid,6629,0,0
6630,centroid,6630,0,0
6631,centroid,6631,0,0
6632,centroid,6632,0,0
6633,centroid,6633,0,0
6634,centroid,6634,0,0
6635,centroid,6635,0,0
6636,centroid,6636,0,0
6637,centroid,6637,0,0
6638,centroid,6638,0,0
6639,centroid,6639,0,0
6640,centroid,6640,0,0
6641,centroid,6641,0,0
6642,centroid,6642,0,0
6643,centroid,6643,0,0
6644,centroid,6644,0,0
6645,centroid,6645,0,0
6646,centroid,6646,0,0
6647,centroid,6647,0,0
6648,centroid,6648,0,0
6649,centroid,6649,0,0
6650,centroid,6650,0,0
6651,centroid,6651,0,0
6652,centroid,6652,0,0
6653,centroid,6653,0,0
6654,centroid,6654,0,0
6655,centroid,6655,0,0
6656,centroid,6656,0,0
6657,centroid,6657,0,0
6658,centroid,6658,0,0
6659,centroid,6659,0,0
6660,centroid,6660,0,0
6661,centroid,6661,0,0
6662,centroid,6662,0,0
6663,centroid,6663,0,0
6664,centroid,6664,0,0
6665,centroid,6665,0,0
6666,centroid,6666,0,0
6667,centroid,6667,0,0
6668,centroid,6668,0,0
6669,centroid,6669,0,0
6670,centroid,6670,0,0
6671,centroid,6671,0,0
6672,centroid,6672,0,0
6673,centroid,6673,0,0
6674,centroid,6674,0,0
6675,centroid,6675,0,0
6676,centroid,6676,0,0
6677,centroid,6677,0,0
6678,centroid,6678,0,0
6679,centroid,6679,0,0
6680,centroid,6680,0,0
6681,centroid,6681,0,0
6682,centroid,6682,0,0
6683,centroid,6683,0,0
6684,centroid,6684,0,0
6685,centroid,6685,0,0
6686,centroid,6686,0,0
6687,centroid,6687,0,0
6688,centroid,6688,0,0
6689,centroid,6689,0,0
6690,centroid,6690,0,0
6691,centroid,6691,0,0
6692,centroid,6692,0,0
6693,centroid,6693,0,0
6694,centroid,6694,0,0
6695,centroid,6695,0,0
6696,centroid,6696,0,0
6697,centroid,6697,0,0
6698,centroid,6698,0,0
6699,centroid,6699,0,0
6700,centroid,6700,0,0
6701,centroid,6701,0,0
6702,centroid,6702,0,0
6703,centroid,6703,0,0
6704,centroid,6704,0,0
6705,centroid,6705,0,0
6706,centroid,6706,0,0
6707,centroid,6707,0,0
6708,centroid,6708,0,0
6709,centroid,6709,0,0
6710,centroid,6710,0,0
6711,centroid,6711,0,0
6712,centroid,6712,0,0
6713,centroid,6713,0,0
6714,centroid,6714,0,0
6715,centroid,6715,0,0
6716,centroid,6716,0,0
6717,centroid,6717,0,0
6718,centroid,6718,0,0
6719,centroid,6719,0,0
6720,centroid,6720,0,0
6721,centroid,6721,0,0
6722,centroid,6722,0,0
6723,centroid,6723,0,0
6724,centroid,6724,0,0
6725,centroid,6725,0,0
6726,centroid,6726,0,0
6727,centroid,6727,0,0
6728,centroid,6728,0,0
6729,centroid,6729,0,0
6730,centroid,6730,0,0
6731,centroid,6731,0,0
6732,centroid,6732,0,0
6733,centroid,6733,0,0
6734,centroid,6734,0,0
6735,centroid,6735,0,0
6736,centroid,6736,0,0
6737,centroid,6737,0,0
6738,centroid,6738,0,0
6739,centroid,6739,0,0
6740,centroid,6740,0,0
6741,centroid,6741,0,0
6742,centroid,6742,0,0
6743,centroid,6743,0,0
6744,centroid,6744,0,0
6745,centroid,6745,0,0
6746,centroid,6746,0,0
6747,centroid,6747,0,0
6748,centroid,6748,0,0
6749,centroid,6749,0,0
6750,centroid,6750,0,0
6751,centroid,6751,0,0
6752,centroid,6752,0,0
6753,centroid,6753,0,0
6754,centroid,6754,0,0
6755,centroid,6755,0,0
6756,centroid,6756,0,0
6757,centroid,6757,0,0
6758,centroid,6758,0,0
6759,centroid,6759,0,0
6760,centroid,6760,0,0
6761,centroid,6761,0,0
6762,centroid,6762,0,0
6763,centroid,6763,0,0
6764,centroid,6764,0,0
6765,centroid,6765,0,0
6766,centroid,6766,0,0
6767,centroid,6767,0,0
6768,centroid,6768,0,0
6769,centroid,6769,0,0
6770,centroid,6770,0,0
6771,centroid,6771,0,0
6772,centroid,6772,0,0
6773,centroid,6773,0,0
6774,centroid,6774,0,0
6775,centroid,6775,0,0
6776,centroid,6776,0,0
6777,centroid,6777,0,0
6778,centroid,6778,0,0
6779,centroid,6779,0,0
6780,centroid,6780,0,0
6781,centroid,6781,0,0
6782,centroid,6782,0,0
6783,centroid,6783,0,0
6784,centroid,6784,0,0
6785,centroid,6785,0,0
6786,centroid,6786,0,0
6787,centroid,6787,0,0
6788,centroid,6788,0,0
6789,centroid,6789,0,0
6790,centroid,6790,0,0
6791,centroid,6791,0,0
6792,centroid,6792,0,0
6793,centroid,6793,0,0
6794,centroid,6794,0,0
6795,centroid,6795,0,0
6796,centroid,6796,0,0
6797,centroid,6797,0,0
6798,centroid,6798,0,0
6799,centroid,6799,0,0
6800,centroid,6800,0,0
6801,centroid,6801,0,0
6802,centroid,6802,0,0
6803,centroid,6803,0,0
6804,centroid,6804,0,0
6805,centroid,6805,0,0
6806,centroid,6806,0,0
6807,centroid,6807,0,0
6808,centroid,6808,0,0
6809,centroid,6809,0,0
6810,centroid,6810,0,0
6811,centroid,6811,0,0
6812,centroid,6812,0,0
6813,centroid,6813,0,0
6814,centroid,6814,0,0
6815,centroid,6815,0,0
6816,centroid,6816,0,0
6817,centroid,6817,0,0
6818,centroid,6818,0,0
6819,centroid,6819,0,0
6820,centroid,6820,0,0
6821,centroid,6821,0,0
6822,centroid,6822,0,0
6823,centroid,6823,0,0
6824,centroid,6824,0,0
6825,centroid,6825,0,0
6826,centroid,6826,0,0
6827,centroid,6827,0,0
6828,centroid,6828,0,0
6829,centroid,6829,0,0
6830,centroid,6830,0,0
6831,centroid,6831,0,0
6832,centroid,6832,0,0
6833,centroid,6833,0,0
6834,centroid,6834,0,0
6835,centroid,6835,0,0
6836,centroid,6836,0,0
6837,centroid,6837,0,0
6838,centroid,6838,0,0
6839,centroid,6839,0,0
6840,centroid,6840,0,0
6841,centroid,6841,0,0
6842,centroid,6842,0,0
6843,centroid,6843,0,0
6844,centroid,6844,0,0
6845,centroid,6845,0,0
6846,centroid,6846,0,0
6847,centroid,6847,0,0
6848,centroid,6848,0,0
6849,centroid,6849,0,0
6850,centroid,6850,0,0
6851,centroid,6851,0,0
6852,centroid,6852,0,0
6853,centroid,6853,0,0
6854,centroid,6854,0,0
6855,centroid,6855,0,0
6856,centroid,6856,0,0
6857,centroid,6857,0,0
6858,centroid,6858,0,0
6859,centroid,6859,0,0
6860,centroid,6860,0,0
6861,centroid,6861,0,0
6862,centroid,6862,0,0
6863,centroid,6863,0,0
6864,centroid,6864,0,0
6865,centroid,6865,0,0
6866,centroid,6866,0,0
6867,centroid,6867,0,0
6868,centroid,6868,0,0
6869,centroid,6869,0,0
6870,centroid,6870,0,0
6871,centroid,6871,0,0
6872,centroid,6872,0,0
6873,centroid,6873,0,0
6874,centroid,6874,0,0
6875,centroid,6875,0,0
6876,centroid,6876,0,0
6877,centroid,6877,0,0
6878,centroid,6878,0,0
6879,centroid,6879,0,0
6880,centroid,6880,0,0
6881,centroid,6881,0,0
6882,centroid,6882,0,0
6883,centroid,6883,0,0
6884,centroid,6884,0,0
6885,centroid,6885,0,0
6886,centroid,6886,0,0
6887,centroid,6887,0,0
6888,centroid,6888,0,0
6889,centroid,6889,0,0
6890,centroid,6890,0,0
6891,centroid,6891,0,0
6892,centroid,6892,0,0
6893,centroid,6893,0,0
6894,centroid,6894,0,0
6895,centroid,6895,0,0
6896,centroid,6896,0,0
6897,centroid,6897,0,0
6898,centroid,6898,0,0
6899,centroid,6899,0,0
6900,centroid,6900,0,0
6901,centroid,6901,0,0
6902,centroid,6902,0,0
6903,centroid,6903,0,0
6904,centroid,6904,0,0
6905,centroid,6905,0,0
6906,centroid,6906,0,0
6907,centroid,6907,0,0
6908,centroid,6908,0,0
6909,centroid,6909,0,0
6910,centroid,6910,0,0
6911,centroid,6911,0,0
6912,centroid,6912,0,0
6913,centroid,6913,0,0
6914,centroid,6914,0,0
6915,centroid,6915,0,0
6916,centroid,6916,0,0
6917,centroid,6917,0,0
6918,centroid,6918,0,0
6919,centroid,6919,0,0
6920,centroid,6920,0,0
6921,centroid,6921,0,0
6922,centroid,6922,0,0
6923,centroid,6923,0,0
6924,centroid,6924,0,0
6925,centroid,6925,0,0
6926,centroid,6926,0,0
6927,centroid,6927,0,0
6928,centroid,6928,0,0
6929,centroid,6929,0,0
6930,centroid,6930,0,0
6931,centroid,6931,0,0
6932,centroid,6932,0,0
6933,centroid,6933,0,0
6934,centroid,6934,0,0
6935,centroid,6935,0,0
6936,centroid,6936,0,0
6937,centroid,6937,0,0
6938,centroid,6938,0,0
6939,centroid,6939,0,0
6940,centroid,6940,0,0
6941,centroid,6941,0,0
6942,centroid,6942,0,0
6943,centroid,6943,0,0
6944,centroid,6944,0,0
6945,centroid,6945,0,0
6946,centroid,6946,0,0
6947,centroid,6947,0,0
6948,centroid,6948,0,0
6949,centroid,6949,0,0
6950,centroid,6950,0,0
6951,centroid,6951,0,0
6952,centroid,6952,0,0
6953,centroid,6953,0,0
6954,centroid,6954,0,0
6955,centroid,6955,0,0
6956,centroid,6956,0,0
6957,centroid,6957,0,0
6958,centroid,6958,0,0
6959,centroid,6959,0,0
6960,centroid,6960,0,0
6961,centroid,6961,0,0
6962,centroid,6962,0,0
6963,centroid,6963,0,0
6964,centroid,6964,0,0
6965,centroid,6965,0,0
6966,centroid,6966,0,0
6967,centroid,6967,0,0
6968,centroid,6968,0,0
6969,centroid,6969,0,0
6970,centroid,6970,0,0
6971,centroid,6971,0,0
6972,centroid,6972,0,0
6973,centroid,6973,0,0
6974,centroid,6974,0,0
6975,centroid,6975,0,0
6976,centroid,6976,0,0
6977,centroid,6977,0,0
6978,centroid,6978,0,0
6979,centroid,6979,0,0
6980,centroid,6980,0,0
6981,centroid,6981,0,0
6982,centroid,6982,0,0
6983,centroid,6983,0,0
6984,centroid,6984,0,0
6985,centroid,6985,0,0
6986,centroid,6986,0,0
6987,centroid,6987,0,0
6988,centroid,6988,0,0
6989,centroid,6989,0,0
6990,centroid,6990,0,0
6991,centroid,6991,0,0
6992,centroid,6992,0,0
6993,centroid,6993,0,0
6994,centroid,6994,0,0
6995,centroid,6995,0,0
6996,centroid,6996,0,0
6997,centroid,6997,0,0
6998,centroid,6998,0,0
6999,centroid,6999,0,0
7000,centroid,7000,0,0
7001,centroid,7001,0,0
7002,centroid,7002,0,0
7003,centroid,7003,0,0
7004,centroid,7004,0,0
7005,centroid,7005,0,0
7006,centroid,7006,0,0
7007,centroid,7007,0,0
7008,centroid,7008,0,0
7009,centroid,7009,0,0
7010,centroid,7010,0,0
7011,centroid,7011,0,0
7012,centroid,7012,0,0
7013,centroid,7013,0,0
7014,centroid,7014,0,0
7015,centroid,7015,0,0
7016,centroid,7016,0,0
7017,centroid,7017,0,0
7018,centroid,7018,0,0
7019,centroid,7019,0,0
7020,centroid,7020,0,0
7021,centroid,7021,0,0
7022,centroid,7022,0,0
7023,centroid,7023,0,0
7024,centroid,7024,0,0
7025,centroid,7025,0,0
7026,centroid,7026,0,0
7027,centroid,7027,0,0
7028,centroid,7028,0,0
7029,centroid,7029,0,0
7030,centroid,7030,0,0
7031,centroid,7031,0,0
7032,centroid,7032,0,0
7033,centroid,7033,0,0
7034,centroid,7034,0,0
7035,centroid,7035,0,0
7036,centroid,7036,0,0
7037,centroid,7037,0,0
7038,centroid,7038,0,0
7039,centroid,7039,0,0
7040,centroid,7040,0,0
7041,centroid,7041,0,0
7042,centroid,7042,0,0
7043,centroid,7043,0,0
7044,centroid,7044,0,0
7045,centroid,7045,0,0
7046,centroid,7046,0,0
7047,centroid,7047,0,0
7048,centroid,7048,0,0
7049,centroid,7049,0,0
7050,centroid,7050,0,0
7051,centroid,7051,0,0
7052,centroid,7052,0,0
7053,centroid,7053,0,0
7054,centroid,7054,0,0
7055,centroid,7055,0,0
7056,centroid,7056,0,0
7057,centroid,7057,0,0
7058,centroid,7058,0,0
7059,centroid,7059,0,0
7060,centroid,7060,0,0
7061,centroid,7061,0,0
7062,centroid,7062,0,0
7063,centroid,7063,0,0
7064,centroid,7064,0,0
7065,centroid,7065,0,0
7066,centroid,7066,0,0
7067,centroid,7067,0,0
7068,centroid,7068,0,0
7069,centroid,7069,0,0
7070,centroid,7070,0,0
7071,centroid,7071,0,0
7072,centroid,7072,0,0
7073,centroid,7073,0,0
7074,centroid,7074,0,0
7075,centroid,7075,0,0
7076,centroid,7076,0,0
7077,centroid,7077,0,0
7078,centroid,7078,0,0
7079,centroid,7079,0,0
7080,centroid,7080,0,0
7081,centroid,7081,0,0
7082,centroid,7082,0,0
7083,centroid,7083,0,0
7084,centroid,7084,0,0
7085,centroid,7085,0,0
7086,centroid,7086,0,0
7087,centroid,7087,0,0
7088,centroid,7088,0,0
7089,centroid,7089,0,0
7090,centroid,7090,0,0
7091,centroid,7091,0,0
7092,centroid,7092,0,0
7093,centroid,7093,0,0
7094,centroid,7094,0,0
7095,centroid,7095,0,0
7096,centroid,7096,0,0
7097,centroid,7097,0,0
7098,centroid,7098,0,0
7099,centroid,7099,0,0
7100,centroid,7100,0,0
7101,centroid,7101,0,0
7102,centroid,7102,0,0
7103,centroid,7103,0,0
7104,centroid,7104,0,0
7105,centroid,7105,0,0
7106,centroid,7106,0,0
7107,centroid,7107,0,0
7108,centroid,7108,0,0
7109,centroid,7109,0,0
7110,centroid,7110,0,0
7111,centroid,7111,0,0
7112,centroid,7112,0,0
7113,centroid,7113,0,0
7114,centroid,7114,0,0
7115,centroid,7115,0,0
7116,centroid,7116,0,0
7117,centroid,7117,0,0
7118,centroid,7118,0,0
7119,centroid,7119,0,0
7120,centroid,7120,0,0
7121,centroid,7121,0,0
7122,centroid,7122,0,0
7123,centroid,7123,0,0
7124,centroid,7124,0,0
7125,centroid,7125,0,0
7126,centroid,7126,0,0
7127,centroid,7127,0,0
7128,centroid,7128,0,0
7129,centroid,7129,0,0
7130,centroid,7130,0,0
7131,centroid,7131,0,0
7132,centroid,7132,0,0
7133,centroid,7133,0,0
7134,centroid,7134,0,0
7135,centroid,7135,0,0
7136,centroid,7136,0,0
7137,centroid,7137,0,0
7138,centroid,7138,0,0
7139,centroid,7139,0,0
7140,centroid,7140,0,0
7141,centroid,7141,0,0
7142,centroid,7142,0,0
7143,centroid,7143,0,0
7144,centroid,7144,0,0
7145,centroid,7145,0,0
7146,centroid,7146,0,0
7147,centroid,7147,0,0
7148,centroid,7148,0,0
7149,centroid,7149,0,0
7150,centroid,7150,0,0
7151,centroid,7151,0,0
7152,centroid,7152,0,0
7153,centroid,7153,0,0
7154,centroid,7154,0,0
7155,centroid,7155,0,0
7156,centroid,7156,0,0
7157,centroid,7157,0,0
7158,centroid,7158,0,0
7159,centroid,7159,0,0
7160,centroid,7160,0,0
7161,centroid,7161,0,0
7162,centroid,7162,0,0
7163,centroid,7163,0,0
7164,centroid,7164,0,0
7165,centroid,7165,0,0
7166,centroid,7166,0,0
7167,centroid,7167,0,0
7168,centroid,7168,0,0
7169,centroid,7169,0,0
7170,centroid,7170,0,0
7171,centroid,7171,0,0
7172,centroid,7172,0,0
7173,centroid,7173,0,0
7174,centroid,7174,0,0
7175,centroid,7175,0,0
7176,centroid,7176,0,0
7177,centroid,7177,0,0
7178,centroid,7178,0,0
7179,centroid,7179,0,0
7180,centroid,7180,0,0
7181,centroid,7181,0,0
7182,centroid,7182,0,0
7183,centroid,7183,0,0
7184,centroid,7184,0,0
7185,centroid,7185,0,0
7186,centroid,7186,0,0
7187,centroid,7187,0,0
7188,centroid,7188,0,0
7189,centroid,7189,0,0
7190,centroid,7190,0,0
7191,centroid,7191,0,0
7192,centroid,7192,0,0
7193,centroid,7193,0,0
7194,centroid,7194,0,0
7195,centroid,7195,0,0
7196,centroid,7196,0,0
7197,centroid,7197,0,0
7198,centroid,7198,0,0
7199,centroid,7199,0,0
7200,centroid,7200,0,0
7201,centroid,7201,0,0
7202,centroid,7202,0,0
7203,centroid,7203,0,0
7204,centroid,7204,0,0
7205,centroid,7205,0,0
7206,centroid,7206,0,0
7207,centroid,7207,0,0
7208,centroid,7208,0,0
7209,centroid,7209,0,0
7210,centroid,7210,0,0
7211,centroid,7211,0,0
7212,centroid,7212,0,0
7213,centroid,7213,0,0
7214,centroid,7214,0,0
7215,centroid,7215,0,0
7216,centroid,7216,0,0
7217,centroid,7217,0,0
7218,centroid,7218,0,0
7219,centroid,7219,0,0
7220,centroid,7220,0,0
7221,centroid,7221,0,0
7222,centroid,7222,0,0
7223,centroid,7223,0,0
7224,centroid,7224,0,0
7225,centroid,7225,0,0
7226,centroid,7226,0,0
7227,centroid,7227,0,0
7228,centroid,7228,0,0
7229,centroid,7229,0,0
7230,centroid,7230,0,0
7231,centroid,7231,0,0
7232,centroid,7232,0,0
7233,centroid,7233,0,0
7234,centroid,7234,0,0
7235,centroid,7235,0,0
7236,centroid,7236,0,0
7237,centroid,7237,0,0
7238,centroid,7238,0,0
7239,centroid,7239,0,0
7240,centroid,7240,0,0
7241,centroid,7241,0,0
7242,centroid,7242,0,0
7243,centroid,7243,0,0
7244,centroid,7244,0,0
7245,centroid,7245,0,0
7246,centroid,7246,0,0
7247,centroid,7247,0,0
7248,centroid,7248,0,0
7249,centroid,7249,0,0
7250,centroid,7250,0,0
7251,centroid,7251,0,0
7252,centroid,7252,0,0
7253,centroid,7253,0,0
7254,centroid,7254,0,0
7255,centroid,7255,0,0
7256,centroid,7256,0,0
7257,centroid,7257,0,0
7258,centroid,7258,0,0
7259,centroid,7259,0,0
7260,centroid,7260,0,0
7261,centroid,7261,0,0
7262,centroid,7262,0,0
7263,centroid,7263,0,0
7264,centroid,7264,0,0
7265,centroid,7265,0,0
7266,centroid,7266,0,0
7267,centroid,7267,0,0
7268,centroid,7268,0,0
7269,centroid,7269,0,0
7270,centroid,7270,0,0
7271,centroid,7271,0,0
7272,centroid,7272,0,0
7273,centroid,7273,0,0
7274,centroid,7274,0,0
7275,centroid,7275,0,0
7276,centroid,7276,0,0
7277,centroid,7277,0,0
7278,centroid,7278,0,0
7279,centroid,7279,0,0
7280,centroid,7280,0,0
7281,centroid,7281,0,0
7282,centroid,7282,0,0
7283,centroid,7283,0,0
7284,centroid,7284,0,0
7285,centroid,7285,0,0
7286,centroid,7286,0,0
7287,centroid,7287,0,0
7288,centroid,7288,0,0
7289,centroid,7289,0,0
7290,centroid,7290,0,0
7291,centroid,7291,0,0
7292,centroid,7292,0,0
7293,centroid,7293,0,0
7294,centroid,7294,0,0
7295,centroid,7295,0,0
7296,centroid,7296,0,0
7297,centroid,7297,0,0
7298,centroid,7298,0,0
7299,centroid,7299,0,0
7300,centroid,7300,0,0
7301,centroid,7301,0,0
7302,centroid,7302,0,0
7303,centroid,7303,0,0
7304,centroid,7304,0,0
7305,centroid,7305,0,0
7306,centroid,7306,0,0
7307,centroid,7307,0,0
7308,centroid,7308,0,0
7309,centroid,7309,0,0
7310,centroid,7310,0,0
7311,centroid,7311,0,0
7312,centroid,7312,0,0
7313,centroid,7313,0,0
7314,centroid,7314,0,0
7315,centroid,7315,0,0
7316,centroid,7316,0,0
7317,centroid,7317,0,0
7318,centroid,7318,0,0
7319,centroid,7319,0,0
7320,centroid,7320,0,0
7321,centroid,7321,0,0
7322,centroid,7322,0,0
7323,centroid,7323,0,0
7324,centroid,7324,0,0
7325,centroid,7325,0,0
7326,centroid,7326,0,0
7327,centroid,7327,0,0
7328,centroid,7328,0,0
7329,centroid,7329,0,0
7330,centroid,7330,0,0
7331,centroid,7331,0,0
7332,centroid,7332,0,0
7333,centroid,7333,0,0
7334,centroid,7334,0,0
7335,centroid,7335,0,0
7336,centroid,7336,0,0
7337,centroid,7337,0,0
7338,centroid,7338,0,0
7339,centroid,7339,0,0
7340,centroid,7340,0,0
7341,centroid,7341,0,0
7342,centroid,7342,0,0
7343,centroid,7343,0,0
7344,centroid,7344,0,0
7345,centroid,7345,0,0
7346,centroid,7346,0,0
7347,centroid,7347,0,0
7348,centroid,7348,0,0
7349,centroid,7349,0,0
7350,centroid,7350,0,0
7351,centroid,7351,0,0
7352,centroid,7352,0,0
7353,centroid,7353,0,0
7354,centroid,7354,0,0
7355,centroid,7355,0,0
7356,centroid,7356,0,0
7357,centroid,7357,0,0
7358,centroid,7358,0,0
7359,centroid,7359,0,0
7360,centroid,7360,0,0
7361,centroid,7361,0,0
7362,centroid,7362,0,0
7363,centroid,7363,0,0
7364,centroid,7364,0,0
7365,centroid,7365,0,0
7366,centroid,7366,0,0
7367,centroid,7367,0,0
7368,centroid,7368,0,0
7369,centroid,7369,0,0
7370,centroid,7370,0,0
7371,centroid,7371,0,0
7372,centroid,7372,0,0
7373,centroid,7373,0,0
7374,centroid,7374,0,0
7375,centroid,7375,0,0
7376,centroid,7376,0,0
7377,centroid,7377,0,0
7378,centroid,7378,0,0
7379,centroid,7379,0,0
7380,centroid,7380,0,0
7381,centroid,7381,0,0
7382,centroid,7382,0,0
7383,centroid,7383,0,0
7384,centroid,7384,0,0
7385,centroid,7385,0,0
7386,centroid,7386,0,0
7387,centroid,7387,0,0
7388,centroid,7388,0,0
