o_zone_id,d_zone_id,volume,period,agent_type
1,3,11,AM,auto
1,4,3,AM,auto
1,6,1,AM,auto
1,7,4,AM,auto
1,8,3,AM,auto
1,9,5,AM,auto
1,10,9,AM,auto
1,15,2,AM,auto
1,17,1,AM,auto
1,21,1,AM,auto
1,22,6,AM,auto
1,23,4,AM,auto
1,24,2,AM,auto
1,25,12,AM,auto
1,26,5,AM,auto
1,30,4,AM,auto
1,31,2,AM,auto
1,32,27,AM,auto
1,33,3,AM,auto
1,34,3,AM,auto
1,35,15,AM,auto
1,36,6,AM,auto
1,37,4,AM,auto
1,38,10,AM,auto
1,39,11,AM,auto
1,40,23,AM,auto
1,42,10,AM,auto
1,43,11,AM,auto
1,44,10,AM,auto
1,46,2,AM,auto
1,47,3,AM,auto
1,48,5,AM,auto
1,49,9,AM,auto
1,51,2,AM,auto
1,52,4,AM,auto
1,53,3,AM,auto
1,54,3,AM,auto
1,56,4,AM,auto
1,57,10,AM,auto
1,58,10,AM,auto
1,60,10,AM,auto
1,61,7,AM,auto
1,64,6,AM,auto
1,65,10,AM,auto
1,66,3,AM,auto
1,67,34,AM,auto
1,68,5,AM,auto
1,71,1,AM,auto
1,72,6,AM,auto
1,73,1,AM,auto
1,74,4,AM,auto
1,75,12,AM,auto
1,76,4,AM,auto
1,77,7,AM,auto
1,78,15,AM,auto
1,79,30,AM,auto
1,80,1,AM,auto
1,81,2,AM,auto
1,82,6,AM,auto
1,83,3,AM,auto
1,84,3,AM,auto
1,85,1,AM,auto
1,86,2,AM,auto
1,87,52,AM,auto
1,88,6,AM,auto
1,89,1,AM,auto
1,90,6,AM,auto
1,91,3,AM,auto
1,92,1,AM,auto
1,95,1,AM,auto
1,96,62,AM,auto
1,97,11,AM,auto
1,98,2,AM,auto
1,99,6,AM,auto
1,102,2,AM,auto
1,103,2,AM,auto
1,104,6,AM,auto
1,105,3,AM,auto
1,107,3,AM,auto
1,108,2,AM,auto
1,111,6,AM,auto
1,112,8,AM,auto
1,115,7,AM,auto
1,116,1,AM,auto
1,120,3,AM,auto
1,121,10,AM,auto
1,122,1,AM,auto
1,123,30,AM,auto
1,124,1,AM,auto
1,125,6,AM,auto
1,126,1,AM,auto
1,129,5,AM,auto
1,130,2,AM,auto
1,131,2,AM,auto
1,136,1,AM,auto
1,139,9,AM,auto
1,140,1,AM,auto
2,3,2,AM,auto
2,4,1,AM,auto
2,9,1,AM,auto
2,10,1,AM,auto
2,12,1,AM,auto
2,20,18,AM,auto
2,21,16,AM,auto
2,22,9,AM,auto
2,23,7,AM,auto
2,24,3,AM,auto
2,25,22,AM,auto
2,26,10,AM,auto
2,28,3,AM,auto
2,30,9,AM,auto
2,31,11,AM,auto
2,32,23,AM,auto
2,33,6,AM,auto
2,34,2,AM,auto
2,35,2,AM,auto
2,36,7,AM,auto
2,37,3,AM,auto
2,38,20,AM,auto
2,39,14,AM,auto
2,40,7,AM,auto
2,42,9,AM,auto
2,44,11,AM,auto
2,45,2,AM,auto
2,48,8,AM,auto
2,49,2,AM,auto
2,56,1,AM,auto
2,57,10,AM,auto
2,58,16,AM,auto
2,60,5,AM,auto
2,61,1,AM,auto
2,64,1,AM,auto
2,66,1,AM,auto
2,67,25,AM,auto
2,68,11,AM,auto
2,79,2,AM,auto
2,80,4,AM,auto
2,84,3,AM,auto
2,87,7,AM,auto
2,91,1,AM,auto
2,96,14,AM,auto
2,97,5,AM,auto
2,104,1,AM,auto
2,105,1,AM,auto
2,111,1,AM,auto
2,116,1,AM,auto
2,117,1,AM,auto
2,120,9,AM,auto
2,121,1,AM,auto
2,122,1,AM,auto
2,123,11,AM,auto
2,129,1,AM,auto
2,131,1,AM,auto
3,2,2,AM,auto
3,4,7,AM,auto
3,7,1,AM,auto
3,8,1,AM,auto
3,10,3,AM,auto
3,14,4,AM,auto
3,20,1,AM,auto
3,21,5,AM,auto
3,22,2,AM,auto
3,23,1,AM,auto
3,24,1,AM,auto
3,25,67,AM,auto
3,26,46,AM,auto
3,28,10,AM,auto
3,29,3,AM,auto
3,30,13,AM,auto
3,31,4,AM,auto
3,32,94,AM,auto
3,33,10,AM,auto
3,34,8,AM,auto
3,35,2,AM,auto
3,36,17,AM,auto
3,38,42,AM,auto
3,39,22,AM,auto
3,40,22,AM,auto
3,41,1,AM,auto
3,42,21,AM,auto
3,43,14,AM,auto
3,44,2,AM,auto
3,47,2,AM,auto
3,48,4,AM,auto
3,49,2,AM,auto
3,57,9,AM,auto
3,58,26,AM,auto
3,59,1,AM,auto
3,60,27,AM,auto
3,61,7,AM,auto
3,63,1,AM,auto
3,65,3,AM,auto
3,66,2,AM,auto
3,67,88,AM,auto
3,68,7,AM,auto
3,73,1,AM,auto
3,76,1,AM,auto
3,79,1,AM,auto
3,80,2,AM,auto
3,81,2,AM,auto
3,86,14,AM,auto
3,87,10,AM,auto
3,90,6,AM,auto
3,93,3,AM,auto
3,95,3,AM,auto
3,96,49,AM,auto
3,97,13,AM,auto
3,99,6,AM,auto
3,100,1,AM,auto
3,102,1,AM,auto
3,104,1,AM,auto
3,105,2,AM,auto
3,108,2,AM,auto
3,116,9,AM,auto
3,120,21,AM,auto
3,121,5,AM,auto
3,123,2,AM,auto
3,129,1,AM,auto
3,138,2,AM,auto
3,139,1,AM,auto
4,2,1,AM,auto
4,3,20,AM,auto
4,5,1,AM,auto
4,7,4,AM,auto
4,8,3,AM,auto
4,10,6,AM,auto
4,12,4,AM,auto
4,14,2,AM,auto
4,15,3,AM,auto
4,17,4,AM,auto
4,20,2,AM,auto
4,21,2,AM,auto
4,22,18,AM,auto
4,23,5,AM,auto
4,24,2,AM,auto
4,25,57,AM,auto
4,26,24,AM,auto
4,27,4,AM,auto
4,28,1,AM,auto
4,30,20,AM,auto
4,31,9,AM,auto
4,32,53,AM,auto
4,33,26,AM,auto
4,34,8,AM,auto
4,35,10,AM,auto
4,36,33,AM,auto
4,38,43,AM,auto
4,39,40,AM,auto
4,40,24,AM,auto
4,42,20,AM,auto
4,43,13,AM,auto
4,44,4,AM,auto
4,45,1,AM,auto
4,46,1,AM,auto
4,47,6,AM,auto
4,48,14,AM,auto
4,50,1,AM,auto
4,57,27,AM,auto
4,58,24,AM,auto
4,59,2,AM,auto
4,60,38,AM,auto
4,61,11,AM,auto
4,63,5,AM,auto
4,64,9,AM,auto
4,65,11,AM,auto
4,66,7,AM,auto
4,67,124,AM,auto
4,68,22,AM,auto
4,70,1,AM,auto
4,72,1,AM,auto
4,74,1,AM,auto
4,75,1,AM,auto
4,76,1,AM,auto
4,77,1,AM,auto
4,78,1,AM,auto
4,79,9,AM,auto
4,80,1,AM,auto
4,81,1,AM,auto
4,82,2,AM,auto
4,85,2,AM,auto
4,86,7,AM,auto
4,87,59,AM,auto
4,88,1,AM,auto
4,90,5,AM,auto
4,93,1,AM,auto
4,95,5,AM,auto
4,96,52,AM,auto
4,97,27,AM,auto
4,99,7,AM,auto
4,100,2,AM,auto
4,104,2,AM,auto
4,105,4,AM,auto
4,108,8,AM,auto
4,109,2,AM,auto
4,112,1,AM,auto
4,114,1,AM,auto
4,115,3,AM,auto
4,116,6,AM,auto
4,120,30,AM,auto
4,121,4,AM,auto
4,123,1,AM,auto
4,125,1,AM,auto
4,128,1,AM,auto
4,131,3,AM,auto
4,136,1,AM,auto
4,138,1,AM,auto
4,139,1,AM,auto
5,3,1,AM,auto
5,4,5,AM,auto
5,7,1,AM,auto
5,8,1,AM,auto
5,12,1,AM,auto
5,13,2,AM,auto
5,15,1,AM,auto
5,20,6,AM,auto
5,23,1,AM,auto
5,25,20,AM,auto
5,26,10,AM,auto
5,28,7,AM,auto
5,30,4,AM,auto
5,31,2,AM,auto
5,32,31,AM,auto
5,33,2,AM,auto
5,34,2,AM,auto
5,36,9,AM,auto
5,38,23,AM,auto
5,39,31,AM,auto
5,40,2,AM,auto
5,42,13,AM,auto
5,43,7,AM,auto
5,46,2,AM,auto
5,47,4,AM,auto
5,48,9,AM,auto
5,49,2,AM,auto
5,57,13,AM,auto
5,58,16,AM,auto
5,59,2,AM,auto
5,60,7,AM,auto
5,61,9,AM,auto
5,62,1,AM,auto
5,63,1,AM,auto
5,64,3,AM,auto
5,65,3,AM,auto
5,66,2,AM,auto
5,67,39,AM,auto
5,68,8,AM,auto
5,75,1,AM,auto
5,78,1,AM,auto
5,80,2,AM,auto
5,86,1,AM,auto
5,87,16,AM,auto
5,90,5,AM,auto
5,93,2,AM,auto
5,96,14,AM,auto
5,97,5,AM,auto
5,99,3,AM,auto
5,102,1,AM,auto
5,114,1,AM,auto
5,115,2,AM,auto
5,116,2,AM,auto
5,120,11,AM,auto
5,121,1,AM,auto
5,123,2,AM,auto
5,128,1,AM,auto
5,130,1,AM,auto
5,139,3,AM,auto
6,4,9,AM,auto
6,7,4,AM,auto
6,13,3,AM,auto
6,15,3,AM,auto
6,21,2,AM,auto
6,22,1,AM,auto
6,23,2,AM,auto
6,24,1,AM,auto
6,25,31,AM,auto
6,26,18,AM,auto
6,27,3,AM,auto
6,28,1,AM,auto
6,30,5,AM,auto
6,31,4,AM,auto
6,32,27,AM,auto
6,33,5,AM,auto
6,34,3,AM,auto
6,35,2,AM,auto
6,36,10,AM,auto
6,38,38,AM,auto
6,39,23,AM,auto
6,40,3,AM,auto
6,42,4,AM,auto
6,43,3,AM,auto
6,46,1,AM,auto
6,48,8,AM,auto
6,49,3,AM,auto
6,57,11,AM,auto
6,58,12,AM,auto
6,59,3,AM,auto
6,60,13,AM,auto
6,61,12,AM,auto
6,62,4,AM,auto
6,63,8,AM,auto
6,64,14,AM,auto
6,65,3,AM,auto
6,66,3,AM,auto
6,67,60,AM,auto
6,68,12,AM,auto
6,70,1,AM,auto
6,72,1,AM,auto
6,74,1,AM,auto
6,75,2,AM,auto
6,76,2,AM,auto
6,79,4,AM,auto
6,81,1,AM,auto
6,83,1,AM,auto
6,86,1,AM,auto
6,87,30,AM,auto
6,90,2,AM,auto
6,91,1,AM,auto
6,95,2,AM,auto
6,96,33,AM,auto
6,97,14,AM,auto
6,98,3,AM,auto
6,99,9,AM,auto
6,100,2,AM,auto
6,105,1,AM,auto
6,108,3,AM,auto
6,114,1,AM,auto
6,115,5,AM,auto
6,116,21,AM,auto
6,120,20,AM,auto
6,121,5,AM,auto
6,123,4,AM,auto
6,125,1,AM,auto
6,129,1,AM,auto
6,131,1,AM,auto
6,139,1,AM,auto
7,3,12,AM,auto
7,4,12,AM,auto
7,5,3,AM,auto
7,6,1,AM,auto
7,8,2,AM,auto
7,10,8,AM,auto
7,11,1,AM,auto
7,12,6,AM,auto
7,13,5,AM,auto
7,14,3,AM,auto
7,15,1,AM,auto
7,18,4,AM,auto
7,20,1,AM,auto
7,21,3,AM,auto
7,22,12,AM,auto
7,23,1,AM,auto
7,25,31,AM,auto
7,26,15,AM,auto
7,28,1,AM,auto
7,30,3,AM,auto
7,31,3,AM,auto
7,32,17,AM,auto
7,33,7,AM,auto
7,35,2,AM,auto
7,36,6,AM,auto
7,37,2,AM,auto
7,38,32,AM,auto
7,39,17,AM,auto
7,40,11,AM,auto
7,41,1,AM,auto
7,42,9,AM,auto
7,43,8,AM,auto
7,44,8,AM,auto
7,46,3,AM,auto
7,47,7,AM,auto
7,48,17,AM,auto
7,49,3,AM,auto
7,50,1,AM,auto
7,56,1,AM,auto
7,57,16,AM,auto
7,58,14,AM,auto
7,59,5,AM,auto
7,60,26,AM,auto
7,61,25,AM,auto
7,62,2,AM,auto
7,63,11,AM,auto
7,64,15,AM,auto
7,65,11,AM,auto
7,66,3,AM,auto
7,67,92,AM,auto
7,68,14,AM,auto
7,79,4,AM,auto
7,80,2,AM,auto
7,84,1,AM,auto
7,85,1,AM,auto
7,87,40,AM,auto
7,89,2,AM,auto
7,90,1,AM,auto
7,91,2,AM,auto
7,93,1,AM,auto
7,95,3,AM,auto
7,96,56,AM,auto
7,97,31,AM,auto
7,98,1,AM,auto
7,99,2,AM,auto
7,100,1,AM,auto
7,104,1,AM,auto
7,105,1,AM,auto
7,108,2,AM,auto
7,109,1,AM,auto
7,111,2,AM,auto
7,114,2,AM,auto
7,115,4,AM,auto
7,116,15,AM,auto
7,117,5,AM,auto
7,118,1,AM,auto
7,120,18,AM,auto
7,121,2,AM,auto
7,122,2,AM,auto
7,123,2,AM,auto
7,129,1,AM,auto
7,131,1,AM,auto
7,135,1,AM,auto
8,3,10,AM,auto
8,4,6,AM,auto
8,7,8,AM,auto
8,9,9,AM,auto
8,10,11,AM,auto
8,11,1,AM,auto
8,12,6,AM,auto
8,13,2,AM,auto
8,14,2,AM,auto
8,15,3,AM,auto
8,18,5,AM,auto
8,19,2,AM,auto
8,20,2,AM,auto
8,21,1,AM,auto
8,22,4,AM,auto
8,24,1,AM,auto
8,25,34,AM,auto
8,26,21,AM,auto
8,30,2,AM,auto
8,31,3,AM,auto
8,32,28,AM,auto
8,33,7,AM,auto
8,34,3,AM,auto
8,35,4,AM,auto
8,36,6,AM,auto
8,38,33,AM,auto
8,39,29,AM,auto
8,40,37,AM,auto
8,42,16,AM,auto
8,43,18,AM,auto
8,44,2,AM,auto
8,45,2,AM,auto
8,47,3,AM,auto
8,48,5,AM,auto
8,49,3,AM,auto
8,51,1,AM,auto
8,52,1,AM,auto
8,56,5,AM,auto
8,57,29,AM,auto
8,58,17,AM,auto
8,59,6,AM,auto
8,60,22,AM,auto
8,61,30,AM,auto
8,62,7,AM,auto
8,63,8,AM,auto
8,64,13,AM,auto
8,65,8,AM,auto
8,66,3,AM,auto
8,67,114,AM,auto
8,68,27,AM,auto
8,70,1,AM,auto
8,74,3,AM,auto
8,75,1,AM,auto
8,78,6,AM,auto
8,79,7,AM,auto
8,80,6,AM,auto
8,81,3,AM,auto
8,82,1,AM,auto
8,83,1,AM,auto
8,85,1,AM,auto
8,86,3,AM,auto
8,87,71,AM,auto
8,88,6,AM,auto
8,89,4,AM,auto
8,90,2,AM,auto
8,91,1,AM,auto
8,95,1,AM,auto
8,96,67,AM,auto
8,97,23,AM,auto
8,98,2,AM,auto
8,99,6,AM,auto
8,104,2,AM,auto
8,105,1,AM,auto
8,107,2,AM,auto
8,108,4,AM,auto
8,111,2,AM,auto
8,114,1,AM,auto
8,115,11,AM,auto
8,116,24,AM,auto
8,117,10,AM,auto
8,120,26,AM,auto
8,121,3,AM,auto
8,122,1,AM,auto
8,123,8,AM,auto
8,125,3,AM,auto
8,128,1,AM,auto
8,129,2,AM,auto
8,139,2,AM,auto
9,3,3,AM,auto
9,4,9,AM,auto
9,7,10,AM,auto
9,8,4,AM,auto
9,10,3,AM,auto
9,12,15,AM,auto
9,13,8,AM,auto
9,14,2,AM,auto
9,15,1,AM,auto
9,17,1,AM,auto
9,18,1,AM,auto
9,19,3,AM,auto
9,20,3,AM,auto
9,21,2,AM,auto
9,22,10,AM,auto
9,23,4,AM,auto
9,25,25,AM,auto
9,26,9,AM,auto
9,30,3,AM,auto
9,31,3,AM,auto
9,32,36,AM,auto
9,33,6,AM,auto
9,34,5,AM,auto
9,35,6,AM,auto
9,36,11,AM,auto
9,38,19,AM,auto
9,39,7,AM,auto
9,40,20,AM,auto
9,41,1,AM,auto
9,42,9,AM,auto
9,43,5,AM,auto
9,44,3,AM,auto
9,46,3,AM,auto
9,47,10,AM,auto
9,48,6,AM,auto
9,49,1,AM,auto
9,54,1,AM,auto
9,56,2,AM,auto
9,57,10,AM,auto
9,58,9,AM,auto
9,59,6,AM,auto
9,60,14,AM,auto
9,61,14,AM,auto
9,62,1,AM,auto
9,63,1,AM,auto
9,64,9,AM,auto
9,65,5,AM,auto
9,67,83,AM,auto
9,68,17,AM,auto
9,71,3,AM,auto
9,73,1,AM,auto
9,75,5,AM,auto
9,78,3,AM,auto
9,79,7,AM,auto
9,81,2,AM,auto
9,82,1,AM,auto
9,83,1,AM,auto
9,85,1,AM,auto
9,86,7,AM,auto
9,87,42,AM,auto
9,89,1,AM,auto
9,90,6,AM,auto
9,94,2,AM,auto
9,95,6,AM,auto
9,96,39,AM,auto
9,97,13,AM,auto
9,99,8,AM,auto
9,100,1,AM,auto
9,102,3,AM,auto
9,105,1,AM,auto
9,108,1,AM,auto
9,115,2,AM,auto
9,116,12,AM,auto
9,117,2,AM,auto
9,118,3,AM,auto
9,120,17,AM,auto
9,121,3,AM,auto
9,123,1,AM,auto
9,124,1,AM,auto
9,125,1,AM,auto
9,128,1,AM,auto
9,130,1,AM,auto
9,139,2,AM,auto
9,140,1,AM,auto
10,1,1,AM,auto
10,2,2,AM,auto
10,3,15,AM,auto
10,4,9,AM,auto
10,6,2,AM,auto
10,7,12,AM,auto
10,8,6,AM,auto
10,9,2,AM,auto
10,11,2,AM,auto
10,12,5,AM,auto
10,13,2,AM,auto
10,14,3,AM,auto
10,15,6,AM,auto
10,18,13,AM,auto
10,19,4,AM,auto
10,20,4,AM,auto
10,21,4,AM,auto
10,22,12,AM,auto
10,23,6,AM,auto
10,24,4,AM,auto
10,25,34,AM,auto
10,26,47,AM,auto
10,27,3,AM,auto
10,28,3,AM,auto
10,30,6,AM,auto
10,31,2,AM,auto
10,32,42,AM,auto
10,33,11,AM,auto
10,34,2,AM,auto
10,35,6,AM,auto
10,36,10,AM,auto
10,38,76,AM,auto
10,39,64,AM,auto
10,40,26,AM,auto
10,41,3,AM,auto
10,42,7,AM,auto
10,43,9,AM,auto
10,44,8,AM,auto
10,45,1,AM,auto
10,46,4,AM,auto
10,47,5,AM,auto
10,48,27,AM,auto
10,49,10,AM,auto
10,50,1,AM,auto
10,51,2,AM,auto
10,53,2,AM,auto
10,56,1,AM,auto
10,57,44,AM,auto
10,58,40,AM,auto
10,59,5,AM,auto
10,60,37,AM,auto
10,61,41,AM,auto
10,62,2,AM,auto
10,63,12,AM,auto
10,64,10,AM,auto
10,65,24,AM,auto
10,66,9,AM,auto
10,67,205,AM,auto
10,68,34,AM,auto
10,69,2,AM,auto
10,70,1,AM,auto
10,74,1,AM,auto
10,77,3,AM,auto
10,78,4,AM,auto
10,79,12,AM,auto
10,80,20,AM,auto
10,81,2,AM,auto
10,83,4,AM,auto
10,84,3,AM,auto
10,85,1,AM,auto
10,86,13,AM,auto
10,87,94,AM,auto
10,88,3,AM,auto
10,89,7,AM,auto
10,90,11,AM,auto
10,91,6,AM,auto
10,93,2,AM,auto
10,94,3,AM,auto
10,95,13,AM,auto
10,96,110,AM,auto
10,97,43,AM,auto
10,98,4,AM,auto
10,99,5,AM,auto
10,100,1,AM,auto
10,104,1,AM,auto
10,105,1,AM,auto
10,107,1,AM,auto
10,108,13,AM,auto
10,109,2,AM,auto
10,110,1,AM,auto
10,111,4,AM,auto
10,114,17,AM,auto
10,115,13,AM,auto
10,116,36,AM,auto
10,117,13,AM,auto
10,118,6,AM,auto
10,120,28,AM,auto
10,121,1,AM,auto
10,123,18,AM,auto
10,125,5,AM,auto
10,126,3,AM,auto
10,128,1,AM,auto
10,129,2,AM,auto
10,130,1,AM,auto
10,131,1,AM,auto
10,135,1,AM,auto
10,136,1,AM,auto
10,139,2,AM,auto
10,140,1,AM,auto
11,1,3,AM,auto
11,3,7,AM,auto
11,4,3,AM,auto
11,5,3,AM,auto
11,6,3,AM,auto
11,7,9,AM,auto
11,8,3,AM,auto
11,9,4,AM,auto
11,10,24,AM,auto
11,12,6,AM,auto
11,14,2,AM,auto
11,15,9,AM,auto
11,16,1,AM,auto
11,17,5,AM,auto
11,18,3,AM,auto
11,21,5,AM,auto
11,22,8,AM,auto
11,23,4,AM,auto
11,24,1,AM,auto
11,25,38,AM,auto
11,26,15,AM,auto
11,27,1,AM,auto
11,28,1,AM,auto
11,30,9,AM,auto
11,31,12,AM,auto
11,32,37,AM,auto
11,33,19,AM,auto
11,34,2,AM,auto
11,35,7,AM,auto
11,36,5,AM,auto
11,38,45,AM,auto
11,39,26,AM,auto
11,40,14,AM,auto
11,41,3,AM,auto
11,42,15,AM,auto
11,43,6,AM,auto
11,44,13,AM,auto
11,45,1,AM,auto
11,46,3,AM,auto
11,47,3,AM,auto
11,48,23,AM,auto
11,49,1,AM,auto
11,51,5,AM,auto
11,56,4,AM,auto
11,57,23,AM,auto
11,58,23,AM,auto
11,59,4,AM,auto
11,60,15,AM,auto
11,61,29,AM,auto
11,62,4,AM,auto
11,63,9,AM,auto
11,64,7,AM,auto
11,65,7,AM,auto
11,66,11,AM,auto
11,67,155,AM,auto
11,68,21,AM,auto
11,69,1,AM,auto
11,74,1,AM,auto
11,75,6,AM,auto
11,76,2,AM,auto
11,79,11,AM,auto
11,80,12,AM,auto
11,81,2,AM,auto
11,82,5,AM,auto
11,84,3,AM,auto
11,85,1,AM,auto
11,86,9,AM,auto
11,87,69,AM,auto
11,90,7,AM,auto
11,91,2,AM,auto
11,93,2,AM,auto
11,94,2,AM,auto
11,95,10,AM,auto
11,96,71,AM,auto
11,97,12,AM,auto
11,98,6,AM,auto
11,99,11,AM,auto
11,100,6,AM,auto
11,102,2,AM,auto
11,104,3,AM,auto
11,105,4,AM,auto
11,107,2,AM,auto
11,108,12,AM,auto
11,110,3,AM,auto
11,111,5,AM,auto
11,114,7,AM,auto
11,115,5,AM,auto
11,116,6,AM,auto
11,117,5,AM,auto
11,118,1,AM,auto
11,120,22,AM,auto
11,121,2,AM,auto
11,122,1,AM,auto
11,123,5,AM,auto
11,125,2,AM,auto
11,129,2,AM,auto
11,131,1,AM,auto
11,132,1,AM,auto
11,137,3,AM,auto
11,138,1,AM,auto
12,1,2,AM,auto
12,2,1,AM,auto
12,3,11,AM,auto
12,4,6,AM,auto
12,6,10,AM,auto
12,7,1,AM,auto
12,8,2,AM,auto
12,9,3,AM,auto
12,10,6,AM,auto
12,13,6,AM,auto
12,14,1,AM,auto
12,15,1,AM,auto
12,16,1,AM,auto
12,18,4,AM,auto
12,20,10,AM,auto
12,21,1,AM,auto
12,22,3,AM,auto
12,24,3,AM,auto
12,25,36,AM,auto
12,26,24,AM,auto
12,27,1,AM,auto
12,28,1,AM,auto
12,29,1,AM,auto
12,30,10,AM,auto
12,31,7,AM,auto
12,32,28,AM,auto
12,33,3,AM,auto
12,34,3,AM,auto
12,35,5,AM,auto
12,36,7,AM,auto
12,37,2,AM,auto
12,38,60,AM,auto
12,39,22,AM,auto
12,40,17,AM,auto
12,42,10,AM,auto
12,43,9,AM,auto
12,44,1,AM,auto
12,46,2,AM,auto
12,47,3,AM,auto
12,48,10,AM,auto
12,49,3,AM,auto
12,51,2,AM,auto
12,53,1,AM,auto
12,56,1,AM,auto
12,57,20,AM,auto
12,58,52,AM,auto
12,60,18,AM,auto
12,61,28,AM,auto
12,62,1,AM,auto
12,63,2,AM,auto
12,64,5,AM,auto
12,65,5,AM,auto
12,66,10,AM,auto
12,67,106,AM,auto
12,68,31,AM,auto
12,73,2,AM,auto
12,75,1,AM,auto
12,77,2,AM,auto
12,78,3,AM,auto
12,79,4,AM,auto
12,80,7,AM,auto
12,83,2,AM,auto
12,84,4,AM,auto
12,86,2,AM,auto
12,87,57,AM,auto
12,89,1,AM,auto
12,90,2,AM,auto
12,94,1,AM,auto
12,95,1,AM,auto
12,96,84,AM,auto
12,97,41,AM,auto
12,99,2,AM,auto
12,100,8,AM,auto
12,102,1,AM,auto
12,104,3,AM,auto
12,105,1,AM,auto
12,107,2,AM,auto
12,108,1,AM,auto
12,111,4,AM,auto
12,114,1,AM,auto
12,115,2,AM,auto
12,116,11,AM,auto
12,117,6,AM,auto
12,118,3,AM,auto
12,119,1,AM,auto
12,120,20,AM,auto
12,121,4,AM,auto
12,122,1,AM,auto
12,123,8,AM,auto
12,125,1,AM,auto
12,128,1,AM,auto
12,130,2,AM,auto
12,131,1,AM,auto
12,133,1,AM,auto
13,2,2,AM,auto
13,3,9,AM,auto
13,4,6,AM,auto
13,5,4,AM,auto
13,6,18,AM,auto
13,7,10,AM,auto
13,8,1,AM,auto
13,9,1,AM,auto
13,10,2,AM,auto
13,12,1,AM,auto
13,14,5,AM,auto
13,18,4,AM,auto
13,19,5,AM,auto
13,20,4,AM,auto
13,21,5,AM,auto
13,22,4,AM,auto
13,23,7,AM,auto
13,25,46,AM,auto
13,26,27,AM,auto
13,27,1,AM,auto
13,28,1,AM,auto
13,30,11,AM,auto
13,31,1,AM,auto
13,32,25,AM,auto
13,33,4,AM,auto
13,34,6,AM,auto
13,36,6,AM,auto
13,38,29,AM,auto
13,39,29,AM,auto
13,40,27,AM,auto
13,42,15,AM,auto
13,43,11,AM,auto
13,44,2,AM,auto
13,46,1,AM,auto
13,47,6,AM,auto
13,48,5,AM,auto
13,50,1,AM,auto
13,51,1,AM,auto
13,52,2,AM,auto
13,53,1,AM,auto
13,57,30,AM,auto
13,58,42,AM,auto
13,59,4,AM,auto
13,60,15,AM,auto
13,61,29,AM,auto
13,62,1,AM,auto
13,63,9,AM,auto
13,64,4,AM,auto
13,65,8,AM,auto
13,66,7,AM,auto
13,67,117,AM,auto
13,68,36,AM,auto
13,69,2,AM,auto
13,73,1,AM,auto
13,75,1,AM,auto
13,76,2,AM,auto
13,77,1,AM,auto
13,78,2,AM,auto
13,79,5,AM,auto
13,80,2,AM,auto
13,81,2,AM,auto
13,82,1,AM,auto
13,85,1,AM,auto
13,87,87,AM,auto
13,89,1,AM,auto
13,90,5,AM,auto
13,93,1,AM,auto
13,94,1,AM,auto
13,95,4,AM,auto
13,96,59,AM,auto
13,97,41,AM,auto
13,98,3,AM,auto
13,99,13,AM,auto
13,100,7,AM,auto
13,104,1,AM,auto
13,105,1,AM,auto
13,106,2,AM,auto
13,107,1,AM,auto
13,108,1,AM,auto
13,110,2,AM,auto
13,114,2,AM,auto
13,115,4,AM,auto
13,116,15,AM,auto
13,118,1,AM,auto
13,120,11,AM,auto
13,121,1,AM,auto
13,123,3,AM,auto
13,126,1,AM,auto
13,136,1,AM,auto
13,138,1,AM,auto
13,139,1,AM,auto
14,3,7,AM,auto
14,4,3,AM,auto
14,6,7,AM,auto
14,7,3,AM,auto
14,8,4,AM,auto
14,9,4,AM,auto
14,10,9,AM,auto
14,12,17,AM,auto
14,13,3,AM,auto
14,15,8,AM,auto
14,16,1,AM,auto
14,17,12,AM,auto
14,18,9,AM,auto
14,19,1,AM,auto
14,20,1,AM,auto
14,22,2,AM,auto
14,24,1,AM,auto
14,25,18,AM,auto
14,26,11,AM,auto
14,27,1,AM,auto
14,28,1,AM,auto
14,30,7,AM,auto
14,31,4,AM,auto
14,32,30,AM,auto
14,33,7,AM,auto
14,34,4,AM,auto
14,35,3,AM,auto
14,36,9,AM,auto
14,37,1,AM,auto
14,38,41,AM,auto
14,39,18,AM,auto
14,40,23,AM,auto
14,42,10,AM,auto
14,43,11,AM,auto
14,44,5,AM,auto
14,46,2,AM,auto
14,47,8,AM,auto
14,48,11,AM,auto
14,49,3,AM,auto
14,50,1,AM,auto
14,52,2,AM,auto
14,56,2,AM,auto
14,57,25,AM,auto
14,58,19,AM,auto
14,59,3,AM,auto
14,60,19,AM,auto
14,61,27,AM,auto
14,62,2,AM,auto
14,63,9,AM,auto
14,64,7,AM,auto
14,65,6,AM,auto
14,66,6,AM,auto
14,67,105,AM,auto
14,68,17,AM,auto
14,71,1,AM,auto
14,72,1,AM,auto
14,73,1,AM,auto
14,74,3,AM,auto
14,75,1,AM,auto
14,76,1,AM,auto
14,77,1,AM,auto
14,79,11,AM,auto
14,80,7,AM,auto
14,81,3,AM,auto
14,82,6,AM,auto
14,83,1,AM,auto
14,85,1,AM,auto
14,86,7,AM,auto
14,87,78,AM,auto
14,89,1,AM,auto
14,90,7,AM,auto
14,91,3,AM,auto
14,95,6,AM,auto
14,96,69,AM,auto
14,97,20,AM,auto
14,99,14,AM,auto
14,100,4,AM,auto
14,105,1,AM,auto
14,106,1,AM,auto
14,108,1,AM,auto
14,109,1,AM,auto
14,111,1,AM,auto
14,114,2,AM,auto
14,115,4,AM,auto
14,116,9,AM,auto
14,117,1,AM,auto
14,118,2,AM,auto
14,120,25,AM,auto
14,121,4,AM,auto
14,122,1,AM,auto
14,123,9,AM,auto
14,125,3,AM,auto
14,138,1,AM,auto
14,139,2,AM,auto
14,140,1,AM,auto
15,3,13,AM,auto
15,4,8,AM,auto
15,5,1,AM,auto
15,6,1,AM,auto
15,7,4,AM,auto
15,8,7,AM,auto
15,9,9,AM,auto
15,10,26,AM,auto
15,11,2,AM,auto
15,12,13,AM,auto
15,13,6,AM,auto
15,14,4,AM,auto
15,16,1,AM,auto
15,17,1,AM,auto
15,18,3,AM,auto
15,19,3,AM,auto
15,20,6,AM,auto
15,21,6,AM,auto
15,22,2,AM,auto
15,24,1,AM,auto
15,25,27,AM,auto
15,26,31,AM,auto
15,27,4,AM,auto
15,28,3,AM,auto
15,30,10,AM,auto
15,31,6,AM,auto
15,32,60,AM,auto
15,33,10,AM,auto
15,34,3,AM,auto
15,35,8,AM,auto
15,36,17,AM,auto
15,37,2,AM,auto
15,38,39,AM,auto
15,39,36,AM,auto
15,40,12,AM,auto
15,41,1,AM,auto
15,42,14,AM,auto
15,43,13,AM,auto
15,44,4,AM,auto
15,45,1,AM,auto
15,46,5,AM,auto
15,47,1,AM,auto
15,48,13,AM,auto
15,49,4,AM,auto
15,50,2,AM,auto
15,51,5,AM,auto
15,52,2,AM,auto
15,53,1,AM,auto
15,54,1,AM,auto
15,56,4,AM,auto
15,57,18,AM,auto
15,58,12,AM,auto
15,59,3,AM,auto
15,60,18,AM,auto
15,61,21,AM,auto
15,62,1,AM,auto
15,63,8,AM,auto
15,64,19,AM,auto
15,65,8,AM,auto
15,66,7,AM,auto
15,67,151,AM,auto
15,68,23,AM,auto
15,70,1,AM,auto
15,74,1,AM,auto
15,75,4,AM,auto
15,76,2,AM,auto
15,77,1,AM,auto
15,78,3,AM,auto
15,79,22,AM,auto
15,80,8,AM,auto
15,81,5,AM,auto
15,82,3,AM,auto
15,84,1,AM,auto
15,85,4,AM,auto
15,86,7,AM,auto
15,87,72,AM,auto
15,88,3,AM,auto
15,90,12,AM,auto
15,91,2,AM,auto
15,92,1,AM,auto
15,93,4,AM,auto
15,94,2,AM,auto
15,95,2,AM,auto
15,96,72,AM,auto
15,97,40,AM,auto
15,98,3,AM,auto
15,99,9,AM,auto
15,100,6,AM,auto
15,102,6,AM,auto
15,104,3,AM,auto
15,105,2,AM,auto
15,108,15,AM,auto
15,109,1,AM,auto
15,110,4,AM,auto
15,111,2,AM,auto
15,112,1,AM,auto
15,113,2,AM,auto
15,114,7,AM,auto
15,115,4,AM,auto
15,116,15,AM,auto
15,117,10,AM,auto
15,118,11,AM,auto
15,120,21,AM,auto
15,121,5,AM,auto
15,122,2,AM,auto
15,123,18,AM,auto
15,124,1,AM,auto
15,125,7,AM,auto
15,129,2,AM,auto
15,130,2,AM,auto
15,131,1,AM,auto
15,137,3,AM,auto
15,139,6,AM,auto
15,140,3,AM,auto
16,3,5,AM,auto
16,4,4,AM,auto
16,6,1,AM,auto
16,8,2,AM,auto
16,9,1,AM,auto
16,10,14,AM,auto
16,12,14,AM,auto
16,13,5,AM,auto
16,14,5,AM,auto
16,15,3,AM,auto
16,18,3,AM,auto
16,22,1,AM,auto
16,23,6,AM,auto
16,24,3,AM,auto
16,25,11,AM,auto
16,26,11,AM,auto
16,27,1,AM,auto
16,28,3,AM,auto
16,30,5,AM,auto
16,31,5,AM,auto
16,32,15,AM,auto
16,33,8,AM,auto
16,34,2,AM,auto
16,35,7,AM,auto
16,36,6,AM,auto
16,37,1,AM,auto
16,38,33,AM,auto
16,39,15,AM,auto
16,40,12,AM,auto
16,41,1,AM,auto
16,42,6,AM,auto
16,43,5,AM,auto
16,44,3,AM,auto
16,45,2,AM,auto
16,46,5,AM,auto
16,47,3,AM,auto
16,48,5,AM,auto
16,52,3,AM,auto
16,56,1,AM,auto
16,57,11,AM,auto
16,58,10,AM,auto
16,59,2,AM,auto
16,60,11,AM,auto
16,61,21,AM,auto
16,62,3,AM,auto
16,63,6,AM,auto
16,64,5,AM,auto
16,65,3,AM,auto
16,66,2,AM,auto
16,67,77,AM,auto
16,68,10,AM,auto
16,72,1,AM,auto
16,75,1,AM,auto
16,76,3,AM,auto
16,77,3,AM,auto
16,79,3,AM,auto
16,80,2,AM,auto
16,81,1,AM,auto
16,85,1,AM,auto
16,86,7,AM,auto
16,87,39,AM,auto
16,89,1,AM,auto
16,90,5,AM,auto
16,91,1,AM,auto
16,94,1,AM,auto
16,95,2,AM,auto
16,96,33,AM,auto
16,97,12,AM,auto
16,98,5,AM,auto
16,99,6,AM,auto
16,105,2,AM,auto
16,108,2,AM,auto
16,109,1,AM,auto
16,110,2,AM,auto
16,111,1,AM,auto
16,114,1,AM,auto
16,115,1,AM,auto
16,116,9,AM,auto
16,117,1,AM,auto
16,120,6,AM,auto
16,121,2,AM,auto
16,123,8,AM,auto
16,125,3,AM,auto
16,127,3,AM,auto
16,132,1,AM,auto
17,6,1,AM,auto
17,21,3,AM,auto
17,32,1,AM,auto
17,37,1,AM,auto
17,38,1,AM,auto
17,43,1,AM,auto
17,48,1,AM,auto
17,56,1,AM,auto
17,61,1,AM,auto
17,67,1,AM,auto
17,68,1,AM,auto
17,87,3,AM,auto
17,96,1,AM,auto
17,100,2,AM,auto
17,108,1,AM,auto
17,114,1,AM,auto
17,117,1,AM,auto
17,123,1,AM,auto
17,134,1,AM,auto
17,139,1,AM,auto
18,3,8,AM,auto
18,4,6,AM,auto
18,6,3,AM,auto
18,7,1,AM,auto
18,8,1,AM,auto
18,9,7,AM,auto
18,10,11,AM,auto
18,12,6,AM,auto
18,13,4,AM,auto
18,14,2,AM,auto
18,15,1,AM,auto
18,16,1,AM,auto
18,19,4,AM,auto
18,20,6,AM,auto
18,21,3,AM,auto
18,22,5,AM,auto
18,25,12,AM,auto
18,26,17,AM,auto
18,27,1,AM,auto
18,30,1,AM,auto
18,31,4,AM,auto
18,32,14,AM,auto
18,33,9,AM,auto
18,34,1,AM,auto
18,35,6,AM,auto
18,36,19,AM,auto
18,38,35,AM,auto
18,39,12,AM,auto
18,40,19,AM,auto
18,42,3,AM,auto
18,43,1,AM,auto
18,44,3,AM,auto
18,45,1,AM,auto
18,46,2,AM,auto
18,47,6,AM,auto
18,48,3,AM,auto
18,49,6,AM,auto
18,52,1,AM,auto
18,57,10,AM,auto
18,58,12,AM,auto
18,59,2,AM,auto
18,60,8,AM,auto
18,61,16,AM,auto
18,62,2,AM,auto
18,63,6,AM,auto
18,64,9,AM,auto
18,65,3,AM,auto
18,67,64,AM,auto
18,68,13,AM,auto
18,74,1,AM,auto
18,79,6,AM,auto
18,80,8,AM,auto
18,82,1,AM,auto
18,85,1,AM,auto
18,86,3,AM,auto
18,87,29,AM,auto
18,89,4,AM,auto
18,90,6,AM,auto
18,91,1,AM,auto
18,93,2,AM,auto
18,94,1,AM,auto
18,95,2,AM,auto
18,96,49,AM,auto
18,97,17,AM,auto
18,98,1,AM,auto
18,99,7,AM,auto
18,100,3,AM,auto
18,105,4,AM,auto
18,107,2,AM,auto
18,108,2,AM,auto
18,109,1,AM,auto
18,111,2,AM,auto
18,115,7,AM,auto
18,116,10,AM,auto
18,117,8,AM,auto
18,118,4,AM,auto
18,119,1,AM,auto
18,120,12,AM,auto
18,121,1,AM,auto
18,122,1,AM,auto
18,123,3,AM,auto
18,125,1,AM,auto
18,132,1,AM,auto
18,135,1,AM,auto
18,138,1,AM,auto
18,139,2,AM,auto
19,3,2,AM,auto
19,4,4,AM,auto
19,6,6,AM,auto
19,7,7,AM,auto
19,8,1,AM,auto
19,9,2,AM,auto
19,10,3,AM,auto
19,12,8,AM,auto
19,13,3,AM,auto
19,14,8,AM,auto
19,15,10,AM,auto
19,16,1,AM,auto
19,18,2,AM,auto
19,20,1,AM,auto
19,21,1,AM,auto
19,22,4,AM,auto
19,23,2,AM,auto
19,25,16,AM,auto
19,26,14,AM,auto
19,27,1,AM,auto
19,28,4,AM,auto
19,30,8,AM,auto
19,31,1,AM,auto
19,32,15,AM,auto
19,33,6,AM,auto
19,34,2,AM,auto
19,35,5,AM,auto
19,36,10,AM,auto
19,38,27,AM,auto
19,39,16,AM,auto
19,40,16,AM,auto
19,42,6,AM,auto
19,43,10,AM,auto
19,45,1,AM,auto
19,46,9,AM,auto
19,47,5,AM,auto
19,48,4,AM,auto
19,57,21,AM,auto
19,58,19,AM,auto
19,59,6,AM,auto
19,60,23,AM,auto
19,61,15,AM,auto
19,63,2,AM,auto
19,64,4,AM,auto
19,65,4,AM,auto
19,66,1,AM,auto
19,67,86,AM,auto
19,68,16,AM,auto
19,72,4,AM,auto
19,74,2,AM,auto
19,77,1,AM,auto
19,78,4,AM,auto
19,79,6,AM,auto
19,80,6,AM,auto
19,81,2,AM,auto
19,86,6,AM,auto
19,87,41,AM,auto
19,89,2,AM,auto
19,90,7,AM,auto
19,93,1,AM,auto
19,95,2,AM,auto
19,96,56,AM,auto
19,97,22,AM,auto
19,98,2,AM,auto
19,99,8,AM,auto
19,100,7,AM,auto
19,102,2,AM,auto
19,104,2,AM,auto
19,105,1,AM,auto
19,108,2,AM,auto
19,114,3,AM,auto
19,115,14,AM,auto
19,116,6,AM,auto
19,117,1,AM,auto
19,118,1,AM,auto
19,120,15,AM,auto
19,123,5,AM,auto
19,124,1,AM,auto
19,125,2,AM,auto
19,127,1,AM,auto
19,132,2,AM,auto
19,134,1,AM,auto
20,1,2,AM,auto
20,2,1,AM,auto
20,3,2,AM,auto
20,4,8,AM,auto
20,7,1,AM,auto
20,14,1,AM,auto
20,15,1,AM,auto
20,21,18,AM,auto
20,22,31,AM,auto
20,23,3,AM,auto
20,24,3,AM,auto
20,25,56,AM,auto
20,26,37,AM,auto
20,27,3,AM,auto
20,30,45,AM,auto
20,31,15,AM,auto
20,32,52,AM,auto
20,33,3,AM,auto
20,34,8,AM,auto
20,35,3,AM,auto
20,36,22,AM,auto
20,37,1,AM,auto
20,38,57,AM,auto
20,39,42,AM,auto
20,40,16,AM,auto
20,41,5,AM,auto
20,42,21,AM,auto
20,43,10,AM,auto
20,44,6,AM,auto
20,45,6,AM,auto
20,46,6,AM,auto
20,47,1,AM,auto
20,48,3,AM,auto
20,49,1,AM,auto
20,52,1,AM,auto
20,56,1,AM,auto
20,57,17,AM,auto
20,58,14,AM,auto
20,60,3,AM,auto
20,61,4,AM,auto
20,62,1,AM,auto
20,65,5,AM,auto
20,66,2,AM,auto
20,67,56,AM,auto
20,68,17,AM,auto
20,72,2,AM,auto
20,74,4,AM,auto
20,75,1,AM,auto
20,76,1,AM,auto
20,78,3,AM,auto
20,79,4,AM,auto
20,80,2,AM,auto
20,82,1,AM,auto
20,83,6,AM,auto
20,84,2,AM,auto
20,85,1,AM,auto
20,86,3,AM,auto
20,87,40,AM,auto
20,90,6,AM,auto
20,93,1,AM,auto
20,95,1,AM,auto
20,96,22,AM,auto
20,97,3,AM,auto
20,99,5,AM,auto
20,100,7,AM,auto
20,104,1,AM,auto
20,108,1,AM,auto
20,115,2,AM,auto
20,116,6,AM,auto
20,117,4,AM,auto
20,118,1,AM,auto
20,120,13,AM,auto
20,121,2,AM,auto
20,123,9,AM,auto
20,125,1,AM,auto
20,129,1,AM,auto
20,131,3,AM,auto
20,132,1,AM,auto
20,141,1,AM,auto
21,2,2,AM,auto
21,3,8,AM,auto
21,4,2,AM,auto
21,9,1,AM,auto
21,10,1,AM,auto
21,14,2,AM,auto
21,15,1,AM,auto
21,20,14,AM,auto
21,22,28,AM,auto
21,23,4,AM,auto
21,24,3,AM,auto
21,25,54,AM,auto
21,26,25,AM,auto
21,27,1,AM,auto
21,28,2,AM,auto
21,30,11,AM,auto
21,31,6,AM,auto
21,32,53,AM,auto
21,33,3,AM,auto
21,34,2,AM,auto
21,36,12,AM,auto
21,38,26,AM,auto
21,39,27,AM,auto
21,40,11,AM,auto
21,41,1,AM,auto
21,42,13,AM,auto
21,43,5,AM,auto
21,44,6,AM,auto
21,45,2,AM,auto
21,47,1,AM,auto
21,48,2,AM,auto
21,56,2,AM,auto
21,57,12,AM,auto
21,58,8,AM,auto
21,60,6,AM,auto
21,61,3,AM,auto
21,64,4,AM,auto
21,65,3,AM,auto
21,66,2,AM,auto
21,67,59,AM,auto
21,68,19,AM,auto
21,69,1,AM,auto
21,70,1,AM,auto
21,73,1,AM,auto
21,74,1,AM,auto
21,77,1,AM,auto
21,78,1,AM,auto
21,79,2,AM,auto
21,80,1,AM,auto
21,81,1,AM,auto
21,87,13,AM,auto
21,88,1,AM,auto
21,90,1,AM,auto
21,95,2,AM,auto
21,96,18,AM,auto
21,97,11,AM,auto
21,99,1,AM,auto
21,100,3,AM,auto
21,104,2,AM,auto
21,105,1,AM,auto
21,109,1,AM,auto
21,112,1,AM,auto
21,114,2,AM,auto
21,115,3,AM,auto
21,117,1,AM,auto
21,120,24,AM,auto
21,129,1,AM,auto
21,130,1,AM,auto
21,131,1,AM,auto
21,139,2,AM,auto
22,2,1,AM,auto
22,3,8,AM,auto
22,4,1,AM,auto
22,5,1,AM,auto
22,8,3,AM,auto
22,10,3,AM,auto
22,11,1,AM,auto
22,12,1,AM,auto
22,13,1,AM,auto
22,15,2,AM,auto
22,18,1,AM,auto
22,20,24,AM,auto
22,21,6,AM,auto
22,23,1,AM,auto
22,24,5,AM,auto
22,25,77,AM,auto
22,26,51,AM,auto
22,27,1,AM,auto
22,28,6,AM,auto
22,30,27,AM,auto
22,31,4,AM,auto
22,32,57,AM,auto
22,33,4,AM,auto
22,34,11,AM,auto
22,35,3,AM,auto
22,36,35,AM,auto
22,37,3,AM,auto
22,38,44,AM,auto
22,39,42,AM,auto
22,40,34,AM,auto
22,41,8,AM,auto
22,42,17,AM,auto
22,43,12,AM,auto
22,44,2,AM,auto
22,45,2,AM,auto
22,47,6,AM,auto
22,48,8,AM,auto
22,49,5,AM,auto
22,56,1,AM,auto
22,57,21,AM,auto
22,58,14,AM,auto
22,59,3,AM,auto
22,60,13,AM,auto
22,61,2,AM,auto
22,62,1,AM,auto
22,63,2,AM,auto
22,64,1,AM,auto
22,65,4,AM,auto
22,66,7,AM,auto
22,67,97,AM,auto
22,68,29,AM,auto
22,72,1,AM,auto
22,74,1,AM,auto
22,75,1,AM,auto
22,78,1,AM,auto
22,79,9,AM,auto
22,85,2,AM,auto
22,87,25,AM,auto
22,89,3,AM,auto
22,90,9,AM,auto
22,96,26,AM,auto
22,97,5,AM,auto
22,98,1,AM,auto
22,99,2,AM,auto
22,100,2,AM,auto
22,108,1,AM,auto
22,109,1,AM,auto
22,116,3,AM,auto
22,120,21,AM,auto
22,125,2,AM,auto
22,130,1,AM,auto
22,139,1,AM,auto
23,2,1,AM,auto
23,3,6,AM,auto
23,4,5,AM,auto
23,7,1,AM,auto
23,12,1,AM,auto
23,17,1,AM,auto
23,19,1,AM,auto
23,20,19,AM,auto
23,21,16,AM,auto
23,22,34,AM,auto
23,24,9,AM,auto
23,25,127,AM,auto
23,26,55,AM,auto
23,27,4,AM,auto
23,28,1,AM,auto
23,30,49,AM,auto
23,31,14,AM,auto
23,32,72,AM,auto
23,33,5,AM,auto
23,34,12,AM,auto
23,36,23,AM,auto
23,37,6,AM,auto
23,38,38,AM,auto
23,39,39,AM,auto
23,40,25,AM,auto
23,41,1,AM,auto
23,42,14,AM,auto
23,43,12,AM,auto
23,44,6,AM,auto
23,46,4,AM,auto
23,47,2,AM,auto
23,48,5,AM,auto
23,49,1,AM,auto
23,57,16,AM,auto
23,58,10,AM,auto
23,60,10,AM,auto
23,61,16,AM,auto
23,62,2,AM,auto
23,64,2,AM,auto
23,65,4,AM,auto
23,66,2,AM,auto
23,67,76,AM,auto
23,68,12,AM,auto
23,74,1,AM,auto
23,75,1,AM,auto
23,76,2,AM,auto
23,78,2,AM,auto
23,79,1,AM,auto
23,81,1,AM,auto
23,82,1,AM,auto
23,83,2,AM,auto
23,84,1,AM,auto
23,86,1,AM,auto
23,87,16,AM,auto
23,90,2,AM,auto
23,93,1,AM,auto
23,96,25,AM,auto
23,97,8,AM,auto
23,98,1,AM,auto
23,99,5,AM,auto
23,100,3,AM,auto
23,105,1,AM,auto
23,107,1,AM,auto
23,111,1,AM,auto
23,117,1,AM,auto
23,120,20,AM,auto
23,121,1,AM,auto
23,123,3,AM,auto
23,125,3,AM,auto
23,131,3,AM,auto
23,135,1,AM,auto
23,136,1,AM,auto
23,141,1,AM,auto
24,1,1,AM,auto
24,2,1,AM,auto
24,3,10,AM,auto
24,4,1,AM,auto
24,6,1,AM,auto
24,7,2,AM,auto
24,10,1,AM,auto
24,14,1,AM,auto
24,20,3,AM,auto
24,21,2,AM,auto
24,22,10,AM,auto
24,23,14,AM,auto
24,25,51,AM,auto
24,26,24,AM,auto
24,27,2,AM,auto
24,30,22,AM,auto
24,31,2,AM,auto
24,32,68,AM,auto
24,33,4,AM,auto
24,34,1,AM,auto
24,35,3,AM,auto
24,36,22,AM,auto
24,37,1,AM,auto
24,38,47,AM,auto
24,39,25,AM,auto
24,40,15,AM,auto
24,41,1,AM,auto
24,42,6,AM,auto
24,43,11,AM,auto
24,44,3,AM,auto
24,47,2,AM,auto
24,48,3,AM,auto
24,51,1,AM,auto
24,57,7,AM,auto
24,58,8,AM,auto
24,59,2,AM,auto
24,60,8,AM,auto
24,61,10,AM,auto
24,62,1,AM,auto
24,63,1,AM,auto
24,64,2,AM,auto
24,66,3,AM,auto
24,67,61,AM,auto
24,68,10,AM,auto
24,69,1,AM,auto
24,77,3,AM,auto
24,78,1,AM,auto
24,79,8,AM,auto
24,80,1,AM,auto
24,81,1,AM,auto
24,86,2,AM,auto
24,87,15,AM,auto
24,88,1,AM,auto
24,95,3,AM,auto
24,96,7,AM,auto
24,97,7,AM,auto
24,98,2,AM,auto
24,99,1,AM,auto
24,100,1,AM,auto
24,104,1,AM,auto
24,105,2,AM,auto
24,106,1,AM,auto
24,108,5,AM,auto
24,116,1,AM,auto
24,117,1,AM,auto
24,120,18,AM,auto
24,123,3,AM,auto
24,126,1,AM,auto
24,139,1,AM,auto
25,3,10,AM,auto
25,4,11,AM,auto
25,8,1,AM,auto
25,11,1,AM,auto
25,14,1,AM,auto
25,20,14,AM,auto
25,21,3,AM,auto
25,22,14,AM,auto
25,23,13,AM,auto
25,24,9,AM,auto
25,26,79,AM,auto
25,27,2,AM,auto
25,28,2,AM,auto
25,30,36,AM,auto
25,31,18,AM,auto
25,32,112,AM,auto
25,33,11,AM,auto
25,34,15,AM,auto
25,35,3,AM,auto
25,36,42,AM,auto
25,38,54,AM,auto
25,39,46,AM,auto
25,40,19,AM,auto
25,41,2,AM,auto
25,42,19,AM,auto
25,43,11,AM,auto
25,44,6,AM,auto
25,45,1,AM,auto
25,46,4,AM,auto
25,47,2,AM,auto
25,48,7,AM,auto
25,50,1,AM,auto
25,51,1,AM,auto
25,54,1,AM,auto
25,57,24,AM,auto
25,58,28,AM,auto
25,59,2,AM,auto
25,60,16,AM,auto
25,61,6,AM,auto
25,64,1,AM,auto
25,65,9,AM,auto
25,67,122,AM,auto
25,68,23,AM,auto
25,79,6,AM,auto
25,80,1,AM,auto
25,81,4,AM,auto
25,85,1,AM,auto
25,86,2,AM,auto
25,87,42,AM,auto
25,88,1,AM,auto
25,90,1,AM,auto
25,95,1,AM,auto
25,96,37,AM,auto
25,97,10,AM,auto
25,99,3,AM,auto
25,100,2,AM,auto
25,104,2,AM,auto
25,105,2,AM,auto
25,107,2,AM,auto
25,108,3,AM,auto
25,112,1,AM,auto
25,115,2,AM,auto
25,116,2,AM,auto
25,120,29,AM,auto
25,121,3,AM,auto
25,122,2,AM,auto
25,123,3,AM,auto
25,129,1,AM,auto
25,131,3,AM,auto
25,138,1,AM,auto
25,139,1,AM,auto
26,3,31,AM,auto
26,4,3,AM,auto
26,6,3,AM,auto
26,7,1,AM,auto
26,8,3,AM,auto
26,13,1,AM,auto
26,14,2,AM,auto
26,18,1,AM,auto
26,20,14,AM,auto
26,21,12,AM,auto
26,22,17,AM,auto
26,23,14,AM,auto
26,24,7,AM,auto
26,25,204,AM,auto
26,27,7,AM,auto
26,29,4,AM,auto
26,30,34,AM,auto
26,31,20,AM,auto
26,32,255,AM,auto
26,33,10,AM,auto
26,34,11,AM,auto
26,35,8,AM,auto
26,36,34,AM,auto
26,37,4,AM,auto
26,38,83,AM,auto
26,39,64,AM,auto
26,40,31,AM,auto
26,41,2,AM,auto
26,42,18,AM,auto
26,43,13,AM,auto
26,44,7,AM,auto
26,45,1,AM,auto
26,46,3,AM,auto
26,47,1,AM,auto
26,48,7,AM,auto
26,49,3,AM,auto
26,51,3,AM,auto
26,52,1,AM,auto
26,57,25,AM,auto
26,58,21,AM,auto
26,59,1,AM,auto
26,60,27,AM,auto
26,61,13,AM,auto
26,62,2,AM,auto
26,63,4,AM,auto
26,64,1,AM,auto
26,65,5,AM,auto
26,66,8,AM,auto
26,67,198,AM,auto
26,68,36,AM,auto
26,72,3,AM,auto
26,77,1,AM,auto
26,78,7,AM,auto
26,79,7,AM,auto
26,80,2,AM,auto
26,83,1,AM,auto
26,86,8,AM,auto
26,87,44,AM,auto
26,89,3,AM,auto
26,90,1,AM,auto
26,94,1,AM,auto
26,95,2,AM,auto
26,96,43,AM,auto
26,97,15,AM,auto
26,98,4,AM,auto
26,99,5,AM,auto
26,100,5,AM,auto
26,104,3,AM,auto
26,105,1,AM,auto
26,107,1,AM,auto
26,110,1,AM,auto
26,112,2,AM,auto
26,114,1,AM,auto
26,116,7,AM,auto
26,117,1,AM,auto
26,120,31,AM,auto
26,122,1,AM,auto
26,123,5,AM,auto
26,125,1,AM,auto
26,129,1,AM,auto
26,131,1,AM,auto
26,136,2,AM,auto
26,139,2,AM,auto
27,2,3,AM,auto
27,3,18,AM,auto
27,4,5,AM,auto
27,7,4,AM,auto
27,8,1,AM,auto
27,10,2,AM,auto
27,11,1,AM,auto
27,15,1,AM,auto
27,18,1,AM,auto
27,20,14,AM,auto
27,21,12,AM,auto
27,22,19,AM,auto
27,23,17,AM,auto
27,24,19,AM,auto
27,25,138,AM,auto
27,26,59,AM,auto
27,28,4,AM,auto
27,30,33,AM,auto
27,31,14,AM,auto
27,32,121,AM,auto
27,33,4,AM,auto
27,34,2,AM,auto
27,35,1,AM,auto
27,36,43,AM,auto
27,38,41,AM,auto
27,39,34,AM,auto
27,40,23,AM,auto
27,42,25,AM,auto
27,43,8,AM,auto
27,44,6,AM,auto
27,45,1,AM,auto
27,46,4,AM,auto
27,48,7,AM,auto
27,49,7,AM,auto
27,51,2,AM,auto
27,52,1,AM,auto
27,56,1,AM,auto
27,57,20,AM,auto
27,58,20,AM,auto
27,59,4,AM,auto
27,60,17,AM,auto
27,61,8,AM,auto
27,63,2,AM,auto
27,64,1,AM,auto
27,65,1,AM,auto
27,66,3,AM,auto
27,67,82,AM,auto
27,68,18,AM,auto
27,74,3,AM,auto
27,75,1,AM,auto
27,78,2,AM,auto
27,79,11,AM,auto
27,80,1,AM,auto
27,81,2,AM,auto
27,83,1,AM,auto
27,84,4,AM,auto
27,86,2,AM,auto
27,87,26,AM,auto
27,88,1,AM,auto
27,90,3,AM,auto
27,93,1,AM,auto
27,96,25,AM,auto
27,97,19,AM,auto
27,98,1,AM,auto
27,99,3,AM,auto
27,102,1,AM,auto
27,104,2,AM,auto
27,107,2,AM,auto
27,111,2,AM,auto
27,114,6,AM,auto
27,115,5,AM,auto
27,116,6,AM,auto
27,120,36,AM,auto
27,121,3,AM,auto
27,123,9,AM,auto
27,125,2,AM,auto
27,131,2,AM,auto
27,136,2,AM,auto
27,140,1,AM,auto
27,141,2,AM,auto
28,1,1,AM,auto
28,2,2,AM,auto
28,3,12,AM,auto
28,4,4,AM,auto
28,6,1,AM,auto
28,7,1,AM,auto
28,8,4,AM,auto
28,9,2,AM,auto
28,10,3,AM,auto
28,12,1,AM,auto
28,13,3,AM,auto
28,18,1,AM,auto
28,20,5,AM,auto
28,21,1,AM,auto
28,22,3,AM,auto
28,23,1,AM,auto
28,24,1,AM,auto
28,25,56,AM,auto
28,26,47,AM,auto
28,29,1,AM,auto
28,30,16,AM,auto
28,31,5,AM,auto
28,32,79,AM,auto
28,33,12,AM,auto
28,34,6,AM,auto
28,35,5,AM,auto
28,36,18,AM,auto
28,37,1,AM,auto
28,38,48,AM,auto
28,39,30,AM,auto
28,40,21,AM,auto
28,41,2,AM,auto
28,42,14,AM,auto
28,43,31,AM,auto
28,46,1,AM,auto
28,47,6,AM,auto
28,48,4,AM,auto
28,49,1,AM,auto
28,53,1,AM,auto
28,57,21,AM,auto
28,58,21,AM,auto
28,59,7,AM,auto
28,60,23,AM,auto
28,61,8,AM,auto
28,64,1,AM,auto
28,65,5,AM,auto
28,66,2,AM,auto
28,67,118,AM,auto
28,68,12,AM,auto
28,70,1,AM,auto
28,77,2,AM,auto
28,78,3,AM,auto
28,79,3,AM,auto
28,80,1,AM,auto
28,84,1,AM,auto
28,85,2,AM,auto
28,86,10,AM,auto
28,87,46,AM,auto
28,89,1,AM,auto
28,95,5,AM,auto
28,96,53,AM,auto
28,97,15,AM,auto
28,98,1,AM,auto
28,99,6,AM,auto
28,100,1,AM,auto
28,105,4,AM,auto
28,108,1,AM,auto
28,109,1,AM,auto
28,115,2,AM,auto
28,116,10,AM,auto
28,120,26,AM,auto
28,121,3,AM,auto
28,123,5,AM,auto
28,125,5,AM,auto
28,130,1,AM,auto
28,131,1,AM,auto
28,132,1,AM,auto
29,3,24,AM,auto
29,4,2,AM,auto
29,7,3,AM,auto
29,10,1,AM,auto
29,14,2,AM,auto
29,15,1,AM,auto
29,17,2,AM,auto
29,20,5,AM,auto
29,21,4,AM,auto
29,22,12,AM,auto
29,23,6,AM,auto
29,24,1,AM,auto
29,25,80,AM,auto
29,26,60,AM,auto
29,27,3,AM,auto
29,28,8,AM,auto
29,30,27,AM,auto
29,31,7,AM,auto
29,32,104,AM,auto
29,33,10,AM,auto
29,34,1,AM,auto
29,35,5,AM,auto
29,36,14,AM,auto
29,38,37,AM,auto
29,39,32,AM,auto
29,40,20,AM,auto
29,42,13,AM,auto
29,43,22,AM,auto
29,44,1,AM,auto
29,45,3,AM,auto
29,46,7,AM,auto
29,48,5,AM,auto
29,49,4,AM,auto
29,51,3,AM,auto
29,57,22,AM,auto
29,58,18,AM,auto
29,60,24,AM,auto
29,61,15,AM,auto
29,63,3,AM,auto
29,65,3,AM,auto
29,66,5,AM,auto
29,67,92,AM,auto
29,68,21,AM,auto
29,74,2,AM,auto
29,76,1,AM,auto
29,78,1,AM,auto
29,79,4,AM,auto
29,80,7,AM,auto
29,81,1,AM,auto
29,84,1,AM,auto
29,85,2,AM,auto
29,86,3,AM,auto
29,87,42,AM,auto
29,90,4,AM,auto
29,93,1,AM,auto
29,95,5,AM,auto
29,96,40,AM,auto
29,97,26,AM,auto
29,98,1,AM,auto
29,99,5,AM,auto
29,102,1,AM,auto
29,104,3,AM,auto
29,109,1,AM,auto
29,112,1,AM,auto
29,114,3,AM,auto
29,116,1,AM,auto
29,118,2,AM,auto
29,120,16,AM,auto
29,121,5,AM,auto
29,123,4,AM,auto
29,125,1,AM,auto
29,131,1,AM,auto
29,132,1,AM,auto
29,137,1,AM,auto
29,139,4,AM,auto
29,141,1,AM,auto
30,2,2,AM,auto
30,3,18,AM,auto
30,4,8,AM,auto
30,6,1,AM,auto
30,7,2,AM,auto
30,9,3,AM,auto
30,13,1,AM,auto
30,14,1,AM,auto
30,15,1,AM,auto
30,20,4,AM,auto
30,21,17,AM,auto
30,22,19,AM,auto
30,23,4,AM,auto
30,24,2,AM,auto
30,25,75,AM,auto
30,26,38,AM,auto
30,28,4,AM,auto
30,31,12,AM,auto
30,32,88,AM,auto
30,33,8,AM,auto
30,34,3,AM,auto
30,35,13,AM,auto
30,36,46,AM,auto
30,37,5,AM,auto
30,38,46,AM,auto
30,39,18,AM,auto
30,40,19,AM,auto
30,41,2,AM,auto
30,42,19,AM,auto
30,43,7,AM,auto
30,44,3,AM,auto
30,45,2,AM,auto
30,47,3,AM,auto
30,48,13,AM,auto
30,49,3,AM,auto
30,51,2,AM,auto
30,57,14,AM,auto
30,58,12,AM,auto
30,60,15,AM,auto
30,61,12,AM,auto
30,63,4,AM,auto
30,65,5,AM,auto
30,66,3,AM,auto
30,67,105,AM,auto
30,68,9,AM,auto
30,69,1,AM,auto
30,72,1,AM,auto
30,74,1,AM,auto
30,76,1,AM,auto
30,78,3,AM,auto
30,79,1,AM,auto
30,80,4,AM,auto
30,83,1,AM,auto
30,85,1,AM,auto
30,86,5,AM,auto
30,87,18,AM,auto
30,90,5,AM,auto
30,91,2,AM,auto
30,96,38,AM,auto
30,97,6,AM,auto
30,98,1,AM,auto
30,99,5,AM,auto
30,100,3,AM,auto
30,102,1,AM,auto
30,103,2,AM,auto
30,105,1,AM,auto
30,108,2,AM,auto
30,112,1,AM,auto
30,114,2,AM,auto
30,116,1,AM,auto
30,117,2,AM,auto
30,120,26,AM,auto
30,121,3,AM,auto
30,122,1,AM,auto
30,124,1,AM,auto
30,125,4,AM,auto
30,129,1,AM,auto
30,131,1,AM,auto
30,137,1,AM,auto
31,2,2,AM,auto
31,3,4,AM,auto
31,4,1,AM,auto
31,10,1,AM,auto
31,12,2,AM,auto
31,15,1,AM,auto
31,20,4,AM,auto
31,21,9,AM,auto
31,22,11,AM,auto
31,23,7,AM,auto
31,25,93,AM,auto
31,26,45,AM,auto
31,28,5,AM,auto
31,30,22,AM,auto
31,32,66,AM,auto
31,33,5,AM,auto
31,34,3,AM,auto
31,35,1,AM,auto
31,36,18,AM,auto
31,38,31,AM,auto
31,39,16,AM,auto
31,40,10,AM,auto
31,42,13,AM,auto
31,43,6,AM,auto
31,44,2,AM,auto
31,46,4,AM,auto
31,48,3,AM,auto
31,49,1,AM,auto
31,57,10,AM,auto
31,58,9,AM,auto
31,59,2,AM,auto
31,60,8,AM,auto
31,61,6,AM,auto
31,63,3,AM,auto
31,65,2,AM,auto
31,66,1,AM,auto
31,67,81,AM,auto
31,68,7,AM,auto
31,78,1,AM,auto
31,79,1,AM,auto
31,84,1,AM,auto
31,86,1,AM,auto
31,87,13,AM,auto
31,90,2,AM,auto
31,93,2,AM,auto
31,95,2,AM,auto
31,96,19,AM,auto
31,97,2,AM,auto
31,99,1,AM,auto
31,100,1,AM,auto
31,101,1,AM,auto
31,104,1,AM,auto
31,115,1,AM,auto
31,116,5,AM,auto
31,120,14,AM,auto
31,123,3,AM,auto
31,129,1,AM,auto
31,130,2,AM,auto
31,141,1,AM,auto
32,1,1,AM,auto
32,3,21,AM,auto
32,4,2,AM,auto
32,6,3,AM,auto
32,7,1,AM,auto
32,8,1,AM,auto
32,10,1,AM,auto
32,13,2,AM,auto
32,14,2,AM,auto
32,20,3,AM,auto
32,21,3,AM,auto
32,22,18,AM,auto
32,23,5,AM,auto
32,24,7,AM,auto
32,25,77,AM,auto
32,26,80,AM,auto
32,30,34,AM,auto
32,31,18,AM,auto
32,33,7,AM,auto
32,34,4,AM,auto
32,35,7,AM,auto
32,36,27,AM,auto
32,37,3,AM,auto
32,38,45,AM,auto
32,39,38,AM,auto
32,40,16,AM,auto
32,41,3,AM,auto
32,42,22,AM,auto
32,43,5,AM,auto
32,44,2,AM,auto
32,45,1,AM,auto
32,46,2,AM,auto
32,47,1,AM,auto
32,48,12,AM,auto
32,49,4,AM,auto
32,52,1,AM,auto
32,57,18,AM,auto
32,58,26,AM,auto
32,59,1,AM,auto
32,60,37,AM,auto
32,61,10,AM,auto
32,62,2,AM,auto
32,64,1,AM,auto
32,65,2,AM,auto
32,66,1,AM,auto
32,67,123,AM,auto
32,68,29,AM,auto
32,72,1,AM,auto
32,79,4,AM,auto
32,81,2,AM,auto
32,86,7,AM,auto
32,87,33,AM,auto
32,89,1,AM,auto
32,95,3,AM,auto
32,96,46,AM,auto
32,97,15,AM,auto
32,99,2,AM,auto
32,100,2,AM,auto
32,101,1,AM,auto
32,104,1,AM,auto
32,105,1,AM,auto
32,107,1,AM,auto
32,108,2,AM,auto
32,114,1,AM,auto
32,115,1,AM,auto
32,116,1,AM,auto
32,120,25,AM,auto
32,123,7,AM,auto
32,124,1,AM,auto
32,125,1,AM,auto
32,127,1,AM,auto
32,129,1,AM,auto
32,131,2,AM,auto
32,139,2,AM,auto
33,3,30,AM,auto
33,4,14,AM,auto
33,6,1,AM,auto
33,7,1,AM,auto
33,10,2,AM,auto
33,12,2,AM,auto
33,13,2,AM,auto
33,18,1,AM,auto
33,19,1,AM,auto
33,20,2,AM,auto
33,21,3,AM,auto
33,22,11,AM,auto
33,23,6,AM,auto
33,24,3,AM,auto
33,25,74,AM,auto
33,26,90,AM,auto
33,27,4,AM,auto
33,28,8,AM,auto
33,29,3,AM,auto
33,30,37,AM,auto
33,31,13,AM,auto
33,32,122,AM,auto
33,34,9,AM,auto
33,35,11,AM,auto
33,36,41,AM,auto
33,37,6,AM,auto
33,38,86,AM,auto
33,39,60,AM,auto
33,40,35,AM,auto
33,41,5,AM,auto
33,42,41,AM,auto
33,43,30,AM,auto
33,44,4,AM,auto
33,45,8,AM,auto
33,46,1,AM,auto
33,47,18,AM,auto
33,48,24,AM,auto
33,49,3,AM,auto
33,51,2,AM,auto
33,57,46,AM,auto
33,58,25,AM,auto
33,59,2,AM,auto
33,60,40,AM,auto
33,61,41,AM,auto
33,62,6,AM,auto
33,63,6,AM,auto
33,64,11,AM,auto
33,65,9,AM,auto
33,66,5,AM,auto
33,67,241,AM,auto
33,68,19,AM,auto
33,69,2,AM,auto
33,72,4,AM,auto
33,74,3,AM,auto
33,75,1,AM,auto
33,76,1,AM,auto
33,78,2,AM,auto
33,79,2,AM,auto
33,80,2,AM,auto
33,81,1,AM,auto
33,85,3,AM,auto
33,86,7,AM,auto
33,87,63,AM,auto
33,89,1,AM,auto
33,90,8,AM,auto
33,95,10,AM,auto
33,96,94,AM,auto
33,97,24,AM,auto
33,98,3,AM,auto
33,99,11,AM,auto
33,100,3,AM,auto
33,102,3,AM,auto
33,104,2,AM,auto
33,105,1,AM,auto
33,108,1,AM,auto
33,109,1,AM,auto
33,114,1,AM,auto
33,115,1,AM,auto
33,116,6,AM,auto
33,117,1,AM,auto
33,120,44,AM,auto
33,121,7,AM,auto
33,123,8,AM,auto
33,124,2,AM,auto
33,125,1,AM,auto
33,128,1,AM,auto
33,129,2,AM,auto
33,131,1,AM,auto
33,132,1,AM,auto
33,134,1,AM,auto
33,135,3,AM,auto
33,136,2,AM,auto
34,3,12,AM,auto
34,4,5,AM,auto
34,15,1,AM,auto
34,17,3,AM,auto
34,20,15,AM,auto
34,21,9,AM,auto
34,22,27,AM,auto
34,23,9,AM,auto
34,24,2,AM,auto
34,25,99,AM,auto
34,26,52,AM,auto
34,27,2,AM,auto
34,28,4,AM,auto
34,30,27,AM,auto
34,31,9,AM,auto
34,32,92,AM,auto
34,33,13,AM,auto
34,35,5,AM,auto
34,36,55,AM,auto
34,37,3,AM,auto
34,38,69,AM,auto
34,39,59,AM,auto
34,40,13,AM,auto
34,42,23,AM,auto
34,43,19,AM,auto
34,44,1,AM,auto
34,45,3,AM,auto
34,46,4,AM,auto
34,48,9,AM,auto
34,49,2,AM,auto
34,50,1,AM,auto
34,52,5,AM,auto
34,57,23,AM,auto
34,58,34,AM,auto
34,59,3,AM,auto
34,60,15,AM,auto
34,61,18,AM,auto
34,63,3,AM,auto
34,64,2,AM,auto
34,65,5,AM,auto
34,66,6,AM,auto
34,67,142,AM,auto
34,68,30,AM,auto
34,72,1,AM,auto
34,78,2,AM,auto
34,79,2,AM,auto
34,83,1,AM,auto
34,84,1,AM,auto
34,86,1,AM,auto
34,87,30,AM,auto
34,89,2,AM,auto
34,90,3,AM,auto
34,95,1,AM,auto
34,96,36,AM,auto
34,97,13,AM,auto
34,99,7,AM,auto
34,100,6,AM,auto
34,104,2,AM,auto
34,105,1,AM,auto
34,108,2,AM,auto
34,111,2,AM,auto
34,116,1,AM,auto
34,120,22,AM,auto
34,121,2,AM,auto
34,122,1,AM,auto
34,123,8,AM,auto
34,124,1,AM,auto
34,125,2,AM,auto
34,136,1,AM,auto
34,139,2,AM,auto
35,3,20,AM,auto
35,4,15,AM,auto
35,7,1,AM,auto
35,8,3,AM,auto
35,10,2,AM,auto
35,13,1,AM,auto
35,14,2,AM,auto
35,15,3,AM,auto
35,16,3,AM,auto
35,18,3,AM,auto
35,20,3,AM,auto
35,21,4,AM,auto
35,22,14,AM,auto
35,23,4,AM,auto
35,24,4,AM,auto
35,25,93,AM,auto
35,26,122,AM,auto
35,28,6,AM,auto
35,30,19,AM,auto
35,31,10,AM,auto
35,32,80,AM,auto
35,33,14,AM,auto
35,34,3,AM,auto
35,36,28,AM,auto
35,37,2,AM,auto
35,38,51,AM,auto
35,39,67,AM,auto
35,40,16,AM,auto
35,41,7,AM,auto
35,42,18,AM,auto
35,43,11,AM,auto
35,44,4,AM,auto
35,46,4,AM,auto
35,47,1,AM,auto
35,48,7,AM,auto
35,50,1,AM,auto
35,52,3,AM,auto
35,53,1,AM,auto
35,57,56,AM,auto
35,58,29,AM,auto
35,59,2,AM,auto
35,60,58,AM,auto
35,61,18,AM,auto
35,62,3,AM,auto
35,63,3,AM,auto
35,64,5,AM,auto
35,65,8,AM,auto
35,66,2,AM,auto
35,67,219,AM,auto
35,68,20,AM,auto
35,75,1,AM,auto
35,76,1,AM,auto
35,77,1,AM,auto
35,78,2,AM,auto
35,79,14,AM,auto
35,80,4,AM,auto
35,84,1,AM,auto
35,86,18,AM,auto
35,87,54,AM,auto
35,88,2,AM,auto
35,90,9,AM,auto
35,91,1,AM,auto
35,93,1,AM,auto
35,95,6,AM,auto
35,96,84,AM,auto
35,97,12,AM,auto
35,98,2,AM,auto
35,99,5,AM,auto
35,102,2,AM,auto
35,104,2,AM,auto
35,107,1,AM,auto
35,108,1,AM,auto
35,109,1,AM,auto
35,111,1,AM,auto
35,112,1,AM,auto
35,115,2,AM,auto
35,116,5,AM,auto
35,118,1,AM,auto
35,120,42,AM,auto
35,121,1,AM,auto
35,122,1,AM,auto
35,123,3,AM,auto
35,125,4,AM,auto
35,129,2,AM,auto
35,130,1,AM,auto
35,135,1,AM,auto
35,140,1,AM,auto
36,2,5,AM,auto
36,3,20,AM,auto
36,4,12,AM,auto
36,5,1,AM,auto
36,8,1,AM,auto
36,9,3,AM,auto
36,12,2,AM,auto
36,14,1,AM,auto
36,20,11,AM,auto
36,21,11,AM,auto
36,22,20,AM,auto
36,23,9,AM,auto
36,25,92,AM,auto
36,26,87,AM,auto
36,27,3,AM,auto
36,28,8,AM,auto
36,30,62,AM,auto
36,31,19,AM,auto
36,32,129,AM,auto
36,33,14,AM,auto
36,34,7,AM,auto
36,35,6,AM,auto
36,37,5,AM,auto
36,38,63,AM,auto
36,39,56,AM,auto
36,40,29,AM,auto
36,41,4,AM,auto
36,42,31,AM,auto
36,43,22,AM,auto
36,44,4,AM,auto
36,46,4,AM,auto
36,47,3,AM,auto
36,48,5,AM,auto
36,49,1,AM,auto
36,51,1,AM,auto
36,52,1,AM,auto
36,53,1,AM,auto
36,56,1,AM,auto
36,57,29,AM,auto
36,58,20,AM,auto
36,59,1,AM,auto
36,60,20,AM,auto
36,61,9,AM,auto
36,63,2,AM,auto
36,65,2,AM,auto
36,66,6,AM,auto
36,67,128,AM,auto
36,68,24,AM,auto
36,74,3,AM,auto
36,78,4,AM,auto
36,79,10,AM,auto
36,80,2,AM,auto
36,81,1,AM,auto
36,83,1,AM,auto
36,85,2,AM,auto
36,86,6,AM,auto
36,87,30,AM,auto
36,90,4,AM,auto
36,95,1,AM,auto
36,96,45,AM,auto
36,97,12,AM,auto
36,98,1,AM,auto
36,99,8,AM,auto
36,100,7,AM,auto
36,105,2,AM,auto
36,106,1,AM,auto
36,111,1,AM,auto
36,114,1,AM,auto
36,115,1,AM,auto
36,116,1,AM,auto
36,120,43,AM,auto
36,122,1,AM,auto
36,123,8,AM,auto
36,124,1,AM,auto
36,125,7,AM,auto
36,126,1,AM,auto
36,128,3,AM,auto
36,131,1,AM,auto
36,139,4,AM,auto
36,140,1,AM,auto
37,3,3,AM,auto
37,4,7,AM,auto
37,6,3,AM,auto
37,8,1,AM,auto
37,13,1,AM,auto
37,19,1,AM,auto
37,20,10,AM,auto
37,21,5,AM,auto
37,22,20,AM,auto
37,23,8,AM,auto
37,24,3,AM,auto
37,25,59,AM,auto
37,26,38,AM,auto
37,28,1,AM,auto
37,30,24,AM,auto
37,31,11,AM,auto
37,32,52,AM,auto
37,33,6,AM,auto
37,34,14,AM,auto
37,36,30,AM,auto
37,38,36,AM,auto
37,39,31,AM,auto
37,40,23,AM,auto
37,41,3,AM,auto
37,42,22,AM,auto
37,43,8,AM,auto
37,44,11,AM,auto
37,46,8,AM,auto
37,48,4,AM,auto
37,49,4,AM,auto
37,57,3,AM,auto
37,58,11,AM,auto
37,60,12,AM,auto
37,61,4,AM,auto
37,64,2,AM,auto
37,65,5,AM,auto
37,66,1,AM,auto
37,67,70,AM,auto
37,68,18,AM,auto
37,78,3,AM,auto
37,79,2,AM,auto
37,80,2,AM,auto
37,86,1,AM,auto
37,87,9,AM,auto
37,88,1,AM,auto
37,89,1,AM,auto
37,90,1,AM,auto
37,91,2,AM,auto
37,96,20,AM,auto
37,97,2,AM,auto
37,99,5,AM,auto
37,100,2,AM,auto
37,105,1,AM,auto
37,120,23,AM,auto
37,121,1,AM,auto
37,122,1,AM,auto
37,123,1,AM,auto
37,124,1,AM,auto
37,125,7,AM,auto
37,130,1,AM,auto
38,3,2,AM,auto
38,4,2,AM,auto
38,7,2,AM,auto
38,12,3,AM,auto
38,13,1,AM,auto
38,18,1,AM,auto
38,20,5,AM,auto
38,21,1,AM,auto
38,22,6,AM,auto
38,25,24,AM,auto
38,26,20,AM,auto
38,28,2,AM,auto
38,30,9,AM,auto
38,31,1,AM,auto
38,32,19,AM,auto
38,33,4,AM,auto
38,34,2,AM,auto
38,35,1,AM,auto
38,36,1,AM,auto
38,37,3,AM,auto
38,39,14,AM,auto
38,40,4,AM,auto
38,41,1,AM,auto
38,42,10,AM,auto
38,43,5,AM,auto
38,44,3,AM,auto
38,46,7,AM,auto
38,47,2,AM,auto
38,48,10,AM,auto
38,56,1,AM,auto
38,57,16,AM,auto
38,58,19,AM,auto
38,60,11,AM,auto
38,61,8,AM,auto
38,63,4,AM,auto
38,65,1,AM,auto
38,66,2,AM,auto
38,67,52,AM,auto
38,68,2,AM,auto
38,70,2,AM,auto
38,74,2,AM,auto
38,79,2,AM,auto
38,85,1,AM,auto
38,86,4,AM,auto
38,87,30,AM,auto
38,96,32,AM,auto
38,97,9,AM,auto
38,98,1,AM,auto
38,99,1,AM,auto
38,100,5,AM,auto
38,103,1,AM,auto
38,104,1,AM,auto
38,115,5,AM,auto
38,118,1,AM,auto
38,120,29,AM,auto
38,121,2,AM,auto
38,122,1,AM,auto
38,123,4,AM,auto
38,126,1,AM,auto
38,130,1,AM,auto
39,3,8,AM,auto
39,4,5,AM,auto
39,6,5,AM,auto
39,8,2,AM,auto
39,10,1,AM,auto
39,13,3,AM,auto
39,14,3,AM,auto
39,15,2,AM,auto
39,18,2,AM,auto
39,20,10,AM,auto
39,21,3,AM,auto
39,22,9,AM,auto
39,23,5,AM,auto
39,25,54,AM,auto
39,26,35,AM,auto
39,27,3,AM,auto
39,28,5,AM,auto
39,30,13,AM,auto
39,31,13,AM,auto
39,32,57,AM,auto
39,33,8,AM,auto
39,34,2,AM,auto
39,35,6,AM,auto
39,36,15,AM,auto
39,38,125,AM,auto
39,40,33,AM,auto
39,41,1,AM,auto
39,42,22,AM,auto
39,43,15,AM,auto
39,44,2,AM,auto
39,46,1,AM,auto
39,47,4,AM,auto
39,48,11,AM,auto
39,49,3,AM,auto
39,50,2,AM,auto
39,53,1,AM,auto
39,56,1,AM,auto
39,57,52,AM,auto
39,58,42,AM,auto
39,59,2,AM,auto
39,60,36,AM,auto
39,61,15,AM,auto
39,63,7,AM,auto
39,64,5,AM,auto
39,65,4,AM,auto
39,66,1,AM,auto
39,67,158,AM,auto
39,68,20,AM,auto
39,69,1,AM,auto
39,72,1,AM,auto
39,74,2,AM,auto
39,76,3,AM,auto
39,78,4,AM,auto
39,79,9,AM,auto
39,80,2,AM,auto
39,81,2,AM,auto
39,82,1,AM,auto
39,86,2,AM,auto
39,87,23,AM,auto
39,88,1,AM,auto
39,89,1,AM,auto
39,90,4,AM,auto
39,91,3,AM,auto
39,93,1,AM,auto
39,95,2,AM,auto
39,96,82,AM,auto
39,97,23,AM,auto
39,98,1,AM,auto
39,99,18,AM,auto
39,100,7,AM,auto
39,103,1,AM,auto
39,108,5,AM,auto
39,111,2,AM,auto
39,113,2,AM,auto
39,115,2,AM,auto
39,116,5,AM,auto
39,120,60,AM,auto
39,121,9,AM,auto
39,123,4,AM,auto
39,125,7,AM,auto
39,126,1,AM,auto
39,128,1,AM,auto
39,135,1,AM,auto
39,136,1,AM,auto
39,138,1,AM,auto
39,141,3,AM,auto
40,1,2,AM,auto
40,2,3,AM,auto
40,3,26,AM,auto
40,4,11,AM,auto
40,6,7,AM,auto
40,9,5,AM,auto
40,10,2,AM,auto
40,12,1,AM,auto
40,13,5,AM,auto
40,14,2,AM,auto
40,15,3,AM,auto
40,20,10,AM,auto
40,21,9,AM,auto
40,22,15,AM,auto
40,23,10,AM,auto
40,24,12,AM,auto
40,25,89,AM,auto
40,26,106,AM,auto
40,27,2,AM,auto
40,28,3,AM,auto
40,29,1,AM,auto
40,30,57,AM,auto
40,31,14,AM,auto
40,32,110,AM,auto
40,33,19,AM,auto
40,34,11,AM,auto
40,35,11,AM,auto
40,36,30,AM,auto
40,37,1,AM,auto
40,38,113,AM,auto
40,39,104,AM,auto
40,41,13,AM,auto
40,42,44,AM,auto
40,43,16,AM,auto
40,44,21,AM,auto
40,45,5,AM,auto
40,46,10,AM,auto
40,47,7,AM,auto
40,48,10,AM,auto
40,49,6,AM,auto
40,50,1,AM,auto
40,51,1,AM,auto
40,53,2,AM,auto
40,56,1,AM,auto
40,57,70,AM,auto
40,58,134,AM,auto
40,59,13,AM,auto
40,60,57,AM,auto
40,61,45,AM,auto
40,62,1,AM,auto
40,63,3,AM,auto
40,64,9,AM,auto
40,65,9,AM,auto
40,66,11,AM,auto
40,67,321,AM,auto
40,68,44,AM,auto
40,69,1,AM,auto
40,72,2,AM,auto
40,75,1,AM,auto
40,76,2,AM,auto
40,77,1,AM,auto
40,78,3,AM,auto
40,79,24,AM,auto
40,80,4,AM,auto
40,81,2,AM,auto
40,84,1,AM,auto
40,86,11,AM,auto
40,87,94,AM,auto
40,89,2,AM,auto
40,90,10,AM,auto
40,91,1,AM,auto
40,93,2,AM,auto
40,94,3,AM,auto
40,95,12,AM,auto
40,96,124,AM,auto
40,97,21,AM,auto
40,98,2,AM,auto
40,99,31,AM,auto
40,100,9,AM,auto
40,102,1,AM,auto
40,104,4,AM,auto
40,105,1,AM,auto
40,106,1,AM,auto
40,107,5,AM,auto
40,108,2,AM,auto
40,114,2,AM,auto
40,115,5,AM,auto
40,116,10,AM,auto
40,117,2,AM,auto
40,118,2,AM,auto
40,120,98,AM,auto
40,121,4,AM,auto
40,123,7,AM,auto
40,124,2,AM,auto
40,125,3,AM,auto
40,129,4,AM,auto
40,131,2,AM,auto
40,134,1,AM,auto
40,139,4,AM,auto
41,1,1,AM,auto
41,3,9,AM,auto
41,4,11,AM,auto
41,6,2,AM,auto
41,7,1,AM,auto
41,8,1,AM,auto
41,9,1,AM,auto
41,10,3,AM,auto
41,12,1,AM,auto
41,15,2,AM,auto
41,20,37,AM,auto
41,21,11,AM,auto
41,22,30,AM,auto
41,23,10,AM,auto
41,24,2,AM,auto
41,25,82,AM,auto
41,26,35,AM,auto
41,27,2,AM,auto
41,28,2,AM,auto
41,29,1,AM,auto
41,30,35,AM,auto
41,31,12,AM,auto
41,32,71,AM,auto
41,33,10,AM,auto
41,34,13,AM,auto
41,35,4,AM,auto
41,36,24,AM,auto
41,37,3,AM,auto
41,38,95,AM,auto
41,39,69,AM,auto
41,40,42,AM,auto
41,42,42,AM,auto
41,43,13,AM,auto
41,44,8,AM,auto
41,45,1,AM,auto
41,46,5,AM,auto
41,47,2,AM,auto
41,48,4,AM,auto
41,49,3,AM,auto
41,50,2,AM,auto
41,57,25,AM,auto
41,58,45,AM,auto
41,59,2,AM,auto
41,60,38,AM,auto
41,61,16,AM,auto
41,62,3,AM,auto
41,64,1,AM,auto
41,65,2,AM,auto
41,66,6,AM,auto
41,67,202,AM,auto
41,68,36,AM,auto
41,75,1,AM,auto
41,78,4,AM,auto
41,79,9,AM,auto
41,80,2,AM,auto
41,81,1,AM,auto
41,82,2,AM,auto
41,84,2,AM,auto
41,86,7,AM,auto
41,87,39,AM,auto
41,90,12,AM,auto
41,96,53,AM,auto
41,97,8,AM,auto
41,99,9,AM,auto
41,100,8,AM,auto
41,104,3,AM,auto
41,105,4,AM,auto
41,107,1,AM,auto
41,111,1,AM,auto
41,112,1,AM,auto
41,114,1,AM,auto
41,116,1,AM,auto
41,120,46,AM,auto
41,121,5,AM,auto
41,123,10,AM,auto
41,124,1,AM,auto
41,131,2,AM,auto
41,138,1,AM,auto
41,141,2,AM,auto
42,2,4,AM,auto
42,3,13,AM,auto
42,4,6,AM,auto
42,5,1,AM,auto
42,6,2,AM,auto
42,7,3,AM,auto
42,10,1,AM,auto
42,14,1,AM,auto
42,16,1,AM,auto
42,18,2,AM,auto
42,20,11,AM,auto
42,21,7,AM,auto
42,22,16,AM,auto
42,23,11,AM,auto
42,24,1,AM,auto
42,25,97,AM,auto
42,26,47,AM,auto
42,27,3,AM,auto
42,28,13,AM,auto
42,30,39,AM,auto
42,31,10,AM,auto
42,32,130,AM,auto
42,33,17,AM,auto
42,34,22,AM,auto
42,35,1,AM,auto
42,36,42,AM,auto
42,37,4,AM,auto
42,38,105,AM,auto
42,39,99,AM,auto
42,40,52,AM,auto
42,41,4,AM,auto
42,43,24,AM,auto
42,44,9,AM,auto
42,45,1,AM,auto
42,46,6,AM,auto
42,48,5,AM,auto
42,49,4,AM,auto
42,50,2,AM,auto
42,51,1,AM,auto
42,57,36,AM,auto
42,58,42,AM,auto
42,59,4,AM,auto
42,60,49,AM,auto
42,61,25,AM,auto
42,62,2,AM,auto
42,63,1,AM,auto
42,64,2,AM,auto
42,65,8,AM,auto
42,66,5,AM,auto
42,67,204,AM,auto
42,68,38,AM,auto
42,74,2,AM,auto
42,78,2,AM,auto
42,79,8,AM,auto
42,80,3,AM,auto
42,81,2,AM,auto
42,84,1,AM,auto
42,85,3,AM,auto
42,86,14,AM,auto
42,87,37,AM,auto
42,88,1,AM,auto
42,89,1,AM,auto
42,90,2,AM,auto
42,94,3,AM,auto
42,95,11,AM,auto
42,96,59,AM,auto
42,97,27,AM,auto
42,98,1,AM,auto
42,99,10,AM,auto
42,100,5,AM,auto
42,103,1,AM,auto
42,104,1,AM,auto
42,105,2,AM,auto
42,108,1,AM,auto
42,114,3,AM,auto
42,115,4,AM,auto
42,116,10,AM,auto
42,117,1,AM,auto
42,120,51,AM,auto
42,121,3,AM,auto
42,123,4,AM,auto
42,124,1,AM,auto
42,125,3,AM,auto
42,129,1,AM,auto
42,131,2,AM,auto
42,132,1,AM,auto
42,139,2,AM,auto
43,2,1,AM,auto
43,3,13,AM,auto
43,4,4,AM,auto
43,7,2,AM,auto
43,8,3,AM,auto
43,10,2,AM,auto
43,13,1,AM,auto
43,14,1,AM,auto
43,18,1,AM,auto
43,20,3,AM,auto
43,21,12,AM,auto
43,22,15,AM,auto
43,23,3,AM,auto
43,25,54,AM,auto
43,26,40,AM,auto
43,28,1,AM,auto
43,29,1,AM,auto
43,30,16,AM,auto
43,31,5,AM,auto
43,32,47,AM,auto
43,33,10,AM,auto
43,34,4,AM,auto
43,35,2,AM,auto
43,36,19,AM,auto
43,37,1,AM,auto
43,38,29,AM,auto
43,39,43,AM,auto
43,40,19,AM,auto
43,42,39,AM,auto
43,44,9,AM,auto
43,45,2,AM,auto
43,46,3,AM,auto
43,47,2,AM,auto
43,48,5,AM,auto
43,50,1,AM,auto
43,51,1,AM,auto
43,57,17,AM,auto
43,58,23,AM,auto
43,59,1,AM,auto
43,60,24,AM,auto
43,61,12,AM,auto
43,62,6,AM,auto
43,64,3,AM,auto
43,65,5,AM,auto
43,66,3,AM,auto
43,67,86,AM,auto
43,68,24,AM,auto
43,74,2,AM,auto
43,78,8,AM,auto
43,79,13,AM,auto
43,80,1,AM,auto
43,81,1,AM,auto
43,82,1,AM,auto
43,84,2,AM,auto
43,86,9,AM,auto
43,87,26,AM,auto
43,88,1,AM,auto
43,89,4,AM,auto
43,90,10,AM,auto
43,95,1,AM,auto
43,96,31,AM,auto
43,97,24,AM,auto
43,99,4,AM,auto
43,100,2,AM,auto
43,102,1,AM,auto
43,114,1,AM,auto
43,116,4,AM,auto
43,120,27,AM,auto
43,121,3,AM,auto
43,123,3,AM,auto
43,125,4,AM,auto
43,129,1,AM,auto
43,131,1,AM,auto
43,132,1,AM,auto
44,1,1,AM,auto
44,2,2,AM,auto
44,3,16,AM,auto
44,4,11,AM,auto
44,5,5,AM,auto
44,6,1,AM,auto
44,10,3,AM,auto
44,12,4,AM,auto
44,14,1,AM,auto
44,20,15,AM,auto
44,21,5,AM,auto
44,22,21,AM,auto
44,23,12,AM,auto
44,24,4,AM,auto
44,25,64,AM,auto
44,26,29,AM,auto
44,28,1,AM,auto
44,29,2,AM,auto
44,30,17,AM,auto
44,31,14,AM,auto
44,32,62,AM,auto
44,33,14,AM,auto
44,34,3,AM,auto
44,35,8,AM,auto
44,36,23,AM,auto
44,37,3,AM,auto
44,38,72,AM,auto
44,39,51,AM,auto
44,40,55,AM,auto
44,41,3,AM,auto
44,42,40,AM,auto
44,43,7,AM,auto
44,45,10,AM,auto
44,46,9,AM,auto
44,47,1,AM,auto
44,48,14,AM,auto
44,49,8,AM,auto
44,50,7,AM,auto
44,51,3,AM,auto
44,53,1,AM,auto
44,56,2,AM,auto
44,57,53,AM,auto
44,58,46,AM,auto
44,59,4,AM,auto
44,60,33,AM,auto
44,61,19,AM,auto
44,62,2,AM,auto
44,63,1,AM,auto
44,64,3,AM,auto
44,65,8,AM,auto
44,66,7,AM,auto
44,67,137,AM,auto
44,68,32,AM,auto
44,70,1,AM,auto
44,72,2,AM,auto
44,74,4,AM,auto
44,75,3,AM,auto
44,77,1,AM,auto
44,78,1,AM,auto
44,79,7,AM,auto
44,80,2,AM,auto
44,81,2,AM,auto
44,85,3,AM,auto
44,86,10,AM,auto
44,87,91,AM,auto
44,89,7,AM,auto
44,90,6,AM,auto
44,92,1,AM,auto
44,94,3,AM,auto
44,95,13,AM,auto
44,96,76,AM,auto
44,97,19,AM,auto
44,98,3,AM,auto
44,99,13,AM,auto
44,100,3,AM,auto
44,101,1,AM,auto
44,104,3,AM,auto
44,105,1,AM,auto
44,107,1,AM,auto
44,108,2,AM,auto
44,110,1,AM,auto
44,112,2,AM,auto
44,113,1,AM,auto
44,114,5,AM,auto
44,115,3,AM,auto
44,116,7,AM,auto
44,117,2,AM,auto
44,120,45,AM,auto
44,121,3,AM,auto
44,122,6,AM,auto
44,123,16,AM,auto
44,125,6,AM,auto
44,129,3,AM,auto
44,130,2,AM,auto
44,131,5,AM,auto
44,132,2,AM,auto
44,134,1,AM,auto
44,136,4,AM,auto
44,139,1,AM,auto
44,140,1,AM,auto
45,3,6,AM,auto
45,4,3,AM,auto
45,7,2,AM,auto
45,8,1,AM,auto
45,9,1,AM,auto
45,10,1,AM,auto
45,13,1,AM,auto
45,15,7,AM,auto
45,18,1,AM,auto
45,21,1,AM,auto
45,22,13,AM,auto
45,23,6,AM,auto
45,25,26,AM,auto
45,26,19,AM,auto
45,27,2,AM,auto
45,28,1,AM,auto
45,30,2,AM,auto
45,31,3,AM,auto
45,32,40,AM,auto
45,33,2,AM,auto
45,34,2,AM,auto
45,35,5,AM,auto
45,36,9,AM,auto
45,38,15,AM,auto
45,39,33,AM,auto
45,40,28,AM,auto
45,41,1,AM,auto
45,42,18,AM,auto
45,43,8,AM,auto
45,44,18,AM,auto
45,46,17,AM,auto
45,48,3,AM,auto
45,49,2,AM,auto
45,50,1,AM,auto
45,51,1,AM,auto
45,54,1,AM,auto
45,56,2,AM,auto
45,57,8,AM,auto
45,58,18,AM,auto
45,59,1,AM,auto
45,60,11,AM,auto
45,61,10,AM,auto
45,63,2,AM,auto
45,64,4,AM,auto
45,65,7,AM,auto
45,66,2,AM,auto
45,67,59,AM,auto
45,68,4,AM,auto
45,69,1,AM,auto
45,76,1,AM,auto
45,78,2,AM,auto
45,79,9,AM,auto
45,81,1,AM,auto
45,83,1,AM,auto
45,86,8,AM,auto
45,87,28,AM,auto
45,88,2,AM,auto
45,89,3,AM,auto
45,90,6,AM,auto
45,91,3,AM,auto
45,94,2,AM,auto
45,95,2,AM,auto
45,96,30,AM,auto
45,97,5,AM,auto
45,99,8,AM,auto
45,100,6,AM,auto
45,102,3,AM,auto
45,104,1,AM,auto
45,105,2,AM,auto
45,108,4,AM,auto
45,111,2,AM,auto
45,113,1,AM,auto
45,116,5,AM,auto
45,120,9,AM,auto
45,121,2,AM,auto
45,123,6,AM,auto
45,125,2,AM,auto
45,129,1,AM,auto
45,138,1,AM,auto
46,3,17,AM,auto
46,4,4,AM,auto
46,6,1,AM,auto
46,7,3,AM,auto
46,8,2,AM,auto
46,9,1,AM,auto
46,15,1,AM,auto
46,20,22,AM,auto
46,21,14,AM,auto
46,22,23,AM,auto
46,23,7,AM,auto
46,24,5,AM,auto
46,25,70,AM,auto
46,26,45,AM,auto
46,28,2,AM,auto
46,30,41,AM,auto
46,31,11,AM,auto
46,32,59,AM,auto
46,33,12,AM,auto
46,34,13,AM,auto
46,35,6,AM,auto
46,36,37,AM,auto
46,37,4,AM,auto
46,38,76,AM,auto
46,39,51,AM,auto
46,40,58,AM,auto
46,41,9,AM,auto
46,42,36,AM,auto
46,43,13,AM,auto
46,44,13,AM,auto
46,45,15,AM,auto
46,48,8,AM,auto
46,49,5,AM,auto
46,50,2,AM,auto
46,51,1,AM,auto
46,57,38,AM,auto
46,58,52,AM,auto
46,59,2,AM,auto
46,60,32,AM,auto
46,61,22,AM,auto
46,62,4,AM,auto
46,63,3,AM,auto
46,64,5,AM,auto
46,65,10,AM,auto
46,66,6,AM,auto
46,67,130,AM,auto
46,68,42,AM,auto
46,70,1,AM,auto
46,74,2,AM,auto
46,76,1,AM,auto
46,77,1,AM,auto
46,79,8,AM,auto
46,80,7,AM,auto
46,82,1,AM,auto
46,84,2,AM,auto
46,85,1,AM,auto
46,86,1,AM,auto
46,87,33,AM,auto
46,90,1,AM,auto
46,95,7,AM,auto
46,96,60,AM,auto
46,97,17,AM,auto
46,98,1,AM,auto
46,99,12,AM,auto
46,100,7,AM,auto
46,104,1,AM,auto
46,108,3,AM,auto
46,115,2,AM,auto
46,116,5,AM,auto
46,117,2,AM,auto
46,120,35,AM,auto
46,121,2,AM,auto
46,122,1,AM,auto
46,123,6,AM,auto
46,124,1,AM,auto
46,125,3,AM,auto
46,126,2,AM,auto
46,131,4,AM,auto
46,132,4,AM,auto
46,135,1,AM,auto
46,136,1,AM,auto
46,139,1,AM,auto
47,2,1,AM,auto
47,3,14,AM,auto
47,4,6,AM,auto
47,6,2,AM,auto
47,7,5,AM,auto
47,8,2,AM,auto
47,9,1,AM,auto
47,10,1,AM,auto
47,13,6,AM,auto
47,15,2,AM,auto
47,17,1,AM,auto
47,19,1,AM,auto
47,20,4,AM,auto
47,21,2,AM,auto
47,22,8,AM,auto
47,23,4,AM,auto
47,24,2,AM,auto
47,25,78,AM,auto
47,26,52,AM,auto
47,28,2,AM,auto
47,29,1,AM,auto
47,30,14,AM,auto
47,31,8,AM,auto
47,32,73,AM,auto
47,33,28,AM,auto
47,34,6,AM,auto
47,35,3,AM,auto
47,36,24,AM,auto
47,38,109,AM,auto
47,39,56,AM,auto
47,40,15,AM,auto
47,41,1,AM,auto
47,42,8,AM,auto
47,43,1,AM,auto
47,44,3,AM,auto
47,46,6,AM,auto
47,48,25,AM,auto
47,49,2,AM,auto
47,57,40,AM,auto
47,58,42,AM,auto
47,59,3,AM,auto
47,60,23,AM,auto
47,61,17,AM,auto
47,62,3,AM,auto
47,63,9,AM,auto
47,64,3,AM,auto
47,65,8,AM,auto
47,66,8,AM,auto
47,67,92,AM,auto
47,68,27,AM,auto
47,70,2,AM,auto
47,74,3,AM,auto
47,76,1,AM,auto
47,78,3,AM,auto
47,79,4,AM,auto
47,80,1,AM,auto
47,81,1,AM,auto
47,85,1,AM,auto
47,86,6,AM,auto
47,87,46,AM,auto
47,89,2,AM,auto
47,90,2,AM,auto
47,93,1,AM,auto
47,95,8,AM,auto
47,96,68,AM,auto
47,97,21,AM,auto
47,99,9,AM,auto
47,100,5,AM,auto
47,105,2,AM,auto
47,111,1,AM,auto
47,115,3,AM,auto
47,116,14,AM,auto
47,117,2,AM,auto
47,120,44,AM,auto
47,123,9,AM,auto
47,124,1,AM,auto
47,129,2,AM,auto
47,131,1,AM,auto
47,136,1,AM,auto
48,2,4,AM,auto
48,3,8,AM,auto
48,4,11,AM,auto
48,5,1,AM,auto
48,6,1,AM,auto
48,7,4,AM,auto
48,8,2,AM,auto
48,9,2,AM,auto
48,12,4,AM,auto
48,13,1,AM,auto
48,15,1,AM,auto
48,20,10,AM,auto
48,21,12,AM,auto
48,22,24,AM,auto
48,23,1,AM,auto
48,24,6,AM,auto
48,25,64,AM,auto
48,26,56,AM,auto
48,28,5,AM,auto
48,30,11,AM,auto
48,31,15,AM,auto
48,32,58,AM,auto
48,33,17,AM,auto
48,34,11,AM,auto
48,35,1,AM,auto
48,36,13,AM,auto
48,37,2,AM,auto
48,38,84,AM,auto
48,39,85,AM,auto
48,40,27,AM,auto
48,41,1,AM,auto
48,42,15,AM,auto
48,43,13,AM,auto
48,44,9,AM,auto
48,46,10,AM,auto
48,47,9,AM,auto
48,49,1,AM,auto
48,57,41,AM,auto
48,58,106,AM,auto
48,59,4,AM,auto
48,60,29,AM,auto
48,61,45,AM,auto
48,63,18,AM,auto
48,64,7,AM,auto
48,65,10,AM,auto
48,66,9,AM,auto
48,67,180,AM,auto
48,68,39,AM,auto
48,75,2,AM,auto
48,76,1,AM,auto
48,77,2,AM,auto
48,78,7,AM,auto
48,79,4,AM,auto
48,80,4,AM,auto
48,81,2,AM,auto
48,83,1,AM,auto
48,84,2,AM,auto
48,85,1,AM,auto
48,86,4,AM,auto
48,87,39,AM,auto
48,89,2,AM,auto
48,90,6,AM,auto
48,93,1,AM,auto
48,95,11,AM,auto
48,96,66,AM,auto
48,97,23,AM,auto
48,99,6,AM,auto
48,100,3,AM,auto
48,104,3,AM,auto
48,105,3,AM,auto
48,107,3,AM,auto
48,108,3,AM,auto
48,111,1,AM,auto
48,114,4,AM,auto
48,115,3,AM,auto
48,116,3,AM,auto
48,117,4,AM,auto
48,118,5,AM,auto
48,120,40,AM,auto
48,121,2,AM,auto
48,123,4,AM,auto
48,124,1,AM,auto
48,131,3,AM,auto
48,139,1,AM,auto
49,3,4,AM,auto
49,8,1,AM,auto
49,9,5,AM,auto
49,10,1,AM,auto
49,18,1,AM,auto
49,20,3,AM,auto
49,21,3,AM,auto
49,22,10,AM,auto
49,24,3,AM,auto
49,25,1,AM,auto
49,26,3,AM,auto
49,27,2,AM,auto
49,28,1,AM,auto
49,31,2,AM,auto
49,32,7,AM,auto
49,35,9,AM,auto
49,36,7,AM,auto
49,38,5,AM,auto
49,39,14,AM,auto
49,40,6,AM,auto
49,41,4,AM,auto
49,42,2,AM,auto
49,43,2,AM,auto
49,44,7,AM,auto
49,48,3,AM,auto
49,50,1,AM,auto
49,51,1,AM,auto
49,52,1,AM,auto
49,53,1,AM,auto
49,57,2,AM,auto
49,58,7,AM,auto
49,60,6,AM,auto
49,61,3,AM,auto
49,64,1,AM,auto
49,67,15,AM,auto
49,68,3,AM,auto
49,74,2,AM,auto
49,75,4,AM,auto
49,76,2,AM,auto
49,77,1,AM,auto
49,78,6,AM,auto
49,79,9,AM,auto
49,80,1,AM,auto
49,86,4,AM,auto
49,87,22,AM,auto
49,89,1,AM,auto
49,90,2,AM,auto
49,95,2,AM,auto
49,96,15,AM,auto
49,97,6,AM,auto
49,98,1,AM,auto
49,99,3,AM,auto
49,102,4,AM,auto
49,103,1,AM,auto
49,108,5,AM,auto
49,114,1,AM,auto
49,118,1,AM,auto
49,120,4,AM,auto
49,121,3,AM,auto
49,123,10,AM,auto
49,124,2,AM,auto
49,129,1,AM,auto
49,132,1,AM,auto
49,138,1,AM,auto
49,139,1,AM,auto
50,1,2,AM,auto
50,2,4,AM,auto
50,3,10,AM,auto
50,4,7,AM,auto
50,5,1,AM,auto
50,7,3,AM,auto
50,10,5,AM,auto
50,14,1,AM,auto
50,15,11,AM,auto
50,18,2,AM,auto
50,20,2,AM,auto
50,21,15,AM,auto
50,22,6,AM,auto
50,23,7,AM,auto
50,24,4,AM,auto
50,25,33,AM,auto
50,26,20,AM,auto
50,27,2,AM,auto
50,28,3,AM,auto
50,30,7,AM,auto
50,31,5,AM,auto
50,32,43,AM,auto
50,33,7,AM,auto
50,34,4,AM,auto
50,35,15,AM,auto
50,36,10,AM,auto
50,37,1,AM,auto
50,38,24,AM,auto
50,39,30,AM,auto
50,40,56,AM,auto
50,41,5,AM,auto
50,42,13,AM,auto
50,43,4,AM,auto
50,44,11,AM,auto
50,45,3,AM,auto
50,46,6,AM,auto
50,47,3,AM,auto
50,48,2,AM,auto
50,49,9,AM,auto
50,52,1,AM,auto
50,53,1,AM,auto
50,54,1,AM,auto
50,56,9,AM,auto
50,57,19,AM,auto
50,58,25,AM,auto
50,59,1,AM,auto
50,60,17,AM,auto
50,61,15,AM,auto
50,62,5,AM,auto
50,63,3,AM,auto
50,64,7,AM,auto
50,65,2,AM,auto
50,66,3,AM,auto
50,67,71,AM,auto
50,68,23,AM,auto
50,69,2,AM,auto
50,71,2,AM,auto
50,72,4,AM,auto
50,74,1,AM,auto
50,75,1,AM,auto
50,76,5,AM,auto
50,77,3,AM,auto
50,78,7,AM,auto
50,79,23,AM,auto
50,80,3,AM,auto
50,82,1,AM,auto
50,85,7,AM,auto
50,86,21,AM,auto
50,87,68,AM,auto
50,88,3,AM,auto
50,89,1,AM,auto
50,90,5,AM,auto
50,91,1,AM,auto
50,95,7,AM,auto
50,96,47,AM,auto
50,97,19,AM,auto
50,98,5,AM,auto
50,99,11,AM,auto
50,100,5,AM,auto
50,102,2,AM,auto
50,104,2,AM,auto
50,105,2,AM,auto
50,111,4,AM,auto
50,112,1,AM,auto
50,113,1,AM,auto
50,114,3,AM,auto
50,115,1,AM,auto
50,116,9,AM,auto
50,117,1,AM,auto
50,120,14,AM,auto
50,121,9,AM,auto
50,122,1,AM,auto
50,123,18,AM,auto
50,124,1,AM,auto
50,125,8,AM,auto
50,129,6,AM,auto
50,131,4,AM,auto
50,137,2,AM,auto
50,138,20,AM,auto
50,139,9,AM,auto
50,140,1,AM,auto
51,3,8,AM,auto
51,4,2,AM,auto
51,7,8,AM,auto
51,9,1,AM,auto
51,10,3,AM,auto
51,14,1,AM,auto
51,15,3,AM,auto
51,18,1,AM,auto
51,20,3,AM,auto
51,21,1,AM,auto
51,22,6,AM,auto
51,23,3,AM,auto
51,25,12,AM,auto
51,26,11,AM,auto
51,27,1,AM,auto
51,30,2,AM,auto
51,31,1,AM,auto
51,32,5,AM,auto
51,33,10,AM,auto
51,35,7,AM,auto
51,36,5,AM,auto
51,38,10,AM,auto
51,39,13,AM,auto
51,40,20,AM,auto
51,41,1,AM,auto
51,42,7,AM,auto
51,43,3,AM,auto
51,44,6,AM,auto
51,45,1,AM,auto
51,47,1,AM,auto
51,48,3,AM,auto
51,49,12,AM,auto
51,50,1,AM,auto
51,52,4,AM,auto
51,56,4,AM,auto
51,57,9,AM,auto
51,58,8,AM,auto
51,59,3,AM,auto
51,60,6,AM,auto
51,61,6,AM,auto
51,63,3,AM,auto
51,64,4,AM,auto
51,65,3,AM,auto
51,67,29,AM,auto
51,68,3,AM,auto
51,69,1,AM,auto
51,70,1,AM,auto
51,71,1,AM,auto
51,72,1,AM,auto
51,73,6,AM,auto
51,74,1,AM,auto
51,75,3,AM,auto
51,78,3,AM,auto
51,79,4,AM,auto
51,81,1,AM,auto
51,83,1,AM,auto
51,85,1,AM,auto
51,86,11,AM,auto
51,87,58,AM,auto
51,88,2,AM,auto
51,89,10,AM,auto
51,90,6,AM,auto
51,92,1,AM,auto
51,93,1,AM,auto
51,95,1,AM,auto
51,96,28,AM,auto
51,97,11,AM,auto
51,99,7,AM,auto
51,100,1,AM,auto
51,102,1,AM,auto
51,105,2,AM,auto
51,107,3,AM,auto
51,108,2,AM,auto
51,111,4,AM,auto
51,115,2,AM,auto
51,116,1,AM,auto
51,117,1,AM,auto
51,120,1,AM,auto
51,121,7,AM,auto
51,122,2,AM,auto
51,123,18,AM,auto
51,124,2,AM,auto
51,128,1,AM,auto
51,129,4,AM,auto
51,131,4,AM,auto
51,132,3,AM,auto
51,133,1,AM,auto
51,135,1,AM,auto
51,137,4,AM,auto
51,139,3,AM,auto
52,1,1,AM,auto
52,3,2,AM,auto
52,4,4,AM,auto
52,7,1,AM,auto
52,8,4,AM,auto
52,9,1,AM,auto
52,10,1,AM,auto
52,13,1,AM,auto
52,14,2,AM,auto
52,15,3,AM,auto
52,16,1,AM,auto
52,18,3,AM,auto
52,19,1,AM,auto
52,20,1,AM,auto
52,21,1,AM,auto
52,23,2,AM,auto
52,25,6,AM,auto
52,26,6,AM,auto
52,27,1,AM,auto
52,28,1,AM,auto
52,30,3,AM,auto
52,31,1,AM,auto
52,32,12,AM,auto
52,34,2,AM,auto
52,35,3,AM,auto
52,36,2,AM,auto
52,38,18,AM,auto
52,39,10,AM,auto
52,40,6,AM,auto
52,41,3,AM,auto
52,42,4,AM,auto
52,43,1,AM,auto
52,44,6,AM,auto
52,46,1,AM,auto
52,47,5,AM,auto
52,48,3,AM,auto
52,49,1,AM,auto
52,51,5,AM,auto
52,53,1,AM,auto
52,54,4,AM,auto
52,57,10,AM,auto
52,58,6,AM,auto
52,59,3,AM,auto
52,60,15,AM,auto
52,61,13,AM,auto
52,62,3,AM,auto
52,63,1,AM,auto
52,64,4,AM,auto
52,66,6,AM,auto
52,67,43,AM,auto
52,68,3,AM,auto
52,70,1,AM,auto
52,71,1,AM,auto
52,75,4,AM,auto
52,76,1,AM,auto
52,77,1,AM,auto
52,79,7,AM,auto
52,80,4,AM,auto
52,81,2,AM,auto
52,83,2,AM,auto
52,84,1,AM,auto
52,86,8,AM,auto
52,87,43,AM,auto
52,88,3,AM,auto
52,89,2,AM,auto
52,91,1,AM,auto
52,95,2,AM,auto
52,96,37,AM,auto
52,97,9,AM,auto
52,98,1,AM,auto
52,99,3,AM,auto
52,100,2,AM,auto
52,108,1,AM,auto
52,114,3,AM,auto
52,115,6,AM,auto
52,116,2,AM,auto
52,117,1,AM,auto
52,120,6,AM,auto
52,121,3,AM,auto
52,122,1,AM,auto
52,123,12,AM,auto
52,128,1,AM,auto
52,129,6,AM,auto
52,130,2,AM,auto
52,131,4,AM,auto
52,137,2,AM,auto
52,138,2,AM,auto
52,139,3,AM,auto
53,1,4,AM,auto
53,3,3,AM,auto
53,4,1,AM,auto
53,6,1,AM,auto
53,8,2,AM,auto
53,9,2,AM,auto
53,10,1,AM,auto
53,15,4,AM,auto
53,20,1,AM,auto
53,21,1,AM,auto
53,22,4,AM,auto
53,23,1,AM,auto
53,24,2,AM,auto
53,25,17,AM,auto
53,26,11,AM,auto
53,27,4,AM,auto
53,28,3,AM,auto
53,30,5,AM,auto
53,31,8,AM,auto
53,32,39,AM,auto
53,33,3,AM,auto
53,34,2,AM,auto
53,35,8,AM,auto
53,36,8,AM,auto
53,38,17,AM,auto
53,39,35,AM,auto
53,40,25,AM,auto
53,42,11,AM,auto
53,43,5,AM,auto
53,44,8,AM,auto
53,45,1,AM,auto
53,46,3,AM,auto
53,47,2,AM,auto
53,48,5,AM,auto
53,49,13,AM,auto
53,50,3,AM,auto
53,56,9,AM,auto
53,57,11,AM,auto
53,58,10,AM,auto
53,59,2,AM,auto
53,60,5,AM,auto
53,61,18,AM,auto
53,62,2,AM,auto
53,63,2,AM,auto
53,64,2,AM,auto
53,65,2,AM,auto
53,66,3,AM,auto
53,67,53,AM,auto
53,68,10,AM,auto
53,71,2,AM,auto
53,73,1,AM,auto
53,74,1,AM,auto
53,75,8,AM,auto
53,76,3,AM,auto
53,77,3,AM,auto
53,78,5,AM,auto
53,79,15,AM,auto
53,80,6,AM,auto
53,82,4,AM,auto
53,83,1,AM,auto
53,85,3,AM,auto
53,86,22,AM,auto
53,87,85,AM,auto
53,88,1,AM,auto
53,89,5,AM,auto
53,90,8,AM,auto
53,91,1,AM,auto
53,93,2,AM,auto
53,95,4,AM,auto
53,96,49,AM,auto
53,97,19,AM,auto
53,98,4,AM,auto
53,99,9,AM,auto
53,102,1,AM,auto
53,103,1,AM,auto
53,104,2,AM,auto
53,105,4,AM,auto
53,108,2,AM,auto
53,110,1,AM,auto
53,114,4,AM,auto
53,115,2,AM,auto
53,116,2,AM,auto
53,117,1,AM,auto
53,120,9,AM,auto
53,121,5,AM,auto
53,123,9,AM,auto
53,125,3,AM,auto
53,127,1,AM,auto
53,128,1,AM,auto
53,129,4,AM,auto
53,130,4,AM,auto
53,131,2,AM,auto
53,132,2,AM,auto
53,136,2,AM,auto
53,139,2,AM,auto
54,2,3,AM,auto
54,3,1,AM,auto
54,4,3,AM,auto
54,7,6,AM,auto
54,10,5,AM,auto
54,12,1,AM,auto
54,14,1,AM,auto
54,15,8,AM,auto
54,18,7,AM,auto
54,21,2,AM,auto
54,22,3,AM,auto
54,23,2,AM,auto
54,25,14,AM,auto
54,26,4,AM,auto
54,27,2,AM,auto
54,28,1,AM,auto
54,30,7,AM,auto
54,31,3,AM,auto
54,32,21,AM,auto
54,33,4,AM,auto
54,34,1,AM,auto
54,35,7,AM,auto
54,36,6,AM,auto
54,37,1,AM,auto
54,38,9,AM,auto
54,39,33,AM,auto
54,40,12,AM,auto
54,41,4,AM,auto
54,42,8,AM,auto
54,43,4,AM,auto
54,44,8,AM,auto
54,45,4,AM,auto
54,46,2,AM,auto
54,47,4,AM,auto
54,48,5,AM,auto
54,49,7,AM,auto
54,51,3,AM,auto
54,52,2,AM,auto
54,53,3,AM,auto
54,57,8,AM,auto
54,58,10,AM,auto
54,59,4,AM,auto
54,60,8,AM,auto
54,61,10,AM,auto
54,62,2,AM,auto
54,63,2,AM,auto
54,64,4,AM,auto
54,65,3,AM,auto
54,66,3,AM,auto
54,67,37,AM,auto
54,68,7,AM,auto
54,69,2,AM,auto
54,72,2,AM,auto
54,73,1,AM,auto
54,74,1,AM,auto
54,75,11,AM,auto
54,76,1,AM,auto
54,78,9,AM,auto
54,79,18,AM,auto
54,80,3,AM,auto
54,81,1,AM,auto
54,82,1,AM,auto
54,83,1,AM,auto
54,86,22,AM,auto
54,87,60,AM,auto
54,88,1,AM,auto
54,89,1,AM,auto
54,90,8,AM,auto
54,92,3,AM,auto
54,95,10,AM,auto
54,96,40,AM,auto
54,97,18,AM,auto
54,98,1,AM,auto
54,99,10,AM,auto
54,100,1,AM,auto
54,102,2,AM,auto
54,105,3,AM,auto
54,107,4,AM,auto
54,108,5,AM,auto
54,109,1,AM,auto
54,111,1,AM,auto
54,112,5,AM,auto
54,113,1,AM,auto
54,115,3,AM,auto
54,116,3,AM,auto
54,117,6,AM,auto
54,120,9,AM,auto
54,121,5,AM,auto
54,122,1,AM,auto
54,123,17,AM,auto
54,125,3,AM,auto
54,126,1,AM,auto
54,128,1,AM,auto
54,129,1,AM,auto
54,130,3,AM,auto
54,131,3,AM,auto
54,132,2,AM,auto
54,134,1,AM,auto
54,136,2,AM,auto
54,137,1,AM,auto
54,139,5,AM,auto
54,141,1,AM,auto
55,4,2,AM,auto
55,10,2,AM,auto
55,12,1,AM,auto
55,19,1,AM,auto
55,20,1,AM,auto
55,21,1,AM,auto
55,23,2,AM,auto
55,25,7,AM,auto
55,27,2,AM,auto
55,28,1,AM,auto
55,30,4,AM,auto
55,32,2,AM,auto
55,33,2,AM,auto
55,35,6,AM,auto
55,38,9,AM,auto
55,39,3,AM,auto
55,40,5,AM,auto
55,41,1,AM,auto
55,42,2,AM,auto
55,44,4,AM,auto
55,46,2,AM,auto
55,48,8,AM,auto
55,49,3,AM,auto
55,50,1,AM,auto
55,53,5,AM,auto
55,56,1,AM,auto
55,57,2,AM,auto
55,58,2,AM,auto
55,61,1,AM,auto
55,62,1,AM,auto
55,64,1,AM,auto
55,67,14,AM,auto
55,68,3,AM,auto
55,72,2,AM,auto
55,74,1,AM,auto
55,78,1,AM,auto
55,79,11,AM,auto
55,80,3,AM,auto
55,85,1,AM,auto
55,86,1,AM,auto
55,87,24,AM,auto
55,90,4,AM,auto
55,95,1,AM,auto
55,96,2,AM,auto
55,97,6,AM,auto
55,104,1,AM,auto
55,105,1,AM,auto
55,112,1,AM,auto
55,113,1,AM,auto
55,114,1,AM,auto
55,120,5,AM,auto
55,122,1,AM,auto
55,123,5,AM,auto
55,124,2,AM,auto
55,125,1,AM,auto
55,129,3,AM,auto
55,130,1,AM,auto
55,131,1,AM,auto
55,134,2,AM,auto
55,141,1,AM,auto
56,1,2,AM,auto
56,3,7,AM,auto
56,4,3,AM,auto
56,6,2,AM,auto
56,7,10,AM,auto
56,9,1,AM,auto
56,10,9,AM,auto
56,15,1,AM,auto
56,18,1,AM,auto
56,20,5,AM,auto
56,21,4,AM,auto
56,22,6,AM,auto
56,23,3,AM,auto
56,24,1,AM,auto
56,25,14,AM,auto
56,26,19,AM,auto
56,28,3,AM,auto
56,29,4,AM,auto
56,30,10,AM,auto
56,31,4,AM,auto
56,32,27,AM,auto
56,33,2,AM,auto
56,34,3,AM,auto
56,35,16,AM,auto
56,36,4,AM,auto
56,37,1,AM,auto
56,38,20,AM,auto
56,39,32,AM,auto
56,40,31,AM,auto
56,41,3,AM,auto
56,42,14,AM,auto
56,43,1,AM,auto
56,44,9,AM,auto
56,45,1,AM,auto
56,46,4,AM,auto
56,48,1,AM,auto
56,49,15,AM,auto
56,50,1,AM,auto
56,51,7,AM,auto
56,52,4,AM,auto
56,53,4,AM,auto
56,54,4,AM,auto
56,57,16,AM,auto
56,58,18,AM,auto
56,59,1,AM,auto
56,60,12,AM,auto
56,61,13,AM,auto
56,63,1,AM,auto
56,64,2,AM,auto
56,65,3,AM,auto
56,66,3,AM,auto
56,67,53,AM,auto
56,68,8,AM,auto
56,72,3,AM,auto
56,74,5,AM,auto
56,75,5,AM,auto
56,76,1,AM,auto
56,77,6,AM,auto
56,78,3,AM,auto
56,79,26,AM,auto
56,80,2,AM,auto
56,82,1,AM,auto
56,83,3,AM,auto
56,84,1,AM,auto
56,85,2,AM,auto
56,86,10,AM,auto
56,87,103,AM,auto
56,88,5,AM,auto
56,89,12,AM,auto
56,90,7,AM,auto
56,91,5,AM,auto
56,93,3,AM,auto
56,94,4,AM,auto
56,95,11,AM,auto
56,96,53,AM,auto
56,97,16,AM,auto
56,99,9,AM,auto
56,100,1,AM,auto
56,102,8,AM,auto
56,103,2,AM,auto
56,104,2,AM,auto
56,105,2,AM,auto
56,107,1,AM,auto
56,108,2,AM,auto
56,109,1,AM,auto
56,110,2,AM,auto
56,111,1,AM,auto
56,113,1,AM,auto
56,114,1,AM,auto
56,115,4,AM,auto
56,120,14,AM,auto
56,121,13,AM,auto
56,122,2,AM,auto
56,123,57,AM,auto
56,125,4,AM,auto
56,126,2,AM,auto
56,127,1,AM,auto
56,128,1,AM,auto
56,129,6,AM,auto
56,130,1,AM,auto
56,131,5,AM,auto
56,132,2,AM,auto
56,133,5,AM,auto
56,134,3,AM,auto
56,136,1,AM,auto
56,137,1,AM,auto
56,138,2,AM,auto
56,139,7,AM,auto
57,1,2,AM,auto
57,3,7,AM,auto
57,8,1,AM,auto
57,15,5,AM,auto
57,20,4,AM,auto
57,21,4,AM,auto
57,24,1,AM,auto
57,25,51,AM,auto
57,26,28,AM,auto
57,30,3,AM,auto
57,31,5,AM,auto
57,32,36,AM,auto
57,33,3,AM,auto
57,35,3,AM,auto
57,36,1,AM,auto
57,37,3,AM,auto
57,38,56,AM,auto
57,39,25,AM,auto
57,40,6,AM,auto
57,42,1,AM,auto
57,43,2,AM,auto
57,44,4,AM,auto
57,46,1,AM,auto
57,48,3,AM,auto
57,49,1,AM,auto
57,58,48,AM,auto
57,59,4,AM,auto
57,60,13,AM,auto
57,61,9,AM,auto
57,62,4,AM,auto
57,63,1,AM,auto
57,64,1,AM,auto
57,65,6,AM,auto
57,66,4,AM,auto
57,67,127,AM,auto
57,68,11,AM,auto
57,71,1,AM,auto
57,74,1,AM,auto
57,76,1,AM,auto
57,77,1,AM,auto
57,79,10,AM,auto
57,81,4,AM,auto
57,86,6,AM,auto
57,87,21,AM,auto
57,88,1,AM,auto
57,90,3,AM,auto
57,93,1,AM,auto
57,95,5,AM,auto
57,96,33,AM,auto
57,97,8,AM,auto
57,99,8,AM,auto
57,100,2,AM,auto
57,102,1,AM,auto
57,103,1,AM,auto
57,106,1,AM,auto
57,115,5,AM,auto
57,117,1,AM,auto
57,120,54,AM,auto
57,121,2,AM,auto
57,123,2,AM,auto
57,125,1,AM,auto
57,135,1,AM,auto
58,4,1,AM,auto
58,7,3,AM,auto
58,8,1,AM,auto
58,9,1,AM,auto
58,10,1,AM,auto
58,12,1,AM,auto
58,13,1,AM,auto
58,15,1,AM,auto
58,21,5,AM,auto
58,23,1,AM,auto
58,25,17,AM,auto
58,26,4,AM,auto
58,28,1,AM,auto
58,30,2,AM,auto
58,31,6,AM,auto
58,32,13,AM,auto
58,35,3,AM,auto
58,36,8,AM,auto
58,38,14,AM,auto
58,39,7,AM,auto
58,40,9,AM,auto
58,42,3,AM,auto
58,43,4,AM,auto
58,46,4,AM,auto
58,47,1,AM,auto
58,48,2,AM,auto
58,49,2,AM,auto
58,52,2,AM,auto
58,53,1,AM,auto
58,57,23,AM,auto
58,60,4,AM,auto
58,61,3,AM,auto
58,63,1,AM,auto
58,64,2,AM,auto
58,65,1,AM,auto
58,66,1,AM,auto
58,67,37,AM,auto
58,68,2,AM,auto
58,71,1,AM,auto
58,74,3,AM,auto
58,77,1,AM,auto
58,79,1,AM,auto
58,81,2,AM,auto
58,85,2,AM,auto
58,86,2,AM,auto
58,87,13,AM,auto
58,88,1,AM,auto
58,90,3,AM,auto
58,95,2,AM,auto
58,96,26,AM,auto
58,97,4,AM,auto
58,99,7,AM,auto
58,100,3,AM,auto
58,120,7,AM,auto
58,121,5,AM,auto
58,123,7,AM,auto
58,125,1,AM,auto
58,128,1,AM,auto
58,129,1,AM,auto
58,139,3,AM,auto
59,3,9,AM,auto
59,4,12,AM,auto
59,6,2,AM,auto
59,7,2,AM,auto
59,9,1,AM,auto
59,10,2,AM,auto
59,14,1,AM,auto
59,20,4,AM,auto
59,21,7,AM,auto
59,22,21,AM,auto
59,23,1,AM,auto
59,24,2,AM,auto
59,25,58,AM,auto
59,26,43,AM,auto
59,29,1,AM,auto
59,30,18,AM,auto
59,31,8,AM,auto
59,32,62,AM,auto
59,33,11,AM,auto
59,34,6,AM,auto
59,35,1,AM,auto
59,36,29,AM,auto
59,37,1,AM,auto
59,38,95,AM,auto
59,39,36,AM,auto
59,40,23,AM,auto
59,42,13,AM,auto
59,43,5,AM,auto
59,44,8,AM,auto
59,45,1,AM,auto
59,46,4,AM,auto
59,47,1,AM,auto
59,48,19,AM,auto
59,49,1,AM,auto
59,50,3,AM,auto
59,53,1,AM,auto
59,56,2,AM,auto
59,57,42,AM,auto
59,58,60,AM,auto
59,60,41,AM,auto
59,61,35,AM,auto
59,62,3,AM,auto
59,63,1,AM,auto
59,64,3,AM,auto
59,66,2,AM,auto
59,67,183,AM,auto
59,68,36,AM,auto
59,69,1,AM,auto
59,76,2,AM,auto
59,78,2,AM,auto
59,79,9,AM,auto
59,80,1,AM,auto
59,81,1,AM,auto
59,84,1,AM,auto
59,85,1,AM,auto
59,86,4,AM,auto
59,87,47,AM,auto
59,89,5,AM,auto
59,90,11,AM,auto
59,91,1,AM,auto
59,93,1,AM,auto
59,95,3,AM,auto
59,96,56,AM,auto
59,97,33,AM,auto
59,98,1,AM,auto
59,99,10,AM,auto
59,100,2,AM,auto
59,102,1,AM,auto
59,108,5,AM,auto
59,113,2,AM,auto
59,115,6,AM,auto
59,116,12,AM,auto
59,117,3,AM,auto
59,118,5,AM,auto
59,120,67,AM,auto
59,121,5,AM,auto
59,123,6,AM,auto
59,125,1,AM,auto
59,128,1,AM,auto
59,131,2,AM,auto
59,135,1,AM,auto
59,138,1,AM,auto
59,140,1,AM,auto
60,1,2,AM,auto
60,2,2,AM,auto
60,3,5,AM,auto
60,4,12,AM,auto
60,5,1,AM,auto
60,7,1,AM,auto
60,9,1,AM,auto
60,10,2,AM,auto
60,14,3,AM,auto
60,15,2,AM,auto
60,20,1,AM,auto
60,21,10,AM,auto
60,22,5,AM,auto
60,23,4,AM,auto
60,25,78,AM,auto
60,26,81,AM,auto
60,28,3,AM,auto
60,29,1,AM,auto
60,30,22,AM,auto
60,31,9,AM,auto
60,32,94,AM,auto
60,33,7,AM,auto
60,34,5,AM,auto
60,35,6,AM,auto
60,36,24,AM,auto
60,37,3,AM,auto
60,38,130,AM,auto
60,39,59,AM,auto
60,40,31,AM,auto
60,42,17,AM,auto
60,43,28,AM,auto
60,44,10,AM,auto
60,48,8,AM,auto
60,49,2,AM,auto
60,50,1,AM,auto
60,51,1,AM,auto
60,56,2,AM,auto
60,57,84,AM,auto
60,58,86,AM,auto
60,59,2,AM,auto
60,61,44,AM,auto
60,62,2,AM,auto
60,63,3,AM,auto
60,64,6,AM,auto
60,65,9,AM,auto
60,66,4,AM,auto
60,67,279,AM,auto
60,68,26,AM,auto
60,72,1,AM,auto
60,73,2,AM,auto
60,74,1,AM,auto
60,75,2,AM,auto
60,77,1,AM,auto
60,78,5,AM,auto
60,79,19,AM,auto
60,80,1,AM,auto
60,82,1,AM,auto
60,83,1,AM,auto
60,84,1,AM,auto
60,85,1,AM,auto
60,86,9,AM,auto
60,87,68,AM,auto
60,89,1,AM,auto
60,90,11,AM,auto
60,95,7,AM,auto
60,96,82,AM,auto
60,97,24,AM,auto
60,99,11,AM,auto
60,100,5,AM,auto
60,102,1,AM,auto
60,106,1,AM,auto
60,108,1,AM,auto
60,114,1,AM,auto
60,115,6,AM,auto
60,116,14,AM,auto
60,117,6,AM,auto
60,118,1,AM,auto
60,120,60,AM,auto
60,121,2,AM,auto
60,123,5,AM,auto
60,124,1,AM,auto
60,125,1,AM,auto
60,128,2,AM,auto
60,131,2,AM,auto
60,141,1,AM,auto
61,3,5,AM,auto
61,4,17,AM,auto
61,6,4,AM,auto
61,7,3,AM,auto
61,8,2,AM,auto
61,10,5,AM,auto
61,12,1,AM,auto
61,14,1,AM,auto
61,15,4,AM,auto
61,18,2,AM,auto
61,20,8,AM,auto
61,21,2,AM,auto
61,22,3,AM,auto
61,23,4,AM,auto
61,24,3,AM,auto
61,25,52,AM,auto
61,26,32,AM,auto
61,27,3,AM,auto
61,28,5,AM,auto
61,29,2,AM,auto
61,30,12,AM,auto
61,31,9,AM,auto
61,32,51,AM,auto
61,33,10,AM,auto
61,34,6,AM,auto
61,35,3,AM,auto
61,36,26,AM,auto
61,37,4,AM,auto
61,38,61,AM,auto
61,39,32,AM,auto
61,40,34,AM,auto
61,41,3,AM,auto
61,42,10,AM,auto
61,43,13,AM,auto
61,44,5,AM,auto
61,45,1,AM,auto
61,46,1,AM,auto
61,47,7,AM,auto
61,48,16,AM,auto
61,51,1,AM,auto
61,52,3,AM,auto
61,54,1,AM,auto
61,57,40,AM,auto
61,58,48,AM,auto
61,59,6,AM,auto
61,60,35,AM,auto
61,62,5,AM,auto
61,63,4,AM,auto
61,64,13,AM,auto
61,65,14,AM,auto
61,66,5,AM,auto
61,67,150,AM,auto
61,68,25,AM,auto
61,72,2,AM,auto
61,73,1,AM,auto
61,74,1,AM,auto
61,75,1,AM,auto
61,76,2,AM,auto
61,77,2,AM,auto
61,79,11,AM,auto
61,80,4,AM,auto
61,81,3,AM,auto
61,82,1,AM,auto
61,85,1,AM,auto
61,86,6,AM,auto
61,87,71,AM,auto
61,88,1,AM,auto
61,89,5,AM,auto
61,90,4,AM,auto
61,93,1,AM,auto
61,95,8,AM,auto
61,96,34,AM,auto
61,97,26,AM,auto
61,98,1,AM,auto
61,99,8,AM,auto
61,100,4,AM,auto
61,101,1,AM,auto
61,104,2,AM,auto
61,105,1,AM,auto
61,107,1,AM,auto
61,108,7,AM,auto
61,109,1,AM,auto
61,112,2,AM,auto
61,113,2,AM,auto
61,114,1,AM,auto
61,115,3,AM,auto
61,116,16,AM,auto
61,117,4,AM,auto
61,118,2,AM,auto
61,120,45,AM,auto
61,121,2,AM,auto
61,123,7,AM,auto
61,124,1,AM,auto
61,126,1,AM,auto
61,129,1,AM,auto
61,130,1,AM,auto
61,131,4,AM,auto
61,138,1,AM,auto
62,3,1,AM,auto
62,4,6,AM,auto
62,6,5,AM,auto
62,7,2,AM,auto
62,8,2,AM,auto
62,9,4,AM,auto
62,10,4,AM,auto
62,12,1,AM,auto
62,13,1,AM,auto
62,20,2,AM,auto
62,21,1,AM,auto
62,22,6,AM,auto
62,23,2,AM,auto
62,24,1,AM,auto
62,25,20,AM,auto
62,26,10,AM,auto
62,28,1,AM,auto
62,30,10,AM,auto
62,31,3,AM,auto
62,32,38,AM,auto
62,33,6,AM,auto
62,34,4,AM,auto
62,37,3,AM,auto
62,38,35,AM,auto
62,39,28,AM,auto
62,40,20,AM,auto
62,42,7,AM,auto
62,43,10,AM,auto
62,44,7,AM,auto
62,46,2,AM,auto
62,47,2,AM,auto
62,48,21,AM,auto
62,50,3,AM,auto
62,56,1,AM,auto
62,57,20,AM,auto
62,58,31,AM,auto
62,59,1,AM,auto
62,60,19,AM,auto
62,61,32,AM,auto
62,63,6,AM,auto
62,64,9,AM,auto
62,65,10,AM,auto
62,67,88,AM,auto
62,68,11,AM,auto
62,73,1,AM,auto
62,74,2,AM,auto
62,78,2,AM,auto
62,79,2,AM,auto
62,80,7,AM,auto
62,82,1,AM,auto
62,84,4,AM,auto
62,87,32,AM,auto
62,90,1,AM,auto
62,95,5,AM,auto
62,96,37,AM,auto
62,97,8,AM,auto
62,98,2,AM,auto
62,99,1,AM,auto
62,100,5,AM,auto
62,104,2,AM,auto
62,108,1,AM,auto
62,114,2,AM,auto
62,115,2,AM,auto
62,116,4,AM,auto
62,117,1,AM,auto
62,118,1,AM,auto
62,120,17,AM,auto
62,122,1,AM,auto
62,123,3,AM,auto
62,129,1,AM,auto
63,1,1,AM,auto
63,2,1,AM,auto
63,3,2,AM,auto
63,4,23,AM,auto
63,5,1,AM,auto
63,6,4,AM,auto
63,8,5,AM,auto
63,10,6,AM,auto
63,11,1,AM,auto
63,12,9,AM,auto
63,13,3,AM,auto
63,14,2,AM,auto
63,15,4,AM,auto
63,18,2,AM,auto
63,19,6,AM,auto
63,20,1,AM,auto
63,21,3,AM,auto
63,22,15,AM,auto
63,23,16,AM,auto
63,24,3,AM,auto
63,25,61,AM,auto
63,26,38,AM,auto
63,27,2,AM,auto
63,28,4,AM,auto
63,30,28,AM,auto
63,31,8,AM,auto
63,32,70,AM,auto
63,33,10,AM,auto
63,34,4,AM,auto
63,35,2,AM,auto
63,36,23,AM,auto
63,37,2,AM,auto
63,38,54,AM,auto
63,39,33,AM,auto
63,40,19,AM,auto
63,42,9,AM,auto
63,43,16,AM,auto
63,44,7,AM,auto
63,45,1,AM,auto
63,46,7,AM,auto
63,47,14,AM,auto
63,48,20,AM,auto
63,49,1,AM,auto
63,50,1,AM,auto
63,57,17,AM,auto
63,58,24,AM,auto
63,59,3,AM,auto
63,60,23,AM,auto
63,61,49,AM,auto
63,62,4,AM,auto
63,64,27,AM,auto
63,65,14,AM,auto
63,66,6,AM,auto
63,67,131,AM,auto
63,68,12,AM,auto
63,74,1,AM,auto
63,77,1,AM,auto
63,78,3,AM,auto
63,79,4,AM,auto
63,80,3,AM,auto
63,84,1,AM,auto
63,85,1,AM,auto
63,86,5,AM,auto
63,87,42,AM,auto
63,93,2,AM,auto
63,94,1,AM,auto
63,95,8,AM,auto
63,96,76,AM,auto
63,97,26,AM,auto
63,98,2,AM,auto
63,99,14,AM,auto
63,100,3,AM,auto
63,104,1,AM,auto
63,105,1,AM,auto
63,106,1,AM,auto
63,108,7,AM,auto
63,109,1,AM,auto
63,114,1,AM,auto
63,115,9,AM,auto
63,116,13,AM,auto
63,117,5,AM,auto
63,118,4,AM,auto
63,120,49,AM,auto
63,121,4,AM,auto
63,123,4,AM,auto
63,124,1,AM,auto
63,125,1,AM,auto
63,129,3,AM,auto
63,131,1,AM,auto
63,136,2,AM,auto
63,139,4,AM,auto
64,2,1,AM,auto
64,3,6,AM,auto
64,4,6,AM,auto
64,6,4,AM,auto
64,7,2,AM,auto
64,8,1,AM,auto
64,12,1,AM,auto
64,13,10,AM,auto
64,14,2,AM,auto
64,15,1,AM,auto
64,18,1,AM,auto
64,19,2,AM,auto
64,20,3,AM,auto
64,21,2,AM,auto
64,22,9,AM,auto
64,23,9,AM,auto
64,24,2,AM,auto
64,25,43,AM,auto
64,26,28,AM,auto
64,28,2,AM,auto
64,30,9,AM,auto
64,31,6,AM,auto
64,32,33,AM,auto
64,33,6,AM,auto
64,34,1,AM,auto
64,35,1,AM,auto
64,36,7,AM,auto
64,37,2,AM,auto
64,38,24,AM,auto
64,39,22,AM,auto
64,40,12,AM,auto
64,42,4,AM,auto
64,43,4,AM,auto
64,44,6,AM,auto
64,46,7,AM,auto
64,47,3,AM,auto
64,48,10,AM,auto
64,49,1,AM,auto
64,52,1,AM,auto
64,56,1,AM,auto
64,57,25,AM,auto
64,58,22,AM,auto
64,60,20,AM,auto
64,61,16,AM,auto
64,62,9,AM,auto
64,63,5,AM,auto
64,65,10,AM,auto
64,67,123,AM,auto
64,68,15,AM,auto
64,72,4,AM,auto
64,74,1,AM,auto
64,78,1,AM,auto
64,80,3,AM,auto
64,81,2,AM,auto
64,85,1,AM,auto
64,86,3,AM,auto
64,87,31,AM,auto
64,90,3,AM,auto
64,93,2,AM,auto
64,94,1,AM,auto
64,95,2,AM,auto
64,96,50,AM,auto
64,97,7,AM,auto
64,99,8,AM,auto
64,100,4,AM,auto
64,104,2,AM,auto
64,105,2,AM,auto
64,106,1,AM,auto
64,108,3,AM,auto
64,109,1,AM,auto
64,115,1,AM,auto
64,116,12,AM,auto
64,117,4,AM,auto
64,118,2,AM,auto
64,120,17,AM,auto
64,121,4,AM,auto
64,123,6,AM,auto
64,125,1,AM,auto
64,141,2,AM,auto
65,2,3,AM,auto
65,3,9,AM,auto
65,4,12,AM,auto
65,5,2,AM,auto
65,6,1,AM,auto
65,8,1,AM,auto
65,9,3,AM,auto
65,10,2,AM,auto
65,12,3,AM,auto
65,14,2,AM,auto
65,15,3,AM,auto
65,16,1,AM,auto
65,20,3,AM,auto
65,21,6,AM,auto
65,22,3,AM,auto
65,23,5,AM,auto
65,24,4,AM,auto
65,25,47,AM,auto
65,26,36,AM,auto
65,28,1,AM,auto
65,30,17,AM,auto
65,31,2,AM,auto
65,32,62,AM,auto
65,33,10,AM,auto
65,34,4,AM,auto
65,35,5,AM,auto
65,36,22,AM,auto
65,37,1,AM,auto
65,38,60,AM,auto
65,39,41,AM,auto
65,40,35,AM,auto
65,42,15,AM,auto
65,43,20,AM,auto
65,44,1,AM,auto
65,45,2,AM,auto
65,46,3,AM,auto
65,47,1,AM,auto
65,48,21,AM,auto
65,49,10,AM,auto
65,50,2,AM,auto
65,51,1,AM,auto
65,52,1,AM,auto
65,57,44,AM,auto
65,58,40,AM,auto
65,59,2,AM,auto
65,60,46,AM,auto
65,61,71,AM,auto
65,62,4,AM,auto
65,63,12,AM,auto
65,64,10,AM,auto
65,66,6,AM,auto
65,67,263,AM,auto
65,68,49,AM,auto
65,71,2,AM,auto
65,72,2,AM,auto
65,73,1,AM,auto
65,74,2,AM,auto
65,75,3,AM,auto
65,78,5,AM,auto
65,79,15,AM,auto
65,80,2,AM,auto
65,82,2,AM,auto
65,85,2,AM,auto
65,86,8,AM,auto
65,87,74,AM,auto
65,89,1,AM,auto
65,90,2,AM,auto
65,91,2,AM,auto
65,94,1,AM,auto
65,95,1,AM,auto
65,96,88,AM,auto
65,97,19,AM,auto
65,98,4,AM,auto
65,99,13,AM,auto
65,100,2,AM,auto
65,101,2,AM,auto
65,102,1,AM,auto
65,104,2,AM,auto
65,105,1,AM,auto
65,106,1,AM,auto
65,107,3,AM,auto
65,108,13,AM,auto
65,109,2,AM,auto
65,112,3,AM,auto
65,113,1,AM,auto
65,115,11,AM,auto
65,116,14,AM,auto
65,117,2,AM,auto
65,120,49,AM,auto
65,121,8,AM,auto
65,122,1,AM,auto
65,123,10,AM,auto
65,124,1,AM,auto
65,125,2,AM,auto
65,126,1,AM,auto
65,130,1,AM,auto
65,132,1,AM,auto
65,136,1,AM,auto
65,139,1,AM,auto
66,3,6,AM,auto
66,4,7,AM,auto
66,6,2,AM,auto
66,7,1,AM,auto
66,8,1,AM,auto
66,9,2,AM,auto
66,10,5,AM,auto
66,14,4,AM,auto
66,15,4,AM,auto
66,18,1,AM,auto
66,22,9,AM,auto
66,23,5,AM,auto
66,25,38,AM,auto
66,26,11,AM,auto
66,28,1,AM,auto
66,30,13,AM,auto
66,31,2,AM,auto
66,32,34,AM,auto
66,33,14,AM,auto
66,34,2,AM,auto
66,35,6,AM,auto
66,36,20,AM,auto
66,37,1,AM,auto
66,38,49,AM,auto
66,39,39,AM,auto
66,40,15,AM,auto
66,42,11,AM,auto
66,43,5,AM,auto
66,44,12,AM,auto
66,46,2,AM,auto
66,47,3,AM,auto
66,48,12,AM,auto
66,49,2,AM,auto
66,51,4,AM,auto
66,52,1,AM,auto
66,53,1,AM,auto
66,56,3,AM,auto
66,57,35,AM,auto
66,58,41,AM,auto
66,59,11,AM,auto
66,60,39,AM,auto
66,61,40,AM,auto
66,62,6,AM,auto
66,63,9,AM,auto
66,64,10,AM,auto
66,65,13,AM,auto
66,67,203,AM,auto
66,68,20,AM,auto
66,72,1,AM,auto
66,73,2,AM,auto
66,75,3,AM,auto
66,76,1,AM,auto
66,77,1,AM,auto
66,78,4,AM,auto
66,79,20,AM,auto
66,80,3,AM,auto
66,81,2,AM,auto
66,84,4,AM,auto
66,85,4,AM,auto
66,86,10,AM,auto
66,87,61,AM,auto
66,88,5,AM,auto
66,89,2,AM,auto
66,90,10,AM,auto
66,95,12,AM,auto
66,96,88,AM,auto
66,97,22,AM,auto
66,98,1,AM,auto
66,99,7,AM,auto
66,100,6,AM,auto
66,102,1,AM,auto
66,104,1,AM,auto
66,105,1,AM,auto
66,108,2,AM,auto
66,111,2,AM,auto
66,114,1,AM,auto
66,115,2,AM,auto
66,116,6,AM,auto
66,117,1,AM,auto
66,120,23,AM,auto
66,122,2,AM,auto
66,123,10,AM,auto
66,125,1,AM,auto
66,131,1,AM,auto
66,139,4,AM,auto
66,140,1,AM,auto
67,2,1,AM,auto
67,3,3,AM,auto
67,4,4,AM,auto
67,5,1,AM,auto
67,6,2,AM,auto
67,7,6,AM,auto
67,8,2,AM,auto
67,9,1,AM,auto
67,10,1,AM,auto
67,12,1,AM,auto
67,13,1,AM,auto
67,18,4,AM,auto
67,20,1,AM,auto
67,22,2,AM,auto
67,23,2,AM,auto
67,24,1,AM,auto
67,25,26,AM,auto
67,26,18,AM,auto
67,27,1,AM,auto
67,30,8,AM,auto
67,31,1,AM,auto
67,32,26,AM,auto
67,33,4,AM,auto
67,34,5,AM,auto
67,35,5,AM,auto
67,36,1,AM,auto
67,38,24,AM,auto
67,39,14,AM,auto
67,40,5,AM,auto
67,42,5,AM,auto
67,43,3,AM,auto
67,44,5,AM,auto
67,48,4,AM,auto
67,49,8,AM,auto
67,52,2,AM,auto
67,53,1,AM,auto
67,56,6,AM,auto
67,57,18,AM,auto
67,58,31,AM,auto
67,59,4,AM,auto
67,60,36,AM,auto
67,61,7,AM,auto
67,63,2,AM,auto
67,65,9,AM,auto
67,66,5,AM,auto
67,68,18,AM,auto
67,70,1,AM,auto
67,74,2,AM,auto
67,77,1,AM,auto
67,78,2,AM,auto
67,79,27,AM,auto
67,81,2,AM,auto
67,86,5,AM,auto
67,87,22,AM,auto
67,90,5,AM,auto
67,91,6,AM,auto
67,93,1,AM,auto
67,95,4,AM,auto
67,96,41,AM,auto
67,97,9,AM,auto
67,98,1,AM,auto
67,99,4,AM,auto
67,104,1,AM,auto
67,105,1,AM,auto
67,107,1,AM,auto
67,108,3,AM,auto
67,114,1,AM,auto
67,115,3,AM,auto
67,118,3,AM,auto
67,120,12,AM,auto
67,122,1,AM,auto
67,123,7,AM,auto
67,125,3,AM,auto
67,139,2,AM,auto
68,3,4,AM,auto
68,4,5,AM,auto
68,7,1,AM,auto
68,8,2,AM,auto
68,10,2,AM,auto
68,14,3,AM,auto
68,15,2,AM,auto
68,25,7,AM,auto
68,26,15,AM,auto
68,27,2,AM,auto
68,28,2,AM,auto
68,30,5,AM,auto
68,31,6,AM,auto
68,32,16,AM,auto
68,33,3,AM,auto
68,34,1,AM,auto
68,35,3,AM,auto
68,36,1,AM,auto
68,38,8,AM,auto
68,39,27,AM,auto
68,40,8,AM,auto
68,41,2,AM,auto
68,42,5,AM,auto
68,43,3,AM,auto
68,45,1,AM,auto
68,46,1,AM,auto
68,48,6,AM,auto
68,49,3,AM,auto
68,57,9,AM,auto
68,58,13,AM,auto
68,60,7,AM,auto
68,61,12,AM,auto
68,62,2,AM,auto
68,63,2,AM,auto
68,64,2,AM,auto
68,65,1,AM,auto
68,66,1,AM,auto
68,67,31,AM,auto
68,71,1,AM,auto
68,72,1,AM,auto
68,75,2,AM,auto
68,78,1,AM,auto
68,79,12,AM,auto
68,80,2,AM,auto
68,81,1,AM,auto
68,82,1,AM,auto
68,85,3,AM,auto
68,86,8,AM,auto
68,87,32,AM,auto
68,90,4,AM,auto
68,91,1,AM,auto
68,93,1,AM,auto
68,95,1,AM,auto
68,96,28,AM,auto
68,97,17,AM,auto
68,99,6,AM,auto
68,100,1,AM,auto
68,102,5,AM,auto
68,103,1,AM,auto
68,106,1,AM,auto
68,107,4,AM,auto
68,111,1,AM,auto
68,115,2,AM,auto
68,116,3,AM,auto
68,118,1,AM,auto
68,120,5,AM,auto
68,121,3,AM,auto
68,123,2,AM,auto
68,125,1,AM,auto
68,128,1,AM,auto
68,133,1,AM,auto
68,135,1,AM,auto
68,139,1,AM,auto
69,2,1,AM,auto
69,3,3,AM,auto
69,4,2,AM,auto
69,7,1,AM,auto
69,15,3,AM,auto
69,22,3,AM,auto
69,25,8,AM,auto
69,26,5,AM,auto
69,28,1,AM,auto
69,31,1,AM,auto
69,32,16,AM,auto
69,34,1,AM,auto
69,35,2,AM,auto
69,36,2,AM,auto
69,37,1,AM,auto
69,38,9,AM,auto
69,39,6,AM,auto
69,40,12,AM,auto
69,41,1,AM,auto
69,42,2,AM,auto
69,44,4,AM,auto
69,45,1,AM,auto
69,47,1,AM,auto
69,48,1,AM,auto
69,49,1,AM,auto
69,51,2,AM,auto
69,53,1,AM,auto
69,56,5,AM,auto
69,57,7,AM,auto
69,58,8,AM,auto
69,60,1,AM,auto
69,61,3,AM,auto
69,62,1,AM,auto
69,66,1,AM,auto
69,67,26,AM,auto
69,68,4,AM,auto
69,71,2,AM,auto
69,72,1,AM,auto
69,73,3,AM,auto
69,75,7,AM,auto
69,76,1,AM,auto
69,78,3,AM,auto
69,79,5,AM,auto
69,86,4,AM,auto
69,87,16,AM,auto
69,88,1,AM,auto
69,89,2,AM,auto
69,90,5,AM,auto
69,93,1,AM,auto
69,95,2,AM,auto
69,96,13,AM,auto
69,97,10,AM,auto
69,99,2,AM,auto
69,102,1,AM,auto
69,111,3,AM,auto
69,114,1,AM,auto
69,115,1,AM,auto
69,118,2,AM,auto
69,120,4,AM,auto
69,121,4,AM,auto
69,123,7,AM,auto
69,125,4,AM,auto
69,131,3,AM,auto
69,137,1,AM,auto
70,4,1,AM,auto
70,5,1,AM,auto
70,7,1,AM,auto
70,8,5,AM,auto
70,9,1,AM,auto
70,10,3,AM,auto
70,12,1,AM,auto
70,15,6,AM,auto
70,22,1,AM,auto
70,25,2,AM,auto
70,26,1,AM,auto
70,33,2,AM,auto
70,34,3,AM,auto
70,35,1,AM,auto
70,36,4,AM,auto
70,38,6,AM,auto
70,39,7,AM,auto
70,40,6,AM,auto
70,42,8,AM,auto
70,43,2,AM,auto
70,47,3,AM,auto
70,48,2,AM,auto
70,49,2,AM,auto
70,52,5,AM,auto
70,57,7,AM,auto
70,60,2,AM,auto
70,61,5,AM,auto
70,63,3,AM,auto
70,64,1,AM,auto
70,65,2,AM,auto
70,66,1,AM,auto
70,67,6,AM,auto
70,68,8,AM,auto
70,73,1,AM,auto
70,74,2,AM,auto
70,77,1,AM,auto
70,78,2,AM,auto
70,79,15,AM,auto
70,80,3,AM,auto
70,81,1,AM,auto
70,86,7,AM,auto
70,87,25,AM,auto
70,89,4,AM,auto
70,90,6,AM,auto
70,95,2,AM,auto
70,96,9,AM,auto
70,97,7,AM,auto
70,99,1,AM,auto
70,100,2,AM,auto
70,104,2,AM,auto
70,105,1,AM,auto
70,112,1,AM,auto
70,114,1,AM,auto
70,115,1,AM,auto
70,116,2,AM,auto
70,120,2,AM,auto
70,121,2,AM,auto
70,123,4,AM,auto
70,125,1,AM,auto
70,126,1,AM,auto
70,129,2,AM,auto
70,130,2,AM,auto
70,132,1,AM,auto
70,137,3,AM,auto
70,139,5,AM,auto
71,3,3,AM,auto
71,4,1,AM,auto
71,7,8,AM,auto
71,9,1,AM,auto
71,12,5,AM,auto
71,13,1,AM,auto
71,15,6,AM,auto
71,20,1,AM,auto
71,21,2,AM,auto
71,22,5,AM,auto
71,23,1,AM,auto
71,24,2,AM,auto
71,25,4,AM,auto
71,26,8,AM,auto
71,28,1,AM,auto
71,30,5,AM,auto
71,31,3,AM,auto
71,32,14,AM,auto
71,33,1,AM,auto
71,34,1,AM,auto
71,35,4,AM,auto
71,36,2,AM,auto
71,38,12,AM,auto
71,39,24,AM,auto
71,40,11,AM,auto
71,42,9,AM,auto
71,43,2,AM,auto
71,44,3,AM,auto
71,47,1,AM,auto
71,48,3,AM,auto
71,49,3,AM,auto
71,51,1,AM,auto
71,52,1,AM,auto
71,53,1,AM,auto
71,54,3,AM,auto
71,56,9,AM,auto
71,57,11,AM,auto
71,58,8,AM,auto
71,59,1,AM,auto
71,60,6,AM,auto
71,61,11,AM,auto
71,63,2,AM,auto
71,65,5,AM,auto
71,66,2,AM,auto
71,67,31,AM,auto
71,68,8,AM,auto
71,72,2,AM,auto
71,74,1,AM,auto
71,75,7,AM,auto
71,76,4,AM,auto
71,77,6,AM,auto
71,78,6,AM,auto
71,79,39,AM,auto
71,80,1,AM,auto
71,82,1,AM,auto
71,85,3,AM,auto
71,86,18,AM,auto
71,87,58,AM,auto
71,88,3,AM,auto
71,89,1,AM,auto
71,90,6,AM,auto
71,95,7,AM,auto
71,96,29,AM,auto
71,97,12,AM,auto
71,98,2,AM,auto
71,99,6,AM,auto
71,103,1,AM,auto
71,104,2,AM,auto
71,105,4,AM,auto
71,106,1,AM,auto
71,109,1,AM,auto
71,110,2,AM,auto
71,111,2,AM,auto
71,112,2,AM,auto
71,113,1,AM,auto
71,114,4,AM,auto
71,117,1,AM,auto
71,118,1,AM,auto
71,120,10,AM,auto
71,121,10,AM,auto
71,122,5,AM,auto
71,123,22,AM,auto
71,125,4,AM,auto
71,129,6,AM,auto
71,130,3,AM,auto
71,131,2,AM,auto
71,134,1,AM,auto
71,136,1,AM,auto
71,137,1,AM,auto
71,139,5,AM,auto
71,141,2,AM,auto
72,2,2,AM,auto
72,3,3,AM,auto
72,4,4,AM,auto
72,6,1,AM,auto
72,7,3,AM,auto
72,9,1,AM,auto
72,10,7,AM,auto
72,16,1,AM,auto
72,22,1,AM,auto
72,23,2,AM,auto
72,24,2,AM,auto
72,25,16,AM,auto
72,26,5,AM,auto
72,28,1,AM,auto
72,30,4,AM,auto
72,31,5,AM,auto
72,32,16,AM,auto
72,33,4,AM,auto
72,34,2,AM,auto
72,35,7,AM,auto
72,36,4,AM,auto
72,37,1,AM,auto
72,38,10,AM,auto
72,39,18,AM,auto
72,40,13,AM,auto
72,41,1,AM,auto
72,42,7,AM,auto
72,43,4,AM,auto
72,44,3,AM,auto
72,45,2,AM,auto
72,48,5,AM,auto
72,49,7,AM,auto
72,51,2,AM,auto
72,52,2,AM,auto
72,56,1,AM,auto
72,57,11,AM,auto
72,58,9,AM,auto
72,59,2,AM,auto
72,60,7,AM,auto
72,61,9,AM,auto
72,64,3,AM,auto
72,65,2,AM,auto
72,66,1,AM,auto
72,67,28,AM,auto
72,68,8,AM,auto
72,71,2,AM,auto
72,73,1,AM,auto
72,75,4,AM,auto
72,76,1,AM,auto
72,77,5,AM,auto
72,79,14,AM,auto
72,80,1,AM,auto
72,81,1,AM,auto
72,83,1,AM,auto
72,85,1,AM,auto
72,86,14,AM,auto
72,87,26,AM,auto
72,88,1,AM,auto
72,89,2,AM,auto
72,90,4,AM,auto
72,94,1,AM,auto
72,95,2,AM,auto
72,96,28,AM,auto
72,97,14,AM,auto
72,98,1,AM,auto
72,99,19,AM,auto
72,100,2,AM,auto
72,101,2,AM,auto
72,102,3,AM,auto
72,105,1,AM,auto
72,107,1,AM,auto
72,108,6,AM,auto
72,111,4,AM,auto
72,114,2,AM,auto
72,115,2,AM,auto
72,116,2,AM,auto
72,120,4,AM,auto
72,121,2,AM,auto
72,122,1,AM,auto
72,123,18,AM,auto
72,125,3,AM,auto
72,128,1,AM,auto
72,129,1,AM,auto
72,130,2,AM,auto
72,133,1,AM,auto
72,134,3,AM,auto
72,138,2,AM,auto
72,139,1,AM,auto
72,141,1,AM,auto
73,3,1,AM,auto
73,4,3,AM,auto
73,7,3,AM,auto
73,8,3,AM,auto
73,9,3,AM,auto
73,10,3,AM,auto
73,14,1,AM,auto
73,15,2,AM,auto
73,22,3,AM,auto
73,25,10,AM,auto
73,26,3,AM,auto
73,28,2,AM,auto
73,30,1,AM,auto
73,31,2,AM,auto
73,32,8,AM,auto
73,33,8,AM,auto
73,35,3,AM,auto
73,36,5,AM,auto
73,38,8,AM,auto
73,39,13,AM,auto
73,40,20,AM,auto
73,42,9,AM,auto
73,43,5,AM,auto
73,44,3,AM,auto
73,45,3,AM,auto
73,46,1,AM,auto
73,47,1,AM,auto
73,48,9,AM,auto
73,49,4,AM,auto
73,50,2,AM,auto
73,51,1,AM,auto
73,52,1,AM,auto
73,53,1,AM,auto
73,56,1,AM,auto
73,57,11,AM,auto
73,58,2,AM,auto
73,60,5,AM,auto
73,61,8,AM,auto
73,63,1,AM,auto
73,64,2,AM,auto
73,66,2,AM,auto
73,67,23,AM,auto
73,68,6,AM,auto
73,74,1,AM,auto
73,77,4,AM,auto
73,78,6,AM,auto
73,79,10,AM,auto
73,80,1,AM,auto
73,82,3,AM,auto
73,86,15,AM,auto
73,87,39,AM,auto
73,88,1,AM,auto
73,89,7,AM,auto
73,90,3,AM,auto
73,91,1,AM,auto
73,93,3,AM,auto
73,96,21,AM,auto
73,97,14,AM,auto
73,99,5,AM,auto
73,105,3,AM,auto
73,106,1,AM,auto
73,107,2,AM,auto
73,108,1,AM,auto
73,112,1,AM,auto
73,113,1,AM,auto
73,115,1,AM,auto
73,117,1,AM,auto
73,120,4,AM,auto
73,121,3,AM,auto
73,123,11,AM,auto
73,125,4,AM,auto
73,129,4,AM,auto
73,130,2,AM,auto
73,136,1,AM,auto
73,137,5,AM,auto
73,139,2,AM,auto
74,1,1,AM,auto
74,3,9,AM,auto
74,7,3,AM,auto
74,9,2,AM,auto
74,10,2,AM,auto
74,14,2,AM,auto
74,15,1,AM,auto
74,22,1,AM,auto
74,23,1,AM,auto
74,25,11,AM,auto
74,26,5,AM,auto
74,31,6,AM,auto
74,32,10,AM,auto
74,33,3,AM,auto
74,35,4,AM,auto
74,36,4,AM,auto
74,38,9,AM,auto
74,39,22,AM,auto
74,40,7,AM,auto
74,42,2,AM,auto
74,43,1,AM,auto
74,44,3,AM,auto
74,47,2,AM,auto
74,49,3,AM,auto
74,51,2,AM,auto
74,56,1,AM,auto
74,57,6,AM,auto
74,59,1,AM,auto
74,60,10,AM,auto
74,61,7,AM,auto
74,62,1,AM,auto
74,64,1,AM,auto
74,66,1,AM,auto
74,67,25,AM,auto
74,68,6,AM,auto
74,73,2,AM,auto
74,75,6,AM,auto
74,76,1,AM,auto
74,77,4,AM,auto
74,78,2,AM,auto
74,79,15,AM,auto
74,80,3,AM,auto
74,86,17,AM,auto
74,87,26,AM,auto
74,88,1,AM,auto
74,89,4,AM,auto
74,90,7,AM,auto
74,91,1,AM,auto
74,93,3,AM,auto
74,95,1,AM,auto
74,96,21,AM,auto
74,97,8,AM,auto
74,99,6,AM,auto
74,102,2,AM,auto
74,105,1,AM,auto
74,107,3,AM,auto
74,110,5,AM,auto
74,112,1,AM,auto
74,114,5,AM,auto
74,115,3,AM,auto
74,118,1,AM,auto
74,120,7,AM,auto
74,121,8,AM,auto
74,122,2,AM,auto
74,123,5,AM,auto
74,125,1,AM,auto
74,131,1,AM,auto
74,133,2,AM,auto
74,140,1,AM,auto
74,141,1,AM,auto
75,3,1,AM,auto
75,4,2,AM,auto
75,8,2,AM,auto
75,10,4,AM,auto
75,12,1,AM,auto
75,14,1,AM,auto
75,15,2,AM,auto
75,22,3,AM,auto
75,23,1,AM,auto
75,25,13,AM,auto
75,26,11,AM,auto
75,29,1,AM,auto
75,30,7,AM,auto
75,31,4,AM,auto
75,32,14,AM,auto
75,33,2,AM,auto
75,35,9,AM,auto
75,36,5,AM,auto
75,37,2,AM,auto
75,38,9,AM,auto
75,39,21,AM,auto
75,40,18,AM,auto
75,41,1,AM,auto
75,42,4,AM,auto
75,43,3,AM,auto
75,44,1,AM,auto
75,47,2,AM,auto
75,48,3,AM,auto
75,49,5,AM,auto
75,50,1,AM,auto
75,51,2,AM,auto
75,52,1,AM,auto
75,56,4,AM,auto
75,57,6,AM,auto
75,58,2,AM,auto
75,59,2,AM,auto
75,60,5,AM,auto
75,61,6,AM,auto
75,63,1,AM,auto
75,65,5,AM,auto
75,66,1,AM,auto
75,67,40,AM,auto
75,68,8,AM,auto
75,69,1,AM,auto
75,73,1,AM,auto
75,76,1,AM,auto
75,77,1,AM,auto
75,78,1,AM,auto
75,79,16,AM,auto
75,81,1,AM,auto
75,82,2,AM,auto
75,85,1,AM,auto
75,86,9,AM,auto
75,87,40,AM,auto
75,88,2,AM,auto
75,89,10,AM,auto
75,90,12,AM,auto
75,95,1,AM,auto
75,96,38,AM,auto
75,97,8,AM,auto
75,98,6,AM,auto
75,99,5,AM,auto
75,101,1,AM,auto
75,105,2,AM,auto
75,106,1,AM,auto
75,107,4,AM,auto
75,113,1,AM,auto
75,114,4,AM,auto
75,116,6,AM,auto
75,117,1,AM,auto
75,120,9,AM,auto
75,121,5,AM,auto
75,123,1,AM,auto
75,125,4,AM,auto
75,128,3,AM,auto
75,130,3,AM,auto
75,131,1,AM,auto
75,132,1,AM,auto
75,135,1,AM,auto
75,139,2,AM,auto
76,1,1,AM,auto
76,2,2,AM,auto
76,3,2,AM,auto
76,4,1,AM,auto
76,6,1,AM,auto
76,9,2,AM,auto
76,10,1,AM,auto
76,12,1,AM,auto
76,13,1,AM,auto
76,14,2,AM,auto
76,15,1,AM,auto
76,25,10,AM,auto
76,26,3,AM,auto
76,28,7,AM,auto
76,30,1,AM,auto
76,31,6,AM,auto
76,32,14,AM,auto
76,33,3,AM,auto
76,34,2,AM,auto
76,35,5,AM,auto
76,36,8,AM,auto
76,37,4,AM,auto
76,38,11,AM,auto
76,39,15,AM,auto
76,40,13,AM,auto
76,42,4,AM,auto
76,43,1,AM,auto
76,44,5,AM,auto
76,45,1,AM,auto
76,46,3,AM,auto
76,47,2,AM,auto
76,48,2,AM,auto
76,49,8,AM,auto
76,51,1,AM,auto
76,53,1,AM,auto
76,56,5,AM,auto
76,57,8,AM,auto
76,58,7,AM,auto
76,60,8,AM,auto
76,61,21,AM,auto
76,62,1,AM,auto
76,63,1,AM,auto
76,64,2,AM,auto
76,65,5,AM,auto
76,67,45,AM,auto
76,68,6,AM,auto
76,71,1,AM,auto
76,75,4,AM,auto
76,77,3,AM,auto
76,78,1,AM,auto
76,79,11,AM,auto
76,80,1,AM,auto
76,81,3,AM,auto
76,86,8,AM,auto
76,87,28,AM,auto
76,89,1,AM,auto
76,90,6,AM,auto
76,91,1,AM,auto
76,95,3,AM,auto
76,96,27,AM,auto
76,97,13,AM,auto
76,98,2,AM,auto
76,99,1,AM,auto
76,100,4,AM,auto
76,102,1,AM,auto
76,104,1,AM,auto
76,105,2,AM,auto
76,108,2,AM,auto
76,110,1,AM,auto
76,115,4,AM,auto
76,116,2,AM,auto
76,117,1,AM,auto
76,120,3,AM,auto
76,121,1,AM,auto
76,122,1,AM,auto
76,123,8,AM,auto
76,126,1,AM,auto
76,131,2,AM,auto
76,132,1,AM,auto
76,139,4,AM,auto
76,140,2,AM,auto
76,141,3,AM,auto
77,1,3,AM,auto
77,2,1,AM,auto
77,3,4,AM,auto
77,4,2,AM,auto
77,6,2,AM,auto
77,7,3,AM,auto
77,8,3,AM,auto
77,9,2,AM,auto
77,10,1,AM,auto
77,11,2,AM,auto
77,12,2,AM,auto
77,15,1,AM,auto
77,20,2,AM,auto
77,23,2,AM,auto
77,24,1,AM,auto
77,25,1,AM,auto
77,26,5,AM,auto
77,28,2,AM,auto
77,30,4,AM,auto
77,31,3,AM,auto
77,32,29,AM,auto
77,33,4,AM,auto
77,34,2,AM,auto
77,35,7,AM,auto
77,36,11,AM,auto
77,37,2,AM,auto
77,38,11,AM,auto
77,39,5,AM,auto
77,40,15,AM,auto
77,42,6,AM,auto
77,44,5,AM,auto
77,45,1,AM,auto
77,46,1,AM,auto
77,47,5,AM,auto
77,48,2,AM,auto
77,49,10,AM,auto
77,51,3,AM,auto
77,52,5,AM,auto
77,54,4,AM,auto
77,56,11,AM,auto
77,57,9,AM,auto
77,58,2,AM,auto
77,59,2,AM,auto
77,61,9,AM,auto
77,62,1,AM,auto
77,63,1,AM,auto
77,64,6,AM,auto
77,65,6,AM,auto
77,66,1,AM,auto
77,67,32,AM,auto
77,68,6,AM,auto
77,71,4,AM,auto
77,72,1,AM,auto
77,73,1,AM,auto
77,74,4,AM,auto
77,75,9,AM,auto
77,76,1,AM,auto
77,78,12,AM,auto
77,79,42,AM,auto
77,83,3,AM,auto
77,84,2,AM,auto
77,85,5,AM,auto
77,86,11,AM,auto
77,87,64,AM,auto
77,88,8,AM,auto
77,89,3,AM,auto
77,90,7,AM,auto
77,92,2,AM,auto
77,95,7,AM,auto
77,96,25,AM,auto
77,97,18,AM,auto
77,99,3,AM,auto
77,100,1,AM,auto
77,102,3,AM,auto
77,104,4,AM,auto
77,105,3,AM,auto
77,106,1,AM,auto
77,107,6,AM,auto
77,108,2,AM,auto
77,111,2,AM,auto
77,112,1,AM,auto
77,113,1,AM,auto
77,114,2,AM,auto
77,115,1,AM,auto
77,116,1,AM,auto
77,117,1,AM,auto
77,118,3,AM,auto
77,120,8,AM,auto
77,121,5,AM,auto
77,122,1,AM,auto
77,123,19,AM,auto
77,125,4,AM,auto
77,126,2,AM,auto
77,128,1,AM,auto
77,129,10,AM,auto
77,130,2,AM,auto
77,131,1,AM,auto
77,132,2,AM,auto
77,139,1,AM,auto
77,140,1,AM,auto
77,141,1,AM,auto
78,3,2,AM,auto
78,4,5,AM,auto
78,5,1,AM,auto
78,7,3,AM,auto
78,8,1,AM,auto
78,9,2,AM,auto
78,14,1,AM,auto
78,15,3,AM,auto
78,20,2,AM,auto
78,21,3,AM,auto
78,22,5,AM,auto
78,23,2,AM,auto
78,25,2,AM,auto
78,26,12,AM,auto
78,28,1,AM,auto
78,30,5,AM,auto
78,31,2,AM,auto
78,32,8,AM,auto
78,33,3,AM,auto
78,35,6,AM,auto
78,38,2,AM,auto
78,39,7,AM,auto
78,40,5,AM,auto
78,41,1,AM,auto
78,42,3,AM,auto
78,43,9,AM,auto
78,44,1,AM,auto
78,47,3,AM,auto
78,48,1,AM,auto
78,49,4,AM,auto
78,50,1,AM,auto
78,56,3,AM,auto
78,57,2,AM,auto
78,58,7,AM,auto
78,59,1,AM,auto
78,60,3,AM,auto
78,61,2,AM,auto
78,64,1,AM,auto
78,65,2,AM,auto
78,66,1,AM,auto
78,67,11,AM,auto
78,68,4,AM,auto
78,69,1,AM,auto
78,73,4,AM,auto
78,75,2,AM,auto
78,76,1,AM,auto
78,77,1,AM,auto
78,79,8,AM,auto
78,80,1,AM,auto
78,82,1,AM,auto
78,83,2,AM,auto
78,84,2,AM,auto
78,85,5,AM,auto
78,86,6,AM,auto
78,87,34,AM,auto
78,89,3,AM,auto
78,90,4,AM,auto
78,91,2,AM,auto
78,95,2,AM,auto
78,96,18,AM,auto
78,97,5,AM,auto
78,99,2,AM,auto
78,102,4,AM,auto
78,104,4,AM,auto
78,105,3,AM,auto
78,110,1,AM,auto
78,111,4,AM,auto
78,112,3,AM,auto
78,114,1,AM,auto
78,116,2,AM,auto
78,117,1,AM,auto
78,118,1,AM,auto
78,120,3,AM,auto
78,121,1,AM,auto
78,123,5,AM,auto
78,127,1,AM,auto
78,129,6,AM,auto
78,130,1,AM,auto
78,131,7,AM,auto
78,132,1,AM,auto
78,135,1,AM,auto
78,139,2,AM,auto
79,1,1,AM,auto
79,2,2,AM,auto
79,3,2,AM,auto
79,4,1,AM,auto
79,7,8,AM,auto
79,8,3,AM,auto
79,10,4,AM,auto
79,13,1,AM,auto
79,15,2,AM,auto
79,16,1,AM,auto
79,18,3,AM,auto
79,19,2,AM,auto
79,20,4,AM,auto
79,21,2,AM,auto
79,22,4,AM,auto
79,23,2,AM,auto
79,24,1,AM,auto
79,25,16,AM,auto
79,26,4,AM,auto
79,28,6,AM,auto
79,30,9,AM,auto
79,32,16,AM,auto
79,33,7,AM,auto
79,34,2,AM,auto
79,35,6,AM,auto
79,36,1,AM,auto
79,37,2,AM,auto
79,38,27,AM,auto
79,39,20,AM,auto
79,40,24,AM,auto
79,41,3,AM,auto
79,42,7,AM,auto
79,43,3,AM,auto
79,44,8,AM,auto
79,46,8,AM,auto
79,47,1,AM,auto
79,48,7,AM,auto
79,49,2,AM,auto
79,53,5,AM,auto
79,57,13,AM,auto
79,58,9,AM,auto
79,59,3,AM,auto
79,60,11,AM,auto
79,61,17,AM,auto
79,62,4,AM,auto
79,63,1,AM,auto
79,64,3,AM,auto
79,65,3,AM,auto
79,66,4,AM,auto
79,67,75,AM,auto
79,68,14,AM,auto
79,74,2,AM,auto
79,75,1,AM,auto
79,77,7,AM,auto
79,78,34,AM,auto
79,80,7,AM,auto
79,81,2,AM,auto
79,84,1,AM,auto
79,85,3,AM,auto
79,86,12,AM,auto
79,87,56,AM,auto
79,88,1,AM,auto
79,90,1,AM,auto
79,91,8,AM,auto
79,93,1,AM,auto
79,95,16,AM,auto
79,96,45,AM,auto
79,97,13,AM,auto
79,98,4,AM,auto
79,99,7,AM,auto
79,100,6,AM,auto
79,101,2,AM,auto
79,104,2,AM,auto
79,105,5,AM,auto
79,106,1,AM,auto
79,107,1,AM,auto
79,108,6,AM,auto
79,111,1,AM,auto
79,112,3,AM,auto
79,113,2,AM,auto
79,117,2,AM,auto
79,120,7,AM,auto
79,121,9,AM,auto
79,122,1,AM,auto
79,123,9,AM,auto
79,129,8,AM,auto
79,130,2,AM,auto
79,132,1,AM,auto
79,138,1,AM,auto
79,139,5,AM,auto
79,141,1,AM,auto
80,3,17,AM,auto
80,4,17,AM,auto
80,5,1,AM,auto
80,6,5,AM,auto
80,7,4,AM,auto
80,9,1,AM,auto
80,10,7,AM,auto
80,11,2,AM,auto
80,12,3,AM,auto
80,13,2,AM,auto
80,15,6,AM,auto
80,18,2,AM,auto
80,21,3,AM,auto
80,22,5,AM,auto
80,23,3,AM,auto
80,24,2,AM,auto
80,25,20,AM,auto
80,26,14,AM,auto
80,28,1,AM,auto
80,29,1,AM,auto
80,30,6,AM,auto
80,32,32,AM,auto
80,33,7,AM,auto
80,34,3,AM,auto
80,35,6,AM,auto
80,36,16,AM,auto
80,37,3,AM,auto
80,38,75,AM,auto
80,39,18,AM,auto
80,40,27,AM,auto
80,41,2,AM,auto
80,42,13,AM,auto
80,43,10,AM,auto
80,44,5,AM,auto
80,46,4,AM,auto
80,48,19,AM,auto
80,49,2,AM,auto
80,52,2,AM,auto
80,53,1,AM,auto
80,57,35,AM,auto
80,58,25,AM,auto
80,60,32,AM,auto
80,61,20,AM,auto
80,62,1,AM,auto
80,63,5,AM,auto
80,64,9,AM,auto
80,65,11,AM,auto
80,66,6,AM,auto
80,67,131,AM,auto
80,68,21,AM,auto
80,71,2,AM,auto
80,72,2,AM,auto
80,74,1,AM,auto
80,75,2,AM,auto
80,77,2,AM,auto
80,78,7,AM,auto
80,79,6,AM,auto
80,81,4,AM,auto
80,82,1,AM,auto
80,83,1,AM,auto
80,85,2,AM,auto
80,86,8,AM,auto
80,87,60,AM,auto
80,88,1,AM,auto
80,89,3,AM,auto
80,90,1,AM,auto
80,91,2,AM,auto
80,93,2,AM,auto
80,94,3,AM,auto
80,95,4,AM,auto
80,96,70,AM,auto
80,97,27,AM,auto
80,98,11,AM,auto
80,99,10,AM,auto
80,100,3,AM,auto
80,102,2,AM,auto
80,105,1,AM,auto
80,107,1,AM,auto
80,108,11,AM,auto
80,109,1,AM,auto
80,111,2,AM,auto
80,112,2,AM,auto
80,114,3,AM,auto
80,115,2,AM,auto
80,116,9,AM,auto
80,117,12,AM,auto
80,118,4,AM,auto
80,120,27,AM,auto
80,121,6,AM,auto
80,123,14,AM,auto
80,125,4,AM,auto
80,128,1,AM,auto
80,131,2,AM,auto
80,136,1,AM,auto
80,141,1,AM,auto
81,2,2,AM,auto
81,3,1,AM,auto
81,4,5,AM,auto
81,6,3,AM,auto
81,7,3,AM,auto
81,8,4,AM,auto
81,9,1,AM,auto
81,10,2,AM,auto
81,13,4,AM,auto
81,14,1,AM,auto
81,15,1,AM,auto
81,20,1,AM,auto
81,21,4,AM,auto
81,22,3,AM,auto
81,24,1,AM,auto
81,25,7,AM,auto
81,26,6,AM,auto
81,29,2,AM,auto
81,30,4,AM,auto
81,31,2,AM,auto
81,32,20,AM,auto
81,33,4,AM,auto
81,35,2,AM,auto
81,36,7,AM,auto
81,37,1,AM,auto
81,38,9,AM,auto
81,39,19,AM,auto
81,40,23,AM,auto
81,41,1,AM,auto
81,42,7,AM,auto
81,43,3,AM,auto
81,44,1,AM,auto
81,46,1,AM,auto
81,47,1,AM,auto
81,48,3,AM,auto
81,49,1,AM,auto
81,52,1,AM,auto
81,54,1,AM,auto
81,56,1,AM,auto
81,57,12,AM,auto
81,58,8,AM,auto
81,60,8,AM,auto
81,61,13,AM,auto
81,62,2,AM,auto
81,64,7,AM,auto
81,65,9,AM,auto
81,66,2,AM,auto
81,67,53,AM,auto
81,68,4,AM,auto
81,71,1,AM,auto
81,75,2,AM,auto
81,76,1,AM,auto
81,78,2,AM,auto
81,79,11,AM,auto
81,80,10,AM,auto
81,82,1,AM,auto
81,85,4,AM,auto
81,86,5,AM,auto
81,87,48,AM,auto
81,89,2,AM,auto
81,90,7,AM,auto
81,92,1,AM,auto
81,93,1,AM,auto
81,95,5,AM,auto
81,96,26,AM,auto
81,97,8,AM,auto
81,98,6,AM,auto
81,99,6,AM,auto
81,100,3,AM,auto
81,102,1,AM,auto
81,105,1,AM,auto
81,107,1,AM,auto
81,108,8,AM,auto
81,112,1,AM,auto
81,115,6,AM,auto
81,116,10,AM,auto
81,117,3,AM,auto
81,118,3,AM,auto
81,120,16,AM,auto
81,121,6,AM,auto
81,123,16,AM,auto
81,124,1,AM,auto
81,125,3,AM,auto
81,126,1,AM,auto
81,127,1,AM,auto
81,129,4,AM,auto
81,131,1,AM,auto
81,139,2,AM,auto
82,3,3,AM,auto
82,4,2,AM,auto
82,6,1,AM,auto
82,7,5,AM,auto
82,8,3,AM,auto
82,10,6,AM,auto
82,11,1,AM,auto
82,12,1,AM,auto
82,15,4,AM,auto
82,16,1,AM,auto
82,21,1,AM,auto
82,22,5,AM,auto
82,25,1,AM,auto
82,26,11,AM,auto
82,27,1,AM,auto
82,30,4,AM,auto
82,31,1,AM,auto
82,32,23,AM,auto
82,33,6,AM,auto
82,34,3,AM,auto
82,35,7,AM,auto
82,36,11,AM,auto
82,37,1,AM,auto
82,38,6,AM,auto
82,39,13,AM,auto
82,40,7,AM,auto
82,41,1,AM,auto
82,42,4,AM,auto
82,43,2,AM,auto
82,44,2,AM,auto
82,45,1,AM,auto
82,46,3,AM,auto
82,47,1,AM,auto
82,48,3,AM,auto
82,49,2,AM,auto
82,50,6,AM,auto
82,51,1,AM,auto
82,53,1,AM,auto
82,57,8,AM,auto
82,58,6,AM,auto
82,60,11,AM,auto
82,61,3,AM,auto
82,64,4,AM,auto
82,65,3,AM,auto
82,67,24,AM,auto
82,68,9,AM,auto
82,70,1,AM,auto
82,71,2,AM,auto
82,72,1,AM,auto
82,74,2,AM,auto
82,75,4,AM,auto
82,77,1,AM,auto
82,78,7,AM,auto
82,79,21,AM,auto
82,80,1,AM,auto
82,83,2,AM,auto
82,85,3,AM,auto
82,86,16,AM,auto
82,87,39,AM,auto
82,88,3,AM,auto
82,89,3,AM,auto
82,90,2,AM,auto
82,91,6,AM,auto
82,95,1,AM,auto
82,96,26,AM,auto
82,97,11,AM,auto
82,99,6,AM,auto
82,100,1,AM,auto
82,103,1,AM,auto
82,104,2,AM,auto
82,107,3,AM,auto
82,108,6,AM,auto
82,111,1,AM,auto
82,112,1,AM,auto
82,113,2,AM,auto
82,114,3,AM,auto
82,115,4,AM,auto
82,116,9,AM,auto
82,117,1,AM,auto
82,120,5,AM,auto
82,121,7,AM,auto
82,122,1,AM,auto
82,123,4,AM,auto
82,125,4,AM,auto
82,129,5,AM,auto
82,130,2,AM,auto
82,131,2,AM,auto
82,132,1,AM,auto
82,136,1,AM,auto
82,138,1,AM,auto
82,139,2,AM,auto
83,1,1,AM,auto
83,3,4,AM,auto
83,4,2,AM,auto
83,7,2,AM,auto
83,8,1,AM,auto
83,10,9,AM,auto
83,12,1,AM,auto
83,18,1,AM,auto
83,22,7,AM,auto
83,23,4,AM,auto
83,24,2,AM,auto
83,25,7,AM,auto
83,26,3,AM,auto
83,27,1,AM,auto
83,31,1,AM,auto
83,32,11,AM,auto
83,33,1,AM,auto
83,35,3,AM,auto
83,36,11,AM,auto
83,37,1,AM,auto
83,38,4,AM,auto
83,39,10,AM,auto
83,40,21,AM,auto
83,41,1,AM,auto
83,42,1,AM,auto
83,43,1,AM,auto
83,44,1,AM,auto
83,47,1,AM,auto
83,48,2,AM,auto
83,49,1,AM,auto
83,51,1,AM,auto
83,56,3,AM,auto
83,57,5,AM,auto
83,58,6,AM,auto
83,59,1,AM,auto
83,60,2,AM,auto
83,61,14,AM,auto
83,64,6,AM,auto
83,65,2,AM,auto
83,66,1,AM,auto
83,67,25,AM,auto
83,68,1,AM,auto
83,73,2,AM,auto
83,75,4,AM,auto
83,77,2,AM,auto
83,78,1,AM,auto
83,79,14,AM,auto
83,81,1,AM,auto
83,82,3,AM,auto
83,85,2,AM,auto
83,86,3,AM,auto
83,87,24,AM,auto
83,88,1,AM,auto
83,89,2,AM,auto
83,90,3,AM,auto
83,91,1,AM,auto
83,92,1,AM,auto
83,93,2,AM,auto
83,96,19,AM,auto
83,97,10,AM,auto
83,98,1,AM,auto
83,99,5,AM,auto
83,100,1,AM,auto
83,101,1,AM,auto
83,104,1,AM,auto
83,105,1,AM,auto
83,106,1,AM,auto
83,107,3,AM,auto
83,108,7,AM,auto
83,110,1,AM,auto
83,111,1,AM,auto
83,114,2,AM,auto
83,115,1,AM,auto
83,116,3,AM,auto
83,118,1,AM,auto
83,120,13,AM,auto
83,121,1,AM,auto
83,123,12,AM,auto
83,125,4,AM,auto
83,126,2,AM,auto
83,128,2,AM,auto
83,131,1,AM,auto
83,138,3,AM,auto
83,139,1,AM,auto
84,1,2,AM,auto
84,2,1,AM,auto
84,3,2,AM,auto
84,4,6,AM,auto
84,5,1,AM,auto
84,7,2,AM,auto
84,8,4,AM,auto
84,9,1,AM,auto
84,10,1,AM,auto
84,14,1,AM,auto
84,15,5,AM,auto
84,20,1,AM,auto
84,21,1,AM,auto
84,23,2,AM,auto
84,24,2,AM,auto
84,25,10,AM,auto
84,26,6,AM,auto
84,28,2,AM,auto
84,30,5,AM,auto
84,31,4,AM,auto
84,32,30,AM,auto
84,33,1,AM,auto
84,34,4,AM,auto
84,35,8,AM,auto
84,36,8,AM,auto
84,37,2,AM,auto
84,38,13,AM,auto
84,39,21,AM,auto
84,40,12,AM,auto
84,42,11,AM,auto
84,43,8,AM,auto
84,44,5,AM,auto
84,47,2,AM,auto
84,48,5,AM,auto
84,49,6,AM,auto
84,50,5,AM,auto
84,51,3,AM,auto
84,52,1,AM,auto
84,53,1,AM,auto
84,54,2,AM,auto
84,56,1,AM,auto
84,57,10,AM,auto
84,58,17,AM,auto
84,59,2,AM,auto
84,60,9,AM,auto
84,61,5,AM,auto
84,62,2,AM,auto
84,63,2,AM,auto
84,64,6,AM,auto
84,65,6,AM,auto
84,66,2,AM,auto
84,67,77,AM,auto
84,68,15,AM,auto
84,69,2,AM,auto
84,70,1,AM,auto
84,72,3,AM,auto
84,74,1,AM,auto
84,75,1,AM,auto
84,76,3,AM,auto
84,77,6,AM,auto
84,78,1,AM,auto
84,79,17,AM,auto
84,80,4,AM,auto
84,81,1,AM,auto
84,82,5,AM,auto
84,83,1,AM,auto
84,86,8,AM,auto
84,87,85,AM,auto
84,89,2,AM,auto
84,90,11,AM,auto
84,91,1,AM,auto
84,93,2,AM,auto
84,94,1,AM,auto
84,95,6,AM,auto
84,96,42,AM,auto
84,97,14,AM,auto
84,99,14,AM,auto
84,100,2,AM,auto
84,102,1,AM,auto
84,103,2,AM,auto
84,104,2,AM,auto
84,105,3,AM,auto
84,107,4,AM,auto
84,108,9,AM,auto
84,111,3,AM,auto
84,113,2,AM,auto
84,115,5,AM,auto
84,116,5,AM,auto
84,117,1,AM,auto
84,120,11,AM,auto
84,121,7,AM,auto
84,123,15,AM,auto
84,125,4,AM,auto
84,126,1,AM,auto
84,128,1,AM,auto
84,129,5,AM,auto
84,131,3,AM,auto
84,132,3,AM,auto
84,134,3,AM,auto
84,137,3,AM,auto
84,139,3,AM,auto
84,141,1,AM,auto
85,1,3,AM,auto
85,2,1,AM,auto
85,3,3,AM,auto
85,4,3,AM,auto
85,7,14,AM,auto
85,9,1,AM,auto
85,10,3,AM,auto
85,11,2,AM,auto
85,12,3,AM,auto
85,14,1,AM,auto
85,15,5,AM,auto
85,21,1,AM,auto
85,22,4,AM,auto
85,24,1,AM,auto
85,25,7,AM,auto
85,26,6,AM,auto
85,28,4,AM,auto
85,30,3,AM,auto
85,31,1,AM,auto
85,32,15,AM,auto
85,33,7,AM,auto
85,34,1,AM,auto
85,35,7,AM,auto
85,36,8,AM,auto
85,37,2,AM,auto
85,38,8,AM,auto
85,39,23,AM,auto
85,40,24,AM,auto
85,41,3,AM,auto
85,42,5,AM,auto
85,43,2,AM,auto
85,44,1,AM,auto
85,46,1,AM,auto
85,47,2,AM,auto
85,48,2,AM,auto
85,49,9,AM,auto
85,51,1,AM,auto
85,52,2,AM,auto
85,56,6,AM,auto
85,57,9,AM,auto
85,58,6,AM,auto
85,59,5,AM,auto
85,60,7,AM,auto
85,61,7,AM,auto
85,63,1,AM,auto
85,64,2,AM,auto
85,65,1,AM,auto
85,66,2,AM,auto
85,67,49,AM,auto
85,68,17,AM,auto
85,70,1,AM,auto
85,74,1,AM,auto
85,75,9,AM,auto
85,76,1,AM,auto
85,77,4,AM,auto
85,78,4,AM,auto
85,79,10,AM,auto
85,80,4,AM,auto
85,83,4,AM,auto
85,84,2,AM,auto
85,86,25,AM,auto
85,87,51,AM,auto
85,89,2,AM,auto
85,90,3,AM,auto
85,91,1,AM,auto
85,94,2,AM,auto
85,95,5,AM,auto
85,96,40,AM,auto
85,97,27,AM,auto
85,98,3,AM,auto
85,99,7,AM,auto
85,100,2,AM,auto
85,104,1,AM,auto
85,105,1,AM,auto
85,107,2,AM,auto
85,108,5,AM,auto
85,109,2,AM,auto
85,112,3,AM,auto
85,113,2,AM,auto
85,114,2,AM,auto
85,115,4,AM,auto
85,116,2,AM,auto
85,120,2,AM,auto
85,121,4,AM,auto
85,123,9,AM,auto
85,125,9,AM,auto
85,130,1,AM,auto
85,131,3,AM,auto
85,132,1,AM,auto
85,137,1,AM,auto
85,138,3,AM,auto
85,139,8,AM,auto
85,141,1,AM,auto
86,2,2,AM,auto
86,3,5,AM,auto
86,4,4,AM,auto
86,7,3,AM,auto
86,21,1,AM,auto
86,23,3,AM,auto
86,24,1,AM,auto
86,25,2,AM,auto
86,26,5,AM,auto
86,27,1,AM,auto
86,30,3,AM,auto
86,31,1,AM,auto
86,32,4,AM,auto
86,33,1,AM,auto
86,34,2,AM,auto
86,35,1,AM,auto
86,36,1,AM,auto
86,38,6,AM,auto
86,39,7,AM,auto
86,40,14,AM,auto
86,41,2,AM,auto
86,42,3,AM,auto
86,44,2,AM,auto
86,47,3,AM,auto
86,49,2,AM,auto
86,51,4,AM,auto
86,52,1,AM,auto
86,54,2,AM,auto
86,57,2,AM,auto
86,58,7,AM,auto
86,59,1,AM,auto
86,60,5,AM,auto
86,61,1,AM,auto
86,63,3,AM,auto
86,65,2,AM,auto
86,66,1,AM,auto
86,67,25,AM,auto
86,68,10,AM,auto
86,75,2,AM,auto
86,77,4,AM,auto
86,78,1,AM,auto
86,79,8,AM,auto
86,87,28,AM,auto
86,88,1,AM,auto
86,89,1,AM,auto
86,91,1,AM,auto
86,95,2,AM,auto
86,96,21,AM,auto
86,97,9,AM,auto
86,99,4,AM,auto
86,102,2,AM,auto
86,105,3,AM,auto
86,107,3,AM,auto
86,116,3,AM,auto
86,118,1,AM,auto
86,120,6,AM,auto
86,121,2,AM,auto
86,123,3,AM,auto
86,125,3,AM,auto
86,128,1,AM,auto
86,131,1,AM,auto
86,139,2,AM,auto
86,141,1,AM,auto
87,2,1,AM,auto
87,3,5,AM,auto
87,4,1,AM,auto
87,7,4,AM,auto
87,8,2,AM,auto
87,9,1,AM,auto
87,10,3,AM,auto
87,15,3,AM,auto
87,18,3,AM,auto
87,20,4,AM,auto
87,21,5,AM,auto
87,22,1,AM,auto
87,23,3,AM,auto
87,24,2,AM,auto
87,25,8,AM,auto
87,26,6,AM,auto
87,28,1,AM,auto
87,30,3,AM,auto
87,31,10,AM,auto
87,32,26,AM,auto
87,33,4,AM,auto
87,34,1,AM,auto
87,35,4,AM,auto
87,36,7,AM,auto
87,38,11,AM,auto
87,39,18,AM,auto
87,40,15,AM,auto
87,42,7,AM,auto
87,43,2,AM,auto
87,44,2,AM,auto
87,46,8,AM,auto
87,48,5,AM,auto
87,49,2,AM,auto
87,54,1,AM,auto
87,56,1,AM,auto
87,57,7,AM,auto
87,58,13,AM,auto
87,60,8,AM,auto
87,61,18,AM,auto
87,63,1,AM,auto
87,65,2,AM,auto
87,66,1,AM,auto
87,67,81,AM,auto
87,68,2,AM,auto
87,72,1,AM,auto
87,73,1,AM,auto
87,75,1,AM,auto
87,79,12,AM,auto
87,85,1,AM,auto
87,86,13,AM,auto
87,90,9,AM,auto
87,91,1,AM,auto
87,93,2,AM,auto
87,94,1,AM,auto
87,95,5,AM,auto
87,96,47,AM,auto
87,97,32,AM,auto
87,98,3,AM,auto
87,99,3,AM,auto
87,102,1,AM,auto
87,104,1,AM,auto
87,108,2,AM,auto
87,111,2,AM,auto
87,114,1,AM,auto
87,115,3,AM,auto
87,116,4,AM,auto
87,118,1,AM,auto
87,120,8,AM,auto
87,122,1,AM,auto
87,123,6,AM,auto
87,125,1,AM,auto
87,128,1,AM,auto
87,130,1,AM,auto
87,131,2,AM,auto
87,132,1,AM,auto
87,138,1,AM,auto
87,141,1,AM,auto
88,3,1,AM,auto
88,4,5,AM,auto
88,8,1,AM,auto
88,10,1,AM,auto
88,13,1,AM,auto
88,22,1,AM,auto
88,23,1,AM,auto
88,24,1,AM,auto
88,25,2,AM,auto
88,26,11,AM,auto
88,30,3,AM,auto
88,31,3,AM,auto
88,32,10,AM,auto
88,33,3,AM,auto
88,36,2,AM,auto
88,37,2,AM,auto
88,38,6,AM,auto
88,39,7,AM,auto
88,40,7,AM,auto
88,43,2,AM,auto
88,44,1,AM,auto
88,50,2,AM,auto
88,57,6,AM,auto
88,58,1,AM,auto
88,59,1,AM,auto
88,60,2,AM,auto
88,61,2,AM,auto
88,62,1,AM,auto
88,63,1,AM,auto
88,64,1,AM,auto
88,65,2,AM,auto
88,67,31,AM,auto
88,68,8,AM,auto
88,74,1,AM,auto
88,75,1,AM,auto
88,77,1,AM,auto
88,78,1,AM,auto
88,79,3,AM,auto
88,81,1,AM,auto
88,83,3,AM,auto
88,84,2,AM,auto
88,86,8,AM,auto
88,87,24,AM,auto
88,89,4,AM,auto
88,90,4,AM,auto
88,95,3,AM,auto
88,96,14,AM,auto
88,97,4,AM,auto
88,98,2,AM,auto
88,99,2,AM,auto
88,104,1,AM,auto
88,105,5,AM,auto
88,108,1,AM,auto
88,114,1,AM,auto
88,116,2,AM,auto
88,120,4,AM,auto
88,121,2,AM,auto
88,122,1,AM,auto
88,123,3,AM,auto
88,135,1,AM,auto
88,139,2,AM,auto
88,141,2,AM,auto
89,2,1,AM,auto
89,7,3,AM,auto
89,8,1,AM,auto
89,9,1,AM,auto
89,15,2,AM,auto
89,22,2,AM,auto
89,25,2,AM,auto
89,26,2,AM,auto
89,30,1,AM,auto
89,32,12,AM,auto
89,33,1,AM,auto
89,36,1,AM,auto
89,37,1,AM,auto
89,38,8,AM,auto
89,39,10,AM,auto
89,40,15,AM,auto
89,41,4,AM,auto
89,46,1,AM,auto
89,47,1,AM,auto
89,48,3,AM,auto
89,51,2,AM,auto
89,52,2,AM,auto
89,53,2,AM,auto
89,54,1,AM,auto
89,57,2,AM,auto
89,58,2,AM,auto
89,60,3,AM,auto
89,61,5,AM,auto
89,62,1,AM,auto
89,63,1,AM,auto
89,65,4,AM,auto
89,67,8,AM,auto
89,69,1,AM,auto
89,71,2,AM,auto
89,72,4,AM,auto
89,75,6,AM,auto
89,77,1,AM,auto
89,79,5,AM,auto
89,82,1,AM,auto
89,83,1,AM,auto
89,85,2,AM,auto
89,86,15,AM,auto
89,87,17,AM,auto
89,88,4,AM,auto
89,90,2,AM,auto
89,91,1,AM,auto
89,95,5,AM,auto
89,96,4,AM,auto
89,97,6,AM,auto
89,99,6,AM,auto
89,103,1,AM,auto
89,108,4,AM,auto
89,116,2,AM,auto
89,120,5,AM,auto
89,121,2,AM,auto
89,122,1,AM,auto
89,123,3,AM,auto
89,129,1,AM,auto
89,131,1,AM,auto
89,138,2,AM,auto
89,139,4,AM,auto
90,2,1,AM,auto
90,3,3,AM,auto
90,7,2,AM,auto
90,10,1,AM,auto
90,12,1,AM,auto
90,14,2,AM,auto
90,15,3,AM,auto
90,22,3,AM,auto
90,24,2,AM,auto
90,25,7,AM,auto
90,26,5,AM,auto
90,30,6,AM,auto
90,31,1,AM,auto
90,32,9,AM,auto
90,33,3,AM,auto
90,34,2,AM,auto
90,35,1,AM,auto
90,36,2,AM,auto
90,37,1,AM,auto
90,38,3,AM,auto
90,39,10,AM,auto
90,40,3,AM,auto
90,42,8,AM,auto
90,44,4,AM,auto
90,45,1,AM,auto
90,47,1,AM,auto
90,48,3,AM,auto
90,49,5,AM,auto
90,57,8,AM,auto
90,58,6,AM,auto
90,59,1,AM,auto
90,60,8,AM,auto
90,61,4,AM,auto
90,63,2,AM,auto
90,66,1,AM,auto
90,67,23,AM,auto
90,68,10,AM,auto
90,73,3,AM,auto
90,74,3,AM,auto
90,77,2,AM,auto
90,78,2,AM,auto
90,79,5,AM,auto
90,80,1,AM,auto
90,81,1,AM,auto
90,86,1,AM,auto
90,87,21,AM,auto
90,88,6,AM,auto
90,89,1,AM,auto
90,93,1,AM,auto
90,94,1,AM,auto
90,95,2,AM,auto
90,96,18,AM,auto
90,97,16,AM,auto
90,98,3,AM,auto
90,99,4,AM,auto
90,102,1,AM,auto
90,107,1,AM,auto
90,108,1,AM,auto
90,114,3,AM,auto
90,115,3,AM,auto
90,116,3,AM,auto
90,120,3,AM,auto
90,121,5,AM,auto
90,123,3,AM,auto
90,128,1,AM,auto
90,129,2,AM,auto
90,138,4,AM,auto
90,139,1,AM,auto
90,140,1,AM,auto
91,3,5,AM,auto
91,4,3,AM,auto
91,8,5,AM,auto
91,10,4,AM,auto
91,12,1,AM,auto
91,14,1,AM,auto
91,15,1,AM,auto
91,20,1,AM,auto
91,22,3,AM,auto
91,23,1,AM,auto
91,25,10,AM,auto
91,26,13,AM,auto
91,30,2,AM,auto
91,32,18,AM,auto
91,33,3,AM,auto
91,35,10,AM,auto
91,36,3,AM,auto
91,38,6,AM,auto
91,39,14,AM,auto
91,40,15,AM,auto
91,42,3,AM,auto
91,43,2,AM,auto
91,45,2,AM,auto
91,46,1,AM,auto
91,48,9,AM,auto
91,49,6,AM,auto
91,50,1,AM,auto
91,51,2,AM,auto
91,54,2,AM,auto
91,56,5,AM,auto
91,57,9,AM,auto
91,58,8,AM,auto
91,59,2,AM,auto
91,60,9,AM,auto
91,61,9,AM,auto
91,62,1,AM,auto
91,63,4,AM,auto
91,64,3,AM,auto
91,65,1,AM,auto
91,66,3,AM,auto
91,67,24,AM,auto
91,68,8,AM,auto
91,73,1,AM,auto
91,74,2,AM,auto
91,75,4,AM,auto
91,77,3,AM,auto
91,78,1,AM,auto
91,79,12,AM,auto
91,80,3,AM,auto
91,84,1,AM,auto
91,85,2,AM,auto
91,86,8,AM,auto
91,87,39,AM,auto
91,88,2,AM,auto
91,89,2,AM,auto
91,90,5,AM,auto
91,92,1,AM,auto
91,93,1,AM,auto
91,94,3,AM,auto
91,95,6,AM,auto
91,96,41,AM,auto
91,97,11,AM,auto
91,98,2,AM,auto
91,99,17,AM,auto
91,100,4,AM,auto
91,102,2,AM,auto
91,105,1,AM,auto
91,108,8,AM,auto
91,110,1,AM,auto
91,111,1,AM,auto
91,114,3,AM,auto
91,115,4,AM,auto
91,116,1,AM,auto
91,120,7,AM,auto
91,121,3,AM,auto
91,123,8,AM,auto
91,125,3,AM,auto
91,128,2,AM,auto
91,129,3,AM,auto
91,135,1,AM,auto
91,138,2,AM,auto
91,139,4,AM,auto
92,3,2,AM,auto
92,4,2,AM,auto
92,8,2,AM,auto
92,10,2,AM,auto
92,12,1,AM,auto
92,18,4,AM,auto
92,22,6,AM,auto
92,23,2,AM,auto
92,24,1,AM,auto
92,25,4,AM,auto
92,26,4,AM,auto
92,27,1,AM,auto
92,28,4,AM,auto
92,29,1,AM,auto
92,30,2,AM,auto
92,31,1,AM,auto
92,32,11,AM,auto
92,33,3,AM,auto
92,35,6,AM,auto
92,36,5,AM,auto
92,38,1,AM,auto
92,39,4,AM,auto
92,40,22,AM,auto
92,42,5,AM,auto
92,43,3,AM,auto
92,44,3,AM,auto
92,45,3,AM,auto
92,52,1,AM,auto
92,53,1,AM,auto
92,56,2,AM,auto
92,57,4,AM,auto
92,58,5,AM,auto
92,60,1,AM,auto
92,62,1,AM,auto
92,64,2,AM,auto
92,65,1,AM,auto
92,67,13,AM,auto
92,68,7,AM,auto
92,71,1,AM,auto
92,72,1,AM,auto
92,73,1,AM,auto
92,74,1,AM,auto
92,75,1,AM,auto
92,77,1,AM,auto
92,78,1,AM,auto
92,79,7,AM,auto
92,80,2,AM,auto
92,81,2,AM,auto
92,84,1,AM,auto
92,86,5,AM,auto
92,87,26,AM,auto
92,88,1,AM,auto
92,89,2,AM,auto
92,90,3,AM,auto
92,91,4,AM,auto
92,93,2,AM,auto
92,95,2,AM,auto
92,96,16,AM,auto
92,97,5,AM,auto
92,98,1,AM,auto
92,99,7,AM,auto
92,103,1,AM,auto
92,104,2,AM,auto
92,105,1,AM,auto
92,107,3,AM,auto
92,109,1,AM,auto
92,112,1,AM,auto
92,120,9,AM,auto
92,123,11,AM,auto
92,125,3,AM,auto
92,128,2,AM,auto
92,129,2,AM,auto
92,130,1,AM,auto
92,132,1,AM,auto
92,133,1,AM,auto
92,135,2,AM,auto
92,136,3,AM,auto
92,139,1,AM,auto
92,141,2,AM,auto
93,3,2,AM,auto
93,7,1,AM,auto
93,9,2,AM,auto
93,10,1,AM,auto
93,11,1,AM,auto
93,12,2,AM,auto
93,13,1,AM,auto
93,14,1,AM,auto
93,15,1,AM,auto
93,18,2,AM,auto
93,20,1,AM,auto
93,23,1,AM,auto
93,24,1,AM,auto
93,25,1,AM,auto
93,26,2,AM,auto
93,27,1,AM,auto
93,28,2,AM,auto
93,30,3,AM,auto
93,31,8,AM,auto
93,32,7,AM,auto
93,33,2,AM,auto
93,34,1,AM,auto
93,35,3,AM,auto
93,38,7,AM,auto
93,39,15,AM,auto
93,40,17,AM,auto
93,42,4,AM,auto
93,43,2,AM,auto
93,44,4,AM,auto
93,45,2,AM,auto
93,46,1,AM,auto
93,47,2,AM,auto
93,48,3,AM,auto
93,51,1,AM,auto
93,52,1,AM,auto
93,53,2,AM,auto
93,56,1,AM,auto
93,57,3,AM,auto
93,58,5,AM,auto
93,59,3,AM,auto
93,60,9,AM,auto
93,61,8,AM,auto
93,63,2,AM,auto
93,64,8,AM,auto
93,65,3,AM,auto
93,66,5,AM,auto
93,67,50,AM,auto
93,68,8,AM,auto
93,75,1,AM,auto
93,78,4,AM,auto
93,79,6,AM,auto
93,80,4,AM,auto
93,82,3,AM,auto
93,84,1,AM,auto
93,85,3,AM,auto
93,86,4,AM,auto
93,87,41,AM,auto
93,88,7,AM,auto
93,89,2,AM,auto
93,90,4,AM,auto
93,91,4,AM,auto
93,95,3,AM,auto
93,96,15,AM,auto
93,97,8,AM,auto
93,98,1,AM,auto
93,99,5,AM,auto
93,100,2,AM,auto
93,102,2,AM,auto
93,107,2,AM,auto
93,108,5,AM,auto
93,111,1,AM,auto
93,113,1,AM,auto
93,115,4,AM,auto
93,116,3,AM,auto
93,118,1,AM,auto
93,120,9,AM,auto
93,121,5,AM,auto
93,122,1,AM,auto
93,123,8,AM,auto
93,125,3,AM,auto
93,126,1,AM,auto
93,129,1,AM,auto
93,131,1,AM,auto
93,139,1,AM,auto
93,140,1,AM,auto
94,4,2,AM,auto
94,7,2,AM,auto
94,10,1,AM,auto
94,15,5,AM,auto
94,18,2,AM,auto
94,20,4,AM,auto
94,22,1,AM,auto
94,24,1,AM,auto
94,25,10,AM,auto
94,26,2,AM,auto
94,30,3,AM,auto
94,31,2,AM,auto
94,32,10,AM,auto
94,35,2,AM,auto
94,36,4,AM,auto
94,38,7,AM,auto
94,39,6,AM,auto
94,40,3,AM,auto
94,42,2,AM,auto
94,46,1,AM,auto
94,48,2,AM,auto
94,49,2,AM,auto
94,57,7,AM,auto
94,58,5,AM,auto
94,59,1,AM,auto
94,60,3,AM,auto
94,61,3,AM,auto
94,63,3,AM,auto
94,64,1,AM,auto
94,67,18,AM,auto
94,68,4,AM,auto
94,73,1,AM,auto
94,77,1,AM,auto
94,78,2,AM,auto
94,79,2,AM,auto
94,80,4,AM,auto
94,82,1,AM,auto
94,84,1,AM,auto
94,86,6,AM,auto
94,87,15,AM,auto
94,88,1,AM,auto
94,89,1,AM,auto
94,95,4,AM,auto
94,96,8,AM,auto
94,97,9,AM,auto
94,98,4,AM,auto
94,99,2,AM,auto
94,104,1,AM,auto
94,105,1,AM,auto
94,108,5,AM,auto
94,113,1,AM,auto
94,114,2,AM,auto
94,116,1,AM,auto
94,118,1,AM,auto
94,120,5,AM,auto
94,121,4,AM,auto
94,123,3,AM,auto
94,124,1,AM,auto
94,128,3,AM,auto
94,129,4,AM,auto
94,131,1,AM,auto
94,138,1,AM,auto
94,140,1,AM,auto
94,141,1,AM,auto
95,3,3,AM,auto
95,4,3,AM,auto
95,7,1,AM,auto
95,9,1,AM,auto
95,10,1,AM,auto
95,13,1,AM,auto
95,20,1,AM,auto
95,21,2,AM,auto
95,22,1,AM,auto
95,23,2,AM,auto
95,24,1,AM,auto
95,25,3,AM,auto
95,26,5,AM,auto
95,27,2,AM,auto
95,30,5,AM,auto
95,31,3,AM,auto
95,32,14,AM,auto
95,33,1,AM,auto
95,34,2,AM,auto
95,35,2,AM,auto
95,38,8,AM,auto
95,39,11,AM,auto
95,40,18,AM,auto
95,41,1,AM,auto
95,42,6,AM,auto
95,44,2,AM,auto
95,46,2,AM,auto
95,48,2,AM,auto
95,49,2,AM,auto
95,56,1,AM,auto
95,57,3,AM,auto
95,58,8,AM,auto
95,61,5,AM,auto
95,62,2,AM,auto
95,63,1,AM,auto
95,64,5,AM,auto
95,65,5,AM,auto
95,66,4,AM,auto
95,67,38,AM,auto
95,68,7,AM,auto
95,72,1,AM,auto
95,73,3,AM,auto
95,74,3,AM,auto
95,75,2,AM,auto
95,76,1,AM,auto
95,77,2,AM,auto
95,78,1,AM,auto
95,79,10,AM,auto
95,81,1,AM,auto
95,82,1,AM,auto
95,83,1,AM,auto
95,86,7,AM,auto
95,87,31,AM,auto
95,89,2,AM,auto
95,90,2,AM,auto
95,96,17,AM,auto
95,97,12,AM,auto
95,99,4,AM,auto
95,100,3,AM,auto
95,101,2,AM,auto
95,102,3,AM,auto
95,108,3,AM,auto
95,109,1,AM,auto
95,114,1,AM,auto
95,115,1,AM,auto
95,120,1,AM,auto
95,121,6,AM,auto
95,123,8,AM,auto
95,125,7,AM,auto
95,129,2,AM,auto
95,135,1,AM,auto
95,139,1,AM,auto
95,141,1,AM,auto
96,2,2,AM,auto
96,3,8,AM,auto
96,4,4,AM,auto
96,5,1,AM,auto
96,7,6,AM,auto
96,9,2,AM,auto
96,10,1,AM,auto
96,15,3,AM,auto
96,17,2,AM,auto
96,20,1,AM,auto
96,21,2,AM,auto
96,22,4,AM,auto
96,24,1,AM,auto
96,25,19,AM,auto
96,26,24,AM,auto
96,30,18,AM,auto
96,31,6,AM,auto
96,32,23,AM,auto
96,33,6,AM,auto
96,34,2,AM,auto
96,35,6,AM,auto
96,36,8,AM,auto
96,37,3,AM,auto
96,38,27,AM,auto
96,39,29,AM,auto
96,40,22,AM,auto
96,42,12,AM,auto
96,43,11,AM,auto
96,44,8,AM,auto
96,46,3,AM,auto
96,47,6,AM,auto
96,48,7,AM,auto
96,53,1,AM,auto
96,54,1,AM,auto
96,56,2,AM,auto
96,57,16,AM,auto
96,58,12,AM,auto
96,59,3,AM,auto
96,60,18,AM,auto
96,61,16,AM,auto
96,64,14,AM,auto
96,65,6,AM,auto
96,66,5,AM,auto
96,67,62,AM,auto
96,68,11,AM,auto
96,69,1,AM,auto
96,70,1,AM,auto
96,72,1,AM,auto
96,74,7,AM,auto
96,75,3,AM,auto
96,76,1,AM,auto
96,77,1,AM,auto
96,78,4,AM,auto
96,79,13,AM,auto
96,80,1,AM,auto
96,81,2,AM,auto
96,82,2,AM,auto
96,86,24,AM,auto
96,87,67,AM,auto
96,88,2,AM,auto
96,89,2,AM,auto
96,90,3,AM,auto
96,91,2,AM,auto
96,93,2,AM,auto
96,94,1,AM,auto
96,95,4,AM,auto
96,97,28,AM,auto
96,98,5,AM,auto
96,99,8,AM,auto
96,100,1,AM,auto
96,102,1,AM,auto
96,104,1,AM,auto
96,105,5,AM,auto
96,106,1,AM,auto
96,108,1,AM,auto
96,110,2,AM,auto
96,113,1,AM,auto
96,114,3,AM,auto
96,115,4,AM,auto
96,116,21,AM,auto
96,117,1,AM,auto
96,120,11,AM,auto
96,121,3,AM,auto
96,123,9,AM,auto
96,124,3,AM,auto
96,125,1,AM,auto
96,128,1,AM,auto
96,129,1,AM,auto
96,130,1,AM,auto
96,131,2,AM,auto
97,2,5,AM,auto
97,3,2,AM,auto
97,7,3,AM,auto
97,8,2,AM,auto
97,10,1,AM,auto
97,12,4,AM,auto
97,13,3,AM,auto
97,18,1,AM,auto
97,20,1,AM,auto
97,22,2,AM,auto
97,23,2,AM,auto
97,25,9,AM,auto
97,26,18,AM,auto
97,28,3,AM,auto
97,30,4,AM,auto
97,31,1,AM,auto
97,32,34,AM,auto
97,33,8,AM,auto
97,34,2,AM,auto
97,35,5,AM,auto
97,36,10,AM,auto
97,37,1,AM,auto
97,38,31,AM,auto
97,39,12,AM,auto
97,40,13,AM,auto
97,41,6,AM,auto
97,42,8,AM,auto
97,43,4,AM,auto
97,44,4,AM,auto
97,46,2,AM,auto
97,47,3,AM,auto
97,48,3,AM,auto
97,49,4,AM,auto
97,50,1,AM,auto
97,51,4,AM,auto
97,52,1,AM,auto
97,56,2,AM,auto
97,57,22,AM,auto
97,58,11,AM,auto
97,59,3,AM,auto
97,60,14,AM,auto
97,61,11,AM,auto
97,62,5,AM,auto
97,63,1,AM,auto
97,64,8,AM,auto
97,65,6,AM,auto
97,66,2,AM,auto
97,67,104,AM,auto
97,68,14,AM,auto
97,72,2,AM,auto
97,74,2,AM,auto
97,75,1,AM,auto
97,79,11,AM,auto
97,80,7,AM,auto
97,85,1,AM,auto
97,86,6,AM,auto
97,87,24,AM,auto
97,88,2,AM,auto
97,90,6,AM,auto
97,91,1,AM,auto
97,92,1,AM,auto
97,93,1,AM,auto
97,94,1,AM,auto
97,95,4,AM,auto
97,96,59,AM,auto
97,98,2,AM,auto
97,99,5,AM,auto
97,100,2,AM,auto
97,102,3,AM,auto
97,104,4,AM,auto
97,105,4,AM,auto
97,107,1,AM,auto
97,108,5,AM,auto
97,112,2,AM,auto
97,114,6,AM,auto
97,115,3,AM,auto
97,116,6,AM,auto
97,117,2,AM,auto
97,120,12,AM,auto
97,121,1,AM,auto
97,123,4,AM,auto
97,124,1,AM,auto
97,125,1,AM,auto
97,128,2,AM,auto
97,130,1,AM,auto
97,132,1,AM,auto
97,133,1,AM,auto
97,136,1,AM,auto
97,138,1,AM,auto
97,139,3,AM,auto
98,2,1,AM,auto
98,3,6,AM,auto
98,4,6,AM,auto
98,5,1,AM,auto
98,7,1,AM,auto
98,8,1,AM,auto
98,9,3,AM,auto
98,10,3,AM,auto
98,11,1,AM,auto
98,12,1,AM,auto
98,13,2,AM,auto
98,16,1,AM,auto
98,20,6,AM,auto
98,21,2,AM,auto
98,22,2,AM,auto
98,23,2,AM,auto
98,25,24,AM,auto
98,26,16,AM,auto
98,27,1,AM,auto
98,28,2,AM,auto
98,30,5,AM,auto
98,31,8,AM,auto
98,32,18,AM,auto
98,33,3,AM,auto
98,35,3,AM,auto
98,36,10,AM,auto
98,37,1,AM,auto
98,38,22,AM,auto
98,39,18,AM,auto
98,40,23,AM,auto
98,41,1,AM,auto
98,42,14,AM,auto
98,43,4,AM,auto
98,44,8,AM,auto
98,48,2,AM,auto
98,49,1,AM,auto
98,56,1,AM,auto
98,57,16,AM,auto
98,58,30,AM,auto
98,59,1,AM,auto
98,60,15,AM,auto
98,61,7,AM,auto
98,62,6,AM,auto
98,64,10,AM,auto
98,65,5,AM,auto
98,66,1,AM,auto
98,67,70,AM,auto
98,68,19,AM,auto
98,71,1,AM,auto
98,73,1,AM,auto
98,74,3,AM,auto
98,76,2,AM,auto
98,77,3,AM,auto
98,78,3,AM,auto
98,79,9,AM,auto
98,80,16,AM,auto
98,81,3,AM,auto
98,83,2,AM,auto
98,85,1,AM,auto
98,86,3,AM,auto
98,87,64,AM,auto
98,90,2,AM,auto
98,91,2,AM,auto
98,92,1,AM,auto
98,94,4,AM,auto
98,95,3,AM,auto
98,96,73,AM,auto
98,97,21,AM,auto
98,99,5,AM,auto
98,100,5,AM,auto
98,104,1,AM,auto
98,105,1,AM,auto
98,108,20,AM,auto
98,111,1,AM,auto
98,114,4,AM,auto
98,115,4,AM,auto
98,116,17,AM,auto
98,117,2,AM,auto
98,118,4,AM,auto
98,120,11,AM,auto
98,121,7,AM,auto
98,122,2,AM,auto
98,123,11,AM,auto
98,125,1,AM,auto
98,128,1,AM,auto
98,131,2,AM,auto
98,134,1,AM,auto
98,136,1,AM,auto
98,138,1,AM,auto
99,1,1,AM,auto
99,2,4,AM,auto
99,3,11,AM,auto
99,4,5,AM,auto
99,7,3,AM,auto
99,9,1,AM,auto
99,10,1,AM,auto
99,13,1,AM,auto
99,14,2,AM,auto
99,15,2,AM,auto
99,18,3,AM,auto
99,21,5,AM,auto
99,22,11,AM,auto
99,23,2,AM,auto
99,24,4,AM,auto
99,25,62,AM,auto
99,26,54,AM,auto
99,27,1,AM,auto
99,28,4,AM,auto
99,29,2,AM,auto
99,30,5,AM,auto
99,31,15,AM,auto
99,32,70,AM,auto
99,33,14,AM,auto
99,34,3,AM,auto
99,35,7,AM,auto
99,36,12,AM,auto
99,37,1,AM,auto
99,38,56,AM,auto
99,39,68,AM,auto
99,40,42,AM,auto
99,41,2,AM,auto
99,42,11,AM,auto
99,43,7,AM,auto
99,44,7,AM,auto
99,46,4,AM,auto
99,48,8,AM,auto
99,49,6,AM,auto
99,51,1,AM,auto
99,54,1,AM,auto
99,57,55,AM,auto
99,58,99,AM,auto
99,59,1,AM,auto
99,60,37,AM,auto
99,61,13,AM,auto
99,62,5,AM,auto
99,64,2,AM,auto
99,65,5,AM,auto
99,67,150,AM,auto
99,68,18,AM,auto
99,74,1,AM,auto
99,75,1,AM,auto
99,76,2,AM,auto
99,78,2,AM,auto
99,79,19,AM,auto
99,80,4,AM,auto
99,82,2,AM,auto
99,84,4,AM,auto
99,85,2,AM,auto
99,86,10,AM,auto
99,87,28,AM,auto
99,89,2,AM,auto
99,90,11,AM,auto
99,93,1,AM,auto
99,95,10,AM,auto
99,96,90,AM,auto
99,97,19,AM,auto
99,98,3,AM,auto
99,100,11,AM,auto
99,104,1,AM,auto
99,105,2,AM,auto
99,107,1,AM,auto
99,108,6,AM,auto
99,115,3,AM,auto
99,116,11,AM,auto
99,117,3,AM,auto
99,118,1,AM,auto
99,120,46,AM,auto
99,121,4,AM,auto
99,122,2,AM,auto
99,123,2,AM,auto
99,125,4,AM,auto
99,132,1,AM,auto
99,136,1,AM,auto
99,139,2,AM,auto
100,1,1,AM,auto
100,15,1,AM,auto
100,20,2,AM,auto
100,21,1,AM,auto
100,22,4,AM,auto
100,24,1,AM,auto
100,25,8,AM,auto
100,26,4,AM,auto
100,30,1,AM,auto
100,31,1,AM,auto
100,32,3,AM,auto
100,33,3,AM,auto
100,35,1,AM,auto
100,36,2,AM,auto
100,38,4,AM,auto
100,39,12,AM,auto
100,40,9,AM,auto
100,41,2,AM,auto
100,42,5,AM,auto
100,43,5,AM,auto
100,44,3,AM,auto
100,45,1,AM,auto
100,46,5,AM,auto
100,48,2,AM,auto
100,49,1,AM,auto
100,50,2,AM,auto
100,57,7,AM,auto
100,58,13,AM,auto
100,59,2,AM,auto
100,60,9,AM,auto
100,61,5,AM,auto
100,62,1,AM,auto
100,63,3,AM,auto
100,65,1,AM,auto
100,66,2,AM,auto
100,67,27,AM,auto
100,68,8,AM,auto
100,79,2,AM,auto
100,80,1,AM,auto
100,83,1,AM,auto
100,84,1,AM,auto
100,86,1,AM,auto
100,87,7,AM,auto
100,96,8,AM,auto
100,97,5,AM,auto
100,99,4,AM,auto
100,102,2,AM,auto
100,105,1,AM,auto
100,108,1,AM,auto
100,114,1,AM,auto
100,116,1,AM,auto
100,120,3,AM,auto
100,121,1,AM,auto
100,123,3,AM,auto
100,125,1,AM,auto
100,131,1,AM,auto
100,132,1,AM,auto
100,139,1,AM,auto
101,2,1,AM,auto
101,3,1,AM,auto
101,4,1,AM,auto
101,6,1,AM,auto
101,7,1,AM,auto
101,18,4,AM,auto
101,20,1,AM,auto
101,21,2,AM,auto
101,22,4,AM,auto
101,25,3,AM,auto
101,26,7,AM,auto
101,30,1,AM,auto
101,31,2,AM,auto
101,32,11,AM,auto
101,33,6,AM,auto
101,35,1,AM,auto
101,36,5,AM,auto
101,37,3,AM,auto
101,38,4,AM,auto
101,39,8,AM,auto
101,40,7,AM,auto
101,43,1,AM,auto
101,45,1,AM,auto
101,46,1,AM,auto
101,47,3,AM,auto
101,48,11,AM,auto
101,49,4,AM,auto
101,52,1,AM,auto
101,53,1,AM,auto
101,57,9,AM,auto
101,58,1,AM,auto
101,60,2,AM,auto
101,61,3,AM,auto
101,64,3,AM,auto
101,65,4,AM,auto
101,66,1,AM,auto
101,67,21,AM,auto
101,68,6,AM,auto
101,71,1,AM,auto
101,72,4,AM,auto
101,74,1,AM,auto
101,75,2,AM,auto
101,77,1,AM,auto
101,78,1,AM,auto
101,79,4,AM,auto
101,86,19,AM,auto
101,87,12,AM,auto
101,88,2,AM,auto
101,89,2,AM,auto
101,95,3,AM,auto
101,96,5,AM,auto
101,97,3,AM,auto
101,98,3,AM,auto
101,100,2,AM,auto
101,105,1,AM,auto
101,108,3,AM,auto
101,110,1,AM,auto
101,112,1,AM,auto
101,113,1,AM,auto
101,115,3,AM,auto
101,116,2,AM,auto
101,120,1,AM,auto
101,121,1,AM,auto
101,123,6,AM,auto
101,125,2,AM,auto
101,130,1,AM,auto
101,131,2,AM,auto
101,132,1,AM,auto
101,138,3,AM,auto
101,139,3,AM,auto
102,1,1,AM,auto
102,3,4,AM,auto
102,4,4,AM,auto
102,8,4,AM,auto
102,10,1,AM,auto
102,13,1,AM,auto
102,14,1,AM,auto
102,15,4,AM,auto
102,20,1,AM,auto
102,22,6,AM,auto
102,23,6,AM,auto
102,25,14,AM,auto
102,26,12,AM,auto
102,28,1,AM,auto
102,30,3,AM,auto
102,32,20,AM,auto
102,33,9,AM,auto
102,35,5,AM,auto
102,36,4,AM,auto
102,37,1,AM,auto
102,38,9,AM,auto
102,39,23,AM,auto
102,40,13,AM,auto
102,41,3,AM,auto
102,42,4,AM,auto
102,43,3,AM,auto
102,44,9,AM,auto
102,45,1,AM,auto
102,48,8,AM,auto
102,49,6,AM,auto
102,50,1,AM,auto
102,51,1,AM,auto
102,52,4,AM,auto
102,53,1,AM,auto
102,56,4,AM,auto
102,57,8,AM,auto
102,58,11,AM,auto
102,59,4,AM,auto
102,60,11,AM,auto
102,61,13,AM,auto
102,63,3,AM,auto
102,64,1,AM,auto
102,65,2,AM,auto
102,67,27,AM,auto
102,68,6,AM,auto
102,72,3,AM,auto
102,73,2,AM,auto
102,74,4,AM,auto
102,75,6,AM,auto
102,77,7,AM,auto
102,78,7,AM,auto
102,79,11,AM,auto
102,82,3,AM,auto
102,84,2,AM,auto
102,85,2,AM,auto
102,86,7,AM,auto
102,87,44,AM,auto
102,88,1,AM,auto
102,89,5,AM,auto
102,90,3,AM,auto
102,91,1,AM,auto
102,93,1,AM,auto
102,95,8,AM,auto
102,96,19,AM,auto
102,97,8,AM,auto
102,99,1,AM,auto
102,100,2,AM,auto
102,101,1,AM,auto
102,104,1,AM,auto
102,105,1,AM,auto
102,108,1,AM,auto
102,110,4,AM,auto
102,114,1,AM,auto
102,115,6,AM,auto
102,116,2,AM,auto
102,120,1,AM,auto
102,121,6,AM,auto
102,123,19,AM,auto
102,125,4,AM,auto
102,129,4,AM,auto
102,131,1,AM,auto
102,132,1,AM,auto
102,140,2,AM,auto
103,3,5,AM,auto
103,4,7,AM,auto
103,7,7,AM,auto
103,8,1,AM,auto
103,10,1,AM,auto
103,15,3,AM,auto
103,16,1,AM,auto
103,21,1,AM,auto
103,22,1,AM,auto
103,24,3,AM,auto
103,25,3,AM,auto
103,26,7,AM,auto
103,30,2,AM,auto
103,32,13,AM,auto
103,33,3,AM,auto
103,35,5,AM,auto
103,36,1,AM,auto
103,38,3,AM,auto
103,39,20,AM,auto
103,40,19,AM,auto
103,42,9,AM,auto
103,43,2,AM,auto
103,44,5,AM,auto
103,47,6,AM,auto
103,48,2,AM,auto
103,49,7,AM,auto
103,50,2,AM,auto
103,51,5,AM,auto
103,53,3,AM,auto
103,54,2,AM,auto
103,56,2,AM,auto
103,57,11,AM,auto
103,58,5,AM,auto
103,60,3,AM,auto
103,61,8,AM,auto
103,63,1,AM,auto
103,64,2,AM,auto
103,65,3,AM,auto
103,66,2,AM,auto
103,67,20,AM,auto
103,68,5,AM,auto
103,71,1,AM,auto
103,72,2,AM,auto
103,74,2,AM,auto
103,75,3,AM,auto
103,76,1,AM,auto
103,77,4,AM,auto
103,78,3,AM,auto
103,79,10,AM,auto
103,80,1,AM,auto
103,82,1,AM,auto
103,84,1,AM,auto
103,85,1,AM,auto
103,86,11,AM,auto
103,87,39,AM,auto
103,88,3,AM,auto
103,89,2,AM,auto
103,94,2,AM,auto
103,95,9,AM,auto
103,96,21,AM,auto
103,97,10,AM,auto
103,99,8,AM,auto
103,100,2,AM,auto
103,102,4,AM,auto
103,105,1,AM,auto
103,107,1,AM,auto
103,110,1,AM,auto
103,112,1,AM,auto
103,113,2,AM,auto
103,115,4,AM,auto
103,117,1,AM,auto
103,118,3,AM,auto
103,120,2,AM,auto
103,121,4,AM,auto
103,122,1,AM,auto
103,123,15,AM,auto
103,124,3,AM,auto
103,125,4,AM,auto
103,129,2,AM,auto
103,130,1,AM,auto
103,131,2,AM,auto
103,136,2,AM,auto
103,137,2,AM,auto
103,139,1,AM,auto
104,1,3,AM,auto
104,3,5,AM,auto
104,4,3,AM,auto
104,5,3,AM,auto
104,6,1,AM,auto
104,7,6,AM,auto
104,8,2,AM,auto
104,9,2,AM,auto
104,10,6,AM,auto
104,11,2,AM,auto
104,14,1,AM,auto
104,15,13,AM,auto
104,17,1,AM,auto
104,21,3,AM,auto
104,22,10,AM,auto
104,23,2,AM,auto
104,24,1,AM,auto
104,25,20,AM,auto
104,26,12,AM,auto
104,27,3,AM,auto
104,29,1,AM,auto
104,30,3,AM,auto
104,31,7,AM,auto
104,32,37,AM,auto
104,33,5,AM,auto
104,34,7,AM,auto
104,35,15,AM,auto
104,36,4,AM,auto
104,37,2,AM,auto
104,38,20,AM,auto
104,39,26,AM,auto
104,40,34,AM,auto
104,41,3,AM,auto
104,42,11,AM,auto
104,43,2,AM,auto
104,44,3,AM,auto
104,46,1,AM,auto
104,47,1,AM,auto
104,48,9,AM,auto
104,49,12,AM,auto
104,50,2,AM,auto
104,51,1,AM,auto
104,52,6,AM,auto
104,53,1,AM,auto
104,56,1,AM,auto
104,57,18,AM,auto
104,58,22,AM,auto
104,59,7,AM,auto
104,60,3,AM,auto
104,61,17,AM,auto
104,63,7,AM,auto
104,64,7,AM,auto
104,65,11,AM,auto
104,66,5,AM,auto
104,67,75,AM,auto
104,68,16,AM,auto
104,70,1,AM,auto
104,71,1,AM,auto
104,73,2,AM,auto
104,74,3,AM,auto
104,75,7,AM,auto
104,76,3,AM,auto
104,77,10,AM,auto
104,78,10,AM,auto
104,79,52,AM,auto
104,80,3,AM,auto
104,82,6,AM,auto
104,83,2,AM,auto
104,84,9,AM,auto
104,85,10,AM,auto
104,86,20,AM,auto
104,87,120,AM,auto
104,88,1,AM,auto
104,89,5,AM,auto
104,90,11,AM,auto
104,91,3,AM,auto
104,92,1,AM,auto
104,93,1,AM,auto
104,94,1,AM,auto
104,95,2,AM,auto
104,96,66,AM,auto
104,97,25,AM,auto
104,98,3,AM,auto
104,99,7,AM,auto
104,100,2,AM,auto
104,102,2,AM,auto
104,103,2,AM,auto
104,105,16,AM,auto
104,107,7,AM,auto
104,108,8,AM,auto
104,109,3,AM,auto
104,110,3,AM,auto
104,111,5,AM,auto
104,112,4,AM,auto
104,114,5,AM,auto
104,115,4,AM,auto
104,116,1,AM,auto
104,118,3,AM,auto
104,120,2,AM,auto
104,121,13,AM,auto
104,122,3,AM,auto
104,123,20,AM,auto
104,125,7,AM,auto
104,126,2,AM,auto
104,128,2,AM,auto
104,129,5,AM,auto
104,130,6,AM,auto
104,131,4,AM,auto
104,136,1,AM,auto
104,139,13,AM,auto
104,140,3,AM,auto
104,141,4,AM,auto
105,1,2,AM,auto
105,2,1,AM,auto
105,3,2,AM,auto
105,4,2,AM,auto
105,6,2,AM,auto
105,7,2,AM,auto
105,8,1,AM,auto
105,9,1,AM,auto
105,10,6,AM,auto
105,12,1,AM,auto
105,14,1,AM,auto
105,15,2,AM,auto
105,20,2,AM,auto
105,21,2,AM,auto
105,22,5,AM,auto
105,23,1,AM,auto
105,24,5,AM,auto
105,26,5,AM,auto
105,28,2,AM,auto
105,29,1,AM,auto
105,30,3,AM,auto
105,31,1,AM,auto
105,32,20,AM,auto
105,33,1,AM,auto
105,34,3,AM,auto
105,36,2,AM,auto
105,37,1,AM,auto
105,38,6,AM,auto
105,39,10,AM,auto
105,40,10,AM,auto
105,41,1,AM,auto
105,42,5,AM,auto
105,43,1,AM,auto
105,44,3,AM,auto
105,47,3,AM,auto
105,48,1,AM,auto
105,49,2,AM,auto
105,50,2,AM,auto
105,52,1,AM,auto
105,53,3,AM,auto
105,56,5,AM,auto
105,57,3,AM,auto
105,58,6,AM,auto
105,59,9,AM,auto
105,60,3,AM,auto
105,61,11,AM,auto
105,63,6,AM,auto
105,66,1,AM,auto
105,67,22,AM,auto
105,68,3,AM,auto
105,74,1,AM,auto
105,75,7,AM,auto
105,77,2,AM,auto
105,78,4,AM,auto
105,79,38,AM,auto
105,82,1,AM,auto
105,83,1,AM,auto
105,85,1,AM,auto
105,86,18,AM,auto
105,87,41,AM,auto
105,88,9,AM,auto
105,90,3,AM,auto
105,93,2,AM,auto
105,95,2,AM,auto
105,96,24,AM,auto
105,97,5,AM,auto
105,99,2,AM,auto
105,100,1,AM,auto
105,101,1,AM,auto
105,102,2,AM,auto
105,104,2,AM,auto
105,107,3,AM,auto
105,108,2,AM,auto
105,110,1,AM,auto
105,111,2,AM,auto
105,112,1,AM,auto
105,114,3,AM,auto
105,120,5,AM,auto
105,121,3,AM,auto
105,122,2,AM,auto
105,123,9,AM,auto
105,126,1,AM,auto
105,129,3,AM,auto
105,130,1,AM,auto
105,134,2,AM,auto
105,136,1,AM,auto
105,137,1,AM,auto
105,138,2,AM,auto
105,139,2,AM,auto
106,3,1,AM,auto
106,7,1,AM,auto
106,12,1,AM,auto
106,30,1,AM,auto
106,31,2,AM,auto
106,34,1,AM,auto
106,40,1,AM,auto
106,48,1,AM,auto
106,49,1,AM,auto
106,52,1,AM,auto
106,57,1,AM,auto
106,58,1,AM,auto
106,60,1,AM,auto
106,67,1,AM,auto
106,68,1,AM,auto
106,85,1,AM,auto
106,87,2,AM,auto
106,90,2,AM,auto
106,96,2,AM,auto
106,97,1,AM,auto
106,107,1,AM,auto
106,111,1,AM,auto
106,112,1,AM,auto
106,116,1,AM,auto
106,120,1,AM,auto
106,123,1,AM,auto
106,133,1,AM,auto
107,1,2,AM,auto
107,3,7,AM,auto
107,4,10,AM,auto
107,5,1,AM,auto
107,7,5,AM,auto
107,8,3,AM,auto
107,10,4,AM,auto
107,11,1,AM,auto
107,12,2,AM,auto
107,14,1,AM,auto
107,22,6,AM,auto
107,23,3,AM,auto
107,25,18,AM,auto
107,26,9,AM,auto
107,27,1,AM,auto
107,28,3,AM,auto
107,30,6,AM,auto
107,31,3,AM,auto
107,32,17,AM,auto
107,33,20,AM,auto
107,34,3,AM,auto
107,35,12,AM,auto
107,36,4,AM,auto
107,37,1,AM,auto
107,38,19,AM,auto
107,39,18,AM,auto
107,40,16,AM,auto
107,41,4,AM,auto
107,42,16,AM,auto
107,43,7,AM,auto
107,44,8,AM,auto
107,45,2,AM,auto
107,46,3,AM,auto
107,47,2,AM,auto
107,48,4,AM,auto
107,49,6,AM,auto
107,51,1,AM,auto
107,52,3,AM,auto
107,53,2,AM,auto
107,56,3,AM,auto
107,57,10,AM,auto
107,58,24,AM,auto
107,60,17,AM,auto
107,61,13,AM,auto
107,63,4,AM,auto
107,64,8,AM,auto
107,65,6,AM,auto
107,66,6,AM,auto
107,67,59,AM,auto
107,68,8,AM,auto
107,70,1,AM,auto
107,72,1,AM,auto
107,73,4,AM,auto
107,75,7,AM,auto
107,76,3,AM,auto
107,77,7,AM,auto
107,78,2,AM,auto
107,79,20,AM,auto
107,80,2,AM,auto
107,81,2,AM,auto
107,82,2,AM,auto
107,84,3,AM,auto
107,85,1,AM,auto
107,86,9,AM,auto
107,87,72,AM,auto
107,88,3,AM,auto
107,89,5,AM,auto
107,90,3,AM,auto
107,92,1,AM,auto
107,93,1,AM,auto
107,95,2,AM,auto
107,96,77,AM,auto
107,97,21,AM,auto
107,98,6,AM,auto
107,99,13,AM,auto
107,100,13,AM,auto
107,102,3,AM,auto
107,104,3,AM,auto
107,105,2,AM,auto
107,108,3,AM,auto
107,109,1,AM,auto
107,110,1,AM,auto
107,111,1,AM,auto
107,112,5,AM,auto
107,115,4,AM,auto
107,116,10,AM,auto
107,117,1,AM,auto
107,118,3,AM,auto
107,120,10,AM,auto
107,121,5,AM,auto
107,122,2,AM,auto
107,123,15,AM,auto
107,125,2,AM,auto
107,128,4,AM,auto
107,129,5,AM,auto
107,131,1,AM,auto
107,136,1,AM,auto
107,137,2,AM,auto
107,139,7,AM,auto
107,141,1,AM,auto
108,1,1,AM,auto
108,3,10,AM,auto
108,4,1,AM,auto
108,6,3,AM,auto
108,7,1,AM,auto
108,8,2,AM,auto
108,9,1,AM,auto
108,10,7,AM,auto
108,12,4,AM,auto
108,13,2,AM,auto
108,15,2,AM,auto
108,18,8,AM,auto
108,19,3,AM,auto
108,21,5,AM,auto
108,22,1,AM,auto
108,25,18,AM,auto
108,26,21,AM,auto
108,27,2,AM,auto
108,28,2,AM,auto
108,30,9,AM,auto
108,31,1,AM,auto
108,32,19,AM,auto
108,33,5,AM,auto
108,34,3,AM,auto
108,35,7,AM,auto
108,36,4,AM,auto
108,37,1,AM,auto
108,38,41,AM,auto
108,39,31,AM,auto
108,40,8,AM,auto
108,43,5,AM,auto
108,44,1,AM,auto
108,46,4,AM,auto
108,47,2,AM,auto
108,48,19,AM,auto
108,49,3,AM,auto
108,56,2,AM,auto
108,57,32,AM,auto
108,58,17,AM,auto
108,59,6,AM,auto
108,60,15,AM,auto
108,61,26,AM,auto
108,62,3,AM,auto
108,63,5,AM,auto
108,64,14,AM,auto
108,65,11,AM,auto
108,66,8,AM,auto
108,67,107,AM,auto
108,68,14,AM,auto
108,74,1,AM,auto
108,75,1,AM,auto
108,76,3,AM,auto
108,78,1,AM,auto
108,79,7,AM,auto
108,80,16,AM,auto
108,81,4,AM,auto
108,82,2,AM,auto
108,83,1,AM,auto
108,84,2,AM,auto
108,85,2,AM,auto
108,86,5,AM,auto
108,87,43,AM,auto
108,88,1,AM,auto
108,90,2,AM,auto
108,91,1,AM,auto
108,93,3,AM,auto
108,94,2,AM,auto
108,95,4,AM,auto
108,96,59,AM,auto
108,97,29,AM,auto
108,98,4,AM,auto
108,99,7,AM,auto
108,100,2,AM,auto
108,104,2,AM,auto
108,105,3,AM,auto
108,107,1,AM,auto
108,109,1,AM,auto
108,111,1,AM,auto
108,113,2,AM,auto
108,114,6,AM,auto
108,115,2,AM,auto
108,116,15,AM,auto
108,117,6,AM,auto
108,118,1,AM,auto
108,120,11,AM,auto
108,121,1,AM,auto
108,122,2,AM,auto
108,123,3,AM,auto
108,125,2,AM,auto
108,126,1,AM,auto
108,129,2,AM,auto
108,131,2,AM,auto
108,135,1,AM,auto
108,139,1,AM,auto
109,3,1,AM,auto
109,7,2,AM,auto
109,8,3,AM,auto
109,12,4,AM,auto
109,13,1,AM,auto
109,19,1,AM,auto
109,20,2,AM,auto
109,21,1,AM,auto
109,22,2,AM,auto
109,23,1,AM,auto
109,25,5,AM,auto
109,26,4,AM,auto
109,27,1,AM,auto
109,31,1,AM,auto
109,32,8,AM,auto
109,36,2,AM,auto
109,38,9,AM,auto
109,39,5,AM,auto
109,40,5,AM,auto
109,42,1,AM,auto
109,44,4,AM,auto
109,47,1,AM,auto
109,48,2,AM,auto
109,49,1,AM,auto
109,57,14,AM,auto
109,60,3,AM,auto
109,61,7,AM,auto
109,62,1,AM,auto
109,63,3,AM,auto
109,64,5,AM,auto
109,65,1,AM,auto
109,67,21,AM,auto
109,68,5,AM,auto
109,69,1,AM,auto
109,73,1,AM,auto
109,74,2,AM,auto
109,76,2,AM,auto
109,78,1,AM,auto
109,79,1,AM,auto
109,80,2,AM,auto
109,82,1,AM,auto
109,83,1,AM,auto
109,84,1,AM,auto
109,85,1,AM,auto
109,87,8,AM,auto
109,89,3,AM,auto
109,96,3,AM,auto
109,97,9,AM,auto
109,98,1,AM,auto
109,99,1,AM,auto
109,105,3,AM,auto
109,106,1,AM,auto
109,108,3,AM,auto
109,111,2,AM,auto
109,116,6,AM,auto
109,117,3,AM,auto
109,118,1,AM,auto
109,120,1,AM,auto
109,122,1,AM,auto
109,123,6,AM,auto
109,131,2,AM,auto
109,138,1,AM,auto
109,139,1,AM,auto
110,11,1,AM,auto
110,15,1,AM,auto
110,21,1,AM,auto
110,25,1,AM,auto
110,26,1,AM,auto
110,33,1,AM,auto
110,36,1,AM,auto
110,39,1,AM,auto
110,40,1,AM,auto
110,44,1,AM,auto
110,59,1,AM,auto
110,65,1,AM,auto
110,66,1,AM,auto
110,67,1,AM,auto
110,68,1,AM,auto
110,85,1,AM,auto
110,87,2,AM,auto
110,91,2,AM,auto
110,113,1,AM,auto
110,116,1,AM,auto
110,123,1,AM,auto
111,1,3,AM,auto
111,2,2,AM,auto
111,3,8,AM,auto
111,4,6,AM,auto
111,6,3,AM,auto
111,7,8,AM,auto
111,8,3,AM,auto
111,9,3,AM,auto
111,10,3,AM,auto
111,11,2,AM,auto
111,12,6,AM,auto
111,13,8,AM,auto
111,15,7,AM,auto
111,20,5,AM,auto
111,21,3,AM,auto
111,22,1,AM,auto
111,23,7,AM,auto
111,24,1,AM,auto
111,25,13,AM,auto
111,26,18,AM,auto
111,27,3,AM,auto
111,28,2,AM,auto
111,29,1,AM,auto
111,30,3,AM,auto
111,31,3,AM,auto
111,32,33,AM,auto
111,33,4,AM,auto
111,34,4,AM,auto
111,35,6,AM,auto
111,36,8,AM,auto
111,38,39,AM,auto
111,39,16,AM,auto
111,40,11,AM,auto
111,41,4,AM,auto
111,42,15,AM,auto
111,43,8,AM,auto
111,44,11,AM,auto
111,45,1,AM,auto
111,47,8,AM,auto
111,48,5,AM,auto
111,49,3,AM,auto
111,50,2,AM,auto
111,51,1,AM,auto
111,53,1,AM,auto
111,56,3,AM,auto
111,57,21,AM,auto
111,58,19,AM,auto
111,60,22,AM,auto
111,61,18,AM,auto
111,62,2,AM,auto
111,63,5,AM,auto
111,64,8,AM,auto
111,65,6,AM,auto
111,66,5,AM,auto
111,67,102,AM,auto
111,68,15,AM,auto
111,69,2,AM,auto
111,74,1,AM,auto
111,75,6,AM,auto
111,77,1,AM,auto
111,78,6,AM,auto
111,79,10,AM,auto
111,80,18,AM,auto
111,84,2,AM,auto
111,86,2,AM,auto
111,87,63,AM,auto
111,89,1,AM,auto
111,90,1,AM,auto
111,95,5,AM,auto
111,96,43,AM,auto
111,97,14,AM,auto
111,98,5,AM,auto
111,99,5,AM,auto
111,100,5,AM,auto
111,102,2,AM,auto
111,105,3,AM,auto
111,107,3,AM,auto
111,108,22,AM,auto
111,109,2,AM,auto
111,110,2,AM,auto
111,114,11,AM,auto
111,115,4,AM,auto
111,116,12,AM,auto
111,117,1,AM,auto
111,118,7,AM,auto
111,120,17,AM,auto
111,121,6,AM,auto
111,123,8,AM,auto
111,125,2,AM,auto
111,126,1,AM,auto
111,127,1,AM,auto
111,131,1,AM,auto
111,139,3,AM,auto
112,2,1,AM,auto
112,4,1,AM,auto
112,7,5,AM,auto
112,8,4,AM,auto
112,10,5,AM,auto
112,12,1,AM,auto
112,15,4,AM,auto
112,18,1,AM,auto
112,20,1,AM,auto
112,21,1,AM,auto
112,22,2,AM,auto
112,23,2,AM,auto
112,25,10,AM,auto
112,26,4,AM,auto
112,28,1,AM,auto
112,30,4,AM,auto
112,31,1,AM,auto
112,32,6,AM,auto
112,34,2,AM,auto
112,35,9,AM,auto
112,36,3,AM,auto
112,37,2,AM,auto
112,38,6,AM,auto
112,39,19,AM,auto
112,40,9,AM,auto
112,42,4,AM,auto
112,43,4,AM,auto
112,44,3,AM,auto
112,45,3,AM,auto
112,48,6,AM,auto
112,49,7,AM,auto
112,50,1,AM,auto
112,52,1,AM,auto
112,56,3,AM,auto
112,57,10,AM,auto
112,58,17,AM,auto
112,60,9,AM,auto
112,61,13,AM,auto
112,63,1,AM,auto
112,64,1,AM,auto
112,66,5,AM,auto
112,67,42,AM,auto
112,68,6,AM,auto
112,69,2,AM,auto
112,72,1,AM,auto
112,74,1,AM,auto
112,75,2,AM,auto
112,76,3,AM,auto
112,77,2,AM,auto
112,78,8,AM,auto
112,79,29,AM,auto
112,80,5,AM,auto
112,81,1,AM,auto
112,82,1,AM,auto
112,84,1,AM,auto
112,85,2,AM,auto
112,86,10,AM,auto
112,87,53,AM,auto
112,88,2,AM,auto
112,89,1,AM,auto
112,90,6,AM,auto
112,91,4,AM,auto
112,92,2,AM,auto
112,95,4,AM,auto
112,96,27,AM,auto
112,97,5,AM,auto
112,98,2,AM,auto
112,99,8,AM,auto
112,100,1,AM,auto
112,102,1,AM,auto
112,104,1,AM,auto
112,105,4,AM,auto
112,108,8,AM,auto
112,109,3,AM,auto
112,110,3,AM,auto
112,111,3,AM,auto
112,114,2,AM,auto
112,115,2,AM,auto
112,116,2,AM,auto
112,118,1,AM,auto
112,120,5,AM,auto
112,121,5,AM,auto
112,122,1,AM,auto
112,123,9,AM,auto
112,125,2,AM,auto
112,127,1,AM,auto
112,129,2,AM,auto
112,130,1,AM,auto
112,131,1,AM,auto
112,139,5,AM,auto
112,140,1,AM,auto
112,141,1,AM,auto
113,2,1,AM,auto
113,7,2,AM,auto
113,8,2,AM,auto
113,10,4,AM,auto
113,11,3,AM,auto
113,12,3,AM,auto
113,14,1,AM,auto
113,15,3,AM,auto
113,19,1,AM,auto
113,20,2,AM,auto
113,21,1,AM,auto
113,22,2,AM,auto
113,23,1,AM,auto
113,25,5,AM,auto
113,26,3,AM,auto
113,28,1,AM,auto
113,30,2,AM,auto
113,31,3,AM,auto
113,32,7,AM,auto
113,33,8,AM,auto
113,35,1,AM,auto
113,36,4,AM,auto
113,37,1,AM,auto
113,38,2,AM,auto
113,39,10,AM,auto
113,40,8,AM,auto
113,42,7,AM,auto
113,43,4,AM,auto
113,44,7,AM,auto
113,48,4,AM,auto
113,49,6,AM,auto
113,56,1,AM,auto
113,57,4,AM,auto
113,58,2,AM,auto
113,59,2,AM,auto
113,60,3,AM,auto
113,61,3,AM,auto
113,66,2,AM,auto
113,67,21,AM,auto
113,68,7,AM,auto
113,73,2,AM,auto
113,76,2,AM,auto
113,77,1,AM,auto
113,78,2,AM,auto
113,79,11,AM,auto
113,81,2,AM,auto
113,82,3,AM,auto
113,83,1,AM,auto
113,84,1,AM,auto
113,85,2,AM,auto
113,86,3,AM,auto
113,87,24,AM,auto
113,88,2,AM,auto
113,89,1,AM,auto
113,90,2,AM,auto
113,93,1,AM,auto
113,94,1,AM,auto
113,95,3,AM,auto
113,96,20,AM,auto
113,97,5,AM,auto
113,98,3,AM,auto
113,99,4,AM,auto
113,100,2,AM,auto
113,102,2,AM,auto
113,108,3,AM,auto
113,109,1,AM,auto
113,111,1,AM,auto
113,112,1,AM,auto
113,114,6,AM,auto
113,116,1,AM,auto
113,120,4,AM,auto
113,121,2,AM,auto
113,122,1,AM,auto
113,123,7,AM,auto
113,125,2,AM,auto
113,126,1,AM,auto
113,128,2,AM,auto
113,130,1,AM,auto
113,131,4,AM,auto
113,135,2,AM,auto
113,139,2,AM,auto
114,3,7,AM,auto
114,4,5,AM,auto
114,6,15,AM,auto
114,7,5,AM,auto
114,8,6,AM,auto
114,9,5,AM,auto
114,10,19,AM,auto
114,12,2,AM,auto
114,14,2,AM,auto
114,15,7,AM,auto
114,17,1,AM,auto
114,18,8,AM,auto
114,20,3,AM,auto
114,21,5,AM,auto
114,22,13,AM,auto
114,23,4,AM,auto
114,24,1,AM,auto
114,25,37,AM,auto
114,26,18,AM,auto
114,28,2,AM,auto
114,30,7,AM,auto
114,31,2,AM,auto
114,32,53,AM,auto
114,33,10,AM,auto
114,34,5,AM,auto
114,36,8,AM,auto
114,38,50,AM,auto
114,39,45,AM,auto
114,40,31,AM,auto
114,41,2,AM,auto
114,42,10,AM,auto
114,43,10,AM,auto
114,44,4,AM,auto
114,45,1,AM,auto
114,46,11,AM,auto
114,47,7,AM,auto
114,48,9,AM,auto
114,49,6,AM,auto
114,50,1,AM,auto
114,52,3,AM,auto
114,56,1,AM,auto
114,57,29,AM,auto
114,58,53,AM,auto
114,59,1,AM,auto
114,60,22,AM,auto
114,61,33,AM,auto
114,62,6,AM,auto
114,63,6,AM,auto
114,64,13,AM,auto
114,65,17,AM,auto
114,66,10,AM,auto
114,67,126,AM,auto
114,68,31,AM,auto
114,70,1,AM,auto
114,72,1,AM,auto
114,74,2,AM,auto
114,75,1,AM,auto
114,76,1,AM,auto
114,77,4,AM,auto
114,78,4,AM,auto
114,79,8,AM,auto
114,80,36,AM,auto
114,81,1,AM,auto
114,82,4,AM,auto
114,84,2,AM,auto
114,85,3,AM,auto
114,86,6,AM,auto
114,87,102,AM,auto
114,88,1,AM,auto
114,89,5,AM,auto
114,90,12,AM,auto
114,91,1,AM,auto
114,92,1,AM,auto
114,93,6,AM,auto
114,94,1,AM,auto
114,95,11,AM,auto
114,96,73,AM,auto
114,97,43,AM,auto
114,98,6,AM,auto
114,99,4,AM,auto
114,100,8,AM,auto
114,104,1,AM,auto
114,105,2,AM,auto
114,107,1,AM,auto
114,108,21,AM,auto
114,109,1,AM,auto
114,111,2,AM,auto
114,115,6,AM,auto
114,116,33,AM,auto
114,117,3,AM,auto
114,118,7,AM,auto
114,120,29,AM,auto
114,121,2,AM,auto
114,123,4,AM,auto
114,125,1,AM,auto
114,129,1,AM,auto
114,132,2,AM,auto
114,136,1,AM,auto
115,3,3,AM,auto
115,4,4,AM,auto
115,9,1,AM,auto
115,10,3,AM,auto
115,12,1,AM,auto
115,13,3,AM,auto
115,18,3,AM,auto
115,20,1,AM,auto
115,21,4,AM,auto
115,22,7,AM,auto
115,23,1,AM,auto
115,25,26,AM,auto
115,26,21,AM,auto
115,28,5,AM,auto
115,30,9,AM,auto
115,31,8,AM,auto
115,32,33,AM,auto
115,34,1,AM,auto
115,35,2,AM,auto
115,36,7,AM,auto
115,38,30,AM,auto
115,39,28,AM,auto
115,40,13,AM,auto
115,42,9,AM,auto
115,43,1,AM,auto
115,44,4,AM,auto
115,47,3,AM,auto
115,48,7,AM,auto
115,49,4,AM,auto
115,52,3,AM,auto
115,53,1,AM,auto
115,57,16,AM,auto
115,58,11,AM,auto
115,59,1,AM,auto
115,60,20,AM,auto
115,61,32,AM,auto
115,62,10,AM,auto
115,63,12,AM,auto
115,64,18,AM,auto
115,65,10,AM,auto
115,66,5,AM,auto
115,67,119,AM,auto
115,68,18,AM,auto
115,74,3,AM,auto
115,77,1,AM,auto
115,79,3,AM,auto
115,80,4,AM,auto
115,81,2,AM,auto
115,86,6,AM,auto
115,87,30,AM,auto
115,88,1,AM,auto
115,89,2,AM,auto
115,90,15,AM,auto
115,95,2,AM,auto
115,96,55,AM,auto
115,97,28,AM,auto
115,98,1,AM,auto
115,99,4,AM,auto
115,100,8,AM,auto
115,104,2,AM,auto
115,106,2,AM,auto
115,108,4,AM,auto
115,113,1,AM,auto
115,114,1,AM,auto
115,116,20,AM,auto
115,117,7,AM,auto
115,120,19,AM,auto
115,121,3,AM,auto
115,123,2,AM,auto
115,129,1,AM,auto
115,130,1,AM,auto
115,131,1,AM,auto
115,132,1,AM,auto
115,139,1,AM,auto
116,3,10,AM,auto
116,4,1,AM,auto
116,6,9,AM,auto
116,7,1,AM,auto
116,8,3,AM,auto
116,9,2,AM,auto
116,10,2,AM,auto
116,12,5,AM,auto
116,13,6,AM,auto
116,14,1,AM,auto
116,15,3,AM,auto
116,19,5,AM,auto
116,20,5,AM,auto
116,21,2,AM,auto
116,22,4,AM,auto
116,23,4,AM,auto
116,25,57,AM,auto
116,26,32,AM,auto
116,27,2,AM,auto
116,28,4,AM,auto
116,30,8,AM,auto
116,31,2,AM,auto
116,32,35,AM,auto
116,33,5,AM,auto
116,34,2,AM,auto
116,35,4,AM,auto
116,36,12,AM,auto
116,38,54,AM,auto
116,39,39,AM,auto
116,40,16,AM,auto
116,41,2,AM,auto
116,42,7,AM,auto
116,43,10,AM,auto
116,44,3,AM,auto
116,46,1,AM,auto
116,47,3,AM,auto
116,48,4,AM,auto
116,49,2,AM,auto
116,56,1,AM,auto
116,57,30,AM,auto
116,58,31,AM,auto
116,59,2,AM,auto
116,60,19,AM,auto
116,61,33,AM,auto
116,62,2,AM,auto
116,63,9,AM,auto
116,64,14,AM,auto
116,65,6,AM,auto
116,66,5,AM,auto
116,67,144,AM,auto
116,68,24,AM,auto
116,69,2,AM,auto
116,74,1,AM,auto
116,78,4,AM,auto
116,79,2,AM,auto
116,80,9,AM,auto
116,81,2,AM,auto
116,82,1,AM,auto
116,86,3,AM,auto
116,87,40,AM,auto
116,89,2,AM,auto
116,90,2,AM,auto
116,95,1,AM,auto
116,96,68,AM,auto
116,97,25,AM,auto
116,99,7,AM,auto
116,100,3,AM,auto
116,105,1,AM,auto
116,108,4,AM,auto
116,111,4,AM,auto
116,113,1,AM,auto
116,114,1,AM,auto
116,115,21,AM,auto
116,117,3,AM,auto
116,118,3,AM,auto
116,120,42,AM,auto
116,121,2,AM,auto
116,123,17,AM,auto
116,129,2,AM,auto
116,130,1,AM,auto
116,132,2,AM,auto
116,139,1,AM,auto
117,2,1,AM,auto
117,3,5,AM,auto
117,4,2,AM,auto
117,6,1,AM,auto
117,7,7,AM,auto
117,8,4,AM,auto
117,10,7,AM,auto
117,12,3,AM,auto
117,13,4,AM,auto
117,14,1,AM,auto
117,15,2,AM,auto
117,20,1,AM,auto
117,22,3,AM,auto
117,23,3,AM,auto
117,24,1,AM,auto
117,25,29,AM,auto
117,26,17,AM,auto
117,29,2,AM,auto
117,30,14,AM,auto
117,31,1,AM,auto
117,32,20,AM,auto
117,33,4,AM,auto
117,34,6,AM,auto
117,35,1,AM,auto
117,36,15,AM,auto
117,38,40,AM,auto
117,39,23,AM,auto
117,40,20,AM,auto
117,42,11,AM,auto
117,43,4,AM,auto
117,45,1,AM,auto
117,46,5,AM,auto
117,47,1,AM,auto
117,48,16,AM,auto
117,49,5,AM,auto
117,57,24,AM,auto
117,58,21,AM,auto
117,59,1,AM,auto
117,60,22,AM,auto
117,61,34,AM,auto
117,62,2,AM,auto
117,63,9,AM,auto
117,64,17,AM,auto
117,65,12,AM,auto
117,66,4,AM,auto
117,67,98,AM,auto
117,68,20,AM,auto
117,69,1,AM,auto
117,72,1,AM,auto
117,75,3,AM,auto
117,76,1,AM,auto
117,78,2,AM,auto
117,79,12,AM,auto
117,80,10,AM,auto
117,81,1,AM,auto
117,83,1,AM,auto
117,85,3,AM,auto
117,86,4,AM,auto
117,87,51,AM,auto
117,89,2,AM,auto
117,90,1,AM,auto
117,91,2,AM,auto
117,93,1,AM,auto
117,94,3,AM,auto
117,95,9,AM,auto
117,96,60,AM,auto
117,97,13,AM,auto
117,98,6,AM,auto
117,99,5,AM,auto
117,100,7,AM,auto
117,107,1,AM,auto
117,108,8,AM,auto
117,109,1,AM,auto
117,113,1,AM,auto
117,114,3,AM,auto
117,115,8,AM,auto
117,116,10,AM,auto
117,118,5,AM,auto
117,120,13,AM,auto
117,121,1,AM,auto
117,123,5,AM,auto
117,125,3,AM,auto
117,127,1,AM,auto
117,132,1,AM,auto
117,136,1,AM,auto
117,139,2,AM,auto
118,3,6,AM,auto
118,4,9,AM,auto
118,7,5,AM,auto
118,8,4,AM,auto
118,9,1,AM,auto
118,10,13,AM,auto
118,11,2,AM,auto
118,12,6,AM,auto
118,14,3,AM,auto
118,15,1,AM,auto
118,17,1,AM,auto
118,18,1,AM,auto
118,20,9,AM,auto
118,21,1,AM,auto
118,22,7,AM,auto
118,24,1,AM,auto
118,25,20,AM,auto
118,26,5,AM,auto
118,28,2,AM,auto
118,30,4,AM,auto
118,31,2,AM,auto
118,32,23,AM,auto
118,33,9,AM,auto
118,34,4,AM,auto
118,35,1,AM,auto
118,36,12,AM,auto
118,37,1,AM,auto
118,38,35,AM,auto
118,39,19,AM,auto
118,40,14,AM,auto
118,41,2,AM,auto
118,42,4,AM,auto
118,43,9,AM,auto
118,44,1,AM,auto
118,45,1,AM,auto
118,47,3,AM,auto
118,48,10,AM,auto
118,49,5,AM,auto
118,53,1,AM,auto
118,57,18,AM,auto
118,58,14,AM,auto
118,59,1,AM,auto
118,60,12,AM,auto
118,61,24,AM,auto
118,62,8,AM,auto
118,63,6,AM,auto
118,64,20,AM,auto
118,65,7,AM,auto
118,66,1,AM,auto
118,67,72,AM,auto
118,68,17,AM,auto
118,72,1,AM,auto
118,76,2,AM,auto
118,77,2,AM,auto
118,78,3,AM,auto
118,79,6,AM,auto
118,82,1,AM,auto
118,86,1,AM,auto
118,87,20,AM,auto
118,88,1,AM,auto
118,89,3,AM,auto
118,90,3,AM,auto
118,93,4,AM,auto
118,95,4,AM,auto
118,96,41,AM,auto
118,97,7,AM,auto
118,98,1,AM,auto
118,99,3,AM,auto
118,100,3,AM,auto
118,104,1,AM,auto
118,108,14,AM,auto
118,110,1,AM,auto
118,111,1,AM,auto
118,114,4,AM,auto
118,115,10,AM,auto
118,116,24,AM,auto
118,117,8,AM,auto
118,120,20,AM,auto
118,122,1,AM,auto
118,123,4,AM,auto
118,124,2,AM,auto
118,125,1,AM,auto
118,131,1,AM,auto
118,132,1,AM,auto
118,139,1,AM,auto
118,140,2,AM,auto
119,1,1,AM,auto
119,3,2,AM,auto
119,4,2,AM,auto
119,8,2,AM,auto
119,9,2,AM,auto
119,10,2,AM,auto
119,12,3,AM,auto
119,15,5,AM,auto
119,21,1,AM,auto
119,22,1,AM,auto
119,23,1,AM,auto
119,25,1,AM,auto
119,26,1,AM,auto
119,28,1,AM,auto
119,30,1,AM,auto
119,32,4,AM,auto
119,35,2,AM,auto
119,36,1,AM,auto
119,38,2,AM,auto
119,39,2,AM,auto
119,40,6,AM,auto
119,42,2,AM,auto
119,43,1,AM,auto
119,44,1,AM,auto
119,45,1,AM,auto
119,47,1,AM,auto
119,52,1,AM,auto
119,57,2,AM,auto
119,58,6,AM,auto
119,60,1,AM,auto
119,61,4,AM,auto
119,63,3,AM,auto
119,65,1,AM,auto
119,66,3,AM,auto
119,67,9,AM,auto
119,68,1,AM,auto
119,73,3,AM,auto
119,75,2,AM,auto
119,77,1,AM,auto
119,79,13,AM,auto
119,80,2,AM,auto
119,82,2,AM,auto
119,85,2,AM,auto
119,86,1,AM,auto
119,87,8,AM,auto
119,88,1,AM,auto
119,89,5,AM,auto
119,90,1,AM,auto
119,92,1,AM,auto
119,95,3,AM,auto
119,96,7,AM,auto
119,97,12,AM,auto
119,99,1,AM,auto
119,100,1,AM,auto
119,105,2,AM,auto
119,110,1,AM,auto
119,111,1,AM,auto
119,112,1,AM,auto
119,114,2,AM,auto
119,115,3,AM,auto
119,116,2,AM,auto
119,118,5,AM,auto
119,120,3,AM,auto
119,121,5,AM,auto
119,123,3,AM,auto
119,125,1,AM,auto
119,128,1,AM,auto
119,129,1,AM,auto
119,132,1,AM,auto
119,138,2,AM,auto
119,139,2,AM,auto
120,2,3,AM,auto
120,3,23,AM,auto
120,4,5,AM,auto
120,5,1,AM,auto
120,6,5,AM,auto
120,7,1,AM,auto
120,10,2,AM,auto
120,13,1,AM,auto
120,14,1,AM,auto
120,15,1,AM,auto
120,19,1,AM,auto
120,20,2,AM,auto
120,21,10,AM,auto
120,22,12,AM,auto
120,23,7,AM,auto
120,24,5,AM,auto
120,25,130,AM,auto
120,26,93,AM,auto
120,27,3,AM,auto
120,30,18,AM,auto
120,31,8,AM,auto
120,32,106,AM,auto
120,33,14,AM,auto
120,34,8,AM,auto
120,35,5,AM,auto
120,36,29,AM,auto
120,37,2,AM,auto
120,38,171,AM,auto
120,39,122,AM,auto
120,40,23,AM,auto
120,41,2,AM,auto
120,42,24,AM,auto
120,43,11,AM,auto
120,44,15,AM,auto
120,46,5,AM,auto
120,47,2,AM,auto
120,48,12,AM,auto
120,49,6,AM,auto
120,50,1,AM,auto
120,57,55,AM,auto
120,58,81,AM,auto
120,59,3,AM,auto
120,60,55,AM,auto
120,61,29,AM,auto
120,62,1,AM,auto
120,63,2,AM,auto
120,64,7,AM,auto
120,65,11,AM,auto
120,66,11,AM,auto
120,67,328,AM,auto
120,68,54,AM,auto
120,74,2,AM,auto
120,78,3,AM,auto
120,79,18,AM,auto
120,80,5,AM,auto
120,81,3,AM,auto
120,86,10,AM,auto
120,87,57,AM,auto
120,89,1,AM,auto
120,90,7,AM,auto
120,92,1,AM,auto
120,95,8,AM,auto
120,96,99,AM,auto
120,97,27,AM,auto
120,98,4,AM,auto
120,99,17,AM,auto
120,100,6,AM,auto
120,102,1,AM,auto
120,104,4,AM,auto
120,105,2,AM,auto
120,106,1,AM,auto
120,107,1,AM,auto
120,108,1,AM,auto
120,114,1,AM,auto
120,116,4,AM,auto
120,117,1,AM,auto
120,118,1,AM,auto
120,121,3,AM,auto
120,123,12,AM,auto
120,124,1,AM,auto
120,125,3,AM,auto
120,131,2,AM,auto
120,135,1,AM,auto
120,139,3,AM,auto
121,1,2,AM,auto
121,2,3,AM,auto
121,3,11,AM,auto
121,4,3,AM,auto
121,6,2,AM,auto
121,7,7,AM,auto
121,8,3,AM,auto
121,10,3,AM,auto
121,15,9,AM,auto
121,18,2,AM,auto
121,20,6,AM,auto
121,21,3,AM,auto
121,22,6,AM,auto
121,23,2,AM,auto
121,24,2,AM,auto
121,25,22,AM,auto
121,26,16,AM,auto
121,28,1,AM,auto
121,30,5,AM,auto
121,31,7,AM,auto
121,32,49,AM,auto
121,33,13,AM,auto
121,34,1,AM,auto
121,35,15,AM,auto
121,36,6,AM,auto
121,37,7,AM,auto
121,38,31,AM,auto
121,39,31,AM,auto
121,40,28,AM,auto
121,42,15,AM,auto
121,43,7,AM,auto
121,44,8,AM,auto
121,45,3,AM,auto
121,46,5,AM,auto
121,47,5,AM,auto
121,48,3,AM,auto
121,49,8,AM,auto
121,51,2,AM,auto
121,53,4,AM,auto
121,54,5,AM,auto
121,56,1,AM,auto
121,57,19,AM,auto
121,58,19,AM,auto
121,59,2,AM,auto
121,60,22,AM,auto
121,61,13,AM,auto
121,64,4,AM,auto
121,65,7,AM,auto
121,66,11,AM,auto
121,67,111,AM,auto
121,68,23,AM,auto
121,69,2,AM,auto
121,70,1,AM,auto
121,72,1,AM,auto
121,73,1,AM,auto
121,74,3,AM,auto
121,75,5,AM,auto
121,76,9,AM,auto
121,77,9,AM,auto
121,78,13,AM,auto
121,79,48,AM,auto
121,80,5,AM,auto
121,82,1,AM,auto
121,84,1,AM,auto
121,85,2,AM,auto
121,86,24,AM,auto
121,87,165,AM,auto
121,88,5,AM,auto
121,89,4,AM,auto
121,90,11,AM,auto
121,91,1,AM,auto
121,94,3,AM,auto
121,95,4,AM,auto
121,96,103,AM,auto
121,97,33,AM,auto
121,98,4,AM,auto
121,99,16,AM,auto
121,100,5,AM,auto
121,102,6,AM,auto
121,103,1,AM,auto
121,104,6,AM,auto
121,105,10,AM,auto
121,108,4,AM,auto
121,110,2,AM,auto
121,111,5,AM,auto
121,112,2,AM,auto
121,113,1,AM,auto
121,114,4,AM,auto
121,115,2,AM,auto
121,116,2,AM,auto
121,118,1,AM,auto
121,120,24,AM,auto
121,122,6,AM,auto
121,123,29,AM,auto
121,124,4,AM,auto
121,125,5,AM,auto
121,126,1,AM,auto
121,127,1,AM,auto
121,128,4,AM,auto
121,129,12,AM,auto
121,130,4,AM,auto
121,131,3,AM,auto
121,132,3,AM,auto
121,135,3,AM,auto
121,136,1,AM,auto
121,138,1,AM,auto
121,139,15,AM,auto
121,140,1,AM,auto
121,141,11,AM,auto
122,3,12,AM,auto
122,4,6,AM,auto
122,5,1,AM,auto
122,6,3,AM,auto
122,7,3,AM,auto
122,8,3,AM,auto
122,9,2,AM,auto
122,10,8,AM,auto
122,11,1,AM,auto
122,12,4,AM,auto
122,13,2,AM,auto
122,15,12,AM,auto
122,18,3,AM,auto
122,20,5,AM,auto
122,21,1,AM,auto
122,22,7,AM,auto
122,23,1,AM,auto
122,24,2,AM,auto
122,25,25,AM,auto
122,26,25,AM,auto
122,28,4,AM,auto
122,30,4,AM,auto
122,31,2,AM,auto
122,32,41,AM,auto
122,33,8,AM,auto
122,34,1,AM,auto
122,35,11,AM,auto
122,36,6,AM,auto
122,37,2,AM,auto
122,38,21,AM,auto
122,39,45,AM,auto
122,40,30,AM,auto
122,41,1,AM,auto
122,42,20,AM,auto
122,43,13,AM,auto
122,44,12,AM,auto
122,46,1,AM,auto
122,48,9,AM,auto
122,49,12,AM,auto
122,50,1,AM,auto
122,51,17,AM,auto
122,53,2,AM,auto
122,56,10,AM,auto
122,57,17,AM,auto
122,58,17,AM,auto
122,59,3,AM,auto
122,60,17,AM,auto
122,61,13,AM,auto
122,62,4,AM,auto
122,63,4,AM,auto
122,64,1,AM,auto
122,65,4,AM,auto
122,66,3,AM,auto
122,67,88,AM,auto
122,68,24,AM,auto
122,69,1,AM,auto
122,70,2,AM,auto
122,71,7,AM,auto
122,72,1,AM,auto
122,73,2,AM,auto
122,74,9,AM,auto
122,75,8,AM,auto
122,76,2,AM,auto
122,77,3,AM,auto
122,78,5,AM,auto
122,79,24,AM,auto
122,80,1,AM,auto
122,81,2,AM,auto
122,82,4,AM,auto
122,84,3,AM,auto
122,85,7,AM,auto
122,86,23,AM,auto
122,87,146,AM,auto
122,88,6,AM,auto
122,89,15,AM,auto
122,90,20,AM,auto
122,91,2,AM,auto
122,93,4,AM,auto
122,95,4,AM,auto
122,96,70,AM,auto
122,97,25,AM,auto
122,98,2,AM,auto
122,99,11,AM,auto
122,100,4,AM,auto
122,102,5,AM,auto
122,103,1,AM,auto
122,104,4,AM,auto
122,105,8,AM,auto
122,106,1,AM,auto
122,107,3,AM,auto
122,108,1,AM,auto
122,110,1,AM,auto
122,111,2,AM,auto
122,114,2,AM,auto
122,115,5,AM,auto
122,116,3,AM,auto
122,117,2,AM,auto
122,118,1,AM,auto
122,120,20,AM,auto
122,121,30,AM,auto
122,123,46,AM,auto
122,124,1,AM,auto
122,125,10,AM,auto
122,126,9,AM,auto
122,128,5,AM,auto
122,129,13,AM,auto
122,130,13,AM,auto
122,131,18,AM,auto
122,132,3,AM,auto
122,134,2,AM,auto
122,135,1,AM,auto
122,136,2,AM,auto
122,137,1,AM,auto
122,138,1,AM,auto
122,139,16,AM,auto
122,141,4,AM,auto
123,4,3,AM,auto
123,6,1,AM,auto
123,8,7,AM,auto
123,9,1,AM,auto
123,10,1,AM,auto
123,12,1,AM,auto
123,15,1,AM,auto
123,20,2,AM,auto
123,21,1,AM,auto
123,22,6,AM,auto
123,25,4,AM,auto
123,26,6,AM,auto
123,27,1,AM,auto
123,28,1,AM,auto
123,30,4,AM,auto
123,31,1,AM,auto
123,32,19,AM,auto
123,33,5,AM,auto
123,34,2,AM,auto
123,35,10,AM,auto
123,36,5,AM,auto
123,38,6,AM,auto
123,39,17,AM,auto
123,40,17,AM,auto
123,41,1,AM,auto
123,42,6,AM,auto
123,43,4,AM,auto
123,44,5,AM,auto
123,45,1,AM,auto
123,46,1,AM,auto
123,48,3,AM,auto
123,49,11,AM,auto
123,50,2,AM,auto
123,52,3,AM,auto
123,53,2,AM,auto
123,56,2,AM,auto
123,57,15,AM,auto
123,58,4,AM,auto
123,59,2,AM,auto
123,60,9,AM,auto
123,61,2,AM,auto
123,63,1,AM,auto
123,64,2,AM,auto
123,65,3,AM,auto
123,66,2,AM,auto
123,67,51,AM,auto
123,68,11,AM,auto
123,69,1,AM,auto
123,72,2,AM,auto
123,73,6,AM,auto
123,74,1,AM,auto
123,75,3,AM,auto
123,76,4,AM,auto
123,77,4,AM,auto
123,78,4,AM,auto
123,79,21,AM,auto
123,80,3,AM,auto
123,82,1,AM,auto
123,84,2,AM,auto
123,85,2,AM,auto
123,86,18,AM,auto
123,87,48,AM,auto
123,88,1,AM,auto
123,89,5,AM,auto
123,90,6,AM,auto
123,91,2,AM,auto
123,92,1,AM,auto
123,95,2,AM,auto
123,96,23,AM,auto
123,97,10,AM,auto
123,98,1,AM,auto
123,99,3,AM,auto
123,102,1,AM,auto
123,112,5,AM,auto
123,115,4,AM,auto
123,116,6,AM,auto
123,117,1,AM,auto
123,120,5,AM,auto
123,121,15,AM,auto
123,122,1,AM,auto
123,124,1,AM,auto
123,126,1,AM,auto
123,129,3,AM,auto
123,130,5,AM,auto
123,131,3,AM,auto
123,132,1,AM,auto
123,134,1,AM,auto
123,135,1,AM,auto
123,138,2,AM,auto
123,139,5,AM,auto
124,1,1,AM,auto
124,2,1,AM,auto
124,3,7,AM,auto
124,4,5,AM,auto
124,5,1,AM,auto
124,6,1,AM,auto
124,7,5,AM,auto
124,8,3,AM,auto
124,9,1,AM,auto
124,10,2,AM,auto
124,13,1,AM,auto
124,15,3,AM,auto
124,20,1,AM,auto
124,22,14,AM,auto
124,23,4,AM,auto
124,25,14,AM,auto
124,26,8,AM,auto
124,30,2,AM,auto
124,31,1,AM,auto
124,32,39,AM,auto
124,33,10,AM,auto
124,34,5,AM,auto
124,35,9,AM,auto
124,36,10,AM,auto
124,37,4,AM,auto
124,38,13,AM,auto
124,39,20,AM,auto
124,40,13,AM,auto
124,41,3,AM,auto
124,42,12,AM,auto
124,43,5,AM,auto
124,44,16,AM,auto
124,45,1,AM,auto
124,46,1,AM,auto
124,47,2,AM,auto
124,48,1,AM,auto
124,49,7,AM,auto
124,50,1,AM,auto
124,51,8,AM,auto
124,53,2,AM,auto
124,54,5,AM,auto
124,56,9,AM,auto
124,57,5,AM,auto
124,58,17,AM,auto
124,60,14,AM,auto
124,61,8,AM,auto
124,63,1,AM,auto
124,64,1,AM,auto
124,65,4,AM,auto
124,66,3,AM,auto
124,67,32,AM,auto
124,68,15,AM,auto
124,69,1,AM,auto
124,71,14,AM,auto
124,72,1,AM,auto
124,73,2,AM,auto
124,74,3,AM,auto
124,75,10,AM,auto
124,76,3,AM,auto
124,77,5,AM,auto
124,78,7,AM,auto
124,79,17,AM,auto
124,80,3,AM,auto
124,81,3,AM,auto
124,82,1,AM,auto
124,83,2,AM,auto
124,84,1,AM,auto
124,85,3,AM,auto
124,86,10,AM,auto
124,87,89,AM,auto
124,89,16,AM,auto
124,90,7,AM,auto
124,91,1,AM,auto
124,92,3,AM,auto
124,94,1,AM,auto
124,95,2,AM,auto
124,96,44,AM,auto
124,97,13,AM,auto
124,98,2,AM,auto
124,99,6,AM,auto
124,100,3,AM,auto
124,102,3,AM,auto
124,104,2,AM,auto
124,105,1,AM,auto
124,107,3,AM,auto
124,108,6,AM,auto
124,109,1,AM,auto
124,110,2,AM,auto
124,111,1,AM,auto
124,112,1,AM,auto
124,114,1,AM,auto
124,115,1,AM,auto
124,116,3,AM,auto
124,118,2,AM,auto
124,120,6,AM,auto
124,121,12,AM,auto
124,122,5,AM,auto
124,123,52,AM,auto
124,125,7,AM,auto
124,127,1,AM,auto
124,129,7,AM,auto
124,130,4,AM,auto
124,131,9,AM,auto
124,132,3,AM,auto
124,133,3,AM,auto
124,134,2,AM,auto
124,136,1,AM,auto
124,137,5,AM,auto
124,138,1,AM,auto
124,139,2,AM,auto
125,2,3,AM,auto
125,3,2,AM,auto
125,4,1,AM,auto
125,6,1,AM,auto
125,10,3,AM,auto
125,14,2,AM,auto
125,15,2,AM,auto
125,20,2,AM,auto
125,21,2,AM,auto
125,22,1,AM,auto
125,23,1,AM,auto
125,24,1,AM,auto
125,25,10,AM,auto
125,26,1,AM,auto
125,31,2,AM,auto
125,32,14,AM,auto
125,33,2,AM,auto
125,34,3,AM,auto
125,35,4,AM,auto
125,37,2,AM,auto
125,38,1,AM,auto
125,39,9,AM,auto
125,40,14,AM,auto
125,42,7,AM,auto
125,43,3,AM,auto
125,44,11,AM,auto
125,46,3,AM,auto
125,49,14,AM,auto
125,50,1,AM,auto
125,57,2,AM,auto
125,58,7,AM,auto
125,60,5,AM,auto
125,61,3,AM,auto
125,65,1,AM,auto
125,66,1,AM,auto
125,67,24,AM,auto
125,68,1,AM,auto
125,71,2,AM,auto
125,73,1,AM,auto
125,74,2,AM,auto
125,75,6,AM,auto
125,76,1,AM,auto
125,78,2,AM,auto
125,79,4,AM,auto
125,80,1,AM,auto
125,82,1,AM,auto
125,83,1,AM,auto
125,85,1,AM,auto
125,86,3,AM,auto
125,87,34,AM,auto
125,89,5,AM,auto
125,90,4,AM,auto
125,91,2,AM,auto
125,95,3,AM,auto
125,96,20,AM,auto
125,97,3,AM,auto
125,99,8,AM,auto
125,102,3,AM,auto
125,106,1,AM,auto
125,107,1,AM,auto
125,112,1,AM,auto
125,114,3,AM,auto
125,117,1,AM,auto
125,118,2,AM,auto
125,120,1,AM,auto
125,121,5,AM,auto
125,122,2,AM,auto
125,123,21,AM,auto
125,124,2,AM,auto
125,129,2,AM,auto
125,130,2,AM,auto
125,131,2,AM,auto
125,132,1,AM,auto
125,134,1,AM,auto
125,135,1,AM,auto
125,137,3,AM,auto
125,138,2,AM,auto
125,139,2,AM,auto
126,1,1,AM,auto
126,3,1,AM,auto
126,4,3,AM,auto
126,5,2,AM,auto
126,6,1,AM,auto
126,8,1,AM,auto
126,10,2,AM,auto
126,15,1,AM,auto
126,18,1,AM,auto
126,20,2,AM,auto
126,21,4,AM,auto
126,22,3,AM,auto
126,24,1,AM,auto
126,25,5,AM,auto
126,26,7,AM,auto
126,28,1,AM,auto
126,30,3,AM,auto
126,31,3,AM,auto
126,32,24,AM,auto
126,33,7,AM,auto
126,34,1,AM,auto
126,35,7,AM,auto
126,38,7,AM,auto
126,39,24,AM,auto
126,40,14,AM,auto
126,41,1,AM,auto
126,42,1,AM,auto
126,43,1,AM,auto
126,44,4,AM,auto
126,46,1,AM,auto
126,48,4,AM,auto
126,50,3,AM,auto
126,51,1,AM,auto
126,52,4,AM,auto
126,54,1,AM,auto
126,56,5,AM,auto
126,57,6,AM,auto
126,58,4,AM,auto
126,59,1,AM,auto
126,60,3,AM,auto
126,61,6,AM,auto
126,65,1,AM,auto
126,66,4,AM,auto
126,67,34,AM,auto
126,68,8,AM,auto
126,71,4,AM,auto
126,73,1,AM,auto
126,74,1,AM,auto
126,75,8,AM,auto
126,76,6,AM,auto
126,77,1,AM,auto
126,78,1,AM,auto
126,79,8,AM,auto
126,80,7,AM,auto
126,82,6,AM,auto
126,84,2,AM,auto
126,85,4,AM,auto
126,86,12,AM,auto
126,87,41,AM,auto
126,88,1,AM,auto
126,89,5,AM,auto
126,90,10,AM,auto
126,91,2,AM,auto
126,95,2,AM,auto
126,96,27,AM,auto
126,97,6,AM,auto
126,99,3,AM,auto
126,103,1,AM,auto
126,104,1,AM,auto
126,105,5,AM,auto
126,107,3,AM,auto
126,108,3,AM,auto
126,110,3,AM,auto
126,113,1,AM,auto
126,114,1,AM,auto
126,115,2,AM,auto
126,117,1,AM,auto
126,120,8,AM,auto
126,121,7,AM,auto
126,122,1,AM,auto
126,123,17,AM,auto
126,125,1,AM,auto
126,128,1,AM,auto
126,129,1,AM,auto
126,131,3,AM,auto
126,132,2,AM,auto
126,136,2,AM,auto
126,138,1,AM,auto
126,139,6,AM,auto
126,141,2,AM,auto
127,2,1,AM,auto
127,4,1,AM,auto
127,7,9,AM,auto
127,8,2,AM,auto
127,9,1,AM,auto
127,10,3,AM,auto
127,15,5,AM,auto
127,18,1,AM,auto
127,22,7,AM,auto
127,25,5,AM,auto
127,26,8,AM,auto
127,28,2,AM,auto
127,30,2,AM,auto
127,31,5,AM,auto
127,32,13,AM,auto
127,33,6,AM,auto
127,35,10,AM,auto
127,36,1,AM,auto
127,37,1,AM,auto
127,38,8,AM,auto
127,39,20,AM,auto
127,40,3,AM,auto
127,42,7,AM,auto
127,43,1,AM,auto
127,44,3,AM,auto
127,45,1,AM,auto
127,48,1,AM,auto
127,49,4,AM,auto
127,50,3,AM,auto
127,52,1,AM,auto
127,54,1,AM,auto
127,56,3,AM,auto
127,57,5,AM,auto
127,58,7,AM,auto
127,59,2,AM,auto
127,60,2,AM,auto
127,61,10,AM,auto
127,63,2,AM,auto
127,64,1,AM,auto
127,65,3,AM,auto
127,66,4,AM,auto
127,67,21,AM,auto
127,68,7,AM,auto
127,71,6,AM,auto
127,75,6,AM,auto
127,76,2,AM,auto
127,77,2,AM,auto
127,78,4,AM,auto
127,79,24,AM,auto
127,80,2,AM,auto
127,85,2,AM,auto
127,86,4,AM,auto
127,87,42,AM,auto
127,88,1,AM,auto
127,89,1,AM,auto
127,90,7,AM,auto
127,91,5,AM,auto
127,92,1,AM,auto
127,95,5,AM,auto
127,96,28,AM,auto
127,97,11,AM,auto
127,99,5,AM,auto
127,100,1,AM,auto
127,102,2,AM,auto
127,104,3,AM,auto
127,105,1,AM,auto
127,107,2,AM,auto
127,108,3,AM,auto
127,112,2,AM,auto
127,115,6,AM,auto
127,120,1,AM,auto
127,121,14,AM,auto
127,122,2,AM,auto
127,123,24,AM,auto
127,126,1,AM,auto
127,128,1,AM,auto
127,129,2,AM,auto
127,130,1,AM,auto
127,131,1,AM,auto
127,132,3,AM,auto
127,137,2,AM,auto
127,139,3,AM,auto
127,140,1,AM,auto
127,141,1,AM,auto
128,1,3,AM,auto
128,3,10,AM,auto
128,4,1,AM,auto
128,6,2,AM,auto
128,7,5,AM,auto
128,8,2,AM,auto
128,9,3,AM,auto
128,10,1,AM,auto
128,14,2,AM,auto
128,15,1,AM,auto
128,18,2,AM,auto
128,20,8,AM,auto
128,21,6,AM,auto
128,22,5,AM,auto
128,23,1,AM,auto
128,25,6,AM,auto
128,26,13,AM,auto
128,29,1,AM,auto
128,30,2,AM,auto
128,31,5,AM,auto
128,32,11,AM,auto
128,33,7,AM,auto
128,34,2,AM,auto
128,35,11,AM,auto
128,36,5,AM,auto
128,37,1,AM,auto
128,38,19,AM,auto
128,39,20,AM,auto
128,40,24,AM,auto
128,41,1,AM,auto
128,42,11,AM,auto
128,43,1,AM,auto
128,44,12,AM,auto
128,45,1,AM,auto
128,46,1,AM,auto
128,47,4,AM,auto
128,48,12,AM,auto
128,49,8,AM,auto
128,50,2,AM,auto
128,51,6,AM,auto
128,52,2,AM,auto
128,53,3,AM,auto
128,54,2,AM,auto
128,56,6,AM,auto
128,57,12,AM,auto
128,58,12,AM,auto
128,60,9,AM,auto
128,61,16,AM,auto
128,62,1,AM,auto
128,63,1,AM,auto
128,64,6,AM,auto
128,65,3,AM,auto
128,66,4,AM,auto
128,67,59,AM,auto
128,68,9,AM,auto
128,69,2,AM,auto
128,71,5,AM,auto
128,72,5,AM,auto
128,73,6,AM,auto
128,75,5,AM,auto
128,76,3,AM,auto
128,77,3,AM,auto
128,78,6,AM,auto
128,79,38,AM,auto
128,80,1,AM,auto
128,81,3,AM,auto
128,82,2,AM,auto
128,83,4,AM,auto
128,86,10,AM,auto
128,87,104,AM,auto
128,88,6,AM,auto
128,89,2,AM,auto
128,90,8,AM,auto
128,91,4,AM,auto
128,93,1,AM,auto
128,94,2,AM,auto
128,95,4,AM,auto
128,96,57,AM,auto
128,97,18,AM,auto
128,98,3,AM,auto
128,99,16,AM,auto
128,100,1,AM,auto
128,102,3,AM,auto
128,104,5,AM,auto
128,105,3,AM,auto
128,106,1,AM,auto
128,107,5,AM,auto
128,108,1,AM,auto
128,112,2,AM,auto
128,113,2,AM,auto
128,114,4,AM,auto
128,115,6,AM,auto
128,116,1,AM,auto
128,118,1,AM,auto
128,120,8,AM,auto
128,121,11,AM,auto
128,122,2,AM,auto
128,123,36,AM,auto
128,124,1,AM,auto
128,125,9,AM,auto
128,126,3,AM,auto
128,129,11,AM,auto
128,130,3,AM,auto
128,131,3,AM,auto
128,132,3,AM,auto
128,134,1,AM,auto
128,135,3,AM,auto
128,136,1,AM,auto
128,137,1,AM,auto
128,138,3,AM,auto
128,139,10,AM,auto
128,141,3,AM,auto
129,3,3,AM,auto
129,7,1,AM,auto
129,9,1,AM,auto
129,10,1,AM,auto
129,14,1,AM,auto
129,15,6,AM,auto
129,17,3,AM,auto
129,20,1,AM,auto
129,21,3,AM,auto
129,22,1,AM,auto
129,25,5,AM,auto
129,26,14,AM,auto
129,27,1,AM,auto
129,28,5,AM,auto
129,30,3,AM,auto
129,31,7,AM,auto
129,32,25,AM,auto
129,33,3,AM,auto
129,35,3,AM,auto
129,36,4,AM,auto
129,37,4,AM,auto
129,38,19,AM,auto
129,39,23,AM,auto
129,40,14,AM,auto
129,41,1,AM,auto
129,42,5,AM,auto
129,43,7,AM,auto
129,44,5,AM,auto
129,47,1,AM,auto
129,48,2,AM,auto
129,49,7,AM,auto
129,51,1,AM,auto
129,52,3,AM,auto
129,54,1,AM,auto
129,56,1,AM,auto
129,57,1,AM,auto
129,58,8,AM,auto
129,60,2,AM,auto
129,61,1,AM,auto
129,63,2,AM,auto
129,64,1,AM,auto
129,65,6,AM,auto
129,66,2,AM,auto
129,67,35,AM,auto
129,68,10,AM,auto
129,69,1,AM,auto
129,72,4,AM,auto
129,73,1,AM,auto
129,74,3,AM,auto
129,75,5,AM,auto
129,76,1,AM,auto
129,77,6,AM,auto
129,78,2,AM,auto
129,79,29,AM,auto
129,80,1,AM,auto
129,81,3,AM,auto
129,82,1,AM,auto
129,83,2,AM,auto
129,85,1,AM,auto
129,86,18,AM,auto
129,87,56,AM,auto
129,88,2,AM,auto
129,89,1,AM,auto
129,90,7,AM,auto
129,91,2,AM,auto
129,92,1,AM,auto
129,93,1,AM,auto
129,95,4,AM,auto
129,96,33,AM,auto
129,97,9,AM,auto
129,98,1,AM,auto
129,99,4,AM,auto
129,100,1,AM,auto
129,104,2,AM,auto
129,105,4,AM,auto
129,108,1,AM,auto
129,110,2,AM,auto
129,111,2,AM,auto
129,112,1,AM,auto
129,114,1,AM,auto
129,115,4,AM,auto
129,120,2,AM,auto
129,121,14,AM,auto
129,122,1,AM,auto
129,123,19,AM,auto
129,124,2,AM,auto
129,125,5,AM,auto
129,126,2,AM,auto
129,128,3,AM,auto
129,130,10,AM,auto
129,131,6,AM,auto
129,132,5,AM,auto
129,133,1,AM,auto
129,134,1,AM,auto
129,137,1,AM,auto
129,139,13,AM,auto
129,141,7,AM,auto
130,1,1,AM,auto
130,3,6,AM,auto
130,4,2,AM,auto
130,7,7,AM,auto
130,9,3,AM,auto
130,10,3,AM,auto
130,12,2,AM,auto
130,14,2,AM,auto
130,15,2,AM,auto
130,17,1,AM,auto
130,18,1,AM,auto
130,21,5,AM,auto
130,22,7,AM,auto
130,23,2,AM,auto
130,25,7,AM,auto
130,26,14,AM,auto
130,28,1,AM,auto
130,30,1,AM,auto
130,31,5,AM,auto
130,32,22,AM,auto
130,33,13,AM,auto
130,36,2,AM,auto
130,37,3,AM,auto
130,38,16,AM,auto
130,39,17,AM,auto
130,40,20,AM,auto
130,41,2,AM,auto
130,42,5,AM,auto
130,43,3,AM,auto
130,44,6,AM,auto
130,45,1,AM,auto
130,46,1,AM,auto
130,47,1,AM,auto
130,48,5,AM,auto
130,49,6,AM,auto
130,50,1,AM,auto
130,51,2,AM,auto
130,52,3,AM,auto
130,53,1,AM,auto
130,56,7,AM,auto
130,57,8,AM,auto
130,58,17,AM,auto
130,59,4,AM,auto
130,60,10,AM,auto
130,61,6,AM,auto
130,62,3,AM,auto
130,63,2,AM,auto
130,64,1,AM,auto
130,65,4,AM,auto
130,67,44,AM,auto
130,68,13,AM,auto
130,69,2,AM,auto
130,73,1,AM,auto
130,74,4,AM,auto
130,75,3,AM,auto
130,76,3,AM,auto
130,77,3,AM,auto
130,78,2,AM,auto
130,79,22,AM,auto
130,80,4,AM,auto
130,81,1,AM,auto
130,82,3,AM,auto
130,83,1,AM,auto
130,84,1,AM,auto
130,86,13,AM,auto
130,87,91,AM,auto
130,88,2,AM,auto
130,89,8,AM,auto
130,90,6,AM,auto
130,92,1,AM,auto
130,95,8,AM,auto
130,96,39,AM,auto
130,97,11,AM,auto
130,99,2,AM,auto
130,100,3,AM,auto
130,102,2,AM,auto
130,104,2,AM,auto
130,105,5,AM,auto
130,106,3,AM,auto
130,107,3,AM,auto
130,110,2,AM,auto
130,112,3,AM,auto
130,113,2,AM,auto
130,114,1,AM,auto
130,115,3,AM,auto
130,116,1,AM,auto
130,117,1,AM,auto
130,118,3,AM,auto
130,120,8,AM,auto
130,121,14,AM,auto
130,122,1,AM,auto
130,123,14,AM,auto
130,124,1,AM,auto
130,125,9,AM,auto
130,126,6,AM,auto
130,128,1,AM,auto
130,129,5,AM,auto
130,131,5,AM,auto
130,132,2,AM,auto
130,134,4,AM,auto
130,135,1,AM,auto
130,136,2,AM,auto
130,137,3,AM,auto
130,138,2,AM,auto
130,139,2,AM,auto
130,140,2,AM,auto
131,1,3,AM,auto
131,3,6,AM,auto
131,4,2,AM,auto
131,6,2,AM,auto
131,7,2,AM,auto
131,8,2,AM,auto
131,9,3,AM,auto
131,10,3,AM,auto
131,15,1,AM,auto
131,20,3,AM,auto
131,21,2,AM,auto
131,22,2,AM,auto
131,23,4,AM,auto
131,25,14,AM,auto
131,26,16,AM,auto
131,27,1,AM,auto
131,30,5,AM,auto
131,31,2,AM,auto
131,32,30,AM,auto
131,33,15,AM,auto
131,35,9,AM,auto
131,36,7,AM,auto
131,37,2,AM,auto
131,38,8,AM,auto
131,39,24,AM,auto
131,40,16,AM,auto
131,42,14,AM,auto
131,43,1,AM,auto
131,44,13,AM,auto
131,47,2,AM,auto
131,48,5,AM,auto
131,49,15,AM,auto
131,50,4,AM,auto
131,51,6,AM,auto
131,52,1,AM,auto
131,54,1,AM,auto
131,56,3,AM,auto
131,57,16,AM,auto
131,58,10,AM,auto
131,59,4,AM,auto
131,60,26,AM,auto
131,61,13,AM,auto
131,63,1,AM,auto
131,64,3,AM,auto
131,65,1,AM,auto
131,66,5,AM,auto
131,67,67,AM,auto
131,68,15,AM,auto
131,69,1,AM,auto
131,72,1,AM,auto
131,73,3,AM,auto
131,74,4,AM,auto
131,75,1,AM,auto
131,76,1,AM,auto
131,77,5,AM,auto
131,79,26,AM,auto
131,81,1,AM,auto
131,82,1,AM,auto
131,83,1,AM,auto
131,84,2,AM,auto
131,85,2,AM,auto
131,86,12,AM,auto
131,87,129,AM,auto
131,88,2,AM,auto
131,89,11,AM,auto
131,90,21,AM,auto
131,91,1,AM,auto
131,95,6,AM,auto
131,96,44,AM,auto
131,97,12,AM,auto
131,98,1,AM,auto
131,99,10,AM,auto
131,100,2,AM,auto
131,102,8,AM,auto
131,104,3,AM,auto
131,105,5,AM,auto
131,107,4,AM,auto
131,110,2,AM,auto
131,111,1,AM,auto
131,113,1,AM,auto
131,114,3,AM,auto
131,115,3,AM,auto
131,116,2,AM,auto
131,120,20,AM,auto
131,121,16,AM,auto
131,122,6,AM,auto
131,123,33,AM,auto
131,124,2,AM,auto
131,125,6,AM,auto
131,126,1,AM,auto
131,128,3,AM,auto
131,129,2,AM,auto
131,130,7,AM,auto
131,132,5,AM,auto
131,133,1,AM,auto
131,135,4,AM,auto
131,136,4,AM,auto
131,137,1,AM,auto
131,139,2,AM,auto
132,1,1,AM,auto
132,2,1,AM,auto
132,3,3,AM,auto
132,6,1,AM,auto
132,7,5,AM,auto
132,8,5,AM,auto
132,9,5,AM,auto
132,10,11,AM,auto
132,12,1,AM,auto
132,15,10,AM,auto
132,18,4,AM,auto
132,21,3,AM,auto
132,22,7,AM,auto
132,23,4,AM,auto
132,24,3,AM,auto
132,25,18,AM,auto
132,26,11,AM,auto
132,28,1,AM,auto
132,30,4,AM,auto
132,31,3,AM,auto
132,32,22,AM,auto
132,33,7,AM,auto
132,35,11,AM,auto
132,36,7,AM,auto
132,37,4,AM,auto
132,38,8,AM,auto
132,39,22,AM,auto
132,40,7,AM,auto
132,41,1,AM,auto
132,42,5,AM,auto
132,44,8,AM,auto
132,46,1,AM,auto
132,47,4,AM,auto
132,48,9,AM,auto
132,49,13,AM,auto
132,50,2,AM,auto
132,51,8,AM,auto
132,52,1,AM,auto
132,53,3,AM,auto
132,54,6,AM,auto
132,56,4,AM,auto
132,57,11,AM,auto
132,58,13,AM,auto
132,59,2,AM,auto
132,60,11,AM,auto
132,61,16,AM,auto
132,63,1,AM,auto
132,64,1,AM,auto
132,65,8,AM,auto
132,66,2,AM,auto
132,67,79,AM,auto
132,68,15,AM,auto
132,69,2,AM,auto
132,70,1,AM,auto
132,72,1,AM,auto
132,73,1,AM,auto
132,74,3,AM,auto
132,75,3,AM,auto
132,76,1,AM,auto
132,77,4,AM,auto
132,78,8,AM,auto
132,79,38,AM,auto
132,80,4,AM,auto
132,82,1,AM,auto
132,83,5,AM,auto
132,84,1,AM,auto
132,85,3,AM,auto
132,86,21,AM,auto
132,87,93,AM,auto
132,88,7,AM,auto
132,89,3,AM,auto
132,90,13,AM,auto
132,91,3,AM,auto
132,92,1,AM,auto
132,93,5,AM,auto
132,95,5,AM,auto
132,96,43,AM,auto
132,97,26,AM,auto
132,98,1,AM,auto
132,99,13,AM,auto
132,102,5,AM,auto
132,105,4,AM,auto
132,107,2,AM,auto
132,108,2,AM,auto
132,109,1,AM,auto
132,110,1,AM,auto
132,111,1,AM,auto
132,113,2,AM,auto
132,114,4,AM,auto
132,115,4,AM,auto
132,116,6,AM,auto
132,118,1,AM,auto
132,120,11,AM,auto
132,121,14,AM,auto
132,123,17,AM,auto
132,124,3,AM,auto
132,125,5,AM,auto
132,128,5,AM,auto
132,129,3,AM,auto
132,130,6,AM,auto
132,131,6,AM,auto
132,134,2,AM,auto
132,135,1,AM,auto
132,136,2,AM,auto
132,139,8,AM,auto
132,141,2,AM,auto
133,1,1,AM,auto
133,3,1,AM,auto
133,4,1,AM,auto
133,7,1,AM,auto
133,10,1,AM,auto
133,13,1,AM,auto
133,15,6,AM,auto
133,19,4,AM,auto
133,22,4,AM,auto
133,25,10,AM,auto
133,26,6,AM,auto
133,27,1,AM,auto
133,28,1,AM,auto
133,30,2,AM,auto
133,31,4,AM,auto
133,32,10,AM,auto
133,33,1,AM,auto
133,34,1,AM,auto
133,35,4,AM,auto
133,36,2,AM,auto
133,37,1,AM,auto
133,38,7,AM,auto
133,39,15,AM,auto
133,40,18,AM,auto
133,41,1,AM,auto
133,42,5,AM,auto
133,43,3,AM,auto
133,44,3,AM,auto
133,48,1,AM,auto
133,49,9,AM,auto
133,50,4,AM,auto
133,53,2,AM,auto
133,56,3,AM,auto
133,57,7,AM,auto
133,58,1,AM,auto
133,60,3,AM,auto
133,61,1,AM,auto
133,62,1,AM,auto
133,65,2,AM,auto
133,67,12,AM,auto
133,68,4,AM,auto
133,71,1,AM,auto
133,72,3,AM,auto
133,73,3,AM,auto
133,74,2,AM,auto
133,75,4,AM,auto
133,79,7,AM,auto
133,80,4,AM,auto
133,83,2,AM,auto
133,85,1,AM,auto
133,86,12,AM,auto
133,87,30,AM,auto
133,88,1,AM,auto
133,90,5,AM,auto
133,95,4,AM,auto
133,96,15,AM,auto
133,97,7,AM,auto
133,98,4,AM,auto
133,99,3,AM,auto
133,100,2,AM,auto
133,102,3,AM,auto
133,105,3,AM,auto
133,108,7,AM,auto
133,111,1,AM,auto
133,112,1,AM,auto
133,114,1,AM,auto
133,120,5,AM,auto
133,121,1,AM,auto
133,122,3,AM,auto
133,123,25,AM,auto
133,125,3,AM,auto
133,126,1,AM,auto
133,128,2,AM,auto
133,129,7,AM,auto
133,130,2,AM,auto
133,131,2,AM,auto
133,132,4,AM,auto
133,134,7,AM,auto
133,135,1,AM,auto
133,137,2,AM,auto
133,138,1,AM,auto
133,139,3,AM,auto
133,140,1,AM,auto
133,141,2,AM,auto
134,2,1,AM,auto
134,3,3,AM,auto
134,4,3,AM,auto
134,7,5,AM,auto
134,8,1,AM,auto
134,9,1,AM,auto
134,10,7,AM,auto
134,11,1,AM,auto
134,12,1,AM,auto
134,15,1,AM,auto
134,18,2,AM,auto
134,20,1,AM,auto
134,21,2,AM,auto
134,22,7,AM,auto
134,23,2,AM,auto
134,25,6,AM,auto
134,26,6,AM,auto
134,27,1,AM,auto
134,28,2,AM,auto
134,30,2,AM,auto
134,31,1,AM,auto
134,32,10,AM,auto
134,33,2,AM,auto
134,35,7,AM,auto
134,36,1,AM,auto
134,37,1,AM,auto
134,38,14,AM,auto
134,39,12,AM,auto
134,40,23,AM,auto
134,41,3,AM,auto
134,42,7,AM,auto
134,43,2,AM,auto
134,44,6,AM,auto
134,45,1,AM,auto
134,47,1,AM,auto
134,48,1,AM,auto
134,49,6,AM,auto
134,50,1,AM,auto
134,51,3,AM,auto
134,54,7,AM,auto
134,56,13,AM,auto
134,57,2,AM,auto
134,58,8,AM,auto
134,60,9,AM,auto
134,61,4,AM,auto
134,62,1,AM,auto
134,65,4,AM,auto
134,66,2,AM,auto
134,67,28,AM,auto
134,68,5,AM,auto
134,69,2,AM,auto
134,71,4,AM,auto
134,75,3,AM,auto
134,76,3,AM,auto
134,77,2,AM,auto
134,78,4,AM,auto
134,79,24,AM,auto
134,80,1,AM,auto
134,81,1,AM,auto
134,82,1,AM,auto
134,84,1,AM,auto
134,85,1,AM,auto
134,86,6,AM,auto
134,87,43,AM,auto
134,88,5,AM,auto
134,89,2,AM,auto
134,90,7,AM,auto
134,91,1,AM,auto
134,92,1,AM,auto
134,93,1,AM,auto
134,95,9,AM,auto
134,96,23,AM,auto
134,97,5,AM,auto
134,99,3,AM,auto
134,100,3,AM,auto
134,103,2,AM,auto
134,105,4,AM,auto
134,106,1,AM,auto
134,109,1,AM,auto
134,111,1,AM,auto
134,112,2,AM,auto
134,114,2,AM,auto
134,115,3,AM,auto
134,118,2,AM,auto
134,120,6,AM,auto
134,121,6,AM,auto
134,123,31,AM,auto
134,124,5,AM,auto
134,125,7,AM,auto
134,127,1,AM,auto
134,128,1,AM,auto
134,129,4,AM,auto
134,130,11,AM,auto
134,131,2,AM,auto
134,136,2,AM,auto
134,137,4,AM,auto
134,138,1,AM,auto
134,139,1,AM,auto
135,2,2,AM,auto
135,3,9,AM,auto
135,4,6,AM,auto
135,5,1,AM,auto
135,6,1,AM,auto
135,7,6,AM,auto
135,9,1,AM,auto
135,10,5,AM,auto
135,12,2,AM,auto
135,13,1,AM,auto
135,15,5,AM,auto
135,19,1,AM,auto
135,20,3,AM,auto
135,21,6,AM,auto
135,22,10,AM,auto
135,23,9,AM,auto
135,24,4,AM,auto
135,25,17,AM,auto
135,26,19,AM,auto
135,28,3,AM,auto
135,29,2,AM,auto
135,30,8,AM,auto
135,31,5,AM,auto
135,32,27,AM,auto
135,33,5,AM,auto
135,34,4,AM,auto
135,35,17,AM,auto
135,36,3,AM,auto
135,37,1,AM,auto
135,38,27,AM,auto
135,39,32,AM,auto
135,40,20,AM,auto
135,41,2,AM,auto
135,42,17,AM,auto
135,43,5,AM,auto
135,44,12,AM,auto
135,46,2,AM,auto
135,48,3,AM,auto
135,49,22,AM,auto
135,50,1,AM,auto
135,51,7,AM,auto
135,52,3,AM,auto
135,53,2,AM,auto
135,54,1,AM,auto
135,56,14,AM,auto
135,57,12,AM,auto
135,58,11,AM,auto
135,59,3,AM,auto
135,60,13,AM,auto
135,61,9,AM,auto
135,62,3,AM,auto
135,63,1,AM,auto
135,64,1,AM,auto
135,65,6,AM,auto
135,66,5,AM,auto
135,67,68,AM,auto
135,68,13,AM,auto
135,71,3,AM,auto
135,72,2,AM,auto
135,73,8,AM,auto
135,74,2,AM,auto
135,75,7,AM,auto
135,76,4,AM,auto
135,77,3,AM,auto
135,78,4,AM,auto
135,79,28,AM,auto
135,81,3,AM,auto
135,82,1,AM,auto
135,83,4,AM,auto
135,84,1,AM,auto
135,85,2,AM,auto
135,86,9,AM,auto
135,87,130,AM,auto
135,88,4,AM,auto
135,89,5,AM,auto
135,90,9,AM,auto
135,94,3,AM,auto
135,95,2,AM,auto
135,96,61,AM,auto
135,97,20,AM,auto
135,99,15,AM,auto
135,102,4,AM,auto
135,103,5,AM,auto
135,104,1,AM,auto
135,105,5,AM,auto
135,106,1,AM,auto
135,107,7,AM,auto
135,108,8,AM,auto
135,109,1,AM,auto
135,112,1,AM,auto
135,114,6,AM,auto
135,115,4,AM,auto
135,116,5,AM,auto
135,117,3,AM,auto
135,120,16,AM,auto
135,121,14,AM,auto
135,122,2,AM,auto
135,123,32,AM,auto
135,124,2,AM,auto
135,125,9,AM,auto
135,126,1,AM,auto
135,129,4,AM,auto
135,131,3,AM,auto
135,132,3,AM,auto
135,133,1,AM,auto
135,134,1,AM,auto
135,136,5,AM,auto
135,137,2,AM,auto
135,138,3,AM,auto
135,139,2,AM,auto
135,141,3,AM,auto
136,1,1,AM,auto
136,2,1,AM,auto
136,3,2,AM,auto
136,4,6,AM,auto
136,7,2,AM,auto
136,8,2,AM,auto
136,9,1,AM,auto
136,10,1,AM,auto
136,13,2,AM,auto
136,15,1,AM,auto
136,21,4,AM,auto
136,22,3,AM,auto
136,23,2,AM,auto
136,24,2,AM,auto
136,25,3,AM,auto
136,26,1,AM,auto
136,30,7,AM,auto
136,31,2,AM,auto
136,32,13,AM,auto
136,34,1,AM,auto
136,35,6,AM,auto
136,36,2,AM,auto
136,38,2,AM,auto
136,39,9,AM,auto
136,40,16,AM,auto
136,41,1,AM,auto
136,42,9,AM,auto
136,43,1,AM,auto
136,44,7,AM,auto
136,46,1,AM,auto
136,47,3,AM,auto
136,48,4,AM,auto
136,49,5,AM,auto
136,50,1,AM,auto
136,52,2,AM,auto
136,56,6,AM,auto
136,57,3,AM,auto
136,58,8,AM,auto
136,59,1,AM,auto
136,60,3,AM,auto
136,61,8,AM,auto
136,64,4,AM,auto
136,66,1,AM,auto
136,67,17,AM,auto
136,68,5,AM,auto
136,69,1,AM,auto
136,73,4,AM,auto
136,75,2,AM,auto
136,76,2,AM,auto
136,77,4,AM,auto
136,78,3,AM,auto
136,79,11,AM,auto
136,80,1,AM,auto
136,81,1,AM,auto
136,84,1,AM,auto
136,85,3,AM,auto
136,86,14,AM,auto
136,87,34,AM,auto
136,88,1,AM,auto
136,89,4,AM,auto
136,90,1,AM,auto
136,91,2,AM,auto
136,95,5,AM,auto
136,96,20,AM,auto
136,97,8,AM,auto
136,99,8,AM,auto
136,105,3,AM,auto
136,106,1,AM,auto
136,107,2,AM,auto
136,108,1,AM,auto
136,109,1,AM,auto
136,110,1,AM,auto
136,114,2,AM,auto
136,115,5,AM,auto
136,117,1,AM,auto
136,120,5,AM,auto
136,121,7,AM,auto
136,123,13,AM,auto
136,125,7,AM,auto
136,129,2,AM,auto
136,130,1,AM,auto
136,132,2,AM,auto
136,137,2,AM,auto
136,138,2,AM,auto
136,139,5,AM,auto
136,140,1,AM,auto
137,3,1,AM,auto
137,4,2,AM,auto
137,7,1,AM,auto
137,8,3,AM,auto
137,10,3,AM,auto
137,12,1,AM,auto
137,15,2,AM,auto
137,21,1,AM,auto
137,24,1,AM,auto
137,25,6,AM,auto
137,26,4,AM,auto
137,28,1,AM,auto
137,30,4,AM,auto
137,31,1,AM,auto
137,32,3,AM,auto
137,33,2,AM,auto
137,35,7,AM,auto
137,36,2,AM,auto
137,37,1,AM,auto
137,38,3,AM,auto
137,39,11,AM,auto
137,40,8,AM,auto
137,41,4,AM,auto
137,42,6,AM,auto
137,43,1,AM,auto
137,44,5,AM,auto
137,46,1,AM,auto
137,47,1,AM,auto
137,49,3,AM,auto
137,56,3,AM,auto
137,57,3,AM,auto
137,60,3,AM,auto
137,61,4,AM,auto
137,63,1,AM,auto
137,64,1,AM,auto
137,65,1,AM,auto
137,66,1,AM,auto
137,67,15,AM,auto
137,68,4,AM,auto
137,74,3,AM,auto
137,75,3,AM,auto
137,76,1,AM,auto
137,77,2,AM,auto
137,78,3,AM,auto
137,79,18,AM,auto
137,81,1,AM,auto
137,83,1,AM,auto
137,86,6,AM,auto
137,87,25,AM,auto
137,89,5,AM,auto
137,90,2,AM,auto
137,91,1,AM,auto
137,95,2,AM,auto
137,96,13,AM,auto
137,97,3,AM,auto
137,99,5,AM,auto
137,100,1,AM,auto
137,102,4,AM,auto
137,107,3,AM,auto
137,112,2,AM,auto
137,114,2,AM,auto
137,115,2,AM,auto
137,120,6,AM,auto
137,121,7,AM,auto
137,123,14,AM,auto
137,124,2,AM,auto
137,125,5,AM,auto
137,126,2,AM,auto
137,128,1,AM,auto
137,129,4,AM,auto
137,130,1,AM,auto
137,131,2,AM,auto
137,132,2,AM,auto
137,139,2,AM,auto
137,140,1,AM,auto
138,3,5,AM,auto
138,4,1,AM,auto
138,7,5,AM,auto
138,8,2,AM,auto
138,9,1,AM,auto
138,10,3,AM,auto
138,15,8,AM,auto
138,20,1,AM,auto
138,21,7,AM,auto
138,22,12,AM,auto
138,23,5,AM,auto
138,24,1,AM,auto
138,25,7,AM,auto
138,26,6,AM,auto
138,28,4,AM,auto
138,30,2,AM,auto
138,31,3,AM,auto
138,32,18,AM,auto
138,34,3,AM,auto
138,35,6,AM,auto
138,36,4,AM,auto
138,37,1,AM,auto
138,38,9,AM,auto
138,39,28,AM,auto
138,40,32,AM,auto
138,41,1,AM,auto
138,42,9,AM,auto
138,43,8,AM,auto
138,44,19,AM,auto
138,45,5,AM,auto
138,46,1,AM,auto
138,47,4,AM,auto
138,48,4,AM,auto
138,49,7,AM,auto
138,50,1,AM,auto
138,51,2,AM,auto
138,52,1,AM,auto
138,53,4,AM,auto
138,56,2,AM,auto
138,57,2,AM,auto
138,58,13,AM,auto
138,59,4,AM,auto
138,60,3,AM,auto
138,61,10,AM,auto
138,63,5,AM,auto
138,64,1,AM,auto
138,65,7,AM,auto
138,66,1,AM,auto
138,67,26,AM,auto
138,68,4,AM,auto
138,71,1,AM,auto
138,72,2,AM,auto
138,73,1,AM,auto
138,75,2,AM,auto
138,77,2,AM,auto
138,78,1,AM,auto
138,79,16,AM,auto
138,80,2,AM,auto
138,81,1,AM,auto
138,82,2,AM,auto
138,83,1,AM,auto
138,85,3,AM,auto
138,86,8,AM,auto
138,87,42,AM,auto
138,88,4,AM,auto
138,89,3,AM,auto
138,90,4,AM,auto
138,91,2,AM,auto
138,93,3,AM,auto
138,94,1,AM,auto
138,95,7,AM,auto
138,96,36,AM,auto
138,97,17,AM,auto
138,98,1,AM,auto
138,99,10,AM,auto
138,100,4,AM,auto
138,102,3,AM,auto
138,103,1,AM,auto
138,105,3,AM,auto
138,108,2,AM,auto
138,110,4,AM,auto
138,111,1,AM,auto
138,114,1,AM,auto
138,115,1,AM,auto
138,116,4,AM,auto
138,118,1,AM,auto
138,120,3,AM,auto
138,121,6,AM,auto
138,123,20,AM,auto
138,124,3,AM,auto
138,125,8,AM,auto
138,126,3,AM,auto
138,128,3,AM,auto
138,129,5,AM,auto
138,130,2,AM,auto
138,131,5,AM,auto
138,132,1,AM,auto
138,134,3,AM,auto
138,135,1,AM,auto
138,139,1,AM,auto
139,1,1,AM,auto
139,3,11,AM,auto
139,4,3,AM,auto
139,6,2,AM,auto
139,7,7,AM,auto
139,8,1,AM,auto
139,9,3,AM,auto
139,10,2,AM,auto
139,13,8,AM,auto
139,15,4,AM,auto
139,20,6,AM,auto
139,21,3,AM,auto
139,22,3,AM,auto
139,23,6,AM,auto
139,24,2,AM,auto
139,25,16,AM,auto
139,26,15,AM,auto
139,28,1,AM,auto
139,30,5,AM,auto
139,31,5,AM,auto
139,32,37,AM,auto
139,33,16,AM,auto
139,35,17,AM,auto
139,36,18,AM,auto
139,37,2,AM,auto
139,38,21,AM,auto
139,39,40,AM,auto
139,40,28,AM,auto
139,41,2,AM,auto
139,42,22,AM,auto
139,43,3,AM,auto
139,44,9,AM,auto
139,45,1,AM,auto
139,46,4,AM,auto
139,47,2,AM,auto
139,48,11,AM,auto
139,49,4,AM,auto
139,51,3,AM,auto
139,54,2,AM,auto
139,56,11,AM,auto
139,57,9,AM,auto
139,58,19,AM,auto
139,59,1,AM,auto
139,60,16,AM,auto
139,61,12,AM,auto
139,63,1,AM,auto
139,64,11,AM,auto
139,65,8,AM,auto
139,66,10,AM,auto
139,67,98,AM,auto
139,68,16,AM,auto
139,70,1,AM,auto
139,71,5,AM,auto
139,72,3,AM,auto
139,73,1,AM,auto
139,74,3,AM,auto
139,75,4,AM,auto
139,76,8,AM,auto
139,77,8,AM,auto
139,78,16,AM,auto
139,79,68,AM,auto
139,80,4,AM,auto
139,81,1,AM,auto
139,84,3,AM,auto
139,85,2,AM,auto
139,86,28,AM,auto
139,87,118,AM,auto
139,88,2,AM,auto
139,89,7,AM,auto
139,90,14,AM,auto
139,91,5,AM,auto
139,93,1,AM,auto
139,95,6,AM,auto
139,96,70,AM,auto
139,97,30,AM,auto
139,99,14,AM,auto
139,100,5,AM,auto
139,102,4,AM,auto
139,104,5,AM,auto
139,105,8,AM,auto
139,106,1,AM,auto
139,107,9,AM,auto
139,108,1,AM,auto
139,110,4,AM,auto
139,111,1,AM,auto
139,112,1,AM,auto
139,113,2,AM,auto
139,115,3,AM,auto
139,116,1,AM,auto
139,117,1,AM,auto
139,118,1,AM,auto
139,120,16,AM,auto
139,121,27,AM,auto
139,122,1,AM,auto
139,123,31,AM,auto
139,125,6,AM,auto
139,126,2,AM,auto
139,128,1,AM,auto
139,129,13,AM,auto
139,130,2,AM,auto
139,131,4,AM,auto
139,132,4,AM,auto
139,136,1,AM,auto
139,137,3,AM,auto
139,138,4,AM,auto
139,140,2,AM,auto
139,141,4,AM,auto
140,1,2,AM,auto
140,3,8,AM,auto
140,4,2,AM,auto
140,6,2,AM,auto
140,7,6,AM,auto
140,8,2,AM,auto
140,10,5,AM,auto
140,14,1,AM,auto
140,15,1,AM,auto
140,16,1,AM,auto
140,19,1,AM,auto
140,20,2,AM,auto
140,22,3,AM,auto
140,23,1,AM,auto
140,24,1,AM,auto
140,25,13,AM,auto
140,26,23,AM,auto
140,28,1,AM,auto
140,29,1,AM,auto
140,30,11,AM,auto
140,31,7,AM,auto
140,32,22,AM,auto
140,33,16,AM,auto
140,35,11,AM,auto
140,36,6,AM,auto
140,37,3,AM,auto
140,38,16,AM,auto
140,39,16,AM,auto
140,40,18,AM,auto
140,41,3,AM,auto
140,42,7,AM,auto
140,43,11,AM,auto
140,45,3,AM,auto
140,47,2,AM,auto
140,48,2,AM,auto
140,49,3,AM,auto
140,51,1,AM,auto
140,52,4,AM,auto
140,56,3,AM,auto
140,57,8,AM,auto
140,58,16,AM,auto
140,60,13,AM,auto
140,61,9,AM,auto
140,62,1,AM,auto
140,63,3,AM,auto
140,64,5,AM,auto
140,65,6,AM,auto
140,66,7,AM,auto
140,67,83,AM,auto
140,68,12,AM,auto
140,69,2,AM,auto
140,70,2,AM,auto
140,72,2,AM,auto
140,74,4,AM,auto
140,75,9,AM,auto
140,76,1,AM,auto
140,77,7,AM,auto
140,78,7,AM,auto
140,79,26,AM,auto
140,80,2,AM,auto
140,83,3,AM,auto
140,84,1,AM,auto
140,85,3,AM,auto
140,86,8,AM,auto
140,87,55,AM,auto
140,88,2,AM,auto
140,89,1,AM,auto
140,90,8,AM,auto
140,93,4,AM,auto
140,95,1,AM,auto
140,96,36,AM,auto
140,97,23,AM,auto
140,98,3,AM,auto
140,99,10,AM,auto
140,102,5,AM,auto
140,103,1,AM,auto
140,104,2,AM,auto
140,105,3,AM,auto
140,108,3,AM,auto
140,110,2,AM,auto
140,112,6,AM,auto
140,115,1,AM,auto
140,116,13,AM,auto
140,118,1,AM,auto
140,120,9,AM,auto
140,121,4,AM,auto
140,122,1,AM,auto
140,123,23,AM,auto
140,125,3,AM,auto
140,126,2,AM,auto
140,129,5,AM,auto
140,131,4,AM,auto
140,132,1,AM,auto
140,138,1,AM,auto
140,139,5,AM,auto
141,1,2,AM,auto
141,2,1,AM,auto
141,3,6,AM,auto
141,7,2,AM,auto
141,8,2,AM,auto
141,9,2,AM,auto
141,10,2,AM,auto
141,12,1,AM,auto
141,13,6,AM,auto
141,15,3,AM,auto
141,18,1,AM,auto
141,19,1,AM,auto
141,20,8,AM,auto
141,21,3,AM,auto
141,23,1,AM,auto
141,24,2,AM,auto
141,25,19,AM,auto
141,26,6,AM,auto
141,27,2,AM,auto
141,30,10,AM,auto
141,31,3,AM,auto
141,32,22,AM,auto
141,33,8,AM,auto
141,34,1,AM,auto
141,35,6,AM,auto
141,36,6,AM,auto
141,37,2,AM,auto
141,38,9,AM,auto
141,39,23,AM,auto
141,40,19,AM,auto
141,42,19,AM,auto
141,43,1,AM,auto
141,44,5,AM,auto
141,45,5,AM,auto
141,47,2,AM,auto
141,49,9,AM,auto
141,50,2,AM,auto
141,51,1,AM,auto
141,53,1,AM,auto
141,54,2,AM,auto
141,56,2,AM,auto
141,57,13,AM,auto
141,58,15,AM,auto
141,59,2,AM,auto
141,60,4,AM,auto
141,61,6,AM,auto
141,64,1,AM,auto
141,65,4,AM,auto
141,66,2,AM,auto
141,67,37,AM,auto
141,68,7,AM,auto
141,70,1,AM,auto
141,72,2,AM,auto
141,73,2,AM,auto
141,74,3,AM,auto
141,75,5,AM,auto
141,76,7,AM,auto
141,77,5,AM,auto
141,78,10,AM,auto
141,79,28,AM,auto
141,80,4,AM,auto
141,81,2,AM,auto
141,82,2,AM,auto
141,85,2,AM,auto
141,86,16,AM,auto
141,87,89,AM,auto
141,88,3,AM,auto
141,89,2,AM,auto
141,90,11,AM,auto
141,91,2,AM,auto
141,95,6,AM,auto
141,96,54,AM,auto
141,97,23,AM,auto
141,98,4,AM,auto
141,99,5,AM,auto
141,100,7,AM,auto
141,102,3,AM,auto
141,105,8,AM,auto
141,107,13,AM,auto
141,108,2,AM,auto
141,109,4,AM,auto
141,110,3,AM,auto
141,111,3,AM,auto
141,112,1,AM,auto
141,114,5,AM,auto
141,115,2,AM,auto
141,120,18,AM,auto
141,121,15,AM,auto
141,122,3,AM,auto
141,123,10,AM,auto
141,125,3,AM,auto
141,126,3,AM,auto
141,129,10,AM,auto
141,130,1,AM,auto
141,131,4,AM,auto
141,132,2,AM,auto
141,136,2,AM,auto
141,139,11,AM,auto
141,140,10,AM,auto
