node_id,node_type,zone_id,x_coord,y_coord
1,centroid,1,-77.03433592261736,38.9228678149352
2,centroid,2,-77.05408278072566,38.97350417590416
3,centroid,3,-77.03784011803756,38.984546401005765
4,centroid,4,-77.07485444619454,38.909333940762224
5,centroid,5,-77.10750911313873,38.92798173257248
6,centroid,6,-77.04303821882453,38.91341227687934
7,centroid,7,-76.97068772294907,38.85258058647187
8,centroid,8,-77.03895376037566,38.9107868498236
9,centroid,9,-77.03538543189093,38.880537758656274
10,centroid,10,-76.99592766896887,38.88133536368966
11,centroid,11,-77.07666946899869,38.92955185387891
12,centroid,12,-77.07781437746294,38.92411450007507
13,centroid,13,-77.09086802935175,38.92443328172321
14,centroid,14,-77.08758851273933,38.91078007785234
15,centroid,15,-77.02990225067761,38.93385212462879
16,centroid,16,-77.01560985220944,38.9639746544305
17,centroid,17,-77.0040854358982,38.83587726551991
18,centroid,18,-77.01805158601803,38.86885040689046
19,centroid,19,-76.98044450209838,38.89652217348819
20,centroid,20,-76.99665498957496,38.89631404364673
21,centroid,21,-76.99309718642625,38.94094172281215
22,centroid,22,-76.99500421086195,38.94922031490093
23,centroid,23,-77.0391830929325,38.92163935878092
24,centroid,24,-77.00339292256069,38.88381958273963
25,centroid,25,-77.01772253401292,38.92149936478376
26,centroid,26,-77.02434366458583,38.92238677907779
27,centroid,27,-77.0296299534775,38.92368258477177
28,centroid,28,-77.04396237454236,38.92548178968003
29,centroid,29,-77.01610471858235,38.971790105954575
30,centroid,30,-77.06078828315765,38.90609760392472
31,centroid,31,-77.07566140065033,38.91756122320903
32,centroid,32,-77.02759420268644,38.91702231448404
33,centroid,33,-77.0696207543458,38.90620873445872
34,centroid,34,-77.06589988520142,38.923901786881096
35,centroid,35,-77.05172396175792,38.92659522157065
36,centroid,36,-77.03415325073537,38.91681135325753
37,centroid,37,-77.08846638729874,38.94896336879133
38,centroid,38,-77.0788896387143,38.93842966245712
39,centroid,39,-77.03973757673224,38.967077411398265
40,centroid,40,-77.04654372608965,38.92074382667401
41,centroid,41,-77.04374043704782,38.91810708277895
42,centroid,42,-77.05204880736714,38.9156609266747
43,centroid,43,-77.03884792362854,38.91621541134736
44,centroid,44,-77.07767560476742,38.95725095199557
45,centroid,45,-77.03043562186458,38.967102334292605
46,centroid,46,-77.02363412829895,38.96469417304867
47,centroid,47,-77.07052610754596,38.9462344604847
48,centroid,48,-77.05460201391467,38.9538438052176
49,centroid,49,-77.05612843185249,38.94117516391287
50,centroid,50,-77.07061146176522,38.965312509105445
51,centroid,51,-77.06309545207866,38.96061301862746
52,centroid,52,-77.05956475749308,38.928362593531006
53,centroid,53,-77.01146389563692,38.92042659357536
54,centroid,54,-77.01118899188627,38.91389562386461
55,centroid,55,-77.01360758580506,38.9008754024209
56,centroid,56,-76.95402330153271,38.92291012641431
57,centroid,57,-76.98123002065009,38.9102419932297
58,centroid,58,-76.9777134734976,38.904118967340814
59,centroid,59,-76.97485058607863,38.90094992641552
60,centroid,60,-76.98898284718967,38.9187489239267
61,centroid,61,-76.99893892857207,38.92878288732341
62,centroid,62,-77.02932165805043,38.90728260470901
63,centroid,63,-77.00553445883273,38.921981954996376
64,centroid,64,-76.99876903902341,38.92342092302208
65,centroid,65,-77.00088833724571,38.87513497575296
66,centroid,66,-77.02304973693528,38.840732143641866
67,centroid,67,-76.98517840088003,38.8408903107893
68,centroid,68,-77.01953430817535,38.91174795757091
69,centroid,69,-76.99691597973349,38.864548010390536
70,centroid,70,-76.97443515556783,38.848470794697946
71,centroid,71,-76.98202601666523,38.85032386268795
72,centroid,72,-76.98957480093739,38.855521206140864
73,centroid,73,-77.01889670689513,38.90622437006233
74,centroid,74,-76.98506062366937,38.85747489198534
75,centroid,75,-77.02447847249198,38.911337650821714
76,centroid,76,-77.02439550715998,38.90589464954186
77,centroid,77,-76.97432893437578,38.84529121273908
78,centroid,78,-77.02951789981485,38.91192676096357
79,centroid,79,-76.95829644412225,38.89340041080198
80,centroid,80,-76.969547586738,38.85664090311279
81,centroid,81,-77.01331774848506,38.90974527565149
82,centroid,82,-77.01364864493996,38.90414384659353
83,centroid,83,-77.03412551760421,38.9102105643108
84,centroid,84,-77.02500300452186,38.89788116010421
85,centroid,85,-77.01149836819756,38.86869756327783
86,centroid,86,-77.04925047958305,38.90763347860606
87,centroid,87,-77.01494869558158,38.89601285410176
88,centroid,88,-77.05386457166294,38.900215871813735
89,centroid,89,-77.02997133575946,38.928878549221466
90,centroid,90,-76.99830766809788,38.88771118862204
91,centroid,91,-76.98996198022282,38.88760603410764
92,centroid,92,-76.98011041380616,38.88775059143371
93,centroid,93,-76.98146021138857,38.883192585740304
94,centroid,94,-76.97128642174751,38.88787195149838
95,centroid,95,-76.98735318048321,38.88364353577746
96,centroid,96,-76.98712758079182,38.877138819704
97,centroid,97,-77.06649929143629,38.93630119337293
98,centroid,98,-76.99085559811961,38.92512024610707
99,centroid,99,-77.1005010678366,38.93811409741666
100,centroid,100,-77.03464927843584,38.929441465557
101,centroid,101,-77.02542452101302,38.93059765889793
102,centroid,102,-77.02117382744372,38.93227569061452
103,centroid,103,-76.99846064081326,38.82666313484963
104,centroid,104,-76.95533537102816,38.87535453809307
105,centroid,105,-77.03184752709443,38.90270221788034
106,centroid,106,-76.94455600562236,38.8717945149012
107,centroid,107,-76.99656004017547,38.830738937210086
108,centroid,108,-76.92119645569069,38.888295261506535
109,centroid,109,-76.93113839889,38.88516451455637
110,centroid,110,-77.00146512172577,38.91488332754272
111,centroid,111,-76.92505471679952,38.88433810054672
112,centroid,112,-76.93592149057157,38.8879191107303
113,centroid,113,-76.93881675959814,38.88277964889773
114,centroid,114,-77.02369676730481,38.882424051833496
115,centroid,115,-77.02718314528124,38.97617014958096
116,centroid,116,-77.03108428709847,38.9525086581174
117,centroid,117,-76.99951961866297,38.84896456873732
118,centroid,118,-76.98698357375923,38.86399429174333
119,centroid,119,-77.02413432250783,38.95592097108857
120,centroid,120,-76.97941122839222,38.86100974416765
121,centroid,121,-77.03592690108168,38.95934625884982
122,centroid,122,-77.01423815919836,38.95579326852886
123,centroid,123,-77.02329549958343,38.94914159063675
124,centroid,124,-77.0138644014157,38.94885184735046
125,centroid,125,-77.01657610597078,38.94259749987687
126,centroid,126,-77.01088051488611,38.933904456020905
127,centroid,127,-77.02240803350094,38.94179066729742
128,centroid,128,-77.03173710668597,38.94465931395424
129,centroid,129,-77.03014013152386,38.939060981048506
130,centroid,130,-77.04253246816238,38.94528277992039
131,centroid,131,-77.04166675463618,38.93446913024543
132,centroid,132,-76.98000014288544,38.87151818343986
133,centroid,133,-76.99108175656124,38.89861334674973
134,centroid,134,-76.95854847493732,38.85911711986992
135,centroid,135,-76.94753741981509,38.886204639586985
136,centroid,136,-76.96379830252185,38.866094846527695
137,centroid,137,-76.97525892741724,38.866051116466735
138,centroid,138,-76.93534423726847,38.87795365633141
139,centroid,139,-76.96160557727549,38.88554483452447
140,centroid,140,-76.99111946448387,38.90156078054108
141,centroid,141,-76.96788331905627,38.8773786793402
142,centroid,142,-76.94137949034487,38.8959906449316
143,centroid,143,-76.94790129347349,38.89183978622951
144,centroid,144,-76.93134673529234,38.895427219941055
145,centroid,145,-76.93269023067414,38.90561170582977
146,centroid,146,-77.04182018955203,38.93019533767426
147,centroid,147,-77.03451885977961,38.93495559129676
148,centroid,148,-76.98975516514534,38.8341019332146
149,centroid,149,-76.99638047122372,38.83384198723321
150,centroid,150,-76.92104995391524,38.89858054820244
151,centroid,151,-76.91943396987281,38.89277479039538
152,centroid,152,-77.00628039502078,38.91410642838843
153,centroid,153,-76.98665185665817,38.90394303206371
154,centroid,154,-76.99133704129167,38.91043961625729
155,centroid,155,-77.0133636513275,38.8818494718485
156,centroid,156,-76.99783754306775,38.83966897164142
157,centroid,157,-77.00333270092625,38.90331304493859
158,centroid,158,-77.01175535643134,38.82922154418904
159,centroid,159,-77.00458158420997,38.82720833737775
160,centroid,160,-77.0419831995807,38.90400682819332
161,centroid,161,-77.04461439767952,38.89736002568445
162,centroid,162,-76.99777331320418,38.958509121350026
163,centroid,163,-77.02489813071473,38.8116261902684
164,centroid,164,-76.9863932957913,38.93074167001654
165,centroid,165,-76.96650392871027,38.91612395615285
166,centroid,166,-76.93219763424094,38.90154820206983
167,centroid,167,-76.9743370691936,38.89639164784533
168,centroid,168,-76.98665678335756,38.89620171899764
169,centroid,169,-76.98276556497531,38.891545590372
170,centroid,170,-76.99253010466727,38.89320080748805
171,centroid,171,-77.00062509138326,38.89183807979414
172,centroid,172,-77.00080318462622,38.89704520229083
173,centroid,173,-76.97424150721626,38.93678444711556
174,centroid,174,-77.00520889404488,38.961919843802406
175,centroid,175,-77.00292915081918,38.941833285422334
176,centroid,176,-76.98452990482363,38.94345441293018
177,centroid,177,-76.99847040549434,38.95388162381001
178,centroid,178,-76.94444111160797,38.91020971908218
179,centroid,179,-76.9534310805514,38.901339098298976
180,intersection,,-76.9386616,38.8891714
183,intersection,,-77.0758516,38.9685065
184,intersection,,-77.0718,38.976634
185,intersection,,-77.0225246,38.9241857
186,intersection,,-77.0226144,38.9248058
187,intersection,,-77.022666,38.9251618
188,intersection,,-77.0229654,38.9272259
189,intersection,,-77.0230955,38.928123
190,intersection,,-77.0221181,38.9213273
191,intersection,,-77.0222592,38.9223481
192,intersection,,-77.112303,38.931042
193,intersection,,-77.1166872,38.9368603
194,intersection,,-77.0543612,38.9853132
195,intersection,,-77.059486,38.984703
197,intersection,,-77.0194708,38.9790867
198,intersection,,-77.0597343,38.9811057
199,intersection,,-77.0605523,38.9824461
200,intersection,,-77.0296469,38.9869339
201,intersection,,-77.0278599,38.9872718
202,intersection,,-77.015846,38.9762592
203,intersection,,-77.0158606,38.9760228
204,intersection,,-77.037599,38.963069
205,intersection,,-77.0389235,38.9631768
206,intersection,,-77.0344435,38.9622372
207,intersection,,-77.0363909,38.9630408
208,intersection,,-77.0766241,38.9667127
209,intersection,,-77.0767237,38.9673778
210,intersection,,-76.9936454,38.8568572
211,intersection,,-76.9932509,38.8579155
214,intersection,,-77.0496241,38.9021712
215,intersection,,-77.0492457,38.9023614
216,intersection,,-76.9382421,38.8724632
217,intersection,,-76.9387866,38.8719412
218,intersection,,-77.0249085,38.882629
219,intersection,,-77.0257949,38.882635
220,intersection,,-77.0238418,38.8829768
221,intersection,,-77.0235241,38.882508
222,intersection,,-77.0228573,38.8824455
223,intersection,,-76.9476993,38.899465
224,intersection,,-76.9490837,38.8981814
225,intersection,,-77.0319594,38.8766723
226,intersection,,-77.0332998,38.8776484
227,intersection,,-77.0429803,38.9089398
228,intersection,,-77.0438194,38.9103815
229,intersection,,-77.018826,38.928131
230,intersection,,-77.0193207,38.9283614
231,intersection,,-76.9793153,38.9073738
232,intersection,,-76.9788711,38.9072123
233,intersection,,-76.96931,38.861555
234,intersection,,-76.969373,38.861223
235,intersection,,-76.9819388,38.9007422
238,intersection,,-77.0058137,38.8832917
239,intersection,,-77.0053714,38.8836772
240,intersection,,-77.005892,38.883233
241,intersection,,-77.0072345,38.8811966
242,intersection,,-77.0100768,38.8822507
243,intersection,,-77.0460848,38.9169965
244,intersection,,-77.0464536,38.9168638
245,intersection,,-77.0467448,38.9167755
246,intersection,,-77.00589,38.883294
247,intersection,,-77.006361,38.883345
248,intersection,,-77.0258168,38.8829013
249,intersection,,-77.0261888,38.8829007
250,intersection,,-77.0219211,38.8828065
251,intersection,,-77.034885,38.936716
252,intersection,,-77.034196,38.93696
253,intersection,,-77.0407638,38.9170109
254,intersection,,-77.0408793,38.9172142
255,intersection,,-77.043076,38.960376
256,intersection,,-77.043587,38.960508
257,intersection,,-76.9549095,38.8960644
258,intersection,,-76.953367,38.8956807
259,intersection,,-77.0706457,38.9557619
260,intersection,,-77.0702023,38.9556682
261,intersection,,-77.0812725,38.9070491
262,intersection,,-77.0814454,38.9068848
263,intersection,,-77.0114787,38.8821584
264,intersection,,-77.0112023,38.8820399
265,intersection,,-76.997736,38.940329
266,intersection,,-76.999001,38.940734
267,intersection,,-76.9947651,38.8786053
268,intersection,,-76.9925914,38.8781214
269,intersection,,-76.9842461,38.8873384
270,intersection,,-76.9841424,38.8874078
271,intersection,,-77.001738,38.892017
272,intersection,,-77.0020381,38.892084
273,intersection,,-77.0068301,38.931198
274,intersection,,-77.0069718,38.9310458
275,intersection,,-76.9462177,38.9002511
276,intersection,,-76.9445568,38.9014703
277,intersection,,-77.0077248,38.9297891
278,intersection,,-77.0033583,38.930823
279,intersection,,-76.9615948,38.8895502
280,intersection,,-76.9584941,38.8896692
281,intersection,,-76.972248,38.8743227
282,intersection,,-76.9725645,38.8746381
285,intersection,,-77.0118867,38.8764034
286,intersection,,-77.0585119,38.9025151
287,intersection,,-77.0568186,38.9024163
288,intersection,,-77.0239621,38.8906314
289,intersection,,-77.0240203,38.8862708
290,intersection,,-77.0128491,38.8829276
291,intersection,,-77.0126688,38.8855295
292,intersection,,-77.0281861,38.8886709
294,intersection,,-77.0120905,38.930076
295,intersection,,-77.0120707,38.93082
297,intersection,,-77.0270348,38.9146253
301,intersection,,-77.025717,38.916425
304,intersection,,-76.9995132,38.8430653
306,intersection,,-76.9792284,38.9172533
307,intersection,,-76.9440429,38.9019486
308,intersection,,-76.944715,38.902338
309,intersection,,-77.0364355,38.9654258
310,intersection,,-77.0365131,38.9654247
311,intersection,,-77.0363237,38.9654249
312,intersection,,-76.969846,38.8739091
313,intersection,,-76.970762,38.873985
314,intersection,,-77.072023,38.927778
315,intersection,,-77.0720169,38.9276031
316,intersection,,-77.008054,38.932036
317,intersection,,-77.0097251,38.9313108
318,intersection,,-77.0063307,38.9330916
319,intersection,,-77.0042474,38.9314949
320,intersection,,-77.0060679,38.9336716
321,intersection,,-76.9315488,38.8897033
322,intersection,,-76.9295584,38.8892712
323,intersection,,-77.0502394,38.8870417
324,intersection,,-77.0503816,38.8866049
325,intersection,,-77.0115909,38.8935786
327,intersection,,-77.0312388,38.8829802
328,intersection,,-77.0256733,38.8823777
331,intersection,,-77.0802954,38.9630947
332,intersection,,-77.0803617,38.964959
333,intersection,,-77.0802981,38.9616759
334,intersection,,-76.9532021,38.8956544
335,intersection,,-76.9539476,38.8940121
336,intersection,,-76.9499261,38.9231512
337,intersection,,-76.9505509,38.9220517
338,intersection,,-77.0351034,38.8800442
341,intersection,,-77.0801481,38.9611641
342,intersection,,-77.0236317,38.8824877
343,intersection,,-76.9738453,38.8909541
344,intersection,,-76.9738413,38.890681
345,intersection,,-77.033421,38.9558864
347,intersection,,-77.0329501,38.9566026
348,intersection,,-77.0392277,38.8883301
349,intersection,,-77.0397579,38.8883181
352,intersection,,-77.0445373,38.961475
353,intersection,,-77.0454869,38.960546
354,intersection,,-77.0442945,38.9609969
355,intersection,,-77.0462961,38.9165696
356,intersection,,-77.0329147,38.8828836
357,intersection,,-77.0328007,38.8830831
358,intersection,,-77.0496565,38.8863853
359,intersection,,-77.0499834,38.8867117
360,intersection,,-77.049533,38.9096411
361,intersection,,-77.0507986,38.91061
362,intersection,,-77.0530461,38.8993468
363,intersection,,-77.0528363,38.8995777
364,intersection,,-77.0532177,38.8990921
365,intersection,,-76.9518001,38.8962459
366,intersection,,-76.951865,38.896079
367,intersection,,-77.0279866,38.8826908
368,intersection,,-77.0281815,38.8828025
369,intersection,,-76.996263,38.8632159
370,intersection,,-76.9962972,38.862935
371,intersection,,-77.0502096,38.8865005
372,intersection,,-76.9751409,38.8751327
373,intersection,,-76.9749592,38.8753239
375,intersection,,-77.0101503,38.907046
377,intersection,,-77.0085817,38.9074555
378,intersection,,-76.9705694,38.8887652
379,intersection,,-76.9707062,38.8909761
380,intersection,,-77.0379359,38.8869492
381,intersection,,-77.0380617,38.887811
382,intersection,,-77.0212573,38.8825563
383,intersection,,-77.0251162,38.8827569
384,intersection,,-77.0401893,38.9056478
385,intersection,,-77.0404765,38.9058069
386,intersection,,-77.0505747,38.909389
387,intersection,,-77.0517182,38.9093292
388,intersection,,-77.0513545,38.9090144
389,intersection,,-76.985376,38.910336
390,intersection,,-76.985482,38.910716
391,intersection,,-77.0457974,38.9146099
392,intersection,,-77.0461622,38.9147479
393,intersection,,-77.0278986,38.8904832
394,intersection,,-77.0276543,38.8920917
395,intersection,,-77.012182,38.8996581
396,intersection,,-77.0125476,38.8994072
397,intersection,,-77.0508053,38.933676
398,intersection,,-77.0501673,38.9340014
399,intersection,,-77.0412348,38.8875868
400,intersection,,-77.0410029,38.886944
401,intersection,,-76.9560667,38.8918446
402,intersection,,-76.9600076,38.8898452
403,intersection,,-77.0083681,38.8380013
404,intersection,,-77.0082001,38.8403467
405,intersection,,-76.9787106,38.9072203
406,intersection,,-76.9788311,38.9072734
407,intersection,,-77.0485797,38.8962365
408,intersection,,-77.0486557,38.8960168
409,intersection,,-77.0533298,38.8994043
410,intersection,,-76.9844921,38.8874383
411,intersection,,-76.9846153,38.8870174
412,intersection,,-77.0337815,38.955635
413,intersection,,-77.0334243,38.9557227
414,intersection,,-77.0085528,38.9575282
415,intersection,,-77.009048,38.957296
416,intersection,,-77.035463,38.9622284
417,intersection,,-77.0339201,38.9620561
418,intersection,,-77.0029816,38.887345
419,intersection,,-77.0024729,38.8873615
420,intersection,,-76.9982904,38.8626158
421,intersection,,-76.9981619,38.8624912
422,intersection,,-76.9981602,38.8622163
423,intersection,,-76.9455925,38.9009337
424,intersection,,-76.947479,38.899638
425,intersection,,-77.009204,38.945691
426,intersection,,-77.008882,38.946052
427,intersection,,-77.0081639,38.9460892
428,intersection,,-77.0490242,38.919269
430,intersection,,-77.0168645,38.8283851
431,intersection,,-77.0171696,38.8287927
432,intersection,,-77.0497091,38.9341771
433,intersection,,-77.0502025,38.9341058
434,intersection,,-77.0502305,38.9341026
435,intersection,,-77.0691524,38.9039044
436,intersection,,-77.0680229,38.9038307
437,intersection,,-77.0120231,38.8832021
438,intersection,,-77.012034,38.8838982
439,intersection,,-77.0088457,38.8328009
440,intersection,,-77.0083736,38.8328949
442,intersection,,-77.007729,38.942305
443,intersection,,-77.0334241,38.956506
444,intersection,,-77.038312,38.96272
445,intersection,,-77.03691,38.962521
446,intersection,,-77.0240243,38.8845807
447,intersection,,-77.0240556,38.8843396
448,intersection,,-77.0241675,38.8848436
449,intersection,,-77.024174,38.8843426
450,intersection,,-76.9312183,38.8764772
451,intersection,,-76.9312296,38.8763321
452,intersection,,-76.9313721,38.8757298
453,intersection,,-77.0073166,38.8450913
454,intersection,,-77.0071162,38.8449262
455,intersection,,-76.973822,38.8889271
457,intersection,,-77.0338994,38.875227
458,intersection,,-77.0296063,38.8786528
459,intersection,,-77.0521955,38.9337645
460,intersection,,-77.0521066,38.9335707
461,intersection,,-77.003202,38.940741
462,intersection,,-77.003308,38.94055
463,intersection,,-77.018941,38.928558
464,intersection,,-77.0194417,38.9288209
467,intersection,,-77.0270393,38.9111208
468,intersection,,-77.043519,38.960966
469,intersection,,-77.0429495,38.960305
470,intersection,,-76.9970766,38.9323717
471,intersection,,-76.9977336,38.9325234
472,intersection,,-77.0012925,38.9317702
473,intersection,,-77.0012569,38.9310863
474,intersection,,-77.0505929,38.9029296
475,intersection,,-77.0509825,38.9027168
476,intersection,,-76.9883139,38.8915821
477,intersection,,-76.9887481,38.8916084
478,intersection,,-77.0280921,38.882455
479,intersection,,-77.0297111,38.8815106
480,intersection,,-77.000559,38.931394
481,intersection,,-77.000567,38.930553
482,intersection,,-77.0093361,38.8818408
483,intersection,,-77.0101164,38.8821682
484,intersection,,-77.053107,38.950753
485,intersection,,-77.053595,38.950471
486,intersection,,-77.084897,38.912025
487,intersection,,-77.0845028,38.9123841
488,intersection,,-77.0852202,38.9128616
489,intersection,,-77.0855576,38.9126736
490,intersection,,-77.0070697,38.9313223
491,intersection,,-77.0069589,38.9314901
492,intersection,,-77.0065561,38.9319294
493,intersection,,-77.0064595,38.931365
494,intersection,,-77.0097269,38.9311606
495,intersection,,-77.008696,38.930516
496,intersection,,-77.0085343,38.9303139
497,intersection,,-77.0086111,38.9286107
498,intersection,,-77.0072696,38.930827
499,intersection,,-77.0072887,38.9311729
502,intersection,,-77.0304439,38.8807522
503,intersection,,-77.0269262,38.8827337
504,intersection,,-76.9729956,38.8507948
506,intersection,,-76.9719742,38.8504782
507,intersection,,-76.9715909,38.8497256
508,intersection,,-77.0772124,38.9672237
509,intersection,,-77.0270376,38.9041715
510,intersection,,-77.0276385,38.9041609
511,intersection,,-77.0322018,38.9059437
512,intersection,,-77.0345514,38.906684
513,intersection,,-77.0449203,38.8959561
514,intersection,,-77.0465234,38.8957414
515,intersection,,-76.971341,38.891593
516,intersection,,-76.9715209,38.8917085
517,intersection,,-76.9740714,38.889451
518,intersection,,-76.9738285,38.8891568
519,intersection,,-77.0136835,38.8944738
520,intersection,,-77.0136733,38.894792
521,intersection,,-76.950778,38.889651
522,intersection,,-76.950251,38.889061
523,intersection,,-77.0009729,38.8637553
524,intersection,,-77.0005818,38.8637469
525,intersection,,-77.0007666,38.8628659
526,intersection,,-76.9745182,38.87527
527,intersection,,-76.9743138,38.875392
532,intersection,,-77.0270342,38.8842796
533,intersection,,-77.0273155,38.884973
534,intersection,,-77.005789,38.8536449
535,intersection,,-77.0074758,38.8509606
538,intersection,,-77.0199033,38.883245
539,intersection,,-77.0215749,38.8827668
540,intersection,,-77.0268188,38.8834601
541,intersection,,-76.9736353,38.8754356
542,intersection,,-76.9741877,38.8751414
543,intersection,,-77.003804,38.94074
544,intersection,,-76.9530488,38.8945726
545,intersection,,-76.951948,38.895636
546,intersection,,-77.051421,38.9024153
547,intersection,,-77.050763,38.9023368
550,intersection,,-77.0504296,38.9126067
551,intersection,,-77.0505689,38.9124494
552,intersection,,-77.0098582,38.9557685
553,intersection,,-77.0090522,38.9562058
554,intersection,,-76.9565156,38.9194137
555,intersection,,-76.9572083,38.9202977
556,intersection,,-77.0099257,38.8383361
557,intersection,,-77.0109645,38.8366739
558,intersection,,-76.9566938,38.9206443
559,intersection,,-76.9577788,38.9202669
560,intersection,,-77.00351,38.895641
561,intersection,,-77.003828,38.895336
562,intersection,,-76.985274,38.8919184
563,intersection,,-76.9852109,38.8918912
565,intersection,,-76.9851335,38.8918757
566,intersection,,-77.0363899,38.9627561
567,intersection,,-77.0359133,38.9625297
568,intersection,,-77.027871,38.956914
570,intersection,,-77.0186525,38.8826547
571,intersection,,-77.0198352,38.8830131
572,intersection,,-77.0090695,38.8841658
573,intersection,,-77.0094678,38.8841691
574,intersection,,-76.993967,38.8587192
575,intersection,,-76.9937672,38.8574991
576,intersection,,-76.9848711,38.852803
577,intersection,,-76.9831824,38.8530859
579,intersection,,-76.9730046,38.853023
581,intersection,,-76.9528143,38.8898305
582,intersection,,-77.035352,38.940236
583,intersection,,-77.0353089,38.9402446
584,intersection,,-77.035064,38.94018
587,intersection,,-77.0158712,38.8284041
588,intersection,,-77.0150438,38.8305084
589,intersection,,-77.0132595,38.8336367
590,intersection,,-77.015371,38.8312357
591,intersection,,-76.985664,38.900823
592,intersection,,-76.985504,38.9005106
593,intersection,,-77.0426814,38.9226688
594,intersection,,-77.0429444,38.9231021
595,intersection,,-77.0434946,38.9279979
596,intersection,,-77.0435743,38.9283203
597,intersection,,-77.000575,38.8920175
598,intersection,,-77.000571,38.8898167
599,intersection,,-77.0005747,38.8930696
602,intersection,,-77.0022147,38.8238965
603,intersection,,-77.0466727,38.8921073
604,intersection,,-77.0466733,38.8932431
608,intersection,,-77.005905,38.8920216
609,intersection,,-77.0789348,38.9060436
610,intersection,,-77.0802228,38.9060494
611,intersection,,-77.1011355,38.9245516
612,intersection,,-77.0985645,38.919161
613,intersection,,-77.0981251,38.9181638
614,intersection,,-76.9786853,38.8478098
615,intersection,,-76.9758299,38.8505092
616,intersection,,-76.936975,38.873928
617,intersection,,-76.938576,38.87866
618,intersection,,-76.9995108,38.8930947
619,intersection,,-76.9990108,38.8930925
620,intersection,,-77.0000723,38.8930943
621,intersection,,-76.9995123,38.8940813
622,intersection,,-77.0000607,38.8940821
623,intersection,,-76.9987484,38.8940809
624,intersection,,-76.9830514,38.8933084
625,intersection,,-76.9836571,38.8934778
626,intersection,,-77.032868,38.949355
627,intersection,,-77.0332547,38.9497381
628,intersection,,-77.0319526,38.8900447
629,intersection,,-77.0319543,38.8904213
630,intersection,,-77.0327275,38.9297869
631,intersection,,-77.032723,38.9299958
632,intersection,,-77.0318943,38.9213
633,intersection,,-77.0321361,38.9236816
634,intersection,,-76.9897734,38.8892494
635,intersection,,-76.9889674,38.8882791
636,intersection,,-76.9529712,38.8663146
637,intersection,,-76.952879,38.866457
638,intersection,,-76.9915293,38.8784018
639,intersection,,-76.990248,38.8784074
640,intersection,,-77.0280707,38.8823858
641,intersection,,-77.0171606,38.9142513
642,intersection,,-77.0173487,38.9159124
643,intersection,,-77.017557,38.917353
644,intersection,,-77.017557,38.8893657
645,intersection,,-77.0175569,38.890048
646,intersection,,-77.016174,38.9056536
647,intersection,,-77.0161791,38.9052298
648,intersection,,-77.0663818,38.926183
649,intersection,,-77.0663868,38.9275309
650,intersection,,-77.0094093,38.8920903
651,intersection,,-77.0100375,38.8920866
652,intersection,,-76.952621,38.889301
654,intersection,,-76.929316,38.880674
655,intersection,,-76.926958,38.880954
656,intersection,,-76.970937,38.871523
657,intersection,,-76.9709393,38.8686631
658,intersection,,-76.969697,38.860747
659,intersection,,-76.9699797,38.85731
660,intersection,,-76.9881107,38.867332
661,intersection,,-76.9886287,38.8674337
662,intersection,,-77.003515,38.889808
664,intersection,,-77.0394724,38.8935512
665,intersection,,-77.041746,38.8935366
666,intersection,,-77.0449289,38.893516
669,intersection,,-77.0155641,38.8935871
670,intersection,,-77.0199209,38.8936041
671,intersection,,-77.0007416,38.8649419
672,intersection,,-77.0014253,38.8652374
673,intersection,,-76.9452819,38.8810017
674,intersection,,-76.941736,38.883262
675,intersection,,-77.015408,38.942164
676,intersection,,-77.0185913,38.9420704
677,intersection,,-77.0533494,38.9347748
678,intersection,,-77.0493433,38.8903055
679,intersection,,-77.048168,38.8917996
680,intersection,,-76.953684,38.858348
681,intersection,,-76.9502585,38.8610131
683,intersection,,-77.0888999,38.9205313
684,intersection,,-77.0891112,38.9210398
685,intersection,,-77.0812789,38.92608
686,intersection,,-77.0818173,38.9264763
687,intersection,,-77.0077297,38.8966184
688,intersection,,-77.0075158,38.8962548
689,intersection,,-77.0562565,38.9147987
690,intersection,,-77.0573214,38.9155904
693,intersection,,-76.9837505,38.8819907
694,intersection,,-76.9836619,38.8853616
695,intersection,,-77.006979,38.942014
696,intersection,,-77.005946,38.941314
698,intersection,,-77.0161917,38.8948132
699,intersection,,-76.9765625,38.8900278
700,intersection,,-76.976538,38.889588
701,intersection,,-76.9915272,38.889249
702,intersection,,-76.9889036,38.8892496
703,intersection,,-76.9741884,38.8901678
704,intersection,,-76.9758106,38.8901215
705,intersection,,-77.0090516,38.9568782
706,intersection,,-77.028749,38.9661404
707,intersection,,-77.0280018,38.9672235
708,intersection,,-77.0498853,38.9329843
709,intersection,,-77.0475811,38.9326073
710,intersection,,-77.0454044,38.9331937
711,intersection,,-77.0465196,38.93275
712,intersection,,-76.981576,38.8788348
713,intersection,,-76.9816819,38.8786585
714,intersection,,-76.9851959,38.8800925
715,intersection,,-76.9849674,38.8802312
716,intersection,,-76.9849905,38.8805732
717,intersection,,-76.9855092,38.8805719
718,intersection,,-76.9657049,38.854844
719,intersection,,-76.962804,38.8520273
720,intersection,,-76.9976501,38.8348813
721,intersection,,-76.9933687,38.836667
722,intersection,,-76.993203,38.8367129
723,intersection,,-77.058066,38.956712
724,intersection,,-77.057936,38.95673
725,intersection,,-77.0851204,38.9388412
726,intersection,,-77.0820151,38.9424746
727,intersection,,-77.0900787,38.9338496
728,intersection,,-77.0891536,38.9345439
729,intersection,,-77.0877093,38.9357769
730,intersection,,-77.022489,38.8984625
731,intersection,,-77.0229485,38.8984659
732,intersection,,-77.0466708,38.8983539
733,intersection,,-77.0475052,38.8983412
734,intersection,,-77.0486979,38.8983412
735,intersection,,-77.0488582,38.8983412
736,intersection,,-77.049603,38.8983542
737,intersection,,-77.0122351,38.8983083
738,intersection,,-77.0112186,38.8983556
739,intersection,,-77.0151722,38.8983354
740,intersection,,-77.0161824,38.8983318
741,intersection,,-77.0071789,38.9422386
742,intersection,,-76.9579523,38.8898968
743,intersection,,-76.9563752,38.8913811
744,intersection,,-77.0454798,38.9311941
745,intersection,,-77.0454096,38.9314605
746,intersection,,-77.0152003,38.8860439
747,intersection,,-77.0151931,38.8850661
748,intersection,,-77.0151814,38.883991
749,intersection,,-77.0152073,38.8894219
750,intersection,,-77.0152043,38.8888344
751,intersection,,-77.013889,38.926265
752,intersection,,-77.016749,38.927536
753,intersection,,-77.0428999,38.9102603
754,intersection,,-77.0431301,38.9102192
755,intersection,,-77.0428155,38.9103203
756,intersection,,-77.0269899,38.932757
757,intersection,,-77.0275666,38.932059
758,intersection,,-77.0268798,38.9329238
759,intersection,,-77.0448588,38.9081325
760,intersection,,-77.0450749,38.9079086
761,intersection,,-77.0523916,38.9001592
762,intersection,,-77.0529572,38.8995786
763,intersection,,-77.0518355,38.9007027
765,intersection,,-77.0243976,38.9362717
766,intersection,,-77.0184487,38.9442223
767,intersection,,-77.017302,38.9457634
768,intersection,,-77.0188604,38.9436694
769,intersection,,-77.0161888,38.8304703
770,intersection,,-77.0091397,38.8397759
771,intersection,,-77.0093865,38.839182
772,intersection,,-77.043615,38.941436
773,intersection,,-77.0457948,38.9427839
774,intersection,,-76.97967,38.898112
775,intersection,,-76.980106,38.896749
776,intersection,,-77.0086279,38.9474681
777,intersection,,-77.0086403,38.9476039
778,intersection,,-77.0480403,38.8953755
779,intersection,,-77.0474788,38.8955601
780,intersection,,-77.0474213,38.8956385
781,intersection,,-77.008741,38.8947954
782,intersection,,-77.0095137,38.8947922
784,intersection,,-77.0199135,38.8948017
785,intersection,,-77.0187528,38.8947842
786,intersection,,-77.0234979,38.9451501
787,intersection,,-77.026337,38.94506
788,intersection,,-77.0269712,38.9450608
789,intersection,,-77.0981828,38.9510493
790,intersection,,-77.0967903,38.9521281
791,intersection,,-76.9948893,38.8291923
792,intersection,,-76.99275,38.830909
793,intersection,,-77.035309,38.9233755
794,intersection,,-77.0389963,38.9231646
795,intersection,,-77.0364827,38.9232592
796,intersection,,-77.0255022,38.9239112
797,intersection,,-76.9485842,38.8948474
798,intersection,,-76.948698,38.8949297
799,intersection,,-76.95883,38.8967722
800,intersection,,-76.9602946,38.8969932
801,intersection,,-76.9607507,38.8970516
803,intersection,,-76.980786,38.8997429
804,intersection,,-77.0102393,38.8942628
805,intersection,,-77.0106543,38.8939616
806,intersection,,-77.070514,38.922546
807,intersection,,-77.0694935,38.9235725
808,intersection,,-77.0384787,38.9181124
809,intersection,,-77.0384834,38.9170133
810,intersection,,-77.0384808,38.9185301
811,intersection,,-77.0394769,38.8921049
812,intersection,,-77.0394778,38.8923483
813,intersection,,-76.987558,38.911067
814,intersection,,-76.986288,38.910648
815,intersection,,-76.9923004,38.912078
816,intersection,,-76.9921457,38.9121045
817,intersection,,-76.9914067,38.9122324
818,intersection,,-76.982214,38.909
819,intersection,,-76.984992,38.9102
820,intersection,,-76.9855001,38.8898107
822,intersection,,-77.0381182,38.9287647
823,intersection,,-77.037351,38.928733
824,intersection,,-77.0219157,38.8896287
825,intersection,,-77.0219126,38.8899486
826,intersection,,-77.021915,38.8905438
827,intersection,,-77.0219161,38.8915281
828,intersection,,-77.0270369,38.9136788
829,intersection,,-77.0270367,38.9138027
830,intersection,,-77.000759,38.836291
831,intersection,,-77.0007652,38.8358118
832,intersection,,-77.000572,38.841879
833,intersection,,-77.0005735,38.8342242
835,intersection,,-76.9838032,38.900192
836,intersection,,-77.064167,38.940573
838,intersection,,-77.0517088,38.9397653
839,intersection,,-77.052401,38.9404507
840,intersection,,-77.0090032,38.9111164
841,intersection,,-77.008743,38.911857
842,intersection,,-77.0376706,38.9068586
843,intersection,,-77.0381962,38.9066753
844,intersection,,-77.0142753,38.9150493
845,intersection,,-77.0157395,38.9145531
846,intersection,,-77.0178953,38.9140915
851,intersection,,-76.989169,38.947303
852,intersection,,-76.989257,38.952409
853,intersection,,-77.0053852,38.9092065
854,intersection,,-77.00449,38.9121792
857,intersection,,-77.0175797,38.8763969
858,intersection,,-77.0176054,38.8764644
859,intersection,,-77.0175576,38.8891609
860,intersection,,-77.0175751,38.8871252
861,intersection,,-77.0175564,38.886165
862,intersection,,-77.0136693,38.9002315
863,intersection,,-77.0144466,38.900251
864,intersection,,-77.0434674,38.9002133
865,intersection,,-77.0425988,38.9002195
866,intersection,,-77.0080142,38.8965192
867,intersection,,-77.0090627,38.8961542
868,intersection,,-76.9343489,38.912317
869,intersection,,-76.936666,38.9096958
870,intersection,,-76.9343046,38.9123666
871,intersection,,-77.0311702,38.883067
872,intersection,,-77.031495,38.8832201
873,intersection,,-76.950307,38.8974113
874,intersection,,-77.0442238,38.9097528
875,intersection,,-77.0446206,38.9096505
877,intersection,,-77.0365235,38.9096528
879,intersection,,-77.0309054,38.9096674
880,intersection,,-77.0319521,38.9096641
883,intersection,,-77.067653,38.940455
884,intersection,,-77.0671192,38.940658
885,intersection,,-76.9977509,38.8792733
886,intersection,,-76.9963941,38.878847
887,intersection,,-77.0417107,38.8959887
888,intersection,,-77.0434683,38.8959891
889,intersection,,-77.0434713,38.8954084
890,intersection,,-77.0422256,38.8954036
891,intersection,,-77.0449248,38.8954395
892,intersection,,-77.0291768,38.8961425
893,intersection,,-77.0296145,38.8961361
894,intersection,,-76.9961731,38.9323715
895,intersection,,-76.923494,38.88651
896,intersection,,-76.92555,38.887474
897,intersection,,-77.0495685,38.9433573
898,intersection,,-77.0429044,38.9451409
899,intersection,,-77.0402925,38.9473625
900,intersection,,-77.0496399,38.9433662
901,intersection,,-76.9717596,38.9382256
902,intersection,,-76.9679631,38.9377889
903,intersection,,-77.0219151,38.9029575
904,intersection,,-77.0239696,38.9029574
905,intersection,,-77.017044,38.9298001
906,intersection,,-77.0175655,38.9293291
907,intersection,,-77.0194565,38.9280503
908,intersection,,-77.0198765,38.9280217
909,intersection,,-77.0193169,38.9280602
910,intersection,,-76.9416158,38.9015491
911,intersection,,-76.9416931,38.9016086
912,intersection,,-77.00768,38.915562
913,intersection,,-77.00509,38.915564
914,intersection,,-76.9881444,38.8906982
915,intersection,,-76.9883015,38.8906327
916,intersection,,-76.9879255,38.8907719
917,intersection,,-76.986187,38.8990076
918,intersection,,-76.9855028,38.899288
919,intersection,,-76.9627229,38.9234661
921,intersection,,-77.009046,38.954815
922,intersection,,-77.0086121,38.9548755
923,intersection,,-77.0788854,38.9464996
924,intersection,,-77.079101,38.9462886
925,intersection,,-77.0784107,38.9464695
926,intersection,,-77.0783859,38.9467605
927,intersection,,-77.0786336,38.9460493
928,intersection,,-77.0784128,38.9462904
929,intersection,,-76.9941472,38.8432471
930,intersection,,-76.9940182,38.842539
931,intersection,,-77.0239296,38.8812792
932,intersection,,-77.0223529,38.8812846
933,intersection,,-77.0241229,38.8813408
934,intersection,,-77.02589,38.9352513
935,intersection,,-77.0272,38.935619
936,intersection,,-76.996176,38.8837664
937,intersection,,-76.994976,38.8837552
938,intersection,,-77.009061,38.8850617
939,intersection,,-77.007256,38.885068
940,intersection,,-77.0035191,38.8842832
941,intersection,,-77.0020433,38.8842808
942,intersection,,-76.9937644,38.8846064
943,intersection,,-76.9949653,38.8846057
944,intersection,,-77.0336879,38.8874509
945,intersection,,-77.033694,38.884871
946,intersection,,-76.956104,38.924777
947,intersection,,-77.018929,38.9008659
948,intersection,,-77.018414,38.9008549
949,intersection,,-77.0276042,38.9008442
950,intersection,,-77.0270336,38.9008528
951,intersection,,-77.0466537,38.9006965
952,intersection,,-77.0452954,38.9008477
953,intersection,,-77.026684,38.9013636
954,intersection,,-77.0270365,38.9013537
955,intersection,,-76.953074,38.8897131
956,intersection,,-76.9529273,38.8899073
958,intersection,,-77.003509,38.897337
959,intersection,,-77.000573,38.8973439
960,intersection,,-76.9984534,38.8973419
961,intersection,,-77.00351,38.895207
962,intersection,,-77.0081469,38.8971737
963,intersection,,-77.0090497,38.89752
965,intersection,,-76.9980229,38.8929762
966,intersection,,-76.9327853,38.8897048
967,intersection,,-76.9327933,38.8898297
968,intersection,,-76.9329079,38.8926188
969,intersection,,-76.980761,38.8898054
970,intersection,,-76.9807595,38.8875967
971,intersection,,-76.9807607,38.8859529
972,intersection,,-76.9742111,38.853025
973,intersection,,-76.9762505,38.853765
974,intersection,,-77.003666,38.944466
975,intersection,,-77.004852,38.945686
976,intersection,,-77.0282589,38.8849858
977,intersection,,-77.0317976,38.8849798
979,intersection,,-77.0090951,38.9113304
980,intersection,,-77.0098235,38.9111299
981,intersection,,-77.0451528,38.8945939
982,intersection,,-77.033721,38.937345
983,intersection,,-77.0102892,38.9551916
984,intersection,,-77.0106875,38.9553182
985,intersection,,-76.9915325,38.8851035
986,intersection,,-76.9915339,38.8829013
987,intersection,,-76.9915289,38.8860438
988,intersection,,-76.9915316,38.8875996
989,intersection,,-76.9953815,38.9097664
990,intersection,,-76.9924678,38.911229
991,intersection,,-77.0661815,38.9127735
992,intersection,,-77.0678925,38.9127185
993,intersection,,-77.0692455,38.9126839
994,intersection,,-77.1066657,38.926335
995,intersection,,-77.1071277,38.9248087
996,intersection,,-77.0246879,38.9031363
997,intersection,,-77.0258202,38.9035296
998,intersection,,-77.0376562,38.907639
999,intersection,,-77.0378292,38.9076999
1000,intersection,,-77.0429936,38.910055
1001,intersection,,-77.0435611,38.9101751
1002,intersection,,-77.042673,38.9094931
1003,intersection,,-77.043872,38.9100708
1004,intersection,,-77.0441247,38.90997
1005,intersection,,-77.0513171,38.9126404
1006,intersection,,-77.0510478,38.9122231
1007,intersection,,-77.0219121,38.9021051
1008,intersection,,-77.0199058,38.9014723
1009,intersection,,-77.039482,38.8898402
1010,intersection,,-77.0394822,38.8899071
1011,intersection,,-77.0394797,38.888926
1012,intersection,,-77.0403099,38.8879295
1013,intersection,,-76.993827,38.861455
1014,intersection,,-76.993275,38.858415
1015,intersection,,-77.0651689,38.958498
1016,intersection,,-77.066037,38.958618
1017,intersection,,-77.077009,38.931412
1018,intersection,,-77.0772347,38.9311353
1019,intersection,,-77.078679,38.929386
1020,intersection,,-77.0219151,38.889332
1021,intersection,,-77.021917,38.8887487
1022,intersection,,-77.0219189,38.8880143
1023,intersection,,-77.009057,38.959646
1024,intersection,,-77.0104163,38.96203
1025,intersection,,-77.0127546,38.966137
1026,intersection,,-77.0149687,38.9699394
1027,intersection,,-76.961288,38.8776016
1028,intersection,,-76.9609685,38.877759
1029,intersection,,-76.961542,38.8775874
1030,intersection,,-76.9619758,38.8777905
1031,intersection,,-76.9620164,38.8778284
1032,intersection,,-76.950089,38.88991
1035,intersection,,-76.9571004,38.862412
1036,intersection,,-76.9562159,38.8626618
1038,intersection,,-77.033408,38.977606
1039,intersection,,-77.0279504,38.9827903
1040,intersection,,-76.9999324,38.9411002
1042,intersection,,-77.0136412,38.88654
1043,intersection,,-77.0434758,38.8934955
1044,intersection,,-77.0434745,38.8932071
1045,intersection,,-77.0221912,38.9478249
1046,intersection,,-77.0222368,38.9468523
1047,intersection,,-77.0239542,38.9170044
1048,intersection,,-77.0243495,38.9170064
1050,intersection,,-77.0080513,38.8832266
1051,intersection,,-77.004371,38.9126
1052,intersection,,-77.006548,38.912594
1053,intersection,,-77.0104298,38.9626765
1054,intersection,,-77.0091719,38.9643525
1055,intersection,,-77.0239648,38.8920842
1056,intersection,,-77.0523192,38.8899922
1057,intersection,,-77.0526436,38.8900936
1058,intersection,,-77.051472,38.9207467
1059,intersection,,-77.0520547,38.9202239
1060,intersection,,-77.0296453,38.8953783
1061,intersection,,-77.0296234,38.8955186
1062,intersection,,-77.0296232,38.9126096
1063,intersection,,-77.0296229,38.9111401
1064,intersection,,-77.0296238,38.9105676
1065,intersection,,-77.0364518,38.9382222
1066,intersection,,-77.0467081,38.9353568
1069,intersection,,-77.039591,38.962177
1070,intersection,,-77.073106,38.929024
1071,intersection,,-77.073736,38.929026
1072,intersection,,-77.0511708,38.9216381
1073,intersection,,-77.0507204,38.9220916
1075,intersection,,-77.0136889,38.8832733
1076,intersection,,-77.0151895,38.8832458
1078,intersection,,-77.0121586,38.9126036
1080,intersection,,-76.974162,38.892386
1083,intersection,,-77.02971,38.936836
1084,intersection,,-77.0297926,38.9367224
1086,intersection,,-76.9263189,38.8964893
1087,intersection,,-77.018032,38.973606
1088,intersection,,-77.0185682,38.9736081
1089,intersection,,-77.0169565,38.8300284
1091,intersection,,-77.0167892,38.8298724
1092,intersection,,-77.038522,38.9013327
1093,intersection,,-77.0379737,38.9002232
1095,intersection,,-77.0393936,38.9028154
1096,intersection,,-76.9801937,38.9407158
1097,intersection,,-76.9814187,38.9407278
1098,intersection,,-76.9783163,38.940758
1099,intersection,,-77.0124335,38.8286624
1100,intersection,,-77.0125895,38.8286658
1101,intersection,,-77.0076787,38.8292059
1102,intersection,,-77.0078331,38.8292016
1103,intersection,,-77.0185453,38.9431431
1104,intersection,,-77.0187282,38.9434897
1105,intersection,,-77.0020437,38.8850815
1106,intersection,,-77.0005701,38.8856128
1107,intersection,,-77.005888,38.883482
1108,intersection,,-77.0370209,38.926204
1110,intersection,,-77.0364735,38.9271742
1111,intersection,,-77.0367161,38.9271205
1112,intersection,,-77.0364721,38.92588
1113,intersection,,-77.044329,38.926842
1114,intersection,,-77.04358,38.927755
1115,intersection,,-77.018932,38.8950301
1116,intersection,,-77.0189294,38.8961376
1118,intersection,,-77.018347,38.922735
1119,intersection,,-77.0204582,38.9272891
1120,intersection,,-77.0192786,38.9437518
1121,intersection,,-77.0195934,38.9504041
1122,intersection,,-77.0191992,38.942054
1123,intersection,,-77.019097,38.939912
1124,intersection,,-77.0497836,38.9030028
1125,intersection,,-77.050213,38.9030713
1126,intersection,,-76.9777021,38.9164256
1127,intersection,,-76.9754919,38.9143259
1128,intersection,,-76.9853138,38.9242385
1129,intersection,,-76.979006,38.919894
1130,intersection,,-77.1117657,38.9303303
1131,intersection,,-77.1119065,38.9303143
1132,intersection,,-77.0035364,38.87928
1133,intersection,,-77.0020427,38.8792855
1134,intersection,,-76.988084,38.879277
1135,intersection,,-76.991533,38.879278
1136,intersection,,-77.0533028,38.9036569
1137,intersection,,-77.053442,38.9037057
1138,intersection,,-77.0538942,38.9038628
1139,intersection,,-76.93585,38.873332
1140,intersection,,-76.9356899,38.8733799
1141,intersection,,-76.938226,38.872222
1142,intersection,,-76.9359909,38.8732829
1145,intersection,,-76.982226,38.867737
1146,intersection,,-76.982673,38.867516
1147,intersection,,-76.9807884,38.868461
1148,intersection,,-76.976198,38.8707416
1149,intersection,,-77.0330001,38.8888613
1150,intersection,,-77.0322686,38.8886663
1151,intersection,,-77.0707111,38.9005684
1152,intersection,,-77.0693577,38.9034613
1153,intersection,,-77.0084195,38.8336298
1154,intersection,,-76.9606212,38.8777588
1155,intersection,,-76.9486776,38.8728908
1156,intersection,,-77.02801,38.961262
1157,intersection,,-77.0285524,38.961388
1158,intersection,,-76.978048,38.946179
1159,intersection,,-76.982864,38.949931
1160,intersection,,-77.090615,38.9424434
1161,intersection,,-77.0906162,38.9431711
1162,intersection,,-76.987199,38.8573
1163,intersection,,-76.9952087,38.8593069
1164,intersection,,-76.9613755,38.8773589
1165,intersection,,-76.961037,38.874604
1166,intersection,,-76.999286,38.8228372
1167,intersection,,-76.9982849,38.8236143
1168,intersection,,-77.0162904,38.9750154
1171,intersection,,-77.0365265,38.9562165
1172,intersection,,-77.0410613,38.9606714
1173,intersection,,-76.9984548,38.8898152
1174,intersection,,-76.9984557,38.8920146
1176,intersection,,-77.005885,38.905641
1177,intersection,,-77.0661,38.975528
1178,intersection,,-77.0660139,38.976183
1179,intersection,,-77.0010632,38.9313282
1180,intersection,,-77.001244,38.9316
1181,intersection,,-76.9772532,38.8845265
1182,intersection,,-76.9772505,38.8875934
1183,intersection,,-76.9772535,38.8836937
1184,intersection,,-76.9909141,38.8323459
1185,intersection,,-76.9894769,38.8334694
1186,intersection,,-76.9974349,38.8257843
1187,intersection,,-77.0173623,38.9126049
1188,intersection,,-77.0176577,38.9134212
1189,intersection,,-77.016293,38.909638
1190,intersection,,-77.0168318,38.9111358
1191,intersection,,-77.0059284,38.8898126
1192,intersection,,-77.0059277,38.8910629
1193,intersection,,-77.0064895,38.9007897
1194,intersection,,-77.005887,38.9025166
1197,intersection,,-77.033644,38.8913166
1198,intersection,,-77.033031,38.89013
1199,intersection,,-77.0723639,38.9225435
1200,intersection,,-77.0436696,38.9232445
1201,intersection,,-77.0441823,38.923246
1202,intersection,,-77.0265963,38.9838295
1205,intersection,,-77.0403375,38.9857035
1206,intersection,,-77.040528,38.985714
1207,intersection,,-76.9883109,38.8379052
1208,intersection,,-76.985689,38.8346533
1209,intersection,,-76.9984578,38.8832594
1210,intersection,,-77.0005716,38.8832288
1211,intersection,,-77.0133869,38.9057722
1212,intersection,,-77.0121692,38.9056512
1213,intersection,,-77.010268,38.90565
1214,intersection,,-77.0141188,38.9056618
1215,intersection,,-77.0149082,38.9056661
1216,intersection,,-77.0223485,38.9793935
1217,intersection,,-77.0264512,38.9793944
1218,intersection,,-77.010926,38.944613
1220,intersection,,-76.9960092,38.8630341
1221,intersection,,-76.9967187,38.8627716
1222,intersection,,-77.0189062,38.8823569
1223,intersection,,-77.0177751,38.8823684
1224,intersection,,-77.0240242,38.8858437
1225,intersection,,-76.998458,38.8876035
1226,intersection,,-76.9961764,38.8876018
1227,intersection,,-77.0005676,38.8876046
1228,intersection,,-77.0020387,38.8876032
1229,intersection,,-77.0198934,38.9723461
1230,intersection,,-77.0230592,38.9723461
1231,intersection,,-77.014216,38.972327
1232,intersection,,-77.0154578,38.9723362
1233,intersection,,-77.0234482,38.9498378
1234,intersection,,-77.016459,38.938693
1235,intersection,,-77.0166026,38.9389205
1236,intersection,,-77.0195934,38.943695
1237,intersection,,-77.021575,38.9468336
1239,intersection,,-77.1061073,38.9361877
1240,intersection,,-76.975053,38.893928
1241,intersection,,-76.969505,38.897632
1242,intersection,,-77.082037,38.949988
1243,intersection,,-77.083526,38.9510554
1244,intersection,,-76.9739331,38.8903592
1245,intersection,,-76.9769053,38.8758081
1246,intersection,,-76.9764972,38.8750722
1247,intersection,,-77.0334191,38.9661414
1250,intersection,,-77.0296829,38.9661406
1251,intersection,,-77.0198991,38.9661386
1252,intersection,,-77.027603,38.9661401
1253,intersection,,-77.0518906,38.8878785
1254,intersection,,-77.0515451,38.8875517
1255,intersection,,-77.0347115,38.8876079
1256,intersection,,-77.0371316,38.8877442
1257,intersection,,-77.0377128,38.8877213
1258,intersection,,-77.026086,38.927834
1259,intersection,,-77.0272737,38.9277331
1260,intersection,,-76.9643388,38.87091
1261,intersection,,-76.9634931,38.870571
1262,intersection,,-76.9629515,38.8972295
1267,intersection,,-77.0327185,38.9302195
1268,intersection,,-77.0324083,38.9303945
1269,intersection,,-77.0336331,38.9305675
1270,intersection,,-77.0392808,38.9326189
1271,intersection,,-77.0412957,38.9323573
1272,intersection,,-77.0441919,38.9327282
1274,intersection,,-76.956427,38.9187
1275,intersection,,-76.9897331,38.9226535
1276,intersection,,-76.9900386,38.9230039
1277,intersection,,-76.9901565,38.9230894
1278,intersection,,-76.973987,38.943011
1279,intersection,,-77.0058386,38.9025166
1280,intersection,,-77.0056851,38.9025167
1281,intersection,,-77.0051764,38.902517
1282,intersection,,-77.093308,38.9326054
1283,intersection,,-77.097092,38.932549
1284,intersection,,-77.0351116,38.9002313
1285,intersection,,-77.034593,38.901338
1288,intersection,,-77.058224,38.9569284
1289,intersection,,-77.0630056,38.9579941
1290,intersection,,-77.0499854,38.9443291
1291,intersection,,-77.0501655,38.9445224
1292,intersection,,-77.0489327,38.9105876
1293,intersection,,-77.0493381,38.9096402
1294,intersection,,-77.0501531,38.8921086
1295,intersection,,-77.0502165,38.8914398
1296,intersection,,-77.0506614,38.9111017
1297,intersection,,-77.0506598,38.9117335
1298,intersection,,-77.0728686,38.9165152
1299,intersection,,-77.0729723,38.9192401
1300,intersection,,-77.0240348,38.9025318
1301,intersection,,-77.025444,38.9025333
1302,intersection,,-77.0240102,38.9021092
1303,intersection,,-77.0239136,38.9021096
1304,intersection,,-77.0098106,38.9025156
1305,intersection,,-77.011235,38.902518
1306,intersection,,-77.0074962,38.8313784
1307,intersection,,-77.007446,38.8315473
1308,intersection,,-77.007771,38.953452
1309,intersection,,-77.0073536,38.9548915
1310,intersection,,-77.056221,38.963747
1311,intersection,,-77.05751,38.964737
1312,intersection,,-77.0535334,38.8993376
1313,intersection,,-77.0536344,38.8993298
1314,intersection,,-77.042661,38.986306
1315,intersection,,-77.04356,38.987942
1316,intersection,,-76.973773,38.9396515
1317,intersection,,-77.0415462,38.8925629
1318,intersection,,-77.0417329,38.8926666
1319,intersection,,-77.0407039,38.8921072
1320,intersection,,-76.968952,38.925885
1321,intersection,,-76.9673001,38.9271828
1323,intersection,,-77.01473,38.9565931
1324,intersection,,-77.0136545,38.9566036
1325,intersection,,-77.0142155,38.9565368
1326,intersection,,-77.0090474,38.956587
1327,intersection,,-77.0093,38.9565868
1328,intersection,,-77.0240341,38.9177733
1331,intersection,,-77.0404023,38.9178212
1332,intersection,,-77.0401629,38.9180652
1333,intersection,,-77.0370316,38.9189748
1334,intersection,,-77.0395483,38.9182342
1335,intersection,,-77.0156626,38.9311146
1336,intersection,,-77.0182811,38.9305748
1337,intersection,,-76.9807825,38.8961159
1338,intersection,,-76.9604897,38.8889239
1339,intersection,,-76.961939,38.887567
1340,intersection,,-76.9624559,38.8864852
1341,intersection,,-77.0426624,38.9097683
1342,intersection,,-77.0428537,38.9100585
1343,intersection,,-77.034836,38.940834
1344,intersection,,-77.0344082,38.9413292
1345,intersection,,-77.0364841,38.9227325
1346,intersection,,-77.038889,38.921351
1347,intersection,,-77.0416781,38.9196776
1348,intersection,,-77.0443996,38.9196637
1349,intersection,,-77.0059298,38.887941
1350,intersection,,-77.005892,38.8792904
1351,intersection,,-77.0058941,38.878413
1352,intersection,,-76.9485668,38.8897347
1353,intersection,,-76.9482871,38.8897336
1354,intersection,,-76.9883162,38.8901342
1355,intersection,,-76.988431,38.8903417
1356,intersection,,-76.9889129,38.890369
1357,intersection,,-76.9738299,38.8902128
1358,intersection,,-77.036665,38.9269161
1359,intersection,,-77.0366344,38.9267325
1362,intersection,,-76.9836461,38.8810969
1363,intersection,,-76.9834843,38.8811608
1364,intersection,,-76.9883157,38.879188
1366,intersection,,-77.0073209,38.8714018
1368,intersection,,-77.0597562,38.8861471
1370,intersection,,-77.067092,38.939374
1371,intersection,,-77.0674231,38.9398489
1372,intersection,,-77.072735,38.9546932
1373,intersection,,-77.0755476,38.9576969
1374,intersection,,-77.0199119,38.886887
1375,intersection,,-77.0199125,38.8860465
1376,intersection,,-77.0199096,38.8850455
1377,intersection,,-77.019906,38.8812867
1378,intersection,,-77.0199015,38.8792915
1379,intersection,,-76.949581,38.8893216
1380,intersection,,-76.978994,38.920228
1381,intersection,,-77.026096,38.8875748
1382,intersection,,-77.0260936,38.8871856
1383,intersection,,-77.0257789,38.8815096
1384,intersection,,-77.02443,38.8808481
1385,intersection,,-77.0256268,38.881871
1386,intersection,,-77.0258499,38.8820503
1387,intersection,,-77.0261114,38.882045
1388,intersection,,-77.0258661,38.9015791
1389,intersection,,-76.9762399,38.917322
1390,intersection,,-76.9771451,38.9173039
1391,intersection,,-76.9772076,38.9173025
1392,intersection,,-76.9754164,38.9173393
1393,intersection,,-76.9732754,38.9174277
1394,intersection,,-76.9744495,38.9173654
1395,intersection,,-77.0394639,38.8969245
1396,intersection,,-77.0396545,38.896567
1397,intersection,,-76.9932758,38.9255833
1398,intersection,,-76.9924344,38.9255827
1399,intersection,,-76.9904363,38.9255252
1400,intersection,,-77.0160991,38.9562708
1401,intersection,,-77.0160495,38.955569
1402,intersection,,-77.0152158,38.8914899
1403,intersection,,-77.0152171,38.8913768
1404,intersection,,-77.0090568,38.8838463
1405,intersection,,-77.0152133,38.8906302
1406,intersection,,-77.0175598,38.8906023
1407,intersection,,-77.0206463,38.8905625
1408,intersection,,-76.994974,38.882724
1409,intersection,,-76.9949873,38.8812689
1410,intersection,,-76.994975,38.879284
1411,intersection,,-77.0203616,38.9276307
1412,intersection,,-77.0195329,38.9279855
1413,intersection,,-77.0627517,38.9025871
1414,intersection,,-77.0627875,38.9041604
1415,intersection,,-76.9897535,38.8903694
1416,intersection,,-77.0302733,38.9085343
1417,intersection,,-77.029631,38.908575
1418,intersection,,-77.0091895,38.9085713
1419,intersection,,-77.012164,38.908569
1420,intersection,,-77.0278893,38.8820557
1421,intersection,,-77.0262119,38.8822592
1422,intersection,,-76.9325422,38.9092316
1423,intersection,,-76.9316958,38.9085331
1424,intersection,,-77.088746,38.919166
1425,intersection,,-77.0983944,38.9191661
1426,intersection,,-77.0502342,38.8881696
1427,intersection,,-77.0502265,38.887609
1428,intersection,,-77.0474707,38.884709
1429,intersection,,-77.0412399,38.8803405
1430,intersection,,-77.0334551,38.8841798
1431,intersection,,-77.0329717,38.8829082
1432,intersection,,-77.0323566,38.883549
1433,intersection,,-77.057222,38.949675
1434,intersection,,-77.0417244,38.8925675
1435,intersection,,-77.0093287,38.8840651
1436,intersection,,-77.044722,38.990339
1437,intersection,,-77.0464003,38.9910609
1438,intersection,,-77.052164,38.979641
1439,intersection,,-77.0611114,38.9800083
1440,intersection,,-76.980572,38.942986
1441,intersection,,-76.9803593,38.9428591
1442,intersection,,-77.0515722,38.9037349
1443,intersection,,-77.0502666,38.9037375
1444,intersection,,-77.0501136,38.9037384
1445,intersection,,-77.0547408,38.9037508
1446,intersection,,-77.0540376,38.9037638
1447,intersection,,-77.018188,38.904226
1448,intersection,,-77.0189301,38.9041866
1452,intersection,,-76.9309108,38.8759219
1453,intersection,,-76.9286636,38.8732602
1454,intersection,,-76.9310141,38.8760135
1455,intersection,,-76.9389992,38.8697964
1456,intersection,,-76.9334843,38.8654778
1457,intersection,,-76.987833,38.954265
1458,intersection,,-76.9877952,38.9546334
1459,intersection,,-76.987633,38.9563182
1462,intersection,,-76.933942,38.9121048
1466,intersection,,-76.9972244,38.9615957
1472,intersection,,-76.9915213,38.8898174
1473,intersection,,-76.991519,38.8896493
1474,intersection,,-77.0090656,38.8875904
1475,intersection,,-77.0086365,38.8875933
1476,intersection,,-77.0028994,38.8875384
1477,intersection,,-76.9800647,38.877595
1478,intersection,,-76.9884866,38.8764938
1479,intersection,,-76.9884586,38.8890658
1480,intersection,,-76.9883141,38.889015
1481,intersection,,-76.9790024,38.8829803
1482,intersection,,-76.9883177,38.8899046
1483,intersection,,-76.9883172,38.8899848
1484,intersection,,-77.0005607,38.8765428
1485,intersection,,-77.0005592,38.8764538
1486,intersection,,-76.9949628,38.8876057
1487,intersection,,-76.9949626,38.8878952
1488,intersection,,-76.9949654,38.8898131
1490,intersection,,-77.0317452,38.8875745
1491,intersection,,-77.0314661,38.8875756
1492,intersection,,-77.0319617,38.8875775
1493,intersection,,-77.0321379,38.8876438
1494,intersection,,-77.0487403,38.8958156
1495,intersection,,-77.0465223,38.8956458
1496,intersection,,-77.0455621,38.8955486
1497,intersection,,-77.051524,38.9025769
1498,intersection,,-77.0528648,38.9025731
1499,intersection,,-77.0485476,38.9025738
1500,intersection,,-77.0489227,38.9025731
1501,intersection,,-77.059108,38.9025789
1502,intersection,,-77.0601338,38.9025758
1503,intersection,,-77.0441954,38.9110389
1504,intersection,,-77.032638,38.9058624
1505,intersection,,-77.0313064,38.9053946
1506,intersection,,-77.0339474,38.9063063
1507,intersection,,-77.0131329,38.8858093
1508,intersection,,-77.0128606,38.8853009
1509,intersection,,-77.0125634,38.8857181
1510,intersection,,-77.0132294,38.8868243
1511,intersection,,-77.0142488,38.8987957
1512,intersection,,-77.0142558,38.8960036
1513,intersection,,-77.0140866,38.8938824
1514,intersection,,-77.0139656,38.8948773
1515,intersection,,-77.0145399,38.8944846
1516,intersection,,-77.0145511,38.8943501
1517,intersection,,-77.0140297,38.8904437
1518,intersection,,-77.0137002,38.8936624
1519,intersection,,-77.03657,38.9087044
1520,intersection,,-77.0365728,38.9075556
1521,intersection,,-77.036573,38.9069443
1522,intersection,,-77.0175554,38.8850796
1523,intersection,,-77.0136446,38.8850637
1524,intersection,,-77.013933,38.887177
1525,intersection,,-77.0133411,38.8857266
1526,intersection,,-77.0281349,38.8920923
1527,intersection,,-77.028135,38.89324
1528,intersection,,-77.028123,38.885878
1529,intersection,,-77.0281147,38.8849883
1532,intersection,,-77.0487416,38.8958963
1533,intersection,,-77.0593459,38.9026141
1534,intersection,,-77.0688632,38.9041396
1535,intersection,,-77.0528248,38.8981881
1536,intersection,,-77.0537904,38.8995178
1537,intersection,,-77.0541053,38.8995269
1538,intersection,,-77.0530734,38.8982048
1539,intersection,,-77.0461245,38.9257528
1540,intersection,,-77.0483319,38.9243203
1541,intersection,,-77.0484513,38.9242024
1542,intersection,,-77.0488084,38.9237451
1543,intersection,,-77.047554,38.9232617
1544,intersection,,-77.0502682,38.9234557
1545,intersection,,-77.0506138,38.9234789
1546,intersection,,-77.051513,38.9235359
1547,intersection,,-77.0491671,38.9195054
1548,intersection,,-77.0501576,38.9212066
1549,intersection,,-77.0512343,38.9230596
1550,intersection,,-77.0576237,38.9172512
1551,intersection,,-77.0583369,38.9177765
1553,intersection,,-77.0656272,38.9241583
1555,intersection,,-77.0508269,38.9109919
1556,intersection,,-77.051642,38.9106517
1557,intersection,,-77.0498278,38.9096403
1558,intersection,,-77.0504398,38.9096388
1559,intersection,,-77.0549605,38.9052514
1560,intersection,,-77.0559511,38.9052546
1561,intersection,,-77.0561278,38.9052529
1562,intersection,,-77.0565408,38.9047683
1563,intersection,,-77.0556484,38.9044611
1564,intersection,,-77.0566305,38.9048005
1565,intersection,,-77.0430402,38.961652
1566,intersection,,-77.0439887,38.9611089
1567,intersection,,-77.0455874,38.9353219
1568,intersection,,-77.0461506,38.9361802
1569,intersection,,-77.051231,38.939491
1570,intersection,,-77.052291,38.9618158
1571,intersection,,-77.0442661,38.9609667
1572,intersection,,-77.0408646,38.8869451
1573,intersection,,-77.0381054,38.8869489
1574,intersection,,-77.0547856,38.8919689
1575,intersection,,-77.0508523,38.8884329
1576,intersection,,-77.0508451,38.8878252
1577,intersection,,-77.0401641,38.8990619
1578,intersection,,-77.0417067,38.8995974
1579,intersection,,-77.0394673,38.8964164
1580,intersection,,-77.0400945,38.8964172
1581,intersection,,-77.0354219,38.9076353
1582,intersection,,-77.0363036,38.9074484
1583,intersection,,-77.0363134,38.9070504
1584,intersection,,-77.0362258,38.9070421
1585,intersection,,-77.0367772,38.9070699
1586,intersection,,-77.1165801,38.9295433
1598,intersection,,-76.9872769,38.8862355
1599,intersection,,-77.0178286,38.9283945
1600,intersection,,-77.018416,38.9285405
1601,intersection,,-77.0194071,38.9285604
1602,intersection,,-77.0787312,38.946595
1603,intersection,,-77.0791163,38.9461463
1604,intersection,,-77.078813,38.9459673
1606,intersection,,-77.0456076,38.9335776
1607,intersection,,-77.0364452,38.9378603
1608,intersection,,-77.0364455,38.9386032
1609,intersection,,-77.0364432,38.9391131
1611,intersection,,-77.0228473,38.9734408
1612,intersection,,-77.025364,38.9699311
1613,intersection,,-77.0260058,38.9686259
1614,intersection,,-77.0225372,38.9738246
1615,intersection,,-77.0218209,38.9747397
1616,intersection,,-77.0161783,38.9661384
1617,intersection,,-77.016174,38.9699387
1618,intersection,,-77.016151,38.971274
1619,intersection,,-77.016086,38.971932
1620,intersection,,-77.025622,38.942293
1621,intersection,,-77.0251426,38.942938
1622,intersection,,-77.019033,38.937398
1623,intersection,,-77.0182984,38.9306405
1625,intersection,,-77.0319292,38.9200804
1626,intersection,,-77.0343625,38.9192589
1627,intersection,,-77.0270388,38.9207729
1628,intersection,,-77.027038,38.923767
1629,intersection,,-77.027046,38.926749
1630,intersection,,-77.035525,38.92705
1631,intersection,,-77.0361867,38.9286803
1632,intersection,,-77.0364641,38.9291741
1633,intersection,,-77.0446548,38.9248696
1634,intersection,,-77.0442801,38.9260194
1635,intersection,,-77.0447432,38.9246743
1636,intersection,,-77.043674,38.9234253
1637,intersection,,-77.0373045,38.9260332
1638,intersection,,-77.0446955,38.9232443
1639,intersection,,-77.0469005,38.9232426
1640,intersection,,-77.0699594,38.927525
1641,intersection,,-77.0636698,38.9275331
1642,intersection,,-77.072014,38.927529
1643,intersection,,-77.071679,38.927526
1644,intersection,,-77.0219206,38.9126038
1645,intersection,,-77.0239706,38.9126083
1648,intersection,,-77.0385218,38.9111395
1649,intersection,,-77.0365175,38.9111433
1650,intersection,,-77.0319524,38.9111396
1651,intersection,,-77.0287502,38.9111391
1652,intersection,,-77.0416561,38.9111423
1655,intersection,,-77.0365036,38.917012
1656,intersection,,-77.0368131,38.9167081
1657,intersection,,-77.0440751,38.9155652
1658,intersection,,-77.0439488,38.9155769
1659,intersection,,-77.0462801,38.9159904
1660,intersection,,-77.0446493,38.9156188
1661,intersection,,-77.0219188,38.9111389
1662,intersection,,-77.0199015,38.9111378
1663,intersection,,-77.022871,38.9111396
1664,intersection,,-77.0219168,38.9096388
1665,intersection,,-77.0219171,38.908571
1666,intersection,,-77.0219174,38.907238
1667,intersection,,-77.0219192,38.912022
1668,intersection,,-77.0319537,38.8961343
1670,intersection,,-77.0219195,38.8939028
1671,intersection,,-77.0219136,38.9025309
1672,intersection,,-77.023979,38.9008801
1673,intersection,,-77.0239478,38.9173804
1674,intersection,,-76.9984584,38.8948023
1675,intersection,,-76.9984574,38.8961238
1676,intersection,,-76.9984492,38.8940911
1677,intersection,,-76.998457,38.8998558
1678,intersection,,-77.0005693,38.8948006
1679,intersection,,-77.0005755,38.8941161
1680,intersection,,-77.0005703,38.9002087
1681,intersection,,-76.9980844,38.9066057
1682,intersection,,-76.995842,38.909613
1683,intersection,,-77.000579,38.8939347
1684,intersection,,-76.9984801,38.8932745
1685,intersection,,-76.9984715,38.8935858
1686,intersection,,-76.9915339,38.8826782
1687,intersection,,-76.9855024,38.8989098
1688,intersection,,-76.9854996,38.8935737
1690,intersection,,-76.983644,38.896667
1692,intersection,,-76.9847043,38.8921262
1693,intersection,,-76.9836639,38.8796923
1694,intersection,,-76.9984547,38.8864758
1695,intersection,,-76.9961957,38.8873884
1696,intersection,,-76.9850726,38.8919546
1697,intersection,,-76.9853854,38.8918139
1698,intersection,,-76.9855072,38.8917675
1704,intersection,,-77.0319632,38.8879929
1705,intersection,,-77.0319598,38.8886221
1708,intersection,,-77.0318611,38.8854562
1709,intersection,,-77.051336,38.9395619
1713,intersection,,-77.0082369,38.8451376
1714,intersection,,-77.0084711,38.8451394
1715,intersection,,-77.007675,38.830215
1716,intersection,,-77.0076741,38.8297156
1717,intersection,,-77.0042215,38.8569193
1718,intersection,,-76.9623057,38.8864559
1719,intersection,,-76.9582822,38.8896943
1720,intersection,,-77.004094,38.859669
1721,intersection,,-77.0050402,38.8572975
1722,intersection,,-77.000542,38.8639474
1723,intersection,,-77.001024,38.8639884
1726,intersection,,-76.960325,38.868954
1727,intersection,,-76.9597311,38.8658288
1728,intersection,,-77.0560876,38.9019303
1729,intersection,,-77.0561231,38.9014568
1730,intersection,,-77.0525467,38.9245995
1731,intersection,,-77.0525974,38.9234839
1732,intersection,,-77.0484,38.9339452
1733,intersection,,-77.0479206,38.9346295
1734,intersection,,-77.0563279,38.9318105
1735,intersection,,-77.0570387,38.9330325
1736,intersection,,-77.0573139,38.9335061
1737,intersection,,-77.057649,38.934083
1738,intersection,,-77.0518995,38.9340593
1739,intersection,,-77.0540765,38.9350436
1740,intersection,,-77.0509878,38.9335096
1741,intersection,,-77.026637,38.9847185
1742,intersection,,-77.027073,38.9849385
1743,intersection,,-77.0094707,38.876541
1744,intersection,,-77.0100429,38.8765414
1747,intersection,,-77.0088658,38.88087
1748,intersection,,-77.0088789,38.8792885
1749,intersection,,-77.0258715,38.883588
1750,intersection,,-77.0258822,38.8842124
1751,intersection,,-77.0281411,38.8826677
1752,intersection,,-77.0277094,38.8819313
1753,intersection,,-77.0239902,38.8828735
1754,intersection,,-77.0239871,38.8819716
1755,intersection,,-77.0238896,38.8834669
1756,intersection,,-77.0238807,38.8848433
1757,intersection,,-77.0238872,38.8843377
1758,intersection,,-77.0240037,38.883468
1759,intersection,,-77.023992,38.8830515
1760,intersection,,-77.0241742,38.8834709
1761,intersection,,-77.0241748,38.8830462
1762,intersection,,-77.0242124,38.8828793
1765,intersection,,-77.0240043,38.8843416
1767,intersection,,-77.0261276,38.8812235
1768,intersection,,-77.033092,38.878982
1769,intersection,,-77.0345412,38.9103942
1770,intersection,,-77.0345378,38.9118817
1773,intersection,,-76.9577221,38.8552035
1774,intersection,,-76.9566018,38.8560774
1775,intersection,,-77.0610351,38.8853332
1776,intersection,,-77.0618106,38.8850526
1777,intersection,,-77.050838,38.9096379
1778,intersection,,-77.0524429,38.9096618
1779,intersection,,-77.0627921,38.9043611
1780,intersection,,-77.0627934,38.904416
1781,intersection,,-77.0013052,38.8212652
1784,intersection,,-77.0084082,38.9001686
1785,intersection,,-77.0239689,38.9029163
1786,intersection,,-77.031956,38.8932072
1787,intersection,,-77.0319545,38.8944384
1788,intersection,,-77.023446,38.8920837
1789,intersection,,-77.0189408,38.8921456
1790,intersection,,-77.0199063,38.8920794
1792,intersection,,-77.0239714,38.8932591
1795,intersection,,-77.0199028,38.9140933
1796,intersection,,-77.0199628,38.9154466
1797,intersection,,-77.0184358,38.9040855
1801,intersection,,-77.021372,38.937027
1803,intersection,,-77.0320284,38.886398
1804,intersection,,-77.0581191,38.9052411
1805,intersection,,-77.0591638,38.9052259
1806,intersection,,-77.0660502,38.9051145
1807,intersection,,-77.0665754,38.9051042
1808,intersection,,-77.0651908,38.9051322
1809,intersection,,-77.0628107,38.9051778
1810,intersection,,-77.0407639,38.919859
1811,intersection,,-77.0408682,38.9201926
1812,intersection,,-77.0413851,38.9230801
1813,intersection,,-77.0327719,38.8963436
1814,intersection,,-77.03289,38.8838217
1815,intersection,,-77.0359846,38.8798689
1816,intersection,,-77.0336648,38.8843274
1817,intersection,,-77.0326091,38.8921001
1818,intersection,,-77.0336389,38.8921021
1820,intersection,,-77.0167721,38.9047269
1821,intersection,,-77.019907,38.902521
1823,intersection,,-77.0199018,38.9041812
1824,intersection,,-77.0219158,38.9041706
1825,intersection,,-77.0239723,38.9041773
1826,intersection,,-77.025005,38.9041753
1827,intersection,,-77.0239684,38.9033575
1828,intersection,,-77.0112291,38.8819902
1829,intersection,,-77.01409,38.8860456
1830,intersection,,-77.0136351,38.8860426
1833,intersection,,-77.0287657,38.9100175
1834,intersection,,-77.0288098,38.9100027
1838,intersection,,-77.0292083,38.9025284
1840,intersection,,-77.0687471,38.9047951
1841,intersection,,-77.0689575,38.9043291
1842,intersection,,-77.0698906,38.9050288
1843,intersection,,-77.0690542,38.9050497
1844,intersection,,-77.0541627,38.8995846
1845,intersection,,-76.98176,38.8782877
1846,intersection,,-76.9879354,38.877436
1847,intersection,,-77.0005737,38.8797767
1848,intersection,,-77.0005702,38.8792916
1849,intersection,,-77.0005646,38.8775311
1850,intersection,,-77.0325745,38.9059791
1851,intersection,,-77.0339326,38.9063984
1852,intersection,,-77.0327603,38.9058368
1853,intersection,,-77.0325848,38.9057669
1854,intersection,,-77.0323973,38.9056505
1855,intersection,,-77.0319533,38.9074032
1856,intersection,,-77.0319541,38.9083078
1857,intersection,,-77.031446,38.906526
1858,intersection,,-77.0318699,38.9063187
1859,intersection,,-77.0316644,38.9059901
1860,intersection,,-77.0316864,38.9053757
1861,intersection,,-77.0297907,38.9048483
1863,intersection,,-77.0317285,38.9053531
1864,intersection,,-77.0320046,38.9062406
1865,intersection,,-77.032165,38.9059589
1866,intersection,,-77.0324901,38.9047324
1867,intersection,,-77.0324218,38.9048183
1868,intersection,,-77.0322408,38.905282
1869,intersection,,-77.0323288,38.9051146
1870,intersection,,-77.0298198,38.9049693
1871,intersection,,-77.0315111,38.9056445
1872,intersection,,-76.9462512,38.8641356
1873,intersection,,-76.9464171,38.8640142
1890,intersection,,-77.033199,38.8825966
1891,intersection,,-77.0337559,38.8820509
1897,intersection,,-77.0318491,38.883292
1898,intersection,,-77.0270239,38.8850618
1899,intersection,,-77.0271898,38.8860567
1900,intersection,,-77.0269251,38.8850863
1901,intersection,,-77.0269252,38.8842195
1902,intersection,,-77.0263027,38.8848119
1903,intersection,,-77.0269289,38.8834601
1904,intersection,,-77.0264624,38.8829191
1906,intersection,,-77.0279547,38.8885853
1907,intersection,,-77.0280457,38.8895045
1908,intersection,,-77.028048,38.8905887
1909,intersection,,-77.0280686,38.8885854
1910,intersection,,-77.0280675,38.8877249
1911,intersection,,-77.0279,38.8870348
1912,intersection,,-77.0281199,38.8864482
1913,intersection,,-77.0280331,38.8871138
1914,intersection,,-77.0245062,38.8806124
1915,intersection,,-77.0242863,38.8810443
1916,intersection,,-77.0242079,38.8863382
1917,intersection,,-77.0239417,38.8863365
1918,intersection,,-77.0242403,38.886338
1920,intersection,,-77.0238491,38.8863314
1921,intersection,,-77.0238652,38.8875737
1923,intersection,,-77.0239302,38.8848433
1924,intersection,,-77.0241106,38.884843
1925,intersection,,-77.0158508,38.8825364
1926,intersection,,-77.0173544,38.882541
1927,intersection,,-77.0173544,38.8822814
1928,intersection,,-77.0148293,38.8822577
1929,intersection,,-77.0177582,38.88229
1930,intersection,,-77.0173424,38.8823668
1931,intersection,,-77.0129182,38.8823639
1932,intersection,,-77.0132173,38.8826586
1933,intersection,,-77.034569,38.9060023
1934,intersection,,-77.0345705,38.9061573
1935,intersection,,-77.0578552,38.915472
1936,intersection,,-77.0562151,38.9184574
1937,intersection,,-77.0585124,38.9165343
1939,intersection,,-77.0561594,38.9181663
1940,intersection,,-77.051416,38.9026491
1941,intersection,,-77.0528632,38.902649
1942,intersection,,-77.0530701,38.9026486
1943,intersection,,-77.0547423,38.9038202
1944,intersection,,-77.043468,38.9090191
1945,intersection,,-77.042477,38.9078267
1946,intersection,,-77.0439697,38.910324
1947,intersection,,-77.0437353,38.910391
1948,intersection,,-77.0444621,38.9111383
1951,intersection,,-77.0434152,38.9102683
1952,intersection,,-77.043502,38.9102894
1953,intersection,,-77.0435716,38.9103063
1954,intersection,,-77.0514153,38.9029901
1955,intersection,,-77.0504878,38.9029888
1956,intersection,,-77.0509882,38.9029157
1957,intersection,,-77.0488223,38.9020896
1958,intersection,,-77.0497251,38.9020939
1959,intersection,,-77.0492731,38.9021596
1960,intersection,,-77.0296253,38.9024071
1961,intersection,,-77.0289451,38.9024074
1962,intersection,,-77.0285282,38.9024092
1963,intersection,,-77.0280994,38.9024122
1964,intersection,,-77.0355178,38.9024217
1965,intersection,,-77.0348158,38.902419
1966,intersection,,-77.03458,38.902419
1967,intersection,,-77.0326938,38.9024164
1968,intersection,,-77.0319533,38.9024196
1969,intersection,,-77.0330925,38.9024155
1970,intersection,,-77.0367326,38.9074703
1971,intersection,,-77.0367637,38.9070638
1972,intersection,,-77.0365783,38.9059773
1973,intersection,,-77.0364939,38.9059767
1974,intersection,,-77.0364092,38.9067914
1975,intersection,,-77.0363384,38.9074625
1976,intersection,,-77.0363557,38.9075269
1977,intersection,,-77.037351,38.9074777
1978,intersection,,-77.0367649,38.9074627
1979,intersection,,-77.0296724,38.9103732
1980,intersection,,-77.0296935,38.910329
1981,intersection,,-77.0300407,38.9091582
1982,intersection,,-77.0295141,38.9089803
1983,intersection,,-77.0294503,38.9090547
1985,intersection,,-77.0485993,38.9026492
1986,intersection,,-77.0485716,38.9024021
1987,intersection,,-76.963378,38.935154
1989,intersection,,-76.9900797,38.8688272
1990,intersection,,-76.9658563,38.8973253
1991,intersection,,-76.9655276,38.8972962
1992,intersection,,-76.9629685,38.8970875
1993,intersection,,-77.0521225,38.8905028
1994,intersection,,-77.015177,38.9025215
1995,intersection,,-77.0151792,38.900251
1996,intersection,,-77.0090123,38.9052659
1997,intersection,,-77.0090955,38.9092248
1998,intersection,,-77.0091911,38.9077133
1999,intersection,,-77.0497107,38.9029695
2000,intersection,,-77.0496253,38.9030622
2001,intersection,,-77.0296245,38.89982
2003,intersection,,-77.0285943,38.8998209
2005,intersection,,-77.037555,38.9269515
2006,intersection,,-77.0203846,38.9276056
2007,intersection,,-77.0204977,38.9275472
2008,intersection,,-77.0052947,38.8959574
2009,intersection,,-77.0058178,38.8960528
2010,intersection,,-77.0058884,38.8958785
2011,intersection,,-77.0056047,38.8958947
2012,intersection,,-77.00744,38.896481
2013,intersection,,-77.0066391,38.9269588
2014,intersection,,-77.0059793,38.9264865
2015,intersection,,-77.0060797,38.9266583
2016,intersection,,-76.9954771,38.9255802
2017,intersection,,-76.993897,38.9255842
2018,intersection,,-77.0223779,38.9812776
2019,intersection,,-77.0255617,38.9837546
2020,intersection,,-76.9898657,38.8684674
2021,intersection,,-76.9903341,38.8679293
2022,intersection,,-76.976561,38.8749033
2023,intersection,,-76.9783989,38.8738173
2024,intersection,,-76.9761131,38.8746191
2025,intersection,,-76.9757777,38.8747446
2026,intersection,,-77.0029641,38.859981
2027,intersection,,-77.002686,38.8606442
2028,intersection,,-76.9648591,38.8808875
2029,intersection,,-76.9647277,38.8808458
2030,intersection,,-76.9712846,38.8757005
2031,intersection,,-76.9899229,38.8679849
2032,intersection,,-76.9895974,38.8682697
2033,intersection,,-76.9582796,38.8899761
2034,intersection,,-76.9581106,38.8898926
2035,intersection,,-76.9584502,38.8552217
2036,intersection,,-76.9581086,38.8549045
2040,intersection,,-77.0005708,38.8337207
2041,intersection,,-77.0005557,38.8274452
2042,intersection,,-76.9996513,38.8241401
2043,intersection,,-77.0047459,38.8232131
2044,intersection,,-77.0043965,38.8230578
2045,intersection,,-77.0040412,38.8310119
2046,intersection,,-77.0057298,38.8312003
2047,intersection,,-77.0060582,38.8312324
2048,intersection,,-77.0036943,38.8309765
2049,intersection,,-77.0036414,38.8309707
2050,intersection,,-77.0023355,38.8220833
2051,intersection,,-77.0019909,38.8218262
2052,intersection,,-77.0076765,38.8308602
2053,intersection,,-76.9934701,38.8372769
2054,intersection,,-76.9935234,38.8377186
2055,intersection,,-76.9930227,38.8364763
2056,intersection,,-77.0236528,38.905649
2057,intersection,,-77.0224554,38.9056493
2058,intersection,,-77.0273933,38.9516136
2059,intersection,,-77.0276884,38.9512408
2064,intersection,,-77.0536959,38.8955467
2065,intersection,,-77.0531413,38.8954145
2066,intersection,,-77.0511795,38.895824
2075,intersection,,-77.0489933,38.8921082
2077,intersection,,-77.0501513,38.8923742
2085,intersection,,-77.0527845,38.8918086
2086,intersection,,-77.056506,38.8970398
2087,intersection,,-77.0556886,38.8932226
2089,intersection,,-77.0501158,38.887248
2090,intersection,,-77.0501142,38.8881721
2091,intersection,,-77.0525859,38.8923278
2095,intersection,,-77.0535495,38.8917293
2096,intersection,,-77.0521788,38.8910114
2097,intersection,,-77.0520056,38.8907412
2098,intersection,,-77.05246,38.8917999
2099,intersection,,-77.0527802,38.8974125
2100,intersection,,-77.0547132,38.892168
2101,intersection,,-77.0520125,38.890641
2102,intersection,,-77.0539626,38.8956462
2103,intersection,,-77.0535167,38.8955093
2104,intersection,,-77.0539463,38.8969509
2106,intersection,,-77.0533585,38.8981619
2107,intersection,,-77.0534875,38.8973629
2108,intersection,,-77.0530389,38.8976117
2109,intersection,,-77.0535715,38.8968163
2112,intersection,,-77.0527074,38.8916787
2113,intersection,,-77.0529532,38.8914733
2114,intersection,,-77.0530132,38.8979207
2115,intersection,,-77.0532234,38.8926831
2116,intersection,,-77.0540517,38.8956648
2117,intersection,,-77.0543481,38.8948284
2118,intersection,,-77.0532775,38.8959699
2119,intersection,,-77.052876,38.8963967
2120,intersection,,-77.0508722,38.8959196
2121,intersection,,-77.0515109,38.8960798
2122,intersection,,-77.047632,38.8960264
2123,intersection,,-77.0478725,38.8960214
2124,intersection,,-77.0481646,38.8960156
2125,intersection,,-77.0466867,38.8960245
2126,intersection,,-77.0501351,38.8960357
2127,intersection,,-77.048523,38.896016
2128,intersection,,-77.0500737,38.8958253
2129,intersection,,-77.0501325,38.8957357
2130,intersection,,-77.0501346,38.8959767
2131,intersection,,-77.0501398,38.8965931
2132,intersection,,-77.0494292,38.895712
2133,intersection,,-77.0484801,38.8954165
2134,intersection,,-77.0561091,38.90087
2135,intersection,,-77.0560674,38.9007948
2136,intersection,,-77.0558466,38.9006958
2137,intersection,,-77.0569731,38.9009126
2138,intersection,,-77.0571375,38.9009391
2139,intersection,,-77.0565094,38.9006775
2142,intersection,,-77.0565539,38.9039699
2143,intersection,,-77.0563005,38.9044712
2144,intersection,,-77.0566035,38.9037319
2145,intersection,,-77.056167,38.9008145
2146,intersection,,-77.0564567,38.9006761
2147,intersection,,-77.0572367,38.9009558
2148,intersection,,-77.0503522,38.897327
2149,intersection,,-77.0510134,38.8976857
2150,intersection,,-77.0560818,38.9004508
2151,intersection,,-77.0560845,38.9003485
2152,intersection,,-77.0563244,38.9024194
2153,intersection,,-77.0557762,38.9016164
2155,intersection,,-77.0569835,38.9005348
2156,intersection,,-77.0568199,38.9007405
2157,intersection,,-77.0566939,38.9006737
2158,intersection,,-77.0547359,38.9004557
2159,intersection,,-77.0555043,38.9012838
2160,intersection,,-77.055161,38.9012295
2161,intersection,,-77.055249,38.9025318
2162,intersection,,-77.0552209,38.9027061
2163,intersection,,-77.0552688,38.9027018
2164,intersection,,-77.0489222,38.9024865
2165,intersection,,-77.0485502,38.9024878
2166,intersection,,-77.049197,38.902484
2167,intersection,,-77.0510266,38.9024973
2168,intersection,,-77.0513112,38.9024969
2169,intersection,,-77.0515273,38.9024968
2170,intersection,,-77.0556411,38.9024927
2171,intersection,,-77.05533,38.9024926
2172,intersection,,-77.0548352,38.902496
2173,intersection,,-77.0538024,38.9024939
2174,intersection,,-77.0470749,38.9024941
2175,intersection,,-77.0570392,38.9025432
2176,intersection,,-77.0572118,38.9025445
2177,intersection,,-77.0567126,38.9025439
2178,intersection,,-77.0567703,38.9025435
2179,intersection,,-77.056422,38.902518
2181,intersection,,-77.0548362,38.9025792
2182,intersection,,-77.0551708,38.902579
2183,intersection,,-77.0556176,38.9025961
2184,intersection,,-77.0559178,38.90261
2186,intersection,,-77.0567324,38.9026532
2187,intersection,,-77.0510233,38.9025756
2188,intersection,,-77.0513107,38.9025771
2189,intersection,,-77.0533771,38.9025748
2191,intersection,,-77.0470747,38.9025733
2192,intersection,,-77.0491965,38.9025724
2193,intersection,,-77.0585222,38.9025666
2194,intersection,,-77.0578586,38.9024544
2195,intersection,,-77.057655,38.9024531
2196,intersection,,-77.0573927,38.9023809
2199,intersection,,-77.0562198,38.9031535
2200,intersection,,-77.0567317,38.9031956
2201,intersection,,-77.0571882,38.9026884
2202,intersection,,-77.0578217,38.9025487
2203,intersection,,-77.0580578,38.9025505
2204,intersection,,-77.0575723,38.9025445
2206,intersection,,-77.030515,38.9025316
2207,intersection,,-77.0306569,38.9026422
2208,intersection,,-77.0284901,38.9025269
2209,intersection,,-77.0287292,38.9026438
2210,intersection,,-77.0282592,38.9025279
2211,intersection,,-77.0370008,38.9025336
2212,intersection,,-77.0373165,38.9026466
2213,intersection,,-77.0373889,38.9024182
2214,intersection,,-77.0424297,38.9023954
2215,intersection,,-77.0421621,38.9025288
2216,intersection,,-77.0415328,38.9025266
2217,intersection,,-77.0412215,38.9023967
2218,intersection,,-77.0409415,38.9026443
2219,intersection,,-77.0412323,38.9025283
2220,intersection,,-77.0407897,38.9023977
2221,intersection,,-77.0404422,38.9025319
2222,intersection,,-77.0441183,38.9026441
2223,intersection,,-77.04443,38.9025258
2224,intersection,,-77.0436215,38.9025284
2225,intersection,,-77.0439224,38.9026453
2226,intersection,,-77.0433363,38.9025244
2227,intersection,,-77.0429891,38.9023963
2228,intersection,,-77.0427269,38.9026492
2229,intersection,,-77.0429455,38.9025235
2230,intersection,,-77.0420802,38.9025292
2231,intersection,,-77.0423383,38.9026504
2232,intersection,,-77.0455995,38.9023961
2233,intersection,,-77.0452706,38.9025285
2234,intersection,,-77.0450696,38.9025285
2235,intersection,,-77.0453495,38.902644
2236,intersection,,-77.0441293,38.9023996
2237,intersection,,-77.0437945,38.9025294
2238,intersection,,-77.053336,38.9024953
2239,intersection,,-77.0530178,38.9024118
2240,intersection,,-77.0518893,38.9024143
2241,intersection,,-77.055337,38.902875
2242,intersection,,-77.0686937,38.9050608
2243,intersection,,-77.0663175,38.9035034
2244,intersection,,-77.07066,38.905005
2245,intersection,,-77.0703905,38.9049294
2246,intersection,,-77.069215,38.9041466
2247,intersection,,-77.0622784,38.9025339
2248,intersection,,-77.0701281,38.9047263
2249,intersection,,-77.0700993,38.9048734
2250,intersection,,-77.07022,38.9050234
2251,intersection,,-77.0700894,38.9048893
2252,intersection,,-77.0701888,38.9048894
2253,intersection,,-77.0569627,38.9042155
2254,intersection,,-77.056681,38.904819
2255,intersection,,-77.0540967,38.8993474
2256,intersection,,-77.0531999,38.8985979
2257,intersection,,-77.0535968,38.8984737
2258,intersection,,-77.0504636,38.8972089
2259,intersection,,-77.0503198,38.8973753
2260,intersection,,-77.0504078,38.8974238
2261,intersection,,-77.0515602,38.8979958
2262,intersection,,-77.0512662,38.897652
2263,intersection,,-77.0503572,38.8971524
2264,intersection,,-77.0499701,38.8970072
2265,intersection,,-77.0490635,38.8965151
2266,intersection,,-77.0504201,38.8972512
2267,intersection,,-77.0499601,38.8971173
2268,intersection,,-77.0440622,38.8939319
2269,intersection,,-77.0450252,38.8945118
2270,intersection,,-77.0422901,38.8928706
2271,intersection,,-77.0435271,38.9090307
2272,intersection,,-77.0434429,38.9088071
2276,intersection,,-76.9940779,38.8617912
2277,intersection,,-76.996024,38.847525
2278,intersection,,-76.997077,38.845506
2279,intersection,,-76.9959154,38.8530619
2280,intersection,,-76.9942868,38.8607388
2281,intersection,,-76.9944412,38.8604947
2282,intersection,,-77.0029168,38.8606653
2283,intersection,,-77.003244,38.8598272
2284,intersection,,-76.9996022,38.8630853
2285,intersection,,-77.0022356,38.8616316
2286,intersection,,-76.9988603,38.8632387
2287,intersection,,-76.9986032,38.8631052
2288,intersection,,-76.9968693,38.8634446
2289,intersection,,-77.0023501,38.861168
2290,intersection,,-76.9993523,38.8629603
2291,intersection,,-76.9964875,38.8635158
2292,intersection,,-76.9970607,38.8635709
2293,intersection,,-76.9966908,38.8636422
2294,intersection,,-76.9945045,38.8639489
2295,intersection,,-77.0025972,38.8658504
2296,intersection,,-77.0029186,38.8617176
2297,intersection,,-77.0026095,38.8660983
2298,intersection,,-76.9972799,38.8638515
2299,intersection,,-76.9975549,38.8640403
2300,intersection,,-77.0090498,38.8766203
2301,intersection,,-77.0089954,38.8784165
2302,intersection,,-77.0090522,38.8763115
2303,intersection,,-77.009152,38.8766212
2304,intersection,,-77.0091503,38.8763112
2305,intersection,,-77.0091448,38.8747914
2306,intersection,,-77.0091579,38.8746424
2307,intersection,,-77.0089466,38.8744928
2308,intersection,,-77.0089396,38.8746407
2309,intersection,,-77.0089738,38.8739431
2310,intersection,,-77.0092512,38.8747937
2311,intersection,,-77.0092655,38.8764748
2312,intersection,,-77.0090672,38.8841356
2313,intersection,,-77.0066184,38.8832935
2314,intersection,,-77.0115598,38.8855086
2315,intersection,,-77.0113756,38.8849927
2316,intersection,,-77.0125661,38.8858806
2317,intersection,,-77.0118337,38.8857075
2318,intersection,,-77.0068602,38.8832351
2320,intersection,,-77.0095187,38.8812642
2321,intersection,,-77.009238,38.8802546
2322,intersection,,-77.0088996,38.8791641
2323,intersection,,-77.0089668,38.8797931
2324,intersection,,-77.0136451,38.8855724
2327,intersection,,-77.0163566,38.8285369
2328,intersection,,-77.0164513,38.8282459
2329,intersection,,-77.0167582,38.8298073
2330,intersection,,-77.0090511,38.8383282
2331,intersection,,-77.0088647,38.8385907
2332,intersection,,-77.0092232,38.8385729
2333,intersection,,-77.0118511,38.8354121
2334,intersection,,-77.0089458,38.8389894
2335,intersection,,-77.0085168,38.8429269
2336,intersection,,-77.008347,38.8436302
2337,intersection,,-77.0075301,38.8452631
2338,intersection,,-77.0075414,38.8449267
2339,intersection,,-77.0072472,38.844927
2340,intersection,,-77.0072333,38.8452635
2341,intersection,,-77.0063,38.8521855
2342,intersection,,-77.0085978,38.8445413
2343,intersection,,-77.0087032,38.8425716
2344,intersection,,-77.0084165,38.8405439
2345,intersection,,-77.0077883,38.8356856
2346,intersection,,-77.0079226,38.8362813
2347,intersection,,-77.0053937,38.8560019
2348,intersection,,-77.0081786,38.8478242
2349,intersection,,-77.0079007,38.8502369
2350,intersection,,-77.0077462,38.8505112
2356,intersection,,-76.9667024,38.8975355
2357,intersection,,-76.9688253,38.8977071
2358,intersection,,-77.0018923,38.9002113
2359,intersection,,-77.0020387,38.900215
2360,intersection,,-76.9897685,38.8648896
2361,intersection,,-76.9882526,38.8646251
2362,intersection,,-76.98781,38.864545
2363,intersection,,-76.9870582,38.8671276
2364,intersection,,-76.9918771,38.8656278
2365,intersection,,-76.9916363,38.865939
2366,intersection,,-76.9896283,38.8686669
2367,intersection,,-76.9888334,38.8698022
2368,intersection,,-76.9907957,38.8763162
2369,intersection,,-76.9911495,38.8777344
2370,intersection,,-76.9909923,38.874556
2371,intersection,,-76.9909895,38.8747016
2372,intersection,,-76.9911598,38.874701
2373,intersection,,-76.9911632,38.8745548
2374,intersection,,-76.9763598,38.8751246
2375,intersection,,-76.9803663,38.8778121
2376,intersection,,-76.9796764,38.877637
2377,intersection,,-76.9807525,38.8822717
2378,intersection,,-76.9807541,38.8803245
2379,intersection,,-76.9792129,38.8775189
2380,intersection,,-76.9798021,38.8779753
2381,intersection,,-76.9812122,38.8790031
2382,intersection,,-76.9915166,38.8780972
2383,intersection,,-76.9933072,38.8787247
2384,intersection,,-76.9941077,38.8792841
2385,intersection,,-76.9951135,38.8784745
2386,intersection,,-76.996394,38.8789647
2387,intersection,,-76.9937808,38.878808
2388,intersection,,-76.99475,38.8789194
2389,intersection,,-76.9947672,38.8787436
2390,intersection,,-76.9963854,38.8790971
2391,intersection,,-76.9967447,38.8791855
2392,intersection,,-76.9963885,38.8791803
2393,intersection,,-76.994973,38.8785343
2394,intersection,,-76.9916903,38.8778219
2395,intersection,,-77.0033911,38.8810737
2396,intersection,,-77.0066752,38.8810842
2397,intersection,,-77.0060014,38.8816227
2398,intersection,,-77.0057481,38.8809251
2399,intersection,,-77.0056039,38.8805263
2402,intersection,,-77.0033732,38.8807662
2403,intersection,,-77.0026208,38.8806322
2404,intersection,,-77.0050827,38.8809787
2405,intersection,,-77.0033966,38.8810024
2406,intersection,,-77.0043767,38.8809665
2407,intersection,,-77.001863,38.8804245
2408,intersection,,-77.0007561,38.8801122
2409,intersection,,-77.0022759,38.8805378
2410,intersection,,-77.0022733,38.8804795
2411,intersection,,-77.0018655,38.8803175
2412,intersection,,-77.0007397,38.8799649
2413,intersection,,-77.0020489,38.8807567
2414,intersection,,-77.0007541,38.8803785
2415,intersection,,-77.0016372,38.8806673
2416,intersection,,-77.0021935,38.8808422
2417,intersection,,-77.0022747,38.8806894
2418,intersection,,-77.0033912,38.8809149
2419,intersection,,-77.001854,38.8805743
2420,intersection,,-76.9988733,38.8797422
2421,intersection,,-77.0000762,38.8800737
2422,intersection,,-76.99864,38.8795178
2423,intersection,,-76.9990263,38.8796254
2424,intersection,,-77.0004037,38.8802607
2425,intersection,,-77.0004004,38.8800166
2426,intersection,,-77.0003971,38.8801619
2427,intersection,,-77.0007565,38.8802669
2428,intersection,,-76.9984949,38.8796306
2429,intersection,,-76.9990955,38.8793903
2430,intersection,,-77.0003985,38.8798718
2431,intersection,,-76.9995279,38.8795915
2432,intersection,,-77.0102955,38.881773
2433,intersection,,-77.0069984,38.8809779
2434,intersection,,-77.0103596,38.8816195
2435,intersection,,-77.0095937,38.8813241
2436,intersection,,-77.0103248,38.8816881
2437,intersection,,-77.0095371,38.8813843
2438,intersection,,-77.0122215,38.8849197
2439,intersection,,-77.0124184,38.8838077
2440,intersection,,-77.0129035,38.8825104
2441,intersection,,-77.0127413,38.8823567
2442,intersection,,-77.0119236,38.8821378
2443,intersection,,-77.0118337,38.8828987
2444,intersection,,-77.0130256,38.8824945
2445,intersection,,-77.0129015,38.8824935
2446,intersection,,-77.0094547,38.8813179
2447,intersection,,-77.0129576,38.8842045
2448,intersection,,-77.0131087,38.8849783
2449,intersection,,-77.0129234,38.8848078
2450,intersection,,-77.0127986,38.8834725
2451,intersection,,-77.0123822,38.8857888
2452,intersection,,-77.0123028,38.8831918
2453,intersection,,-77.0128267,38.885605
2454,intersection,,-77.0136747,38.8836706
2455,intersection,,-77.0136743,38.8835437
2456,intersection,,-77.0111579,38.8853896
2457,intersection,,-77.003994,38.8842202
2458,intersection,,-77.006597,38.883234
2459,intersection,,-77.0035199,38.8832372
2460,intersection,,-77.0020376,38.8832332
2461,intersection,,-77.0053405,38.8832462
2462,intersection,,-77.0035198,38.8844695
2463,intersection,,-77.0132395,38.8937651
2464,intersection,,-77.0124938,38.8935744
2467,intersection,,-77.0147818,38.9026353
2468,intersection,,-77.0142523,38.8993059
2469,intersection,,-77.0161926,38.8998121
2471,intersection,,-77.0133129,38.9013369
2472,intersection,,-77.0134524,38.9017426
2473,intersection,,-77.011701,38.9002182
2474,intersection,,-77.0095397,38.9002167
2475,intersection,,-77.0145934,38.9026421
2476,intersection,,-77.0158243,38.904488
2477,intersection,,-77.0140489,38.8992586
2478,intersection,,-77.0142723,38.8951665
2479,intersection,,-77.0142682,38.8948779
2480,intersection,,-77.014265,38.8957425
2481,intersection,,-77.0136506,38.8961348
2482,intersection,,-77.013671,38.8988154
2484,intersection,,-77.0139596,38.8951689
2485,intersection,,-77.0140743,38.8951684
2486,intersection,,-77.014077,38.8957231
2487,intersection,,-77.0140727,38.8948764
2488,intersection,,-77.0140796,38.896
2489,intersection,,-77.0141826,38.8907986
2490,intersection,,-77.0139479,38.8957233
2491,intersection,,-77.0139453,38.8959986
2492,intersection,,-77.0152059,38.8937937
2493,intersection,,-77.0151965,38.8941939
2494,intersection,,-77.0151886,38.8944795
2495,intersection,,-77.0142084,38.8947973
2496,intersection,,-77.0143897,38.8947063
2498,intersection,,-77.0145917,38.894483
2499,intersection,,-77.0138041,38.8947921
2501,intersection,,-77.0196118,38.9036903
2502,intersection,,-77.0151673,38.8961335
2503,intersection,,-77.0151701,38.8973461
2504,intersection,,-77.0161856,38.9037296
2505,intersection,,-77.015441,38.907236
2506,intersection,,-77.015908,38.9085714
2507,intersection,,-77.018932,38.9056485
2508,intersection,,-77.0198998,38.9056488
2509,intersection,,-77.0219166,38.9056494
2510,intersection,,-77.0163748,38.8918797
2512,intersection,,-77.021912,38.8863379
2513,intersection,,-77.0164855,38.891728
2514,intersection,,-77.0163567,38.8917828
2516,intersection,,-77.0122828,38.8875749
2517,intersection,,-77.0151979,38.8875649
2518,intersection,,-77.0175568,38.88604
2519,intersection,,-77.0161962,38.8947248
2520,intersection,,-77.0161796,38.8961386
2521,intersection,,-77.0157157,38.8961351
2522,intersection,,-76.9760374,38.8932765
2523,intersection,,-76.9845581,38.8876105
2524,intersection,,-76.9836601,38.8876109
2526,intersection,,-76.9762263,38.8933485
2527,intersection,,-76.9883659,38.887758
2528,intersection,,-76.9883144,38.8888935
2529,intersection,,-76.9881652,38.8889659
2530,intersection,,-76.9865386,38.8883043
2531,intersection,,-76.9915237,38.8901986
2532,intersection,,-76.9915239,38.8900269
2533,intersection,,-77.0060448,38.8960554
2534,intersection,,-77.0068804,38.896092
2535,intersection,,-76.9769344,38.8897523
2536,intersection,,-76.9882982,38.8925663
2538,intersection,,-76.9956474,38.8920116
2539,intersection,,-76.9949627,38.8920076
2540,intersection,,-76.9937566,38.8920075
2541,intersection,,-76.9915261,38.8920073
2542,intersection,,-76.9902418,38.8920084
2543,intersection,,-77.0152018,38.8881885
2544,intersection,,-77.0156424,38.8880698
2545,intersection,,-77.0020382,38.892012
2546,intersection,,-77.0031878,38.8920084
2547,intersection,,-76.9883168,38.8893876
2548,intersection,,-76.9883163,38.8896067
2549,intersection,,-76.978994,38.9019451
2550,intersection,,-76.9852167,38.9006649
2551,intersection,,-77.0512856,38.9219251
2552,intersection,,-77.0508181,38.9213579
2553,intersection,,-77.0511663,38.9214367
2554,intersection,,-77.0531721,38.923454
2555,intersection,,-77.0545608,38.9233758
2556,intersection,,-77.0549165,38.9233558
2557,intersection,,-77.0557851,38.9233068
2558,intersection,,-77.0520356,38.9235151
2559,intersection,,-77.0517048,38.9235332
2560,intersection,,-77.0514151,38.920673
2561,intersection,,-77.0512557,38.9210172
2562,intersection,,-77.0499364,38.9248519
2563,intersection,,-77.0526571,38.9199651
2564,intersection,,-77.0488308,38.9006951
2565,intersection,,-77.0488217,38.9019154
2566,intersection,,-77.0488427,38.8995797
2567,intersection,,-77.048815,38.9037391
2568,intersection,,-77.0488138,38.9039252
2569,intersection,,-77.048813,38.9052623
2570,intersection,,-77.0488034,38.9072467
2571,intersection,,-77.048798,38.909641
2572,intersection,,-77.054986,38.9137552
2573,intersection,,-77.0550381,38.9135215
2574,intersection,,-77.0533335,38.9124768
2575,intersection,,-77.0534962,38.9128673
2578,intersection,,-77.0326583,38.9287848
2579,intersection,,-77.029708,38.928635
2580,intersection,,-77.0592306,38.9367993
2581,intersection,,-77.0587539,38.9367957
2582,intersection,,-77.0492544,38.9341994
2584,intersection,,-77.0514381,38.9338192
2587,intersection,,-77.0842125,38.9619638
2588,intersection,,-77.029694,38.961506
2589,intersection,,-77.0310417,38.9616987
2590,intersection,,-77.0531166,38.9614023
2592,intersection,,-77.056201,38.961013
2593,intersection,,-77.057472,38.961014
2594,intersection,,-77.03639,38.9629646
2595,intersection,,-77.03639,38.9624891
2596,intersection,,-77.036389,38.96241
2597,intersection,,-77.039358,38.9631406
2598,intersection,,-77.0390419,38.9630652
2599,intersection,,-77.0393752,38.9630675
2600,intersection,,-77.0389477,38.9631386
2601,intersection,,-77.0415716,38.9609244
2602,intersection,,-77.041633,38.960823
2603,intersection,,-77.0418064,38.9606677
2604,intersection,,-77.0420896,38.96048
2605,intersection,,-77.0448138,38.9606421
2606,intersection,,-77.0424467,38.9820113
2607,intersection,,-77.042739,38.982014
2608,intersection,,-77.0766934,38.9678496
2609,intersection,,-77.0082748,38.9578927
2610,intersection,,-77.0076601,38.9587265
2611,intersection,,-77.0084482,38.9576607
2612,intersection,,-77.00905,38.959446
2613,intersection,,-77.0090483,38.95766
2632,intersection,,-77.033514,38.8817281
2633,intersection,,-77.0337762,38.8817464
2634,intersection,,-77.0058981,38.9611063
2635,intersection,,-77.0052228,38.9620118
2636,intersection,,-77.0063347,38.9605129
2637,intersection,,-76.9968958,38.9328664
2638,intersection,,-76.9964191,38.933078
2639,intersection,,-76.988305,38.940471
2640,intersection,,-76.987999,38.940722
2641,intersection,,-76.9940615,38.9323918
2642,intersection,,-76.9936912,38.9324152
2643,intersection,,-76.9946412,38.9323753
2648,intersection,,-77.0095086,38.9072619
2650,intersection,,-77.0159177,38.9048939
2651,intersection,,-77.0151502,38.9051623
2653,intersection,,-77.002444,38.925594
2654,intersection,,-77.0020963,38.9098407
2656,intersection,,-76.9815286,38.9168378
2657,intersection,,-76.97902,38.9171562
2658,intersection,,-77.0021233,38.9097013
2659,intersection,,-77.0004712,38.9102758
2660,intersection,,-77.000309,38.9104624
2661,intersection,,-76.993157,38.9177729
2662,intersection,,-76.9917917,38.9189269
2663,intersection,,-76.9788347,38.9166307
2665,intersection,,-76.9785273,38.9171014
2666,intersection,,-76.9778512,38.916631
2667,intersection,,-76.9778832,38.9169412
2669,intersection,,-76.9772673,38.9171909
2670,intersection,,-76.9780793,38.9176555
2671,intersection,,-76.97827,38.917957
2681,intersection,,-76.9547898,38.9182796
2682,intersection,,-76.954145,38.9185835
2683,intersection,,-76.9550076,38.9181739
2684,intersection,,-76.9557934,38.9177743
2685,intersection,,-76.9567698,38.9173047
2688,intersection,,-76.9743014,38.9172356
2691,intersection,,-76.9722297,38.9172427
2694,intersection,,-76.9735518,38.9173032
2698,intersection,,-76.9559169,38.9189465
2699,intersection,,-76.9536381,38.9188224
2700,intersection,,-76.9559836,38.9189074
2708,intersection,,-76.9562691,38.9192383
2709,intersection,,-76.9760921,38.8759641
2710,intersection,,-76.9814579,38.8790648
2711,intersection,,-76.9814818,38.8790244
2712,intersection,,-76.9801438,38.8778767
2713,intersection,,-76.9803943,38.8783098
2714,intersection,,-76.9807689,38.8785437
2715,intersection,,-76.976253,38.8759224
2716,intersection,,-76.9745121,38.8751214
2717,intersection,,-76.9736534,38.8747335
2718,intersection,,-76.9758529,38.8745295
2719,intersection,,-76.975539,38.8745838
2720,intersection,,-76.9726388,38.8748762
2721,intersection,,-76.9759119,38.8748323
2722,intersection,,-76.9762284,38.8747049
2723,intersection,,-76.9750904,38.8751522
2724,intersection,,-76.977145,38.8741888
2725,intersection,,-76.971472,38.8737483
2726,intersection,,-76.970966,38.873304
2727,intersection,,-76.9749227,38.8750746
2728,intersection,,-76.9741288,38.8753229
2729,intersection,,-76.968969,38.872781
2730,intersection,,-76.9696366,38.8731252
2731,intersection,,-76.972227,38.8727337
2732,intersection,,-76.9717814,38.8729348
2733,intersection,,-76.963517,38.877064
2734,intersection,,-76.9632014,38.8772316
2735,intersection,,-76.9485592,38.8898279
2736,intersection,,-76.9607271,38.8898494
2737,intersection,,-76.967898,38.889855
2740,intersection,,-76.971,38.891261
2741,intersection,,-76.9684934,38.8897193
2742,intersection,,-76.9678926,38.8897402
2743,intersection,,-76.9631451,38.8897476
2744,intersection,,-76.9592849,38.8897423
2745,intersection,,-76.957829,38.8897277
2746,intersection,,-76.9908955,38.8692853
2747,intersection,,-77.0002929,38.8692503
2748,intersection,,-76.9506215,38.8887221
2749,intersection,,-76.953405,38.887586
2750,intersection,,-76.9514934,38.8881798
2751,intersection,,-76.947243,38.88984
2752,intersection,,-76.9482857,38.8898321
2753,intersection,,-76.9577475,38.8898336
2754,intersection,,-76.9592791,38.8898415
2755,intersection,,-76.9566488,38.8898329
2756,intersection,,-76.9528211,38.8897315
2757,intersection,,-76.9518181,38.8897322
2758,intersection,,-76.9567292,38.8897285
2759,intersection,,-76.9518691,38.8958757
2760,intersection,,-76.9519631,38.896
2761,intersection,,-76.952462,38.8959875
2762,intersection,,-76.944942,38.901733
2763,intersection,,-76.945064,38.901568
2764,intersection,,-76.951746,38.895971
2765,intersection,,-76.95157,38.895981
2766,intersection,,-76.9518929,38.8956858
2767,intersection,,-76.9525101,38.8954645
2768,intersection,,-76.9523385,38.8954791
2769,intersection,,-76.9547062,38.8932599
2771,intersection,,-76.9430518,38.9015571
2773,intersection,,-76.9425154,38.903655
2774,intersection,,-76.9432591,38.9032543
2775,intersection,,-76.9448846,38.9018792
2776,intersection,,-76.9436604,38.9026866
2777,intersection,,-76.9442918,38.9020951
2778,intersection,,-76.9415227,38.9042087
2779,intersection,,-76.9411539,38.9045233
2780,intersection,,-76.9434914,38.9025664
2781,intersection,,-76.9444317,38.9015807
2782,intersection,,-76.9446683,38.9015526
2783,intersection,,-76.94455,38.9016522
2784,intersection,,-76.9448024,38.9016348
2785,intersection,,-76.9393742,38.9066411
2786,intersection,,-76.9404804,38.9052147
2787,intersection,,-76.9389516,38.9066361
2788,intersection,,-76.938234,38.907259
2790,intersection,,-76.938188,38.90799
2791,intersection,,-76.9374879,38.9081058
2792,intersection,,-76.936506,38.909439
2793,intersection,,-76.9360032,38.9100114
2794,intersection,,-76.9350945,38.9107985
2795,intersection,,-76.9434553,38.9012559
2796,intersection,,-76.9433249,38.9013587
2797,intersection,,-77.0059982,38.9350007
2798,intersection,,-77.0066584,38.9375824
2799,intersection,,-77.0081921,38.9417979
2800,intersection,,-77.0067443,38.9314943
2801,intersection,,-77.0090097,38.8985131
2802,intersection,,-77.0038487,38.9056439
2804,intersection,,-77.0090346,38.9155517
2805,intersection,,-77.0091806,38.9155518
2806,intersection,,-77.0089892,38.913672
2807,intersection,,-77.0088998,38.9155522
2811,intersection,,-77.0090892,38.9189585
2812,intersection,,-77.0090933,38.913675
2813,intersection,,-77.0026131,38.9306805
2814,intersection,,-77.0036338,38.9312531
2815,intersection,,-77.0168777,38.9298293
2816,intersection,,-77.0167966,38.9299369
2817,intersection,,-77.0069052,38.9314943
2818,intersection,,-77.0070355,38.9312511
2819,intersection,,-77.0031488,38.930568
2820,intersection,,-77.003172,38.930037
2821,intersection,,-77.017394,38.928137
2822,intersection,,-77.0198326,38.9303184
2823,intersection,,-77.0211595,38.9356158
2824,intersection,,-77.018801,38.9279812
2825,intersection,,-77.01809,38.928327
2826,intersection,,-77.018052,38.92961
2827,intersection,,-77.0179228,38.9290471
2828,intersection,,-77.0215003,38.9394825
2829,intersection,,-77.0233709,38.930031
2832,intersection,,-77.0069114,38.9377609
2833,intersection,,-77.0061577,38.9341776
2834,intersection,,-77.007246,38.9423234
2835,intersection,,-77.0074095,38.9427104
2838,intersection,,-77.0074095,38.9429399
2839,intersection,,-77.0086547,38.9471239
2840,intersection,,-77.0086521,38.9465231
2841,intersection,,-77.0085521,38.9467991
2842,intersection,,-77.008537,38.9469635
2843,intersection,,-77.0083463,38.9468173
2844,intersection,,-77.0074725,38.9461053
2846,intersection,,-77.0080392,38.9466095
2848,intersection,,-77.008654,38.9473762
2850,intersection,,-77.0075981,38.9452472
2851,intersection,,-77.0075745,38.94399
2852,intersection,,-76.9988717,38.9407334
2853,intersection,,-76.996524,38.9407389
2854,intersection,,-76.9982406,38.9407306
2855,intersection,,-76.9881445,38.9545086
2856,intersection,,-77.0029398,38.9650822
2857,intersection,,-77.0027452,38.9649811
2858,intersection,,-77.1062877,38.9266118
2859,intersection,,-77.0989625,38.9170816
2860,intersection,,-77.1004637,38.9188673
2861,intersection,,-77.1076375,38.92514
2862,intersection,,-77.0944673,38.9155142
2863,intersection,,-77.093831,38.9153212
2864,intersection,,-77.0955491,38.9158451
2865,intersection,,-77.0792502,38.9059009
2866,intersection,,-77.0868001,38.906727
2867,intersection,,-77.0805701,38.9062537
2868,intersection,,-77.0751781,38.9054458
2869,intersection,,-77.068964,38.9050523
2870,intersection,,-77.0641126,38.9088636
2871,intersection,,-77.0635882,38.9078704
2872,intersection,,-77.077368,38.9479045
2873,intersection,,-77.0749469,38.9507335
2874,intersection,,-77.0791741,38.9457991
2875,intersection,,-77.060875,38.967061
2876,intersection,,-77.061126,38.96689
2877,intersection,,-77.0975585,38.9327021
2878,intersection,,-77.101036,38.935162
2880,intersection,,-77.0039909,38.8920498
2881,intersection,,-77.0042712,38.8919373
2882,intersection,,-77.0545746,38.8995219
2883,intersection,,-77.0556095,38.9006939
2884,intersection,,-77.0551784,38.9004877
2886,intersection,,-77.04347,38.8995822
2887,intersection,,-77.0434716,38.8973623
2888,intersection,,-77.0417106,38.8973603
2889,intersection,,-77.0449164,38.8973612
2890,intersection,,-77.0466869,38.8973588
2891,intersection,,-77.0416837,38.9067831
2892,intersection,,-77.0416825,38.907253
2893,intersection,,-77.0466811,38.9139424
2894,intersection,,-77.0466304,38.9126096
2895,intersection,,-77.0466302,38.9111415
2896,intersection,,-77.0466301,38.9107564
2897,intersection,,-77.0501185,38.9006994
2898,intersection,,-77.0307364,38.895595
2899,intersection,,-77.0314631,38.8955831
2900,intersection,,-77.0264712,38.9013656
2902,intersection,,-77.0360728,38.9072623
2903,intersection,,-77.0358888,38.9073862
2904,intersection,,-77.0354369,38.9068712
2905,intersection,,-77.0358279,38.907079
2906,intersection,,-77.0363248,38.9908948
2908,intersection,,-77.018057,38.9745774
2909,intersection,,-77.0183473,38.97477
2911,intersection,,-76.9589897,38.931715
2912,intersection,,-76.9587035,38.9314864
2913,intersection,,-76.967278,38.9271616
2914,intersection,,-76.9668882,38.9267984
2915,intersection,,-76.9676572,38.9275405
2916,intersection,,-76.9298773,38.8894269
2919,intersection,,-76.9435611,38.8897147
2920,intersection,,-76.9426013,38.8897164
2923,intersection,,-77.0260894,38.8852996
2924,intersection,,-77.0260896,38.8845379
2925,intersection,,-76.972631,38.8512268
2926,intersection,,-76.9699802,38.8530426
2927,intersection,,-76.9730113,38.8511863
2928,intersection,,-76.9694615,38.8574148
2929,intersection,,-76.968195,38.858906
2930,intersection,,-76.9699374,38.856723
2931,intersection,,-76.9695888,38.8572279
2932,intersection,,-76.9699365,38.8570714
2933,intersection,,-76.9987746,38.8856306
2934,intersection,,-76.9984563,38.8857252
2935,intersection,,-76.9718079,38.8920342
2936,intersection,,-76.972685,38.8926229
2937,intersection,,-76.971462,38.891708
2938,intersection,,-76.971942,38.8919089
2939,intersection,,-76.972566,38.891975
2940,intersection,,-76.9729559,38.8927523
2941,intersection,,-76.9865047,38.8799313
2942,intersection,,-76.9860211,38.8800657
2943,intersection,,-76.9848957,38.8804647
2944,intersection,,-76.9846464,38.8806899
2945,intersection,,-76.985807,38.8805686
2946,intersection,,-76.986049,38.8804398
2947,intersection,,-76.9861357,38.880216
2948,intersection,,-77.0281635,38.8831092
2949,intersection,,-77.0284351,38.8828072
2950,intersection,,-77.0275449,38.8819634
2951,intersection,,-77.0269627,38.8813917
2952,intersection,,-77.0279987,38.8828593
2953,intersection,,-77.0280829,38.8836531
2954,intersection,,-77.0198818,38.8764168
2955,intersection,,-77.0181293,38.8763971
2956,intersection,,-77.0099017,38.8763992
2957,intersection,,-77.0094581,38.8763959
2958,intersection,,-77.0029499,38.8875579
2962,intersection,,-77.0296196,38.9191959
2963,intersection,,-77.0288313,38.9191979
2964,intersection,,-77.0319524,38.919199
2966,intersection,,-76.974904,38.8713851
2967,intersection,,-76.974053,38.8707418
2968,intersection,,-77.033137,38.8825696
2969,intersection,,-77.033337,38.8842679
2970,intersection,,-77.0337275,38.8845736
2971,intersection,,-77.0334661,38.8821877
2972,intersection,,-76.9247662,38.8984019
2973,intersection,,-76.9256245,38.8984082
2974,intersection,,-76.9296927,38.8983986
2975,intersection,,-76.9308395,38.8985391
2976,intersection,,-76.9350804,38.8991502
2977,intersection,,-76.9328933,38.8987589
2978,intersection,,-77.0522394,38.9247811
2979,intersection,,-77.0523527,38.9249764
2980,intersection,,-76.9981661,38.8765348
2981,intersection,,-76.9997999,38.8765378
2982,intersection,,-77.0074646,38.8764749
2983,intersection,,-77.0066982,38.8764445
2984,intersection,,-76.9772472,38.8898404
2985,intersection,,-76.977246,38.8920129
2986,intersection,,-76.9807658,38.8920173
2987,intersection,,-76.9807643,38.8902807
2989,intersection,,-76.9815921,38.8932543
2990,intersection,,-76.9772393,38.8933527
2991,intersection,,-76.978996,38.8933522
2992,intersection,,-76.9262411,38.8967168
2993,intersection,,-76.9260188,38.8974125
2994,intersection,,-76.9256603,38.898321
2995,intersection,,-76.9256461,38.8983503
2996,intersection,,-77.0574014,38.9050059
2997,intersection,,-77.057402,38.9051072
2998,intersection,,-77.0576928,38.9051874
2999,intersection,,-77.0260925,38.8868454
3000,intersection,,-77.0090386,38.8791866
3001,intersection,,-77.0090381,38.87929
3002,intersection,,-77.0091293,38.8815151
3003,intersection,,-77.0091249,38.8800526
3004,intersection,,-77.0091583,38.8797789
3005,intersection,,-77.0091288,38.8823232
3006,intersection,,-76.9567014,38.8627223
3007,intersection,,-77.0070762,38.931189
3008,intersection,,-77.0040597,38.9312989
3009,intersection,,-77.0083197,38.9313039
3010,intersection,,-77.0084293,38.9313023
3011,intersection,,-77.0089028,38.931309
3012,intersection,,-76.9855784,38.9245289
3013,intersection,,-76.985373,38.9245934
3014,intersection,,-76.9832562,38.925732
3015,intersection,,-76.9854569,38.924677
3016,intersection,,-77.0288107,38.9098568
3017,intersection,,-77.0287453,38.9098877
3018,intersection,,-77.0289433,38.9097293
3019,intersection,,-77.0507995,38.9118746
3020,intersection,,-77.0504076,38.911922
3021,intersection,,-77.0499172,38.9118968
3022,intersection,,-77.0502508,38.9121485
3023,intersection,,-77.0551708,38.9154546
3024,intersection,,-77.0567731,38.9166295
3025,intersection,,-77.0526689,38.9136244
3027,intersection,,-77.0512368,38.9126123
3028,intersection,,-77.0506274,38.9124583
3029,intersection,,-77.0359356,38.9918496
3030,intersection,,-77.0360035,38.9919024
3031,intersection,,-77.0361373,38.9921222
3036,intersection,,-77.0281094,38.8983221
3037,intersection,,-77.0281061,38.8998214
3038,intersection,,-77.0298441,38.8954286
3039,intersection,,-77.0302094,38.8954654
3041,intersection,,-77.033411,38.985092
3042,intersection,,-77.0334141,38.9864278
3045,intersection,,-76.9240213,38.8814551
3046,intersection,,-76.9185627,38.8857019
3047,intersection,,-76.9259604,38.8810694
3048,intersection,,-76.938023,38.8898944
3049,intersection,,-76.9426009,38.8898331
3053,intersection,,-76.9857411,38.9407261
3054,intersection,,-76.9687765,38.9286137
3055,intersection,,-76.9693601,38.9291732
3056,intersection,,-76.9883057,38.9407222
3057,intersection,,-76.990982,38.9361738
3058,intersection,,-76.990249,38.938315
3059,intersection,,-76.990234,38.938765
3060,intersection,,-76.9905164,38.9265265
3061,intersection,,-76.9906031,38.9276031
3062,intersection,,-76.9906826,38.9285948
3063,intersection,,-76.9909198,38.9315491
3064,intersection,,-76.990275,38.923515
3065,intersection,,-76.9911576,38.9345108
3066,intersection,,-76.9884442,38.9296966
3067,intersection,,-76.9885253,38.9306842
3068,intersection,,-76.9886808,38.932654
3069,intersection,,-76.988312,38.938312
3071,intersection,,-76.9881147,38.9255916
3072,intersection,,-76.9834157,38.9257853
3073,intersection,,-76.9857985,38.9257027
3074,intersection,,-77.0211695,38.9587391
3075,intersection,,-77.0224419,38.9591531
3076,intersection,,-77.0161591,38.9586732
3077,intersection,,-77.0161616,38.9613138
3078,intersection,,-77.0333331,38.9866479
3079,intersection,,-77.0310604,38.9880431
3080,intersection,,-77.0084638,38.9703917
3081,intersection,,-77.0109395,38.9724332
3082,intersection,,-77.0272661,38.9699298
3086,intersection,,-77.0334172,38.9699272
3087,intersection,,-77.033297,38.9699273
3088,intersection,,-77.0296885,38.9699289
3089,intersection,,-77.0334172,38.9698297
3090,intersection,,-77.031044,38.972263
3091,intersection,,-77.0363234,38.9668987
3093,intersection,,-76.9263538,38.8796398
3094,intersection,,-76.9260289,38.8804891
3095,intersection,,-77.0033863,38.9083835
3096,intersection,,-77.0039571,38.9086317
3097,intersection,,-77.0219109,38.916278
3098,intersection,,-77.0229461,38.9167239
3099,intersection,,-77.0476316,38.9354096
3100,intersection,,-77.0437354,38.9288543
3101,intersection,,-77.0440075,38.9293629
3102,intersection,,-77.0440812,38.9296703
3103,intersection,,-77.0436206,38.9284673
3105,intersection,,-77.056296,38.953741
3106,intersection,,-77.0510731,38.9454628
3107,intersection,,-77.053003,38.9504212
3108,intersection,,-77.0497061,38.9442383
3109,intersection,,-77.0497642,38.9442583
3110,intersection,,-77.0496297,38.944201
3111,intersection,,-77.0497038,38.9438704
3112,intersection,,-77.0496329,38.9435707
3113,intersection,,-77.0498983,38.9430141
3114,intersection,,-77.0423132,38.9603133
3115,intersection,,-77.0527277,38.9343922
3116,intersection,,-77.0520288,38.9340287
3117,intersection,,-77.0515455,38.9337891
3118,intersection,,-77.0476677,38.9353565
3119,intersection,,-77.051211,38.933979
3120,intersection,,-77.0487734,38.9341394
3121,intersection,,-77.0484579,38.9340003
3122,intersection,,-77.0513902,38.933594
3123,intersection,,-77.0475088,38.9350873
3124,intersection,,-77.0487052,38.9338891
3125,intersection,,-77.0481137,38.934473
3126,intersection,,-77.0524406,38.9404854
3127,intersection,,-77.0611574,38.9410183
3128,intersection,,-77.0448591,38.905653
3129,intersection,,-77.0448555,38.9067197
3130,intersection,,-77.0529451,38.9198785
3131,intersection,,-77.0550968,38.918895
3132,intersection,,-77.0127022,38.9155971
3134,intersection,,-77.0472341,38.9352395
3135,intersection,,-77.0166338,38.9543882
3136,intersection,,-77.0175567,38.8792929
3137,intersection,,-77.0175544,38.8787373
3138,intersection,,-77.018858,38.8812875
3139,intersection,,-77.029692,38.972263
3140,intersection,,-77.0296819,38.9654334
3141,intersection,,-77.032726,38.945062
3142,intersection,,-77.0327253,38.9458396
3143,intersection,,-77.032726,38.943275
3144,intersection,,-77.0364029,38.9525581
3146,intersection,,-77.027036,38.9142353
3149,intersection,,-77.025628,38.9163925
3150,intersection,,-77.0251888,38.9203193
3151,intersection,,-77.0252144,38.9206709
3152,intersection,,-77.0271662,38.9835277
3153,intersection,,-77.026795,38.9837901
3154,intersection,,-77.0269463,38.9838008
3157,intersection,,-77.0382369,38.9860099
3158,intersection,,-77.0297018,38.9844698
3159,intersection,,-77.0262801,38.9838343
3160,intersection,,-77.0266079,38.9842821
3161,intersection,,-76.9772753,38.9460206
3166,intersection,,-77.0437605,38.9884701
3167,intersection,,-77.0005703,38.9025149
3168,intersection,,-77.002037,38.902514
3169,intersection,,-77.0036775,38.9025149
3170,intersection,,-77.0084783,38.8450563
3171,intersection,,-77.0082473,38.8450564
3172,intersection,,-77.0362991,38.9803899
3173,intersection,,-77.036296,38.9807042
3174,intersection,,-77.02529,38.960084
3175,intersection,,-77.0259535,38.9603108
3176,intersection,,-77.0594582,38.961019
3177,intersection,,-77.063889,38.961016
3178,intersection,,-77.0656124,38.9610181
3179,intersection,,-77.060965,38.961016
3180,intersection,,-77.062127,38.961016
3181,intersection,,-76.9316713,38.9033729
3182,intersection,,-76.9672354,38.9234397
3183,intersection,,-76.9665179,38.9240198
3184,intersection,,-76.9683051,38.9223791
3185,intersection,,-76.9695388,38.9208608
3186,intersection,,-76.9689783,38.9215461
3187,intersection,,-76.9705552,38.9196843
3188,intersection,,-76.9665182,38.926468
3189,intersection,,-76.9656183,38.9255803
3190,intersection,,-76.9614841,38.9281075
3191,intersection,,-76.958994,38.9298268
3192,intersection,,-76.9585953,38.9300825
3193,intersection,,-76.9647027,38.9254773
3196,intersection,,-77.0447364,38.9096508
3197,intersection,,-77.044864,38.9096514
3198,intersection,,-77.0443778,38.9096226
3199,intersection,,-77.0442206,38.909532
3200,intersection,,-77.0428596,38.9101089
3201,intersection,,-77.0440153,38.9092193
3202,intersection,,-77.0440654,38.9089863
3203,intersection,,-77.0429884,38.9092602
3204,intersection,,-77.0427757,38.9093131
3205,intersection,,-77.0433139,38.9091293
3206,intersection,,-77.043955,38.9093003
3207,intersection,,-77.0442054,38.9098103
3208,intersection,,-77.0448729,38.9101462
3209,intersection,,-77.0450624,38.9102099
3210,intersection,,-77.0472719,38.9109802
3211,intersection,,-77.0426558,38.9095571
3212,intersection,,-77.0422719,38.9096548
3213,intersection,,-77.0402254,38.9231211
3214,intersection,,-77.035411,38.9233047
3215,intersection,,-77.0420404,38.9230915
3216,intersection,,-77.0364482,38.9367919
3217,intersection,,-77.00351,38.9126
3218,intersection,,-77.002033,38.912602
3219,intersection,,-76.9549743,38.8961824
3220,intersection,,-76.9570219,38.8964952
3221,intersection,,-77.051982,38.9106298
3222,intersection,,-77.0538938,38.910601
3223,intersection,,-77.0667359,38.9756197
3224,intersection,,-77.071648,38.9717868
3225,intersection,,-77.067278,38.975191
3226,intersection,,-77.078154,38.959025
3227,intersection,,-77.0785362,38.9479099
3228,intersection,,-77.058406,38.949676
3229,intersection,,-77.005887,38.907236
3230,intersection,,-77.0058997,38.9078592
3232,intersection,,-77.0051281,38.9086614
3233,intersection,,-77.0045802,38.9088448
3234,intersection,,-77.0091663,38.8744254
3235,intersection,,-76.9984396,38.8628796
3236,intersection,,-76.9986733,38.8630025
3237,intersection,,-77.0090228,38.8744956
3238,intersection,,-77.0090382,38.8746411
3239,intersection,,-77.0091405,38.8784194
3240,intersection,,-77.0091506,38.8783197
3241,intersection,,-77.1080008,38.9315502
3242,intersection,,-77.1069897,38.9302378
3244,intersection,,-77.1108237,38.9345099
3245,intersection,,-77.1082606,38.935738
3248,intersection,,-77.103483,38.927526
3249,intersection,,-77.098521,38.9471278
3250,intersection,,-77.1003672,38.9484909
3251,intersection,,-77.090614,38.944786
3252,intersection,,-77.090611,38.946286
3253,intersection,,-77.0948096,38.9444059
3254,intersection,,-77.096763,38.945844
3255,intersection,,-77.093092,38.943164
3256,intersection,,-77.090608,38.953315
3257,intersection,,-77.091873,38.94227
3258,intersection,,-77.0926129,38.942817
3259,intersection,,-77.0035132,38.8989184
3260,intersection,,-77.003557,38.9024636
3262,intersection,,-77.004846,38.8784148
3263,intersection,,-77.0044883,38.877419
3264,intersection,,-77.0042104,38.8766563
3265,intersection,,-77.0041963,38.8766146
3266,intersection,,-77.0405245,38.8803201
3267,intersection,,-77.0400122,38.8800388
3268,intersection,,-77.039856,38.87993
3269,intersection,,-77.050387,38.8870722
3270,intersection,,-77.0521053,38.8906356
3271,intersection,,-77.0413748,38.8875198
3272,intersection,,-76.9800106,38.8779193
3273,intersection,,-76.9626898,38.8702277
3274,intersection,,-76.9608896,38.8694975
3275,intersection,,-77.0515637,38.8876801
3276,intersection,,-77.0502254,38.8872553
3277,intersection,,-77.0161807,38.9032944
3278,intersection,,-77.0055314,38.9092705
3279,intersection,,-77.0058956,38.9094436
3280,intersection,,-77.0278377,38.9722684
3281,intersection,,-77.033416,38.972263
3282,intersection,,-77.0365453,38.8921067
3283,intersection,,-77.0319604,38.8920989
3284,intersection,,-77.0265722,38.9833073
3285,intersection,,-77.0266194,38.9844544
3286,intersection,,-77.0178588,38.9043435
3287,intersection,,-77.0199068,38.8973469
3288,intersection,,-77.019908,38.8983187
3289,intersection,,-77.0199098,38.8997019
3290,intersection,,-77.0239698,38.8961404
3291,intersection,,-77.023974,38.8952394
3292,intersection,,-76.9966676,38.9210314
3293,intersection,,-76.9956087,38.9213834
3294,intersection,,-76.9955627,38.9215367
3295,intersection,,-76.9965696,38.9212145
3296,intersection,,-76.9947542,38.9216615
3297,intersection,,-77.0035116,38.9187921
3298,intersection,,-77.0065347,38.9177495
3299,intersection,,-77.027644,38.9674432
3301,intersection,,-77.029692,38.962703
3302,intersection,,-77.029737,38.963773
3303,intersection,,-77.0573601,38.9052448
3304,intersection,,-77.0322889,38.9058825
3306,intersection,,-77.0564301,38.9025727
3307,intersection,,-77.0322707,38.88363
3308,intersection,,-77.0329917,38.8840123
3309,intersection,,-77.0267,38.8812946
3310,intersection,,-77.0368893,38.8869426
3311,intersection,,-77.0362423,38.886836
3312,intersection,,-77.0301081,38.9049799
3313,intersection,,-77.0329501,38.8813083
3314,intersection,,-77.0227874,38.8823132
3315,intersection,,-77.0206749,38.8823528
3316,intersection,,-77.0257299,38.8825018
3317,intersection,,-77.0197242,38.8823571
3328,intersection,,-77.0241654,38.881441
3329,intersection,,-77.0301713,38.8828806
3330,intersection,,-77.0303641,38.8828829
3331,intersection,,-77.0308234,38.8829534
3333,intersection,,-77.0270385,38.883514
3334,intersection,,-77.0524321,38.8912848
3336,intersection,,-77.012737,38.8858746
3337,intersection,,-77.0303797,38.882843
3338,intersection,,-77.0286945,38.8827987
3341,intersection,,-77.0561123,38.9011453
3342,intersection,,-77.0233561,38.9119049
3343,intersection,,-77.0090875,38.9169328
3344,intersection,,-77.00909,38.9166433
3345,intersection,,-77.009089,38.9156427
3346,intersection,,-77.0089922,38.9166781
3347,intersection,,-77.0089901,38.9169652
3348,intersection,,-77.0089968,38.9189626
3349,intersection,,-77.0089923,38.9141508
3350,intersection,,-77.0089873,38.9154789
3351,intersection,,-77.0090926,38.9141508
3352,intersection,,-77.0089883,38.9156443
3353,intersection,,-77.0090899,38.9154801
3354,intersection,,-76.9780587,38.9281708
3355,intersection,,-76.9764752,38.9289275
3357,intersection,,-76.9712547,38.9313837
3358,intersection,,-76.9762332,38.9172142
3359,intersection,,-76.9771357,38.9171939
3360,intersection,,-76.9732691,38.9173101
3361,intersection,,-76.9730548,38.9174253
3362,intersection,,-76.9744412,38.9172356
3363,intersection,,-76.9754107,38.9172332
3364,intersection,,-76.9936219,38.9174053
3365,intersection,,-76.9938103,38.9170871
3366,intersection,,-76.9938338,38.9160084
3367,intersection,,-77.0080077,38.8411377
3368,intersection,,-77.0165658,38.8269568
3369,intersection,,-77.0075998,38.8485758
3371,intersection,,-77.0465082,38.9162274
3372,intersection,,-77.046911,38.9171034
3373,intersection,,-77.0448202,38.9121179
3374,intersection,,-77.044905,38.9122956
3375,intersection,,-77.0449131,38.9120843
3376,intersection,,-77.0444081,38.9112232
3377,intersection,,-77.0463147,38.9147986
3378,intersection,,-77.0463509,38.9144786
3379,intersection,,-77.0442782,38.9110035
3380,intersection,,-77.0443196,38.9112491
3381,intersection,,-77.0439045,38.9103522
3382,intersection,,-77.043073,38.9089123
3383,intersection,,-76.9774522,38.9172967
3384,intersection,,-76.9778727,38.917465
3385,intersection,,-77.1008813,38.9485671
3386,intersection,,-77.1039873,38.9389023
3387,intersection,,-77.1012794,38.9485086
3388,intersection,,-77.003089,38.964879
3389,intersection,,-77.0851791,38.9373785
3390,intersection,,-77.0846054,38.9369585
3392,intersection,,-77.0010455,38.9195272
3393,intersection,,-77.0209486,38.9126019
3394,intersection,,-77.0203603,38.912806
3395,intersection,,-77.073149,38.936075
3396,intersection,,-77.0729032,38.9355409
3397,intersection,,-77.072907,38.922543
3398,intersection,,-77.073123,38.922914
3399,intersection,,-77.0666845,38.9137289
3400,intersection,,-77.06721,38.9147073
3402,intersection,,-77.0685321,38.9166901
3404,intersection,,-77.068752,38.916966
3405,intersection,,-77.0692209,38.9175338
3406,intersection,,-77.0693666,38.9177062
3407,intersection,,-77.0651401,38.9108028
3408,intersection,,-77.0660221,38.9124716
3409,intersection,,-77.027039,38.9056578
3410,intersection,,-77.0270378,38.9068546
3413,intersection,,-77.0198492,38.9126087
3414,intersection,,-77.0729035,38.9603168
3415,intersection,,-77.0730915,38.9606405
3416,intersection,,-77.0133284,38.8920881
3417,intersection,,-77.0136361,38.8920911
3418,intersection,,-77.0336382,38.9002326
3419,intersection,,-77.0281024,38.9013368
3420,intersection,,-77.0296245,38.9013363
3422,intersection,,-77.0332382,38.9025296
3423,intersection,,-77.0661708,38.9610265
3424,intersection,,-77.069176,38.961017
3425,intersection,,-77.0720108,38.9610157
3426,intersection,,-77.0704112,38.9560331
3427,intersection,,-77.0678574,38.959031
3428,intersection,,-77.0319534,38.9030062
3429,intersection,,-77.0319559,38.9037435
3430,intersection,,-77.0336193,38.8964126
3431,intersection,,-77.0336226,38.8955549
3434,intersection,,-77.039446,38.9020195
3435,intersection,,-77.0394467,38.9013289
3436,intersection,,-77.0219063,38.8848393
3437,intersection,,-77.0219108,38.8856659
3438,intersection,,-76.945935,38.880828
3439,intersection,,-76.945772,38.880869
3440,intersection,,-76.959002,38.8619294
3441,intersection,,-76.9589111,38.8612455
3442,intersection,,-77.0416875,38.9064831
3444,intersection,,-77.0451305,38.9124162
3445,intersection,,-77.0422682,38.9077909
3446,intersection,,-77.047183,38.9176401
3447,intersection,,-77.04729,38.9178512
3448,intersection,,-77.0479624,38.918621
3450,intersection,,-77.0463717,38.9162255
3452,intersection,,-77.0541658,38.9281053
3453,intersection,,-77.0547135,38.9290439
3454,intersection,,-77.0049269,38.8920223
3455,intersection,,-77.0417128,38.8954044
3456,intersection,,-77.039967,38.8954093
3457,intersection,,-77.0311709,38.9002142
3459,intersection,,-77.0121516,38.8875905
3460,intersection,,-77.0105187,38.8875967
3461,intersection,,-77.0027432,38.8923059
3462,intersection,,-77.0020377,38.8925102
3463,intersection,,-77.0786062,38.946661
3464,intersection,,-77.0554576,38.9043927
3466,intersection,,-77.026507,38.8946731
3467,intersection,,-77.0426255,38.8999205
3468,intersection,,-77.0571541,38.9049351
3469,intersection,,-76.9937643,38.8835872
3470,intersection,,-76.9926454,38.8831322
3471,intersection,,-76.9984569,38.8854988
3472,intersection,,-76.9961737,38.8845699
3473,intersection,,-76.9949709,38.8840802
3474,intersection,,-76.9902445,38.8821531
3475,intersection,,-76.9883169,38.8813678
3476,intersection,,-76.9818302,38.8789431
3477,intersection,,-77.000568,38.886361
3478,intersection,,-76.9996538,38.8859892
3479,intersection,,-77.0007241,38.8864243
3480,intersection,,-77.0020412,38.8869599
3481,intersection,,-77.0003627,38.8865029
3482,intersection,,-77.0004408,38.8865352
3483,intersection,,-76.9993772,38.8861019
3484,intersection,,-77.0005681,38.8865863
3485,intersection,,-76.9804628,38.877955
3486,intersection,,-77.0090025,38.882288
3487,intersection,,-77.0501304,38.8937332
3488,intersection,,-77.0501301,38.8954503
3489,intersection,,-77.0501395,38.8935359
3490,intersection,,-77.0501641,38.8902947
3491,intersection,,-77.0501134,38.9015582
3492,intersection,,-77.0385248,38.9097631
3493,intersection,,-77.0385184,38.9125228
3494,intersection,,-77.0384939,38.9075979
3495,intersection,,-77.0384977,38.9072483
3497,intersection,,-77.0492884,38.9336814
3498,intersection,,-77.043901,38.9276068
3499,intersection,,-76.9575023,38.8964504
3500,intersection,,-76.9426096,38.8929349
3501,intersection,,-76.934832,38.883733
3502,intersection,,-76.9371815,38.8889334
3503,intersection,,-77.0027621,38.9001502
3504,intersection,,-77.0023882,38.9001507
3505,intersection,,-77.0865048,38.9383606
3506,intersection,,-77.0874119,38.9390172
3507,intersection,,-77.0902554,38.9410976
3508,intersection,,-77.090862,38.941532
3509,intersection,,-77.0859,38.9382765
3510,intersection,,-77.0861274,38.9382898
3511,intersection,,-77.0864599,38.938299
3512,intersection,,-77.0863764,38.9379364
3513,intersection,,-77.0858855,38.9375441
3514,intersection,,-77.0857319,38.9375443
3515,intersection,,-77.1005286,38.9488271
3516,intersection,,-77.0853312,38.937541
3517,intersection,,-77.0854358,38.9378958
3518,intersection,,-77.0854993,38.9380944
3519,intersection,,-77.0855499,38.938152
3520,intersection,,-76.9883072,38.893575
3521,intersection,,-76.990241,38.893576
3522,intersection,,-76.9871054,38.8935755
3523,intersection,,-76.9842448,38.8935752
3524,intersection,,-76.9815815,38.8933302
3525,intersection,,-76.9822564,38.8931064
3526,intersection,,-76.9910235,38.8903689
3527,intersection,,-76.9885077,38.8892503
3528,intersection,,-76.9883153,38.8892506
3529,intersection,,-76.9607157,38.8897492
3530,intersection,,-76.9822179,38.8875969
3531,intersection,,-76.9789971,38.8875964
3532,intersection,,-76.9742667,38.8876089
3533,intersection,,-76.9727671,38.8876355
3534,intersection,,-76.9757263,38.887606
3535,intersection,,-76.9750557,38.8876112
3536,intersection,,-77.0076498,38.8968232
3537,intersection,,-77.0077882,38.8969652
3538,intersection,,-76.9847403,38.8920226
3539,intersection,,-76.9726945,38.8878421
3540,intersection,,-76.9719576,38.8878954
3541,intersection,,-76.97364,38.891439
3542,intersection,,-76.9738253,38.8903444
3543,intersection,,-76.988291,38.8904907
3544,intersection,,-76.973871,38.891282
3545,intersection,,-77.0023137,38.8606066
3546,intersection,,-77.0034209,38.8606852
3550,intersection,,-77.1119482,38.9388095
3551,intersection,,-77.1122577,38.9395937
3552,intersection,,-77.0888021,38.9101623
3553,intersection,,-77.091133,38.912712
3554,intersection,,-77.0364744,38.9265215
3555,intersection,,-77.0367307,38.9263933
3556,intersection,,-77.029707,38.926742
3557,intersection,,-77.0324358,38.9265711
3558,intersection,,-77.025939,38.926854
3559,intersection,,-77.023081,38.927177
3560,intersection,,-77.036475,38.9262753
3561,intersection,,-77.035484,38.926325
3562,intersection,,-77.0327373,38.9264908
3563,intersection,,-77.0154669,38.9310186
3564,intersection,,-77.0140416,38.9311647
3565,intersection,,-77.0120882,38.931339
3566,intersection,,-77.012249,38.9313355
3567,intersection,,-77.0148352,38.9312826
3568,intersection,,-77.019581,38.929365
3569,intersection,,-77.023229,38.929041
3572,intersection,,-76.9904179,38.8765444
3574,intersection,,-77.036062,38.9072403
3575,intersection,,-77.0369698,38.9072596
3576,intersection,,-77.000982,38.931215
3577,intersection,,-76.9984095,38.9322542
3578,intersection,,-77.0023029,38.9305245
3579,intersection,,-77.0018515,38.9307636
3580,intersection,,-76.9935123,38.9347773
3581,intersection,,-76.9950922,38.9336178
3582,intersection,,-77.002028,38.915565
3583,intersection,,-77.003507,38.915568
3584,intersection,,-77.0195247,38.927923
3585,intersection,,-77.0190435,38.9279557
3586,intersection,,-77.0176609,38.9279097
3587,intersection,,-77.00057,38.915631
3588,intersection,,-77.000569,38.9162589
3589,intersection,,-77.0005699,38.9269833
3590,intersection,,-77.0005685,38.92901
3591,intersection,,-77.0085553,38.84514
3593,intersection,,-77.0075436,38.9433487
3594,intersection,,-77.0074223,38.9443941
3595,intersection,,-77.0089892,38.922372
3596,intersection,,-77.0089803,38.9251296
3598,intersection,,-77.0090956,38.9087821
3599,intersection,,-77.0090958,38.9074661
3600,intersection,,-77.0090077,38.9106927
3601,intersection,,-77.0091009,38.9052623
3602,intersection,,-77.0091012,38.9051137
3603,intersection,,-77.0088549,38.8381432
3604,intersection,,-77.0081148,38.8364141
3605,intersection,,-77.0082675,38.8469445
3606,intersection,,-77.0089198,38.8407408
3607,intersection,,-77.0084038,38.8451889
3608,intersection,,-76.9633525,38.9240553
3609,intersection,,-76.9646349,38.9249076
3611,intersection,,-77.0315878,38.9058564
3612,intersection,,-77.0323579,38.9055152
3613,intersection,,-77.0315121,38.9056739
3614,intersection,,-77.0315338,38.905555
3615,intersection,,-77.0510833,38.8976097
3616,intersection,,-77.0489928,38.8965929
3617,intersection,,-77.052035,38.8982506
3618,intersection,,-77.0527357,38.8986275
3619,intersection,,-77.0483315,38.8961073
3620,intersection,,-77.0487889,38.8963463
3621,intersection,,-77.0319546,38.9041106
3622,intersection,,-77.031953,38.9042497
3624,intersection,,-77.0136764,38.8996048
3625,intersection,,-77.0152183,38.8920928
3626,intersection,,-77.015216,38.8935571
3627,intersection,,-77.0152127,38.8936263
3628,intersection,,-77.0151992,38.8862458
3629,intersection,,-77.0112079,38.9630954
3630,intersection,,-77.0124546,38.9655832
3631,intersection,,-77.016302,38.972345
3632,intersection,,-77.017054,38.973606
3635,intersection,,-76.9931156,38.9040115
3636,intersection,,-76.990183,38.902739
3637,intersection,,-76.9937359,38.904287
3638,intersection,,-76.9931986,38.9040554
3639,intersection,,-77.0049278,38.9090106
3640,intersection,,-77.012159,38.912122
3641,intersection,,-77.0434396,38.9158941
3642,intersection,,-77.0439538,38.9156276
3643,intersection,,-76.991527,38.902512
3644,intersection,,-76.990241,38.902501
3645,intersection,,-77.0270334,38.9025271
3646,intersection,,-77.0259869,38.9025333
3647,intersection,,-77.0491255,38.9036022
3648,intersection,,-77.0491137,38.9036146
3649,intersection,,-77.0489926,38.9037384
3650,intersection,,-77.0475326,38.9052866
3651,intersection,,-77.0252392,38.9209869
3652,intersection,,-77.0254643,38.923655
3653,intersection,,-77.0270393,38.9039576
3654,intersection,,-77.0270383,38.9033993
3655,intersection,,-77.0270399,38.9037469
3656,intersection,,-77.0280934,38.9114434
3657,intersection,,-77.0282562,38.9118573
3658,intersection,,-77.0280956,38.9037453
3659,intersection,,-77.028094,38.904319
3661,intersection,,-77.0280906,38.9096426
3662,intersection,,-77.0280952,38.9085785
3663,intersection,,-77.0281054,38.9056616
3664,intersection,,-77.0281033,38.9050763
3665,intersection,,-77.032539,38.9275209
3668,intersection,,-77.0059038,38.9080605
3669,intersection,,-76.9507681,38.8660049
3670,intersection,,-76.9475234,38.8693792
3671,intersection,,-77.0273698,38.9514276
3672,intersection,,-77.0317,38.945061
3673,intersection,,-77.0308373,38.9472478
3674,intersection,,-77.0206634,38.9157467
3675,intersection,,-77.0214525,38.8998202
3676,intersection,,-77.0209361,38.8998179
3677,intersection,,-77.0416947,38.9037365
3678,intersection,,-77.0408604,38.9037367
3679,intersection,,-77.0259816,38.9041735
3680,intersection,,-77.0468002,38.9037354
3681,intersection,,-77.0466524,38.9037343
3682,intersection,,-76.973189,38.870171
3683,intersection,,-76.972134,38.8694727
3684,intersection,,-77.0216434,38.939835
3685,intersection,,-77.021531,38.9399859
3687,intersection,,-77.0198015,38.9423144
3688,intersection,,-77.022464,38.9387348
3689,intersection,,-76.9382849,38.8896596
3690,intersection,,-77.0627968,38.9045671
3691,intersection,,-77.0628026,38.9048204
3692,intersection,,-77.0336236,38.8973575
3693,intersection,,-77.0336382,38.9009178
3694,intersection,,-77.0219128,38.8998189
3695,intersection,,-77.0219099,38.9004244
3696,intersection,,-77.0442607,38.9298659
3697,intersection,,-77.007753,38.8314043
3698,intersection,,-77.0431239,38.922361
3699,intersection,,-77.0438918,38.9206782
3700,intersection,,-77.0374545,38.9259368
3701,intersection,,-77.0397615,38.9245949
3702,intersection,,-77.0024539,38.8922685
3703,intersection,,-77.0109469,38.8961303
3704,intersection,,-77.0097082,38.8961308
3705,intersection,,-76.9801888,38.8898029
3706,intersection,,-76.9785628,38.889806
3707,intersection,,-76.9789967,38.8898058
3708,intersection,,-76.9736857,38.94325
3709,intersection,,-76.9668091,38.9378527
3710,intersection,,-77.083888,38.910655
3711,intersection,,-77.0831227,38.9096179
3712,intersection,,-77.0852188,38.9129545
3713,intersection,,-77.085224,38.912984
3714,intersection,,-77.0850478,38.912234
3715,intersection,,-77.041887,38.927229
3716,intersection,,-77.0432467,38.927943
3717,intersection,,-77.0426383,38.9275833
3718,intersection,,-77.000571,38.8804688
3719,intersection,,-77.0016779,38.8807359
3720,intersection,,-77.038869,38.928799
3721,intersection,,-76.939677,38.905626
3722,intersection,,-76.9371438,38.9084815
3725,intersection,,-76.9347043,38.9112417
3726,intersection,,-76.9831726,38.8812885
3727,intersection,,-76.983654,38.8818755
3728,intersection,,-77.0420506,38.9111394
3729,intersection,,-77.0416571,38.9115621
3730,intersection,,-77.0544803,38.9351984
3734,intersection,,-77.0208774,38.9155861
3735,intersection,,-76.9439262,38.9032683
3736,intersection,,-76.983647,38.897326
3737,intersection,,-76.9836504,38.8920217
3738,intersection,,-76.9836575,38.8909362
3739,intersection,,-76.9836566,38.8914779
3740,intersection,,-76.9836417,38.8991496
3742,intersection,,-77.0239672,38.914095
3743,intersection,,-77.0430892,38.8935281
3744,intersection,,-77.0433202,38.893528
3745,intersection,,-77.0434762,38.8935288
3748,intersection,,-77.027744,38.929675
3749,intersection,,-77.0005789,38.8429375
3750,intersection,,-77.00351,38.841332
3751,intersection,,-76.991221,38.863318
3752,intersection,,-76.992245,38.862765
3753,intersection,,-76.993548,38.861833
3754,intersection,,-77.046642,38.9056237
3755,intersection,,-77.0578806,38.9052392
3756,intersection,,-77.037764,38.9056432
3757,intersection,,-77.0378629,38.9056432
3758,intersection,,-77.0365347,38.9056425
3759,intersection,,-77.0327793,38.9056484
3760,intersection,,-77.0338374,38.9056441
3761,intersection,,-77.0385072,38.9056435
3762,intersection,,-76.9998131,38.8450964
3763,intersection,,-77.0050114,38.845098
3764,intersection,,-77.0081494,38.8450565
3765,intersection,,-76.941555,38.902779
3766,intersection,,-76.9410766,38.902933
3767,intersection,,-76.9538396,38.8887652
3768,intersection,,-76.978718,38.919598
3769,intersection,,-76.978617,38.91945
3770,intersection,,-77.0439677,38.909054
3771,intersection,,-77.0437997,38.9090961
3772,intersection,,-77.0496572,38.9096408
3773,intersection,,-77.0424646,38.9096757
3774,intersection,,-77.0466351,38.9096472
3775,intersection,,-77.0450501,38.9096515
3776,intersection,,-77.027477,38.967535
3777,intersection,,-77.0272765,38.9675882
3778,intersection,,-77.0477062,38.911135
3779,intersection,,-77.0792153,38.9126965
3780,intersection,,-77.0843385,38.9124093
3781,intersection,,-77.092346,38.91484
3782,intersection,,-76.9341475,38.8735692
3783,intersection,,-76.952223,38.862124
3784,intersection,,-76.9961867,38.8785892
3785,intersection,,-76.9949736,38.8782423
3786,intersection,,-76.9626813,38.8519147
3787,intersection,,-76.9623507,38.8516095
3788,intersection,,-77.0270386,38.9112327
3789,intersection,,-77.0270376,38.9126083
3790,intersection,,-76.9915331,38.8809151
3791,intersection,,-76.991533,38.8804423
3792,intersection,,-77.0296248,38.8987411
3793,intersection,,-77.0300091,38.9101283
3794,intersection,,-76.9856784,38.9247301
3795,intersection,,-76.985749,38.925069
3796,intersection,,-76.985628,38.9246038
3797,intersection,,-76.9789885,38.9052676
3798,intersection,,-76.9791579,38.8998529
3799,intersection,,-77.0417278,38.8943484
3800,intersection,,-77.0417083,38.8982062
3801,intersection,,-77.0417065,38.8983485
3802,intersection,,-77.0416951,38.9037985
3803,intersection,,-77.0416933,38.9052475
3804,intersection,,-77.0434504,38.9056454
3808,intersection,,-77.022766,38.973609
3809,intersection,,-77.0244669,38.973612
3810,intersection,,-77.0163727,38.9750651
3811,intersection,,-77.063256,38.9275336
3812,intersection,,-77.0663975,38.9299803
3813,intersection,,-77.068123,38.952096
3814,intersection,,-77.0694332,38.9543331
3815,intersection,,-77.0696405,38.9546871
3816,intersection,,-77.0702872,38.9558165
3817,intersection,,-77.0035175,38.8850715
3818,intersection,,-77.0014849,38.9649368
3819,intersection,,-77.0024759,38.9657115
3820,intersection,,-77.0035536,38.9665538
3821,intersection,,-77.0044528,38.9672567
3822,intersection,,-77.0189319,38.897343
3823,intersection,,-77.0771453,38.9546979
3824,intersection,,-77.00057,38.925591
3825,intersection,,-76.9995089,38.9255877
3826,intersection,,-76.9961734,38.9255771
3827,intersection,,-77.0091381,38.8792909
3828,intersection,,-77.0162278,38.8792909
3829,intersection,,-77.041974,38.986503
3830,intersection,,-77.0084672,38.9653855
3831,intersection,,-77.0060833,38.9685311
3832,intersection,,-77.0109599,38.9619647
3834,intersection,,-77.027513,38.939741
3835,intersection,,-77.0274417,38.9562271
3836,intersection,,-77.028029,38.956216
3837,intersection,,-77.019872,38.9564471
3838,intersection,,-77.0161192,38.9565565
3839,intersection,,-77.0128127,38.9738729
3840,intersection,,-76.9887161,38.8765332
3841,intersection,,-77.0675564,38.9593949
3842,intersection,,-77.072873,38.96976
3843,intersection,,-77.0114312,38.8961322
3844,intersection,,-77.0118738,38.8973428
3845,intersection,,-77.0109497,38.8947895
3848,intersection,,-77.0199007,38.908573
3849,intersection,,-77.018925,38.908573
3850,intersection,,-77.02397,38.908574
3851,intersection,,-77.0259867,38.9085814
3852,intersection,,-77.0270388,38.9085829
3853,intersection,,-77.0252725,38.8750115
3854,intersection,,-77.022287,38.865363
3855,intersection,,-77.0262426,38.8761845
3856,intersection,,-77.033516,38.8747629
3857,intersection,,-77.0337599,38.8750078
3858,intersection,,-77.0371073,38.8798734
3859,intersection,,-77.0173108,38.8277981
3860,intersection,,-77.0172976,38.8279953
3861,intersection,,-77.0136687,38.8720423
3862,intersection,,-77.0168855,38.8720558
3863,intersection,,-77.035949,38.9314598
3864,intersection,,-77.072112,38.937331
3865,intersection,,-77.072418,38.93733
3866,intersection,,-77.0732492,38.9373273
3867,intersection,,-77.061068,38.937156
3868,intersection,,-77.062957,38.9373796
3869,intersection,,-77.06343,38.937359
3870,intersection,,-77.066387,38.937335
3871,intersection,,-77.0684783,38.9415487
3872,intersection,,-77.0688989,38.9422533
3873,intersection,,-77.071709,38.9507309
3874,intersection,,-77.07152,38.952097
3875,intersection,,-77.0719137,38.9532973
3876,intersection,,-77.046519,38.9140932
3878,intersection,,-76.988396,38.953238
3879,intersection,,-76.9846673,38.8869098
3880,intersection,,-76.9837521,38.887049
3881,intersection,,-76.995729,38.940729
3883,intersection,,-77.0586417,38.9408952
3885,intersection,,-77.043141,38.941657
3886,intersection,,-77.025514,38.941873
3887,intersection,,-77.025938,38.941867
3888,intersection,,-77.0279528,38.9123865
3889,intersection,,-77.0278613,38.9125436
3890,intersection,,-77.0284603,38.9116447
3891,intersection,,-76.9862785,38.9100385
3892,intersection,,-76.989892,38.906836
3893,intersection,,-76.9819009,38.9139357
3894,intersection,,-76.983427,38.91255
3895,intersection,,-77.007997,38.9426495
3896,intersection,,-77.0270373,38.9181141
3897,intersection,,-77.0270362,38.9191968
3898,intersection,,-77.0270387,38.9204994
3899,intersection,,-77.0270396,38.9170066
3900,intersection,,-77.02826,38.931821
3901,intersection,,-77.0281845,38.8874099
3902,intersection,,-77.0281136,38.8849169
3903,intersection,,-77.0281133,38.884711
3904,intersection,,-77.0345107,38.9181162
3905,intersection,,-77.0345445,38.9187231
3906,intersection,,-77.0345758,38.9025334
3907,intersection,,-77.0385195,38.9024142
3908,intersection,,-77.0385188,38.9025308
3909,intersection,,-76.978995,38.9212904
3910,intersection,,-76.978997,38.923438
3911,intersection,,-76.979285,38.928951
3912,intersection,,-76.9796064,38.9331124
3913,intersection,,-76.9800973,38.9394669
3914,intersection,,-77.044885,38.9110334
3915,intersection,,-77.0448853,38.9111375
3916,intersection,,-77.0448855,38.9103213
3917,intersection,,-77.0448693,38.9083571
3918,intersection,,-77.044865,38.9095315
3919,intersection,,-77.0449131,38.8978579
3920,intersection,,-77.0449044,38.9037335
3921,intersection,,-77.0448583,38.9052599
3922,intersection,,-77.0466539,38.9038769
3923,intersection,,-77.0467156,38.8936708
3924,intersection,,-77.0467155,38.8936401
3925,intersection,,-77.0466906,38.8941072
3926,intersection,,-77.0175611,38.8910774
3927,intersection,,-77.0175581,38.8915927
3928,intersection,,-76.9379461,38.890479
3929,intersection,,-76.9314062,38.9101174
3930,intersection,,-76.9305819,38.9094714
3933,intersection,,-76.9336189,38.9118523
3934,intersection,,-76.9320933,38.9106572
3935,intersection,,-76.9245029,38.9047068
3936,intersection,,-77.0165754,38.8301075
3937,intersection,,-77.0096278,38.8388177
3938,intersection,,-77.0083821,38.9313663
3939,intersection,,-77.0496729,38.944029
3940,intersection,,-77.025615,38.973611
3941,intersection,,-76.991533,38.8935754
3942,intersection,,-76.9937574,38.8935795
3943,intersection,,-76.9949646,38.8935805
3944,intersection,,-77.0073947,38.8961463
3945,intersection,,-76.984361,38.866634
3946,intersection,,-77.002919,38.940435
3947,intersection,,-77.0030861,38.9407426
3948,intersection,,-77.0182734,38.8792935
3949,intersection,,-77.02751,38.928705
3950,intersection,,-77.0266399,38.9287852
3951,intersection,,-76.994959,38.902512
3952,intersection,,-76.9937537,38.9025183
3953,intersection,,-77.0297081,38.929674
3954,intersection,,-77.0321875,38.9298736
3955,intersection,,-77.0295738,38.9101849
3956,intersection,,-77.0298965,38.9101545
3957,intersection,,-77.0292845,38.9101111
3958,intersection,,-77.0292027,38.9092052
3959,intersection,,-77.0289725,38.9094246
3960,intersection,,-77.0302495,38.9099332
3961,intersection,,-76.9941205,38.8610261
3962,intersection,,-76.9939174,38.8613428
3965,intersection,,-77.0152044,38.876546
3966,intersection,,-77.0167811,38.87653
3967,intersection,,-77.0152048,38.8763789
3968,intersection,,-77.0138866,38.8763961
3969,intersection,,-76.943521,38.870773
3970,intersection,,-76.9429599,38.8705443
3971,intersection,,-76.9397241,38.8692219
3972,intersection,,-76.9899932,38.9325943
3973,intersection,,-76.989529,38.9326154
3974,intersection,,-76.9863648,38.932771
3975,intersection,,-76.981176,38.9330331
3976,intersection,,-76.9902929,38.9325806
3977,intersection,,-76.9954569,38.9323724
3978,intersection,,-76.9950121,38.9323739
3979,intersection,,-77.0340971,38.8816251
3980,intersection,,-77.0339644,38.8751897
3981,intersection,,-77.0393201,38.8789932
3983,intersection,,-77.0013615,38.864671
3984,intersection,,-77.008514,38.8695429
3985,intersection,,-77.0079754,38.8693605
3986,intersection,,-77.079898,38.9259432
3987,intersection,,-77.0071943,38.8989026
3988,intersection,,-77.0076666,38.8975474
3989,intersection,,-76.9783204,38.942862
3990,intersection,,-76.993757,38.903574
3991,intersection,,-76.994959,38.902798
3992,intersection,,-76.9917595,38.9051933
3993,intersection,,-76.9927808,38.9042871
3994,intersection,,-76.9778998,38.9174856
3995,intersection,,-76.990805,38.869374
3996,intersection,,-76.9785482,38.9172802
3997,intersection,,-76.9910785,38.933526
3998,intersection,,-76.9909991,38.9325369
3999,intersection,,-76.9902475,38.9233067
4000,intersection,,-76.9902123,38.9231806
4002,intersection,,-76.976844,38.897613
4003,intersection,,-77.005885,38.903733
4004,intersection,,-77.066455,38.938586
4005,intersection,,-76.994902,38.9047715
4006,intersection,,-77.0296916,38.9602028
4007,intersection,,-77.0334243,38.9560617
4008,intersection,,-77.0219169,38.8947993
4009,intersection,,-77.0239708,38.8948034
4010,intersection,,-77.0260487,38.884861
4011,intersection,,-77.0259171,38.8848611
4012,intersection,,-77.0262829,38.8848602
4013,intersection,,-77.0281166,38.884469
4014,intersection,,-77.0209443,38.8848419
4015,intersection,,-77.073973,38.93509
4016,intersection,,-77.0752858,38.9334887
4017,intersection,,-77.0767921,38.9316444
4018,intersection,,-77.0723627,38.9370274
4019,intersection,,-77.0157988,38.8947139
4020,intersection,,-77.0170863,38.894809
4021,intersection,,-77.0199158,38.8944258
4022,intersection,,-76.999504,38.9056457
4023,intersection,,-76.998443,38.9056458
4024,intersection,,-76.9971411,38.9057189
4026,intersection,,-77.0864761,38.934618
4027,intersection,,-77.087038,38.9353403
4030,intersection,,-77.0756626,38.9242562
4031,intersection,,-77.076101,38.92503
4032,intersection,,-77.0035167,38.8935833
4033,intersection,,-77.0770459,38.9334843
4034,intersection,,-77.0770505,38.9316849
4035,intersection,,-77.0770476,38.9310915
4036,intersection,,-77.077052,38.929019
4037,intersection,,-77.0199145,38.8848483
4038,intersection,,-76.9961747,38.8847951
4039,intersection,,-76.9937623,38.8838111
4040,intersection,,-77.0421938,38.9229887
4041,intersection,,-77.040143,38.924352
4042,intersection,,-77.040338,38.924226
4043,intersection,,-77.0239757,38.8983887
4044,intersection,,-77.0259957,38.898321
4045,intersection,,-76.982217,38.8930473
4046,intersection,,-77.0679254,38.9150064
4047,intersection,,-77.0005719,38.8805691
4048,intersection,,-77.0005713,38.882704
4049,intersection,,-77.0005681,38.8868715
4050,intersection,,-77.0239724,38.8979796
4051,intersection,,-76.9921315,38.9120009
4052,intersection,,-76.9921889,38.911631
4053,intersection,,-76.990164,38.912388
4054,intersection,,-76.9905724,38.9124479
4055,intersection,,-76.9907518,38.912458
4056,intersection,,-76.9909115,38.9124501
4057,intersection,,-76.9908029,38.9132093
4059,intersection,,-76.9912567,38.9136419
4061,intersection,,-76.9909275,38.912907
4062,intersection,,-76.9924889,38.9128636
4063,intersection,,-76.9934514,38.914597
4064,intersection,,-76.9935894,38.9145517
4065,intersection,,-76.9929584,38.9134341
4066,intersection,,-76.9935748,38.9148706
4067,intersection,,-76.9936767,38.9153823
4068,intersection,,-76.993675,38.915558
4069,intersection,,-76.9907492,38.9123466
4070,intersection,,-76.9916277,38.9123378
4071,intersection,,-76.9909009,38.9123206
4073,intersection,,-77.0005811,38.8309636
4074,intersection,,-77.0839972,38.9302837
4075,intersection,,-77.0910512,38.930275
4076,intersection,,-76.9236603,38.903839
4077,intersection,,-76.9235992,38.9039985
4078,intersection,,-76.975094,38.874242
4079,intersection,,-76.9732464,38.8745444
4080,intersection,,-77.0125727,38.8287858
4081,intersection,,-77.0099396,38.8316511
4082,intersection,,-77.091239,38.95647
4083,intersection,,-77.090522,38.957038
4084,intersection,,-77.0025074,38.8948019
4085,intersection,,-77.003511,38.894787
4086,intersection,,-77.0473471,38.9232497
4087,intersection,,-77.0017031,38.9308433
4090,intersection,,-77.0088852,38.8711641
4091,intersection,,-77.008724,38.8710332
4092,intersection,,-77.0766125,38.9676078
4093,intersection,,-77.0289813,38.9098299
4094,intersection,,-77.0290069,38.9098703
4095,intersection,,-77.0291512,38.9100328
4096,intersection,,-77.0291632,38.910041
4097,intersection,,-76.999074,38.960911
4098,intersection,,-77.000787,38.9592392
4099,intersection,,-77.0370621,38.9170145
4100,intersection,,-77.0400852,38.9170103
4101,intersection,,-77.0556377,38.9024427
4102,intersection,,-77.0336368,38.9013403
4103,intersection,,-77.0336296,38.9020608
4104,intersection,,-77.0152645,38.8917115
4105,intersection,,-77.0152099,38.8915437
4106,intersection,,-76.9810516,38.8792163
4107,intersection,,-77.021821,38.978302
4108,intersection,,-77.073195,38.922544
4109,intersection,,-76.972168,38.9255813
4110,intersection,,-77.000569,38.926618
4111,intersection,,-76.9702137,38.8662757
4112,intersection,,-77.0434779,38.8937562
4113,intersection,,-77.0434772,38.8936162
4115,intersection,,-77.0058964,38.8744883
4116,intersection,,-77.0059052,38.8746428
4117,intersection,,-76.96897,38.867969
4119,intersection,,-77.0005686,38.9223283
4120,intersection,,-77.000569,38.921295
4121,intersection,,-77.0543818,38.9705675
4122,intersection,,-77.053556,38.970597
4123,intersection,,-76.994965,38.897333
4124,intersection,,-76.993761,38.897333
4125,intersection,,-76.93304,38.881491
4126,intersection,,-77.0663899,38.9334876
4127,intersection,,-77.072413,38.9334781
4128,intersection,,-77.0534898,38.9710452
4129,intersection,,-77.0251093,38.9351526
4130,intersection,,-77.02413,38.935233
4131,intersection,,-77.0729882,38.919551
4132,intersection,,-77.073648,38.920698
4133,intersection,,-77.090614,38.941879
4135,intersection,,-76.9855023,38.8876009
4136,intersection,,-76.9855018,38.8867049
4137,intersection,,-76.9855035,38.8853626
4138,intersection,,-77.0121621,38.9025187
4139,intersection,,-77.0121693,38.9037944
4140,intersection,,-77.0466417,38.9072435
4141,intersection,,-77.0466407,38.906225
4142,intersection,,-77.003558,38.9025151
4143,intersection,,-77.0035576,38.9037287
4144,intersection,,-77.021622,38.941982
4145,intersection,,-77.0218558,38.9467791
4146,intersection,,-77.0215374,38.940139
4147,intersection,,-77.0073692,38.8961278
4148,intersection,,-77.0067891,38.8958592
4149,intersection,,-77.006233,38.948278
4150,intersection,,-77.007831,38.952374
4151,intersection,,-76.9831001,38.9501049
4152,intersection,,-76.9949774,38.9323741
4153,intersection,,-76.9956963,38.9323721
4154,intersection,,-76.996818,38.952634
4155,intersection,,-76.9981251,38.9536418
4156,intersection,,-76.995986,38.951996
4157,intersection,,-77.0076397,38.8969711
4158,intersection,,-77.0076536,38.8974141
4159,intersection,,-77.0199716,38.9583456
4160,intersection,,-77.019906,38.9587428
4161,intersection,,-77.0334264,38.9518817
4162,intersection,,-77.0334245,38.9555614
4163,intersection,,-77.033427,38.950802
4164,intersection,,-77.0281486,38.9570874
4165,intersection,,-77.0261326,38.9541327
4170,intersection,,-76.9718941,38.9315983
4171,intersection,,-76.9520232,38.9223533
4172,intersection,,-76.9551982,38.9217959
4173,intersection,,-76.9596615,38.9247964
4174,intersection,,-76.9574823,38.9281534
4175,intersection,,-76.9594355,38.9243978
4176,intersection,,-76.9569435,38.9285426
4177,intersection,,-76.9597924,38.9247608
4178,intersection,,-76.9595913,38.9243352
4179,intersection,,-76.9503933,38.9220055
4180,intersection,,-76.9497941,38.9230833
4181,intersection,,-76.973228,38.872221
4182,intersection,,-77.0019927,38.8222191
4183,intersection,,-76.9349983,38.9028517
4184,intersection,,-76.933251,38.896209
4186,intersection,,-76.991526,38.900201
4187,intersection,,-76.9923411,38.9002015
4188,intersection,,-76.9642578,38.8973262
4189,intersection,,-76.9655023,38.8974197
4190,intersection,,-76.9658458,38.8974551
4191,intersection,,-76.9841871,38.9001439
4193,intersection,,-76.9607583,38.8969113
4194,intersection,,-76.9527951,38.8957156
4195,intersection,,-76.9504241,38.8953419
4196,intersection,,-76.9527683,38.8958242
4197,intersection,,-76.9501126,38.8952909
4199,intersection,,-76.9503329,38.895415
4200,intersection,,-76.9978286,38.8625546
4201,intersection,,-77.0175888,38.8208694
4202,intersection,,-77.0173986,38.821822
4203,intersection,,-77.0173703,38.8273386
4204,intersection,,-77.0173759,38.8245848
4205,intersection,,-77.0173559,38.8284527
4206,intersection,,-77.0173661,38.8283377
4207,intersection,,-77.0169459,38.8296519
4210,intersection,,-77.0170908,38.8299109
4211,intersection,,-76.9790703,38.9066575
4212,intersection,,-76.9791013,38.9068644
4213,intersection,,-77.0199013,38.9637784
4214,intersection,,-77.0046314,38.9557294
4215,intersection,,-77.0025851,38.9564022
4217,intersection,,-77.0547967,38.8921822
4218,intersection,,-77.042799,38.984904
4219,intersection,,-77.038995,38.963293
4220,intersection,,-77.038873,38.963385
4221,intersection,,-77.0503814,38.9098108
4222,intersection,,-77.050444,38.9101809
4223,intersection,,-77.0428567,38.9841088
4224,intersection,,-77.0578328,38.95673
4225,intersection,,-76.9762241,38.9331162
4226,intersection,,-76.9741682,38.9331054
4227,intersection,,-76.9932787,38.9499066
4228,intersection,,-76.9911254,38.9482632
4229,intersection,,-76.983669,38.9428571
4230,intersection,,-76.9850476,38.9438627
4231,intersection,,-76.9446858,38.9017349
4232,intersection,,-76.9441013,38.9020508
4233,intersection,,-76.9900779,38.8684949
4234,intersection,,-76.9917498,38.866096
4235,intersection,,-76.9910717,38.8670226
4236,intersection,,-76.9971925,38.8792892
4237,intersection,,-76.9859298,38.8704222
4238,intersection,,-76.9907229,38.8744789
4239,intersection,,-76.9906488,38.8747724
4240,intersection,,-76.9888596,38.8707754
4241,intersection,,-76.989553,38.8686087
4242,intersection,,-76.9893391,38.8684533
4243,intersection,,-76.990418,38.8760225
4244,intersection,,-76.9907058,38.8734929
4245,intersection,,-76.9674242,38.8595718
4247,intersection,,-76.9717686,38.8879555
4248,intersection,,-76.9715048,38.8880228
4251,intersection,,-76.9719046,38.8878208
4252,intersection,,-76.9717442,38.8878901
4253,intersection,,-76.9909747,38.8766984
4254,intersection,,-76.9910134,38.8762474
4255,intersection,,-76.9877918,38.8769391
4256,intersection,,-76.9824598,38.8772639
4257,intersection,,-76.9903245,38.8728419
4258,intersection,,-76.9906139,38.8732866
4259,intersection,,-76.9820006,38.8720909
4260,intersection,,-76.9903897,38.8674361
4261,intersection,,-76.9901388,38.8676709
4262,intersection,,-76.9908359,38.8732137
4263,intersection,,-76.9905193,38.8727501
4264,intersection,,-76.9909433,38.8734226
4265,intersection,,-76.9897899,38.8684093
4266,intersection,,-76.9896645,38.868325
4267,intersection,,-76.9857676,38.8706344
4268,intersection,,-76.9869623,38.8703498
4269,intersection,,-76.9894468,38.8681856
4275,intersection,,-77.0209311,38.8929594
4277,intersection,,-77.0254529,38.8943813
4281,intersection,,-77.0235931,38.8936983
4282,intersection,,-77.0231356,38.9041728
4283,intersection,,-77.0227564,38.9041735
4284,intersection,,-77.0327178,38.9305051
4285,intersection,,-76.9891693,38.9212954
4286,intersection,,-76.9893788,38.9210966
4287,intersection,,-76.988578,38.922042
4288,intersection,,-76.988353,38.923145
4289,intersection,,-76.9700786,38.9173107
4290,intersection,,-76.9629209,38.9169555
4293,intersection,,-76.990504,38.897253
4294,intersection,,-76.991527,38.897331
4295,intersection,,-77.0252428,38.9351388
4296,intersection,,-77.029709,38.931323
4297,intersection,,-77.0088311,38.9303142
4298,intersection,,-77.0501124,38.9032836
4299,intersection,,-77.02962,38.918113
4300,intersection,,-77.0318093,38.9181152
4301,intersection,,-77.0352931,38.9230852
4302,intersection,,-77.0355049,38.926694
4303,intersection,,-77.0125344,38.9155237
4304,intersection,,-77.012156,38.915528
4306,intersection,,-76.9937678,38.8644407
4307,intersection,,-77.0336269,38.8988057
4308,intersection,,-77.0350884,38.9185589
4309,intersection,,-77.0354853,38.9181146
4310,intersection,,-76.9854511,38.8703274
4311,intersection,,-77.0080056,38.8451347
4312,intersection,,-77.0081492,38.845137
4313,intersection,,-77.0161188,38.8224628
4314,intersection,,-77.0163928,38.8245548
4315,intersection,,-77.063776,38.9446238
4317,intersection,,-77.0193987,38.8765325
4318,intersection,,-77.019889,38.8765444
4319,intersection,,-77.0198958,38.8768256
4320,intersection,,-77.0199078,38.9008763
4321,intersection,,-77.0189285,38.9011315
4322,intersection,,-77.0181239,38.9008526
4323,intersection,,-77.0106542,38.8720406
4324,intersection,,-77.0125926,38.876401
4325,intersection,,-76.9819822,38.8787829
4326,intersection,,-76.9836645,38.8794679
4327,intersection,,-76.9937687,38.8764512
4328,intersection,,-76.9923805,38.8764524
4329,intersection,,-76.9707521,38.8734116
4330,intersection,,-76.9705316,38.8735218
4331,intersection,,-76.944864,38.879093
4332,intersection,,-76.9406511,38.8759387
4333,intersection,,-76.9706746,38.8733802
4334,intersection,,-76.939555,38.883189
4335,intersection,,-76.9315758,38.8786557
4336,intersection,,-76.932303,38.8801
4337,intersection,,-76.951328,38.888015
4338,intersection,,-76.946677,38.88283
4339,intersection,,-76.9402129,38.9057088
4341,intersection,,-76.941207,38.904644
4344,intersection,,-77.0020469,38.8766448
4345,intersection,,-76.996184,38.879285
4346,intersection,,-76.992645,38.883354
4347,intersection,,-76.9883165,38.8815923
4348,intersection,,-76.9902448,38.8823765
4349,intersection,,-76.9949671,38.8843038
4350,intersection,,-76.9716152,38.8731546
4351,intersection,,-76.9699888,38.8737994
4352,intersection,,-76.9711547,38.8735999
4353,intersection,,-77.0219099,38.883246
4354,intersection,,-77.0318672,38.8860588
4356,intersection,,-77.0281159,38.8843823
4357,intersection,,-77.0219148,38.8920822
4358,intersection,,-77.0210219,38.8920814
4359,intersection,,-77.0444241,38.8959921
4360,intersection,,-77.0319506,38.9013411
4361,intersection,,-77.0319536,38.9020192
4362,intersection,,-77.0345534,38.9026438
4363,intersection,,-77.0345764,38.9029648
4364,intersection,,-77.0677093,38.9430167
4365,intersection,,-77.066469,38.9431149
4366,intersection,,-77.0648557,38.9432026
4367,intersection,,-77.0665748,38.9432134
4371,intersection,,-77.0563093,38.8981455
4372,intersection,,-77.0563875,38.897358
4374,intersection,,-77.0624606,38.9268546
4375,intersection,,-77.0600717,38.9249884
4376,intersection,,-77.0588437,38.9240291
4377,intersection,,-77.0583413,38.9236396
4378,intersection,,-77.0577653,38.9232128
4379,intersection,,-77.0599903,38.9250486
4380,intersection,,-77.062382,38.9269156
4381,intersection,,-77.0587647,38.9240904
4382,intersection,,-77.0582641,38.9236982
4383,intersection,,-77.0576886,38.9232734
4385,intersection,,-77.0448533,38.9077617
4386,intersection,,-77.0448557,38.9079086
4387,intersection,,-77.0448519,38.9074028
4388,intersection,,-77.0385021,38.906857
4389,intersection,,-77.029725,38.936285
4391,intersection,,-77.0345189,38.9177738
4392,intersection,,-77.001123,38.9587917
4393,intersection,,-77.001835,38.9578452
4394,intersection,,-76.9894236,38.8685267
4395,intersection,,-76.9887181,38.8708519
4396,intersection,,-76.9947553,38.8783943
4397,intersection,,-76.9886916,38.8685435
4398,intersection,,-76.9882055,38.8687931
4399,intersection,,-76.9912826,38.8747026
4400,intersection,,-76.9912725,38.8745486
4401,intersection,,-76.9891955,38.8683131
4402,intersection,,-76.9912482,38.8762297
4403,intersection,,-77.0368564,38.9170141
4404,intersection,,-77.0528648,38.9024951
4406,intersection,,-76.9915211,38.8903702
4407,intersection,,-76.993759,38.8912409
4408,intersection,,-76.9949596,38.8917306
4409,intersection,,-76.9988968,38.893092
4410,intersection,,-76.9986151,38.8931575
4411,intersection,,-77.0004973,38.8932372
4412,intersection,,-77.0005796,38.8933911
4413,intersection,,-77.0007489,38.8931278
4414,intersection,,-77.0020377,38.8925989
4415,intersection,,-76.9882666,38.8874843
4416,intersection,,-76.9883103,38.8875994
4417,intersection,,-76.9878004,38.8868621
4418,intersection,,-76.9855024,38.8841074
4419,intersection,,-76.9885877,38.8877206
4420,intersection,,-76.9885064,38.8876005
4421,intersection,,-76.9879249,38.8898095
4422,intersection,,-76.9881533,38.8898523
4423,intersection,,-76.9882506,38.8896942
4436,intersection,,-77.0688914,38.9040782
4437,intersection,,-77.0695878,38.904302
4438,intersection,,-77.0691879,38.904209
4439,intersection,,-77.0936621,38.9152605
4440,intersection,,-77.093066,38.914824
4441,intersection,,-77.039305,38.8800905
4442,intersection,,-76.9886671,38.8876007
4443,intersection,,-76.9937659,38.8876015
4444,intersection,,-76.9956812,38.8876024
4445,intersection,,-76.9851205,38.8876074
4446,intersection,,-76.9849009,38.8876091
4447,intersection,,-76.9926439,38.8888368
4448,intersection,,-77.0460304,38.9056535
4449,intersection,,-76.9832686,38.8869756
4451,intersection,,-76.9840168,38.887347
4452,intersection,,-76.9862541,38.8881605
4455,intersection,,-77.0572139,38.9019787
4456,intersection,,-77.0572118,38.9018647
4457,intersection,,-77.0571463,38.9020439
4458,intersection,,-77.0571727,38.9019654
4459,intersection,,-77.0572267,38.9020879
4460,intersection,,-77.0550979,38.9037495
4461,intersection,,-77.0567739,38.9030356
4462,intersection,,-77.0568971,38.9026978
4463,intersection,,-77.0570273,38.9023578
4464,intersection,,-77.0523322,38.9001211
4465,intersection,,-76.9577573,38.9307334
4466,intersection,,-76.9583608,38.9312137
4467,intersection,,-76.9849924,38.8877175
4468,intersection,,-76.9847332,38.8876113
4471,intersection,,-77.0259884,38.8998191
4472,intersection,,-76.986421,38.8526635
4473,intersection,,-77.015275,38.8944783
4474,intersection,,-77.0155462,38.8947142
4475,intersection,,-77.0270496,38.9139623
4478,intersection,,-77.0270372,38.913474
4480,intersection,,-77.033531,38.989963
4481,intersection,,-77.0356844,38.9916473
4482,intersection,,-77.0364376,38.9648143
4483,intersection,,-77.0363297,38.9648134
4484,intersection,,-77.0363237,38.9652746
4485,intersection,,-77.0364175,38.9786884
4487,intersection,,-77.0363293,38.9894258
4488,intersection,,-77.0363864,38.9884356
4489,intersection,,-77.0363457,38.9602082
4490,intersection,,-77.0363371,38.9606454
4491,intersection,,-77.0364568,38.9592923
4492,intersection,,-77.0364494,38.957486
4493,intersection,,-77.0364171,38.9504881
4494,intersection,,-77.0364689,38.9499307
4495,intersection,,-77.0364125,38.9509841
4496,intersection,,-77.0364024,38.9518674
4497,intersection,,-77.0076557,38.9550885
4498,intersection,,-77.0175861,38.899819
4499,intersection,,-77.0364466,38.937427
4500,intersection,,-77.024964,38.939744
4501,intersection,,-77.02524,38.940811
4502,intersection,,-77.0259754,38.9270956
4503,intersection,,-77.0260546,38.9275895
4504,intersection,,-77.0256136,38.9246481
4505,intersection,,-77.025656,38.924889
4506,intersection,,-77.029711,38.923765
4507,intersection,,-77.012153,38.9213076
4508,intersection,,-77.012151,38.9223758
4509,intersection,,-76.979114,38.843112
4510,intersection,,-76.978967,38.844671
4512,intersection,,-77.011627,38.915564
4514,intersection,,-77.0926131,38.943164
4515,intersection,,-76.9846082,38.8921444
4516,intersection,,-76.9585254,38.8619986
4518,intersection,,-76.9677993,38.8593594
4519,intersection,,-76.9658254,38.8603812
4520,intersection,,-76.9663669,38.8601867
4521,intersection,,-77.1078677,38.9316238
4522,intersection,,-77.110553,38.9343975
4523,intersection,,-77.1067843,38.9300385
4524,intersection,,-77.106835,38.9302623
4525,intersection,,-77.0979676,38.9182259
4526,intersection,,-77.101003,38.9246182
4527,intersection,,-77.0144616,38.8996681
4529,intersection,,-77.0468711,38.9326465
4530,intersection,,-77.0498496,38.9330302
4531,intersection,,-76.9463175,38.8989453
4532,intersection,,-76.9464857,38.8987619
4533,intersection,,-76.946583,38.898381
4534,intersection,,-76.9530629,38.8899006
4535,intersection,,-76.953214,38.8897101
4537,intersection,,-76.9489182,38.8954296
4538,intersection,,-76.9518934,38.8914275
4539,intersection,,-76.9520847,38.8912604
4541,intersection,,-76.9536766,38.8890511
4542,intersection,,-77.0180286,38.9146206
4543,intersection,,-77.056171,38.9032598
4544,intersection,,-77.0267679,38.9327455
4545,intersection,,-77.0225891,38.9387322
4546,intersection,,-77.0233904,38.9376364
4547,intersection,,-77.021767,38.9398305
4549,intersection,,-77.0198919,38.9423469
4550,intersection,,-77.0266517,38.9320528
4551,intersection,,-77.0334683,38.9616086
4552,intersection,,-77.0334487,38.9592828
4553,intersection,,-77.0333825,38.9592824
4554,intersection,,-77.033398,38.9613299
4555,intersection,,-77.0334203,38.9638753
4556,intersection,,-77.0334162,38.9719599
4558,intersection,,-77.0095862,38.9070957
4560,intersection,,-77.1057361,38.9364133
4561,intersection,,-77.1063937,38.9360649
4562,intersection,,-77.0951676,38.9157086
4563,intersection,,-77.0950593,38.9158555
4564,intersection,,-77.0258727,38.8868457
4565,intersection,,-77.0258678,38.8871858
4566,intersection,,-77.0258636,38.8875739
4567,intersection,,-77.0258716,38.8821885
4568,intersection,,-77.0189302,38.9013449
4569,intersection,,-77.0193796,38.9013641
4570,intersection,,-77.0189292,38.9036189
4571,intersection,,-77.0189297,38.902521
4572,intersection,,-77.0258826,38.8845412
4573,intersection,,-77.025883,38.8853607
4574,intersection,,-77.0129931,38.8922591
4575,intersection,,-77.0030637,38.9056445
4576,intersection,,-77.0005672,38.9056456
4577,intersection,,-76.987137,38.9407236
4578,intersection,,-76.988303,38.938982
4579,intersection,,-77.0034515,38.9045548
4580,intersection,,-76.9439612,38.9030468
4581,intersection,,-76.9499754,38.8973328
4591,intersection,,-77.0321534,38.8793883
4592,intersection,,-77.0317709,38.8796975
4594,intersection,,-77.0219398,38.882137
4595,intersection,,-77.0219189,38.8827128
4596,intersection,,-77.0219198,38.8824928
4598,intersection,,-77.021976,38.8798537
4599,intersection,,-77.0127206,38.8863977
4600,intersection,,-77.0149968,38.8961706
4601,intersection,,-77.0149978,38.8960988
4602,intersection,,-77.0138261,38.8961709
4603,intersection,,-77.014454,38.8961708
4604,intersection,,-77.0144486,38.8995104
4605,intersection,,-77.0141124,38.8993919
4606,intersection,,-77.0144714,38.8960928
4608,intersection,,-77.0138618,38.8994559
4609,intersection,,-77.0131335,38.9006953
4612,intersection,,-77.0131749,38.8992001
4613,intersection,,-77.0090957,38.8975315
4614,intersection,,-77.0092553,38.8975564
4615,intersection,,-77.0119703,38.8976057
4616,intersection,,-77.0090705,38.8973358
4617,intersection,,-77.0144476,38.8948013
4618,intersection,,-77.019476,38.902521
4619,intersection,,-77.0140046,38.9025212
4620,intersection,,-77.0149659,38.9025222
4621,intersection,,-77.012163,38.9096374
4622,intersection,,-77.0121653,38.9072354
4623,intersection,,-77.0121516,38.9111314
4624,intersection,,-77.0184284,38.8983239
4625,intersection,,-77.0183586,38.8948158
4626,intersection,,-77.0090077,38.907173
4627,intersection,,-77.0094619,38.9071386
4628,intersection,,-77.0091961,38.9070392
4630,intersection,,-77.0282565,38.8859783
4631,intersection,,-77.0300599,38.8859779
4632,intersection,,-77.0227222,38.888737
4633,intersection,,-77.0240861,38.8905196
4634,intersection,,-77.0281881,38.8904792
4635,intersection,,-77.030832,38.8904438
4636,intersection,,-77.0311467,38.8804297
4637,intersection,,-77.0246115,38.8812419
4638,intersection,,-77.0188971,38.8792921
4639,intersection,,-77.017642,38.8860404
4640,intersection,,-77.0175564,38.8888068
4641,intersection,,-77.0175564,38.8887289
4642,intersection,,-77.0175584,38.884681
4643,intersection,,-77.0240645,38.8834682
4644,intersection,,-77.0241322,38.8830442
4645,intersection,,-77.0275746,38.8827036
4646,intersection,,-77.0298508,38.8826414
4647,intersection,,-77.0177661,38.8825405
4648,intersection,,-77.0196626,38.8832464
4649,intersection,,-77.0136361,38.8862407
4650,intersection,,-77.0313534,38.8830402
4651,intersection,,-77.0502225,38.8906696
4652,intersection,,-77.0498396,38.8901521
4653,intersection,,-77.0495404,38.8901242
4655,intersection,,-77.0260907,38.8831669
4656,intersection,,-77.0260882,38.8821855
4657,intersection,,-77.0281693,38.886686
4658,intersection,,-77.026091,38.8842129
4659,intersection,,-77.0260865,38.8835881
4660,intersection,,-77.0256926,38.8848601
4661,intersection,,-77.0245668,38.8820133
4662,intersection,,-77.0260489,38.8838367
4663,intersection,,-77.0261737,38.8831646
4664,intersection,,-77.026049,38.8845733
4665,intersection,,-77.0273168,38.8827361
4666,intersection,,-77.0261859,38.8830469
4667,intersection,,-77.0258156,38.883034
4668,intersection,,-77.0259203,38.8838323
4669,intersection,,-77.0259216,38.8845762
4670,intersection,,-77.0163987,38.887572
4671,intersection,,-77.016695,38.8875731
4672,intersection,,-77.0090362,38.895137
4673,intersection,,-77.0089167,38.8949771
4674,intersection,,-77.0091634,38.8950451
4676,intersection,,-77.0121717,38.8947891
4677,intersection,,-77.0121672,38.8961388
4678,intersection,,-77.0121663,38.8928656
4679,intersection,,-77.0121647,38.8920877
4680,intersection,,-77.0151841,38.8837488
4681,intersection,,-77.0136701,38.8833357
4682,intersection,,-77.0175589,38.8832468
4683,intersection,,-77.0175579,38.8846344
4684,intersection,,-77.0175609,38.8844655
4685,intersection,,-77.0175594,38.8833404
4686,intersection,,-77.0175589,38.8812886
4687,intersection,,-77.016624,38.8917653
4689,intersection,,-77.0162243,38.891971
4690,intersection,,-77.0183963,38.8924221
4691,intersection,,-77.0185267,38.8924608
4692,intersection,,-77.0161072,38.8916223
4696,intersection,,-77.0199053,38.8961325
4697,intersection,,-77.018707,38.8923376
4698,intersection,,-77.0188818,38.8923866
4700,intersection,,-77.0213489,38.903146
4701,intersection,,-77.0086966,38.910635
4702,intersection,,-77.0244936,38.8939506
4703,intersection,,-77.0234235,38.8938177
4704,intersection,,-77.0219178,38.8961371
4705,intersection,,-77.0219185,38.8972593
4706,intersection,,-77.0224673,38.8933859
4707,intersection,,-77.0259953,38.8973543
4708,intersection,,-77.0239691,38.8972807
4709,intersection,,-77.0189292,38.8983222
4710,intersection,,-77.018931,38.8998165
4711,intersection,,-77.0226057,38.8998223
4712,intersection,,-77.0263473,38.8998195
4713,intersection,,-77.0249863,38.9056504
4714,intersection,,-77.0239729,38.9056501
4715,intersection,,-77.0259822,38.905654
4716,intersection,,-77.016173,38.9085715
4718,intersection,,-77.0258884,38.8926871
4719,intersection,,-77.0259054,38.8938864
4721,intersection,,-77.0260425,38.8924401
4723,intersection,,-77.0259882,38.896142
4724,intersection,,-77.0250035,38.8940912
4725,intersection,,-77.0288848,38.895321
4726,intersection,,-77.0293916,38.8954561
4727,intersection,,-77.0258941,38.8933414
4732,intersection,,-77.0291247,38.8822036
4733,intersection,,-77.0371686,38.8875879
4734,intersection,,-77.0324063,38.8796131
4735,intersection,,-77.0330527,38.8811727
4736,intersection,,-77.0423402,38.9822893
4737,intersection,,-77.0308402,38.9002474
4739,intersection,,-77.0286509,38.8950971
4740,intersection,,-77.0283018,38.8949985
4741,intersection,,-77.0296209,38.8973562
4743,intersection,,-77.0336224,38.8954543
4745,intersection,,-77.0330733,38.9037457
4746,intersection,,-77.0330436,38.9037959
4747,intersection,,-77.0355216,38.9025298
4748,intersection,,-77.0347954,38.9025312
4749,intersection,,-77.0343963,38.9025356
4750,intersection,,-77.0319567,38.9002234
4751,intersection,,-77.0376389,38.8869429
4752,intersection,,-77.0374725,38.8869401
4753,intersection,,-77.0363416,38.8869656
4754,intersection,,-77.0355967,38.8870362
4755,intersection,,-77.0353943,38.8870653
4756,intersection,,-77.0341401,38.8875376
4757,intersection,,-77.0386735,38.8879496
4758,intersection,,-77.0347983,38.8855668
4759,intersection,,-77.013315,38.942134
4760,intersection,,-77.01154,38.944329
4761,intersection,,-77.017724,38.937738
4762,intersection,,-77.0169332,38.9382622
4763,intersection,,-77.0148435,38.9748838
4765,intersection,,-77.0336236,38.8950374
4768,intersection,,-77.036312,38.9731257
4769,intersection,,-77.01372,38.9025208
4770,intersection,,-77.0138636,38.9029078
4774,intersection,,-77.0025746,38.8599528
4775,intersection,,-77.0054825,38.853016
4776,intersection,,-77.0078299,38.8971757
4777,intersection,,-77.0080005,38.8971085
4778,intersection,,-77.0079134,38.8968756
4782,intersection,,-77.0270347,38.9020984
4783,intersection,,-77.0258682,38.9014448
4787,intersection,,-77.0469529,38.9136498
4788,intersection,,-77.0468174,38.9138233
4789,intersection,,-77.0475634,38.9126086
4790,intersection,,-77.0482548,38.9119332
4791,intersection,,-77.0459845,38.914513
4792,intersection,,-77.0463434,38.9142566
4793,intersection,,-77.0486368,38.9188304
4794,intersection,,-77.0365115,38.914102
4795,intersection,,-77.0365107,38.9145509
4797,intersection,,-77.0458805,38.9023963
4798,intersection,,-77.0488192,38.902402
4799,intersection,,-77.0494413,38.9026212
4800,intersection,,-77.0793927,38.9297642
4801,intersection,,-77.0821127,38.9302905
4802,intersection,,-77.0079962,38.90777
4803,intersection,,-77.0334286,38.888326
4805,intersection,,-77.0151727,38.8996608
4806,intersection,,-77.0151697,38.8984253
4807,intersection,,-77.0460434,38.9026429
4810,intersection,,-77.041094,38.985921
4811,intersection,,-76.9836601,38.8898117
4812,intersection,,-77.0078011,38.8972112
4813,intersection,,-77.0090723,38.8974629
4814,intersection,,-77.0082581,38.8971072
4815,intersection,,-77.009928,38.8978292
4816,intersection,,-77.0079766,38.8969286
4817,intersection,,-77.0270379,38.899821
4818,intersection,,-77.0270358,38.9002161
4819,intersection,,-77.0270397,38.899469
4820,intersection,,-77.0270402,38.8973573
4821,intersection,,-77.0270384,38.8965194
4822,intersection,,-77.0270381,38.8954875
4825,intersection,,-76.9961861,38.8764486
4828,intersection,,-77.0231953,38.8789294
4831,intersection,,-77.0175555,38.8805072
4832,intersection,,-77.0173917,38.8720654
4833,intersection,,-77.0175583,38.8729984
4834,intersection,,-77.0175576,38.874656
4835,intersection,,-77.0158382,38.8763941
4836,intersection,,-77.0176648,38.877696
4837,intersection,,-77.0177385,38.876927
4838,intersection,,-77.0058982,38.8769809
4840,intersection,,-77.0729987,38.9707327
4841,intersection,,-77.0251498,38.9111399
4843,intersection,,-77.0642764,38.945484
4844,intersection,,-77.065005,38.9467364
4845,intersection,,-77.0656788,38.9478947
4846,intersection,,-77.0667183,38.9496815
4847,intersection,,-77.062921,38.943154
4848,intersection,,-77.0635636,38.9442587
4853,intersection,,-77.012153,38.9169956
4854,intersection,,-77.012158,38.9191764
4855,intersection,,-77.012142,38.926282
4857,intersection,,-77.0410545,38.9056846
4858,intersection,,-77.0219177,38.8875736
4859,intersection,,-77.0199076,38.8875712
4860,intersection,,-77.035154,38.9013387
4861,intersection,,-77.0360248,38.9013356
4862,intersection,,-77.0466507,38.9013267
4863,intersection,,-77.046659,38.89958
4864,intersection,,-77.0466644,38.8984516
4865,intersection,,-77.0505843,38.9021342
4866,intersection,,-77.0507933,38.9024259
4867,intersection,,-77.0327866,38.9002345
4869,intersection,,-76.9686866,38.86059
4870,intersection,,-76.968147,38.860218
4871,intersection,,-76.9675713,38.8600648
4872,intersection,,-76.9681976,38.859401
4873,intersection,,-76.9737015,38.8511001
4875,intersection,,-76.9535594,38.8665583
4876,intersection,,-76.9560711,38.8675879
4877,intersection,,-76.958919,38.856455
4878,intersection,,-76.9589154,38.8562798
4879,intersection,,-76.967919,38.85796
4880,intersection,,-77.0416754,38.9083667
4881,intersection,,-77.0416615,38.9148396
4882,intersection,,-77.0416622,38.9145085
4883,intersection,,-77.0319563,38.9155878
4884,intersection,,-77.0296233,38.9155875
4885,intersection,,-77.0239705,38.9155858
4886,intersection,,-77.0332369,38.9155872
4887,intersection,,-77.0270397,38.9155872
4888,intersection,,-77.0416679,38.9096538
4889,intersection,,-77.0384759,38.9149478
4890,intersection,,-77.0378907,38.9155884
4891,intersection,,-77.0405053,38.9127845
4892,intersection,,-77.0416787,38.9092672
4893,intersection,,-77.0416754,38.9090382
4894,intersection,,-77.0419446,38.9091329
4895,intersection,,-77.016255,38.9765762
4896,intersection,,-77.0174716,38.9775118
4897,intersection,,-77.0266553,38.975811
4898,intersection,,-77.0264984,38.9772844
4899,intersection,,-77.0268843,38.973617
4901,intersection,,-77.0269513,38.9730294
4902,intersection,,-77.028184,38.8870744
4903,intersection,,-77.031058,38.8859769
4904,intersection,,-77.0264105,38.8760728
4905,intersection,,-77.0294482,38.8787806
4907,intersection,,-77.0296251,38.9020792
4908,intersection,,-77.0296249,38.9018762
4909,intersection,,-77.030489,38.9013361
4911,intersection,,-77.0319525,38.89736
4912,intersection,,-77.0270432,38.8983237
4913,intersection,,-77.0292979,38.8973556
4914,intersection,,-77.0275187,38.8875731
4915,intersection,,-77.0417652,38.906936
4916,intersection,,-77.013844,38.8960916
4917,intersection,,-77.0330656,38.90253
4918,intersection,,-77.0328494,38.902533
4920,intersection,,-77.0448671,38.9025278
4921,intersection,,-77.0447457,38.9025265
4922,intersection,,-77.0450864,38.9025285
4923,intersection,,-77.0133137,38.9126103
4924,intersection,,-77.0151773,38.9134083
4925,intersection,,-77.0296272,38.9079092
4926,intersection,,-77.0296298,38.9072492
4927,intersection,,-77.0296282,38.9056671
4928,intersection,,-77.0400951,38.9037364
4929,intersection,,-77.0399182,38.9037362
4930,intersection,,-77.0392052,38.9037344
4931,intersection,,-77.0416584,38.915587
4932,intersection,,-77.0416556,38.9165942
4933,intersection,,-77.0300516,38.9001236
4934,intersection,,-77.0296239,38.9006687
4935,intersection,,-77.0296241,38.9009155
4936,intersection,,-77.0090823,38.9258397
4937,intersection,,-77.0090875,38.9251261
4939,intersection,,-77.0120868,38.9312546
4940,intersection,,-77.0448673,38.9023984
4941,intersection,,-77.0439229,38.9610391
4942,intersection,,-77.0429732,38.9615809
4943,intersection,,-77.044209,38.9608892
4944,intersection,,-77.0555158,38.9610634
4945,intersection,,-77.0426053,38.9618826
4946,intersection,,-77.0425418,38.9618158
4947,intersection,,-77.0341562,38.9620915
4948,intersection,,-77.0091548,38.8796519
4949,intersection,,-77.0364644,38.93045
4950,intersection,,-77.0364564,38.9307838
4951,intersection,,-76.983408,38.9001247
4953,intersection,,-77.018027,38.920361
4954,intersection,,-77.006415,38.9082086
4955,intersection,,-77.0090103,38.9091192
4957,intersection,,-76.9723785,38.8507657
4958,intersection,,-77.010651,38.8792866
4959,intersection,,-77.0129532,38.879287
4960,intersection,,-77.0510709,38.9335493
4961,intersection,,-77.0508461,38.9335264
4962,intersection,,-76.99353,38.903728
4963,intersection,,-77.0364886,38.920964
4964,intersection,,-77.0364928,38.9203655
4965,intersection,,-76.982624,38.9165791
4966,intersection,,-77.0035104,38.8959126
4967,intersection,,-77.00351,38.896118
4968,intersection,,-76.9995165,38.8898131
4969,intersection,,-76.9937618,38.8898126
4970,intersection,,-77.0966261,38.9457018
4971,intersection,,-77.0139826,38.9748002
4972,intersection,,-77.0142136,38.9748226
4973,intersection,,-77.0198912,38.9747911
4974,intersection,,-77.021416,38.97479
4975,intersection,,-77.0176615,38.9747565
4976,intersection,,-77.0190275,38.9752752
4977,intersection,,-77.0199411,38.9759372
4978,intersection,,-77.0026784,38.9303255
4979,intersection,,-77.0062162,38.9270289
4980,intersection,,-76.9925586,38.8782537
4981,intersection,,-76.9881843,38.8686251
4982,intersection,,-76.9881856,38.8684333
4985,intersection,,-77.0250641,38.9418829
4986,intersection,,-77.0224056,38.9466262
4987,intersection,,-77.083878,38.951289
4989,intersection,,-77.077029,38.943162
4990,intersection,,-77.0693097,38.943161
4992,intersection,,-76.9936535,38.8565972
4993,intersection,,-76.981012,38.850749
4994,intersection,,-76.980308,38.8469114
4995,intersection,,-77.0089357,38.8764719
4996,intersection,,-77.0089537,38.8779817
4998,intersection,,-77.0213127,38.8773756
5001,intersection,,-77.1106634,38.9345443
5002,intersection,,-77.1107024,38.9343414
5003,intersection,,-77.0327238,38.940806
5004,intersection,,-77.0327242,38.9416263
5005,intersection,,-77.0327215,38.9368417
5006,intersection,,-77.0327216,38.937078
5007,intersection,,-77.0327232,38.939741
5008,intersection,,-76.994974,38.878353
5009,intersection,,-76.9949772,38.8765352
5010,intersection,,-77.042391,38.9092869
5011,intersection,,-77.020522,38.8998181
5012,intersection,,-77.0199114,38.8998183
5013,intersection,,-77.029582,38.9103857
5014,intersection,,-77.0296234,38.9141012
5015,intersection,,-77.02962,38.9170083
5016,intersection,,-77.0526817,38.9255369
5017,intersection,,-76.9915207,38.8776578
5018,intersection,,-76.9917687,38.8780536
5019,intersection,,-77.0153703,38.9052467
5020,intersection,,-76.9984591,38.8802646
5021,intersection,,-76.9984604,38.8812789
5025,intersection,,-76.9422011,38.9022508
5026,intersection,,-76.9391833,38.90056
5027,intersection,,-76.9357376,38.8993276
5028,intersection,,-76.9418997,38.9037333
5029,intersection,,-77.0412306,38.9170143
5030,intersection,,-77.090504,38.955949
5031,intersection,,-77.0907655,38.9561326
5032,intersection,,-77.091552,38.956214
5033,intersection,,-77.0977113,38.9179652
5034,intersection,,-77.0961733,38.9169206
5035,intersection,,-77.0948716,38.9158771
5036,intersection,,-77.0958579,38.9168119
5037,intersection,,-77.080767,38.951054
5038,intersection,,-77.0812992,38.9520929
5039,intersection,,-77.0819338,38.9533223
5040,intersection,,-77.0826276,38.9547045
5041,intersection,,-77.08048,38.9500932
5042,intersection,,-77.0886867,38.9546841
5045,intersection,,-77.0213372,38.9126061
5046,intersection,,-77.0210172,38.9127178
5047,intersection,,-77.0345318,38.9137676
5048,intersection,,-77.0345311,38.9140998
5049,intersection,,-77.0345364,38.9122157
5052,intersection,,-77.0292648,38.909169
5053,intersection,,-77.0302122,38.9093201
5054,intersection,,-77.0301861,38.9092902
5055,intersection,,-77.0303019,38.909453
5056,intersection,,-77.0303211,38.9095301
5057,intersection,,-77.0303053,38.9097236
5058,intersection,,-77.0307376,38.9096678
5059,intersection,,-77.0305658,38.9096502
5060,intersection,,-77.0304026,38.9095817
5061,intersection,,-77.03063,38.9093021
5062,intersection,,-77.0304215,38.9093379
5063,intersection,,-77.0304283,38.9094938
5064,intersection,,-77.0302931,38.9098158
5065,intersection,,-77.034548,38.9075591
5066,intersection,,-77.0345473,38.9079401
5067,intersection,,-77.0345597,38.9065716
5068,intersection,,-77.0270384,38.909008
5069,intersection,,-77.0270385,38.9082175
5070,intersection,,-77.0270381,38.9100935
5071,intersection,,-77.0270404,38.9104441
5072,intersection,,-77.034546,38.9092932
5073,intersection,,-77.0345458,38.9087118
5074,intersection,,-77.0345462,38.9083422
5075,intersection,,-77.0319874,38.9064521
5076,intersection,,-77.0319534,38.9066589
5077,intersection,,-77.0089976,38.9191794
5078,intersection,,-77.0089904,38.9205798
5079,intersection,,-77.0162147,38.9138507
5080,intersection,,-77.0345232,38.9166226
5081,intersection,,-77.0365028,38.9171965
5082,intersection,,-77.0359264,38.9170114
5083,intersection,,-77.0362433,38.917011
5084,intersection,,-77.02704,38.9092988
5085,intersection,,-77.0270416,38.9096463
5086,intersection,,-77.0270375,38.9100011
5087,intersection,,-77.0346773,38.9066108
5100,intersection,,-76.931671,38.8898281
5101,intersection,,-76.9320399,38.8898288
5102,intersection,,-76.9332828,38.8897031
5103,intersection,,-76.9348704,38.8898329
5104,intersection,,-76.93527,38.8897076
5105,intersection,,-76.928792,38.8897076
5107,intersection,,-77.0254666,38.969931
5108,intersection,,-77.0229687,38.9734473
5109,intersection,,-77.0261237,38.9686256
5110,intersection,,-76.9563291,38.9290238
5111,intersection,,-76.9290959,38.9112126
5112,intersection,,-76.960515,38.870348
5113,intersection,,-76.9604328,38.86969
5114,intersection,,-76.96094,38.87382
5115,intersection,,-76.960734,38.872141
5116,intersection,,-76.960625,38.871252
5117,intersection,,-76.9686749,38.8726629
5118,intersection,,-76.963408,38.8705348
5119,intersection,,-76.967771,38.872308
5120,intersection,,-76.9671313,38.8720401
5121,intersection,,-76.9682108,38.8724847
5122,intersection,,-76.9680825,38.8724332
5123,intersection,,-76.9685593,38.8726165
5124,intersection,,-76.963089,38.870399
5125,intersection,,-76.962807,38.870278
5126,intersection,,-76.9670077,38.8719914
5127,intersection,,-76.9692578,38.8728669
5128,intersection,,-76.964772,38.871087
5129,intersection,,-76.9644456,38.8709536
5130,intersection,,-76.9652236,38.87127
5131,intersection,,-76.9650981,38.8712192
5132,intersection,,-76.9666126,38.8718357
5133,intersection,,-76.9662998,38.8717076
5134,intersection,,-76.9661604,38.8716505
5136,intersection,,-77.0854742,38.9126665
5137,intersection,,-77.0851018,38.9127027
5138,intersection,,-76.951324,38.865594
5139,intersection,,-76.9510613,38.8657791
5140,intersection,,-76.9495963,38.8648892
5141,intersection,,-76.9478314,38.8641658
5142,intersection,,-77.0267312,38.9679944
5143,intersection,,-77.026933,38.9678895
5144,intersection,,-76.963846,38.8610715
5145,intersection,,-76.9631469,38.8613183
5146,intersection,,-76.9663069,38.8601065
5147,intersection,,-76.9652246,38.860589
5148,intersection,,-76.9653216,38.8605554
5149,intersection,,-76.96577,38.8602942
5150,intersection,,-76.9647874,38.8607158
5151,intersection,,-76.969165,38.86103
5152,intersection,,-77.0643036,38.9432013
5153,intersection,,-77.0655959,38.9431143
5154,intersection,,-77.0648557,38.9431137
5155,intersection,,-77.0687031,38.9431594
5156,intersection,,-77.068192,38.9430618
5157,intersection,,-77.0635485,38.9431167
5158,intersection,,-77.088705,38.91644
5159,intersection,,-77.0887196,38.9166286
5160,intersection,,-77.0884925,38.9158566
5161,intersection,,-76.9467576,38.8637409
5162,intersection,,-76.9471502,38.8634274
5163,intersection,,-76.9495809,38.8615474
5164,intersection,,-77.0364616,38.9564564
5165,intersection,,-77.0363407,38.9590693
5166,intersection,,-77.0363476,38.9592928
5167,intersection,,-77.0363532,38.9557893
5168,intersection,,-77.0364031,38.9528849
5169,intersection,,-77.0363462,38.9574075
5170,intersection,,-77.0363429,38.9583562
5171,intersection,,-77.0389002,38.8880403
5172,intersection,,-77.0391103,38.8881938
5173,intersection,,-77.0394785,38.8909507
5174,intersection,,-77.0394761,38.8919389
5175,intersection,,-77.039524,38.8888445
5176,intersection,,-77.0385394,38.8879196
5177,intersection,,-77.0382042,38.8878417
5178,intersection,,-77.0407234,38.8878126
5179,intersection,,-77.022108,38.8604216
5180,intersection,,-76.949918,38.861278
5181,intersection,,-76.9505013,38.8615104
5182,intersection,,-77.0364805,38.9471867
5183,intersection,,-77.0364736,38.9464925
5184,intersection,,-77.0364751,38.946129
5185,intersection,,-77.0363735,38.9459085
5186,intersection,,-77.036366,38.946129
5187,intersection,,-77.0363723,38.9471654
5189,intersection,,-77.0363816,38.9440059
5190,intersection,,-77.036376,38.9448345
5191,intersection,,-77.036486,38.9440058
5192,intersection,,-77.0364835,38.9431866
5194,intersection,,-77.0364808,38.9442212
5195,intersection,,-77.0364809,38.9453192
5196,intersection,,-77.0364779,38.9485037
5197,intersection,,-77.0364751,38.9482698
5198,intersection,,-77.0364872,38.9429328
5199,intersection,,-77.0363822,38.9427021
5200,intersection,,-77.036378,38.9429326
5201,intersection,,-77.0364701,38.9497454
5202,intersection,,-77.036388,38.943745
5203,intersection,,-77.0364782,38.9473545
5204,intersection,,-77.0222692,38.8631461
5205,intersection,,-77.0363694,38.947307
5206,intersection,,-77.0363699,38.9480311
5207,intersection,,-77.036366,38.9482695
5208,intersection,,-77.036386,38.9394532
5209,intersection,,-77.0364921,38.9397371
5210,intersection,,-76.988316,38.944234
5211,intersection,,-76.988895,38.9462739
5212,intersection,,-76.9890175,38.9467584
5213,intersection,,-76.9891539,38.9472435
5214,intersection,,-77.0726898,38.928261
5215,intersection,,-77.0727529,38.9283078
5216,intersection,,-77.0364924,38.9421286
5217,intersection,,-77.0363822,38.9405868
5218,intersection,,-77.0363856,38.940808
5220,intersection,,-77.0363925,38.9416302
5221,intersection,,-77.0363829,38.9397368
5222,intersection,,-77.0850492,38.9611188
5223,intersection,,-77.0851938,38.9611937
5224,intersection,,-77.0846163,38.9610166
5225,intersection,,-76.968769,38.860664
5226,intersection,,-76.9755965,38.8642625
5227,intersection,,-76.9750986,38.8640231
5228,intersection,,-76.974619,38.8638
5229,intersection,,-76.969675,38.8615073
5230,intersection,,-76.9681713,38.8598595
5231,intersection,,-77.0080654,38.942143
5232,intersection,,-77.0038952,38.8599684
5233,intersection,,-77.073162,38.928611
5234,intersection,,-77.07319,38.927529
5235,intersection,,-76.9376381,38.8900874
5236,intersection,,-76.937716,38.8902168
5237,intersection,,-76.9373035,38.8893201
5238,intersection,,-76.9374297,38.8896571
5239,intersection,,-76.970014,38.8570167
5240,intersection,,-76.9699737,38.8563802
5241,intersection,,-77.0113423,38.9444206
5242,intersection,,-77.0074448,38.9452473
5243,intersection,,-77.0074495,38.9453926
5244,intersection,,-77.0364689,38.928687
5245,intersection,,-77.0364724,38.9276243
5246,intersection,,-77.0364707,38.9283188
5247,intersection,,-77.0364749,38.9267512
5248,intersection,,-77.0364753,38.9269689
5249,intersection,,-77.0179213,38.8888026
5251,intersection,,-76.9882621,38.9233633
5253,intersection,,-76.9913019,38.9193378
5254,intersection,,-76.9908749,38.9196877
5255,intersection,,-76.9905946,38.9199267
5256,intersection,,-76.9895238,38.9208358
5257,intersection,,-76.9886542,38.9217388
5258,intersection,,-76.988825,38.921436
5259,intersection,,-76.988701,38.921631
5260,intersection,,-77.0076042,38.9456314
5261,intersection,,-77.0076296,38.9461681
5264,intersection,,-77.0173785,38.8234836
5265,intersection,,-77.0173772,38.82313
5266,intersection,,-77.017382,38.8226751
5267,intersection,,-77.017376,38.822536
5268,intersection,,-77.017405,38.8224575
5269,intersection,,-77.0175968,38.8214277
5270,intersection,,-77.0169919,38.8224581
5275,intersection,,-76.9882495,38.8922151
5276,intersection,,-76.9855102,38.8999157
5278,intersection,,-76.9822155,38.8933017
5279,intersection,,-76.9944098,38.9217706
5280,intersection,,-76.9939723,38.9219057
5281,intersection,,-76.988624,38.9235499
5282,intersection,,-77.0165526,38.8261282
5284,intersection,,-76.960116,38.9218343
5285,intersection,,-76.9605091,38.9220984
5286,intersection,,-76.9626267,38.9235457
5287,intersection,,-76.980074,38.8933534
5288,intersection,,-76.9628688,38.8511965
5289,intersection,,-76.9617848,38.8519479
5290,intersection,,-77.0663897,38.933795
5291,intersection,,-77.066401,38.930964
5292,intersection,,-77.06639,38.931467
5293,intersection,,-77.0663852,38.9327797
5294,intersection,,-77.0663885,38.9332675
5295,intersection,,-77.066384,38.9325435
5296,intersection,,-76.994226,38.843688
5297,intersection,,-76.9885064,38.8446825
5298,intersection,,-76.9880412,38.8447651
5299,intersection,,-76.995913,38.843408
5300,intersection,,-76.997676,38.843146
5301,intersection,,-77.0663906,38.936288
5302,intersection,,-77.066391,38.936727
5303,intersection,,-77.0663893,38.9349246
5304,intersection,,-77.0663904,38.936059
5305,intersection,,-77.0675043,38.9400492
5306,intersection,,-77.066581,38.938836
5307,intersection,,-77.066799,38.9390862
5308,intersection,,-77.067852,38.940876
5309,intersection,,-76.98348,38.85356
5310,intersection,,-76.9822603,38.8537505
5311,intersection,,-77.0723133,38.94919
5312,intersection,,-77.07212,38.949686
5313,intersection,,-77.0697957,38.9439792
5314,intersection,,-77.072347,38.947089
5315,intersection,,-77.072578,38.9478986
5316,intersection,,-77.072478,38.948753
5317,intersection,,-77.0719364,38.9501568
5318,intersection,,-76.985504,38.9002017
5319,intersection,,-76.9772431,38.892607
5320,intersection,,-76.9765891,38.8985122
5321,intersection,,-76.9765757,38.8985794
5322,intersection,,-76.9763931,38.8988249
5323,intersection,,-76.9762404,38.898947
5324,intersection,,-76.976474,38.89873
5325,intersection,,-76.9765284,38.8988491
5326,intersection,,-76.9766234,38.8988661
5327,intersection,,-76.976951,38.8989248
5328,intersection,,-76.9815058,38.8997222
5329,intersection,,-76.9802547,38.8995116
5330,intersection,,-76.9775414,38.8990327
5331,intersection,,-76.9822378,38.8998513
5332,intersection,,-76.9780711,38.8991379
5333,intersection,,-76.9746677,38.8985219
5334,intersection,,-76.9741761,38.8984419
5335,intersection,,-76.9708862,38.8978621
5336,intersection,,-76.9704358,38.8977853
5338,intersection,,-76.9850687,38.900201
5339,intersection,,-76.9721851,38.8980912
5340,intersection,,-77.0133925,38.8765367
5341,intersection,,-77.0111523,38.8764058
5342,intersection,,-77.0106557,38.8764052
5343,intersection,,-77.0121849,38.8765488
5344,intersection,,-77.0125247,38.8765439
5345,intersection,,-77.012029,38.876549
5346,intersection,,-76.9909158,38.9125721
5348,intersection,,-76.9907612,38.912773
5349,intersection,,-76.9921816,38.9122475
5350,intersection,,-76.9923289,38.9122243
5351,intersection,,-76.9918086,38.9123083
5352,intersection,,-76.9909292,38.9123157
5353,intersection,,-77.0092646,38.8777466
5354,intersection,,-77.0092656,38.8768919
5355,intersection,,-77.0092588,38.8778184
5356,intersection,,-77.0887541,38.9200793
5357,intersection,,-76.9814639,38.8998692
5358,intersection,,-76.9825674,38.9000592
5359,intersection,,-76.9737144,38.8984886
5360,intersection,,-76.9741777,38.8985734
5361,intersection,,-76.9775071,38.8991642
5362,intersection,,-76.9785246,38.8993347
5363,intersection,,-76.9786236,38.8993531
5364,intersection,,-76.9809591,38.8997708
5365,intersection,,-76.9750157,38.8987243
5366,intersection,,-76.9754685,38.8988061
5367,intersection,,-76.977081,38.8990831
5368,intersection,,-76.9747735,38.8986807
5369,intersection,,-76.982709,38.9000816
5370,intersection,,-76.9694892,38.8977697
5372,intersection,,-76.9712326,38.8980614
5373,intersection,,-76.9721526,38.8982143
5374,intersection,,-76.9766203,38.8990085
5375,intersection,,-76.9760974,38.8989202
5376,intersection,,-77.0910669,38.9332083
5377,intersection,,-77.090584,38.9334757
5378,intersection,,-76.9902247,38.9139726
5379,intersection,,-76.9978984,38.9112533
5380,intersection,,-77.0803912,38.9496859
5381,intersection,,-77.0803329,38.9493748
5382,intersection,,-77.0804203,38.9498691
5383,intersection,,-77.079674,38.947909
5384,intersection,,-76.9496923,38.8944286
5385,intersection,,-77.087201,38.93547
5386,intersection,,-77.087367,38.935585
5387,intersection,,-77.0097149,38.9312669
5390,intersection,,-77.1090901,38.9263946
5391,intersection,,-77.0741137,38.9125897
5392,intersection,,-77.0744936,38.9125997
5393,intersection,,-77.0755506,38.9126267
5394,intersection,,-77.0783483,38.9126964
5395,intersection,,-77.0787229,38.9127013
5396,intersection,,-76.9807589,38.8828438
5397,intersection,,-76.9772498,38.8877909
5398,intersection,,-76.9772509,38.8894316
5399,intersection,,-76.9770644,38.8898628
5400,intersection,,-76.9767193,38.8899253
5401,intersection,,-76.9765149,38.8876001
5402,intersection,,-77.1067332,38.9245647
5403,intersection,,-77.008534,38.9267235
5404,intersection,,-77.0098406,38.9265547
5405,intersection,,-76.9883178,38.889791
5406,intersection,,-76.9883178,38.8897131
5407,intersection,,-76.9883176,38.8896988
5408,intersection,,-77.0910634,38.9326108
5409,intersection,,-77.0501082,38.8870245
5410,intersection,,-77.0500953,38.8869429
5411,intersection,,-76.9812059,38.8786835
5412,intersection,,-76.9856752,38.8802899
5413,intersection,,-76.980301,38.8782107
5414,intersection,,-76.9910464,38.8778832
5415,intersection,,-77.0090056,38.9102687
5416,intersection,,-77.0090058,38.9103104
5417,intersection,,-77.0090105,38.9092273
5418,intersection,,-77.0090993,38.9103802
5419,intersection,,-77.0116863,38.9159488
5421,intersection,,-77.0126191,38.9154959
5423,intersection,,-76.9720061,38.9311235
5424,intersection,,-76.9747236,38.9298307
5425,intersection,,-76.9750788,38.9296009
5426,intersection,,-76.9795764,38.927363
5428,intersection,,-76.978491,38.9280195
5429,intersection,,-76.9786968,38.9279223
5430,intersection,,-76.9784236,38.927909
5431,intersection,,-77.0208569,38.8771009
5432,intersection,,-77.0222576,38.8783633
5433,intersection,,-77.0253469,38.8806239
5435,intersection,,-77.0244021,38.8800494
5436,intersection,,-77.0049874,38.9088263
5437,intersection,,-77.0050557,38.9088042
5438,intersection,,-76.988308,38.9002017
5439,intersection,,-76.9888448,38.900201
5440,intersection,,-77.0336403,38.8930581
5441,intersection,,-77.0336405,38.8943449
5442,intersection,,-77.0336257,38.8983204
5443,intersection,,-77.0485205,38.8871817
5444,intersection,,-77.0499438,38.8872363
5446,intersection,,-77.0083375,38.9076518
5447,intersection,,-77.008879,38.9074643
5448,intersection,,-77.0351483,38.8921024
5449,intersection,,-77.0346025,38.8921019
5450,intersection,,-76.9588487,38.8559049
5451,intersection,,-76.9587892,38.8557458
5452,intersection,,-76.958914,38.8594191
5453,intersection,,-76.9589146,38.8591883
5454,intersection,,-76.958604,38.855406
5455,intersection,,-76.9728656,38.9167566
5456,intersection,,-76.9936966,38.9161771
5457,intersection,,-76.9936988,38.9162318
5458,intersection,,-76.9936833,38.9169322
5459,intersection,,-76.9995285,38.9201841
5460,intersection,,-77.0001509,38.9199558
5461,intersection,,-77.0289735,38.8920942
5462,intersection,,-77.0319541,38.8963892
5463,intersection,,-77.0319533,38.896968
5464,intersection,,-77.0319501,38.8978262
5465,intersection,,-77.0319545,38.8983234
5467,intersection,,-77.0319581,38.8946307
5468,intersection,,-77.029622,38.8982115
5469,intersection,,-77.029622,38.8983213
5470,intersection,,-77.0296224,38.8978582
5471,intersection,,-76.980233,38.907959
5472,intersection,,-76.9797802,38.9076506
5473,intersection,,-76.9794721,38.9073675
5474,intersection,,-76.9791523,38.906787
5475,intersection,,-76.9795828,38.9076523
5476,intersection,,-77.026048,38.894262
5477,intersection,,-77.0260468,38.8940286
5479,intersection,,-77.0260715,38.893398
5480,intersection,,-77.0270391,38.8961365
5481,intersection,,-77.0264182,38.8961383
5482,intersection,,-77.026113,38.8961406
5483,intersection,,-77.0252147,38.8961447
5484,intersection,,-77.0286383,38.8961411
5485,intersection,,-77.0258783,38.8961442
5486,intersection,,-77.0281072,38.8961388
5487,intersection,,-76.9882272,38.8682338
5488,intersection,,-76.9887554,38.8671398
5489,intersection,,-76.988888,38.866832
5490,intersection,,-76.989382,38.865731
5491,intersection,,-77.0084839,38.917053
5493,intersection,,-77.0089861,38.9220286
5494,intersection,,-77.0089922,38.9213036
5495,intersection,,-77.0258173,38.8944809
5496,intersection,,-77.0268907,38.8946095
5499,intersection,,-77.0330224,38.8955661
5500,intersection,,-77.0307082,38.8954518
5501,intersection,,-77.0275667,38.8949652
5502,intersection,,-77.0301363,38.8955974
5503,intersection,,-77.0305962,38.8955954
5504,intersection,,-77.0312142,38.8954554
5505,intersection,,-77.0309322,38.8954569
5506,intersection,,-77.030788,38.8954493
5507,intersection,,-77.0296712,38.8955308
5508,intersection,,-77.0296249,38.9201541
5509,intersection,,-77.029705,38.922427
5510,intersection,,-77.0353036,38.9232231
5511,intersection,,-77.0350393,38.9191962
5513,intersection,,-77.0364983,38.9191489
5516,intersection,,-77.0446719,38.9100733
5517,intersection,,-77.0447232,38.9100915
5518,intersection,,-77.0219185,38.8977716
5519,intersection,,-77.0219193,38.8984582
5520,intersection,,-77.0219186,38.894219
5521,intersection,,-77.0239818,38.8990601
5522,intersection,,-77.0239758,38.8998228
5523,intersection,,-77.0239709,38.8927251
5524,intersection,,-77.0239709,38.8943975
5526,intersection,,-77.0434767,38.892817
5527,intersection,,-77.0434704,38.8921077
5528,intersection,,-76.967294,38.937801
5530,intersection,,-76.9634795,38.9352304
5532,intersection,,-76.9556179,38.9321849
5533,intersection,,-77.0161866,38.9013319
5534,intersection,,-77.0161926,38.9002676
5535,intersection,,-77.0229649,38.8935254
5536,intersection,,-77.0213556,38.8932443
5537,intersection,,-77.043525,38.927845
5538,intersection,,-77.0862819,38.9381303
5539,intersection,,-77.0855064,38.9377173
5540,intersection,,-77.0863268,38.9377446
5541,intersection,,-77.0862545,38.9376578
5542,intersection,,-77.0259864,38.9035883
5543,intersection,,-77.0319507,38.9011294
5544,intersection,,-77.0319506,38.9007709
5545,intersection,,-77.0167363,38.8299351
5546,intersection,,-77.0173964,38.8277633
5547,intersection,,-77.0235189,38.8961357
5548,intersection,,-77.0229714,38.896138
5549,intersection,,-77.021782,38.8961371
5550,intersection,,-77.0194494,38.8961308
5551,intersection,,-77.0220447,38.8961368
5552,intersection,,-77.050351,38.9234605
5553,intersection,,-77.0525613,38.9231702
5554,intersection,,-77.0206589,38.8973452
5555,intersection,,-77.021329,38.8973425
5556,intersection,,-77.0234265,38.8984681
5557,intersection,,-77.0090466,38.9555388
5558,intersection,,-76.9368704,38.8898926
5559,intersection,,-76.9375389,38.8898958
5560,intersection,,-77.0430624,38.9231787
5561,intersection,,-76.9378159,38.8896597
5562,intersection,,-76.9375573,38.8896579
5563,intersection,,-77.086244,38.960386
5564,intersection,,-77.0865553,38.9601439
5565,intersection,,-77.0871233,38.9597022
5566,intersection,,-77.0875781,38.9593484
5567,intersection,,-77.0861458,38.9604624
5568,intersection,,-77.0858889,38.9606036
5569,intersection,,-77.0857097,38.9607404
5572,intersection,,-77.0858137,38.960796
5573,intersection,,-77.0857234,38.9608686
5575,intersection,,-76.9893021,38.8445225
5576,intersection,,-76.9889799,38.8445985
5577,intersection,,-77.0425578,38.9222982
5578,intersection,,-77.0196725,38.9776237
5579,intersection,,-77.0188613,38.978167
5580,intersection,,-77.0525332,38.9617218
5581,intersection,,-77.0418003,38.9200355
5582,intersection,,-77.0422016,38.9212526
5584,intersection,,-77.0364137,38.9716895
5585,intersection,,-77.0364171,38.9707226
5586,intersection,,-77.0364189,38.9701869
5587,intersection,,-77.0364051,38.9734579
5588,intersection,,-77.0364105,38.9731277
5589,intersection,,-77.0364144,38.9715078
5590,intersection,,-77.0363267,38.9685906
5591,intersection,,-77.0363261,38.9687549
5592,intersection,,-77.0364125,38.9726171
5593,intersection,,-77.0364074,38.9736227
5594,intersection,,-77.0364223,38.9692079
5595,intersection,,-77.0364229,38.9690383
5596,intersection,,-77.0364161,38.9710154
5597,intersection,,-77.0363234,38.9695008
5598,intersection,,-77.0363226,38.9697217
5599,intersection,,-77.0364206,38.9697214
5600,intersection,,-77.0364219,38.9693427
5601,intersection,,-77.0363236,38.9694362
5602,intersection,,-77.0364164,38.9709055
5603,intersection,,-77.0416477,38.9193741
5604,intersection,,-77.0177473,38.9748211
5605,intersection,,-77.0416513,38.9175187
5606,intersection,,-77.0416518,38.9178248
5607,intersection,,-77.0416536,38.9181299
5608,intersection,,-77.0416474,38.918466
5609,intersection,,-77.0364534,38.9594968
5610,intersection,,-77.0363229,38.9677914
5611,intersection,,-77.0363233,38.9676207
5612,intersection,,-77.0363455,38.9599765
5613,intersection,,-77.0364433,38.9615193
5614,intersection,,-77.0364449,38.9610427
5615,intersection,,-77.0363335,38.9608163
5616,intersection,,-77.0364473,38.9608624
5617,intersection,,-77.0364295,38.9671557
5618,intersection,,-77.0364304,38.9668993
5619,intersection,,-77.0364474,38.9604246
5620,intersection,,-77.0364348,38.9656117
5621,intersection,,-77.0364475,38.9601818
5622,intersection,,-77.0364363,38.9651787
5623,intersection,,-77.0364403,38.9617137
5624,intersection,,-77.0364368,38.9650306
5625,intersection,,-77.0364321,38.9663949
5626,intersection,,-77.0084104,38.8462283
5627,intersection,,-77.0084446,38.8459501
5628,intersection,,-77.0085422,38.845256
5629,intersection,,-77.0085644,38.8450562
5630,intersection,,-77.104503,38.927214
5632,intersection,,-77.0236382,38.9318778
5633,intersection,,-77.0232825,38.9294116
5634,intersection,,-77.0960434,38.9169852
5635,intersection,,-77.0976283,38.9180732
5636,intersection,,-77.0324707,38.9269437
5637,intersection,,-76.9899677,38.8644852
5639,intersection,,-76.946683,38.8981366
5640,intersection,,-77.0930105,38.9150533
5641,intersection,,-77.0945494,38.915663
5642,intersection,,-77.0948102,38.9158259
5643,intersection,,-77.0944821,38.9156204
5644,intersection,,-77.026446,38.9305415
5645,intersection,,-77.0264785,38.9307919
5646,intersection,,-77.0263029,38.9295598
5647,intersection,,-77.0261414,38.9285041
5648,intersection,,-77.0267575,38.9320008
5649,intersection,,-77.0268917,38.9327454
5650,intersection,,-77.0267199,38.9317728
5651,intersection,,-77.0265997,38.9310388
5652,intersection,,-77.0265646,38.9307836
5653,intersection,,-77.0263276,38.9291419
5654,intersection,,-77.0809149,38.9065784
5655,intersection,,-77.0814495,38.90681
5656,intersection,,-76.9790035,38.9271389
5658,intersection,,-76.9712183,38.9309486
5659,intersection,,-77.0714802,38.9050551
5660,intersection,,-77.0711921,38.9050223
5661,intersection,,-77.0741962,38.9054559
5662,intersection,,-77.0724976,38.9052581
5663,intersection,,-77.0736017,38.9054784
5664,intersection,,-77.078321,38.906063
5665,intersection,,-76.9960468,38.8617175
5666,intersection,,-77.073811,38.9225476
5667,intersection,,-77.074697,38.922548
5669,intersection,,-77.0590588,38.9183046
5670,intersection,,-77.0595377,38.9186528
5671,intersection,,-77.062832,38.921063
5672,intersection,,-77.066931,38.924383
5673,intersection,,-77.0672267,38.9244369
5674,intersection,,-77.06788,38.924752
5675,intersection,,-77.0663653,38.92432
5676,intersection,,-77.0667248,38.9243588
5677,intersection,,-77.08465,38.911687
5678,intersection,,-77.0848773,38.9119979
5679,intersection,,-76.9583392,38.9302609
5680,intersection,,-77.0586348,38.9025283
5681,intersection,,-77.0628312,38.9060408
5682,intersection,,-77.06286,38.90647
5683,intersection,,-77.0628202,38.9055805
5684,intersection,,-77.0634443,38.9076027
5685,intersection,,-77.0630366,38.9068298
5686,intersection,,-77.0106486,38.8765523
5687,intersection,,-77.0116177,38.8765434
5688,intersection,,-77.0429805,38.8921077
5689,intersection,,-77.0423791,38.8921081
5690,intersection,,-77.0449355,38.8921069
5691,intersection,,-76.9939081,38.9220318
5692,intersection,,-76.9947944,38.9217693
5693,intersection,,-76.9934279,38.9221832
5694,intersection,,-76.9994375,38.9200907
5695,intersection,,-76.99896,38.9202602
5697,intersection,,-77.0436732,38.8935963
5698,intersection,,-77.041938,38.8926819
5699,intersection,,-77.0452733,38.8944789
5701,intersection,,-77.0115754,38.9263279
5704,intersection,,-76.9647355,38.9254486
5706,intersection,,-76.9984518,38.8937756
5707,intersection,,-76.9983934,38.8939263
5708,intersection,,-76.998336,38.8940132
5709,intersection,,-77.000638,38.8932355
5710,intersection,,-77.0010705,38.8942213
5711,intersection,,-77.0336273,38.9024139
5712,intersection,,-76.9654984,38.9248624
5714,intersection,,-76.9983429,38.9062368
5715,intersection,,-76.9982332,38.9064038
5716,intersection,,-76.9984471,38.9025205
5717,intersection,,-76.9984484,38.9025581
5718,intersection,,-76.9984437,38.9020945
5719,intersection,,-77.0501145,38.9041127
5720,intersection,,-77.050114,38.9038607
5721,intersection,,-77.0553333,38.9025803
5722,intersection,,-77.0572844,38.9014263
5723,intersection,,-77.0572738,38.9011204
5724,intersection,,-77.0335071,38.8878528
5727,intersection,,-76.988312,38.9428617
5728,intersection,,-76.9918357,38.88981
5729,intersection,,-76.9916799,38.8897899
5730,intersection,,-76.9915804,38.889951
5731,intersection,,-76.9561863,38.9295348
5732,intersection,,-77.0385438,38.9317513
5733,intersection,,-77.0387795,38.9325374
5734,intersection,,-77.0389904,38.9325867
5735,intersection,,-77.0388355,38.932356
5736,intersection,,-76.9787507,38.9071567
5737,intersection,,-76.9787263,38.9071954
5738,intersection,,-77.0093535,38.9312681
5739,intersection,,-77.0005774,38.8935236
5740,intersection,,-76.9936849,38.9159752
5741,intersection,,-77.0154564,38.8914424
5742,intersection,,-76.9798105,38.8994317
5743,intersection,,-77.0172715,38.8282195
5744,intersection,,-77.017251,38.8283625
5745,intersection,,-77.0299893,38.8955894
5746,intersection,,-77.0502257,38.8873494
5747,intersection,,-77.0054144,38.908557
5749,intersection,,-76.9760636,38.8876059
5750,intersection,,-77.0257395,38.8809017
5752,intersection,,-77.057509,38.9026247
5753,intersection,,-77.0578476,38.9026257
5754,intersection,,-77.0071753,38.8947967
5755,intersection,,-76.9964833,38.9054377
5756,intersection,,-76.9961241,38.9052844
5757,intersection,,-77.0566195,38.9036241
5758,intersection,,-77.026399,38.9037293
5759,intersection,,-77.0219155,38.9037178
5761,intersection,,-77.0448909,38.9007094
5762,intersection,,-77.0448829,38.9013402
5764,intersection,,-77.0296265,38.8957195
5768,intersection,,-77.0070142,38.9595963
5769,intersection,,-77.00391,38.9637684
5770,intersection,,-77.033021,38.942932
5771,intersection,,-77.062263,38.942016
5772,intersection,,-77.070977,38.957001
5773,intersection,,-77.072154,38.959026
5774,intersection,,-77.0725377,38.9596868
5775,intersection,,-77.0819087,38.9610182
5776,intersection,,-77.0365095,38.9155899
5777,intersection,,-77.0384726,38.9155904
5779,intersection,,-77.0090161,38.9033669
5781,intersection,,-77.0091134,38.8995594
5782,intersection,,-76.9995063,38.9002087
5783,intersection,,-77.0118436,38.8986764
5785,intersection,,-76.9995109,38.8920161
5786,intersection,,-76.9961808,38.8922285
5787,intersection,,-76.9696346,38.8740139
5788,intersection,,-76.9662151,38.8757182
5790,intersection,,-77.0182304,38.9135547
5791,intersection,,-77.0163173,38.9143471
5793,intersection,,-77.008535,38.912592
5794,intersection,,-77.0084184,38.9129988
5795,intersection,,-77.1006209,38.9491603
5796,intersection,,-77.099914,38.9496994
5797,intersection,,-77.0943413,38.9540447
5798,intersection,,-77.0934498,38.9547632
5799,intersection,,-77.0952682,38.9533311
5800,intersection,,-77.09262,38.955398
5801,intersection,,-77.0364658,38.930271
5802,intersection,,-77.0287232,38.9613787
5803,intersection,,-77.0196681,38.9520846
5804,intersection,,-77.0142077,38.9576539
5805,intersection,,-77.01341,38.9587276
5806,intersection,,-77.0090479,38.9571449
5807,intersection,,-77.076087,38.965785
5808,intersection,,-77.0761374,38.9658721
5809,intersection,,-77.0781595,38.9667024
5810,intersection,,-77.0775873,38.9671438
5811,intersection,,-77.0797812,38.9654134
5812,intersection,,-77.1069315,38.930003
5813,intersection,,-77.0863125,38.9088841
5814,intersection,,-77.0887492,38.910104
5815,intersection,,-77.0480564,38.8921078
5816,intersection,,-77.0488575,38.8921081
5817,intersection,,-77.0472297,38.8921075
5818,intersection,,-77.0415778,38.8921072
5819,intersection,,-77.0410648,38.8921065
5820,intersection,,-77.0417159,38.8921072
5821,intersection,,-77.0404132,38.8921059
5822,intersection,,-77.0394819,38.8899856
5823,intersection,,-77.0521109,38.8981673
5824,intersection,,-77.0518449,38.8981498
5825,intersection,,-77.0519227,38.8981886
5826,intersection,,-77.0519824,38.8980905
5827,intersection,,-77.0515652,38.8978568
5828,intersection,,-77.0570472,38.900448
5829,intersection,,-77.0564496,38.8976575
5830,intersection,,-77.0441747,38.9111415
5831,intersection,,-77.0431718,38.9090699
5832,intersection,,-77.0429475,38.9091723
5833,intersection,,-77.050958,38.945299
5834,intersection,,-77.0507317,38.9018777
5835,intersection,,-77.0161577,38.9571015
5836,intersection,,-77.0170892,38.9574046
5837,intersection,,-77.0179269,38.9141776
5838,intersection,,-77.0183023,38.9147371
5839,intersection,,-77.1037427,38.9270259
5840,intersection,,-77.1027654,38.9263328
5841,intersection,,-77.1036212,38.9271058
5842,intersection,,-77.0126589,38.926266
5843,intersection,,-77.0028607,38.9651895
5844,intersection,,-77.0194325,38.913271
5845,intersection,,-77.0270369,38.9140979
5846,intersection,,-76.9938114,38.9219537
5847,intersection,,-76.9924166,38.9223992
5848,intersection,,-77.0280991,38.9025262
5849,intersection,,-77.0512354,38.9216007
5850,intersection,,-77.0519351,38.9117504
5851,intersection,,-77.0560557,38.9048002
5852,intersection,,-77.0571908,38.9008402
5853,intersection,,-77.0466916,38.8952606
5854,intersection,,-77.0456368,38.8946868
5855,intersection,,-77.0495449,38.8960182
5857,intersection,,-77.0303673,38.9098152
5858,intersection,,-77.0285647,38.9096458
5859,intersection,,-77.0287296,38.9096771
5860,intersection,,-77.0287894,38.9096871
5861,intersection,,-77.0289402,38.9097132
5864,intersection,,-77.0499163,38.9020315
5865,intersection,,-77.053301,38.9052539
5866,intersection,,-77.0482605,38.9113223
5867,intersection,,-77.0175602,38.8875731
5868,intersection,,-77.0426397,38.9835035
5869,intersection,,-77.0428602,38.9839241
5870,intersection,,-77.0428433,38.9836155
5871,intersection,,-77.042706,38.983601
5872,intersection,,-77.0090681,38.8970104
5873,intersection,,-77.0090205,38.8995595
5874,intersection,,-77.0296276,38.9048511
5875,intersection,,-76.9981876,38.90617
5876,intersection,,-77.0365424,38.9037447
5877,intersection,,-77.0365408,38.9037959
5878,intersection,,-77.0385185,38.9026453
5880,intersection,,-77.0434691,38.8963851
5881,intersection,,-77.0089962,38.9116237
5882,intersection,,-77.0564942,38.897259
5883,intersection,,-77.0501283,38.8995843
5884,intersection,,-77.0452939,38.8995821
5885,intersection,,-77.0345827,38.9020984
5886,intersection,,-76.9924154,38.9224952
5902,intersection,,-77.0169543,38.8297616
5904,intersection,,-77.0365029,38.917469
5905,intersection,,-77.0406833,38.9047517
5906,intersection,,-77.0402928,38.9040763
5907,intersection,,-76.987828,38.8695305
5908,intersection,,-76.9878158,38.8691902
5909,intersection,,-77.0161918,38.9001084
5910,intersection,,-77.0157471,38.9144069
5911,intersection,,-77.0476751,38.9351155
5912,intersection,,-77.047794,38.9350165
5913,intersection,,-77.0476562,38.9351672
5914,intersection,,-76.9949643,38.8941953
5916,intersection,,-77.0059234,38.8876078
5918,intersection,,-77.0449679,38.8868225
5919,intersection,,-77.07064,38.919198
5920,intersection,,-77.0714365,38.9201281
5921,intersection,,-77.0696456,38.9180391
5922,intersection,,-77.0649097,38.9103735
5923,intersection,,-77.0649527,38.9104537
5924,intersection,,-77.0544634,38.9040446
5925,intersection,,-77.0547451,38.9041425
5926,intersection,,-77.0754399,38.9055354
5927,intersection,,-77.0670805,38.9050912
5928,intersection,,-77.0678364,38.9050735
5929,intersection,,-77.0416914,38.9056438
5930,intersection,,-77.0743366,38.9514466
5931,intersection,,-77.0737413,38.9521395
5932,intersection,,-77.0736058,38.9523005
5933,intersection,,-77.0722546,38.9538793
5934,intersection,,-77.0799966,38.9484659
5935,intersection,,-77.0801802,38.9488128
5936,intersection,,-77.0783335,38.9455108
5937,intersection,,-77.0783965,38.9456242
5938,intersection,,-77.077464,38.943947
5939,intersection,,-77.077928,38.944783
5940,intersection,,-77.0782329,38.9453305
5941,intersection,,-77.078035,38.943162
5942,intersection,,-77.080327,38.943163
5945,intersection,,-77.0562607,38.9316951
5946,intersection,,-77.0040276,38.887614
5947,intersection,,-77.00993,38.8875915
5948,intersection,,-77.0101874,38.8875924
5949,intersection,,-76.9990134,38.8430831
5950,intersection,,-76.9998204,38.8431744
5951,intersection,,-76.9989024,38.8436898
5952,intersection,,-77.084846,38.959041
5953,intersection,,-77.0856464,38.9606155
5954,intersection,,-77.0854619,38.9609306
5955,intersection,,-77.0853009,38.9610543
5956,intersection,,-77.0852426,38.961099
5957,intersection,,-77.0697449,38.91266
5958,intersection,,-77.0726855,38.9125986
5959,intersection,,-77.0083541,38.8338471
5960,intersection,,-77.0079218,38.8317893
5963,intersection,,-76.9713583,38.9172766
5965,intersection,,-77.0489105,38.9115495
5966,intersection,,-77.0416571,38.9171263
5967,intersection,,-77.0416579,38.9170404
5968,intersection,,-77.0337671,38.9037464
5969,intersection,,-77.0345773,38.9037448
5970,intersection,,-76.9921711,38.8777569
5971,intersection,,-77.0449331,38.9151035
5972,intersection,,-77.0456755,38.914679
5974,intersection,,-77.0448669,38.9026464
5975,intersection,,-77.0449012,38.903394
5976,intersection,,-77.0488179,38.902649
5977,intersection,,-77.048815,38.9035398
5978,intersection,,-77.0239682,38.9111391
5979,intersection,,-77.0385142,38.9036293
5980,intersection,,-77.0385135,38.9037367
5981,intersection,,-77.043459,38.903205
5983,intersection,,-77.0399519,38.9037963
5984,intersection,,-77.0405191,38.9047623
5985,intersection,,-77.0501424,38.8968962
5986,intersection,,-77.050144,38.8970395
5987,intersection,,-77.087388,38.935597
5988,intersection,,-76.9730324,38.8983688
5989,intersection,,-76.972586,38.8982904
5990,intersection,,-76.9709077,38.8980032
5992,intersection,,-76.9789373,38.9068605
5993,intersection,,-76.9825677,38.901239
5994,intersection,,-76.982032,38.9020622
5995,intersection,,-76.9819564,38.902182
5996,intersection,,-76.9809887,38.9037453
5997,intersection,,-77.0279706,38.9617132
5998,intersection,,-77.028031,38.961014
5999,intersection,,-77.0278593,38.963077
6000,intersection,,-77.0278318,38.9634236
6001,intersection,,-77.0280652,38.9605675
6002,intersection,,-77.027889,38.9627024
6003,intersection,,-77.0279202,38.9623163
6004,intersection,,-77.0261612,38.968334
6005,intersection,,-77.020225,38.9769865
6006,intersection,,-77.0207136,38.976292
6007,intersection,,-77.020544,38.976528
6008,intersection,,-77.0623528,38.9051855
6009,intersection,,-76.9898068,38.902582
6010,intersection,,-76.9895653,38.9024881
6013,intersection,,-77.0161248,38.9720056
6014,intersection,,-77.0520649,38.8885879
6015,intersection,,-77.0588784,38.8861159
6016,intersection,,-77.0084559,38.9267311
6017,intersection,,-77.008043,38.9267767
6020,intersection,,-76.9781926,38.9171727
6021,intersection,,-76.9785401,38.9171666
6022,intersection,,-76.977964,38.9175436
6023,intersection,,-76.9777995,38.9173625
6025,intersection,,-76.9781046,38.91729
6026,intersection,,-77.0364344,38.965722
6027,intersection,,-76.9730618,38.9165143
6028,intersection,,-76.9729987,38.9165874
6029,intersection,,-76.991715,38.9133135
6030,intersection,,-76.9919859,38.9122794
6032,intersection,,-76.972651,38.9174311
6035,intersection,,-77.0480662,38.8871648
6036,intersection,,-77.0430754,38.8870094
6037,intersection,,-77.0447512,38.8870352
6038,intersection,,-77.0142633,38.9149189
6039,intersection,,-77.0146507,38.9147905
6040,intersection,,-76.9917123,38.9189945
6041,intersection,,-76.9934722,38.9175021
6042,intersection,,-76.9932745,38.9176752
6043,intersection,,-76.9935341,38.917448
6044,intersection,,-77.0218962,38.9168019
6045,intersection,,-77.0090467,38.955699
6046,intersection,,-77.000275,38.955294
6047,intersection,,-77.0004381,38.9554099
6048,intersection,,-77.0009132,38.955875
6051,intersection,,-77.0012601,38.9585297
6052,intersection,,-77.0042147,38.9559356
6053,intersection,,-77.0046683,38.9558254
6054,intersection,,-77.0057804,38.9555043
6055,intersection,,-77.0051062,38.9556177
6056,intersection,,-77.0319541,38.9022777
6057,intersection,,-77.0319507,38.9008632
6058,intersection,,-77.0345707,38.9056942
6059,intersection,,-77.0345693,38.905648
6060,intersection,,-77.0345705,38.9052929
6061,intersection,,-77.034573,38.9046881
6062,intersection,,-77.0345709,38.9051896
6063,intersection,,-77.0345754,38.9041167
6064,intersection,,-77.0345773,38.9037959
6065,intersection,,-77.0345779,38.9033539
6066,intersection,,-77.0345891,38.9017798
6068,intersection,,-77.0179886,38.9788333
6069,intersection,,-77.0566211,38.9052445
6070,intersection,,-77.0570287,38.9052445
6071,intersection,,-77.0528197,38.905258
6072,intersection,,-77.051409,38.9052542
6073,intersection,,-77.0509488,38.9052554
6074,intersection,,-77.05011,38.9052566
6075,intersection,,-77.0496589,38.90526
6076,intersection,,-77.0479984,38.9052629
6077,intersection,,-77.0394659,38.896022
6078,intersection,,-77.0534109,38.9024964
6079,intersection,,-77.0445472,38.9013306
6080,intersection,,-77.0447407,38.9013287
6081,intersection,,-77.0389273,38.9013348
6082,intersection,,-77.0417007,38.9013296
6083,intersection,,-76.986802,38.9242398
6084,intersection,,-76.9870622,38.9241625
6085,intersection,,-76.9874986,38.9240317
6086,intersection,,-76.9870019,38.924049
6087,intersection,,-76.988046,38.9238608
6088,intersection,,-76.9900153,38.9232413
6089,intersection,,-77.0857479,38.9382549
6090,intersection,,-77.0860722,38.9375672
6091,intersection,,-77.0904867,38.9335465
6092,intersection,,-77.0256969,38.9251613
6093,intersection,,-77.0255417,38.9241632
6094,intersection,,-77.0441288,38.9004427
6095,intersection,,-77.0422562,38.8997933
6096,intersection,,-77.0219904,38.9204857
6097,intersection,,-77.0220343,38.9208007
6098,intersection,,-77.0218993,38.9177684
6099,intersection,,-77.0219015,38.9185538
6100,intersection,,-76.993833,38.9157465
6101,intersection,,-76.9938321,38.9155596
6102,intersection,,-76.9926099,38.9128222
6103,intersection,,-76.9923556,38.9123158
6104,intersection,,-76.9923483,38.9113549
6106,intersection,,-77.0879438,38.959064
6107,intersection,,-77.0885446,38.9585967
6109,intersection,,-77.0081117,38.8461362
6110,intersection,,-77.0081109,38.8470801
6111,intersection,,-76.994704,38.843606
6112,intersection,,-76.991658,38.844127
6113,intersection,,-77.01991,38.9002398
6114,intersection,,-77.0047367,38.9089112
6115,intersection,,-77.0662585,38.9609168
6118,intersection,,-77.0246317,38.9357938
6119,intersection,,-77.0851374,38.9128241
6121,intersection,,-77.0851583,38.9128925
6122,intersection,,-77.0146288,38.9049755
6123,intersection,,-77.016176,38.902519
6124,intersection,,-77.0090945,38.9114055
6125,intersection,,-77.002031,38.919294
6126,intersection,,-77.0267692,38.9331336
6127,intersection,,-77.0259022,38.9266184
6128,intersection,,-77.0258333,38.9261188
6129,intersection,,-77.025803,38.925868
6130,intersection,,-77.0257656,38.9256187
6131,intersection,,-77.0324898,38.9271222
6132,intersection,,-77.0362817,38.9888654
6133,intersection,,-77.036283,38.9886571
6134,intersection,,-77.0362667,38.987392
6135,intersection,,-77.036285,38.9881963
6136,intersection,,-77.0363865,38.9882178
6137,intersection,,-77.0363775,38.9876045
6138,intersection,,-77.0363744,38.9873982
6139,intersection,,-77.0363869,38.9866321
6140,intersection,,-77.0362751,38.9871474
6141,intersection,,-77.0363907,38.9864097
6142,intersection,,-77.0363968,38.9858801
6143,intersection,,-77.0362916,38.985401
6144,intersection,,-77.036293,38.9841489
6145,intersection,,-77.0362896,38.9838858
6146,intersection,,-77.036281,38.983213
6147,intersection,,-77.0364022,38.9832141
6148,intersection,,-77.0364017,38.9824714
6149,intersection,,-77.0364014,38.983426
6150,intersection,,-77.0362843,38.982997
6151,intersection,,-77.0362958,38.9808645
6152,intersection,,-77.0364016,38.9822825
6153,intersection,,-77.0364064,38.9815568
6154,intersection,,-77.0364077,38.9813526
6155,intersection,,-77.036411,38.9808597
6156,intersection,,-77.0364129,38.9806295
6157,intersection,,-77.0364154,38.9803896
6158,intersection,,-77.0364132,38.9796661
6159,intersection,,-77.0364144,38.9793943
6160,intersection,,-76.988825,38.94002
6161,intersection,,-76.992397,38.936175
6162,intersection,,-76.991896,38.937314
6163,intersection,,-77.0043257,38.8765418
6164,intersection,,-77.0053812,38.8765446
6165,intersection,,-77.0035316,38.8765437
6166,intersection,,-77.0040093,38.8765425
6167,intersection,,-77.0040686,38.8765423
6168,intersection,,-77.0056833,38.8765448
6169,intersection,,-77.005899,38.8765444
6170,intersection,,-77.0090006,38.8815115
6171,intersection,,-77.0089996,38.8811219
6172,intersection,,-77.0090005,38.8803979
6173,intersection,,-77.0092656,38.8766472
6174,intersection,,-77.0089382,38.8763151
6175,intersection,,-77.0089408,38.8759546
6176,intersection,,-77.0089323,38.8747927
6177,intersection,,-77.0193813,38.8998143
6178,intersection,,-77.0146586,38.8920949
6179,intersection,,-77.0243886,38.8920851
6180,intersection,,-77.0001142,38.876543
6181,intersection,,-77.00042,38.8765431
6182,intersection,,-77.0004747,38.8765431
6183,intersection,,-77.0029596,38.8765439
6184,intersection,,-77.0019268,38.8764557
6185,intersection,,-77.0007145,38.8764537
6186,intersection,,-77.0006735,38.8764536
6187,intersection,,-77.0849539,38.961384
6188,intersection,,-77.0851154,38.9612547
6189,intersection,,-76.9574863,38.8965631
6190,intersection,,-76.9579253,38.8965152
6191,intersection,,-76.9602268,38.8968577
6192,intersection,,-77.0028369,38.9652217
6193,intersection,,-77.0026875,38.9654244
6194,intersection,,-77.0193278,38.902521
6195,intersection,,-77.0213519,38.9025321
6196,intersection,,-77.0203342,38.902536
6197,intersection,,-77.0184232,38.9025206
6198,intersection,,-77.0166659,38.9025193
6199,intersection,,-77.0154267,38.902519
6200,intersection,,-77.0326699,38.9037454
6201,intersection,,-77.0301881,38.9037446
6202,intersection,,-77.0296269,38.9037444
6203,intersection,,-77.0285688,38.9037447
6204,intersection,,-77.0144793,38.9055421
6205,intersection,,-77.0152171,38.9052999
6206,intersection,,-77.0068708,38.9001646
6207,intersection,,-77.005611,38.9001633
6208,intersection,,-77.0063576,38.9025163
6209,intersection,,-77.0085195,38.9025151
6210,intersection,,-77.0789369,38.9127001
6211,intersection,,-77.0072394,38.8962955
6212,intersection,,-77.0073326,38.8963745
6213,intersection,,-77.0075432,38.8966588
6214,intersection,,-77.0138597,38.8993054
6215,intersection,,-77.0091337,38.8979611
6216,intersection,,-77.0063917,38.8958224
6217,intersection,,-77.0061809,38.8958398
6218,intersection,,-77.0142159,38.8920941
6219,intersection,,-77.0091206,38.8920856
6220,intersection,,-77.0059123,38.8917177
6221,intersection,,-76.9638003,38.9349581
6222,intersection,,-76.9635377,38.9350788
6223,intersection,,-76.9648424,38.9255257
6224,intersection,,-76.9590805,38.9299015
6225,intersection,,-76.9615748,38.9281754
6226,intersection,,-77.0048247,38.8957475
6227,intersection,,-77.0136396,38.8854648
6228,intersection,,-77.0129402,38.8867372
6229,intersection,,-76.9783362,38.8898056
6230,intersection,,-76.9742598,38.8894853
6231,intersection,,-76.9745746,38.8894865
6232,intersection,,-76.9915324,38.8822534
6233,intersection,,-76.9915334,38.8816247
6234,intersection,,-76.9915332,38.8812756
6235,intersection,,-76.9732043,38.8745249
6236,intersection,,-76.9715665,38.8737896
6237,intersection,,-76.9889525,38.9527053
6238,intersection,,-77.0511167,38.922854
6239,intersection,,-77.035076,38.940553
6240,intersection,,-77.0004144,38.8804251
6241,intersection,,-77.000088,38.8803352
6242,intersection,,-76.996685,38.8787292
6243,intersection,,-76.9972911,38.8765357
6245,intersection,,-76.9961869,38.8765372
6246,intersection,,-77.0004746,38.8764545
6247,intersection,,-77.0365007,38.9181155
6248,intersection,,-77.0404788,38.9241325
6249,intersection,,-77.0406564,38.9240146
6250,intersection,,-77.0410135,38.9237775
6251,intersection,,-77.041412,38.923513
6252,intersection,,-77.0415359,38.9234298
6253,intersection,,-77.0442752,38.9198903
6254,intersection,,-77.0175565,38.8902252
6255,intersection,,-77.0219075,38.8871345
6256,intersection,,-77.0219972,38.8816258
6257,intersection,,-77.0318598,38.8871229
6258,intersection,,-77.0319611,38.8889838
6259,intersection,,-77.031956,38.8893423
6260,intersection,,-77.0344946,38.8850976
6261,intersection,,-77.0340431,38.8846144
6262,intersection,,-77.029858,38.8824073
6263,intersection,,-77.0308935,38.8827494
6264,intersection,,-77.0301548,38.8824919
6265,intersection,,-77.0176312,38.8765318
6266,intersection,,-76.9528588,38.8899857
6267,intersection,,-77.0492885,38.9116811
6268,intersection,,-76.945628,38.880902
6269,intersection,,-77.0079675,38.835146
6270,intersection,,-76.9693768,38.8729147
6271,intersection,,-76.958516,38.8685666
6272,intersection,,-76.9587957,38.8687062
6273,intersection,,-76.9581764,38.8684295
6274,intersection,,-76.9574699,38.8681552
6275,intersection,,-76.9571878,38.8680365
6276,intersection,,-76.9598999,38.8691572
6277,intersection,,-76.9521998,38.8659714
6278,intersection,,-76.9532859,38.8664474
6279,intersection,,-76.9518797,38.8658361
6280,intersection,,-76.9516999,38.8657624
6281,intersection,,-76.9509656,38.8654484
6282,intersection,,-76.9502494,38.8651576
6283,intersection,,-76.949902,38.865014
6284,intersection,,-76.9517057,38.8654376
6285,intersection,,-76.9592129,38.8629207
6286,intersection,,-76.9591866,38.8628148
6287,intersection,,-76.9592446,38.8631383
6288,intersection,,-76.959582,38.8618748
6289,intersection,,-76.9604248,38.8696257
6290,intersection,,-76.960383,38.869291
6291,intersection,,-76.9589123,38.8607523
6292,intersection,,-76.9589138,38.8596608
6293,intersection,,-76.9589163,38.8585862
6294,intersection,,-76.958917,38.8583503
6295,intersection,,-76.9589172,38.8581382
6296,intersection,,-76.9589178,38.8575132
6297,intersection,,-76.958918,38.857272
6298,intersection,,-76.9589174,38.8570344
6299,intersection,,-77.0019137,38.8217644
6300,intersection,,-76.9842601,38.8529218
6306,intersection,,-76.9442603,38.9032251
6309,intersection,,-77.0394602,38.8988162
6310,intersection,,-77.0453684,38.8945365
6311,intersection,,-77.0394705,38.8954092
6312,intersection,,-77.0434632,38.9013296
6313,intersection,,-77.0429577,38.9013299
6314,intersection,,-77.0551501,38.9042827
6315,intersection,,-77.0530501,38.9035709
6316,intersection,,-77.0492475,38.9037369
6317,intersection,,-77.0403062,38.9037361
6318,intersection,,-77.0372591,38.9037469
6319,intersection,,-77.0371909,38.9037467
6320,intersection,,-77.0387049,38.9037333
6321,intersection,,-77.0571264,38.9050256
6322,intersection,,-77.0570262,38.9049391
6323,intersection,,-77.0364496,38.9572929
6324,intersection,,-77.036344,38.9572086
6325,intersection,,-77.0495647,38.9435575
6326,intersection,,-77.0496228,38.9435227
6327,intersection,,-77.0495815,38.9436282
6328,intersection,,-77.0496481,38.9439202
6329,intersection,,-77.041692,38.9034067
6330,intersection,,-77.0416939,38.9036294
6331,intersection,,-77.0408899,38.905105
6332,intersection,,-77.039449,38.9009535
6333,intersection,,-77.0394521,38.9006119
6334,intersection,,-77.0394543,38.9002251
6335,intersection,,-77.039459,38.8998285
6337,intersection,,-77.0492981,38.9034157
6339,intersection,,-77.0363987,38.9843759
6340,intersection,,-77.0363986,38.9841636
6341,intersection,,-77.0517834,38.8897071
6342,intersection,,-77.0493917,38.8902759
6343,intersection,,-77.0499357,38.8902772
6344,intersection,,-77.0499796,38.8902802
6345,intersection,,-77.0345406,38.9103386
6346,intersection,,-77.0727978,38.9223622
6347,intersection,,-77.0724571,38.9217981
6348,intersection,,-77.0726399,38.9221007
6349,intersection,,-77.0231748,38.92867
6350,intersection,,-77.07319,38.9271649
6351,intersection,,-77.0731142,38.9289734
6352,intersection,,-77.0177628,38.9287443
6353,intersection,,-77.091063,38.932415
6354,intersection,,-77.0949346,38.9157438
6355,intersection,,-77.0945827,38.9155521
6357,intersection,,-77.046301,38.9164284
6358,intersection,,-77.0462673,38.9162241
6359,intersection,,-77.0587105,38.9180463
6360,intersection,,-77.0588941,38.9181815
6361,intersection,,-77.0419733,38.9069514
6362,intersection,,-76.99544,38.862648
6363,intersection,,-76.9951606,38.8624778
6364,intersection,,-76.9941148,38.8618143
6365,intersection,,-76.994453,38.862025
6366,intersection,,-76.995791,38.862875
6367,intersection,,-77.0052655,38.8564701
6368,intersection,,-76.9972267,38.8625753
6370,intersection,,-77.0206173,38.8998186
6371,intersection,,-76.9913863,38.8764556
6372,intersection,,-76.9904185,38.8764583
6373,intersection,,-76.9814088,38.8788632
6374,intersection,,-77.0461193,38.9025294
6375,intersection,,-77.0462875,38.9025298
6376,intersection,,-77.045821,38.9025288
6377,intersection,,-77.0263004,38.9108803
6378,intersection,,-77.0364613,38.9316571
6379,intersection,,-77.0364596,38.9323477
6380,intersection,,-77.038491,38.9079319
6381,intersection,,-77.0413594,38.9089265
6383,intersection,,-77.0765262,38.9422493
6384,intersection,,-77.076585,38.9423589
6385,intersection,,-77.0764939,38.942189
6386,intersection,,-77.0297051,38.9375429
6387,intersection,,-77.029704,38.941865
6388,intersection,,-77.029695,38.956217
6389,intersection,,-77.029703,38.945062
6390,intersection,,-77.0297051,38.9462726
6391,intersection,,-77.0296915,38.9518868
6392,intersection,,-77.029701,38.9482586
6393,intersection,,-77.029701,38.94872
6394,intersection,,-77.071661,38.92048
6395,intersection,,-77.005884,38.906447
6396,intersection,,-77.0136315,38.8973484
6397,intersection,,-77.0566275,38.9035581
6398,intersection,,-77.026152,38.9415783
6399,intersection,,-77.058519,38.9355771
6400,intersection,,-77.0590418,38.936475
6401,intersection,,-77.0218521,38.8815161
6402,intersection,,-77.0220014,38.8819369
6403,intersection,,-77.0041726,38.8765425
6404,intersection,,-77.0041431,38.876457
6405,intersection,,-77.05825,38.956604
6406,intersection,,-77.002036,38.8946102
6407,intersection,,-77.0725759,38.927529
6408,intersection,,-77.0019808,38.9077845
6409,intersection,,-77.0058875,38.9047046
6410,intersection,,-77.0184011,38.9147813
6411,intersection,,-76.9949768,38.8764537
6412,intersection,,-77.032725,38.942928
6413,intersection,,-77.0327244,38.941867
6414,intersection,,-77.03394,38.94187
6415,intersection,,-77.0257924,38.9429153
6416,intersection,,-76.9749936,38.8713429
6417,intersection,,-76.985959,38.854537
6418,intersection,,-76.979643,38.845732
6419,intersection,,-76.976262,38.843818
6420,intersection,,-76.988507,38.8398291
6421,intersection,,-76.9937337,38.8388013
6422,intersection,,-76.9935536,38.8388116
6423,intersection,,-76.998431,38.837555
6424,intersection,,-76.9308591,38.8761296
6425,intersection,,-76.9220229,38.8864185
6426,intersection,,-77.083786,38.943164
6427,intersection,,-77.088634,38.9431699
6428,intersection,,-77.082043,38.943164
6429,intersection,,-77.0678282,38.9059293
6430,intersection,,-77.017635,38.917855
6431,intersection,,-77.017716,38.918375
6432,intersection,,-77.0121669,38.8973405
6433,intersection,,-77.0310895,38.990118
6434,intersection,,-77.0060983,38.8958515
6435,intersection,,-77.0569216,38.9146633
6436,intersection,,-77.052985,38.9123339
6437,intersection,,-77.0508679,38.8900999
6438,intersection,,-77.0566434,38.9031871
6439,intersection,,-77.0440415,38.9092441
6440,intersection,,-77.0576395,38.9335058
6441,intersection,,-77.0593903,38.9367991
6442,intersection,,-77.012162,38.901319
6443,intersection,,-77.01217,38.9002185
6444,intersection,,-76.9883032,38.8981486
6445,intersection,,-76.988311,38.894785
6446,intersection,,-76.994961,38.900203
6447,intersection,,-76.994961,38.9005885
6448,intersection,,-76.996167,38.9002024
6449,intersection,,-76.9883086,38.9005359
6450,intersection,,-76.987143,38.9001993
6451,intersection,,-77.0429415,38.9090275
6452,intersection,,-77.0448946,38.8995837
6453,intersection,,-77.044892,38.9001937
6454,intersection,,-77.044773,38.8995841
6455,intersection,,-76.9874083,38.9015712
6456,intersection,,-76.9866697,38.9012559
6457,intersection,,-76.9865871,38.901221
6459,intersection,,-77.0455936,38.9313181
6461,intersection,,-77.053712,38.8971037
6463,intersection,,-77.0089218,38.90723
6464,intersection,,-77.0160472,38.9001376
6465,intersection,,-77.0152294,38.8998576
6466,intersection,,-77.074137,38.929318
6467,intersection,,-77.074722,38.9297507
6468,intersection,,-77.0663824,38.9247241
6469,intersection,,-77.0846189,38.9616477
6470,intersection,,-77.0823971,38.908633
6471,intersection,,-77.0813411,38.9072043
6472,intersection,,-77.091776,38.913381
6473,intersection,,-77.1016748,38.9253519
6474,intersection,,-77.102886,38.9262604
6475,intersection,,-77.1017921,38.9252698
6476,intersection,,-77.1014591,38.9249278
6477,intersection,,-77.1013534,38.925029
6478,intersection,,-77.073188,38.924696
6479,intersection,,-77.0731902,38.9252958
6480,intersection,,-77.0731884,38.9244327
6481,intersection,,-77.073188,38.9261817
6482,intersection,,-77.067331,38.924317
6483,intersection,,-77.069003,38.923857
6484,intersection,,-77.075573,38.964903
6485,intersection,,-77.027496,38.960814
6486,intersection,,-77.010967,38.9627037
6490,intersection,,-77.0090908,38.9129751
6491,intersection,,-77.009092,38.9133406
6492,intersection,,-77.0468872,38.9912563
6493,intersection,,-76.9852398,38.9156637
6494,intersection,,-76.9879373,38.9147319
6495,intersection,,-76.9891507,38.9143138
6496,intersection,,-77.095481,38.953163
6497,intersection,,-77.096397,38.952449
6498,intersection,,-77.036403,38.9527655
6499,intersection,,-77.0787257,38.9479117
6500,intersection,,-77.0746538,38.9510759
6501,intersection,,-77.0715702,38.9546927
6502,intersection,,-77.076834,38.95836
6503,intersection,,-77.077145,38.958518
6504,intersection,,-76.995346,38.9025146
6505,intersection,,-77.0091021,38.9017095
6506,intersection,,-77.0261249,38.9014858
6507,intersection,,-77.0454118,38.9025286
6508,intersection,,-77.0494689,38.9027349
6509,intersection,,-77.0498537,38.8968854
6510,intersection,,-77.0489955,38.8964219
6511,intersection,,-77.0488632,38.8965798
6512,intersection,,-77.0498896,38.8971382
6514,intersection,,-77.0501456,38.8972765
6516,intersection,,-77.0430685,38.8933925
6517,intersection,,-77.0475451,38.8956949
6518,intersection,,-77.0261191,38.9013617
6519,intersection,,-76.991522,38.8898706
6520,intersection,,-77.0090168,38.9007461
6521,intersection,,-77.0090171,38.9013508
6522,intersection,,-77.0438863,38.909133
6523,intersection,,-77.0437169,38.9102315
6524,intersection,,-76.9937648,38.8765372
6525,intersection,,-76.9944087,38.8765361
6526,intersection,,-77.0280988,38.9026387
6527,intersection,,-77.0328709,38.8895171
6528,intersection,,-77.0365163,38.9126082
6529,intersection,,-77.0081553,38.8449482
6531,intersection,,-77.0108857,38.8937973
6532,intersection,,-77.0111933,38.8935788
6533,intersection,,-77.0118434,38.8931018
6534,intersection,,-77.0126945,38.8924902
6535,intersection,,-77.009861,38.8945345
6536,intersection,,-77.0224214,38.9096389
6537,intersection,,-77.0239748,38.9096391
6538,intersection,,-76.9838588,38.916025
6540,intersection,,-77.0090081,38.9074961
6541,intersection,,-77.0090958,38.9071736
6542,intersection,,-77.0090104,38.9091505
6543,intersection,,-76.9984507,38.9002082
6544,intersection,,-77.0185546,38.8875735
6545,intersection,,-77.0188378,38.8875731
6546,intersection,,-77.0407766,38.9096535
6547,intersection,,-77.0346034,38.9026446
6548,intersection,,-77.0021334,38.8898264
6549,intersection,,-76.9926475,38.8898124
6550,intersection,,-77.0464158,38.9158682
6551,intersection,,-77.0463216,38.9148468
6552,intersection,,-77.0434248,38.9155885
6553,intersection,,-77.086752,38.953315
6554,intersection,,-77.0878381,38.9540902
6556,intersection,,-77.0450769,38.9023984
6558,intersection,,-77.0398377,38.9036001
6559,intersection,,-77.0388691,38.932563
6560,intersection,,-77.0098253,38.8839722
6561,intersection,,-77.0501407,38.8932174
6562,intersection,,-77.0501398,38.8932976
6563,intersection,,-76.998481,38.8798967
6564,intersection,,-77.0443395,38.9099195
6565,intersection,,-77.042537,38.9093692
6566,intersection,,-77.0295138,38.9102921
6567,intersection,,-77.0073146,38.9551644
6568,intersection,,-77.004382,38.940739
6569,intersection,,-77.002036,38.913338
6570,intersection,,-77.002036,38.914081
6571,intersection,,-76.9890972,38.9142187
6572,intersection,,-76.987881,38.914636
6573,intersection,,-76.9851846,38.915566
6574,intersection,,-77.0076785,38.8291102
6575,intersection,,-77.0059048,38.8239933
6576,intersection,,-77.0057193,38.823823
6577,intersection,,-77.005494,38.8236458
6578,intersection,,-77.0076775,38.829319
6579,intersection,,-77.069847,38.926181
6580,intersection,,-77.0244565,38.9170068
6581,intersection,,-77.0259932,38.9170074
6584,intersection,,-77.028084,38.9170073
6585,intersection,,-77.0158579,38.9136951
6586,intersection,,-77.0160966,38.9137979
6587,intersection,,-77.0319533,38.9118745
6588,intersection,,-77.0319537,38.9101368
6590,intersection,,-77.0611874,38.9052025
6591,intersection,,-77.0619685,38.9051914
6592,intersection,,-77.0549495,38.9105901
6593,intersection,,-77.0730946,38.9290953
6596,intersection,,-77.0726513,38.9318659
6597,intersection,,-77.0365136,38.9148413
6598,intersection,,-76.9961665,38.8920183
6599,intersection,,-77.0406688,38.9126108
6600,intersection,,-77.0416551,38.912608
6601,intersection,,-77.038494,38.91261
6602,intersection,,-77.0035105,38.897247
6603,intersection,,-77.0002833,38.8430066
6604,intersection,,-77.0071466,38.9310436
6605,intersection,,-77.008979,38.9258382
6606,intersection,,-77.065264,38.9334888
6607,intersection,,-77.0264634,38.9206939
6610,intersection,,-77.0394649,38.8973611
6611,intersection,,-77.0394601,38.8983363
6612,intersection,,-77.0394638,38.8979219
6613,intersection,,-77.0172399,38.9574536
6614,intersection,,-77.017874,38.95766
6615,intersection,,-76.9855074,38.8800656
6616,intersection,,-76.9889939,38.9466609
6617,intersection,,-76.989217,38.9469042
6618,intersection,,-76.9901943,38.9476049
6619,intersection,,-77.002766,38.9648484
6620,intersection,,-77.0030064,38.9586007
6622,intersection,,-76.9749065,38.8894863
6623,intersection,,-76.9738292,38.8897878
6624,intersection,,-76.9738302,38.8893931
6625,intersection,,-77.0014472,38.9325233
6626,intersection,,-77.0018177,38.9345357
6627,intersection,,-77.050101,38.9072484
6628,intersection,,-77.0369717,38.9072381
6629,intersection,,-77.0415522,38.8983405
6630,intersection,,-76.9886336,38.8708994
6631,intersection,,-76.9888488,38.8710593
6632,intersection,,-76.9820729,38.8718487
6633,intersection,,-76.9842777,38.8708046
6634,intersection,,-76.9845352,38.870695
6635,intersection,,-76.9874919,38.8701542
6636,intersection,,-76.9901188,38.8722569
6637,intersection,,-76.9911602,38.874105
6640,intersection,,-76.9920713,38.8764513
6641,intersection,,-76.9921689,38.8765472
6642,intersection,,-76.9915036,38.8766229
6643,intersection,,-76.9915122,38.8769722
6644,intersection,,-76.9915775,38.8756168
6645,intersection,,-76.991575,38.8752034
6646,intersection,,-76.9915715,38.8746166
6647,intersection,,-76.9915733,38.8741394
6648,intersection,,-76.9914671,38.8738051
6649,intersection,,-76.9912776,38.8733041
6650,intersection,,-76.9912447,38.8733843
6651,intersection,,-76.9914207,38.8746323
6652,intersection,,-76.9914244,38.875301
6653,intersection,,-76.9913647,38.873891
6655,intersection,,-76.9884086,38.8691628
6656,intersection,,-76.9882849,38.8689747
6657,intersection,,-76.988595,38.8694463
6658,intersection,,-76.9887114,38.8696231
6659,intersection,,-76.9893338,38.8704529
6660,intersection,,-76.9890956,38.8701794
6661,intersection,,-76.9909922,38.8726283
6662,intersection,,-76.991153,38.8729528
6663,intersection,,-76.9841772,38.8732256
6664,intersection,,-76.9870035,38.8717816
6665,intersection,,-76.9875272,38.8715062
6666,intersection,,-76.9785537,38.8753162
6667,intersection,,-76.9828781,38.8737863
6668,intersection,,-76.9885494,38.8710501
6669,intersection,,-77.0480851,38.8869461
6670,intersection,,-77.0477109,38.8869282
6671,intersection,,-77.0454456,38.8868414
6672,intersection,,-76.998837,38.954188
6674,intersection,,-77.0262298,38.8835904
6675,intersection,,-77.026176,38.883121
6676,intersection,,-77.0731855,38.9236175
6677,intersection,,-76.998071,38.910609
6679,intersection,,-76.9599461,38.9217202
6681,intersection,,-76.9517314,38.9221812
6682,intersection,,-77.0509954,38.9336035
6683,intersection,,-77.0637097,38.9721662
6684,intersection,,-77.064188,38.972838
6685,intersection,,-77.0648051,38.9737062
6686,intersection,,-76.9807564,38.8792551
6688,intersection,,-76.9793031,38.8853612
6689,intersection,,-76.9790006,38.8852358
6690,intersection,,-76.9660387,38.9244091
6691,intersection,,-76.9569671,38.8843833
6692,intersection,,-76.95467,38.887583
6693,intersection,,-76.9789903,38.9062211
6694,intersection,,-77.0207311,38.9585939
6696,intersection,,-77.0136546,38.9562967
6697,intersection,,-77.0139569,38.9564494
6698,intersection,,-77.03015,38.948259
6699,intersection,,-77.0142634,38.9576532
6700,intersection,,-77.0146976,38.957074
6701,intersection,,-77.0123503,38.9602101
6702,intersection,,-77.0134678,38.9587278
6703,intersection,,-77.008963,38.96479
6704,intersection,,-77.0088988,38.9647252
6705,intersection,,-77.0105425,38.9626848
6708,intersection,,-77.0110407,38.9620057
6709,intersection,,-77.0112259,38.9617518
6710,intersection,,-77.0122956,38.9601853
6711,intersection,,-77.0072897,38.9592253
6712,intersection,,-77.002595,38.96495
6713,intersection,,-76.99536,38.933492
6714,intersection,,-77.0210697,38.9587032
6716,intersection,,-77.0320154,38.9618465
6717,intersection,,-77.068694,38.925341
6718,intersection,,-77.0871146,38.9364794
6719,intersection,,-77.0864615,38.9372509
6721,intersection,,-77.013667,38.869477
6722,intersection,,-77.0136716,38.8646445
6723,intersection,,-77.02469,38.938684
6724,intersection,,-77.024767,38.938984
6725,intersection,,-77.0245001,38.9376099
6726,intersection,,-77.0682718,38.9050633
6727,intersection,,-77.031565,38.9058219
6728,intersection,,-77.0110471,38.8982856
6729,intersection,,-77.00907,38.8953735
6730,intersection,,-77.0091295,38.8985129
6731,intersection,,-77.0090173,38.90171
6733,intersection,,-77.009111,38.9007461
6734,intersection,,-77.0091112,38.9006274
6735,intersection,,-77.0090134,38.8989201
6736,intersection,,-77.002941,38.9002831
6737,intersection,,-77.005115,38.9002817
6738,intersection,,-77.0068338,38.9002711
6739,intersection,,-77.0084023,38.9002691
6740,intersection,,-77.0562095,38.8942204
6741,intersection,,-77.0564139,38.8949561
6742,intersection,,-77.0564041,38.897034
6743,intersection,,-77.0563565,38.8976668
6744,intersection,,-77.0568879,38.9002904
6745,intersection,,-77.0570628,38.9007521
6746,intersection,,-77.0571948,38.9014025
6747,intersection,,-77.0571609,38.9016925
6748,intersection,,-77.0570882,38.9019547
6749,intersection,,-77.0570587,38.9020335
6750,intersection,,-77.0569318,38.9023627
6751,intersection,,-77.0568064,38.9026897
6752,intersection,,-77.0566912,38.9030078
6753,intersection,,-77.0550442,38.8922965
6754,intersection,,-77.0560162,38.8939064
6755,intersection,,-77.006698,38.8765434
6756,intersection,,-77.0158168,38.9554879
6757,intersection,,-76.9782332,38.9079521
6758,intersection,,-76.9783516,38.9080016
6759,intersection,,-76.9780764,38.9081947
6760,intersection,,-76.9781911,38.9082461
6761,intersection,,-76.9765188,38.9116352
6762,intersection,,-76.9766415,38.9116585
6763,intersection,,-76.9742844,38.9152087
6764,intersection,,-76.9741748,38.9151487
6765,intersection,,-76.9696321,38.9209065
6766,intersection,,-76.9794627,38.9063037
6767,intersection,,-76.9798462,38.9056902
6768,intersection,,-76.9790112,38.9070014
6769,intersection,,-76.9733044,38.9164098
6771,intersection,,-76.9728816,38.916928
6772,intersection,,-76.9731773,38.9165617
6773,intersection,,-76.9721468,38.9177462
6774,intersection,,-76.9722021,38.9176914
6775,intersection,,-76.9714873,38.9185377
6776,intersection,,-76.9683989,38.922417
6777,intersection,,-76.969034,38.9216341
6778,intersection,,-76.9673365,38.9234801
6779,intersection,,-76.9661239,38.9244641
6780,intersection,,-76.9665221,38.9241412
6781,intersection,,-76.9655739,38.9249262
6782,intersection,,-76.9846935,38.8996556
6783,intersection,,-76.9846536,38.899592
6784,intersection,,-76.9826881,38.9012876
6785,intersection,,-76.9821507,38.9021106
6786,intersection,,-76.9820752,38.9022321
6787,intersection,,-77.0026245,38.8611691
6789,intersection,,-77.009543,38.8720399
6790,intersection,,-77.0091581,38.8715397
6791,intersection,,-76.978988,38.905629
6792,intersection,,-76.9789877,38.9059952
6793,intersection,,-77.0501339,38.8983505
6794,intersection,,-77.0518657,38.8983406
6795,intersection,,-77.0447459,38.9026453
6796,intersection,,-76.9329073,38.8928856
6797,intersection,,-76.933209,38.895901
6798,intersection,,-76.9635996,38.9353258
6799,intersection,,-76.9651234,38.9365297
6800,intersection,,-76.9620494,38.9341113
6801,intersection,,-76.9617998,38.9339208
6802,intersection,,-77.0858935,38.913868
6804,intersection,,-76.981916,38.866191
6805,intersection,,-76.9782472,38.8654827
6806,intersection,,-76.955649,38.856817
6807,intersection,,-76.9607676,38.8790555
6808,intersection,,-76.9575221,38.8836324
6809,intersection,,-76.9611397,38.8785449
6810,intersection,,-76.9610522,38.8786621
6811,intersection,,-76.989507,38.865452
6812,intersection,,-76.9751362,38.8712725
6813,intersection,,-76.9703928,38.8634934
6814,intersection,,-76.952216,38.865256
6815,intersection,,-77.0045626,38.9673425
6816,intersection,,-76.9762155,38.9357564
6817,intersection,,-76.9777492,38.9372159
6818,intersection,,-76.9744982,38.9340949
6819,intersection,,-76.998093,38.941192
6820,intersection,,-76.99967,38.940741
6821,intersection,,-77.0029254,38.9407435
6822,intersection,,-77.0029266,38.9407435
6823,intersection,,-76.9741758,38.9337902
6824,intersection,,-76.992621,38.932459
6825,intersection,,-77.0000539,38.9638183
6826,intersection,,-76.9772513,38.8896337
6827,intersection,,-76.9772505,38.889775
6831,intersection,,-76.9844527,38.8875611
6832,intersection,,-76.9843835,38.8875265
6833,intersection,,-76.9847382,38.8875394
6834,intersection,,-76.9843485,38.88738
6835,intersection,,-76.9835529,38.887118
6836,intersection,,-76.9843091,38.8872849
6837,intersection,,-76.9843322,38.8872576
6838,intersection,,-76.9848917,38.8868684
6839,intersection,,-77.0691681,38.9428523
6840,intersection,,-77.0087075,38.9483792
6841,intersection,,-77.009007,38.952407
6842,intersection,,-77.009047,38.954623
6844,intersection,,-77.08142,38.9431644
6846,intersection,,-77.0526081,38.9343321
6847,intersection,,-77.0083655,38.9104945
6850,intersection,,-77.0086157,38.9106007
6851,intersection,,-77.048673,38.8964437
6852,intersection,,-77.0487318,38.896474
6853,intersection,,-77.0448698,38.9017663
6854,intersection,,-77.0448676,38.9022806
6855,intersection,,-77.0446441,38.9083703
6856,intersection,,-77.0466907,38.8954176
6857,intersection,,-77.0471175,38.8956197
6858,intersection,,-77.046686,38.8970339
6859,intersection,,-77.0488622,38.8973604
6860,intersection,,-77.0468091,38.8973589
6861,intersection,,-77.0501464,38.8973602
6862,intersection,,-77.0281115,38.8973554
6863,intersection,,-77.0417016,38.9002289
6864,intersection,,-77.0198922,38.9736101
6865,intersection,,-77.021416,38.973609
6866,intersection,,-77.0215074,38.9478275
6867,intersection,,-77.0215248,38.947804
6869,intersection,,-77.0251559,38.9199546
6870,intersection,,-77.0251084,38.9195859
6871,intersection,,-77.019848,38.9434192
6872,intersection,,-77.0199503,38.9430287
6873,intersection,,-77.0197176,38.9427052
6874,intersection,,-77.0194983,38.9426041
6875,intersection,,-77.0169296,38.974999
6876,intersection,,-77.0169629,38.9750769
6877,intersection,,-77.0171172,38.9750279
6878,intersection,,-77.0370581,38.9002243
6879,intersection,,-77.0428452,38.9092452
6881,intersection,,-77.038311,38.931153
6882,intersection,,-76.9775921,38.889809
6883,intersection,,-76.9774487,38.8897677
6886,intersection,,-76.9941883,38.8618603
6887,intersection,,-77.0501325,38.8984505
6889,intersection,,-77.0556799,38.9002281
6890,intersection,,-77.0531892,38.8986104
6891,intersection,,-77.0531361,38.8987368
6892,intersection,,-77.053158,38.8988459
6893,intersection,,-77.0417143,38.8924466
6894,intersection,,-76.992936,38.935274
6895,intersection,,-77.021908,38.9011936
6896,intersection,,-77.0120919,38.9275407
6897,intersection,,-77.000569,38.922985
6898,intersection,,-76.9892259,38.9209799
6899,intersection,,-76.9889734,38.9212153
6900,intersection,,-77.0005671,38.9057764
6901,intersection,,-77.0004835,38.907163
6902,intersection,,-76.9983327,38.9025213
6903,intersection,,-76.9990215,38.9025201
6904,intersection,,-76.9961653,38.9025198
6905,intersection,,-76.9954226,38.9025163
6906,intersection,,-76.998443,38.9007511
6907,intersection,,-76.9772362,38.8932767
6908,intersection,,-76.9779945,38.8932765
6909,intersection,,-76.9807674,38.8947864
6910,intersection,,-77.0830842,38.9075543
6911,intersection,,-77.0862057,38.908848
6912,intersection,,-77.0816723,38.9069217
6913,intersection,,-76.9795421,38.916022
6914,intersection,,-76.9802928,38.9153493
6915,intersection,,-76.9841947,38.9118678
6916,intersection,,-76.9829376,38.9163338
6917,intersection,,-76.985773,38.910474
6918,intersection,,-76.9855997,38.9104139
6919,intersection,,-76.9854408,38.9103587
6920,intersection,,-76.9859516,38.9105343
6921,intersection,,-76.9856577,38.9105699
6922,intersection,,-76.98482,38.911312
6923,intersection,,-76.9882671,38.9019364
6924,intersection,,-77.0448837,38.9118764
6925,intersection,,-77.0474757,38.9111373
6926,intersection,,-77.0788752,38.9258272
6927,intersection,,-77.0793259,38.9258895
6928,intersection,,-77.0728182,38.9153903
6929,intersection,,-77.0487834,38.9105644
6932,intersection,,-77.0173544,38.8224576
6933,intersection,,-77.0173328,38.8223667
6934,intersection,,-77.0114917,38.8351106
6935,intersection,,-77.0166706,38.8283888
6936,intersection,,-76.9992242,38.8618046
6937,intersection,,-77.0009026,38.861156
6938,intersection,,-77.0139122,38.8285242
6939,intersection,,-76.998458,38.843943
6940,intersection,,-76.9979717,38.8443217
6941,intersection,,-77.001056,38.836131
6942,intersection,,-77.005885,38.833043
6943,intersection,,-76.9892387,38.8333109
6944,intersection,,-76.9873209,38.8321213
6945,intersection,,-76.994637,38.8309616
6946,intersection,,-77.0005755,38.831265
6947,intersection,,-77.0005716,38.8324879
6948,intersection,,-76.9850256,38.833926
6949,intersection,,-77.0009268,38.8215598
6950,intersection,,-77.0001487,38.8221656
6951,intersection,,-77.000567,38.829205
6952,intersection,,-77.0020009,38.8220463
6953,intersection,,-76.9915187,38.8772343
6954,intersection,,-77.0040006,38.876457
6955,intersection,,-77.003531,38.8764585
6957,intersection,,-76.9177758,38.8983685
6958,intersection,,-76.9164637,38.8983832
6959,intersection,,-76.9470179,38.8974335
6960,intersection,,-76.9468533,38.8977604
6961,intersection,,-76.982227,38.866247
6962,intersection,,-77.022357,38.8789596
6963,intersection,,-77.0281231,38.8859778
6965,intersection,,-77.0765353,38.9665593
6966,intersection,,-77.0496215,38.902914
6967,intersection,,-77.0439958,38.8938941
6968,intersection,,-76.9458325,38.8810013
6969,intersection,,-76.927604,38.888652
6970,intersection,,-76.9300535,38.8898254
6971,intersection,,-76.9304926,38.889828
6972,intersection,,-76.9320683,38.8897052
6973,intersection,,-76.9376595,38.8898951
6974,intersection,,-76.9379378,38.8898946
6975,intersection,,-76.9238593,38.9039517
6976,intersection,,-76.925842,38.903604
6977,intersection,,-77.0327213,38.9490009
6978,intersection,,-77.008644,38.912208
6979,intersection,,-77.0192395,38.8998151
6980,intersection,,-77.0733415,38.9287407
6981,intersection,,-77.085428,38.932782
6982,intersection,,-77.1005151,38.9489521
6984,intersection,,-77.1010602,38.9485627
6985,intersection,,-76.9350116,38.8728939
6986,intersection,,-76.9406664,38.8713458
6987,intersection,,-77.062969,38.964735
6988,intersection,,-77.029707,38.927637
6989,intersection,,-76.992639,38.9407256
6990,intersection,,-77.0069518,38.9459764
6991,intersection,,-77.0034363,38.94074
6992,intersection,,-76.992588,38.935719
6993,intersection,,-76.9926896,38.9355593
6994,intersection,,-76.9901301,38.9388556
6995,intersection,,-77.0750295,38.9395316
6996,intersection,,-77.0753213,38.9400611
6997,intersection,,-77.0759671,38.9412333
6998,intersection,,-77.0760301,38.9413519
6999,intersection,,-77.073793,38.937287
7000,intersection,,-76.9776907,38.9463933
7001,intersection,,-76.9721721,38.938509
7002,intersection,,-76.9734606,38.9331045
7003,intersection,,-77.0642966,38.9092118
7004,intersection,,-77.0179295,38.9197275
7005,intersection,,-77.017872,38.91937
7006,intersection,,-77.052642,38.9764678
7007,intersection,,-77.053219,38.972831
7008,intersection,,-77.0533192,38.9721638
7009,intersection,,-77.0532973,38.9723097
7010,intersection,,-76.9903556,38.956237
7011,intersection,,-76.9916406,38.9572416
7013,intersection,,-77.059751,38.961018
7014,intersection,,-76.983332,38.942552
7015,intersection,,-76.9801146,38.9396629
7016,intersection,,-76.9647048,38.9256394
7017,intersection,,-76.9568476,38.9284335
7018,intersection,,-76.9563678,38.9220846
7019,intersection,,-76.9590903,38.9240113
7020,intersection,,-76.9565152,38.922032
7021,intersection,,-76.9820592,38.9263037
7022,intersection,,-76.9831026,38.9256734
7023,intersection,,-76.9828665,38.9257811
7024,intersection,,-76.9819721,38.9262147
7025,intersection,,-76.9631255,38.9349614
7026,intersection,,-76.9795217,38.8827731
7027,intersection,,-76.9836461,38.8813884
7028,intersection,,-76.9836476,38.8812725
7029,intersection,,-76.9995681,38.8226176
7030,intersection,,-76.981188,38.851589
7031,intersection,,-76.982983,38.852878
7032,intersection,,-76.986995,38.85619
7033,intersection,,-76.9311144,38.8759307
7034,intersection,,-76.9311414,38.8761167
7035,intersection,,-76.9930359,38.83676
7036,intersection,,-76.9934037,38.8370787
7037,intersection,,-76.9932848,38.8368156
7038,intersection,,-76.9895948,38.8444748
7039,intersection,,-76.9874388,38.844904
7040,intersection,,-76.985093,38.845532
7041,intersection,,-76.983433,38.846
7042,intersection,,-76.9681166,38.8584882
7043,intersection,,-76.9699696,38.8557822
7044,intersection,,-76.991016,38.863429
7045,intersection,,-76.997389,38.845089
7046,intersection,,-76.9982009,38.845096
7047,intersection,,-76.9977321,38.8446176
7048,intersection,,-76.998305,38.8621604
7049,intersection,,-76.9824305,38.8462848
7050,intersection,,-76.9724488,38.8437183
7051,intersection,,-76.9934153,38.8388218
7052,intersection,,-76.9935393,38.8383933
7053,intersection,,-77.0434571,38.9038802
7054,intersection,,-77.043457,38.9037391
7055,intersection,,-77.0121634,38.8694957
7056,intersection,,-77.0122115,38.9275399
7057,intersection,,-77.0122025,38.9268081
7058,intersection,,-76.9608259,38.8779985
7059,intersection,,-77.0091022,38.9046856
7060,intersection,,-77.009104,38.9037435
7061,intersection,,-77.0090134,38.9046861
7062,intersection,,-77.0090126,38.9051128
7063,intersection,,-76.9830173,38.9164439
7065,intersection,,-77.0862097,38.9547071
7066,intersection,,-76.9559948,38.9208957
7068,intersection,,-76.9560195,38.9210577
7070,intersection,,-76.9985202,38.8939123
7071,intersection,,-77.0043264,38.8764577
7072,intersection,,-77.0042976,38.8764576
7073,intersection,,-77.0058986,38.8764501
7074,intersection,,-77.0266574,38.9679133
7075,intersection,,-77.031274,38.9054598
7076,intersection,,-77.0326009,38.9059206
7077,intersection,,-76.93552,38.910319
7078,intersection,,-77.086204,38.952929
7079,intersection,,-77.105142,38.927147
7080,intersection,,-77.1045426,38.9272022
7081,intersection,,-77.091065,38.931347
7082,intersection,,-77.0907105,38.9288747
7084,intersection,,-77.0501498,38.9252376
7085,intersection,,-77.0523793,38.9277414
7086,intersection,,-77.105293,38.927117
7087,intersection,,-77.0855651,38.9380822
7088,intersection,,-77.0862422,38.9377596
7089,intersection,,-77.0241958,38.9597264
7090,intersection,,-77.030046,38.964382
7091,intersection,,-77.0297811,38.9649537
7092,intersection,,-77.0121885,38.8764024
7093,intersection,,-77.0096388,38.9565866
7094,intersection,,-77.002032,38.914822
7095,intersection,,-77.0042103,38.840407
7096,intersection,,-77.0060499,38.8379982
7097,intersection,,-76.94572,38.8807569
7098,intersection,,-76.9359894,38.8734063
7099,intersection,,-76.9357061,38.8732568
7100,intersection,,-76.938814,38.8749
7101,intersection,,-77.0569136,38.9232117
7102,intersection,,-77.0560814,38.9232903
7104,intersection,,-77.0270378,38.9130001
7105,intersection,,-77.0416478,38.9187433
7106,intersection,,-77.0601722,38.9052141
7107,intersection,,-77.0258718,38.8831642
7108,intersection,,-77.0266321,38.8829589
7109,intersection,,-77.0677098,38.9431008
7111,intersection,,-76.9980737,38.8240787
7114,intersection,,-77.070886,38.937332
7115,intersection,,-77.0138721,38.9422103
7116,intersection,,-76.9699732,38.8562362
7117,intersection,,-76.9614904,38.861727
7118,intersection,,-76.960172,38.86183
7119,intersection,,-77.007063,38.832142
7120,intersection,,-77.0297365,38.9091363
7121,intersection,,-76.9926611,38.8765388
7122,intersection,,-77.0468509,38.8953465
7123,intersection,,-77.0473841,38.8957588
7124,intersection,,-77.0266092,38.9317784
7125,intersection,,-77.0779983,38.9257163
7126,intersection,,-77.0319533,38.9174403
7127,intersection,,-77.031954,38.9180299
7128,intersection,,-77.032316,38.925502
7131,intersection,,-77.0773561,38.9672537
7132,intersection,,-77.0487329,38.991977
7133,intersection,,-77.0122284,38.9300934
7134,intersection,,-77.0122343,38.9289611
7135,intersection,,-77.0122197,38.9308097
7136,intersection,,-77.0090098,38.9087831
7137,intersection,,-76.95214,38.888824
7139,intersection,,-77.0295385,38.9892621
7141,intersection,,-76.9779994,38.9466893
7142,intersection,,-77.0797668,38.9334305
7143,intersection,,-77.0334237,38.957281
7144,intersection,,-77.0538979,38.8988175
7145,intersection,,-77.0536501,38.8984876
7146,intersection,,-77.0428883,38.9100911
7147,intersection,,-77.0435859,38.9090413
7148,intersection,,-77.039346,38.918117
7150,intersection,,-77.0259912,38.9126077
7151,intersection,,-77.0258662,38.9126076
7152,intersection,,-77.0280934,38.9111398
7153,intersection,,-76.9984601,38.882726
7154,intersection,,-77.0005681,38.886045
7155,intersection,,-77.0363308,38.9070459
7156,intersection,,-77.0058851,38.8850796
7157,intersection,,-76.9611964,38.8785679
7158,intersection,,-77.0189665,38.9436245
7159,intersection,,-77.0192115,38.9436706
7160,intersection,,-77.0188347,38.9435653
7161,intersection,,-77.0192239,38.9425705
7162,intersection,,-77.018942,38.9426259
7163,intersection,,-76.9388778,38.8718952
7164,intersection,,-77.096855,38.960296
7165,intersection,,-76.9316745,38.8989661
7166,intersection,,-76.9316747,38.8990877
7168,intersection,,-76.9996461,38.8632787
7169,intersection,,-76.998857,38.8628838
7170,intersection,,-77.0424617,38.9037377
7171,intersection,,-77.0418538,38.9037362
7172,intersection,,-77.0429786,38.9056392
7173,intersection,,-77.0462047,38.8951624
7174,intersection,,-77.0464995,38.896024
7175,intersection,,-77.0466867,38.895582
7176,intersection,,-77.0405079,38.9058651
7179,intersection,,-77.0027072,38.9564671
7180,intersection,,-76.9316508,38.873602
7181,intersection,,-76.92882,38.8730465
7182,intersection,,-76.991534,38.8787125
7183,intersection,,-76.9836408,38.898855
7184,intersection,,-77.0175554,38.8752544
7185,intersection,,-77.0106575,38.870074
7186,intersection,,-77.0108527,38.8699965
7187,intersection,,-77.0116536,38.8696778
7188,intersection,,-77.0095837,38.8705282
7189,intersection,,-77.0104713,38.870147
7190,intersection,,-77.015738,38.9002421
7191,intersection,,-77.0144069,38.9565854
7192,intersection,,-77.014614,38.9566385
7193,intersection,,-77.0311723,38.9617174
7194,intersection,,-77.090254,38.927529
7195,intersection,,-77.0514137,38.8886387
7196,intersection,,-77.10201,38.935522
7197,intersection,,-77.0257996,38.8754381
7198,intersection,,-77.0254691,38.8750655
7199,intersection,,-77.0295255,38.965246
7200,intersection,,-77.0296813,38.9650681
7201,intersection,,-76.976424,38.8749915
7202,intersection,,-76.9762023,38.8748265
7203,intersection,,-76.9758394,38.8746209
7204,intersection,,-76.9757885,38.8745921
7205,intersection,,-76.9756555,38.8745247
7206,intersection,,-76.987197,38.94141
7207,intersection,,-76.9887913,38.9407226
7208,intersection,,-76.9876808,38.9407226
7209,intersection,,-77.0602238,38.8852996
7210,intersection,,-77.0594447,38.8855044
7211,intersection,,-77.0595843,38.8860548
7212,intersection,,-77.0605498,38.8858397
7213,intersection,,-77.0593813,38.8856736
7214,intersection,,-76.9738993,38.9335251
7215,intersection,,-76.9762782,38.9126682
7216,intersection,,-77.0220592,38.9209701
7217,intersection,,-77.1059073,38.9357376
7218,intersection,,-76.990697,38.938363
7219,intersection,,-77.073309,38.961017
7220,intersection,,-77.074521,38.963092
7221,intersection,,-77.075049,38.963999
7222,intersection,,-77.0871107,38.9147374
7223,intersection,,-77.0040238,38.9636245
7224,intersection,,-77.0041057,38.9635142
7225,intersection,,-76.9480629,38.8962732
7226,intersection,,-76.9488781,38.8954866
7227,intersection,,-76.9895575,38.900201
7228,intersection,,-77.077142,38.961021
7229,intersection,,-77.0796591,38.9610201
7231,intersection,,-77.0300434,38.9363777
7232,intersection,,-77.0541715,38.903944
7233,intersection,,-77.0219208,38.9155847
7234,intersection,,-77.0828037,38.9550405
7235,intersection,,-77.083817,38.957024
7236,intersection,,-77.0827555,38.9549459
7237,intersection,,-77.0090506,38.95426
7238,intersection,,-77.009047,38.9538391
7239,intersection,,-77.009047,38.9540737
7240,intersection,,-76.9920337,38.8781253
7241,intersection,,-77.0189035,38.9425649
7242,intersection,,-76.9984434,38.9041125
7243,intersection,,-77.0334298,38.9501123
7244,intersection,,-76.946993,38.869721
7245,intersection,,-76.94496,38.870484
7246,intersection,,-77.0734324,38.9373267
7247,intersection,,-76.9441118,38.8658028
7248,intersection,,-76.9589132,38.860308
7249,intersection,,-77.027501,38.967288
7250,intersection,,-77.0277097,38.9649538
7251,intersection,,-77.027804,38.963774
7252,intersection,,-76.985646,38.94256
7253,intersection,,-76.982182,38.942552
7254,intersection,,-77.000569,38.91628
7255,intersection,,-76.994961,38.9006093
7256,intersection,,-77.0364811,38.9239168
7257,intersection,,-77.0364808,38.9240247
7258,intersection,,-77.0364807,38.9240559
7259,intersection,,-77.040948,38.945074
7260,intersection,,-77.00747,38.916281
7261,intersection,,-77.003033,38.9189544
7262,intersection,,-77.0148079,38.8996337
7263,intersection,,-77.0091097,38.9013468
7264,intersection,,-77.072505,38.934636
7265,intersection,,-77.072541,38.932546
7266,intersection,,-77.0477319,38.9351353
7267,intersection,,-77.0476415,38.935205
7268,intersection,,-77.047611,38.9353782
7269,intersection,,-77.0477123,38.9351979
7270,intersection,,-77.0475737,38.9351485
7271,intersection,,-77.0476249,38.9351804
7272,intersection,,-77.0476982,38.9351495
7273,intersection,,-77.051229,38.921472
7274,intersection,,-77.016154,38.909247
7277,intersection,,-77.0089932,38.9133404
7278,intersection,,-77.007895,38.914825
7279,intersection,,-76.990235,38.9407238
7281,intersection,,-77.0046409,38.9315363
7282,intersection,,-77.082617,38.927864
7283,intersection,,-77.0858382,38.9335034
7284,intersection,,-77.0863335,38.9343727
7285,intersection,,-77.0541715,38.9350814
7286,intersection,,-77.0678406,38.9053236
7287,intersection,,-77.0137093,38.8974901
7288,intersection,,-76.9765469,38.8987438
7289,intersection,,-76.9673258,38.8974406
7290,intersection,,-76.9852628,38.9002013
7291,intersection,,-77.105217,38.9357392
7292,intersection,,-77.076492,38.9252486
7293,intersection,,-77.0777386,38.925634
7294,intersection,,-77.0346789,38.9056504
7295,intersection,,-77.0360206,38.9056526
7296,intersection,,-77.0564478,38.9052455
7297,intersection,,-77.0799089,38.9258754
7298,intersection,,-77.0792776,38.9258224
7299,intersection,,-77.0812965,38.9260267
7300,intersection,,-77.0804529,38.9259267
7301,intersection,,-77.0562998,38.9004634
7303,intersection,,-76.9163803,38.8984257
7305,intersection,,-77.0261642,38.8835907
7306,intersection,,-76.9420297,38.9017468
7307,intersection,,-76.980418,38.9048069
7308,intersection,,-76.9806482,38.9044469
7309,intersection,,-77.0343995,38.9026434
7310,intersection,,-76.9418025,38.9041917
7311,intersection,,-76.9445619,38.8898337
7316,intersection,,-77.0028418,38.9399743
7317,intersection,,-77.00923,38.8800509
7319,intersection,,-77.0267322,38.8829934
7320,intersection,,-76.9389831,38.9066588
7321,intersection,,-76.9398394,38.9056572
7322,intersection,,-76.939327,38.906277
7323,intersection,,-77.0152285,38.9066722
7325,intersection,,-77.0948487,38.9156861
7326,intersection,,-77.0666137,38.9605001
7327,intersection,,-77.0150939,38.9061935
7328,intersection,,-77.0152276,38.9056651
7329,intersection,,-76.992645,38.9002018
7330,intersection,,-76.993757,38.900202
7331,intersection,,-76.9373092,38.889229
7332,intersection,,-76.984341,38.9117378
7333,intersection,,-77.0778344,38.9320214
7334,intersection,,-77.0015304,38.9075966
7335,intersection,,-77.0009713,38.9073775
7336,intersection,,-77.0466836,38.8974851
7337,intersection,,-77.0304143,38.8827757
7338,intersection,,-77.0421165,38.8872099
7339,intersection,,-76.9790763,38.8829501
7340,intersection,,-77.0039125,38.9001642
7341,intersection,,-77.0029453,38.9001556
7344,intersection,,-77.0175693,38.8860401
7345,intersection,,-77.0013515,38.8673873
7346,intersection,,-77.0017502,38.8673439
7347,intersection,,-77.0015983,38.8670733
7348,intersection,,-76.9699982,38.8628972
7349,intersection,,-76.9697535,38.8625325
7350,intersection,,-76.969397,38.861974
7351,intersection,,-76.970273,38.8633185
7352,intersection,,-76.9949624,38.8954393
7353,intersection,,-76.9949616,38.8997613
7354,intersection,,-76.9990486,38.8633333
7355,intersection,,-76.9997705,38.8631743
7356,intersection,,-76.999495,38.8636037
7357,intersection,,-76.9972434,38.863681
7358,intersection,,-76.9983615,38.8634667
7359,intersection,,-76.9968697,38.8637553
7360,intersection,,-76.9887162,38.8764573
7361,intersection,,-76.9885597,38.8765811
7362,intersection,,-77.0162121,38.891836
7365,intersection,,-77.0032499,38.8675806
7366,intersection,,-77.0079119,38.8694559
7367,intersection,,-77.0033123,38.8674846
7368,intersection,,-77.0022837,38.867428
7369,intersection,,-77.0026188,38.8669455
7370,intersection,,-77.0026175,38.8663031
7371,intersection,,-77.0004894,38.8623532
7372,intersection,,-77.0320281,38.886059
7373,intersection,,-76.9689401,38.9215914
7374,intersection,,-76.9688287,38.921729
7375,intersection,,-76.969075,38.9215875
7377,intersection,,-76.9530361,38.8662471
7378,intersection,,-76.9536082,38.8664861
7379,intersection,,-76.9533384,38.8663798
7380,intersection,,-76.9565141,38.8676825
7381,intersection,,-76.95612,38.8675157
7382,intersection,,-76.9572381,38.8679698
7383,intersection,,-76.9574564,38.8680664
7384,intersection,,-76.9581736,38.868347
7385,intersection,,-76.9585948,38.8685173
7386,intersection,,-76.9588645,38.8686335
7387,intersection,,-76.959955,38.8690775
7388,intersection,,-77.0497248,38.9439592
7389,intersection,,-77.0005696,38.9209936
7390,intersection,,-77.0527573,38.9278184
7391,intersection,,-77.0536647,38.9280032
7392,intersection,,-76.959693,38.86563
7393,intersection,,-76.9596551,38.8653517
7394,intersection,,-76.9923013,38.9224368
7395,intersection,,-76.9903772,38.92302
7396,intersection,,-76.9995097,38.9025203
7397,intersection,,-77.1035018,38.9357404
7398,intersection,,-77.014374,38.8973482
7399,intersection,,-76.9899797,38.9002015
7400,intersection,,-77.0089205,38.9064444
7401,intersection,,-77.0089212,38.9068891
7402,intersection,,-76.9261734,38.8984083
7403,intersection,,-76.926262,38.8984082
7404,intersection,,-76.9266131,38.8984076
7405,intersection,,-76.9268414,38.8984043
7406,intersection,,-76.9238213,38.8983663
7407,intersection,,-76.9266449,38.8983197
7408,intersection,,-76.9271045,38.898316
7409,intersection,,-76.9291434,38.8983239
7410,intersection,,-76.9274503,38.8983208
7411,intersection,,-76.9296616,38.898319
7412,intersection,,-76.9232701,38.8983694
7413,intersection,,-76.9728458,38.874582
7414,intersection,,-77.0038661,38.9407399
7415,intersection,,-77.0445857,38.93022
7416,intersection,,-77.0465023,38.9323081
7417,intersection,,-76.9855035,38.8843145
7418,intersection,,-77.0418662,38.8921075
7419,intersection,,-77.0047125,38.9626982
7420,intersection,,-77.0448933,38.8994351
7421,intersection,,-77.0449027,38.8983415
7422,intersection,,-77.0218996,38.9190038
7423,intersection,,-77.0219209,38.9199968
7424,intersection,,-77.0416559,38.9166834
7425,intersection,,-77.0728563,38.9610165
7426,intersection,,-77.0265838,38.8813943
7427,intersection,,-77.0577123,38.9159053
7428,intersection,,-77.0828171,38.9356546
7429,intersection,,-77.061143,38.9025758
7430,intersection,,-77.0620908,38.9025745
7431,intersection,,-77.0260245,38.9417504
7432,intersection,,-77.0151751,38.8951861
7433,intersection,,-77.0151239,38.8916252
7434,intersection,,-77.0152126,38.8904805
7435,intersection,,-77.0152093,38.8900567
7436,intersection,,-77.0161001,38.8918042
7437,intersection,,-76.997525,38.825547
7438,intersection,,-77.0353067,38.923292
7439,intersection,,-77.0194667,38.9289068
7440,intersection,,-77.0569183,38.9232753
7441,intersection,,-77.013708,38.8981896
7442,intersection,,-77.0056106,38.9002795
7443,intersection,,-77.0058894,38.900276
7444,intersection,,-77.0065192,38.900269
7447,intersection,,-76.9529557,38.8900724
7448,intersection,,-76.9530341,38.8899362
7449,intersection,,-77.0029512,38.9562708
7450,intersection,,-77.0030969,38.9562097
7451,intersection,,-77.0020225,38.9575028
7452,intersection,,-76.9326151,38.8987114
7453,intersection,,-76.9306737,38.8983763
7454,intersection,,-76.9303168,38.8983277
7455,intersection,,-76.9677102,38.9331476
7456,intersection,,-76.9678834,38.9330812
7457,intersection,,-77.0014404,38.9562834
7458,intersection,,-77.001792,38.9565541
7459,intersection,,-77.0443703,38.9056527
7460,intersection,,-76.9736348,38.9302255
7461,intersection,,-76.9723605,38.9308543
7462,intersection,,-76.958634,38.9167855
7463,intersection,,-76.9572955,38.9170743
7464,intersection,,-76.9593822,38.9167893
7465,intersection,,-77.0327182,38.931181
7468,intersection,,-77.0327229,38.9318685
7469,intersection,,-77.0327149,38.929296
7470,intersection,,-77.0327315,38.929586
7471,intersection,,-77.0327072,38.9291607
7472,intersection,,-77.0370179,38.9287156
7473,intersection,,-77.0327051,38.9291445
7474,intersection,,-77.032242,38.924756
7475,intersection,,-77.025173,38.9201354
7476,intersection,,-77.0256475,38.9202163
7477,intersection,,-76.9317372,38.9103775
7478,intersection,,-77.0084449,38.843692
7479,intersection,,-77.0090666,38.8389534
7480,intersection,,-77.0090067,38.9104988
7481,intersection,,-77.0090955,38.9099997
7482,intersection,,-77.008227,38.8394303
7483,intersection,,-77.0076674,38.8417312
7484,intersection,,-77.0333948,38.9616032
7485,intersection,,-77.0079433,38.8711462
7486,intersection,,-77.0139752,38.9032085
7487,intersection,,-77.0145147,38.9046748
7488,intersection,,-77.045067,38.8995824
7489,intersection,,-77.0284475,38.9612831
7493,intersection,,-76.937436,38.908842
7494,intersection,,-77.035524,38.902643
7495,intersection,,-77.0089887,38.9217252
7498,intersection,,-77.0240289,38.9022728
7499,intersection,,-76.9337987,38.8990562
7501,intersection,,-77.0091506,38.8794036
7503,intersection,,-77.0176749,38.87663
7504,intersection,,-77.0059134,38.8747869
7505,intersection,,-77.005906,38.8758881
7506,intersection,,-77.0083512,38.8792894
7507,intersection,,-77.0065227,38.8792922
7508,intersection,,-77.0090198,38.838011
7509,intersection,,-77.0434684,38.9278877
7510,intersection,,-77.0385045,38.9065647
7511,intersection,,-77.0385125,38.9047643
7512,intersection,,-77.0385134,38.9038722
7513,intersection,,-77.0385144,38.9037959
7514,intersection,,-77.0136759,38.8997651
7515,intersection,,-77.0005697,38.9209132
7516,intersection,,-77.0014194,38.8649025
7517,intersection,,-77.0025754,38.8634956
7518,intersection,,-77.002565,38.8648081
7519,intersection,,-76.9378022,38.8902852
7520,intersection,,-76.9377612,38.8901202
7521,intersection,,-76.9379021,38.8904241
7522,intersection,,-76.9377437,38.8900826
7523,intersection,,-77.0067575,38.845096
7524,intersection,,-77.0070683,38.8469404
7525,intersection,,-77.0060014,38.8450961
7526,intersection,,-77.0060662,38.8450961
7527,intersection,,-77.0059198,38.8450962
7528,intersection,,-77.0085236,38.8707753
7529,intersection,,-77.0083957,38.8710228
7530,intersection,,-77.0086869,38.8710095
7531,intersection,,-77.0086414,38.8696652
7532,intersection,,-77.00852,38.8700095
7533,intersection,,-77.0088228,38.8695023
7534,intersection,,-77.0024851,38.867263
7535,intersection,,-77.0447647,38.9006676
7536,intersection,,-77.0450357,38.9007586
7537,intersection,,-77.0020896,38.8657799
7538,intersection,,-77.0014004,38.8643222
7540,intersection,,-77.050532,38.9118749
7541,intersection,,-76.9414259,38.9046541
7542,intersection,,-76.9403014,38.9056161
7544,intersection,,-77.0167934,38.9003874
7545,intersection,,-77.0165977,38.9002677
7546,intersection,,-77.0161922,38.900187
7547,intersection,,-77.0323861,38.905575
7548,intersection,,-77.0179507,38.9744424
7549,intersection,,-77.0179046,38.9743963
7550,intersection,,-77.0363444,38.9585132
7551,intersection,,-77.0364796,38.9087065
7552,intersection,,-76.9467022,38.86372
7553,intersection,,-76.958096,38.8548934
7554,intersection,,-77.028235,38.958351
7555,intersection,,-77.0456995,38.9072482
7556,intersection,,-77.0451227,38.9078594
7557,intersection,,-77.0144326,38.956514
7558,intersection,,-77.0336227,38.8955098
7559,intersection,,-77.0520296,38.8899373
7560,intersection,,-77.1125351,38.9401691
7561,intersection,,-76.9372831,38.8892642
7562,intersection,,-77.0863288,38.9374077
7563,intersection,,-77.0862588,38.9374554
7564,intersection,,-77.0855118,38.9383951
7565,intersection,,-77.0854709,38.9384232
7566,intersection,,-77.0156941,38.9723399
7567,intersection,,-77.0162259,38.9723444
7568,intersection,,-76.9978801,38.8630745
7569,intersection,,-76.9966785,38.8633292
7570,intersection,,-76.99601,38.8634723
7571,intersection,,-76.9963263,38.8634027
7572,intersection,,-77.0078984,38.8435517
7573,intersection,,-77.0075854,38.8479238
7574,intersection,,-77.0077964,38.8452656
7575,intersection,,-77.0078285,38.8449198
7576,intersection,,-77.0072418,38.8434305
7577,intersection,,-77.0072239,38.8435062
7578,intersection,,-77.0077935,38.8435766
7579,intersection,,-77.0070841,38.8434113
7580,intersection,,-77.006963,38.843427
7581,intersection,,-77.0069142,38.8435879
7582,intersection,,-77.0069126,38.8435955
7583,intersection,,-77.0068098,38.8440763
7584,intersection,,-77.0067619,38.8442906
7585,intersection,,-77.0066286,38.8448817
7586,intersection,,-77.0065427,38.8452703
7587,intersection,,-77.0068652,38.8476499
7588,intersection,,-77.0060421,38.8520498
7589,intersection,,-77.0152141,38.8907756
7590,intersection,,-77.0152163,38.8912251
7591,intersection,,-77.0330916,38.9287814
7592,intersection,,-77.0102841,38.8875937
7593,intersection,,-76.9811233,38.8776685
7594,intersection,,-76.9805098,38.8778128
7595,intersection,,-77.0384891,38.9096516
7596,intersection,,-77.0365258,38.909017
7597,intersection,,-77.0821479,38.9610181
7598,intersection,,-76.9984434,38.9041443
7599,intersection,,-77.0384894,38.9095747
7600,intersection,,-77.038484,38.9083625
7601,intersection,,-77.0083306,38.8378688
7602,intersection,,-77.0003933,38.8940173
7603,intersection,,-77.0005773,38.8938191
7604,intersection,,-77.0067195,38.8466807
7605,intersection,,-77.0068781,38.8469947
7606,intersection,,-77.0065869,38.8457912
7607,intersection,,-77.0152036,38.8792915
7608,intersection,,-77.0093215,38.8792925
7609,intersection,,-77.0099806,38.8792903
7610,intersection,,-77.0064988,38.8455502
7611,intersection,,-77.0065516,38.8459396
7612,intersection,,-77.0023002,38.86038
7613,intersection,,-77.0019935,38.8607308
7614,intersection,,-76.997266,38.8945341
7615,intersection,,-76.99649,38.8947876
7616,intersection,,-76.9848024,38.899573
7617,intersection,,-76.9800501,38.9053862
7618,intersection,,-77.0090154,38.9037335
7619,intersection,,-77.0081192,38.8457705
7620,intersection,,-76.998561,38.879773
7621,intersection,,-77.0365157,38.9128446
7622,intersection,,-77.0365148,38.9133577
7623,intersection,,-77.0046538,38.900166
7624,intersection,,-77.0043297,38.900166
7626,intersection,,-77.0447694,38.8983413
7627,intersection,,-77.0461741,38.8983578
7628,intersection,,-77.0465194,38.898355
7629,intersection,,-77.0501358,38.8982177
7630,intersection,,-77.0501487,38.8976359
7631,intersection,,-77.0499549,38.8983547
7640,intersection,,-77.0090028,38.871083
7641,intersection,,-77.0093715,38.8710236
7642,intersection,,-77.0365338,38.9057015
7643,intersection,,-77.0365343,38.9057651
7644,intersection,,-77.0364887,38.906946
7645,intersection,,-77.0364868,38.9075565
7646,intersection,,-77.0122263,38.9283506
7650,intersection,,-77.00204,38.889808
7651,intersection,,-77.0013065,38.8898148
7652,intersection,,-76.9851621,38.8877137
7654,intersection,,-76.977232,38.8928601
7655,intersection,,-77.0004319,38.8864613
7656,intersection,,-77.0020424,38.8871907
7657,intersection,,-77.000568,38.8864712
7658,intersection,,-76.9926521,38.88481
7661,intersection,,-77.0421225,38.9210194
7662,intersection,,-77.018036,38.9661381
7663,intersection,,-77.0198956,38.9699299
7664,intersection,,-77.0198968,38.9686321
7665,intersection,,-77.0161768,38.964956
7666,intersection,,-77.043432,38.9126047
7667,intersection,,-77.0412725,38.9119692
7668,intersection,,-77.040785,38.912488
7672,intersection,,-77.1166696,38.9295277
7673,intersection,,-76.9560589,38.9217149
7675,intersection,,-76.9559173,38.92178
7676,intersection,,-77.0153644,38.9002572
7678,intersection,,-77.0559702,38.9003902
7680,intersection,,-77.0436174,38.9037382
7681,intersection,,-77.0454674,38.9037315
7682,intersection,,-77.0449045,38.9036143
7684,intersection,,-77.0319539,38.9196619
7685,intersection,,-77.0319528,38.9183849
7687,intersection,,-77.0321007,38.9181151
7688,intersection,,-77.0337291,38.9181135
7691,intersection,,-77.0852052,38.912807
7693,intersection,,-77.0296206,38.9195156
7694,intersection,,-77.0296213,38.9178081
7695,intersection,,-77.0296211,38.9175209
7696,intersection,,-77.0855276,38.9126163
7697,intersection,,-77.0375723,38.900226
7698,intersection,,-77.0372192,38.9002248
7699,intersection,,-77.021768,38.974815
7700,intersection,,-77.0259145,38.920497
7701,intersection,,-77.0260823,38.9205737
7702,intersection,,-77.0239697,38.9164814
7703,intersection,,-77.021657,38.9126035
7704,intersection,,-77.0166868,38.9142154
7706,intersection,,-77.0340105,38.9056909
7707,intersection,,-77.0501119,38.901882
7708,intersection,,-76.9867386,38.9241304
7709,intersection,,-76.985726,38.9244759
7710,intersection,,-77.0039835,38.9314177
7711,intersection,,-76.992644,38.897334
7712,intersection,,-77.0222896,38.9815176
7713,intersection,,-77.0180347,38.9723596
7714,intersection,,-77.0428675,38.9277359
7715,intersection,,-77.0418448,38.9037986
7716,intersection,,-77.0379383,38.9056965
7717,intersection,,-77.0383039,38.905698
7718,intersection,,-77.0385074,38.905704
7719,intersection,,-77.0383023,38.9056434
7720,intersection,,-76.9620779,38.8782895
7721,intersection,,-76.9621179,38.8780205
7722,intersection,,-76.9620924,38.8779367
7723,intersection,,-76.9625947,38.8775516
7724,intersection,,-76.9621647,38.8777637
7725,intersection,,-76.9967078,38.8765368
7726,intersection,,-76.9751009,38.8937746
7727,intersection,,-77.044716,38.905653
7728,intersection,,-77.012104,38.9289646
7729,intersection,,-77.0120937,38.929646
7730,intersection,,-77.0121024,38.928619
7731,intersection,,-77.0215061,38.9395965
7732,intersection,,-77.021512,38.9397118
7733,intersection,,-77.0215209,38.93984
7734,intersection,,-77.022174,38.9121743
7735,intersection,,-77.0606313,38.9025744
7736,intersection,,-77.0183975,38.9782393
7737,intersection,,-76.9749387,38.9296314
7738,intersection,,-76.9759976,38.929148
7739,intersection,,-76.9641015,38.9348757
7740,intersection,,-76.9661002,38.9339227
7741,intersection,,-76.9663666,38.9337801
7742,intersection,,-76.948538,38.8958609
7745,intersection,,-76.9313077,38.9031333
7746,intersection,,-76.9292534,38.9035482
7747,intersection,,-76.926281,38.903544
7749,intersection,,-76.9316766,38.9027777
7751,intersection,,-77.0025113,38.8609493
7752,intersection,,-77.0192089,38.9422573
7753,intersection,,-77.0592655,38.8858186
7754,intersection,,-77.0345778,38.9038379
7756,intersection,,-76.9760488,38.9291373
7757,intersection,,-76.9763878,38.928922
7758,intersection,,-76.9410895,38.9045742
7759,intersection,,-76.9404429,38.9050853
7760,intersection,,-76.9412728,38.9045941
7761,intersection,,-76.9300201,38.903475
7762,intersection,,-76.9980205,38.8443389
7763,intersection,,-76.9976863,38.8447083
7764,intersection,,-77.0198906,38.9747328
7765,intersection,,-77.0209005,38.9760311
7766,intersection,,-77.0211482,38.9756911
7767,intersection,,-76.996058,38.85507
7768,intersection,,-76.998652,38.8940815
7769,intersection,,-76.9961422,38.8949938
7770,intersection,,-76.9954207,38.8952546
7771,intersection,,-76.9943533,38.8956868
7772,intersection,,-76.9937492,38.8959326
7773,intersection,,-76.9926406,38.8963837
7774,intersection,,-76.9930144,38.8962316
7775,intersection,,-76.9920757,38.8966135
7776,intersection,,-76.9915197,38.8968398
7777,intersection,,-76.9907284,38.8971618
7778,intersection,,-76.9902444,38.8973587
7779,intersection,,-76.989693,38.8975818
7780,intersection,,-76.9886521,38.8980117
7781,intersection,,-76.987723,38.8983846
7782,intersection,,-76.9874754,38.8984854
7783,intersection,,-76.9870069,38.898676
7784,intersection,,-76.9865831,38.8988484
7785,intersection,,-76.9933734,38.8960855
7786,intersection,,-77.0333617,38.9865303
7787,intersection,,-77.0334314,38.9866643
7788,intersection,,-77.0334467,38.9865356
7789,intersection,,-77.0090862,38.9213057
7790,intersection,,-76.9612017,38.8784383
7791,intersection,,-76.961011,38.8784712
7793,intersection,,-76.9922822,38.9114566
7794,intersection,,-77.0160222,38.9552115
7795,intersection,,-77.0135625,38.9020626
7796,intersection,,-77.0585923,38.902569
7797,intersection,,-77.0172149,38.9748983
7798,intersection,,-77.017239,38.974989
7799,intersection,,-77.0016081,38.8623769
7800,intersection,,-76.9572228,38.9166991
7801,intersection,,-77.0181675,38.9300908
7802,intersection,,-77.01683,38.9750974
7803,intersection,,-77.0364834,38.9022478
7804,intersection,,-77.0035109,38.8957571
7805,intersection,,-77.0259808,38.9096479
7806,intersection,,-77.0880672,38.9602232
7807,intersection,,-77.0538496,38.8991224
7808,intersection,,-77.052318,38.8982911
7810,intersection,,-77.0589772,38.8860418
7811,intersection,,-77.0514849,38.8890851
7812,intersection,,-77.0513718,38.8895722
7813,intersection,,-77.0507792,38.8885059
7814,intersection,,-77.0512877,38.8890323
7815,intersection,,-77.0510358,38.8899933
7816,intersection,,-77.0503504,38.8902506
7817,intersection,,-77.0503639,38.890248
7818,intersection,,-77.066389,38.93465
7819,intersection,,-77.0663901,38.9345682
7820,intersection,,-77.06639,38.9343791
7821,intersection,,-76.9863714,38.9243679
7822,intersection,,-76.9854759,38.9246689
7823,intersection,,-76.9832783,38.9255821
7824,intersection,,-77.0275332,38.8998215
7825,intersection,,-77.0219211,38.9140945
7826,intersection,,-76.9987085,38.8628146
7827,intersection,,-76.9984862,38.8627121
7828,intersection,,-77.0441559,38.9201279
7829,intersection,,-77.0414653,38.9089639
7830,intersection,,-77.002456,38.8658953
7831,intersection,,-77.047687,38.8959171
7832,intersection,,-77.044667,38.924621
7833,intersection,,-77.0319565,38.9037957
7836,intersection,,-76.9747646,38.8508411
7837,intersection,,-76.9742105,38.850984
7838,intersection,,-76.979023,38.847547
7839,intersection,,-76.979165,38.847451
7840,intersection,,-76.979787,38.847108
7841,intersection,,-76.9793078,38.8473624
7842,intersection,,-76.9990503,38.8450962
7843,intersection,,-77.0327206,38.935296
7844,intersection,,-77.0327207,38.935592
7845,intersection,,-77.03272,38.9331708
7846,intersection,,-77.032724,38.9482614
7847,intersection,,-77.0334649,38.9583522
7848,intersection,,-77.0333905,38.9583524
7849,intersection,,-77.029361,38.9654339
7850,intersection,,-77.021065,38.975806
7851,intersection,,-77.02101,38.9758779
7852,intersection,,-77.0160686,38.9390432
7853,intersection,,-77.0169776,38.9395144
7854,intersection,,-77.0172675,38.9399737
7855,intersection,,-77.0185465,38.9420001
7856,intersection,,-77.0197186,38.9435351
7857,intersection,,-77.0194687,38.9436453
7858,intersection,,-77.0196355,38.9435837
7859,intersection,,-77.019349,38.9436646
7860,intersection,,-77.0186292,38.9428599
7861,intersection,,-76.978997,38.924503
7862,intersection,,-76.978995,38.9255834
7863,intersection,,-77.0431552,38.9278988
7864,intersection,,-77.0373756,38.925987
7865,intersection,,-77.0281282,38.8945288
7866,intersection,,-77.038484,38.9167937
7867,intersection,,-77.0384878,38.9156864
7868,intersection,,-77.0385059,38.9059605
7869,intersection,,-77.0385063,38.9057826
7870,intersection,,-77.041004,38.9056991
7871,intersection,,-77.0369803,38.9165347
7872,intersection,,-77.0377253,38.9157612
7873,intersection,,-76.9859263,38.9009402
7874,intersection,,-76.9913088,38.9055881
7875,intersection,,-76.980899,38.9148168
7876,intersection,,-76.9788704,38.9165986
7877,intersection,,-76.9792635,38.9162599
7879,intersection,,-76.9855024,38.8918109
7880,intersection,,-76.983653,38.897692
7881,intersection,,-76.9777666,38.8898058
7882,intersection,,-77.0301999,38.9013362
7883,intersection,,-77.0176959,38.9135289
7884,intersection,,-77.0177171,38.9135867
7885,intersection,,-77.0176687,38.9134562
7886,intersection,,-77.0529878,38.8987628
7887,intersection,,-77.0319507,38.9009241
7888,intersection,,-77.0402033,38.9039217
7889,intersection,,-77.0401308,38.9037959
7890,intersection,,-77.0319532,38.9173707
7891,intersection,,-77.0235534,38.8998244
7892,intersection,,-77.0231498,38.8998241
7893,intersection,,-77.022951,38.8998228
7894,intersection,,-77.0510941,38.9335327
7895,intersection,,-77.0508047,38.9336638
7896,intersection,,-77.0500384,38.9340401
7897,intersection,,-77.0467986,38.932631
7898,intersection,,-77.046969,38.9326005
7899,intersection,,-77.0508143,38.933564
7900,intersection,,-77.077033,38.947901
7901,intersection,,-77.0151582,38.9064226
7902,intersection,,-77.0151644,38.9064627
7903,intersection,,-76.9998804,38.8633959
7904,intersection,,-77.0488148,38.9036184
7905,intersection,,-77.0331457,38.8886291
7906,intersection,,-77.0243745,38.8998207
7907,intersection,,-77.0249728,38.8998201
7908,intersection,,-77.0266068,38.8998197
7909,intersection,,-77.0279506,38.8998217
7910,intersection,,-77.027693,38.8998218
7911,intersection,,-77.0091707,38.871238
7912,intersection,,-77.0095176,38.8708959
7913,intersection,,-77.0095832,38.8705877
7914,intersection,,-77.0095824,38.8700008
7915,intersection,,-77.0095346,38.8696915
7916,intersection,,-77.0092599,38.8694836
7917,intersection,,-77.0085805,38.8695478
7918,intersection,,-77.0466865,38.8964012
7919,intersection,,-77.0466877,38.896172
7920,intersection,,-77.0027616,38.8672131
7921,intersection,,-77.0016151,38.8660695
7922,intersection,,-77.0015952,38.8669383
7923,intersection,,-77.002543,38.8673801
7924,intersection,,-77.0219172,38.895225
7925,intersection,,-77.0219163,38.8956754
7926,intersection,,-77.0502275,38.8904372
7927,intersection,,-77.013334,38.9025203
7928,intersection,,-77.0125499,38.9025192
7929,intersection,,-77.0116804,38.9025182
7930,intersection,,-77.0160468,38.9307362
7931,intersection,,-77.0211999,38.8774625
7932,intersection,,-77.0064323,38.8764433
7933,intersection,,-77.0061227,38.8764418
7934,intersection,,-77.0239696,38.915915
7935,intersection,,-77.02397,38.9152645
7936,intersection,,-76.947535,38.864046
7937,intersection,,-76.9471164,38.8638817
7938,intersection,,-77.0466074,38.8938055
7941,intersection,,-76.9693358,38.8617938
7942,intersection,,-77.0219179,38.8944344
7943,intersection,,-77.0083667,38.8696808
7944,intersection,,-77.0071494,38.8431136
7945,intersection,,-77.053313,38.8988299
7946,intersection,,-77.0364529,38.934966
7947,intersection,,-77.0364589,38.9326137
7948,intersection,,-77.0364571,38.933288
7949,intersection,,-77.0365134,38.9136648
7950,intersection,,-77.0314301,38.8904358
7951,intersection,,-77.0488429,38.9337755
7952,intersection,,-76.9936569,38.9172034
7953,intersection,,-76.9915355,38.8788892
7954,intersection,,-76.9915338,38.8796314
7955,intersection,,-76.9915332,38.8802666
7956,intersection,,-76.9762198,38.8932783
7958,intersection,,-77.0441513,38.9610216
7959,intersection,,-77.0511328,38.933542
7960,intersection,,-77.0079761,38.8436804
7961,intersection,,-77.0067091,38.8436099
7966,intersection,,-76.9999265,38.8624235
7967,intersection,,-76.9990169,38.8625005
7968,intersection,,-77.0472721,38.9111401
7969,intersection,,-77.0199003,38.9072369
7970,intersection,,-77.0199011,38.9096385
7971,intersection,,-76.9690878,38.8609584
7972,intersection,,-77.0450013,38.9195422
7973,intersection,,-77.0319547,38.9141009
7974,intersection,,-77.0274415,38.967907
7975,intersection,,-77.0067686,38.9000403
7976,intersection,,-77.0028133,38.8615886
7977,intersection,,-77.0027035,38.8619517
7978,intersection,,-76.9987032,38.8626337
7979,intersection,,-76.9983695,38.8626548
7980,intersection,,-76.9999329,38.8636443
7981,intersection,,-77.0820037,38.9070721
7982,intersection,,-77.082511,38.9072993
7983,intersection,,-77.044914,38.8982242
7984,intersection,,-77.0015611,38.8657779
7985,intersection,,-77.001428,38.865328
7986,intersection,,-77.0018521,38.8658386
7987,intersection,,-77.0024467,38.8656397
7988,intersection,,-76.9979861,38.8627653
7989,intersection,,-77.0024389,38.8601984
7990,intersection,,-76.9992928,38.8635427
7991,intersection,,-77.0057629,38.8525264
7992,intersection,,-77.0061399,38.8454869
7993,intersection,,-77.0060085,38.8452584
7994,intersection,,-77.0059626,38.8444638
7995,intersection,,-77.0059204,38.844921
7996,intersection,,-77.00575,38.8450952
7997,intersection,,-77.0070505,38.8483441
7998,intersection,,-77.0071022,38.8452602
7999,intersection,,-77.0087764,38.8382418
8000,intersection,,-77.0082977,38.8451855
8001,intersection,,-77.008316,38.8449997
8002,intersection,,-77.0091675,38.8387878
8003,intersection,,-77.0085524,38.8436967
8004,intersection,,-77.0084242,38.8449985
8005,intersection,,-77.030691,38.9475851
8008,intersection,,-76.9822839,38.9261922
8009,intersection,,-76.9830108,38.9258477
8010,intersection,,-77.0364814,38.9238066
8011,intersection,,-77.0364812,38.9238545
8012,intersection,,-77.0364789,38.924765
8013,intersection,,-77.0364815,38.9237506
8014,intersection,,-76.939138,38.906485
8016,intersection,,-77.071107,38.957223
8017,intersection,,-77.0714001,38.9577277
8018,intersection,,-77.0363247,38.9906732
8019,intersection,,-77.0363245,38.9901272
8026,intersection,,-76.9858713,38.910357
8027,intersection,,-76.9928362,38.9042709
8028,intersection,,-76.9931195,38.9040621
8029,intersection,,-77.0082188,38.8764691
8030,intersection,,-77.0076162,38.8764718
8031,intersection,,-77.00881,38.8764708
8032,intersection,,-77.0088577,38.8764713
8033,intersection,,-77.0090955,38.8764733
8034,intersection,,-77.0260232,38.9206231
8035,intersection,,-77.0196059,38.9013666
8036,intersection,,-77.0717398,38.9719201
8037,intersection,,-77.0319522,38.9124303
8038,intersection,,-77.032725,38.946124
8039,intersection,,-77.0327176,38.9307706
8040,intersection,,-77.0319499,38.9090838
8042,intersection,,-77.0438857,38.8938353
8043,intersection,,-77.040698,38.9037963
8044,intersection,,-77.0403445,38.9037957
8045,intersection,,-77.0390206,38.9037959
8046,intersection,,-77.0387021,38.9037959
8047,intersection,,-77.034622,38.9027505
8048,intersection,,-77.036417,38.9505672
8049,intersection,,-77.0364165,38.9508071
8050,intersection,,-77.0364026,38.9521214
8051,intersection,,-77.0238995,38.9336537
8052,intersection,,-77.0238792,38.933455
8053,intersection,,-77.0236932,38.9322937
8054,intersection,,-77.0237694,38.9328104
8055,intersection,,-77.0238045,38.9330166
8056,intersection,,-77.0238399,38.933224
8057,intersection,,-77.0319471,38.9091454
8058,intersection,,-77.0319522,38.9095028
8059,intersection,,-77.031954,38.9072513
8060,intersection,,-77.0319524,38.9095613
8061,intersection,,-77.0319527,38.9098596
8062,intersection,,-77.0319535,38.9122023
8063,intersection,,-76.9261303,38.8971762
8064,intersection,,-76.9262025,38.8969232
8065,intersection,,-77.0563614,38.9034211
8066,intersection,,-77.03343,38.950001
8067,intersection,,-77.0066339,38.9003995
8068,intersection,,-76.969938,38.8564707
8069,intersection,,-76.9700151,38.8571452
8070,intersection,,-76.9997533,38.9651679
8073,intersection,,-77.0371594,38.9037963
8074,intersection,,-77.0351409,38.9037959
8075,intersection,,-77.0354243,38.9037456
8076,intersection,,-77.0307693,38.9473396
8077,intersection,,-77.0308216,38.9474047
8080,intersection,,-76.9727683,38.8745484
8081,intersection,,-76.9730807,38.8745602
8082,intersection,,-76.9737995,38.8748663
8083,intersection,,-77.0073143,38.8765415
8084,intersection,,-77.0194248,38.927998
8085,intersection,,-77.0005775,38.8935979
8088,intersection,,-77.0052159,38.9024626
8089,intersection,,-77.0036761,38.9024631
8090,intersection,,-77.0036839,38.902577
8091,intersection,,-77.0051245,38.9025822
8092,intersection,,-77.0036366,38.9025732
8093,intersection,,-77.0526254,38.9765755
8094,intersection,,-76.9969587,38.9002045
8095,intersection,,-77.0072811,38.9421697
8096,intersection,,-77.0238358,38.9111399
8097,intersection,,-77.0249043,38.9111403
8098,intersection,,-77.0070193,38.8433281
8099,intersection,,-77.0069736,38.8433092
8100,intersection,,-76.9573803,38.8838123
8101,intersection,,-76.9609061,38.8789556
8102,intersection,,-76.9611114,38.8786814
8103,intersection,,-76.9623979,38.8775927
8104,intersection,,-76.9621276,38.8777206
8105,intersection,,-77.0090955,38.9091497
8106,intersection,,-76.9649338,38.876372
8107,intersection,,-76.965753,38.875958
8108,intersection,,-76.9653386,38.8761654
8109,intersection,,-76.9619108,38.8778947
8110,intersection,,-77.0335773,38.9037956
8111,intersection,,-77.0465022,38.895316
8112,intersection,,-77.0472873,38.8957084
8113,intersection,,-77.048959,38.8964589
8114,intersection,,-77.0503073,38.897126
8115,intersection,,-77.0499474,38.8971701
8116,intersection,,-77.0498934,38.8973629
8117,intersection,,-77.0501315,38.8956156
8118,intersection,,-77.0501473,38.897474
8119,intersection,,-77.0539672,38.8991934
8121,intersection,,-77.0488596,38.8982323
8122,intersection,,-77.0466939,38.8951649
8123,intersection,,-77.0466962,38.8943082
8124,intersection,,-77.0466046,38.8939997
8125,intersection,,-77.0448909,38.900475
8126,intersection,,-77.0450502,38.9037309
8127,intersection,,-77.0448584,38.9055122
8128,intersection,,-77.0448543,38.9071415
8129,intersection,,-77.0171551,38.8283804
8130,intersection,,-77.0128019,38.8286542
8131,intersection,,-77.0130779,38.8286219
8132,intersection,,-77.013968,38.8973483
8134,intersection,,-77.0007604,38.8328386
8135,intersection,,-77.000574,38.832961
8136,intersection,,-77.0005732,38.8331521
8137,intersection,,-77.0002653,38.8331578
8138,intersection,,-77.0000432,38.8333124
8139,intersection,,-77.0005732,38.8328016
8140,intersection,,-76.9931254,38.8366152
8141,intersection,,-76.9935426,38.8386887
8142,intersection,,-76.9935679,38.8389316
8143,intersection,,-76.9935828,38.8393485
8144,intersection,,-77.0058979,38.876304
8145,intersection,,-77.0058997,38.8766944
8146,intersection,,-77.0045661,38.8776436
8148,intersection,,-77.0087426,38.8792873
8149,intersection,,-77.0005619,38.8766144
8150,intersection,,-77.0020452,38.8765433
8151,intersection,,-77.0020464,38.8766117
8152,intersection,,-77.0020437,38.8764558
8153,intersection,,-77.0021481,38.8764557
8154,intersection,,-77.0006747,38.876543
8155,intersection,,-77.0018737,38.8765427
8156,intersection,,-77.0019248,38.8765429
8157,intersection,,-77.0021489,38.876544
8158,intersection,,-77.0005625,38.8766498
8159,intersection,,-77.0005701,38.8801343
8160,intersection,,-77.0171248,38.872067
8161,intersection,,-77.0616371,38.949679
8162,intersection,,-77.0642285,38.94968
8163,intersection,,-77.027038,38.9076464
8164,intersection,,-77.0270367,38.9072457
8165,intersection,,-76.958913,38.8604904
8166,intersection,,-77.0792703,38.9547047
8167,intersection,,-77.0820272,38.9547136
8168,intersection,,-77.023969,38.9061043
8169,intersection,,-77.0239679,38.914359
8170,intersection,,-77.0324925,38.903797
8171,intersection,,-76.9998593,38.9068905
8172,intersection,,-77.026933,38.948256
8173,intersection,,-77.02713,38.9497383
8174,intersection,,-77.027427,38.9518676
8175,intersection,,-77.0275645,38.9529006
8176,intersection,,-77.027284,38.950802
8177,intersection,,-77.0266,38.946125
8178,intersection,,-76.9994592,38.9067196
8179,intersection,,-76.9989986,38.9065185
8180,intersection,,-76.9985405,38.9063237
8181,intersection,,-76.9988213,38.9064442
8182,intersection,,-77.008692,38.948169
8183,intersection,,-77.0026535,38.8765439
8185,intersection,,-77.0364165,38.9789105
8186,intersection,,-77.0363291,38.989666
8187,intersection,,-77.0363245,38.9899335
8189,intersection,,-77.0843919,38.9610172
8190,intersection,,-77.0090622,38.8840202
8191,intersection,,-77.0091716,38.8839377
8192,intersection,,-77.0095776,38.8837914
8193,intersection,,-77.0464594,38.916066
8194,intersection,,-77.0275892,38.9530776
8195,intersection,,-77.0277308,38.9540937
8196,intersection,,-77.072441,38.972938
8197,intersection,,-77.0762827,38.9661231
8198,intersection,,-77.0764161,38.9663535
8199,intersection,,-77.0762247,38.9660228
8200,intersection,,-76.974173,38.9255819
8201,intersection,,-76.9738774,38.9255818
8202,intersection,,-76.9768225,38.9255828
8203,intersection,,-76.9787523,38.9255839
8204,intersection,,-76.9807506,38.925584
8205,intersection,,-76.9825734,38.9255873
8206,intersection,,-77.0161638,38.9637802
8207,intersection,,-76.9738968,38.8794716
8208,intersection,,-76.9769925,38.8786056
8209,intersection,,-76.977512,38.8784672
8210,intersection,,-76.97926,38.877802
8211,intersection,,-77.0850645,38.9610063
8212,intersection,,-77.0852945,38.9609882
8214,intersection,,-77.059129,38.96588
8215,intersection,,-77.058699,38.965592
8216,intersection,,-77.023969,38.907247
8217,intersection,,-77.00584,38.94652
8218,intersection,,-77.0073297,38.9462311
8219,intersection,,-77.0029588,38.8764577
8220,intersection,,-77.0021983,38.8764559
8221,intersection,,-76.9614637,38.8786102
8222,intersection,,-77.0219111,38.8858551
8223,intersection,,-77.0853329,38.9611728
8224,intersection,,-77.0855905,38.9609699
8225,intersection,,-76.9828197,38.925628
8226,intersection,,-76.9828946,38.9256468
8227,intersection,,-76.980754,38.8799473
8228,intersection,,-76.980754,38.8795766
8229,intersection,,-76.980754,38.880286
8230,intersection,,-77.0416632,38.9142764
8231,intersection,,-77.0416563,38.9141022
8232,intersection,,-77.0416558,38.9119604
8233,intersection,,-77.0416611,38.914446
8234,intersection,,-76.9681516,38.9328774
8235,intersection,,-77.090611,38.943964
8236,intersection,,-77.0487738,38.9106796
8237,intersection,,-77.0489032,38.9106877
8239,intersection,,-77.0450023,38.911138
8240,intersection,,-77.0474552,38.9110455
8241,intersection,,-76.9797532,38.9056448
8242,intersection,,-77.0270392,38.9052814
8243,intersection,,-76.9810879,38.9037777
8244,intersection,,-76.9805501,38.9044094
8245,intersection,,-76.9809379,38.9040086
8246,intersection,,-76.99397,38.842259
8247,intersection,,-76.9939302,38.8420441
8248,intersection,,-76.993896,38.8418593
8249,intersection,,-76.993602,38.839876
8250,intersection,,-76.9935939,38.8396533
8252,intersection,,-77.0239718,38.908979
8253,intersection,,-77.0764568,38.9421236
8254,intersection,,-77.076409,38.942111
8255,intersection,,-77.0090897,38.9223721
8256,intersection,,-77.0564051,38.8968521
8257,intersection,,-77.0175602,38.8835222
8258,intersection,,-77.0416769,38.9086197
8259,intersection,,-77.0416787,38.9089297
8260,intersection,,-77.0270424,38.898805
8261,intersection,,-77.0270422,38.899145
8262,intersection,,-77.0270421,38.8992286
8263,intersection,,-77.0224848,38.9281908
8264,intersection,,-77.0119664,38.896137
8265,intersection,,-77.0219078,38.9008741
8266,intersection,,-77.0270378,38.8964063
8267,intersection,,-77.0178997,38.8998171
8268,intersection,,-77.031873,38.921086
8269,intersection,,-76.9854903,38.9244313
8270,intersection,,-77.0385074,38.9055362
8271,intersection,,-76.995332,38.843501
8272,intersection,,-76.9894277,38.8656309
8273,intersection,,-77.0322867,38.9252083
8274,intersection,,-76.957086,38.8842159
8275,intersection,,-77.0175749,38.8872534
8277,intersection,,-76.9977869,38.8446439
8278,intersection,,-77.055568,38.9305082
8279,intersection,,-76.983652,38.8924993
8280,intersection,,-77.0411156,38.9056449
8281,intersection,,-77.0080452,38.9423787
8282,intersection,,-77.0501448,38.8971571
8283,intersection,,-77.0441681,38.8938078
8284,intersection,,-76.9713754,38.8739157
8285,intersection,,-77.0327183,38.9312974
8286,intersection,,-77.0134197,38.8870466
8287,intersection,,-76.944363,38.9027905
8288,intersection,,-77.0810923,38.9068743
8289,intersection,,-77.0035209,38.8919748
8290,intersection,,-77.0246856,38.9180579
8291,intersection,,-77.0075934,38.9463085
8292,intersection,,-77.0319504,38.8955175
8293,intersection,,-77.0439855,38.9101383
8294,intersection,,-77.0091926,38.9073031
8295,intersection,,-77.0090537,38.9056467
8296,intersection,,-77.0319993,38.9088282
8297,intersection,,-76.9524526,38.8906371
8298,intersection,,-76.9446456,38.9029414
8299,intersection,,-77.0136726,38.8993128
8300,intersection,,-76.955509,38.9214181
8301,intersection,,-76.9829362,38.9007414
8302,intersection,,-76.9782705,38.9169415
8303,intersection,,-77.0281041,38.9007377
8304,intersection,,-76.9301608,38.8897017
8305,intersection,,-77.0365431,38.9025036
8306,intersection,,-77.0147788,38.9053673
8307,intersection,,-76.9669569,38.8599087
8308,intersection,,-77.0168136,38.9141083
8309,intersection,,-77.0835443,38.9624836
8310,intersection,,-77.0850603,38.9124312
8311,intersection,,-76.9784102,38.9174675
8312,intersection,,-77.0363783,38.9661448
8313,intersection,,-76.9977566,38.8764505
8314,intersection,,-77.010726,38.9623764
8315,intersection,,-77.0365477,38.9013348
8316,intersection,,-77.0090354,38.9266705
8317,intersection,,-77.0416994,38.9025227
8318,intersection,,-77.031945,38.8859772
8319,intersection,,-77.0333301,38.9562145
8320,intersection,,-77.0199128,38.8927567
8321,intersection,,-77.0263848,38.9298168
8322,intersection,,-77.0363624,38.9722706
8323,intersection,,-77.0363708,38.9699255
8324,intersection,,-77.0345676,38.9170106
8325,intersection,,-77.0259828,38.8944242
8327,intersection,,-77.0259825,38.9014706
8328,intersection,,-77.0219179,38.8933171
8329,intersection,,-76.9752369,38.8507177
8330,intersection,,-77.0121666,38.8936307
8331,intersection,,-77.0091193,38.8720399
8332,intersection,,-77.0537448,38.8992031
8333,intersection,,-77.057363,38.9170625
8334,intersection,,-77.0262325,38.9288211
8335,intersection,,-77.027895,38.9126081
8336,intersection,,-77.008906,38.9168456
8337,intersection,,-77.0152259,38.8998275
8338,intersection,,-77.0270325,38.9011087
8339,intersection,,-77.0319528,38.9181151
8340,intersection,,-77.0121542,38.9157213
8341,intersection,,-77.0177834,38.913773
8342,intersection,,-77.0124128,38.8988485
8343,intersection,,-76.9491566,38.8951236
8344,intersection,,-77.0296225,38.9002203
8345,intersection,,-77.016183,38.9048809
8346,intersection,,-77.0227212,38.8786463
8347,intersection,,-77.0345775,38.9155891
8348,intersection,,-77.0259836,38.9109201
8349,intersection,,-76.9338893,38.8738305
8350,intersection,,-76.9883645,38.8920081
8351,intersection,,-77.0504516,38.9020663
8352,intersection,,-77.0174995,38.8920606
8353,intersection,,-77.0742099,38.9055472
8354,intersection,,-77.0151824,38.8947614
8355,intersection,,-77.0363655,38.9749119
8356,intersection,,-76.9976873,38.8623976
8357,intersection,,-77.0270623,38.8947416
8358,intersection,,-76.972496,38.9173151
8359,intersection,,-77.0345855,38.9190634
8360,intersection,,-77.0259759,38.8920883
8361,intersection,,-77.0616453,38.9409512
8362,intersection,,-77.0488026,38.9111404
8363,intersection,,-77.0319543,38.9170083
8364,intersection,,-77.0129163,38.9002172
8365,intersection,,-77.0090506,38.9096369
8366,intersection,,-77.0881781,38.9588818
8367,intersection,,-77.0108306,38.8850554
8368,intersection,,-77.0199031,38.9035799
8369,intersection,,-77.0081619,38.8920308
8370,intersection,,-77.0242879,38.9363616
8371,intersection,,-76.9715672,38.9312826
8372,intersection,,-77.0280755,38.887573
8373,intersection,,-77.0122046,38.8860867
8374,intersection,,-77.0448637,38.9098803
8375,intersection,,-77.0270416,38.9105516
8376,intersection,,-77.0241947,38.8875743
8377,intersection,,-77.023655,38.9723402
8378,intersection,,-77.0461564,38.9143887
8379,intersection,,-77.0269681,38.9838545
8380,intersection,,-76.9651442,38.9251809
8381,intersection,,-77.0296028,38.9205207
8382,intersection,,-77.0138987,38.8765473
8383,intersection,,-76.9380671,38.8895989
8384,intersection,,-77.0319837,38.9050561
8385,intersection,,-76.9279737,38.8897607
8386,intersection,,-77.008594,38.9472932
8387,intersection,,-77.0281201,38.8950342
8388,intersection,,-77.0045294,38.9088595
8389,intersection,,-76.9834681,38.9001354
8390,intersection,,-77.0416565,38.9168711
8391,intersection,,-77.0071374,38.9174681
8392,intersection,,-77.0280925,38.9101834
8393,intersection,,-77.0090626,38.9025147
8394,intersection,,-76.9910709,38.9135964
8395,intersection,,-77.0091774,38.9167485
8396,intersection,,-77.0091589,38.8730604
8397,intersection,,-77.0792351,38.9457275
8398,intersection,,-77.0189436,38.9039164
8399,intersection,,-77.024849,38.9191518
8400,intersection,,-77.0336916,38.8877741
8401,intersection,,-77.0450598,38.9126067
8402,intersection,,-76.9983185,38.9110547
8403,intersection,,-76.9855028,38.8879289
8404,intersection,,-77.0460203,38.9140932
8405,intersection,,-76.9778164,38.9171149
8406,intersection,,-77.0182138,38.9747616
8407,intersection,,-77.1040281,38.9273555
8408,intersection,,-77.0420454,38.9072503
8409,intersection,,-77.0363453,38.9856602
8410,intersection,,-77.0239883,38.8938909
8411,intersection,,-77.000569,38.9197427
8412,intersection,,-76.9832971,38.8532912
8413,intersection,,-77.005168,38.8792885
8414,intersection,,-77.0149763,38.9566401
8415,intersection,,-76.9732493,38.8511608
8416,intersection,,-77.0336337,38.9025884
8417,intersection,,-77.0189374,38.8947496
8418,intersection,,-76.9425892,38.9019141
8419,intersection,,-77.0365443,38.9002227
8420,intersection,,-77.0034708,38.8309615
8421,intersection,,-77.080199,38.96102
8422,intersection,,-77.0364063,38.9562155
8423,intersection,,-77.0364275,38.9450622
8424,intersection,,-77.0319492,38.8994017
8425,intersection,,-77.0138108,38.8875618
8426,intersection,,-76.953224,38.8896058
8427,intersection,,-77.0076977,38.9431577
8428,intersection,,-77.0066037,38.9097568
8429,intersection,,-77.0121639,38.9311605
8430,intersection,,-76.9977572,38.876536
8431,intersection,,-77.0345832,38.9111408
8432,intersection,,-77.0090417,38.9118606
8433,intersection,,-77.0607728,38.9394509
8434,intersection,,-76.9316643,38.9030587
8435,intersection,,-77.0121638,38.9062721
8436,intersection,,-77.0345941,38.9096559
8437,intersection,,-77.0319527,38.91261
8438,intersection,,-77.0023346,38.956904
8439,intersection,,-77.0059077,38.9084571
8440,intersection,,-76.9792849,38.8994089
8441,intersection,,-77.0090477,38.9002199
8442,intersection,,-77.1064772,38.9357392
8443,intersection,,-77.0090537,38.9107865
8444,intersection,,-76.9790965,38.9276671
8445,intersection,,-77.0253214,38.9170082
8446,intersection,,-77.0219207,38.9123316
8447,intersection,,-77.0296255,38.9025854
8448,intersection,,-76.9855045,38.8919313
8450,intersection,,-77.0466508,38.9025244
8451,intersection,,-77.067751,38.9156835
8452,intersection,,-77.0728184,38.9308199
8453,intersection,,-77.056106,38.9006719
8454,intersection,,-77.0089209,38.9073955
8455,intersection,,-77.0466512,38.893516
8456,intersection,,-76.9807654,38.8933162
8457,intersection,,-77.0248636,38.8803281
8458,intersection,,-77.0090445,38.9125939
8459,intersection,,-76.9996764,38.8432641
8460,intersection,,-77.0200643,38.9420344
8461,intersection,,-76.9751539,38.8932676
8462,intersection,,-77.0081698,38.8876066
8463,intersection,,-77.0364424,38.9418729
8464,intersection,,-77.0219208,38.8812864
8465,intersection,,-76.9575722,38.9200593
8466,intersection,,-76.9751112,38.9140951
8467,intersection,,-76.9880347,38.9237968
8468,intersection,,-76.9836588,38.8871314
8469,intersection,,-77.0059571,38.8720283
8470,intersection,,-77.04876,38.9114967
8471,intersection,,-77.0334212,38.9620383
8472,intersection,,-77.0368974,38.926243
8473,intersection,,-77.0526948,38.9616132
8474,intersection,,-76.9704482,38.8979219
8475,intersection,,-77.0433978,38.8983495
8476,intersection,,-77.0243372,38.9182845
8477,intersection,,-76.9316739,38.8986155
8478,intersection,,-77.0347397,38.9191966
8479,intersection,,-77.0261518,38.9155568
8480,intersection,,-77.0239681,38.911623
8481,intersection,,-77.0270364,38.9723242
8482,intersection,,-77.0198837,38.9130461
8483,intersection,,-76.9702544,38.9200565
8484,intersection,,-77.0090625,38.8832023
8485,intersection,,-77.0089747,38.8729187
8486,intersection,,-77.0186162,38.8922354
8487,intersection,,-77.0345801,38.9126083
8488,intersection,,-77.111602,38.9357039
8489,intersection,,-77.0434639,38.9025224
8490,intersection,,-77.0394818,38.902528
8491,intersection,,-76.9435859,38.9023349
8492,intersection,,-77.0319533,38.9025874
8493,intersection,,-77.0561585,38.9025285
8494,intersection,,-76.9915084,38.8764854
8495,intersection,,-77.0035212,38.8876645
8496,intersection,,-77.0219326,38.8793221
8497,intersection,,-77.0185718,38.978371
8498,intersection,,-77.0631387,38.9214135
8499,intersection,,-77.0303017,38.8999826
8500,intersection,,-77.0267533,38.9323147
8501,intersection,,-77.0265404,38.9107267
8502,intersection,,-76.9984659,38.8931267
