node_id,node_type,zone_id,x_coord,y_coord
1,centroid,1,0,0
2,centroid,2,0,0
3,centroid,3,0,0
4,centroid,4,0,0
5,centroid,5,0,0
6,centroid,6,0,0
7,centroid,7,0,0
8,centroid,8,0,0
9,centroid,9,0,0
10,centroid,10,0,0
11,centroid,11,0,0
12,centroid,12,0,0
13,centroid,13,0,0
14,centroid,14,0,0
15,centroid,15,0,0
16,centroid,16,0,0
17,centroid,17,0,0
18,centroid,18,0,0
19,centroid,19,0,0
20,centroid,20,0,0
21,centroid,21,0,0
22,centroid,22,0,0
23,centroid,23,0,0
24,centroid,24,0,0
25,centroid,25,0,0
26,centroid,26,0,0
27,centroid,27,0,0
28,centroid,28,0,0
29,centroid,29,0,0
30,centroid,30,0,0
31,centroid,31,0,0
32,centroid,32,0,0
33,centroid,33,0,0
34,centroid,34,0,0
35,centroid,35,0,0
36,centroid,36,0,0
37,centroid,37,0,0
38,centroid,38,0,0
39,centroid,39,0,0
40,centroid,40,0,0
41,centroid,41,0,0
42,centroid,42,0,0
43,centroid,43,0,0
44,centroid,44,0,0
45,centroid,45,0,0
46,centroid,46,0,0
47,centroid,47,0,0
48,centroid,48,0,0
49,centroid,49,0,0
50,centroid,50,0,0
51,centroid,51,0,0
52,centroid,52,0,0
53,centroid,53,0,0
54,centroid,54,0,0
55,centroid,55,0,0
56,centroid,56,0,0
57,centroid,57,0,0
58,centroid,58,0,0
59,centroid,59,0,0
60,centroid,60,0,0
61,centroid,61,0,0
62,centroid,62,0,0
63,centroid,63,0,0
64,centroid,64,0,0
65,centroid,65,0,0
66,centroid,66,0,0
67,centroid,67,0,0
68,centroid,68,0,0
69,centroid,69,0,0
70,centroid,70,0,0
71,centroid,71,0,0
72,centroid,72,0,0
73,centroid,73,0,0
74,centroid,74,0,0
75,centroid,75,0,0
76,centroid,76,0,0
77,centroid,77,0,0
78,centroid,78,0,0
79,centroid,79,0,0
80,centroid,80,0,0
81,centroid,81,0,0
82,centroid,82,0,0
83,centroid,83,0,0
84,centroid,84,0,0
85,centroid,85,0,0
86,centroid,86,0,0
87,centroid,87,0,0
88,centroid,88,0,0
89,centroid,89,0,0
90,centroid,90,0,0
91,centroid,91,0,0
92,centroid,92,0,0
93,centroid,93,0,0
94,centroid,94,0,0
95,centroid,95,0,0
96,centroid,96,0,0
97,centroid,97,0,0
98,centroid,98,0,0
99,centroid,99,0,0
100,centroid,100,0,0
101,centroid,101,0,0
102,centroid,102,0,0
103,centroid,103,0,0
104,centroid,104,0,0
105,centroid,105,0,0
106,centroid,106,0,0
107,centroid,107,0,0
108,centroid,108,0,0
109,centroid,109,0,0
110,centroid,110,0,0
111,centroid,111,0,0
112,centroid,112,0,0
113,centroid,113,0,0
114,centroid,114,0,0
115,centroid,115,0,0
116,centroid,116,0,0
117,centroid,117,0,0
118,centroid,118,0,0
119,centroid,119,0,0
120,centroid,120,0,0
121,centroid,121,0,0
122,centroid,122,0,0
123,centroid,123,0,0
124,centroid,124,0,0
125,centroid,125,0,0
126,centroid,126,0,0
127,centroid,127,0,0
128,centroid,128,0,0
129,centroid,129,0,0
130,centroid,130,0,0
131,centroid,131,0,0
132,centroid,132,0,0
133,centroid,133,0,0
134,centroid,134,0,0
135,centroid,135,0,0
136,centroid,136,0,0
137,centroid,137,0,0
138,centroid,138,0,0
139,centroid,139,0,0
140,centroid,140,0,0
141,centroid,141,0,0
142,centroid,142,0,0
143,centroid,143,0,0
144,centroid,144,0,0
145,centroid,145,0,0
146,centroid,146,0,0
147,centroid,147,0,0
148,centroid,148,0,0
149,centroid,149,0,0
150,centroid,150,0,0
151,centroid,151,0,0
152,centroid,152,0,0
153,centroid,153,0,0
154,centroid,154,0,0
155,centroid,155,0,0
156,centroid,156,0,0
157,centroid,157,0,0
158,centroid,158,0,0
159,centroid,159,0,0
160,centroid,160,0,0
161,centroid,161,0,0
162,centroid,162,0,0
163,centroid,163,0,0
164,centroid,164,0,0
165,centroid,165,0,0
166,centroid,166,0,0
167,centroid,167,0,0
168,centroid,168,0,0
169,centroid,169,0,0
170,centroid,170,0,0
171,centroid,171,0,0
172,centroid,172,0,0
173,centroid,173,0,0
174,centroid,174,0,0
175,centroid,175,0,0
176,centroid,176,0,0
177,centroid,177,0,0
178,centroid,178,0,0
179,centroid,179,0,0
180,centroid,180,0,0
181,centroid,181,0,0
182,centroid,182,0,0
183,centroid,183,0,0
184,centroid,184,0,0
185,centroid,185,0,0
186,centroid,186,0,0
187,centroid,187,0,0
188,centroid,188,0,0
189,centroid,189,0,0
190,centroid,190,0,0
191,centroid,191,0,0
192,centroid,192,0,0
193,centroid,193,0,0
194,centroid,194,0,0
195,centroid,195,0,0
196,centroid,196,0,0
197,centroid,197,0,0
198,centroid,198,0,0
199,centroid,199,0,0
200,centroid,200,0,0
201,centroid,201,0,0
202,centroid,202,0,0
203,centroid,203,0,0
204,centroid,204,0,0
205,centroid,205,0,0
206,centroid,206,0,0
207,centroid,207,0,0
208,centroid,208,0,0
209,centroid,209,0,0
210,centroid,210,0,0
211,centroid,211,0,0
212,centroid,212,0,0
213,centroid,213,0,0
214,centroid,214,0,0
215,centroid,215,0,0
216,centroid,216,0,0
217,centroid,217,0,0
218,centroid,218,0,0
219,centroid,219,0,0
220,centroid,220,0,0
221,centroid,221,0,0
222,centroid,222,0,0
223,centroid,223,0,0
224,centroid,224,0,0
225,centroid,225,0,0
226,centroid,226,0,0
227,centroid,227,0,0
228,centroid,228,0,0
229,centroid,229,0,0
230,centroid,230,0,0
231,centroid,231,0,0
232,centroid,232,0,0
233,centroid,233,0,0
234,centroid,234,0,0
235,centroid,235,0,0
236,centroid,236,0,0
237,centroid,237,0,0
238,centroid,238,0,0
239,centroid,239,0,0
240,centroid,240,0,0
241,centroid,241,0,0
242,centroid,242,0,0
243,centroid,243,0,0
244,centroid,244,0,0
245,centroid,245,0,0
246,centroid,246,0,0
247,centroid,247,0,0
248,centroid,248,0,0
249,centroid,249,0,0
250,centroid,250,0,0
251,centroid,251,0,0
252,centroid,252,0,0
253,centroid,253,0,0
254,centroid,254,0,0
255,centroid,255,0,0
256,centroid,256,0,0
257,centroid,257,0,0
258,centroid,258,0,0
259,centroid,259,0,0
260,centroid,260,0,0
261,centroid,261,0,0
262,centroid,262,0,0
263,centroid,263,0,0
264,centroid,264,0,0
265,centroid,265,0,0
266,centroid,266,0,0
267,centroid,267,0,0
268,centroid,268,0,0
269,centroid,269,0,0
270,centroid,270,0,0
271,centroid,271,0,0
272,centroid,272,0,0
273,centroid,273,0,0
274,centroid,274,0,0
275,centroid,275,0,0
276,centroid,276,0,0
277,centroid,277,0,0
278,centroid,278,0,0
279,centroid,279,0,0
280,centroid,280,0,0
281,centroid,281,0,0
282,centroid,282,0,0
283,centroid,283,0,0
284,centroid,284,0,0
285,centroid,285,0,0
286,centroid,286,0,0
287,centroid,287,0,0
288,centroid,288,0,0
289,centroid,289,0,0
290,centroid,290,0,0
291,centroid,291,0,0
292,centroid,292,0,0
293,centroid,293,0,0
294,centroid,294,0,0
295,centroid,295,0,0
296,centroid,296,0,0
297,centroid,297,0,0
298,centroid,298,0,0
299,centroid,299,0,0
300,centroid,300,0,0
301,centroid,301,0,0
302,centroid,302,0,0
303,centroid,303,0,0
304,centroid,304,0,0
305,centroid,305,0,0
306,centroid,306,0,0
307,centroid,307,0,0
308,centroid,308,0,0
309,centroid,309,0,0
310,centroid,310,0,0
311,centroid,311,0,0
312,centroid,312,0,0
313,centroid,313,0,0
314,centroid,314,0,0
315,centroid,315,0,0
316,centroid,316,0,0
317,centroid,317,0,0
318,centroid,318,0,0
319,centroid,319,0,0
320,centroid,320,0,0
321,centroid,321,0,0
322,centroid,322,0,0
323,centroid,323,0,0
324,centroid,324,0,0
325,centroid,325,0,0
326,centroid,326,0,0
327,centroid,327,0,0
328,centroid,328,0,0
329,centroid,329,0,0
330,centroid,330,0,0
331,centroid,331,0,0
332,centroid,332,0,0
333,centroid,333,0,0
334,centroid,334,0,0
335,centroid,335,0,0
336,centroid,336,0,0
337,centroid,337,0,0
338,centroid,338,0,0
339,centroid,339,0,0
340,centroid,340,0,0
341,centroid,341,0,0
342,centroid,342,0,0
343,centroid,343,0,0
344,centroid,344,0,0
345,centroid,345,0,0
346,centroid,346,0,0
347,centroid,347,0,0
348,centroid,348,0,0
349,centroid,349,0,0
350,centroid,350,0,0
351,centroid,351,0,0
352,centroid,352,0,0
353,centroid,353,0,0
354,centroid,354,0,0
355,centroid,355,0,0
356,centroid,356,0,0
357,centroid,357,0,0
358,centroid,358,0,0
359,centroid,359,0,0
360,centroid,360,0,0
361,centroid,361,0,0
362,centroid,362,0,0
363,centroid,363,0,0
364,centroid,364,0,0
365,centroid,365,0,0
366,centroid,366,0,0
367,centroid,367,0,0
368,centroid,368,0,0
369,centroid,369,0,0
370,centroid,370,0,0
371,centroid,371,0,0
372,centroid,372,0,0
373,centroid,373,0,0
374,centroid,374,0,0
375,centroid,375,0,0
376,centroid,376,0,0
377,centroid,377,0,0
378,centroid,378,0,0
379,centroid,379,0,0
380,centroid,380,0,0
381,centroid,381,0,0
382,centroid,382,0,0
383,centroid,383,0,0
384,centroid,384,0,0
385,centroid,385,0,0
386,centroid,386,0,0
387,centroid,387,0,0
388,centroid,388,0,0
389,centroid,389,0,0
390,centroid,390,0,0
391,centroid,391,0,0
392,centroid,392,0,0
393,centroid,393,0,0
394,centroid,394,0,0
395,centroid,395,0,0
396,centroid,396,0,0
397,centroid,397,0,0
398,centroid,398,0,0
399,centroid,399,0,0
400,centroid,400,0,0
401,centroid,401,0,0
402,centroid,402,0,0
403,centroid,403,0,0
404,centroid,404,0,0
405,centroid,405,0,0
406,centroid,406,0,0
407,centroid,407,0,0
408,centroid,408,0,0
409,centroid,409,0,0
410,centroid,410,0,0
411,centroid,411,0,0
412,centroid,412,0,0
413,centroid,413,0,0
414,centroid,414,0,0
415,centroid,415,0,0
416,centroid,416,0,0
417,centroid,417,0,0
418,centroid,418,0,0
419,centroid,419,0,0
420,centroid,420,0,0
421,centroid,421,0,0
422,centroid,422,0,0
423,centroid,423,0,0
424,centroid,424,0,0
425,centroid,425,0,0
426,centroid,426,0,0
427,centroid,427,0,0
428,centroid,428,0,0
429,centroid,429,0,0
430,centroid,430,0,0
431,centroid,431,0,0
432,centroid,432,0,0
433,centroid,433,0,0
434,centroid,434,0,0
435,centroid,435,0,0
436,centroid,436,0,0
437,centroid,437,0,0
438,centroid,438,0,0
439,centroid,439,0,0
440,centroid,440,0,0
441,centroid,441,0,0
442,centroid,442,0,0
443,centroid,443,0,0
444,centroid,444,0,0
445,centroid,445,0,0
446,centroid,446,0,0
447,centroid,447,0,0
448,centroid,448,0,0
449,centroid,449,0,0
450,centroid,450,0,0
451,centroid,451,0,0
452,centroid,452,0,0
453,centroid,453,0,0
454,centroid,454,0,0
455,centroid,455,0,0
456,centroid,456,0,0
457,centroid,457,0,0
458,centroid,458,0,0
459,centroid,459,0,0
460,centroid,460,0,0
461,centroid,461,0,0
462,centroid,462,0,0
463,centroid,463,0,0
464,centroid,464,0,0
465,centroid,465,0,0
466,centroid,466,0,0
467,centroid,467,0,0
468,centroid,468,0,0
469,centroid,469,0,0
470,centroid,470,0,0
471,centroid,471,0,0
472,centroid,472,0,0
473,centroid,473,0,0
474,centroid,474,0,0
475,centroid,475,0,0
476,centroid,476,0,0
477,centroid,477,0,0
478,centroid,478,0,0
479,centroid,479,0,0
480,centroid,480,0,0
481,centroid,481,0,0
482,centroid,482,0,0
483,centroid,483,0,0
484,centroid,484,0,0
485,centroid,485,0,0
486,centroid,486,0,0
487,centroid,487,0,0
488,centroid,488,0,0
489,centroid,489,0,0
490,centroid,490,0,0
491,centroid,491,0,0
492,centroid,492,0,0
493,centroid,493,0,0
494,centroid,494,0,0
495,centroid,495,0,0
496,centroid,496,0,0
497,centroid,497,0,0
498,centroid,498,0,0
499,centroid,499,0,0
500,centroid,500,0,0
501,centroid,501,0,0
502,centroid,502,0,0
503,centroid,503,0,0
504,centroid,504,0,0
505,centroid,505,0,0
506,centroid,506,0,0
507,centroid,507,0,0
508,centroid,508,0,0
509,centroid,509,0,0
510,centroid,510,0,0
511,centroid,511,0,0
512,centroid,512,0,0
513,centroid,513,0,0
514,centroid,514,0,0
515,centroid,515,0,0
516,centroid,516,0,0
517,centroid,517,0,0
518,centroid,518,0,0
519,centroid,519,0,0
520,centroid,520,0,0
521,centroid,521,0,0
522,centroid,522,0,0
523,centroid,523,0,0
524,centroid,524,0,0
525,centroid,525,0,0
526,centroid,526,0,0
527,centroid,527,0,0
528,centroid,528,0,0
529,centroid,529,0,0
530,centroid,530,0,0
531,centroid,531,0,0
532,centroid,532,0,0
533,centroid,533,0,0
534,centroid,534,0,0
535,centroid,535,0,0
536,centroid,536,0,0
537,centroid,537,0,0
538,centroid,538,0,0
539,centroid,539,0,0
540,centroid,540,0,0
541,centroid,541,0,0
542,centroid,542,0,0
543,centroid,543,0,0
544,centroid,544,0,0
545,centroid,545,0,0
546,centroid,546,0,0
547,centroid,547,0,0
548,centroid,548,0,0
549,centroid,549,0,0
550,centroid,550,0,0
551,centroid,551,0,0
552,centroid,552,0,0
553,centroid,553,0,0
554,centroid,554,0,0
555,centroid,555,0,0
556,centroid,556,0,0
557,centroid,557,0,0
558,centroid,558,0,0
559,centroid,559,0,0
560,centroid,560,0,0
561,centroid,561,0,0
562,centroid,562,0,0
563,centroid,563,0,0
564,centroid,564,0,0
565,centroid,565,0,0
566,centroid,566,0,0
567,centroid,567,0,0
568,centroid,568,0,0
569,centroid,569,0,0
570,centroid,570,0,0
571,centroid,571,0,0
572,centroid,572,0,0
573,centroid,573,0,0
574,centroid,574,0,0
575,centroid,575,0,0
576,centroid,576,0,0
577,centroid,577,0,0
578,centroid,578,0,0
579,centroid,579,0,0
580,centroid,580,0,0
581,centroid,581,0,0
582,centroid,582,0,0
583,centroid,583,0,0
584,centroid,584,0,0
585,centroid,585,0,0
586,centroid,586,0,0
587,centroid,587,0,0
588,centroid,588,0,0
589,centroid,589,0,0
590,centroid,590,0,0
591,centroid,591,0,0
592,centroid,592,0,0
593,centroid,593,0,0
594,centroid,594,0,0
595,centroid,595,0,0
596,centroid,596,0,0
597,centroid,597,0,0
598,centroid,598,0,0
599,centroid,599,0,0
600,centroid,600,0,0
601,centroid,601,0,0
602,centroid,602,0,0
603,centroid,603,0,0
604,centroid,604,0,0
605,centroid,605,0,0
606,centroid,606,0,0
607,centroid,607,0,0
608,centroid,608,0,0
609,centroid,609,0,0
610,centroid,610,0,0
611,centroid,611,0,0
612,centroid,612,0,0
613,centroid,613,0,0
614,centroid,614,0,0
615,centroid,615,0,0
616,centroid,616,0,0
617,centroid,617,0,0
618,centroid,618,0,0
619,centroid,619,0,0
620,centroid,620,0,0
621,centroid,621,0,0
622,centroid,622,0,0
623,centroid,623,0,0
624,centroid,624,0,0
625,centroid,625,0,0
626,centroid,626,0,0
627,centroid,627,0,0
628,centroid,628,0,0
629,centroid,629,0,0
630,centroid,630,0,0
631,centroid,631,0,0
632,centroid,632,0,0
633,centroid,633,0,0
634,centroid,634,0,0
635,centroid,635,0,0
636,centroid,636,0,0
637,centroid,637,0,0
638,centroid,638,0,0
639,centroid,639,0,0
640,centroid,640,0,0
641,centroid,641,0,0
642,centroid,642,0,0
643,centroid,643,0,0
644,centroid,644,0,0
645,centroid,645,0,0
646,centroid,646,0,0
647,centroid,647,0,0
648,centroid,648,0,0
649,centroid,649,0,0
650,centroid,650,0,0
651,centroid,651,0,0
652,centroid,652,0,0
653,centroid,653,0,0
654,centroid,654,0,0
655,centroid,655,0,0
656,centroid,656,0,0
657,centroid,657,0,0
658,centroid,658,0,0
659,centroid,659,0,0
660,centroid,660,0,0
661,centroid,661,0,0
662,centroid,662,0,0
663,centroid,663,0,0
664,centroid,664,0,0
665,centroid,665,0,0
666,centroid,666,0,0
667,centroid,667,0,0
668,centroid,668,0,0
669,centroid,669,0,0
670,centroid,670,0,0
671,centroid,671,0,0
672,centroid,672,0,0
673,centroid,673,0,0
674,centroid,674,0,0
675,centroid,675,0,0
676,centroid,676,0,0
677,centroid,677,0,0
678,centroid,678,0,0
679,centroid,679,0,0
680,centroid,680,0,0
681,centroid,681,0,0
682,centroid,682,0,0
683,centroid,683,0,0
684,centroid,684,0,0
685,centroid,685,0,0
686,centroid,686,0,0
687,centroid,687,0,0
688,centroid,688,0,0
689,centroid,689,0,0
690,centroid,690,0,0
691,centroid,691,0,0
692,centroid,692,0,0
693,centroid,693,0,0
694,centroid,694,0,0
695,centroid,695,0,0
696,centroid,696,0,0
697,centroid,697,0,0
698,centroid,698,0,0
699,centroid,699,0,0
700,centroid,700,0,0
701,centroid,701,0,0
702,centroid,702,0,0
703,centroid,703,0,0
704,centroid,704,0,0
705,centroid,705,0,0
706,centroid,706,0,0
707,centroid,707,0,0
708,centroid,708,0,0
709,centroid,709,0,0
710,centroid,710,0,0
711,centroid,711,0,0
712,centroid,712,0,0
713,centroid,713,0,0
714,centroid,714,0,0
715,centroid,715,0,0
716,centroid,716,0,0
717,centroid,717,0,0
718,centroid,718,0,0
719,centroid,719,0,0
720,centroid,720,0,0
721,centroid,721,0,0
722,centroid,722,0,0
723,centroid,723,0,0
724,centroid,724,0,0
725,centroid,725,0,0
726,centroid,726,0,0
727,centroid,727,0,0
728,centroid,728,0,0
729,centroid,729,0,0
730,centroid,730,0,0
731,centroid,731,0,0
732,centroid,732,0,0
733,centroid,733,0,0
734,centroid,734,0,0
735,centroid,735,0,0
736,centroid,736,0,0
737,centroid,737,0,0
738,centroid,738,0,0
739,centroid,739,0,0
740,centroid,740,0,0
741,centroid,741,0,0
742,centroid,742,0,0
743,centroid,743,0,0
744,centroid,744,0,0
745,centroid,745,0,0
746,centroid,746,0,0
747,centroid,747,0,0
748,centroid,748,0,0
749,centroid,749,0,0
750,centroid,750,0,0
751,centroid,751,0,0
752,centroid,752,0,0
753,centroid,753,0,0
754,centroid,754,0,0
755,centroid,755,0,0
756,centroid,756,0,0
757,centroid,757,0,0
758,centroid,758,0,0
759,centroid,759,0,0
760,centroid,760,0,0
761,centroid,761,0,0
762,centroid,762,0,0
763,centroid,763,0,0
764,centroid,764,0,0
765,centroid,765,0,0
766,centroid,766,0,0
767,centroid,767,0,0
768,centroid,768,0,0
769,centroid,769,0,0
770,centroid,770,0,0
771,centroid,771,0,0
772,centroid,772,0,0
773,centroid,773,0,0
774,centroid,774,0,0
775,centroid,775,0,0
776,centroid,776,0,0
777,centroid,777,0,0
778,centroid,778,0,0
779,centroid,779,0,0
780,centroid,780,0,0
781,centroid,781,0,0
782,centroid,782,0,0
783,centroid,783,0,0
784,centroid,784,0,0
785,centroid,785,0,0
786,centroid,786,0,0
787,centroid,787,0,0
788,centroid,788,0,0
789,centroid,789,0,0
790,centroid,790,0,0
791,centroid,791,0,0
792,centroid,792,0,0
793,centroid,793,0,0
794,centroid,794,0,0
795,centroid,795,0,0
796,centroid,796,0,0
797,centroid,797,0,0
798,centroid,798,0,0
799,centroid,799,0,0
800,centroid,800,0,0
801,centroid,801,0,0
802,centroid,802,0,0
803,centroid,803,0,0
804,centroid,804,0,0
805,centroid,805,0,0
806,centroid,806,0,0
807,centroid,807,0,0
808,centroid,808,0,0
809,centroid,809,0,0
810,centroid,810,0,0
811,centroid,811,0,0
812,centroid,812,0,0
813,centroid,813,0,0
814,centroid,814,0,0
815,centroid,815,0,0
816,centroid,816,0,0
817,centroid,817,0,0
818,centroid,818,0,0
819,centroid,819,0,0
820,centroid,820,0,0
821,centroid,821,0,0
822,centroid,822,0,0
823,centroid,823,0,0
824,centroid,824,0,0
825,centroid,825,0,0
826,centroid,826,0,0
827,centroid,827,0,0
828,centroid,828,0,0
829,centroid,829,0,0
830,centroid,830,0,0
831,centroid,831,0,0
832,centroid,832,0,0
833,centroid,833,0,0
834,centroid,834,0,0
835,centroid,835,0,0
836,centroid,836,0,0
837,centroid,837,0,0
838,centroid,838,0,0
839,centroid,839,0,0
840,centroid,840,0,0
841,centroid,841,0,0
842,centroid,842,0,0
843,centroid,843,0,0
844,centroid,844,0,0
845,centroid,845,0,0
846,centroid,846,0,0
847,centroid,847,0,0
848,centroid,848,0,0
849,centroid,849,0,0
850,centroid,850,0,0
851,centroid,851,0,0
852,centroid,852,0,0
853,centroid,853,0,0
854,centroid,854,0,0
855,centroid,855,0,0
856,centroid,856,0,0
857,centroid,857,0,0
858,centroid,858,0,0
859,centroid,859,0,0
860,centroid,860,0,0
861,centroid,861,0,0
862,centroid,862,0,0
863,centroid,863,0,0
864,centroid,864,0,0
865,centroid,865,0,0
866,centroid,866,0,0
867,centroid,867,0,0
868,centroid,868,0,0
869,centroid,869,0,0
870,centroid,870,0,0
871,centroid,871,0,0
872,centroid,872,0,0
873,centroid,873,0,0
874,centroid,874,0,0
875,centroid,875,0,0
876,centroid,876,0,0
877,centroid,877,0,0
878,centroid,878,0,0
879,centroid,879,0,0
880,centroid,880,0,0
881,centroid,881,0,0
882,centroid,882,0,0
883,centroid,883,0,0
884,centroid,884,0,0
885,centroid,885,0,0
886,centroid,886,0,0
887,centroid,887,0,0
888,centroid,888,0,0
889,centroid,889,0,0
890,centroid,890,0,0
891,centroid,891,0,0
892,centroid,892,0,0
893,centroid,893,0,0
894,centroid,894,0,0
895,centroid,895,0,0
896,centroid,896,0,0
897,centroid,897,0,0
898,centroid,898,0,0
899,centroid,899,0,0
900,centroid,900,0,0
901,centroid,901,0,0
902,centroid,902,0,0
903,centroid,903,0,0
904,centroid,904,0,0
905,centroid,905,0,0
906,centroid,906,0,0
907,centroid,907,0,0
908,centroid,908,0,0
909,centroid,909,0,0
910,centroid,910,0,0
911,centroid,911,0,0
912,centroid,912,0,0
913,centroid,913,0,0
914,centroid,914,0,0
915,centroid,915,0,0
916,centroid,916,0,0
917,centroid,917,0,0
918,centroid,918,0,0
919,centroid,919,0,0
920,centroid,920,0,0
921,centroid,921,0,0
922,centroid,922,0,0
923,centroid,923,0,0
924,centroid,924,0,0
925,centroid,925,0,0
926,centroid,926,0,0
927,centroid,927,0,0
928,centroid,928,0,0
929,centroid,929,0,0
930,centroid,930,0,0
931,centroid,931,0,0
932,centroid,932,0,0
933,centroid,933,0,0
934,centroid,934,0,0
935,centroid,935,0,0
936,centroid,936,0,0
937,centroid,937,0,0
938,centroid,938,0,0
939,centroid,939,0,0
940,centroid,940,0,0
941,centroid,941,0,0
942,centroid,942,0,0
943,centroid,943,0,0
944,centroid,944,0,0
945,centroid,945,0,0
946,centroid,946,0,0
947,centroid,947,0,0
948,centroid,948,0,0
949,centroid,949,0,0
950,centroid,950,0,0
951,centroid,951,0,0
952,centroid,952,0,0
953,centroid,953,0,0
954,centroid,954,0,0
955,centroid,955,0,0
956,centroid,956,0,0
957,centroid,957,0,0
958,centroid,958,0,0
959,centroid,959,0,0
960,centroid,960,0,0
961,centroid,961,0,0
962,centroid,962,0,0
963,centroid,963,0,0
964,centroid,964,0,0
965,centroid,965,0,0
966,centroid,966,0,0
967,centroid,967,0,0
968,centroid,968,0,0
969,centroid,969,0,0
970,centroid,970,0,0
971,centroid,971,0,0
972,centroid,972,0,0
973,centroid,973,0,0
974,centroid,974,0,0
975,centroid,975,0,0
976,centroid,976,0,0
977,centroid,977,0,0
978,centroid,978,0,0
979,centroid,979,0,0
980,centroid,980,0,0
981,centroid,981,0,0
982,centroid,982,0,0
983,centroid,983,0,0
984,centroid,984,0,0
985,centroid,985,0,0
986,centroid,986,0,0
987,centroid,987,0,0
988,centroid,988,0,0
989,centroid,989,0,0
990,centroid,990,0,0
991,centroid,991,0,0
992,centroid,992,0,0
993,centroid,993,0,0
994,centroid,994,0,0
995,centroid,995,0,0
996,centroid,996,0,0
997,centroid,997,0,0
998,centroid,998,0,0
999,centroid,999,0,0
1000,centroid,1000,0,0
1001,centroid,1001,0,0
1002,centroid,1002,0,0
1003,centroid,1003,0,0
1004,centroid,1004,0,0
1005,centroid,1005,0,0
1006,centroid,1006,0,0
1007,centroid,1007,0,0
1008,centroid,1008,0,0
1009,centroid,1009,0,0
1010,centroid,1010,0,0
1011,centroid,1011,0,0
1012,centroid,1012,0,0
1013,centroid,1013,0,0
1014,centroid,1014,0,0
1015,centroid,1015,0,0
1016,centroid,1016,0,0
1017,centroid,1017,0,0
1018,centroid,1018,0,0
1019,centroid,1019,0,0
1020,centroid,1020,0,0
1021,centroid,1021,0,0
1022,centroid,1022,0,0
1023,centroid,1023,0,0
1024,centroid,1024,0,0
1025,centroid,1025,0,0
1026,centroid,1026,0,0
1027,centroid,1027,0,0
1028,centroid,1028,0,0
1029,centroid,1029,0,0
1030,centroid,1030,0,0
1031,centroid,1031,0,0
1032,centroid,1032,0,0
1033,centroid,1033,0,0
1034,centroid,1034,0,0
1035,centroid,1035,0,0
1036,centroid,1036,0,0
1037,centroid,1037,0,0
1038,centroid,1038,0,0
1039,centroid,1039,0,0
1040,centroid,1040,0,0
1041,centroid,1041,0,0
1042,centroid,1042,0,0
1043,centroid,1043,0,0
1044,centroid,1044,0,0
1045,centroid,1045,0,0
1046,centroid,1046,0,0
1047,centroid,1047,0,0
1048,centroid,1048,0,0
1049,centroid,1049,0,0
1050,centroid,1050,0,0
1051,centroid,1051,0,0
1052,centroid,1052,0,0
1053,centroid,1053,0,0
1054,centroid,1054,0,0
1055,centroid,1055,0,0
1056,centroid,1056,0,0
1057,centroid,1057,0,0
1058,centroid,1058,0,0
1059,centroid,1059,0,0
1060,centroid,1060,0,0
1061,centroid,1061,0,0
1062,centroid,1062,0,0
1063,centroid,1063,0,0
1064,centroid,1064,0,0
1065,centroid,1065,0,0
1066,centroid,1066,0,0
1067,centroid,1067,0,0
1068,centroid,1068,0,0
1069,centroid,1069,0,0
1070,centroid,1070,0,0
1071,centroid,1071,0,0
1072,centroid,1072,0,0
1073,centroid,1073,0,0
1074,centroid,1074,0,0
1075,centroid,1075,0,0
1076,centroid,1076,0,0
1077,centroid,1077,0,0
1078,centroid,1078,0,0
1079,centroid,1079,0,0
1080,centroid,1080,0,0
1081,centroid,1081,0,0
1082,centroid,1082,0,0
1083,centroid,1083,0,0
1084,centroid,1084,0,0
1085,centroid,1085,0,0
1086,centroid,1086,0,0
1087,centroid,1087,0,0
1088,centroid,1088,0,0
1089,centroid,1089,0,0
1090,centroid,1090,0,0
1091,centroid,1091,0,0
1092,centroid,1092,0,0
1093,centroid,1093,0,0
1094,centroid,1094,0,0
1095,centroid,1095,0,0
1096,centroid,1096,0,0
1097,centroid,1097,0,0
1098,centroid,1098,0,0
1099,centroid,1099,0,0
1100,centroid,1100,0,0
1101,centroid,1101,0,0
1102,centroid,1102,0,0
1103,centroid,1103,0,0
1104,centroid,1104,0,0
1105,centroid,1105,0,0
1106,centroid,1106,0,0
1107,centroid,1107,0,0
1108,centroid,1108,0,0
1109,centroid,1109,0,0
1110,centroid,1110,0,0
1111,centroid,1111,0,0
1112,centroid,1112,0,0
1113,centroid,1113,0,0
1114,centroid,1114,0,0
1115,centroid,1115,0,0
1116,centroid,1116,0,0
1117,centroid,1117,0,0
1118,centroid,1118,0,0
1119,centroid,1119,0,0
1120,centroid,1120,0,0
1121,centroid,1121,0,0
1122,centroid,1122,0,0
1123,centroid,1123,0,0
1124,centroid,1124,0,0
1125,centroid,1125,0,0
1126,centroid,1126,0,0
1127,centroid,1127,0,0
1128,centroid,1128,0,0
1129,centroid,1129,0,0
1130,centroid,1130,0,0
1131,centroid,1131,0,0
1132,centroid,1132,0,0
1133,centroid,1133,0,0
1134,centroid,1134,0,0
1135,centroid,1135,0,0
1136,centroid,1136,0,0
1137,centroid,1137,0,0
1138,centroid,1138,0,0
1139,centroid,1139,0,0
1140,centroid,1140,0,0
1141,centroid,1141,0,0
1142,centroid,1142,0,0
1143,centroid,1143,0,0
1144,centroid,1144,0,0
1145,centroid,1145,0,0
1146,centroid,1146,0,0
1147,centroid,1147,0,0
1148,centroid,1148,0,0
1149,centroid,1149,0,0
1150,centroid,1150,0,0
1151,centroid,1151,0,0
1152,centroid,1152,0,0
1153,centroid,1153,0,0
1154,centroid,1154,0,0
1155,centroid,1155,0,0
1156,centroid,1156,0,0
1157,centroid,1157,0,0
1158,centroid,1158,0,0
1159,centroid,1159,0,0
1160,centroid,1160,0,0
1161,centroid,1161,0,0
1162,centroid,1162,0,0
1163,centroid,1163,0,0
1164,centroid,1164,0,0
1165,centroid,1165,0,0
1166,centroid,1166,0,0
1167,centroid,1167,0,0
1168,centroid,1168,0,0
1169,centroid,1169,0,0
1170,centroid,1170,0,0
1171,centroid,1171,0,0
1172,centroid,1172,0,0
1173,centroid,1173,0,0
1174,centroid,1174,0,0
1175,centroid,1175,0,0
1176,centroid,1176,0,0
1177,centroid,1177,0,0
1178,centroid,1178,0,0
1179,centroid,1179,0,0
1180,centroid,1180,0,0
1181,centroid,1181,0,0
1182,centroid,1182,0,0
1183,centroid,1183,0,0
1184,centroid,1184,0,0
1185,centroid,1185,0,0
1186,centroid,1186,0,0
1187,centroid,1187,0,0
1188,centroid,1188,0,0
1189,centroid,1189,0,0
1190,centroid,1190,0,0
1191,centroid,1191,0,0
1192,centroid,1192,0,0
1193,centroid,1193,0,0
1194,centroid,1194,0,0
1195,centroid,1195,0,0
1196,centroid,1196,0,0
1197,centroid,1197,0,0
1198,centroid,1198,0,0
1199,centroid,1199,0,0
1200,centroid,1200,0,0
1201,centroid,1201,0,0
1202,centroid,1202,0,0
1203,centroid,1203,0,0
1204,centroid,1204,0,0
1205,centroid,1205,0,0
1206,centroid,1206,0,0
1207,centroid,1207,0,0
1208,centroid,1208,0,0
1209,centroid,1209,0,0
1210,centroid,1210,0,0
1211,centroid,1211,0,0
1212,centroid,1212,0,0
1213,centroid,1213,0,0
1214,centroid,1214,0,0
1215,centroid,1215,0,0
1216,centroid,1216,0,0
1217,centroid,1217,0,0
1218,centroid,1218,0,0
1219,centroid,1219,0,0
1220,centroid,1220,0,0
1221,centroid,1221,0,0
1222,centroid,1222,0,0
1223,centroid,1223,0,0
1224,centroid,1224,0,0
1225,centroid,1225,0,0
1226,centroid,1226,0,0
1227,centroid,1227,0,0
1228,centroid,1228,0,0
1229,centroid,1229,0,0
1230,centroid,1230,0,0
1231,centroid,1231,0,0
1232,centroid,1232,0,0
1233,centroid,1233,0,0
1234,centroid,1234,0,0
1235,centroid,1235,0,0
1236,centroid,1236,0,0
1237,centroid,1237,0,0
1238,centroid,1238,0,0
1239,centroid,1239,0,0
1240,centroid,1240,0,0
1241,centroid,1241,0,0
1242,centroid,1242,0,0
1243,centroid,1243,0,0
1244,centroid,1244,0,0
1245,centroid,1245,0,0
1246,centroid,1246,0,0
1247,centroid,1247,0,0
1248,centroid,1248,0,0
1249,centroid,1249,0,0
1250,centroid,1250,0,0
1251,centroid,1251,0,0
1252,centroid,1252,0,0
1253,centroid,1253,0,0
1254,centroid,1254,0,0
1255,centroid,1255,0,0
1256,centroid,1256,0,0
1257,centroid,1257,0,0
1258,centroid,1258,0,0
1259,centroid,1259,0,0
1260,centroid,1260,0,0
1261,centroid,1261,0,0
1262,centroid,1262,0,0
1263,centroid,1263,0,0
1264,centroid,1264,0,0
1265,centroid,1265,0,0
1266,centroid,1266,0,0
1267,centroid,1267,0,0
1268,centroid,1268,0,0
1269,centroid,1269,0,0
1270,centroid,1270,0,0
1271,centroid,1271,0,0
1272,centroid,1272,0,0
1273,centroid,1273,0,0
1274,centroid,1274,0,0
1275,centroid,1275,0,0
1276,centroid,1276,0,0
1277,centroid,1277,0,0
1278,centroid,1278,0,0
1279,centroid,1279,0,0
1280,centroid,1280,0,0
1281,centroid,1281,0,0
1282,centroid,1282,0,0
1283,centroid,1283,0,0
1284,centroid,1284,0,0
1285,centroid,1285,0,0
1286,centroid,1286,0,0
1287,centroid,1287,0,0
1288,centroid,1288,0,0
1289,centroid,1289,0,0
1290,centroid,1290,0,0
1291,centroid,1291,0,0
1292,centroid,1292,0,0
1293,centroid,1293,0,0
1294,centroid,1294,0,0
1295,centroid,1295,0,0
1296,centroid,1296,0,0
1297,centroid,1297,0,0
1298,centroid,1298,0,0
1299,centroid,1299,0,0
1300,centroid,1300,0,0
1301,centroid,1301,0,0
1302,centroid,1302,0,0
1303,centroid,1303,0,0
1304,centroid,1304,0,0
1305,centroid,1305,0,0
1306,centroid,1306,0,0
1307,centroid,1307,0,0
1308,centroid,1308,0,0
1309,centroid,1309,0,0
1310,centroid,1310,0,0
1311,centroid,1311,0,0
1312,centroid,1312,0,0
1313,centroid,1313,0,0
1314,centroid,1314,0,0
1315,centroid,1315,0,0
1316,centroid,1316,0,0
1317,centroid,1317,0,0
1318,centroid,1318,0,0
1319,centroid,1319,0,0
1320,centroid,1320,0,0
1321,centroid,1321,0,0
1322,centroid,1322,0,0
1323,centroid,1323,0,0
1324,centroid,1324,0,0
1325,centroid,1325,0,0
1326,centroid,1326,0,0
1327,centroid,1327,0,0
1328,centroid,1328,0,0
1329,centroid,1329,0,0
1330,centroid,1330,0,0
1331,centroid,1331,0,0
1332,centroid,1332,0,0
1333,centroid,1333,0,0
1334,centroid,1334,0,0
1335,centroid,1335,0,0
1336,centroid,1336,0,0
1337,centroid,1337,0,0
1338,centroid,1338,0,0
1339,centroid,1339,0,0
1340,centroid,1340,0,0
1341,centroid,1341,0,0
1342,centroid,1342,0,0
1343,centroid,1343,0,0
1344,centroid,1344,0,0
1345,centroid,1345,0,0
1346,centroid,1346,0,0
1347,centroid,1347,0,0
1348,centroid,1348,0,0
1349,centroid,1349,0,0
1350,centroid,1350,0,0
1351,centroid,1351,0,0
1352,centroid,1352,0,0
1353,centroid,1353,0,0
1354,centroid,1354,0,0
1355,centroid,1355,0,0
1356,centroid,1356,0,0
1357,centroid,1357,0,0
1358,centroid,1358,0,0
1359,centroid,1359,0,0
1360,centroid,1360,0,0
1361,centroid,1361,0,0
1362,centroid,1362,0,0
1363,centroid,1363,0,0
1364,centroid,1364,0,0
1365,centroid,1365,0,0
1366,centroid,1366,0,0
1367,centroid,1367,0,0
1368,centroid,1368,0,0
1369,centroid,1369,0,0
1370,centroid,1370,0,0
1371,centroid,1371,0,0
1372,centroid,1372,0,0
1373,centroid,1373,0,0
1374,centroid,1374,0,0
1375,centroid,1375,0,0
1376,centroid,1376,0,0
1377,centroid,1377,0,0
1378,centroid,1378,0,0
1379,centroid,1379,0,0
1380,centroid,1380,0,0
1381,centroid,1381,0,0
1382,centroid,1382,0,0
1383,centroid,1383,0,0
1384,centroid,1384,0,0
1385,centroid,1385,0,0
1386,centroid,1386,0,0
1387,centroid,1387,0,0
1388,centroid,1388,0,0
1389,centroid,1389,0,0
1390,centroid,1390,0,0
1391,centroid,1391,0,0
1392,centroid,1392,0,0
1393,centroid,1393,0,0
1394,centroid,1394,0,0
1395,centroid,1395,0,0
1396,centroid,1396,0,0
1397,centroid,1397,0,0
1398,centroid,1398,0,0
1399,centroid,1399,0,0
1400,centroid,1400,0,0
1401,centroid,1401,0,0
1402,centroid,1402,0,0
1403,centroid,1403,0,0
1404,centroid,1404,0,0
1405,centroid,1405,0,0
1406,centroid,1406,0,0
1407,centroid,1407,0,0
1408,centroid,1408,0,0
1409,centroid,1409,0,0
1410,centroid,1410,0,0
1411,centroid,1411,0,0
1412,centroid,1412,0,0
1413,centroid,1413,0,0
1414,centroid,1414,0,0
1415,centroid,1415,0,0
1416,centroid,1416,0,0
1417,centroid,1417,0,0
1418,centroid,1418,0,0
1419,centroid,1419,0,0
1420,centroid,1420,0,0
1421,centroid,1421,0,0
1422,centroid,1422,0,0
1423,centroid,1423,0,0
1424,centroid,1424,0,0
1425,centroid,1425,0,0
1426,centroid,1426,0,0
1427,centroid,1427,0,0
1428,centroid,1428,0,0
1429,centroid,1429,0,0
1430,centroid,1430,0,0
1431,centroid,1431,0,0
1432,centroid,1432,0,0
1433,centroid,1433,0,0
1434,centroid,1434,0,0
1435,centroid,1435,0,0
1436,centroid,1436,0,0
1437,centroid,1437,0,0
1438,centroid,1438,0,0
1439,centroid,1439,0,0
1440,centroid,1440,0,0
1441,centroid,1441,0,0
1442,centroid,1442,0,0
1443,centroid,1443,0,0
1444,centroid,1444,0,0
1445,centroid,1445,0,0
1446,centroid,1446,0,0
1447,centroid,1447,0,0
1448,centroid,1448,0,0
1449,centroid,1449,0,0
1450,centroid,1450,0,0
1451,centroid,1451,0,0
1452,centroid,1452,0,0
1453,centroid,1453,0,0
1454,centroid,1454,0,0
1455,centroid,1455,0,0
1456,centroid,1456,0,0
1457,centroid,1457,0,0
1458,centroid,1458,0,0
1459,centroid,1459,0,0
1460,centroid,1460,0,0
1461,centroid,1461,0,0
1462,centroid,1462,0,0
1463,centroid,1463,0,0
1464,centroid,1464,0,0
1465,centroid,1465,0,0
1466,centroid,1466,0,0
1467,centroid,1467,0,0
1468,centroid,1468,0,0
1469,centroid,1469,0,0
1470,centroid,1470,0,0
1471,centroid,1471,0,0
1472,centroid,1472,0,0
1473,centroid,1473,0,0
1474,centroid,1474,0,0
1475,centroid,1475,0,0
1476,centroid,1476,0,0
1477,centroid,1477,0,0
1478,centroid,1478,0,0
1479,centroid,1479,0,0
1480,centroid,1480,0,0
1481,centroid,1481,0,0
1482,centroid,1482,0,0
1483,centroid,1483,0,0
1484,centroid,1484,0,0
1485,centroid,1485,0,0
1486,centroid,1486,0,0
1487,centroid,1487,0,0
1488,centroid,1488,0,0
1489,centroid,1489,0,0
1490,centroid,1490,0,0
1491,centroid,1491,0,0
1492,centroid,1492,0,0
1493,centroid,1493,0,0
1494,centroid,1494,0,0
1495,centroid,1495,0,0
1496,centroid,1496,0,0
1497,centroid,1497,0,0
1498,centroid,1498,0,0
1499,centroid,1499,0,0
1500,centroid,1500,0,0
1501,centroid,1501,0,0
1502,centroid,1502,0,0
1503,centroid,1503,0,0
1504,centroid,1504,0,0
1505,centroid,1505,0,0
1506,centroid,1506,0,0
1507,centroid,1507,0,0
1508,centroid,1508,0,0
1509,centroid,1509,0,0
1510,centroid,1510,0,0
1511,centroid,1511,0,0
1512,centroid,1512,0,0
1513,centroid,1513,0,0
1514,centroid,1514,0,0
1515,centroid,1515,0,0
1516,centroid,1516,0,0
1517,centroid,1517,0,0
1518,centroid,1518,0,0
1519,centroid,1519,0,0
1520,centroid,1520,0,0
1521,centroid,1521,0,0
1522,centroid,1522,0,0
1523,centroid,1523,0,0
1524,centroid,1524,0,0
1525,centroid,1525,0,0
1526,intersection,,0,0
1527,intersection,,0,0
1528,intersection,,0,0
1529,intersection,,0,0
1530,intersection,,0,0
1531,intersection,,0,0
1532,intersection,,0,0
1533,intersection,,0,0
1534,intersection,,0,0
1535,intersection,,0,0
1536,intersection,,0,0
1537,intersection,,0,0
1538,intersection,,0,0
1539,intersection,,0,0
1540,intersection,,0,0
1541,intersection,,0,0
1542,intersection,,0,0
1543,intersection,,0,0
1544,intersection,,0,0
1545,intersection,,0,0
1546,intersection,,0,0
1547,intersection,,0,0
1548,intersection,,0,0
1549,intersection,,0,0
1550,intersection,,0,0
1551,intersection,,0,0
1552,intersection,,0,0
1553,intersection,,0,0
1554,intersection,,0,0
1555,intersection,,0,0
1556,intersection,,0,0
1557,intersection,,0,0
1558,intersection,,0,0
1559,intersection,,0,0
1560,intersection,,0,0
1561,intersection,,0,0
1562,intersection,,0,0
1563,intersection,,0,0
1564,intersection,,0,0
1565,intersection,,0,0
1566,intersection,,0,0
1567,intersection,,0,0
1568,intersection,,0,0
1569,intersection,,0,0
1570,intersection,,0,0
1571,intersection,,0,0
1572,intersection,,0,0
1573,intersection,,0,0
1574,intersection,,0,0
1575,intersection,,0,0
1576,intersection,,0,0
1577,intersection,,0,0
1578,intersection,,0,0
1579,intersection,,0,0
1580,intersection,,0,0
1581,intersection,,0,0
1582,intersection,,0,0
1583,intersection,,0,0
1584,intersection,,0,0
1585,intersection,,0,0
1586,intersection,,0,0
1587,intersection,,0,0
1588,intersection,,0,0
1589,intersection,,0,0
1590,intersection,,0,0
1591,intersection,,0,0
1592,intersection,,0,0
1593,intersection,,0,0
1594,intersection,,0,0
1595,intersection,,0,0
1596,intersection,,0,0
1597,intersection,,0,0
1598,intersection,,0,0
1599,intersection,,0,0
1600,intersection,,0,0
1601,intersection,,0,0
1602,intersection,,0,0
1603,intersection,,0,0
1604,intersection,,0,0
1605,intersection,,0,0
1606,intersection,,0,0
1607,intersection,,0,0
1608,intersection,,0,0
1609,intersection,,0,0
1610,intersection,,0,0
1611,intersection,,0,0
1612,intersection,,0,0
1613,intersection,,0,0
1614,intersection,,0,0
1615,intersection,,0,0
1616,intersection,,0,0
1617,intersection,,0,0
1618,intersection,,0,0
1619,intersection,,0,0
1620,intersection,,0,0
1621,intersection,,0,0
1622,intersection,,0,0
1623,intersection,,0,0
1624,intersection,,0,0
1625,intersection,,0,0
1626,intersection,,0,0
1627,intersection,,0,0
1628,intersection,,0,0
1629,intersection,,0,0
1630,intersection,,0,0
1631,intersection,,0,0
1632,intersection,,0,0
1633,intersection,,0,0
1634,intersection,,0,0
1635,intersection,,0,0
1636,intersection,,0,0
1637,intersection,,0,0
1638,intersection,,0,0
1639,intersection,,0,0
1640,intersection,,0,0
1641,intersection,,0,0
1642,intersection,,0,0
1643,intersection,,0,0
1644,intersection,,0,0
1645,intersection,,0,0
1646,intersection,,0,0
1647,intersection,,0,0
1648,intersection,,0,0
1649,intersection,,0,0
1650,intersection,,0,0
1651,intersection,,0,0
1652,intersection,,0,0
1653,intersection,,0,0
1654,intersection,,0,0
1655,intersection,,0,0
1656,intersection,,0,0
1657,intersection,,0,0
1658,intersection,,0,0
1659,intersection,,0,0
1660,intersection,,0,0
1661,intersection,,0,0
1662,intersection,,0,0
1663,intersection,,0,0
1664,intersection,,0,0
1665,intersection,,0,0
1666,intersection,,0,0
1667,intersection,,0,0
1668,intersection,,0,0
1669,intersection,,0,0
1670,intersection,,0,0
1671,intersection,,0,0
1672,intersection,,0,0
1673,intersection,,0,0
1674,intersection,,0,0
1675,intersection,,0,0
1676,intersection,,0,0
1677,intersection,,0,0
1678,intersection,,0,0
1679,intersection,,0,0
1680,intersection,,0,0
1681,intersection,,0,0
1682,intersection,,0,0
1683,intersection,,0,0
1684,intersection,,0,0
1685,intersection,,0,0
1686,intersection,,0,0
1687,intersection,,0,0
1688,intersection,,0,0
1689,intersection,,0,0
1690,intersection,,0,0
1691,intersection,,0,0
1692,intersection,,0,0
1693,intersection,,0,0
1694,intersection,,0,0
1695,intersection,,0,0
1696,intersection,,0,0
1697,intersection,,0,0
1698,intersection,,0,0
1699,intersection,,0,0
1700,intersection,,0,0
1701,intersection,,0,0
1702,intersection,,0,0
1703,intersection,,0,0
1704,intersection,,0,0
1705,intersection,,0,0
1706,intersection,,0,0
1707,intersection,,0,0
1708,intersection,,0,0
1709,intersection,,0,0
1710,intersection,,0,0
1711,intersection,,0,0
1712,intersection,,0,0
1713,intersection,,0,0
1714,intersection,,0,0
1715,intersection,,0,0
1716,intersection,,0,0
1717,intersection,,0,0
1718,intersection,,0,0
1719,intersection,,0,0
1720,intersection,,0,0
1721,intersection,,0,0
1722,intersection,,0,0
1723,intersection,,0,0
1724,intersection,,0,0
1725,intersection,,0,0
1726,intersection,,0,0
1727,intersection,,0,0
1728,intersection,,0,0
1729,intersection,,0,0
1730,intersection,,0,0
1731,intersection,,0,0
1732,intersection,,0,0
1733,intersection,,0,0
1734,intersection,,0,0
1735,intersection,,0,0
1736,intersection,,0,0
1737,intersection,,0,0
1738,intersection,,0,0
1739,intersection,,0,0
1740,intersection,,0,0
1741,intersection,,0,0
1742,intersection,,0,0
1743,intersection,,0,0
1744,intersection,,0,0
1745,intersection,,0,0
1746,intersection,,0,0
1747,intersection,,0,0
1748,intersection,,0,0
1749,intersection,,0,0
1750,intersection,,0,0
1751,intersection,,0,0
1752,intersection,,0,0
1753,intersection,,0,0
1754,intersection,,0,0
1755,intersection,,0,0
1756,intersection,,0,0
1757,intersection,,0,0
1758,intersection,,0,0
1759,intersection,,0,0
1760,intersection,,0,0
1761,intersection,,0,0
1762,intersection,,0,0
1763,intersection,,0,0
1764,intersection,,0,0
1765,intersection,,0,0
1766,intersection,,0,0
1767,intersection,,0,0
1768,intersection,,0,0
1769,intersection,,0,0
1770,intersection,,0,0
1771,intersection,,0,0
1772,intersection,,0,0
1773,intersection,,0,0
1774,intersection,,0,0
1775,intersection,,0,0
1776,intersection,,0,0
1777,intersection,,0,0
1778,intersection,,0,0
1779,intersection,,0,0
1780,intersection,,0,0
1781,intersection,,0,0
1782,intersection,,0,0
1783,intersection,,0,0
1784,intersection,,0,0
1785,intersection,,0,0
1786,intersection,,0,0
1787,intersection,,0,0
1788,intersection,,0,0
1789,intersection,,0,0
1790,intersection,,0,0
1791,intersection,,0,0
1792,intersection,,0,0
1793,intersection,,0,0
1794,intersection,,0,0
1795,intersection,,0,0
1796,intersection,,0,0
1797,intersection,,0,0
1798,intersection,,0,0
1799,intersection,,0,0
1800,intersection,,0,0
1801,intersection,,0,0
1802,intersection,,0,0
1803,intersection,,0,0
1804,intersection,,0,0
1805,intersection,,0,0
1806,intersection,,0,0
1807,intersection,,0,0
1808,intersection,,0,0
1809,intersection,,0,0
1810,intersection,,0,0
1811,intersection,,0,0
1812,intersection,,0,0
1813,intersection,,0,0
1814,intersection,,0,0
1815,intersection,,0,0
1816,intersection,,0,0
1817,intersection,,0,0
1818,intersection,,0,0
1819,intersection,,0,0
1820,intersection,,0,0
1821,intersection,,0,0
1822,intersection,,0,0
1823,intersection,,0,0
1824,intersection,,0,0
1825,intersection,,0,0
1826,intersection,,0,0
1827,intersection,,0,0
1828,intersection,,0,0
1829,intersection,,0,0
1830,intersection,,0,0
1831,intersection,,0,0
1832,intersection,,0,0
1833,intersection,,0,0
1834,intersection,,0,0
1835,intersection,,0,0
1836,intersection,,0,0
1837,intersection,,0,0
1838,intersection,,0,0
1839,intersection,,0,0
1840,intersection,,0,0
1841,intersection,,0,0
1842,intersection,,0,0
1843,intersection,,0,0
1844,intersection,,0,0
1845,intersection,,0,0
1846,intersection,,0,0
1847,intersection,,0,0
1848,intersection,,0,0
1849,intersection,,0,0
1850,intersection,,0,0
1851,intersection,,0,0
1852,intersection,,0,0
1853,intersection,,0,0
1854,intersection,,0,0
1855,intersection,,0,0
1856,intersection,,0,0
1857,intersection,,0,0
1858,intersection,,0,0
1859,intersection,,0,0
1860,intersection,,0,0
1861,intersection,,0,0
1862,intersection,,0,0
1863,intersection,,0,0
1864,intersection,,0,0
1865,intersection,,0,0
1866,intersection,,0,0
1867,intersection,,0,0
1868,intersection,,0,0
1869,intersection,,0,0
1870,intersection,,0,0
1871,intersection,,0,0
1872,intersection,,0,0
1873,intersection,,0,0
1874,intersection,,0,0
1875,intersection,,0,0
1876,intersection,,0,0
1877,intersection,,0,0
1878,intersection,,0,0
1879,intersection,,0,0
1880,intersection,,0,0
1881,intersection,,0,0
1882,intersection,,0,0
1883,intersection,,0,0
1884,intersection,,0,0
1885,intersection,,0,0
1886,intersection,,0,0
1887,intersection,,0,0
1888,intersection,,0,0
1889,intersection,,0,0
1890,intersection,,0,0
1891,intersection,,0,0
1892,intersection,,0,0
1893,intersection,,0,0
1894,intersection,,0,0
1895,intersection,,0,0
1896,intersection,,0,0
1897,intersection,,0,0
1898,intersection,,0,0
1899,intersection,,0,0
1900,intersection,,0,0
1901,intersection,,0,0
1902,intersection,,0,0
1903,intersection,,0,0
1904,intersection,,0,0
1905,intersection,,0,0
1906,intersection,,0,0
1907,intersection,,0,0
1908,intersection,,0,0
1909,intersection,,0,0
1910,intersection,,0,0
1911,intersection,,0,0
1912,intersection,,0,0
1913,intersection,,0,0
1914,intersection,,0,0
1915,intersection,,0,0
1916,intersection,,0,0
1917,intersection,,0,0
1918,intersection,,0,0
1919,intersection,,0,0
1920,intersection,,0,0
1921,intersection,,0,0
1922,intersection,,0,0
1923,intersection,,0,0
1924,intersection,,0,0
1925,intersection,,0,0
1926,intersection,,0,0
1927,intersection,,0,0
1928,intersection,,0,0
1929,intersection,,0,0
1930,intersection,,0,0
1931,intersection,,0,0
1932,intersection,,0,0
1933,intersection,,0,0
1934,intersection,,0,0
1935,intersection,,0,0
1936,intersection,,0,0
1937,intersection,,0,0
1938,intersection,,0,0
1939,intersection,,0,0
1940,intersection,,0,0
1941,intersection,,0,0
1942,intersection,,0,0
1943,intersection,,0,0
1944,intersection,,0,0
1945,intersection,,0,0
1946,intersection,,0,0
1947,intersection,,0,0
1948,intersection,,0,0
1949,intersection,,0,0
1950,intersection,,0,0
1951,intersection,,0,0
1952,intersection,,0,0
1953,intersection,,0,0
1954,intersection,,0,0
1955,intersection,,0,0
1956,intersection,,0,0
1957,intersection,,0,0
1958,intersection,,0,0
1959,intersection,,0,0
1960,intersection,,0,0
1961,intersection,,0,0
1962,intersection,,0,0
1963,intersection,,0,0
1964,intersection,,0,0
1965,intersection,,0,0
1966,intersection,,0,0
1967,intersection,,0,0
1968,intersection,,0,0
1969,intersection,,0,0
1970,intersection,,0,0
1971,intersection,,0,0
1972,intersection,,0,0
1973,intersection,,0,0
1974,intersection,,0,0
1975,intersection,,0,0
1976,intersection,,0,0
1977,intersection,,0,0
1978,intersection,,0,0
1979,intersection,,0,0
1980,intersection,,0,0
1981,intersection,,0,0
1982,intersection,,0,0
1983,intersection,,0,0
1984,intersection,,0,0
1985,intersection,,0,0
1986,intersection,,0,0
1987,intersection,,0,0
1988,intersection,,0,0
1989,intersection,,0,0
1990,intersection,,0,0
1991,intersection,,0,0
1992,intersection,,0,0
1993,intersection,,0,0
1994,intersection,,0,0
1995,intersection,,0,0
1996,intersection,,0,0
1997,intersection,,0,0
1998,intersection,,0,0
1999,intersection,,0,0
2000,intersection,,0,0
2001,intersection,,0,0
2002,intersection,,0,0
2003,intersection,,0,0
2004,intersection,,0,0
2005,intersection,,0,0
2006,intersection,,0,0
2007,intersection,,0,0
2008,intersection,,0,0
2009,intersection,,0,0
2010,intersection,,0,0
2011,intersection,,0,0
2012,intersection,,0,0
2013,intersection,,0,0
2014,intersection,,0,0
2015,intersection,,0,0
2016,intersection,,0,0
2017,intersection,,0,0
2018,intersection,,0,0
2019,intersection,,0,0
2020,intersection,,0,0
2021,intersection,,0,0
2022,intersection,,0,0
2023,intersection,,0,0
2024,intersection,,0,0
2025,intersection,,0,0
2026,intersection,,0,0
2027,intersection,,0,0
2028,intersection,,0,0
2029,intersection,,0,0
2030,intersection,,0,0
2031,intersection,,0,0
2032,intersection,,0,0
2033,intersection,,0,0
2034,intersection,,0,0
2035,intersection,,0,0
2036,intersection,,0,0
2037,intersection,,0,0
2038,intersection,,0,0
2039,intersection,,0,0
2040,intersection,,0,0
2041,intersection,,0,0
2042,intersection,,0,0
2043,intersection,,0,0
2044,intersection,,0,0
2045,intersection,,0,0
2046,intersection,,0,0
2047,intersection,,0,0
2048,intersection,,0,0
2049,intersection,,0,0
2050,intersection,,0,0
2051,intersection,,0,0
2052,intersection,,0,0
2053,intersection,,0,0
2054,intersection,,0,0
2055,intersection,,0,0
2056,intersection,,0,0
2057,intersection,,0,0
2058,intersection,,0,0
2059,intersection,,0,0
2060,intersection,,0,0
2061,intersection,,0,0
2062,intersection,,0,0
2063,intersection,,0,0
2064,intersection,,0,0
2065,intersection,,0,0
2066,intersection,,0,0
2067,intersection,,0,0
2068,intersection,,0,0
2069,intersection,,0,0
2070,intersection,,0,0
2071,intersection,,0,0
2072,intersection,,0,0
2073,intersection,,0,0
2074,intersection,,0,0
2075,intersection,,0,0
2076,intersection,,0,0
2077,intersection,,0,0
2078,intersection,,0,0
2079,intersection,,0,0
2080,intersection,,0,0
2081,intersection,,0,0
2082,intersection,,0,0
2083,intersection,,0,0
2084,intersection,,0,0
2085,intersection,,0,0
2086,intersection,,0,0
2087,intersection,,0,0
2088,intersection,,0,0
2089,intersection,,0,0
2090,intersection,,0,0
2091,intersection,,0,0
2092,intersection,,0,0
2093,intersection,,0,0
2094,intersection,,0,0
2095,intersection,,0,0
2096,intersection,,0,0
2097,intersection,,0,0
2098,intersection,,0,0
2099,intersection,,0,0
2100,intersection,,0,0
2101,intersection,,0,0
2102,intersection,,0,0
2103,intersection,,0,0
2104,intersection,,0,0
2105,intersection,,0,0
2106,intersection,,0,0
2107,intersection,,0,0
2108,intersection,,0,0
2109,intersection,,0,0
2110,intersection,,0,0
2111,intersection,,0,0
2112,intersection,,0,0
2113,intersection,,0,0
2114,intersection,,0,0
2115,intersection,,0,0
2116,intersection,,0,0
2117,intersection,,0,0
2118,intersection,,0,0
2119,intersection,,0,0
2120,intersection,,0,0
2121,intersection,,0,0
2122,intersection,,0,0
2123,intersection,,0,0
2124,intersection,,0,0
2125,intersection,,0,0
2126,intersection,,0,0
2127,intersection,,0,0
2128,intersection,,0,0
2129,intersection,,0,0
2130,intersection,,0,0
2131,intersection,,0,0
2132,intersection,,0,0
2133,intersection,,0,0
2134,intersection,,0,0
2135,intersection,,0,0
2136,intersection,,0,0
2137,intersection,,0,0
2138,intersection,,0,0
2139,intersection,,0,0
2140,intersection,,0,0
2141,intersection,,0,0
2142,intersection,,0,0
2143,intersection,,0,0
2144,intersection,,0,0
2145,intersection,,0,0
2146,intersection,,0,0
2147,intersection,,0,0
2148,intersection,,0,0
2149,intersection,,0,0
2150,intersection,,0,0
2151,intersection,,0,0
2152,intersection,,0,0
2153,intersection,,0,0
2154,intersection,,0,0
2155,intersection,,0,0
2156,intersection,,0,0
2157,intersection,,0,0
2158,intersection,,0,0
2159,intersection,,0,0
2160,intersection,,0,0
2161,intersection,,0,0
2162,intersection,,0,0
2163,intersection,,0,0
2164,intersection,,0,0
2165,intersection,,0,0
2166,intersection,,0,0
2167,intersection,,0,0
2168,intersection,,0,0
2169,intersection,,0,0
2170,intersection,,0,0
2171,intersection,,0,0
2172,intersection,,0,0
2173,intersection,,0,0
2174,intersection,,0,0
2175,intersection,,0,0
2176,intersection,,0,0
2177,intersection,,0,0
2178,intersection,,0,0
2179,intersection,,0,0
2180,intersection,,0,0
2181,intersection,,0,0
2182,intersection,,0,0
2183,intersection,,0,0
2184,intersection,,0,0
2185,intersection,,0,0
2186,intersection,,0,0
2187,intersection,,0,0
2188,intersection,,0,0
2189,intersection,,0,0
2190,intersection,,0,0
2191,intersection,,0,0
2192,intersection,,0,0
2193,intersection,,0,0
2194,intersection,,0,0
2195,intersection,,0,0
2196,intersection,,0,0
2197,intersection,,0,0
2198,intersection,,0,0
2199,intersection,,0,0
2200,intersection,,0,0
2201,intersection,,0,0
2202,intersection,,0,0
2203,intersection,,0,0
2204,intersection,,0,0
2205,intersection,,0,0
2206,intersection,,0,0
2207,intersection,,0,0
2208,intersection,,0,0
2209,intersection,,0,0
2210,intersection,,0,0
2211,intersection,,0,0
2212,intersection,,0,0
2213,intersection,,0,0
2214,intersection,,0,0
2215,intersection,,0,0
2216,intersection,,0,0
2217,intersection,,0,0
2218,intersection,,0,0
2219,intersection,,0,0
2220,intersection,,0,0
2221,intersection,,0,0
2222,intersection,,0,0
2223,intersection,,0,0
2224,intersection,,0,0
2225,intersection,,0,0
2226,intersection,,0,0
2227,intersection,,0,0
2228,intersection,,0,0
2229,intersection,,0,0
2230,intersection,,0,0
2231,intersection,,0,0
2232,intersection,,0,0
2233,intersection,,0,0
2234,intersection,,0,0
2235,intersection,,0,0
2236,intersection,,0,0
2237,intersection,,0,0
2238,intersection,,0,0
2239,intersection,,0,0
2240,intersection,,0,0
2241,intersection,,0,0
2242,intersection,,0,0
2243,intersection,,0,0
2244,intersection,,0,0
2245,intersection,,0,0
2246,intersection,,0,0
2247,intersection,,0,0
2248,intersection,,0,0
2249,intersection,,0,0
2250,intersection,,0,0
2251,intersection,,0,0
2252,intersection,,0,0
2253,intersection,,0,0
2254,intersection,,0,0
2255,intersection,,0,0
2256,intersection,,0,0
2257,intersection,,0,0
2258,intersection,,0,0
2259,intersection,,0,0
2260,intersection,,0,0
2261,intersection,,0,0
2262,intersection,,0,0
2263,intersection,,0,0
2264,intersection,,0,0
2265,intersection,,0,0
2266,intersection,,0,0
2267,intersection,,0,0
2268,intersection,,0,0
2269,intersection,,0,0
2270,intersection,,0,0
2271,intersection,,0,0
2272,intersection,,0,0
2273,intersection,,0,0
2274,intersection,,0,0
2275,intersection,,0,0
2276,intersection,,0,0
2277,intersection,,0,0
2278,intersection,,0,0
2279,intersection,,0,0
2280,intersection,,0,0
2281,intersection,,0,0
2282,intersection,,0,0
2283,intersection,,0,0
2284,intersection,,0,0
2285,intersection,,0,0
2286,intersection,,0,0
2287,intersection,,0,0
2288,intersection,,0,0
2289,intersection,,0,0
2290,intersection,,0,0
2291,intersection,,0,0
2292,intersection,,0,0
2293,intersection,,0,0
2294,intersection,,0,0
2295,intersection,,0,0
2296,intersection,,0,0
2297,intersection,,0,0
2298,intersection,,0,0
2299,intersection,,0,0
2300,intersection,,0,0
2301,intersection,,0,0
2302,intersection,,0,0
2303,intersection,,0,0
2304,intersection,,0,0
2305,intersection,,0,0
2306,intersection,,0,0
2307,intersection,,0,0
2308,intersection,,0,0
2309,intersection,,0,0
2310,intersection,,0,0
2311,intersection,,0,0
2312,intersection,,0,0
2313,intersection,,0,0
2314,intersection,,0,0
2315,intersection,,0,0
2316,intersection,,0,0
2317,intersection,,0,0
2318,intersection,,0,0
2319,intersection,,0,0
2320,intersection,,0,0
2321,intersection,,0,0
2322,intersection,,0,0
2323,intersection,,0,0
2324,intersection,,0,0
2325,intersection,,0,0
2326,intersection,,0,0
2327,intersection,,0,0
2328,intersection,,0,0
2329,intersection,,0,0
2330,intersection,,0,0
2331,intersection,,0,0
2332,intersection,,0,0
2333,intersection,,0,0
2334,intersection,,0,0
2335,intersection,,0,0
2336,intersection,,0,0
2337,intersection,,0,0
2338,intersection,,0,0
2339,intersection,,0,0
2340,intersection,,0,0
2341,intersection,,0,0
2342,intersection,,0,0
2343,intersection,,0,0
2344,intersection,,0,0
2345,intersection,,0,0
2346,intersection,,0,0
2347,intersection,,0,0
2348,intersection,,0,0
2349,intersection,,0,0
2350,intersection,,0,0
2351,intersection,,0,0
2352,intersection,,0,0
2353,intersection,,0,0
2354,intersection,,0,0
2355,intersection,,0,0
2356,intersection,,0,0
2357,intersection,,0,0
2358,intersection,,0,0
2359,intersection,,0,0
2360,intersection,,0,0
2361,intersection,,0,0
2362,intersection,,0,0
2363,intersection,,0,0
2364,intersection,,0,0
2365,intersection,,0,0
2366,intersection,,0,0
2367,intersection,,0,0
2368,intersection,,0,0
2369,intersection,,0,0
2370,intersection,,0,0
2371,intersection,,0,0
2372,intersection,,0,0
2373,intersection,,0,0
2374,intersection,,0,0
2375,intersection,,0,0
2376,intersection,,0,0
2377,intersection,,0,0
2378,intersection,,0,0
2379,intersection,,0,0
2380,intersection,,0,0
2381,intersection,,0,0
2382,intersection,,0,0
2383,intersection,,0,0
2384,intersection,,0,0
2385,intersection,,0,0
2386,intersection,,0,0
2387,intersection,,0,0
2388,intersection,,0,0
2389,intersection,,0,0
2390,intersection,,0,0
2391,intersection,,0,0
2392,intersection,,0,0
2393,intersection,,0,0
2394,intersection,,0,0
2395,intersection,,0,0
2396,intersection,,0,0
2397,intersection,,0,0
2398,intersection,,0,0
2399,intersection,,0,0
2400,intersection,,0,0
2401,intersection,,0,0
2402,intersection,,0,0
2403,intersection,,0,0
2404,intersection,,0,0
2405,intersection,,0,0
2406,intersection,,0,0
2407,intersection,,0,0
2408,intersection,,0,0
2409,intersection,,0,0
2410,intersection,,0,0
2411,intersection,,0,0
2412,intersection,,0,0
2413,intersection,,0,0
2414,intersection,,0,0
2415,intersection,,0,0
2416,intersection,,0,0
2417,intersection,,0,0
2418,intersection,,0,0
2419,intersection,,0,0
2420,intersection,,0,0
2421,intersection,,0,0
2422,intersection,,0,0
2423,intersection,,0,0
2424,intersection,,0,0
2425,intersection,,0,0
2426,intersection,,0,0
2427,intersection,,0,0
2428,intersection,,0,0
2429,intersection,,0,0
2430,intersection,,0,0
2431,intersection,,0,0
2432,intersection,,0,0
2433,intersection,,0,0
2434,intersection,,0,0
2435,intersection,,0,0
2436,intersection,,0,0
2437,intersection,,0,0
2438,intersection,,0,0
2439,intersection,,0,0
2440,intersection,,0,0
2441,intersection,,0,0
2442,intersection,,0,0
2443,intersection,,0,0
2444,intersection,,0,0
2445,intersection,,0,0
2446,intersection,,0,0
2447,intersection,,0,0
2448,intersection,,0,0
2449,intersection,,0,0
2450,intersection,,0,0
2451,intersection,,0,0
2452,intersection,,0,0
2453,intersection,,0,0
2454,intersection,,0,0
2455,intersection,,0,0
2456,intersection,,0,0
2457,intersection,,0,0
2458,intersection,,0,0
2459,intersection,,0,0
2460,intersection,,0,0
2461,intersection,,0,0
2462,intersection,,0,0
2463,intersection,,0,0
2464,intersection,,0,0
2465,intersection,,0,0
2466,intersection,,0,0
2467,intersection,,0,0
2468,intersection,,0,0
2469,intersection,,0,0
2470,intersection,,0,0
2471,intersection,,0,0
2472,intersection,,0,0
2473,intersection,,0,0
2474,intersection,,0,0
2475,intersection,,0,0
2476,intersection,,0,0
2477,intersection,,0,0
2478,intersection,,0,0
2479,intersection,,0,0
2480,intersection,,0,0
2481,intersection,,0,0
2482,intersection,,0,0
2483,intersection,,0,0
2484,intersection,,0,0
2485,intersection,,0,0
2486,intersection,,0,0
2487,intersection,,0,0
2488,intersection,,0,0
2489,intersection,,0,0
2490,intersection,,0,0
2491,intersection,,0,0
2492,intersection,,0,0
2493,intersection,,0,0
2494,intersection,,0,0
2495,intersection,,0,0
2496,intersection,,0,0
2497,intersection,,0,0
2498,intersection,,0,0
2499,intersection,,0,0
2500,intersection,,0,0
2501,intersection,,0,0
2502,intersection,,0,0
2503,intersection,,0,0
2504,intersection,,0,0
2505,intersection,,0,0
2506,intersection,,0,0
2507,intersection,,0,0
2508,intersection,,0,0
2509,intersection,,0,0
2510,intersection,,0,0
2511,intersection,,0,0
2512,intersection,,0,0
2513,intersection,,0,0
2514,intersection,,0,0
2515,intersection,,0,0
2516,intersection,,0,0
2517,intersection,,0,0
2518,intersection,,0,0
2519,intersection,,0,0
2520,intersection,,0,0
2521,intersection,,0,0
2522,intersection,,0,0
2523,intersection,,0,0
2524,intersection,,0,0
2525,intersection,,0,0
2526,intersection,,0,0
2527,intersection,,0,0
2528,intersection,,0,0
2529,intersection,,0,0
2530,intersection,,0,0
2531,intersection,,0,0
2532,intersection,,0,0
2533,intersection,,0,0
2534,intersection,,0,0
2535,intersection,,0,0
2536,intersection,,0,0
2537,intersection,,0,0
2538,intersection,,0,0
2539,intersection,,0,0
2540,intersection,,0,0
2541,intersection,,0,0
2542,intersection,,0,0
2543,intersection,,0,0
2544,intersection,,0,0
2545,intersection,,0,0
2546,intersection,,0,0
2547,intersection,,0,0
2548,intersection,,0,0
2549,intersection,,0,0
2550,intersection,,0,0
2551,intersection,,0,0
2552,intersection,,0,0
2553,intersection,,0,0
2554,intersection,,0,0
2555,intersection,,0,0
2556,intersection,,0,0
2557,intersection,,0,0
2558,intersection,,0,0
2559,intersection,,0,0
2560,intersection,,0,0
2561,intersection,,0,0
2562,intersection,,0,0
2563,intersection,,0,0
2564,intersection,,0,0
2565,intersection,,0,0
2566,intersection,,0,0
2567,intersection,,0,0
2568,intersection,,0,0
2569,intersection,,0,0
2570,intersection,,0,0
2571,intersection,,0,0
2572,intersection,,0,0
2573,intersection,,0,0
2574,intersection,,0,0
2575,intersection,,0,0
2576,intersection,,0,0
2577,intersection,,0,0
2578,intersection,,0,0
2579,intersection,,0,0
2580,intersection,,0,0
2581,intersection,,0,0
2582,intersection,,0,0
2583,intersection,,0,0
2584,intersection,,0,0
2585,intersection,,0,0
2586,intersection,,0,0
2587,intersection,,0,0
2588,intersection,,0,0
2589,intersection,,0,0
2590,intersection,,0,0
2591,intersection,,0,0
2592,intersection,,0,0
2593,intersection,,0,0
2594,intersection,,0,0
2595,intersection,,0,0
2596,intersection,,0,0
2597,intersection,,0,0
2598,intersection,,0,0
2599,intersection,,0,0
2600,intersection,,0,0
2601,intersection,,0,0
2602,intersection,,0,0
2603,intersection,,0,0
2604,intersection,,0,0
2605,intersection,,0,0
2606,intersection,,0,0
2607,intersection,,0,0
2608,intersection,,0,0
2609,intersection,,0,0
2610,intersection,,0,0
2611,intersection,,0,0
2612,intersection,,0,0
2613,intersection,,0,0
2614,intersection,,0,0
2615,intersection,,0,0
2616,intersection,,0,0
2617,intersection,,0,0
2618,intersection,,0,0
2619,intersection,,0,0
2620,intersection,,0,0
2621,intersection,,0,0
2622,intersection,,0,0
2623,intersection,,0,0
2624,intersection,,0,0
2625,intersection,,0,0
2626,intersection,,0,0
2627,intersection,,0,0
2628,intersection,,0,0
2629,intersection,,0,0
2630,intersection,,0,0
2631,intersection,,0,0
2632,intersection,,0,0
2633,intersection,,0,0
2634,intersection,,0,0
2635,intersection,,0,0
2636,intersection,,0,0
2637,intersection,,0,0
2638,intersection,,0,0
2639,intersection,,0,0
2640,intersection,,0,0
2641,intersection,,0,0
2642,intersection,,0,0
2643,intersection,,0,0
2644,intersection,,0,0
2645,intersection,,0,0
2646,intersection,,0,0
2647,intersection,,0,0
2648,intersection,,0,0
2649,intersection,,0,0
2650,intersection,,0,0
2651,intersection,,0,0
2652,intersection,,0,0
2653,intersection,,0,0
2654,intersection,,0,0
2655,intersection,,0,0
2656,intersection,,0,0
2657,intersection,,0,0
2658,intersection,,0,0
2659,intersection,,0,0
2660,intersection,,0,0
2661,intersection,,0,0
2662,intersection,,0,0
2663,intersection,,0,0
2664,intersection,,0,0
2665,intersection,,0,0
2666,intersection,,0,0
2667,intersection,,0,0
2668,intersection,,0,0
2669,intersection,,0,0
2670,intersection,,0,0
2671,intersection,,0,0
2672,intersection,,0,0
2673,intersection,,0,0
2674,intersection,,0,0
2675,intersection,,0,0
2676,intersection,,0,0
2677,intersection,,0,0
2678,intersection,,0,0
2679,intersection,,0,0
2680,intersection,,0,0
2681,intersection,,0,0
2682,intersection,,0,0
2683,intersection,,0,0
2684,intersection,,0,0
2685,intersection,,0,0
2686,intersection,,0,0
2687,intersection,,0,0
2688,intersection,,0,0
2689,intersection,,0,0
2690,intersection,,0,0
2691,intersection,,0,0
2692,intersection,,0,0
2693,intersection,,0,0
2694,intersection,,0,0
2695,intersection,,0,0
2696,intersection,,0,0
2697,intersection,,0,0
2698,intersection,,0,0
2699,intersection,,0,0
2700,intersection,,0,0
2701,intersection,,0,0
2702,intersection,,0,0
2703,intersection,,0,0
2704,intersection,,0,0
2705,intersection,,0,0
2706,intersection,,0,0
2707,intersection,,0,0
2708,intersection,,0,0
2709,intersection,,0,0
2710,intersection,,0,0
2711,intersection,,0,0
2712,intersection,,0,0
2713,intersection,,0,0
2714,intersection,,0,0
2715,intersection,,0,0
2716,intersection,,0,0
2717,intersection,,0,0
2718,intersection,,0,0
2719,intersection,,0,0
2720,intersection,,0,0
2721,intersection,,0,0
2722,intersection,,0,0
2723,intersection,,0,0
2724,intersection,,0,0
2725,intersection,,0,0
2726,intersection,,0,0
2727,intersection,,0,0
2728,intersection,,0,0
2729,intersection,,0,0
2730,intersection,,0,0
2731,intersection,,0,0
2732,intersection,,0,0
2733,intersection,,0,0
2734,intersection,,0,0
2735,intersection,,0,0
2736,intersection,,0,0
2737,intersection,,0,0
2738,intersection,,0,0
2739,intersection,,0,0
2740,intersection,,0,0
2741,intersection,,0,0
2742,intersection,,0,0
2743,intersection,,0,0
2744,intersection,,0,0
2745,intersection,,0,0
2746,intersection,,0,0
2747,intersection,,0,0
2748,intersection,,0,0
2749,intersection,,0,0
2750,intersection,,0,0
2751,intersection,,0,0
2752,intersection,,0,0
2753,intersection,,0,0
2754,intersection,,0,0
2755,intersection,,0,0
2756,intersection,,0,0
2757,intersection,,0,0
2758,intersection,,0,0
2759,intersection,,0,0
2760,intersection,,0,0
2761,intersection,,0,0
2762,intersection,,0,0
2763,intersection,,0,0
2764,intersection,,0,0
2765,intersection,,0,0
2766,intersection,,0,0
2767,intersection,,0,0
2768,intersection,,0,0
2769,intersection,,0,0
2770,intersection,,0,0
2771,intersection,,0,0
2772,intersection,,0,0
2773,intersection,,0,0
2774,intersection,,0,0
2775,intersection,,0,0
2776,intersection,,0,0
2777,intersection,,0,0
2778,intersection,,0,0
2779,intersection,,0,0
2780,intersection,,0,0
2781,intersection,,0,0
2782,intersection,,0,0
2783,intersection,,0,0
2784,intersection,,0,0
2785,intersection,,0,0
2786,intersection,,0,0
2787,intersection,,0,0
2788,intersection,,0,0
2789,intersection,,0,0
2790,intersection,,0,0
2791,intersection,,0,0
2792,intersection,,0,0
2793,intersection,,0,0
2794,intersection,,0,0
2795,intersection,,0,0
2796,intersection,,0,0
2797,intersection,,0,0
2798,intersection,,0,0
2799,intersection,,0,0
2800,intersection,,0,0
2801,intersection,,0,0
2802,intersection,,0,0
2803,intersection,,0,0
2804,intersection,,0,0
2805,intersection,,0,0
2806,intersection,,0,0
2807,intersection,,0,0
2808,intersection,,0,0
2809,intersection,,0,0
2810,intersection,,0,0
2811,intersection,,0,0
2812,intersection,,0,0
2813,intersection,,0,0
2814,intersection,,0,0
2815,intersection,,0,0
2816,intersection,,0,0
2817,intersection,,0,0
2818,intersection,,0,0
2819,intersection,,0,0
2820,intersection,,0,0
2821,intersection,,0,0
2822,intersection,,0,0
2823,intersection,,0,0
2824,intersection,,0,0
2825,intersection,,0,0
2826,intersection,,0,0
2827,intersection,,0,0
2828,intersection,,0,0
2829,intersection,,0,0
2830,intersection,,0,0
2831,intersection,,0,0
2832,intersection,,0,0
2833,intersection,,0,0
2834,intersection,,0,0
2835,intersection,,0,0
2836,intersection,,0,0
2837,intersection,,0,0
2838,intersection,,0,0
2839,intersection,,0,0
2840,intersection,,0,0
2841,intersection,,0,0
2842,intersection,,0,0
2843,intersection,,0,0
2844,intersection,,0,0
2845,intersection,,0,0
2846,intersection,,0,0
2847,intersection,,0,0
2848,intersection,,0,0
2849,intersection,,0,0
2850,intersection,,0,0
2851,intersection,,0,0
2852,intersection,,0,0
2853,intersection,,0,0
2854,intersection,,0,0
2855,intersection,,0,0
2856,intersection,,0,0
2857,intersection,,0,0
2858,intersection,,0,0
2859,intersection,,0,0
2860,intersection,,0,0
2861,intersection,,0,0
2862,intersection,,0,0
2863,intersection,,0,0
2864,intersection,,0,0
2865,intersection,,0,0
2866,intersection,,0,0
2867,intersection,,0,0
2868,intersection,,0,0
2869,intersection,,0,0
2870,intersection,,0,0
2871,intersection,,0,0
2872,intersection,,0,0
2873,intersection,,0,0
2874,intersection,,0,0
2875,intersection,,0,0
2876,intersection,,0,0
2877,intersection,,0,0
2878,intersection,,0,0
2879,intersection,,0,0
2880,intersection,,0,0
2881,intersection,,0,0
2882,intersection,,0,0
2883,intersection,,0,0
2884,intersection,,0,0
2885,intersection,,0,0
2886,intersection,,0,0
2887,intersection,,0,0
2888,intersection,,0,0
2889,intersection,,0,0
2890,intersection,,0,0
2891,intersection,,0,0
2892,intersection,,0,0
2893,intersection,,0,0
2894,intersection,,0,0
2895,intersection,,0,0
2896,intersection,,0,0
2897,intersection,,0,0
2898,intersection,,0,0
2899,intersection,,0,0
2900,intersection,,0,0
2901,intersection,,0,0
2902,intersection,,0,0
2903,intersection,,0,0
2904,intersection,,0,0
2905,intersection,,0,0
2906,intersection,,0,0
2907,intersection,,0,0
2908,intersection,,0,0
2909,intersection,,0,0
2910,intersection,,0,0
2911,intersection,,0,0
2912,intersection,,0,0
2913,intersection,,0,0
2914,intersection,,0,0
2915,intersection,,0,0
2916,intersection,,0,0
2917,intersection,,0,0
2918,intersection,,0,0
2919,intersection,,0,0
2920,intersection,,0,0
2921,intersection,,0,0
2922,intersection,,0,0
2923,intersection,,0,0
2924,intersection,,0,0
2925,intersection,,0,0
2926,intersection,,0,0
2927,intersection,,0,0
2928,intersection,,0,0
2929,intersection,,0,0
2930,intersection,,0,0
2931,intersection,,0,0
2932,intersection,,0,0
2933,intersection,,0,0
2934,intersection,,0,0
2935,intersection,,0,0
2936,intersection,,0,0
2937,intersection,,0,0
2938,intersection,,0,0
2939,intersection,,0,0
2940,intersection,,0,0
2941,intersection,,0,0
2942,intersection,,0,0
2943,intersection,,0,0
2944,intersection,,0,0
2945,intersection,,0,0
2946,intersection,,0,0
2947,intersection,,0,0
2948,intersection,,0,0
2949,intersection,,0,0
2950,intersection,,0,0
2951,intersection,,0,0
2952,intersection,,0,0
2953,intersection,,0,0
2954,intersection,,0,0
2955,intersection,,0,0
2956,intersection,,0,0
2957,intersection,,0,0
2958,intersection,,0,0
2959,intersection,,0,0
2960,intersection,,0,0
2961,intersection,,0,0
2962,intersection,,0,0
2963,intersection,,0,0
2964,intersection,,0,0
2965,intersection,,0,0
2966,intersection,,0,0
2967,intersection,,0,0
2968,intersection,,0,0
2969,intersection,,0,0
2970,intersection,,0,0
2971,intersection,,0,0
2972,intersection,,0,0
2973,intersection,,0,0
2974,intersection,,0,0
2975,intersection,,0,0
2976,intersection,,0,0
2977,intersection,,0,0
2978,intersection,,0,0
2979,intersection,,0,0
2980,intersection,,0,0
2981,intersection,,0,0
2982,intersection,,0,0
2983,intersection,,0,0
2984,intersection,,0,0
2985,intersection,,0,0
2986,intersection,,0,0
2987,intersection,,0,0
2988,intersection,,0,0
2989,intersection,,0,0
2990,intersection,,0,0
2991,intersection,,0,0
2992,intersection,,0,0
2993,intersection,,0,0
2994,intersection,,0,0
2995,intersection,,0,0
2996,intersection,,0,0
2997,intersection,,0,0
2998,intersection,,0,0
2999,intersection,,0,0
3000,intersection,,0,0
3001,intersection,,0,0
3002,intersection,,0,0
3003,intersection,,0,0
3004,intersection,,0,0
3005,intersection,,0,0
3006,intersection,,0,0
3007,intersection,,0,0
3008,intersection,,0,0
3009,intersection,,0,0
3010,intersection,,0,0
3011,intersection,,0,0
3012,intersection,,0,0
3013,intersection,,0,0
3014,intersection,,0,0
3015,intersection,,0,0
3016,intersection,,0,0
3017,intersection,,0,0
3018,intersection,,0,0
3019,intersection,,0,0
3020,intersection,,0,0
3021,intersection,,0,0
3022,intersection,,0,0
3023,intersection,,0,0
3024,intersection,,0,0
3025,intersection,,0,0
3026,intersection,,0,0
3027,intersection,,0,0
3028,intersection,,0,0
3029,intersection,,0,0
3030,intersection,,0,0
3031,intersection,,0,0
3032,intersection,,0,0
3033,intersection,,0,0
3034,intersection,,0,0
3035,intersection,,0,0
3036,intersection,,0,0
3037,intersection,,0,0
3038,intersection,,0,0
3039,intersection,,0,0
3040,intersection,,0,0
3041,intersection,,0,0
3042,intersection,,0,0
3043,intersection,,0,0
3044,intersection,,0,0
3045,intersection,,0,0
3046,intersection,,0,0
3047,intersection,,0,0
3048,intersection,,0,0
3049,intersection,,0,0
3050,intersection,,0,0
3051,intersection,,0,0
3052,intersection,,0,0
3053,intersection,,0,0
3054,intersection,,0,0
3055,intersection,,0,0
3056,intersection,,0,0
3057,intersection,,0,0
3058,intersection,,0,0
3059,intersection,,0,0
3060,intersection,,0,0
3061,intersection,,0,0
3062,intersection,,0,0
3063,intersection,,0,0
3064,intersection,,0,0
3065,intersection,,0,0
3066,intersection,,0,0
3067,intersection,,0,0
3068,intersection,,0,0
3069,intersection,,0,0
3070,intersection,,0,0
3071,intersection,,0,0
3072,intersection,,0,0
3073,intersection,,0,0
3074,intersection,,0,0
3075,intersection,,0,0
3076,intersection,,0,0
3077,intersection,,0,0
3078,intersection,,0,0
3079,intersection,,0,0
3080,intersection,,0,0
3081,intersection,,0,0
3082,intersection,,0,0
3083,intersection,,0,0
3084,intersection,,0,0
3085,intersection,,0,0
3086,intersection,,0,0
3087,intersection,,0,0
3088,intersection,,0,0
3089,intersection,,0,0
3090,intersection,,0,0
3091,intersection,,0,0
3092,intersection,,0,0
3093,intersection,,0,0
3094,intersection,,0,0
3095,intersection,,0,0
3096,intersection,,0,0
3097,intersection,,0,0
3098,intersection,,0,0
3099,intersection,,0,0
3100,intersection,,0,0
3101,intersection,,0,0
3102,intersection,,0,0
3103,intersection,,0,0
3104,intersection,,0,0
3105,intersection,,0,0
3106,intersection,,0,0
3107,intersection,,0,0
3108,intersection,,0,0
3109,intersection,,0,0
3110,intersection,,0,0
3111,intersection,,0,0
3112,intersection,,0,0
3113,intersection,,0,0
3114,intersection,,0,0
3115,intersection,,0,0
3116,intersection,,0,0
3117,intersection,,0,0
3118,intersection,,0,0
3119,intersection,,0,0
3120,intersection,,0,0
3121,intersection,,0,0
3122,intersection,,0,0
3123,intersection,,0,0
3124,intersection,,0,0
3125,intersection,,0,0
3126,intersection,,0,0
3127,intersection,,0,0
3128,intersection,,0,0
3129,intersection,,0,0
3130,intersection,,0,0
3131,intersection,,0,0
3132,intersection,,0,0
3133,intersection,,0,0
3134,intersection,,0,0
3135,intersection,,0,0
3136,intersection,,0,0
3137,intersection,,0,0
3138,intersection,,0,0
3139,intersection,,0,0
3140,intersection,,0,0
3141,intersection,,0,0
3142,intersection,,0,0
3143,intersection,,0,0
3144,intersection,,0,0
3145,intersection,,0,0
3146,intersection,,0,0
3147,intersection,,0,0
3148,intersection,,0,0
3149,intersection,,0,0
3150,intersection,,0,0
3151,intersection,,0,0
3152,intersection,,0,0
3153,intersection,,0,0
3154,intersection,,0,0
3155,intersection,,0,0
3156,intersection,,0,0
3157,intersection,,0,0
3158,intersection,,0,0
3159,intersection,,0,0
3160,intersection,,0,0
3161,intersection,,0,0
3162,intersection,,0,0
3163,intersection,,0,0
3164,intersection,,0,0
3165,intersection,,0,0
3166,intersection,,0,0
3167,intersection,,0,0
3168,intersection,,0,0
3169,intersection,,0,0
3170,intersection,,0,0
3171,intersection,,0,0
3172,intersection,,0,0
3173,intersection,,0,0
3174,intersection,,0,0
3175,intersection,,0,0
3176,intersection,,0,0
3177,intersection,,0,0
3178,intersection,,0,0
3179,intersection,,0,0
3180,intersection,,0,0
3181,intersection,,0,0
3182,intersection,,0,0
3183,intersection,,0,0
3184,intersection,,0,0
3185,intersection,,0,0
3186,intersection,,0,0
3187,intersection,,0,0
3188,intersection,,0,0
3189,intersection,,0,0
3190,intersection,,0,0
3191,intersection,,0,0
3192,intersection,,0,0
3193,intersection,,0,0
3194,intersection,,0,0
3195,intersection,,0,0
3196,intersection,,0,0
3197,intersection,,0,0
3198,intersection,,0,0
3199,intersection,,0,0
3200,intersection,,0,0
3201,intersection,,0,0
3202,intersection,,0,0
3203,intersection,,0,0
3204,intersection,,0,0
3205,intersection,,0,0
3206,intersection,,0,0
3207,intersection,,0,0
3208,intersection,,0,0
3209,intersection,,0,0
3210,intersection,,0,0
3211,intersection,,0,0
3212,intersection,,0,0
3213,intersection,,0,0
3214,intersection,,0,0
3215,intersection,,0,0
3216,intersection,,0,0
3217,intersection,,0,0
3218,intersection,,0,0
3219,intersection,,0,0
3220,intersection,,0,0
3221,intersection,,0,0
3222,intersection,,0,0
3223,intersection,,0,0
3224,intersection,,0,0
3225,intersection,,0,0
3226,intersection,,0,0
3227,intersection,,0,0
3228,intersection,,0,0
3229,intersection,,0,0
3230,intersection,,0,0
3231,intersection,,0,0
3232,intersection,,0,0
3233,intersection,,0,0
3234,intersection,,0,0
3235,intersection,,0,0
3236,intersection,,0,0
3237,intersection,,0,0
3238,intersection,,0,0
3239,intersection,,0,0
3240,intersection,,0,0
3241,intersection,,0,0
3242,intersection,,0,0
3243,intersection,,0,0
3244,intersection,,0,0
3245,intersection,,0,0
3246,intersection,,0,0
3247,intersection,,0,0
3248,intersection,,0,0
3249,intersection,,0,0
3250,intersection,,0,0
3251,intersection,,0,0
3252,intersection,,0,0
3253,intersection,,0,0
3254,intersection,,0,0
3255,intersection,,0,0
3256,intersection,,0,0
3257,intersection,,0,0
3258,intersection,,0,0
3259,intersection,,0,0
3260,intersection,,0,0
3261,intersection,,0,0
3262,intersection,,0,0
3263,intersection,,0,0
3264,intersection,,0,0
3265,intersection,,0,0
3266,intersection,,0,0
3267,intersection,,0,0
3268,intersection,,0,0
3269,intersection,,0,0
3270,intersection,,0,0
3271,intersection,,0,0
3272,intersection,,0,0
3273,intersection,,0,0
3274,intersection,,0,0
3275,intersection,,0,0
3276,intersection,,0,0
3277,intersection,,0,0
3278,intersection,,0,0
3279,intersection,,0,0
3280,intersection,,0,0
3281,intersection,,0,0
3282,intersection,,0,0
3283,intersection,,0,0
3284,intersection,,0,0
3285,intersection,,0,0
3286,intersection,,0,0
3287,intersection,,0,0
3288,intersection,,0,0
3289,intersection,,0,0
3290,intersection,,0,0
3291,intersection,,0,0
3292,intersection,,0,0
3293,intersection,,0,0
3294,intersection,,0,0
3295,intersection,,0,0
3296,intersection,,0,0
3297,intersection,,0,0
3298,intersection,,0,0
3299,intersection,,0,0
3300,intersection,,0,0
3301,intersection,,0,0
3302,intersection,,0,0
3303,intersection,,0,0
3304,intersection,,0,0
3305,intersection,,0,0
3306,intersection,,0,0
3307,intersection,,0,0
3308,intersection,,0,0
3309,intersection,,0,0
3310,intersection,,0,0
3311,intersection,,0,0
3312,intersection,,0,0
3313,intersection,,0,0
3314,intersection,,0,0
3315,intersection,,0,0
3316,intersection,,0,0
3317,intersection,,0,0
3318,intersection,,0,0
3319,intersection,,0,0
3320,intersection,,0,0
3321,intersection,,0,0
3322,intersection,,0,0
3323,intersection,,0,0
3324,intersection,,0,0
3325,intersection,,0,0
3326,intersection,,0,0
3327,intersection,,0,0
3328,intersection,,0,0
3329,intersection,,0,0
3330,intersection,,0,0
3331,intersection,,0,0
3332,intersection,,0,0
3333,intersection,,0,0
3334,intersection,,0,0
3335,intersection,,0,0
3336,intersection,,0,0
3337,intersection,,0,0
3338,intersection,,0,0
3339,intersection,,0,0
3340,intersection,,0,0
3341,intersection,,0,0
3342,intersection,,0,0
3343,intersection,,0,0
3344,intersection,,0,0
3345,intersection,,0,0
3346,intersection,,0,0
3347,intersection,,0,0
3348,intersection,,0,0
3349,intersection,,0,0
3350,intersection,,0,0
3351,intersection,,0,0
3352,intersection,,0,0
3353,intersection,,0,0
3354,intersection,,0,0
3355,intersection,,0,0
3356,intersection,,0,0
3357,intersection,,0,0
3358,intersection,,0,0
3359,intersection,,0,0
3360,intersection,,0,0
3361,intersection,,0,0
3362,intersection,,0,0
3363,intersection,,0,0
3364,intersection,,0,0
3365,intersection,,0,0
3366,intersection,,0,0
3367,intersection,,0,0
3368,intersection,,0,0
3369,intersection,,0,0
3370,intersection,,0,0
3371,intersection,,0,0
3372,intersection,,0,0
3373,intersection,,0,0
3374,intersection,,0,0
3375,intersection,,0,0
3376,intersection,,0,0
3377,intersection,,0,0
3378,intersection,,0,0
3379,intersection,,0,0
3380,intersection,,0,0
3381,intersection,,0,0
3382,intersection,,0,0
3383,intersection,,0,0
3384,intersection,,0,0
3385,intersection,,0,0
3386,intersection,,0,0
3387,intersection,,0,0
3388,intersection,,0,0
3389,intersection,,0,0
3390,intersection,,0,0
3391,intersection,,0,0
3392,intersection,,0,0
3393,intersection,,0,0
3394,intersection,,0,0
3395,intersection,,0,0
3396,intersection,,0,0
3397,intersection,,0,0
3398,intersection,,0,0
3399,intersection,,0,0
3400,intersection,,0,0
3401,intersection,,0,0
3402,intersection,,0,0
3403,intersection,,0,0
3404,intersection,,0,0
3405,intersection,,0,0
3406,intersection,,0,0
3407,intersection,,0,0
3408,intersection,,0,0
3409,intersection,,0,0
3410,intersection,,0,0
3411,intersection,,0,0
3412,intersection,,0,0
3413,intersection,,0,0
3414,intersection,,0,0
3415,intersection,,0,0
3416,intersection,,0,0
3417,intersection,,0,0
3418,intersection,,0,0
3419,intersection,,0,0
3420,intersection,,0,0
3421,intersection,,0,0
3422,intersection,,0,0
3423,intersection,,0,0
3424,intersection,,0,0
3425,intersection,,0,0
3426,intersection,,0,0
3427,intersection,,0,0
3428,intersection,,0,0
3429,intersection,,0,0
3430,intersection,,0,0
3431,intersection,,0,0
3432,intersection,,0,0
3433,intersection,,0,0
3434,intersection,,0,0
3435,intersection,,0,0
3436,intersection,,0,0
3437,intersection,,0,0
3438,intersection,,0,0
3439,intersection,,0,0
3440,intersection,,0,0
3441,intersection,,0,0
3442,intersection,,0,0
3443,intersection,,0,0
3444,intersection,,0,0
3445,intersection,,0,0
3446,intersection,,0,0
3447,intersection,,0,0
3448,intersection,,0,0
3449,intersection,,0,0
3450,intersection,,0,0
3451,intersection,,0,0
3452,intersection,,0,0
3453,intersection,,0,0
3454,intersection,,0,0
3455,intersection,,0,0
3456,intersection,,0,0
3457,intersection,,0,0
3458,intersection,,0,0
3459,intersection,,0,0
3460,intersection,,0,0
3461,intersection,,0,0
3462,intersection,,0,0
3463,intersection,,0,0
3464,intersection,,0,0
3465,intersection,,0,0
3466,intersection,,0,0
3467,intersection,,0,0
3468,intersection,,0,0
3469,intersection,,0,0
3470,intersection,,0,0
3471,intersection,,0,0
3472,intersection,,0,0
3473,intersection,,0,0
3474,intersection,,0,0
3475,intersection,,0,0
3476,intersection,,0,0
3477,intersection,,0,0
3478,intersection,,0,0
3479,intersection,,0,0
3480,intersection,,0,0
3481,intersection,,0,0
3482,intersection,,0,0
3483,intersection,,0,0
3484,intersection,,0,0
3485,intersection,,0,0
3486,intersection,,0,0
3487,intersection,,0,0
3488,intersection,,0,0
3489,intersection,,0,0
3490,intersection,,0,0
3491,intersection,,0,0
3492,intersection,,0,0
3493,intersection,,0,0
3494,intersection,,0,0
3495,intersection,,0,0
3496,intersection,,0,0
3497,intersection,,0,0
3498,intersection,,0,0
3499,intersection,,0,0
3500,intersection,,0,0
3501,intersection,,0,0
3502,intersection,,0,0
3503,intersection,,0,0
3504,intersection,,0,0
3505,intersection,,0,0
3506,intersection,,0,0
3507,intersection,,0,0
3508,intersection,,0,0
3509,intersection,,0,0
3510,intersection,,0,0
3511,intersection,,0,0
3512,intersection,,0,0
3513,intersection,,0,0
3514,intersection,,0,0
3515,intersection,,0,0
3516,intersection,,0,0
3517,intersection,,0,0
3518,intersection,,0,0
3519,intersection,,0,0
3520,intersection,,0,0
3521,intersection,,0,0
3522,intersection,,0,0
3523,intersection,,0,0
3524,intersection,,0,0
3525,intersection,,0,0
3526,intersection,,0,0
3527,intersection,,0,0
3528,intersection,,0,0
3529,intersection,,0,0
3530,intersection,,0,0
3531,intersection,,0,0
3532,intersection,,0,0
3533,intersection,,0,0
3534,intersection,,0,0
3535,intersection,,0,0
3536,intersection,,0,0
3537,intersection,,0,0
3538,intersection,,0,0
3539,intersection,,0,0
3540,intersection,,0,0
3541,intersection,,0,0
3542,intersection,,0,0
3543,intersection,,0,0
3544,intersection,,0,0
3545,intersection,,0,0
3546,intersection,,0,0
3547,intersection,,0,0
3548,intersection,,0,0
3549,intersection,,0,0
3550,intersection,,0,0
3551,intersection,,0,0
3552,intersection,,0,0
3553,intersection,,0,0
3554,intersection,,0,0
3555,intersection,,0,0
3556,intersection,,0,0
3557,intersection,,0,0
3558,intersection,,0,0
3559,intersection,,0,0
3560,intersection,,0,0
3561,intersection,,0,0
3562,intersection,,0,0
3563,intersection,,0,0
3564,intersection,,0,0
3565,intersection,,0,0
3566,intersection,,0,0
3567,intersection,,0,0
3568,intersection,,0,0
3569,intersection,,0,0
3570,intersection,,0,0
3571,intersection,,0,0
3572,intersection,,0,0
3573,intersection,,0,0
3574,intersection,,0,0
3575,intersection,,0,0
3576,intersection,,0,0
3577,intersection,,0,0
3578,intersection,,0,0
3579,intersection,,0,0
3580,intersection,,0,0
3581,intersection,,0,0
3582,intersection,,0,0
3583,intersection,,0,0
3584,intersection,,0,0
3585,intersection,,0,0
3586,intersection,,0,0
3587,intersection,,0,0
3588,intersection,,0,0
3589,intersection,,0,0
3590,intersection,,0,0
3591,intersection,,0,0
3592,intersection,,0,0
3593,intersection,,0,0
3594,intersection,,0,0
3595,intersection,,0,0
3596,intersection,,0,0
3597,intersection,,0,0
3598,intersection,,0,0
3599,intersection,,0,0
3600,intersection,,0,0
3601,intersection,,0,0
3602,intersection,,0,0
3603,intersection,,0,0
3604,intersection,,0,0
3605,intersection,,0,0
3606,intersection,,0,0
3607,intersection,,0,0
3608,intersection,,0,0
3609,intersection,,0,0
3610,intersection,,0,0
3611,intersection,,0,0
3612,intersection,,0,0
3613,intersection,,0,0
3614,intersection,,0,0
3615,intersection,,0,0
3616,intersection,,0,0
3617,intersection,,0,0
3618,intersection,,0,0
3619,intersection,,0,0
3620,intersection,,0,0
3621,intersection,,0,0
3622,intersection,,0,0
3623,intersection,,0,0
3624,intersection,,0,0
3625,intersection,,0,0
3626,intersection,,0,0
3627,intersection,,0,0
3628,intersection,,0,0
3629,intersection,,0,0
3630,intersection,,0,0
3631,intersection,,0,0
3632,intersection,,0,0
3633,intersection,,0,0
3634,intersection,,0,0
3635,intersection,,0,0
3636,intersection,,0,0
3637,intersection,,0,0
3638,intersection,,0,0
3639,intersection,,0,0
3640,intersection,,0,0
3641,intersection,,0,0
3642,intersection,,0,0
3643,intersection,,0,0
3644,intersection,,0,0
3645,intersection,,0,0
3646,intersection,,0,0
3647,intersection,,0,0
3648,intersection,,0,0
3649,intersection,,0,0
3650,intersection,,0,0
3651,intersection,,0,0
3652,intersection,,0,0
3653,intersection,,0,0
3654,intersection,,0,0
3655,intersection,,0,0
3656,intersection,,0,0
3657,intersection,,0,0
3658,intersection,,0,0
3659,intersection,,0,0
3660,intersection,,0,0
3661,intersection,,0,0
3662,intersection,,0,0
3663,intersection,,0,0
3664,intersection,,0,0
3665,intersection,,0,0
3666,intersection,,0,0
3667,intersection,,0,0
3668,intersection,,0,0
3669,intersection,,0,0
3670,intersection,,0,0
3671,intersection,,0,0
3672,intersection,,0,0
3673,intersection,,0,0
3674,intersection,,0,0
3675,intersection,,0,0
3676,intersection,,0,0
3677,intersection,,0,0
3678,intersection,,0,0
3679,intersection,,0,0
3680,intersection,,0,0
3681,intersection,,0,0
3682,intersection,,0,0
3683,intersection,,0,0
3684,intersection,,0,0
3685,intersection,,0,0
3686,intersection,,0,0
3687,intersection,,0,0
3688,intersection,,0,0
3689,intersection,,0,0
3690,intersection,,0,0
3691,intersection,,0,0
3692,intersection,,0,0
3693,intersection,,0,0
3694,intersection,,0,0
3695,intersection,,0,0
3696,intersection,,0,0
3697,intersection,,0,0
3698,intersection,,0,0
3699,intersection,,0,0
3700,intersection,,0,0
3701,intersection,,0,0
3702,intersection,,0,0
3703,intersection,,0,0
3704,intersection,,0,0
3705,intersection,,0,0
3706,intersection,,0,0
3707,intersection,,0,0
3708,intersection,,0,0
3709,intersection,,0,0
3710,intersection,,0,0
3711,intersection,,0,0
3712,intersection,,0,0
3713,intersection,,0,0
3714,intersection,,0,0
3715,intersection,,0,0
3716,intersection,,0,0
3717,intersection,,0,0
3718,intersection,,0,0
3719,intersection,,0,0
3720,intersection,,0,0
3721,intersection,,0,0
3722,intersection,,0,0
3723,intersection,,0,0
3724,intersection,,0,0
3725,intersection,,0,0
3726,intersection,,0,0
3727,intersection,,0,0
3728,intersection,,0,0
3729,intersection,,0,0
3730,intersection,,0,0
3731,intersection,,0,0
3732,intersection,,0,0
3733,intersection,,0,0
3734,intersection,,0,0
3735,intersection,,0,0
3736,intersection,,0,0
3737,intersection,,0,0
3738,intersection,,0,0
3739,intersection,,0,0
3740,intersection,,0,0
3741,intersection,,0,0
3742,intersection,,0,0
3743,intersection,,0,0
3744,intersection,,0,0
3745,intersection,,0,0
3746,intersection,,0,0
3747,intersection,,0,0
3748,intersection,,0,0
3749,intersection,,0,0
3750,intersection,,0,0
3751,intersection,,0,0
3752,intersection,,0,0
3753,intersection,,0,0
3754,intersection,,0,0
3755,intersection,,0,0
3756,intersection,,0,0
3757,intersection,,0,0
3758,intersection,,0,0
3759,intersection,,0,0
3760,intersection,,0,0
3761,intersection,,0,0
3762,intersection,,0,0
3763,intersection,,0,0
3764,intersection,,0,0
3765,intersection,,0,0
3766,intersection,,0,0
3767,intersection,,0,0
3768,intersection,,0,0
3769,intersection,,0,0
3770,intersection,,0,0
3771,intersection,,0,0
3772,intersection,,0,0
3773,intersection,,0,0
3774,intersection,,0,0
3775,intersection,,0,0
3776,intersection,,0,0
3777,intersection,,0,0
3778,intersection,,0,0
3779,intersection,,0,0
3780,intersection,,0,0
3781,intersection,,0,0
3782,intersection,,0,0
3783,intersection,,0,0
3784,intersection,,0,0
3785,intersection,,0,0
3786,intersection,,0,0
3787,intersection,,0,0
3788,intersection,,0,0
3789,intersection,,0,0
3790,intersection,,0,0
3791,intersection,,0,0
3792,intersection,,0,0
3793,intersection,,0,0
3794,intersection,,0,0
3795,intersection,,0,0
3796,intersection,,0,0
3797,intersection,,0,0
3798,intersection,,0,0
3799,intersection,,0,0
3800,intersection,,0,0
3801,intersection,,0,0
3802,intersection,,0,0
3803,intersection,,0,0
3804,intersection,,0,0
3805,intersection,,0,0
3806,intersection,,0,0
3807,intersection,,0,0
3808,intersection,,0,0
3809,intersection,,0,0
3810,intersection,,0,0
3811,intersection,,0,0
3812,intersection,,0,0
3813,intersection,,0,0
3814,intersection,,0,0
3815,intersection,,0,0
3816,intersection,,0,0
3817,intersection,,0,0
3818,intersection,,0,0
3819,intersection,,0,0
3820,intersection,,0,0
3821,intersection,,0,0
3822,intersection,,0,0
3823,intersection,,0,0
3824,intersection,,0,0
3825,intersection,,0,0
3826,intersection,,0,0
3827,intersection,,0,0
3828,intersection,,0,0
3829,intersection,,0,0
3830,intersection,,0,0
3831,intersection,,0,0
3832,intersection,,0,0
3833,intersection,,0,0
3834,intersection,,0,0
3835,intersection,,0,0
3836,intersection,,0,0
3837,intersection,,0,0
3838,intersection,,0,0
3839,intersection,,0,0
3840,intersection,,0,0
3841,intersection,,0,0
3842,intersection,,0,0
3843,intersection,,0,0
3844,intersection,,0,0
3845,intersection,,0,0
3846,intersection,,0,0
3847,intersection,,0,0
3848,intersection,,0,0
3849,intersection,,0,0
3850,intersection,,0,0
3851,intersection,,0,0
3852,intersection,,0,0
3853,intersection,,0,0
3854,intersection,,0,0
3855,intersection,,0,0
3856,intersection,,0,0
3857,intersection,,0,0
3858,intersection,,0,0
3859,intersection,,0,0
3860,intersection,,0,0
3861,intersection,,0,0
3862,intersection,,0,0
3863,intersection,,0,0
3864,intersection,,0,0
3865,intersection,,0,0
3866,intersection,,0,0
3867,intersection,,0,0
3868,intersection,,0,0
3869,intersection,,0,0
3870,intersection,,0,0
3871,intersection,,0,0
3872,intersection,,0,0
3873,intersection,,0,0
3874,intersection,,0,0
3875,intersection,,0,0
3876,intersection,,0,0
3877,intersection,,0,0
3878,intersection,,0,0
3879,intersection,,0,0
3880,intersection,,0,0
3881,intersection,,0,0
3882,intersection,,0,0
3883,intersection,,0,0
3884,intersection,,0,0
3885,intersection,,0,0
3886,intersection,,0,0
3887,intersection,,0,0
3888,intersection,,0,0
3889,intersection,,0,0
3890,intersection,,0,0
3891,intersection,,0,0
3892,intersection,,0,0
3893,intersection,,0,0
3894,intersection,,0,0
3895,intersection,,0,0
3896,intersection,,0,0
3897,intersection,,0,0
3898,intersection,,0,0
3899,intersection,,0,0
3900,intersection,,0,0
3901,intersection,,0,0
3902,intersection,,0,0
3903,intersection,,0,0
3904,intersection,,0,0
3905,intersection,,0,0
3906,intersection,,0,0
3907,intersection,,0,0
3908,intersection,,0,0
3909,intersection,,0,0
3910,intersection,,0,0
3911,intersection,,0,0
3912,intersection,,0,0
3913,intersection,,0,0
3914,intersection,,0,0
3915,intersection,,0,0
3916,intersection,,0,0
3917,intersection,,0,0
3918,intersection,,0,0
3919,intersection,,0,0
3920,intersection,,0,0
3921,intersection,,0,0
3922,intersection,,0,0
3923,intersection,,0,0
3924,intersection,,0,0
3925,intersection,,0,0
3926,intersection,,0,0
3927,intersection,,0,0
3928,intersection,,0,0
3929,intersection,,0,0
3930,intersection,,0,0
3931,intersection,,0,0
3932,intersection,,0,0
3933,intersection,,0,0
3934,intersection,,0,0
3935,intersection,,0,0
3936,intersection,,0,0
3937,intersection,,0,0
3938,intersection,,0,0
3939,intersection,,0,0
3940,intersection,,0,0
3941,intersection,,0,0
3942,intersection,,0,0
3943,intersection,,0,0
3944,intersection,,0,0
3945,intersection,,0,0
3946,intersection,,0,0
3947,intersection,,0,0
3948,intersection,,0,0
3949,intersection,,0,0
3950,intersection,,0,0
3951,intersection,,0,0
3952,intersection,,0,0
3953,intersection,,0,0
3954,intersection,,0,0
3955,intersection,,0,0
3956,intersection,,0,0
3957,intersection,,0,0
3958,intersection,,0,0
3959,intersection,,0,0
3960,intersection,,0,0
3961,intersection,,0,0
3962,intersection,,0,0
3963,intersection,,0,0
3964,intersection,,0,0
3965,intersection,,0,0
3966,intersection,,0,0
3967,intersection,,0,0
3968,intersection,,0,0
3969,intersection,,0,0
3970,intersection,,0,0
3971,intersection,,0,0
3972,intersection,,0,0
3973,intersection,,0,0
3974,intersection,,0,0
3975,intersection,,0,0
3976,intersection,,0,0
3977,intersection,,0,0
3978,intersection,,0,0
3979,intersection,,0,0
3980,intersection,,0,0
3981,intersection,,0,0
3982,intersection,,0,0
3983,intersection,,0,0
3984,intersection,,0,0
3985,intersection,,0,0
3986,intersection,,0,0
3987,intersection,,0,0
3988,intersection,,0,0
3989,intersection,,0,0
3990,intersection,,0,0
3991,intersection,,0,0
3992,intersection,,0,0
3993,intersection,,0,0
3994,intersection,,0,0
3995,intersection,,0,0
3996,intersection,,0,0
3997,intersection,,0,0
3998,intersection,,0,0
3999,intersection,,0,0
4000,intersection,,0,0
4001,intersection,,0,0
4002,intersection,,0,0
4003,intersection,,0,0
4004,intersection,,0,0
4005,intersection,,0,0
4006,intersection,,0,0
4007,intersection,,0,0
4008,intersection,,0,0
4009,intersection,,0,0
4010,intersection,,0,0
4011,intersection,,0,0
4012,intersection,,0,0
4013,intersection,,0,0
4014,intersection,,0,0
4015,intersection,,0,0
4016,intersection,,0,0
4017,intersection,,0,0
4018,intersection,,0,0
4019,intersection,,0,0
4020,intersection,,0,0
4021,intersection,,0,0
4022,intersection,,0,0
4023,intersection,,0,0
4024,intersection,,0,0
4025,intersection,,0,0
4026,intersection,,0,0
4027,intersection,,0,0
4028,intersection,,0,0
4029,intersection,,0,0
4030,intersection,,0,0
4031,intersection,,0,0
4032,intersection,,0,0
4033,intersection,,0,0
4034,intersection,,0,0
4035,intersection,,0,0
4036,intersection,,0,0
4037,intersection,,0,0
4038,intersection,,0,0
4039,intersection,,0,0
4040,intersection,,0,0
4041,intersection,,0,0
4042,intersection,,0,0
4043,intersection,,0,0
4044,intersection,,0,0
4045,intersection,,0,0
4046,intersection,,0,0
4047,intersection,,0,0
4048,intersection,,0,0
4049,intersection,,0,0
4050,intersection,,0,0
4051,intersection,,0,0
4052,intersection,,0,0
4053,intersection,,0,0
4054,intersection,,0,0
4055,intersection,,0,0
4056,intersection,,0,0
4057,intersection,,0,0
4058,intersection,,0,0
4059,intersection,,0,0
4060,intersection,,0,0
4061,intersection,,0,0
4062,intersection,,0,0
4063,intersection,,0,0
4064,intersection,,0,0
4065,intersection,,0,0
4066,intersection,,0,0
4067,intersection,,0,0
4068,intersection,,0,0
4069,intersection,,0,0
4070,intersection,,0,0
4071,intersection,,0,0
4072,intersection,,0,0
4073,intersection,,0,0
4074,intersection,,0,0
4075,intersection,,0,0
4076,intersection,,0,0
4077,intersection,,0,0
4078,intersection,,0,0
4079,intersection,,0,0
4080,intersection,,0,0
4081,intersection,,0,0
4082,intersection,,0,0
4083,intersection,,0,0
4084,intersection,,0,0
4085,intersection,,0,0
4086,intersection,,0,0
4087,intersection,,0,0
4088,intersection,,0,0
4089,intersection,,0,0
4090,intersection,,0,0
4091,intersection,,0,0
4092,intersection,,0,0
4093,intersection,,0,0
4094,intersection,,0,0
4095,intersection,,0,0
4096,intersection,,0,0
4097,intersection,,0,0
4098,intersection,,0,0
4099,intersection,,0,0
4100,intersection,,0,0
4101,intersection,,0,0
4102,intersection,,0,0
4103,intersection,,0,0
4104,intersection,,0,0
4105,intersection,,0,0
4106,intersection,,0,0
4107,intersection,,0,0
4108,intersection,,0,0
4109,intersection,,0,0
4110,intersection,,0,0
4111,intersection,,0,0
4112,intersection,,0,0
4113,intersection,,0,0
4114,intersection,,0,0
4115,intersection,,0,0
4116,intersection,,0,0
4117,intersection,,0,0
4118,intersection,,0,0
4119,intersection,,0,0
4120,intersection,,0,0
4121,intersection,,0,0
4122,intersection,,0,0
4123,intersection,,0,0
4124,intersection,,0,0
4125,intersection,,0,0
4126,intersection,,0,0
4127,intersection,,0,0
4128,intersection,,0,0
4129,intersection,,0,0
4130,intersection,,0,0
4131,intersection,,0,0
4132,intersection,,0,0
4133,intersection,,0,0
4134,intersection,,0,0
4135,intersection,,0,0
4136,intersection,,0,0
4137,intersection,,0,0
4138,intersection,,0,0
4139,intersection,,0,0
4140,intersection,,0,0
4141,intersection,,0,0
4142,intersection,,0,0
4143,intersection,,0,0
4144,intersection,,0,0
4145,intersection,,0,0
4146,intersection,,0,0
4147,intersection,,0,0
4148,intersection,,0,0
4149,intersection,,0,0
4150,intersection,,0,0
4151,intersection,,0,0
4152,intersection,,0,0
4153,intersection,,0,0
4154,intersection,,0,0
4155,intersection,,0,0
4156,intersection,,0,0
4157,intersection,,0,0
4158,intersection,,0,0
4159,intersection,,0,0
4160,intersection,,0,0
4161,intersection,,0,0
4162,intersection,,0,0
4163,intersection,,0,0
4164,intersection,,0,0
4165,intersection,,0,0
4166,intersection,,0,0
4167,intersection,,0,0
4168,intersection,,0,0
4169,intersection,,0,0
4170,intersection,,0,0
4171,intersection,,0,0
4172,intersection,,0,0
4173,intersection,,0,0
4174,intersection,,0,0
4175,intersection,,0,0
4176,intersection,,0,0
4177,intersection,,0,0
4178,intersection,,0,0
4179,intersection,,0,0
4180,intersection,,0,0
4181,intersection,,0,0
4182,intersection,,0,0
4183,intersection,,0,0
4184,intersection,,0,0
4185,intersection,,0,0
4186,intersection,,0,0
4187,intersection,,0,0
4188,intersection,,0,0
4189,intersection,,0,0
4190,intersection,,0,0
4191,intersection,,0,0
4192,intersection,,0,0
4193,intersection,,0,0
4194,intersection,,0,0
4195,intersection,,0,0
4196,intersection,,0,0
4197,intersection,,0,0
4198,intersection,,0,0
4199,intersection,,0,0
4200,intersection,,0,0
4201,intersection,,0,0
4202,intersection,,0,0
4203,intersection,,0,0
4204,intersection,,0,0
4205,intersection,,0,0
4206,intersection,,0,0
4207,intersection,,0,0
4208,intersection,,0,0
4209,intersection,,0,0
4210,intersection,,0,0
4211,intersection,,0,0
4212,intersection,,0,0
4213,intersection,,0,0
4214,intersection,,0,0
4215,intersection,,0,0
4216,intersection,,0,0
4217,intersection,,0,0
4218,intersection,,0,0
4219,intersection,,0,0
4220,intersection,,0,0
4221,intersection,,0,0
4222,intersection,,0,0
4223,intersection,,0,0
4224,intersection,,0,0
4225,intersection,,0,0
4226,intersection,,0,0
4227,intersection,,0,0
4228,intersection,,0,0
4229,intersection,,0,0
4230,intersection,,0,0
4231,intersection,,0,0
4232,intersection,,0,0
4233,intersection,,0,0
4234,intersection,,0,0
4235,intersection,,0,0
4236,intersection,,0,0
4237,intersection,,0,0
4238,intersection,,0,0
4239,intersection,,0,0
4240,intersection,,0,0
4241,intersection,,0,0
4242,intersection,,0,0
4243,intersection,,0,0
4244,intersection,,0,0
4245,intersection,,0,0
4246,intersection,,0,0
4247,intersection,,0,0
4248,intersection,,0,0
4249,intersection,,0,0
4250,intersection,,0,0
4251,intersection,,0,0
4252,intersection,,0,0
4253,intersection,,0,0
4254,intersection,,0,0
4255,intersection,,0,0
4256,intersection,,0,0
4257,intersection,,0,0
4258,intersection,,0,0
4259,intersection,,0,0
4260,intersection,,0,0
4261,intersection,,0,0
4262,intersection,,0,0
4263,intersection,,0,0
4264,intersection,,0,0
4265,intersection,,0,0
4266,intersection,,0,0
4267,intersection,,0,0
4268,intersection,,0,0
4269,intersection,,0,0
4270,intersection,,0,0
4271,intersection,,0,0
4272,intersection,,0,0
4273,intersection,,0,0
4274,intersection,,0,0
4275,intersection,,0,0
4276,intersection,,0,0
4277,intersection,,0,0
4278,intersection,,0,0
4279,intersection,,0,0
4280,intersection,,0,0
4281,intersection,,0,0
4282,intersection,,0,0
4283,intersection,,0,0
4284,intersection,,0,0
4285,intersection,,0,0
4286,intersection,,0,0
4287,intersection,,0,0
4288,intersection,,0,0
4289,intersection,,0,0
4290,intersection,,0,0
4291,intersection,,0,0
4292,intersection,,0,0
4293,intersection,,0,0
4294,intersection,,0,0
4295,intersection,,0,0
4296,intersection,,0,0
4297,intersection,,0,0
4298,intersection,,0,0
4299,intersection,,0,0
4300,intersection,,0,0
4301,intersection,,0,0
4302,intersection,,0,0
4303,intersection,,0,0
4304,intersection,,0,0
4305,intersection,,0,0
4306,intersection,,0,0
4307,intersection,,0,0
4308,intersection,,0,0
4309,intersection,,0,0
4310,intersection,,0,0
4311,intersection,,0,0
4312,intersection,,0,0
4313,intersection,,0,0
4314,intersection,,0,0
4315,intersection,,0,0
4316,intersection,,0,0
4317,intersection,,0,0
4318,intersection,,0,0
4319,intersection,,0,0
4320,intersection,,0,0
4321,intersection,,0,0
4322,intersection,,0,0
4323,intersection,,0,0
4324,intersection,,0,0
4325,intersection,,0,0
4326,intersection,,0,0
4327,intersection,,0,0
4328,intersection,,0,0
4329,intersection,,0,0
4330,intersection,,0,0
4331,intersection,,0,0
4332,intersection,,0,0
4333,intersection,,0,0
4334,intersection,,0,0
4335,intersection,,0,0
4336,intersection,,0,0
4337,intersection,,0,0
4338,intersection,,0,0
4339,intersection,,0,0
4340,intersection,,0,0
4341,intersection,,0,0
4342,intersection,,0,0
4343,intersection,,0,0
4344,intersection,,0,0
4345,intersection,,0,0
4346,intersection,,0,0
4347,intersection,,0,0
4348,intersection,,0,0
4349,intersection,,0,0
4350,intersection,,0,0
4351,intersection,,0,0
4352,intersection,,0,0
4353,intersection,,0,0
4354,intersection,,0,0
4355,intersection,,0,0
4356,intersection,,0,0
4357,intersection,,0,0
4358,intersection,,0,0
4359,intersection,,0,0
4360,intersection,,0,0
4361,intersection,,0,0
4362,intersection,,0,0
4363,intersection,,0,0
4364,intersection,,0,0
4365,intersection,,0,0
4366,intersection,,0,0
4367,intersection,,0,0
4368,intersection,,0,0
4369,intersection,,0,0
4370,intersection,,0,0
4371,intersection,,0,0
4372,intersection,,0,0
4373,intersection,,0,0
4374,intersection,,0,0
4375,intersection,,0,0
4376,intersection,,0,0
4377,intersection,,0,0
4378,intersection,,0,0
4379,intersection,,0,0
4380,intersection,,0,0
4381,intersection,,0,0
4382,intersection,,0,0
4383,intersection,,0,0
4384,intersection,,0,0
4385,intersection,,0,0
4386,intersection,,0,0
4387,intersection,,0,0
4388,intersection,,0,0
4389,intersection,,0,0
4390,intersection,,0,0
4391,intersection,,0,0
4392,intersection,,0,0
4393,intersection,,0,0
4394,intersection,,0,0
4395,intersection,,0,0
4396,intersection,,0,0
4397,intersection,,0,0
4398,intersection,,0,0
4399,intersection,,0,0
4400,intersection,,0,0
4401,intersection,,0,0
4402,intersection,,0,0
4403,intersection,,0,0
4404,intersection,,0,0
4405,intersection,,0,0
4406,intersection,,0,0
4407,intersection,,0,0
4408,intersection,,0,0
4409,intersection,,0,0
4410,intersection,,0,0
4411,intersection,,0,0
4412,intersection,,0,0
4413,intersection,,0,0
4414,intersection,,0,0
4415,intersection,,0,0
4416,intersection,,0,0
4417,intersection,,0,0
4418,intersection,,0,0
4419,intersection,,0,0
4420,intersection,,0,0
4421,intersection,,0,0
4422,intersection,,0,0
4423,intersection,,0,0
4424,intersection,,0,0
4425,intersection,,0,0
4426,intersection,,0,0
4427,intersection,,0,0
4428,intersection,,0,0
4429,intersection,,0,0
4430,intersection,,0,0
4431,intersection,,0,0
4432,intersection,,0,0
4433,intersection,,0,0
4434,intersection,,0,0
4435,intersection,,0,0
4436,intersection,,0,0
4437,intersection,,0,0
4438,intersection,,0,0
4439,intersection,,0,0
4440,intersection,,0,0
4441,intersection,,0,0
4442,intersection,,0,0
4443,intersection,,0,0
4444,intersection,,0,0
4445,intersection,,0,0
4446,intersection,,0,0
4447,intersection,,0,0
4448,intersection,,0,0
4449,intersection,,0,0
4450,intersection,,0,0
4451,intersection,,0,0
4452,intersection,,0,0
4453,intersection,,0,0
4454,intersection,,0,0
4455,intersection,,0,0
4456,intersection,,0,0
4457,intersection,,0,0
4458,intersection,,0,0
4459,intersection,,0,0
4460,intersection,,0,0
4461,intersection,,0,0
4462,intersection,,0,0
4463,intersection,,0,0
4464,intersection,,0,0
4465,intersection,,0,0
4466,intersection,,0,0
4467,intersection,,0,0
4468,intersection,,0,0
4469,intersection,,0,0
4470,intersection,,0,0
4471,intersection,,0,0
4472,intersection,,0,0
4473,intersection,,0,0
4474,intersection,,0,0
4475,intersection,,0,0
4476,intersection,,0,0
4477,intersection,,0,0
4478,intersection,,0,0
4479,intersection,,0,0
4480,intersection,,0,0
4481,intersection,,0,0
4482,intersection,,0,0
4483,intersection,,0,0
4484,intersection,,0,0
4485,intersection,,0,0
4486,intersection,,0,0
4487,intersection,,0,0
4488,intersection,,0,0
4489,intersection,,0,0
4490,intersection,,0,0
4491,intersection,,0,0
4492,intersection,,0,0
4493,intersection,,0,0
4494,intersection,,0,0
4495,intersection,,0,0
4496,intersection,,0,0
4497,intersection,,0,0
4498,intersection,,0,0
4499,intersection,,0,0
4500,intersection,,0,0
4501,intersection,,0,0
4502,intersection,,0,0
4503,intersection,,0,0
4504,intersection,,0,0
4505,intersection,,0,0
4506,intersection,,0,0
4507,intersection,,0,0
4508,intersection,,0,0
4509,intersection,,0,0
4510,intersection,,0,0
4511,intersection,,0,0
4512,intersection,,0,0
4513,intersection,,0,0
4514,intersection,,0,0
4515,intersection,,0,0
4516,intersection,,0,0
4517,intersection,,0,0
4518,intersection,,0,0
4519,intersection,,0,0
4520,intersection,,0,0
4521,intersection,,0,0
4522,intersection,,0,0
4523,intersection,,0,0
4524,intersection,,0,0
4525,intersection,,0,0
4526,intersection,,0,0
4527,intersection,,0,0
4528,intersection,,0,0
4529,intersection,,0,0
4530,intersection,,0,0
4531,intersection,,0,0
4532,intersection,,0,0
4533,intersection,,0,0
4534,intersection,,0,0
4535,intersection,,0,0
4536,intersection,,0,0
4537,intersection,,0,0
4538,intersection,,0,0
4539,intersection,,0,0
4540,intersection,,0,0
4541,intersection,,0,0
4542,intersection,,0,0
4543,intersection,,0,0
4544,intersection,,0,0
4545,intersection,,0,0
4546,intersection,,0,0
4547,intersection,,0,0
4548,intersection,,0,0
4549,intersection,,0,0
4550,intersection,,0,0
4551,intersection,,0,0
4552,intersection,,0,0
4553,intersection,,0,0
4554,intersection,,0,0
4555,intersection,,0,0
4556,intersection,,0,0
4557,intersection,,0,0
4558,intersection,,0,0
4559,intersection,,0,0
4560,intersection,,0,0
4561,intersection,,0,0
4562,intersection,,0,0
4563,intersection,,0,0
4564,intersection,,0,0
4565,intersection,,0,0
4566,intersection,,0,0
4567,intersection,,0,0
4568,intersection,,0,0
4569,intersection,,0,0
4570,intersection,,0,0
4571,intersection,,0,0
4572,intersection,,0,0
4573,intersection,,0,0
4574,intersection,,0,0
4575,intersection,,0,0
4576,intersection,,0,0
4577,intersection,,0,0
4578,intersection,,0,0
4579,intersection,,0,0
4580,intersection,,0,0
4581,intersection,,0,0
4582,intersection,,0,0
4583,intersection,,0,0
4584,intersection,,0,0
4585,intersection,,0,0
4586,intersection,,0,0
4587,intersection,,0,0
4588,intersection,,0,0
4589,intersection,,0,0
4590,intersection,,0,0
4591,intersection,,0,0
4592,intersection,,0,0
4593,intersection,,0,0
4594,intersection,,0,0
4595,intersection,,0,0
4596,intersection,,0,0
4597,intersection,,0,0
4598,intersection,,0,0
4599,intersection,,0,0
4600,intersection,,0,0
4601,intersection,,0,0
4602,intersection,,0,0
4603,intersection,,0,0
4604,intersection,,0,0
4605,intersection,,0,0
4606,intersection,,0,0
4607,intersection,,0,0
4608,intersection,,0,0
4609,intersection,,0,0
4610,intersection,,0,0
4611,intersection,,0,0
4612,intersection,,0,0
4613,intersection,,0,0
4614,intersection,,0,0
4615,intersection,,0,0
4616,intersection,,0,0
4617,intersection,,0,0
4618,intersection,,0,0
4619,intersection,,0,0
4620,intersection,,0,0
4621,intersection,,0,0
4622,intersection,,0,0
4623,intersection,,0,0
4624,intersection,,0,0
4625,intersection,,0,0
4626,intersection,,0,0
4627,intersection,,0,0
4628,intersection,,0,0
4629,intersection,,0,0
4630,intersection,,0,0
4631,intersection,,0,0
4632,intersection,,0,0
4633,intersection,,0,0
4634,intersection,,0,0
4635,intersection,,0,0
4636,intersection,,0,0
4637,intersection,,0,0
4638,intersection,,0,0
4639,intersection,,0,0
4640,intersection,,0,0
4641,intersection,,0,0
4642,intersection,,0,0
4643,intersection,,0,0
4644,intersection,,0,0
4645,intersection,,0,0
4646,intersection,,0,0
4647,intersection,,0,0
4648,intersection,,0,0
4649,intersection,,0,0
4650,intersection,,0,0
4651,intersection,,0,0
4652,intersection,,0,0
4653,intersection,,0,0
4654,intersection,,0,0
4655,intersection,,0,0
4656,intersection,,0,0
4657,intersection,,0,0
4658,intersection,,0,0
4659,intersection,,0,0
4660,intersection,,0,0
4661,intersection,,0,0
4662,intersection,,0,0
4663,intersection,,0,0
4664,intersection,,0,0
4665,intersection,,0,0
4666,intersection,,0,0
4667,intersection,,0,0
4668,intersection,,0,0
4669,intersection,,0,0
4670,intersection,,0,0
4671,intersection,,0,0
4672,intersection,,0,0
4673,intersection,,0,0
4674,intersection,,0,0
4675,intersection,,0,0
4676,intersection,,0,0
4677,intersection,,0,0
4678,intersection,,0,0
4679,intersection,,0,0
4680,intersection,,0,0
4681,intersection,,0,0
4682,intersection,,0,0
4683,intersection,,0,0
4684,intersection,,0,0
4685,intersection,,0,0
4686,intersection,,0,0
4687,intersection,,0,0
4688,intersection,,0,0
4689,intersection,,0,0
4690,intersection,,0,0
4691,intersection,,0,0
4692,intersection,,0,0
4693,intersection,,0,0
4694,intersection,,0,0
4695,intersection,,0,0
4696,intersection,,0,0
4697,intersection,,0,0
4698,intersection,,0,0
4699,intersection,,0,0
4700,intersection,,0,0
4701,intersection,,0,0
4702,intersection,,0,0
4703,intersection,,0,0
4704,intersection,,0,0
4705,intersection,,0,0
4706,intersection,,0,0
4707,intersection,,0,0
4708,intersection,,0,0
4709,intersection,,0,0
4710,intersection,,0,0
4711,intersection,,0,0
4712,intersection,,0,0
4713,intersection,,0,0
4714,intersection,,0,0
4715,intersection,,0,0
4716,intersection,,0,0
4717,intersection,,0,0
4718,intersection,,0,0
4719,intersection,,0,0
4720,intersection,,0,0
4721,intersection,,0,0
4722,intersection,,0,0
4723,intersection,,0,0
4724,intersection,,0,0
4725,intersection,,0,0
4726,intersection,,0,0
4727,intersection,,0,0
4728,intersection,,0,0
4729,intersection,,0,0
4730,intersection,,0,0
4731,intersection,,0,0
4732,intersection,,0,0
4733,intersection,,0,0
4734,intersection,,0,0
4735,intersection,,0,0
4736,intersection,,0,0
4737,intersection,,0,0
4738,intersection,,0,0
4739,intersection,,0,0
4740,intersection,,0,0
4741,intersection,,0,0
4742,intersection,,0,0
4743,intersection,,0,0
4744,intersection,,0,0
4745,intersection,,0,0
4746,intersection,,0,0
4747,intersection,,0,0
4748,intersection,,0,0
4749,intersection,,0,0
4750,intersection,,0,0
4751,intersection,,0,0
4752,intersection,,0,0
4753,intersection,,0,0
4754,intersection,,0,0
4755,intersection,,0,0
4756,intersection,,0,0
4757,intersection,,0,0
4758,intersection,,0,0
4759,intersection,,0,0
4760,intersection,,0,0
4761,intersection,,0,0
4762,intersection,,0,0
4763,intersection,,0,0
4764,intersection,,0,0
4765,intersection,,0,0
4766,intersection,,0,0
4767,intersection,,0,0
4768,intersection,,0,0
4769,intersection,,0,0
4770,intersection,,0,0
4771,intersection,,0,0
4772,intersection,,0,0
4773,intersection,,0,0
4774,intersection,,0,0
4775,intersection,,0,0
4776,intersection,,0,0
4777,intersection,,0,0
4778,intersection,,0,0
4779,intersection,,0,0
4780,intersection,,0,0
4781,intersection,,0,0
4782,intersection,,0,0
4783,intersection,,0,0
4784,intersection,,0,0
4785,intersection,,0,0
4786,intersection,,0,0
4787,intersection,,0,0
4788,intersection,,0,0
4789,intersection,,0,0
4790,intersection,,0,0
4791,intersection,,0,0
4792,intersection,,0,0
4793,intersection,,0,0
4794,intersection,,0,0
4795,intersection,,0,0
4796,intersection,,0,0
4797,intersection,,0,0
4798,intersection,,0,0
4799,intersection,,0,0
4800,intersection,,0,0
4801,intersection,,0,0
4802,intersection,,0,0
4803,intersection,,0,0
4804,intersection,,0,0
4805,intersection,,0,0
4806,intersection,,0,0
4807,intersection,,0,0
4808,intersection,,0,0
4809,intersection,,0,0
4810,intersection,,0,0
4811,intersection,,0,0
4812,intersection,,0,0
4813,intersection,,0,0
4814,intersection,,0,0
4815,intersection,,0,0
4816,intersection,,0,0
4817,intersection,,0,0
4818,intersection,,0,0
4819,intersection,,0,0
4820,intersection,,0,0
4821,intersection,,0,0
4822,intersection,,0,0
4823,intersection,,0,0
4824,intersection,,0,0
4825,intersection,,0,0
4826,intersection,,0,0
4827,intersection,,0,0
4828,intersection,,0,0
4829,intersection,,0,0
4830,intersection,,0,0
4831,intersection,,0,0
4832,intersection,,0,0
4833,intersection,,0,0
4834,intersection,,0,0
4835,intersection,,0,0
4836,intersection,,0,0
4837,intersection,,0,0
4838,intersection,,0,0
4839,intersection,,0,0
4840,intersection,,0,0
4841,intersection,,0,0
4842,intersection,,0,0
4843,intersection,,0,0
4844,intersection,,0,0
4845,intersection,,0,0
4846,intersection,,0,0
4847,intersection,,0,0
4848,intersection,,0,0
4849,intersection,,0,0
4850,intersection,,0,0
4851,intersection,,0,0
4852,intersection,,0,0
4853,intersection,,0,0
4854,intersection,,0,0
4855,intersection,,0,0
4856,intersection,,0,0
4857,intersection,,0,0
4858,intersection,,0,0
4859,intersection,,0,0
4860,intersection,,0,0
4861,intersection,,0,0
4862,intersection,,0,0
4863,intersection,,0,0
4864,intersection,,0,0
4865,intersection,,0,0
4866,intersection,,0,0
4867,intersection,,0,0
4868,intersection,,0,0
4869,intersection,,0,0
4870,intersection,,0,0
4871,intersection,,0,0
4872,intersection,,0,0
4873,intersection,,0,0
4874,intersection,,0,0
4875,intersection,,0,0
4876,intersection,,0,0
4877,intersection,,0,0
4878,intersection,,0,0
4879,intersection,,0,0
4880,intersection,,0,0
4881,intersection,,0,0
4882,intersection,,0,0
4883,intersection,,0,0
4884,intersection,,0,0
4885,intersection,,0,0
4886,intersection,,0,0
4887,intersection,,0,0
4888,intersection,,0,0
4889,intersection,,0,0
4890,intersection,,0,0
4891,intersection,,0,0
4892,intersection,,0,0
4893,intersection,,0,0
4894,intersection,,0,0
4895,intersection,,0,0
4896,intersection,,0,0
4897,intersection,,0,0
4898,intersection,,0,0
4899,intersection,,0,0
4900,intersection,,0,0
4901,intersection,,0,0
4902,intersection,,0,0
4903,intersection,,0,0
4904,intersection,,0,0
4905,intersection,,0,0
4906,intersection,,0,0
4907,intersection,,0,0
4908,intersection,,0,0
4909,intersection,,0,0
4910,intersection,,0,0
4911,intersection,,0,0
4912,intersection,,0,0
4913,intersection,,0,0
4914,intersection,,0,0
4915,intersection,,0,0
4916,intersection,,0,0
4917,intersection,,0,0
4918,intersection,,0,0
4919,intersection,,0,0
4920,intersection,,0,0
4921,intersection,,0,0
4922,intersection,,0,0
4923,intersection,,0,0
4924,intersection,,0,0
4925,intersection,,0,0
4926,intersection,,0,0
4927,intersection,,0,0
4928,intersection,,0,0
4929,intersection,,0,0
4930,intersection,,0,0
4931,intersection,,0,0
4932,intersection,,0,0
4933,intersection,,0,0
4934,intersection,,0,0
4935,intersection,,0,0
4936,intersection,,0,0
4937,intersection,,0,0
4938,intersection,,0,0
4939,intersection,,0,0
4940,intersection,,0,0
4941,intersection,,0,0
4942,intersection,,0,0
4943,intersection,,0,0
4944,intersection,,0,0
4945,intersection,,0,0
4946,intersection,,0,0
4947,intersection,,0,0
4948,intersection,,0,0
4949,intersection,,0,0
4950,intersection,,0,0
4951,intersection,,0,0
4952,intersection,,0,0
4953,intersection,,0,0
4954,intersection,,0,0
4955,intersection,,0,0
4956,intersection,,0,0
4957,intersection,,0,0
4958,intersection,,0,0
4959,intersection,,0,0
4960,intersection,,0,0
4961,intersection,,0,0
4962,intersection,,0,0
4963,intersection,,0,0
4964,intersection,,0,0
4965,intersection,,0,0
4966,intersection,,0,0
4967,intersection,,0,0
4968,intersection,,0,0
4969,intersection,,0,0
4970,intersection,,0,0
4971,intersection,,0,0
4972,intersection,,0,0
4973,intersection,,0,0
4974,intersection,,0,0
4975,intersection,,0,0
4976,intersection,,0,0
4977,intersection,,0,0
4978,intersection,,0,0
4979,intersection,,0,0
4980,intersection,,0,0
4981,intersection,,0,0
4982,intersection,,0,0
4983,intersection,,0,0
4984,intersection,,0,0
4985,intersection,,0,0
4986,intersection,,0,0
4987,intersection,,0,0
4988,intersection,,0,0
4989,intersection,,0,0
4990,intersection,,0,0
4991,intersection,,0,0
4992,intersection,,0,0
4993,intersection,,0,0
4994,intersection,,0,0
4995,intersection,,0,0
4996,intersection,,0,0
4997,intersection,,0,0
4998,intersection,,0,0
4999,intersection,,0,0
5000,intersection,,0,0
5001,intersection,,0,0
5002,intersection,,0,0
5003,intersection,,0,0
5004,intersection,,0,0
5005,intersection,,0,0
5006,intersection,,0,0
5007,intersection,,0,0
5008,intersection,,0,0
5009,intersection,,0,0
5010,intersection,,0,0
5011,intersection,,0,0
5012,intersection,,0,0
5013,intersection,,0,0
5014,intersection,,0,0
5015,intersection,,0,0
5016,intersection,,0,0
5017,intersection,,0,0
5018,intersection,,0,0
5019,intersection,,0,0
5020,intersection,,0,0
5021,intersection,,0,0
5022,intersection,,0,0
5023,intersection,,0,0
5024,intersection,,0,0
5025,intersection,,0,0
5026,intersection,,0,0
5027,intersection,,0,0
5028,intersection,,0,0
5029,intersection,,0,0
5030,intersection,,0,0
5031,intersection,,0,0
5032,intersection,,0,0
5033,intersection,,0,0
5034,intersection,,0,0
5035,intersection,,0,0
5036,intersection,,0,0
5037,intersection,,0,0
5038,intersection,,0,0
5039,intersection,,0,0
5040,intersection,,0,0
5041,intersection,,0,0
5042,intersection,,0,0
5043,intersection,,0,0
5044,intersection,,0,0
5045,intersection,,0,0
5046,intersection,,0,0
5047,intersection,,0,0
5048,intersection,,0,0
5049,intersection,,0,0
5050,intersection,,0,0
5051,intersection,,0,0
5052,intersection,,0,0
5053,intersection,,0,0
5054,intersection,,0,0
5055,intersection,,0,0
5056,intersection,,0,0
5057,intersection,,0,0
5058,intersection,,0,0
5059,intersection,,0,0
5060,intersection,,0,0
5061,intersection,,0,0
5062,intersection,,0,0
5063,intersection,,0,0
5064,intersection,,0,0
5065,intersection,,0,0
5066,intersection,,0,0
5067,intersection,,0,0
5068,intersection,,0,0
5069,intersection,,0,0
5070,intersection,,0,0
5071,intersection,,0,0
5072,intersection,,0,0
5073,intersection,,0,0
5074,intersection,,0,0
5075,intersection,,0,0
5076,intersection,,0,0
5077,intersection,,0,0
5078,intersection,,0,0
5079,intersection,,0,0
5080,intersection,,0,0
5081,intersection,,0,0
5082,intersection,,0,0
5083,intersection,,0,0
5084,intersection,,0,0
5085,intersection,,0,0
5086,intersection,,0,0
5087,intersection,,0,0
5088,intersection,,0,0
5089,intersection,,0,0
5090,intersection,,0,0
5091,intersection,,0,0
5092,intersection,,0,0
5093,intersection,,0,0
5094,intersection,,0,0
5095,intersection,,0,0
5096,intersection,,0,0
5097,intersection,,0,0
5098,intersection,,0,0
5099,intersection,,0,0
5100,intersection,,0,0
5101,intersection,,0,0
5102,intersection,,0,0
5103,intersection,,0,0
5104,intersection,,0,0
5105,intersection,,0,0
5106,intersection,,0,0
5107,intersection,,0,0
5108,intersection,,0,0
5109,intersection,,0,0
5110,intersection,,0,0
5111,intersection,,0,0
5112,intersection,,0,0
5113,intersection,,0,0
5114,intersection,,0,0
5115,intersection,,0,0
5116,intersection,,0,0
5117,intersection,,0,0
5118,intersection,,0,0
5119,intersection,,0,0
5120,intersection,,0,0
5121,intersection,,0,0
5122,intersection,,0,0
5123,intersection,,0,0
5124,intersection,,0,0
5125,intersection,,0,0
5126,intersection,,0,0
5127,intersection,,0,0
5128,intersection,,0,0
5129,intersection,,0,0
5130,intersection,,0,0
5131,intersection,,0,0
5132,intersection,,0,0
5133,intersection,,0,0
5134,intersection,,0,0
5135,intersection,,0,0
5136,intersection,,0,0
5137,intersection,,0,0
5138,intersection,,0,0
5139,intersection,,0,0
5140,intersection,,0,0
5141,intersection,,0,0
5142,intersection,,0,0
5143,intersection,,0,0
5144,intersection,,0,0
5145,intersection,,0,0
5146,intersection,,0,0
5147,intersection,,0,0
5148,intersection,,0,0
5149,intersection,,0,0
5150,intersection,,0,0
5151,intersection,,0,0
5152,intersection,,0,0
5153,intersection,,0,0
5154,intersection,,0,0
5155,intersection,,0,0
5156,intersection,,0,0
5157,intersection,,0,0
5158,intersection,,0,0
5159,intersection,,0,0
5160,intersection,,0,0
5161,intersection,,0,0
5162,intersection,,0,0
5163,intersection,,0,0
5164,intersection,,0,0
5165,intersection,,0,0
5166,intersection,,0,0
5167,intersection,,0,0
5168,intersection,,0,0
5169,intersection,,0,0
5170,intersection,,0,0
5171,intersection,,0,0
5172,intersection,,0,0
5173,intersection,,0,0
5174,intersection,,0,0
5175,intersection,,0,0
5176,intersection,,0,0
5177,intersection,,0,0
5178,intersection,,0,0
5179,intersection,,0,0
5180,intersection,,0,0
5181,intersection,,0,0
5182,intersection,,0,0
5183,intersection,,0,0
5184,intersection,,0,0
5185,intersection,,0,0
5186,intersection,,0,0
5187,intersection,,0,0
5188,intersection,,0,0
5189,intersection,,0,0
5190,intersection,,0,0
5191,intersection,,0,0
5192,intersection,,0,0
5193,intersection,,0,0
5194,intersection,,0,0
5195,intersection,,0,0
5196,intersection,,0,0
5197,intersection,,0,0
5198,intersection,,0,0
5199,intersection,,0,0
5200,intersection,,0,0
5201,intersection,,0,0
5202,intersection,,0,0
5203,intersection,,0,0
5204,intersection,,0,0
5205,intersection,,0,0
5206,intersection,,0,0
5207,intersection,,0,0
5208,intersection,,0,0
5209,intersection,,0,0
5210,intersection,,0,0
5211,intersection,,0,0
5212,intersection,,0,0
5213,intersection,,0,0
5214,intersection,,0,0
5215,intersection,,0,0
5216,intersection,,0,0
5217,intersection,,0,0
5218,intersection,,0,0
5219,intersection,,0,0
5220,intersection,,0,0
5221,intersection,,0,0
5222,intersection,,0,0
5223,intersection,,0,0
5224,intersection,,0,0
5225,intersection,,0,0
5226,intersection,,0,0
5227,intersection,,0,0
5228,intersection,,0,0
5229,intersection,,0,0
5230,intersection,,0,0
5231,intersection,,0,0
5232,intersection,,0,0
5233,intersection,,0,0
5234,intersection,,0,0
5235,intersection,,0,0
5236,intersection,,0,0
5237,intersection,,0,0
5238,intersection,,0,0
5239,intersection,,0,0
5240,intersection,,0,0
5241,intersection,,0,0
5242,intersection,,0,0
5243,intersection,,0,0
5244,intersection,,0,0
5245,intersection,,0,0
5246,intersection,,0,0
5247,intersection,,0,0
5248,intersection,,0,0
5249,intersection,,0,0
5250,intersection,,0,0
5251,intersection,,0,0
5252,intersection,,0,0
5253,intersection,,0,0
5254,intersection,,0,0
5255,intersection,,0,0
5256,intersection,,0,0
5257,intersection,,0,0
5258,intersection,,0,0
5259,intersection,,0,0
5260,intersection,,0,0
5261,intersection,,0,0
5262,intersection,,0,0
5263,intersection,,0,0
5264,intersection,,0,0
5265,intersection,,0,0
5266,intersection,,0,0
5267,intersection,,0,0
5268,intersection,,0,0
5269,intersection,,0,0
5270,intersection,,0,0
5271,intersection,,0,0
5272,intersection,,0,0
5273,intersection,,0,0
5274,intersection,,0,0
5275,intersection,,0,0
5276,intersection,,0,0
5277,intersection,,0,0
5278,intersection,,0,0
5279,intersection,,0,0
5280,intersection,,0,0
5281,intersection,,0,0
5282,intersection,,0,0
5283,intersection,,0,0
5284,intersection,,0,0
5285,intersection,,0,0
5286,intersection,,0,0
5287,intersection,,0,0
5288,intersection,,0,0
5289,intersection,,0,0
5290,intersection,,0,0
5291,intersection,,0,0
5292,intersection,,0,0
5293,intersection,,0,0
5294,intersection,,0,0
5295,intersection,,0,0
5296,intersection,,0,0
5297,intersection,,0,0
5298,intersection,,0,0
5299,intersection,,0,0
5300,intersection,,0,0
5301,intersection,,0,0
5302,intersection,,0,0
5303,intersection,,0,0
5304,intersection,,0,0
5305,intersection,,0,0
5306,intersection,,0,0
5307,intersection,,0,0
5308,intersection,,0,0
5309,intersection,,0,0
5310,intersection,,0,0
5311,intersection,,0,0
5312,intersection,,0,0
5313,intersection,,0,0
5314,intersection,,0,0
5315,intersection,,0,0
5316,intersection,,0,0
5317,intersection,,0,0
5318,intersection,,0,0
5319,intersection,,0,0
5320,intersection,,0,0
5321,intersection,,0,0
5322,intersection,,0,0
5323,intersection,,0,0
5324,intersection,,0,0
5325,intersection,,0,0
5326,intersection,,0,0
5327,intersection,,0,0
5328,intersection,,0,0
5329,intersection,,0,0
5330,intersection,,0,0
5331,intersection,,0,0
5332,intersection,,0,0
5333,intersection,,0,0
5334,intersection,,0,0
5335,intersection,,0,0
5336,intersection,,0,0
5337,intersection,,0,0
5338,intersection,,0,0
5339,intersection,,0,0
5340,intersection,,0,0
5341,intersection,,0,0
5342,intersection,,0,0
5343,intersection,,0,0
5344,intersection,,0,0
5345,intersection,,0,0
5346,intersection,,0,0
5347,intersection,,0,0
5348,intersection,,0,0
5349,intersection,,0,0
5350,intersection,,0,0
5351,intersection,,0,0
5352,intersection,,0,0
5353,intersection,,0,0
5354,intersection,,0,0
5355,intersection,,0,0
5356,intersection,,0,0
5357,intersection,,0,0
5358,intersection,,0,0
5359,intersection,,0,0
5360,intersection,,0,0
5361,intersection,,0,0
5362,intersection,,0,0
5363,intersection,,0,0
5364,intersection,,0,0
5365,intersection,,0,0
5366,intersection,,0,0
5367,intersection,,0,0
5368,intersection,,0,0
5369,intersection,,0,0
5370,intersection,,0,0
5371,intersection,,0,0
5372,intersection,,0,0
5373,intersection,,0,0
5374,intersection,,0,0
5375,intersection,,0,0
5376,intersection,,0,0
5377,intersection,,0,0
5378,intersection,,0,0
5379,intersection,,0,0
5380,intersection,,0,0
5381,intersection,,0,0
5382,intersection,,0,0
5383,intersection,,0,0
5384,intersection,,0,0
5385,intersection,,0,0
5386,intersection,,0,0
5387,intersection,,0,0
5388,intersection,,0,0
5389,intersection,,0,0
5390,intersection,,0,0
5391,intersection,,0,0
5392,intersection,,0,0
5393,intersection,,0,0
5394,intersection,,0,0
5395,intersection,,0,0
5396,intersection,,0,0
5397,intersection,,0,0
5398,intersection,,0,0
5399,intersection,,0,0
5400,intersection,,0,0
5401,intersection,,0,0
5402,intersection,,0,0
5403,intersection,,0,0
5404,intersection,,0,0
5405,intersection,,0,0
5406,intersection,,0,0
5407,intersection,,0,0
5408,intersection,,0,0
5409,intersection,,0,0
5410,intersection,,0,0
5411,intersection,,0,0
5412,intersection,,0,0
5413,intersection,,0,0
5414,intersection,,0,0
5415,intersection,,0,0
5416,intersection,,0,0
5417,intersection,,0,0
5418,intersection,,0,0
5419,intersection,,0,0
5420,intersection,,0,0
5421,intersection,,0,0
5422,intersection,,0,0
5423,intersection,,0,0
5424,intersection,,0,0
5425,intersection,,0,0
5426,intersection,,0,0
5427,intersection,,0,0
5428,intersection,,0,0
5429,intersection,,0,0
5430,intersection,,0,0
5431,intersection,,0,0
5432,intersection,,0,0
5433,intersection,,0,0
5434,intersection,,0,0
5435,intersection,,0,0
5436,intersection,,0,0
5437,intersection,,0,0
5438,intersection,,0,0
5439,intersection,,0,0
5440,intersection,,0,0
5441,intersection,,0,0
5442,intersection,,0,0
5443,intersection,,0,0
5444,intersection,,0,0
5445,intersection,,0,0
5446,intersection,,0,0
5447,intersection,,0,0
5448,intersection,,0,0
5449,intersection,,0,0
5450,intersection,,0,0
5451,intersection,,0,0
5452,intersection,,0,0
5453,intersection,,0,0
5454,intersection,,0,0
5455,intersection,,0,0
5456,intersection,,0,0
5457,intersection,,0,0
5458,intersection,,0,0
5459,intersection,,0,0
5460,intersection,,0,0
5461,intersection,,0,0
5462,intersection,,0,0
5463,intersection,,0,0
5464,intersection,,0,0
5465,intersection,,0,0
5466,intersection,,0,0
5467,intersection,,0,0
5468,intersection,,0,0
5469,intersection,,0,0
5470,intersection,,0,0
5471,intersection,,0,0
5472,intersection,,0,0
5473,intersection,,0,0
5474,intersection,,0,0
5475,intersection,,0,0
5476,intersection,,0,0
5477,intersection,,0,0
5478,intersection,,0,0
5479,intersection,,0,0
5480,intersection,,0,0
5481,intersection,,0,0
5482,intersection,,0,0
5483,intersection,,0,0
5484,intersection,,0,0
5485,intersection,,0,0
5486,intersection,,0,0
5487,intersection,,0,0
5488,intersection,,0,0
5489,intersection,,0,0
5490,intersection,,0,0
5491,intersection,,0,0
5492,intersection,,0,0
5493,intersection,,0,0
5494,intersection,,0,0
5495,intersection,,0,0
5496,intersection,,0,0
5497,intersection,,0,0
5498,intersection,,0,0
5499,intersection,,0,0
5500,intersection,,0,0
5501,intersection,,0,0
5502,intersection,,0,0
5503,intersection,,0,0
5504,intersection,,0,0
5505,intersection,,0,0
5506,intersection,,0,0
5507,intersection,,0,0
5508,intersection,,0,0
5509,intersection,,0,0
5510,intersection,,0,0
5511,intersection,,0,0
5512,intersection,,0,0
5513,intersection,,0,0
5514,intersection,,0,0
5515,intersection,,0,0
5516,intersection,,0,0
5517,intersection,,0,0
5518,intersection,,0,0
5519,intersection,,0,0
5520,intersection,,0,0
5521,intersection,,0,0
5522,intersection,,0,0
5523,intersection,,0,0
5524,intersection,,0,0
5525,intersection,,0,0
5526,intersection,,0,0
5527,intersection,,0,0
5528,intersection,,0,0
5529,intersection,,0,0
5530,intersection,,0,0
5531,intersection,,0,0
5532,intersection,,0,0
5533,intersection,,0,0
5534,intersection,,0,0
5535,intersection,,0,0
5536,intersection,,0,0
5537,intersection,,0,0
5538,intersection,,0,0
5539,intersection,,0,0
5540,intersection,,0,0
5541,intersection,,0,0
5542,intersection,,0,0
5543,intersection,,0,0
5544,intersection,,0,0
5545,intersection,,0,0
5546,intersection,,0,0
5547,intersection,,0,0
5548,intersection,,0,0
5549,intersection,,0,0
5550,intersection,,0,0
5551,intersection,,0,0
5552,intersection,,0,0
5553,intersection,,0,0
5554,intersection,,0,0
5555,intersection,,0,0
5556,intersection,,0,0
5557,intersection,,0,0
5558,intersection,,0,0
5559,intersection,,0,0
5560,intersection,,0,0
5561,intersection,,0,0
5562,intersection,,0,0
5563,intersection,,0,0
5564,intersection,,0,0
5565,intersection,,0,0
5566,intersection,,0,0
5567,intersection,,0,0
5568,intersection,,0,0
5569,intersection,,0,0
5570,intersection,,0,0
5571,intersection,,0,0
5572,intersection,,0,0
5573,intersection,,0,0
5574,intersection,,0,0
5575,intersection,,0,0
5576,intersection,,0,0
5577,intersection,,0,0
5578,intersection,,0,0
5579,intersection,,0,0
5580,intersection,,0,0
5581,intersection,,0,0
5582,intersection,,0,0
5583,intersection,,0,0
5584,intersection,,0,0
5585,intersection,,0,0
5586,intersection,,0,0
5587,intersection,,0,0
5588,intersection,,0,0
5589,intersection,,0,0
5590,intersection,,0,0
5591,intersection,,0,0
5592,intersection,,0,0
5593,intersection,,0,0
5594,intersection,,0,0
5595,intersection,,0,0
5596,intersection,,0,0
5597,intersection,,0,0
5598,intersection,,0,0
5599,intersection,,0,0
5600,intersection,,0,0
5601,intersection,,0,0
5602,intersection,,0,0
5603,intersection,,0,0
5604,intersection,,0,0
5605,intersection,,0,0
5606,intersection,,0,0
5607,intersection,,0,0
5608,intersection,,0,0
5609,intersection,,0,0
5610,intersection,,0,0
5611,intersection,,0,0
5612,intersection,,0,0
5613,intersection,,0,0
5614,intersection,,0,0
5615,intersection,,0,0
5616,intersection,,0,0
5617,intersection,,0,0
5618,intersection,,0,0
5619,intersection,,0,0
5620,intersection,,0,0
5621,intersection,,0,0
5622,intersection,,0,0
5623,intersection,,0,0
5624,intersection,,0,0
5625,intersection,,0,0
5626,intersection,,0,0
5627,intersection,,0,0
5628,intersection,,0,0
5629,intersection,,0,0
5630,intersection,,0,0
5631,intersection,,0,0
5632,intersection,,0,0
5633,intersection,,0,0
5634,intersection,,0,0
5635,intersection,,0,0
5636,intersection,,0,0
5637,intersection,,0,0
5638,intersection,,0,0
5639,intersection,,0,0
5640,intersection,,0,0
5641,intersection,,0,0
5642,intersection,,0,0
5643,intersection,,0,0
5644,intersection,,0,0
5645,intersection,,0,0
5646,intersection,,0,0
5647,intersection,,0,0
5648,intersection,,0,0
5649,intersection,,0,0
5650,intersection,,0,0
5651,intersection,,0,0
5652,intersection,,0,0
5653,intersection,,0,0
5654,intersection,,0,0
5655,intersection,,0,0
5656,intersection,,0,0
5657,intersection,,0,0
5658,intersection,,0,0
5659,intersection,,0,0
5660,intersection,,0,0
5661,intersection,,0,0
5662,intersection,,0,0
5663,intersection,,0,0
5664,intersection,,0,0
5665,intersection,,0,0
5666,intersection,,0,0
5667,intersection,,0,0
5668,intersection,,0,0
5669,intersection,,0,0
5670,intersection,,0,0
5671,intersection,,0,0
5672,intersection,,0,0
5673,intersection,,0,0
5674,intersection,,0,0
5675,intersection,,0,0
5676,intersection,,0,0
5677,intersection,,0,0
5678,intersection,,0,0
5679,intersection,,0,0
5680,intersection,,0,0
5681,intersection,,0,0
5682,intersection,,0,0
5683,intersection,,0,0
5684,intersection,,0,0
5685,intersection,,0,0
5686,intersection,,0,0
5687,intersection,,0,0
5688,intersection,,0,0
5689,intersection,,0,0
5690,intersection,,0,0
5691,intersection,,0,0
5692,intersection,,0,0
5693,intersection,,0,0
5694,intersection,,0,0
5695,intersection,,0,0
5696,intersection,,0,0
5697,intersection,,0,0
5698,intersection,,0,0
5699,intersection,,0,0
5700,intersection,,0,0
5701,intersection,,0,0
5702,intersection,,0,0
5703,intersection,,0,0
5704,intersection,,0,0
5705,intersection,,0,0
5706,intersection,,0,0
5707,intersection,,0,0
5708,intersection,,0,0
5709,intersection,,0,0
5710,intersection,,0,0
5711,intersection,,0,0
5712,intersection,,0,0
5713,intersection,,0,0
5714,intersection,,0,0
5715,intersection,,0,0
5716,intersection,,0,0
5717,intersection,,0,0
5718,intersection,,0,0
5719,intersection,,0,0
5720,intersection,,0,0
5721,intersection,,0,0
5722,intersection,,0,0
5723,intersection,,0,0
5724,intersection,,0,0
5725,intersection,,0,0
5726,intersection,,0,0
5727,intersection,,0,0
5728,intersection,,0,0
5729,intersection,,0,0
5730,intersection,,0,0
5731,intersection,,0,0
5732,intersection,,0,0
5733,intersection,,0,0
5734,intersection,,0,0
5735,intersection,,0,0
5736,intersection,,0,0
5737,intersection,,0,0
5738,intersection,,0,0
5739,intersection,,0,0
5740,intersection,,0,0
5741,intersection,,0,0
5742,intersection,,0,0
5743,intersection,,0,0
5744,intersection,,0,0
5745,intersection,,0,0
5746,intersection,,0,0
5747,intersection,,0,0
5748,intersection,,0,0
5749,intersection,,0,0
5750,intersection,,0,0
5751,intersection,,0,0
5752,intersection,,0,0
5753,intersection,,0,0
5754,intersection,,0,0
5755,intersection,,0,0
5756,intersection,,0,0
5757,intersection,,0,0
5758,intersection,,0,0
5759,intersection,,0,0
5760,intersection,,0,0
5761,intersection,,0,0
5762,intersection,,0,0
5763,intersection,,0,0
5764,intersection,,0,0
5765,intersection,,0,0
5766,intersection,,0,0
5767,intersection,,0,0
5768,intersection,,0,0
5769,intersection,,0,0
5770,intersection,,0,0
5771,intersection,,0,0
5772,intersection,,0,0
5773,intersection,,0,0
5774,intersection,,0,0
5775,intersection,,0,0
5776,intersection,,0,0
5777,intersection,,0,0
5778,intersection,,0,0
5779,intersection,,0,0
5780,intersection,,0,0
5781,intersection,,0,0
5782,intersection,,0,0
5783,intersection,,0,0
5784,intersection,,0,0
5785,intersection,,0,0
5786,intersection,,0,0
5787,intersection,,0,0
5788,intersection,,0,0
5789,intersection,,0,0
5790,intersection,,0,0
5791,intersection,,0,0
5792,intersection,,0,0
5793,intersection,,0,0
5794,intersection,,0,0
5795,intersection,,0,0
5796,intersection,,0,0
5797,intersection,,0,0
5798,intersection,,0,0
5799,intersection,,0,0
5800,intersection,,0,0
5801,intersection,,0,0
5802,intersection,,0,0
5803,intersection,,0,0
5804,intersection,,0,0
5805,intersection,,0,0
5806,intersection,,0,0
5807,intersection,,0,0
5808,intersection,,0,0
5809,intersection,,0,0
5810,intersection,,0,0
5811,intersection,,0,0
5812,intersection,,0,0
5813,intersection,,0,0
5814,intersection,,0,0
5815,intersection,,0,0
5816,intersection,,0,0
5817,intersection,,0,0
5818,intersection,,0,0
5819,intersection,,0,0
5820,intersection,,0,0
5821,intersection,,0,0
5822,intersection,,0,0
5823,intersection,,0,0
5824,intersection,,0,0
5825,intersection,,0,0
5826,intersection,,0,0
5827,intersection,,0,0
5828,intersection,,0,0
5829,intersection,,0,0
5830,intersection,,0,0
5831,intersection,,0,0
5832,intersection,,0,0
5833,intersection,,0,0
5834,intersection,,0,0
5835,intersection,,0,0
5836,intersection,,0,0
5837,intersection,,0,0
5838,intersection,,0,0
5839,intersection,,0,0
5840,intersection,,0,0
5841,intersection,,0,0
5842,intersection,,0,0
5843,intersection,,0,0
5844,intersection,,0,0
5845,intersection,,0,0
5846,intersection,,0,0
5847,intersection,,0,0
5848,intersection,,0,0
5849,intersection,,0,0
5850,intersection,,0,0
5851,intersection,,0,0
5852,intersection,,0,0
5853,intersection,,0,0
5854,intersection,,0,0
5855,intersection,,0,0
5856,intersection,,0,0
5857,intersection,,0,0
5858,intersection,,0,0
5859,intersection,,0,0
5860,intersection,,0,0
5861,intersection,,0,0
5862,intersection,,0,0
5863,intersection,,0,0
5864,intersection,,0,0
5865,intersection,,0,0
5866,intersection,,0,0
5867,intersection,,0,0
5868,intersection,,0,0
5869,intersection,,0,0
5870,intersection,,0,0
5871,intersection,,0,0
5872,intersection,,0,0
5873,intersection,,0,0
5874,intersection,,0,0
5875,intersection,,0,0
5876,intersection,,0,0
5877,intersection,,0,0
5878,intersection,,0,0
5879,intersection,,0,0
5880,intersection,,0,0
5881,intersection,,0,0
5882,intersection,,0,0
5883,intersection,,0,0
5884,intersection,,0,0
5885,intersection,,0,0
5886,intersection,,0,0
5887,intersection,,0,0
5888,intersection,,0,0
5889,intersection,,0,0
5890,intersection,,0,0
5891,intersection,,0,0
5892,intersection,,0,0
5893,intersection,,0,0
5894,intersection,,0,0
5895,intersection,,0,0
5896,intersection,,0,0
5897,intersection,,0,0
5898,intersection,,0,0
5899,intersection,,0,0
5900,intersection,,0,0
5901,intersection,,0,0
5902,intersection,,0,0
5903,intersection,,0,0
5904,intersection,,0,0
5905,intersection,,0,0
5906,intersection,,0,0
5907,intersection,,0,0
5908,intersection,,0,0
5909,intersection,,0,0
5910,intersection,,0,0
5911,intersection,,0,0
5912,intersection,,0,0
5913,intersection,,0,0
5914,intersection,,0,0
5915,intersection,,0,0
5916,intersection,,0,0
5917,intersection,,0,0
5918,intersection,,0,0
5919,intersection,,0,0
5920,intersection,,0,0
5921,intersection,,0,0
5922,intersection,,0,0
5923,intersection,,0,0
5924,intersection,,0,0
5925,intersection,,0,0
5926,intersection,,0,0
5927,intersection,,0,0
5928,intersection,,0,0
5929,intersection,,0,0
5930,intersection,,0,0
5931,intersection,,0,0
5932,intersection,,0,0
5933,intersection,,0,0
5934,intersection,,0,0
5935,intersection,,0,0
5936,intersection,,0,0
5937,intersection,,0,0
5938,intersection,,0,0
5939,intersection,,0,0
5940,intersection,,0,0
5941,intersection,,0,0
5942,intersection,,0,0
5943,intersection,,0,0
5944,intersection,,0,0
5945,intersection,,0,0
5946,intersection,,0,0
5947,intersection,,0,0
5948,intersection,,0,0
5949,intersection,,0,0
5950,intersection,,0,0
5951,intersection,,0,0
5952,intersection,,0,0
5953,intersection,,0,0
5954,intersection,,0,0
5955,intersection,,0,0
5956,intersection,,0,0
5957,intersection,,0,0
5958,intersection,,0,0
5959,intersection,,0,0
5960,intersection,,0,0
5961,intersection,,0,0
5962,intersection,,0,0
5963,intersection,,0,0
5964,intersection,,0,0
5965,intersection,,0,0
5966,intersection,,0,0
5967,intersection,,0,0
5968,intersection,,0,0
5969,intersection,,0,0
5970,intersection,,0,0
5971,intersection,,0,0
5972,intersection,,0,0
5973,intersection,,0,0
5974,intersection,,0,0
5975,intersection,,0,0
5976,intersection,,0,0
5977,intersection,,0,0
5978,intersection,,0,0
5979,intersection,,0,0
5980,intersection,,0,0
5981,intersection,,0,0
5982,intersection,,0,0
5983,intersection,,0,0
5984,intersection,,0,0
5985,intersection,,0,0
5986,intersection,,0,0
5987,intersection,,0,0
5988,intersection,,0,0
5989,intersection,,0,0
5990,intersection,,0,0
5991,intersection,,0,0
5992,intersection,,0,0
5993,intersection,,0,0
5994,intersection,,0,0
5995,intersection,,0,0
5996,intersection,,0,0
5997,intersection,,0,0
5998,intersection,,0,0
5999,intersection,,0,0
6000,intersection,,0,0
6001,intersection,,0,0
6002,intersection,,0,0
6003,intersection,,0,0
6004,intersection,,0,0
6005,intersection,,0,0
6006,intersection,,0,0
6007,intersection,,0,0
6008,intersection,,0,0
6009,intersection,,0,0
6010,intersection,,0,0
6011,intersection,,0,0
6012,intersection,,0,0
6013,intersection,,0,0
6014,intersection,,0,0
6015,intersection,,0,0
6016,intersection,,0,0
6017,intersection,,0,0
6018,intersection,,0,0
6019,intersection,,0,0
6020,intersection,,0,0
6021,intersection,,0,0
6022,intersection,,0,0
6023,intersection,,0,0
6024,intersection,,0,0
6025,intersection,,0,0
6026,intersection,,0,0
6027,intersection,,0,0
6028,intersection,,0,0
6029,intersection,,0,0
6030,intersection,,0,0
6031,intersection,,0,0
6032,intersection,,0,0
6033,intersection,,0,0
6034,intersection,,0,0
6035,intersection,,0,0
6036,intersection,,0,0
6037,intersection,,0,0
6038,intersection,,0,0
6039,intersection,,0,0
6040,intersection,,0,0
6041,intersection,,0,0
6042,intersection,,0,0
6043,intersection,,0,0
6044,intersection,,0,0
6045,intersection,,0,0
6046,intersection,,0,0
6047,intersection,,0,0
6048,intersection,,0,0
6049,intersection,,0,0
6050,intersection,,0,0
6051,intersection,,0,0
6052,intersection,,0,0
6053,intersection,,0,0
6054,intersection,,0,0
6055,intersection,,0,0
6056,intersection,,0,0
6057,intersection,,0,0
6058,intersection,,0,0
6059,intersection,,0,0
6060,intersection,,0,0
6061,intersection,,0,0
6062,intersection,,0,0
6063,intersection,,0,0
6064,intersection,,0,0
6065,intersection,,0,0
6066,intersection,,0,0
6067,intersection,,0,0
6068,intersection,,0,0
6069,intersection,,0,0
6070,intersection,,0,0
6071,intersection,,0,0
6072,intersection,,0,0
6073,intersection,,0,0
6074,intersection,,0,0
6075,intersection,,0,0
6076,intersection,,0,0
6077,intersection,,0,0
6078,intersection,,0,0
6079,intersection,,0,0
6080,intersection,,0,0
6081,intersection,,0,0
6082,intersection,,0,0
6083,intersection,,0,0
6084,intersection,,0,0
6085,intersection,,0,0
6086,intersection,,0,0
6087,intersection,,0,0
6088,intersection,,0,0
6089,intersection,,0,0
6090,intersection,,0,0
6091,intersection,,0,0
6092,intersection,,0,0
6093,intersection,,0,0
6094,intersection,,0,0
6095,intersection,,0,0
6096,intersection,,0,0
6097,intersection,,0,0
6098,intersection,,0,0
6099,intersection,,0,0
6100,intersection,,0,0
6101,intersection,,0,0
6102,intersection,,0,0
6103,intersection,,0,0
6104,intersection,,0,0
6105,intersection,,0,0
6106,intersection,,0,0
6107,intersection,,0,0
6108,intersection,,0,0
6109,intersection,,0,0
6110,intersection,,0,0
6111,intersection,,0,0
6112,intersection,,0,0
6113,intersection,,0,0
6114,intersection,,0,0
6115,intersection,,0,0
6116,intersection,,0,0
6117,intersection,,0,0
6118,intersection,,0,0
6119,intersection,,0,0
6120,intersection,,0,0
6121,intersection,,0,0
6122,intersection,,0,0
6123,intersection,,0,0
6124,intersection,,0,0
6125,intersection,,0,0
6126,intersection,,0,0
6127,intersection,,0,0
6128,intersection,,0,0
6129,intersection,,0,0
6130,intersection,,0,0
6131,intersection,,0,0
6132,intersection,,0,0
6133,intersection,,0,0
6134,intersection,,0,0
6135,intersection,,0,0
6136,intersection,,0,0
6137,intersection,,0,0
6138,intersection,,0,0
6139,intersection,,0,0
6140,intersection,,0,0
6141,intersection,,0,0
6142,intersection,,0,0
6143,intersection,,0,0
6144,intersection,,0,0
6145,intersection,,0,0
6146,intersection,,0,0
6147,intersection,,0,0
6148,intersection,,0,0
6149,intersection,,0,0
6150,intersection,,0,0
6151,intersection,,0,0
6152,intersection,,0,0
6153,intersection,,0,0
6154,intersection,,0,0
6155,intersection,,0,0
6156,intersection,,0,0
6157,intersection,,0,0
6158,intersection,,0,0
6159,intersection,,0,0
6160,intersection,,0,0
6161,intersection,,0,0
6162,intersection,,0,0
6163,intersection,,0,0
6164,intersection,,0,0
6165,intersection,,0,0
6166,intersection,,0,0
6167,intersection,,0,0
6168,intersection,,0,0
6169,intersection,,0,0
6170,intersection,,0,0
6171,intersection,,0,0
6172,intersection,,0,0
6173,intersection,,0,0
6174,intersection,,0,0
6175,intersection,,0,0
6176,intersection,,0,0
6177,intersection,,0,0
6178,intersection,,0,0
6179,intersection,,0,0
6180,intersection,,0,0
6181,intersection,,0,0
6182,intersection,,0,0
6183,intersection,,0,0
6184,intersection,,0,0
6185,intersection,,0,0
6186,intersection,,0,0
6187,intersection,,0,0
6188,intersection,,0,0
6189,intersection,,0,0
6190,intersection,,0,0
6191,intersection,,0,0
6192,intersection,,0,0
6193,intersection,,0,0
6194,intersection,,0,0
6195,intersection,,0,0
6196,intersection,,0,0
6197,intersection,,0,0
6198,intersection,,0,0
6199,intersection,,0,0
6200,intersection,,0,0
6201,intersection,,0,0
6202,intersection,,0,0
6203,intersection,,0,0
6204,intersection,,0,0
6205,intersection,,0,0
6206,intersection,,0,0
6207,intersection,,0,0
6208,intersection,,0,0
6209,intersection,,0,0
6210,intersection,,0,0
6211,intersection,,0,0
6212,intersection,,0,0
6213,intersection,,0,0
6214,intersection,,0,0
6215,intersection,,0,0
6216,intersection,,0,0
6217,intersection,,0,0
6218,intersection,,0,0
6219,intersection,,0,0
6220,intersection,,0,0
6221,intersection,,0,0
6222,intersection,,0,0
6223,intersection,,0,0
6224,intersection,,0,0
6225,intersection,,0,0
6226,intersection,,0,0
6227,intersection,,0,0
6228,intersection,,0,0
6229,intersection,,0,0
6230,intersection,,0,0
6231,intersection,,0,0
6232,intersection,,0,0
6233,intersection,,0,0
6234,intersection,,0,0
6235,intersection,,0,0
6236,intersection,,0,0
6237,intersection,,0,0
6238,intersection,,0,0
6239,intersection,,0,0
6240,intersection,,0,0
6241,intersection,,0,0
6242,intersection,,0,0
6243,intersection,,0,0
6244,intersection,,0,0
6245,intersection,,0,0
6246,intersection,,0,0
6247,intersection,,0,0
6248,intersection,,0,0
6249,intersection,,0,0
6250,intersection,,0,0
6251,intersection,,0,0
6252,intersection,,0,0
6253,intersection,,0,0
6254,intersection,,0,0
6255,intersection,,0,0
6256,intersection,,0,0
6257,intersection,,0,0
6258,intersection,,0,0
6259,intersection,,0,0
6260,intersection,,0,0
6261,intersection,,0,0
6262,intersection,,0,0
6263,intersection,,0,0
6264,intersection,,0,0
6265,intersection,,0,0
6266,intersection,,0,0
6267,intersection,,0,0
6268,intersection,,0,0
6269,intersection,,0,0
6270,intersection,,0,0
6271,intersection,,0,0
6272,intersection,,0,0
6273,intersection,,0,0
6274,intersection,,0,0
6275,intersection,,0,0
6276,intersection,,0,0
6277,intersection,,0,0
6278,intersection,,0,0
6279,intersection,,0,0
6280,intersection,,0,0
6281,intersection,,0,0
6282,intersection,,0,0
6283,intersection,,0,0
6284,intersection,,0,0
6285,intersection,,0,0
6286,intersection,,0,0
6287,intersection,,0,0
6288,intersection,,0,0
6289,intersection,,0,0
6290,intersection,,0,0
6291,intersection,,0,0
6292,intersection,,0,0
6293,intersection,,0,0
6294,intersection,,0,0
6295,intersection,,0,0
6296,intersection,,0,0
6297,intersection,,0,0
6298,intersection,,0,0
6299,intersection,,0,0
6300,intersection,,0,0
6301,intersection,,0,0
6302,intersection,,0,0
6303,intersection,,0,0
6304,intersection,,0,0
6305,intersection,,0,0
6306,intersection,,0,0
6307,intersection,,0,0
6308,intersection,,0,0
6309,intersection,,0,0
6310,intersection,,0,0
6311,intersection,,0,0
6312,intersection,,0,0
6313,intersection,,0,0
6314,intersection,,0,0
6315,intersection,,0,0
6316,intersection,,0,0
6317,intersection,,0,0
6318,intersection,,0,0
6319,intersection,,0,0
6320,intersection,,0,0
6321,intersection,,0,0
6322,intersection,,0,0
6323,intersection,,0,0
6324,intersection,,0,0
6325,intersection,,0,0
6326,intersection,,0,0
6327,intersection,,0,0
6328,intersection,,0,0
6329,intersection,,0,0
6330,intersection,,0,0
6331,intersection,,0,0
6332,intersection,,0,0
6333,intersection,,0,0
6334,intersection,,0,0
6335,intersection,,0,0
6336,intersection,,0,0
6337,intersection,,0,0
6338,intersection,,0,0
6339,intersection,,0,0
6340,intersection,,0,0
6341,intersection,,0,0
6342,intersection,,0,0
6343,intersection,,0,0
6344,intersection,,0,0
6345,intersection,,0,0
6346,intersection,,0,0
6347,intersection,,0,0
6348,intersection,,0,0
6349,intersection,,0,0
6350,intersection,,0,0
6351,intersection,,0,0
6352,intersection,,0,0
6353,intersection,,0,0
6354,intersection,,0,0
6355,intersection,,0,0
6356,intersection,,0,0
6357,intersection,,0,0
6358,intersection,,0,0
6359,intersection,,0,0
6360,intersection,,0,0
6361,intersection,,0,0
6362,intersection,,0,0
6363,intersection,,0,0
6364,intersection,,0,0
6365,intersection,,0,0
6366,intersection,,0,0
6367,intersection,,0,0
6368,intersection,,0,0
6369,intersection,,0,0
6370,intersection,,0,0
6371,intersection,,0,0
6372,intersection,,0,0
6373,intersection,,0,0
6374,intersection,,0,0
6375,intersection,,0,0
6376,intersection,,0,0
6377,intersection,,0,0
6378,intersection,,0,0
6379,intersection,,0,0
6380,intersection,,0,0
6381,intersection,,0,0
6382,intersection,,0,0
6383,intersection,,0,0
6384,intersection,,0,0
6385,intersection,,0,0
6386,intersection,,0,0
6387,intersection,,0,0
6388,intersection,,0,0
6389,intersection,,0,0
6390,intersection,,0,0
6391,intersection,,0,0
6392,intersection,,0,0
6393,intersection,,0,0
6394,intersection,,0,0
6395,intersection,,0,0
6396,intersection,,0,0
6397,intersection,,0,0
6398,intersection,,0,0
6399,intersection,,0,0
6400,intersection,,0,0
6401,intersection,,0,0
6402,intersection,,0,0
6403,intersection,,0,0
6404,intersection,,0,0
6405,intersection,,0,0
6406,intersection,,0,0
6407,intersection,,0,0
6408,intersection,,0,0
6409,intersection,,0,0
6410,intersection,,0,0
6411,intersection,,0,0
6412,intersection,,0,0
6413,intersection,,0,0
6414,intersection,,0,0
6415,intersection,,0,0
6416,intersection,,0,0
6417,intersection,,0,0
6418,intersection,,0,0
6419,intersection,,0,0
6420,intersection,,0,0
6421,intersection,,0,0
6422,intersection,,0,0
6423,intersection,,0,0
6424,intersection,,0,0
6425,intersection,,0,0
6426,intersection,,0,0
6427,intersection,,0,0
6428,intersection,,0,0
6429,intersection,,0,0
6430,intersection,,0,0
6431,intersection,,0,0
6432,intersection,,0,0
6433,intersection,,0,0
6434,intersection,,0,0
6435,intersection,,0,0
6436,intersection,,0,0
6437,intersection,,0,0
6438,intersection,,0,0
6439,intersection,,0,0
6440,intersection,,0,0
6441,intersection,,0,0
6442,intersection,,0,0
6443,intersection,,0,0
6444,intersection,,0,0
6445,intersection,,0,0
6446,intersection,,0,0
6447,intersection,,0,0
6448,intersection,,0,0
6449,intersection,,0,0
6450,intersection,,0,0
6451,intersection,,0,0
6452,intersection,,0,0
6453,intersection,,0,0
6454,intersection,,0,0
6455,intersection,,0,0
6456,intersection,,0,0
6457,intersection,,0,0
6458,intersection,,0,0
6459,intersection,,0,0
6460,intersection,,0,0
6461,intersection,,0,0
6462,intersection,,0,0
6463,intersection,,0,0
6464,intersection,,0,0
6465,intersection,,0,0
6466,intersection,,0,0
6467,intersection,,0,0
6468,intersection,,0,0
6469,intersection,,0,0
6470,intersection,,0,0
6471,intersection,,0,0
6472,intersection,,0,0
6473,intersection,,0,0
6474,intersection,,0,0
6475,intersection,,0,0
6476,intersection,,0,0
6477,intersection,,0,0
6478,intersection,,0,0
6479,intersection,,0,0
6480,intersection,,0,0
6481,intersection,,0,0
6482,intersection,,0,0
6483,intersection,,0,0
6484,intersection,,0,0
6485,intersection,,0,0
6486,intersection,,0,0
6487,intersection,,0,0
6488,intersection,,0,0
6489,intersection,,0,0
6490,intersection,,0,0
6491,intersection,,0,0
6492,intersection,,0,0
6493,intersection,,0,0
6494,intersection,,0,0
6495,intersection,,0,0
6496,intersection,,0,0
6497,intersection,,0,0
6498,intersection,,0,0
6499,intersection,,0,0
6500,intersection,,0,0
6501,intersection,,0,0
6502,intersection,,0,0
6503,intersection,,0,0
6504,intersection,,0,0
6505,intersection,,0,0
6506,intersection,,0,0
6507,intersection,,0,0
6508,intersection,,0,0
6509,intersection,,0,0
6510,intersection,,0,0
6511,intersection,,0,0
6512,intersection,,0,0
6513,intersection,,0,0
6514,intersection,,0,0
6515,intersection,,0,0
6516,intersection,,0,0
6517,intersection,,0,0
6518,intersection,,0,0
6519,intersection,,0,0
6520,intersection,,0,0
6521,intersection,,0,0
6522,intersection,,0,0
6523,intersection,,0,0
6524,intersection,,0,0
6525,intersection,,0,0
6526,intersection,,0,0
6527,intersection,,0,0
6528,intersection,,0,0
6529,intersection,,0,0
6530,intersection,,0,0
6531,intersection,,0,0
6532,intersection,,0,0
6533,intersection,,0,0
6534,intersection,,0,0
6535,intersection,,0,0
6536,intersection,,0,0
6537,intersection,,0,0
6538,intersection,,0,0
6539,intersection,,0,0
6540,intersection,,0,0
6541,intersection,,0,0
6542,intersection,,0,0
6543,intersection,,0,0
6544,intersection,,0,0
6545,intersection,,0,0
6546,intersection,,0,0
6547,intersection,,0,0
6548,intersection,,0,0
6549,intersection,,0,0
6550,intersection,,0,0
6551,intersection,,0,0
6552,intersection,,0,0
6553,intersection,,0,0
6554,intersection,,0,0
6555,intersection,,0,0
6556,intersection,,0,0
6557,intersection,,0,0
6558,intersection,,0,0
6559,intersection,,0,0
6560,intersection,,0,0
6561,intersection,,0,0
6562,intersection,,0,0
6563,intersection,,0,0
6564,intersection,,0,0
6565,intersection,,0,0
6566,intersection,,0,0
6567,intersection,,0,0
6568,intersection,,0,0
6569,intersection,,0,0
6570,intersection,,0,0
6571,intersection,,0,0
6572,intersection,,0,0
6573,intersection,,0,0
6574,intersection,,0,0
6575,intersection,,0,0
6576,intersection,,0,0
6577,intersection,,0,0
6578,intersection,,0,0
6579,intersection,,0,0
6580,intersection,,0,0
6581,intersection,,0,0
6582,intersection,,0,0
6583,intersection,,0,0
6584,intersection,,0,0
6585,intersection,,0,0
6586,intersection,,0,0
6587,intersection,,0,0
6588,intersection,,0,0
6589,intersection,,0,0
6590,intersection,,0,0
6591,intersection,,0,0
6592,intersection,,0,0
6593,intersection,,0,0
6594,intersection,,0,0
6595,intersection,,0,0
6596,intersection,,0,0
6597,intersection,,0,0
6598,intersection,,0,0
6599,intersection,,0,0
6600,intersection,,0,0
6601,intersection,,0,0
6602,intersection,,0,0
6603,intersection,,0,0
6604,intersection,,0,0
6605,intersection,,0,0
6606,intersection,,0,0
6607,intersection,,0,0
6608,intersection,,0,0
6609,intersection,,0,0
6610,intersection,,0,0
6611,intersection,,0,0
6612,intersection,,0,0
6613,intersection,,0,0
6614,intersection,,0,0
6615,intersection,,0,0
6616,intersection,,0,0
6617,intersection,,0,0
6618,intersection,,0,0
6619,intersection,,0,0
6620,intersection,,0,0
6621,intersection,,0,0
6622,intersection,,0,0
6623,intersection,,0,0
6624,intersection,,0,0
6625,intersection,,0,0
6626,intersection,,0,0
6627,intersection,,0,0
6628,intersection,,0,0
6629,intersection,,0,0
6630,intersection,,0,0
6631,intersection,,0,0
6632,intersection,,0,0
6633,intersection,,0,0
6634,intersection,,0,0
6635,intersection,,0,0
6636,intersection,,0,0
6637,intersection,,0,0
6638,intersection,,0,0
6639,intersection,,0,0
6640,intersection,,0,0
6641,intersection,,0,0
6642,intersection,,0,0
6643,intersection,,0,0
6644,intersection,,0,0
6645,intersection,,0,0
6646,intersection,,0,0
6647,intersection,,0,0
6648,intersection,,0,0
6649,intersection,,0,0
6650,intersection,,0,0
6651,intersection,,0,0
6652,intersection,,0,0
6653,intersection,,0,0
6654,intersection,,0,0
6655,intersection,,0,0
6656,intersection,,0,0
6657,intersection,,0,0
6658,intersection,,0,0
6659,intersection,,0,0
6660,intersection,,0,0
6661,intersection,,0,0
6662,intersection,,0,0
6663,intersection,,0,0
6664,intersection,,0,0
6665,intersection,,0,0
6666,intersection,,0,0
6667,intersection,,0,0
6668,intersection,,0,0
6669,intersection,,0,0
6670,intersection,,0,0
6671,intersection,,0,0
6672,intersection,,0,0
6673,intersection,,0,0
6674,intersection,,0,0
6675,intersection,,0,0
6676,intersection,,0,0
6677,intersection,,0,0
6678,intersection,,0,0
6679,intersection,,0,0
6680,intersection,,0,0
6681,intersection,,0,0
6682,intersection,,0,0
6683,intersection,,0,0
6684,intersection,,0,0
6685,intersection,,0,0
6686,intersection,,0,0
6687,intersection,,0,0
6688,intersection,,0,0
6689,intersection,,0,0
6690,intersection,,0,0
6691,intersection,,0,0
6692,intersection,,0,0
6693,intersection,,0,0
6694,intersection,,0,0
6695,intersection,,0,0
6696,intersection,,0,0
6697,intersection,,0,0
6698,intersection,,0,0
6699,intersection,,0,0
6700,intersection,,0,0
6701,intersection,,0,0
6702,intersection,,0,0
6703,intersection,,0,0
6704,intersection,,0,0
6705,intersection,,0,0
6706,intersection,,0,0
6707,intersection,,0,0
6708,intersection,,0,0
6709,intersection,,0,0
6710,intersection,,0,0
6711,intersection,,0,0
6712,intersection,,0,0
6713,intersection,,0,0
6714,intersection,,0,0
6715,intersection,,0,0
6716,intersection,,0,0
6717,intersection,,0,0
6718,intersection,,0,0
6719,intersection,,0,0
6720,intersection,,0,0
6721,intersection,,0,0
6722,intersection,,0,0
6723,intersection,,0,0
6724,intersection,,0,0
6725,intersection,,0,0
6726,intersection,,0,0
6727,intersection,,0,0
6728,intersection,,0,0
6729,intersection,,0,0
6730,intersection,,0,0
6731,intersection,,0,0
6732,intersection,,0,0
6733,intersection,,0,0
6734,intersection,,0,0
6735,intersection,,0,0
6736,intersection,,0,0
6737,intersection,,0,0
6738,intersection,,0,0
6739,intersection,,0,0
6740,intersection,,0,0
6741,intersection,,0,0
6742,intersection,,0,0
6743,intersection,,0,0
6744,intersection,,0,0
6745,intersection,,0,0
6746,intersection,,0,0
6747,intersection,,0,0
6748,intersection,,0,0
6749,intersection,,0,0
6750,intersection,,0,0
6751,intersection,,0,0
6752,intersection,,0,0
6753,intersection,,0,0
6754,intersection,,0,0
6755,intersection,,0,0
6756,intersection,,0,0
6757,intersection,,0,0
6758,intersection,,0,0
6759,intersection,,0,0
6760,intersection,,0,0
6761,intersection,,0,0
6762,intersection,,0,0
6763,intersection,,0,0
6764,intersection,,0,0
6765,intersection,,0,0
6766,intersection,,0,0
6767,intersection,,0,0
6768,intersection,,0,0
6769,intersection,,0,0
6770,intersection,,0,0
6771,intersection,,0,0
6772,intersection,,0,0
6773,intersection,,0,0
6774,intersection,,0,0
6775,intersection,,0,0
6776,intersection,,0,0
6777,intersection,,0,0
6778,intersection,,0,0
6779,intersection,,0,0
6780,intersection,,0,0
6781,intersection,,0,0
6782,intersection,,0,0
6783,intersection,,0,0
6784,intersection,,0,0
6785,intersection,,0,0
6786,intersection,,0,0
6787,intersection,,0,0
6788,intersection,,0,0
6789,intersection,,0,0
6790,intersection,,0,0
6791,intersection,,0,0
6792,intersection,,0,0
6793,intersection,,0,0
6794,intersection,,0,0
6795,intersection,,0,0
6796,intersection,,0,0
6797,intersection,,0,0
6798,intersection,,0,0
6799,intersection,,0,0
6800,intersection,,0,0
6801,intersection,,0,0
6802,intersection,,0,0
6803,intersection,,0,0
6804,intersection,,0,0
6805,intersection,,0,0
6806,intersection,,0,0
6807,intersection,,0,0
6808,intersection,,0,0
6809,intersection,,0,0
6810,intersection,,0,0
6811,intersection,,0,0
6812,intersection,,0,0
6813,intersection,,0,0
6814,intersection,,0,0
6815,intersection,,0,0
6816,intersection,,0,0
6817,intersection,,0,0
6818,intersection,,0,0
6819,intersection,,0,0
6820,intersection,,0,0
6821,intersection,,0,0
6822,intersection,,0,0
6823,intersection,,0,0
6824,intersection,,0,0
6825,intersection,,0,0
6826,intersection,,0,0
6827,intersection,,0,0
6828,intersection,,0,0
6829,intersection,,0,0
6830,intersection,,0,0
6831,intersection,,0,0
6832,intersection,,0,0
6833,intersection,,0,0
6834,intersection,,0,0
6835,intersection,,0,0
6836,intersection,,0,0
6837,intersection,,0,0
6838,intersection,,0,0
6839,intersection,,0,0
6840,intersection,,0,0
6841,intersection,,0,0
6842,intersection,,0,0
6843,intersection,,0,0
6844,intersection,,0,0
6845,intersection,,0,0
6846,intersection,,0,0
6847,intersection,,0,0
6848,intersection,,0,0
6849,intersection,,0,0
6850,intersection,,0,0
6851,intersection,,0,0
6852,intersection,,0,0
6853,intersection,,0,0
6854,intersection,,0,0
6855,intersection,,0,0
6856,intersection,,0,0
6857,intersection,,0,0
6858,intersection,,0,0
6859,intersection,,0,0
6860,intersection,,0,0
6861,intersection,,0,0
6862,intersection,,0,0
6863,intersection,,0,0
6864,intersection,,0,0
6865,intersection,,0,0
6866,intersection,,0,0
6867,intersection,,0,0
6868,intersection,,0,0
6869,intersection,,0,0
6870,intersection,,0,0
6871,intersection,,0,0
6872,intersection,,0,0
6873,intersection,,0,0
6874,intersection,,0,0
6875,intersection,,0,0
6876,intersection,,0,0
6877,intersection,,0,0
6878,intersection,,0,0
6879,intersection,,0,0
6880,intersection,,0,0
6881,intersection,,0,0
6882,intersection,,0,0
6883,intersection,,0,0
6884,intersection,,0,0
6885,intersection,,0,0
6886,intersection,,0,0
6887,intersection,,0,0
6888,intersection,,0,0
6889,intersection,,0,0
6890,intersection,,0,0
6891,intersection,,0,0
6892,intersection,,0,0
6893,intersection,,0,0
6894,intersection,,0,0
6895,intersection,,0,0
6896,intersection,,0,0
6897,intersection,,0,0
6898,intersection,,0,0
6899,intersection,,0,0
6900,intersection,,0,0
6901,intersection,,0,0
6902,intersection,,0,0
6903,intersection,,0,0
6904,intersection,,0,0
6905,intersection,,0,0
6906,intersection,,0,0
6907,intersection,,0,0
6908,intersection,,0,0
6909,intersection,,0,0
6910,intersection,,0,0
6911,intersection,,0,0
6912,intersection,,0,0
6913,intersection,,0,0
6914,intersection,,0,0
6915,intersection,,0,0
6916,intersection,,0,0
6917,intersection,,0,0
6918,intersection,,0,0
6919,intersection,,0,0
6920,intersection,,0,0
6921,intersection,,0,0
6922,intersection,,0,0
6923,intersection,,0,0
6924,intersection,,0,0
6925,intersection,,0,0
6926,intersection,,0,0
6927,intersection,,0,0
6928,intersection,,0,0
6929,intersection,,0,0
6930,intersection,,0,0
6931,intersection,,0,0
6932,intersection,,0,0
6933,intersection,,0,0
6934,intersection,,0,0
6935,intersection,,0,0
6936,intersection,,0,0
6937,intersection,,0,0
6938,intersection,,0,0
6939,intersection,,0,0
6940,intersection,,0,0
6941,intersection,,0,0
6942,intersection,,0,0
6943,intersection,,0,0
6944,intersection,,0,0
6945,intersection,,0,0
6946,intersection,,0,0
6947,intersection,,0,0
6948,intersection,,0,0
6949,intersection,,0,0
6950,intersection,,0,0
6951,intersection,,0,0
6952,intersection,,0,0
6953,intersection,,0,0
6954,intersection,,0,0
6955,intersection,,0,0
6956,intersection,,0,0
6957,intersection,,0,0
6958,intersection,,0,0
6959,intersection,,0,0
6960,intersection,,0,0
6961,intersection,,0,0
6962,intersection,,0,0
6963,intersection,,0,0
6964,intersection,,0,0
6965,intersection,,0,0
6966,intersection,,0,0
6967,intersection,,0,0
6968,intersection,,0,0
6969,intersection,,0,0
6970,intersection,,0,0
6971,intersection,,0,0
6972,intersection,,0,0
6973,intersection,,0,0
6974,intersection,,0,0
6975,intersection,,0,0
6976,intersection,,0,0
6977,intersection,,0,0
6978,intersection,,0,0
6979,intersection,,0,0
6980,intersection,,0,0
6981,intersection,,0,0
6982,intersection,,0,0
6983,intersection,,0,0
6984,intersection,,0,0
6985,intersection,,0,0
6986,intersection,,0,0
6987,intersection,,0,0
6988,intersection,,0,0
6989,intersection,,0,0
6990,intersection,,0,0
6991,intersection,,0,0
6992,intersection,,0,0
6993,intersection,,0,0
6994,intersection,,0,0
6995,intersection,,0,0
6996,intersection,,0,0
6997,intersection,,0,0
6998,intersection,,0,0
6999,intersection,,0,0
7000,intersection,,0,0
7001,intersection,,0,0
7002,intersection,,0,0
7003,intersection,,0,0
7004,intersection,,0,0
7005,intersection,,0,0
7006,intersection,,0,0
7007,intersection,,0,0
7008,intersection,,0,0
7009,intersection,,0,0
7010,intersection,,0,0
7011,intersection,,0,0
7012,intersection,,0,0
7013,intersection,,0,0
7014,intersection,,0,0
7015,intersection,,0,0
7016,intersection,,0,0
7017,intersection,,0,0
7018,intersection,,0,0
7019,intersection,,0,0
7020,intersection,,0,0
7021,intersection,,0,0
7022,intersection,,0,0
7023,intersection,,0,0
7024,intersection,,0,0
7025,intersection,,0,0
7026,intersection,,0,0
7027,intersection,,0,0
7028,intersection,,0,0
7029,intersection,,0,0
7030,intersection,,0,0
7031,intersection,,0,0
7032,intersection,,0,0
7033,intersection,,0,0
7034,intersection,,0,0
7035,intersection,,0,0
7036,intersection,,0,0
7037,intersection,,0,0
7038,intersection,,0,0
7039,intersection,,0,0
7040,intersection,,0,0
7041,intersection,,0,0
7042,intersection,,0,0
7043,intersection,,0,0
7044,intersection,,0,0
7045,intersection,,0,0
7046,intersection,,0,0
7047,intersection,,0,0
7048,intersection,,0,0
7049,intersection,,0,0
7050,intersection,,0,0
7051,intersection,,0,0
7052,intersection,,0,0
7053,intersection,,0,0
7054,intersection,,0,0
7055,intersection,,0,0
7056,intersection,,0,0
7057,intersection,,0,0
7058,intersection,,0,0
7059,intersection,,0,0
7060,intersection,,0,0
7061,intersection,,0,0
7062,intersection,,0,0
7063,intersection,,0,0
7064,intersection,,0,0
7065,intersection,,0,0
7066,intersection,,0,0
7067,intersection,,0,0
7068,intersection,,0,0
7069,intersection,,0,0
7070,intersection,,0,0
7071,intersection,,0,0
7072,intersection,,0,0
7073,intersection,,0,0
7074,intersection,,0,0
7075,intersection,,0,0
7076,intersection,,0,0
7077,intersection,,0,0
7078,intersection,,0,0
7079,intersection,,0,0
7080,intersection,,0,0
7081,intersection,,0,0
7082,intersection,,0,0
7083,intersection,,0,0
7084,intersection,,0,0
7085,intersection,,0,0
7086,intersection,,0,0
7087,intersection,,0,0
7088,intersection,,0,0
7089,intersection,,0,0
7090,intersection,,0,0
7091,intersection,,0,0
7092,intersection,,0,0
7093,intersection,,0,0
7094,intersection,,0,0
7095,intersection,,0,0
7096,intersection,,0,0
7097,intersection,,0,0
7098,intersection,,0,0
7099,intersection,,0,0
7100,intersection,,0,0
7101,intersection,,0,0
7102,intersection,,0,0
7103,intersection,,0,0
7104,intersection,,0,0
7105,intersection,,0,0
7106,intersection,,0,0
7107,intersection,,0,0
7108,intersection,,0,0
7109,intersection,,0,0
7110,intersection,,0,0
7111,intersection,,0,0
7112,intersection,,0,0
7113,intersection,,0,0
7114,intersection,,0,0
7115,intersection,,0,0
7116,intersection,,0,0
7117,intersection,,0,0
7118,intersection,,0,0
7119,intersection,,0,0
7120,intersection,,0,0
7121,intersection,,0,0
7122,intersection,,0,0
7123,intersection,,0,0
7124,intersection,,0,0
7125,intersection,,0,0
7126,intersection,,0,0
7127,intersection,,0,0
7128,intersection,,0,0
7129,intersection,,0,0
7130,intersection,,0,0
7131,intersection,,0,0
7132,intersection,,0,0
7133,intersection,,0,0
7134,intersection,,0,0
7135,intersection,,0,0
7136,intersection,,0,0
7137,intersection,,0,0
7138,intersection,,0,0
7139,intersection,,0,0
7140,intersection,,0,0
7141,intersection,,0,0
7142,intersection,,0,0
7143,intersection,,0,0
7144,intersection,,0,0
7145,intersection,,0,0
7146,intersection,,0,0
7147,intersection,,0,0
7148,intersection,,0,0
7149,intersection,,0,0
7150,intersection,,0,0
7151,intersection,,0,0
7152,intersection,,0,0
7153,intersection,,0,0
7154,intersection,,0,0
7155,intersection,,0,0
7156,intersection,,0,0
7157,intersection,,0,0
7158,intersection,,0,0
7159,intersection,,0,0
7160,intersection,,0,0
7161,intersection,,0,0
7162,intersection,,0,0
7163,intersection,,0,0
7164,intersection,,0,0
7165,intersection,,0,0
7166,intersection,,0,0
7167,intersection,,0,0
7168,intersection,,0,0
7169,intersection,,0,0
7170,intersection,,0,0
7171,intersection,,0,0
7172,intersection,,0,0
7173,intersection,,0,0
7174,intersection,,0,0
7175,intersection,,0,0
7176,intersection,,0,0
7177,intersection,,0,0
7178,intersection,,0,0
7179,intersection,,0,0
7180,intersection,,0,0
7181,intersection,,0,0
7182,intersection,,0,0
7183,intersection,,0,0
7184,intersection,,0,0
7185,intersection,,0,0
7186,intersection,,0,0
7187,intersection,,0,0
7188,intersection,,0,0
7189,intersection,,0,0
7190,intersection,,0,0
7191,intersection,,0,0
7192,intersection,,0,0
7193,intersection,,0,0
7194,intersection,,0,0
7195,intersection,,0,0
7196,intersection,,0,0
7197,intersection,,0,0
7198,intersection,,0,0
7199,intersection,,0,0
7200,intersection,,0,0
7201,intersection,,0,0
7202,intersection,,0,0
7203,intersection,,0,0
7204,intersection,,0,0
7205,intersection,,0,0
7206,intersection,,0,0
7207,intersection,,0,0
7208,intersection,,0,0
7209,intersection,,0,0
7210,intersection,,0,0
7211,intersection,,0,0
7212,intersection,,0,0
7213,intersection,,0,0
7214,intersection,,0,0
7215,intersection,,0,0
7216,intersection,,0,0
7217,intersection,,0,0
7218,intersection,,0,0
7219,intersection,,0,0
7220,intersection,,0,0
7221,intersection,,0,0
7222,intersection,,0,0
7223,intersection,,0,0
7224,intersection,,0,0
7225,intersection,,0,0
7226,intersection,,0,0
7227,intersection,,0,0
7228,intersection,,0,0
7229,intersection,,0,0
7230,intersection,,0,0
7231,intersection,,0,0
7232,intersection,,0,0
7233,intersection,,0,0
7234,intersection,,0,0
7235,intersection,,0,0
7236,intersection,,0,0
7237,intersection,,0,0
7238,intersection,,0,0
7239,intersection,,0,0
7240,intersection,,0,0
7241,intersection,,0,0
7242,intersection,,0,0
7243,intersection,,0,0
7244,intersection,,0,0
7245,intersection,,0,0
7246,intersection,,0,0
7247,intersection,,0,0
7248,intersection,,0,0
7249,intersection,,0,0
7250,intersection,,0,0
7251,intersection,,0,0
7252,intersection,,0,0
7253,intersection,,0,0
7254,intersection,,0,0
7255,intersection,,0,0
7256,intersection,,0,0
7257,intersection,,0,0
7258,intersection,,0,0
7259,intersection,,0,0
7260,intersection,,0,0
7261,intersection,,0,0
7262,intersection,,0,0
7263,intersection,,0,0
7264,intersection,,0,0
7265,intersection,,0,0
7266,intersection,,0,0
7267,intersection,,0,0
7268,intersection,,0,0
7269,intersection,,0,0
7270,intersection,,0,0
7271,intersection,,0,0
7272,intersection,,0,0
7273,intersection,,0,0
7274,intersection,,0,0
7275,intersection,,0,0
7276,intersection,,0,0
7277,intersection,,0,0
7278,intersection,,0,0
7279,intersection,,0,0
7280,intersection,,0,0
7281,intersection,,0,0
7282,intersection,,0,0
7283,intersection,,0,0
7284,intersection,,0,0
7285,intersection,,0,0
7286,intersection,,0,0
7287,intersection,,0,0
7288,intersection,,0,0
7289,intersection,,0,0
7290,intersection,,0,0
7291,intersection,,0,0
7292,intersection,,0,0
7293,intersection,,0,0
7294,intersection,,0,0
7295,intersection,,0,0
7296,intersection,,0,0
7297,intersection,,0,0
7298,intersection,,0,0
7299,intersection,,0,0
7300,intersection,,0,0
7301,intersection,,0,0
7302,intersection,,0,0
7303,intersection,,0,0
7304,intersection,,0,0
7305,intersection,,0,0
7306,intersection,,0,0
7307,intersection,,0,0
7308,intersection,,0,0
7309,intersection,,0,0
7310,intersection,,0,0
7311,intersection,,0,0
7312,intersection,,0,0
7313,intersection,,0,0
7314,intersection,,0,0
7315,intersection,,0,0
7316,intersection,,0,0
7317,intersection,,0,0
7318,intersection,,0,0
7319,intersection,,0,0
7320,intersection,,0,0
7321,intersection,,0,0
7322,intersection,,0,0
7323,intersection,,0,0
7324,intersection,,0,0
7325,intersection,,0,0
7326,intersection,,0,0
7327,intersection,,0,0
7328,intersection,,0,0
7329,intersection,,0,0
7330,intersection,,0,0
7331,intersection,,0,0
7332,intersection,,0,0
7333,intersection,,0,0
7334,intersection,,0,0
7335,intersection,,0,0
7336,intersection,,0,0
7337,intersection,,0,0
7338,intersection,,0,0
7339,intersection,,0,0
7340,intersection,,0,0
7341,intersection,,0,0
7342,intersection,,0,0
7343,intersection,,0,0
7344,intersection,,0,0
7345,intersection,,0,0
7346,intersection,,0,0
7347,intersection,,0,0
7348,intersection,,0,0
7349,intersection,,0,0
7350,intersection,,0,0
7351,intersection,,0,0
7352,intersection,,0,0
7353,intersection,,0,0
7354,intersection,,0,0
7355,intersection,,0,0
7356,intersection,,0,0
7357,intersection,,0,0
7358,intersection,,0,0
7359,intersection,,0,0
7360,intersection,,0,0
7361,intersection,,0,0
7362,intersection,,0,0
7363,intersection,,0,0
7364,intersection,,0,0
7365,intersection,,0,0
7366,intersection,,0,0
7367,intersection,,0,0
7368,intersection,,0,0
7369,intersection,,0,0
7370,intersection,,0,0
7371,intersection,,0,0
7372,intersection,,0,0
7373,intersection,,0,0
7374,intersection,,0,0
7375,intersection,,0,0
7376,intersection,,0,0
7377,intersection,,0,0
7378,intersection,,0,0
7379,intersection,,0,0
7380,intersection,,0,0
7381,intersection,,0,0
7382,intersection,,0,0
7383,intersection,,0,0
7384,intersection,,0,0
7385,intersection,,0,0
7386,intersection,,0,0
7387,intersection,,0,0
7388,intersection,,0,0
7389,intersection,,0,0
7390,intersection,,0,0
7391,intersection,,0,0
7392,intersection,,0,0
7393,intersection,,0,0
7394,intersection,,0,0
7395,intersection,,0,0
7396,intersection,,0,0
7397,intersection,,0,0
7398,intersection,,0,0
7399,intersection,,0,0
7400,intersection,,0,0
7401,intersection,,0,0
7402,intersection,,0,0
7403,intersection,,0,0
7404,intersection,,0,0
7405,intersection,,0,0
7406,intersection,,0,0
7407,intersection,,0,0
7408,intersection,,0,0
7409,intersection,,0,0
7410,intersection,,0,0
7411,intersection,,0,0
7412,intersection,,0,0
7413,intersection,,0,0
7414,intersection,,0,0
7415,intersection,,0,0
7416,intersection,,0,0
7417,intersection,,0,0
7418,intersection,,0,0
7419,intersection,,0,0
7420,intersection,,0,0
7421,intersection,,0,0
7422,intersection,,0,0
7423,intersection,,0,0
7424,intersection,,0,0
7425,intersection,,0,0
7426,intersection,,0,0
7427,intersection,,0,0
7428,intersection,,0,0
7429,intersection,,0,0
7430,intersection,,0,0
7431,intersection,,0,0
7432,intersection,,0,0
7433,intersection,,0,0
7434,intersection,,0,0
7435,intersection,,0,0
7436,intersection,,0,0
7437,intersection,,0,0
7438,intersection,,0,0
7439,intersection,,0,0
7440,intersection,,0,0
7441,intersection,,0,0
7442,intersection,,0,0
7443,intersection,,0,0
7444,intersection,,0,0
7445,intersection,,0,0
7446,intersection,,0,0
7447,intersection,,0,0
7448,intersection,,0,0
7449,intersection,,0,0
7450,intersection,,0,0
7451,intersection,,0,0
7452,intersection,,0,0
7453,intersection,,0,0
7454,intersection,,0,0
7455,intersection,,0,0
7456,intersection,,0,0
7457,intersection,,0,0
7458,intersection,,0,0
7459,intersection,,0,0
7460,intersection,,0,0
7461,intersection,,0,0
7462,intersection,,0,0
7463,intersection,,0,0
7464,intersection,,0,0
7465,intersection,,0,0
7466,intersection,,0,0
7467,intersection,,0,0
7468,intersection,,0,0
7469,intersection,,0,0
7470,intersection,,0,0
7471,intersection,,0,0
7472,intersection,,0,0
7473,intersection,,0,0
7474,intersection,,0,0
7475,intersection,,0,0
7476,intersection,,0,0
7477,intersection,,0,0
7478,intersection,,0,0
7479,intersection,,0,0
7480,intersection,,0,0
7481,intersection,,0,0
7482,intersection,,0,0
7483,intersection,,0,0
7484,intersection,,0,0
7485,intersection,,0,0
7486,intersection,,0,0
7487,intersection,,0,0
7488,intersection,,0,0
7489,intersection,,0,0
7490,intersection,,0,0
7491,intersection,,0,0
7492,intersection,,0,0
7493,intersection,,0,0
7494,intersection,,0,0
7495,intersection,,0,0
7496,intersection,,0,0
7497,intersection,,0,0
7498,intersection,,0,0
7499,intersection,,0,0
7500,intersection,,0,0
7501,intersection,,0,0
7502,intersection,,0,0
7503,intersection,,0,0
7504,intersection,,0,0
7505,intersection,,0,0
7506,intersection,,0,0
7507,intersection,,0,0
7508,intersection,,0,0
7509,intersection,,0,0
7510,intersection,,0,0
7511,intersection,,0,0
7512,intersection,,0,0
7513,intersection,,0,0
7514,intersection,,0,0
7515,intersection,,0,0
7516,intersection,,0,0
7517,intersection,,0,0
7518,intersection,,0,0
7519,intersection,,0,0
7520,intersection,,0,0
7521,intersection,,0,0
7522,intersection,,0,0
7523,intersection,,0,0
7524,intersection,,0,0
7525,intersection,,0,0
7526,intersection,,0,0
7527,intersection,,0,0
7528,intersection,,0,0
7529,intersection,,0,0
7530,intersection,,0,0
7531,intersection,,0,0
7532,intersection,,0,0
7533,intersection,,0,0
7534,intersection,,0,0
7535,intersection,,0,0
7536,intersection,,0,0
7537,intersection,,0,0
7538,intersection,,0,0
7539,intersection,,0,0
7540,intersection,,0,0
7541,intersection,,0,0
7542,intersection,,0,0
7543,intersection,,0,0
7544,intersection,,0,0
7545,intersection,,0,0
7546,intersection,,0,0
7547,intersection,,0,0
7548,intersection,,0,0
7549,intersection,,0,0
7550,intersection,,0,0
7551,intersection,,0,0
7552,intersection,,0,0
7553,intersection,,0,0
7554,intersection,,0,0
7555,intersection,,0,0
7556,intersection,,0,0
7557,intersection,,0,0
7558,intersection,,0,0
7559,intersection,,0,0
7560,intersection,,0,0
7561,intersection,,0,0
7562,intersection,,0,0
7563,intersection,,0,0
7564,intersection,,0,0
7565,intersection,,0,0
7566,intersection,,0,0
7567,intersection,,0,0
7568,intersection,,0,0
7569,intersection,,0,0
7570,intersection,,0,0
7571,intersection,,0,0
7572,intersection,,0,0
7573,intersection,,0,0
7574,intersection,,0,0
7575,intersection,,0,0
7576,intersection,,0,0
7577,intersection,,0,0
7578,intersection,,0,0
7579,intersection,,0,0
7580,intersection,,0,0
7581,intersection,,0,0
7582,intersection,,0,0
7583,intersection,,0,0
7584,intersection,,0,0
7585,intersection,,0,0
7586,intersection,,0,0
7587,intersection,,0,0
7588,intersection,,0,0
7589,intersection,,0,0
7590,intersection,,0,0
7591,intersection,,0,0
7592,intersection,,0,0
7593,intersection,,0,0
7594,intersection,,0,0
7595,intersection,,0,0
7596,intersection,,0,0
7597,intersection,,0,0
7598,intersection,,0,0
7599,intersection,,0,0
7600,intersection,,0,0
7601,intersection,,0,0
7602,intersection,,0,0
7603,intersection,,0,0
7604,intersection,,0,0
7605,intersection,,0,0
7606,intersection,,0,0
7607,intersection,,0,0
7608,intersection,,0,0
7609,intersection,,0,0
7610,intersection,,0,0
7611,intersection,,0,0
7612,intersection,,0,0
7613,intersection,,0,0
7614,intersection,,0,0
7615,intersection,,0,0
7616,intersection,,0,0
7617,intersection,,0,0
7618,intersection,,0,0
7619,intersection,,0,0
7620,intersection,,0,0
7621,intersection,,0,0
7622,intersection,,0,0
7623,intersection,,0,0
7624,intersection,,0,0
7625,intersection,,0,0
7626,intersection,,0,0
7627,intersection,,0,0
7628,intersection,,0,0
7629,intersection,,0,0
7630,intersection,,0,0
7631,intersection,,0,0
7632,intersection,,0,0
7633,intersection,,0,0
7634,intersection,,0,0
7635,intersection,,0,0
7636,intersection,,0,0
7637,intersection,,0,0
7638,intersection,,0,0
7639,intersection,,0,0
7640,intersection,,0,0
7641,intersection,,0,0
7642,intersection,,0,0
7643,intersection,,0,0
7644,intersection,,0,0
7645,intersection,,0,0
7646,intersection,,0,0
7647,intersection,,0,0
7648,intersection,,0,0
7649,intersection,,0,0
7650,intersection,,0,0
7651,intersection,,0,0
7652,intersection,,0,0
7653,intersection,,0,0
7654,intersection,,0,0
7655,intersection,,0,0
7656,intersection,,0,0
7657,intersection,,0,0
7658,intersection,,0,0
7659,intersection,,0,0
7660,intersection,,0,0
7661,intersection,,0,0
7662,intersection,,0,0
7663,intersection,,0,0
7664,intersection,,0,0
7665,intersection,,0,0
7666,intersection,,0,0
7667,intersection,,0,0
7668,intersection,,0,0
7669,intersection,,0,0
7670,intersection,,0,0
7671,intersection,,0,0
7672,intersection,,0,0
7673,intersection,,0,0
7674,intersection,,0,0
7675,intersection,,0,0
7676,intersection,,0,0
7677,intersection,,0,0
7678,intersection,,0,0
7679,intersection,,0,0
7680,intersection,,0,0
7681,intersection,,0,0
7682,intersection,,0,0
7683,intersection,,0,0
7684,intersection,,0,0
7685,intersection,,0,0
7686,intersection,,0,0
7687,intersection,,0,0
7688,intersection,,0,0
7689,intersection,,0,0
7690,intersection,,0,0
7691,intersection,,0,0
7692,intersection,,0,0
7693,intersection,,0,0
7694,intersection,,0,0
7695,intersection,,0,0
7696,intersection,,0,0
7697,intersection,,0,0
7698,intersection,,0,0
7699,intersection,,0,0
7700,intersection,,0,0
7701,intersection,,0,0
7702,intersection,,0,0
7703,intersection,,0,0
7704,intersection,,0,0
7705,intersection,,0,0
7706,intersection,,0,0
7707,intersection,,0,0
7708,intersection,,0,0
7709,intersection,,0,0
7710,intersection,,0,0
7711,intersection,,0,0
7712,intersection,,0,0
7713,intersection,,0,0
7714,intersection,,0,0
7715,intersection,,0,0
7716,intersection,,0,0
7717,intersection,,0,0
7718,intersection,,0,0
7719,intersection,,0,0
7720,intersection,,0,0
7721,intersection,,0,0
7722,intersection,,0,0
7723,intersection,,0,0
7724,intersection,,0,0
7725,intersection,,0,0
7726,intersection,,0,0
7727,intersection,,0,0
7728,intersection,,0,0
7729,intersection,,0,0
7730,intersection,,0,0
7731,intersection,,0,0
7732,intersection,,0,0
7733,intersection,,0,0
7734,intersection,,0,0
7735,intersection,,0,0
7736,intersection,,0,0
7737,intersection,,0,0
7738,intersection,,0,0
7739,intersection,,0,0
7740,intersection,,0,0
7741,intersection,,0,0
7742,intersection,,0,0
7743,intersection,,0,0
7744,intersection,,0,0
7745,intersection,,0,0
7746,intersection,,0,0
7747,intersection,,0,0
7748,intersection,,0,0
7749,intersection,,0,0
7750,intersection,,0,0
7751,intersection,,0,0
7752,intersection,,0,0
7753,intersection,,0,0
7754,intersection,,0,0
7755,intersection,,0,0
7756,intersection,,0,0
7757,intersection,,0,0
7758,intersection,,0,0
7759,intersection,,0,0
7760,intersection,,0,0
7761,intersection,,0,0
7762,intersection,,0,0
7763,intersection,,0,0
7764,intersection,,0,0
7765,intersection,,0,0
7766,intersection,,0,0
7767,intersection,,0,0
7768,intersection,,0,0
7769,intersection,,0,0
7770,intersection,,0,0
7771,intersection,,0,0
7772,intersection,,0,0
7773,intersection,,0,0
7774,intersection,,0,0
7775,intersection,,0,0
7776,intersection,,0,0
7777,intersection,,0,0
7778,intersection,,0,0
7779,intersection,,0,0
7780,intersection,,0,0
7781,intersection,,0,0
7782,intersection,,0,0
7783,intersection,,0,0
7784,intersection,,0,0
7785,intersection,,0,0
7786,intersection,,0,0
7787,intersection,,0,0
7788,intersection,,0,0
7789,intersection,,0,0
7790,intersection,,0,0
7791,intersection,,0,0
7792,intersection,,0,0
7793,intersection,,0,0
7794,intersection,,0,0
7795,intersection,,0,0
7796,intersection,,0,0
7797,intersection,,0,0
7798,intersection,,0,0
7799,intersection,,0,0
7800,intersection,,0,0
7801,intersection,,0,0
7802,intersection,,0,0
7803,intersection,,0,0
7804,intersection,,0,0
7805,intersection,,0,0
7806,intersection,,0,0
7807,intersection,,0,0
7808,intersection,,0,0
7809,intersection,,0,0
7810,intersection,,0,0
7811,intersection,,0,0
7812,intersection,,0,0
7813,intersection,,0,0
7814,intersection,,0,0
7815,intersection,,0,0
7816,intersection,,0,0
7817,intersection,,0,0
7818,intersection,,0,0
7819,intersection,,0,0
7820,intersection,,0,0
7821,intersection,,0,0
7822,intersection,,0,0
7823,intersection,,0,0
7824,intersection,,0,0
7825,intersection,,0,0
7826,intersection,,0,0
7827,intersection,,0,0
7828,intersection,,0,0
7829,intersection,,0,0
7830,intersection,,0,0
7831,intersection,,0,0
7832,intersection,,0,0
7833,intersection,,0,0
7834,intersection,,0,0
7835,intersection,,0,0
7836,intersection,,0,0
7837,intersection,,0,0
7838,intersection,,0,0
7839,intersection,,0,0
7840,intersection,,0,0
7841,intersection,,0,0
7842,intersection,,0,0
7843,intersection,,0,0
7844,intersection,,0,0
7845,intersection,,0,0
7846,intersection,,0,0
7847,intersection,,0,0
7848,intersection,,0,0
7849,intersection,,0,0
7850,intersection,,0,0
7851,intersection,,0,0
7852,intersection,,0,0
7853,intersection,,0,0
7854,intersection,,0,0
7855,intersection,,0,0
7856,intersection,,0,0
7857,intersection,,0,0
7858,intersection,,0,0
7859,intersection,,0,0
7860,intersection,,0,0
7861,intersection,,0,0
7862,intersection,,0,0
7863,intersection,,0,0
7864,intersection,,0,0
7865,intersection,,0,0
7866,intersection,,0,0
7867,intersection,,0,0
7868,intersection,,0,0
7869,intersection,,0,0
7870,intersection,,0,0
7871,intersection,,0,0
7872,intersection,,0,0
7873,intersection,,0,0
7874,intersection,,0,0
7875,intersection,,0,0
7876,intersection,,0,0
7877,intersection,,0,0
7878,intersection,,0,0
7879,intersection,,0,0
7880,intersection,,0,0
7881,intersection,,0,0
7882,intersection,,0,0
7883,intersection,,0,0
7884,intersection,,0,0
7885,intersection,,0,0
7886,intersection,,0,0
7887,intersection,,0,0
7888,intersection,,0,0
7889,intersection,,0,0
7890,intersection,,0,0
7891,intersection,,0,0
7892,intersection,,0,0
7893,intersection,,0,0
7894,intersection,,0,0
7895,intersection,,0,0
7896,intersection,,0,0
7897,intersection,,0,0
7898,intersection,,0,0
7899,intersection,,0,0
7900,intersection,,0,0
7901,intersection,,0,0
7902,intersection,,0,0
7903,intersection,,0,0
7904,intersection,,0,0
7905,intersection,,0,0
7906,intersection,,0,0
7907,intersection,,0,0
7908,intersection,,0,0
7909,intersection,,0,0
7910,intersection,,0,0
7911,intersection,,0,0
7912,intersection,,0,0
7913,intersection,,0,0
7914,intersection,,0,0
7915,intersection,,0,0
7916,intersection,,0,0
7917,intersection,,0,0
7918,intersection,,0,0
7919,intersection,,0,0
7920,intersection,,0,0
7921,intersection,,0,0
7922,intersection,,0,0
7923,intersection,,0,0
7924,intersection,,0,0
7925,intersection,,0,0
7926,intersection,,0,0
7927,intersection,,0,0
7928,intersection,,0,0
7929,intersection,,0,0
7930,intersection,,0,0
7931,intersection,,0,0
7932,intersection,,0,0
7933,intersection,,0,0
7934,intersection,,0,0
7935,intersection,,0,0
7936,intersection,,0,0
7937,intersection,,0,0
7938,intersection,,0,0
7939,intersection,,0,0
7940,intersection,,0,0
7941,intersection,,0,0
7942,intersection,,0,0
7943,intersection,,0,0
7944,intersection,,0,0
7945,intersection,,0,0
7946,intersection,,0,0
7947,intersection,,0,0
7948,intersection,,0,0
7949,intersection,,0,0
7950,intersection,,0,0
7951,intersection,,0,0
7952,intersection,,0,0
7953,intersection,,0,0
7954,intersection,,0,0
7955,intersection,,0,0
7956,intersection,,0,0
7957,intersection,,0,0
7958,intersection,,0,0
7959,intersection,,0,0
7960,intersection,,0,0
7961,intersection,,0,0
7962,intersection,,0,0
7963,intersection,,0,0
7964,intersection,,0,0
7965,intersection,,0,0
7966,intersection,,0,0
7967,intersection,,0,0
7968,intersection,,0,0
7969,intersection,,0,0
7970,intersection,,0,0
7971,intersection,,0,0
7972,intersection,,0,0
7973,intersection,,0,0
7974,intersection,,0,0
7975,intersection,,0,0
7976,intersection,,0,0
7977,intersection,,0,0
7978,intersection,,0,0
7979,intersection,,0,0
7980,intersection,,0,0
7981,intersection,,0,0
7982,intersection,,0,0
7983,intersection,,0,0
7984,intersection,,0,0
7985,intersection,,0,0
7986,intersection,,0,0
7987,intersection,,0,0
7988,intersection,,0,0
7989,intersection,,0,0
7990,intersection,,0,0
7991,intersection,,0,0
7992,intersection,,0,0
7993,intersection,,0,0
7994,intersection,,0,0
7995,intersection,,0,0
7996,intersection,,0,0
7997,intersection,,0,0
7998,intersection,,0,0
7999,intersection,,0,0
8000,intersection,,0,0
8001,intersection,,0,0
8002,intersection,,0,0
8003,intersection,,0,0
8004,intersection,,0,0
8005,intersection,,0,0
8006,intersection,,0,0
8007,intersection,,0,0
8008,intersection,,0,0
8009,intersection,,0,0
8010,intersection,,0,0
8011,intersection,,0,0
8012,intersection,,0,0
8013,intersection,,0,0
8014,intersection,,0,0
8015,intersection,,0,0
8016,intersection,,0,0
8017,intersection,,0,0
8018,intersection,,0,0
8019,intersection,,0,0
8020,intersection,,0,0
8021,intersection,,0,0
8022,intersection,,0,0
8023,intersection,,0,0
8024,intersection,,0,0
8025,intersection,,0,0
8026,intersection,,0,0
8027,intersection,,0,0
8028,intersection,,0,0
8029,intersection,,0,0
8030,intersection,,0,0
8031,intersection,,0,0
8032,intersection,,0,0
8033,intersection,,0,0
8034,intersection,,0,0
8035,intersection,,0,0
8036,intersection,,0,0
8037,intersection,,0,0
8038,intersection,,0,0
8039,intersection,,0,0
8040,intersection,,0,0
8041,intersection,,0,0
8042,intersection,,0,0
8043,intersection,,0,0
8044,intersection,,0,0
8045,intersection,,0,0
8046,intersection,,0,0
8047,intersection,,0,0
8048,intersection,,0,0
8049,intersection,,0,0
8050,intersection,,0,0
8051,intersection,,0,0
8052,intersection,,0,0
8053,intersection,,0,0
8054,intersection,,0,0
8055,intersection,,0,0
8056,intersection,,0,0
8057,intersection,,0,0
8058,intersection,,0,0
8059,intersection,,0,0
8060,intersection,,0,0
8061,intersection,,0,0
8062,intersection,,0,0
8063,intersection,,0,0
8064,intersection,,0,0
8065,intersection,,0,0
8066,intersection,,0,0
8067,intersection,,0,0
8068,intersection,,0,0
8069,intersection,,0,0
8070,intersection,,0,0
8071,intersection,,0,0
8072,intersection,,0,0
8073,intersection,,0,0
8074,intersection,,0,0
8075,intersection,,0,0
8076,intersection,,0,0
8077,intersection,,0,0
8078,intersection,,0,0
8079,intersection,,0,0
8080,intersection,,0,0
8081,intersection,,0,0
8082,intersection,,0,0
8083,intersection,,0,0
8084,intersection,,0,0
8085,intersection,,0,0
8086,intersection,,0,0
8087,intersection,,0,0
8088,intersection,,0,0
8089,intersection,,0,0
8090,intersection,,0,0
8091,intersection,,0,0
8092,intersection,,0,0
8093,intersection,,0,0
8094,intersection,,0,0
8095,intersection,,0,0
8096,intersection,,0,0
8097,intersection,,0,0
8098,intersection,,0,0
8099,intersection,,0,0
8100,intersection,,0,0
8101,intersection,,0,0
8102,intersection,,0,0
8103,intersection,,0,0
8104,intersection,,0,0
8105,intersection,,0,0
8106,intersection,,0,0
8107,intersection,,0,0
8108,intersection,,0,0
8109,intersection,,0,0
8110,intersection,,0,0
8111,intersection,,0,0
8112,intersection,,0,0
8113,intersection,,0,0
8114,intersection,,0,0
8115,intersection,,0,0
8116,intersection,,0,0
8117,intersection,,0,0
8118,intersection,,0,0
8119,intersection,,0,0
8120,intersection,,0,0
8121,intersection,,0,0
8122,intersection,,0,0
8123,intersection,,0,0
8124,intersection,,0,0
8125,intersection,,0,0
8126,intersection,,0,0
8127,intersection,,0,0
8128,intersection,,0,0
8129,intersection,,0,0
8130,intersection,,0,0
8131,intersection,,0,0
8132,intersection,,0,0
8133,intersection,,0,0
8134,intersection,,0,0
8135,intersection,,0,0
8136,intersection,,0,0
8137,intersection,,0,0
8138,intersection,,0,0
8139,intersection,,0,0
8140,intersection,,0,0
8141,intersection,,0,0
8142,intersection,,0,0
8143,intersection,,0,0
8144,intersection,,0,0
8145,intersection,,0,0
8146,intersection,,0,0
8147,intersection,,0,0
8148,intersection,,0,0
8149,intersection,,0,0
8150,intersection,,0,0
8151,intersection,,0,0
8152,intersection,,0,0
8153,intersection,,0,0
8154,intersection,,0,0
8155,intersection,,0,0
8156,intersection,,0,0
8157,intersection,,0,0
8158,intersection,,0,0
8159,intersection,,0,0
8160,intersection,,0,0
8161,intersection,,0,0
8162,intersection,,0,0
8163,intersection,,0,0
8164,intersection,,0,0
8165,intersection,,0,0
8166,intersection,,0,0
8167,intersection,,0,0
8168,intersection,,0,0
8169,intersection,,0,0
8170,intersection,,0,0
8171,intersection,,0,0
8172,intersection,,0,0
8173,intersection,,0,0
8174,intersection,,0,0
8175,intersection,,0,0
8176,intersection,,0,0
8177,intersection,,0,0
8178,intersection,,0,0
8179,intersection,,0,0
8180,intersection,,0,0
8181,intersection,,0,0
8182,intersection,,0,0
8183,intersection,,0,0
8184,intersection,,0,0
8185,intersection,,0,0
8186,intersection,,0,0
8187,intersection,,0,0
8188,intersection,,0,0
8189,intersection,,0,0
8190,intersection,,0,0
8191,intersection,,0,0
8192,intersection,,0,0
8193,intersection,,0,0
8194,intersection,,0,0
8195,intersection,,0,0
8196,intersection,,0,0
8197,intersection,,0,0
8198,intersection,,0,0
8199,intersection,,0,0
8200,intersection,,0,0
8201,intersection,,0,0
8202,intersection,,0,0
8203,intersection,,0,0
8204,intersection,,0,0
8205,intersection,,0,0
8206,intersection,,0,0
8207,intersection,,0,0
8208,intersection,,0,0
8209,intersection,,0,0
8210,intersection,,0,0
8211,intersection,,0,0
8212,intersection,,0,0
8213,intersection,,0,0
8214,intersection,,0,0
8215,intersection,,0,0
8216,intersection,,0,0
8217,intersection,,0,0
8218,intersection,,0,0
8219,intersection,,0,0
8220,intersection,,0,0
8221,intersection,,0,0
8222,intersection,,0,0
8223,intersection,,0,0
8224,intersection,,0,0
8225,intersection,,0,0
8226,intersection,,0,0
8227,intersection,,0,0
8228,intersection,,0,0
8229,intersection,,0,0
8230,intersection,,0,0
8231,intersection,,0,0
8232,intersection,,0,0
8233,intersection,,0,0
8234,intersection,,0,0
8235,intersection,,0,0
8236,intersection,,0,0
8237,intersection,,0,0
8238,intersection,,0,0
8239,intersection,,0,0
8240,intersection,,0,0
8241,intersection,,0,0
8242,intersection,,0,0
8243,intersection,,0,0
8244,intersection,,0,0
8245,intersection,,0,0
8246,intersection,,0,0
8247,intersection,,0,0
8248,intersection,,0,0
8249,intersection,,0,0
8250,intersection,,0,0
8251,intersection,,0,0
8252,intersection,,0,0
8253,intersection,,0,0
8254,intersection,,0,0
8255,intersection,,0,0
8256,intersection,,0,0
8257,intersection,,0,0
8258,intersection,,0,0
8259,intersection,,0,0
8260,intersection,,0,0
8261,intersection,,0,0
8262,intersection,,0,0
8263,intersection,,0,0
8264,intersection,,0,0
8265,intersection,,0,0
8266,intersection,,0,0
8267,intersection,,0,0
8268,intersection,,0,0
8269,intersection,,0,0
8270,intersection,,0,0
8271,intersection,,0,0
8272,intersection,,0,0
8273,intersection,,0,0
8274,intersection,,0,0
8275,intersection,,0,0
8276,intersection,,0,0
8277,intersection,,0,0
8278,intersection,,0,0
8279,intersection,,0,0
8280,intersection,,0,0
8281,intersection,,0,0
8282,intersection,,0,0
8283,intersection,,0,0
8284,intersection,,0,0
8285,intersection,,0,0
8286,intersection,,0,0
8287,intersection,,0,0
8288,intersection,,0,0
8289,intersection,,0,0
8290,intersection,,0,0
8291,intersection,,0,0
8292,intersection,,0,0
8293,intersection,,0,0
8294,intersection,,0,0
8295,intersection,,0,0
8296,intersection,,0,0
8297,intersection,,0,0
8298,intersection,,0,0
8299,intersection,,0,0
8300,intersection,,0,0
8301,intersection,,0,0
8302,intersection,,0,0
8303,intersection,,0,0
8304,intersection,,0,0
8305,intersection,,0,0
8306,intersection,,0,0
8307,intersection,,0,0
8308,intersection,,0,0
8309,intersection,,0,0
8310,intersection,,0,0
8311,intersection,,0,0
8312,intersection,,0,0
8313,intersection,,0,0
8314,intersection,,0,0
8315,intersection,,0,0
8316,intersection,,0,0
8317,intersection,,0,0
8318,intersection,,0,0
8319,intersection,,0,0
8320,intersection,,0,0
8321,intersection,,0,0
8322,intersection,,0,0
8323,intersection,,0,0
8324,intersection,,0,0
8325,intersection,,0,0
8326,intersection,,0,0
8327,intersection,,0,0
8328,intersection,,0,0
8329,intersection,,0,0
8330,intersection,,0,0
8331,intersection,,0,0
8332,intersection,,0,0
8333,intersection,,0,0
8334,intersection,,0,0
8335,intersection,,0,0
8336,intersection,,0,0
8337,intersection,,0,0
8338,intersection,,0,0
8339,intersection,,0,0
8340,intersection,,0,0
8341,intersection,,0,0
8342,intersection,,0,0
8343,intersection,,0,0
8344,intersection,,0,0
8345,intersection,,0,0
8346,intersection,,0,0
8347,intersection,,0,0
8348,intersection,,0,0
8349,intersection,,0,0
8350,intersection,,0,0
8351,intersection,,0,0
8352,intersection,,0,0
8353,intersection,,0,0
8354,intersection,,0,0
8355,intersection,,0,0
8356,intersection,,0,0
8357,intersection,,0,0
8358,intersection,,0,0
8359,intersection,,0,0
8360,intersection,,0,0
8361,intersection,,0,0
8362,intersection,,0,0
8363,intersection,,0,0
8364,intersection,,0,0
8365,intersection,,0,0
8366,intersection,,0,0
8367,intersection,,0,0
8368,intersection,,0,0
8369,intersection,,0,0
8370,intersection,,0,0
8371,intersection,,0,0
8372,intersection,,0,0
8373,intersection,,0,0
8374,intersection,,0,0
8375,intersection,,0,0
8376,intersection,,0,0
8377,intersection,,0,0
8378,intersection,,0,0
8379,intersection,,0,0
8380,intersection,,0,0
8381,intersection,,0,0
8382,intersection,,0,0
8383,intersection,,0,0
8384,intersection,,0,0
8385,intersection,,0,0
8386,intersection,,0,0
8387,intersection,,0,0
8388,intersection,,0,0
8389,intersection,,0,0
8390,intersection,,0,0
8391,intersection,,0,0
8392,intersection,,0,0
8393,intersection,,0,0
8394,intersection,,0,0
8395,intersection,,0,0
8396,intersection,,0,0
8397,intersection,,0,0
8398,intersection,,0,0
8399,intersection,,0,0
8400,intersection,,0,0
8401,intersection,,0,0
8402,intersection,,0,0
8403,intersection,,0,0
8404,intersection,,0,0
8405,intersection,,0,0
8406,intersection,,0,0
8407,intersection,,0,0
8408,intersection,,0,0
8409,intersection,,0,0
8410,intersection,,0,0
8411,intersection,,0,0
8412,intersection,,0,0
8413,intersection,,0,0
8414,intersection,,0,0
8415,intersection,,0,0
8416,intersection,,0,0
8417,intersection,,0,0
8418,intersection,,0,0
8419,intersection,,0,0
8420,intersection,,0,0
8421,intersection,,0,0
8422,intersection,,0,0
8423,intersection,,0,0
8424,intersection,,0,0
8425,intersection,,0,0
8426,intersection,,0,0
8427,intersection,,0,0
8428,intersection,,0,0
8429,intersection,,0,0
8430,intersection,,0,0
8431,intersection,,0,0
8432,intersection,,0,0
8433,intersection,,0,0
8434,intersection,,0,0
8435,intersection,,0,0
8436,intersection,,0,0
8437,intersection,,0,0
8438,intersection,,0,0
8439,intersection,,0,0
8440,intersection,,0,0
8441,intersection,,0,0
8442,intersection,,0,0
8443,intersection,,0,0
8444,intersection,,0,0
8445,intersection,,0,0
8446,intersection,,0,0
8447,intersection,,0,0
8448,intersection,,0,0
8449,intersection,,0,0
8450,intersection,,0,0
8451,intersection,,0,0
8452,intersection,,0,0
8453,intersection,,0,0
8454,intersection,,0,0
8455,intersection,,0,0
8456,intersection,,0,0
8457,intersection,,0,0
8458,intersection,,0,0
8459,intersection,,0,0
8460,intersection,,0,0
8461,intersection,,0,0
8462,intersection,,0,0
8463,intersection,,0,0
8464,intersection,,0,0
8465,intersection,,0,0
8466,intersection,,0,0
8467,intersection,,0,0
8468,intersection,,0,0
8469,intersection,,0,0
8470,intersection,,0,0
8471,intersection,,0,0
8472,intersection,,0,0
8473,intersection,,0,0
8474,intersection,,0,0
8475,intersection,,0,0
8476,intersection,,0,0
8477,intersection,,0,0
8478,intersection,,0,0
8479,intersection,,0,0
8480,intersection,,0,0
8481,intersection,,0,0
8482,intersection,,0,0
8483,intersection,,0,0
8484,intersection,,0,0
8485,intersection,,0,0
8486,intersection,,0,0
8487,intersection,,0,0
8488,intersection,,0,0
8489,intersection,,0,0
8490,intersection,,0,0
8491,intersection,,0,0
8492,intersection,,0,0
8493,intersection,,0,0
8494,intersection,,0,0
8495,intersection,,0,0
8496,intersection,,0,0
8497,intersection,,0,0
8498,intersection,,0,0
8499,intersection,,0,0
8500,intersection,,0,0
8501,intersection,,0,0
8502,intersection,,0,0
8503,intersection,,0,0
8504,intersection,,0,0
8505,intersection,,0,0
8506,intersection,,0,0
8507,intersection,,0,0
8508,intersection,,0,0
8509,intersection,,0,0
8510,intersection,,0,0
8511,intersection,,0,0
8512,intersection,,0,0
8513,intersection,,0,0
8514,intersection,,0,0
8515,intersection,,0,0
8516,intersection,,0,0
8517,intersection,,0,0
8518,intersection,,0,0
8519,intersection,,0,0
8520,intersection,,0,0
8521,intersection,,0,0
8522,intersection,,0,0
8523,intersection,,0,0
8524,intersection,,0,0
8525,intersection,,0,0
8526,intersection,,0,0
8527,intersection,,0,0
8528,intersection,,0,0
8529,intersection,,0,0
8530,intersection,,0,0
8531,intersection,,0,0
8532,intersection,,0,0
8533,intersection,,0,0
8534,intersection,,0,0
8535,intersection,,0,0
8536,intersection,,0,0
8537,intersection,,0,0
8538,intersection,,0,0
8539,intersection,,0,0
8540,intersection,,0,0
8541,intersection,,0,0
8542,intersection,,0,0
8543,intersection,,0,0
8544,intersection,,0,0
8545,intersection,,0,0
8546,intersection,,0,0
8547,intersection,,0,0
8548,intersection,,0,0
8549,intersection,,0,0
8550,intersection,,0,0
8551,intersection,,0,0
8552,intersection,,0,0
8553,intersection,,0,0
8554,intersection,,0,0
8555,intersection,,0,0
8556,intersection,,0,0
8557,intersection,,0,0
8558,intersection,,0,0
8559,intersection,,0,0
8560,intersection,,0,0
8561,intersection,,0,0
8562,intersection,,0,0
8563,intersection,,0,0
8564,intersection,,0,0
8565,intersection,,0,0
8566,intersection,,0,0
8567,intersection,,0,0
8568,intersection,,0,0
8569,intersection,,0,0
8570,intersection,,0,0
8571,intersection,,0,0
8572,intersection,,0,0
8573,intersection,,0,0
8574,intersection,,0,0
8575,intersection,,0,0
8576,intersection,,0,0
8577,intersection,,0,0
8578,intersection,,0,0
8579,intersection,,0,0
8580,intersection,,0,0
8581,intersection,,0,0
8582,intersection,,0,0
8583,intersection,,0,0
8584,intersection,,0,0
8585,intersection,,0,0
8586,intersection,,0,0
8587,intersection,,0,0
8588,intersection,,0,0
8589,intersection,,0,0
8590,intersection,,0,0
8591,intersection,,0,0
8592,intersection,,0,0
8593,intersection,,0,0
8594,intersection,,0,0
8595,intersection,,0,0
8596,intersection,,0,0
8597,intersection,,0,0
8598,intersection,,0,0
8599,intersection,,0,0
8600,intersection,,0,0
8601,intersection,,0,0
8602,intersection,,0,0
8603,intersection,,0,0
8604,intersection,,0,0
8605,intersection,,0,0
8606,intersection,,0,0
8607,intersection,,0,0
8608,intersection,,0,0
8609,intersection,,0,0
8610,intersection,,0,0
8611,intersection,,0,0
8612,intersection,,0,0
8613,intersection,,0,0
8614,intersection,,0,0
8615,intersection,,0,0
8616,intersection,,0,0
8617,intersection,,0,0
8618,intersection,,0,0
8619,intersection,,0,0
8620,intersection,,0,0
8621,intersection,,0,0
8622,intersection,,0,0
8623,intersection,,0,0
8624,intersection,,0,0
8625,intersection,,0,0
8626,intersection,,0,0
8627,intersection,,0,0
8628,intersection,,0,0
8629,intersection,,0,0
8630,intersection,,0,0
8631,intersection,,0,0
8632,intersection,,0,0
8633,intersection,,0,0
8634,intersection,,0,0
8635,intersection,,0,0
8636,intersection,,0,0
8637,intersection,,0,0
8638,intersection,,0,0
8639,intersection,,0,0
8640,intersection,,0,0
8641,intersection,,0,0
8642,intersection,,0,0
8643,intersection,,0,0
8644,intersection,,0,0
8645,intersection,,0,0
8646,intersection,,0,0
8647,intersection,,0,0
8648,intersection,,0,0
8649,intersection,,0,0
8650,intersection,,0,0
8651,intersection,,0,0
8652,intersection,,0,0
8653,intersection,,0,0
8654,intersection,,0,0
8655,intersection,,0,0
8656,intersection,,0,0
8657,intersection,,0,0
8658,intersection,,0,0
8659,intersection,,0,0
8660,intersection,,0,0
8661,intersection,,0,0
8662,intersection,,0,0
8663,intersection,,0,0
8664,intersection,,0,0
8665,intersection,,0,0
8666,intersection,,0,0
8667,intersection,,0,0
8668,intersection,,0,0
8669,intersection,,0,0
8670,intersection,,0,0
8671,intersection,,0,0
8672,intersection,,0,0
8673,intersection,,0,0
8674,intersection,,0,0
8675,intersection,,0,0
8676,intersection,,0,0
8677,intersection,,0,0
8678,intersection,,0,0
8679,intersection,,0,0
8680,intersection,,0,0
8681,intersection,,0,0
8682,intersection,,0,0
8683,intersection,,0,0
8684,intersection,,0,0
8685,intersection,,0,0
8686,intersection,,0,0
8687,intersection,,0,0
8688,intersection,,0,0
8689,intersection,,0,0
8690,intersection,,0,0
8691,intersection,,0,0
8692,intersection,,0,0
8693,intersection,,0,0
8694,intersection,,0,0
8695,intersection,,0,0
8696,intersection,,0,0
8697,intersection,,0,0
8698,intersection,,0,0
8699,intersection,,0,0
8700,intersection,,0,0
8701,intersection,,0,0
8702,intersection,,0,0
8703,intersection,,0,0
8704,intersection,,0,0
8705,intersection,,0,0
8706,intersection,,0,0
8707,intersection,,0,0
8708,intersection,,0,0
8709,intersection,,0,0
8710,intersection,,0,0
8711,intersection,,0,0
8712,intersection,,0,0
8713,intersection,,0,0
8714,intersection,,0,0
8715,intersection,,0,0
8716,intersection,,0,0
8717,intersection,,0,0
8718,intersection,,0,0
8719,intersection,,0,0
8720,intersection,,0,0
8721,intersection,,0,0
8722,intersection,,0,0
8723,intersection,,0,0
8724,intersection,,0,0
8725,intersection,,0,0
8726,intersection,,0,0
8727,intersection,,0,0
8728,intersection,,0,0
8729,intersection,,0,0
8730,intersection,,0,0
8731,intersection,,0,0
8732,intersection,,0,0
8733,intersection,,0,0
8734,intersection,,0,0
8735,intersection,,0,0
8736,intersection,,0,0
8737,intersection,,0,0
8738,intersection,,0,0
8739,intersection,,0,0
8740,intersection,,0,0
8741,intersection,,0,0
8742,intersection,,0,0
8743,intersection,,0,0
8744,intersection,,0,0
8745,intersection,,0,0
8746,intersection,,0,0
8747,intersection,,0,0
8748,intersection,,0,0
8749,intersection,,0,0
8750,intersection,,0,0
8751,intersection,,0,0
8752,intersection,,0,0
8753,intersection,,0,0
8754,intersection,,0,0
8755,intersection,,0,0
8756,intersection,,0,0
8757,intersection,,0,0
8758,intersection,,0,0
8759,intersection,,0,0
8760,intersection,,0,0
8761,intersection,,0,0
8762,intersection,,0,0
8763,intersection,,0,0
8764,intersection,,0,0
8765,intersection,,0,0
8766,intersection,,0,0
8767,intersection,,0,0
8768,intersection,,0,0
8769,intersection,,0,0
8770,intersection,,0,0
8771,intersection,,0,0
8772,intersection,,0,0
8773,intersection,,0,0
8774,intersection,,0,0
8775,intersection,,0,0
8776,intersection,,0,0
8777,intersection,,0,0
8778,intersection,,0,0
8779,intersection,,0,0
8780,intersection,,0,0
8781,intersection,,0,0
8782,intersection,,0,0
8783,intersection,,0,0
8784,intersection,,0,0
8785,intersection,,0,0
8786,intersection,,0,0
8787,intersection,,0,0
8788,intersection,,0,0
8789,intersection,,0,0
8790,intersection,,0,0
8791,intersection,,0,0
8792,intersection,,0,0
8793,intersection,,0,0
8794,intersection,,0,0
8795,intersection,,0,0
8796,intersection,,0,0
8797,intersection,,0,0
8798,intersection,,0,0
8799,intersection,,0,0
8800,intersection,,0,0
8801,intersection,,0,0
8802,intersection,,0,0
8803,intersection,,0,0
8804,intersection,,0,0
8805,intersection,,0,0
8806,intersection,,0,0
8807,intersection,,0,0
8808,intersection,,0,0
8809,intersection,,0,0
8810,intersection,,0,0
8811,intersection,,0,0
8812,intersection,,0,0
8813,intersection,,0,0
8814,intersection,,0,0
8815,intersection,,0,0
8816,intersection,,0,0
8817,intersection,,0,0
8818,intersection,,0,0
8819,intersection,,0,0
8820,intersection,,0,0
8821,intersection,,0,0
8822,intersection,,0,0
8823,intersection,,0,0
8824,intersection,,0,0
8825,intersection,,0,0
8826,intersection,,0,0
8827,intersection,,0,0
8828,intersection,,0,0
8829,intersection,,0,0
8830,intersection,,0,0
8831,intersection,,0,0
8832,intersection,,0,0
8833,intersection,,0,0
8834,intersection,,0,0
8835,intersection,,0,0
8836,intersection,,0,0
8837,intersection,,0,0
8838,intersection,,0,0
8839,intersection,,0,0
8840,intersection,,0,0
8841,intersection,,0,0
8842,intersection,,0,0
8843,intersection,,0,0
8844,intersection,,0,0
8845,intersection,,0,0
8846,intersection,,0,0
8847,intersection,,0,0
8848,intersection,,0,0
8849,intersection,,0,0
8850,intersection,,0,0
8851,intersection,,0,0
8852,intersection,,0,0
8853,intersection,,0,0
8854,intersection,,0,0
8855,intersection,,0,0
8856,intersection,,0,0
8857,intersection,,0,0
8858,intersection,,0,0
8859,intersection,,0,0
8860,intersection,,0,0
8861,intersection,,0,0
8862,intersection,,0,0
8863,intersection,,0,0
8864,intersection,,0,0
8865,intersection,,0,0
8866,intersection,,0,0
8867,intersection,,0,0
8868,intersection,,0,0
8869,intersection,,0,0
8870,intersection,,0,0
8871,intersection,,0,0
8872,intersection,,0,0
8873,intersection,,0,0
8874,intersection,,0,0
8875,intersection,,0,0
8876,intersection,,0,0
8877,intersection,,0,0
8878,intersection,,0,0
8879,intersection,,0,0
8880,intersection,,0,0
8881,intersection,,0,0
8882,intersection,,0,0
8883,intersection,,0,0
8884,intersection,,0,0
8885,intersection,,0,0
8886,intersection,,0,0
8887,intersection,,0,0
8888,intersection,,0,0
8889,intersection,,0,0
8890,intersection,,0,0
8891,intersection,,0,0
8892,intersection,,0,0
8893,intersection,,0,0
8894,intersection,,0,0
8895,intersection,,0,0
8896,intersection,,0,0
8897,intersection,,0,0
8898,intersection,,0,0
8899,intersection,,0,0
8900,intersection,,0,0
8901,intersection,,0,0
8902,intersection,,0,0
8903,intersection,,0,0
8904,intersection,,0,0
8905,intersection,,0,0
8906,intersection,,0,0
8907,intersection,,0,0
8908,intersection,,0,0
8909,intersection,,0,0
8910,intersection,,0,0
8911,intersection,,0,0
8912,intersection,,0,0
8913,intersection,,0,0
8914,intersection,,0,0
8915,intersection,,0,0
8916,intersection,,0,0
8917,intersection,,0,0
8918,intersection,,0,0
8919,intersection,,0,0
8920,intersection,,0,0
8921,intersection,,0,0
8922,intersection,,0,0
8923,intersection,,0,0
8924,intersection,,0,0
8925,intersection,,0,0
8926,intersection,,0,0
8927,intersection,,0,0
8928,intersection,,0,0
8929,intersection,,0,0
8930,intersection,,0,0
8931,intersection,,0,0
8932,intersection,,0,0
8933,intersection,,0,0
8934,intersection,,0,0
8935,intersection,,0,0
8936,intersection,,0,0
8937,intersection,,0,0
8938,intersection,,0,0
8939,intersection,,0,0
8940,intersection,,0,0
8941,intersection,,0,0
8942,intersection,,0,0
8943,intersection,,0,0
8944,intersection,,0,0
8945,intersection,,0,0
8946,intersection,,0,0
8947,intersection,,0,0
8948,intersection,,0,0
8949,intersection,,0,0
8950,intersection,,0,0
8951,intersection,,0,0
8952,intersection,,0,0
8953,intersection,,0,0
8954,intersection,,0,0
8955,intersection,,0,0
8956,intersection,,0,0
8957,intersection,,0,0
8958,intersection,,0,0
8959,intersection,,0,0
8960,intersection,,0,0
8961,intersection,,0,0
8962,intersection,,0,0
8963,intersection,,0,0
8964,intersection,,0,0
8965,intersection,,0,0
8966,intersection,,0,0
8967,intersection,,0,0
8968,intersection,,0,0
8969,intersection,,0,0
8970,intersection,,0,0
8971,intersection,,0,0
8972,intersection,,0,0
8973,intersection,,0,0
8974,intersection,,0,0
8975,intersection,,0,0
8976,intersection,,0,0
8977,intersection,,0,0
8978,intersection,,0,0
8979,intersection,,0,0
8980,intersection,,0,0
8981,intersection,,0,0
8982,intersection,,0,0
8983,intersection,,0,0
8984,intersection,,0,0
8985,intersection,,0,0
8986,intersection,,0,0
8987,intersection,,0,0
8988,intersection,,0,0
8989,intersection,,0,0
8990,intersection,,0,0
8991,intersection,,0,0
8992,intersection,,0,0
8993,intersection,,0,0
8994,intersection,,0,0
8995,intersection,,0,0
8996,intersection,,0,0
8997,intersection,,0,0
8998,intersection,,0,0
8999,intersection,,0,0
9000,intersection,,0,0
9001,intersection,,0,0
9002,intersection,,0,0
9003,intersection,,0,0
9004,intersection,,0,0
9005,intersection,,0,0
9006,intersection,,0,0
9007,intersection,,0,0
9008,intersection,,0,0
9009,intersection,,0,0
9010,intersection,,0,0
9011,intersection,,0,0
9012,intersection,,0,0
9013,intersection,,0,0
9014,intersection,,0,0
9015,intersection,,0,0
9016,intersection,,0,0
9017,intersection,,0,0
9018,intersection,,0,0
9019,intersection,,0,0
9020,intersection,,0,0
9021,intersection,,0,0
9022,intersection,,0,0
9023,intersection,,0,0
9024,intersection,,0,0
9025,intersection,,0,0
9026,intersection,,0,0
9027,intersection,,0,0
9028,intersection,,0,0
9029,intersection,,0,0
9030,intersection,,0,0
9031,intersection,,0,0
9032,intersection,,0,0
9033,intersection,,0,0
9034,intersection,,0,0
9035,intersection,,0,0
9036,intersection,,0,0
9037,intersection,,0,0
9038,intersection,,0,0
9039,intersection,,0,0
9040,intersection,,0,0
9041,intersection,,0,0
9042,intersection,,0,0
9043,intersection,,0,0
9044,intersection,,0,0
9045,intersection,,0,0
9046,intersection,,0,0
9047,intersection,,0,0
9048,intersection,,0,0
9049,intersection,,0,0
9050,intersection,,0,0
9051,intersection,,0,0
9052,intersection,,0,0
9053,intersection,,0,0
9054,intersection,,0,0
9055,intersection,,0,0
9056,intersection,,0,0
9057,intersection,,0,0
9058,intersection,,0,0
9059,intersection,,0,0
9060,intersection,,0,0
9061,intersection,,0,0
9062,intersection,,0,0
9063,intersection,,0,0
9064,intersection,,0,0
9065,intersection,,0,0
9066,intersection,,0,0
9067,intersection,,0,0
9068,intersection,,0,0
9069,intersection,,0,0
9070,intersection,,0,0
9071,intersection,,0,0
9072,intersection,,0,0
9073,intersection,,0,0
9074,intersection,,0,0
9075,intersection,,0,0
9076,intersection,,0,0
9077,intersection,,0,0
9078,intersection,,0,0
9079,intersection,,0,0
9080,intersection,,0,0
9081,intersection,,0,0
9082,intersection,,0,0
9083,intersection,,0,0
9084,intersection,,0,0
9085,intersection,,0,0
9086,intersection,,0,0
9087,intersection,,0,0
9088,intersection,,0,0
9089,intersection,,0,0
9090,intersection,,0,0
9091,intersection,,0,0
9092,intersection,,0,0
9093,intersection,,0,0
9094,intersection,,0,0
9095,intersection,,0,0
9096,intersection,,0,0
9097,intersection,,0,0
9098,intersection,,0,0
9099,intersection,,0,0
9100,intersection,,0,0
9101,intersection,,0,0
9102,intersection,,0,0
9103,intersection,,0,0
9104,intersection,,0,0
9105,intersection,,0,0
9106,intersection,,0,0
9107,intersection,,0,0
9108,intersection,,0,0
9109,intersection,,0,0
9110,intersection,,0,0
9111,intersection,,0,0
9112,intersection,,0,0
9113,intersection,,0,0
9114,intersection,,0,0
9115,intersection,,0,0
9116,intersection,,0,0
9117,intersection,,0,0
9118,intersection,,0,0
9119,intersection,,0,0
9120,intersection,,0,0
9121,intersection,,0,0
9122,intersection,,0,0
9123,intersection,,0,0
9124,intersection,,0,0
9125,intersection,,0,0
9126,intersection,,0,0
9127,intersection,,0,0
9128,intersection,,0,0
9129,intersection,,0,0
9130,intersection,,0,0
9131,intersection,,0,0
9132,intersection,,0,0
9133,intersection,,0,0
9134,intersection,,0,0
9135,intersection,,0,0
9136,intersection,,0,0
9137,intersection,,0,0
9138,intersection,,0,0
9139,intersection,,0,0
9140,intersection,,0,0
9141,intersection,,0,0
9142,intersection,,0,0
9143,intersection,,0,0
9144,intersection,,0,0
9145,intersection,,0,0
9146,intersection,,0,0
9147,intersection,,0,0
9148,intersection,,0,0
9149,intersection,,0,0
9150,intersection,,0,0
9151,intersection,,0,0
9152,intersection,,0,0
9153,intersection,,0,0
9154,intersection,,0,0
9155,intersection,,0,0
9156,intersection,,0,0
9157,intersection,,0,0
9158,intersection,,0,0
9159,intersection,,0,0
9160,intersection,,0,0
9161,intersection,,0,0
9162,intersection,,0,0
9163,intersection,,0,0
9164,intersection,,0,0
9165,intersection,,0,0
9166,intersection,,0,0
9167,intersection,,0,0
9168,intersection,,0,0
9169,intersection,,0,0
9170,intersection,,0,0
9171,intersection,,0,0
9172,intersection,,0,0
9173,intersection,,0,0
9174,intersection,,0,0
9175,intersection,,0,0
9176,intersection,,0,0
9177,intersection,,0,0
9178,intersection,,0,0
9179,intersection,,0,0
9180,intersection,,0,0
9181,intersection,,0,0
9182,intersection,,0,0
9183,intersection,,0,0
9184,intersection,,0,0
9185,intersection,,0,0
9186,intersection,,0,0
9187,intersection,,0,0
9188,intersection,,0,0
9189,intersection,,0,0
9190,intersection,,0,0
9191,intersection,,0,0
9192,intersection,,0,0
9193,intersection,,0,0
9194,intersection,,0,0
9195,intersection,,0,0
9196,intersection,,0,0
9197,intersection,,0,0
9198,intersection,,0,0
9199,intersection,,0,0
9200,intersection,,0,0
9201,intersection,,0,0
9202,intersection,,0,0
9203,intersection,,0,0
9204,intersection,,0,0
9205,intersection,,0,0
9206,intersection,,0,0
9207,intersection,,0,0
9208,intersection,,0,0
9209,intersection,,0,0
9210,intersection,,0,0
9211,intersection,,0,0
9212,intersection,,0,0
9213,intersection,,0,0
9214,intersection,,0,0
9215,intersection,,0,0
9216,intersection,,0,0
9217,intersection,,0,0
9218,intersection,,0,0
9219,intersection,,0,0
9220,intersection,,0,0
9221,intersection,,0,0
9222,intersection,,0,0
9223,intersection,,0,0
9224,intersection,,0,0
9225,intersection,,0,0
9226,intersection,,0,0
9227,intersection,,0,0
9228,intersection,,0,0
9229,intersection,,0,0
9230,intersection,,0,0
9231,intersection,,0,0
9232,intersection,,0,0
9233,intersection,,0,0
9234,intersection,,0,0
9235,intersection,,0,0
9236,intersection,,0,0
9237,intersection,,0,0
9238,intersection,,0,0
9239,intersection,,0,0
9240,intersection,,0,0
9241,intersection,,0,0
9242,intersection,,0,0
9243,intersection,,0,0
9244,intersection,,0,0
9245,intersection,,0,0
9246,intersection,,0,0
9247,intersection,,0,0
9248,intersection,,0,0
9249,intersection,,0,0
9250,intersection,,0,0
9251,intersection,,0,0
9252,intersection,,0,0
9253,intersection,,0,0
9254,intersection,,0,0
9255,intersection,,0,0
9256,intersection,,0,0
9257,intersection,,0,0
9258,intersection,,0,0
9259,intersection,,0,0
9260,intersection,,0,0
9261,intersection,,0,0
9262,intersection,,0,0
9263,intersection,,0,0
9264,intersection,,0,0
9265,intersection,,0,0
9266,intersection,,0,0
9267,intersection,,0,0
9268,intersection,,0,0
9269,intersection,,0,0
9270,intersection,,0,0
9271,intersection,,0,0
9272,intersection,,0,0
9273,intersection,,0,0
9274,intersection,,0,0
9275,intersection,,0,0
9276,intersection,,0,0
9277,intersection,,0,0
9278,intersection,,0,0
9279,intersection,,0,0
9280,intersection,,0,0
9281,intersection,,0,0
9282,intersection,,0,0
9283,intersection,,0,0
9284,intersection,,0,0
9285,intersection,,0,0
9286,intersection,,0,0
9287,intersection,,0,0
9288,intersection,,0,0
9289,intersection,,0,0
9290,intersection,,0,0
9291,intersection,,0,0
9292,intersection,,0,0
9293,intersection,,0,0
9294,intersection,,0,0
9295,intersection,,0,0
9296,intersection,,0,0
9297,intersection,,0,0
9298,intersection,,0,0
9299,intersection,,0,0
9300,intersection,,0,0
9301,intersection,,0,0
9302,intersection,,0,0
9303,intersection,,0,0
9304,intersection,,0,0
9305,intersection,,0,0
9306,intersection,,0,0
9307,intersection,,0,0
9308,intersection,,0,0
9309,intersection,,0,0
9310,intersection,,0,0
9311,intersection,,0,0
9312,intersection,,0,0
9313,intersection,,0,0
9314,intersection,,0,0
9315,intersection,,0,0
9316,intersection,,0,0
9317,intersection,,0,0
9318,intersection,,0,0
9319,intersection,,0,0
9320,intersection,,0,0
9321,intersection,,0,0
9322,intersection,,0,0
9323,intersection,,0,0
9324,intersection,,0,0
9325,intersection,,0,0
9326,intersection,,0,0
9327,intersection,,0,0
9328,intersection,,0,0
9329,intersection,,0,0
9330,intersection,,0,0
9331,intersection,,0,0
9332,intersection,,0,0
9333,intersection,,0,0
9334,intersection,,0,0
9335,intersection,,0,0
9336,intersection,,0,0
9337,intersection,,0,0
9338,intersection,,0,0
9339,intersection,,0,0
9340,intersection,,0,0
9341,intersection,,0,0
9342,intersection,,0,0
9343,intersection,,0,0
9344,intersection,,0,0
9345,intersection,,0,0
9346,intersection,,0,0
9347,intersection,,0,0
9348,intersection,,0,0
9349,intersection,,0,0
9350,intersection,,0,0
9351,intersection,,0,0
9352,intersection,,0,0
9353,intersection,,0,0
9354,intersection,,0,0
9355,intersection,,0,0
9356,intersection,,0,0
9357,intersection,,0,0
9358,intersection,,0,0
9359,intersection,,0,0
9360,intersection,,0,0
9361,intersection,,0,0
9362,intersection,,0,0
9363,intersection,,0,0
9364,intersection,,0,0
9365,intersection,,0,0
9366,intersection,,0,0
9367,intersection,,0,0
9368,intersection,,0,0
9369,intersection,,0,0
9370,intersection,,0,0
9371,intersection,,0,0
9372,intersection,,0,0
9373,intersection,,0,0
9374,intersection,,0,0
9375,intersection,,0,0
9376,intersection,,0,0
9377,intersection,,0,0
9378,intersection,,0,0
9379,intersection,,0,0
9380,intersection,,0,0
9381,intersection,,0,0
9382,intersection,,0,0
9383,intersection,,0,0
9384,intersection,,0,0
9385,intersection,,0,0
9386,intersection,,0,0
9387,intersection,,0,0
9388,intersection,,0,0
9389,intersection,,0,0
9390,intersection,,0,0
9391,intersection,,0,0
9392,intersection,,0,0
9393,intersection,,0,0
9394,intersection,,0,0
9395,intersection,,0,0
9396,intersection,,0,0
9397,intersection,,0,0
9398,intersection,,0,0
9399,intersection,,0,0
9400,intersection,,0,0
9401,intersection,,0,0
9402,intersection,,0,0
9403,intersection,,0,0
9404,intersection,,0,0
9405,intersection,,0,0
9406,intersection,,0,0
9407,intersection,,0,0
9408,intersection,,0,0
9409,intersection,,0,0
9410,intersection,,0,0
9411,intersection,,0,0
9412,intersection,,0,0
9413,intersection,,0,0
9414,intersection,,0,0
9415,intersection,,0,0
9416,intersection,,0,0
9417,intersection,,0,0
9418,intersection,,0,0
9419,intersection,,0,0
9420,intersection,,0,0
9421,intersection,,0,0
9422,intersection,,0,0
9423,intersection,,0,0
9424,intersection,,0,0
9425,intersection,,0,0
9426,intersection,,0,0
9427,intersection,,0,0
9428,intersection,,0,0
9429,intersection,,0,0
9430,intersection,,0,0
9431,intersection,,0,0
9432,intersection,,0,0
9433,intersection,,0,0
9434,intersection,,0,0
9435,intersection,,0,0
9436,intersection,,0,0
9437,intersection,,0,0
9438,intersection,,0,0
9439,intersection,,0,0
9440,intersection,,0,0
9441,intersection,,0,0
9442,intersection,,0,0
9443,intersection,,0,0
9444,intersection,,0,0
9445,intersection,,0,0
9446,intersection,,0,0
9447,intersection,,0,0
9448,intersection,,0,0
9449,intersection,,0,0
9450,intersection,,0,0
9451,intersection,,0,0
9452,intersection,,0,0
9453,intersection,,0,0
9454,intersection,,0,0
9455,intersection,,0,0
9456,intersection,,0,0
9457,intersection,,0,0
9458,intersection,,0,0
9459,intersection,,0,0
9460,intersection,,0,0
9461,intersection,,0,0
9462,intersection,,0,0
9463,intersection,,0,0
9464,intersection,,0,0
9465,intersection,,0,0
9466,intersection,,0,0
9467,intersection,,0,0
9468,intersection,,0,0
9469,intersection,,0,0
9470,intersection,,0,0
9471,intersection,,0,0
9472,intersection,,0,0
9473,intersection,,0,0
9474,intersection,,0,0
9475,intersection,,0,0
9476,intersection,,0,0
9477,intersection,,0,0
9478,intersection,,0,0
9479,intersection,,0,0
9480,intersection,,0,0
9481,intersection,,0,0
9482,intersection,,0,0
9483,intersection,,0,0
9484,intersection,,0,0
9485,intersection,,0,0
9486,intersection,,0,0
9487,intersection,,0,0
9488,intersection,,0,0
9489,intersection,,0,0
9490,intersection,,0,0
9491,intersection,,0,0
9492,intersection,,0,0
9493,intersection,,0,0
9494,intersection,,0,0
9495,intersection,,0,0
9496,intersection,,0,0
9497,intersection,,0,0
9498,intersection,,0,0
9499,intersection,,0,0
9500,intersection,,0,0
9501,intersection,,0,0
9502,intersection,,0,0
9503,intersection,,0,0
9504,intersection,,0,0
9505,intersection,,0,0
9506,intersection,,0,0
9507,intersection,,0,0
9508,intersection,,0,0
9509,intersection,,0,0
9510,intersection,,0,0
9511,intersection,,0,0
9512,intersection,,0,0
9513,intersection,,0,0
9514,intersection,,0,0
9515,intersection,,0,0
9516,intersection,,0,0
9517,intersection,,0,0
9518,intersection,,0,0
9519,intersection,,0,0
9520,intersection,,0,0
9521,intersection,,0,0
9522,intersection,,0,0
9523,intersection,,0,0
9524,intersection,,0,0
9525,intersection,,0,0
9526,intersection,,0,0
9527,intersection,,0,0
9528,intersection,,0,0
9529,intersection,,0,0
9530,intersection,,0,0
9531,intersection,,0,0
9532,intersection,,0,0
9533,intersection,,0,0
9534,intersection,,0,0
9535,intersection,,0,0
9536,intersection,,0,0
9537,intersection,,0,0
9538,intersection,,0,0
9539,intersection,,0,0
9540,intersection,,0,0
9541,intersection,,0,0
9542,intersection,,0,0
9543,intersection,,0,0
9544,intersection,,0,0
9545,intersection,,0,0
9546,intersection,,0,0
9547,intersection,,0,0
9548,intersection,,0,0
9549,intersection,,0,0
9550,intersection,,0,0
9551,intersection,,0,0
9552,intersection,,0,0
9553,intersection,,0,0
9554,intersection,,0,0
9555,intersection,,0,0
9556,intersection,,0,0
9557,intersection,,0,0
9558,intersection,,0,0
9559,intersection,,0,0
9560,intersection,,0,0
9561,intersection,,0,0
9562,intersection,,0,0
9563,intersection,,0,0
9564,intersection,,0,0
9565,intersection,,0,0
9566,intersection,,0,0
9567,intersection,,0,0
9568,intersection,,0,0
9569,intersection,,0,0
9570,intersection,,0,0
9571,intersection,,0,0
9572,intersection,,0,0
9573,intersection,,0,0
9574,intersection,,0,0
9575,intersection,,0,0
9576,intersection,,0,0
9577,intersection,,0,0
9578,intersection,,0,0
9579,intersection,,0,0
9580,intersection,,0,0
9581,intersection,,0,0
9582,intersection,,0,0
9583,intersection,,0,0
9584,intersection,,0,0
9585,intersection,,0,0
9586,intersection,,0,0
9587,intersection,,0,0
9588,intersection,,0,0
9589,intersection,,0,0
9590,intersection,,0,0
9591,intersection,,0,0
9592,intersection,,0,0
9593,intersection,,0,0
9594,intersection,,0,0
9595,intersection,,0,0
9596,intersection,,0,0
9597,intersection,,0,0
9598,intersection,,0,0
9599,intersection,,0,0
9600,intersection,,0,0
9601,intersection,,0,0
9602,intersection,,0,0
9603,intersection,,0,0
9604,intersection,,0,0
9605,intersection,,0,0
9606,intersection,,0,0
9607,intersection,,0,0
9608,intersection,,0,0
9609,intersection,,0,0
9610,intersection,,0,0
9611,intersection,,0,0
9612,intersection,,0,0
9613,intersection,,0,0
9614,intersection,,0,0
9615,intersection,,0,0
9616,intersection,,0,0
9617,intersection,,0,0
9618,intersection,,0,0
9619,intersection,,0,0
9620,intersection,,0,0
9621,intersection,,0,0
9622,intersection,,0,0
9623,intersection,,0,0
9624,intersection,,0,0
9625,intersection,,0,0
9626,intersection,,0,0
9627,intersection,,0,0
9628,intersection,,0,0
9629,intersection,,0,0
9630,intersection,,0,0
9631,intersection,,0,0
9632,intersection,,0,0
9633,intersection,,0,0
9634,intersection,,0,0
9635,intersection,,0,0
9636,intersection,,0,0
9637,intersection,,0,0
9638,intersection,,0,0
9639,intersection,,0,0
9640,intersection,,0,0
9641,intersection,,0,0
9642,intersection,,0,0
9643,intersection,,0,0
9644,intersection,,0,0
9645,intersection,,0,0
9646,intersection,,0,0
9647,intersection,,0,0
9648,intersection,,0,0
9649,intersection,,0,0
9650,intersection,,0,0
9651,intersection,,0,0
9652,intersection,,0,0
9653,intersection,,0,0
9654,intersection,,0,0
9655,intersection,,0,0
9656,intersection,,0,0
9657,intersection,,0,0
9658,intersection,,0,0
9659,intersection,,0,0
9660,intersection,,0,0
9661,intersection,,0,0
9662,intersection,,0,0
9663,intersection,,0,0
9664,intersection,,0,0
9665,intersection,,0,0
9666,intersection,,0,0
9667,intersection,,0,0
9668,intersection,,0,0
9669,intersection,,0,0
9670,intersection,,0,0
9671,intersection,,0,0
9672,intersection,,0,0
9673,intersection,,0,0
9674,intersection,,0,0
9675,intersection,,0,0
9676,intersection,,0,0
9677,intersection,,0,0
9678,intersection,,0,0
9679,intersection,,0,0
9680,intersection,,0,0
9681,intersection,,0,0
9682,intersection,,0,0
9683,intersection,,0,0
9684,intersection,,0,0
9685,intersection,,0,0
9686,intersection,,0,0
9687,intersection,,0,0
9688,intersection,,0,0
9689,intersection,,0,0
9690,intersection,,0,0
9691,intersection,,0,0
9692,intersection,,0,0
9693,intersection,,0,0
9694,intersection,,0,0
9695,intersection,,0,0
9696,intersection,,0,0
9697,intersection,,0,0
9698,intersection,,0,0
9699,intersection,,0,0
9700,intersection,,0,0
9701,intersection,,0,0
9702,intersection,,0,0
9703,intersection,,0,0
9704,intersection,,0,0
9705,intersection,,0,0
9706,intersection,,0,0
9707,intersection,,0,0
9708,intersection,,0,0
9709,intersection,,0,0
9710,intersection,,0,0
9711,intersection,,0,0
9712,intersection,,0,0
9713,intersection,,0,0
9714,intersection,,0,0
9715,intersection,,0,0
9716,intersection,,0,0
9717,intersection,,0,0
9718,intersection,,0,0
9719,intersection,,0,0
9720,intersection,,0,0
9721,intersection,,0,0
9722,intersection,,0,0
9723,intersection,,0,0
9724,intersection,,0,0
9725,intersection,,0,0
9726,intersection,,0,0
9727,intersection,,0,0
9728,intersection,,0,0
9729,intersection,,0,0
9730,intersection,,0,0
9731,intersection,,0,0
9732,intersection,,0,0
9733,intersection,,0,0
9734,intersection,,0,0
9735,intersection,,0,0
9736,intersection,,0,0
9737,intersection,,0,0
9738,intersection,,0,0
9739,intersection,,0,0
9740,intersection,,0,0
9741,intersection,,0,0
9742,intersection,,0,0
9743,intersection,,0,0
9744,intersection,,0,0
9745,intersection,,0,0
9746,intersection,,0,0
9747,intersection,,0,0
9748,intersection,,0,0
9749,intersection,,0,0
9750,intersection,,0,0
9751,intersection,,0,0
9752,intersection,,0,0
9753,intersection,,0,0
9754,intersection,,0,0
9755,intersection,,0,0
9756,intersection,,0,0
9757,intersection,,0,0
9758,intersection,,0,0
9759,intersection,,0,0
9760,intersection,,0,0
9761,intersection,,0,0
9762,intersection,,0,0
9763,intersection,,0,0
9764,intersection,,0,0
9765,intersection,,0,0
9766,intersection,,0,0
9767,intersection,,0,0
9768,intersection,,0,0
9769,intersection,,0,0
9770,intersection,,0,0
9771,intersection,,0,0
9772,intersection,,0,0
9773,intersection,,0,0
9774,intersection,,0,0
9775,intersection,,0,0
9776,intersection,,0,0
9777,intersection,,0,0
9778,intersection,,0,0
9779,intersection,,0,0
9780,intersection,,0,0
9781,intersection,,0,0
9782,intersection,,0,0
9783,intersection,,0,0
9784,intersection,,0,0
9785,intersection,,0,0
9786,intersection,,0,0
9787,intersection,,0,0
9788,intersection,,0,0
9789,intersection,,0,0
9790,intersection,,0,0
9791,intersection,,0,0
9792,intersection,,0,0
9793,intersection,,0,0
9794,intersection,,0,0
9795,intersection,,0,0
9796,intersection,,0,0
9797,intersection,,0,0
9798,intersection,,0,0
9799,intersection,,0,0
9800,intersection,,0,0
9801,intersection,,0,0
9802,intersection,,0,0
9803,intersection,,0,0
9804,intersection,,0,0
9805,intersection,,0,0
9806,intersection,,0,0
9807,intersection,,0,0
9808,intersection,,0,0
9809,intersection,,0,0
9810,intersection,,0,0
9811,intersection,,0,0
9812,intersection,,0,0
9813,intersection,,0,0
9814,intersection,,0,0
9815,intersection,,0,0
9816,intersection,,0,0
9817,intersection,,0,0
9818,intersection,,0,0
9819,intersection,,0,0
9820,intersection,,0,0
9821,intersection,,0,0
9822,intersection,,0,0
9823,intersection,,0,0
9824,intersection,,0,0
9825,intersection,,0,0
9826,intersection,,0,0
9827,intersection,,0,0
9828,intersection,,0,0
9829,intersection,,0,0
9830,intersection,,0,0
9831,intersection,,0,0
9832,intersection,,0,0
9833,intersection,,0,0
9834,intersection,,0,0
9835,intersection,,0,0
9836,intersection,,0,0
9837,intersection,,0,0
9838,intersection,,0,0
9839,intersection,,0,0
9840,intersection,,0,0
9841,intersection,,0,0
9842,intersection,,0,0
9843,intersection,,0,0
9844,intersection,,0,0
9845,intersection,,0,0
9846,intersection,,0,0
9847,intersection,,0,0
9848,intersection,,0,0
9849,intersection,,0,0
9850,intersection,,0,0
9851,intersection,,0,0
9852,intersection,,0,0
9853,intersection,,0,0
9854,intersection,,0,0
9855,intersection,,0,0
9856,intersection,,0,0
9857,intersection,,0,0
9858,intersection,,0,0
9859,intersection,,0,0
9860,intersection,,0,0
9861,intersection,,0,0
9862,intersection,,0,0
9863,intersection,,0,0
9864,intersection,,0,0
9865,intersection,,0,0
9866,intersection,,0,0
9867,intersection,,0,0
9868,intersection,,0,0
9869,intersection,,0,0
9870,intersection,,0,0
9871,intersection,,0,0
9872,intersection,,0,0
9873,intersection,,0,0
9874,intersection,,0,0
9875,intersection,,0,0
9876,intersection,,0,0
9877,intersection,,0,0
9878,intersection,,0,0
9879,intersection,,0,0
9880,intersection,,0,0
9881,intersection,,0,0
9882,intersection,,0,0
9883,intersection,,0,0
9884,intersection,,0,0
9885,intersection,,0,0
9886,intersection,,0,0
9887,intersection,,0,0
9888,intersection,,0,0
9889,intersection,,0,0
9890,intersection,,0,0
9891,intersection,,0,0
9892,intersection,,0,0
9893,intersection,,0,0
9894,intersection,,0,0
9895,intersection,,0,0
9896,intersection,,0,0
9897,intersection,,0,0
9898,intersection,,0,0
9899,intersection,,0,0
9900,intersection,,0,0
9901,intersection,,0,0
9902,intersection,,0,0
9903,intersection,,0,0
9904,intersection,,0,0
9905,intersection,,0,0
9906,intersection,,0,0
9907,intersection,,0,0
9908,intersection,,0,0
9909,intersection,,0,0
9910,intersection,,0,0
9911,intersection,,0,0
9912,intersection,,0,0
9913,intersection,,0,0
9914,intersection,,0,0
9915,intersection,,0,0
9916,intersection,,0,0
9917,intersection,,0,0
9918,intersection,,0,0
9919,intersection,,0,0
9920,intersection,,0,0
9921,intersection,,0,0
9922,intersection,,0,0
9923,intersection,,0,0
9924,intersection,,0,0
9925,intersection,,0,0
9926,intersection,,0,0
9927,intersection,,0,0
9928,intersection,,0,0
9929,intersection,,0,0
9930,intersection,,0,0
9931,intersection,,0,0
9932,intersection,,0,0
9933,intersection,,0,0
9934,intersection,,0,0
9935,intersection,,0,0
9936,intersection,,0,0
9937,intersection,,0,0
9938,intersection,,0,0
9939,intersection,,0,0
9940,intersection,,0,0
9941,intersection,,0,0
9942,intersection,,0,0
9943,intersection,,0,0
9944,intersection,,0,0
9945,intersection,,0,0
9946,intersection,,0,0
9947,intersection,,0,0
9948,intersection,,0,0
9949,intersection,,0,0
9950,intersection,,0,0
9951,intersection,,0,0
9952,intersection,,0,0
9953,intersection,,0,0
9954,intersection,,0,0
9955,intersection,,0,0
9956,intersection,,0,0
9957,intersection,,0,0
9958,intersection,,0,0
9959,intersection,,0,0
9960,intersection,,0,0
9961,intersection,,0,0
9962,intersection,,0,0
9963,intersection,,0,0
9964,intersection,,0,0
9965,intersection,,0,0
9966,intersection,,0,0
9967,intersection,,0,0
9968,intersection,,0,0
9969,intersection,,0,0
9970,intersection,,0,0
9971,intersection,,0,0
9972,intersection,,0,0
9973,intersection,,0,0
9974,intersection,,0,0
9975,intersection,,0,0
9976,intersection,,0,0
9977,intersection,,0,0
9978,intersection,,0,0
9979,intersection,,0,0
9980,intersection,,0,0
9981,intersection,,0,0
9982,intersection,,0,0
9983,intersection,,0,0
9984,intersection,,0,0
9985,intersection,,0,0
9986,intersection,,0,0
9987,intersection,,0,0
9988,intersection,,0,0
9989,intersection,,0,0
9990,intersection,,0,0
9991,intersection,,0,0
9992,intersection,,0,0
9993,intersection,,0,0
9994,intersection,,0,0
9995,intersection,,0,0
9996,intersection,,0,0
9997,intersection,,0,0
9998,intersection,,0,0
9999,intersection,,0,0
10000,intersection,,0,0
10001,intersection,,0,0
10002,intersection,,0,0
10003,intersection,,0,0
10004,intersection,,0,0
10005,intersection,,0,0
10006,intersection,,0,0
10007,intersection,,0,0
10008,intersection,,0,0
10009,intersection,,0,0
10010,intersection,,0,0
10011,intersection,,0,0
10012,intersection,,0,0
10013,intersection,,0,0
10014,intersection,,0,0
10015,intersection,,0,0
10016,intersection,,0,0
10017,intersection,,0,0
10018,intersection,,0,0
10019,intersection,,0,0
10020,intersection,,0,0
10021,intersection,,0,0
10022,intersection,,0,0
10023,intersection,,0,0
10024,intersection,,0,0
10025,intersection,,0,0
10026,intersection,,0,0
10027,intersection,,0,0
10028,intersection,,0,0
10029,intersection,,0,0
10030,intersection,,0,0
10031,intersection,,0,0
10032,intersection,,0,0
10033,intersection,,0,0
10034,intersection,,0,0
10035,intersection,,0,0
10036,intersection,,0,0
10037,intersection,,0,0
10038,intersection,,0,0
10039,intersection,,0,0
10040,intersection,,0,0
10041,intersection,,0,0
10042,intersection,,0,0
10043,intersection,,0,0
10044,intersection,,0,0
10045,intersection,,0,0
10046,intersection,,0,0
10047,intersection,,0,0
10048,intersection,,0,0
10049,intersection,,0,0
10050,intersection,,0,0
10051,intersection,,0,0
10052,intersection,,0,0
10053,intersection,,0,0
10054,intersection,,0,0
10055,intersection,,0,0
10056,intersection,,0,0
10057,intersection,,0,0
10058,intersection,,0,0
10059,intersection,,0,0
10060,intersection,,0,0
10061,intersection,,0,0
10062,intersection,,0,0
10063,intersection,,0,0
10064,intersection,,0,0
10065,intersection,,0,0
10066,intersection,,0,0
10067,intersection,,0,0
10068,intersection,,0,0
10069,intersection,,0,0
10070,intersection,,0,0
10071,intersection,,0,0
10072,intersection,,0,0
10073,intersection,,0,0
10074,intersection,,0,0
10075,intersection,,0,0
10076,intersection,,0,0
10077,intersection,,0,0
10078,intersection,,0,0
10079,intersection,,0,0
10080,intersection,,0,0
10081,intersection,,0,0
10082,intersection,,0,0
10083,intersection,,0,0
10084,intersection,,0,0
10085,intersection,,0,0
10086,intersection,,0,0
10087,intersection,,0,0
10088,intersection,,0,0
10089,intersection,,0,0
10090,intersection,,0,0
10091,intersection,,0,0
10092,intersection,,0,0
10093,intersection,,0,0
10094,intersection,,0,0
10095,intersection,,0,0
10096,intersection,,0,0
10097,intersection,,0,0
10098,intersection,,0,0
10099,intersection,,0,0
10100,intersection,,0,0
10101,intersection,,0,0
10102,intersection,,0,0
10103,intersection,,0,0
10104,intersection,,0,0
10105,intersection,,0,0
10106,intersection,,0,0
10107,intersection,,0,0
10108,intersection,,0,0
10109,intersection,,0,0
10110,intersection,,0,0
10111,intersection,,0,0
10112,intersection,,0,0
10113,intersection,,0,0
10114,intersection,,0,0
10115,intersection,,0,0
10116,intersection,,0,0
10117,intersection,,0,0
10118,intersection,,0,0
10119,intersection,,0,0
10120,intersection,,0,0
10121,intersection,,0,0
10122,intersection,,0,0
10123,intersection,,0,0
10124,intersection,,0,0
10125,intersection,,0,0
10126,intersection,,0,0
10127,intersection,,0,0
10128,intersection,,0,0
10129,intersection,,0,0
10130,intersection,,0,0
10131,intersection,,0,0
10132,intersection,,0,0
10133,intersection,,0,0
10134,intersection,,0,0
10135,intersection,,0,0
10136,intersection,,0,0
10137,intersection,,0,0
10138,intersection,,0,0
10139,intersection,,0,0
10140,intersection,,0,0
10141,intersection,,0,0
10142,intersection,,0,0
10143,intersection,,0,0
10144,intersection,,0,0
10145,intersection,,0,0
10146,intersection,,0,0
10147,intersection,,0,0
10148,intersection,,0,0
10149,intersection,,0,0
10150,intersection,,0,0
10151,intersection,,0,0
10152,intersection,,0,0
10153,intersection,,0,0
10154,intersection,,0,0
10155,intersection,,0,0
10156,intersection,,0,0
10157,intersection,,0,0
10158,intersection,,0,0
10159,intersection,,0,0
10160,intersection,,0,0
10161,intersection,,0,0
10162,intersection,,0,0
10163,intersection,,0,0
10164,intersection,,0,0
10165,intersection,,0,0
10166,intersection,,0,0
10167,intersection,,0,0
10168,intersection,,0,0
10169,intersection,,0,0
10170,intersection,,0,0
10171,intersection,,0,0
10172,intersection,,0,0
10173,intersection,,0,0
10174,intersection,,0,0
10175,intersection,,0,0
10176,intersection,,0,0
10177,intersection,,0,0
10178,intersection,,0,0
10179,intersection,,0,0
10180,intersection,,0,0
10181,intersection,,0,0
10182,intersection,,0,0
10183,intersection,,0,0
10184,intersection,,0,0
10185,intersection,,0,0
10186,intersection,,0,0
10187,intersection,,0,0
10188,intersection,,0,0
10189,intersection,,0,0
10190,intersection,,0,0
10191,intersection,,0,0
10192,intersection,,0,0
10193,intersection,,0,0
10194,intersection,,0,0
10195,intersection,,0,0
10196,intersection,,0,0
10197,intersection,,0,0
10198,intersection,,0,0
10199,intersection,,0,0
10200,intersection,,0,0
10201,intersection,,0,0
10202,intersection,,0,0
10203,intersection,,0,0
10204,intersection,,0,0
10205,intersection,,0,0
10206,intersection,,0,0
10207,intersection,,0,0
10208,intersection,,0,0
10209,intersection,,0,0
10210,intersection,,0,0
10211,intersection,,0,0
10212,intersection,,0,0
10213,intersection,,0,0
10214,intersection,,0,0
10215,intersection,,0,0
10216,intersection,,0,0
10217,intersection,,0,0
10218,intersection,,0,0
10219,intersection,,0,0
10220,intersection,,0,0
10221,intersection,,0,0
10222,intersection,,0,0
10223,intersection,,0,0
10224,intersection,,0,0
10225,intersection,,0,0
10226,intersection,,0,0
10227,intersection,,0,0
10228,intersection,,0,0
10229,intersection,,0,0
10230,intersection,,0,0
10231,intersection,,0,0
10232,intersection,,0,0
10233,intersection,,0,0
10234,intersection,,0,0
10235,intersection,,0,0
10236,intersection,,0,0
10237,intersection,,0,0
10238,intersection,,0,0
10239,intersection,,0,0
10240,intersection,,0,0
10241,intersection,,0,0
10242,intersection,,0,0
10243,intersection,,0,0
10244,intersection,,0,0
10245,intersection,,0,0
10246,intersection,,0,0
10247,intersection,,0,0
10248,intersection,,0,0
10249,intersection,,0,0
10250,intersection,,0,0
10251,intersection,,0,0
10252,intersection,,0,0
10253,intersection,,0,0
10254,intersection,,0,0
10255,intersection,,0,0
10256,intersection,,0,0
10257,intersection,,0,0
10258,intersection,,0,0
10259,intersection,,0,0
10260,intersection,,0,0
10261,intersection,,0,0
10262,intersection,,0,0
10263,intersection,,0,0
10264,intersection,,0,0
10265,intersection,,0,0
10266,intersection,,0,0
10267,intersection,,0,0
10268,intersection,,0,0
10269,intersection,,0,0
10270,intersection,,0,0
10271,intersection,,0,0
10272,intersection,,0,0
10273,intersection,,0,0
10274,intersection,,0,0
10275,intersection,,0,0
10276,intersection,,0,0
10277,intersection,,0,0
10278,intersection,,0,0
10279,intersection,,0,0
10280,intersection,,0,0
10281,intersection,,0,0
10282,intersection,,0,0
10283,intersection,,0,0
10284,intersection,,0,0
10285,intersection,,0,0
10286,intersection,,0,0
10287,intersection,,0,0
10288,intersection,,0,0
10289,intersection,,0,0
10290,intersection,,0,0
10291,intersection,,0,0
10292,intersection,,0,0
10293,intersection,,0,0
10294,intersection,,0,0
10295,intersection,,0,0
10296,intersection,,0,0
10297,intersection,,0,0
10298,intersection,,0,0
10299,intersection,,0,0
10300,intersection,,0,0
10301,intersection,,0,0
10302,intersection,,0,0
10303,intersection,,0,0
10304,intersection,,0,0
10305,intersection,,0,0
10306,intersection,,0,0
10307,intersection,,0,0
10308,intersection,,0,0
10309,intersection,,0,0
10310,intersection,,0,0
10311,intersection,,0,0
10312,intersection,,0,0
10313,intersection,,0,0
10314,intersection,,0,0
10315,intersection,,0,0
10316,intersection,,0,0
10317,intersection,,0,0
10318,intersection,,0,0
10319,intersection,,0,0
10320,intersection,,0,0
10321,intersection,,0,0
10322,intersection,,0,0
10323,intersection,,0,0
10324,intersection,,0,0
10325,intersection,,0,0
10326,intersection,,0,0
10327,intersection,,0,0
10328,intersection,,0,0
10329,intersection,,0,0
10330,intersection,,0,0
10331,intersection,,0,0
10332,intersection,,0,0
10333,intersection,,0,0
10334,intersection,,0,0
10335,intersection,,0,0
10336,intersection,,0,0
10337,intersection,,0,0
10338,intersection,,0,0
10339,intersection,,0,0
10340,intersection,,0,0
10341,intersection,,0,0
10342,intersection,,0,0
10343,intersection,,0,0
10344,intersection,,0,0
10345,intersection,,0,0
10346,intersection,,0,0
10347,intersection,,0,0
10348,intersection,,0,0
10349,intersection,,0,0
10350,intersection,,0,0
10351,intersection,,0,0
10352,intersection,,0,0
10353,intersection,,0,0
10354,intersection,,0,0
10355,intersection,,0,0
10356,intersection,,0,0
10357,intersection,,0,0
10358,intersection,,0,0
10359,intersection,,0,0
10360,intersection,,0,0
10361,intersection,,0,0
10362,intersection,,0,0
10363,intersection,,0,0
10364,intersection,,0,0
10365,intersection,,0,0
10366,intersection,,0,0
10367,intersection,,0,0
10368,intersection,,0,0
10369,intersection,,0,0
10370,intersection,,0,0
10371,intersection,,0,0
10372,intersection,,0,0
10373,intersection,,0,0
10374,intersection,,0,0
10375,intersection,,0,0
10376,intersection,,0,0
10377,intersection,,0,0
10378,intersection,,0,0
10379,intersection,,0,0
10380,intersection,,0,0
10381,intersection,,0,0
10382,intersection,,0,0
10383,intersection,,0,0
10384,intersection,,0,0
10385,intersection,,0,0
10386,intersection,,0,0
10387,intersection,,0,0
10388,intersection,,0,0
10389,intersection,,0,0
10390,intersection,,0,0
10391,intersection,,0,0
10392,intersection,,0,0
10393,intersection,,0,0
10394,intersection,,0,0
10395,intersection,,0,0
10396,intersection,,0,0
10397,intersection,,0,0
10398,intersection,,0,0
10399,intersection,,0,0
10400,intersection,,0,0
10401,intersection,,0,0
10402,intersection,,0,0
10403,intersection,,0,0
10404,intersection,,0,0
10405,intersection,,0,0
10406,intersection,,0,0
10407,intersection,,0,0
10408,intersection,,0,0
10409,intersection,,0,0
10410,intersection,,0,0
10411,intersection,,0,0
10412,intersection,,0,0
10413,intersection,,0,0
10414,intersection,,0,0
10415,intersection,,0,0
10416,intersection,,0,0
10417,intersection,,0,0
10418,intersection,,0,0
10419,intersection,,0,0
10420,intersection,,0,0
10421,intersection,,0,0
10422,intersection,,0,0
10423,intersection,,0,0
10424,intersection,,0,0
10425,intersection,,0,0
10426,intersection,,0,0
10427,intersection,,0,0
10428,intersection,,0,0
10429,intersection,,0,0
10430,intersection,,0,0
10431,intersection,,0,0
10432,intersection,,0,0
10433,intersection,,0,0
10434,intersection,,0,0
10435,intersection,,0,0
10436,intersection,,0,0
10437,intersection,,0,0
10438,intersection,,0,0
10439,intersection,,0,0
10440,intersection,,0,0
10441,intersection,,0,0
10442,intersection,,0,0
10443,intersection,,0,0
10444,intersection,,0,0
10445,intersection,,0,0
10446,intersection,,0,0
10447,intersection,,0,0
10448,intersection,,0,0
10449,intersection,,0,0
10450,intersection,,0,0
10451,intersection,,0,0
10452,intersection,,0,0
10453,intersection,,0,0
10454,intersection,,0,0
10455,intersection,,0,0
10456,intersection,,0,0
10457,intersection,,0,0
10458,intersection,,0,0
10459,intersection,,0,0
10460,intersection,,0,0
10461,intersection,,0,0
10462,intersection,,0,0
10463,intersection,,0,0
10464,intersection,,0,0
10465,intersection,,0,0
10466,intersection,,0,0
10467,intersection,,0,0
10468,intersection,,0,0
10469,intersection,,0,0
10470,intersection,,0,0
10471,intersection,,0,0
10472,intersection,,0,0
10473,intersection,,0,0
10474,intersection,,0,0
10475,intersection,,0,0
10476,intersection,,0,0
10477,intersection,,0,0
10478,intersection,,0,0
10479,intersection,,0,0
10480,intersection,,0,0
10481,intersection,,0,0
10482,intersection,,0,0
10483,intersection,,0,0
10484,intersection,,0,0
10485,intersection,,0,0
10486,intersection,,0,0
10487,intersection,,0,0
10488,intersection,,0,0
10489,intersection,,0,0
10490,intersection,,0,0
10491,intersection,,0,0
10492,intersection,,0,0
10493,intersection,,0,0
10494,intersection,,0,0
10495,intersection,,0,0
10496,intersection,,0,0
10497,intersection,,0,0
10498,intersection,,0,0
10499,intersection,,0,0
10500,intersection,,0,0
10501,intersection,,0,0
10502,intersection,,0,0
10503,intersection,,0,0
10504,intersection,,0,0
10505,intersection,,0,0
10506,intersection,,0,0
10507,intersection,,0,0
10508,intersection,,0,0
10509,intersection,,0,0
10510,intersection,,0,0
10511,intersection,,0,0
10512,intersection,,0,0
10513,intersection,,0,0
10514,intersection,,0,0
10515,intersection,,0,0
10516,intersection,,0,0
10517,intersection,,0,0
10518,intersection,,0,0
10519,intersection,,0,0
10520,intersection,,0,0
10521,intersection,,0,0
10522,intersection,,0,0
10523,intersection,,0,0
10524,intersection,,0,0
10525,intersection,,0,0
10526,intersection,,0,0
10527,intersection,,0,0
10528,intersection,,0,0
10529,intersection,,0,0
10530,intersection,,0,0
10531,intersection,,0,0
10532,intersection,,0,0
10533,intersection,,0,0
10534,intersection,,0,0
10535,intersection,,0,0
10536,intersection,,0,0
10537,intersection,,0,0
10538,intersection,,0,0
10539,intersection,,0,0
10540,intersection,,0,0
10541,intersection,,0,0
10542,intersection,,0,0
10543,intersection,,0,0
10544,intersection,,0,0
10545,intersection,,0,0
10546,intersection,,0,0
10547,intersection,,0,0
10548,intersection,,0,0
10549,intersection,,0,0
10550,intersection,,0,0
10551,intersection,,0,0
10552,intersection,,0,0
10553,intersection,,0,0
10554,intersection,,0,0
10555,intersection,,0,0
10556,intersection,,0,0
10557,intersection,,0,0
10558,intersection,,0,0
10559,intersection,,0,0
10560,intersection,,0,0
10561,intersection,,0,0
10562,intersection,,0,0
10563,intersection,,0,0
10564,intersection,,0,0
10565,intersection,,0,0
10566,intersection,,0,0
10567,intersection,,0,0
10568,intersection,,0,0
10569,intersection,,0,0
10570,intersection,,0,0
10571,intersection,,0,0
10572,intersection,,0,0
10573,intersection,,0,0
10574,intersection,,0,0
10575,intersection,,0,0
10576,intersection,,0,0
10577,intersection,,0,0
10578,intersection,,0,0
10579,intersection,,0,0
10580,intersection,,0,0
10581,intersection,,0,0
10582,intersection,,0,0
10583,intersection,,0,0
10584,intersection,,0,0
10585,intersection,,0,0
10586,intersection,,0,0
10587,intersection,,0,0
10588,intersection,,0,0
10589,intersection,,0,0
10590,intersection,,0,0
10591,intersection,,0,0
10592,intersection,,0,0
10593,intersection,,0,0
10594,intersection,,0,0
10595,intersection,,0,0
10596,intersection,,0,0
10597,intersection,,0,0
10598,intersection,,0,0
10599,intersection,,0,0
10600,intersection,,0,0
10601,intersection,,0,0
10602,intersection,,0,0
10603,intersection,,0,0
10604,intersection,,0,0
10605,intersection,,0,0
10606,intersection,,0,0
10607,intersection,,0,0
10608,intersection,,0,0
10609,intersection,,0,0
10610,intersection,,0,0
10611,intersection,,0,0
10612,intersection,,0,0
10613,intersection,,0,0
10614,intersection,,0,0
10615,intersection,,0,0
10616,intersection,,0,0
10617,intersection,,0,0
10618,intersection,,0,0
10619,intersection,,0,0
10620,intersection,,0,0
10621,intersection,,0,0
10622,intersection,,0,0
10623,intersection,,0,0
10624,intersection,,0,0
10625,intersection,,0,0
10626,intersection,,0,0
10627,intersection,,0,0
10628,intersection,,0,0
10629,intersection,,0,0
10630,intersection,,0,0
10631,intersection,,0,0
10632,intersection,,0,0
10633,intersection,,0,0
10634,intersection,,0,0
10635,intersection,,0,0
10636,intersection,,0,0
10637,intersection,,0,0
10638,intersection,,0,0
10639,intersection,,0,0
10640,intersection,,0,0
10641,intersection,,0,0
10642,intersection,,0,0
10643,intersection,,0,0
10644,intersection,,0,0
10645,intersection,,0,0
10646,intersection,,0,0
10647,intersection,,0,0
10648,intersection,,0,0
10649,intersection,,0,0
10650,intersection,,0,0
10651,intersection,,0,0
10652,intersection,,0,0
10653,intersection,,0,0
10654,intersection,,0,0
10655,intersection,,0,0
10656,intersection,,0,0
10657,intersection,,0,0
10658,intersection,,0,0
10659,intersection,,0,0
10660,intersection,,0,0
10661,intersection,,0,0
10662,intersection,,0,0
10663,intersection,,0,0
10664,intersection,,0,0
10665,intersection,,0,0
10666,intersection,,0,0
10667,intersection,,0,0
10668,intersection,,0,0
10669,intersection,,0,0
10670,intersection,,0,0
10671,intersection,,0,0
10672,intersection,,0,0
10673,intersection,,0,0
10674,intersection,,0,0
10675,intersection,,0,0
10676,intersection,,0,0
10677,intersection,,0,0
10678,intersection,,0,0
10679,intersection,,0,0
10680,intersection,,0,0
10681,intersection,,0,0
10682,intersection,,0,0
10683,intersection,,0,0
10684,intersection,,0,0
10685,intersection,,0,0
10686,intersection,,0,0
10687,intersection,,0,0
10688,intersection,,0,0
10689,intersection,,0,0
10690,intersection,,0,0
10691,intersection,,0,0
10692,intersection,,0,0
10693,intersection,,0,0
10694,intersection,,0,0
10695,intersection,,0,0
10696,intersection,,0,0
10697,intersection,,0,0
10698,intersection,,0,0
10699,intersection,,0,0
10700,intersection,,0,0
10701,intersection,,0,0
10702,intersection,,0,0
10703,intersection,,0,0
10704,intersection,,0,0
10705,intersection,,0,0
10706,intersection,,0,0
10707,intersection,,0,0
10708,intersection,,0,0
10709,intersection,,0,0
10710,intersection,,0,0
10711,intersection,,0,0
10712,intersection,,0,0
10713,intersection,,0,0
10714,intersection,,0,0
10715,intersection,,0,0
10716,intersection,,0,0
10717,intersection,,0,0
10718,intersection,,0,0
10719,intersection,,0,0
10720,intersection,,0,0
10721,intersection,,0,0
10722,intersection,,0,0
10723,intersection,,0,0
10724,intersection,,0,0
10725,intersection,,0,0
10726,intersection,,0,0
10727,intersection,,0,0
10728,intersection,,0,0
10729,intersection,,0,0
10730,intersection,,0,0
10731,intersection,,0,0
10732,intersection,,0,0
10733,intersection,,0,0
10734,intersection,,0,0
10735,intersection,,0,0
10736,intersection,,0,0
10737,intersection,,0,0
10738,intersection,,0,0
10739,intersection,,0,0
10740,intersection,,0,0
10741,intersection,,0,0
10742,intersection,,0,0
10743,intersection,,0,0
10744,intersection,,0,0
10745,intersection,,0,0
10746,intersection,,0,0
10747,intersection,,0,0
10748,intersection,,0,0
10749,intersection,,0,0
10750,intersection,,0,0
10751,intersection,,0,0
10752,intersection,,0,0
10753,intersection,,0,0
10754,intersection,,0,0
10755,intersection,,0,0
10756,intersection,,0,0
10757,intersection,,0,0
10758,intersection,,0,0
10759,intersection,,0,0
10760,intersection,,0,0
10761,intersection,,0,0
10762,intersection,,0,0
10763,intersection,,0,0
10764,intersection,,0,0
10765,intersection,,0,0
10766,intersection,,0,0
10767,intersection,,0,0
10768,intersection,,0,0
10769,intersection,,0,0
10770,intersection,,0,0
10771,intersection,,0,0
10772,intersection,,0,0
10773,intersection,,0,0
10774,intersection,,0,0
10775,intersection,,0,0
10776,intersection,,0,0
10777,intersection,,0,0
10778,intersection,,0,0
10779,intersection,,0,0
10780,intersection,,0,0
10781,intersection,,0,0
10782,intersection,,0,0
10783,intersection,,0,0
10784,intersection,,0,0
10785,intersection,,0,0
10786,intersection,,0,0
10787,intersection,,0,0
10788,intersection,,0,0
10789,intersection,,0,0
10790,intersection,,0,0
10791,intersection,,0,0
10792,intersection,,0,0
10793,intersection,,0,0
10794,intersection,,0,0
10795,intersection,,0,0
10796,intersection,,0,0
10797,intersection,,0,0
10798,intersection,,0,0
10799,intersection,,0,0
10800,intersection,,0,0
10801,intersection,,0,0
10802,intersection,,0,0
10803,intersection,,0,0
10804,intersection,,0,0
10805,intersection,,0,0
10806,intersection,,0,0
10807,intersection,,0,0
10808,intersection,,0,0
10809,intersection,,0,0
10810,intersection,,0,0
10811,intersection,,0,0
10812,intersection,,0,0
10813,intersection,,0,0
10814,intersection,,0,0
10815,intersection,,0,0
10816,intersection,,0,0
10817,intersection,,0,0
10818,intersection,,0,0
10819,intersection,,0,0
10820,intersection,,0,0
10821,intersection,,0,0
10822,intersection,,0,0
10823,intersection,,0,0
10824,intersection,,0,0
10825,intersection,,0,0
10826,intersection,,0,0
10827,intersection,,0,0
10828,intersection,,0,0
10829,intersection,,0,0
10830,intersection,,0,0
10831,intersection,,0,0
10832,intersection,,0,0
10833,intersection,,0,0
10834,intersection,,0,0
10835,intersection,,0,0
10836,intersection,,0,0
10837,intersection,,0,0
10838,intersection,,0,0
10839,intersection,,0,0
10840,intersection,,0,0
10841,intersection,,0,0
10842,intersection,,0,0
10843,intersection,,0,0
10844,intersection,,0,0
10845,intersection,,0,0
10846,intersection,,0,0
10847,intersection,,0,0
10848,intersection,,0,0
10849,intersection,,0,0
10850,intersection,,0,0
10851,intersection,,0,0
10852,intersection,,0,0
10853,intersection,,0,0
10854,intersection,,0,0
10855,intersection,,0,0
10856,intersection,,0,0
10857,intersection,,0,0
10858,intersection,,0,0
10859,intersection,,0,0
10860,intersection,,0,0
10861,intersection,,0,0
10862,intersection,,0,0
10863,intersection,,0,0
10864,intersection,,0,0
10865,intersection,,0,0
10866,intersection,,0,0
10867,intersection,,0,0
10868,intersection,,0,0
10869,intersection,,0,0
10870,intersection,,0,0
10871,intersection,,0,0
10872,intersection,,0,0
10873,intersection,,0,0
10874,intersection,,0,0
10875,intersection,,0,0
10876,intersection,,0,0
10877,intersection,,0,0
10878,intersection,,0,0
10879,intersection,,0,0
10880,intersection,,0,0
10881,intersection,,0,0
10882,intersection,,0,0
10883,intersection,,0,0
10884,intersection,,0,0
10885,intersection,,0,0
10886,intersection,,0,0
10887,intersection,,0,0
10888,intersection,,0,0
10889,intersection,,0,0
10890,intersection,,0,0
10891,intersection,,0,0
10892,intersection,,0,0
10893,intersection,,0,0
10894,intersection,,0,0
10895,intersection,,0,0
10896,intersection,,0,0
10897,intersection,,0,0
10898,intersection,,0,0
10899,intersection,,0,0
10900,intersection,,0,0
10901,intersection,,0,0
10902,intersection,,0,0
10903,intersection,,0,0
10904,intersection,,0,0
10905,intersection,,0,0
10906,intersection,,0,0
10907,intersection,,0,0
10908,intersection,,0,0
10909,intersection,,0,0
10910,intersection,,0,0
10911,intersection,,0,0
10912,intersection,,0,0
10913,intersection,,0,0
10914,intersection,,0,0
10915,intersection,,0,0
10916,intersection,,0,0
10917,intersection,,0,0
10918,intersection,,0,0
10919,intersection,,0,0
10920,intersection,,0,0
10921,intersection,,0,0
10922,intersection,,0,0
10923,intersection,,0,0
10924,intersection,,0,0
10925,intersection,,0,0
10926,intersection,,0,0
10927,intersection,,0,0
10928,intersection,,0,0
10929,intersection,,0,0
10930,intersection,,0,0
10931,intersection,,0,0
10932,intersection,,0,0
10933,intersection,,0,0
10934,intersection,,0,0
10935,intersection,,0,0
10936,intersection,,0,0
10937,intersection,,0,0
10938,intersection,,0,0
10939,intersection,,0,0
10940,intersection,,0,0
10941,intersection,,0,0
10942,intersection,,0,0
10943,intersection,,0,0
10944,intersection,,0,0
10945,intersection,,0,0
10946,intersection,,0,0
10947,intersection,,0,0
10948,intersection,,0,0
10949,intersection,,0,0
10950,intersection,,0,0
10951,intersection,,0,0
10952,intersection,,0,0
10953,intersection,,0,0
10954,intersection,,0,0
10955,intersection,,0,0
10956,intersection,,0,0
10957,intersection,,0,0
10958,intersection,,0,0
10959,intersection,,0,0
10960,intersection,,0,0
10961,intersection,,0,0
10962,intersection,,0,0
10963,intersection,,0,0
10964,intersection,,0,0
10965,intersection,,0,0
10966,intersection,,0,0
10967,intersection,,0,0
10968,intersection,,0,0
10969,intersection,,0,0
10970,intersection,,0,0
10971,intersection,,0,0
10972,intersection,,0,0
10973,intersection,,0,0
10974,intersection,,0,0
10975,intersection,,0,0
10976,intersection,,0,0
10977,intersection,,0,0
10978,intersection,,0,0
10979,intersection,,0,0
10980,intersection,,0,0
10981,intersection,,0,0
10982,intersection,,0,0
10983,intersection,,0,0
10984,intersection,,0,0
10985,intersection,,0,0
10986,intersection,,0,0
10987,intersection,,0,0
10988,intersection,,0,0
10989,intersection,,0,0
10990,intersection,,0,0
10991,intersection,,0,0
10992,intersection,,0,0
10993,intersection,,0,0
10994,intersection,,0,0
10995,intersection,,0,0
10996,intersection,,0,0
10997,intersection,,0,0
10998,intersection,,0,0
10999,intersection,,0,0
11000,intersection,,0,0
11001,intersection,,0,0
11002,intersection,,0,0
11003,intersection,,0,0
11004,intersection,,0,0
11005,intersection,,0,0
11006,intersection,,0,0
11007,intersection,,0,0
11008,intersection,,0,0
11009,intersection,,0,0
11010,intersection,,0,0
11011,intersection,,0,0
11012,intersection,,0,0
11013,intersection,,0,0
11014,intersection,,0,0
11015,intersection,,0,0
11016,intersection,,0,0
11017,intersection,,0,0
11018,intersection,,0,0
11019,intersection,,0,0
11020,intersection,,0,0
11021,intersection,,0,0
11022,intersection,,0,0
11023,intersection,,0,0
11024,intersection,,0,0
11025,intersection,,0,0
11026,intersection,,0,0
11027,intersection,,0,0
11028,intersection,,0,0
11029,intersection,,0,0
11030,intersection,,0,0
11031,intersection,,0,0
11032,intersection,,0,0
11033,intersection,,0,0
11034,intersection,,0,0
11035,intersection,,0,0
11036,intersection,,0,0
11037,intersection,,0,0
11038,intersection,,0,0
11039,intersection,,0,0
11040,intersection,,0,0
11041,intersection,,0,0
11042,intersection,,0,0
11043,intersection,,0,0
11044,intersection,,0,0
11045,intersection,,0,0
11046,intersection,,0,0
11047,intersection,,0,0
11048,intersection,,0,0
11049,intersection,,0,0
11050,intersection,,0,0
11051,intersection,,0,0
11052,intersection,,0,0
11053,intersection,,0,0
11054,intersection,,0,0
11055,intersection,,0,0
11056,intersection,,0,0
11057,intersection,,0,0
11058,intersection,,0,0
11059,intersection,,0,0
11060,intersection,,0,0
11061,intersection,,0,0
11062,intersection,,0,0
11063,intersection,,0,0
11064,intersection,,0,0
11065,intersection,,0,0
11066,intersection,,0,0
11067,intersection,,0,0
11068,intersection,,0,0
11069,intersection,,0,0
11070,intersection,,0,0
11071,intersection,,0,0
11072,intersection,,0,0
11073,intersection,,0,0
11074,intersection,,0,0
11075,intersection,,0,0
11076,intersection,,0,0
11077,intersection,,0,0
11078,intersection,,0,0
11079,intersection,,0,0
11080,intersection,,0,0
11081,intersection,,0,0
11082,intersection,,0,0
11083,intersection,,0,0
11084,intersection,,0,0
11085,intersection,,0,0
11086,intersection,,0,0
11087,intersection,,0,0
11088,intersection,,0,0
11089,intersection,,0,0
11090,intersection,,0,0
11091,intersection,,0,0
11092,intersection,,0,0
11093,intersection,,0,0
11094,intersection,,0,0
11095,intersection,,0,0
11096,intersection,,0,0
11097,intersection,,0,0
11098,intersection,,0,0
11099,intersection,,0,0
11100,intersection,,0,0
11101,intersection,,0,0
11102,intersection,,0,0
11103,intersection,,0,0
11104,intersection,,0,0
11105,intersection,,0,0
11106,intersection,,0,0
11107,intersection,,0,0
11108,intersection,,0,0
11109,intersection,,0,0
11110,intersection,,0,0
11111,intersection,,0,0
11112,intersection,,0,0
11113,intersection,,0,0
11114,intersection,,0,0
11115,intersection,,0,0
11116,intersection,,0,0
11117,intersection,,0,0
11118,intersection,,0,0
11119,intersection,,0,0
11120,intersection,,0,0
11121,intersection,,0,0
11122,intersection,,0,0
11123,intersection,,0,0
11124,intersection,,0,0
11125,intersection,,0,0
11126,intersection,,0,0
11127,intersection,,0,0
11128,intersection,,0,0
11129,intersection,,0,0
11130,intersection,,0,0
11131,intersection,,0,0
11132,intersection,,0,0
11133,intersection,,0,0
11134,intersection,,0,0
11135,intersection,,0,0
11136,intersection,,0,0
11137,intersection,,0,0
11138,intersection,,0,0
11139,intersection,,0,0
11140,intersection,,0,0
11141,intersection,,0,0
11142,intersection,,0,0
11143,intersection,,0,0
11144,intersection,,0,0
11145,intersection,,0,0
11146,intersection,,0,0
11147,intersection,,0,0
11148,intersection,,0,0
11149,intersection,,0,0
11150,intersection,,0,0
11151,intersection,,0,0
11152,intersection,,0,0
11153,intersection,,0,0
11154,intersection,,0,0
11155,intersection,,0,0
11156,intersection,,0,0
11157,intersection,,0,0
11158,intersection,,0,0
11159,intersection,,0,0
11160,intersection,,0,0
11161,intersection,,0,0
11162,intersection,,0,0
11163,intersection,,0,0
11164,intersection,,0,0
11165,intersection,,0,0
11166,intersection,,0,0
11167,intersection,,0,0
11168,intersection,,0,0
11169,intersection,,0,0
11170,intersection,,0,0
11171,intersection,,0,0
11172,intersection,,0,0
11173,intersection,,0,0
11174,intersection,,0,0
11175,intersection,,0,0
11176,intersection,,0,0
11177,intersection,,0,0
11178,intersection,,0,0
11179,intersection,,0,0
11180,intersection,,0,0
11181,intersection,,0,0
11182,intersection,,0,0
11183,intersection,,0,0
11184,intersection,,0,0
11185,intersection,,0,0
11186,intersection,,0,0
11187,intersection,,0,0
11188,intersection,,0,0
11189,intersection,,0,0
11190,intersection,,0,0
11191,intersection,,0,0
11192,intersection,,0,0
11193,intersection,,0,0
11194,intersection,,0,0
11195,intersection,,0,0
11196,intersection,,0,0
11197,intersection,,0,0
11198,intersection,,0,0
11199,intersection,,0,0
11200,intersection,,0,0
11201,intersection,,0,0
11202,intersection,,0,0
11203,intersection,,0,0
11204,intersection,,0,0
11205,intersection,,0,0
11206,intersection,,0,0
11207,intersection,,0,0
11208,intersection,,0,0
11209,intersection,,0,0
11210,intersection,,0,0
11211,intersection,,0,0
11212,intersection,,0,0
11213,intersection,,0,0
11214,intersection,,0,0
11215,intersection,,0,0
11216,intersection,,0,0
11217,intersection,,0,0
11218,intersection,,0,0
11219,intersection,,0,0
11220,intersection,,0,0
11221,intersection,,0,0
11222,intersection,,0,0
11223,intersection,,0,0
11224,intersection,,0,0
11225,intersection,,0,0
11226,intersection,,0,0
11227,intersection,,0,0
11228,intersection,,0,0
11229,intersection,,0,0
11230,intersection,,0,0
11231,intersection,,0,0
11232,intersection,,0,0
11233,intersection,,0,0
11234,intersection,,0,0
11235,intersection,,0,0
11236,intersection,,0,0
11237,intersection,,0,0
11238,intersection,,0,0
11239,intersection,,0,0
11240,intersection,,0,0
11241,intersection,,0,0
11242,intersection,,0,0
11243,intersection,,0,0
11244,intersection,,0,0
11245,intersection,,0,0
11246,intersection,,0,0
11247,intersection,,0,0
11248,intersection,,0,0
11249,intersection,,0,0
11250,intersection,,0,0
11251,intersection,,0,0
11252,intersection,,0,0
11253,intersection,,0,0
11254,intersection,,0,0
11255,intersection,,0,0
11256,intersection,,0,0
11257,intersection,,0,0
11258,intersection,,0,0
11259,intersection,,0,0
11260,intersection,,0,0
11261,intersection,,0,0
11262,intersection,,0,0
11263,intersection,,0,0
11264,intersection,,0,0
11265,intersection,,0,0
11266,intersection,,0,0
11267,intersection,,0,0
11268,intersection,,0,0
11269,intersection,,0,0
11270,intersection,,0,0
11271,intersection,,0,0
11272,intersection,,0,0
11273,intersection,,0,0
11274,intersection,,0,0
11275,intersection,,0,0
11276,intersection,,0,0
11277,intersection,,0,0
11278,intersection,,0,0
11279,intersection,,0,0
11280,intersection,,0,0
11281,intersection,,0,0
11282,intersection,,0,0
11283,intersection,,0,0
11284,intersection,,0,0
11285,intersection,,0,0
11286,intersection,,0,0
11287,intersection,,0,0
11288,intersection,,0,0
11289,intersection,,0,0
11290,intersection,,0,0
11291,intersection,,0,0
11292,intersection,,0,0
11293,intersection,,0,0
11294,intersection,,0,0
11295,intersection,,0,0
11296,intersection,,0,0
11297,intersection,,0,0
11298,intersection,,0,0
11299,intersection,,0,0
11300,intersection,,0,0
11301,intersection,,0,0
11302,intersection,,0,0
11303,intersection,,0,0
11304,intersection,,0,0
11305,intersection,,0,0
11306,intersection,,0,0
11307,intersection,,0,0
11308,intersection,,0,0
11309,intersection,,0,0
11310,intersection,,0,0
11311,intersection,,0,0
11312,intersection,,0,0
11313,intersection,,0,0
11314,intersection,,0,0
11315,intersection,,0,0
11316,intersection,,0,0
11317,intersection,,0,0
11318,intersection,,0,0
11319,intersection,,0,0
11320,intersection,,0,0
11321,intersection,,0,0
11322,intersection,,0,0
11323,intersection,,0,0
11324,intersection,,0,0
11325,intersection,,0,0
11326,intersection,,0,0
11327,intersection,,0,0
11328,intersection,,0,0
11329,intersection,,0,0
11330,intersection,,0,0
11331,intersection,,0,0
11332,intersection,,0,0
11333,intersection,,0,0
11334,intersection,,0,0
11335,intersection,,0,0
11336,intersection,,0,0
11337,intersection,,0,0
11338,intersection,,0,0
11339,intersection,,0,0
11340,intersection,,0,0
11341,intersection,,0,0
11342,intersection,,0,0
11343,intersection,,0,0
11344,intersection,,0,0
11345,intersection,,0,0
11346,intersection,,0,0
11347,intersection,,0,0
11348,intersection,,0,0
11349,intersection,,0,0
11350,intersection,,0,0
11351,intersection,,0,0
11352,intersection,,0,0
11353,intersection,,0,0
11354,intersection,,0,0
11355,intersection,,0,0
11356,intersection,,0,0
11357,intersection,,0,0
11358,intersection,,0,0
11359,intersection,,0,0
11360,intersection,,0,0
11361,intersection,,0,0
11362,intersection,,0,0
11363,intersection,,0,0
11364,intersection,,0,0
11365,intersection,,0,0
11366,intersection,,0,0
11367,intersection,,0,0
11368,intersection,,0,0
11369,intersection,,0,0
11370,intersection,,0,0
11371,intersection,,0,0
11372,intersection,,0,0
11373,intersection,,0,0
11374,intersection,,0,0
11375,intersection,,0,0
11376,intersection,,0,0
11377,intersection,,0,0
11378,intersection,,0,0
11379,intersection,,0,0
11380,intersection,,0,0
11381,intersection,,0,0
11382,intersection,,0,0
11383,intersection,,0,0
11384,intersection,,0,0
11385,intersection,,0,0
11386,intersection,,0,0
11387,intersection,,0,0
11388,intersection,,0,0
11389,intersection,,0,0
11390,intersection,,0,0
11391,intersection,,0,0
11392,intersection,,0,0
11393,intersection,,0,0
11394,intersection,,0,0
11395,intersection,,0,0
11396,intersection,,0,0
11397,intersection,,0,0
11398,intersection,,0,0
11399,intersection,,0,0
11400,intersection,,0,0
11401,intersection,,0,0
11402,intersection,,0,0
11403,intersection,,0,0
11404,intersection,,0,0
11405,intersection,,0,0
11406,intersection,,0,0
11407,intersection,,0,0
11408,intersection,,0,0
11409,intersection,,0,0
11410,intersection,,0,0
11411,intersection,,0,0
11412,intersection,,0,0
11413,intersection,,0,0
11414,intersection,,0,0
11415,intersection,,0,0
11416,intersection,,0,0
11417,intersection,,0,0
11418,intersection,,0,0
11419,intersection,,0,0
11420,intersection,,0,0
11421,intersection,,0,0
11422,intersection,,0,0
11423,intersection,,0,0
11424,intersection,,0,0
11425,intersection,,0,0
11426,intersection,,0,0
11427,intersection,,0,0
11428,intersection,,0,0
11429,intersection,,0,0
11430,intersection,,0,0
11431,intersection,,0,0
11432,intersection,,0,0
11433,intersection,,0,0
11434,intersection,,0,0
11435,intersection,,0,0
11436,intersection,,0,0
11437,intersection,,0,0
11438,intersection,,0,0
11439,intersection,,0,0
11440,intersection,,0,0
11441,intersection,,0,0
11442,intersection,,0,0
11443,intersection,,0,0
11444,intersection,,0,0
11445,intersection,,0,0
11446,intersection,,0,0
11447,intersection,,0,0
11448,intersection,,0,0
11449,intersection,,0,0
11450,intersection,,0,0
11451,intersection,,0,0
11452,intersection,,0,0
11453,intersection,,0,0
11454,intersection,,0,0
11455,intersection,,0,0
11456,intersection,,0,0
11457,intersection,,0,0
11458,intersection,,0,0
11459,intersection,,0,0
11460,intersection,,0,0
11461,intersection,,0,0
11462,intersection,,0,0
11463,intersection,,0,0
11464,intersection,,0,0
11465,intersection,,0,0
11466,intersection,,0,0
11467,intersection,,0,0
11468,intersection,,0,0
11469,intersection,,0,0
11470,intersection,,0,0
11471,intersection,,0,0
11472,intersection,,0,0
11473,intersection,,0,0
11474,intersection,,0,0
11475,intersection,,0,0
11476,intersection,,0,0
11477,intersection,,0,0
11478,intersection,,0,0
11479,intersection,,0,0
11480,intersection,,0,0
11481,intersection,,0,0
11482,intersection,,0,0
11483,intersection,,0,0
11484,intersection,,0,0
11485,intersection,,0,0
11486,intersection,,0,0
11487,intersection,,0,0
11488,intersection,,0,0
11489,intersection,,0,0
11490,intersection,,0,0
11491,intersection,,0,0
11492,intersection,,0,0
11493,intersection,,0,0
11494,intersection,,0,0
11495,intersection,,0,0
11496,intersection,,0,0
11497,intersection,,0,0
11498,intersection,,0,0
11499,intersection,,0,0
11500,intersection,,0,0
11501,intersection,,0,0
11502,intersection,,0,0
11503,intersection,,0,0
11504,intersection,,0,0
11505,intersection,,0,0
11506,intersection,,0,0
11507,intersection,,0,0
11508,intersection,,0,0
11509,intersection,,0,0
11510,intersection,,0,0
11511,intersection,,0,0
11512,intersection,,0,0
11513,intersection,,0,0
11514,intersection,,0,0
11515,intersection,,0,0
11516,intersection,,0,0
11517,intersection,,0,0
11518,intersection,,0,0
11519,intersection,,0,0
11520,intersection,,0,0
11521,intersection,,0,0
11522,intersection,,0,0
11523,intersection,,0,0
11524,intersection,,0,0
11525,intersection,,0,0
11526,intersection,,0,0
11527,intersection,,0,0
11528,intersection,,0,0
11529,intersection,,0,0
11530,intersection,,0,0
11531,intersection,,0,0
11532,intersection,,0,0
11533,intersection,,0,0
11534,intersection,,0,0
11535,intersection,,0,0
11536,intersection,,0,0
11537,intersection,,0,0
11538,intersection,,0,0
11539,intersection,,0,0
11540,intersection,,0,0
11541,intersection,,0,0
11542,intersection,,0,0
11543,intersection,,0,0
11544,intersection,,0,0
11545,intersection,,0,0
11546,intersection,,0,0
11547,intersection,,0,0
11548,intersection,,0,0
11549,intersection,,0,0
11550,intersection,,0,0
11551,intersection,,0,0
11552,intersection,,0,0
11553,intersection,,0,0
11554,intersection,,0,0
11555,intersection,,0,0
11556,intersection,,0,0
11557,intersection,,0,0
11558,intersection,,0,0
11559,intersection,,0,0
11560,intersection,,0,0
11561,intersection,,0,0
11562,intersection,,0,0
11563,intersection,,0,0
11564,intersection,,0,0
11565,intersection,,0,0
11566,intersection,,0,0
11567,intersection,,0,0
11568,intersection,,0,0
11569,intersection,,0,0
11570,intersection,,0,0
11571,intersection,,0,0
11572,intersection,,0,0
11573,intersection,,0,0
11574,intersection,,0,0
11575,intersection,,0,0
11576,intersection,,0,0
11577,intersection,,0,0
11578,intersection,,0,0
11579,intersection,,0,0
11580,intersection,,0,0
11581,intersection,,0,0
11582,intersection,,0,0
11583,intersection,,0,0
11584,intersection,,0,0
11585,intersection,,0,0
11586,intersection,,0,0
11587,intersection,,0,0
11588,intersection,,0,0
11589,intersection,,0,0
11590,intersection,,0,0
11591,intersection,,0,0
11592,intersection,,0,0
11593,intersection,,0,0
11594,intersection,,0,0
11595,intersection,,0,0
11596,intersection,,0,0
11597,intersection,,0,0
11598,intersection,,0,0
11599,intersection,,0,0
11600,intersection,,0,0
11601,intersection,,0,0
11602,intersection,,0,0
11603,intersection,,0,0
11604,intersection,,0,0
11605,intersection,,0,0
11606,intersection,,0,0
11607,intersection,,0,0
11608,intersection,,0,0
11609,intersection,,0,0
11610,intersection,,0,0
11611,intersection,,0,0
11612,intersection,,0,0
11613,intersection,,0,0
11614,intersection,,0,0
11615,intersection,,0,0
11616,intersection,,0,0
11617,intersection,,0,0
11618,intersection,,0,0
11619,intersection,,0,0
11620,intersection,,0,0
11621,intersection,,0,0
11622,intersection,,0,0
11623,intersection,,0,0
11624,intersection,,0,0
11625,intersection,,0,0
11626,intersection,,0,0
11627,intersection,,0,0
11628,intersection,,0,0
11629,intersection,,0,0
11630,intersection,,0,0
11631,intersection,,0,0
11632,intersection,,0,0
11633,intersection,,0,0
11634,intersection,,0,0
11635,intersection,,0,0
11636,intersection,,0,0
11637,intersection,,0,0
11638,intersection,,0,0
11639,intersection,,0,0
11640,intersection,,0,0
11641,intersection,,0,0
11642,intersection,,0,0
11643,intersection,,0,0
11644,intersection,,0,0
11645,intersection,,0,0
11646,intersection,,0,0
11647,intersection,,0,0
11648,intersection,,0,0
11649,intersection,,0,0
11650,intersection,,0,0
11651,intersection,,0,0
11652,intersection,,0,0
11653,intersection,,0,0
11654,intersection,,0,0
11655,intersection,,0,0
11656,intersection,,0,0
11657,intersection,,0,0
11658,intersection,,0,0
11659,intersection,,0,0
11660,intersection,,0,0
11661,intersection,,0,0
11662,intersection,,0,0
11663,intersection,,0,0
11664,intersection,,0,0
11665,intersection,,0,0
11666,intersection,,0,0
11667,intersection,,0,0
11668,intersection,,0,0
11669,intersection,,0,0
11670,intersection,,0,0
11671,intersection,,0,0
11672,intersection,,0,0
11673,intersection,,0,0
11674,intersection,,0,0
11675,intersection,,0,0
11676,intersection,,0,0
11677,intersection,,0,0
11678,intersection,,0,0
11679,intersection,,0,0
11680,intersection,,0,0
11681,intersection,,0,0
11682,intersection,,0,0
11683,intersection,,0,0
11684,intersection,,0,0
11685,intersection,,0,0
11686,intersection,,0,0
11687,intersection,,0,0
11688,intersection,,0,0
11689,intersection,,0,0
11690,intersection,,0,0
11691,intersection,,0,0
11692,intersection,,0,0
11693,intersection,,0,0
11694,intersection,,0,0
11695,intersection,,0,0
11696,intersection,,0,0
11697,intersection,,0,0
11698,intersection,,0,0
11699,intersection,,0,0
11700,intersection,,0,0
11701,intersection,,0,0
11702,intersection,,0,0
11703,intersection,,0,0
11704,intersection,,0,0
11705,intersection,,0,0
11706,intersection,,0,0
11707,intersection,,0,0
11708,intersection,,0,0
11709,intersection,,0,0
11710,intersection,,0,0
11711,intersection,,0,0
11712,intersection,,0,0
11713,intersection,,0,0
11714,intersection,,0,0
11715,intersection,,0,0
11716,intersection,,0,0
11717,intersection,,0,0
11718,intersection,,0,0
11719,intersection,,0,0
11720,intersection,,0,0
11721,intersection,,0,0
11722,intersection,,0,0
11723,intersection,,0,0
11724,intersection,,0,0
11725,intersection,,0,0
11726,intersection,,0,0
11727,intersection,,0,0
11728,intersection,,0,0
11729,intersection,,0,0
11730,intersection,,0,0
11731,intersection,,0,0
11732,intersection,,0,0
11733,intersection,,0,0
11734,intersection,,0,0
11735,intersection,,0,0
11736,intersection,,0,0
11737,intersection,,0,0
11738,intersection,,0,0
11739,intersection,,0,0
11740,intersection,,0,0
11741,intersection,,0,0
11742,intersection,,0,0
11743,intersection,,0,0
11744,intersection,,0,0
11745,intersection,,0,0
11746,intersection,,0,0
11747,intersection,,0,0
11748,intersection,,0,0
11749,intersection,,0,0
11750,intersection,,0,0
11751,intersection,,0,0
11752,intersection,,0,0
11753,intersection,,0,0
11754,intersection,,0,0
11755,intersection,,0,0
11756,intersection,,0,0
11757,intersection,,0,0
11758,intersection,,0,0
11759,intersection,,0,0
11760,intersection,,0,0
11761,intersection,,0,0
11762,intersection,,0,0
11763,intersection,,0,0
11764,intersection,,0,0
11765,intersection,,0,0
11766,intersection,,0,0
11767,intersection,,0,0
11768,intersection,,0,0
11769,intersection,,0,0
11770,intersection,,0,0
11771,intersection,,0,0
11772,intersection,,0,0
11773,intersection,,0,0
11774,intersection,,0,0
11775,intersection,,0,0
11776,intersection,,0,0
11777,intersection,,0,0
11778,intersection,,0,0
11779,intersection,,0,0
11780,intersection,,0,0
11781,intersection,,0,0
11782,intersection,,0,0
11783,intersection,,0,0
11784,intersection,,0,0
11785,intersection,,0,0
11786,intersection,,0,0
11787,intersection,,0,0
11788,intersection,,0,0
11789,intersection,,0,0
11790,intersection,,0,0
11791,intersection,,0,0
11792,intersection,,0,0
11793,intersection,,0,0
11794,intersection,,0,0
11795,intersection,,0,0
11796,intersection,,0,0
11797,intersection,,0,0
11798,intersection,,0,0
11799,intersection,,0,0
11800,intersection,,0,0
11801,intersection,,0,0
11802,intersection,,0,0
11803,intersection,,0,0
11804,intersection,,0,0
11805,intersection,,0,0
11806,intersection,,0,0
11807,intersection,,0,0
11808,intersection,,0,0
11809,intersection,,0,0
11810,intersection,,0,0
11811,intersection,,0,0
11812,intersection,,0,0
11813,intersection,,0,0
11814,intersection,,0,0
11815,intersection,,0,0
11816,intersection,,0,0
11817,intersection,,0,0
11818,intersection,,0,0
11819,intersection,,0,0
11820,intersection,,0,0
11821,intersection,,0,0
11822,intersection,,0,0
11823,intersection,,0,0
11824,intersection,,0,0
11825,intersection,,0,0
11826,intersection,,0,0
11827,intersection,,0,0
11828,intersection,,0,0
11829,intersection,,0,0
11830,intersection,,0,0
11831,intersection,,0,0
11832,intersection,,0,0
11833,intersection,,0,0
11834,intersection,,0,0
11835,intersection,,0,0
11836,intersection,,0,0
11837,intersection,,0,0
11838,intersection,,0,0
11839,intersection,,0,0
11840,intersection,,0,0
11841,intersection,,0,0
11842,intersection,,0,0
11843,intersection,,0,0
11844,intersection,,0,0
11845,intersection,,0,0
11846,intersection,,0,0
11847,intersection,,0,0
11848,intersection,,0,0
11849,intersection,,0,0
11850,intersection,,0,0
11851,intersection,,0,0
11852,intersection,,0,0
11853,intersection,,0,0
11854,intersection,,0,0
11855,intersection,,0,0
11856,intersection,,0,0
11857,intersection,,0,0
11858,intersection,,0,0
11859,intersection,,0,0
11860,intersection,,0,0
11861,intersection,,0,0
11862,intersection,,0,0
11863,intersection,,0,0
11864,intersection,,0,0
11865,intersection,,0,0
11866,intersection,,0,0
11867,intersection,,0,0
11868,intersection,,0,0
11869,intersection,,0,0
11870,intersection,,0,0
11871,intersection,,0,0
11872,intersection,,0,0
11873,intersection,,0,0
11874,intersection,,0,0
11875,intersection,,0,0
11876,intersection,,0,0
11877,intersection,,0,0
11878,intersection,,0,0
11879,intersection,,0,0
11880,intersection,,0,0
11881,intersection,,0,0
11882,intersection,,0,0
11883,intersection,,0,0
11884,intersection,,0,0
11885,intersection,,0,0
11886,intersection,,0,0
11887,intersection,,0,0
11888,intersection,,0,0
11889,intersection,,0,0
11890,intersection,,0,0
11891,intersection,,0,0
11892,intersection,,0,0
11893,intersection,,0,0
11894,intersection,,0,0
11895,intersection,,0,0
11896,intersection,,0,0
11897,intersection,,0,0
11898,intersection,,0,0
11899,intersection,,0,0
11900,intersection,,0,0
11901,intersection,,0,0
11902,intersection,,0,0
11903,intersection,,0,0
11904,intersection,,0,0
11905,intersection,,0,0
11906,intersection,,0,0
11907,intersection,,0,0
11908,intersection,,0,0
11909,intersection,,0,0
11910,intersection,,0,0
11911,intersection,,0,0
11912,intersection,,0,0
11913,intersection,,0,0
11914,intersection,,0,0
11915,intersection,,0,0
11916,intersection,,0,0
11917,intersection,,0,0
11918,intersection,,0,0
11919,intersection,,0,0
11920,intersection,,0,0
11921,intersection,,0,0
11922,intersection,,0,0
11923,intersection,,0,0
11924,intersection,,0,0
11925,intersection,,0,0
11926,intersection,,0,0
11927,intersection,,0,0
11928,intersection,,0,0
11929,intersection,,0,0
11930,intersection,,0,0
11931,intersection,,0,0
11932,intersection,,0,0
11933,intersection,,0,0
11934,intersection,,0,0
11935,intersection,,0,0
11936,intersection,,0,0
11937,intersection,,0,0
11938,intersection,,0,0
11939,intersection,,0,0
11940,intersection,,0,0
11941,intersection,,0,0
11942,intersection,,0,0
11943,intersection,,0,0
11944,intersection,,0,0
11945,intersection,,0,0
11946,intersection,,0,0
11947,intersection,,0,0
11948,intersection,,0,0
11949,intersection,,0,0
11950,intersection,,0,0
11951,intersection,,0,0
11952,intersection,,0,0
11953,intersection,,0,0
11954,intersection,,0,0
11955,intersection,,0,0
11956,intersection,,0,0
11957,intersection,,0,0
11958,intersection,,0,0
11959,intersection,,0,0
11960,intersection,,0,0
11961,intersection,,0,0
11962,intersection,,0,0
11963,intersection,,0,0
11964,intersection,,0,0
11965,intersection,,0,0
11966,intersection,,0,0
11967,intersection,,0,0
11968,intersection,,0,0
11969,intersection,,0,0
11970,intersection,,0,0
11971,intersection,,0,0
11972,intersection,,0,0
11973,intersection,,0,0
11974,intersection,,0,0
11975,intersection,,0,0
11976,intersection,,0,0
11977,intersection,,0,0
11978,intersection,,0,0
11979,intersection,,0,0
11980,intersection,,0,0
11981,intersection,,0,0
11982,intersection,,0,0
11983,intersection,,0,0
11984,intersection,,0,0
11985,intersection,,0,0
11986,intersection,,0,0
11987,intersection,,0,0
11988,intersection,,0,0
11989,intersection,,0,0
11990,intersection,,0,0
11991,intersection,,0,0
11992,intersection,,0,0
11993,intersection,,0,0
11994,intersection,,0,0
11995,intersection,,0,0
11996,intersection,,0,0
11997,intersection,,0,0
11998,intersection,,0,0
11999,intersection,,0,0
12000,intersection,,0,0
12001,intersection,,0,0
12002,intersection,,0,0
12003,intersection,,0,0
12004,intersection,,0,0
12005,intersection,,0,0
12006,intersection,,0,0
12007,intersection,,0,0
12008,intersection,,0,0
12009,intersection,,0,0
12010,intersection,,0,0
12011,intersection,,0,0
12012,intersection,,0,0
12013,intersection,,0,0
12014,intersection,,0,0
12015,intersection,,0,0
12016,intersection,,0,0
12017,intersection,,0,0
12018,intersection,,0,0
12019,intersection,,0,0
12020,intersection,,0,0
12021,intersection,,0,0
12022,intersection,,0,0
12023,intersection,,0,0
12024,intersection,,0,0
12025,intersection,,0,0
12026,intersection,,0,0
12027,intersection,,0,0
12028,intersection,,0,0
12029,intersection,,0,0
12030,intersection,,0,0
12031,intersection,,0,0
12032,intersection,,0,0
12033,intersection,,0,0
12034,intersection,,0,0
12035,intersection,,0,0
12036,intersection,,0,0
12037,intersection,,0,0
12038,intersection,,0,0
12039,intersection,,0,0
12040,intersection,,0,0
12041,intersection,,0,0
12042,intersection,,0,0
12043,intersection,,0,0
12044,intersection,,0,0
12045,intersection,,0,0
12046,intersection,,0,0
12047,intersection,,0,0
12048,intersection,,0,0
12049,intersection,,0,0
12050,intersection,,0,0
12051,intersection,,0,0
12052,intersection,,0,0
12053,intersection,,0,0
12054,intersection,,0,0
12055,intersection,,0,0
12056,intersection,,0,0
12057,intersection,,0,0
12058,intersection,,0,0
12059,intersection,,0,0
12060,intersection,,0,0
12061,intersection,,0,0
12062,intersection,,0,0
12063,intersection,,0,0
12064,intersection,,0,0
12065,intersection,,0,0
12066,intersection,,0,0
12067,intersection,,0,0
12068,intersection,,0,0
12069,intersection,,0,0
12070,intersection,,0,0
12071,intersection,,0,0
12072,intersection,,0,0
12073,intersection,,0,0
12074,intersection,,0,0
12075,intersection,,0,0
12076,intersection,,0,0
12077,intersection,,0,0
12078,intersection,,0,0
12079,intersection,,0,0
12080,intersection,,0,0
12081,intersection,,0,0
12082,intersection,,0,0
12083,intersection,,0,0
12084,intersection,,0,0
12085,intersection,,0,0
12086,intersection,,0,0
12087,intersection,,0,0
12088,intersection,,0,0
12089,intersection,,0,0
12090,intersection,,0,0
12091,intersection,,0,0
12092,intersection,,0,0
12093,intersection,,0,0
12094,intersection,,0,0
12095,intersection,,0,0
12096,intersection,,0,0
12097,intersection,,0,0
12098,intersection,,0,0
12099,intersection,,0,0
12100,intersection,,0,0
12101,intersection,,0,0
12102,intersection,,0,0
12103,intersection,,0,0
12104,intersection,,0,0
12105,intersection,,0,0
12106,intersection,,0,0
12107,intersection,,0,0
12108,intersection,,0,0
12109,intersection,,0,0
12110,intersection,,0,0
12111,intersection,,0,0
12112,intersection,,0,0
12113,intersection,,0,0
12114,intersection,,0,0
12115,intersection,,0,0
12116,intersection,,0,0
12117,intersection,,0,0
12118,intersection,,0,0
12119,intersection,,0,0
12120,intersection,,0,0
12121,intersection,,0,0
12122,intersection,,0,0
12123,intersection,,0,0
12124,intersection,,0,0
12125,intersection,,0,0
12126,intersection,,0,0
12127,intersection,,0,0
12128,intersection,,0,0
12129,intersection,,0,0
12130,intersection,,0,0
12131,intersection,,0,0
12132,intersection,,0,0
12133,intersection,,0,0
12134,intersection,,0,0
12135,intersection,,0,0
12136,intersection,,0,0
12137,intersection,,0,0
12138,intersection,,0,0
12139,intersection,,0,0
12140,intersection,,0,0
12141,intersection,,0,0
12142,intersection,,0,0
12143,intersection,,0,0
12144,intersection,,0,0
12145,intersection,,0,0
12146,intersection,,0,0
12147,intersection,,0,0
12148,intersection,,0,0
12149,intersection,,0,0
12150,intersection,,0,0
12151,intersection,,0,0
12152,intersection,,0,0
12153,intersection,,0,0
12154,intersection,,0,0
12155,intersection,,0,0
12156,intersection,,0,0
12157,intersection,,0,0
12158,intersection,,0,0
12159,intersection,,0,0
12160,intersection,,0,0
12161,intersection,,0,0
12162,intersection,,0,0
12163,intersection,,0,0
12164,intersection,,0,0
12165,intersection,,0,0
12166,intersection,,0,0
12167,intersection,,0,0
12168,intersection,,0,0
12169,intersection,,0,0
12170,intersection,,0,0
12171,intersection,,0,0
12172,intersection,,0,0
12173,intersection,,0,0
12174,intersection,,0,0
12175,intersection,,0,0
12176,intersection,,0,0
12177,intersection,,0,0
12178,intersection,,0,0
12179,intersection,,0,0
12180,intersection,,0,0
12181,intersection,,0,0
12182,intersection,,0,0
12183,intersection,,0,0
12184,intersection,,0,0
12185,intersection,,0,0
12186,intersection,,0,0
12187,intersection,,0,0
12188,intersection,,0,0
12189,intersection,,0,0
12190,intersection,,0,0
12191,intersection,,0,0
12192,intersection,,0,0
12193,intersection,,0,0
12194,intersection,,0,0
12195,intersection,,0,0
12196,intersection,,0,0
12197,intersection,,0,0
12198,intersection,,0,0
12199,intersection,,0,0
12200,intersection,,0,0
12201,intersection,,0,0
12202,intersection,,0,0
12203,intersection,,0,0
12204,intersection,,0,0
12205,intersection,,0,0
12206,intersection,,0,0
12207,intersection,,0,0
12208,intersection,,0,0
12209,intersection,,0,0
12210,intersection,,0,0
12211,intersection,,0,0
12212,intersection,,0,0
12213,intersection,,0,0
12214,intersection,,0,0
12215,intersection,,0,0
12216,intersection,,0,0
12217,intersection,,0,0
12218,intersection,,0,0
12219,intersection,,0,0
12220,intersection,,0,0
12221,intersection,,0,0
12222,intersection,,0,0
12223,intersection,,0,0
12224,intersection,,0,0
12225,intersection,,0,0
12226,intersection,,0,0
12227,intersection,,0,0
12228,intersection,,0,0
12229,intersection,,0,0
12230,intersection,,0,0
12231,intersection,,0,0
12232,intersection,,0,0
12233,intersection,,0,0
12234,intersection,,0,0
12235,intersection,,0,0
12236,intersection,,0,0
12237,intersection,,0,0
12238,intersection,,0,0
12239,intersection,,0,0
12240,intersection,,0,0
12241,intersection,,0,0
12242,intersection,,0,0
12243,intersection,,0,0
12244,intersection,,0,0
12245,intersection,,0,0
12246,intersection,,0,0
12247,intersection,,0,0
12248,intersection,,0,0
12249,intersection,,0,0
12250,intersection,,0,0
12251,intersection,,0,0
12252,intersection,,0,0
12253,intersection,,0,0
12254,intersection,,0,0
12255,intersection,,0,0
12256,intersection,,0,0
12257,intersection,,0,0
12258,intersection,,0,0
12259,intersection,,0,0
12260,intersection,,0,0
12261,intersection,,0,0
12262,intersection,,0,0
12263,intersection,,0,0
12264,intersection,,0,0
12265,intersection,,0,0
12266,intersection,,0,0
12267,intersection,,0,0
12268,intersection,,0,0
12269,intersection,,0,0
12270,intersection,,0,0
12271,intersection,,0,0
12272,intersection,,0,0
12273,intersection,,0,0
12274,intersection,,0,0
12275,intersection,,0,0
12276,intersection,,0,0
12277,intersection,,0,0
12278,intersection,,0,0
12279,intersection,,0,0
12280,intersection,,0,0
12281,intersection,,0,0
12282,intersection,,0,0
12283,intersection,,0,0
12284,intersection,,0,0
12285,intersection,,0,0
12286,intersection,,0,0
12287,intersection,,0,0
12288,intersection,,0,0
12289,intersection,,0,0
12290,intersection,,0,0
12291,intersection,,0,0
12292,intersection,,0,0
12293,intersection,,0,0
12294,intersection,,0,0
12295,intersection,,0,0
12296,intersection,,0,0
12297,intersection,,0,0
12298,intersection,,0,0
12299,intersection,,0,0
12300,intersection,,0,0
12301,intersection,,0,0
12302,intersection,,0,0
12303,intersection,,0,0
12304,intersection,,0,0
12305,intersection,,0,0
12306,intersection,,0,0
12307,intersection,,0,0
12308,intersection,,0,0
12309,intersection,,0,0
12310,intersection,,0,0
12311,intersection,,0,0
12312,intersection,,0,0
12313,intersection,,0,0
12314,intersection,,0,0
12315,intersection,,0,0
12316,intersection,,0,0
12317,intersection,,0,0
12318,intersection,,0,0
12319,intersection,,0,0
12320,intersection,,0,0
12321,intersection,,0,0
12322,intersection,,0,0
12323,intersection,,0,0
12324,intersection,,0,0
12325,intersection,,0,0
12326,intersection,,0,0
12327,intersection,,0,0
12328,intersection,,0,0
12329,intersection,,0,0
12330,intersection,,0,0
12331,intersection,,0,0
12332,intersection,,0,0
12333,intersection,,0,0
12334,intersection,,0,0
12335,intersection,,0,0
12336,intersection,,0,0
12337,intersection,,0,0
12338,intersection,,0,0
12339,intersection,,0,0
12340,intersection,,0,0
12341,intersection,,0,0
12342,intersection,,0,0
12343,intersection,,0,0
12344,intersection,,0,0
12345,intersection,,0,0
12346,intersection,,0,0
12347,intersection,,0,0
12348,intersection,,0,0
12349,intersection,,0,0
12350,intersection,,0,0
12351,intersection,,0,0
12352,intersection,,0,0
12353,intersection,,0,0
12354,intersection,,0,0
12355,intersection,,0,0
12356,intersection,,0,0
12357,intersection,,0,0
12358,intersection,,0,0
12359,intersection,,0,0
12360,intersection,,0,0
12361,intersection,,0,0
12362,intersection,,0,0
12363,intersection,,0,0
12364,intersection,,0,0
12365,intersection,,0,0
12366,intersection,,0,0
12367,intersection,,0,0
12368,intersection,,0,0
12369,intersection,,0,0
12370,intersection,,0,0
12371,intersection,,0,0
12372,intersection,,0,0
12373,intersection,,0,0
12374,intersection,,0,0
12375,intersection,,0,0
12376,intersection,,0,0
12377,intersection,,0,0
12378,intersection,,0,0
12379,intersection,,0,0
12380,intersection,,0,0
12381,intersection,,0,0
12382,intersection,,0,0
12383,intersection,,0,0
12384,intersection,,0,0
12385,intersection,,0,0
12386,intersection,,0,0
12387,intersection,,0,0
12388,intersection,,0,0
12389,intersection,,0,0
12390,intersection,,0,0
12391,intersection,,0,0
12392,intersection,,0,0
12393,intersection,,0,0
12394,intersection,,0,0
12395,intersection,,0,0
12396,intersection,,0,0
12397,intersection,,0,0
12398,intersection,,0,0
12399,intersection,,0,0
12400,intersection,,0,0
12401,intersection,,0,0
12402,intersection,,0,0
12403,intersection,,0,0
12404,intersection,,0,0
12405,intersection,,0,0
12406,intersection,,0,0
12407,intersection,,0,0
12408,intersection,,0,0
12409,intersection,,0,0
12410,intersection,,0,0
12411,intersection,,0,0
12412,intersection,,0,0
12413,intersection,,0,0
12414,intersection,,0,0
12415,intersection,,0,0
12416,intersection,,0,0
12417,intersection,,0,0
12418,intersection,,0,0
12419,intersection,,0,0
12420,intersection,,0,0
12421,intersection,,0,0
12422,intersection,,0,0
12423,intersection,,0,0
12424,intersection,,0,0
12425,intersection,,0,0
12426,intersection,,0,0
12427,intersection,,0,0
12428,intersection,,0,0
12429,intersection,,0,0
12430,intersection,,0,0
12431,intersection,,0,0
12432,intersection,,0,0
12433,intersection,,0,0
12434,intersection,,0,0
12435,intersection,,0,0
12436,intersection,,0,0
12437,intersection,,0,0
12438,intersection,,0,0
12439,intersection,,0,0
12440,intersection,,0,0
12441,intersection,,0,0
12442,intersection,,0,0
12443,intersection,,0,0
12444,intersection,,0,0
12445,intersection,,0,0
12446,intersection,,0,0
12447,intersection,,0,0
12448,intersection,,0,0
12449,intersection,,0,0
12450,intersection,,0,0
12451,intersection,,0,0
12452,intersection,,0,0
12453,intersection,,0,0
12454,intersection,,0,0
12455,intersection,,0,0
12456,intersection,,0,0
12457,intersection,,0,0
12458,intersection,,0,0
12459,intersection,,0,0
12460,intersection,,0,0
12461,intersection,,0,0
12462,intersection,,0,0
12463,intersection,,0,0
12464,intersection,,0,0
12465,intersection,,0,0
12466,intersection,,0,0
12467,intersection,,0,0
12468,intersection,,0,0
12469,intersection,,0,0
12470,intersection,,0,0
12471,intersection,,0,0
12472,intersection,,0,0
12473,intersection,,0,0
12474,intersection,,0,0
12475,intersection,,0,0
12476,intersection,,0,0
12477,intersection,,0,0
12478,intersection,,0,0
12479,intersection,,0,0
12480,intersection,,0,0
12481,intersection,,0,0
12482,intersection,,0,0
12483,intersection,,0,0
12484,intersection,,0,0
12485,intersection,,0,0
12486,intersection,,0,0
12487,intersection,,0,0
12488,intersection,,0,0
12489,intersection,,0,0
12490,intersection,,0,0
12491,intersection,,0,0
12492,intersection,,0,0
12493,intersection,,0,0
12494,intersection,,0,0
12495,intersection,,0,0
12496,intersection,,0,0
12497,intersection,,0,0
12498,intersection,,0,0
12499,intersection,,0,0
12500,intersection,,0,0
12501,intersection,,0,0
12502,intersection,,0,0
12503,intersection,,0,0
12504,intersection,,0,0
12505,intersection,,0,0
12506,intersection,,0,0
12507,intersection,,0,0
12508,intersection,,0,0
12509,intersection,,0,0
12510,intersection,,0,0
12511,intersection,,0,0
12512,intersection,,0,0
12513,intersection,,0,0
12514,intersection,,0,0
12515,intersection,,0,0
12516,intersection,,0,0
12517,intersection,,0,0
12518,intersection,,0,0
12519,intersection,,0,0
12520,intersection,,0,0
12521,intersection,,0,0
12522,intersection,,0,0
12523,intersection,,0,0
12524,intersection,,0,0
12525,intersection,,0,0
12526,intersection,,0,0
12527,intersection,,0,0
12528,intersection,,0,0
12529,intersection,,0,0
12530,intersection,,0,0
12531,intersection,,0,0
12532,intersection,,0,0
12533,intersection,,0,0
12534,intersection,,0,0
12535,intersection,,0,0
12536,intersection,,0,0
12537,intersection,,0,0
12538,intersection,,0,0
12539,intersection,,0,0
12540,intersection,,0,0
12541,intersection,,0,0
12542,intersection,,0,0
12543,intersection,,0,0
12544,intersection,,0,0
12545,intersection,,0,0
12546,intersection,,0,0
12547,intersection,,0,0
12548,intersection,,0,0
12549,intersection,,0,0
12550,intersection,,0,0
12551,intersection,,0,0
12552,intersection,,0,0
12553,intersection,,0,0
12554,intersection,,0,0
12555,intersection,,0,0
12556,intersection,,0,0
12557,intersection,,0,0
12558,intersection,,0,0
12559,intersection,,0,0
12560,intersection,,0,0
12561,intersection,,0,0
12562,intersection,,0,0
12563,intersection,,0,0
12564,intersection,,0,0
12565,intersection,,0,0
12566,intersection,,0,0
12567,intersection,,0,0
12568,intersection,,0,0
12569,intersection,,0,0
12570,intersection,,0,0
12571,intersection,,0,0
12572,intersection,,0,0
12573,intersection,,0,0
12574,intersection,,0,0
12575,intersection,,0,0
12576,intersection,,0,0
12577,intersection,,0,0
12578,intersection,,0,0
12579,intersection,,0,0
12580,intersection,,0,0
12581,intersection,,0,0
12582,intersection,,0,0
12583,intersection,,0,0
12584,intersection,,0,0
12585,intersection,,0,0
12586,intersection,,0,0
12587,intersection,,0,0
12588,intersection,,0,0
12589,intersection,,0,0
12590,intersection,,0,0
12591,intersection,,0,0
12592,intersection,,0,0
12593,intersection,,0,0
12594,intersection,,0,0
12595,intersection,,0,0
12596,intersection,,0,0
12597,intersection,,0,0
12598,intersection,,0,0
12599,intersection,,0,0
12600,intersection,,0,0
12601,intersection,,0,0
12602,intersection,,0,0
12603,intersection,,0,0
12604,intersection,,0,0
12605,intersection,,0,0
12606,intersection,,0,0
12607,intersection,,0,0
12608,intersection,,0,0
12609,intersection,,0,0
12610,intersection,,0,0
12611,intersection,,0,0
12612,intersection,,0,0
12613,intersection,,0,0
12614,intersection,,0,0
12615,intersection,,0,0
12616,intersection,,0,0
12617,intersection,,0,0
12618,intersection,,0,0
12619,intersection,,0,0
12620,intersection,,0,0
12621,intersection,,0,0
12622,intersection,,0,0
12623,intersection,,0,0
12624,intersection,,0,0
12625,intersection,,0,0
12626,intersection,,0,0
12627,intersection,,0,0
12628,intersection,,0,0
12629,intersection,,0,0
12630,intersection,,0,0
12631,intersection,,0,0
12632,intersection,,0,0
12633,intersection,,0,0
12634,intersection,,0,0
12635,intersection,,0,0
12636,intersection,,0,0
12637,intersection,,0,0
12638,intersection,,0,0
12639,intersection,,0,0
12640,intersection,,0,0
12641,intersection,,0,0
12642,intersection,,0,0
12643,intersection,,0,0
12644,intersection,,0,0
12645,intersection,,0,0
12646,intersection,,0,0
12647,intersection,,0,0
12648,intersection,,0,0
12649,intersection,,0,0
12650,intersection,,0,0
12651,intersection,,0,0
12652,intersection,,0,0
12653,intersection,,0,0
12654,intersection,,0,0
12655,intersection,,0,0
12656,intersection,,0,0
12657,intersection,,0,0
12658,intersection,,0,0
12659,intersection,,0,0
12660,intersection,,0,0
12661,intersection,,0,0
12662,intersection,,0,0
12663,intersection,,0,0
12664,intersection,,0,0
12665,intersection,,0,0
12666,intersection,,0,0
12667,intersection,,0,0
12668,intersection,,0,0
12669,intersection,,0,0
12670,intersection,,0,0
12671,intersection,,0,0
12672,intersection,,0,0
12673,intersection,,0,0
12674,intersection,,0,0
12675,intersection,,0,0
12676,intersection,,0,0
12677,intersection,,0,0
12678,intersection,,0,0
12679,intersection,,0,0
12680,intersection,,0,0
12681,intersection,,0,0
12682,intersection,,0,0
12683,intersection,,0,0
12684,intersection,,0,0
12685,intersection,,0,0
12686,intersection,,0,0
12687,intersection,,0,0
12688,intersection,,0,0
12689,intersection,,0,0
12690,intersection,,0,0
12691,intersection,,0,0
12692,intersection,,0,0
12693,intersection,,0,0
12694,intersection,,0,0
12695,intersection,,0,0
12696,intersection,,0,0
12697,intersection,,0,0
12698,intersection,,0,0
12699,intersection,,0,0
12700,intersection,,0,0
12701,intersection,,0,0
12702,intersection,,0,0
12703,intersection,,0,0
12704,intersection,,0,0
12705,intersection,,0,0
12706,intersection,,0,0
12707,intersection,,0,0
12708,intersection,,0,0
12709,intersection,,0,0
12710,intersection,,0,0
12711,intersection,,0,0
12712,intersection,,0,0
12713,intersection,,0,0
12714,intersection,,0,0
12715,intersection,,0,0
12716,intersection,,0,0
12717,intersection,,0,0
12718,intersection,,0,0
12719,intersection,,0,0
12720,intersection,,0,0
12721,intersection,,0,0
12722,intersection,,0,0
12723,intersection,,0,0
12724,intersection,,0,0
12725,intersection,,0,0
12726,intersection,,0,0
12727,intersection,,0,0
12728,intersection,,0,0
12729,intersection,,0,0
12730,intersection,,0,0
12731,intersection,,0,0
12732,intersection,,0,0
12733,intersection,,0,0
12734,intersection,,0,0
12735,intersection,,0,0
12736,intersection,,0,0
12737,intersection,,0,0
12738,intersection,,0,0
12739,intersection,,0,0
12740,intersection,,0,0
12741,intersection,,0,0
12742,intersection,,0,0
12743,intersection,,0,0
12744,intersection,,0,0
12745,intersection,,0,0
12746,intersection,,0,0
12747,intersection,,0,0
12748,intersection,,0,0
12749,intersection,,0,0
12750,intersection,,0,0
12751,intersection,,0,0
12752,intersection,,0,0
12753,intersection,,0,0
12754,intersection,,0,0
12755,intersection,,0,0
12756,intersection,,0,0
12757,intersection,,0,0
12758,intersection,,0,0
12759,intersection,,0,0
12760,intersection,,0,0
12761,intersection,,0,0
12762,intersection,,0,0
12763,intersection,,0,0
12764,intersection,,0,0
12765,intersection,,0,0
12766,intersection,,0,0
12767,intersection,,0,0
12768,intersection,,0,0
12769,intersection,,0,0
12770,intersection,,0,0
12771,intersection,,0,0
12772,intersection,,0,0
12773,intersection,,0,0
12774,intersection,,0,0
12775,intersection,,0,0
12776,intersection,,0,0
12777,intersection,,0,0
12778,intersection,,0,0
12779,intersection,,0,0
12780,intersection,,0,0
12781,intersection,,0,0
12782,intersection,,0,0
12783,intersection,,0,0
12784,intersection,,0,0
12785,intersection,,0,0
12786,intersection,,0,0
12787,intersection,,0,0
12788,intersection,,0,0
12789,intersection,,0,0
12790,intersection,,0,0
12791,intersection,,0,0
12792,intersection,,0,0
12793,intersection,,0,0
12794,intersection,,0,0
12795,intersection,,0,0
12796,intersection,,0,0
12797,intersection,,0,0
12798,intersection,,0,0
12799,intersection,,0,0
12800,intersection,,0,0
12801,intersection,,0,0
12802,intersection,,0,0
12803,intersection,,0,0
12804,intersection,,0,0
12805,intersection,,0,0
12806,intersection,,0,0
12807,intersection,,0,0
12808,intersection,,0,0
12809,intersection,,0,0
12810,intersection,,0,0
12811,intersection,,0,0
12812,intersection,,0,0
12813,intersection,,0,0
12814,intersection,,0,0
12815,intersection,,0,0
12816,intersection,,0,0
12817,intersection,,0,0
12818,intersection,,0,0
12819,intersection,,0,0
12820,intersection,,0,0
12821,intersection,,0,0
12822,intersection,,0,0
12823,intersection,,0,0
12824,intersection,,0,0
12825,intersection,,0,0
12826,intersection,,0,0
12827,intersection,,0,0
12828,intersection,,0,0
12829,intersection,,0,0
12830,intersection,,0,0
12831,intersection,,0,0
12832,intersection,,0,0
12833,intersection,,0,0
12834,intersection,,0,0
12835,intersection,,0,0
12836,intersection,,0,0
12837,intersection,,0,0
12838,intersection,,0,0
12839,intersection,,0,0
12840,intersection,,0,0
12841,intersection,,0,0
12842,intersection,,0,0
12843,intersection,,0,0
12844,intersection,,0,0
12845,intersection,,0,0
12846,intersection,,0,0
12847,intersection,,0,0
12848,intersection,,0,0
12849,intersection,,0,0
12850,intersection,,0,0
12851,intersection,,0,0
12852,intersection,,0,0
12853,intersection,,0,0
12854,intersection,,0,0
12855,intersection,,0,0
12856,intersection,,0,0
12857,intersection,,0,0
12858,intersection,,0,0
12859,intersection,,0,0
12860,intersection,,0,0
12861,intersection,,0,0
12862,intersection,,0,0
12863,intersection,,0,0
12864,intersection,,0,0
12865,intersection,,0,0
12866,intersection,,0,0
12867,intersection,,0,0
12868,intersection,,0,0
12869,intersection,,0,0
12870,intersection,,0,0
12871,intersection,,0,0
12872,intersection,,0,0
12873,intersection,,0,0
12874,intersection,,0,0
12875,intersection,,0,0
12876,intersection,,0,0
12877,intersection,,0,0
12878,intersection,,0,0
12879,intersection,,0,0
12880,intersection,,0,0
12881,intersection,,0,0
12882,intersection,,0,0
12883,intersection,,0,0
12884,intersection,,0,0
12885,intersection,,0,0
12886,intersection,,0,0
12887,intersection,,0,0
12888,intersection,,0,0
12889,intersection,,0,0
12890,intersection,,0,0
12891,intersection,,0,0
12892,intersection,,0,0
12893,intersection,,0,0
12894,intersection,,0,0
12895,intersection,,0,0
12896,intersection,,0,0
12897,intersection,,0,0
12898,intersection,,0,0
12899,intersection,,0,0
12900,intersection,,0,0
12901,intersection,,0,0
12902,intersection,,0,0
12903,intersection,,0,0
12904,intersection,,0,0
12905,intersection,,0,0
12906,intersection,,0,0
12907,intersection,,0,0
12908,intersection,,0,0
12909,intersection,,0,0
12910,intersection,,0,0
12911,intersection,,0,0
12912,intersection,,0,0
12913,intersection,,0,0
12914,intersection,,0,0
12915,intersection,,0,0
12916,intersection,,0,0
12917,intersection,,0,0
12918,intersection,,0,0
12919,intersection,,0,0
12920,intersection,,0,0
12921,intersection,,0,0
12922,intersection,,0,0
12923,intersection,,0,0
12924,intersection,,0,0
12925,intersection,,0,0
12926,intersection,,0,0
12927,intersection,,0,0
12928,intersection,,0,0
12929,intersection,,0,0
12930,intersection,,0,0
12931,intersection,,0,0
12932,intersection,,0,0
12933,intersection,,0,0
12934,intersection,,0,0
12935,intersection,,0,0
12936,intersection,,0,0
12937,intersection,,0,0
12938,intersection,,0,0
12939,intersection,,0,0
12940,intersection,,0,0
12941,intersection,,0,0
12942,intersection,,0,0
12943,intersection,,0,0
12944,intersection,,0,0
12945,intersection,,0,0
12946,intersection,,0,0
12947,intersection,,0,0
12948,intersection,,0,0
12949,intersection,,0,0
12950,intersection,,0,0
12951,intersection,,0,0
12952,intersection,,0,0
12953,intersection,,0,0
12954,intersection,,0,0
12955,intersection,,0,0
12956,intersection,,0,0
12957,intersection,,0,0
12958,intersection,,0,0
12959,intersection,,0,0
12960,intersection,,0,0
12961,intersection,,0,0
12962,intersection,,0,0
12963,intersection,,0,0
12964,intersection,,0,0
12965,intersection,,0,0
12966,intersection,,0,0
12967,intersection,,0,0
12968,intersection,,0,0
12969,intersection,,0,0
12970,intersection,,0,0
12971,intersection,,0,0
12972,intersection,,0,0
12973,intersection,,0,0
12974,intersection,,0,0
12975,intersection,,0,0
12976,intersection,,0,0
12977,intersection,,0,0
12978,intersection,,0,0
12979,intersection,,0,0
12980,intersection,,0,0
12981,intersection,,0,0
12982,intersection,,0,0
12983,intersection,,0,0
12984,intersection,,0,0
12985,intersection,,0,0
12986,intersection,,0,0
12987,intersection,,0,0
12988,intersection,,0,0
12989,intersection,,0,0
12990,intersection,,0,0
12991,intersection,,0,0
12992,intersection,,0,0
12993,intersection,,0,0
12994,intersection,,0,0
12995,intersection,,0,0
12996,intersection,,0,0
12997,intersection,,0,0
12998,intersection,,0,0
12999,intersection,,0,0
13000,intersection,,0,0
13001,intersection,,0,0
13002,intersection,,0,0
13003,intersection,,0,0
13004,intersection,,0,0
13005,intersection,,0,0
13006,intersection,,0,0
13007,intersection,,0,0
13008,intersection,,0,0
13009,intersection,,0,0
13010,intersection,,0,0
13011,intersection,,0,0
13012,intersection,,0,0
13013,intersection,,0,0
13014,intersection,,0,0
13015,intersection,,0,0
13016,intersection,,0,0
13017,intersection,,0,0
13018,intersection,,0,0
13019,intersection,,0,0
13020,intersection,,0,0
13021,intersection,,0,0
13022,intersection,,0,0
13023,intersection,,0,0
13024,intersection,,0,0
13025,intersection,,0,0
13026,intersection,,0,0
13027,intersection,,0,0
13028,intersection,,0,0
13029,intersection,,0,0
13030,intersection,,0,0
13031,intersection,,0,0
13032,intersection,,0,0
13033,intersection,,0,0
13034,intersection,,0,0
13035,intersection,,0,0
13036,intersection,,0,0
13037,intersection,,0,0
13038,intersection,,0,0
13039,intersection,,0,0
13040,intersection,,0,0
13041,intersection,,0,0
13042,intersection,,0,0
13043,intersection,,0,0
13044,intersection,,0,0
13045,intersection,,0,0
13046,intersection,,0,0
13047,intersection,,0,0
13048,intersection,,0,0
13049,intersection,,0,0
13050,intersection,,0,0
13051,intersection,,0,0
13052,intersection,,0,0
13053,intersection,,0,0
13054,intersection,,0,0
13055,intersection,,0,0
13056,intersection,,0,0
13057,intersection,,0,0
13058,intersection,,0,0
13059,intersection,,0,0
13060,intersection,,0,0
13061,intersection,,0,0
13062,intersection,,0,0
13063,intersection,,0,0
13064,intersection,,0,0
13065,intersection,,0,0
13066,intersection,,0,0
13067,intersection,,0,0
13068,intersection,,0,0
13069,intersection,,0,0
13070,intersection,,0,0
13071,intersection,,0,0
13072,intersection,,0,0
13073,intersection,,0,0
13074,intersection,,0,0
13075,intersection,,0,0
13076,intersection,,0,0
13077,intersection,,0,0
13078,intersection,,0,0
13079,intersection,,0,0
13080,intersection,,0,0
13081,intersection,,0,0
13082,intersection,,0,0
13083,intersection,,0,0
13084,intersection,,0,0
13085,intersection,,0,0
13086,intersection,,0,0
13087,intersection,,0,0
13088,intersection,,0,0
13089,intersection,,0,0
13090,intersection,,0,0
13091,intersection,,0,0
13092,intersection,,0,0
13093,intersection,,0,0
13094,intersection,,0,0
13095,intersection,,0,0
13096,intersection,,0,0
13097,intersection,,0,0
13098,intersection,,0,0
13099,intersection,,0,0
13100,intersection,,0,0
13101,intersection,,0,0
13102,intersection,,0,0
13103,intersection,,0,0
13104,intersection,,0,0
13105,intersection,,0,0
13106,intersection,,0,0
13107,intersection,,0,0
13108,intersection,,0,0
13109,intersection,,0,0
13110,intersection,,0,0
13111,intersection,,0,0
13112,intersection,,0,0
13113,intersection,,0,0
13114,intersection,,0,0
13115,intersection,,0,0
13116,intersection,,0,0
13117,intersection,,0,0
13118,intersection,,0,0
13119,intersection,,0,0
13120,intersection,,0,0
13121,intersection,,0,0
13122,intersection,,0,0
13123,intersection,,0,0
13124,intersection,,0,0
13125,intersection,,0,0
13126,intersection,,0,0
13127,intersection,,0,0
13128,intersection,,0,0
13129,intersection,,0,0
13130,intersection,,0,0
13131,intersection,,0,0
13132,intersection,,0,0
13133,intersection,,0,0
13134,intersection,,0,0
13135,intersection,,0,0
13136,intersection,,0,0
13137,intersection,,0,0
13138,intersection,,0,0
13139,intersection,,0,0
13140,intersection,,0,0
13141,intersection,,0,0
13142,intersection,,0,0
13143,intersection,,0,0
13144,intersection,,0,0
13145,intersection,,0,0
13146,intersection,,0,0
13147,intersection,,0,0
13148,intersection,,0,0
13149,intersection,,0,0
13150,intersection,,0,0
13151,intersection,,0,0
13152,intersection,,0,0
13153,intersection,,0,0
13154,intersection,,0,0
13155,intersection,,0,0
13156,intersection,,0,0
13157,intersection,,0,0
13158,intersection,,0,0
13159,intersection,,0,0
13160,intersection,,0,0
13161,intersection,,0,0
13162,intersection,,0,0
13163,intersection,,0,0
13164,intersection,,0,0
13165,intersection,,0,0
13166,intersection,,0,0
13167,intersection,,0,0
13168,intersection,,0,0
13169,intersection,,0,0
13170,intersection,,0,0
13171,intersection,,0,0
13172,intersection,,0,0
13173,intersection,,0,0
13174,intersection,,0,0
13175,intersection,,0,0
13176,intersection,,0,0
13177,intersection,,0,0
13178,intersection,,0,0
13179,intersection,,0,0
13180,intersection,,0,0
13181,intersection,,0,0
13182,intersection,,0,0
13183,intersection,,0,0
13184,intersection,,0,0
13185,intersection,,0,0
13186,intersection,,0,0
13187,intersection,,0,0
13188,intersection,,0,0
13189,intersection,,0,0
13190,intersection,,0,0
13191,intersection,,0,0
13192,intersection,,0,0
13193,intersection,,0,0
13194,intersection,,0,0
13195,intersection,,0,0
13196,intersection,,0,0
13197,intersection,,0,0
13198,intersection,,0,0
13199,intersection,,0,0
13200,intersection,,0,0
13201,intersection,,0,0
13202,intersection,,0,0
13203,intersection,,0,0
13204,intersection,,0,0
13205,intersection,,0,0
13206,intersection,,0,0
13207,intersection,,0,0
13208,intersection,,0,0
13209,intersection,,0,0
13210,intersection,,0,0
13211,intersection,,0,0
13212,intersection,,0,0
13213,intersection,,0,0
13214,intersection,,0,0
13215,intersection,,0,0
13216,intersection,,0,0
13217,intersection,,0,0
13218,intersection,,0,0
13219,intersection,,0,0
13220,intersection,,0,0
13221,intersection,,0,0
13222,intersection,,0,0
13223,intersection,,0,0
13224,intersection,,0,0
13225,intersection,,0,0
13226,intersection,,0,0
13227,intersection,,0,0
13228,intersection,,0,0
13229,intersection,,0,0
13230,intersection,,0,0
13231,intersection,,0,0
13232,intersection,,0,0
13233,intersection,,0,0
13234,intersection,,0,0
13235,intersection,,0,0
13236,intersection,,0,0
13237,intersection,,0,0
13238,intersection,,0,0
13239,intersection,,0,0
13240,intersection,,0,0
13241,intersection,,0,0
13242,intersection,,0,0
13243,intersection,,0,0
13244,intersection,,0,0
13245,intersection,,0,0
13246,intersection,,0,0
13247,intersection,,0,0
13248,intersection,,0,0
13249,intersection,,0,0
13250,intersection,,0,0
13251,intersection,,0,0
13252,intersection,,0,0
13253,intersection,,0,0
13254,intersection,,0,0
13255,intersection,,0,0
13256,intersection,,0,0
13257,intersection,,0,0
13258,intersection,,0,0
13259,intersection,,0,0
13260,intersection,,0,0
13261,intersection,,0,0
13262,intersection,,0,0
13263,intersection,,0,0
13264,intersection,,0,0
13265,intersection,,0,0
13266,intersection,,0,0
13267,intersection,,0,0
13268,intersection,,0,0
13269,intersection,,0,0
13270,intersection,,0,0
13271,intersection,,0,0
13272,intersection,,0,0
13273,intersection,,0,0
13274,intersection,,0,0
13275,intersection,,0,0
13276,intersection,,0,0
13277,intersection,,0,0
13278,intersection,,0,0
13279,intersection,,0,0
13280,intersection,,0,0
13281,intersection,,0,0
13282,intersection,,0,0
13283,intersection,,0,0
13284,intersection,,0,0
13285,intersection,,0,0
13286,intersection,,0,0
13287,intersection,,0,0
13288,intersection,,0,0
13289,intersection,,0,0
13290,intersection,,0,0
13291,intersection,,0,0
13292,intersection,,0,0
13293,intersection,,0,0
13294,intersection,,0,0
13295,intersection,,0,0
13296,intersection,,0,0
13297,intersection,,0,0
13298,intersection,,0,0
13299,intersection,,0,0
13300,intersection,,0,0
13301,intersection,,0,0
13302,intersection,,0,0
13303,intersection,,0,0
13304,intersection,,0,0
13305,intersection,,0,0
13306,intersection,,0,0
13307,intersection,,0,0
13308,intersection,,0,0
13309,intersection,,0,0
13310,intersection,,0,0
13311,intersection,,0,0
13312,intersection,,0,0
13313,intersection,,0,0
13314,intersection,,0,0
13315,intersection,,0,0
13316,intersection,,0,0
13317,intersection,,0,0
13318,intersection,,0,0
13319,intersection,,0,0
13320,intersection,,0,0
13321,intersection,,0,0
13322,intersection,,0,0
13323,intersection,,0,0
13324,intersection,,0,0
13325,intersection,,0,0
13326,intersection,,0,0
13327,intersection,,0,0
13328,intersection,,0,0
13329,intersection,,0,0
13330,intersection,,0,0
13331,intersection,,0,0
13332,intersection,,0,0
13333,intersection,,0,0
13334,intersection,,0,0
13335,intersection,,0,0
13336,intersection,,0,0
13337,intersection,,0,0
13338,intersection,,0,0
13339,intersection,,0,0
13340,intersection,,0,0
13341,intersection,,0,0
13342,intersection,,0,0
13343,intersection,,0,0
13344,intersection,,0,0
13345,intersection,,0,0
13346,intersection,,0,0
13347,intersection,,0,0
13348,intersection,,0,0
13349,intersection,,0,0
13350,intersection,,0,0
13351,intersection,,0,0
13352,intersection,,0,0
13353,intersection,,0,0
13354,intersection,,0,0
13355,intersection,,0,0
13356,intersection,,0,0
13357,intersection,,0,0
13358,intersection,,0,0
13359,intersection,,0,0
13360,intersection,,0,0
13361,intersection,,0,0
13362,intersection,,0,0
13363,intersection,,0,0
13364,intersection,,0,0
13365,intersection,,0,0
13366,intersection,,0,0
13367,intersection,,0,0
13368,intersection,,0,0
13369,intersection,,0,0
13370,intersection,,0,0
13371,intersection,,0,0
13372,intersection,,0,0
13373,intersection,,0,0
13374,intersection,,0,0
13375,intersection,,0,0
13376,intersection,,0,0
13377,intersection,,0,0
13378,intersection,,0,0
13379,intersection,,0,0
13380,intersection,,0,0
13381,intersection,,0,0
13382,intersection,,0,0
13383,intersection,,0,0
13384,intersection,,0,0
13385,intersection,,0,0
13386,intersection,,0,0
13387,intersection,,0,0
13388,intersection,,0,0
13389,intersection,,0,0
