link_id,from_node_id,to_node_id,link_type,directed,length,lanes,capacity,free_speed,vdf_fftt,vdf_alpha,vdf_beta,allowed_uses
1,1,2,arterial,1,1.0,1,1000.0,30,1.998095,0.15,4.0,auto
2,2,1,arterial,1,1.0,1,1000.0,30,1.998095,0.15,4.0,auto
3,1,21,arterial,1,1.0,1,1000.0,30,2.002391,0.15,4.0,auto
4,21,1,arterial,1,1.0,1,1000.0,30,2.002391,0.15,4.0,auto
5,2,3,arterial,1,1.0,1,1000.0,30,2.016968,0.15,4.0,auto
6,3,2,arterial,1,1.0,1,1000.0,30,2.016968,0.15,4.0,auto
7,2,22,arterial,1,1.0,1,1000.0,30,1.998626,0.15,4.0,auto
8,22,2,arterial,1,1.0,1,1000.0,30,1.998626,0.15,4.0,auto
9,3,4,arterial,1,1.0,1,1000.0,30,2.000314,0.15,4.0,auto
10,4,3,arterial,1,1.0,1,1000.0,30,2.000314,0.15,4.0,auto
11,3,23,arterial,1,1.0,1,1000.0,30,2.003495,0.15,4.0,auto
12,23,3,arterial,1,1.0,1,1000.0,30,2.003495,0.15,4.0,auto
13,4,5,arterial,1,1.0,1,1000.0,30,1.987386,0.15,4.0,auto
14,5,4,arterial,1,1.0,1,1000.0,30,1.987386,0.15,4.0,auto
15,4,24,arterial,1,1.0,1,1000.0,30,2.000476,0.15,4.0,auto
16,24,4,arterial,1,1.0,1,1000.0,30,2.000476,0.15,4.0,auto
17,5,6,arterial,1,1.0,1,1000.0,30,2.005195,0.15,4.0,auto
18,6,5,arterial,1,1.0,1,1000.0,30,2.005195,0.15,4.0,auto
19,5,25,arterial,1,1.0,1,1000.0,30,2.011719,0.15,4.0,auto
20,25,5,arterial,1,1.0,1,1000.0,30,2.011719,0.15,4.0,auto
21,6,7,arterial,1,1.0,1,1000.0,30,1.983765,0.15,4.0,auto
22,7,6,arterial,1,1.0,1,1000.0,30,1.983765,0.15,4.0,auto
23,6,26,arterial,1,1.0,1,1000.0,30,1.992136,0.15,4.0,auto
24,26,6,arterial,1,1.0,1,1000.0,30,1.992136,0.15,4.0,auto
25,7,8,arterial,1,1.0,1,1000.0,30,1.983627,0.15,4.0,auto
26,8,7,arterial,1,1.0,1,1000.0,30,1.983627,0.15,4.0,auto
27,7,27,arterial,1,1.0,1,1000.0,30,2.012386,0.15,4.0,auto
28,27,7,arterial,1,1.0,1,1000.0,30,2.012386,0.15,4.0,auto
29,8,9,arterial,1,1.0,1,1000.0,30,2.007738,0.15,4.0,auto
30,9,8,arterial,1,1.0,1,1000.0,30,2.007738,0.15,4.0,auto
31,8,28,arterial,1,1.0,1,1000.0,30,1.981675,0.15,4.0,auto
32,28,8,arterial,1,1.0,1,1000.0,30,1.981675,0.15,4.0,auto
33,9,10,arterial,1,1.0,1,1000.0,30,2.019288,0.15,4.0,auto
34,10,9,arterial,1,1.0,1,1000.0,30,2.019288,0.15,4.0,auto
35,9,29,arterial,1,1.0,1,1000.0,30,2.01859,0.15,4.0,auto
36,29,9,arterial,1,1.0,1,1000.0,30,2.01859,0.15,4.0,auto
37,10,30,arterial,1,1.0,1,1000.0,30,2.004623,0.15,4.0,auto
38,30,10,arterial,1,1.0,1,1000.0,30,2.004623,0.15,4.0,auto
39,11,12,arterial,1,1.0,1,1000.0,30,1.9863,0.15,4.0,auto
40,12,11,arterial,1,1.0,1,1000.0,30,1.9863,0.15,4.0,auto
41,11,31,arterial,1,1.0,1,1000.0,30,1.9806,0.15,4.0,auto
42,31,11,arterial,1,1.0,1,1000.0,30,1.9806,0.15,4.0,auto
43,12,13,arterial,1,1.0,1,1000.0,30,2.001135,0.15,4.0,auto
44,13,12,arterial,1,1.0,1,1000.0,30,2.001135,0.15,4.0,auto
45,12,32,arterial,1,1.0,1,1000.0,30,1.982382,0.15,4.0,auto
46,32,12,arterial,1,1.0,1,1000.0,30,1.982382,0.15,4.0,auto
47,13,14,arterial,1,1.0,1,1000.0,30,1.987608,0.15,4.0,auto
48,14,13,arterial,1,1.0,1,1000.0,30,1.987608,0.15,4.0,auto
49,13,33,arterial,1,1.0,1,1000.0,30,1.989678,0.15,4.0,auto
50,33,13,arterial,1,1.0,1,1000.0,30,1.989678,0.15,4.0,auto
51,14,15,arterial,1,1.0,1,1000.0,30,1.981203,0.15,4.0,auto
52,15,14,arterial,1,1.0,1,1000.0,30,1.981203,0.15,4.0,auto
53,14,34,arterial,1,1.0,1,1000.0,30,1.998557,0.15,4.0,auto
54,34,14,arterial,1,1.0,1,1000.0,30,1.998557,0.15,4.0,auto
55,15,16,arterial,1,1.0,1,1000.0,30,1.997621,0.15,4.0,auto
56,16,15,arterial,1,1.0,1,1000.0,30,1.997621,0.15,4.0,auto
57,15,35,arterial,1,1.0,1,1000.0,30,2.013697,0.15,4.0,auto
58,35,15,arterial,1,1.0,1,1000.0,30,2.013697,0.15,4.0,auto
59,16,17,arterial,1,1.0,1,1000.0,30,2.000765,0.15,4.0,auto
60,17,16,arterial,1,1.0,1,1000.0,30,2.000765,0.15,4.0,auto
61,16,36,arterial,1,1.0,1,1000.0,30,2.005612,0.15,4.0,auto
62,36,16,arterial,1,1.0,1,1000.0,30,2.005612,0.15,4.0,auto
63,17,18,arterial,1,1.0,1,1000.0,30,1.999991,0.15,4.0,auto
64,18,17,arterial,1,1.0,1,1000.0,30,1.999991,0.15,4.0,auto
65,17,37,arterial,1,1.0,1,1000.0,30,2.006498,0.15,4.0,auto
66,37,17,arterial,1,1.0,1,1000.0,30,2.006498,0.15,4.0,auto
67,18,19,arterial,1,1.0,1,1000.0,30,1.998293,0.15,4.0,auto
68,19,18,arterial,1,1.0,1,1000.0,30,1.998293,0.15,4.0,auto
69,18,38,arterial,1,1.0,1,1000.0,30,1.991127,0.15,4.0,auto
70,38,18,arterial,1,1.0,1,1000.0,30,1.991127,0.15,4.0,auto
71,19,20,arterial,1,1.0,1,1000.0,30,2.019906,0.15,4.0,auto
72,20,19,arterial,1,1.0,1,1000.0,30,2.019906,0.15,4.0,auto
73,19,39,arterial,1,1.0,1,1000.0,30,2.019828,0.15,4.0,auto
74,39,19,arterial,1,1.0,1,1000.0,30,2.019828,0.15,4.0,auto
75,20,40,arterial,1,1.0,1,1000.0,30,2.008312,0.15,4.0,auto
76,40,20,arterial,1,1.0,1,1000.0,30,2.008312,0.15,4.0,auto
77,21,22,arterial,1,1.0,1,1000.0,30,1.992611,0.15,4.0,auto
78,22,21,arterial,1,1.0,1,1000.0,30,1.992611,0.15,4.0,auto
79,21,41,arterial,1,1.0,1,1000.0,30,1.989187,0.15,4.0,auto
80,41,21,arterial,1,1.0,1,1000.0,30,1.989187,0.15,4.0,auto
81,22,23,arterial,1,1.0,1,1000.0,30,1.991562,0.15,4.0,auto
82,23,22,arterial,1,1.0,1,1000.0,30,1.991562,0.15,4.0,auto
83,22,42,arterial,1,1.0,1,1000.0,30,1.982809,0.15,4.0,auto
84,42,22,arterial,1,1.0,1,1000.0,30,1.982809,0.15,4.0,auto
85,23,24,arterial,1,1.0,1,1000.0,30,2.010652,0.15,4.0,auto
86,24,23,arterial,1,1.0,1,1000.0,30,2.010652,0.15,4.0,auto
87,23,43,arterial,1,1.0,1,1000.0,30,1.996016,0.15,4.0,auto
88,43,23,arterial,1,1.0,1,1000.0,30,1.996016,0.15,4.0,auto
89,24,25,arterial,1,1.0,1,1000.0,30,2.013863,0.15,4.0,auto
90,25,24,arterial,1,1.0,1,1000.0,30,2.013863,0.15,4.0,auto
91,24,44,arterial,1,1.0,1,1000.0,30,1.995461,0.15,4.0,auto
92,44,24,arterial,1,1.0,1,1000.0,30,1.995461,0.15,4.0,auto
93,25,26,arterial,1,1.0,1,1000.0,30,2.018322,0.15,4.0,auto
94,26,25,arterial,1,1.0,1,1000.0,30,2.018322,0.15,4.0,auto
95,25,45,arterial,1,1.0,1,1000.0,30,2.013892,0.15,4.0,auto
96,45,25,arterial,1,1.0,1,1000.0,30,2.013892,0.15,4.0,auto
97,26,27,arterial,1,1.0,1,1000.0,30,1.980022,0.15,4.0,auto
98,27,26,arterial,1,1.0,1,1000.0,30,1.980022,0.15,4.0,auto
99,26,46,arterial,1,1.0,1,1000.0,30,1.988389,0.15,4.0,auto
100,46,26,arterial,1,1.0,1,1000.0,30,1.988389,0.15,4.0,auto
101,27,28,arterial,1,1.0,1,1000.0,30,2.016411,0.15,4.0,auto
102,28,27,arterial,1,1.0,1,1000.0,30,2.016411,0.15,4.0,auto
103,27,47,arterial,1,1.0,1,1000.0,30,1.998799,0.15,4.0,auto
104,47,27,arterial,1,1.0,1,1000.0,30,1.998799,0.15,4.0,auto
105,28,29,arterial,1,1.0,1,1000.0,30,2.019214,0.15,4.0,auto
106,29,28,arterial,1,1.0,1,1000.0,30,2.019214,0.15,4.0,auto
107,28,48,arterial,1,1.0,1,1000.0,30,1.995897,0.15,4.0,auto
108,48,28,arterial,1,1.0,1,1000.0,30,1.995897,0.15,4.0,auto
109,29,30,arterial,1,1.0,1,1000.0,30,1.982922,0.15,4.0,auto
110,30,29,arterial,1,1.0,1,1000.0,30,1.982922,0.15,4.0,auto
111,29,49,arterial,1,1.0,1,1000.0,30,2.005178,0.15,4.0,auto
112,49,29,arterial,1,1.0,1,1000.0,30,2.005178,0.15,4.0,auto
113,30,50,arterial,1,1.0,1,1000.0,30,1.990791,0.15,4.0,auto
114,50,30,arterial,1,1.0,1,1000.0,30,1.990791,0.15,4.0,auto
115,31,32,arterial,1,1.0,1,1000.0,30,1.983486,0.15,4.0,auto
116,32,31,arterial,1,1.0,1,1000.0,30,1.983486,0.15,4.0,auto
117,31,51,arterial,1,1.0,1,1000.0,30,1.993303,0.15,4.0,auto
118,51,31,arterial,1,1.0,1,1000.0,30,1.993303,0.15,4.0,auto
119,32,33,arterial,1,1.0,1,1000.0,30,2.018563,0.15,4.0,auto
120,33,32,arterial,1,1.0,1,1000.0,30,2.018563,0.15,4.0,auto
121,32,52,arterial,1,1.0,1,1000.0,30,2.010322,0.15,4.0,auto
122,52,32,arterial,1,1.0,1,1000.0,30,2.010322,0.15,4.0,auto
123,33,34,arterial,1,1.0,1,1000.0,30,1.98472,0.15,4.0,auto
124,34,33,arterial,1,1.0,1,1000.0,30,1.98472,0.15,4.0,auto
125,33,53,arterial,1,1.0,1,1000.0,30,1.989856,0.15,4.0,auto
126,53,33,arterial,1,1.0,1,1000.0,30,1.989856,0.15,4.0,auto
127,34,35,arterial,1,1.0,1,1000.0,30,1.984042,0.15,4.0,auto
128,35,34,arterial,1,1.0,1,1000.0,30,1.984042,0.15,4.0,auto
129,34,54,arterial,1,1.0,1,1000.0,30,1.982396,0.15,4.0,auto
130,54,34,arterial,1,1.0,1,1000.0,30,1.982396,0.15,4.0,auto
131,35,36,arterial,1,1.0,1,1000.0,30,2.011881,0.15,4.0,auto
132,36,35,arterial,1,1.0,1,1000.0,30,2.011881,0.15,4.0,auto
133,35,55,arterial,1,1.0,1,1000.0,30,1.987107,0.15,4.0,auto
134,55,35,arterial,1,1.0,1,1000.0,30,1.987107,0.15,4.0,auto
135,36,37,arterial,1,1.0,1,1000.0,30,2.002372,0.15,4.0,auto
136,37,36,arterial,1,1.0,1,1000.0,30,2.002372,0.15,4.0,auto
137,36,56,arterial,1,1.0,1,1000.0,30,1.997897,0.15,4.0,auto
138,56,36,arterial,1,1.0,1,1000.0,30,1.997897,0.15,4.0,auto
139,37,38,arterial,1,1.0,1,1000.0,30,1.987627,0.15,4.0,auto
140,38,37,arterial,1,1.0,1,1000.0,30,1.987627,0.15,4.0,auto
141,37,57,arterial,1,1.0,1,1000.0,30,2.009276,0.15,4.0,auto
142,57,37,arterial,1,1.0,1,1000.0,30,2.009276,0.15,4.0,auto
143,38,39,arterial,1,1.0,1,1000.0,30,1.985239,0.15,4.0,auto
144,39,38,arterial,1,1.0,1,1000.0,30,1.985239,0.15,4.0,auto
145,38,58,arterial,1,1.0,1,1000.0,30,2.005749,0.15,4.0,auto
146,58,38,arterial,1,1.0,1,1000.0,30,2.005749,0.15,4.0,auto
147,39,40,arterial,1,1.0,1,1000.0,30,1.98466,0.15,4.0,auto
148,40,39,arterial,1,1.0,1,1000.0,30,1.98466,0.15,4.0,auto
149,39,59,arterial,1,1.0,1,1000.0,30,1.99683,0.15,4.0,auto
150,59,39,arterial,1,1.0,1,1000.0,30,1.99683,0.15,4.0,auto
151,40,60,arterial,1,1.0,1,1000.0,30,1.990792,0.15,4.0,auto
152,60,40,arterial,1,1.0,1,1000.0,30,1.990792,0.15,4.0,auto
153,41,42,arterial,1,1.0,1,1000.0,30,2.018837,0.15,4.0,auto
154,42,41,arterial,1,1.0,1,1000.0,30,2.018837,0.15,4.0,auto
155,41,61,arterial,1,1.0,1,1000.0,30,2.012136,0.15,4.0,auto
156,61,41,arterial,1,1.0,1,1000.0,30,2.012136,0.15,4.0,auto
157,42,43,arterial,1,1.0,1,1000.0,30,1.992166,0.15,4.0,auto
158,43,42,arterial,1,1.0,1,1000.0,30,1.992166,0.15,4.0,auto
159,42,62,arterial,1,1.0,1,1000.0,30,2.015395,0.15,4.0,auto
160,62,42,arterial,1,1.0,1,1000.0,30,2.015395,0.15,4.0,auto
161,43,44,arterial,1,1.0,1,1000.0,30,1.988428,0.15,4.0,auto
162,44,43,arterial,1,1.0,1,1000.0,30,1.988428,0.15,4.0,auto
163,43,63,arterial,1,1.0,1,1000.0,30,1.995771,0.15,4.0,auto
164,63,43,arterial,1,1.0,1,1000.0,30,1.995771,0.15,4.0,auto
165,44,45,arterial,1,1.0,1,1000.0,30,2.014175,0.15,4.0,auto
166,45,44,arterial,1,1.0,1,1000.0,30,2.014175,0.15,4.0,auto
167,44,64,arterial,1,1.0,1,1000.0,30,2.005673,0.15,4.0,auto
168,64,44,arterial,1,1.0,1,1000.0,30,2.005673,0.15,4.0,auto
169,45,46,arterial,1,1.0,1,1000.0,30,1.984013,0.15,4.0,auto
170,46,45,arterial,1,1.0,1,1000.0,30,1.984013,0.15,4.0,auto
171,45,65,arterial,1,1.0,1,1000.0,30,2.019572,0.15,4.0,auto
172,65,45,arterial,1,1.0,1,1000.0,30,2.019572,0.15,4.0,auto
173,46,47,arterial,1,1.0,1,1000.0,30,1.98853,0.15,4.0,auto
174,47,46,arterial,1,1.0,1,1000.0,30,1.98853,0.15,4.0,auto
175,46,66,arterial,1,1.0,1,1000.0,30,1.990331,0.15,4.0,auto
176,66,46,arterial,1,1.0,1,1000.0,30,1.990331,0.15,4.0,auto
177,47,48,arterial,1,1.0,1,1000.0,30,2.010908,0.15,4.0,auto
178,48,47,arterial,1,1.0,1,1000.0,30,2.010908,0.15,4.0,auto
179,47,67,arterial,1,1.0,1,1000.0,30,1.993158,0.15,4.0,auto
180,67,47,arterial,1,1.0,1,1000.0,30,1.993158,0.15,4.0,auto
181,48,49,arterial,1,1.0,1,1000.0,30,1.991853,0.15,4.0,auto
182,49,48,arterial,1,1.0,1,1000.0,30,1.991853,0.15,4.0,auto
183,48,68,arterial,1,1.0,1,1000.0,30,1.982936,0.15,4.0,auto
184,68,48,arterial,1,1.0,1,1000.0,30,1.982936,0.15,4.0,auto
185,49,50,arterial,1,1.0,1,1000.0,30,1.983605,0.15,4.0,auto
186,50,49,arterial,1,1.0,1,1000.0,30,1.983605,0.15,4.0,auto
187,49,69,arterial,1,1.0,1,1000.0,30,2.003309,0.15,4.0,auto
188,69,49,arterial,1,1.0,1,1000.0,30,2.003309,0.15,4.0,auto
189,50,70,arterial,1,1.0,1,1000.0,30,2.004051,0.15,4.0,auto
190,70,50,arterial,1,1.0,1,1000.0,30,2.004051,0.15,4.0,auto
191,51,52,arterial,1,1.0,1,1000.0,30,1.994868,0.15,4.0,auto
192,52,51,arterial,1,1.0,1,1000.0,30,1.994868,0.15,4.0,auto
193,51,71,arterial,1,1.0,1,1000.0,30,1.998128,0.15,4.0,auto
194,71,51,arterial,1,1.0,1,1000.0,30,1.998128,0.15,4.0,auto
195,52,53,arterial,1,1.0,1,1000.0,30,2.018365,0.15,4.0,auto
196,53,52,arterial,1,1.0,1,1000.0,30,2.018365,0.15,4.0,auto
197,52,72,arterial,1,1.0,1,1000.0,30,1.999349,0.15,4.0,auto
198,72,52,arterial,1,1.0,1,1000.0,30,1.999349,0.15,4.0,auto
199,53,54,arterial,1,1.0,1,1000.0,30,2.002983,0.15,4.0,auto
200,54,53,arterial,1,1.0,1,1000.0,30,2.002983,0.15,4.0,auto
201,53,73,arterial,1,1.0,1,1000.0,30,2.014661,0.15,4.0,auto
202,73,53,arterial,1,1.0,1,1000.0,30,2.014661,0.15,4.0,auto
203,54,55,arterial,1,1.0,1,1000.0,30,1.987313,0.15,4.0,auto
204,55,54,arterial,1,1.0,1,1000.0,30,1.987313,0.15,4.0,auto
205,54,74,arterial,1,1.0,1,1000.0,30,1.986165,0.15,4.0,auto
206,74,54,arterial,1,1.0,1,1000.0,30,1.986165,0.15,4.0,auto
207,55,56,arterial,1,1.0,1,1000.0,30,2.016337,0.15,4.0,auto
208,56,55,arterial,1,1.0,1,1000.0,30,2.016337,0.15,4.0,auto
209,55,75,arterial,1,1.0,1,1000.0,30,2.012712,0.15,4.0,auto
210,75,55,arterial,1,1.0,1,1000.0,30,2.012712,0.15,4.0,auto
211,56,57,arterial,1,1.0,1,1000.0,30,1.98998,0.15,4.0,auto
212,57,56,arterial,1,1.0,1,1000.0,30,1.98998,0.15,4.0,auto
213,56,76,arterial,1,1.0,1,1000.0,30,1.987592,0.15,4.0,auto
214,76,56,arterial,1,1.0,1,1000.0,30,1.987592,0.15,4.0,auto
215,57,58,arterial,1,1.0,1,1000.0,30,2.009577,0.15,4.0,auto
216,58,57,arterial,1,1.0,1,1000.0,30,2.009577,0.15,4.0,auto
217,57,77,arterial,1,1.0,1,1000.0,30,2.017616,0.15,4.0,auto
218,77,57,arterial,1,1.0,1,1000.0,30,2.017616,0.15,4.0,auto
219,58,59,arterial,1,1.0,1,1000.0,30,1.987864,0.15,4.0,auto
220,59,58,arterial,1,1.0,1,1000.0,30,1.987864,0.15,4.0,auto
221,58,78,arterial,1,1.0,1,1000.0,30,2.018005,0.15,4.0,auto
222,78,58,arterial,1,1.0,1,1000.0,30,2.018005,0.15,4.0,auto
223,59,60,arterial,1,1.0,1,1000.0,30,2.015288,0.15,4.0,auto
224,60,59,arterial,1,1.0,1,1000.0,30,2.015288,0.15,4.0,auto
225,59,79,arterial,1,1.0,1,1000.0,30,2.004141,0.15,4.0,auto
226,79,59,arterial,1,1.0,1,1000.0,30,2.004141,0.15,4.0,auto
227,60,80,arterial,1,1.0,1,1000.0,30,1.984154,0.15,4.0,auto
228,80,60,arterial,1,1.0,1,1000.0,30,1.984154,0.15,4.0,auto
229,61,62,arterial,1,1.0,1,1000.0,30,1.981548,0.15,4.0,auto
230,62,61,arterial,1,1.0,1,1000.0,30,1.981548,0.15,4.0,auto
231,61,81,arterial,1,1.0,1,1000.0,30,2.018507,0.15,4.0,auto
232,81,61,arterial,1,1.0,1,1000.0,30,2.018507,0.15,4.0,auto
233,62,63,arterial,1,1.0,1,1000.0,30,1.989536,0.15,4.0,auto
234,63,62,arterial,1,1.0,1,1000.0,30,1.989536,0.15,4.0,auto
235,62,82,arterial,1,1.0,1,1000.0,30,2.008183,0.15,4.0,auto
236,82,62,arterial,1,1.0,1,1000.0,30,2.008183,0.15,4.0,auto
237,63,64,arterial,1,1.0,1,1000.0,30,1.990279,0.15,4.0,auto
238,64,63,arterial,1,1.0,1,1000.0,30,1.990279,0.15,4.0,auto
239,63,83,arterial,1,1.0,1,1000.0,30,2.012949,0.15,4.0,auto
240,83,63,arterial,1,1.0,1,1000.0,30,2.012949,0.15,4.0,auto
241,64,65,arterial,1,1.0,1,1000.0,30,2.003859,0.15,4.0,auto
242,65,64,arterial,1,1.0,1,1000.0,30,2.003859,0.15,4.0,auto
243,64,84,arterial,1,1.0,1,1000.0,30,1.991737,0.15,4.0,auto
244,84,64,arterial,1,1.0,1,1000.0,30,1.991737,0.15,4.0,auto
245,65,66,arterial,1,1.0,1,1000.0,30,1.987017,0.15,4.0,auto
246,66,65,arterial,1,1.0,1,1000.0,30,1.987017,0.15,4.0,auto
247,65,85,arterial,1,1.0,1,1000.0,30,2.008814,0.15,4.0,auto
248,85,65,arterial,1,1.0,1,1000.0,30,2.008814,0.15,4.0,auto
249,66,67,arterial,1,1.0,1,1000.0,30,1.982751,0.15,4.0,auto
250,67,66,arterial,1,1.0,1,1000.0,30,1.982751,0.15,4.0,auto
251,66,86,arterial,1,1.0,1,1000.0,30,1.989136,0.15,4.0,auto
252,86,66,arterial,1,1.0,1,1000.0,30,1.989136,0.15,4.0,auto
253,67,68,arterial,1,1.0,1,1000.0,30,2.002375,0.15,4.0,auto
254,68,67,arterial,1,1.0,1,1000.0,30,2.002375,0.15,4.0,auto
255,67,87,arterial,1,1.0,1,1000.0,30,2.014096,0.15,4.0,auto
256,87,67,arterial,1,1.0,1,1000.0,30,2.014096,0.15,4.0,auto
257,68,69,arterial,1,1.0,1,1000.0,30,2.004572,0.15,4.0,auto
258,69,68,arterial,1,1.0,1,1000.0,30,2.004572,0.15,4.0,auto
259,68,88,arterial,1,1.0,1,1000.0,30,1.991209,0.15,4.0,auto
260,88,68,arterial,1,1.0,1,1000.0,30,1.991209,0.15,4.0,auto
261,69,70,arterial,1,1.0,1,1000.0,30,2.016694,0.15,4.0,auto
262,70,69,arterial,1,1.0,1,1000.0,30,2.016694,0.15,4.0,auto
263,69,89,arterial,1,1.0,1,1000.0,30,1.988159,0.15,4.0,auto
264,89,69,arterial,1,1.0,1,1000.0,30,1.988159,0.15,4.0,auto
265,70,90,arterial,1,1.0,1,1000.0,30,1.990768,0.15,4.0,auto
266,90,70,arterial,1,1.0,1,1000.0,30,1.990768,0.15,4.0,auto
267,71,72,arterial,1,1.0,1,1000.0,30,1.997828,0.15,4.0,auto
268,72,71,arterial,1,1.0,1,1000.0,30,1.997828,0.15,4.0,auto
269,71,91,arterial,1,1.0,1,1000.0,30,1.982418,0.15,4.0,auto
270,91,71,arterial,1,1.0,1,1000.0,30,1.982418,0.15,4.0,auto
271,72,73,arterial,1,1.0,1,1000.0,30,1.98705,0.15,4.0,auto
272,73,72,arterial,1,1.0,1,1000.0,30,1.98705,0.15,4.0,auto
273,72,92,arterial,1,1.0,1,1000.0,30,1.994751,0.15,4.0,auto
274,92,72,arterial,1,1.0,1,1000.0,30,1.994751,0.15,4.0,auto
275,73,74,arterial,1,1.0,1,1000.0,30,2.002887,0.15,4.0,auto
276,74,73,arterial,1,1.0,1,1000.0,30,2.002887,0.15,4.0,auto
277,73,93,arterial,1,1.0,1,1000.0,30,1.985263,0.15,4.0,auto
278,93,73,arterial,1,1.0,1,1000.0,30,1.985263,0.15,4.0,auto
279,74,75,arterial,1,1.0,1,1000.0,30,1.994486,0.15,4.0,auto
280,75,74,arterial,1,1.0,1,1000.0,30,1.994486,0.15,4.0,auto
281,74,94,arterial,1,1.0,1,1000.0,30,2.015638,0.15,4.0,auto
282,94,74,arterial,1,1.0,1,1000.0,30,2.015638,0.15,4.0,auto
283,75,76,arterial,1,1.0,1,1000.0,30,2.01922,0.15,4.0,auto
284,76,75,arterial,1,1.0,1,1000.0,30,2.01922,0.15,4.0,auto
285,75,95,arterial,1,1.0,1,1000.0,30,2.006277,0.15,4.0,auto
286,95,75,arterial,1,1.0,1,1000.0,30,2.006277,0.15,4.0,auto
287,76,77,arterial,1,1.0,1,1000.0,30,2.007649,0.15,4.0,auto
288,77,76,arterial,1,1.0,1,1000.0,30,2.007649,0.15,4.0,auto
289,76,96,arterial,1,1.0,1,1000.0,30,2.003378,0.15,4.0,auto
290,96,76,arterial,1,1.0,1,1000.0,30,2.003378,0.15,4.0,auto
291,77,78,arterial,1,1.0,1,1000.0,30,1.985614,0.15,4.0,auto
292,78,77,arterial,1,1.0,1,1000.0,30,1.985614,0.15,4.0,auto
293,77,97,arterial,1,1.0,1,1000.0,30,1.981403,0.15,4.0,auto
294,97,77,arterial,1,1.0,1,1000.0,30,1.981403,0.15,4.0,auto
295,78,79,arterial,1,1.0,1,1000.0,30,1.980716,0.15,4.0,auto
296,79,78,arterial,1,1.0,1,1000.0,30,1.980716,0.15,4.0,auto
297,78,98,arterial,1,1.0,1,1000.0,30,2.016408,0.15,4.0,auto
298,98,78,arterial,1,1.0,1,1000.0,30,2.016408,0.15,4.0,auto
299,79,80,arterial,1,1.0,1,1000.0,30,2.008039,0.15,4.0,auto
300,80,79,arterial,1,1.0,1,1000.0,30,2.008039,0.15,4.0,auto
301,79,99,arterial,1,1.0,1,1000.0,30,2.018511,0.15,4.0,auto
302,99,79,arterial,1,1.0,1,1000.0,30,2.018511,0.15,4.0,auto
303,80,100,arterial,1,1.0,1,1000.0,30,2.005447,0.15,4.0,auto
304,100,80,arterial,1,1.0,1,1000.0,30,2.005447,0.15,4.0,auto
305,81,82,arterial,1,1.0,1,1000.0,30,1.999289,0.15,4.0,auto
306,82,81,arterial,1,1.0,1,1000.0,30,1.999289,0.15,4.0,auto
307,81,101,arterial,1,1.0,1,1000.0,30,2.00922,0.15,4.0,auto
308,101,81,arterial,1,1.0,1,1000.0,30,2.00922,0.15,4.0,auto
309,82,83,arterial,1,1.0,1,1000.0,30,1.992756,0.15,4.0,auto
310,83,82,arterial,1,1.0,1,1000.0,30,1.992756,0.15,4.0,auto
311,82,102,arterial,1,1.0,1,1000.0,30,2.019974,0.15,4.0,auto
312,102,82,arterial,1,1.0,1,1000.0,30,2.019974,0.15,4.0,auto
313,83,84,arterial,1,1.0,1,1000.0,30,1.983011,0.15,4.0,auto
314,84,83,arterial,1,1.0,1,1000.0,30,1.983011,0.15,4.0,auto
315,83,103,arterial,1,1.0,1,1000.0,30,2.001844,0.15,4.0,auto
316,103,83,arterial,1,1.0,1,1000.0,30,2.001844,0.15,4.0,auto
317,84,85,arterial,1,1.0,1,1000.0,30,2.00948,0.15,4.0,auto
318,85,84,arterial,1,1.0,1,1000.0,30,2.00948,0.15,4.0,auto
319,84,104,arterial,1,1.0,1,1000.0,30,2.016008,0.15,4.0,auto
320,104,84,arterial,1,1.0,1,1000.0,30,2.016008,0.15,4.0,auto
321,85,86,arterial,1,1.0,1,1000.0,30,2.009484,0.15,4.0,auto
322,86,85,arterial,1,1.0,1,1000.0,30,2.009484,0.15,4.0,auto
323,85,105,arterial,1,1.0,1,1000.0,30,2.008148,0.15,4.0,auto
324,105,85,arterial,1,1.0,1,1000.0,30,2.008148,0.15,4.0,auto
325,86,87,arterial,1,1.0,1,1000.0,30,2.011731,0.15,4.0,auto
326,87,86,arterial,1,1.0,1,1000.0,30,2.011731,0.15,4.0,auto
327,86,106,arterial,1,1.0,1,1000.0,30,2.0166,0.15,4.0,auto
328,106,86,arterial,1,1.0,1,1000.0,30,2.0166,0.15,4.0,auto
329,87,88,arterial,1,1.0,1,1000.0,30,1.994073,0.15,4.0,auto
330,88,87,arterial,1,1.0,1,1000.0,30,1.994073,0.15,4.0,auto
331,87,107,arterial,1,1.0,1,1000.0,30,2.007406,0.15,4.0,auto
332,107,87,arterial,1,1.0,1,1000.0,30,2.007406,0.15,4.0,auto
333,88,89,arterial,1,1.0,1,1000.0,30,2.016033,0.15,4.0,auto
334,89,88,arterial,1,1.0,1,1000.0,30,2.016033,0.15,4.0,auto
335,88,108,arterial,1,1.0,1,1000.0,30,2.014844,0.15,4.0,auto
336,108,88,arterial,1,1.0,1,1000.0,30,2.014844,0.15,4.0,auto
337,89,90,arterial,1,1.0,1,1000.0,30,1.996686,0.15,4.0,auto
338,90,89,arterial,1,1.0,1,1000.0,30,1.996686,0.15,4.0,auto
339,89,109,arterial,1,1.0,1,1000.0,30,2.011621,0.15,4.0,auto
340,109,89,arterial,1,1.0,1,1000.0,30,2.011621,0.15,4.0,auto
341,90,110,arterial,1,1.0,1,1000.0,30,2.002912,0.15,4.0,auto
342,110,90,arterial,1,1.0,1,1000.0,30,2.002912,0.15,4.0,auto
343,91,92,arterial,1,1.0,1,1000.0,30,2.004998,0.15,4.0,auto
344,92,91,arterial,1,1.0,1,1000.0,30,2.004998,0.15,4.0,auto
345,91,111,arterial,1,1.0,1,1000.0,30,1.995293,0.15,4.0,auto
346,111,91,arterial,1,1.0,1,1000.0,30,1.995293,0.15,4.0,auto
347,92,93,arterial,1,1.0,1,1000.0,30,2.003307,0.15,4.0,auto
348,93,92,arterial,1,1.0,1,1000.0,30,2.003307,0.15,4.0,auto
349,92,112,arterial,1,1.0,1,1000.0,30,2.004355,0.15,4.0,auto
350,112,92,arterial,1,1.0,1,1000.0,30,2.004355,0.15,4.0,auto
351,93,94,arterial,1,1.0,1,1000.0,30,1.983208,0.15,4.0,auto
352,94,93,arterial,1,1.0,1,1000.0,30,1.983208,0.15,4.0,auto
353,93,113,arterial,1,1.0,1,1000.0,30,2.005576,0.15,4.0,auto
354,113,93,arterial,1,1.0,1,1000.0,30,2.005576,0.15,4.0,auto
355,94,95,arterial,1,1.0,1,1000.0,30,2.019733,0.15,4.0,auto
356,95,94,arterial,1,1.0,1,1000.0,30,2.019733,0.15,4.0,auto
357,94,114,arterial,1,1.0,1,1000.0,30,2.015192,0.15,4.0,auto
358,114,94,arterial,1,1.0,1,1000.0,30,2.015192,0.15,4.0,auto
359,95,96,arterial,1,1.0,1,1000.0,30,2.009128,0.15,4.0,auto
360,96,95,arterial,1,1.0,1,1000.0,30,2.009128,0.15,4.0,auto
361,95,115,arterial,1,1.0,1,1000.0,30,1.995537,0.15,4.0,auto
362,115,95,arterial,1,1.0,1,1000.0,30,1.995537,0.15,4.0,auto
363,96,97,arterial,1,1.0,1,1000.0,30,2.009402,0.15,4.0,auto
364,97,96,arterial,1,1.0,1,1000.0,30,2.009402,0.15,4.0,auto
365,96,116,arterial,1,1.0,1,1000.0,30,2.003238,0.15,4.0,auto
366,116,96,arterial,1,1.0,1,1000.0,30,2.003238,0.15,4.0,auto
367,97,98,arterial,1,1.0,1,1000.0,30,1.997621,0.15,4.0,auto
368,98,97,arterial,1,1.0,1,1000.0,30,1.997621,0.15,4.0,auto
369,97,117,arterial,1,1.0,1,1000.0,30,2.013535,0.15,4.0,auto
370,117,97,arterial,1,1.0,1,1000.0,30,2.013535,0.15,4.0,auto
371,98,99,arterial,1,1.0,1,1000.0,30,1.983351,0.15,4.0,auto
372,99,98,arterial,1,1.0,1,1000.0,30,1.983351,0.15,4.0,auto
373,98,118,arterial,1,1.0,1,1000.0,30,2.010008,0.15,4.0,auto
374,118,98,arterial,1,1.0,1,1000.0,30,2.010008,0.15,4.0,auto
375,99,100,arterial,1,1.0,1,1000.0,30,1.981192,0.15,4.0,auto
376,100,99,arterial,1,1.0,1,1000.0,30,1.981192,0.15,4.0,auto
377,99,119,arterial,1,1.0,1,1000.0,30,2.004051,0.15,4.0,auto
378,119,99,arterial,1,1.0,1,1000.0,30,2.004051,0.15,4.0,auto
379,100,120,arterial,1,1.0,1,1000.0,30,1.989209,0.15,4.0,auto
380,120,100,arterial,1,1.0,1,1000.0,30,1.989209,0.15,4.0,auto
381,101,102,arterial,1,1.0,1,1000.0,30,2.007933,0.15,4.0,auto
382,102,101,arterial,1,1.0,1,1000.0,30,2.007933,0.15,4.0,auto
383,101,121,arterial,1,1.0,1,1000.0,30,1.99989,0.15,4.0,auto
384,121,101,arterial,1,1.0,1,1000.0,30,1.99989,0.15,4.0,auto
385,102,103,arterial,1,1.0,1,1000.0,30,2.00458,0.15,4.0,auto
386,103,102,arterial,1,1.0,1,1000.0,30,2.00458,0.15,4.0,auto
387,102,122,arterial,1,1.0,1,1000.0,30,2.016819,0.15,4.0,auto
388,122,102,arterial,1,1.0,1,1000.0,30,2.016819,0.15,4.0,auto
389,103,104,arterial,1,1.0,1,1000.0,30,1.990233,0.15,4.0,auto
390,104,103,arterial,1,1.0,1,1000.0,30,1.990233,0.15,4.0,auto
391,103,123,arterial,1,1.0,1,1000.0,30,1.980452,0.15,4.0,auto
392,123,103,arterial,1,1.0,1,1000.0,30,1.980452,0.15,4.0,auto
393,104,105,arterial,1,1.0,1,1000.0,30,1.992041,0.15,4.0,auto
394,105,104,arterial,1,1.0,1,1000.0,30,1.992041,0.15,4.0,auto
395,104,124,arterial,1,1.0,1,1000.0,30,2.007125,0.15,4.0,auto
396,124,104,arterial,1,1.0,1,1000.0,30,2.007125,0.15,4.0,auto
397,105,106,arterial,1,1.0,1,1000.0,30,1.988103,0.15,4.0,auto
398,106,105,arterial,1,1.0,1,1000.0,30,1.988103,0.15,4.0,auto
399,105,125,arterial,1,1.0,1,1000.0,30,1.986784,0.15,4.0,auto
400,125,105,arterial,1,1.0,1,1000.0,30,1.986784,0.15,4.0,auto
401,106,107,arterial,1,1.0,1,1000.0,30,2.016229,0.15,4.0,auto
402,107,106,arterial,1,1.0,1,1000.0,30,2.016229,0.15,4.0,auto
403,106,126,arterial,1,1.0,1,1000.0,30,2.0064,0.15,4.0,auto
404,126,106,arterial,1,1.0,1,1000.0,30,2.0064,0.15,4.0,auto
405,107,108,arterial,1,1.0,1,1000.0,30,1.997677,0.15,4.0,auto
406,108,107,arterial,1,1.0,1,1000.0,30,1.997677,0.15,4.0,auto
407,107,127,arterial,1,1.0,1,1000.0,30,2.015669,0.15,4.0,auto
408,127,107,arterial,1,1.0,1,1000.0,30,2.015669,0.15,4.0,auto
409,108,109,arterial,1,1.0,1,1000.0,30,1.993078,0.15,4.0,auto
410,109,108,arterial,1,1.0,1,1000.0,30,1.993078,0.15,4.0,auto
411,108,128,arterial,1,1.0,1,1000.0,30,2.006636,0.15,4.0,auto
412,128,108,arterial,1,1.0,1,1000.0,30,2.006636,0.15,4.0,auto
413,109,110,arterial,1,1.0,1,1000.0,30,1.98794,0.15,4.0,auto
414,110,109,arterial,1,1.0,1,1000.0,30,1.98794,0.15,4.0,auto
415,109,129,arterial,1,1.0,1,1000.0,30,1.997236,0.15,4.0,auto
416,129,109,arterial,1,1.0,1,1000.0,30,1.997236,0.15,4.0,auto
417,110,130,arterial,1,1.0,1,1000.0,30,2.016569,0.15,4.0,auto
418,130,110,arterial,1,1.0,1,1000.0,30,2.016569,0.15,4.0,auto
419,111,112,arterial,1,1.0,1,1000.0,30,2.015211,0.15,4.0,auto
420,112,111,arterial,1,1.0,1,1000.0,30,2.015211,0.15,4.0,auto
421,111,131,arterial,1,1.0,1,1000.0,30,1.995377,0.15,4.0,auto
422,131,111,arterial,1,1.0,1,1000.0,30,1.995377,0.15,4.0,auto
423,112,113,arterial,1,1.0,1,1000.0,30,2.003324,0.15,4.0,auto
424,113,112,arterial,1,1.0,1,1000.0,30,2.003324,0.15,4.0,auto
425,112,132,arterial,1,1.0,1,1000.0,30,1.992659,0.15,4.0,auto
426,132,112,arterial,1,1.0,1,1000.0,30,1.992659,0.15,4.0,auto
427,113,114,arterial,1,1.0,1,1000.0,30,1.985447,0.15,4.0,auto
428,114,113,arterial,1,1.0,1,1000.0,30,1.985447,0.15,4.0,auto
429,113,133,arterial,1,1.0,1,1000.0,30,1.999859,0.15,4.0,auto
430,133,113,arterial,1,1.0,1,1000.0,30,1.999859,0.15,4.0,auto
431,114,115,arterial,1,1.0,1,1000.0,30,2.013484,0.15,4.0,auto
432,115,114,arterial,1,1.0,1,1000.0,30,2.013484,0.15,4.0,auto
433,114,134,arterial,1,1.0,1,1000.0,30,2.013949,0.15,4.0,auto
434,134,114,arterial,1,1.0,1,1000.0,30,2.013949,0.15,4.0,auto
435,115,116,arterial,1,1.0,1,1000.0,30,2.008449,0.15,4.0,auto
436,116,115,arterial,1,1.0,1,1000.0,30,2.008449,0.15,4.0,auto
437,115,135,arterial,1,1.0,1,1000.0,30,2.018,0.15,4.0,auto
438,135,115,arterial,1,1.0,1,1000.0,30,2.018,0.15,4.0,auto
439,116,117,arterial,1,1.0,1,1000.0,30,1.991072,0.15,4.0,auto
440,117,116,arterial,1,1.0,1,1000.0,30,1.991072,0.15,4.0,auto
441,116,136,arterial,1,1.0,1,1000.0,30,1.986765,0.15,4.0,auto
442,136,116,arterial,1,1.0,1,1000.0,30,1.986765,0.15,4.0,auto
443,117,118,arterial,1,1.0,1,1000.0,30,1.998026,0.15,4.0,auto
444,118,117,arterial,1,1.0,1,1000.0,30,1.998026,0.15,4.0,auto
445,117,137,arterial,1,1.0,1,1000.0,30,1.991007,0.15,4.0,auto
446,137,117,arterial,1,1.0,1,1000.0,30,1.991007,0.15,4.0,auto
447,118,119,arterial,1,1.0,1,1000.0,30,1.988563,0.15,4.0,auto
448,119,118,arterial,1,1.0,1,1000.0,30,1.988563,0.15,4.0,auto
449,118,138,arterial,1,1.0,1,1000.0,30,1.996559,0.15,4.0,auto
450,138,118,arterial,1,1.0,1,1000.0,30,1.996559,0.15,4.0,auto
451,119,120,arterial,1,1.0,1,1000.0,30,2.005029,0.15,4.0,auto
452,120,119,arterial,1,1.0,1,1000.0,30,2.005029,0.15,4.0,auto
453,119,139,arterial,1,1.0,1,1000.0,30,1.999755,0.15,4.0,auto
454,139,119,arterial,1,1.0,1,1000.0,30,1.999755,0.15,4.0,auto
455,120,140,arterial,1,1.0,1,1000.0,30,2.013565,0.15,4.0,auto
456,140,120,arterial,1,1.0,1,1000.0,30,2.013565,0.15,4.0,auto
457,121,122,arterial,1,1.0,1,3000.0,30,2.019281,0.15,4.0,auto
458,122,121,arterial,1,1.0,1,3000.0,30,2.019281,0.15,4.0,auto
459,121,141,arterial,1,1.0,1,1000.0,30,1.998099,0.15,4.0,auto
460,141,121,arterial,1,1.0,1,1000.0,30,1.998099,0.15,4.0,auto
461,122,123,arterial,1,1.0,1,3000.0,30,1.982987,0.15,4.0,auto
462,123,122,arterial,1,1.0,1,3000.0,30,1.982987,0.15,4.0,auto
463,122,142,arterial,1,1.0,1,1000.0,30,1.981259,0.15,4.0,auto
464,142,122,arterial,1,1.0,1,1000.0,30,1.981259,0.15,4.0,auto
465,123,124,arterial,1,1.0,1,3000.0,30,2.014913,0.15,4.0,auto
466,124,123,arterial,1,1.0,1,3000.0,30,2.014913,0.15,4.0,auto
467,123,143,arterial,1,1.0,1,1000.0,30,1.98166,0.15,4.0,auto
468,143,123,arterial,1,1.0,1,1000.0,30,1.98166,0.15,4.0,auto
469,124,125,arterial,1,1.0,1,3000.0,30,2.008345,0.15,4.0,auto
470,125,124,arterial,1,1.0,1,3000.0,30,2.008345,0.15,4.0,auto
471,124,144,arterial,1,1.0,1,1000.0,30,2.002823,0.15,4.0,auto
472,144,124,arterial,1,1.0,1,1000.0,30,2.002823,0.15,4.0,auto
473,125,126,arterial,1,1.0,1,3000.0,30,1.992361,0.15,4.0,auto
474,126,125,arterial,1,1.0,1,3000.0,30,1.992361,0.15,4.0,auto
475,125,145,arterial,1,1.0,1,1000.0,30,2.011661,0.15,4.0,auto
476,145,125,arterial,1,1.0,1,1000.0,30,2.011661,0.15,4.0,auto
477,126,127,arterial,1,1.0,1,3000.0,30,1.980765,0.15,4.0,auto
478,127,126,arterial,1,1.0,1,3000.0,30,1.980765,0.15,4.0,auto
479,126,146,arterial,1,1.0,1,1000.0,30,1.985435,0.15,4.0,auto
480,146,126,arterial,1,1.0,1,1000.0,30,1.985435,0.15,4.0,auto
481,127,128,arterial,1,1.0,1,3000.0,30,1.998193,0.15,4.0,auto
482,128,127,arterial,1,1.0,1,3000.0,30,1.998193,0.15,4.0,auto
483,127,147,arterial,1,1.0,1,1000.0,30,1.980989,0.15,4.0,auto
484,147,127,arterial,1,1.0,1,1000.0,30,1.980989,0.15,4.0,auto
485,128,129,arterial,1,1.0,1,3000.0,30,2.013187,0.15,4.0,auto
486,129,128,arterial,1,1.0,1,3000.0,30,2.013187,0.15,4.0,auto
487,128,148,arterial,1,1.0,1,1000.0,30,1.989496,0.15,4.0,auto
488,148,128,arterial,1,1.0,1,1000.0,30,1.989496,0.15,4.0,auto
489,129,130,arterial,1,1.0,1,3000.0,30,1.985635,0.15,4.0,auto
490,130,129,arterial,1,1.0,1,3000.0,30,1.985635,0.15,4.0,auto
491,129,149,arterial,1,1.0,1,1000.0,30,1.981878,0.15,4.0,auto
492,149,129,arterial,1,1.0,1,1000.0,30,1.981878,0.15,4.0,auto
493,130,150,arterial,1,1.0,1,1000.0,30,1.997859,0.15,4.0,auto
494,150,130,arterial,1,1.0,1,1000.0,30,1.997859,0.15,4.0,auto
495,131,132,arterial,1,1.0,1,3000.0,30,2.005199,0.15,4.0,auto
496,132,131,arterial,1,1.0,1,3000.0,30,2.005199,0.15,4.0,auto
497,131,151,arterial,1,1.0,1,1000.0,30,2.006202,0.15,4.0,auto
498,151,131,arterial,1,1.0,1,1000.0,30,2.006202,0.15,4.0,auto
499,132,133,arterial,1,1.0,1,3000.0,30,2.012295,0.15,4.0,auto
500,133,132,arterial,1,1.0,1,3000.0,30,2.012295,0.15,4.0,auto
501,132,152,arterial,1,1.0,1,1000.0,30,2.018338,0.15,4.0,auto
502,152,132,arterial,1,1.0,1,1000.0,30,2.018338,0.15,4.0,auto
503,133,134,arterial,1,1.0,1,3000.0,30,2.00738,0.15,4.0,auto
504,134,133,arterial,1,1.0,1,3000.0,30,2.00738,0.15,4.0,auto
505,133,153,arterial,1,1.0,1,1000.0,30,1.987974,0.15,4.0,auto
506,153,133,arterial,1,1.0,1,1000.0,30,1.987974,0.15,4.0,auto
507,134,135,arterial,1,1.0,1,3000.0,30,1.999006,0.15,4.0,auto
508,135,134,arterial,1,1.0,1,3000.0,30,1.999006,0.15,4.0,auto
509,134,154,arterial,1,1.0,1,1000.0,30,1.987147,0.15,4.0,auto
510,154,134,arterial,1,1.0,1,1000.0,30,1.987147,0.15,4.0,auto
511,135,136,arterial,1,1.0,1,3000.0,30,1.980431,0.15,4.0,auto
512,136,135,arterial,1,1.0,1,3000.0,30,1.980431,0.15,4.0,auto
513,135,155,arterial,1,1.0,1,1000.0,30,1.998888,0.15,4.0,auto
514,155,135,arterial,1,1.0,1,1000.0,30,1.998888,0.15,4.0,auto
515,136,137,arterial,1,1.0,1,3000.0,30,2.008567,0.15,4.0,auto
516,137,136,arterial,1,1.0,1,3000.0,30,2.008567,0.15,4.0,auto
517,136,156,arterial,1,1.0,1,1000.0,30,1.987164,0.15,4.0,auto
518,156,136,arterial,1,1.0,1,1000.0,30,1.987164,0.15,4.0,auto
519,137,138,arterial,1,1.0,1,3000.0,30,1.990894,0.15,4.0,auto
520,138,137,arterial,1,1.0,1,3000.0,30,1.990894,0.15,4.0,auto
521,137,157,arterial,1,1.0,1,1000.0,30,1.99383,0.15,4.0,auto
522,157,137,arterial,1,1.0,1,1000.0,30,1.99383,0.15,4.0,auto
523,138,139,arterial,1,1.0,1,3000.0,30,2.007892,0.15,4.0,auto
524,139,138,arterial,1,1.0,1,3000.0,30,2.007892,0.15,4.0,auto
525,138,158,arterial,1,1.0,1,1000.0,30,2.000817,0.15,4.0,auto
526,158,138,arterial,1,1.0,1,1000.0,30,2.000817,0.15,4.0,auto
527,139,140,arterial,1,1.0,1,3000.0,30,2.004578,0.15,4.0,auto
528,140,139,arterial,1,1.0,1,3000.0,30,2.004578,0.15,4.0,auto
529,139,159,arterial,1,1.0,1,1000.0,30,2.010248,0.15,4.0,auto
530,159,139,arterial,1,1.0,1,1000.0,30,2.010248,0.15,4.0,auto
531,140,160,arterial,1,1.0,1,1000.0,30,2.011677,0.15,4.0,auto
532,160,140,arterial,1,1.0,1,1000.0,30,2.011677,0.15,4.0,auto
533,141,142,arterial,1,1.0,1,1000.0,30,2.016249,0.15,4.0,auto
534,142,141,arterial,1,1.0,1,1000.0,30,2.016249,0.15,4.0,auto
535,141,161,arterial,1,1.0,1,1000.0,30,1.983488,0.15,4.0,auto
536,161,141,arterial,1,1.0,1,1000.0,30,1.983488,0.15,4.0,auto
537,142,143,arterial,1,1.0,1,1000.0,30,2.017304,0.15,4.0,auto
538,143,142,arterial,1,1.0,1,1000.0,30,2.017304,0.15,4.0,auto
539,142,162,arterial,1,1.0,1,1000.0,30,2.008895,0.15,4.0,auto
540,162,142,arterial,1,1.0,1,1000.0,30,2.008895,0.15,4.0,auto
541,143,144,arterial,1,1.0,1,1000.0,30,1.985196,0.15,4.0,auto
542,144,143,arterial,1,1.0,1,1000.0,30,1.985196,0.15,4.0,auto
543,143,163,arterial,1,1.0,1,1000.0,30,1.998141,0.15,4.0,auto
544,163,143,arterial,1,1.0,1,1000.0,30,1.998141,0.15,4.0,auto
545,144,145,arterial,1,1.0,1,1000.0,30,2.005022,0.15,4.0,auto
546,145,144,arterial,1,1.0,1,1000.0,30,2.005022,0.15,4.0,auto
547,144,164,arterial,1,1.0,1,1000.0,30,2.016399,0.15,4.0,auto
548,164,144,arterial,1,1.0,1,1000.0,30,2.016399,0.15,4.0,auto
549,145,146,arterial,1,1.0,1,1000.0,30,1.995072,0.15,4.0,auto
550,146,145,arterial,1,1.0,1,1000.0,30,1.995072,0.15,4.0,auto
551,145,165,arterial,1,1.0,1,1000.0,30,2.002753,0.15,4.0,auto
552,165,145,arterial,1,1.0,1,1000.0,30,2.002753,0.15,4.0,auto
553,146,147,arterial,1,1.0,1,1000.0,30,2.015173,0.15,4.0,auto
554,147,146,arterial,1,1.0,1,1000.0,30,2.015173,0.15,4.0,auto
555,146,166,arterial,1,1.0,1,1000.0,30,2.011871,0.15,4.0,auto
556,166,146,arterial,1,1.0,1,1000.0,30,2.011871,0.15,4.0,auto
557,147,148,arterial,1,1.0,1,1000.0,30,2.01777,0.15,4.0,auto
558,148,147,arterial,1,1.0,1,1000.0,30,2.01777,0.15,4.0,auto
559,147,167,arterial,1,1.0,1,1000.0,30,1.998548,0.15,4.0,auto
560,167,147,arterial,1,1.0,1,1000.0,30,1.998548,0.15,4.0,auto
561,148,149,arterial,1,1.0,1,1000.0,30,2.006053,0.15,4.0,auto
562,149,148,arterial,1,1.0,1,1000.0,30,2.006053,0.15,4.0,auto
563,148,168,arterial,1,1.0,1,1000.0,30,1.988196,0.15,4.0,auto
564,168,148,arterial,1,1.0,1,1000.0,30,1.988196,0.15,4.0,auto
565,149,150,arterial,1,1.0,1,1000.0,30,2.008877,0.15,4.0,auto
566,150,149,arterial,1,1.0,1,1000.0,30,2.008877,0.15,4.0,auto
567,149,169,arterial,1,1.0,1,1000.0,30,2.012734,0.15,4.0,auto
568,169,149,arterial,1,1.0,1,1000.0,30,2.012734,0.15,4.0,auto
569,150,170,arterial,1,1.0,1,1000.0,30,2.008706,0.15,4.0,auto
570,170,150,arterial,1,1.0,1,1000.0,30,2.008706,0.15,4.0,auto
571,151,152,arterial,1,1.0,1,1000.0,30,1.988532,0.15,4.0,auto
572,152,151,arterial,1,1.0,1,1000.0,30,1.988532,0.15,4.0,auto
573,151,171,arterial,1,1.0,1,1000.0,30,2.015999,0.15,4.0,auto
574,171,151,arterial,1,1.0,1,1000.0,30,2.015999,0.15,4.0,auto
575,152,153,arterial,1,1.0,1,1000.0,30,2.01922,0.15,4.0,auto
576,153,152,arterial,1,1.0,1,1000.0,30,2.01922,0.15,4.0,auto
577,152,172,arterial,1,1.0,1,1000.0,30,2.019094,0.15,4.0,auto
578,172,152,arterial,1,1.0,1,1000.0,30,2.019094,0.15,4.0,auto
579,153,154,arterial,1,1.0,1,1000.0,30,2.001478,0.15,4.0,auto
580,154,153,arterial,1,1.0,1,1000.0,30,2.001478,0.15,4.0,auto
581,153,173,arterial,1,1.0,1,1000.0,30,2.011631,0.15,4.0,auto
582,173,153,arterial,1,1.0,1,1000.0,30,2.011631,0.15,4.0,auto
583,154,155,arterial,1,1.0,1,1000.0,30,1.992816,0.15,4.0,auto
584,155,154,arterial,1,1.0,1,1000.0,30,1.992816,0.15,4.0,auto
585,154,174,arterial,1,1.0,1,1000.0,30,2.0164,0.15,4.0,auto
586,174,154,arterial,1,1.0,1,1000.0,30,2.0164,0.15,4.0,auto
587,155,156,arterial,1,1.0,1,1000.0,30,2.014231,0.15,4.0,auto
588,156,155,arterial,1,1.0,1,1000.0,30,2.014231,0.15,4.0,auto
589,155,175,arterial,1,1.0,1,1000.0,30,1.99394,0.15,4.0,auto
590,175,155,arterial,1,1.0,1,1000.0,30,1.99394,0.15,4.0,auto
591,156,157,arterial,1,1.0,1,1000.0,30,1.983311,0.15,4.0,auto
592,157,156,arterial,1,1.0,1,1000.0,30,1.983311,0.15,4.0,auto
593,156,176,arterial,1,1.0,1,1000.0,30,1.997636,0.15,4.0,auto
594,176,156,arterial,1,1.0,1,1000.0,30,1.997636,0.15,4.0,auto
595,157,158,arterial,1,1.0,1,1000.0,30,2.002012,0.15,4.0,auto
596,158,157,arterial,1,1.0,1,1000.0,30,2.002012,0.15,4.0,auto
597,157,177,arterial,1,1.0,1,1000.0,30,2.010729,0.15,4.0,auto
598,177,157,arterial,1,1.0,1,1000.0,30,2.010729,0.15,4.0,auto
599,158,159,arterial,1,1.0,1,1000.0,30,1.999498,0.15,4.0,auto
600,159,158,arterial,1,1.0,1,1000.0,30,1.999498,0.15,4.0,auto
601,158,178,arterial,1,1.0,1,1000.0,30,1.981136,0.15,4.0,auto
602,178,158,arterial,1,1.0,1,1000.0,30,1.981136,0.15,4.0,auto
603,159,160,arterial,1,1.0,1,1000.0,30,2.012366,0.15,4.0,auto
604,160,159,arterial,1,1.0,1,1000.0,30,2.012366,0.15,4.0,auto
605,159,179,arterial,1,1.0,1,1000.0,30,1.982562,0.15,4.0,auto
606,179,159,arterial,1,1.0,1,1000.0,30,1.982562,0.15,4.0,auto
607,160,180,arterial,1,1.0,1,1000.0,30,1.986916,0.15,4.0,auto
608,180,160,arterial,1,1.0,1,1000.0,30,1.986916,0.15,4.0,auto
609,161,162,arterial,1,1.0,1,1000.0,30,1.9934,0.15,4.0,auto
610,162,161,arterial,1,1.0,1,1000.0,30,1.9934,0.15,4.0,auto
611,161,181,arterial,1,1.0,1,1000.0,30,2.011516,0.15,4.0,auto
612,181,161,arterial,1,1.0,1,1000.0,30,2.011516,0.15,4.0,auto
613,162,163,arterial,1,1.0,1,1000.0,30,1.98562,0.15,4.0,auto
614,163,162,arterial,1,1.0,1,1000.0,30,1.98562,0.15,4.0,auto
615,162,182,arterial,1,1.0,1,1000.0,30,1.985947,0.15,4.0,auto
616,182,162,arterial,1,1.0,1,1000.0,30,1.985947,0.15,4.0,auto
617,163,164,arterial,1,1.0,1,1000.0,30,2.000661,0.15,4.0,auto
618,164,163,arterial,1,1.0,1,1000.0,30,2.000661,0.15,4.0,auto
619,163,183,arterial,1,1.0,1,1000.0,30,2.008943,0.15,4.0,auto
620,183,163,arterial,1,1.0,1,1000.0,30,2.008943,0.15,4.0,auto
621,164,165,arterial,1,1.0,1,1000.0,30,2.013599,0.15,4.0,auto
622,165,164,arterial,1,1.0,1,1000.0,30,2.013599,0.15,4.0,auto
623,164,184,arterial,1,1.0,1,1000.0,30,2.007575,0.15,4.0,auto
624,184,164,arterial,1,1.0,1,1000.0,30,2.007575,0.15,4.0,auto
625,165,166,arterial,1,1.0,1,1000.0,30,2.01783,0.15,4.0,auto
626,166,165,arterial,1,1.0,1,1000.0,30,2.01783,0.15,4.0,auto
627,165,185,arterial,1,1.0,1,1000.0,30,1.999703,0.15,4.0,auto
628,185,165,arterial,1,1.0,1,1000.0,30,1.999703,0.15,4.0,auto
629,166,167,arterial,1,1.0,1,1000.0,30,2.017966,0.15,4.0,auto
630,167,166,arterial,1,1.0,1,1000.0,30,2.017966,0.15,4.0,auto
631,166,186,arterial,1,1.0,1,1000.0,30,1.983441,0.15,4.0,auto
632,186,166,arterial,1,1.0,1,1000.0,30,1.983441,0.15,4.0,auto
633,167,168,arterial,1,1.0,1,1000.0,30,1.988857,0.15,4.0,auto
634,168,167,arterial,1,1.0,1,1000.0,30,1.988857,0.15,4.0,auto
635,167,187,arterial,1,1.0,1,1000.0,30,2.001067,0.15,4.0,auto
636,187,167,arterial,1,1.0,1,1000.0,30,2.001067,0.15,4.0,auto
637,168,169,arterial,1,1.0,1,1000.0,30,1.991607,0.15,4.0,auto
638,169,168,arterial,1,1.0,1,1000.0,30,1.991607,0.15,4.0,auto
639,168,188,arterial,1,1.0,1,1000.0,30,2.009154,0.15,4.0,auto
640,188,168,arterial,1,1.0,1,1000.0,30,2.009154,0.15,4.0,auto
641,169,170,arterial,1,1.0,1,1000.0,30,2.005555,0.15,4.0,auto
642,170,169,arterial,1,1.0,1,1000.0,30,2.005555,0.15,4.0,auto
643,169,189,arterial,1,1.0,1,1000.0,30,2.000911,0.15,4.0,auto
644,189,169,arterial,1,1.0,1,1000.0,30,2.000911,0.15,4.0,auto
645,170,190,arterial,1,1.0,1,1000.0,30,2.002399,0.15,4.0,auto
646,190,170,arterial,1,1.0,1,1000.0,30,2.002399,0.15,4.0,auto
647,171,172,arterial,1,1.0,1,1000.0,30,1.992468,0.15,4.0,auto
648,172,171,arterial,1,1.0,1,1000.0,30,1.992468,0.15,4.0,auto
649,171,191,arterial,1,1.0,1,1000.0,30,1.995249,0.15,4.0,auto
650,191,171,arterial,1,1.0,1,1000.0,30,1.995249,0.15,4.0,auto
651,172,173,arterial,1,1.0,1,1000.0,30,2.01381,0.15,4.0,auto
652,173,172,arterial,1,1.0,1,1000.0,30,2.01381,0.15,4.0,auto
653,172,192,arterial,1,1.0,1,1000.0,30,2.016021,0.15,4.0,auto
654,192,172,arterial,1,1.0,1,1000.0,30,2.016021,0.15,4.0,auto
655,173,174,arterial,1,1.0,1,1000.0,30,1.98833,0.15,4.0,auto
656,174,173,arterial,1,1.0,1,1000.0,30,1.98833,0.15,4.0,auto
657,173,193,arterial,1,1.0,1,1000.0,30,2.014031,0.15,4.0,auto
658,193,173,arterial,1,1.0,1,1000.0,30,2.014031,0.15,4.0,auto
659,174,175,arterial,1,1.0,1,1000.0,30,2.018738,0.15,4.0,auto
660,175,174,arterial,1,1.0,1,1000.0,30,2.018738,0.15,4.0,auto
661,174,194,arterial,1,1.0,1,1000.0,30,2.000969,0.15,4.0,auto
662,194,174,arterial,1,1.0,1,1000.0,30,2.000969,0.15,4.0,auto
663,175,176,arterial,1,1.0,1,1000.0,30,2.00292,0.15,4.0,auto
664,176,175,arterial,1,1.0,1,1000.0,30,2.00292,0.15,4.0,auto
665,175,195,arterial,1,1.0,1,1000.0,30,1.988039,0.15,4.0,auto
666,195,175,arterial,1,1.0,1,1000.0,30,1.988039,0.15,4.0,auto
667,176,177,arterial,1,1.0,1,1000.0,30,2.001436,0.15,4.0,auto
668,177,176,arterial,1,1.0,1,1000.0,30,2.001436,0.15,4.0,auto
669,176,196,arterial,1,1.0,1,1000.0,30,2.000127,0.15,4.0,auto
670,196,176,arterial,1,1.0,1,1000.0,30,2.000127,0.15,4.0,auto
671,177,178,arterial,1,1.0,1,1000.0,30,2.004209,0.15,4.0,auto
672,178,177,arterial,1,1.0,1,1000.0,30,2.004209,0.15,4.0,auto
673,177,197,arterial,1,1.0,1,1000.0,30,1.98111,0.15,4.0,auto
674,197,177,arterial,1,1.0,1,1000.0,30,1.98111,0.15,4.0,auto
675,178,179,arterial,1,1.0,1,1000.0,30,2.018776,0.15,4.0,auto
676,179,178,arterial,1,1.0,1,1000.0,30,2.018776,0.15,4.0,auto
677,178,198,arterial,1,1.0,1,1000.0,30,2.000641,0.15,4.0,auto
678,198,178,arterial,1,1.0,1,1000.0,30,2.000641,0.15,4.0,auto
679,179,180,arterial,1,1.0,1,1000.0,30,1.996023,0.15,4.0,auto
680,180,179,arterial,1,1.0,1,1000.0,30,1.996023,0.15,4.0,auto
681,179,199,arterial,1,1.0,1,1000.0,30,2.012043,0.15,4.0,auto
682,199,179,arterial,1,1.0,1,1000.0,30,2.012043,0.15,4.0,auto
683,180,200,arterial,1,1.0,1,1000.0,30,1.999642,0.15,4.0,auto
684,200,180,arterial,1,1.0,1,1000.0,30,1.999642,0.15,4.0,auto
685,181,182,arterial,1,1.0,1,1000.0,30,2.007639,0.15,4.0,auto
686,182,181,arterial,1,1.0,1,1000.0,30,2.007639,0.15,4.0,auto
687,181,201,arterial,1,1.0,1,1000.0,30,1.982636,0.15,4.0,auto
688,201,181,arterial,1,1.0,1,1000.0,30,1.982636,0.15,4.0,auto
689,182,183,arterial,1,1.0,1,1000.0,30,2.001549,0.15,4.0,auto
690,183,182,arterial,1,1.0,1,1000.0,30,2.001549,0.15,4.0,auto
691,182,202,arterial,1,1.0,1,1000.0,30,1.996551,0.15,4.0,auto
692,202,182,arterial,1,1.0,1,1000.0,30,1.996551,0.15,4.0,auto
693,183,184,arterial,1,1.0,1,1000.0,30,2.018275,0.15,4.0,auto
694,184,183,arterial,1,1.0,1,1000.0,30,2.018275,0.15,4.0,auto
695,183,203,arterial,1,1.0,1,1000.0,30,2.016937,0.15,4.0,auto
696,203,183,arterial,1,1.0,1,1000.0,30,2.016937,0.15,4.0,auto
697,184,185,arterial,1,1.0,1,1000.0,30,1.990769,0.15,4.0,auto
698,185,184,arterial,1,1.0,1,1000.0,30,1.990769,0.15,4.0,auto
699,184,204,arterial,1,1.0,1,1000.0,30,1.998926,0.15,4.0,auto
700,204,184,arterial,1,1.0,1,1000.0,30,1.998926,0.15,4.0,auto
701,185,186,arterial,1,1.0,1,1000.0,30,1.985079,0.15,4.0,auto
702,186,185,arterial,1,1.0,1,1000.0,30,1.985079,0.15,4.0,auto
703,185,205,arterial,1,1.0,1,1000.0,30,1.997347,0.15,4.0,auto
704,205,185,arterial,1,1.0,1,1000.0,30,1.997347,0.15,4.0,auto
705,186,187,arterial,1,1.0,1,1000.0,30,2.012629,0.15,4.0,auto
706,187,186,arterial,1,1.0,1,1000.0,30,2.012629,0.15,4.0,auto
707,186,206,arterial,1,1.0,1,1000.0,30,2.016022,0.15,4.0,auto
708,206,186,arterial,1,1.0,1,1000.0,30,2.016022,0.15,4.0,auto
709,187,188,arterial,1,1.0,1,1000.0,30,1.999061,0.15,4.0,auto
710,188,187,arterial,1,1.0,1,1000.0,30,1.999061,0.15,4.0,auto
711,187,207,arterial,1,1.0,1,1000.0,30,1.992689,0.15,4.0,auto
712,207,187,arterial,1,1.0,1,1000.0,30,1.992689,0.15,4.0,auto
713,188,189,arterial,1,1.0,1,1000.0,30,1.987658,0.15,4.0,auto
714,189,188,arterial,1,1.0,1,1000.0,30,1.987658,0.15,4.0,auto
715,188,208,arterial,1,1.0,1,1000.0,30,2.004716,0.15,4.0,auto
716,208,188,arterial,1,1.0,1,1000.0,30,2.004716,0.15,4.0,auto
717,189,190,arterial,1,1.0,1,1000.0,30,2.017011,0.15,4.0,auto
718,190,189,arterial,1,1.0,1,1000.0,30,2.017011,0.15,4.0,auto
719,189,209,arterial,1,1.0,1,1000.0,30,1.985178,0.15,4.0,auto
720,209,189,arterial,1,1.0,1,1000.0,30,1.985178,0.15,4.0,auto
721,190,210,arterial,1,1.0,1,1000.0,30,1.980911,0.15,4.0,auto
722,210,190,arterial,1,1.0,1,1000.0,30,1.980911,0.15,4.0,auto
723,191,192,arterial,1,1.0,1,1000.0,30,1.987764,0.15,4.0,auto
724,192,191,arterial,1,1.0,1,1000.0,30,1.987764,0.15,4.0,auto
725,191,211,arterial,1,1.0,1,1000.0,30,1.98909,0.15,4.0,auto
726,211,191,arterial,1,1.0,1,1000.0,30,1.98909,0.15,4.0,auto
727,192,193,arterial,1,1.0,1,1000.0,30,2.007481,0.15,4.0,auto
728,193,192,arterial,1,1.0,1,1000.0,30,2.007481,0.15,4.0,auto
729,192,212,arterial,1,1.0,1,1000.0,30,1.992883,0.15,4.0,auto
730,212,192,arterial,1,1.0,1,1000.0,30,1.992883,0.15,4.0,auto
731,193,194,arterial,1,1.0,1,1000.0,30,1.994214,0.15,4.0,auto
732,194,193,arterial,1,1.0,1,1000.0,30,1.994214,0.15,4.0,auto
733,193,213,arterial,1,1.0,1,1000.0,30,2.004791,0.15,4.0,auto
734,213,193,arterial,1,1.0,1,1000.0,30,2.004791,0.15,4.0,auto
735,194,195,arterial,1,1.0,1,1000.0,30,1.984195,0.15,4.0,auto
736,195,194,arterial,1,1.0,1,1000.0,30,1.984195,0.15,4.0,auto
737,194,214,arterial,1,1.0,1,1000.0,30,2.009236,0.15,4.0,auto
738,214,194,arterial,1,1.0,1,1000.0,30,2.009236,0.15,4.0,auto
739,195,196,arterial,1,1.0,1,1000.0,30,1.984911,0.15,4.0,auto
740,196,195,arterial,1,1.0,1,1000.0,30,1.984911,0.15,4.0,auto
741,195,215,arterial,1,1.0,1,1000.0,30,2.000419,0.15,4.0,auto
742,215,195,arterial,1,1.0,1,1000.0,30,2.000419,0.15,4.0,auto
743,196,197,arterial,1,1.0,1,1000.0,30,1.990022,0.15,4.0,auto
744,197,196,arterial,1,1.0,1,1000.0,30,1.990022,0.15,4.0,auto
745,196,216,arterial,1,1.0,1,1000.0,30,1.987909,0.15,4.0,auto
746,216,196,arterial,1,1.0,1,1000.0,30,1.987909,0.15,4.0,auto
747,197,198,arterial,1,1.0,1,1000.0,30,2.001214,0.15,4.0,auto
748,198,197,arterial,1,1.0,1,1000.0,30,2.001214,0.15,4.0,auto
749,197,217,arterial,1,1.0,1,1000.0,30,1.997471,0.15,4.0,auto
750,217,197,arterial,1,1.0,1,1000.0,30,1.997471,0.15,4.0,auto
751,198,199,arterial,1,1.0,1,1000.0,30,1.995029,0.15,4.0,auto
752,199,198,arterial,1,1.0,1,1000.0,30,1.995029,0.15,4.0,auto
753,198,218,arterial,1,1.0,1,1000.0,30,1.996536,0.15,4.0,auto
754,218,198,arterial,1,1.0,1,1000.0,30,1.996536,0.15,4.0,auto
755,199,200,arterial,1,1.0,1,1000.0,30,2.001174,0.15,4.0,auto
756,200,199,arterial,1,1.0,1,1000.0,30,2.001174,0.15,4.0,auto
757,199,219,arterial,1,1.0,1,1000.0,30,1.986389,0.15,4.0,auto
758,219,199,arterial,1,1.0,1,1000.0,30,1.986389,0.15,4.0,auto
759,200,220,arterial,1,1.0,1,1000.0,30,2.005253,0.15,4.0,auto
760,220,200,arterial,1,1.0,1,1000.0,30,2.005253,0.15,4.0,auto
761,201,202,arterial,1,1.0,1,1000.0,30,2.005539,0.15,4.0,auto
762,202,201,arterial,1,1.0,1,1000.0,30,2.005539,0.15,4.0,auto
763,201,221,arterial,1,1.0,1,1000.0,30,2.001185,0.15,4.0,auto
764,221,201,arterial,1,1.0,1,1000.0,30,2.001185,0.15,4.0,auto
765,202,203,arterial,1,1.0,1,1000.0,30,2.01405,0.15,4.0,auto
766,203,202,arterial,1,1.0,1,1000.0,30,2.01405,0.15,4.0,auto
767,202,222,arterial,1,1.0,1,1000.0,30,2.004468,0.15,4.0,auto
768,222,202,arterial,1,1.0,1,1000.0,30,2.004468,0.15,4.0,auto
769,203,204,arterial,1,1.0,1,1000.0,30,2.014271,0.15,4.0,auto
770,204,203,arterial,1,1.0,1,1000.0,30,2.014271,0.15,4.0,auto
771,203,223,arterial,1,1.0,1,1000.0,30,1.989306,0.15,4.0,auto
772,223,203,arterial,1,1.0,1,1000.0,30,1.989306,0.15,4.0,auto
773,204,205,arterial,1,1.0,1,1000.0,30,2.009631,0.15,4.0,auto
774,205,204,arterial,1,1.0,1,1000.0,30,2.009631,0.15,4.0,auto
775,204,224,arterial,1,1.0,1,1000.0,30,2.01242,0.15,4.0,auto
776,224,204,arterial,1,1.0,1,1000.0,30,2.01242,0.15,4.0,auto
777,205,206,arterial,1,1.0,1,1000.0,30,2.016107,0.15,4.0,auto
778,206,205,arterial,1,1.0,1,1000.0,30,2.016107,0.15,4.0,auto
779,205,225,arterial,1,1.0,1,1000.0,30,1.992635,0.15,4.0,auto
780,225,205,arterial,1,1.0,1,1000.0,30,1.992635,0.15,4.0,auto
781,206,207,arterial,1,1.0,1,1000.0,30,1.9926,0.15,4.0,auto
782,207,206,arterial,1,1.0,1,1000.0,30,1.9926,0.15,4.0,auto
783,206,226,arterial,1,1.0,1,1000.0,30,2.016911,0.15,4.0,auto
784,226,206,arterial,1,1.0,1,1000.0,30,2.016911,0.15,4.0,auto
785,207,208,arterial,1,1.0,1,1000.0,30,1.988726,0.15,4.0,auto
786,208,207,arterial,1,1.0,1,1000.0,30,1.988726,0.15,4.0,auto
787,207,227,arterial,1,1.0,1,1000.0,30,2.019934,0.15,4.0,auto
788,227,207,arterial,1,1.0,1,1000.0,30,2.019934,0.15,4.0,auto
789,208,209,arterial,1,1.0,1,1000.0,30,2.015502,0.15,4.0,auto
790,209,208,arterial,1,1.0,1,1000.0,30,2.015502,0.15,4.0,auto
791,208,228,arterial,1,1.0,1,1000.0,30,1.985357,0.15,4.0,auto
792,228,208,arterial,1,1.0,1,1000.0,30,1.985357,0.15,4.0,auto
793,209,210,arterial,1,1.0,1,1000.0,30,1.989574,0.15,4.0,auto
794,210,209,arterial,1,1.0,1,1000.0,30,1.989574,0.15,4.0,auto
795,209,229,arterial,1,1.0,1,1000.0,30,2.009063,0.15,4.0,auto
796,229,209,arterial,1,1.0,1,1000.0,30,2.009063,0.15,4.0,auto
797,210,211,arterial,1,1.0,1,1000.0,30,1.99038,0.15,4.0,auto
798,211,210,arterial,1,1.0,1,1000.0,30,1.99038,0.15,4.0,auto
799,210,230,arterial,1,1.0,1,1000.0,30,1.983881,0.15,4.0,auto
800,230,210,arterial,1,1.0,1,1000.0,30,1.983881,0.15,4.0,auto
801,211,212,arterial,1,1.0,1,1000.0,30,2.013287,0.15,4.0,auto
802,212,211,arterial,1,1.0,1,1000.0,30,2.013287,0.15,4.0,auto
803,211,231,arterial,1,1.0,1,1000.0,30,1.996865,0.15,4.0,auto
804,231,211,arterial,1,1.0,1,1000.0,30,1.996865,0.15,4.0,auto
805,212,213,arterial,1,1.0,1,1000.0,30,2.011597,0.15,4.0,auto
806,213,212,arterial,1,1.0,1,1000.0,30,2.011597,0.15,4.0,auto
807,212,232,arterial,1,1.0,1,1000.0,30,1.98504,0.15,4.0,auto
808,232,212,arterial,1,1.0,1,1000.0,30,1.98504,0.15,4.0,auto
809,213,214,arterial,1,1.0,1,1000.0,30,1.996111,0.15,4.0,auto
810,214,213,arterial,1,1.0,1,1000.0,30,1.996111,0.15,4.0,auto
811,213,233,arterial,1,1.0,1,1000.0,30,2.007409,0.15,4.0,auto
812,233,213,arterial,1,1.0,1,1000.0,30,2.007409,0.15,4.0,auto
813,214,215,arterial,1,1.0,1,1000.0,30,1.98071,0.15,4.0,auto
814,215,214,arterial,1,1.0,1,1000.0,30,1.98071,0.15,4.0,auto
815,214,234,arterial,1,1.0,1,1000.0,30,1.988037,0.15,4.0,auto
816,234,214,arterial,1,1.0,1,1000.0,30,1.988037,0.15,4.0,auto
817,215,216,arterial,1,1.0,1,1000.0,30,2.007295,0.15,4.0,auto
818,216,215,arterial,1,1.0,1,1000.0,30,2.007295,0.15,4.0,auto
819,215,235,arterial,1,1.0,1,1000.0,30,2.016455,0.15,4.0,auto
820,235,215,arterial,1,1.0,1,1000.0,30,2.016455,0.15,4.0,auto
821,216,217,arterial,1,1.0,1,1000.0,30,2.018735,0.15,4.0,auto
822,217,216,arterial,1,1.0,1,1000.0,30,2.018735,0.15,4.0,auto
823,216,236,arterial,1,1.0,1,1000.0,30,1.984616,0.15,4.0,auto
824,236,216,arterial,1,1.0,1,1000.0,30,1.984616,0.15,4.0,auto
825,217,218,arterial,1,1.0,1,1000.0,30,2.000227,0.15,4.0,auto
826,218,217,arterial,1,1.0,1,1000.0,30,2.000227,0.15,4.0,auto
827,217,237,arterial,1,1.0,1,1000.0,30,2.010326,0.15,4.0,auto
828,237,217,arterial,1,1.0,1,1000.0,30,2.010326,0.15,4.0,auto
829,218,219,arterial,1,1.0,1,1000.0,30,2.000111,0.15,4.0,auto
830,219,218,arterial,1,1.0,1,1000.0,30,2.000111,0.15,4.0,auto
831,218,238,arterial,1,1.0,1,1000.0,30,2.007427,0.15,4.0,auto
832,238,218,arterial,1,1.0,1,1000.0,30,2.007427,0.15,4.0,auto
833,219,220,arterial,1,1.0,1,1000.0,30,1.98756,0.15,4.0,auto
834,220,219,arterial,1,1.0,1,1000.0,30,1.98756,0.15,4.0,auto
835,219,239,arterial,1,1.0,1,1000.0,30,1.982822,0.15,4.0,auto
836,239,219,arterial,1,1.0,1,1000.0,30,1.982822,0.15,4.0,auto
837,220,240,arterial,1,1.0,1,1000.0,30,1.981497,0.15,4.0,auto
838,240,220,arterial,1,1.0,1,1000.0,30,1.981497,0.15,4.0,auto
839,221,222,arterial,1,1.0,1,1000.0,30,2.002067,0.15,4.0,auto
840,222,221,arterial,1,1.0,1,1000.0,30,2.002067,0.15,4.0,auto
841,221,241,arterial,1,1.0,1,1000.0,30,2.000593,0.15,4.0,auto
842,241,221,arterial,1,1.0,1,1000.0,30,2.000593,0.15,4.0,auto
843,222,223,arterial,1,1.0,1,1000.0,30,2.00275,0.15,4.0,auto
844,223,222,arterial,1,1.0,1,1000.0,30,2.00275,0.15,4.0,auto
845,222,242,arterial,1,1.0,1,1000.0,30,1.985862,0.15,4.0,auto
846,242,222,arterial,1,1.0,1,1000.0,30,1.985862,0.15,4.0,auto
847,223,224,arterial,1,1.0,1,1000.0,30,1.987381,0.15,4.0,auto
848,224,223,arterial,1,1.0,1,1000.0,30,1.987381,0.15,4.0,auto
849,223,243,arterial,1,1.0,1,1000.0,30,1.988157,0.15,4.0,auto
850,243,223,arterial,1,1.0,1,1000.0,30,1.988157,0.15,4.0,auto
851,224,225,arterial,1,1.0,1,1000.0,30,2.013609,0.15,4.0,auto
852,225,224,arterial,1,1.0,1,1000.0,30,2.013609,0.15,4.0,auto
853,224,244,arterial,1,1.0,1,1000.0,30,2.019612,0.15,4.0,auto
854,244,224,arterial,1,1.0,1,1000.0,30,2.019612,0.15,4.0,auto
855,225,226,arterial,1,1.0,1,1000.0,30,2.017076,0.15,4.0,auto
856,226,225,arterial,1,1.0,1,1000.0,30,2.017076,0.15,4.0,auto
857,225,245,arterial,1,1.0,1,1000.0,30,1.98381,0.15,4.0,auto
858,245,225,arterial,1,1.0,1,1000.0,30,1.98381,0.15,4.0,auto
859,226,227,arterial,1,1.0,1,1000.0,30,1.982478,0.15,4.0,auto
860,227,226,arterial,1,1.0,1,1000.0,30,1.982478,0.15,4.0,auto
861,226,246,arterial,1,1.0,1,1000.0,30,2.01806,0.15,4.0,auto
862,246,226,arterial,1,1.0,1,1000.0,30,2.01806,0.15,4.0,auto
863,227,228,arterial,1,1.0,1,1000.0,30,1.998483,0.15,4.0,auto
864,228,227,arterial,1,1.0,1,1000.0,30,1.998483,0.15,4.0,auto
865,227,247,arterial,1,1.0,1,1000.0,30,2.010589,0.15,4.0,auto
866,247,227,arterial,1,1.0,1,1000.0,30,2.010589,0.15,4.0,auto
867,228,229,arterial,1,1.0,1,1000.0,30,1.993073,0.15,4.0,auto
868,229,228,arterial,1,1.0,1,1000.0,30,1.993073,0.15,4.0,auto
869,228,248,arterial,1,1.0,1,1000.0,30,1.998678,0.15,4.0,auto
870,248,228,arterial,1,1.0,1,1000.0,30,1.998678,0.15,4.0,auto
871,229,230,arterial,1,1.0,1,1000.0,30,2.000611,0.15,4.0,auto
872,230,229,arterial,1,1.0,1,1000.0,30,2.000611,0.15,4.0,auto
873,229,249,arterial,1,1.0,1,1000.0,30,1.997203,0.15,4.0,auto
874,249,229,arterial,1,1.0,1,1000.0,30,1.997203,0.15,4.0,auto
875,230,250,arterial,1,1.0,1,1000.0,30,1.98053,0.15,4.0,auto
876,250,230,arterial,1,1.0,1,1000.0,30,1.98053,0.15,4.0,auto
877,231,232,arterial,1,1.0,1,1000.0,30,2.008041,0.15,4.0,auto
878,232,231,arterial,1,1.0,1,1000.0,30,2.008041,0.15,4.0,auto
879,231,251,arterial,1,1.0,1,1000.0,30,2.013771,0.15,4.0,auto
880,251,231,arterial,1,1.0,1,1000.0,30,2.013771,0.15,4.0,auto
881,232,233,arterial,1,1.0,1,1000.0,30,1.987251,0.15,4.0,auto
882,233,232,arterial,1,1.0,1,1000.0,30,1.987251,0.15,4.0,auto
883,232,252,arterial,1,1.0,1,1000.0,30,1.998158,0.15,4.0,auto
884,252,232,arterial,1,1.0,1,1000.0,30,1.998158,0.15,4.0,auto
885,233,234,arterial,1,1.0,1,1000.0,30,2.009573,0.15,4.0,auto
886,234,233,arterial,1,1.0,1,1000.0,30,2.009573,0.15,4.0,auto
887,233,253,arterial,1,1.0,1,1000.0,30,1.996212,0.15,4.0,auto
888,253,233,arterial,1,1.0,1,1000.0,30,1.996212,0.15,4.0,auto
889,234,235,arterial,1,1.0,1,1000.0,30,1.987805,0.15,4.0,auto
890,235,234,arterial,1,1.0,1,1000.0,30,1.987805,0.15,4.0,auto
891,234,254,arterial,1,1.0,1,1000.0,30,1.986603,0.15,4.0,auto
892,254,234,arterial,1,1.0,1,1000.0,30,1.986603,0.15,4.0,auto
893,235,236,arterial,1,1.0,1,1000.0,30,2.000502,0.15,4.0,auto
894,236,235,arterial,1,1.0,1,1000.0,30,2.000502,0.15,4.0,auto
895,235,255,arterial,1,1.0,1,1000.0,30,1.980617,0.15,4.0,auto
896,255,235,arterial,1,1.0,1,1000.0,30,1.980617,0.15,4.0,auto
897,236,237,arterial,1,1.0,1,1000.0,30,2.015727,0.15,4.0,auto
898,237,236,arterial,1,1.0,1,1000.0,30,2.015727,0.15,4.0,auto
899,236,256,arterial,1,1.0,1,1000.0,30,2.012068,0.15,4.0,auto
900,256,236,arterial,1,1.0,1,1000.0,30,2.012068,0.15,4.0,auto
901,237,238,arterial,1,1.0,1,1000.0,30,2.008187,0.15,4.0,auto
902,238,237,arterial,1,1.0,1,1000.0,30,2.008187,0.15,4.0,auto
903,237,257,arterial,1,1.0,1,1000.0,30,2.014429,0.15,4.0,auto
904,257,237,arterial,1,1.0,1,1000.0,30,2.014429,0.15,4.0,auto
905,238,239,arterial,1,1.0,1,1000.0,30,2.005175,0.15,4.0,auto
906,239,238,arterial,1,1.0,1,1000.0,30,2.005175,0.15,4.0,auto
907,238,258,arterial,1,1.0,1,1000.0,30,1.99618,0.15,4.0,auto
908,258,238,arterial,1,1.0,1,1000.0,30,1.99618,0.15,4.0,auto
909,239,240,arterial,1,1.0,1,1000.0,30,2.003984,0.15,4.0,auto
910,240,239,arterial,1,1.0,1,1000.0,30,2.003984,0.15,4.0,auto
911,239,259,arterial,1,1.0,1,1000.0,30,2.000172,0.15,4.0,auto
912,259,239,arterial,1,1.0,1,1000.0,30,2.000172,0.15,4.0,auto
913,240,260,arterial,1,1.0,1,1000.0,30,2.012193,0.15,4.0,auto
914,260,240,arterial,1,1.0,1,1000.0,30,2.012193,0.15,4.0,auto
915,241,242,arterial,1,1.0,1,3000.0,30,1.990331,0.15,4.0,auto
916,242,241,arterial,1,1.0,1,3000.0,30,1.990331,0.15,4.0,auto
917,241,261,arterial,1,1.0,1,1000.0,30,2.016452,0.15,4.0,auto
918,261,241,arterial,1,1.0,1,1000.0,30,2.016452,0.15,4.0,auto
919,242,243,arterial,1,1.0,1,3000.0,30,2.009777,0.15,4.0,auto
920,243,242,arterial,1,1.0,1,3000.0,30,2.009777,0.15,4.0,auto
921,242,262,arterial,1,1.0,1,1000.0,30,2.01112,0.15,4.0,auto
922,262,242,arterial,1,1.0,1,1000.0,30,2.01112,0.15,4.0,auto
923,243,244,arterial,1,1.0,1,3000.0,30,2.012586,0.15,4.0,auto
924,244,243,arterial,1,1.0,1,3000.0,30,2.012586,0.15,4.0,auto
925,243,263,arterial,1,1.0,1,1000.0,30,1.996225,0.15,4.0,auto
926,263,243,arterial,1,1.0,1,1000.0,30,1.996225,0.15,4.0,auto
927,244,245,arterial,1,1.0,1,3000.0,30,2.015862,0.15,4.0,auto
928,245,244,arterial,1,1.0,1,3000.0,30,2.015862,0.15,4.0,auto
929,244,264,arterial,1,1.0,1,1000.0,30,2.015194,0.15,4.0,auto
930,264,244,arterial,1,1.0,1,1000.0,30,2.015194,0.15,4.0,auto
931,245,246,arterial,1,1.0,1,3000.0,30,2.007792,0.15,4.0,auto
932,246,245,arterial,1,1.0,1,3000.0,30,2.007792,0.15,4.0,auto
933,245,265,arterial,1,1.0,1,1000.0,30,2.010691,0.15,4.0,auto
934,265,245,arterial,1,1.0,1,1000.0,30,2.010691,0.15,4.0,auto
935,246,247,arterial,1,1.0,1,3000.0,30,2.010609,0.15,4.0,auto
936,247,246,arterial,1,1.0,1,3000.0,30,2.010609,0.15,4.0,auto
937,246,266,arterial,1,1.0,1,1000.0,30,1.99623,0.15,4.0,auto
938,266,246,arterial,1,1.0,1,1000.0,30,1.99623,0.15,4.0,auto
939,247,248,arterial,1,1.0,1,3000.0,30,2.008905,0.15,4.0,auto
940,248,247,arterial,1,1.0,1,3000.0,30,2.008905,0.15,4.0,auto
941,247,267,arterial,1,1.0,1,1000.0,30,1.982822,0.15,4.0,auto
942,267,247,arterial,1,1.0,1,1000.0,30,1.982822,0.15,4.0,auto
943,248,249,arterial,1,1.0,1,3000.0,30,1.993669,0.15,4.0,auto
944,249,248,arterial,1,1.0,1,3000.0,30,1.993669,0.15,4.0,auto
945,248,268,arterial,1,1.0,1,1000.0,30,1.998754,0.15,4.0,auto
946,268,248,arterial,1,1.0,1,1000.0,30,1.998754,0.15,4.0,auto
947,249,250,arterial,1,1.0,1,3000.0,30,1.980424,0.15,4.0,auto
948,250,249,arterial,1,1.0,1,3000.0,30,1.980424,0.15,4.0,auto
949,249,269,arterial,1,1.0,1,1000.0,30,1.994225,0.15,4.0,auto
950,269,249,arterial,1,1.0,1,1000.0,30,1.994225,0.15,4.0,auto
951,250,270,arterial,1,1.0,1,1000.0,30,2.004961,0.15,4.0,auto
952,270,250,arterial,1,1.0,1,1000.0,30,2.004961,0.15,4.0,auto
953,251,252,arterial,1,1.0,1,3000.0,30,1.989284,0.15,4.0,auto
954,252,251,arterial,1,1.0,1,3000.0,30,1.989284,0.15,4.0,auto
955,251,271,arterial,1,1.0,1,1000.0,30,2.017787,0.15,4.0,auto
956,271,251,arterial,1,1.0,1,1000.0,30,2.017787,0.15,4.0,auto
957,252,253,arterial,1,1.0,1,3000.0,30,2.006644,0.15,4.0,auto
958,253,252,arterial,1,1.0,1,3000.0,30,2.006644,0.15,4.0,auto
959,252,272,arterial,1,1.0,1,1000.0,30,1.993513,0.15,4.0,auto
960,272,252,arterial,1,1.0,1,1000.0,30,1.993513,0.15,4.0,auto
961,253,254,arterial,1,1.0,1,3000.0,30,2.00639,0.15,4.0,auto
962,254,253,arterial,1,1.0,1,3000.0,30,2.00639,0.15,4.0,auto
963,253,273,arterial,1,1.0,1,1000.0,30,2.002783,0.15,4.0,auto
964,273,253,arterial,1,1.0,1,1000.0,30,2.002783,0.15,4.0,auto
965,254,255,arterial,1,1.0,1,3000.0,30,2.001323,0.15,4.0,auto
966,255,254,arterial,1,1.0,1,3000.0,30,2.001323,0.15,4.0,auto
967,254,274,arterial,1,1.0,1,1000.0,30,1.995584,0.15,4.0,auto
968,274,254,arterial,1,1.0,1,1000.0,30,1.995584,0.15,4.0,auto
969,255,256,arterial,1,1.0,1,3000.0,30,2.019995,0.15,4.0,auto
970,256,255,arterial,1,1.0,1,3000.0,30,2.019995,0.15,4.0,auto
971,255,275,arterial,1,1.0,1,1000.0,30,2.005691,0.15,4.0,auto
972,275,255,arterial,1,1.0,1,1000.0,30,2.005691,0.15,4.0,auto
973,256,257,arterial,1,1.0,1,3000.0,30,2.00805,0.15,4.0,auto
974,257,256,arterial,1,1.0,1,3000.0,30,2.00805,0.15,4.0,auto
975,256,276,arterial,1,1.0,1,1000.0,30,2.01047,0.15,4.0,auto
976,276,256,arterial,1,1.0,1,1000.0,30,2.01047,0.15,4.0,auto
977,257,258,arterial,1,1.0,1,3000.0,30,2.019203,0.15,4.0,auto
978,258,257,arterial,1,1.0,1,3000.0,30,2.019203,0.15,4.0,auto
979,257,277,arterial,1,1.0,1,1000.0,30,1.980913,0.15,4.0,auto
980,277,257,arterial,1,1.0,1,1000.0,30,1.980913,0.15,4.0,auto
981,258,259,arterial,1,1.0,1,3000.0,30,2.004616,0.15,4.0,auto
982,259,258,arterial,1,1.0,1,3000.0,30,2.004616,0.15,4.0,auto
983,258,278,arterial,1,1.0,1,1000.0,30,2.009552,0.15,4.0,auto
984,278,258,arterial,1,1.0,1,1000.0,30,2.009552,0.15,4.0,auto
985,259,260,arterial,1,1.0,1,3000.0,30,1.990265,0.15,4.0,auto
986,260,259,arterial,1,1.0,1,3000.0,30,1.990265,0.15,4.0,auto
987,259,279,arterial,1,1.0,1,1000.0,30,1.996062,0.15,4.0,auto
988,279,259,arterial,1,1.0,1,1000.0,30,1.996062,0.15,4.0,auto
989,260,280,arterial,1,1.0,1,1000.0,30,1.987818,0.15,4.0,auto
990,280,260,arterial,1,1.0,1,1000.0,30,1.987818,0.15,4.0,auto
991,261,262,arterial,1,1.0,1,1000.0,30,1.995027,0.15,4.0,auto
992,262,261,arterial,1,1.0,1,1000.0,30,1.995027,0.15,4.0,auto
993,261,281,arterial,1,1.0,1,1000.0,30,1.983938,0.15,4.0,auto
994,281,261,arterial,1,1.0,1,1000.0,30,1.983938,0.15,4.0,auto
995,262,263,arterial,1,1.0,1,1000.0,30,1.990035,0.15,4.0,auto
996,263,262,arterial,1,1.0,1,1000.0,30,1.990035,0.15,4.0,auto
997,262,282,arterial,1,1.0,1,1000.0,30,2.016226,0.15,4.0,auto
998,282,262,arterial,1,1.0,1,1000.0,30,2.016226,0.15,4.0,auto
999,263,264,arterial,1,1.0,1,1000.0,30,2.002002,0.15,4.0,auto
1000,264,263,arterial,1,1.0,1,1000.0,30,2.002002,0.15,4.0,auto
1001,263,283,arterial,1,1.0,1,1000.0,30,2.000313,0.15,4.0,auto
1002,283,263,arterial,1,1.0,1,1000.0,30,2.000313,0.15,4.0,auto
1003,264,265,arterial,1,1.0,1,1000.0,30,2.018685,0.15,4.0,auto
1004,265,264,arterial,1,1.0,1,1000.0,30,2.018685,0.15,4.0,auto
1005,264,284,arterial,1,1.0,1,1000.0,30,2.002719,0.15,4.0,auto
1006,284,264,arterial,1,1.0,1,1000.0,30,2.002719,0.15,4.0,auto
1007,265,266,arterial,1,1.0,1,1000.0,30,2.019804,0.15,4.0,auto
1008,266,265,arterial,1,1.0,1,1000.0,30,2.019804,0.15,4.0,auto
1009,265,285,arterial,1,1.0,1,1000.0,30,2.005521,0.15,4.0,auto
1010,285,265,arterial,1,1.0,1,1000.0,30,2.005521,0.15,4.0,auto
1011,266,267,arterial,1,1.0,1,1000.0,30,2.012381,0.15,4.0,auto
1012,267,266,arterial,1,1.0,1,1000.0,30,2.012381,0.15,4.0,auto
1013,266,286,arterial,1,1.0,1,1000.0,30,1.983048,0.15,4.0,auto
1014,286,266,arterial,1,1.0,1,1000.0,30,1.983048,0.15,4.0,auto
1015,267,268,arterial,1,1.0,1,1000.0,30,2.003901,0.15,4.0,auto
1016,268,267,arterial,1,1.0,1,1000.0,30,2.003901,0.15,4.0,auto
1017,267,287,arterial,1,1.0,1,1000.0,30,2.01037,0.15,4.0,auto
1018,287,267,arterial,1,1.0,1,1000.0,30,2.01037,0.15,4.0,auto
1019,268,269,arterial,1,1.0,1,1000.0,30,1.981805,0.15,4.0,auto
1020,269,268,arterial,1,1.0,1,1000.0,30,1.981805,0.15,4.0,auto
1021,268,288,arterial,1,1.0,1,1000.0,30,2.017206,0.15,4.0,auto
1022,288,268,arterial,1,1.0,1,1000.0,30,2.017206,0.15,4.0,auto
1023,269,270,arterial,1,1.0,1,1000.0,30,1.986397,0.15,4.0,auto
1024,270,269,arterial,1,1.0,1,1000.0,30,1.986397,0.15,4.0,auto
1025,269,289,arterial,1,1.0,1,1000.0,30,1.99887,0.15,4.0,auto
1026,289,269,arterial,1,1.0,1,1000.0,30,1.99887,0.15,4.0,auto
1027,270,290,arterial,1,1.0,1,1000.0,30,1.999821,0.15,4.0,auto
1028,290,270,arterial,1,1.0,1,1000.0,30,1.999821,0.15,4.0,auto
1029,271,272,arterial,1,1.0,1,1000.0,30,2.004447,0.15,4.0,auto
1030,272,271,arterial,1,1.0,1,1000.0,30,2.004447,0.15,4.0,auto
1031,271,291,arterial,1,1.0,1,1000.0,30,1.982342,0.15,4.0,auto
1032,291,271,arterial,1,1.0,1,1000.0,30,1.982342,0.15,4.0,auto
1033,272,273,arterial,1,1.0,1,1000.0,30,2.017811,0.15,4.0,auto
1034,273,272,arterial,1,1.0,1,1000.0,30,2.017811,0.15,4.0,auto
1035,272,292,arterial,1,1.0,1,1000.0,30,1.996828,0.15,4.0,auto
1036,292,272,arterial,1,1.0,1,1000.0,30,1.996828,0.15,4.0,auto
1037,273,274,arterial,1,1.0,1,1000.0,30,2.00107,0.15,4.0,auto
1038,274,273,arterial,1,1.0,1,1000.0,30,2.00107,0.15,4.0,auto
1039,273,293,arterial,1,1.0,1,1000.0,30,2.003913,0.15,4.0,auto
1040,293,273,arterial,1,1.0,1,1000.0,30,2.003913,0.15,4.0,auto
1041,274,275,arterial,1,1.0,1,1000.0,30,1.994623,0.15,4.0,auto
1042,275,274,arterial,1,1.0,1,1000.0,30,1.994623,0.15,4.0,auto
1043,274,294,arterial,1,1.0,1,1000.0,30,1.99143,0.15,4.0,auto
1044,294,274,arterial,1,1.0,1,1000.0,30,1.99143,0.15,4.0,auto
1045,275,276,arterial,1,1.0,1,1000.0,30,2.006204,0.15,4.0,auto
1046,276,275,arterial,1,1.0,1,1000.0,30,2.006204,0.15,4.0,auto
1047,275,295,arterial,1,1.0,1,1000.0,30,2.002426,0.15,4.0,auto
1048,295,275,arterial,1,1.0,1,1000.0,30,2.002426,0.15,4.0,auto
1049,276,277,arterial,1,1.0,1,1000.0,30,1.991341,0.15,4.0,auto
1050,277,276,arterial,1,1.0,1,1000.0,30,1.991341,0.15,4.0,auto
1051,276,296,arterial,1,1.0,1,1000.0,30,2.008664,0.15,4.0,auto
1052,296,276,arterial,1,1.0,1,1000.0,30,2.008664,0.15,4.0,auto
1053,277,278,arterial,1,1.0,1,1000.0,30,1.991842,0.15,4.0,auto
1054,278,277,arterial,1,1.0,1,1000.0,30,1.991842,0.15,4.0,auto
1055,277,297,arterial,1,1.0,1,1000.0,30,1.98056,0.15,4.0,auto
1056,297,277,arterial,1,1.0,1,1000.0,30,1.98056,0.15,4.0,auto
1057,278,279,arterial,1,1.0,1,1000.0,30,1.989801,0.15,4.0,auto
1058,279,278,arterial,1,1.0,1,1000.0,30,1.989801,0.15,4.0,auto
1059,278,298,arterial,1,1.0,1,1000.0,30,1.981711,0.15,4.0,auto
1060,298,278,arterial,1,1.0,1,1000.0,30,1.981711,0.15,4.0,auto
1061,279,280,arterial,1,1.0,1,1000.0,30,1.986263,0.15,4.0,auto
1062,280,279,arterial,1,1.0,1,1000.0,30,1.986263,0.15,4.0,auto
1063,279,299,arterial,1,1.0,1,1000.0,30,2.010186,0.15,4.0,auto
1064,299,279,arterial,1,1.0,1,1000.0,30,2.010186,0.15,4.0,auto
1065,280,300,arterial,1,1.0,1,1000.0,30,2.015902,0.15,4.0,auto
1066,300,280,arterial,1,1.0,1,1000.0,30,2.015902,0.15,4.0,auto
1067,281,282,arterial,1,1.0,1,1000.0,30,2.009935,0.15,4.0,auto
1068,282,281,arterial,1,1.0,1,1000.0,30,2.009935,0.15,4.0,auto
1069,281,301,arterial,1,1.0,1,1000.0,30,1.982006,0.15,4.0,auto
1070,301,281,arterial,1,1.0,1,1000.0,30,1.982006,0.15,4.0,auto
1071,282,283,arterial,1,1.0,1,1000.0,30,2.019551,0.15,4.0,auto
1072,283,282,arterial,1,1.0,1,1000.0,30,2.019551,0.15,4.0,auto
1073,282,302,arterial,1,1.0,1,1000.0,30,2.017778,0.15,4.0,auto
1074,302,282,arterial,1,1.0,1,1000.0,30,2.017778,0.15,4.0,auto
1075,283,284,arterial,1,1.0,1,1000.0,30,1.98294,0.15,4.0,auto
1076,284,283,arterial,1,1.0,1,1000.0,30,1.98294,0.15,4.0,auto
1077,283,303,arterial,1,1.0,1,1000.0,30,2.016222,0.15,4.0,auto
1078,303,283,arterial,1,1.0,1,1000.0,30,2.016222,0.15,4.0,auto
1079,284,285,arterial,1,1.0,1,1000.0,30,1.997181,0.15,4.0,auto
1080,285,284,arterial,1,1.0,1,1000.0,30,1.997181,0.15,4.0,auto
1081,284,304,arterial,1,1.0,1,1000.0,30,1.999104,0.15,4.0,auto
1082,304,284,arterial,1,1.0,1,1000.0,30,1.999104,0.15,4.0,auto
1083,285,286,arterial,1,1.0,1,1000.0,30,2.018927,0.15,4.0,auto
1084,286,285,arterial,1,1.0,1,1000.0,30,2.018927,0.15,4.0,auto
1085,285,305,arterial,1,1.0,1,1000.0,30,1.989748,0.15,4.0,auto
1086,305,285,arterial,1,1.0,1,1000.0,30,1.989748,0.15,4.0,auto
1087,286,287,arterial,1,1.0,1,1000.0,30,2.000934,0.15,4.0,auto
1088,287,286,arterial,1,1.0,1,1000.0,30,2.000934,0.15,4.0,auto
1089,286,306,arterial,1,1.0,1,1000.0,30,2.017491,0.15,4.0,auto
1090,306,286,arterial,1,1.0,1,1000.0,30,2.017491,0.15,4.0,auto
1091,287,288,arterial,1,1.0,1,1000.0,30,2.00891,0.15,4.0,auto
1092,288,287,arterial,1,1.0,1,1000.0,30,2.00891,0.15,4.0,auto
1093,287,307,arterial,1,1.0,1,1000.0,30,1.998734,0.15,4.0,auto
1094,307,287,arterial,1,1.0,1,1000.0,30,1.998734,0.15,4.0,auto
1095,288,289,arterial,1,1.0,1,1000.0,30,2.019153,0.15,4.0,auto
1096,289,288,arterial,1,1.0,1,1000.0,30,2.019153,0.15,4.0,auto
1097,288,308,arterial,1,1.0,1,1000.0,30,2.012668,0.15,4.0,auto
1098,308,288,arterial,1,1.0,1,1000.0,30,2.012668,0.15,4.0,auto
1099,289,290,arterial,1,1.0,1,1000.0,30,2.004145,0.15,4.0,auto
1100,290,289,arterial,1,1.0,1,1000.0,30,2.004145,0.15,4.0,auto
1101,289,309,arterial,1,1.0,1,1000.0,30,1.984604,0.15,4.0,auto
1102,309,289,arterial,1,1.0,1,1000.0,30,1.984604,0.15,4.0,auto
1103,290,310,arterial,1,1.0,1,1000.0,30,1.998228,0.15,4.0,auto
1104,310,290,arterial,1,1.0,1,1000.0,30,1.998228,0.15,4.0,auto
1105,291,292,arterial,1,1.0,1,1000.0,30,1.988146,0.15,4.0,auto
1106,292,291,arterial,1,1.0,1,1000.0,30,1.988146,0.15,4.0,auto
1107,291,311,arterial,1,1.0,1,1000.0,30,1.982082,0.15,4.0,auto
1108,311,291,arterial,1,1.0,1,1000.0,30,1.982082,0.15,4.0,auto
1109,292,293,arterial,1,1.0,1,1000.0,30,2.001124,0.15,4.0,auto
1110,293,292,arterial,1,1.0,1,1000.0,30,2.001124,0.15,4.0,auto
1111,292,312,arterial,1,1.0,1,1000.0,30,1.984973,0.15,4.0,auto
1112,312,292,arterial,1,1.0,1,1000.0,30,1.984973,0.15,4.0,auto
1113,293,294,arterial,1,1.0,1,1000.0,30,1.997715,0.15,4.0,auto
1114,294,293,arterial,1,1.0,1,1000.0,30,1.997715,0.15,4.0,auto
1115,293,313,arterial,1,1.0,1,1000.0,30,2.006716,0.15,4.0,auto
1116,313,293,arterial,1,1.0,1,1000.0,30,2.006716,0.15,4.0,auto
1117,294,295,arterial,1,1.0,1,1000.0,30,1.998222,0.15,4.0,auto
1118,295,294,arterial,1,1.0,1,1000.0,30,1.998222,0.15,4.0,auto
1119,294,314,arterial,1,1.0,1,1000.0,30,1.990485,0.15,4.0,auto
1120,314,294,arterial,1,1.0,1,1000.0,30,1.990485,0.15,4.0,auto
1121,295,296,arterial,1,1.0,1,1000.0,30,2.003289,0.15,4.0,auto
1122,296,295,arterial,1,1.0,1,1000.0,30,2.003289,0.15,4.0,auto
1123,295,315,arterial,1,1.0,1,1000.0,30,1.996781,0.15,4.0,auto
1124,315,295,arterial,1,1.0,1,1000.0,30,1.996781,0.15,4.0,auto
1125,296,297,arterial,1,1.0,1,1000.0,30,2.011119,0.15,4.0,auto
1126,297,296,arterial,1,1.0,1,1000.0,30,2.011119,0.15,4.0,auto
1127,296,316,arterial,1,1.0,1,1000.0,30,2.001231,0.15,4.0,auto
1128,316,296,arterial,1,1.0,1,1000.0,30,2.001231,0.15,4.0,auto
1129,297,298,arterial,1,1.0,1,1000.0,30,2.019905,0.15,4.0,auto
1130,298,297,arterial,1,1.0,1,1000.0,30,2.019905,0.15,4.0,auto
1131,297,317,arterial,1,1.0,1,1000.0,30,2.018105,0.15,4.0,auto
1132,317,297,arterial,1,1.0,1,1000.0,30,2.018105,0.15,4.0,auto
1133,298,299,arterial,1,1.0,1,1000.0,30,2.009371,0.15,4.0,auto
1134,299,298,arterial,1,1.0,1,1000.0,30,2.009371,0.15,4.0,auto
1135,298,318,arterial,1,1.0,1,1000.0,30,1.989536,0.15,4.0,auto
1136,318,298,arterial,1,1.0,1,1000.0,30,1.989536,0.15,4.0,auto
1137,299,300,arterial,1,1.0,1,1000.0,30,1.984555,0.15,4.0,auto
1138,300,299,arterial,1,1.0,1,1000.0,30,1.984555,0.15,4.0,auto
1139,299,319,arterial,1,1.0,1,1000.0,30,2.015708,0.15,4.0,auto
1140,319,299,arterial,1,1.0,1,1000.0,30,2.015708,0.15,4.0,auto
1141,300,320,arterial,1,1.0,1,1000.0,30,2.004999,0.15,4.0,auto
1142,320,300,arterial,1,1.0,1,1000.0,30,2.004999,0.15,4.0,auto
1143,301,302,arterial,1,1.0,1,1000.0,30,1.994367,0.15,4.0,auto
1144,302,301,arterial,1,1.0,1,1000.0,30,1.994367,0.15,4.0,auto
1145,301,321,arterial,1,1.0,1,1000.0,30,1.99086,0.15,4.0,auto
1146,321,301,arterial,1,1.0,1,1000.0,30,1.99086,0.15,4.0,auto
1147,302,303,arterial,1,1.0,1,1000.0,30,2.007402,0.15,4.0,auto
1148,303,302,arterial,1,1.0,1,1000.0,30,2.007402,0.15,4.0,auto
1149,302,322,arterial,1,1.0,1,1000.0,30,2.002596,0.15,4.0,auto
1150,322,302,arterial,1,1.0,1,1000.0,30,2.002596,0.15,4.0,auto
1151,303,304,arterial,1,1.0,1,1000.0,30,2.003667,0.15,4.0,auto
1152,304,303,arterial,1,1.0,1,1000.0,30,2.003667,0.15,4.0,auto
1153,303,323,arterial,1,1.0,1,1000.0,30,2.005324,0.15,4.0,auto
1154,323,303,arterial,1,1.0,1,1000.0,30,2.005324,0.15,4.0,auto
1155,304,305,arterial,1,1.0,1,1000.0,30,2.010134,0.15,4.0,auto
1156,305,304,arterial,1,1.0,1,1000.0,30,2.010134,0.15,4.0,auto
1157,304,324,arterial,1,1.0,1,1000.0,30,1.987593,0.15,4.0,auto
1158,324,304,arterial,1,1.0,1,1000.0,30,1.987593,0.15,4.0,auto
1159,305,306,arterial,1,1.0,1,1000.0,30,1.989958,0.15,4.0,auto
1160,306,305,arterial,1,1.0,1,1000.0,30,1.989958,0.15,4.0,auto
1161,305,325,arterial,1,1.0,1,1000.0,30,2.019189,0.15,4.0,auto
1162,325,305,arterial,1,1.0,1,1000.0,30,2.019189,0.15,4.0,auto
1163,306,307,arterial,1,1.0,1,1000.0,30,2.016629,0.15,4.0,auto
1164,307,306,arterial,1,1.0,1,1000.0,30,2.016629,0.15,4.0,auto
1165,306,326,arterial,1,1.0,1,1000.0,30,2.015151,0.15,4.0,auto
1166,326,306,arterial,1,1.0,1,1000.0,30,2.015151,0.15,4.0,auto
1167,307,308,arterial,1,1.0,1,1000.0,30,1.98158,0.15,4.0,auto
1168,308,307,arterial,1,1.0,1,1000.0,30,1.98158,0.15,4.0,auto
1169,307,327,arterial,1,1.0,1,1000.0,30,1.982431,0.15,4.0,auto
1170,327,307,arterial,1,1.0,1,1000.0,30,1.982431,0.15,4.0,auto
1171,308,309,arterial,1,1.0,1,1000.0,30,1.990838,0.15,4.0,auto
1172,309,308,arterial,1,1.0,1,1000.0,30,1.990838,0.15,4.0,auto
1173,308,328,arterial,1,1.0,1,1000.0,30,1.997008,0.15,4.0,auto
1174,328,308,arterial,1,1.0,1,1000.0,30,1.997008,0.15,4.0,auto
1175,309,310,arterial,1,1.0,1,1000.0,30,2.004934,0.15,4.0,auto
1176,310,309,arterial,1,1.0,1,1000.0,30,2.004934,0.15,4.0,auto
1177,309,329,arterial,1,1.0,1,1000.0,30,1.984099,0.15,4.0,auto
1178,329,309,arterial,1,1.0,1,1000.0,30,1.984099,0.15,4.0,auto
1179,310,330,arterial,1,1.0,1,1000.0,30,1.9829,0.15,4.0,auto
1180,330,310,arterial,1,1.0,1,1000.0,30,1.9829,0.15,4.0,auto
1181,311,312,arterial,1,1.0,1,1000.0,30,1.983458,0.15,4.0,auto
1182,312,311,arterial,1,1.0,1,1000.0,30,1.983458,0.15,4.0,auto
1183,311,331,arterial,1,1.0,1,1000.0,30,2.007051,0.15,4.0,auto
1184,331,311,arterial,1,1.0,1,1000.0,30,2.007051,0.15,4.0,auto
1185,312,313,arterial,1,1.0,1,1000.0,30,2.002025,0.15,4.0,auto
1186,313,312,arterial,1,1.0,1,1000.0,30,2.002025,0.15,4.0,auto
1187,312,332,arterial,1,1.0,1,1000.0,30,2.005244,0.15,4.0,auto
1188,332,312,arterial,1,1.0,1,1000.0,30,2.005244,0.15,4.0,auto
1189,313,314,arterial,1,1.0,1,1000.0,30,1.994927,0.15,4.0,auto
1190,314,313,arterial,1,1.0,1,1000.0,30,1.994927,0.15,4.0,auto
1191,313,333,arterial,1,1.0,1,1000.0,30,1.999142,0.15,4.0,auto
1192,333,313,arterial,1,1.0,1,1000.0,30,1.999142,0.15,4.0,auto
1193,314,315,arterial,1,1.0,1,1000.0,30,1.988425,0.15,4.0,auto
1194,315,314,arterial,1,1.0,1,1000.0,30,1.988425,0.15,4.0,auto
1195,314,334,arterial,1,1.0,1,1000.0,30,1.993748,0.15,4.0,auto
1196,334,314,arterial,1,1.0,1,1000.0,30,1.993748,0.15,4.0,auto
1197,315,316,arterial,1,1.0,1,1000.0,30,2.009793,0.15,4.0,auto
1198,316,315,arterial,1,1.0,1,1000.0,30,2.009793,0.15,4.0,auto
1199,315,335,arterial,1,1.0,1,1000.0,30,2.013542,0.15,4.0,auto
1200,335,315,arterial,1,1.0,1,1000.0,30,2.013542,0.15,4.0,auto
1201,316,317,arterial,1,1.0,1,1000.0,30,1.982974,0.15,4.0,auto
1202,317,316,arterial,1,1.0,1,1000.0,30,1.982974,0.15,4.0,auto
1203,316,336,arterial,1,1.0,1,1000.0,30,1.984792,0.15,4.0,auto
1204,336,316,arterial,1,1.0,1,1000.0,30,1.984792,0.15,4.0,auto
1205,317,318,arterial,1,1.0,1,1000.0,30,2.012367,0.15,4.0,auto
1206,318,317,arterial,1,1.0,1,1000.0,30,2.012367,0.15,4.0,auto
1207,317,337,arterial,1,1.0,1,1000.0,30,2.004949,0.15,4.0,auto
1208,337,317,arterial,1,1.0,1,1000.0,30,2.004949,0.15,4.0,auto
1209,318,319,arterial,1,1.0,1,1000.0,30,2.01075,0.15,4.0,auto
1210,319,318,arterial,1,1.0,1,1000.0,30,2.01075,0.15,4.0,auto
1211,318,338,arterial,1,1.0,1,1000.0,30,1.988527,0.15,4.0,auto
1212,338,318,arterial,1,1.0,1,1000.0,30,1.988527,0.15,4.0,auto
1213,319,320,arterial,1,1.0,1,1000.0,30,1.996974,0.15,4.0,auto
1214,320,319,arterial,1,1.0,1,1000.0,30,1.996974,0.15,4.0,auto
1215,319,339,arterial,1,1.0,1,1000.0,30,1.990323,0.15,4.0,auto
1216,339,319,arterial,1,1.0,1,1000.0,30,1.990323,0.15,4.0,auto
1217,320,340,arterial,1,1.0,1,1000.0,30,1.994758,0.15,4.0,auto
1218,340,320,arterial,1,1.0,1,1000.0,30,1.994758,0.15,4.0,auto
1219,321,322,arterial,1,1.0,1,1000.0,30,2.006146,0.15,4.0,auto
1220,322,321,arterial,1,1.0,1,1000.0,30,2.006146,0.15,4.0,auto
1221,321,341,arterial,1,1.0,1,1000.0,30,2.019567,0.15,4.0,auto
1222,341,321,arterial,1,1.0,1,1000.0,30,2.019567,0.15,4.0,auto
1223,322,323,arterial,1,1.0,1,1000.0,30,1.993016,0.15,4.0,auto
1224,323,322,arterial,1,1.0,1,1000.0,30,1.993016,0.15,4.0,auto
1225,322,342,arterial,1,1.0,1,1000.0,30,2.001945,0.15,4.0,auto
1226,342,322,arterial,1,1.0,1,1000.0,30,2.001945,0.15,4.0,auto
1227,323,324,arterial,1,1.0,1,1000.0,30,2.009844,0.15,4.0,auto
1228,324,323,arterial,1,1.0,1,1000.0,30,2.009844,0.15,4.0,auto
1229,323,343,arterial,1,1.0,1,1000.0,30,2.016833,0.15,4.0,auto
1230,343,323,arterial,1,1.0,1,1000.0,30,2.016833,0.15,4.0,auto
1231,324,325,arterial,1,1.0,1,1000.0,30,1.997106,0.15,4.0,auto
1232,325,324,arterial,1,1.0,1,1000.0,30,1.997106,0.15,4.0,auto
1233,324,344,arterial,1,1.0,1,1000.0,30,1.99477,0.15,4.0,auto
1234,344,324,arterial,1,1.0,1,1000.0,30,1.99477,0.15,4.0,auto
1235,325,326,arterial,1,1.0,1,1000.0,30,1.983881,0.15,4.0,auto
1236,326,325,arterial,1,1.0,1,1000.0,30,1.983881,0.15,4.0,auto
1237,325,345,arterial,1,1.0,1,1000.0,30,2.015007,0.15,4.0,auto
1238,345,325,arterial,1,1.0,1,1000.0,30,2.015007,0.15,4.0,auto
1239,326,327,arterial,1,1.0,1,1000.0,30,1.98314,0.15,4.0,auto
1240,327,326,arterial,1,1.0,1,1000.0,30,1.98314,0.15,4.0,auto
1241,326,346,arterial,1,1.0,1,1000.0,30,1.983321,0.15,4.0,auto
1242,346,326,arterial,1,1.0,1,1000.0,30,1.983321,0.15,4.0,auto
1243,327,328,arterial,1,1.0,1,1000.0,30,2.002569,0.15,4.0,auto
1244,328,327,arterial,1,1.0,1,1000.0,30,2.002569,0.15,4.0,auto
1245,327,347,arterial,1,1.0,1,1000.0,30,1.999394,0.15,4.0,auto
1246,347,327,arterial,1,1.0,1,1000.0,30,1.999394,0.15,4.0,auto
1247,328,329,arterial,1,1.0,1,1000.0,30,2.007413,0.15,4.0,auto
1248,329,328,arterial,1,1.0,1,1000.0,30,2.007413,0.15,4.0,auto
1249,328,348,arterial,1,1.0,1,1000.0,30,1.991955,0.15,4.0,auto
1250,348,328,arterial,1,1.0,1,1000.0,30,1.991955,0.15,4.0,auto
1251,329,330,arterial,1,1.0,1,1000.0,30,2.01102,0.15,4.0,auto
1252,330,329,arterial,1,1.0,1,1000.0,30,2.01102,0.15,4.0,auto
1253,329,349,arterial,1,1.0,1,1000.0,30,1.983043,0.15,4.0,auto
1254,349,329,arterial,1,1.0,1,1000.0,30,1.983043,0.15,4.0,auto
1255,330,350,arterial,1,1.0,1,1000.0,30,2.006484,0.15,4.0,auto
1256,350,330,arterial,1,1.0,1,1000.0,30,2.006484,0.15,4.0,auto
1257,331,332,arterial,1,1.0,1,1000.0,30,1.983268,0.15,4.0,auto
1258,332,331,arterial,1,1.0,1,1000.0,30,1.983268,0.15,4.0,auto
1259,331,351,arterial,1,1.0,1,1000.0,30,1.992152,0.15,4.0,auto
1260,351,331,arterial,1,1.0,1,1000.0,30,1.992152,0.15,4.0,auto
1261,332,333,arterial,1,1.0,1,1000.0,30,2.009,0.15,4.0,auto
1262,333,332,arterial,1,1.0,1,1000.0,30,2.009,0.15,4.0,auto
1263,332,352,arterial,1,1.0,1,1000.0,30,2.007759,0.15,4.0,auto
1264,352,332,arterial,1,1.0,1,1000.0,30,2.007759,0.15,4.0,auto
1265,333,334,arterial,1,1.0,1,1000.0,30,1.991317,0.15,4.0,auto
1266,334,333,arterial,1,1.0,1,1000.0,30,1.991317,0.15,4.0,auto
1267,333,353,arterial,1,1.0,1,1000.0,30,1.985717,0.15,4.0,auto
1268,353,333,arterial,1,1.0,1,1000.0,30,1.985717,0.15,4.0,auto
1269,334,335,arterial,1,1.0,1,1000.0,30,1.994312,0.15,4.0,auto
1270,335,334,arterial,1,1.0,1,1000.0,30,1.994312,0.15,4.0,auto
1271,334,354,arterial,1,1.0,1,1000.0,30,2.009039,0.15,4.0,auto
1272,354,334,arterial,1,1.0,1,1000.0,30,2.009039,0.15,4.0,auto
1273,335,336,arterial,1,1.0,1,1000.0,30,1.994656,0.15,4.0,auto
1274,336,335,arterial,1,1.0,1,1000.0,30,1.994656,0.15,4.0,auto
1275,335,355,arterial,1,1.0,1,1000.0,30,1.984695,0.15,4.0,auto
1276,355,335,arterial,1,1.0,1,1000.0,30,1.984695,0.15,4.0,auto
1277,336,337,arterial,1,1.0,1,1000.0,30,2.008371,0.15,4.0,auto
1278,337,336,arterial,1,1.0,1,1000.0,30,2.008371,0.15,4.0,auto
1279,336,356,arterial,1,1.0,1,1000.0,30,2.002771,0.15,4.0,auto
1280,356,336,arterial,1,1.0,1,1000.0,30,2.002771,0.15,4.0,auto
1281,337,338,arterial,1,1.0,1,1000.0,30,2.016742,0.15,4.0,auto
1282,338,337,arterial,1,1.0,1,1000.0,30,2.016742,0.15,4.0,auto
1283,337,357,arterial,1,1.0,1,1000.0,30,2.017597,0.15,4.0,auto
1284,357,337,arterial,1,1.0,1,1000.0,30,2.017597,0.15,4.0,auto
1285,338,339,arterial,1,1.0,1,1000.0,30,2.016535,0.15,4.0,auto
1286,339,338,arterial,1,1.0,1,1000.0,30,2.016535,0.15,4.0,auto
1287,338,358,arterial,1,1.0,1,1000.0,30,1.99752,0.15,4.0,auto
1288,358,338,arterial,1,1.0,1,1000.0,30,1.99752,0.15,4.0,auto
1289,339,340,arterial,1,1.0,1,1000.0,30,2.012122,0.15,4.0,auto
1290,340,339,arterial,1,1.0,1,1000.0,30,2.012122,0.15,4.0,auto
1291,339,359,arterial,1,1.0,1,1000.0,30,1.992191,0.15,4.0,auto
1292,359,339,arterial,1,1.0,1,1000.0,30,1.992191,0.15,4.0,auto
1293,340,360,arterial,1,1.0,1,1000.0,30,1.995984,0.15,4.0,auto
1294,360,340,arterial,1,1.0,1,1000.0,30,1.995984,0.15,4.0,auto
1295,341,342,arterial,1,1.0,1,1000.0,30,2.017387,0.15,4.0,auto
1296,342,341,arterial,1,1.0,1,1000.0,30,2.017387,0.15,4.0,auto
1297,341,361,arterial,1,1.0,1,1000.0,30,2.015789,0.15,4.0,auto
1298,361,341,arterial,1,1.0,1,1000.0,30,2.015789,0.15,4.0,auto
1299,342,343,arterial,1,1.0,1,1000.0,30,1.989932,0.15,4.0,auto
1300,343,342,arterial,1,1.0,1,1000.0,30,1.989932,0.15,4.0,auto
1301,342,362,arterial,1,1.0,1,1000.0,30,1.994468,0.15,4.0,auto
1302,362,342,arterial,1,1.0,1,1000.0,30,1.994468,0.15,4.0,auto
1303,343,344,arterial,1,1.0,1,1000.0,30,1.994623,0.15,4.0,auto
1304,344,343,arterial,1,1.0,1,1000.0,30,1.994623,0.15,4.0,auto
1305,343,363,arterial,1,1.0,1,1000.0,30,1.994532,0.15,4.0,auto
1306,363,343,arterial,1,1.0,1,1000.0,30,1.994532,0.15,4.0,auto
1307,344,345,arterial,1,1.0,1,1000.0,30,1.995824,0.15,4.0,auto
1308,345,344,arterial,1,1.0,1,1000.0,30,1.995824,0.15,4.0,auto
1309,344,364,arterial,1,1.0,1,1000.0,30,1.995503,0.15,4.0,auto
1310,364,344,arterial,1,1.0,1,1000.0,30,1.995503,0.15,4.0,auto
1311,345,346,arterial,1,1.0,1,1000.0,30,1.987798,0.15,4.0,auto
1312,346,345,arterial,1,1.0,1,1000.0,30,1.987798,0.15,4.0,auto
1313,345,365,arterial,1,1.0,1,1000.0,30,2.002552,0.15,4.0,auto
1314,365,345,arterial,1,1.0,1,1000.0,30,2.002552,0.15,4.0,auto
1315,346,347,arterial,1,1.0,1,1000.0,30,2.011883,0.15,4.0,auto
1316,347,346,arterial,1,1.0,1,1000.0,30,2.011883,0.15,4.0,auto
1317,346,366,arterial,1,1.0,1,1000.0,30,2.001622,0.15,4.0,auto
1318,366,346,arterial,1,1.0,1,1000.0,30,2.001622,0.15,4.0,auto
1319,347,348,arterial,1,1.0,1,1000.0,30,2.013455,0.15,4.0,auto
1320,348,347,arterial,1,1.0,1,1000.0,30,2.013455,0.15,4.0,auto
1321,347,367,arterial,1,1.0,1,1000.0,30,2.002511,0.15,4.0,auto
1322,367,347,arterial,1,1.0,1,1000.0,30,2.002511,0.15,4.0,auto
1323,348,349,arterial,1,1.0,1,1000.0,30,1.987064,0.15,4.0,auto
1324,349,348,arterial,1,1.0,1,1000.0,30,1.987064,0.15,4.0,auto
1325,348,368,arterial,1,1.0,1,1000.0,30,2.010358,0.15,4.0,auto
1326,368,348,arterial,1,1.0,1,1000.0,30,2.010358,0.15,4.0,auto
1327,349,350,arterial,1,1.0,1,1000.0,30,2.015236,0.15,4.0,auto
1328,350,349,arterial,1,1.0,1,1000.0,30,2.015236,0.15,4.0,auto
1329,349,369,arterial,1,1.0,1,1000.0,30,1.991258,0.15,4.0,auto
1330,369,349,arterial,1,1.0,1,1000.0,30,1.991258,0.15,4.0,auto
1331,350,370,arterial,1,1.0,1,1000.0,30,2.000626,0.15,4.0,auto
1332,370,350,arterial,1,1.0,1,1000.0,30,2.000626,0.15,4.0,auto
1333,351,352,arterial,1,1.0,1,1000.0,30,2.001766,0.15,4.0,auto
1334,352,351,arterial,1,1.0,1,1000.0,30,2.001766,0.15,4.0,auto
1335,351,371,arterial,1,1.0,1,1000.0,30,2.002699,0.15,4.0,auto
1336,371,351,arterial,1,1.0,1,1000.0,30,2.002699,0.15,4.0,auto
1337,352,353,arterial,1,1.0,1,1000.0,30,2.018657,0.15,4.0,auto
1338,353,352,arterial,1,1.0,1,1000.0,30,2.018657,0.15,4.0,auto
1339,352,372,arterial,1,1.0,1,1000.0,30,2.006048,0.15,4.0,auto
1340,372,352,arterial,1,1.0,1,1000.0,30,2.006048,0.15,4.0,auto
1341,353,354,arterial,1,1.0,1,1000.0,30,2.012173,0.15,4.0,auto
1342,354,353,arterial,1,1.0,1,1000.0,30,2.012173,0.15,4.0,auto
1343,353,373,arterial,1,1.0,1,1000.0,30,1.982562,0.15,4.0,auto
1344,373,353,arterial,1,1.0,1,1000.0,30,1.982562,0.15,4.0,auto
1345,354,355,arterial,1,1.0,1,1000.0,30,2.001873,0.15,4.0,auto
1346,355,354,arterial,1,1.0,1,1000.0,30,2.001873,0.15,4.0,auto
1347,354,374,arterial,1,1.0,1,1000.0,30,2.011523,0.15,4.0,auto
1348,374,354,arterial,1,1.0,1,1000.0,30,2.011523,0.15,4.0,auto
1349,355,356,arterial,1,1.0,1,1000.0,30,1.983362,0.15,4.0,auto
1350,356,355,arterial,1,1.0,1,1000.0,30,1.983362,0.15,4.0,auto
1351,355,375,arterial,1,1.0,1,1000.0,30,1.983267,0.15,4.0,auto
1352,375,355,arterial,1,1.0,1,1000.0,30,1.983267,0.15,4.0,auto
1353,356,357,arterial,1,1.0,1,1000.0,30,2.009482,0.15,4.0,auto
1354,357,356,arterial,1,1.0,1,1000.0,30,2.009482,0.15,4.0,auto
1355,356,376,arterial,1,1.0,1,1000.0,30,2.015963,0.15,4.0,auto
1356,376,356,arterial,1,1.0,1,1000.0,30,2.015963,0.15,4.0,auto
1357,357,358,arterial,1,1.0,1,1000.0,30,1.983388,0.15,4.0,auto
1358,358,357,arterial,1,1.0,1,1000.0,30,1.983388,0.15,4.0,auto
1359,357,377,arterial,1,1.0,1,1000.0,30,2.005365,0.15,4.0,auto
1360,377,357,arterial,1,1.0,1,1000.0,30,2.005365,0.15,4.0,auto
1361,358,359,arterial,1,1.0,1,1000.0,30,1.985755,0.15,4.0,auto
1362,359,358,arterial,1,1.0,1,1000.0,30,1.985755,0.15,4.0,auto
1363,358,378,arterial,1,1.0,1,1000.0,30,2.009832,0.15,4.0,auto
1364,378,358,arterial,1,1.0,1,1000.0,30,2.009832,0.15,4.0,auto
1365,359,360,arterial,1,1.0,1,1000.0,30,2.00596,0.15,4.0,auto
1366,360,359,arterial,1,1.0,1,1000.0,30,2.00596,0.15,4.0,auto
1367,359,379,arterial,1,1.0,1,1000.0,30,1.989818,0.15,4.0,auto
1368,379,359,arterial,1,1.0,1,1000.0,30,1.989818,0.15,4.0,auto
1369,360,380,arterial,1,1.0,1,1000.0,30,2.010614,0.15,4.0,auto
1370,380,360,arterial,1,1.0,1,1000.0,30,2.010614,0.15,4.0,auto
1371,361,362,arterial,1,1.0,1,3000.0,30,2.000862,0.15,4.0,auto
1372,362,361,arterial,1,1.0,1,3000.0,30,2.000862,0.15,4.0,auto
1373,361,381,arterial,1,1.0,1,1000.0,30,2.010588,0.15,4.0,auto
1374,381,361,arterial,1,1.0,1,1000.0,30,2.010588,0.15,4.0,auto
1375,362,363,arterial,1,1.0,1,3000.0,30,1.995775,0.15,4.0,auto
1376,363,362,arterial,1,1.0,1,3000.0,30,1.995775,0.15,4.0,auto
1377,362,382,arterial,1,1.0,1,1000.0,30,1.993513,0.15,4.0,auto
1378,382,362,arterial,1,1.0,1,1000.0,30,1.993513,0.15,4.0,auto
1379,363,364,arterial,1,1.0,1,3000.0,30,2.018731,0.15,4.0,auto
1380,364,363,arterial,1,1.0,1,3000.0,30,2.018731,0.15,4.0,auto
1381,363,383,arterial,1,1.0,1,1000.0,30,2.006895,0.15,4.0,auto
1382,383,363,arterial,1,1.0,1,1000.0,30,2.006895,0.15,4.0,auto
1383,364,365,arterial,1,1.0,1,3000.0,30,1.999746,0.15,4.0,auto
1384,365,364,arterial,1,1.0,1,3000.0,30,1.999746,0.15,4.0,auto
1385,364,384,arterial,1,1.0,1,1000.0,30,2.001494,0.15,4.0,auto
1386,384,364,arterial,1,1.0,1,1000.0,30,2.001494,0.15,4.0,auto
1387,365,366,arterial,1,1.0,1,3000.0,30,2.008837,0.15,4.0,auto
1388,366,365,arterial,1,1.0,1,3000.0,30,2.008837,0.15,4.0,auto
1389,365,385,arterial,1,1.0,1,1000.0,30,2.008326,0.15,4.0,auto
1390,385,365,arterial,1,1.0,1,1000.0,30,2.008326,0.15,4.0,auto
1391,366,367,arterial,1,1.0,1,3000.0,30,2.016599,0.15,4.0,auto
1392,367,366,arterial,1,1.0,1,3000.0,30,2.016599,0.15,4.0,auto
1393,366,386,arterial,1,1.0,1,1000.0,30,1.996424,0.15,4.0,auto
1394,386,366,arterial,1,1.0,1,1000.0,30,1.996424,0.15,4.0,auto
1395,367,368,arterial,1,1.0,1,3000.0,30,2.013049,0.15,4.0,auto
1396,368,367,arterial,1,1.0,1,3000.0,30,2.013049,0.15,4.0,auto
1397,367,387,arterial,1,1.0,1,1000.0,30,2.006669,0.15,4.0,auto
1398,387,367,arterial,1,1.0,1,1000.0,30,2.006669,0.15,4.0,auto
1399,368,369,arterial,1,1.0,1,3000.0,30,2.01414,0.15,4.0,auto
1400,369,368,arterial,1,1.0,1,3000.0,30,2.01414,0.15,4.0,auto
1401,368,388,arterial,1,1.0,1,1000.0,30,2.012236,0.15,4.0,auto
1402,388,368,arterial,1,1.0,1,1000.0,30,2.012236,0.15,4.0,auto
1403,369,370,arterial,1,1.0,1,3000.0,30,2.013353,0.15,4.0,auto
1404,370,369,arterial,1,1.0,1,3000.0,30,2.013353,0.15,4.0,auto
1405,369,389,arterial,1,1.0,1,1000.0,30,2.015546,0.15,4.0,auto
1406,389,369,arterial,1,1.0,1,1000.0,30,2.015546,0.15,4.0,auto
1407,370,390,arterial,1,1.0,1,1000.0,30,2.005611,0.15,4.0,auto
1408,390,370,arterial,1,1.0,1,1000.0,30,2.005611,0.15,4.0,auto
1409,371,372,arterial,1,1.0,1,3000.0,30,2.000954,0.15,4.0,auto
1410,372,371,arterial,1,1.0,1,3000.0,30,2.000954,0.15,4.0,auto
1411,371,391,arterial,1,1.0,1,1000.0,30,2.008403,0.15,4.0,auto
1412,391,371,arterial,1,1.0,1,1000.0,30,2.008403,0.15,4.0,auto
1413,372,373,arterial,1,1.0,1,3000.0,30,2.01209,0.15,4.0,auto
1414,373,372,arterial,1,1.0,1,3000.0,30,2.01209,0.15,4.0,auto
1415,372,392,arterial,1,1.0,1,1000.0,30,1.996864,0.15,4.0,auto
1416,392,372,arterial,1,1.0,1,1000.0,30,1.996864,0.15,4.0,auto
1417,373,374,arterial,1,1.0,1,3000.0,30,1.996818,0.15,4.0,auto
1418,374,373,arterial,1,1.0,1,3000.0,30,1.996818,0.15,4.0,auto
1419,373,393,arterial,1,1.0,1,1000.0,30,1.985848,0.15,4.0,auto
1420,393,373,arterial,1,1.0,1,1000.0,30,1.985848,0.15,4.0,auto
1421,374,375,arterial,1,1.0,1,3000.0,30,2.009649,0.15,4.0,auto
1422,375,374,arterial,1,1.0,1,3000.0,30,2.009649,0.15,4.0,auto
1423,374,394,arterial,1,1.0,1,1000.0,30,2.01964,0.15,4.0,auto
1424,394,374,arterial,1,1.0,1,1000.0,30,2.01964,0.15,4.0,auto
1425,375,376,arterial,1,1.0,1,3000.0,30,1.995021,0.15,4.0,auto
1426,376,375,arterial,1,1.0,1,3000.0,30,1.995021,0.15,4.0,auto
1427,375,395,arterial,1,1.0,1,1000.0,30,1.986706,0.15,4.0,auto
1428,395,375,arterial,1,1.0,1,1000.0,30,1.986706,0.15,4.0,auto
1429,376,377,arterial,1,1.0,1,3000.0,30,1.988175,0.15,4.0,auto
1430,377,376,arterial,1,1.0,1,3000.0,30,1.988175,0.15,4.0,auto
1431,376,396,arterial,1,1.0,1,1000.0,30,1.996998,0.15,4.0,auto
1432,396,376,arterial,1,1.0,1,1000.0,30,1.996998,0.15,4.0,auto
1433,377,378,arterial,1,1.0,1,3000.0,30,1.991681,0.15,4.0,auto
1434,378,377,arterial,1,1.0,1,3000.0,30,1.991681,0.15,4.0,auto
1435,377,397,arterial,1,1.0,1,1000.0,30,2.01879,0.15,4.0,auto
1436,397,377,arterial,1,1.0,1,1000.0,30,2.01879,0.15,4.0,auto
1437,378,379,arterial,1,1.0,1,3000.0,30,1.982368,0.15,4.0,auto
1438,379,378,arterial,1,1.0,1,3000.0,30,1.982368,0.15,4.0,auto
1439,378,398,arterial,1,1.0,1,1000.0,30,1.992338,0.15,4.0,auto
1440,398,378,arterial,1,1.0,1,1000.0,30,1.992338,0.15,4.0,auto
1441,379,380,arterial,1,1.0,1,3000.0,30,1.984593,0.15,4.0,auto
1442,380,379,arterial,1,1.0,1,3000.0,30,1.984593,0.15,4.0,auto
1443,379,399,arterial,1,1.0,1,1000.0,30,2.005919,0.15,4.0,auto
1444,399,379,arterial,1,1.0,1,1000.0,30,2.005919,0.15,4.0,auto
1445,380,400,arterial,1,1.0,1,1000.0,30,1.987177,0.15,4.0,auto
1446,400,380,arterial,1,1.0,1,1000.0,30,1.987177,0.15,4.0,auto
1447,381,382,arterial,1,1.0,1,1000.0,30,1.982494,0.15,4.0,auto
1448,382,381,arterial,1,1.0,1,1000.0,30,1.982494,0.15,4.0,auto
1449,382,383,arterial,1,1.0,1,1000.0,30,1.99835,0.15,4.0,auto
1450,383,382,arterial,1,1.0,1,1000.0,30,1.99835,0.15,4.0,auto
1451,383,384,arterial,1,1.0,1,1000.0,30,2.003363,0.15,4.0,auto
1452,384,383,arterial,1,1.0,1,1000.0,30,2.003363,0.15,4.0,auto
1453,384,385,arterial,1,1.0,1,1000.0,30,2.016372,0.15,4.0,auto
1454,385,384,arterial,1,1.0,1,1000.0,30,2.016372,0.15,4.0,auto
1455,385,386,arterial,1,1.0,1,1000.0,30,1.981455,0.15,4.0,auto
1456,386,385,arterial,1,1.0,1,1000.0,30,1.981455,0.15,4.0,auto
1457,386,387,arterial,1,1.0,1,1000.0,30,1.984347,0.15,4.0,auto
1458,387,386,arterial,1,1.0,1,1000.0,30,1.984347,0.15,4.0,auto
1459,387,388,arterial,1,1.0,1,1000.0,30,1.987382,0.15,4.0,auto
1460,388,387,arterial,1,1.0,1,1000.0,30,1.987382,0.15,4.0,auto
1461,388,389,arterial,1,1.0,1,1000.0,30,1.988695,0.15,4.0,auto
1462,389,388,arterial,1,1.0,1,1000.0,30,1.988695,0.15,4.0,auto
1463,389,390,arterial,1,1.0,1,1000.0,30,1.989416,0.15,4.0,auto
1464,390,389,arterial,1,1.0,1,1000.0,30,1.989416,0.15,4.0,auto
1465,391,392,arterial,1,1.0,1,1000.0,30,2.003791,0.15,4.0,auto
1466,392,391,arterial,1,1.0,1,1000.0,30,2.003791,0.15,4.0,auto
1467,392,393,arterial,1,1.0,1,1000.0,30,1.988958,0.15,4.0,auto
1468,393,392,arterial,1,1.0,1,1000.0,30,1.988958,0.15,4.0,auto
1469,393,394,arterial,1,1.0,1,1000.0,30,1.987399,0.15,4.0,auto
1470,394,393,arterial,1,1.0,1,1000.0,30,1.987399,0.15,4.0,auto
1471,394,395,arterial,1,1.0,1,1000.0,30,1.991242,0.15,4.0,auto
1472,395,394,arterial,1,1.0,1,1000.0,30,1.991242,0.15,4.0,auto
1473,395,396,arterial,1,1.0,1,1000.0,30,1.986901,0.15,4.0,auto
1474,396,395,arterial,1,1.0,1,1000.0,30,1.986901,0.15,4.0,auto
1475,396,397,arterial,1,1.0,1,1000.0,30,2.0103,0.15,4.0,auto
1476,397,396,arterial,1,1.0,1,1000.0,30,2.0103,0.15,4.0,auto
1477,397,398,arterial,1,1.0,1,1000.0,30,1.992469,0.15,4.0,auto
1478,398,397,arterial,1,1.0,1,1000.0,30,1.992469,0.15,4.0,auto
1479,398,399,arterial,1,1.0,1,1000.0,30,2.001929,0.15,4.0,auto
1480,399,398,arterial,1,1.0,1,1000.0,30,2.001929,0.15,4.0,auto
1481,399,400,arterial,1,1.0,1,1000.0,30,2.012685,0.15,4.0,auto
1482,400,399,arterial,1,1.0,1,1000.0,30,2.012685,0.15,4.0,auto
1483,190,211,arterial,1,1.4,1,3000.0,30,1.0,0.15,4.0,auto
1484,10001,1,centroid_connector,1,1.0,1,100000.0,30,0.5,0.15,4.0,auto
1485,1,10001,centroid_connector,1,1.0,1,100000.0,30,0.5,0.15,4.0,auto
1486,10002,2,centroid_connector,1,1.0,1,100000.0,30,0.5,0.15,4.0,auto
1487,2,10002,centroid_connector,1,1.0,1,100000.0,30,0.5,0.15,4.0,auto
1488,10003,3,centroid_connector,1,1.0,1,100000.0,30,0.5,0.15,4.0,auto
1489,3,10003,centroid_connector,1,1.0,1,100000.0,30,0.5,0.15,4.0,auto
1490,10004,4,centroid_connector,1,1.0,1,100000.0,30,0.5,0.15,4.0,auto
1491,4,10004,centroid_connector,1,1.0,1,100000.0,30,0.5,0.15,4.0,auto
1492,10005,5,centroid_connector,1,1.0,1,100000.0,30,0.5,0.15,4.0,auto
1493,5,10005,centroid_connector,1,1.0,1,100000.0,30,0.5,0.15,4.0,auto
1494,10006,6,centroid_connector,1,1.0,1,100000.0,30,0.5,0.15,4.0,auto
1495,6,10006,centroid_connector,1,1.0,1,100000.0,30,0.5,0.15,4.0,auto
1496,10007,7,centroid_connector,1,1.0,1,100000.0,30,0.5,0.15,4.0,auto
1497,7,10007,centroid_connector,1,1.0,1,100000.0,30,0.5,0.15,4.0,auto
1498,10008,8,centroid_connector,1,1.0,1,100000.0,30,0.5,0.15,4.0,auto
1499,8,10008,centroid_connector,1,1.0,1,100000.0,30,0.5,0.15,4.0,auto
1500,10009,9,centroid_connector,1,1.0,1,100000.0,30,0.5,0.15,4.0,auto
1501,9,10009,centroid_connector,1,1.0,1,100000.0,30,0.5,0.15,4.0,auto
1502,10010,10,centroid_connector,1,1.0,1,100000.0,30,0.5,0.15,4.0,auto
1503,10,10010,centroid_connector,1,1.0,1,100000.0,30,0.5,0.15,4.0,auto
1504,10011,11,centroid_connector,1,1.0,1,100000.0,30,0.5,0.15,4.0,auto
1505,11,10011,centroid_connector,1,1.0,1,100000.0,30,0.5,0.15,4.0,auto
1506,10012,12,centroid_connector,1,1.0,1,100000.0,30,0.5,0.15,4.0,auto
1507,12,10012,centroid_connector,1,1.0,1,100000.0,30,0.5,0.15,4.0,auto
1508,10013,13,centroid_connector,1,1.0,1,100000.0,30,0.5,0.15,4.0,auto
1509,13,10013,centroid_connector,1,1.0,1,100000.0,30,0.5,0.15,4.0,auto
1510,10014,14,centroid_connector,1,1.0,1,100000.0,30,0.5,0.15,4.0,auto
1511,14,10014,centroid_connector,1,1.0,1,100000.0,30,0.5,0.15,4.0,auto
1512,10015,15,centroid_connector,1,1.0,1,100000.0,30,0.5,0.15,4.0,auto
1513,15,10015,centroid_connector,1,1.0,1,100000.0,30,0.5,0.15,4.0,auto
1514,10016,16,centroid_connector,1,1.0,1,100000.0,30,0.5,0.15,4.0,auto
1515,16,10016,centroid_connector,1,1.0,1,100000.0,30,0.5,0.15,4.0,auto
1516,10017,17,centroid_connector,1,1.0,1,100000.0,30,0.5,0.15,4.0,auto
1517,17,10017,centroid_connector,1,1.0,1,100000.0,30,0.5,0.15,4.0,auto
1518,10018,18,centroid_connector,1,1.0,1,100000.0,30,0.5,0.15,4.0,auto
1519,18,10018,centroid_connector,1,1.0,1,100000.0,30,0.5,0.15,4.0,auto
1520,10019,19,centroid_connector,1,1.0,1,100000.0,30,0.5,0.15,4.0,auto
1521,19,10019,centroid_connector,1,1.0,1,100000.0,30,0.5,0.15,4.0,auto
1522,10020,20,centroid_connector,1,1.0,1,100000.0,30,0.5,0.15,4.0,auto
1523,20,10020,centroid_connector,1,1.0,1,100000.0,30,0.5,0.15,4.0,auto
1524,10021,21,centroid_connector,1,1.0,1,100000.0,30,0.5,0.15,4.0,auto
1525,21,10021,centroid_connector,1,1.0,1,100000.0,30,0.5,0.15,4.0,auto
1526,10022,40,centroid_connector,1,1.0,1,100000.0,30,0.5,0.15,4.0,auto
1527,40,10022,centroid_connector,1,1.0,1,100000.0,30,0.5,0.15,4.0,auto
1528,10023,41,centroid_connector,1,1.0,1,100000.0,30,0.5,0.15,4.0,auto
1529,41,10023,centroid_connector,1,1.0,1,100000.0,30,0.5,0.15,4.0,auto
1530,10024,60,centroid_connector,1,1.0,1,100000.0,30,0.5,0.15,4.0,auto
1531,60,10024,centroid_connector,1,1.0,1,100000.0,30,0.5,0.15,4.0,auto
1532,10025,61,centroid_connector,1,1.0,1,100000.0,30,0.5,0.15,4.0,auto
1533,61,10025,centroid_connector,1,1.0,1,100000.0,30,0.5,0.15,4.0,auto
1534,10026,80,centroid_connector,1,1.0,1,100000.0,30,0.5,0.15,4.0,auto
1535,80,10026,centroid_connector,1,1.0,1,100000.0,30,0.5,0.15,4.0,auto
1536,10027,81,centroid_connector,1,1.0,1,100000.0,30,0.5,0.15,4.0,auto
1537,81,10027,centroid_connector,1,1.0,1,100000.0,30,0.5,0.15,4.0,auto
1538,10028,100,centroid_connector,1,1.0,1,100000.0,30,0.5,0.15,4.0,auto
1539,100,10028,centroid_connector,1,1.0,1,100000.0,30,0.5,0.15,4.0,auto
1540,10029,101,centroid_connector,1,1.0,1,100000.0,30,0.5,0.15,4.0,auto
1541,101,10029,centroid_connector,1,1.0,1,100000.0,30,0.5,0.15,4.0,auto
1542,10030,120,centroid_connector,1,1.0,1,100000.0,30,0.5,0.15,4.0,auto
1543,120,10030,centroid_connector,1,1.0,1,100000.0,30,0.5,0.15,4.0,auto
1544,10031,121,centroid_connector,1,1.0,1,100000.0,30,0.5,0.15,4.0,auto
1545,121,10031,centroid_connector,1,1.0,1,100000.0,30,0.5,0.15,4.0,auto
1546,10032,140,centroid_connector,1,1.0,1,100000.0,30,0.5,0.15,4.0,auto
1547,140,10032,centroid_connector,1,1.0,1,100000.0,30,0.5,0.15,4.0,auto
1548,10033,141,centroid_connector,1,1.0,1,100000.0,30,0.5,0.15,4.0,auto
1549,141,10033,centroid_connector,1,1.0,1,100000.0,30,0.5,0.15,4.0,auto
1550,10034,160,centroid_connector,1,1.0,1,100000.0,30,0.5,0.15,4.0,auto
1551,160,10034,centroid_connector,1,1.0,1,100000.0,30,0.5,0.15,4.0,auto
1552,10035,161,centroid_connector,1,1.0,1,100000.0,30,0.5,0.15,4.0,auto
1553,161,10035,centroid_connector,1,1.0,1,100000.0,30,0.5,0.15,4.0,auto
1554,10036,180,centroid_connector,1,1.0,1,100000.0,30,0.5,0.15,4.0,auto
1555,180,10036,centroid_connector,1,1.0,1,100000.0,30,0.5,0.15,4.0,auto
1556,10037,181,centroid_connector,1,1.0,1,100000.0,30,0.5,0.15,4.0,auto
1557,181,10037,centroid_connector,1,1.0,1,100000.0,30,0.5,0.15,4.0,auto
1558,10038,200,centroid_connector,1,1.0,1,100000.0,30,0.5,0.15,4.0,auto
1559,200,10038,centroid_connector,1,1.0,1,100000.0,30,0.5,0.15,4.0,auto
1560,10039,201,centroid_connector,1,1.0,1,100000.0,30,0.5,0.15,4.0,auto
1561,201,10039,centroid_connector,1,1.0,1,100000.0,30,0.5,0.15,4.0,auto
1562,10040,220,centroid_connector,1,1.0,1,100000.0,30,0.5,0.15,4.0,auto
1563,220,10040,centroid_connector,1,1.0,1,100000.0,30,0.5,0.15,4.0,auto
1564,10041,221,centroid_connector,1,1.0,1,100000.0,30,0.5,0.15,4.0,auto
1565,221,10041,centroid_connector,1,1.0,1,100000.0,30,0.5,0.15,4.0,auto
1566,10042,240,centroid_connector,1,1.0,1,100000.0,30,0.5,0.15,4.0,auto
1567,240,10042,centroid_connector,1,1.0,1,100000.0,30,0.5,0.15,4.0,auto
1568,10043,241,centroid_connector,1,1.0,1,100000.0,30,0.5,0.15,4.0,auto
1569,241,10043,centroid_connector,1,1.0,1,100000.0,30,0.5,0.15,4.0,auto
1570,10044,260,centroid_connector,1,1.0,1,100000.0,30,0.5,0.15,4.0,auto
1571,260,10044,centroid_connector,1,1.0,1,100000.0,30,0.5,0.15,4.0,auto
1572,10045,261,centroid_connector,1,1.0,1,100000.0,30,0.5,0.15,4.0,auto
1573,261,10045,centroid_connector,1,1.0,1,100000.0,30,0.5,0.15,4.0,auto
1574,10046,280,centroid_connector,1,1.0,1,100000.0,30,0.5,0.15,4.0,auto
1575,280,10046,centroid_connector,1,1.0,1,100000.0,30,0.5,0.15,4.0,auto
1576,10047,281,centroid_connector,1,1.0,1,100000.0,30,0.5,0.15,4.0,auto
1577,281,10047,centroid_connector,1,1.0,1,100000.0,30,0.5,0.15,4.0,auto
1578,10048,300,centroid_connector,1,1.0,1,100000.0,30,0.5,0.15,4.0,auto
1579,300,10048,centroid_connector,1,1.0,1,100000.0,30,0.5,0.15,4.0,auto
1580,10049,301,centroid_connector,1,1.0,1,100000.0,30,0.5,0.15,4.0,auto
1581,301,10049,centroid_connector,1,1.0,1,100000.0,30,0.5,0.15,4.0,auto
1582,10050,320,centroid_connector,1,1.0,1,100000.0,30,0.5,0.15,4.0,auto
1583,320,10050,centroid_connector,1,1.0,1,100000.0,30,0.5,0.15,4.0,auto
1584,10051,321,centroid_connector,1,1.0,1,100000.0,30,0.5,0.15,4.0,auto
1585,321,10051,centroid_connector,1,1.0,1,100000.0,30,0.5,0.15,4.0,auto
1586,10052,340,centroid_connector,1,1.0,1,100000.0,30,0.5,0.15,4.0,auto
1587,340,10052,centroid_connector,1,1.0,1,100000.0,30,0.5,0.15,4.0,auto
1588,10053,341,centroid_connector,1,1.0,1,100000.0,30,0.5,0.15,4.0,auto
1589,341,10053,centroid_connector,1,1.0,1,100000.0,30,0.5,0.15,4.0,auto
1590,10054,360,centroid_connector,1,1.0,1,100000.0,30,0.5,0.15,4.0,auto
1591,360,10054,centroid_connector,1,1.0,1,100000.0,30,0.5,0.15,4.0,auto
1592,10055,361,centroid_connector,1,1.0,1,100000.0,30,0.5,0.15,4.0,auto
1593,361,10055,centroid_connector,1,1.0,1,100000.0,30,0.5,0.15,4.0,auto
1594,10056,380,centroid_connector,1,1.0,1,100000.0,30,0.5,0.15,4.0,auto
1595,380,10056,centroid_connector,1,1.0,1,100000.0,30,0.5,0.15,4.0,auto
1596,10057,381,centroid_connector,1,1.0,1,100000.0,30,0.5,0.15,4.0,auto
1597,381,10057,centroid_connector,1,1.0,1,100000.0,30,0.5,0.15,4.0,auto
1598,10058,382,centroid_connector,1,1.0,1,100000.0,30,0.5,0.15,4.0,auto
1599,382,10058,centroid_connector,1,1.0,1,100000.0,30,0.5,0.15,4.0,auto
1600,10059,383,centroid_connector,1,1.0,1,100000.0,30,0.5,0.15,4.0,auto
1601,383,10059,centroid_connector,1,1.0,1,100000.0,30,0.5,0.15,4.0,auto
1602,10060,384,centroid_connector,1,1.0,1,100000.0,30,0.5,0.15,4.0,auto
1603,384,10060,centroid_connector,1,1.0,1,100000.0,30,0.5,0.15,4.0,auto
1604,10061,385,centroid_connector,1,1.0,1,100000.0,30,0.5,0.15,4.0,auto
1605,385,10061,centroid_connector,1,1.0,1,100000.0,30,0.5,0.15,4.0,auto
1606,10062,386,centroid_connector,1,1.0,1,100000.0,30,0.5,0.15,4.0,auto
1607,386,10062,centroid_connector,1,1.0,1,100000.0,30,0.5,0.15,4.0,auto
1608,10063,387,centroid_connector,1,1.0,1,100000.0,30,0.5,0.15,4.0,auto
1609,387,10063,centroid_connector,1,1.0,1,100000.0,30,0.5,0.15,4.0,auto
1610,10064,388,centroid_connector,1,1.0,1,100000.0,30,0.5,0.15,4.0,auto
1611,388,10064,centroid_connector,1,1.0,1,100000.0,30,0.5,0.15,4.0,auto
1612,10065,389,centroid_connector,1,1.0,1,100000.0,30,0.5,0.15,4.0,auto
1613,389,10065,centroid_connector,1,1.0,1,100000.0,30,0.5,0.15,4.0,auto
1614,10066,390,centroid_connector,1,1.0,1,100000.0,30,0.5,0.15,4.0,auto
1615,390,10066,centroid_connector,1,1.0,1,100000.0,30,0.5,0.15,4.0,auto
1616,10067,391,centroid_connector,1,1.0,1,100000.0,30,0.5,0.15,4.0,auto
1617,391,10067,centroid_connector,1,1.0,1,100000.0,30,0.5,0.15,4.0,auto
1618,10068,392,centroid_connector,1,1.0,1,100000.0,30,0.5,0.15,4.0,auto
1619,392,10068,centroid_connector,1,1.0,1,100000.0,30,0.5,0.15,4.0,auto
1620,10069,393,centroid_connector,1,1.0,1,100000.0,30,0.5,0.15,4.0,auto
1621,393,10069,centroid_connector,1,1.0,1,100000.0,30,0.5,0.15,4.0,auto
1622,10070,394,centroid_connector,1,1.0,1,100000.0,30,0.5,0.15,4.0,auto
1623,394,10070,centroid_connector,1,1.0,1,100000.0,30,0.5,0.15,4.0,auto
1624,10071,395,centroid_connector,1,1.0,1,100000.0,30,0.5,0.15,4.0,auto
1625,395,10071,centroid_connector,1,1.0,1,100000.0,30,0.5,0.15,4.0,auto
1626,10072,396,centroid_connector,1,1.0,1,100000.0,30,0.5,0.15,4.0,auto
1627,396,10072,centroid_connector,1,1.0,1,100000.0,30,0.5,0.15,4.0,auto
1628,10073,397,centroid_connector,1,1.0,1,100000.0,30,0.5,0.15,4.0,auto
1629,397,10073,centroid_connector,1,1.0,1,100000.0,30,0.5,0.15,4.0,auto
1630,10074,398,centroid_connector,1,1.0,1,100000.0,30,0.5,0.15,4.0,auto
1631,398,10074,centroid_connector,1,1.0,1,100000.0,30,0.5,0.15,4.0,auto
1632,10075,399,centroid_connector,1,1.0,1,100000.0,30,0.5,0.15,4.0,auto
1633,399,10075,centroid_connector,1,1.0,1,100000.0,30,0.5,0.15,4.0,auto
1634,10076,400,centroid_connector,1,1.0,1,100000.0,30,0.5,0.15,4.0,auto
1635,400,10076,centroid_connector,1,1.0,1,100000.0,30,0.5,0.15,4.0,auto
